algo,grid,seed,episode,global_step,episode_return,episode_length,success,epsilon,mean_loss
DQN,A1_grid,0,1,40,-61.0,40,1,0.9997,
DQN,A1_grid,0,2,208,-369.0,168,1,0.9982,
DQN,A1_grid,0,3,408,-428.0,200,0,0.9965,
DQN,A1_grid,0,4,608,-444.0,200,0,0.9948,
DQN,A1_grid,0,5,808,-444.0,200,0,0.9931,
DQN,A1_grid,0,6,1008,-456.0,200,0,0.9915,1.435715
DQN,A1_grid,0,7,1208,-480.0,200,0,0.9898,0.830019
DQN,A1_grid,0,8,1408,-448.0,200,0,0.9881,0.602562
DQN,A1_grid,0,9,1608,-460.0,200,0,0.9864,0.529121
DQN,A1_grid,0,10,1728,-313.0,120,1,0.9853,0.482504
DQN,A1_grid,0,11,1928,-472.0,200,0,0.9836,0.447806
DQN,A1_grid,0,12,2128,-508.0,200,0,0.9819,0.382768
DQN,A1_grid,0,13,2328,-420.0,200,0,0.9803,0.310676
DQN,A1_grid,0,14,2528,-460.0,200,0,0.9786,0.274595
DQN,A1_grid,0,15,2728,-448.0,200,0,0.9769,0.241203
DQN,A1_grid,0,16,2928,-408.0,200,0,0.9752,0.214344
DQN,A1_grid,0,17,2929,10.0,1,1,0.9752,0.398323
DQN,A1_grid,0,18,3129,-360.0,200,0,0.9735,0.188571
DQN,A1_grid,0,19,3329,-512.0,200,0,0.9718,0.153742
DQN,A1_grid,0,20,3529,-396.0,200,0,0.9701,0.137854
DQN,A1_grid,0,21,3729,-532.0,200,0,0.9684,0.11841
DQN,A1_grid,0,22,3929,-396.0,200,0,0.9667,0.094338
DQN,A1_grid,0,23,4129,-396.0,200,0,0.965,0.084627
DQN,A1_grid,0,24,4180,-96.0,51,1,0.9645,0.059718
DQN,A1_grid,0,25,4380,-420.0,200,0,0.9628,0.059736
DQN,A1_grid,0,26,4580,-388.0,200,0,0.9612,0.064071
DQN,A1_grid,0,27,4780,-472.0,200,0,0.9595,0.055998
DQN,A1_grid,0,28,4904,-265.0,124,1,0.9584,0.040202
DQN,A1_grid,0,29,5068,-325.0,164,1,0.957,0.048847
DQN,A1_grid,0,30,5268,-436.0,200,0,0.9553,0.044967
DQN,A1_grid,0,31,5289,-38.0,21,1,0.9551,0.060657
DQN,A1_grid,0,32,5489,-392.0,200,0,0.9534,0.038344
DQN,A1_grid,0,33,5689,-388.0,200,0,0.9517,0.05672
DQN,A1_grid,0,34,5889,-520.0,200,0,0.95,0.034241
DQN,A1_grid,0,35,6089,-352.0,200,0,0.9484,0.043525
DQN,A1_grid,0,36,6289,-436.0,200,0,0.9467,0.04565
DQN,A1_grid,0,37,6489,-416.0,200,0,0.945,0.035676
DQN,A1_grid,0,38,6689,-356.0,200,0,0.9433,0.051996
DQN,A1_grid,0,39,6889,-444.0,200,0,0.9416,0.028964
DQN,A1_grid,0,40,7089,-452.0,200,0,0.9399,0.046249
DQN,A1_grid,0,41,7289,-388.0,200,0,0.9382,0.036307
DQN,A1_grid,0,42,7489,-396.0,200,0,0.9365,0.02835
DQN,A1_grid,0,43,7689,-376.0,200,0,0.9348,0.047613
DQN,A1_grid,0,44,7889,-464.0,200,0,0.9331,0.034388
DQN,A1_grid,0,45,8089,-416.0,200,0,0.9314,0.04483
DQN,A1_grid,0,46,8289,-500.0,200,0,0.9297,0.027797
DQN,A1_grid,0,47,8489,-432.0,200,0,0.928,0.031085
DQN,A1_grid,0,48,8689,-420.0,200,0,0.9263,0.039619
DQN,A1_grid,0,49,8889,-372.0,200,0,0.9246,0.019289
DQN,A1_grid,0,50,9089,-468.0,200,0,0.9229,0.035165
DQN,A1_grid,0,51,9181,-173.0,92,1,0.9221,0.034809
DQN,A1_grid,0,52,9381,-528.0,200,0,0.9204,0.023663
DQN,A1_grid,0,53,9581,-384.0,200,0,0.9187,0.041802
DQN,A1_grid,0,54,9781,-548.0,200,0,0.917,0.031091
DQN,A1_grid,0,55,9897,-277.0,116,1,0.9161,0.013611
DQN,A1_grid,0,56,10097,-464.0,200,0,0.9144,0.037948
DQN,A1_grid,0,57,10297,-452.0,200,0,0.9127,0.022941
DQN,A1_grid,0,58,10497,-472.0,200,0,0.911,0.033803
DQN,A1_grid,0,59,10697,-476.0,200,0,0.9093,0.05074
DQN,A1_grid,0,60,10897,-368.0,200,0,0.9076,0.027228
DQN,A1_grid,0,61,10915,-27.0,18,1,0.9074,0.027321
DQN,A1_grid,0,62,11115,-428.0,200,0,0.9057,0.03962
DQN,A1_grid,0,63,11315,-464.0,200,0,0.904,0.02582
DQN,A1_grid,0,64,11515,-404.0,200,0,0.9023,0.032627
DQN,A1_grid,0,65,11715,-472.0,200,0,0.9006,0.030799
DQN,A1_grid,0,66,11915,-468.0,200,0,0.8989,0.02612
DQN,A1_grid,0,67,12115,-452.0,200,0,0.8972,0.030928
DQN,A1_grid,0,68,12315,-392.0,200,0,0.8955,0.05646
DQN,A1_grid,0,69,12515,-388.0,200,0,0.8938,0.040746
DQN,A1_grid,0,70,12715,-472.0,200,0,0.8921,0.017012
DQN,A1_grid,0,71,12915,-444.0,200,0,0.8905,0.044873
DQN,A1_grid,0,72,13115,-416.0,200,0,0.8888,0.041674
DQN,A1_grid,0,73,13296,-394.0,181,1,0.8872,0.019065
DQN,A1_grid,0,74,13496,-408.0,200,0,0.8855,0.030495
DQN,A1_grid,0,75,13594,-207.0,98,1,0.8847,0.068702
DQN,A1_grid,0,76,13794,-444.0,200,0,0.883,0.039213
DQN,A1_grid,0,77,13994,-380.0,200,0,0.8813,0.041603
DQN,A1_grid,0,78,14194,-408.0,200,0,0.8796,0.048961
DQN,A1_grid,0,79,14394,-396.0,200,0,0.8779,0.015074
DQN,A1_grid,0,80,14594,-360.0,200,0,0.8762,0.031977
DQN,A1_grid,0,81,14794,-392.0,200,0,0.8745,0.029226
DQN,A1_grid,0,82,14994,-420.0,200,0,0.8728,0.03188
DQN,A1_grid,0,83,15194,-396.0,200,0,0.8711,0.04317
DQN,A1_grid,0,84,15394,-408.0,200,0,0.8694,0.024222
DQN,A1_grid,0,85,15594,-392.0,200,0,0.8677,0.041235
DQN,A1_grid,0,86,15794,-420.0,200,0,0.866,0.0274
DQN,A1_grid,0,87,15811,-30.0,17,1,0.8659,0.001455
DQN,A1_grid,0,88,16011,-392.0,200,0,0.8642,0.036939
DQN,A1_grid,0,89,16169,-319.0,158,1,0.8629,0.037894
DQN,A1_grid,0,90,16369,-408.0,200,0,0.8612,0.030569
DQN,A1_grid,0,91,16569,-400.0,200,0,0.8595,0.049523
DQN,A1_grid,0,92,16769,-572.0,200,0,0.8578,0.037319
DQN,A1_grid,0,93,16969,-380.0,200,0,0.8561,0.03141
DQN,A1_grid,0,94,17169,-448.0,200,0,0.8544,0.05142
DQN,A1_grid,0,95,17369,-380.0,200,0,0.8527,0.019623
DQN,A1_grid,0,96,17569,-512.0,200,0,0.851,0.046858
DQN,A1_grid,0,97,17769,-424.0,200,0,0.8493,0.020291
DQN,A1_grid,0,98,17969,-424.0,200,0,0.8476,0.032528
DQN,A1_grid,0,99,18169,-392.0,200,0,0.8459,0.038023
DQN,A1_grid,0,100,18369,-372.0,200,0,0.8442,0.036009
DQN,A1_grid,0,101,18569,-420.0,200,0,0.8425,0.039683
DQN,A1_grid,0,102,18769,-372.0,200,0,0.8408,0.024013
DQN,A1_grid,0,103,18969,-396.0,200,0,0.8391,0.04622
DQN,A1_grid,0,104,19169,-416.0,200,0,0.8374,0.045755
DQN,A1_grid,0,105,19369,-364.0,200,0,0.8357,0.037042
DQN,A1_grid,0,106,19569,-388.0,200,0,0.834,0.034791
DQN,A1_grid,0,107,19769,-408.0,200,0,0.8323,0.038669
DQN,A1_grid,0,108,19969,-420.0,200,0,0.8306,0.024857
DQN,A1_grid,0,109,20169,-344.0,200,0,0.8289,0.052716
DQN,A1_grid,0,110,20369,-348.0,200,0,0.8272,0.025022
DQN,A1_grid,0,111,20569,-528.0,200,0,0.8255,0.040177
DQN,A1_grid,0,112,20769,-400.0,200,0,0.8238,0.021706
DQN,A1_grid,0,113,20925,-329.0,156,1,0.8225,0.031653
DQN,A1_grid,0,114,21125,-384.0,200,0,0.8208,0.049527
DQN,A1_grid,0,115,21325,-500.0,200,0,0.8191,0.03949
DQN,A1_grid,0,116,21525,-428.0,200,0,0.8174,0.054833
DQN,A1_grid,0,117,21725,-576.0,200,0,0.8157,0.048726
DQN,A1_grid,0,118,21925,-404.0,200,0,0.814,0.039685
DQN,A1_grid,0,119,22125,-424.0,200,0,0.8123,0.047726
DQN,A1_grid,0,120,22325,-332.0,200,0,0.8106,0.026561
DQN,A1_grid,0,121,22525,-392.0,200,0,0.8089,0.039934
DQN,A1_grid,0,122,22725,-412.0,200,0,0.8072,0.027144
DQN,A1_grid,0,123,22925,-564.0,200,0,0.8055,0.015541
DQN,A1_grid,0,124,23125,-428.0,200,0,0.8039,0.041235
DQN,A1_grid,0,125,23251,-207.0,126,1,0.8028,0.036365
DQN,A1_grid,0,126,23451,-364.0,200,0,0.8011,0.030409
DQN,A1_grid,0,127,23651,-424.0,200,0,0.7994,0.042554
DQN,A1_grid,0,128,23851,-488.0,200,0,0.7977,0.019926
DQN,A1_grid,0,129,24051,-484.0,200,0,0.796,0.045548
DQN,A1_grid,0,130,24251,-392.0,200,0,0.7943,0.027785
DQN,A1_grid,0,131,24451,-508.0,200,0,0.7926,0.019989
DQN,A1_grid,0,132,24645,-383.0,194,1,0.791,0.037732
DQN,A1_grid,0,133,24845,-436.0,200,0,0.7893,0.043832
DQN,A1_grid,0,134,25045,-328.0,200,0,0.7876,0.045212
DQN,A1_grid,0,135,25245,-496.0,200,0,0.7859,0.032663
DQN,A1_grid,0,136,25445,-412.0,200,0,0.7842,0.031828
DQN,A1_grid,0,137,25645,-332.0,200,0,0.7825,0.047939
DQN,A1_grid,0,138,25845,-392.0,200,0,0.7808,0.028519
DQN,A1_grid,0,139,25956,-196.0,111,1,0.7798,0.022295
DQN,A1_grid,0,140,26156,-360.0,200,0,0.7781,0.049349
DQN,A1_grid,0,141,26332,-317.0,176,1,0.7766,0.019315
DQN,A1_grid,0,142,26532,-436.0,200,0,0.775,0.047415
DQN,A1_grid,0,143,26732,-388.0,200,0,0.7733,0.025957
DQN,A1_grid,0,144,26932,-352.0,200,0,0.7716,0.041456
DQN,A1_grid,0,145,27036,-173.0,104,1,0.7707,0.050832
DQN,A1_grid,0,146,27236,-296.0,200,0,0.769,0.042189
DQN,A1_grid,0,147,27436,-424.0,200,0,0.7673,0.049469
DQN,A1_grid,0,148,27498,-115.0,62,1,0.7668,0.066458
DQN,A1_grid,0,149,27698,-360.0,200,0,0.7651,0.032057
DQN,A1_grid,0,150,27898,-392.0,200,0,0.7634,0.038149
DQN,A1_grid,0,151,28098,-384.0,200,0,0.7617,0.045763
DQN,A1_grid,0,152,28298,-380.0,200,0,0.76,0.042538
DQN,A1_grid,0,153,28498,-408.0,200,0,0.7583,0.034139
DQN,A1_grid,0,154,28698,-436.0,200,0,0.7566,0.04254
DQN,A1_grid,0,155,28898,-400.0,200,0,0.7549,0.046509
DQN,A1_grid,0,156,29098,-472.0,200,0,0.7532,0.060677
DQN,A1_grid,0,157,29298,-360.0,200,0,0.7515,0.018141
DQN,A1_grid,0,158,29498,-360.0,200,0,0.7498,0.05605
DQN,A1_grid,0,159,29596,-183.0,98,1,0.749,0.026081
DQN,A1_grid,0,160,29796,-364.0,200,0,0.7473,0.035445
DQN,A1_grid,0,161,29996,-392.0,200,0,0.7456,0.039558
DQN,A1_grid,0,162,30196,-516.0,200,0,0.7439,0.042443
DQN,A1_grid,0,163,30396,-352.0,200,0,0.7422,0.053383
DQN,A1_grid,0,164,30596,-464.0,200,0,0.7405,0.030356
DQN,A1_grid,0,165,30796,-372.0,200,0,0.7388,0.04016
DQN,A1_grid,0,166,30996,-372.0,200,0,0.7371,0.044545
DQN,A1_grid,0,167,31196,-428.0,200,0,0.7354,0.060471
DQN,A1_grid,0,168,31396,-436.0,200,0,0.7337,0.027547
DQN,A1_grid,0,169,31596,-332.0,200,0,0.732,0.029243
DQN,A1_grid,0,170,31796,-348.0,200,0,0.7303,0.04982
DQN,A1_grid,0,171,31996,-368.0,200,0,0.7286,0.010192
DQN,A1_grid,0,172,32196,-392.0,200,0,0.7269,0.051334
DQN,A1_grid,0,173,32396,-348.0,200,0,0.7252,0.032131
DQN,A1_grid,0,174,32434,-67.0,38,1,0.7249,0.071158
DQN,A1_grid,0,175,32626,-353.0,192,1,0.7233,0.059719
DQN,A1_grid,0,176,32826,-360.0,200,0,0.7216,0.037069
DQN,A1_grid,0,177,33026,-364.0,200,0,0.7199,0.04206
DQN,A1_grid,0,178,33226,-364.0,200,0,0.7182,0.048011
DQN,A1_grid,0,179,33426,-376.0,200,0,0.7165,0.032768
DQN,A1_grid,0,180,33626,-368.0,200,0,0.7148,0.036298
DQN,A1_grid,0,181,33826,-356.0,200,0,0.7131,0.047117
DQN,A1_grid,0,182,33833,4.0,7,1,0.713,0.001181
DQN,A1_grid,0,183,34033,-324.0,200,0,0.7113,0.033823
DQN,A1_grid,0,184,34233,-416.0,200,0,0.7096,0.04777
DQN,A1_grid,0,185,34433,-344.0,200,0,0.7079,0.03798
DQN,A1_grid,0,186,34633,-372.0,200,0,0.7062,0.064158
DQN,A1_grid,0,187,34833,-344.0,200,0,0.7045,0.052526
DQN,A1_grid,0,188,35033,-352.0,200,0,0.7028,0.036135
DQN,A1_grid,0,189,35233,-396.0,200,0,0.7011,0.031269
DQN,A1_grid,0,190,35433,-352.0,200,0,0.6995,0.029537
DQN,A1_grid,0,191,35633,-484.0,200,0,0.6978,0.060771
DQN,A1_grid,0,192,35719,-151.0,86,1,0.697,0.023214
DQN,A1_grid,0,193,35819,-169.0,100,1,0.6962,0.038654
DQN,A1_grid,0,194,36019,-380.0,200,0,0.6945,0.052849
DQN,A1_grid,0,195,36219,-332.0,200,0,0.6928,0.060266
DQN,A1_grid,0,196,36286,-140.0,67,1,0.6922,0.071691
DQN,A1_grid,0,197,36486,-328.0,200,0,0.6905,0.058683
DQN,A1_grid,0,198,36686,-352.0,200,0,0.6888,0.057622
DQN,A1_grid,0,199,36886,-368.0,200,0,0.6871,0.05821
DQN,A1_grid,0,200,37086,-404.0,200,0,0.6854,0.046351
DQN,A1_grid,0,201,37286,-460.0,200,0,0.6837,0.058988
DQN,A1_grid,0,202,37486,-356.0,200,0,0.682,0.040236
DQN,A1_grid,0,203,37686,-328.0,200,0,0.6803,0.050049
DQN,A1_grid,0,204,37886,-340.0,200,0,0.6786,0.079551
DQN,A1_grid,0,205,38086,-416.0,200,0,0.6769,0.06367
DQN,A1_grid,0,206,38286,-416.0,200,0,0.6753,0.05916
DQN,A1_grid,0,207,38486,-324.0,200,0,0.6736,0.05969
DQN,A1_grid,0,208,38686,-360.0,200,0,0.6719,0.061915
DQN,A1_grid,0,209,38886,-376.0,200,0,0.6702,0.046043
DQN,A1_grid,0,210,39046,-321.0,160,1,0.6688,0.086507
DQN,A1_grid,0,211,39246,-324.0,200,0,0.6671,0.071329
DQN,A1_grid,0,212,39446,-320.0,200,0,0.6654,0.036204
DQN,A1_grid,0,213,39646,-332.0,200,0,0.6637,0.043085
DQN,A1_grid,0,214,39846,-420.0,200,0,0.662,0.051487
DQN,A1_grid,0,215,40046,-348.0,200,0,0.6603,0.080365
DQN,A1_grid,0,216,40089,-56.0,43,1,0.66,0.07008
DQN,A1_grid,0,217,40289,-412.0,200,0,0.6583,0.032436
DQN,A1_grid,0,218,40429,-253.0,140,1,0.6571,0.072857
DQN,A1_grid,0,219,40629,-364.0,200,0,0.6554,0.060128
DQN,A1_grid,0,220,40829,-352.0,200,0,0.6537,0.047575
DQN,A1_grid,0,221,41029,-356.0,200,0,0.652,0.042036
DQN,A1_grid,0,222,41229,-372.0,200,0,0.6503,0.069729
DQN,A1_grid,0,223,41429,-332.0,200,0,0.6486,0.037183
DQN,A1_grid,0,224,41629,-340.0,200,0,0.6469,0.038857
DQN,A1_grid,0,225,41782,-238.0,153,1,0.6456,0.028317
DQN,A1_grid,0,226,41982,-340.0,200,0,0.6439,0.057102
DQN,A1_grid,0,227,42182,-360.0,200,0,0.6422,0.071405
DQN,A1_grid,0,228,42382,-312.0,200,0,0.6405,0.084794
DQN,A1_grid,0,229,42475,-142.0,93,1,0.6397,0.07952
DQN,A1_grid,0,230,42640,-302.0,165,1,0.6383,0.081622
DQN,A1_grid,0,231,42840,-377.0,200,1,0.6366,0.06381
DQN,A1_grid,0,232,42987,-204.0,147,1,0.6354,0.03766
DQN,A1_grid,0,233,43187,-412.0,200,0,0.6337,0.093974
DQN,A1_grid,0,234,43298,-204.0,111,1,0.6327,0.093905
DQN,A1_grid,0,235,43498,-304.0,200,0,0.631,0.125166
DQN,A1_grid,0,236,43698,-400.0,200,0,0.6293,0.034277
DQN,A1_grid,0,237,43898,-388.0,200,0,0.6277,0.04474
DQN,A1_grid,0,238,43927,-26.0,29,1,0.6274,0.112553
DQN,A1_grid,0,239,44127,-344.0,200,0,0.6257,0.085849
DQN,A1_grid,0,240,44327,-368.0,200,0,0.624,0.075756
DQN,A1_grid,0,241,44527,-368.0,200,0,0.6223,0.068923
DQN,A1_grid,0,242,44727,-328.0,200,0,0.6206,0.06186
DQN,A1_grid,0,243,44927,-324.0,200,0,0.6189,0.060677
DQN,A1_grid,0,244,45041,-155.0,114,1,0.618,0.073334
DQN,A1_grid,0,245,45197,-229.0,156,1,0.6166,0.045439
DQN,A1_grid,0,246,45222,-34.0,25,1,0.6164,0.127164
DQN,A1_grid,0,247,45422,-396.0,200,0,0.6147,0.07555
DQN,A1_grid,0,248,45622,-316.0,200,0,0.613,0.080604
DQN,A1_grid,0,249,45633,-8.0,11,1,0.6129,0.006817
DQN,A1_grid,0,250,45733,-141.0,100,1,0.6121,0.070234
DQN,A1_grid,0,251,45839,-163.0,106,1,0.6112,0.082972
DQN,A1_grid,0,252,45936,-150.0,97,1,0.6104,0.036674
DQN,A1_grid,0,253,45998,-107.0,62,1,0.6098,0.105555
DQN,A1_grid,0,254,46198,-400.0,200,0,0.6081,0.065709
DQN,A1_grid,0,255,46398,-328.0,200,0,0.6064,0.05175
DQN,A1_grid,0,256,46598,-336.0,200,0,0.6047,0.050863
DQN,A1_grid,0,257,46798,-368.0,200,0,0.6031,0.074228
DQN,A1_grid,0,258,46998,-332.0,200,0,0.6014,0.078127
DQN,A1_grid,0,259,47018,-29.0,20,1,0.6012,0.088995
DQN,A1_grid,0,260,47218,-364.0,200,0,0.5995,0.102886
DQN,A1_grid,0,261,47418,-416.0,200,0,0.5978,0.107312
DQN,A1_grid,0,262,47618,-356.0,200,0,0.5961,0.08311
DQN,A1_grid,0,263,47818,-360.0,200,0,0.5944,0.073425
DQN,A1_grid,0,264,48018,-268.0,200,0,0.5927,0.092122
DQN,A1_grid,0,265,48021,8.0,3,1,0.5927,0.030576
DQN,A1_grid,0,266,48132,-204.0,111,1,0.5917,0.048191
DQN,A1_grid,0,267,48245,-198.0,113,1,0.5908,0.074453
DQN,A1_grid,0,268,48445,-380.0,200,0,0.5891,0.050817
DQN,A1_grid,0,269,48626,-310.0,181,1,0.5875,0.098199
DQN,A1_grid,0,270,48826,-272.0,200,0,0.5859,0.062958
DQN,A1_grid,0,271,49026,-420.0,200,0,0.5842,0.111417
DQN,A1_grid,0,272,49033,0.0,7,1,0.5841,0.200443
DQN,A1_grid,0,273,49233,-356.0,200,0,0.5824,0.137969
DQN,A1_grid,0,274,49433,-448.0,200,0,0.5807,0.065494
DQN,A1_grid,0,275,49633,-356.0,200,0,0.579,0.104262
DQN,A1_grid,0,276,49833,-380.0,200,0,0.5773,0.062092
DQN,A1_grid,0,277,49837,7.0,4,1,0.5773,0.020929
DQN,A1_grid,0,278,50037,-392.0,200,0,0.5756,0.101968
DQN,A1_grid,0,279,50078,-86.0,41,1,0.5752,0.118286
DQN,A1_grid,0,280,50139,-82.0,61,1,0.5747,0.085508
DQN,A1_grid,0,281,50322,-276.0,183,1,0.5732,0.107269
DQN,A1_grid,0,282,50522,-336.0,200,0,0.5715,0.081358
DQN,A1_grid,0,283,50722,-308.0,200,0,0.5698,0.128183
DQN,A1_grid,0,284,50922,-396.0,200,0,0.5681,0.10033
DQN,A1_grid,0,285,50950,-21.0,28,1,0.5678,0.121313
DQN,A1_grid,0,286,50958,-5.0,8,1,0.5678,0.164446
DQN,A1_grid,0,287,50990,-65.0,32,1,0.5675,0.128015
DQN,A1_grid,0,288,51190,-356.0,200,0,0.5658,0.101005
DQN,A1_grid,0,289,51390,-312.0,200,0,0.5641,0.087152
DQN,A1_grid,0,290,51406,-29.0,16,1,0.564,0.10656
DQN,A1_grid,0,291,51448,-67.0,42,1,0.5636,0.098401
DQN,A1_grid,0,292,51455,4.0,7,1,0.5636,0.172463
DQN,A1_grid,0,293,51468,-10.0,13,1,0.5634,0.252596
DQN,A1_grid,0,294,51509,-62.0,41,1,0.5631,0.076467
DQN,A1_grid,0,295,51709,-336.0,200,0,0.5614,0.133884
DQN,A1_grid,0,296,51909,-404.0,200,0,0.5597,0.119953
DQN,A1_grid,0,297,51938,-50.0,29,1,0.5595,0.199974
DQN,A1_grid,0,298,51967,-50.0,29,1,0.5592,0.127125
DQN,A1_grid,0,299,51986,-28.0,19,1,0.559,0.092608
DQN,A1_grid,0,300,51991,2.0,5,1,0.559,0.259101
DQN,A1_grid,0,301,52021,-31.0,30,1,0.5588,0.125791
DQN,A1_grid,0,302,52047,-23.0,26,1,0.5585,0.235126
DQN,A1_grid,0,303,52088,-46.0,41,1,0.5582,0.224487
DQN,A1_grid,0,304,52250,-259.0,162,1,0.5568,0.140618
DQN,A1_grid,0,305,52287,-54.0,37,1,0.5565,0.156579
DQN,A1_grid,0,306,52487,-272.0,200,0,0.5548,0.159402
DQN,A1_grid,0,307,52514,-32.0,27,1,0.5546,0.229682
DQN,A1_grid,0,308,52636,-187.0,122,1,0.5535,0.194277
DQN,A1_grid,0,309,52836,-316.0,200,0,0.5518,0.12864
DQN,A1_grid,0,310,52929,-146.0,93,1,0.551,0.163363
DQN,A1_grid,0,311,52957,-33.0,28,1,0.5508,0.153536
DQN,A1_grid,0,312,53157,-372.0,200,0,0.5491,0.221686
DQN,A1_grid,0,313,53164,-4.0,7,1,0.5491,0.10794
DQN,A1_grid,0,314,53175,-8.0,11,1,0.549,0.105232
DQN,A1_grid,0,315,53196,-18.0,21,1,0.5488,0.118383
DQN,A1_grid,0,316,53396,-300.0,200,0,0.5471,0.205379
DQN,A1_grid,0,317,53412,-9.0,16,1,0.547,0.261773
DQN,A1_grid,0,318,53466,-91.0,54,1,0.5465,0.186199
DQN,A1_grid,0,319,53515,-74.0,49,1,0.5461,0.202565
DQN,A1_grid,0,320,53703,-289.0,188,1,0.5445,0.202875
DQN,A1_grid,0,321,53903,-308.0,200,0,0.5428,0.231083
DQN,A1_grid,0,322,54103,-384.0,200,0,0.5411,0.242923
DQN,A1_grid,0,323,54303,-268.0,200,0,0.5394,0.28677
DQN,A1_grid,0,324,54503,-300.0,200,0,0.5377,0.241941
DQN,A1_grid,0,325,54703,-300.0,200,0,0.536,0.272438
DQN,A1_grid,0,326,54903,-264.0,200,0,0.5343,0.2548
DQN,A1_grid,0,327,55103,-288.0,200,0,0.5326,0.258648
DQN,A1_grid,0,328,55303,-392.0,200,0,0.5309,0.299369
DQN,A1_grid,0,329,55503,-384.0,200,0,0.5292,0.290032
DQN,A1_grid,0,330,55509,-3.0,6,1,0.5292,0.284685
DQN,A1_grid,0,331,55586,-130.0,77,1,0.5285,0.364436
DQN,A1_grid,0,332,55786,-308.0,200,0,0.5268,0.318637
DQN,A1_grid,0,333,55986,-360.0,200,0,0.5251,0.278066
DQN,A1_grid,0,334,56184,-367.0,198,1,0.5234,0.389725
DQN,A1_grid,0,335,56194,-7.0,10,1,0.5234,0.359561
DQN,A1_grid,0,336,56221,-44.0,27,1,0.5231,0.328582
DQN,A1_grid,0,337,56253,-53.0,32,1,0.5229,0.342554
DQN,A1_grid,0,338,56453,-408.0,200,0,0.5212,0.411983
DQN,A1_grid,0,339,56483,-31.0,30,1,0.5209,0.443573
DQN,A1_grid,0,340,56492,-2.0,9,1,0.5208,0.422839
DQN,A1_grid,0,341,56495,8.0,3,1,0.5208,0.264962
DQN,A1_grid,0,342,56520,-30.0,25,1,0.5206,0.604557
DQN,A1_grid,0,343,56579,-88.0,59,1,0.5201,0.425128
DQN,A1_grid,0,344,56657,-143.0,78,1,0.5194,0.457821
DQN,A1_grid,0,345,56704,-72.0,47,1,0.519,0.443749
DQN,A1_grid,0,346,56819,-196.0,115,1,0.5181,0.407746
DQN,A1_grid,0,347,56953,-191.0,134,1,0.5169,0.424345
DQN,A1_grid,0,348,57000,-56.0,47,1,0.5165,0.43577
DQN,A1_grid,0,349,57157,-186.0,157,1,0.5152,0.563976
DQN,A1_grid,0,350,57357,-316.0,200,0,0.5135,0.550626
DQN,A1_grid,0,351,57557,-312.0,200,0,0.5118,0.512412
DQN,A1_grid,0,352,57757,-324.0,200,0,0.5101,0.521719
DQN,A1_grid,0,353,57779,-23.0,22,1,0.5099,0.51918
DQN,A1_grid,0,354,57810,-40.0,31,1,0.5096,0.456827
DQN,A1_grid,0,355,58001,-300.0,191,1,0.508,0.50912
DQN,A1_grid,0,356,58023,-23.0,22,1,0.5078,0.632138
DQN,A1_grid,0,357,58223,-300.0,200,0,0.5061,0.579027
DQN,A1_grid,0,358,58244,-34.0,21,1,0.506,0.501385
DQN,A1_grid,0,359,58255,0.0,11,1,0.5059,0.687835
DQN,A1_grid,0,360,58455,-284.0,200,0,0.5042,0.546358
DQN,A1_grid,0,361,58655,-296.0,200,0,0.5025,0.686033
DQN,A1_grid,0,362,58674,-28.0,19,1,0.5023,0.608751
DQN,A1_grid,0,363,58874,-360.0,200,0,0.5006,0.617231
DQN,A1_grid,0,364,59074,-300.0,200,0,0.4989,0.680018
DQN,A1_grid,0,365,59274,-336.0,200,0,0.4972,0.725013
DQN,A1_grid,0,366,59474,-284.0,200,0,0.4955,0.677889
DQN,A1_grid,0,367,59514,-61.0,40,1,0.4952,0.73777
DQN,A1_grid,0,368,59560,-67.0,46,1,0.4948,0.969284
DQN,A1_grid,0,369,59760,-328.0,200,0,0.4931,0.850208
DQN,A1_grid,0,370,59762,9.0,2,1,0.4931,1.126466
DQN,A1_grid,0,371,59962,-336.0,200,0,0.4914,0.756596
DQN,A1_grid,0,372,59977,-4.0,15,1,0.4913,0.742367
DQN,A1_grid,0,373,60023,-55.0,46,1,0.4909,0.995783
DQN,A1_grid,0,374,60223,-296.0,200,0,0.4892,0.940254
DQN,A1_grid,0,375,60423,-384.0,200,0,0.4875,0.890748
DQN,A1_grid,0,376,60431,-1.0,8,1,0.4874,0.904391
DQN,A1_grid,0,377,60631,-316.0,200,0,0.4857,1.088534
DQN,A1_grid,0,378,60831,-324.0,200,0,0.484,1.090954
DQN,A1_grid,0,379,60837,5.0,6,1,0.484,1.507558
DQN,A1_grid,0,380,61037,-308.0,200,0,0.4823,1.056755
DQN,A1_grid,0,381,61237,-268.0,200,0,0.4806,1.22211
DQN,A1_grid,0,382,61276,-68.0,39,1,0.4802,1.199618
DQN,A1_grid,0,383,61361,-130.0,85,1,0.4795,1.16012
DQN,A1_grid,0,384,61561,-300.0,200,0,0.4778,1.276419
DQN,A1_grid,0,385,61761,-376.0,200,0,0.4761,1.304404
DQN,A1_grid,0,386,61902,-206.0,141,1,0.4749,1.266241
DQN,A1_grid,0,387,62102,-356.0,200,0,0.4732,1.444713
DQN,A1_grid,0,388,62168,-103.0,66,1,0.4727,1.507274
DQN,A1_grid,0,389,62247,-128.0,79,1,0.472,1.459148
DQN,A1_grid,0,390,62447,-324.0,200,0,0.4703,1.454835
DQN,A1_grid,0,391,62492,-66.0,45,1,0.4699,1.156998
DQN,A1_grid,0,392,62692,-300.0,200,0,0.4682,1.557927
DQN,A1_grid,0,393,62737,-50.0,45,1,0.4679,1.640175
DQN,A1_grid,0,394,62755,-27.0,18,1,0.4677,1.578035
DQN,A1_grid,0,395,62867,-161.0,112,1,0.4668,1.35893
DQN,A1_grid,0,396,62879,-1.0,12,1,0.4667,1.155059
DQN,A1_grid,0,397,63079,-308.0,200,0,0.465,1.711222
DQN,A1_grid,0,398,63152,-106.0,73,1,0.4643,1.780489
DQN,A1_grid,0,399,63302,-231.0,150,1,0.4631,1.7216
DQN,A1_grid,0,400,63502,-284.0,200,0,0.4614,1.722402
DQN,A1_grid,0,401,63557,-72.0,55,1,0.4609,2.007231
DQN,A1_grid,0,402,63757,-284.0,200,0,0.4592,1.914423
DQN,A1_grid,0,403,63841,-137.0,84,1,0.4585,1.778043
DQN,A1_grid,0,404,63879,-51.0,38,1,0.4582,1.801294
DQN,A1_grid,0,405,63957,-139.0,78,1,0.4575,1.641124
DQN,A1_grid,0,406,64076,-196.0,119,1,0.4565,1.950593
DQN,A1_grid,0,407,64276,-252.0,200,0,0.4548,1.883184
DQN,A1_grid,0,408,64318,-59.0,42,1,0.4544,1.985705
DQN,A1_grid,0,409,64430,-213.0,112,1,0.4535,2.018381
DQN,A1_grid,0,410,64630,-292.0,200,0,0.4518,2.025412
DQN,A1_grid,0,411,64636,5.0,6,1,0.4517,2.080198
DQN,A1_grid,0,412,64661,-26.0,25,1,0.4515,1.775114
DQN,A1_grid,0,413,64861,-260.0,200,0,0.4498,1.928436
DQN,A1_grid,0,414,64911,-91.0,50,1,0.4494,2.078455
DQN,A1_grid,0,415,64937,-39.0,26,1,0.4492,1.943897
DQN,A1_grid,0,416,65137,-296.0,200,0,0.4475,2.089504
DQN,A1_grid,0,417,65166,-42.0,29,1,0.4473,2.095032
DQN,A1_grid,0,418,65366,-276.0,200,0,0.4456,2.10721
DQN,A1_grid,0,419,65408,-47.0,42,1,0.4452,2.275803
DQN,A1_grid,0,420,65608,-308.0,200,0,0.4435,2.005744
DQN,A1_grid,0,421,65808,-276.0,200,0,0.4418,2.16426
DQN,A1_grid,0,422,65817,-2.0,9,1,0.4417,1.727732
DQN,A1_grid,0,423,65849,-41.0,32,1,0.4415,1.879775
DQN,A1_grid,0,424,66049,-252.0,200,0,0.4398,2.041246
DQN,A1_grid,0,425,66106,-102.0,57,1,0.4393,2.435659
DQN,A1_grid,0,426,66306,-292.0,200,0,0.4376,2.274588
DQN,A1_grid,0,427,66315,-2.0,9,1,0.4375,2.109166
DQN,A1_grid,0,428,66350,-32.0,35,1,0.4372,2.223583
DQN,A1_grid,0,429,66483,-202.0,133,1,0.4361,2.210797
DQN,A1_grid,0,430,66513,-43.0,30,1,0.4358,2.323709
DQN,A1_grid,0,431,66713,-280.0,200,0,0.4341,2.46863
DQN,A1_grid,0,432,66804,-132.0,91,1,0.4334,2.093322
DQN,A1_grid,0,433,66858,-67.0,54,1,0.4329,2.301102
DQN,A1_grid,0,434,66907,-70.0,49,1,0.4325,2.19131
DQN,A1_grid,0,435,67107,-296.0,200,0,0.4308,2.278397
DQN,A1_grid,0,436,67307,-432.0,200,0,0.4291,2.31238
DQN,A1_grid,0,437,67345,-51.0,38,1,0.4288,2.255091
DQN,A1_grid,0,438,67364,-24.0,19,1,0.4286,2.147521
DQN,A1_grid,0,439,67564,-300.0,200,0,0.4269,2.335693
DQN,A1_grid,0,440,67726,-235.0,162,1,0.4255,2.312174
DQN,A1_grid,0,441,67808,-115.0,82,1,0.4248,2.117915
DQN,A1_grid,0,442,67827,-12.0,19,1,0.4247,2.292068
DQN,A1_grid,0,443,67870,-68.0,43,1,0.4243,2.163448
DQN,A1_grid,0,444,68070,-264.0,200,0,0.4226,2.382768
DQN,A1_grid,0,445,68270,-312.0,200,0,0.4209,2.383517
DQN,A1_grid,0,446,68470,-300.0,200,0,0.4192,2.229531
DQN,A1_grid,0,447,68670,-312.0,200,0,0.4175,2.359645
DQN,A1_grid,0,448,68870,-332.0,200,0,0.4158,2.161252
DQN,A1_grid,0,449,69070,-320.0,200,0,0.4141,2.325672
DQN,A1_grid,0,450,69258,-265.0,188,1,0.4125,2.262046
DQN,A1_grid,0,451,69369,-172.0,111,1,0.4116,2.162268
DQN,A1_grid,0,452,69462,-130.0,93,1,0.4108,2.100594
DQN,A1_grid,0,453,69517,-84.0,55,1,0.4103,2.154841
DQN,A1_grid,0,454,69717,-280.0,200,0,0.4087,2.174881
DQN,A1_grid,0,455,69917,-308.0,200,0,0.407,1.966652
DQN,A1_grid,0,456,70117,-268.0,200,0,0.4053,2.09927
DQN,A1_grid,0,457,70317,-264.0,200,0,0.4036,2.047139
DQN,A1_grid,0,458,70517,-312.0,200,0,0.4019,2.030771
DQN,A1_grid,0,459,70630,-130.0,113,1,0.4009,2.260509
DQN,A1_grid,0,460,70830,-296.0,200,0,0.3992,2.05027
DQN,A1_grid,0,461,71030,-284.0,200,0,0.3975,1.917412
DQN,A1_grid,0,462,71032,9.0,2,1,0.3975,2.029585
DQN,A1_grid,0,463,71232,-324.0,200,0,0.3958,2.123864
DQN,A1_grid,0,464,71432,-296.0,200,0,0.3941,1.984548
DQN,A1_grid,0,465,71632,-328.0,200,0,0.3924,2.06327
DQN,A1_grid,0,466,71832,-288.0,200,0,0.3907,1.896369
DQN,A1_grid,0,467,72032,-316.0,200,0,0.389,1.898651
DQN,A1_grid,0,468,72232,-444.0,200,0,0.3873,2.002064
DQN,A1_grid,0,469,72432,-248.0,200,0,0.3856,1.821235
DQN,A1_grid,0,470,72632,-328.0,200,0,0.3839,1.917383
DQN,A1_grid,0,471,72832,-292.0,200,0,0.3822,1.83361
DQN,A1_grid,0,472,73032,-288.0,200,0,0.3805,1.846825
DQN,A1_grid,0,473,73232,-340.0,200,0,0.3788,1.866667
DQN,A1_grid,0,474,73432,-296.0,200,0,0.3771,1.701964
DQN,A1_grid,0,475,73632,-404.0,200,0,0.3754,1.797721
DQN,A1_grid,0,476,73832,-604.0,200,0,0.3737,1.717393
DQN,A1_grid,0,477,74032,-484.0,200,0,0.372,1.704477
DQN,A1_grid,0,478,74232,-436.0,200,0,0.3704,1.801597
DQN,A1_grid,0,479,74432,-272.0,200,0,0.3687,1.602412
DQN,A1_grid,0,480,74632,-344.0,200,0,0.367,1.697103
DQN,A1_grid,0,481,74832,-316.0,200,0,0.3653,1.611597
DQN,A1_grid,0,482,75032,-356.0,200,0,0.3636,1.603019
DQN,A1_grid,0,483,75232,-408.0,200,0,0.3619,1.586352
DQN,A1_grid,0,484,75432,-364.0,200,0,0.3602,1.475099
DQN,A1_grid,0,485,75632,-460.0,200,0,0.3585,1.565198
DQN,A1_grid,0,486,75832,-324.0,200,0,0.3568,1.443418
DQN,A1_grid,0,487,76032,-348.0,200,0,0.3551,1.44813
DQN,A1_grid,0,488,76232,-244.0,200,0,0.3534,1.385942
DQN,A1_grid,0,489,76432,-308.0,200,0,0.3517,1.280717
DQN,A1_grid,0,490,76632,-316.0,200,0,0.35,1.323229
DQN,A1_grid,0,491,76832,-276.0,200,0,0.3483,1.334482
DQN,A1_grid,0,492,77032,-276.0,200,0,0.3466,1.305623
DQN,A1_grid,0,493,77232,-256.0,200,0,0.3449,1.205534
DQN,A1_grid,0,494,77432,-304.0,200,0,0.3432,1.140591
DQN,A1_grid,0,495,77632,-264.0,200,0,0.3415,1.224199
DQN,A1_grid,0,496,77832,-292.0,200,0,0.3398,1.136561
DQN,A1_grid,0,497,78032,-292.0,200,0,0.3381,1.111599
DQN,A1_grid,0,498,78232,-264.0,200,0,0.3364,1.123716
DQN,A1_grid,0,499,78432,-284.0,200,0,0.3347,1.047704
DQN,A1_grid,0,500,78632,-280.0,200,0,0.333,1.121198
DQN,A1_grid,0,501,78832,-256.0,200,0,0.3313,0.993519
DQN,A1_grid,0,502,79032,-308.0,200,0,0.3296,1.014716
DQN,A1_grid,0,503,79232,-256.0,200,0,0.3279,0.971524
DQN,A1_grid,0,504,79432,-252.0,200,0,0.3262,0.922698
DQN,A1_grid,0,505,79632,-284.0,200,0,0.3246,1.04302
DQN,A1_grid,0,506,79832,-304.0,200,0,0.3229,0.986923
DQN,A1_grid,0,507,80032,-264.0,200,0,0.3212,0.976977
DQN,A1_grid,0,508,80232,-300.0,200,0,0.3195,0.961726
DQN,A1_grid,0,509,80432,-264.0,200,0,0.3178,0.884007
DQN,A1_grid,0,510,80632,-240.0,200,0,0.3161,0.890797
DQN,A1_grid,0,511,80832,-248.0,200,0,0.3144,0.853091
DQN,A1_grid,0,512,81032,-276.0,200,0,0.3127,0.85782
DQN,A1_grid,0,513,81232,-252.0,200,0,0.311,0.841469
DQN,A1_grid,0,514,81432,-264.0,200,0,0.3093,0.706858
DQN,A1_grid,0,515,81632,-272.0,200,0,0.3076,0.878641
DQN,A1_grid,0,516,81832,-276.0,200,0,0.3059,0.822111
DQN,A1_grid,0,517,82032,-272.0,200,0,0.3042,0.798566
DQN,A1_grid,0,518,82232,-260.0,200,0,0.3025,0.802836
DQN,A1_grid,0,519,82432,-268.0,200,0,0.3008,0.725926
DQN,A1_grid,0,520,82632,-260.0,200,0,0.2991,0.850926
DQN,A1_grid,0,521,82832,-248.0,200,0,0.2974,0.710715
DQN,A1_grid,0,522,83032,-252.0,200,0,0.2957,0.662926
DQN,A1_grid,0,523,83232,-416.0,200,0,0.294,0.723665
DQN,A1_grid,0,524,83432,-216.0,200,0,0.2923,0.64131
DQN,A1_grid,0,525,83632,-324.0,200,0,0.2906,0.641805
DQN,A1_grid,0,526,83832,-340.0,200,0,0.2889,0.643213
DQN,A1_grid,0,527,84032,-248.0,200,0,0.2872,0.587492
DQN,A1_grid,0,528,84232,-320.0,200,0,0.2855,0.630836
DQN,A1_grid,0,529,84432,-260.0,200,0,0.2838,0.596495
DQN,A1_grid,0,530,84632,-256.0,200,0,0.2821,0.614757
DQN,A1_grid,0,531,84832,-288.0,200,0,0.2804,0.600644
DQN,A1_grid,0,532,85032,-236.0,200,0,0.2787,0.575955
DQN,A1_grid,0,533,85232,-240.0,200,0,0.2771,0.561822
DQN,A1_grid,0,534,85432,-292.0,200,0,0.2754,0.488553
DQN,A1_grid,0,535,85632,-260.0,200,0,0.2737,0.563733
DQN,A1_grid,0,536,85832,-272.0,200,0,0.272,0.548008
DQN,A1_grid,0,537,86032,-240.0,200,0,0.2703,0.508558
DQN,A1_grid,0,538,86232,-288.0,200,0,0.2686,0.545008
DQN,A1_grid,0,539,86432,-252.0,200,0,0.2669,0.451286
DQN,A1_grid,0,540,86632,-280.0,200,0,0.2652,0.496912
DQN,A1_grid,0,541,86832,-268.0,200,0,0.2635,0.51515
DQN,A1_grid,0,542,86898,-79.0,66,1,0.2629,0.455233
DQN,A1_grid,0,543,87098,-256.0,200,0,0.2612,0.450078
DQN,A1_grid,0,544,87127,-22.0,29,1,0.261,0.44362
DQN,A1_grid,0,545,87327,-252.0,200,0,0.2593,0.432131
DQN,A1_grid,0,546,87527,-268.0,200,0,0.2576,0.420721
DQN,A1_grid,0,547,87727,-292.0,200,0,0.2559,0.450279
DQN,A1_grid,0,548,87927,-680.0,200,0,0.2542,0.448316
DQN,A1_grid,0,549,88127,-300.0,200,0,0.2525,0.483512
DQN,A1_grid,0,550,88327,-308.0,200,0,0.2508,0.433157
DQN,A1_grid,0,551,88527,-240.0,200,0,0.2491,0.401003
DQN,A1_grid,0,552,88727,-280.0,200,0,0.2474,0.424484
DQN,A1_grid,0,553,88927,-228.0,200,0,0.2457,0.422266
DQN,A1_grid,0,554,88959,-33.0,32,1,0.2454,0.404601
DQN,A1_grid,0,555,88983,-17.0,24,1,0.2452,0.354958
DQN,A1_grid,0,556,89183,-212.0,200,0,0.2435,0.467903
DQN,A1_grid,0,557,89383,-252.0,200,0,0.2418,0.374705
DQN,A1_grid,0,558,89583,-264.0,200,0,0.2401,0.476173
DQN,A1_grid,0,559,89783,-212.0,200,0,0.2384,0.405423
DQN,A1_grid,0,560,89810,-28.0,27,1,0.2382,0.391556
DQN,A1_grid,0,561,89819,-6.0,9,1,0.2381,0.430374
DQN,A1_grid,0,562,89827,-1.0,8,1,0.2381,0.439328
DQN,A1_grid,0,563,89830,8.0,3,1,0.238,0.315039
DQN,A1_grid,0,564,89967,-178.0,137,1,0.2369,0.384721
DQN,A1_grid,0,565,89975,3.0,8,1,0.2368,0.39195
DQN,A1_grid,0,566,89992,-10.0,17,1,0.2367,0.437354
DQN,A1_grid,0,567,90192,-236.0,200,0,0.235,0.475551
DQN,A1_grid,0,568,90261,-78.0,69,1,0.2344,0.404553
DQN,A1_grid,0,569,90297,-37.0,36,1,0.2341,0.413091
DQN,A1_grid,0,570,90317,-17.0,20,1,0.2339,0.378183
DQN,A1_grid,0,571,90517,-224.0,200,0,0.2322,0.403598
DQN,A1_grid,0,572,90717,-244.0,200,0,0.2305,0.452003
DQN,A1_grid,0,573,90725,-9.0,8,1,0.2305,0.378364
DQN,A1_grid,0,574,90925,-232.0,200,0,0.2288,0.364098
DQN,A1_grid,0,575,91125,-232.0,200,0,0.2271,0.393096
DQN,A1_grid,0,576,91130,2.0,5,1,0.227,0.332022
DQN,A1_grid,0,577,91330,-248.0,200,0,0.2253,0.391499
DQN,A1_grid,0,578,91530,-240.0,200,0,0.2236,0.383394
DQN,A1_grid,0,579,91646,-137.0,116,1,0.2226,0.394682
DQN,A1_grid,0,580,91660,-11.0,14,1,0.2225,0.343202
DQN,A1_grid,0,581,91860,-208.0,200,0,0.2208,0.342366
DQN,A1_grid,0,582,91901,-42.0,41,1,0.2205,0.331325
DQN,A1_grid,0,583,91907,5.0,6,1,0.2204,0.309043
DQN,A1_grid,0,584,92107,-236.0,200,0,0.2187,0.371495
DQN,A1_grid,0,585,92307,-240.0,200,0,0.217,0.309272
DQN,A1_grid,0,586,92507,-256.0,200,0,0.2153,0.292799
DQN,A1_grid,0,587,92549,-31.0,42,1,0.215,0.40871
DQN,A1_grid,0,588,92749,-228.0,200,0,0.2133,0.314053
DQN,A1_grid,0,589,92949,-228.0,200,0,0.2116,0.271609
DQN,A1_grid,0,590,93149,-224.0,200,0,0.2099,0.337767
DQN,A1_grid,0,591,93349,-228.0,200,0,0.2082,0.263942
DQN,A1_grid,0,592,93549,-264.0,200,0,0.2065,0.284055
DQN,A1_grid,0,593,93591,-47.0,42,1,0.2061,0.278041
DQN,A1_grid,0,594,93791,-200.0,200,0,0.2045,0.241879
DQN,A1_grid,0,595,93991,-248.0,200,0,0.2028,0.215177
DQN,A1_grid,0,596,94004,-6.0,13,1,0.2026,0.263444
DQN,A1_grid,0,597,94204,-204.0,200,0,0.2009,0.233652
DQN,A1_grid,0,598,94229,-26.0,25,1,0.2007,0.215951
DQN,A1_grid,0,599,94239,1.0,10,1,0.2007,0.211118
DQN,A1_grid,0,600,94439,-220.0,200,0,0.199,0.178648
DQN,A1_grid,0,601,94639,-232.0,200,0,0.1973,0.228964
DQN,A1_grid,0,602,94667,-25.0,28,1,0.197,0.191472
DQN,A1_grid,0,603,94668,10.0,1,1,0.197,0.248227
DQN,A1_grid,0,604,94695,-20.0,27,1,0.1968,0.180566
DQN,A1_grid,0,605,94724,-26.0,29,1,0.1965,0.192869
DQN,A1_grid,0,606,94916,-209.0,192,1,0.1949,0.166723
DQN,A1_grid,0,607,94928,-5.0,12,1,0.1948,0.169564
DQN,A1_grid,0,608,94933,2.0,5,1,0.1948,0.163902
DQN,A1_grid,0,609,95057,-129.0,124,1,0.1937,0.211641
DQN,A1_grid,0,610,95083,-19.0,26,1,0.1935,0.221127
DQN,A1_grid,0,611,95283,-256.0,200,0,0.1918,0.179066
DQN,A1_grid,0,612,95311,-21.0,28,1,0.1916,0.13091
DQN,A1_grid,0,613,95327,-5.0,16,1,0.1914,0.172707
DQN,A1_grid,0,614,95527,-248.0,200,0,0.1897,0.170456
DQN,A1_grid,0,615,95539,-1.0,12,1,0.1896,0.278523
DQN,A1_grid,0,616,95739,-220.0,200,0,0.1879,0.185383
DQN,A1_grid,0,617,95939,-228.0,200,0,0.1862,0.149161
DQN,A1_grid,0,618,96127,-221.0,188,1,0.1846,0.207031
DQN,A1_grid,0,619,96327,-228.0,200,0,0.1829,0.161253
DQN,A1_grid,0,620,96333,5.0,6,1,0.1829,0.146411
DQN,A1_grid,0,621,96356,-12.0,23,1,0.1827,0.163015
DQN,A1_grid,0,622,96365,2.0,9,1,0.1826,0.156544
DQN,A1_grid,0,623,96563,-231.0,198,1,0.1809,0.177447
DQN,A1_grid,0,624,96646,-100.0,83,1,0.1802,0.171979
DQN,A1_grid,0,625,96702,-57.0,56,1,0.1798,0.153076
DQN,A1_grid,0,626,96894,-213.0,192,1,0.1781,0.1461
DQN,A1_grid,0,627,96905,0.0,11,1,0.178,0.137143
DQN,A1_grid,0,628,96927,-11.0,22,1,0.1779,0.141114
DQN,A1_grid,0,629,96950,-12.0,23,1,0.1777,0.127276
DQN,A1_grid,0,630,96990,-41.0,40,1,0.1773,0.125176
DQN,A1_grid,0,631,96996,5.0,6,1,0.1773,0.099826
DQN,A1_grid,0,632,97101,-106.0,105,1,0.1764,0.254758
DQN,A1_grid,0,633,97139,-43.0,38,1,0.1761,0.183672
DQN,A1_grid,0,634,97156,-14.0,17,1,0.1759,0.162841
DQN,A1_grid,0,635,97193,-42.0,37,1,0.1756,0.185596
DQN,A1_grid,0,636,97213,-25.0,20,1,0.1754,0.172565
DQN,A1_grid,0,637,97368,-164.0,155,1,0.1741,0.153308
DQN,A1_grid,0,638,97381,-2.0,13,1,0.174,0.14156
DQN,A1_grid,0,639,97498,-114.0,117,1,0.173,0.135073
DQN,A1_grid,0,640,97512,-11.0,14,1,0.1729,0.291343
DQN,A1_grid,0,641,97599,-88.0,87,1,0.1722,0.214466
DQN,A1_grid,0,642,97680,-90.0,81,1,0.1715,0.153355
DQN,A1_grid,0,643,97820,-165.0,140,1,0.1703,0.125811
DQN,A1_grid,0,644,97930,-127.0,110,1,0.1693,0.136513
DQN,A1_grid,0,645,97947,-14.0,17,1,0.1692,0.11036
DQN,A1_grid,0,646,98069,-127.0,122,1,0.1682,0.17152
DQN,A1_grid,0,647,98077,3.0,8,1,0.1681,0.175149
DQN,A1_grid,0,648,98167,-83.0,90,1,0.1673,0.141364
DQN,A1_grid,0,649,98176,-2.0,9,1,0.1673,0.146787
DQN,A1_grid,0,650,98254,-87.0,78,1,0.1666,0.140207
DQN,A1_grid,0,651,98434,-213.0,180,1,0.1651,0.120502
DQN,A1_grid,0,652,98537,-120.0,103,1,0.1642,0.159172
DQN,A1_grid,0,653,98666,-138.0,129,1,0.1631,0.145649
DQN,A1_grid,0,654,98676,1.0,10,1,0.163,0.123257
DQN,A1_grid,0,655,98758,-83.0,82,1,0.1623,0.116192
DQN,A1_grid,0,656,98775,-6.0,17,1,0.1622,0.145845
DQN,A1_grid,0,657,98947,-205.0,172,1,0.1607,0.099887
DQN,A1_grid,0,658,98963,-9.0,16,1,0.1606,0.083936
DQN,A1_grid,0,659,98980,-6.0,17,1,0.1604,0.091222
DQN,A1_grid,0,660,99080,-105.0,100,1,0.1596,0.162091
DQN,A1_grid,0,661,99127,-48.0,47,1,0.1592,0.127653
DQN,A1_grid,0,662,99136,2.0,9,1,0.1591,0.121284
DQN,A1_grid,0,663,99151,-4.0,15,1,0.159,0.11147
DQN,A1_grid,0,664,99292,-170.0,141,1,0.1578,0.105922
DQN,A1_grid,0,665,99318,-23.0,26,1,0.1576,0.11426
DQN,A1_grid,0,666,99322,7.0,4,1,0.1575,0.082625
DQN,A1_grid,0,667,99348,-23.0,26,1,0.1573,0.092199
DQN,A1_grid,0,668,99363,-4.0,15,1,0.1572,0.089565
DQN,A1_grid,0,669,99384,-14.0,21,1,0.157,0.088823
DQN,A1_grid,0,670,99415,-24.0,31,1,0.1567,0.112423
DQN,A1_grid,0,671,99416,10.0,1,1,0.1567,0.16139
DQN,A1_grid,0,672,99461,-46.0,45,1,0.1564,0.078778
DQN,A1_grid,0,673,99474,-2.0,13,1,0.1562,0.069858
DQN,A1_grid,0,674,99485,0.0,11,1,0.1562,0.070451
DQN,A1_grid,0,675,99503,-7.0,18,1,0.156,0.114715
DQN,A1_grid,0,676,99534,-32.0,31,1,0.1557,0.214433
DQN,A1_grid,0,677,99558,-21.0,24,1,0.1555,0.185902
DQN,A1_grid,0,678,99593,-28.0,35,1,0.1552,0.164118
DQN,A1_grid,0,679,99601,-1.0,8,1,0.1552,0.149925
DQN,A1_grid,0,680,99642,-34.0,41,1,0.1548,0.130646
DQN,A1_grid,0,681,99648,1.0,6,1,0.1548,0.133048
DQN,A1_grid,0,682,99658,1.0,10,1,0.1547,0.122537
DQN,A1_grid,0,683,99692,-31.0,34,1,0.1544,0.112169
DQN,A1_grid,0,684,99695,4.0,3,1,0.1544,0.083039
DQN,A1_grid,0,685,99700,2.0,5,1,0.1543,0.099668
DQN,A1_grid,0,686,99714,-3.0,14,1,0.1542,0.108872
DQN,A1_grid,0,687,99729,-4.0,15,1,0.1541,0.110995
DQN,A1_grid,0,688,99747,-7.0,18,1,0.1539,0.114706
DQN,A1_grid,0,689,99790,-36.0,43,1,0.1536,0.099455
DQN,A1_grid,0,690,99818,-21.0,28,1,0.1533,0.092853
DQN,A1_grid,0,691,99847,-18.0,29,1,0.1531,0.105483
DQN,A1_grid,0,692,99885,-35.0,38,1,0.1528,0.094283
DQN,A1_grid,0,693,99917,-25.0,32,1,0.1525,0.096036
DQN,A1_grid,0,694,99950,-30.0,33,1,0.1522,0.082611
DQN,A1_grid,0,695,99979,-22.0,29,1,0.152,0.079319
DQN,A1_grid,0,696,100003,-17.0,24,1,0.1518,0.116098
DQN,A1_grid,0,697,100027,-17.0,24,1,0.1516,0.190165
DQN,A1_grid,0,698,100067,-37.0,40,1,0.1512,0.14985
DQN,A1_grid,0,699,100068,10.0,1,1,0.1512,0.169306
DQN,A1_grid,0,700,100104,-29.0,36,1,0.1509,0.137766
DQN,A1_grid,0,701,100135,-24.0,31,1,0.1506,0.104657
DQN,A1_grid,0,702,100142,4.0,7,1,0.1506,0.089157
DQN,A1_grid,0,703,100173,-20.0,31,1,0.1503,0.107666
DQN,A1_grid,0,704,100221,-41.0,48,1,0.1499,0.104686
DQN,A1_grid,0,705,100235,-3.0,14,1,0.1498,0.098744
DQN,A1_grid,0,706,100270,-24.0,35,1,0.1495,0.098219
DQN,A1_grid,0,707,100470,-288.0,200,0,0.1478,0.080219
DQN,A1_grid,0,708,100542,-81.0,72,1,0.1472,0.149669
DQN,A1_grid,0,709,100548,1.0,6,1,0.1471,0.164862
DQN,A1_grid,0,710,100580,-21.0,32,1,0.1469,0.144874
DQN,A1_grid,0,711,100589,2.0,9,1,0.1468,0.132002
DQN,A1_grid,0,712,100637,-45.0,48,1,0.1464,0.129621
DQN,A1_grid,0,713,100644,4.0,7,1,0.1463,0.108513
DQN,A1_grid,0,714,100657,-6.0,13,1,0.1462,0.098496
DQN,A1_grid,0,715,100661,7.0,4,1,0.1462,0.110636
DQN,A1_grid,0,716,100746,-94.0,85,1,0.1455,0.103491
DQN,A1_grid,0,717,100764,-7.0,18,1,0.1453,0.094669
DQN,A1_grid,0,718,100772,-1.0,8,1,0.1452,0.102876
DQN,A1_grid,0,719,100795,-12.0,23,1,0.145,0.092443
DQN,A1_grid,0,720,100908,-130.0,113,1,0.1441,0.093065
DQN,A1_grid,0,721,100913,6.0,5,1,0.144,0.087535
DQN,A1_grid,0,722,101039,-135.0,126,1,0.143,0.116724
DQN,A1_grid,0,723,101062,-12.0,23,1,0.1428,0.147426
DQN,A1_grid,0,724,101136,-71.0,74,1,0.1421,0.115151
DQN,A1_grid,0,725,101152,-9.0,16,1,0.142,0.083564
DQN,A1_grid,0,726,101184,-29.0,32,1,0.1417,0.111769
DQN,A1_grid,0,727,101384,-240.0,200,0,0.14,0.089103
DQN,A1_grid,0,728,101390,5.0,6,1,0.14,0.076123
DQN,A1_grid,0,729,101450,-61.0,60,1,0.1395,0.077741
DQN,A1_grid,0,730,101481,-24.0,31,1,0.1392,0.086286
DQN,A1_grid,0,731,101482,10.0,1,1,0.1392,0.098714
DQN,A1_grid,0,732,101503,-18.0,21,1,0.139,0.111575
DQN,A1_grid,0,733,101511,3.0,8,1,0.139,0.273396
DQN,A1_grid,0,734,101555,-41.0,44,1,0.1386,0.171182
DQN,A1_grid,0,735,101579,-25.0,24,1,0.1384,0.128284
DQN,A1_grid,0,736,101593,-7.0,14,1,0.1383,0.127943
DQN,A1_grid,0,737,101598,2.0,5,1,0.1382,0.151886
DQN,A1_grid,0,738,101798,-248.0,200,0,0.1365,0.103327
DQN,A1_grid,0,739,101845,-44.0,47,1,0.1361,0.093464
DQN,A1_grid,0,740,101859,-11.0,14,1,0.136,0.081206
DQN,A1_grid,0,741,101948,-90.0,89,1,0.1353,0.086612
DQN,A1_grid,0,742,101968,-9.0,20,1,0.1351,0.080276
DQN,A1_grid,0,743,102025,-70.0,57,1,0.1346,0.111247
DQN,A1_grid,0,744,102079,-43.0,54,1,0.1342,0.124092
DQN,A1_grid,0,745,102086,4.0,7,1,0.1341,0.077603
DQN,A1_grid,0,746,102129,-32.0,43,1,0.1337,0.097942
DQN,A1_grid,0,747,102170,-42.0,41,1,0.1334,0.096417
DQN,A1_grid,0,748,102192,-19.0,22,1,0.1332,0.083628
DQN,A1_grid,0,749,102201,2.0,9,1,0.1331,0.084001
DQN,A1_grid,0,750,102215,-3.0,14,1,0.133,0.109294
DQN,A1_grid,0,751,102226,0.0,11,1,0.1329,0.098605
DQN,A1_grid,0,752,102244,-11.0,18,1,0.1328,0.091068
DQN,A1_grid,0,753,102272,-21.0,28,1,0.1325,0.080966
DQN,A1_grid,0,754,102351,-68.0,79,1,0.1318,0.083845
DQN,A1_grid,0,755,102380,-18.0,29,1,0.1316,0.080851
DQN,A1_grid,0,756,102389,-2.0,9,1,0.1315,0.076151
DQN,A1_grid,0,757,102404,-8.0,15,1,0.1314,0.081469
DQN,A1_grid,0,758,102422,-7.0,18,1,0.1312,0.075099
DQN,A1_grid,0,759,102426,7.0,4,1,0.1312,0.044765
DQN,A1_grid,0,760,102441,-4.0,15,1,0.1311,0.068296
DQN,A1_grid,0,761,102484,-36.0,43,1,0.1307,0.084662
DQN,A1_grid,0,762,102502,-11.0,18,1,0.1306,0.09304
DQN,A1_grid,0,763,102538,-45.0,36,1,0.1303,0.135769
DQN,A1_grid,0,764,102554,-9.0,16,1,0.1301,0.093213
DQN,A1_grid,0,765,102571,-6.0,17,1,0.13,0.093428
DQN,A1_grid,0,766,102580,2.0,9,1,0.1299,0.126009
DQN,A1_grid,0,767,102771,-224.0,191,1,0.1283,0.086089
DQN,A1_grid,0,768,102971,-212.0,200,0,0.1266,0.064709
DQN,A1_grid,0,769,102975,7.0,4,1,0.1266,0.062573
DQN,A1_grid,0,770,102981,5.0,6,1,0.1265,0.072137
DQN,A1_grid,0,771,102992,0.0,11,1,0.1264,0.064957
DQN,A1_grid,0,772,103175,-204.0,183,1,0.1249,0.101498
DQN,A1_grid,0,773,103182,4.0,7,1,0.1248,0.071278
DQN,A1_grid,0,774,103382,-240.0,200,0,0.1231,0.072479
DQN,A1_grid,0,775,103397,-4.0,15,1,0.123,0.080798
DQN,A1_grid,0,776,103511,-139.0,114,1,0.122,0.067831
DQN,A1_grid,0,777,103548,-26.0,37,1,0.1217,0.12393
DQN,A1_grid,0,778,103582,-35.0,34,1,0.1214,0.086446
DQN,A1_grid,0,779,103613,-24.0,31,1,0.1211,0.082167
DQN,A1_grid,0,780,103630,-6.0,17,1,0.121,0.089112
DQN,A1_grid,0,781,103651,-14.0,21,1,0.1208,0.070342
DQN,A1_grid,0,782,103656,6.0,5,1,0.1208,0.063524
DQN,A1_grid,0,783,103658,9.0,2,1,0.1208,0.076828
DQN,A1_grid,0,784,103688,-27.0,30,1,0.1205,0.061921
DQN,A1_grid,0,785,103698,1.0,10,1,0.1204,0.07002
DQN,A1_grid,0,786,103718,-13.0,20,1,0.1202,0.071092
DQN,A1_grid,0,787,103746,-25.0,28,1,0.12,0.057333
DQN,A1_grid,0,788,103753,4.0,7,1,0.12,0.051773
DQN,A1_grid,0,789,103773,-9.0,20,1,0.1198,0.055809
DQN,A1_grid,0,790,103802,-26.0,29,1,0.1195,0.050398
DQN,A1_grid,0,791,103815,-2.0,13,1,0.1194,0.059246
DQN,A1_grid,0,792,103823,3.0,8,1,0.1194,0.070066
DQN,A1_grid,0,793,103842,-8.0,19,1,0.1192,0.047753
DQN,A1_grid,0,794,103862,-9.0,20,1,0.119,0.042683
DQN,A1_grid,0,795,103872,1.0,10,1,0.1189,0.042465
DQN,A1_grid,0,796,103880,3.0,8,1,0.1189,0.036815
DQN,A1_grid,0,797,103890,1.0,10,1,0.1188,0.046577
DQN,A1_grid,0,798,103907,-6.0,17,1,0.1186,0.051353
DQN,A1_grid,0,799,103917,1.0,10,1,0.1186,0.047613
DQN,A1_grid,0,800,103945,-21.0,28,1,0.1183,0.047373
DuelingDQN,A1_grid,0,1,200,-464.0,200,0,0.9983,
DuelingDQN,A1_grid,0,2,215,-28.0,15,1,0.9982,
DuelingDQN,A1_grid,0,3,415,-456.0,200,0,0.9965,
DuelingDQN,A1_grid,0,4,615,-380.0,200,0,0.9948,
DuelingDQN,A1_grid,0,5,815,-524.0,200,0,0.9931,
DuelingDQN,A1_grid,0,6,1015,-436.0,200,0,0.9914,1.280816
DuelingDQN,A1_grid,0,7,1215,-484.0,200,0,0.9897,0.214827
DuelingDQN,A1_grid,0,8,1415,-384.0,200,0,0.988,0.014637
DuelingDQN,A1_grid,0,9,1615,-492.0,200,0,0.9863,0.023597
DuelingDQN,A1_grid,0,10,1815,-460.0,200,0,0.9846,0.011669
DuelingDQN,A1_grid,0,11,2015,-492.0,200,0,0.9829,0.020191
DuelingDQN,A1_grid,0,12,2215,-492.0,200,0,0.9812,0.014069
DuelingDQN,A1_grid,0,13,2415,-464.0,200,0,0.9795,0.007045
DuelingDQN,A1_grid,0,14,2615,-508.0,200,0,0.9778,0.035276
DuelingDQN,A1_grid,0,15,2815,-488.0,200,0,0.9761,0.004464
DuelingDQN,A1_grid,0,16,3015,-452.0,200,0,0.9744,0.019277
DuelingDQN,A1_grid,0,17,3215,-364.0,200,0,0.9727,0.013877
DuelingDQN,A1_grid,0,18,3415,-476.0,200,0,0.971,0.003046
DuelingDQN,A1_grid,0,19,3615,-504.0,200,0,0.9693,0.027054
DuelingDQN,A1_grid,0,20,3815,-480.0,200,0,0.9676,0.003137
DuelingDQN,A1_grid,0,21,3910,-184.0,95,1,0.9668,0.004793
DuelingDQN,A1_grid,0,22,4110,-432.0,200,0,0.9651,0.039972
DuelingDQN,A1_grid,0,23,4310,-400.0,200,0,0.9635,0.010404
DuelingDQN,A1_grid,0,24,4396,-159.0,86,1,0.9627,0.002605
DuelingDQN,A1_grid,0,25,4596,-420.0,200,0,0.961,0.050357
DuelingDQN,A1_grid,0,26,4796,-472.0,200,0,0.9593,0.013084
DuelingDQN,A1_grid,0,27,4996,-412.0,200,0,0.9576,0.002416
DuelingDQN,A1_grid,0,28,5140,-277.0,144,1,0.9564,0.106557
DuelingDQN,A1_grid,0,29,5160,-45.0,20,1,0.9562,0.035052
DuelingDQN,A1_grid,0,30,5360,-484.0,200,0,0.9545,0.015395
DuelingDQN,A1_grid,0,31,5375,-32.0,15,1,0.9544,0.010326
DuelingDQN,A1_grid,0,32,5575,-460.0,200,0,0.9527,0.108408
DuelingDQN,A1_grid,0,33,5775,-388.0,200,0,0.951,0.042587
DuelingDQN,A1_grid,0,34,5975,-496.0,200,0,0.9493,0.003634
DuelingDQN,A1_grid,0,35,6175,-412.0,200,0,0.9476,0.13071
DuelingDQN,A1_grid,0,36,6375,-456.0,200,0,0.9459,0.021053
DuelingDQN,A1_grid,0,37,6575,-512.0,200,0,0.9442,0.098206
DuelingDQN,A1_grid,0,38,6775,-424.0,200,0,0.9425,0.044012
DuelingDQN,A1_grid,0,39,6975,-452.0,200,0,0.9408,0.007855
DuelingDQN,A1_grid,0,40,7175,-540.0,200,0,0.9391,0.119031
DuelingDQN,A1_grid,0,41,7375,-404.0,200,0,0.9375,0.019731
DuelingDQN,A1_grid,0,42,7575,-368.0,200,0,0.9358,0.101976
DuelingDQN,A1_grid,0,43,7671,-169.0,96,1,0.9349,0.05049
DuelingDQN,A1_grid,0,44,7871,-492.0,200,0,0.9332,0.015095
DuelingDQN,A1_grid,0,45,7899,-53.0,28,1,0.933,0.008678
DuelingDQN,A1_grid,0,46,8099,-484.0,200,0,0.9313,0.092295
DuelingDQN,A1_grid,0,47,8299,-516.0,200,0,0.9296,0.036526
DuelingDQN,A1_grid,0,48,8499,-416.0,200,0,0.9279,0.005539
DuelingDQN,A1_grid,0,49,8699,-400.0,200,0,0.9262,0.155665
DuelingDQN,A1_grid,0,50,8793,-239.0,94,1,0.9254,0.038946
DuelingDQN,A1_grid,0,51,8827,-59.0,34,1,0.9251,0.012014
DuelingDQN,A1_grid,0,52,9027,-420.0,200,0,0.9234,0.059778
DuelingDQN,A1_grid,0,53,9227,-464.0,200,0,0.9217,0.100175
DuelingDQN,A1_grid,0,54,9427,-576.0,200,0,0.92,0.015811
DuelingDQN,A1_grid,0,55,9619,-481.0,192,1,0.9184,0.178971
DuelingDQN,A1_grid,0,56,9819,-492.0,200,0,0.9167,0.047063
DuelingDQN,A1_grid,0,57,10019,-368.0,200,0,0.915,0.06252
DuelingDQN,A1_grid,0,58,10219,-628.0,200,0,0.9133,0.133293
DuelingDQN,A1_grid,0,59,10279,-113.0,60,1,0.9128,0.041966
DuelingDQN,A1_grid,0,60,10435,-333.0,156,1,0.9115,0.008999
DuelingDQN,A1_grid,0,61,10534,-208.0,99,1,0.9107,0.137665
DuelingDQN,A1_grid,0,62,10734,-424.0,200,0,0.909,0.101192
DuelingDQN,A1_grid,0,63,10934,-576.0,200,0,0.9073,0.012317
DuelingDQN,A1_grid,0,64,11134,-412.0,200,0,0.9056,0.148085
DuelingDQN,A1_grid,0,65,11334,-460.0,200,0,0.9039,0.026031
DuelingDQN,A1_grid,0,66,11534,-476.0,200,0,0.9022,0.060771
DuelingDQN,A1_grid,0,67,11734,-408.0,200,0,0.9005,0.074228
DuelingDQN,A1_grid,0,68,11934,-480.0,200,0,0.8988,0.006508
DuelingDQN,A1_grid,0,69,12003,-142.0,69,1,0.8982,0.022374
DuelingDQN,A1_grid,0,70,12158,-340.0,155,1,0.8969,0.145677
DuelingDQN,A1_grid,0,71,12346,-361.0,188,1,0.8953,0.02978
DuelingDQN,A1_grid,0,72,12546,-420.0,200,0,0.8936,0.073412
DuelingDQN,A1_grid,0,73,12746,-364.0,200,0,0.8919,0.096604
DuelingDQN,A1_grid,0,74,12946,-348.0,200,0,0.8902,0.021203
DuelingDQN,A1_grid,0,75,12970,-45.0,24,1,0.89,0.005822
DuelingDQN,A1_grid,0,76,13170,-444.0,200,0,0.8883,0.142265
DuelingDQN,A1_grid,0,77,13370,-396.0,200,0,0.8866,0.034392
DuelingDQN,A1_grid,0,78,13415,-94.0,45,1,0.8862,0.009186
DuelingDQN,A1_grid,0,79,13615,-432.0,200,0,0.8845,0.100435
DuelingDQN,A1_grid,0,80,13705,-151.0,90,1,0.8838,0.028927
DuelingDQN,A1_grid,0,81,13782,-154.0,77,1,0.8831,0.009724
DuelingDQN,A1_grid,0,82,13982,-424.0,200,0,0.8814,0.004393
DuelingDQN,A1_grid,0,83,14000,-15.0,18,1,0.8813,0.027192
DuelingDQN,A1_grid,0,84,14200,-360.0,200,0,0.8796,0.109748
DuelingDQN,A1_grid,0,85,14394,-415.0,194,1,0.8779,0.012036
DuelingDQN,A1_grid,0,86,14594,-444.0,200,0,0.8762,0.123349
DuelingDQN,A1_grid,0,87,14626,-57.0,32,1,0.8759,0.098507
DuelingDQN,A1_grid,0,88,14687,-106.0,61,1,0.8754,0.073445
DuelingDQN,A1_grid,0,89,14706,-24.0,19,1,0.8753,0.05547
DuelingDQN,A1_grid,0,90,14906,-396.0,200,0,0.8736,0.015744
DuelingDQN,A1_grid,0,91,15106,-372.0,200,0,0.8719,0.115251
DuelingDQN,A1_grid,0,92,15247,-306.0,141,1,0.8707,0.05623
DuelingDQN,A1_grid,0,93,15442,-368.0,195,1,0.869,0.009302
DuelingDQN,A1_grid,0,94,15642,-444.0,200,0,0.8673,0.115531
DuelingDQN,A1_grid,0,95,15666,-37.0,24,1,0.8671,0.064001
DuelingDQN,A1_grid,0,96,15866,-520.0,200,0,0.8654,0.02096
DuelingDQN,A1_grid,0,97,16066,-392.0,200,0,0.8637,0.075488
DuelingDQN,A1_grid,0,98,16266,-484.0,200,0,0.862,0.046735
DuelingDQN,A1_grid,0,99,16363,-162.0,97,1,0.8612,0.010439
DuelingDQN,A1_grid,0,100,16422,-92.0,59,1,0.8607,0.005596
DuelingDQN,A1_grid,0,101,16622,-424.0,200,0,0.859,0.084511
DuelingDQN,A1_grid,0,102,16811,-370.0,189,1,0.8574,0.030549
DuelingDQN,A1_grid,0,103,17011,-460.0,200,0,0.8557,0.020464
DuelingDQN,A1_grid,0,104,17200,-382.0,189,1,0.8541,0.054273
DuelingDQN,A1_grid,0,105,17259,-104.0,59,1,0.8536,0.005393
DuelingDQN,A1_grid,0,106,17296,-58.0,37,1,0.8533,0.002981
DuelingDQN,A1_grid,0,107,17496,-400.0,200,0,0.8516,0.001042
DuelingDQN,A1_grid,0,108,17657,-306.0,161,1,0.8502,0.045093
DuelingDQN,A1_grid,0,109,17857,-416.0,200,0,0.8485,0.002393
DuelingDQN,A1_grid,0,110,18057,-488.0,200,0,0.8468,0.017165
DuelingDQN,A1_grid,0,111,18239,-367.0,182,1,0.8453,0.009215
DuelingDQN,A1_grid,0,112,18439,-408.0,200,0,0.8436,0.001014
DuelingDQN,A1_grid,0,113,18611,-441.0,172,1,0.8421,0.021603
DuelingDQN,A1_grid,0,114,18722,-216.0,111,1,0.8412,0.004195
DuelingDQN,A1_grid,0,115,18922,-484.0,200,0,0.8395,0.001227
DuelingDQN,A1_grid,0,116,19047,-230.0,125,1,0.8384,0.014926
DuelingDQN,A1_grid,0,117,19234,-400.0,187,1,0.8369,0.014711
DuelingDQN,A1_grid,0,118,19414,-381.0,180,1,0.8353,0.001921
DuelingDQN,A1_grid,0,119,19449,-72.0,35,1,0.835,0.000625
DuelingDQN,A1_grid,0,120,19649,-352.0,200,0,0.8333,0.02578
DuelingDQN,A1_grid,0,121,19780,-232.0,131,1,0.8322,0.010896
DuelingDQN,A1_grid,0,122,19965,-350.0,185,1,0.8307,0.000932
DuelingDQN,A1_grid,0,123,20165,-472.0,200,0,0.829,0.012232
DuelingDQN,A1_grid,0,124,20255,-171.0,90,1,0.8282,0.001991
DuelingDQN,A1_grid,0,125,20277,-31.0,22,1,0.828,0.000734
DuelingDQN,A1_grid,0,126,20315,-59.0,38,1,0.8277,0.000668
DuelingDQN,A1_grid,0,127,20515,-432.0,200,0,0.826,0.00139
DuelingDQN,A1_grid,0,128,20715,-316.0,200,0,0.8243,0.008754
DuelingDQN,A1_grid,0,129,20876,-378.0,161,1,0.8229,0.004695
DuelingDQN,A1_grid,0,130,21045,-318.0,169,1,0.8215,0.011436
DuelingDQN,A1_grid,0,131,21245,-428.0,200,0,0.8198,0.012896
DuelingDQN,A1_grid,0,132,21347,-187.0,102,1,0.8189,0.00155
DuelingDQN,A1_grid,0,133,21453,-227.0,106,1,0.818,0.000985
DuelingDQN,A1_grid,0,134,21553,-157.0,100,1,0.8172,0.021812
DuelingDQN,A1_grid,0,135,21740,-404.0,187,1,0.8156,0.014577
DuelingDQN,A1_grid,0,136,21778,-47.0,38,1,0.8153,0.001914
DuelingDQN,A1_grid,0,137,21944,-319.0,166,1,0.8139,0.000559
DuelingDQN,A1_grid,0,138,22001,-110.0,57,1,0.8134,0.001328
DuelingDQN,A1_grid,0,139,22021,-29.0,20,1,0.8132,0.025796
DuelingDQN,A1_grid,0,140,22070,-74.0,49,1,0.8128,0.030968
DuelingDQN,A1_grid,0,141,22075,2.0,5,1,0.8128,0.026072
DuelingDQN,A1_grid,0,142,22142,-124.0,67,1,0.8122,0.023882
DuelingDQN,A1_grid,0,143,22177,-88.0,35,1,0.8119,0.011913
DuelingDQN,A1_grid,0,144,22193,-25.0,16,1,0.8118,0.006762
DuelingDQN,A1_grid,0,145,22226,-58.0,33,1,0.8115,0.004249
DuelingDQN,A1_grid,0,146,22406,-357.0,180,1,0.81,0.001507
DuelingDQN,A1_grid,0,147,22522,-225.0,116,1,0.809,0.00502
DuelingDQN,A1_grid,0,148,22552,-43.0,30,1,0.8087,0.027118
DuelingDQN,A1_grid,0,149,22588,-61.0,36,1,0.8084,0.021522
DuelingDQN,A1_grid,0,150,22686,-183.0,98,1,0.8076,0.013695
DuelingDQN,A1_grid,0,151,22819,-234.0,133,1,0.8065,0.004308
DuelingDQN,A1_grid,0,152,22886,-136.0,67,1,0.8059,0.001513
DuelingDQN,A1_grid,0,153,22983,-198.0,97,1,0.8051,0.000686
DuelingDQN,A1_grid,0,154,23061,-127.0,78,1,0.8044,0.02303
DuelingDQN,A1_grid,0,155,23136,-124.0,75,1,0.8038,0.014658
DuelingDQN,A1_grid,0,156,23329,-422.0,193,1,0.8021,0.004759
DuelingDQN,A1_grid,0,157,23384,-76.0,55,1,0.8017,0.000718
DuelingDQN,A1_grid,0,158,23421,-54.0,37,1,0.8013,0.000554
DuelingDQN,A1_grid,0,159,23508,-168.0,87,1,0.8006,0.002738
DuelingDQN,A1_grid,0,160,23634,-231.0,126,1,0.7995,0.01862
DuelingDQN,A1_grid,0,161,23674,-53.0,40,1,0.7992,0.005154
DuelingDQN,A1_grid,0,162,23864,-339.0,190,1,0.7976,0.002062
DuelingDQN,A1_grid,0,163,23871,0.0,7,1,0.7975,0.002124
DuelingDQN,A1_grid,0,164,24033,-343.0,162,1,0.7962,0.009273
DuelingDQN,A1_grid,0,165,24044,-8.0,11,1,0.7961,0.055832
DuelingDQN,A1_grid,0,166,24220,-297.0,176,1,0.7946,0.021968
DuelingDQN,A1_grid,0,167,24379,-292.0,159,1,0.7932,0.001451
DuelingDQN,A1_grid,0,168,24420,-102.0,41,1,0.7929,0.000271
DuelingDQN,A1_grid,0,169,24516,-201.0,96,1,0.7921,0.003696
DuelingDQN,A1_grid,0,170,24531,-20.0,15,1,0.7919,0.021303
DuelingDQN,A1_grid,0,171,24694,-276.0,163,1,0.7906,0.012415
DuelingDQN,A1_grid,0,172,24756,-123.0,62,1,0.79,0.002774
DuelingDQN,A1_grid,0,173,24866,-235.0,110,1,0.7891,0.001029
DuelingDQN,A1_grid,0,174,24884,-31.0,18,1,0.7889,0.000495
DuelingDQN,A1_grid,0,175,24896,-5.0,12,1,0.7888,0.000454
DuelingDQN,A1_grid,0,176,24916,-17.0,20,1,0.7887,0.000413
DuelingDQN,A1_grid,0,177,25040,-265.0,124,1,0.7876,0.009967
DuelingDQN,A1_grid,0,178,25074,-67.0,34,1,0.7873,0.028244
DuelingDQN,A1_grid,0,179,25201,-272.0,127,1,0.7863,0.016254
DuelingDQN,A1_grid,0,180,25305,-169.0,104,1,0.7854,0.008643
DuelingDQN,A1_grid,0,181,25411,-207.0,106,1,0.7845,0.001098
DuelingDQN,A1_grid,0,182,25432,-34.0,21,1,0.7843,0.00059
DuelingDQN,A1_grid,0,183,25520,-173.0,88,1,0.7835,0.005726
DuelingDQN,A1_grid,0,184,25591,-144.0,71,1,0.7829,0.012331
DuelingDQN,A1_grid,0,185,25664,-126.0,73,1,0.7823,0.005964
DuelingDQN,A1_grid,0,186,25726,-99.0,62,1,0.7818,0.003441
DuelingDQN,A1_grid,0,187,25760,-75.0,34,1,0.7815,0.003271
DuelingDQN,A1_grid,0,188,25863,-184.0,103,1,0.7806,0.001927
DuelingDQN,A1_grid,0,189,26016,-270.0,153,1,0.7793,0.002949
DuelingDQN,A1_grid,0,190,26142,-283.0,126,1,0.7783,0.020458
DuelingDQN,A1_grid,0,191,26342,-480.0,200,0,0.7766,0.012151
DuelingDQN,A1_grid,0,192,26366,-25.0,24,1,0.7764,0.00296
DuelingDQN,A1_grid,0,193,26474,-209.0,108,1,0.7755,0.001069
DuelingDQN,A1_grid,0,194,26673,-372.0,199,1,0.7738,0.007547
DuelingDQN,A1_grid,0,195,26688,-32.0,15,1,0.7736,0.002236
DuelingDQN,A1_grid,0,196,26732,-89.0,44,1,0.7733,0.002095
DuelingDQN,A1_grid,0,197,26798,-99.0,66,1,0.7727,0.001349
DuelingDQN,A1_grid,0,198,26900,-215.0,102,1,0.7718,0.000678
DuelingDQN,A1_grid,0,199,27100,-364.0,200,0,0.7701,0.007638
DuelingDQN,A1_grid,0,200,27295,-408.0,195,1,0.7685,0.005196
DuelingDQN,A1_grid,0,201,27433,-235.0,138,1,0.7673,0.001886
DuelingDQN,A1_grid,0,202,27633,-440.0,200,0,0.7656,0.007568
DuelingDQN,A1_grid,0,203,27833,-436.0,200,0,0.7639,0.003593
DuelingDQN,A1_grid,0,204,27945,-209.0,112,1,0.763,0.001255
DuelingDQN,A1_grid,0,205,28013,-133.0,68,1,0.7624,0.003806
DuelingDQN,A1_grid,0,206,28054,-54.0,41,1,0.7621,0.015515
DuelingDQN,A1_grid,0,207,28145,-160.0,91,1,0.7613,0.012363
DuelingDQN,A1_grid,0,208,28237,-173.0,92,1,0.7605,0.008177
DuelingDQN,A1_grid,0,209,28314,-118.0,77,1,0.7598,0.004522
DuelingDQN,A1_grid,0,210,28350,-69.0,36,1,0.7595,0.002347
DuelingDQN,A1_grid,0,211,28398,-81.0,48,1,0.7591,0.001336
DuelingDQN,A1_grid,0,212,28482,-113.0,84,1,0.7584,0.002815
DuelingDQN,A1_grid,0,213,28541,-108.0,59,1,0.7579,0.013791
DuelingDQN,A1_grid,0,214,28601,-85.0,60,1,0.7574,0.013247
DuelingDQN,A1_grid,0,215,28754,-246.0,153,1,0.7561,0.005298
DuelingDQN,A1_grid,0,216,28778,-41.0,24,1,0.7559,0.002571
DuelingDQN,A1_grid,0,217,28841,-108.0,63,1,0.7554,0.001818
DuelingDQN,A1_grid,0,218,28871,-47.0,30,1,0.7551,0.000992
DuelingDQN,A1_grid,0,219,28946,-144.0,75,1,0.7545,0.000586
DuelingDQN,A1_grid,0,220,29023,-146.0,77,1,0.7538,0.005951
DuelingDQN,A1_grid,0,221,29104,-130.0,81,1,0.7531,0.014531
DuelingDQN,A1_grid,0,222,29200,-169.0,96,1,0.7523,0.008359
DuelingDQN,A1_grid,0,223,29205,6.0,5,1,0.7523,0.002255
DuelingDQN,A1_grid,0,224,29292,-160.0,87,1,0.7515,0.002542
DuelingDQN,A1_grid,0,225,29307,-12.0,15,1,0.7514,0.001562
DuelingDQN,A1_grid,0,226,29365,-95.0,58,1,0.7509,0.000805
DuelingDQN,A1_grid,0,227,29498,-226.0,133,1,0.7498,0.000405
DuelingDQN,A1_grid,0,228,29516,-15.0,18,1,0.7496,0.018688
DuelingDQN,A1_grid,0,229,29547,-48.0,31,1,0.7494,0.018386
DuelingDQN,A1_grid,0,230,29627,-149.0,80,1,0.7487,0.018852
DuelingDQN,A1_grid,0,231,29750,-240.0,123,1,0.7477,0.013249
DuelingDQN,A1_grid,0,232,29789,-56.0,39,1,0.7473,0.002112
DuelingDQN,A1_grid,0,233,29989,-452.0,200,0,0.7456,0.000679
DuelingDQN,A1_grid,0,234,30014,-54.0,25,1,0.7454,0.011455
DuelingDQN,A1_grid,0,235,30081,-136.0,67,1,0.7449,0.026062
DuelingDQN,A1_grid,0,236,30217,-273.0,136,1,0.7437,0.012634
DuelingDQN,A1_grid,0,237,30281,-125.0,64,1,0.7432,0.00247
DuelingDQN,A1_grid,0,238,30294,-18.0,13,1,0.7431,0.001218
DuelingDQN,A1_grid,0,239,30406,-221.0,112,1,0.7421,0.00054
DuelingDQN,A1_grid,0,240,30478,-113.0,72,1,0.7415,0.000397
DuelingDQN,A1_grid,0,241,30522,-61.0,44,1,0.7411,0.007292
DuelingDQN,A1_grid,0,242,30555,-54.0,33,1,0.7408,0.010782
DuelingDQN,A1_grid,0,243,30733,-339.0,178,1,0.7393,0.005135
DuelingDQN,A1_grid,0,244,30777,-77.0,44,1,0.739,0.001148
DuelingDQN,A1_grid,0,245,30848,-132.0,71,1,0.7384,0.000819
DuelingDQN,A1_grid,0,246,30869,-22.0,21,1,0.7382,0.001111
DuelingDQN,A1_grid,0,247,31027,-319.0,158,1,0.7368,0.002983
DuelingDQN,A1_grid,0,248,31167,-313.0,140,1,0.7356,0.010308
DuelingDQN,A1_grid,0,249,31174,4.0,7,1,0.7356,0.005304
DuelingDQN,A1_grid,0,250,31206,-33.0,32,1,0.7353,0.004986
DuelingDQN,A1_grid,0,251,31259,-90.0,53,1,0.7349,0.006545
DuelingDQN,A1_grid,0,252,31367,-205.0,108,1,0.7339,0.008036
DuelingDQN,A1_grid,0,253,31488,-234.0,121,1,0.7329,0.003289
DuelingDQN,A1_grid,0,254,31566,-151.0,78,1,0.7323,0.0092
DuelingDQN,A1_grid,0,255,31717,-264.0,151,1,0.731,0.003135
DuelingDQN,A1_grid,0,256,31809,-197.0,92,1,0.7302,0.001677
DuelingDQN,A1_grid,0,257,31935,-251.0,126,1,0.7291,0.000874
DuelingDQN,A1_grid,0,258,32111,-301.0,176,1,0.7276,0.009444
DuelingDQN,A1_grid,0,259,32136,-38.0,25,1,0.7274,0.006065
DuelingDQN,A1_grid,0,260,32214,-139.0,78,1,0.7268,0.003727
DuelingDQN,A1_grid,0,261,32258,-77.0,44,1,0.7264,0.003097
DuelingDQN,A1_grid,0,262,32458,-420.0,200,0,0.7247,0.001107
DuelingDQN,A1_grid,0,263,32497,-80.0,39,1,0.7244,0.000545
DuelingDQN,A1_grid,0,264,32574,-174.0,77,1,0.7237,0.014339
DuelingDQN,A1_grid,0,265,32619,-98.0,45,1,0.7233,0.012463
DuelingDQN,A1_grid,0,266,32757,-267.0,138,1,0.7222,0.005131
DuelingDQN,A1_grid,0,267,32848,-152.0,91,1,0.7214,0.002398
DuelingDQN,A1_grid,0,268,32953,-194.0,105,1,0.7205,0.002058
DuelingDQN,A1_grid,0,269,33060,-188.0,107,1,0.7196,0.007726
DuelingDQN,A1_grid,0,270,33124,-101.0,64,1,0.719,0.013261
DuelingDQN,A1_grid,0,271,33187,-80.0,63,1,0.7185,0.005123
DuelingDQN,A1_grid,0,272,33201,-19.0,14,1,0.7184,0.003315
DuelingDQN,A1_grid,0,273,33293,-169.0,92,1,0.7176,0.001851
DuelingDQN,A1_grid,0,274,33445,-265.0,152,1,0.7163,0.000724
DuelingDQN,A1_grid,0,275,33528,-152.0,83,1,0.7156,0.003915
DuelingDQN,A1_grid,0,276,33585,-90.0,57,1,0.7151,0.011339
DuelingDQN,A1_grid,0,277,33587,9.0,2,1,0.7151,0.005424
DuelingDQN,A1_grid,0,278,33638,-72.0,51,1,0.7147,0.007356
DuelingDQN,A1_grid,0,279,33639,10.0,1,1,0.7147,0.003982
DuelingDQN,A1_grid,0,280,33674,-56.0,35,1,0.7144,0.005614
DuelingDQN,A1_grid,0,281,33746,-129.0,72,1,0.7138,0.00612
DuelingDQN,A1_grid,0,282,33851,-210.0,105,1,0.7129,0.002481
DuelingDQN,A1_grid,0,283,33913,-111.0,62,1,0.7124,0.001755
DuelingDQN,A1_grid,0,284,33977,-153.0,64,1,0.7118,0.001324
DuelingDQN,A1_grid,0,285,34021,-93.0,44,1,0.7114,0.006803
DuelingDQN,A1_grid,0,286,34034,-6.0,13,1,0.7113,0.010402
DuelingDQN,A1_grid,0,287,34048,-23.0,14,1,0.7112,0.00935
DuelingDQN,A1_grid,0,288,34146,-179.0,98,1,0.7104,0.00926
DuelingDQN,A1_grid,0,289,34219,-174.0,73,1,0.7098,0.00583
DuelingDQN,A1_grid,0,290,34230,-12.0,11,1,0.7097,0.003976
DuelingDQN,A1_grid,0,291,34278,-73.0,48,1,0.7093,0.002707
DuelingDQN,A1_grid,0,292,34299,-42.0,21,1,0.7091,0.00183
DuelingDQN,A1_grid,0,293,34342,-64.0,43,1,0.7087,0.001073
DuelingDQN,A1_grid,0,294,34372,-47.0,30,1,0.7085,0.000956
DuelingDQN,A1_grid,0,295,34451,-140.0,79,1,0.7078,0.000643
DuelingDQN,A1_grid,0,296,34544,-186.0,93,1,0.707,0.005217
DuelingDQN,A1_grid,0,297,34576,-57.0,32,1,0.7067,0.0107
DuelingDQN,A1_grid,0,298,34644,-101.0,68,1,0.7062,0.006655
DuelingDQN,A1_grid,0,299,34671,-44.0,27,1,0.7059,0.007394
DuelingDQN,A1_grid,0,300,34675,7.0,4,1,0.7059,0.005862
DuelingDQN,A1_grid,0,301,34694,-16.0,19,1,0.7057,0.004764
DuelingDQN,A1_grid,0,302,34765,-88.0,71,1,0.7051,0.00389
DuelingDQN,A1_grid,0,303,34794,-50.0,29,1,0.7049,0.008633
DuelingDQN,A1_grid,0,304,34826,-49.0,32,1,0.7046,0.006541
DuelingDQN,A1_grid,0,305,34852,-39.0,26,1,0.7044,0.005828
DuelingDQN,A1_grid,0,306,34993,-258.0,141,1,0.7032,0.003447
DuelingDQN,A1_grid,0,307,35031,-71.0,38,1,0.7029,0.014146
DuelingDQN,A1_grid,0,308,35048,-14.0,17,1,0.7027,0.011395
DuelingDQN,A1_grid,0,309,35113,-146.0,65,1,0.7022,0.006516
DuelingDQN,A1_grid,0,310,35186,-94.0,73,1,0.7016,0.004219
DuelingDQN,A1_grid,0,311,35206,-33.0,20,1,0.7014,0.00388
DuelingDQN,A1_grid,0,312,35271,-118.0,65,1,0.7008,0.003628
DuelingDQN,A1_grid,0,313,35278,-4.0,7,1,0.7008,0.003954
DuelingDQN,A1_grid,0,314,35297,-24.0,19,1,0.7006,0.003418
DuelingDQN,A1_grid,0,315,35349,-85.0,52,1,0.7002,0.002272
DuelingDQN,A1_grid,0,316,35454,-170.0,105,1,0.6993,0.001034
DuelingDQN,A1_grid,0,317,35480,-35.0,26,1,0.6991,0.000629
DuelingDQN,A1_grid,0,318,35539,-108.0,59,1,0.6986,0.009917
DuelingDQN,A1_grid,0,319,35543,7.0,4,1,0.6985,0.017468
DuelingDQN,A1_grid,0,320,35626,-124.0,83,1,0.6978,0.017019
DuelingDQN,A1_grid,0,321,35729,-184.0,103,1,0.6969,0.008126
DuelingDQN,A1_grid,0,322,35777,-65.0,48,1,0.6965,0.003044
DuelingDQN,A1_grid,0,323,35834,-98.0,57,1,0.6961,0.001217
DuelingDQN,A1_grid,0,324,35872,-63.0,38,1,0.6957,0.000652
DuelingDQN,A1_grid,0,325,36012,-289.0,140,1,0.6945,0.001146
DuelingDQN,A1_grid,0,326,36130,-239.0,118,1,0.6935,0.006768
DuelingDQN,A1_grid,0,327,36233,-184.0,103,1,0.6927,0.003037
DuelingDQN,A1_grid,0,328,36274,-66.0,41,1,0.6923,0.001879
DuelingDQN,A1_grid,0,329,36311,-50.0,37,1,0.692,0.002394
DuelingDQN,A1_grid,0,330,36320,-2.0,9,1,0.6919,0.002008
DuelingDQN,A1_grid,0,331,36341,-26.0,21,1,0.6918,0.00131
DuelingDQN,A1_grid,0,332,36458,-250.0,117,1,0.6908,0.000882
DuelingDQN,A1_grid,0,333,36507,-70.0,49,1,0.6904,0.002628
DuelingDQN,A1_grid,0,334,36553,-87.0,46,1,0.69,0.014297
DuelingDQN,A1_grid,0,335,36560,-8.0,7,1,0.6899,0.013887
DuelingDQN,A1_grid,0,336,36618,-127.0,58,1,0.6894,0.013089
DuelingDQN,A1_grid,0,337,36679,-134.0,61,1,0.6889,0.011757
DuelingDQN,A1_grid,0,338,36746,-124.0,67,1,0.6883,0.003357
DuelingDQN,A1_grid,0,339,36809,-124.0,63,1,0.6878,0.003221
DuelingDQN,A1_grid,0,340,36820,-12.0,11,1,0.6877,0.001546
DuelingDQN,A1_grid,0,341,36823,8.0,3,1,0.6877,0.001036
DuelingDQN,A1_grid,0,342,36844,-18.0,21,1,0.6875,0.001093
DuelingDQN,A1_grid,0,343,36932,-177.0,88,1,0.6867,0.000957
DuelingDQN,A1_grid,0,344,36994,-135.0,62,1,0.6862,0.000484
DuelingDQN,A1_grid,0,345,37099,-242.0,105,1,0.6853,0.014212
DuelingDQN,A1_grid,0,346,37162,-96.0,63,1,0.6848,0.004656
DuelingDQN,A1_grid,0,347,37327,-306.0,165,1,0.6834,0.001928
DuelingDQN,A1_grid,0,348,37480,-258.0,153,1,0.6821,0.000597
DuelingDQN,A1_grid,0,349,37501,-18.0,21,1,0.6819,0.001103
DuelingDQN,A1_grid,0,350,37557,-85.0,56,1,0.6814,0.012231
DuelingDQN,A1_grid,0,351,37604,-68.0,47,1,0.681,0.010745
DuelingDQN,A1_grid,0,352,37709,-222.0,105,1,0.6802,0.008938
DuelingDQN,A1_grid,0,353,37773,-105.0,64,1,0.6796,0.002804
DuelingDQN,A1_grid,0,354,37829,-117.0,56,1,0.6791,0.001273
DuelingDQN,A1_grid,0,355,37916,-124.0,87,1,0.6784,0.00077
DuelingDQN,A1_grid,0,356,37961,-66.0,45,1,0.678,0.000375
DuelingDQN,A1_grid,0,357,37996,-52.0,35,1,0.6777,0.000215
DuelingDQN,A1_grid,0,358,38015,-32.0,19,1,0.6776,0.007959
DuelingDQN,A1_grid,0,359,38042,-32.0,27,1,0.6773,0.009844
DuelingDQN,A1_grid,0,360,38111,-110.0,69,1,0.6767,0.009362
DuelingDQN,A1_grid,0,361,38141,-43.0,30,1,0.6765,0.006871
DuelingDQN,A1_grid,0,362,38187,-91.0,46,1,0.6761,0.005304
DuelingDQN,A1_grid,0,363,38257,-143.0,70,1,0.6755,0.002334
DuelingDQN,A1_grid,0,364,38355,-179.0,98,1,0.6747,0.001364
DuelingDQN,A1_grid,0,365,38409,-83.0,54,1,0.6742,0.001128
DuelingDQN,A1_grid,0,366,38495,-159.0,86,1,0.6735,0.000576
DuelingDQN,A1_grid,0,367,38539,-81.0,44,1,0.6731,0.008974
DuelingDQN,A1_grid,0,368,38631,-169.0,92,1,0.6723,0.006436
DuelingDQN,A1_grid,0,369,38719,-129.0,88,1,0.6716,0.003766
DuelingDQN,A1_grid,0,370,38722,4.0,3,1,0.6716,0.002421
DuelingDQN,A1_grid,0,371,38805,-128.0,83,1,0.6709,0.001957
DuelingDQN,A1_grid,0,372,38821,-25.0,16,1,0.6707,0.000798
DuelingDQN,A1_grid,0,373,38898,-178.0,77,1,0.6701,0.000978
DuelingDQN,A1_grid,0,374,38947,-66.0,49,1,0.6697,0.001558
DuelingDQN,A1_grid,0,375,39029,-147.0,82,1,0.669,0.007523
DuelingDQN,A1_grid,0,376,39041,-13.0,12,1,0.6689,0.018923
DuelingDQN,A1_grid,0,377,39108,-96.0,67,1,0.6683,0.009611
DuelingDQN,A1_grid,0,378,39217,-198.0,109,1,0.6674,0.005827
DuelingDQN,A1_grid,0,379,39220,4.0,3,1,0.6673,0.003688
DuelingDQN,A1_grid,0,380,39300,-125.0,80,1,0.6667,0.002374
DuelingDQN,A1_grid,0,381,39351,-100.0,51,1,0.6662,0.001503
DuelingDQN,A1_grid,0,382,39382,-36.0,31,1,0.666,0.000847
DuelingDQN,A1_grid,0,383,39395,-10.0,13,1,0.6659,0.000496
DuelingDQN,A1_grid,0,384,39427,-25.0,32,1,0.6656,0.000505
DuelingDQN,A1_grid,0,385,39520,-190.0,93,1,0.6648,0.002492
DuelingDQN,A1_grid,0,386,39581,-102.0,61,1,0.6643,0.009783
DuelingDQN,A1_grid,0,387,39664,-144.0,83,1,0.6636,0.005107
DuelingDQN,A1_grid,0,388,39679,-16.0,15,1,0.6634,0.006636
DuelingDQN,A1_grid,0,389,39715,-57.0,36,1,0.6631,0.010823
DuelingDQN,A1_grid,0,390,39753,-51.0,38,1,0.6628,0.00543
DuelingDQN,A1_grid,0,391,39800,-68.0,47,1,0.6624,0.003343
DuelingDQN,A1_grid,0,392,39835,-64.0,35,1,0.6621,0.00277
DuelingDQN,A1_grid,0,393,39920,-138.0,85,1,0.6614,0.002426
DuelingDQN,A1_grid,0,394,40008,-161.0,88,1,0.6607,0.003584
DuelingDQN,A1_grid,0,395,40109,-202.0,101,1,0.6598,0.011882
DuelingDQN,A1_grid,0,396,40133,-53.0,24,1,0.6596,0.007073
DuelingDQN,A1_grid,0,397,40216,-148.0,83,1,0.6589,0.002995
DuelingDQN,A1_grid,0,398,40282,-87.0,66,1,0.6583,0.000912
DuelingDQN,A1_grid,0,399,40307,-30.0,25,1,0.6581,0.000414
DuelingDQN,A1_grid,0,400,40360,-90.0,53,1,0.6577,0.00031
DuelingDQN,A1_grid,0,401,40400,-53.0,40,1,0.6573,0.000338
DuelingDQN,A1_grid,0,402,40475,-136.0,75,1,0.6567,0.00054
DuelingDQN,A1_grid,0,403,40543,-129.0,68,1,0.6561,0.009403
DuelingDQN,A1_grid,0,404,40597,-91.0,54,1,0.6557,0.013031
DuelingDQN,A1_grid,0,405,40652,-96.0,55,1,0.6552,0.00596
DuelingDQN,A1_grid,0,406,40709,-118.0,57,1,0.6547,0.002757
DuelingDQN,A1_grid,0,407,40788,-120.0,79,1,0.654,0.001468
DuelingDQN,A1_grid,0,408,40818,-39.0,30,1,0.6538,0.000456
DuelingDQN,A1_grid,0,409,40893,-132.0,75,1,0.6531,0.000501
DuelingDQN,A1_grid,0,410,40947,-83.0,54,1,0.6527,0.000602
DuelingDQN,A1_grid,0,411,40977,-51.0,30,1,0.6524,0.00084
DuelingDQN,A1_grid,0,412,40979,9.0,2,1,0.6524,0.000987
DuelingDQN,A1_grid,0,413,41019,-69.0,40,1,0.6521,0.006154
DuelingDQN,A1_grid,0,414,41061,-67.0,42,1,0.6517,0.019301
DuelingDQN,A1_grid,0,415,41076,-8.0,15,1,0.6516,0.018179
DuelingDQN,A1_grid,0,416,41151,-116.0,75,1,0.651,0.012744
DuelingDQN,A1_grid,0,417,41161,-11.0,10,1,0.6509,0.005463
DuelingDQN,A1_grid,0,418,41237,-121.0,76,1,0.6502,0.004008
DuelingDQN,A1_grid,0,419,41271,-39.0,34,1,0.6499,0.001366
DuelingDQN,A1_grid,0,420,41373,-203.0,102,1,0.6491,0.001106
DuelingDQN,A1_grid,0,421,41449,-129.0,76,1,0.6484,0.00061
DuelingDQN,A1_grid,0,422,41472,-24.0,23,1,0.6482,0.000403
DuelingDQN,A1_grid,0,423,41503,-28.0,31,1,0.648,0.001491
DuelingDQN,A1_grid,0,424,41611,-209.0,108,1,0.6471,0.009252
DuelingDQN,A1_grid,0,425,41626,-20.0,15,1,0.6469,0.004141
DuelingDQN,A1_grid,0,426,41720,-159.0,94,1,0.6461,0.002686
DuelingDQN,A1_grid,0,427,41743,-24.0,23,1,0.6459,0.001539
DuelingDQN,A1_grid,0,428,41780,-50.0,37,1,0.6456,0.001708
DuelingDQN,A1_grid,0,429,41805,-22.0,25,1,0.6454,0.001511
DuelingDQN,A1_grid,0,430,41822,-18.0,17,1,0.6453,0.001459
DuelingDQN,A1_grid,0,431,41910,-133.0,88,1,0.6445,0.001109
DuelingDQN,A1_grid,0,432,42020,-203.0,110,1,0.6436,0.002917
DuelingDQN,A1_grid,0,433,42070,-95.0,50,1,0.6432,0.011478
DuelingDQN,A1_grid,0,434,42093,-28.0,23,1,0.643,0.011043
DuelingDQN,A1_grid,0,435,42165,-113.0,72,1,0.6424,0.010102
DuelingDQN,A1_grid,0,436,42299,-255.0,134,1,0.6412,0.003993
DuelingDQN,A1_grid,0,437,42306,-16.0,7,1,0.6412,0.001003
DuelingDQN,A1_grid,0,438,42312,1.0,6,1,0.6411,0.001083
DuelingDQN,A1_grid,0,439,42362,-63.0,50,1,0.6407,0.000793
DuelingDQN,A1_grid,0,440,42366,3.0,4,1,0.6407,0.000865
DuelingDQN,A1_grid,0,441,42374,-1.0,8,1,0.6406,0.000844
DuelingDQN,A1_grid,0,442,42383,-2.0,9,1,0.6405,0.00055
DuelingDQN,A1_grid,0,443,42411,-25.0,28,1,0.6403,0.000691
DuelingDQN,A1_grid,0,444,42464,-70.0,53,1,0.6398,0.000562
DuelingDQN,A1_grid,0,445,42524,-109.0,60,1,0.6393,0.005059
DuelingDQN,A1_grid,0,446,42608,-129.0,84,1,0.6386,0.008747
DuelingDQN,A1_grid,0,447,42652,-65.0,44,1,0.6382,0.007653
DuelingDQN,A1_grid,0,448,42723,-112.0,71,1,0.6376,0.002925
DuelingDQN,A1_grid,0,449,42793,-131.0,70,1,0.637,0.001994
DuelingDQN,A1_grid,0,450,42837,-57.0,44,1,0.6367,0.001253
DuelingDQN,A1_grid,0,451,42901,-113.0,64,1,0.6361,0.000402
DuelingDQN,A1_grid,0,452,42903,5.0,2,1,0.6361,0.000345
DuelingDQN,A1_grid,0,453,42958,-108.0,55,1,0.6356,0.000307
DuelingDQN,A1_grid,0,454,43014,-85.0,56,1,0.6352,0.003092
DuelingDQN,A1_grid,0,455,43048,-51.0,34,1,0.6349,0.012328
DuelingDQN,A1_grid,0,456,43158,-163.0,110,1,0.6339,0.011468
DuelingDQN,A1_grid,0,457,43177,-16.0,19,1,0.6338,0.006853
DuelingDQN,A1_grid,0,458,43235,-75.0,58,1,0.6333,0.003429
DuelingDQN,A1_grid,0,459,43288,-62.0,53,1,0.6328,0.001618
DuelingDQN,A1_grid,0,460,43392,-229.0,104,1,0.632,0.000698
DuelingDQN,A1_grid,0,461,43423,-44.0,31,1,0.6317,0.00064
DuelingDQN,A1_grid,0,462,43425,9.0,2,1,0.6317,0.000625
DuelingDQN,A1_grid,0,463,43446,-18.0,21,1,0.6315,0.000442
DuelingDQN,A1_grid,0,464,43502,-81.0,56,1,0.631,0.000804
DuelingDQN,A1_grid,0,465,43573,-136.0,71,1,0.6304,0.007189
DuelingDQN,A1_grid,0,466,43577,3.0,4,1,0.6304,0.004487
DuelingDQN,A1_grid,0,467,43685,-201.0,108,1,0.6295,0.003409
DuelingDQN,A1_grid,0,468,43709,-41.0,24,1,0.6293,0.001105
DuelingDQN,A1_grid,0,469,43792,-144.0,83,1,0.6286,0.000769
DuelingDQN,A1_grid,0,470,43805,-6.0,13,1,0.6284,0.000461
DuelingDQN,A1_grid,0,471,43852,-64.0,47,1,0.628,0.000415
DuelingDQN,A1_grid,0,472,43925,-138.0,73,1,0.6274,0.000329
DuelingDQN,A1_grid,0,473,43945,-21.0,20,1,0.6273,0.000356
DuelingDQN,A1_grid,0,474,43970,-38.0,25,1,0.627,0.000508
DuelingDQN,A1_grid,0,475,44016,-91.0,46,1,0.6267,0.004312
DuelingDQN,A1_grid,0,476,44033,-14.0,17,1,0.6265,0.009909
DuelingDQN,A1_grid,0,477,44051,-23.0,18,1,0.6264,0.012409
DuelingDQN,A1_grid,0,478,44128,-114.0,77,1,0.6257,0.012867
DuelingDQN,A1_grid,0,479,44157,-30.0,29,1,0.6255,0.009497
DuelingDQN,A1_grid,0,480,44224,-152.0,67,1,0.6249,0.004385
DuelingDQN,A1_grid,0,481,44227,8.0,3,1,0.6249,0.002059
DuelingDQN,A1_grid,0,482,44251,-13.0,24,1,0.6247,0.00271
DuelingDQN,A1_grid,0,483,44263,-17.0,12,1,0.6246,0.00234
DuelingDQN,A1_grid,0,484,44288,-38.0,25,1,0.6244,0.001442
DuelingDQN,A1_grid,0,485,44386,-155.0,98,1,0.6235,0.001011
DuelingDQN,A1_grid,0,486,44418,-61.0,32,1,0.6232,0.000492
DuelingDQN,A1_grid,0,487,44460,-67.0,42,1,0.6229,0.000616
DuelingDQN,A1_grid,0,488,44532,-141.0,72,1,0.6223,0.004087
DuelingDQN,A1_grid,0,489,44536,7.0,4,1,0.6222,0.007955
DuelingDQN,A1_grid,0,490,44581,-66.0,45,1,0.6219,0.007452
DuelingDQN,A1_grid,0,491,44632,-72.0,51,1,0.6214,0.007642
DuelingDQN,A1_grid,0,492,44637,2.0,5,1,0.6214,0.006811
DuelingDQN,A1_grid,0,493,44648,0.0,11,1,0.6213,0.005961
DuelingDQN,A1_grid,0,494,44693,-66.0,45,1,0.6209,0.004077
DuelingDQN,A1_grid,0,495,44790,-190.0,97,1,0.6201,0.002568
DuelingDQN,A1_grid,0,496,44812,-31.0,22,1,0.6199,0.002237
DuelingDQN,A1_grid,0,497,44851,-56.0,39,1,0.6196,0.002137
DuelingDQN,A1_grid,0,498,44913,-95.0,62,1,0.619,0.002373
DuelingDQN,A1_grid,0,499,44957,-53.0,44,1,0.6187,0.000864
DuelingDQN,A1_grid,0,500,44966,-18.0,9,1,0.6186,0.000592
DuelingDQN,A1_grid,0,501,45027,-66.0,61,1,0.6181,0.005665
DuelingDQN,A1_grid,0,502,45060,-54.0,33,1,0.6178,0.013043
DuelingDQN,A1_grid,0,503,45066,-3.0,6,1,0.6178,0.010285
DuelingDQN,A1_grid,0,504,45138,-105.0,72,1,0.6171,0.007896
DuelingDQN,A1_grid,0,505,45170,-49.0,32,1,0.6169,0.004321
DuelingDQN,A1_grid,0,506,45242,-113.0,72,1,0.6163,0.002755
DuelingDQN,A1_grid,0,507,45279,-58.0,37,1,0.6159,0.001067
DuelingDQN,A1_grid,0,508,45301,-39.0,22,1,0.6158,0.001058
DuelingDQN,A1_grid,0,509,45325,-25.0,24,1,0.6156,0.000824
DuelingDQN,A1_grid,0,510,45411,-175.0,86,1,0.6148,0.000299
DuelingDQN,A1_grid,0,511,45432,-26.0,21,1,0.6146,0.000289
DuelingDQN,A1_grid,0,512,45457,-22.0,25,1,0.6144,0.000203
DuelingDQN,A1_grid,0,513,45482,-26.0,25,1,0.6142,0.000189
DuelingDQN,A1_grid,0,514,45515,-46.0,33,1,0.6139,0.004054
DuelingDQN,A1_grid,0,515,45557,-71.0,42,1,0.6136,0.008932
DuelingDQN,A1_grid,0,516,45592,-44.0,35,1,0.6133,0.005673
DuelingDQN,A1_grid,0,517,45630,-55.0,38,1,0.613,0.00446
DuelingDQN,A1_grid,0,518,45632,9.0,2,1,0.613,0.001926
DuelingDQN,A1_grid,0,519,45701,-90.0,69,1,0.6124,0.00207
DuelingDQN,A1_grid,0,520,45729,-29.0,28,1,0.6121,0.001277
DuelingDQN,A1_grid,0,521,45750,-18.0,21,1,0.612,0.000833
DuelingDQN,A1_grid,0,522,45766,-13.0,16,1,0.6118,0.000954
DuelingDQN,A1_grid,0,523,45813,-92.0,47,1,0.6114,0.000854
DuelingDQN,A1_grid,0,524,45879,-115.0,66,1,0.6109,0.00069
DuelingDQN,A1_grid,0,525,45932,-122.0,53,1,0.6104,0.000565
DuelingDQN,A1_grid,0,526,45988,-77.0,56,1,0.6099,0.001346
DuelingDQN,A1_grid,0,527,45993,2.0,5,1,0.6099,0.001264
DuelingDQN,A1_grid,0,528,46087,-183.0,94,1,0.6091,0.012965
DuelingDQN,A1_grid,0,529,46120,-50.0,33,1,0.6088,0.007139
DuelingDQN,A1_grid,0,530,46169,-94.0,49,1,0.6084,0.008512
DuelingDQN,A1_grid,0,531,46211,-83.0,42,1,0.608,0.007959
DuelingDQN,A1_grid,0,532,46218,4.0,7,1,0.608,0.008524
DuelingDQN,A1_grid,0,533,46242,-33.0,24,1,0.6078,0.010094
DuelingDQN,A1_grid,0,534,46286,-65.0,44,1,0.6074,0.005254
DuelingDQN,A1_grid,0,535,46347,-94.0,61,1,0.6069,0.001911
DuelingDQN,A1_grid,0,536,46407,-93.0,60,1,0.6064,0.000704
DuelingDQN,A1_grid,0,537,46420,-10.0,13,1,0.6063,0.000582
DuelingDQN,A1_grid,0,538,46445,-50.0,25,1,0.6061,0.000545
DuelingDQN,A1_grid,0,539,46470,-26.0,25,1,0.6058,0.000475
DuelingDQN,A1_grid,0,540,46509,-44.0,39,1,0.6055,0.003418
DuelingDQN,A1_grid,0,541,46553,-65.0,44,1,0.6051,0.013166
DuelingDQN,A1_grid,0,542,46613,-97.0,60,1,0.6046,0.007358
DuelingDQN,A1_grid,0,543,46660,-60.0,47,1,0.6042,0.002399
DuelingDQN,A1_grid,0,544,46679,-12.0,19,1,0.6041,0.002103
DuelingDQN,A1_grid,0,545,46734,-92.0,55,1,0.6036,0.00163
DuelingDQN,A1_grid,0,546,46809,-144.0,75,1,0.603,0.001028
DuelingDQN,A1_grid,0,547,46878,-102.0,69,1,0.6024,0.000977
DuelingDQN,A1_grid,0,548,46996,-239.0,118,1,0.6014,0.000516
DuelingDQN,A1_grid,0,549,47027,-60.0,31,1,0.6011,0.010442
DuelingDQN,A1_grid,0,550,47096,-138.0,69,1,0.6005,0.011235
DuelingDQN,A1_grid,0,551,47129,-38.0,33,1,0.6003,0.013422
DuelingDQN,A1_grid,0,552,47171,-63.0,42,1,0.5999,0.009619
DuelingDQN,A1_grid,0,553,47227,-65.0,56,1,0.5994,0.005004
DuelingDQN,A1_grid,0,554,47254,-48.0,27,1,0.5992,0.002072
DuelingDQN,A1_grid,0,555,47278,-33.0,24,1,0.599,0.001229
DuelingDQN,A1_grid,0,556,47314,-53.0,36,1,0.5987,0.000805
DuelingDQN,A1_grid,0,557,47399,-146.0,85,1,0.598,0.000393
DuelingDQN,A1_grid,0,558,47448,-90.0,49,1,0.5975,0.000199
DuelingDQN,A1_grid,0,559,47487,-68.0,39,1,0.5972,0.000136
DuelingDQN,A1_grid,0,560,47534,-72.0,47,1,0.5968,0.008126
DuelingDQN,A1_grid,0,561,47548,-15.0,14,1,0.5967,0.015191
DuelingDQN,A1_grid,0,562,47552,3.0,4,1,0.5967,0.012882
DuelingDQN,A1_grid,0,563,47568,-17.0,16,1,0.5965,0.010037
DuelingDQN,A1_grid,0,564,47627,-108.0,59,1,0.596,0.007647
DuelingDQN,A1_grid,0,565,47637,-15.0,10,1,0.5959,0.005152
DuelingDQN,A1_grid,0,566,47651,-19.0,14,1,0.5958,0.004186
DuelingDQN,A1_grid,0,567,47689,-31.0,38,1,0.5955,0.004351
DuelingDQN,A1_grid,0,568,47744,-88.0,55,1,0.595,0.001864
DuelingDQN,A1_grid,0,569,47826,-123.0,82,1,0.5943,0.001723
DuelingDQN,A1_grid,0,570,47845,-20.0,19,1,0.5942,0.00466
DuelingDQN,A1_grid,0,571,47897,-73.0,52,1,0.5937,0.003708
DuelingDQN,A1_grid,0,572,47965,-125.0,68,1,0.5932,0.001483
DuelingDQN,A1_grid,0,573,47978,-10.0,13,1,0.5931,0.001604
DuelingDQN,A1_grid,0,574,48042,-97.0,64,1,0.5925,0.009712
DuelingDQN,A1_grid,0,575,48077,-44.0,35,1,0.5922,0.01479
DuelingDQN,A1_grid,0,576,48093,-21.0,16,1,0.5921,0.009318
DuelingDQN,A1_grid,0,577,48148,-92.0,55,1,0.5916,0.004559
DuelingDQN,A1_grid,0,578,48190,-59.0,42,1,0.5913,0.002501
DuelingDQN,A1_grid,0,579,48220,-27.0,30,1,0.591,0.001376
DuelingDQN,A1_grid,0,580,48306,-163.0,86,1,0.5903,0.000967
DuelingDQN,A1_grid,0,581,48333,-32.0,27,1,0.59,0.0007
DuelingDQN,A1_grid,0,582,48395,-115.0,62,1,0.5895,0.000552
DuelingDQN,A1_grid,0,583,48419,-21.0,24,1,0.5893,0.000389
DuelingDQN,A1_grid,0,584,48470,-92.0,51,1,0.5889,0.000392
DuelingDQN,A1_grid,0,585,48525,-56.0,55,1,0.5884,0.006023
DuelingDQN,A1_grid,0,586,48607,-151.0,82,1,0.5877,0.006466
DuelingDQN,A1_grid,0,587,48628,-22.0,21,1,0.5875,0.002957
DuelingDQN,A1_grid,0,588,48669,-62.0,41,1,0.5872,0.003818
DuelingDQN,A1_grid,0,589,48701,-33.0,32,1,0.5869,0.002519
DuelingDQN,A1_grid,0,590,48750,-54.0,49,1,0.5865,0.002221
DuelingDQN,A1_grid,0,591,48818,-109.0,68,1,0.5859,0.002011
DuelingDQN,A1_grid,0,592,48868,-83.0,50,1,0.5855,0.001097
DuelingDQN,A1_grid,0,593,48945,-150.0,77,1,0.5849,0.000758
DuelingDQN,A1_grid,0,594,48980,-44.0,35,1,0.5846,0.000827
DuelingDQN,A1_grid,0,595,49009,-22.0,29,1,0.5843,0.003631
DuelingDQN,A1_grid,0,596,49031,-19.0,22,1,0.5841,0.008676
DuelingDQN,A1_grid,0,597,49074,-64.0,43,1,0.5838,0.013627
DuelingDQN,A1_grid,0,598,49114,-37.0,40,1,0.5834,0.008654
DuelingDQN,A1_grid,0,599,49126,-9.0,12,1,0.5833,0.004631
DuelingDQN,A1_grid,0,600,49186,-101.0,60,1,0.5828,0.004732
DuelingDQN,A1_grid,0,601,49266,-157.0,80,1,0.5821,0.002252
DuelingDQN,A1_grid,0,602,49329,-128.0,63,1,0.5816,0.001135
DuelingDQN,A1_grid,0,603,49345,-17.0,16,1,0.5815,0.002565
DuelingDQN,A1_grid,0,604,49397,-81.0,52,1,0.581,0.002416
DuelingDQN,A1_grid,0,605,49457,-109.0,60,1,0.5805,0.000674
DuelingDQN,A1_grid,0,606,49481,-33.0,24,1,0.5803,0.000875
DuelingDQN,A1_grid,0,607,49524,-72.0,43,1,0.5799,0.005436
DuelingDQN,A1_grid,0,608,49528,7.0,4,1,0.5799,0.007949
DuelingDQN,A1_grid,0,609,49566,-51.0,38,1,0.5796,0.010681
DuelingDQN,A1_grid,0,610,49610,-53.0,44,1,0.5792,0.005415
DuelingDQN,A1_grid,0,611,49645,-40.0,35,1,0.5789,0.002761
DuelingDQN,A1_grid,0,612,49703,-91.0,58,1,0.5784,0.002795
DuelingDQN,A1_grid,0,613,49738,-36.0,35,1,0.5781,0.002072
DuelingDQN,A1_grid,0,614,49791,-74.0,53,1,0.5777,0.001291
DuelingDQN,A1_grid,0,615,49813,-27.0,22,1,0.5775,0.001322
DuelingDQN,A1_grid,0,616,49874,-98.0,61,1,0.577,0.001215
DuelingDQN,A1_grid,0,617,49932,-95.0,58,1,0.5765,0.001072
DuelingDQN,A1_grid,0,618,49974,-67.0,42,1,0.5761,0.002008
DuelingDQN,A1_grid,0,619,50024,-79.0,50,1,0.5757,0.005546
DuelingDQN,A1_grid,0,620,50061,-54.0,37,1,0.5754,0.012072
DuelingDQN,A1_grid,0,621,50100,-52.0,39,1,0.5751,0.006962
DuelingDQN,A1_grid,0,622,50119,-16.0,19,1,0.5749,0.004225
DuelingDQN,A1_grid,0,623,50238,-196.0,119,1,0.5739,0.004101
DuelingDQN,A1_grid,0,624,50288,-63.0,50,1,0.5735,0.001498
DuelingDQN,A1_grid,0,625,50311,-28.0,23,1,0.5733,0.001159
DuelingDQN,A1_grid,0,626,50383,-133.0,72,1,0.5727,0.000617
DuelingDQN,A1_grid,0,627,50432,-62.0,49,1,0.5722,0.00038
DuelingDQN,A1_grid,0,628,50487,-96.0,55,1,0.5718,0.000274
DuelingDQN,A1_grid,0,629,50518,-28.0,31,1,0.5715,0.004489
DuelingDQN,A1_grid,0,630,50556,-55.0,38,1,0.5712,0.00983
DuelingDQN,A1_grid,0,631,50564,3.0,8,1,0.5711,0.009949
DuelingDQN,A1_grid,0,632,50602,-27.0,38,1,0.5708,0.005768
DuelingDQN,A1_grid,0,633,50696,-155.0,94,1,0.57,0.002255
DuelingDQN,A1_grid,0,634,50728,-49.0,32,1,0.5697,0.00136
DuelingDQN,A1_grid,0,635,50762,-51.0,34,1,0.5694,0.002954
DuelingDQN,A1_grid,0,636,50794,-37.0,32,1,0.5692,0.003133
DuelingDQN,A1_grid,0,637,50847,-102.0,53,1,0.5687,0.003763
DuelingDQN,A1_grid,0,638,50873,-27.0,26,1,0.5685,0.002821
DuelingDQN,A1_grid,0,639,50906,-38.0,33,1,0.5682,0.001491
DuelingDQN,A1_grid,0,640,50920,-11.0,14,1,0.5681,0.00095
DuelingDQN,A1_grid,0,641,51005,-142.0,85,1,0.5674,0.001167
DuelingDQN,A1_grid,0,642,51055,-71.0,50,1,0.567,0.009269
DuelingDQN,A1_grid,0,643,51094,-52.0,39,1,0.5666,0.005302
DuelingDQN,A1_grid,0,644,51154,-85.0,60,1,0.5661,0.003864
DuelingDQN,A1_grid,0,645,51189,-32.0,35,1,0.5658,0.002698
DuelingDQN,A1_grid,0,646,51241,-73.0,52,1,0.5654,0.002171
DuelingDQN,A1_grid,0,647,51252,-12.0,11,1,0.5653,0.001606
DuelingDQN,A1_grid,0,648,51305,-90.0,53,1,0.5648,0.001624
DuelingDQN,A1_grid,0,649,51325,-33.0,20,1,0.5647,0.001511
DuelingDQN,A1_grid,0,650,51370,-82.0,45,1,0.5643,0.001501
DuelingDQN,A1_grid,0,651,51410,-49.0,40,1,0.5639,0.000801
DuelingDQN,A1_grid,0,652,51460,-79.0,50,1,0.5635,0.000575
DuelingDQN,A1_grid,0,653,51506,-67.0,46,1,0.5631,0.001571
DuelingDQN,A1_grid,0,654,51525,-12.0,19,1,0.563,0.008354
DuelingDQN,A1_grid,0,655,51569,-53.0,44,1,0.5626,0.008227
DuelingDQN,A1_grid,0,656,51616,-84.0,47,1,0.5622,0.006915
DuelingDQN,A1_grid,0,657,51685,-122.0,69,1,0.5616,0.002765
DuelingDQN,A1_grid,0,658,51758,-118.0,73,1,0.561,0.002302
DuelingDQN,A1_grid,0,659,51779,-26.0,21,1,0.5608,0.001978
DuelingDQN,A1_grid,0,660,51845,-87.0,66,1,0.5603,0.000905
DuelingDQN,A1_grid,0,661,51877,-37.0,32,1,0.56,0.000924
DuelingDQN,A1_grid,0,662,51896,-8.0,19,1,0.5598,0.000778
DuelingDQN,A1_grid,0,663,51945,-70.0,49,1,0.5594,0.000482
DuelingDQN,A1_grid,0,664,51996,-80.0,51,1,0.559,0.000331
DuelingDQN,A1_grid,0,665,52037,-42.0,41,1,0.5586,0.00773
DuelingDQN,A1_grid,0,666,52050,-14.0,13,1,0.5585,0.008901
DuelingDQN,A1_grid,0,667,52088,-43.0,38,1,0.5582,0.010461
DuelingDQN,A1_grid,0,668,52101,-10.0,13,1,0.5581,0.008004
DuelingDQN,A1_grid,0,669,52125,-21.0,24,1,0.5579,0.004526
DuelingDQN,A1_grid,0,670,52206,-138.0,81,1,0.5572,0.004779
DuelingDQN,A1_grid,0,671,52207,10.0,1,1,0.5572,0.002658
DuelingDQN,A1_grid,0,672,52251,-81.0,44,1,0.5568,0.002122
DuelingDQN,A1_grid,0,673,52294,-64.0,43,1,0.5564,0.001446
DuelingDQN,A1_grid,0,674,52315,-26.0,21,1,0.5563,0.001345
DuelingDQN,A1_grid,0,675,52340,-26.0,25,1,0.5561,0.00142
DuelingDQN,A1_grid,0,676,52405,-98.0,65,1,0.5555,0.001202
DuelingDQN,A1_grid,0,677,52442,-62.0,37,1,0.5552,0.00069
DuelingDQN,A1_grid,0,678,52508,-103.0,66,1,0.5546,0.001258
DuelingDQN,A1_grid,0,679,52517,-6.0,9,1,0.5546,0.00721
DuelingDQN,A1_grid,0,680,52560,-52.0,43,1,0.5542,0.007421
DuelingDQN,A1_grid,0,681,52598,-47.0,38,1,0.5539,0.007471
DuelingDQN,A1_grid,0,682,52617,-20.0,19,1,0.5537,0.005496
DuelingDQN,A1_grid,0,683,52669,-89.0,52,1,0.5533,0.003768
DuelingDQN,A1_grid,0,684,52673,7.0,4,1,0.5532,0.005437
DuelingDQN,A1_grid,0,685,52687,-11.0,14,1,0.5531,0.003701
DuelingDQN,A1_grid,0,686,52713,-31.0,26,1,0.5529,0.003263
DuelingDQN,A1_grid,0,687,52744,-52.0,31,1,0.5526,0.002615
DuelingDQN,A1_grid,0,688,52770,-47.0,26,1,0.5524,0.003705
DuelingDQN,A1_grid,0,689,52809,-56.0,39,1,0.5521,0.002985
DuelingDQN,A1_grid,0,690,52864,-92.0,55,1,0.5516,0.002038
DuelingDQN,A1_grid,0,691,52907,-48.0,43,1,0.5512,0.000845
DuelingDQN,A1_grid,0,692,52962,-72.0,55,1,0.5508,0.000714
DuelingDQN,A1_grid,0,693,53016,-95.0,54,1,0.5503,0.002089
DuelingDQN,A1_grid,0,694,53086,-127.0,70,1,0.5497,0.005499
DuelingDQN,A1_grid,0,695,53123,-38.0,37,1,0.5494,0.003942
DuelingDQN,A1_grid,0,696,53165,-67.0,42,1,0.5491,0.002678
DuelingDQN,A1_grid,0,697,53200,-64.0,35,1,0.5488,0.001486
DuelingDQN,A1_grid,0,698,53232,-45.0,32,1,0.5485,0.000965
DuelingDQN,A1_grid,0,699,53238,-7.0,6,1,0.5484,0.000944
DuelingDQN,A1_grid,0,700,53297,-104.0,59,1,0.5479,0.00133
DuelingDQN,A1_grid,0,701,53343,-75.0,46,1,0.5475,0.002253
DuelingDQN,A1_grid,0,702,53353,-3.0,10,1,0.5475,0.001539
DuelingDQN,A1_grid,0,703,53433,-121.0,80,1,0.5468,0.001031
DuelingDQN,A1_grid,0,704,53490,-70.0,57,1,0.5463,0.00074
DuelingDQN,A1_grid,0,705,53532,-55.0,42,1,0.5459,0.003533
DuelingDQN,A1_grid,0,706,53585,-74.0,53,1,0.5455,0.00499
DuelingDQN,A1_grid,0,707,53628,-56.0,43,1,0.5451,0.004632
DuelingDQN,A1_grid,0,708,53678,-99.0,50,1,0.5447,0.004442
DuelingDQN,A1_grid,0,709,53692,-7.0,14,1,0.5446,0.005565
DuelingDQN,A1_grid,0,710,53783,-132.0,91,1,0.5438,0.005885
DuelingDQN,A1_grid,0,711,53813,-31.0,30,1,0.5436,0.002738
DuelingDQN,A1_grid,0,712,53913,-169.0,100,1,0.5427,0.002012
DuelingDQN,A1_grid,0,713,53943,-31.0,30,1,0.5425,0.001733
DuelingDQN,A1_grid,0,714,53966,-24.0,23,1,0.5423,0.000835
DuelingDQN,A1_grid,0,715,53983,-34.0,17,1,0.5421,0.000685
DuelingDQN,A1_grid,0,716,54051,-113.0,68,1,0.5415,0.004416
DuelingDQN,A1_grid,0,717,54095,-73.0,44,1,0.5412,0.009883
DuelingDQN,A1_grid,0,718,54103,-1.0,8,1,0.5411,0.006759
DuelingDQN,A1_grid,0,719,54162,-72.0,59,1,0.5406,0.005197
DuelingDQN,A1_grid,0,720,54233,-144.0,71,1,0.54,0.001996
DuelingDQN,A1_grid,0,721,54238,6.0,5,1,0.54,0.001169
DuelingDQN,A1_grid,0,722,54314,-117.0,76,1,0.5393,0.000885
DuelingDQN,A1_grid,0,723,54343,-34.0,29,1,0.5391,0.000392
DuelingDQN,A1_grid,0,724,54384,-66.0,41,1,0.5387,0.000389
DuelingDQN,A1_grid,0,725,54415,-52.0,31,1,0.5385,0.000362
DuelingDQN,A1_grid,0,726,54491,-105.0,76,1,0.5378,0.000312
DuelingDQN,A1_grid,0,727,54537,-59.0,46,1,0.5374,0.003827
DuelingDQN,A1_grid,0,728,54547,1.0,10,1,0.5373,0.00484
DuelingDQN,A1_grid,0,729,54586,-36.0,39,1,0.537,0.006688
DuelingDQN,A1_grid,0,730,54647,-78.0,61,1,0.5365,0.004858
DuelingDQN,A1_grid,0,731,54648,10.0,1,1,0.5365,0.003936
DuelingDQN,A1_grid,0,732,54666,-27.0,18,1,0.5363,0.007362
DuelingDQN,A1_grid,0,733,54678,-9.0,12,1,0.5362,0.004792
DuelingDQN,A1_grid,0,734,54717,-48.0,39,1,0.5359,0.002562
DuelingDQN,A1_grid,0,735,54749,-33.0,32,1,0.5356,0.002198
DuelingDQN,A1_grid,0,736,54775,-27.0,26,1,0.5354,0.003734
DuelingDQN,A1_grid,0,737,54779,7.0,4,1,0.5354,0.00229
DuelingDQN,A1_grid,0,738,54845,-111.0,66,1,0.5348,0.00194
DuelingDQN,A1_grid,0,739,54892,-84.0,47,1,0.5344,0.000767
DuelingDQN,A1_grid,0,740,54913,-14.0,21,1,0.5342,0.00074
DuelingDQN,A1_grid,0,741,54984,-120.0,71,1,0.5336,0.000848
DuelingDQN,A1_grid,0,742,55034,-71.0,50,1,0.5332,0.002943
DuelingDQN,A1_grid,0,743,55104,-143.0,70,1,0.5326,0.004896
DuelingDQN,A1_grid,0,744,55147,-68.0,43,1,0.5322,0.003438
DuelingDQN,A1_grid,0,745,55160,-18.0,13,1,0.5321,0.003045
DuelingDQN,A1_grid,0,746,55221,-90.0,61,1,0.5316,0.001734
DuelingDQN,A1_grid,0,747,55270,-66.0,49,1,0.5312,0.002323
DuelingDQN,A1_grid,0,748,55327,-90.0,57,1,0.5307,0.001345
DuelingDQN,A1_grid,0,749,55332,6.0,5,1,0.5307,0.001176
DuelingDQN,A1_grid,0,750,55378,-59.0,46,1,0.5303,0.001462
DuelingDQN,A1_grid,0,751,55402,-25.0,24,1,0.5301,0.001831
DuelingDQN,A1_grid,0,752,55426,-33.0,24,1,0.5299,0.001305
DuelingDQN,A1_grid,0,753,55512,-119.0,86,1,0.5291,0.002204
DuelingDQN,A1_grid,0,754,55576,-97.0,64,1,0.5286,0.007178
DuelingDQN,A1_grid,0,755,55639,-84.0,63,1,0.5281,0.010309
DuelingDQN,A1_grid,0,756,55648,-2.0,9,1,0.528,0.004517
DuelingDQN,A1_grid,0,757,55679,-40.0,31,1,0.5277,0.002449
DuelingDQN,A1_grid,0,758,55715,-49.0,36,1,0.5274,0.001148
DuelingDQN,A1_grid,0,759,55725,-7.0,10,1,0.5273,0.001464
DuelingDQN,A1_grid,0,760,55771,-55.0,46,1,0.527,0.001855
DuelingDQN,A1_grid,0,761,55804,-42.0,33,1,0.5267,0.001659
DuelingDQN,A1_grid,0,762,55832,-37.0,28,1,0.5264,0.00166
DuelingDQN,A1_grid,0,763,55889,-70.0,57,1,0.526,0.00106
DuelingDQN,A1_grid,0,764,55914,-30.0,25,1,0.5257,0.000627
DuelingDQN,A1_grid,0,765,55948,-35.0,34,1,0.5254,0.000658
DuelingDQN,A1_grid,0,766,55970,-23.0,22,1,0.5253,0.000529
DuelingDQN,A1_grid,0,767,56056,-155.0,86,1,0.5245,0.004404
DuelingDQN,A1_grid,0,768,56122,-111.0,66,1,0.524,0.003303
DuelingDQN,A1_grid,0,769,56138,-13.0,16,1,0.5238,0.001969
DuelingDQN,A1_grid,0,770,56154,-13.0,16,1,0.5237,0.002241
DuelingDQN,A1_grid,0,771,56168,-7.0,14,1,0.5236,0.003747
DuelingDQN,A1_grid,0,772,56226,-107.0,58,1,0.5231,0.001723
DuelingDQN,A1_grid,0,773,56239,-10.0,13,1,0.523,0.00094
DuelingDQN,A1_grid,0,774,56295,-85.0,56,1,0.5225,0.000629
DuelingDQN,A1_grid,0,775,56314,-24.0,19,1,0.5223,0.00033
DuelingDQN,A1_grid,0,776,56354,-81.0,40,1,0.522,0.000356
DuelingDQN,A1_grid,0,777,56439,-114.0,85,1,0.5213,0.000443
DuelingDQN,A1_grid,0,778,56508,-114.0,69,1,0.5207,0.000985
DuelingDQN,A1_grid,0,779,56565,-82.0,57,1,0.5202,0.006235
DuelingDQN,A1_grid,0,780,56603,-55.0,38,1,0.5199,0.006296
DuelingDQN,A1_grid,0,781,56671,-105.0,68,1,0.5193,0.006422
DuelingDQN,A1_grid,0,782,56681,-3.0,10,1,0.5192,0.004379
DuelingDQN,A1_grid,0,783,56684,4.0,3,1,0.5192,0.003825
DuelingDQN,A1_grid,0,784,56738,-67.0,54,1,0.5187,0.004432
DuelingDQN,A1_grid,0,785,56752,-19.0,14,1,0.5186,0.004133
DuelingDQN,A1_grid,0,786,56791,-60.0,39,1,0.5183,0.002164
DuelingDQN,A1_grid,0,787,56849,-87.0,58,1,0.5178,0.001386
DuelingDQN,A1_grid,0,788,56863,-7.0,14,1,0.5177,0.000659
DuelingDQN,A1_grid,0,789,56889,-15.0,26,1,0.5175,0.000651
DuelingDQN,A1_grid,0,790,56930,-38.0,41,1,0.5171,0.00088
DuelingDQN,A1_grid,0,791,56943,-10.0,13,1,0.517,0.001123
DuelingDQN,A1_grid,0,792,56959,-13.0,16,1,0.5169,0.000944
DuelingDQN,A1_grid,0,793,56993,-35.0,34,1,0.5166,0.000823
DuelingDQN,A1_grid,0,794,57023,-43.0,30,1,0.5163,0.004121
DuelingDQN,A1_grid,0,795,57039,-13.0,16,1,0.5162,0.0045
DuelingDQN,A1_grid,0,796,57053,-11.0,14,1,0.5161,0.006644
DuelingDQN,A1_grid,0,797,57070,-10.0,17,1,0.5159,0.004077
DuelingDQN,A1_grid,0,798,57100,-23.0,30,1,0.5157,0.003562
DuelingDQN,A1_grid,0,799,57120,-25.0,20,1,0.5155,0.00359
DuelingDQN,A1_grid,0,800,57160,-57.0,40,1,0.5152,0.002204
DQN,A1_grid,1,1,200,-468.0,200,0,0.9983,
DQN,A1_grid,1,2,400,-392.0,200,0,0.9966,
DQN,A1_grid,1,3,600,-632.0,200,0,0.9949,
DQN,A1_grid,1,4,703,-224.0,103,1,0.994,
DQN,A1_grid,1,5,759,-105.0,56,1,0.9936,
DQN,A1_grid,1,6,959,-400.0,200,0,0.9919,
DQN,A1_grid,1,7,1159,-540.0,200,0,0.9902,1.082063
DQN,A1_grid,1,8,1359,-432.0,200,0,0.9885,0.835207
DQN,A1_grid,1,9,1559,-428.0,200,0,0.9868,0.624219
DQN,A1_grid,1,10,1759,-488.0,200,0,0.9851,0.542293
DQN,A1_grid,1,11,1959,-488.0,200,0,0.9834,0.486025
DQN,A1_grid,1,12,2159,-404.0,200,0,0.9817,0.445727
DQN,A1_grid,1,13,2261,-191.0,102,1,0.9808,0.383021
DQN,A1_grid,1,14,2461,-468.0,200,0,0.9791,0.338046
DQN,A1_grid,1,15,2659,-371.0,198,1,0.9774,0.310029
DQN,A1_grid,1,16,2691,-69.0,32,1,0.9772,0.261335
DQN,A1_grid,1,17,2891,-412.0,200,0,0.9755,0.262233
DQN,A1_grid,1,18,3091,-408.0,200,0,0.9738,0.234887
DQN,A1_grid,1,19,3291,-468.0,200,0,0.9721,0.198385
DQN,A1_grid,1,20,3491,-412.0,200,0,0.9704,0.159704
DQN,A1_grid,1,21,3691,-452.0,200,0,0.9687,0.13162
DQN,A1_grid,1,22,3891,-528.0,200,0,0.967,0.099617
DQN,A1_grid,1,23,4091,-460.0,200,0,0.9653,0.102165
DQN,A1_grid,1,24,4273,-307.0,182,1,0.9638,0.075014
DQN,A1_grid,1,25,4473,-576.0,200,0,0.9621,0.070645
DQN,A1_grid,1,26,4673,-400.0,200,0,0.9604,0.074147
DQN,A1_grid,1,27,4873,-424.0,200,0,0.9587,0.062573
DQN,A1_grid,1,28,5001,-257.0,128,1,0.9576,0.048226
DQN,A1_grid,1,29,5201,-436.0,200,0,0.9559,0.05433
DQN,A1_grid,1,30,5401,-448.0,200,0,0.9542,0.051184
DQN,A1_grid,1,31,5601,-456.0,200,0,0.9525,0.047876
DQN,A1_grid,1,32,5801,-452.0,200,0,0.9508,0.055507
DQN,A1_grid,1,33,6001,-584.0,200,0,0.9491,0.043894
DQN,A1_grid,1,34,6201,-416.0,200,0,0.9474,0.058975
DQN,A1_grid,1,35,6401,-408.0,200,0,0.9457,0.041574
DQN,A1_grid,1,36,6601,-432.0,200,0,0.944,0.044906
DQN,A1_grid,1,37,6801,-532.0,200,0,0.9423,0.031139
DQN,A1_grid,1,38,7001,-396.0,200,0,0.9406,0.027504
DQN,A1_grid,1,39,7201,-396.0,200,0,0.9389,0.043
DQN,A1_grid,1,40,7401,-404.0,200,0,0.9372,0.027493
DQN,A1_grid,1,41,7601,-408.0,200,0,0.9355,0.040126
DQN,A1_grid,1,42,7801,-560.0,200,0,0.9338,0.028901
DQN,A1_grid,1,43,8001,-452.0,200,0,0.9321,0.028328
DQN,A1_grid,1,44,8201,-472.0,200,0,0.9304,0.026935
DQN,A1_grid,1,45,8401,-412.0,200,0,0.9287,0.043871
DQN,A1_grid,1,46,8601,-368.0,200,0,0.927,0.042619
DQN,A1_grid,1,47,8801,-460.0,200,0,0.9253,0.021333
DQN,A1_grid,1,48,9001,-540.0,200,0,0.9237,0.030872
DQN,A1_grid,1,49,9201,-452.0,200,0,0.922,0.034497
DQN,A1_grid,1,50,9401,-416.0,200,0,0.9203,0.026691
DQN,A1_grid,1,51,9601,-408.0,200,0,0.9186,0.037703
DQN,A1_grid,1,52,9801,-456.0,200,0,0.9169,0.020809
DQN,A1_grid,1,53,10001,-440.0,200,0,0.9152,0.027527
DQN,A1_grid,1,54,10201,-380.0,200,0,0.9135,0.040686
DQN,A1_grid,1,55,10401,-448.0,200,0,0.9118,0.020875
DQN,A1_grid,1,56,10601,-464.0,200,0,0.9101,0.032924
DQN,A1_grid,1,57,10801,-504.0,200,0,0.9084,0.023309
DQN,A1_grid,1,58,11001,-436.0,200,0,0.9067,0.009709
DQN,A1_grid,1,59,11201,-428.0,200,0,0.905,0.03637
DQN,A1_grid,1,60,11401,-496.0,200,0,0.9033,0.016622
DQN,A1_grid,1,61,11601,-436.0,200,0,0.9016,0.033234
DQN,A1_grid,1,62,11639,-83.0,38,1,0.9013,0.015577
DQN,A1_grid,1,63,11839,-336.0,200,0,0.8996,0.026311
DQN,A1_grid,1,64,12039,-380.0,200,0,0.8979,0.02975
DQN,A1_grid,1,65,12239,-360.0,200,0,0.8962,0.035082
DQN,A1_grid,1,66,12439,-556.0,200,0,0.8945,0.019469
DQN,A1_grid,1,67,12639,-424.0,200,0,0.8928,0.046947
DQN,A1_grid,1,68,12839,-440.0,200,0,0.8911,0.03948
DQN,A1_grid,1,69,13039,-404.0,200,0,0.8894,0.031384
DQN,A1_grid,1,70,13239,-388.0,200,0,0.8877,0.018529
DQN,A1_grid,1,71,13346,-204.0,107,1,0.8868,0.021426
DQN,A1_grid,1,72,13473,-216.0,127,1,0.8857,0.026322
DQN,A1_grid,1,73,13673,-392.0,200,0,0.884,0.028177
DQN,A1_grid,1,74,13873,-360.0,200,0,0.8823,0.025521
DQN,A1_grid,1,75,14073,-448.0,200,0,0.8806,0.02458
DQN,A1_grid,1,76,14273,-336.0,200,0,0.8789,0.031312
DQN,A1_grid,1,77,14473,-484.0,200,0,0.8772,0.020313
DQN,A1_grid,1,78,14673,-396.0,200,0,0.8755,0.034137
DQN,A1_grid,1,79,14873,-364.0,200,0,0.8738,0.039749
DQN,A1_grid,1,80,15073,-396.0,200,0,0.8721,0.03498
DQN,A1_grid,1,81,15273,-344.0,200,0,0.8705,0.032353
DQN,A1_grid,1,82,15473,-396.0,200,0,0.8688,0.015247
DQN,A1_grid,1,83,15673,-392.0,200,0,0.8671,0.037597
DQN,A1_grid,1,84,15856,-344.0,183,1,0.8655,0.032983
DQN,A1_grid,1,85,16056,-432.0,200,0,0.8638,0.029841
DQN,A1_grid,1,86,16256,-436.0,200,0,0.8621,0.041981
DQN,A1_grid,1,87,16456,-516.0,200,0,0.8604,0.035689
DQN,A1_grid,1,88,16656,-448.0,200,0,0.8587,0.045217
DQN,A1_grid,1,89,16856,-388.0,200,0,0.857,0.036456
DQN,A1_grid,1,90,16898,-75.0,42,1,0.8567,0.030278
DQN,A1_grid,1,91,17098,-432.0,200,0,0.855,0.03582
DQN,A1_grid,1,92,17298,-340.0,200,0,0.8533,0.025687
DQN,A1_grid,1,93,17498,-392.0,200,0,0.8516,0.013334
DQN,A1_grid,1,94,17510,-25.0,12,1,0.8515,0.181948
DQN,A1_grid,1,95,17710,-436.0,200,0,0.8498,0.034626
DQN,A1_grid,1,96,17910,-512.0,200,0,0.8481,0.019645
DQN,A1_grid,1,97,18110,-408.0,200,0,0.8464,0.040316
DQN,A1_grid,1,98,18310,-380.0,200,0,0.8447,0.050733
DQN,A1_grid,1,99,18510,-384.0,200,0,0.843,0.028112
DQN,A1_grid,1,100,18710,-500.0,200,0,0.8413,0.033219
DQN,A1_grid,1,101,18910,-380.0,200,0,0.8396,0.026167
DQN,A1_grid,1,102,19110,-356.0,200,0,0.8379,0.041809
DQN,A1_grid,1,103,19310,-388.0,200,0,0.8362,0.020785
DQN,A1_grid,1,104,19510,-360.0,200,0,0.8345,0.032606
DQN,A1_grid,1,105,19710,-376.0,200,0,0.8328,0.038687
DQN,A1_grid,1,106,19910,-388.0,200,0,0.8311,0.021078
DQN,A1_grid,1,107,20110,-372.0,200,0,0.8294,0.044446
DQN,A1_grid,1,108,20310,-400.0,200,0,0.8277,0.031133
DQN,A1_grid,1,109,20510,-324.0,200,0,0.826,0.025658
DQN,A1_grid,1,110,20710,-388.0,200,0,0.8243,0.031779
DQN,A1_grid,1,111,20910,-336.0,200,0,0.8226,0.031382
DQN,A1_grid,1,112,21110,-320.0,200,0,0.8209,0.02715
DQN,A1_grid,1,113,21310,-440.0,200,0,0.8192,0.025278
DQN,A1_grid,1,114,21510,-392.0,200,0,0.8175,0.026222
DQN,A1_grid,1,115,21710,-416.0,200,0,0.8159,0.032134
DQN,A1_grid,1,116,21910,-392.0,200,0,0.8142,0.035579
DQN,A1_grid,1,117,22110,-392.0,200,0,0.8125,0.044624
DQN,A1_grid,1,118,22310,-340.0,200,0,0.8108,0.021678
DQN,A1_grid,1,119,22510,-328.0,200,0,0.8091,0.040595
DQN,A1_grid,1,120,22710,-364.0,200,0,0.8074,0.032508
DQN,A1_grid,1,121,22910,-352.0,200,0,0.8057,0.029494
DQN,A1_grid,1,122,23110,-324.0,200,0,0.804,0.052547
DQN,A1_grid,1,123,23310,-404.0,200,0,0.8023,0.043821
DQN,A1_grid,1,124,23510,-364.0,200,0,0.8006,0.030662
DQN,A1_grid,1,125,23710,-380.0,200,0,0.7989,0.016504
DQN,A1_grid,1,126,23910,-436.0,200,0,0.7972,0.026412
DQN,A1_grid,1,127,24110,-356.0,200,0,0.7955,0.037029
DQN,A1_grid,1,128,24310,-356.0,200,0,0.7938,0.049304
DQN,A1_grid,1,129,24510,-360.0,200,0,0.7921,0.045809
DQN,A1_grid,1,130,24710,-408.0,200,0,0.7904,0.020563
DQN,A1_grid,1,131,24910,-504.0,200,0,0.7887,0.012825
DQN,A1_grid,1,132,25110,-380.0,200,0,0.787,0.046036
DQN,A1_grid,1,133,25310,-464.0,200,0,0.7853,0.016269
DQN,A1_grid,1,134,25510,-416.0,200,0,0.7836,0.046723
DQN,A1_grid,1,135,25710,-452.0,200,0,0.7819,0.026926
DQN,A1_grid,1,136,25910,-344.0,200,0,0.7802,0.031786
DQN,A1_grid,1,137,26110,-348.0,200,0,0.7785,0.02823
DQN,A1_grid,1,138,26310,-352.0,200,0,0.7768,0.028251
DQN,A1_grid,1,139,26510,-356.0,200,0,0.7751,0.024909
DQN,A1_grid,1,140,26710,-416.0,200,0,0.7734,0.03436
DQN,A1_grid,1,141,26910,-556.0,200,0,0.7717,0.024906
DQN,A1_grid,1,142,27110,-340.0,200,0,0.77,0.036384
DQN,A1_grid,1,143,27310,-348.0,200,0,0.7684,0.039923
DQN,A1_grid,1,144,27510,-356.0,200,0,0.7667,0.01737
DQN,A1_grid,1,145,27710,-372.0,200,0,0.765,0.035712
DQN,A1_grid,1,146,27910,-452.0,200,0,0.7633,0.021244
DQN,A1_grid,1,147,28110,-444.0,200,0,0.7616,0.042861
DQN,A1_grid,1,148,28310,-360.0,200,0,0.7599,0.013416
DQN,A1_grid,1,149,28510,-424.0,200,0,0.7582,0.029398
DQN,A1_grid,1,150,28710,-376.0,200,0,0.7565,0.057401
DQN,A1_grid,1,151,28910,-468.0,200,0,0.7548,0.017628
DQN,A1_grid,1,152,29110,-376.0,200,0,0.7531,0.023147
DQN,A1_grid,1,153,29310,-364.0,200,0,0.7514,0.009516
DQN,A1_grid,1,154,29510,-352.0,200,0,0.7497,0.004343
DQN,A1_grid,1,155,29710,-408.0,200,0,0.748,0.041291
DQN,A1_grid,1,156,29910,-360.0,200,0,0.7463,0.013849
DQN,A1_grid,1,157,30025,-212.0,115,1,0.7453,0.038305
DQN,A1_grid,1,158,30225,-440.0,200,0,0.7436,0.017755
DQN,A1_grid,1,159,30425,-308.0,200,0,0.7419,0.014056
DQN,A1_grid,1,160,30625,-448.0,200,0,0.7402,0.016959
DQN,A1_grid,1,161,30825,-312.0,200,0,0.7385,0.025959
DQN,A1_grid,1,162,31025,-360.0,200,0,0.7368,0.057553
DQN,A1_grid,1,163,31225,-316.0,200,0,0.7351,0.024202
DQN,A1_grid,1,164,31425,-356.0,200,0,0.7334,0.026662
DQN,A1_grid,1,165,31625,-340.0,200,0,0.7318,0.03089
DQN,A1_grid,1,166,31825,-368.0,200,0,0.7301,0.018447
DQN,A1_grid,1,167,32025,-460.0,200,0,0.7284,0.020187
DQN,A1_grid,1,168,32225,-364.0,200,0,0.7267,0.011613
DQN,A1_grid,1,169,32425,-408.0,200,0,0.725,0.044515
DQN,A1_grid,1,170,32625,-372.0,200,0,0.7233,0.036799
DQN,A1_grid,1,171,32825,-444.0,200,0,0.7216,0.026835
DQN,A1_grid,1,172,33025,-360.0,200,0,0.7199,0.020658
DQN,A1_grid,1,173,33225,-364.0,200,0,0.7182,0.030347
DQN,A1_grid,1,174,33425,-432.0,200,0,0.7165,0.049516
DQN,A1_grid,1,175,33625,-392.0,200,0,0.7148,0.020027
DQN,A1_grid,1,176,33825,-336.0,200,0,0.7131,0.031888
DQN,A1_grid,1,177,34025,-336.0,200,0,0.7114,0.024204
DQN,A1_grid,1,178,34225,-344.0,200,0,0.7097,0.01198
DQN,A1_grid,1,179,34425,-404.0,200,0,0.708,0.02366
DQN,A1_grid,1,180,34625,-376.0,200,0,0.7063,0.036792
DQN,A1_grid,1,181,34825,-364.0,200,0,0.7046,0.028008
DQN,A1_grid,1,182,35025,-368.0,200,0,0.7029,0.037686
DQN,A1_grid,1,183,35225,-424.0,200,0,0.7012,0.038559
DQN,A1_grid,1,184,35347,-231.0,122,1,0.7002,0.001896
DQN,A1_grid,1,185,35547,-460.0,200,0,0.6985,0.042136
DQN,A1_grid,1,186,35747,-340.0,200,0,0.6968,0.010276
DQN,A1_grid,1,187,35750,8.0,3,1,0.6968,0.001029
DQN,A1_grid,1,188,35950,-380.0,200,0,0.6951,0.018966
DQN,A1_grid,1,189,35998,-89.0,48,1,0.6947,0.019688
DQN,A1_grid,1,190,36196,-351.0,198,1,0.693,0.027627
DQN,A1_grid,1,191,36396,-396.0,200,0,0.6913,0.064993
DQN,A1_grid,1,192,36456,-101.0,60,1,0.6908,0.032262
DQN,A1_grid,1,193,36656,-348.0,200,0,0.6891,0.044125
DQN,A1_grid,1,194,36856,-388.0,200,0,0.6874,0.024604
DQN,A1_grid,1,195,37056,-368.0,200,0,0.6857,0.04913
DQN,A1_grid,1,196,37064,-1.0,8,1,0.6856,0.004309
DQN,A1_grid,1,197,37264,-376.0,200,0,0.6839,0.029384
DQN,A1_grid,1,198,37464,-452.0,200,0,0.6822,0.033951
DQN,A1_grid,1,199,37506,-59.0,42,1,0.6819,0.054368
DQN,A1_grid,1,200,37696,-311.0,190,1,0.6803,0.032444
DQN,A1_grid,1,201,37700,3.0,4,1,0.6802,0.001257
DQN,A1_grid,1,202,37900,-348.0,200,0,0.6785,0.042635
DQN,A1_grid,1,203,38100,-344.0,200,0,0.6768,0.038352
DQN,A1_grid,1,204,38264,-297.0,164,1,0.6754,0.05305
DQN,A1_grid,1,205,38464,-416.0,200,0,0.6737,0.020391
DQN,A1_grid,1,206,38664,-396.0,200,0,0.672,0.034306
DQN,A1_grid,1,207,38864,-340.0,200,0,0.6704,0.033891
DQN,A1_grid,1,208,38868,3.0,4,1,0.6703,0.001268
DQN,A1_grid,1,209,39068,-396.0,200,0,0.6686,0.050081
DQN,A1_grid,1,210,39268,-392.0,200,0,0.6669,0.044986
DQN,A1_grid,1,211,39468,-380.0,200,0,0.6652,0.053548
DQN,A1_grid,1,212,39529,-90.0,61,1,0.6647,0.07672
DQN,A1_grid,1,213,39729,-492.0,200,0,0.663,0.040817
DQN,A1_grid,1,214,39809,-121.0,80,1,0.6623,0.072598
DQN,A1_grid,1,215,40009,-348.0,200,0,0.6606,0.038041
DQN,A1_grid,1,216,40209,-352.0,200,0,0.6589,0.066709
DQN,A1_grid,1,217,40409,-388.0,200,0,0.6572,0.040548
DQN,A1_grid,1,218,40609,-424.0,200,0,0.6555,0.031798
DQN,A1_grid,1,219,40717,-169.0,108,1,0.6546,0.072835
DQN,A1_grid,1,220,40917,-332.0,200,0,0.6529,0.050001
DQN,A1_grid,1,221,41108,-356.0,191,1,0.6513,0.034822
DQN,A1_grid,1,222,41127,-28.0,19,1,0.6512,0.055513
DQN,A1_grid,1,223,41327,-368.0,200,0,0.6495,0.027041
DQN,A1_grid,1,224,41527,-396.0,200,0,0.6478,0.072651
DQN,A1_grid,1,225,41727,-416.0,200,0,0.6461,0.056799
DQN,A1_grid,1,226,41739,-9.0,12,1,0.646,0.00394
DQN,A1_grid,1,227,41939,-420.0,200,0,0.6443,0.046309
DQN,A1_grid,1,228,41978,-68.0,39,1,0.6439,0.028622
DQN,A1_grid,1,229,42005,-28.0,27,1,0.6437,0.154287
DQN,A1_grid,1,230,42205,-436.0,200,0,0.642,0.074913
DQN,A1_grid,1,231,42405,-376.0,200,0,0.6403,0.048256
DQN,A1_grid,1,232,42605,-400.0,200,0,0.6386,0.064567
DQN,A1_grid,1,233,42805,-340.0,200,0,0.6369,0.054707
DQN,A1_grid,1,234,43005,-352.0,200,0,0.6352,0.046543
DQN,A1_grid,1,235,43205,-368.0,200,0,0.6335,0.055109
DQN,A1_grid,1,236,43230,-30.0,25,1,0.6333,0.007764
DQN,A1_grid,1,237,43430,-332.0,200,0,0.6316,0.059281
DQN,A1_grid,1,238,43630,-416.0,200,0,0.6299,0.049748
DQN,A1_grid,1,239,43830,-384.0,200,0,0.6282,0.032276
DQN,A1_grid,1,240,44030,-352.0,200,0,0.6265,0.088906
DQN,A1_grid,1,241,44230,-444.0,200,0,0.6248,0.049679
DQN,A1_grid,1,242,44430,-456.0,200,0,0.6231,0.047665
DQN,A1_grid,1,243,44517,-112.0,87,1,0.6224,0.068264
DQN,A1_grid,1,244,44543,-27.0,26,1,0.6222,0.014908
DQN,A1_grid,1,245,44743,-412.0,200,0,0.6205,0.078823
DQN,A1_grid,1,246,44817,-131.0,74,1,0.6199,0.062392
DQN,A1_grid,1,247,45017,-380.0,200,0,0.6182,0.061695
DQN,A1_grid,1,248,45171,-275.0,154,1,0.6169,0.066234
DQN,A1_grid,1,249,45214,-84.0,43,1,0.6165,0.038855
DQN,A1_grid,1,250,45322,-193.0,108,1,0.6156,0.023652
DQN,A1_grid,1,251,45521,-372.0,199,1,0.6139,0.103094
DQN,A1_grid,1,252,45691,-299.0,170,1,0.6124,0.082021
DQN,A1_grid,1,253,45891,-320.0,200,0,0.6107,0.072849
DQN,A1_grid,1,254,45918,-28.0,27,1,0.6105,0.195454
DQN,A1_grid,1,255,46023,-158.0,105,1,0.6096,0.059284
DQN,A1_grid,1,256,46128,-190.0,105,1,0.6087,0.096404
DQN,A1_grid,1,257,46142,-3.0,14,1,0.6086,0.032947
DQN,A1_grid,1,258,46210,-97.0,68,1,0.608,0.042229
DQN,A1_grid,1,259,46241,-40.0,31,1,0.6078,0.202239
DQN,A1_grid,1,260,46441,-356.0,200,0,0.6061,0.104446
DQN,A1_grid,1,261,46448,0.0,7,1,0.606,0.15309
DQN,A1_grid,1,262,46631,-280.0,183,1,0.6045,0.080465
DQN,A1_grid,1,263,46649,-15.0,18,1,0.6043,0.077191
DQN,A1_grid,1,264,46849,-388.0,200,0,0.6026,0.1281
DQN,A1_grid,1,265,47049,-364.0,200,0,0.6009,0.101087
DQN,A1_grid,1,266,47249,-396.0,200,0,0.5992,0.103484
DQN,A1_grid,1,267,47449,-348.0,200,0,0.5975,0.092866
DQN,A1_grid,1,268,47458,-10.0,9,1,0.5975,0.025668
DQN,A1_grid,1,269,47629,-292.0,171,1,0.596,0.103848
DQN,A1_grid,1,270,47660,-52.0,31,1,0.5957,0.129374
DQN,A1_grid,1,271,47860,-432.0,200,0,0.594,0.126239
DQN,A1_grid,1,272,47897,-58.0,37,1,0.5937,0.110611
DQN,A1_grid,1,273,47899,9.0,2,1,0.5937,0.071503
DQN,A1_grid,1,274,47901,9.0,2,1,0.5937,0.477487
DQN,A1_grid,1,275,47906,6.0,5,1,0.5937,0.042603
DQN,A1_grid,1,276,47915,-10.0,9,1,0.5936,0.232322
DQN,A1_grid,1,277,48115,-424.0,200,0,0.5919,0.140534
DQN,A1_grid,1,278,48195,-141.0,80,1,0.5912,0.093735
DQN,A1_grid,1,279,48395,-325.0,200,1,0.5895,0.127764
DQN,A1_grid,1,280,48400,-2.0,5,1,0.5895,0.106824
DQN,A1_grid,1,281,48600,-304.0,200,0,0.5878,0.106654
DQN,A1_grid,1,282,48800,-392.0,200,0,0.5861,0.161697
DQN,A1_grid,1,283,48820,-25.0,20,1,0.5859,0.075453
DQN,A1_grid,1,284,49020,-312.0,200,0,0.5842,0.125351
DQN,A1_grid,1,285,49180,-333.0,160,1,0.5828,0.148334
DQN,A1_grid,1,286,49244,-85.0,64,1,0.5823,0.116203
DQN,A1_grid,1,287,49254,-11.0,10,1,0.5822,0.07503
DQN,A1_grid,1,288,49346,-145.0,92,1,0.5814,0.146846
DQN,A1_grid,1,289,49356,-7.0,10,1,0.5814,0.175731
DQN,A1_grid,1,290,49362,1.0,6,1,0.5813,0.109911
DQN,A1_grid,1,291,49404,-59.0,42,1,0.5809,0.272798
DQN,A1_grid,1,292,49419,-20.0,15,1,0.5808,0.172973
DQN,A1_grid,1,293,49494,-104.0,75,1,0.5802,0.14428
DQN,A1_grid,1,294,49682,-253.0,188,1,0.5786,0.163922
DQN,A1_grid,1,295,49882,-364.0,200,0,0.5769,0.172168
DQN,A1_grid,1,296,49891,-2.0,9,1,0.5768,0.104872
DQN,A1_grid,1,297,49933,-63.0,42,1,0.5765,0.094058
DQN,A1_grid,1,298,49996,-96.0,63,1,0.5759,0.22064
DQN,A1_grid,1,299,50009,-10.0,13,1,0.5758,0.262765
DQN,A1_grid,1,300,50209,-324.0,200,0,0.5741,0.21723
DQN,A1_grid,1,301,50229,-33.0,20,1,0.574,0.192074
DQN,A1_grid,1,302,50248,-24.0,19,1,0.5738,0.19803
DQN,A1_grid,1,303,50436,-301.0,188,1,0.5722,0.173007
DQN,A1_grid,1,304,50636,-296.0,200,0,0.5705,0.190616
DQN,A1_grid,1,305,50740,-137.0,104,1,0.5696,0.254928
DQN,A1_grid,1,306,50837,-126.0,97,1,0.5688,0.20258
DQN,A1_grid,1,307,50838,10.0,1,1,0.5688,0.087179
DQN,A1_grid,1,308,50852,-11.0,14,1,0.5687,0.242222
DQN,A1_grid,1,309,51052,-380.0,200,0,0.567,0.174659
DQN,A1_grid,1,310,51210,-251.0,158,1,0.5656,0.215926
DQN,A1_grid,1,311,51237,-36.0,27,1,0.5654,0.230097
DQN,A1_grid,1,312,51269,-37.0,32,1,0.5651,0.192396
DQN,A1_grid,1,313,51469,-424.0,200,0,0.5634,0.207614
DQN,A1_grid,1,314,51531,-115.0,62,1,0.5629,0.272068
DQN,A1_grid,1,315,51545,-15.0,14,1,0.5628,0.186258
DQN,A1_grid,1,316,51745,-376.0,200,0,0.5611,0.239362
DQN,A1_grid,1,317,51759,-7.0,14,1,0.561,0.130019
DQN,A1_grid,1,318,51959,-272.0,200,0,0.5593,0.236045
DQN,A1_grid,1,319,51970,-4.0,11,1,0.5592,0.204215
DQN,A1_grid,1,320,51983,-10.0,13,1,0.5591,0.277191
DQN,A1_grid,1,321,52183,-360.0,200,0,0.5574,0.252831
DQN,A1_grid,1,322,52308,-198.0,125,1,0.5563,0.277706
DQN,A1_grid,1,323,52508,-404.0,200,0,0.5546,0.250842
DQN,A1_grid,1,324,52708,-344.0,200,0,0.5529,0.306388
DQN,A1_grid,1,325,52736,-41.0,28,1,0.5527,0.244099
DQN,A1_grid,1,326,52936,-308.0,200,0,0.551,0.278979
DQN,A1_grid,1,327,53136,-360.0,200,0,0.5493,0.316081
DQN,A1_grid,1,328,53336,-436.0,200,0,0.5476,0.294889
DQN,A1_grid,1,329,53339,4.0,3,1,0.5476,0.188085
DQN,A1_grid,1,330,53476,-194.0,137,1,0.5464,0.278765
DQN,A1_grid,1,331,53524,-57.0,48,1,0.546,0.380878
DQN,A1_grid,1,332,53724,-328.0,200,0,0.5443,0.354849
DQN,A1_grid,1,333,53924,-356.0,200,0,0.5426,0.324952
DQN,A1_grid,1,334,54124,-356.0,200,0,0.5409,0.363246
DQN,A1_grid,1,335,54324,-384.0,200,0,0.5392,0.345731
DQN,A1_grid,1,336,54338,-7.0,14,1,0.5391,0.279969
DQN,A1_grid,1,337,54373,-56.0,35,1,0.5388,0.303274
DQN,A1_grid,1,338,54396,-12.0,23,1,0.5386,0.31203
DQN,A1_grid,1,339,54419,-24.0,23,1,0.5384,0.281312
DQN,A1_grid,1,340,54619,-420.0,200,0,0.5367,0.369557
DQN,A1_grid,1,341,54692,-122.0,73,1,0.5361,0.414223
DQN,A1_grid,1,342,54892,-336.0,200,0,0.5344,0.343968
DQN,A1_grid,1,343,55065,-378.0,173,1,0.5329,0.422001
DQN,A1_grid,1,344,55102,-38.0,37,1,0.5326,0.465309
DQN,A1_grid,1,345,55160,-95.0,58,1,0.5321,0.451351
DQN,A1_grid,1,346,55214,-91.0,54,1,0.5317,0.426092
DQN,A1_grid,1,347,55389,-312.0,175,1,0.5302,0.415103
DQN,A1_grid,1,348,55495,-139.0,106,1,0.5293,0.421187
DQN,A1_grid,1,349,55511,-17.0,16,1,0.5291,0.491365
DQN,A1_grid,1,350,55563,-77.0,52,1,0.5287,0.550853
DQN,A1_grid,1,351,55573,-7.0,10,1,0.5286,0.50944
DQN,A1_grid,1,352,55581,-1.0,8,1,0.5286,0.512379
DQN,A1_grid,1,353,55598,-14.0,17,1,0.5284,0.559662
DQN,A1_grid,1,354,55644,-83.0,46,1,0.528,0.469479
DQN,A1_grid,1,355,55693,-70.0,49,1,0.5276,0.461177
DQN,A1_grid,1,356,55893,-356.0,200,0,0.5259,0.491894
DQN,A1_grid,1,357,55895,9.0,2,1,0.5259,0.639599
DQN,A1_grid,1,358,55933,-35.0,38,1,0.5256,0.46276
DQN,A1_grid,1,359,55942,2.0,9,1,0.5255,0.377788
DQN,A1_grid,1,360,56033,-148.0,91,1,0.5247,0.487874
DQN,A1_grid,1,361,56047,-11.0,14,1,0.5246,0.446123
DQN,A1_grid,1,362,56247,-336.0,200,0,0.5229,0.531754
DQN,A1_grid,1,363,56447,-324.0,200,0,0.5212,0.504667
DQN,A1_grid,1,364,56477,-31.0,30,1,0.521,0.421992
DQN,A1_grid,1,365,56544,-108.0,67,1,0.5204,0.624617
DQN,A1_grid,1,366,56602,-71.0,58,1,0.5199,0.629605
DQN,A1_grid,1,367,56658,-89.0,56,1,0.5194,0.574095
DQN,A1_grid,1,368,56858,-424.0,200,0,0.5177,0.533048
DQN,A1_grid,1,369,56916,-67.0,58,1,0.5172,0.521854
DQN,A1_grid,1,370,56940,-29.0,24,1,0.517,0.546348
DQN,A1_grid,1,371,57113,-314.0,173,1,0.5156,0.644889
DQN,A1_grid,1,372,57313,-320.0,200,0,0.5139,0.581291
DQN,A1_grid,1,373,57350,-46.0,37,1,0.5135,0.512957
DQN,A1_grid,1,374,57550,-312.0,200,0,0.5119,0.619819
DQN,A1_grid,1,375,57581,-44.0,31,1,0.5116,0.765345
DQN,A1_grid,1,376,57608,-24.0,27,1,0.5114,0.662294
DQN,A1_grid,1,377,57808,-340.0,200,0,0.5097,0.64799
DQN,A1_grid,1,378,57818,-7.0,10,1,0.5096,0.674978
DQN,A1_grid,1,379,58018,-352.0,200,0,0.5079,0.611782
DQN,A1_grid,1,380,58058,-65.0,40,1,0.5075,0.855492
DQN,A1_grid,1,381,58258,-312.0,200,0,0.5058,0.757371
DQN,A1_grid,1,382,58290,-57.0,32,1,0.5056,0.744443
DQN,A1_grid,1,383,58336,-83.0,46,1,0.5052,0.713618
DQN,A1_grid,1,384,58337,10.0,1,1,0.5052,0.537206
DQN,A1_grid,1,385,58384,-60.0,47,1,0.5048,0.687632
DQN,A1_grid,1,386,58426,-59.0,42,1,0.5044,0.725077
DQN,A1_grid,1,387,58443,-18.0,17,1,0.5043,0.582039
DQN,A1_grid,1,388,58448,6.0,5,1,0.5042,0.584117
DQN,A1_grid,1,389,58613,-238.0,165,1,0.5028,0.816535
DQN,A1_grid,1,390,58634,-22.0,21,1,0.5027,0.821304
DQN,A1_grid,1,391,58834,-316.0,200,0,0.501,0.754779
DQN,A1_grid,1,392,58879,-74.0,45,1,0.5006,0.699822
DQN,A1_grid,1,393,58920,-46.0,41,1,0.5002,0.708079
DQN,A1_grid,1,394,58962,-71.0,42,1,0.4999,0.669804
DQN,A1_grid,1,395,59162,-340.0,200,0,0.4982,0.881686
DQN,A1_grid,1,396,59362,-280.0,200,0,0.4965,0.796492
DQN,A1_grid,1,397,59409,-80.0,47,1,0.4961,0.792772
DQN,A1_grid,1,398,59491,-135.0,82,1,0.4954,0.696679
DQN,A1_grid,1,399,59511,-17.0,20,1,0.4952,0.914066
DQN,A1_grid,1,400,59711,-280.0,200,0,0.4935,0.910827
DQN,A1_grid,1,401,59911,-296.0,200,0,0.4918,0.780734
DQN,A1_grid,1,402,60111,-260.0,200,0,0.4901,0.940832
DQN,A1_grid,1,403,60311,-332.0,200,0,0.4884,0.900871
DQN,A1_grid,1,404,60393,-107.0,82,1,0.4877,0.831763
DQN,A1_grid,1,405,60439,-67.0,46,1,0.4873,0.853141
DQN,A1_grid,1,406,60601,-307.0,162,1,0.486,1.064029
DQN,A1_grid,1,407,60644,-60.0,43,1,0.4856,0.976272
DQN,A1_grid,1,408,60696,-85.0,52,1,0.4852,0.970367
DQN,A1_grid,1,409,60734,-39.0,38,1,0.4848,0.945045
DQN,A1_grid,1,410,60752,-15.0,18,1,0.4847,1.03028
DQN,A1_grid,1,411,60770,-15.0,18,1,0.4845,1.025966
DQN,A1_grid,1,412,60813,-72.0,43,1,0.4842,0.927457
DQN,A1_grid,1,413,60828,-16.0,15,1,0.484,0.877266
DQN,A1_grid,1,414,60831,4.0,3,1,0.484,0.938101
DQN,A1_grid,1,415,60845,-11.0,14,1,0.4839,0.906358
DQN,A1_grid,1,416,60916,-112.0,71,1,0.4833,0.93144
DQN,A1_grid,1,417,60927,0.0,11,1,0.4832,0.844592
DQN,A1_grid,1,418,60936,-14.0,9,1,0.4831,0.969151
DQN,A1_grid,1,419,60957,-18.0,21,1,0.483,0.820952
DQN,A1_grid,1,420,60971,-11.0,14,1,0.4828,1.022741
DQN,A1_grid,1,421,60992,-14.0,21,1,0.4827,0.805748
DQN,A1_grid,1,422,61192,-348.0,200,0,0.481,1.196126
DQN,A1_grid,1,423,61392,-304.0,200,0,0.4793,1.030811
DQN,A1_grid,1,424,61421,-26.0,29,1,0.479,0.968098
DQN,A1_grid,1,425,61454,-30.0,33,1,0.4787,0.91821
DQN,A1_grid,1,426,61482,-33.0,28,1,0.4785,0.947581
DQN,A1_grid,1,427,61519,-54.0,37,1,0.4782,1.223804
DQN,A1_grid,1,428,61549,-43.0,30,1,0.4779,1.225531
DQN,A1_grid,1,429,61749,-292.0,200,0,0.4762,1.131547
DQN,A1_grid,1,430,61785,-45.0,36,1,0.4759,1.051695
DQN,A1_grid,1,431,61798,-2.0,13,1,0.4758,1.092517
DQN,A1_grid,1,432,61828,-31.0,30,1,0.4756,1.06372
DQN,A1_grid,1,433,61893,-106.0,65,1,0.475,1.018862
DQN,A1_grid,1,434,61908,-16.0,15,1,0.4749,0.999091
DQN,A1_grid,1,435,61916,-1.0,8,1,0.4748,1.10563
DQN,A1_grid,1,436,61941,-18.0,25,1,0.4746,0.932215
DQN,A1_grid,1,437,61949,3.0,8,1,0.4745,1.011281
DQN,A1_grid,1,438,61978,-42.0,29,1,0.4743,0.906431
DQN,A1_grid,1,439,62003,-22.0,25,1,0.4741,1.072328
DQN,A1_grid,1,440,62133,-179.0,130,1,0.473,1.29358
DQN,A1_grid,1,441,62333,-276.0,200,0,0.4713,1.191366
DQN,A1_grid,1,442,62476,-192.0,143,1,0.4701,1.117043
DQN,A1_grid,1,443,62504,-41.0,28,1,0.4698,1.156901
DQN,A1_grid,1,444,62524,-25.0,20,1,0.4697,1.641172
DQN,A1_grid,1,445,62559,-48.0,35,1,0.4694,1.488481
DQN,A1_grid,1,446,62759,-288.0,200,0,0.4677,1.326607
DQN,A1_grid,1,447,62810,-92.0,51,1,0.4672,1.274332
DQN,A1_grid,1,448,62833,-48.0,23,1,0.467,1.309272
DQN,A1_grid,1,449,62854,-14.0,21,1,0.4669,1.1471
DQN,A1_grid,1,450,63054,-292.0,200,0,0.4652,1.270313
DQN,A1_grid,1,451,63254,-296.0,200,0,0.4635,1.352488
DQN,A1_grid,1,452,63344,-151.0,90,1,0.4627,1.31499
DQN,A1_grid,1,453,63544,-284.0,200,0,0.461,1.275483
DQN,A1_grid,1,454,63634,-103.0,90,1,0.4602,1.302192
DQN,A1_grid,1,455,63687,-90.0,53,1,0.4598,1.369579
DQN,A1_grid,1,456,63887,-280.0,200,0,0.4581,1.265972
DQN,A1_grid,1,457,63949,-99.0,62,1,0.4576,1.216765
DQN,A1_grid,1,458,64149,-376.0,200,0,0.4559,1.403476
DQN,A1_grid,1,459,64240,-116.0,91,1,0.4551,1.316772
DQN,A1_grid,1,460,64295,-72.0,55,1,0.4546,1.361366
DQN,A1_grid,1,461,64495,-284.0,200,0,0.4529,1.256696
DQN,A1_grid,1,462,64517,-31.0,22,1,0.4528,1.661667
DQN,A1_grid,1,463,64717,-256.0,200,0,0.4511,1.478157
DQN,A1_grid,1,464,64758,-58.0,41,1,0.4507,1.270911
DQN,A1_grid,1,465,64958,-280.0,200,0,0.449,1.34294
DQN,A1_grid,1,466,64997,-48.0,39,1,0.4487,1.353108
DQN,A1_grid,1,467,65197,-316.0,200,0,0.447,1.443499
DQN,A1_grid,1,468,65225,-53.0,28,1,0.4468,1.442197
DQN,A1_grid,1,469,65284,-76.0,59,1,0.4463,1.336284
DQN,A1_grid,1,470,65298,-11.0,14,1,0.4461,1.261549
DQN,A1_grid,1,471,65498,-312.0,200,0,0.4444,1.377058
DQN,A1_grid,1,472,65514,-13.0,16,1,0.4443,1.683427
DQN,A1_grid,1,473,65687,-238.0,173,1,0.4428,1.51805
DQN,A1_grid,1,474,65838,-200.0,151,1,0.4416,1.398268
DQN,A1_grid,1,475,66010,-261.0,172,1,0.4401,1.294872
DQN,A1_grid,1,476,66023,-6.0,13,1,0.44,1.427832
DQN,A1_grid,1,477,66097,-123.0,74,1,0.4394,1.462352
DQN,A1_grid,1,478,66123,-47.0,26,1,0.4391,1.311571
DQN,A1_grid,1,479,66323,-300.0,200,0,0.4374,1.343582
DQN,A1_grid,1,480,66366,-56.0,43,1,0.4371,1.344578
DQN,A1_grid,1,481,66434,-93.0,68,1,0.4365,1.230779
DQN,A1_grid,1,482,66557,-184.0,123,1,0.4355,1.330595
DQN,A1_grid,1,483,66639,-87.0,82,1,0.4348,1.395188
DQN,A1_grid,1,484,66784,-178.0,145,1,0.4335,1.252997
DQN,A1_grid,1,485,66984,-340.0,200,0,0.4318,1.272315
DQN,A1_grid,1,486,67027,-52.0,43,1,0.4315,1.453372
DQN,A1_grid,1,487,67078,-68.0,51,1,0.431,1.449452
DQN,A1_grid,1,488,67096,-15.0,18,1,0.4309,1.474102
DQN,A1_grid,1,489,67147,-68.0,51,1,0.4304,1.370598
DQN,A1_grid,1,490,67160,-2.0,13,1,0.4303,1.370399
DQN,A1_grid,1,491,67195,-60.0,35,1,0.43,1.249709
DQN,A1_grid,1,492,67210,-12.0,15,1,0.4299,1.47768
DQN,A1_grid,1,493,67216,-7.0,6,1,0.4299,1.146827
DQN,A1_grid,1,494,67249,-34.0,33,1,0.4296,1.328406
DQN,A1_grid,1,495,67252,8.0,3,1,0.4296,1.357515
DQN,A1_grid,1,496,67271,-24.0,19,1,0.4294,1.328389
DQN,A1_grid,1,497,67312,-62.0,41,1,0.4291,1.195575
DQN,A1_grid,1,498,67354,-71.0,42,1,0.4287,1.177138
DQN,A1_grid,1,499,67394,-45.0,40,1,0.4284,1.104687
DQN,A1_grid,1,500,67466,-97.0,72,1,0.4277,1.133874
DQN,A1_grid,1,501,67666,-224.0,200,0,0.426,1.356874
DQN,A1_grid,1,502,67810,-209.0,144,1,0.4248,1.212403
DQN,A1_grid,1,503,67891,-106.0,81,1,0.4241,1.155205
DQN,A1_grid,1,504,67935,-57.0,44,1,0.4238,1.110273
DQN,A1_grid,1,505,67980,-46.0,45,1,0.4234,1.151001
DQN,A1_grid,1,506,68019,-44.0,39,1,0.4231,1.371182
DQN,A1_grid,1,507,68088,-94.0,69,1,0.4225,1.396673
DQN,A1_grid,1,508,68151,-80.0,63,1,0.4219,1.235981
DQN,A1_grid,1,509,68182,-40.0,31,1,0.4217,1.348447
DQN,A1_grid,1,510,68382,-252.0,200,0,0.42,1.190724
DQN,A1_grid,1,511,68391,-2.0,9,1,0.4199,1.46234
DQN,A1_grid,1,512,68432,-38.0,41,1,0.4196,1.234418
DQN,A1_grid,1,513,68632,-276.0,200,0,0.4179,1.287476
DQN,A1_grid,1,514,68682,-67.0,50,1,0.4174,1.328279
DQN,A1_grid,1,515,68716,-51.0,34,1,0.4171,1.307437
DQN,A1_grid,1,516,68916,-296.0,200,0,0.4154,1.182818
DQN,A1_grid,1,517,69116,-308.0,200,0,0.4137,1.30503
DQN,A1_grid,1,518,69316,-272.0,200,0,0.4121,1.212188
DQN,A1_grid,1,519,69376,-77.0,60,1,0.4115,1.24547
DQN,A1_grid,1,520,69390,-7.0,14,1,0.4114,1.231405
DQN,A1_grid,1,521,69590,-256.0,200,0,0.4097,1.232877
DQN,A1_grid,1,522,69725,-156.0,135,1,0.4086,1.233647
DQN,A1_grid,1,523,69925,-252.0,200,0,0.4069,1.102597
DQN,A1_grid,1,524,69996,-112.0,71,1,0.4063,1.06137
DQN,A1_grid,1,525,70196,-344.0,200,0,0.4046,1.198019
DQN,A1_grid,1,526,70396,-296.0,200,0,0.4029,1.157419
DQN,A1_grid,1,527,70470,-95.0,74,1,0.4023,1.084596
DQN,A1_grid,1,528,70670,-288.0,200,0,0.4006,1.247309
DQN,A1_grid,1,529,70870,-256.0,200,0,0.3989,1.130976
DQN,A1_grid,1,530,71070,-324.0,200,0,0.3972,1.11365
DQN,A1_grid,1,531,71104,-43.0,34,1,0.3969,1.176553
DQN,A1_grid,1,532,71304,-280.0,200,0,0.3952,1.156383
DQN,A1_grid,1,533,71331,-32.0,27,1,0.395,0.99441
DQN,A1_grid,1,534,71372,-50.0,41,1,0.3946,1.101239
DQN,A1_grid,1,535,71375,8.0,3,1,0.3946,1.076529
DQN,A1_grid,1,536,71447,-105.0,72,1,0.394,1.134815
DQN,A1_grid,1,537,71647,-292.0,200,0,0.3923,1.138958
DQN,A1_grid,1,538,71847,-252.0,200,0,0.3906,1.048078
DQN,A1_grid,1,539,72047,-316.0,200,0,0.3889,1.062262
DQN,A1_grid,1,540,72054,4.0,7,1,0.3888,1.340044
DQN,A1_grid,1,541,72254,-276.0,200,0,0.3871,1.093503
DQN,A1_grid,1,542,72454,-288.0,200,0,0.3854,1.003669
DQN,A1_grid,1,543,72634,-209.0,180,1,0.3839,1.115817
DQN,A1_grid,1,544,72682,-65.0,48,1,0.3835,1.142343
DQN,A1_grid,1,545,72729,-36.0,47,1,0.3831,0.991125
DQN,A1_grid,1,546,72737,-1.0,8,1,0.383,1.057134
DQN,A1_grid,1,547,72900,-272.0,163,1,0.3817,1.038079
DQN,A1_grid,1,548,72941,-54.0,41,1,0.3813,1.008204
DQN,A1_grid,1,549,72987,-47.0,46,1,0.3809,1.018849
DQN,A1_grid,1,550,72997,-3.0,10,1,0.3808,0.914185
DQN,A1_grid,1,551,72998,10.0,1,1,0.3808,1.277205
DQN,A1_grid,1,552,73198,-300.0,200,0,0.3791,1.085368
DQN,A1_grid,1,553,73398,-284.0,200,0,0.3774,0.967457
DQN,A1_grid,1,554,73462,-105.0,64,1,0.3769,0.92936
DQN,A1_grid,1,555,73540,-103.0,78,1,0.3762,1.039729
DQN,A1_grid,1,556,73598,-87.0,58,1,0.3757,1.055829
DQN,A1_grid,1,557,73787,-226.0,189,1,0.3741,1.031579
DQN,A1_grid,1,558,73853,-75.0,66,1,0.3736,0.978452
DQN,A1_grid,1,559,74053,-248.0,200,0,0.3719,1.019393
DQN,A1_grid,1,560,74098,-58.0,45,1,0.3715,1.062095
DQN,A1_grid,1,561,74298,-288.0,200,0,0.3698,0.985889
DQN,A1_grid,1,562,74370,-97.0,72,1,0.3692,0.936421
DQN,A1_grid,1,563,74570,-276.0,200,0,0.3675,0.93489
DQN,A1_grid,1,564,74624,-75.0,54,1,0.367,1.01271
DQN,A1_grid,1,565,74732,-145.0,108,1,0.3661,1.02735
DQN,A1_grid,1,566,74733,10.0,1,1,0.3661,1.246179
DQN,A1_grid,1,567,74758,-18.0,25,1,0.3659,0.915512
DQN,A1_grid,1,568,74830,-81.0,72,1,0.3653,0.8775
DQN,A1_grid,1,569,74877,-40.0,47,1,0.3649,0.860881
DQN,A1_grid,1,570,74905,-17.0,28,1,0.3646,0.725228
DQN,A1_grid,1,571,74975,-95.0,70,1,0.3641,0.81819
DQN,A1_grid,1,572,75175,-304.0,200,0,0.3624,0.951814
DQN,A1_grid,1,573,75375,-280.0,200,0,0.3607,0.900583
DQN,A1_grid,1,574,75392,-6.0,17,1,0.3605,0.813545
DQN,A1_grid,1,575,75432,-33.0,40,1,0.3602,0.809368
DQN,A1_grid,1,576,75511,-96.0,79,1,0.3595,0.951943
DQN,A1_grid,1,577,75527,-13.0,16,1,0.3594,1.064218
DQN,A1_grid,1,578,75650,-164.0,123,1,0.3583,0.965411
DQN,A1_grid,1,579,75655,2.0,5,1,0.3583,1.090286
DQN,A1_grid,1,580,75855,-292.0,200,0,0.3566,0.895116
DQN,A1_grid,1,581,76055,-296.0,200,0,0.3549,0.837367
DQN,A1_grid,1,582,76255,-272.0,200,0,0.3532,0.866051
DQN,A1_grid,1,583,76455,-292.0,200,0,0.3515,0.767376
DQN,A1_grid,1,584,76655,-264.0,200,0,0.3498,0.807839
DQN,A1_grid,1,585,76829,-207.0,174,1,0.3483,0.77343
DQN,A1_grid,1,586,76900,-84.0,71,1,0.3477,0.696947
DQN,A1_grid,1,587,77100,-332.0,200,0,0.346,0.801602
DQN,A1_grid,1,588,77300,-276.0,200,0,0.3443,0.773603
DQN,A1_grid,1,589,77308,3.0,8,1,0.3443,0.754273
DQN,A1_grid,1,590,77366,-55.0,58,1,0.3438,0.732157
DQN,A1_grid,1,591,77542,-261.0,176,1,0.3423,0.722003
DQN,A1_grid,1,592,77551,2.0,9,1,0.3422,0.737185
DQN,A1_grid,1,593,77568,-10.0,17,1,0.3421,0.719976
DQN,A1_grid,1,594,77576,3.0,8,1,0.342,0.87603
DQN,A1_grid,1,595,77618,-67.0,42,1,0.3416,0.75612
DQN,A1_grid,1,596,77669,-60.0,51,1,0.3412,0.757052
DQN,A1_grid,1,597,77680,0.0,11,1,0.3411,0.598874
DQN,A1_grid,1,598,77713,-30.0,33,1,0.3408,0.637249
DQN,A1_grid,1,599,77754,-30.0,41,1,0.3405,0.644927
DQN,A1_grid,1,600,77775,-34.0,21,1,0.3403,0.734209
DQN,A1_grid,1,601,77789,-15.0,14,1,0.3402,0.584353
DQN,A1_grid,1,602,77809,-17.0,20,1,0.34,0.655981
DQN,A1_grid,1,603,77832,-12.0,23,1,0.3398,0.711171
DQN,A1_grid,1,604,77857,-30.0,25,1,0.3396,0.682864
DQN,A1_grid,1,605,77909,-69.0,52,1,0.3392,0.648792
DQN,A1_grid,1,606,77934,-18.0,25,1,0.339,0.714649
DQN,A1_grid,1,607,77973,-44.0,39,1,0.3386,0.703386
DQN,A1_grid,1,608,78173,-244.0,200,0,0.3369,0.779518
DQN,A1_grid,1,609,78181,-1.0,8,1,0.3369,0.620185
DQN,A1_grid,1,610,78314,-146.0,133,1,0.3357,0.710642
DQN,A1_grid,1,611,78460,-263.0,146,1,0.3345,0.666736
DQN,A1_grid,1,612,78512,-69.0,52,1,0.3341,0.755701
DQN,A1_grid,1,613,78547,-32.0,35,1,0.3338,0.795131
DQN,A1_grid,1,614,78572,-26.0,25,1,0.3335,0.688855
DQN,A1_grid,1,615,78579,0.0,7,1,0.3335,0.889608
DQN,A1_grid,1,616,78617,-47.0,38,1,0.3332,0.652075
DQN,A1_grid,1,617,78666,-62.0,49,1,0.3327,0.757898
DQN,A1_grid,1,618,78673,4.0,7,1,0.3327,0.69268
DQN,A1_grid,1,619,78747,-99.0,74,1,0.3321,0.653813
DQN,A1_grid,1,620,78788,-42.0,41,1,0.3317,0.562557
DQN,A1_grid,1,621,78817,-30.0,29,1,0.3315,0.574152
DQN,A1_grid,1,622,78844,-24.0,27,1,0.3312,0.668007
DQN,A1_grid,1,623,78866,-19.0,22,1,0.331,0.676997
DQN,A1_grid,1,624,78898,-37.0,32,1,0.3308,0.655239
DQN,A1_grid,1,625,78958,-85.0,60,1,0.3303,0.588802
DQN,A1_grid,1,626,78999,-30.0,41,1,0.3299,0.664234
DQN,A1_grid,1,627,79008,-2.0,9,1,0.3298,0.934648
DQN,A1_grid,1,628,79021,-6.0,13,1,0.3297,0.945339
DQN,A1_grid,1,629,79025,7.0,4,1,0.3297,1.03379
DQN,A1_grid,1,630,79225,-316.0,200,0,0.328,0.664149
DQN,A1_grid,1,631,79236,-4.0,11,1,0.3279,0.480908
DQN,A1_grid,1,632,79436,-336.0,200,0,0.3262,0.588971
DQN,A1_grid,1,633,79564,-145.0,128,1,0.3251,0.586688
DQN,A1_grid,1,634,79595,-36.0,31,1,0.3249,0.702114
DQN,A1_grid,1,635,79621,-27.0,26,1,0.3246,0.551624
DQN,A1_grid,1,636,79664,-52.0,43,1,0.3243,0.59343
DQN,A1_grid,1,637,79864,-248.0,200,0,0.3226,0.565431
DQN,A1_grid,1,638,79908,-45.0,44,1,0.3222,0.503889
DQN,A1_grid,1,639,80108,-248.0,200,0,0.3205,0.60312
DQN,A1_grid,1,640,80274,-187.0,166,1,0.3191,0.573927
DQN,A1_grid,1,641,80331,-66.0,57,1,0.3186,0.565194
DQN,A1_grid,1,642,80464,-166.0,133,1,0.3175,0.50527
DQN,A1_grid,1,643,80481,-10.0,17,1,0.3173,0.51214
DQN,A1_grid,1,644,80539,-55.0,58,1,0.3169,0.567424
DQN,A1_grid,1,645,80578,-32.0,39,1,0.3165,0.567955
DQN,A1_grid,1,646,80778,-332.0,200,0,0.3148,0.516679
DQN,A1_grid,1,647,80795,-10.0,17,1,0.3147,0.485316
DQN,A1_grid,1,648,80816,-26.0,21,1,0.3145,0.44773
DQN,A1_grid,1,649,80839,-16.0,23,1,0.3143,0.519001
DQN,A1_grid,1,650,80860,-18.0,21,1,0.3141,0.634899
DQN,A1_grid,1,651,80939,-116.0,79,1,0.3135,0.46991
DQN,A1_grid,1,652,80972,-34.0,33,1,0.3132,0.512685
DQN,A1_grid,1,653,81005,-34.0,33,1,0.3129,0.533495
DQN,A1_grid,1,654,81054,-50.0,49,1,0.3125,0.561089
DQN,A1_grid,1,655,81064,1.0,10,1,0.3124,0.63314
DQN,A1_grid,1,656,81095,-28.0,31,1,0.3121,0.582015
DQN,A1_grid,1,657,81126,-36.0,31,1,0.3119,0.482759
DQN,A1_grid,1,658,81165,-36.0,39,1,0.3115,0.525316
DQN,A1_grid,1,659,81212,-60.0,47,1,0.3111,0.534133
DQN,A1_grid,1,660,81291,-92.0,79,1,0.3105,0.506788
DQN,A1_grid,1,661,81491,-328.0,200,0,0.3088,0.48602
DQN,A1_grid,1,662,81515,-33.0,24,1,0.3086,0.582402
DQN,A1_grid,1,663,81525,1.0,10,1,0.3085,0.520823
DQN,A1_grid,1,664,81725,-336.0,200,0,0.3068,0.536643
DQN,A1_grid,1,665,81782,-66.0,57,1,0.3063,0.50283
DQN,A1_grid,1,666,81849,-80.0,67,1,0.3057,0.45241
DQN,A1_grid,1,667,81878,-26.0,29,1,0.3055,0.416319
DQN,A1_grid,1,668,81897,-16.0,19,1,0.3053,0.486835
DQN,A1_grid,1,669,81930,-38.0,33,1,0.3051,0.441114
DQN,A1_grid,1,670,81947,-18.0,17,1,0.3049,0.431931
DQN,A1_grid,1,671,81954,0.0,7,1,0.3049,0.487065
DQN,A1_grid,1,672,82011,-70.0,57,1,0.3044,0.475405
DQN,A1_grid,1,673,82036,-18.0,25,1,0.3042,0.55983
DQN,A1_grid,1,674,82095,-68.0,59,1,0.3037,0.55391
DQN,A1_grid,1,675,82101,5.0,6,1,0.3036,0.634983
DQN,A1_grid,1,676,82133,-45.0,32,1,0.3033,0.620434
DQN,A1_grid,1,677,82166,-30.0,33,1,0.3031,0.513153
DQN,A1_grid,1,678,82225,-88.0,59,1,0.3026,0.521832
DQN,A1_grid,1,679,82231,5.0,6,1,0.3025,0.537634
DQN,A1_grid,1,680,82235,7.0,4,1,0.3025,0.645279
DQN,A1_grid,1,681,82345,-151.0,110,1,0.3015,0.43338
DQN,A1_grid,1,682,82356,-4.0,11,1,0.3014,0.451951
DQN,A1_grid,1,683,82403,-48.0,47,1,0.301,0.46636
DQN,A1_grid,1,684,82526,-180.0,123,1,0.3,0.478199
DQN,A1_grid,1,685,82533,4.0,7,1,0.2999,0.469543
DQN,A1_grid,1,686,82549,-9.0,16,1,0.2998,0.528686
DQN,A1_grid,1,687,82606,-90.0,57,1,0.2993,0.533856
DQN,A1_grid,1,688,82657,-56.0,51,1,0.2989,0.462263
DQN,A1_grid,1,689,82664,4.0,7,1,0.2988,0.420012
DQN,A1_grid,1,690,82753,-122.0,89,1,0.2981,0.471677
DQN,A1_grid,1,691,82782,-26.0,29,1,0.2978,0.42273
DQN,A1_grid,1,692,82809,-28.0,27,1,0.2976,0.499593
DQN,A1_grid,1,693,82902,-106.0,93,1,0.2968,0.427689
DQN,A1_grid,1,694,83091,-286.0,189,1,0.2952,0.430719
DQN,A1_grid,1,695,83115,-17.0,24,1,0.295,0.348006
DQN,A1_grid,1,696,83139,-13.0,24,1,0.2948,0.386265
DQN,A1_grid,1,697,83145,1.0,6,1,0.2948,0.408513
DQN,A1_grid,1,698,83171,-23.0,26,1,0.2945,0.355646
DQN,A1_grid,1,699,83178,-4.0,7,1,0.2945,0.423656
DQN,A1_grid,1,700,83183,6.0,5,1,0.2944,0.338299
DQN,A1_grid,1,701,83192,-6.0,9,1,0.2944,0.499102
DQN,A1_grid,1,702,83209,-10.0,17,1,0.2942,0.369329
DQN,A1_grid,1,703,83222,-6.0,13,1,0.2941,0.392137
DQN,A1_grid,1,704,83228,1.0,6,1,0.294,0.38962
DQN,A1_grid,1,705,83243,-8.0,15,1,0.2939,0.439388
DQN,A1_grid,1,706,83257,-11.0,14,1,0.2938,0.341456
DQN,A1_grid,1,707,83260,4.0,3,1,0.2938,0.341037
DQN,A1_grid,1,708,83306,-47.0,46,1,0.2934,0.353726
DQN,A1_grid,1,709,83347,-42.0,41,1,0.293,0.358809
DQN,A1_grid,1,710,83356,-2.0,9,1,0.293,0.383945
DQN,A1_grid,1,711,83418,-71.0,62,1,0.2924,0.325838
DQN,A1_grid,1,712,83472,-55.0,54,1,0.292,0.34422
DQN,A1_grid,1,713,83503,-32.0,31,1,0.2917,0.376732
DQN,A1_grid,1,714,83523,-17.0,20,1,0.2915,0.57468
DQN,A1_grid,1,715,83552,-26.0,29,1,0.2913,0.421895
DQN,A1_grid,1,716,83606,-67.0,54,1,0.2908,0.47269
DQN,A1_grid,1,717,83637,-48.0,31,1,0.2906,0.411979
DQN,A1_grid,1,718,83685,-61.0,48,1,0.2902,0.39038
DQN,A1_grid,1,719,83707,-11.0,22,1,0.29,0.382552
DQN,A1_grid,1,720,83722,-12.0,15,1,0.2899,0.350952
DQN,A1_grid,1,721,83727,-2.0,5,1,0.2898,0.431328
DQN,A1_grid,1,722,83731,7.0,4,1,0.2898,0.299389
DQN,A1_grid,1,723,83776,-66.0,45,1,0.2894,0.379209
DQN,A1_grid,1,724,83807,-28.0,31,1,0.2891,0.336893
DQN,A1_grid,1,725,83816,2.0,9,1,0.2891,0.402391
DQN,A1_grid,1,726,83824,3.0,8,1,0.289,0.30935
DQN,A1_grid,1,727,83861,-30.0,37,1,0.2887,0.381302
DQN,A1_grid,1,728,83901,-57.0,40,1,0.2883,0.323715
DQN,A1_grid,1,729,83908,4.0,7,1,0.2883,0.337553
DQN,A1_grid,1,730,83917,2.0,9,1,0.2882,0.310564
DQN,A1_grid,1,731,83925,3.0,8,1,0.2881,0.370547
DQN,A1_grid,1,732,83958,-34.0,33,1,0.2879,0.338359
DQN,A1_grid,1,733,83981,-20.0,23,1,0.2877,0.372054
DQN,A1_grid,1,734,84026,-46.0,45,1,0.2873,0.417045
DQN,A1_grid,1,735,84070,-57.0,44,1,0.2869,0.413961
DQN,A1_grid,1,736,84096,-27.0,26,1,0.2867,0.395246
DQN,A1_grid,1,737,84138,-35.0,42,1,0.2863,0.33713
DQN,A1_grid,1,738,84159,-22.0,21,1,0.2862,0.37594
DQN,A1_grid,1,739,84192,-26.0,33,1,0.2859,0.333768
DQN,A1_grid,1,740,84193,10.0,1,1,0.2859,0.342653
DQN,A1_grid,1,741,84205,-1.0,12,1,0.2858,0.276653
DQN,A1_grid,1,742,84226,-10.0,21,1,0.2856,0.341654
DQN,A1_grid,1,743,84262,-33.0,36,1,0.2853,0.344954
DQN,A1_grid,1,744,84291,-34.0,29,1,0.285,0.327345
DQN,A1_grid,1,745,84299,3.0,8,1,0.285,0.350865
DQN,A1_grid,1,746,84332,-30.0,33,1,0.2847,0.293324
DQN,A1_grid,1,747,84393,-94.0,61,1,0.2842,0.298216
DQN,A1_grid,1,748,84399,5.0,6,1,0.2841,0.305665
DQN,A1_grid,1,749,84414,-4.0,15,1,0.284,0.265428
DQN,A1_grid,1,750,84450,-29.0,36,1,0.2837,0.290714
DQN,A1_grid,1,751,84494,-37.0,44,1,0.2833,0.281053
DQN,A1_grid,1,752,84513,-16.0,19,1,0.2831,0.565946
DQN,A1_grid,1,753,84527,-11.0,14,1,0.283,0.403757
DQN,A1_grid,1,754,84561,-39.0,34,1,0.2827,0.38942
DQN,A1_grid,1,755,84602,-38.0,41,1,0.2824,0.354292
DQN,A1_grid,1,756,84621,-20.0,19,1,0.2822,0.292195
DQN,A1_grid,1,757,84656,-40.0,35,1,0.2819,0.337302
DQN,A1_grid,1,758,84695,-60.0,39,1,0.2816,0.330268
DQN,A1_grid,1,759,84714,-16.0,19,1,0.2814,0.354383
DQN,A1_grid,1,760,84722,3.0,8,1,0.2814,0.302685
DQN,A1_grid,1,761,84739,-18.0,17,1,0.2812,0.338487
DQN,A1_grid,1,762,84760,-22.0,21,1,0.2811,0.295268
DQN,A1_grid,1,763,84791,-36.0,31,1,0.2808,0.319444
DQN,A1_grid,1,764,84802,0.0,11,1,0.2807,0.284772
DQN,A1_grid,1,765,84840,-47.0,38,1,0.2804,0.313642
DQN,A1_grid,1,766,84875,-48.0,35,1,0.2801,0.309394
DQN,A1_grid,1,767,84895,-17.0,20,1,0.2799,0.298093
DQN,A1_grid,1,768,84930,-44.0,35,1,0.2796,0.301677
DQN,A1_grid,1,769,84956,-31.0,26,1,0.2794,0.29483
DQN,A1_grid,1,770,84971,-4.0,15,1,0.2793,0.265383
DQN,A1_grid,1,771,84998,-32.0,27,1,0.279,0.246972
DQN,A1_grid,1,772,85029,-32.0,31,1,0.2788,0.483879
DQN,A1_grid,1,773,85053,-21.0,24,1,0.2786,0.348364
DQN,A1_grid,1,774,85076,-20.0,23,1,0.2784,0.310734
DQN,A1_grid,1,775,85101,-22.0,25,1,0.2782,0.302882
DQN,A1_grid,1,776,85155,-71.0,54,1,0.2777,0.313958
DQN,A1_grid,1,777,85162,0.0,7,1,0.2776,0.2976
DQN,A1_grid,1,778,85175,-6.0,13,1,0.2775,0.287474
DQN,A1_grid,1,779,85178,8.0,3,1,0.2775,0.319528
DQN,A1_grid,1,780,85189,0.0,11,1,0.2774,0.279501
DQN,A1_grid,1,781,85224,-36.0,35,1,0.2771,0.310437
DQN,A1_grid,1,782,85271,-56.0,47,1,0.2767,0.272715
DQN,A1_grid,1,783,85303,-41.0,32,1,0.2764,0.247335
DQN,A1_grid,1,784,85334,-32.0,31,1,0.2762,0.279794
DQN,A1_grid,1,785,85367,-42.0,33,1,0.2759,0.253308
DQN,A1_grid,1,786,85396,-34.0,29,1,0.2757,0.248086
DQN,A1_grid,1,787,85510,-143.0,114,1,0.2747,0.284393
DQN,A1_grid,1,788,85536,-19.0,26,1,0.2745,0.458256
DQN,A1_grid,1,789,85544,-1.0,8,1,0.2744,0.400272
DQN,A1_grid,1,790,85551,0.0,7,1,0.2743,0.3003
DQN,A1_grid,1,791,85555,-1.0,4,1,0.2743,0.338184
DQN,A1_grid,1,792,85580,-30.0,25,1,0.2741,0.305066
DQN,A1_grid,1,793,85595,-16.0,15,1,0.274,0.311239
DQN,A1_grid,1,794,85633,-39.0,38,1,0.2736,0.324045
DQN,A1_grid,1,795,85662,-26.0,29,1,0.2734,0.293538
DQN,A1_grid,1,796,85697,-32.0,35,1,0.2731,0.276021
DQN,A1_grid,1,797,85702,2.0,5,1,0.2731,0.276843
DQN,A1_grid,1,798,85734,-25.0,32,1,0.2728,0.282149
DQN,A1_grid,1,799,85764,-23.0,30,1,0.2725,0.244251
DQN,A1_grid,1,800,85784,-17.0,20,1,0.2724,0.223515
DuelingDQN,A1_grid,1,1,200,-384.0,200,0,0.9983,
DuelingDQN,A1_grid,1,2,400,-548.0,200,0,0.9966,
DuelingDQN,A1_grid,1,3,600,-496.0,200,0,0.9949,
DuelingDQN,A1_grid,1,4,719,-272.0,119,1,0.9939,
DuelingDQN,A1_grid,1,5,919,-380.0,200,0,0.9922,
DuelingDQN,A1_grid,1,6,1119,-412.0,200,0,0.9905,0.53663
DuelingDQN,A1_grid,1,7,1319,-652.0,200,0,0.9888,0.024914
DuelingDQN,A1_grid,1,8,1351,-61.0,32,1,0.9885,0.023995
DuelingDQN,A1_grid,1,9,1551,-436.0,200,0,0.9869,0.038244
DuelingDQN,A1_grid,1,10,1751,-512.0,200,0,0.9852,0.015795
DuelingDQN,A1_grid,1,11,1951,-432.0,200,0,0.9835,0.015185
DuelingDQN,A1_grid,1,12,2151,-440.0,200,0,0.9818,0.036821
DuelingDQN,A1_grid,1,13,2351,-500.0,200,0,0.9801,0.010186
DuelingDQN,A1_grid,1,14,2368,-18.0,17,1,0.9799,0.001016
DuelingDQN,A1_grid,1,15,2568,-368.0,200,0,0.9782,0.028107
DuelingDQN,A1_grid,1,16,2768,-420.0,200,0,0.9765,0.012421
DuelingDQN,A1_grid,1,17,2968,-392.0,200,0,0.9748,0.002886
DuelingDQN,A1_grid,1,18,3168,-508.0,200,0,0.9731,0.05192
DuelingDQN,A1_grid,1,19,3368,-392.0,200,0,0.9714,0.00636
DuelingDQN,A1_grid,1,20,3568,-324.0,200,0,0.9697,0.047545
DuelingDQN,A1_grid,1,21,3768,-496.0,200,0,0.968,0.040118
DuelingDQN,A1_grid,1,22,3968,-596.0,200,0,0.9664,0.015371
DuelingDQN,A1_grid,1,23,4075,-208.0,107,1,0.9654,0.115453
DuelingDQN,A1_grid,1,24,4240,-406.0,165,1,0.964,0.072891
DuelingDQN,A1_grid,1,25,4440,-444.0,200,0,0.9623,0.020288
DuelingDQN,A1_grid,1,26,4640,-436.0,200,0,0.9607,0.13008
DuelingDQN,A1_grid,1,27,4840,-508.0,200,0,0.959,0.028549
DuelingDQN,A1_grid,1,28,5040,-408.0,200,0,0.9573,0.077642
DuelingDQN,A1_grid,1,29,5240,-436.0,200,0,0.9556,0.088864
DuelingDQN,A1_grid,1,30,5440,-496.0,200,0,0.9539,0.019984
DuelingDQN,A1_grid,1,31,5640,-468.0,200,0,0.9522,0.107242
DuelingDQN,A1_grid,1,32,5840,-384.0,200,0,0.9505,0.036626
DuelingDQN,A1_grid,1,33,6040,-632.0,200,0,0.9488,0.065383
DuelingDQN,A1_grid,1,34,6240,-548.0,200,0,0.9471,0.060205
DuelingDQN,A1_grid,1,35,6440,-444.0,200,0,0.9454,0.016916
DuelingDQN,A1_grid,1,36,6640,-428.0,200,0,0.9437,0.096899
DuelingDQN,A1_grid,1,37,6840,-596.0,200,0,0.942,0.03787
DuelingDQN,A1_grid,1,38,7040,-456.0,200,0,0.9403,0.057335
DuelingDQN,A1_grid,1,39,7091,-112.0,51,1,0.9399,0.109449
DuelingDQN,A1_grid,1,40,7291,-428.0,200,0,0.9382,0.034512
DuelingDQN,A1_grid,1,41,7491,-440.0,200,0,0.9365,0.007541
DuelingDQN,A1_grid,1,42,7691,-596.0,200,0,0.9348,0.148411
DuelingDQN,A1_grid,1,43,7891,-396.0,200,0,0.9331,0.031889
DuelingDQN,A1_grid,1,44,8034,-240.0,143,1,0.9319,0.084282
DuelingDQN,A1_grid,1,45,8234,-440.0,200,0,0.9302,0.121219
DuelingDQN,A1_grid,1,46,8434,-492.0,200,0,0.9285,0.035694
DuelingDQN,A1_grid,1,47,8634,-436.0,200,0,0.9268,0.159234
DuelingDQN,A1_grid,1,48,8834,-480.0,200,0,0.9251,0.064729
DuelingDQN,A1_grid,1,49,9034,-476.0,200,0,0.9234,0.078687
DuelingDQN,A1_grid,1,50,9234,-456.0,200,0,0.9217,0.119436
DuelingDQN,A1_grid,1,51,9286,-81.0,52,1,0.9212,0.04241
DuelingDQN,A1_grid,1,52,9486,-484.0,200,0,0.9195,0.029767
DuelingDQN,A1_grid,1,53,9686,-504.0,200,0,0.9179,0.1601
DuelingDQN,A1_grid,1,54,9886,-416.0,200,0,0.9162,0.0504
DuelingDQN,A1_grid,1,55,10004,-247.0,118,1,0.9152,0.036075
DuelingDQN,A1_grid,1,56,10192,-369.0,188,1,0.9136,0.130731
DuelingDQN,A1_grid,1,57,10392,-440.0,200,0,0.9119,0.025404
DuelingDQN,A1_grid,1,58,10592,-448.0,200,0,0.9102,0.140015
DuelingDQN,A1_grid,1,59,10781,-370.0,189,1,0.9086,0.064972
DuelingDQN,A1_grid,1,60,10981,-400.0,200,0,0.9069,0.008298
DuelingDQN,A1_grid,1,61,11053,-145.0,72,1,0.9063,0.236664
DuelingDQN,A1_grid,1,62,11102,-82.0,49,1,0.9058,0.203564
DuelingDQN,A1_grid,1,63,11203,-190.0,101,1,0.905,0.077869
DuelingDQN,A1_grid,1,64,11318,-216.0,115,1,0.904,0.035403
DuelingDQN,A1_grid,1,65,11518,-400.0,200,0,0.9023,0.055025
DuelingDQN,A1_grid,1,66,11718,-388.0,200,0,0.9006,0.159182
DuelingDQN,A1_grid,1,67,11805,-152.0,87,1,0.8999,0.036375
DuelingDQN,A1_grid,1,68,11843,-63.0,38,1,0.8996,0.01235
DuelingDQN,A1_grid,1,69,12043,-364.0,200,0,0.8979,0.091869
DuelingDQN,A1_grid,1,70,12243,-456.0,200,0,0.8962,0.110812
DuelingDQN,A1_grid,1,71,12288,-62.0,45,1,0.8958,0.033131
DuelingDQN,A1_grid,1,72,12341,-110.0,53,1,0.8953,0.026007
DuelingDQN,A1_grid,1,73,12458,-258.0,117,1,0.8943,0.02761
DuelingDQN,A1_grid,1,74,12658,-420.0,200,0,0.8926,0.119084
DuelingDQN,A1_grid,1,75,12775,-246.0,117,1,0.8916,0.035272
DuelingDQN,A1_grid,1,76,12975,-376.0,200,0,0.89,0.009808
DuelingDQN,A1_grid,1,77,13038,-116.0,63,1,0.8894,0.159124
DuelingDQN,A1_grid,1,78,13238,-480.0,200,0,0.8877,0.106437
DuelingDQN,A1_grid,1,79,13438,-336.0,200,0,0.886,0.025158
DuelingDQN,A1_grid,1,80,13605,-332.0,167,1,0.8846,0.13317
DuelingDQN,A1_grid,1,81,13667,-95.0,62,1,0.8841,0.112278
DuelingDQN,A1_grid,1,82,13795,-213.0,128,1,0.883,0.059469
DuelingDQN,A1_grid,1,83,13902,-220.0,107,1,0.8821,0.019196
DuelingDQN,A1_grid,1,84,14102,-508.0,200,0,0.8804,0.111102
DuelingDQN,A1_grid,1,85,14302,-380.0,200,0,0.8787,0.052728
DuelingDQN,A1_grid,1,86,14502,-428.0,200,0,0.877,0.015566
DuelingDQN,A1_grid,1,87,14671,-382.0,169,1,0.8756,0.13773
DuelingDQN,A1_grid,1,88,14740,-122.0,69,1,0.875,0.03878
DuelingDQN,A1_grid,1,89,14767,-40.0,27,1,0.8748,0.020617
DuelingDQN,A1_grid,1,90,14847,-161.0,80,1,0.8741,0.015292
DuelingDQN,A1_grid,1,91,15047,-436.0,200,0,0.8724,0.054513
DuelingDQN,A1_grid,1,92,15106,-116.0,59,1,0.8719,0.104713
DuelingDQN,A1_grid,1,93,15175,-138.0,69,1,0.8713,0.043776
DuelingDQN,A1_grid,1,94,15182,0.0,7,1,0.8712,0.027467
DuelingDQN,A1_grid,1,95,15382,-480.0,200,0,0.8695,0.015814
DuelingDQN,A1_grid,1,96,15582,-488.0,200,0,0.8678,0.068148
DuelingDQN,A1_grid,1,97,15750,-317.0,168,1,0.8664,0.048151
DuelingDQN,A1_grid,1,98,15950,-444.0,200,0,0.8647,0.011659
DuelingDQN,A1_grid,1,99,16062,-225.0,112,1,0.8638,0.084703
DuelingDQN,A1_grid,1,100,16185,-280.0,123,1,0.8627,0.039242
DuelingDQN,A1_grid,1,101,16368,-408.0,183,1,0.8612,0.01028
DuelingDQN,A1_grid,1,102,16568,-476.0,200,0,0.8595,0.037208
DuelingDQN,A1_grid,1,103,16645,-162.0,77,1,0.8588,0.052253
DuelingDQN,A1_grid,1,104,16693,-105.0,48,1,0.8584,0.022685
DuelingDQN,A1_grid,1,105,16811,-263.0,118,1,0.8574,0.008869
DuelingDQN,A1_grid,1,106,16908,-150.0,97,1,0.8566,0.003632
DuelingDQN,A1_grid,1,107,17108,-456.0,200,0,0.8549,0.024076
DuelingDQN,A1_grid,1,108,17208,-205.0,100,1,0.854,0.006892
DuelingDQN,A1_grid,1,109,17408,-400.0,200,0,0.8524,0.001814
DuelingDQN,A1_grid,1,110,17496,-177.0,88,1,0.8516,0.000712
DuelingDQN,A1_grid,1,111,17579,-172.0,83,1,0.8509,0.030356
DuelingDQN,A1_grid,1,112,17761,-399.0,182,1,0.8494,0.005469
DuelingDQN,A1_grid,1,113,17873,-189.0,112,1,0.8484,0.001599
DuelingDQN,A1_grid,1,114,17930,-122.0,57,1,0.8479,0.001422
DuelingDQN,A1_grid,1,115,18130,-484.0,200,0,0.8462,0.011074
DuelingDQN,A1_grid,1,116,18168,-75.0,38,1,0.8459,0.006917
DuelingDQN,A1_grid,1,117,18197,-50.0,29,1,0.8457,0.004961
DuelingDQN,A1_grid,1,118,18217,-21.0,20,1,0.8455,0.004383
DuelingDQN,A1_grid,1,119,18404,-412.0,187,1,0.8439,0.002192
DuelingDQN,A1_grid,1,120,18604,-432.0,200,0,0.8422,0.016959
DuelingDQN,A1_grid,1,121,18733,-222.0,129,1,0.8411,0.008817
DuelingDQN,A1_grid,1,122,18933,-372.0,200,0,0.8394,0.002715
DuelingDQN,A1_grid,1,123,18980,-72.0,47,1,0.839,0.000362
DuelingDQN,A1_grid,1,124,19063,-168.0,83,1,0.8383,0.017571
DuelingDQN,A1_grid,1,125,19096,-46.0,33,1,0.838,0.021363
DuelingDQN,A1_grid,1,126,19171,-124.0,75,1,0.8374,0.016253
DuelingDQN,A1_grid,1,127,19193,-19.0,22,1,0.8372,0.010239
DuelingDQN,A1_grid,1,128,19322,-218.0,129,1,0.8361,0.004306
DuelingDQN,A1_grid,1,129,19465,-288.0,143,1,0.8349,0.001582
DuelingDQN,A1_grid,1,130,19471,-3.0,6,1,0.8349,0.000274
DuelingDQN,A1_grid,1,131,19590,-236.0,119,1,0.8338,0.017049
DuelingDQN,A1_grid,1,132,19699,-214.0,109,1,0.8329,0.012779
DuelingDQN,A1_grid,1,133,19825,-279.0,126,1,0.8318,0.007985
DuelingDQN,A1_grid,1,134,19904,-152.0,79,1,0.8312,0.010048
DuelingDQN,A1_grid,1,135,20079,-396.0,175,1,0.8297,0.012132
DuelingDQN,A1_grid,1,136,20138,-108.0,59,1,0.8292,0.015314
DuelingDQN,A1_grid,1,137,20251,-198.0,113,1,0.8282,0.008309
DuelingDQN,A1_grid,1,138,20300,-102.0,49,1,0.8278,0.003312
DuelingDQN,A1_grid,1,139,20500,-500.0,200,0,0.8261,0.001008
DuelingDQN,A1_grid,1,140,20564,-145.0,64,1,0.8256,0.022574
DuelingDQN,A1_grid,1,141,20764,-488.0,200,0,0.8239,0.009512
DuelingDQN,A1_grid,1,142,20964,-388.0,200,0,0.8222,0.004173
DuelingDQN,A1_grid,1,143,20990,-35.0,26,1,0.822,0.001055
DuelingDQN,A1_grid,1,144,21190,-472.0,200,0,0.8203,0.022637
DuelingDQN,A1_grid,1,145,21303,-202.0,113,1,0.8193,0.003591
DuelingDQN,A1_grid,1,146,21446,-308.0,143,1,0.8181,0.00095
DuelingDQN,A1_grid,1,147,21510,-125.0,64,1,0.8176,0.003116
DuelingDQN,A1_grid,1,148,21580,-135.0,70,1,0.817,0.022451
DuelingDQN,A1_grid,1,149,21665,-186.0,85,1,0.8162,0.012221
DuelingDQN,A1_grid,1,150,21865,-360.0,200,0,0.8145,0.002681
DuelingDQN,A1_grid,1,151,22065,-464.0,200,0,0.8128,0.006466
DuelingDQN,A1_grid,1,152,22158,-146.0,93,1,0.8121,0.015501
DuelingDQN,A1_grid,1,153,22308,-311.0,150,1,0.8108,0.003297
DuelingDQN,A1_grid,1,154,22407,-216.0,99,1,0.8099,0.001214
DuelingDQN,A1_grid,1,155,22503,-141.0,96,1,0.8091,0.001289
DuelingDQN,A1_grid,1,156,22533,-51.0,30,1,0.8089,0.013601
DuelingDQN,A1_grid,1,157,22680,-300.0,147,1,0.8076,0.009973
DuelingDQN,A1_grid,1,158,22866,-443.0,186,1,0.8061,0.00677
DuelingDQN,A1_grid,1,159,22940,-123.0,74,1,0.8054,0.002169
DuelingDQN,A1_grid,1,160,23134,-447.0,194,1,0.8038,0.013057
DuelingDQN,A1_grid,1,161,23334,-384.0,200,0,0.8021,0.004203
DuelingDQN,A1_grid,1,162,23371,-62.0,37,1,0.8018,0.001089
DuelingDQN,A1_grid,1,163,23414,-64.0,43,1,0.8014,0.00068
DuelingDQN,A1_grid,1,164,23614,-440.0,200,0,0.7997,0.019846
DuelingDQN,A1_grid,1,165,23711,-174.0,97,1,0.7989,0.006632
DuelingDQN,A1_grid,1,166,23781,-131.0,70,1,0.7983,0.002456
DuelingDQN,A1_grid,1,167,23876,-196.0,95,1,0.7975,0.001411
DuelingDQN,A1_grid,1,168,23971,-184.0,95,1,0.7967,0.000773
DuelingDQN,A1_grid,1,169,24121,-319.0,150,1,0.7954,0.01057
DuelingDQN,A1_grid,1,170,24295,-371.0,174,1,0.7939,0.006454
DuelingDQN,A1_grid,1,171,24368,-154.0,73,1,0.7933,0.001628
DuelingDQN,A1_grid,1,172,24546,-387.0,178,1,0.7918,0.005445
DuelingDQN,A1_grid,1,173,24562,-21.0,16,1,0.7917,0.012375
DuelingDQN,A1_grid,1,174,24716,-323.0,154,1,0.7904,0.009058
DuelingDQN,A1_grid,1,175,24792,-141.0,76,1,0.7897,0.002481
DuelingDQN,A1_grid,1,176,24830,-55.0,38,1,0.7894,0.00117
DuelingDQN,A1_grid,1,177,24967,-238.0,137,1,0.7882,0.000681
DuelingDQN,A1_grid,1,178,25034,-132.0,67,1,0.7877,0.005283
DuelingDQN,A1_grid,1,179,25133,-252.0,99,1,0.7868,0.018987
DuelingDQN,A1_grid,1,180,25330,-366.0,197,1,0.7852,0.007608
DuelingDQN,A1_grid,1,181,25433,-208.0,103,1,0.7843,0.000814
DuelingDQN,A1_grid,1,182,25609,-337.0,176,1,0.7828,0.009176
DuelingDQN,A1_grid,1,183,25809,-432.0,200,0,0.7811,0.003957
DuelingDQN,A1_grid,1,184,25872,-136.0,63,1,0.7806,0.002745
DuelingDQN,A1_grid,1,185,26014,-259.0,142,1,0.7794,0.004001
DuelingDQN,A1_grid,1,186,26073,-100.0,59,1,0.7789,0.011457
DuelingDQN,A1_grid,1,187,26089,-9.0,16,1,0.7787,0.01087
DuelingDQN,A1_grid,1,188,26207,-199.0,118,1,0.7777,0.012461
DuelingDQN,A1_grid,1,189,26210,8.0,3,1,0.7777,0.006347
DuelingDQN,A1_grid,1,190,26247,-66.0,37,1,0.7774,0.006511
DuelingDQN,A1_grid,1,191,26322,-124.0,75,1,0.7767,0.004003
DuelingDQN,A1_grid,1,192,26343,-18.0,21,1,0.7766,0.002601
DuelingDQN,A1_grid,1,193,26383,-57.0,40,1,0.7762,0.002806
DuelingDQN,A1_grid,1,194,26420,-62.0,37,1,0.7759,0.002091
DuelingDQN,A1_grid,1,195,26512,-133.0,92,1,0.7751,0.003234
DuelingDQN,A1_grid,1,196,26542,-47.0,30,1,0.7749,0.013898
DuelingDQN,A1_grid,1,197,26569,-28.0,27,1,0.7746,0.017385
DuelingDQN,A1_grid,1,198,26628,-96.0,59,1,0.7741,0.029144
DuelingDQN,A1_grid,1,199,26669,-54.0,41,1,0.7738,0.013724
DuelingDQN,A1_grid,1,200,26706,-74.0,37,1,0.7735,0.006175
DuelingDQN,A1_grid,1,201,26753,-76.0,47,1,0.7731,0.004053
DuelingDQN,A1_grid,1,202,26821,-101.0,68,1,0.7725,0.002915
DuelingDQN,A1_grid,1,203,26936,-228.0,115,1,0.7715,0.001179
DuelingDQN,A1_grid,1,204,27080,-221.0,144,1,0.7703,0.009209
DuelingDQN,A1_grid,1,205,27184,-221.0,104,1,0.7694,0.007235
DuelingDQN,A1_grid,1,206,27227,-68.0,43,1,0.7691,0.004408
DuelingDQN,A1_grid,1,207,27342,-212.0,115,1,0.7681,0.001626
DuelingDQN,A1_grid,1,208,27344,5.0,2,1,0.7681,0.002605
DuelingDQN,A1_grid,1,209,27473,-230.0,129,1,0.767,0.001814
DuelingDQN,A1_grid,1,210,27567,-199.0,94,1,0.7662,0.009493
DuelingDQN,A1_grid,1,211,27658,-192.0,91,1,0.7654,0.01839
DuelingDQN,A1_grid,1,212,27685,-56.0,27,1,0.7652,0.012265
DuelingDQN,A1_grid,1,213,27748,-120.0,63,1,0.7646,0.005434
DuelingDQN,A1_grid,1,214,27852,-185.0,104,1,0.7638,0.001747
DuelingDQN,A1_grid,1,215,27918,-131.0,66,1,0.7632,0.002247
DuelingDQN,A1_grid,1,216,28029,-196.0,111,1,0.7623,0.00503
DuelingDQN,A1_grid,1,217,28170,-334.0,141,1,0.7611,0.009128
DuelingDQN,A1_grid,1,218,28283,-222.0,113,1,0.7601,0.006566
DuelingDQN,A1_grid,1,219,28383,-209.0,100,1,0.7593,0.003117
DuelingDQN,A1_grid,1,220,28536,-278.0,153,1,0.758,0.00504
DuelingDQN,A1_grid,1,221,28695,-244.0,159,1,0.7566,0.010314
DuelingDQN,A1_grid,1,222,28722,-28.0,27,1,0.7564,0.011151
DuelingDQN,A1_grid,1,223,28813,-164.0,91,1,0.7556,0.003516
DuelingDQN,A1_grid,1,224,28937,-177.0,124,1,0.7546,0.000825
DuelingDQN,A1_grid,1,225,29086,-342.0,149,1,0.7533,0.0115
DuelingDQN,A1_grid,1,226,29127,-74.0,41,1,0.7529,0.016975
DuelingDQN,A1_grid,1,227,29143,-13.0,16,1,0.7528,0.010641
DuelingDQN,A1_grid,1,228,29146,8.0,3,1,0.7528,0.008017
DuelingDQN,A1_grid,1,229,29168,-19.0,22,1,0.7526,0.006548
DuelingDQN,A1_grid,1,230,29296,-281.0,128,1,0.7515,0.003748
DuelingDQN,A1_grid,1,231,29328,-53.0,32,1,0.7512,0.001673
DuelingDQN,A1_grid,1,232,29421,-134.0,93,1,0.7505,0.00155
DuelingDQN,A1_grid,1,233,29502,-162.0,81,1,0.7498,0.00173
DuelingDQN,A1_grid,1,234,29569,-92.0,67,1,0.7492,0.012531
DuelingDQN,A1_grid,1,235,29644,-120.0,75,1,0.7486,0.008304
DuelingDQN,A1_grid,1,236,29663,-32.0,19,1,0.7484,0.004732
DuelingDQN,A1_grid,1,237,29753,-191.0,90,1,0.7476,0.003956
DuelingDQN,A1_grid,1,238,29792,-64.0,39,1,0.7473,0.003284
DuelingDQN,A1_grid,1,239,29871,-156.0,79,1,0.7466,0.00285
DuelingDQN,A1_grid,1,240,29939,-105.0,68,1,0.7461,0.002552
DuelingDQN,A1_grid,1,241,30099,-365.0,160,1,0.7447,0.007269
DuelingDQN,A1_grid,1,242,30216,-242.0,117,1,0.7437,0.004629
DuelingDQN,A1_grid,1,243,30289,-122.0,73,1,0.7431,0.001947
DuelingDQN,A1_grid,1,244,30333,-61.0,44,1,0.7427,0.001308
DuelingDQN,A1_grid,1,245,30441,-213.0,108,1,0.7418,0.000885
DuelingDQN,A1_grid,1,246,30533,-189.0,92,1,0.741,0.005261
DuelingDQN,A1_grid,1,247,30631,-179.0,98,1,0.7402,0.021083
DuelingDQN,A1_grid,1,248,30692,-90.0,61,1,0.7397,0.005747
DuelingDQN,A1_grid,1,249,30752,-97.0,60,1,0.7392,0.004489
DuelingDQN,A1_grid,1,250,30817,-114.0,65,1,0.7386,0.003122
DuelingDQN,A1_grid,1,251,30896,-148.0,79,1,0.7379,0.001749
DuelingDQN,A1_grid,1,252,31055,-300.0,159,1,0.7366,0.004856
DuelingDQN,A1_grid,1,253,31141,-183.0,86,1,0.7359,0.006358
DuelingDQN,A1_grid,1,254,31240,-188.0,99,1,0.735,0.001905
DuelingDQN,A1_grid,1,255,31296,-97.0,56,1,0.7346,0.001863
DuelingDQN,A1_grid,1,256,31395,-176.0,99,1,0.7337,0.00164
DuelingDQN,A1_grid,1,257,31399,7.0,4,1,0.7337,0.00338
DuelingDQN,A1_grid,1,258,31452,-94.0,53,1,0.7332,0.00215
DuelingDQN,A1_grid,1,259,31478,-47.0,26,1,0.733,0.002219
DuelingDQN,A1_grid,1,260,31568,-175.0,90,1,0.7322,0.014989
DuelingDQN,A1_grid,1,261,31570,9.0,2,1,0.7322,0.017449
DuelingDQN,A1_grid,1,262,31678,-217.0,108,1,0.7313,0.008136
DuelingDQN,A1_grid,1,263,31697,-28.0,19,1,0.7311,0.005323
DuelingDQN,A1_grid,1,264,31767,-119.0,70,1,0.7306,0.002806
DuelingDQN,A1_grid,1,265,31913,-239.0,146,1,0.7293,0.001431
DuelingDQN,A1_grid,1,266,31964,-100.0,51,1,0.7289,0.001095
DuelingDQN,A1_grid,1,267,32043,-160.0,79,1,0.7282,0.008362
DuelingDQN,A1_grid,1,268,32057,-19.0,14,1,0.7281,0.018025
DuelingDQN,A1_grid,1,269,32145,-165.0,88,1,0.7274,0.013055
DuelingDQN,A1_grid,1,270,32186,-78.0,41,1,0.727,0.008307
DuelingDQN,A1_grid,1,271,32264,-167.0,78,1,0.7263,0.005577
DuelingDQN,A1_grid,1,272,32267,8.0,3,1,0.7263,0.004511
DuelingDQN,A1_grid,1,273,32269,9.0,2,1,0.7263,0.002614
DuelingDQN,A1_grid,1,274,32275,-3.0,6,1,0.7262,0.003383
DuelingDQN,A1_grid,1,275,32308,-30.0,33,1,0.726,0.002424
DuelingDQN,A1_grid,1,276,32343,-44.0,35,1,0.7257,0.0029
DuelingDQN,A1_grid,1,277,32453,-267.0,110,1,0.7247,0.002607
DuelingDQN,A1_grid,1,278,32523,-123.0,70,1,0.7241,0.004469
DuelingDQN,A1_grid,1,279,32570,-72.0,47,1,0.7237,0.014872
DuelingDQN,A1_grid,1,280,32587,-22.0,17,1,0.7236,0.011028
DuelingDQN,A1_grid,1,281,32676,-170.0,89,1,0.7228,0.006244
DuelingDQN,A1_grid,1,282,32781,-202.0,105,1,0.722,0.004019
DuelingDQN,A1_grid,1,283,32853,-109.0,72,1,0.7213,0.001398
DuelingDQN,A1_grid,1,284,32958,-206.0,105,1,0.7205,0.001057
DuelingDQN,A1_grid,1,285,33041,-124.0,83,1,0.7198,0.005878
DuelingDQN,A1_grid,1,286,33125,-137.0,84,1,0.719,0.00729
DuelingDQN,A1_grid,1,287,33217,-165.0,92,1,0.7183,0.002852
DuelingDQN,A1_grid,1,288,33298,-146.0,81,1,0.7176,0.003198
DuelingDQN,A1_grid,1,289,33346,-85.0,48,1,0.7172,0.011072
DuelingDQN,A1_grid,1,290,33362,-25.0,16,1,0.717,0.008207
DuelingDQN,A1_grid,1,291,33403,-70.0,41,1,0.7167,0.006263
DuelingDQN,A1_grid,1,292,33486,-152.0,83,1,0.716,0.002572
DuelingDQN,A1_grid,1,293,33508,-23.0,22,1,0.7158,0.005464
DuelingDQN,A1_grid,1,294,33569,-90.0,61,1,0.7153,0.013854
DuelingDQN,A1_grid,1,295,33693,-257.0,124,1,0.7142,0.00747
DuelingDQN,A1_grid,1,296,33707,-19.0,14,1,0.7141,0.002927
DuelingDQN,A1_grid,1,297,33799,-153.0,92,1,0.7133,0.001601
DuelingDQN,A1_grid,1,298,33860,-78.0,61,1,0.7128,0.00108
DuelingDQN,A1_grid,1,299,33882,-31.0,22,1,0.7126,0.000982
DuelingDQN,A1_grid,1,300,33965,-160.0,83,1,0.7119,0.000758
DuelingDQN,A1_grid,1,301,34005,-53.0,40,1,0.7116,0.002151
DuelingDQN,A1_grid,1,302,34103,-163.0,98,1,0.7107,0.012848
DuelingDQN,A1_grid,1,303,34198,-172.0,95,1,0.7099,0.015321
DuelingDQN,A1_grid,1,304,34276,-143.0,78,1,0.7093,0.00378
DuelingDQN,A1_grid,1,305,34341,-118.0,65,1,0.7087,0.001455
DuelingDQN,A1_grid,1,306,34412,-124.0,71,1,0.7081,0.000437
DuelingDQN,A1_grid,1,307,34426,-15.0,14,1,0.708,0.000221
DuelingDQN,A1_grid,1,308,34465,-72.0,39,1,0.7077,0.000238
DuelingDQN,A1_grid,1,309,34500,-48.0,35,1,0.7074,0.000422
DuelingDQN,A1_grid,1,310,34570,-115.0,70,1,0.7068,0.011663
DuelingDQN,A1_grid,1,311,34599,-46.0,29,1,0.7065,0.011346
DuelingDQN,A1_grid,1,312,34635,-81.0,36,1,0.7062,0.007118
DuelingDQN,A1_grid,1,313,34692,-94.0,57,1,0.7057,0.004604
DuelingDQN,A1_grid,1,314,34735,-76.0,43,1,0.7054,0.002371
DuelingDQN,A1_grid,1,315,34761,-43.0,26,1,0.7052,0.00181
DuelingDQN,A1_grid,1,316,34850,-194.0,89,1,0.7044,0.001817
DuelingDQN,A1_grid,1,317,34876,-35.0,26,1,0.7042,0.000951
DuelingDQN,A1_grid,1,318,35027,-252.0,151,1,0.7029,0.002306
DuelingDQN,A1_grid,1,319,35087,-81.0,60,1,0.7024,0.010529
DuelingDQN,A1_grid,1,320,35103,-9.0,16,1,0.7023,0.012094
DuelingDQN,A1_grid,1,321,35194,-188.0,91,1,0.7015,0.009568
DuelingDQN,A1_grid,1,322,35323,-186.0,129,1,0.7004,0.004459
DuelingDQN,A1_grid,1,323,35405,-167.0,82,1,0.6997,0.000737
DuelingDQN,A1_grid,1,324,35482,-174.0,77,1,0.699,0.000439
DuelingDQN,A1_grid,1,325,35531,-74.0,49,1,0.6986,0.005257
DuelingDQN,A1_grid,1,326,35600,-126.0,69,1,0.698,0.013866
DuelingDQN,A1_grid,1,327,35637,-66.0,37,1,0.6977,0.01298
DuelingDQN,A1_grid,1,328,35694,-118.0,57,1,0.6972,0.006219
DuelingDQN,A1_grid,1,329,35696,9.0,2,1,0.6972,0.002701
DuelingDQN,A1_grid,1,330,35738,-71.0,42,1,0.6969,0.002452
DuelingDQN,A1_grid,1,331,35808,-95.0,70,1,0.6963,0.001909
DuelingDQN,A1_grid,1,332,36008,-372.0,200,0,0.6946,0.001801
DuelingDQN,A1_grid,1,333,36070,-103.0,62,1,0.6941,0.009456
DuelingDQN,A1_grid,1,334,36151,-130.0,81,1,0.6934,0.011539
DuelingDQN,A1_grid,1,335,36247,-169.0,96,1,0.6926,0.008085
DuelingDQN,A1_grid,1,336,36288,-46.0,41,1,0.6922,0.003168
DuelingDQN,A1_grid,1,337,36342,-87.0,54,1,0.6918,0.001748
DuelingDQN,A1_grid,1,338,36404,-87.0,62,1,0.6912,0.001033
DuelingDQN,A1_grid,1,339,36447,-76.0,43,1,0.6909,0.001279
DuelingDQN,A1_grid,1,340,36516,-138.0,69,1,0.6903,0.00248
DuelingDQN,A1_grid,1,341,36611,-176.0,95,1,0.6895,0.008826
DuelingDQN,A1_grid,1,342,36698,-160.0,87,1,0.6887,0.002685
DuelingDQN,A1_grid,1,343,36780,-131.0,82,1,0.688,0.001383
DuelingDQN,A1_grid,1,344,36902,-199.0,122,1,0.687,0.001762
DuelingDQN,A1_grid,1,345,36960,-71.0,58,1,0.6865,0.000848
DuelingDQN,A1_grid,1,346,37078,-195.0,118,1,0.6855,0.006227
DuelingDQN,A1_grid,1,347,37143,-106.0,65,1,0.685,0.006918
DuelingDQN,A1_grid,1,348,37214,-116.0,71,1,0.6844,0.010577
DuelingDQN,A1_grid,1,349,37243,-42.0,29,1,0.6841,0.012289
DuelingDQN,A1_grid,1,350,37308,-94.0,65,1,0.6836,0.007009
DuelingDQN,A1_grid,1,351,37311,4.0,3,1,0.6835,0.0037
DuelingDQN,A1_grid,1,352,37316,6.0,5,1,0.6835,0.004879
DuelingDQN,A1_grid,1,353,37369,-90.0,53,1,0.683,0.002159
DuelingDQN,A1_grid,1,354,37388,-12.0,19,1,0.6829,0.001415
DuelingDQN,A1_grid,1,355,37434,-71.0,46,1,0.6825,0.001172
DuelingDQN,A1_grid,1,356,37508,-119.0,74,1,0.6819,0.001209
DuelingDQN,A1_grid,1,357,37513,2.0,5,1,0.6818,0.006701
DuelingDQN,A1_grid,1,358,37539,-39.0,26,1,0.6816,0.006591
DuelingDQN,A1_grid,1,359,37561,-23.0,22,1,0.6814,0.006948
DuelingDQN,A1_grid,1,360,37624,-104.0,63,1,0.6809,0.004306
DuelingDQN,A1_grid,1,361,37637,-30.0,13,1,0.6808,0.002309
DuelingDQN,A1_grid,1,362,37701,-133.0,64,1,0.6802,0.002935
DuelingDQN,A1_grid,1,363,37768,-108.0,67,1,0.6797,0.002782
DuelingDQN,A1_grid,1,364,37802,-67.0,34,1,0.6794,0.001452
DuelingDQN,A1_grid,1,365,37815,-6.0,13,1,0.6793,0.001004
DuelingDQN,A1_grid,1,366,37891,-121.0,76,1,0.6786,0.001059
DuelingDQN,A1_grid,1,367,37965,-115.0,74,1,0.678,0.000932
DuelingDQN,A1_grid,1,368,38077,-229.0,112,1,0.677,0.007363
DuelingDQN,A1_grid,1,369,38120,-64.0,43,1,0.6767,0.014127
DuelingDQN,A1_grid,1,370,38139,-20.0,19,1,0.6765,0.00923
DuelingDQN,A1_grid,1,371,38164,-22.0,25,1,0.6763,0.005355
DuelingDQN,A1_grid,1,372,38307,-284.0,143,1,0.6751,0.018127
DuelingDQN,A1_grid,1,373,38376,-102.0,69,1,0.6745,0.008693
DuelingDQN,A1_grid,1,374,38447,-132.0,71,1,0.6739,0.00181
DuelingDQN,A1_grid,1,375,38590,-228.0,143,1,0.6727,0.003651
DuelingDQN,A1_grid,1,376,38607,-14.0,17,1,0.6725,0.004519
DuelingDQN,A1_grid,1,377,38736,-242.0,129,1,0.6714,0.002586
DuelingDQN,A1_grid,1,378,38776,-61.0,40,1,0.6711,0.001281
DuelingDQN,A1_grid,1,379,38813,-30.0,37,1,0.6708,0.000994
DuelingDQN,A1_grid,1,380,38867,-79.0,54,1,0.6703,0.000691
DuelingDQN,A1_grid,1,381,39011,-253.0,144,1,0.6691,0.000942
DuelingDQN,A1_grid,1,382,39059,-97.0,48,1,0.6687,0.007669
DuelingDQN,A1_grid,1,383,39112,-78.0,53,1,0.6683,0.010963
DuelingDQN,A1_grid,1,384,39113,10.0,1,1,0.6682,0.004319
DuelingDQN,A1_grid,1,385,39144,-44.0,31,1,0.668,0.004109
DuelingDQN,A1_grid,1,386,39186,-51.0,42,1,0.6676,0.002739
DuelingDQN,A1_grid,1,387,39205,-12.0,19,1,0.6675,0.002086
DuelingDQN,A1_grid,1,388,39213,-9.0,8,1,0.6674,0.001796
DuelingDQN,A1_grid,1,389,39273,-105.0,60,1,0.6669,0.00137
DuelingDQN,A1_grid,1,390,39318,-70.0,45,1,0.6665,0.000905
DuelingDQN,A1_grid,1,391,39392,-127.0,74,1,0.6659,0.000605
DuelingDQN,A1_grid,1,392,39458,-91.0,66,1,0.6653,0.000404
DuelingDQN,A1_grid,1,393,39504,-71.0,46,1,0.6649,0.000949
DuelingDQN,A1_grid,1,394,39584,-133.0,80,1,0.6643,0.005587
DuelingDQN,A1_grid,1,395,39663,-140.0,79,1,0.6636,0.003768
DuelingDQN,A1_grid,1,396,39736,-130.0,73,1,0.663,0.003656
DuelingDQN,A1_grid,1,397,39771,-52.0,35,1,0.6627,0.001846
DuelingDQN,A1_grid,1,398,39856,-158.0,85,1,0.6619,0.001428
DuelingDQN,A1_grid,1,399,39906,-71.0,50,1,0.6615,0.002889
DuelingDQN,A1_grid,1,400,40007,-134.0,101,1,0.6607,0.001683
DuelingDQN,A1_grid,1,401,40073,-107.0,66,1,0.6601,0.006041
DuelingDQN,A1_grid,1,402,40133,-89.0,60,1,0.6596,0.005937
DuelingDQN,A1_grid,1,403,40217,-149.0,84,1,0.6589,0.01241
DuelingDQN,A1_grid,1,404,40268,-80.0,51,1,0.6584,0.008341
DuelingDQN,A1_grid,1,405,40328,-113.0,60,1,0.6579,0.006502
DuelingDQN,A1_grid,1,406,40341,-10.0,13,1,0.6578,0.005171
DuelingDQN,A1_grid,1,407,40385,-49.0,44,1,0.6575,0.003063
DuelingDQN,A1_grid,1,408,40409,-33.0,24,1,0.6573,0.003045
DuelingDQN,A1_grid,1,409,40493,-109.0,84,1,0.6565,0.002136
DuelingDQN,A1_grid,1,410,40533,-61.0,40,1,0.6562,0.005684
DuelingDQN,A1_grid,1,411,40559,-39.0,26,1,0.656,0.00587
DuelingDQN,A1_grid,1,412,40610,-72.0,51,1,0.6555,0.005133
DuelingDQN,A1_grid,1,413,40632,-27.0,22,1,0.6554,0.004081
DuelingDQN,A1_grid,1,414,40634,9.0,2,1,0.6553,0.005219
DuelingDQN,A1_grid,1,415,40662,-49.0,28,1,0.6551,0.004007
DuelingDQN,A1_grid,1,416,40730,-97.0,68,1,0.6545,0.003291
DuelingDQN,A1_grid,1,417,40739,-6.0,9,1,0.6545,0.002691
DuelingDQN,A1_grid,1,418,40755,-17.0,16,1,0.6543,0.002354
DuelingDQN,A1_grid,1,419,40788,-46.0,33,1,0.654,0.001318
DuelingDQN,A1_grid,1,420,40828,-69.0,40,1,0.6537,0.000908
DuelingDQN,A1_grid,1,421,40887,-84.0,59,1,0.6532,0.000814
DuelingDQN,A1_grid,1,422,40969,-175.0,82,1,0.6525,0.00099
DuelingDQN,A1_grid,1,423,41014,-82.0,45,1,0.6521,0.00295
DuelingDQN,A1_grid,1,424,41047,-54.0,33,1,0.6518,0.005605
DuelingDQN,A1_grid,1,425,41067,-13.0,20,1,0.6517,0.007954
DuelingDQN,A1_grid,1,426,41100,-42.0,33,1,0.6514,0.007331
DuelingDQN,A1_grid,1,427,41148,-53.0,48,1,0.651,0.008091
DuelingDQN,A1_grid,1,428,41159,-4.0,11,1,0.6509,0.00599
DuelingDQN,A1_grid,1,429,41245,-187.0,86,1,0.6502,0.003922
DuelingDQN,A1_grid,1,430,41298,-66.0,53,1,0.6497,0.001987
DuelingDQN,A1_grid,1,431,41310,-5.0,12,1,0.6496,0.00155
DuelingDQN,A1_grid,1,432,41402,-173.0,92,1,0.6488,0.000887
DuelingDQN,A1_grid,1,433,41444,-55.0,42,1,0.6485,0.001015
DuelingDQN,A1_grid,1,434,41471,-36.0,27,1,0.6482,0.000923
DuelingDQN,A1_grid,1,435,41489,-19.0,18,1,0.6481,0.000744
DuelingDQN,A1_grid,1,436,41520,-40.0,31,1,0.6478,0.004228
DuelingDQN,A1_grid,1,437,41527,0.0,7,1,0.6478,0.005561
DuelingDQN,A1_grid,1,438,41595,-117.0,68,1,0.6472,0.005101
DuelingDQN,A1_grid,1,439,41677,-139.0,82,1,0.6465,0.004229
DuelingDQN,A1_grid,1,440,41727,-83.0,50,1,0.6461,0.013007
DuelingDQN,A1_grid,1,441,41794,-136.0,67,1,0.6455,0.007118
DuelingDQN,A1_grid,1,442,41883,-170.0,89,1,0.6448,0.00297
DuelingDQN,A1_grid,1,443,41922,-56.0,39,1,0.6444,0.00171
DuelingDQN,A1_grid,1,444,41939,-26.0,17,1,0.6443,0.001193
DuelingDQN,A1_grid,1,445,41986,-76.0,47,1,0.6439,0.000773
DuelingDQN,A1_grid,1,446,42064,-119.0,78,1,0.6432,0.005558
DuelingDQN,A1_grid,1,447,42157,-158.0,93,1,0.6424,0.00378
DuelingDQN,A1_grid,1,448,42204,-48.0,47,1,0.642,0.003308
DuelingDQN,A1_grid,1,449,42249,-70.0,45,1,0.6416,0.003665
DuelingDQN,A1_grid,1,450,42297,-73.0,48,1,0.6412,0.002259
DuelingDQN,A1_grid,1,451,42374,-162.0,77,1,0.6406,0.002248
DuelingDQN,A1_grid,1,452,42426,-105.0,52,1,0.6401,0.00177
DuelingDQN,A1_grid,1,453,42539,-222.0,113,1,0.6392,0.004157
DuelingDQN,A1_grid,1,454,42571,-61.0,32,1,0.6389,0.011904
DuelingDQN,A1_grid,1,455,42670,-160.0,99,1,0.6381,0.011352
DuelingDQN,A1_grid,1,456,42735,-98.0,65,1,0.6375,0.00373
DuelingDQN,A1_grid,1,457,42754,-12.0,19,1,0.6374,0.003118
DuelingDQN,A1_grid,1,458,42806,-69.0,52,1,0.6369,0.002565
DuelingDQN,A1_grid,1,459,42882,-121.0,76,1,0.6363,0.001876
DuelingDQN,A1_grid,1,460,42896,-11.0,14,1,0.6362,0.001507
DuelingDQN,A1_grid,1,461,42952,-77.0,56,1,0.6357,0.001064
DuelingDQN,A1_grid,1,462,42984,-41.0,32,1,0.6354,0.000534
DuelingDQN,A1_grid,1,463,43034,-87.0,50,1,0.635,0.006071
DuelingDQN,A1_grid,1,464,43072,-51.0,38,1,0.6347,0.009638
DuelingDQN,A1_grid,1,465,43210,-255.0,138,1,0.6335,0.005944
DuelingDQN,A1_grid,1,466,43248,-43.0,38,1,0.6332,0.002227
DuelingDQN,A1_grid,1,467,43359,-196.0,111,1,0.6322,0.001021
DuelingDQN,A1_grid,1,468,43385,-35.0,26,1,0.632,0.000674
DuelingDQN,A1_grid,1,469,43420,-36.0,35,1,0.6317,0.000565
DuelingDQN,A1_grid,1,470,43496,-153.0,76,1,0.6311,0.00054
DuelingDQN,A1_grid,1,471,43576,-109.0,80,1,0.6304,0.006286
DuelingDQN,A1_grid,1,472,43615,-72.0,39,1,0.6301,0.005901
DuelingDQN,A1_grid,1,473,43667,-81.0,52,1,0.6296,0.006339
DuelingDQN,A1_grid,1,474,43694,-44.0,27,1,0.6294,0.004227
DuelingDQN,A1_grid,1,475,43736,-83.0,42,1,0.629,0.003222
DuelingDQN,A1_grid,1,476,43760,-37.0,24,1,0.6288,0.001553
DuelingDQN,A1_grid,1,477,43815,-84.0,55,1,0.6284,0.001046
DuelingDQN,A1_grid,1,478,43837,-19.0,22,1,0.6282,0.000602
DuelingDQN,A1_grid,1,479,43885,-101.0,48,1,0.6278,0.000703
DuelingDQN,A1_grid,1,480,43932,-84.0,47,1,0.6274,0.001029
DuelingDQN,A1_grid,1,481,43945,-10.0,13,1,0.6273,0.00116
DuelingDQN,A1_grid,1,482,43979,-59.0,34,1,0.627,0.001687
DuelingDQN,A1_grid,1,483,44023,-57.0,44,1,0.6266,0.006395
DuelingDQN,A1_grid,1,484,44063,-53.0,40,1,0.6263,0.008405
DuelingDQN,A1_grid,1,485,44141,-111.0,78,1,0.6256,0.009548
DuelingDQN,A1_grid,1,486,44149,3.0,8,1,0.6255,0.006758
DuelingDQN,A1_grid,1,487,44159,1.0,10,1,0.6254,0.007397
DuelingDQN,A1_grid,1,488,44162,4.0,3,1,0.6254,0.007668
DuelingDQN,A1_grid,1,489,44186,-21.0,24,1,0.6252,0.00698
DuelingDQN,A1_grid,1,490,44201,-12.0,15,1,0.6251,0.010834
DuelingDQN,A1_grid,1,491,44279,-139.0,78,1,0.6244,0.004529
DuelingDQN,A1_grid,1,492,44297,-19.0,18,1,0.6243,0.002703
DuelingDQN,A1_grid,1,493,44324,-32.0,27,1,0.624,0.002583
DuelingDQN,A1_grid,1,494,44360,-33.0,36,1,0.6237,0.001256
DuelingDQN,A1_grid,1,495,44361,10.0,1,1,0.6237,0.000911
DuelingDQN,A1_grid,1,496,44394,-70.0,33,1,0.6235,0.000703
DuelingDQN,A1_grid,1,497,44463,-98.0,69,1,0.6229,0.000586
DuelingDQN,A1_grid,1,498,44506,-68.0,43,1,0.6225,0.001458
DuelingDQN,A1_grid,1,499,44557,-76.0,51,1,0.6221,0.014072
DuelingDQN,A1_grid,1,500,44606,-110.0,49,1,0.6217,0.009697
DuelingDQN,A1_grid,1,501,44674,-93.0,68,1,0.6211,0.004355
DuelingDQN,A1_grid,1,502,44725,-104.0,51,1,0.6206,0.001948
DuelingDQN,A1_grid,1,503,44762,-54.0,37,1,0.6203,0.001291
DuelingDQN,A1_grid,1,504,44808,-59.0,46,1,0.6199,0.000977
DuelingDQN,A1_grid,1,505,44857,-66.0,49,1,0.6195,0.000878
DuelingDQN,A1_grid,1,506,44884,-32.0,27,1,0.6193,0.000975
DuelingDQN,A1_grid,1,507,44912,-33.0,28,1,0.6191,0.000766
DuelingDQN,A1_grid,1,508,44980,-121.0,68,1,0.6185,0.000777
DuelingDQN,A1_grid,1,509,45001,-30.0,21,1,0.6183,0.001125
DuelingDQN,A1_grid,1,510,45089,-149.0,88,1,0.6176,0.006954
DuelingDQN,A1_grid,1,511,45097,3.0,8,1,0.6175,0.006484
DuelingDQN,A1_grid,1,512,45123,-19.0,26,1,0.6173,0.006382
DuelingDQN,A1_grid,1,513,45180,-82.0,57,1,0.6168,0.004732
DuelingDQN,A1_grid,1,514,45206,-27.0,26,1,0.6166,0.002481
DuelingDQN,A1_grid,1,515,45254,-73.0,48,1,0.6162,0.00158
DuelingDQN,A1_grid,1,516,45319,-102.0,65,1,0.6156,0.00078
DuelingDQN,A1_grid,1,517,45349,-39.0,30,1,0.6154,0.000571
DuelingDQN,A1_grid,1,518,45438,-146.0,89,1,0.6146,0.000569
DuelingDQN,A1_grid,1,519,45492,-71.0,54,1,0.6141,0.000689
DuelingDQN,A1_grid,1,520,45509,-22.0,17,1,0.614,0.004903
DuelingDQN,A1_grid,1,521,45557,-77.0,48,1,0.6136,0.018256
DuelingDQN,A1_grid,1,522,45631,-107.0,74,1,0.613,0.018452
DuelingDQN,A1_grid,1,523,45661,-39.0,30,1,0.6127,0.012085
DuelingDQN,A1_grid,1,524,45705,-73.0,44,1,0.6123,0.004095
DuelingDQN,A1_grid,1,525,45780,-120.0,75,1,0.6117,0.001235
DuelingDQN,A1_grid,1,526,45852,-125.0,72,1,0.6111,0.000481
DuelingDQN,A1_grid,1,527,45887,-60.0,35,1,0.6108,0.000427
DuelingDQN,A1_grid,1,528,45914,-32.0,27,1,0.6106,0.000335
DuelingDQN,A1_grid,1,529,45973,-96.0,59,1,0.6101,0.00033
DuelingDQN,A1_grid,1,530,46034,-90.0,61,1,0.6095,0.002421
DuelingDQN,A1_grid,1,531,46060,-27.0,26,1,0.6093,0.003209
DuelingDQN,A1_grid,1,532,46117,-86.0,57,1,0.6088,0.002394
DuelingDQN,A1_grid,1,533,46171,-71.0,54,1,0.6084,0.001321
DuelingDQN,A1_grid,1,534,46191,-25.0,20,1,0.6082,0.001229
DuelingDQN,A1_grid,1,535,46194,8.0,3,1,0.6082,0.001053
DuelingDQN,A1_grid,1,536,46221,-48.0,27,1,0.608,0.000828
DuelingDQN,A1_grid,1,537,46241,-25.0,20,1,0.6078,0.000793
DuelingDQN,A1_grid,1,538,46319,-171.0,78,1,0.6071,0.001586
DuelingDQN,A1_grid,1,539,46378,-108.0,59,1,0.6066,0.00101
DuelingDQN,A1_grid,1,540,46395,-22.0,17,1,0.6065,0.00127
DuelingDQN,A1_grid,1,541,46456,-94.0,61,1,0.606,0.001044
DuelingDQN,A1_grid,1,542,46510,-67.0,54,1,0.6055,0.001598
DuelingDQN,A1_grid,1,543,46583,-138.0,73,1,0.6049,0.006262
DuelingDQN,A1_grid,1,544,46619,-53.0,36,1,0.6046,0.008357
DuelingDQN,A1_grid,1,545,46685,-91.0,66,1,0.604,0.005296
DuelingDQN,A1_grid,1,546,46694,-6.0,9,1,0.6039,0.006359
DuelingDQN,A1_grid,1,547,46747,-82.0,53,1,0.6035,0.004536
DuelingDQN,A1_grid,1,548,46795,-97.0,48,1,0.6031,0.00249
DuelingDQN,A1_grid,1,549,46910,-192.0,115,1,0.6021,0.00243
DuelingDQN,A1_grid,1,550,46915,6.0,5,1,0.6021,0.001136
DuelingDQN,A1_grid,1,551,46916,10.0,1,1,0.6021,0.001281
DuelingDQN,A1_grid,1,552,47010,-199.0,94,1,0.6013,0.001606
DuelingDQN,A1_grid,1,553,47067,-78.0,57,1,0.6008,0.008602
DuelingDQN,A1_grid,1,554,47082,-12.0,15,1,0.6007,0.00747
DuelingDQN,A1_grid,1,555,47114,-33.0,32,1,0.6004,0.005888
DuelingDQN,A1_grid,1,556,47164,-87.0,50,1,0.6,0.004663
DuelingDQN,A1_grid,1,557,47212,-113.0,48,1,0.5995,0.006998
DuelingDQN,A1_grid,1,558,47229,-6.0,17,1,0.5994,0.007233
DuelingDQN,A1_grid,1,559,47342,-166.0,113,1,0.5984,0.004042
DuelingDQN,A1_grid,1,560,47379,-58.0,37,1,0.5981,0.00269
DuelingDQN,A1_grid,1,561,47397,-15.0,18,1,0.598,0.001649
DuelingDQN,A1_grid,1,562,47468,-164.0,71,1,0.5974,0.001427
DuelingDQN,A1_grid,1,563,47496,-45.0,28,1,0.5971,0.001009
DuelingDQN,A1_grid,1,564,47540,-65.0,44,1,0.5968,0.013206
DuelingDQN,A1_grid,1,565,47577,-46.0,37,1,0.5965,0.022939
DuelingDQN,A1_grid,1,566,47581,3.0,4,1,0.5964,0.014054
DuelingDQN,A1_grid,1,567,47617,-41.0,36,1,0.5961,0.0155
DuelingDQN,A1_grid,1,568,47691,-123.0,74,1,0.5955,0.006486
DuelingDQN,A1_grid,1,569,47737,-59.0,46,1,0.5951,0.001544
DuelingDQN,A1_grid,1,570,47774,-70.0,37,1,0.5948,0.00071
DuelingDQN,A1_grid,1,571,47829,-84.0,55,1,0.5943,0.000426
DuelingDQN,A1_grid,1,572,47876,-84.0,47,1,0.5939,0.000441
DuelingDQN,A1_grid,1,573,47917,-66.0,41,1,0.5936,0.000349
DuelingDQN,A1_grid,1,574,47949,-41.0,32,1,0.5933,0.000273
DuelingDQN,A1_grid,1,575,48007,-83.0,58,1,0.5928,0.001247
DuelingDQN,A1_grid,1,576,48027,-17.0,20,1,0.5926,0.00596
DuelingDQN,A1_grid,1,577,48059,-53.0,32,1,0.5924,0.008324
DuelingDQN,A1_grid,1,578,48104,-62.0,45,1,0.592,0.005287
DuelingDQN,A1_grid,1,579,48109,2.0,5,1,0.5919,0.002534
DuelingDQN,A1_grid,1,580,48171,-135.0,62,1,0.5914,0.002543
DuelingDQN,A1_grid,1,581,48206,-44.0,35,1,0.5911,0.002496
DuelingDQN,A1_grid,1,582,48327,-234.0,121,1,0.5901,0.002973
DuelingDQN,A1_grid,1,583,48342,-28.0,15,1,0.59,0.000919
DuelingDQN,A1_grid,1,584,48370,-29.0,28,1,0.5897,0.000808
DuelingDQN,A1_grid,1,585,48411,-54.0,41,1,0.5894,0.000555
DuelingDQN,A1_grid,1,586,48478,-96.0,67,1,0.5888,0.000324
DuelingDQN,A1_grid,1,587,48572,-159.0,94,1,0.588,0.00448
DuelingDQN,A1_grid,1,588,48585,-10.0,13,1,0.5879,0.003605
DuelingDQN,A1_grid,1,589,48591,5.0,6,1,0.5879,0.003614
DuelingDQN,A1_grid,1,590,48614,-24.0,23,1,0.5877,0.003782
DuelingDQN,A1_grid,1,591,48650,-65.0,36,1,0.5874,0.003787
DuelingDQN,A1_grid,1,592,48686,-69.0,36,1,0.587,0.002772
DuelingDQN,A1_grid,1,593,48698,-9.0,12,1,0.5869,0.001997
DuelingDQN,A1_grid,1,594,48709,-4.0,11,1,0.5869,0.001624
DuelingDQN,A1_grid,1,595,48778,-106.0,69,1,0.5863,0.001218
DuelingDQN,A1_grid,1,596,48831,-78.0,53,1,0.5858,0.002718
DuelingDQN,A1_grid,1,597,48841,-3.0,10,1,0.5857,0.005594
DuelingDQN,A1_grid,1,598,48914,-110.0,73,1,0.5851,0.004483
DuelingDQN,A1_grid,1,599,48951,-58.0,37,1,0.5848,0.001734
DuelingDQN,A1_grid,1,600,48973,-15.0,22,1,0.5846,0.001385
DuelingDQN,A1_grid,1,601,48980,4.0,7,1,0.5846,0.001645
DuelingDQN,A1_grid,1,602,49003,-16.0,23,1,0.5844,0.002962
DuelingDQN,A1_grid,1,603,49049,-71.0,46,1,0.584,0.010383
DuelingDQN,A1_grid,1,604,49089,-57.0,40,1,0.5836,0.007752
DuelingDQN,A1_grid,1,605,49176,-148.0,87,1,0.5829,0.00353
DuelingDQN,A1_grid,1,606,49220,-81.0,44,1,0.5825,0.001496
DuelingDQN,A1_grid,1,607,49247,-40.0,27,1,0.5823,0.001413
DuelingDQN,A1_grid,1,608,49311,-93.0,64,1,0.5817,0.000723
DuelingDQN,A1_grid,1,609,49323,-5.0,12,1,0.5816,0.000473
DuelingDQN,A1_grid,1,610,49370,-60.0,47,1,0.5812,0.000574
DuelingDQN,A1_grid,1,611,49408,-67.0,38,1,0.5809,0.000792
DuelingDQN,A1_grid,1,612,49464,-97.0,56,1,0.5804,0.000506
DuelingDQN,A1_grid,1,613,49492,-29.0,28,1,0.5802,0.00057
DuelingDQN,A1_grid,1,614,49524,-61.0,32,1,0.5799,0.006735
DuelingDQN,A1_grid,1,615,49549,-26.0,25,1,0.5797,0.012903
DuelingDQN,A1_grid,1,616,49606,-94.0,57,1,0.5792,0.0117
DuelingDQN,A1_grid,1,617,49637,-60.0,31,1,0.579,0.011286
DuelingDQN,A1_grid,1,618,49645,-1.0,8,1,0.5789,0.009157
DuelingDQN,A1_grid,1,619,49699,-63.0,54,1,0.5785,0.005932
DuelingDQN,A1_grid,1,620,49784,-134.0,85,1,0.5777,0.001936
DuelingDQN,A1_grid,1,621,49850,-119.0,66,1,0.5772,0.000645
DuelingDQN,A1_grid,1,622,49876,-19.0,26,1,0.577,0.000729
DuelingDQN,A1_grid,1,623,49919,-44.0,43,1,0.5766,0.000605
DuelingDQN,A1_grid,1,624,50018,-148.0,99,1,0.5757,0.001891
DuelingDQN,A1_grid,1,625,50069,-64.0,51,1,0.5753,0.012705
DuelingDQN,A1_grid,1,626,50113,-61.0,44,1,0.5749,0.009037
DuelingDQN,A1_grid,1,627,50134,-38.0,21,1,0.5748,0.009591
DuelingDQN,A1_grid,1,628,50152,-31.0,18,1,0.5746,0.009941
DuelingDQN,A1_grid,1,629,50173,-38.0,21,1,0.5744,0.005704
DuelingDQN,A1_grid,1,630,50248,-144.0,75,1,0.5738,0.003888
DuelingDQN,A1_grid,1,631,50254,5.0,6,1,0.5737,0.002816
DuelingDQN,A1_grid,1,632,50275,-18.0,21,1,0.5736,0.002207
DuelingDQN,A1_grid,1,633,50328,-90.0,53,1,0.5731,0.001453
DuelingDQN,A1_grid,1,634,50371,-80.0,43,1,0.5728,0.001273
DuelingDQN,A1_grid,1,635,50400,-34.0,29,1,0.5725,0.000686
DuelingDQN,A1_grid,1,636,50461,-110.0,61,1,0.572,0.000371
DuelingDQN,A1_grid,1,637,50555,-151.0,94,1,0.5712,0.002859
DuelingDQN,A1_grid,1,638,50609,-71.0,54,1,0.5707,0.003813
DuelingDQN,A1_grid,1,639,50664,-84.0,55,1,0.5703,0.002177
DuelingDQN,A1_grid,1,640,50746,-135.0,82,1,0.5696,0.001713
DuelingDQN,A1_grid,1,641,50769,-16.0,23,1,0.5694,0.001077
DuelingDQN,A1_grid,1,642,50807,-43.0,38,1,0.5691,0.001052
DuelingDQN,A1_grid,1,643,50824,-26.0,17,1,0.5689,0.000745
DuelingDQN,A1_grid,1,644,50888,-101.0,64,1,0.5684,0.000735
DuelingDQN,A1_grid,1,645,50938,-79.0,50,1,0.5679,0.000824
DuelingDQN,A1_grid,1,646,50995,-94.0,57,1,0.5675,0.000436
DuelingDQN,A1_grid,1,647,51025,-43.0,30,1,0.5672,0.003509
DuelingDQN,A1_grid,1,648,51044,-24.0,19,1,0.567,0.007925
DuelingDQN,A1_grid,1,649,51090,-59.0,46,1,0.5667,0.008754
DuelingDQN,A1_grid,1,650,51118,-45.0,28,1,0.5664,0.00544
DuelingDQN,A1_grid,1,651,51162,-69.0,44,1,0.566,0.007089
DuelingDQN,A1_grid,1,652,51214,-57.0,52,1,0.5656,0.008325
DuelingDQN,A1_grid,1,653,51315,-150.0,101,1,0.5647,0.00328
DuelingDQN,A1_grid,1,654,51340,-26.0,25,1,0.5645,0.00108
DuelingDQN,A1_grid,1,655,51359,-20.0,19,1,0.5644,0.00102
DuelingDQN,A1_grid,1,656,51395,-45.0,36,1,0.5641,0.000951
DuelingDQN,A1_grid,1,657,51429,-43.0,34,1,0.5638,0.001114
DuelingDQN,A1_grid,1,658,51530,-162.0,101,1,0.5629,0.002144
DuelingDQN,A1_grid,1,659,51590,-85.0,60,1,0.5624,0.006096
DuelingDQN,A1_grid,1,660,51649,-104.0,59,1,0.5619,0.00297
DuelingDQN,A1_grid,1,661,51721,-97.0,72,1,0.5613,0.002823
DuelingDQN,A1_grid,1,662,51747,-27.0,26,1,0.5611,0.001977
DuelingDQN,A1_grid,1,663,51752,2.0,5,1,0.561,0.001711
DuelingDQN,A1_grid,1,664,51820,-117.0,68,1,0.5605,0.001351
DuelingDQN,A1_grid,1,665,51865,-78.0,45,1,0.5601,0.000954
DuelingDQN,A1_grid,1,666,51896,-44.0,31,1,0.5598,0.001124
DuelingDQN,A1_grid,1,667,51955,-96.0,59,1,0.5593,0.002719
DuelingDQN,A1_grid,1,668,51967,-5.0,12,1,0.5592,0.002217
DuelingDQN,A1_grid,1,669,52011,-45.0,44,1,0.5588,0.003792
DuelingDQN,A1_grid,1,670,52036,-34.0,25,1,0.5586,0.006887
DuelingDQN,A1_grid,1,671,52040,7.0,4,1,0.5586,0.006372
DuelingDQN,A1_grid,1,672,52111,-116.0,71,1,0.558,0.007196
DuelingDQN,A1_grid,1,673,52126,-8.0,15,1,0.5579,0.005559
DuelingDQN,A1_grid,1,674,52184,-87.0,58,1,0.5574,0.004259
DuelingDQN,A1_grid,1,675,52198,-3.0,14,1,0.5573,0.003139
DuelingDQN,A1_grid,1,676,52248,-79.0,50,1,0.5568,0.002239
DuelingDQN,A1_grid,1,677,52272,-25.0,24,1,0.5566,0.001307
DuelingDQN,A1_grid,1,678,52309,-58.0,37,1,0.5563,0.001771
DuelingDQN,A1_grid,1,679,52330,-22.0,21,1,0.5561,0.00245
DuelingDQN,A1_grid,1,680,52334,7.0,4,1,0.5561,0.001525
DuelingDQN,A1_grid,1,681,52369,-64.0,35,1,0.5558,0.001617
DuelingDQN,A1_grid,1,682,52383,-3.0,14,1,0.5557,0.00115
DuelingDQN,A1_grid,1,683,52429,-59.0,46,1,0.5553,0.000911
DuelingDQN,A1_grid,1,684,52466,-54.0,37,1,0.555,0.000566
DuelingDQN,A1_grid,1,685,52478,-21.0,12,1,0.5549,0.000281
DuelingDQN,A1_grid,1,686,52507,-58.0,29,1,0.5546,0.0017
DuelingDQN,A1_grid,1,687,52558,-84.0,51,1,0.5542,0.004384
DuelingDQN,A1_grid,1,688,52608,-83.0,50,1,0.5538,0.002649
DuelingDQN,A1_grid,1,689,52643,-48.0,35,1,0.5535,0.006961
DuelingDQN,A1_grid,1,690,52702,-100.0,59,1,0.553,0.004833
DuelingDQN,A1_grid,1,691,52731,-26.0,29,1,0.5527,0.002192
DuelingDQN,A1_grid,1,692,52770,-48.0,39,1,0.5524,0.0017
DuelingDQN,A1_grid,1,693,52832,-87.0,62,1,0.5519,0.001329
DuelingDQN,A1_grid,1,694,52877,-62.0,45,1,0.5515,0.001756
DuelingDQN,A1_grid,1,695,52926,-70.0,49,1,0.5511,0.000963
DuelingDQN,A1_grid,1,696,52960,-31.0,34,1,0.5508,0.001023
DuelingDQN,A1_grid,1,697,52967,4.0,7,1,0.5507,0.001164
DuelingDQN,A1_grid,1,698,53007,-45.0,40,1,0.5504,0.001711
DuelingDQN,A1_grid,1,699,53016,-6.0,9,1,0.5503,0.005843
DuelingDQN,A1_grid,1,700,53046,-55.0,30,1,0.5501,0.0045
DuelingDQN,A1_grid,1,701,53063,-30.0,17,1,0.5499,0.004474
DuelingDQN,A1_grid,1,702,53099,-41.0,36,1,0.5496,0.003119
DuelingDQN,A1_grid,1,703,53113,-11.0,14,1,0.5495,0.002878
DuelingDQN,A1_grid,1,704,53122,2.0,9,1,0.5494,0.002407
DuelingDQN,A1_grid,1,705,53178,-69.0,56,1,0.5489,0.002382
DuelingDQN,A1_grid,1,706,53189,-4.0,11,1,0.5489,0.001696
DuelingDQN,A1_grid,1,707,53208,-28.0,19,1,0.5487,0.001353
DuelingDQN,A1_grid,1,708,53311,-188.0,103,1,0.5478,0.001146
DuelingDQN,A1_grid,1,709,53368,-74.0,57,1,0.5473,0.001631
DuelingDQN,A1_grid,1,710,53383,-16.0,15,1,0.5472,0.004046
DuelingDQN,A1_grid,1,711,53436,-90.0,53,1,0.5468,0.002259
DuelingDQN,A1_grid,1,712,53485,-70.0,49,1,0.5463,0.002081
DuelingDQN,A1_grid,1,713,53513,-41.0,28,1,0.5461,0.004977
DuelingDQN,A1_grid,1,714,53542,-30.0,29,1,0.5459,0.007139
DuelingDQN,A1_grid,1,715,53588,-63.0,46,1,0.5455,0.008829
DuelingDQN,A1_grid,1,716,53649,-102.0,61,1,0.545,0.018932
DuelingDQN,A1_grid,1,717,53698,-58.0,49,1,0.5445,0.011373
DuelingDQN,A1_grid,1,718,53756,-79.0,58,1,0.544,0.002896
DuelingDQN,A1_grid,1,719,53775,-20.0,19,1,0.5439,0.002012
DuelingDQN,A1_grid,1,720,53804,-26.0,29,1,0.5436,0.001514
DuelingDQN,A1_grid,1,721,53807,8.0,3,1,0.5436,0.001113
DuelingDQN,A1_grid,1,722,53817,-7.0,10,1,0.5435,0.001424
DuelingDQN,A1_grid,1,723,53861,-77.0,44,1,0.5432,0.001483
DuelingDQN,A1_grid,1,724,53914,-66.0,53,1,0.5427,0.000962
DuelingDQN,A1_grid,1,725,53932,-19.0,18,1,0.5425,0.000575
DuelingDQN,A1_grid,1,726,53936,7.0,4,1,0.5425,0.000849
DuelingDQN,A1_grid,1,727,53976,-45.0,40,1,0.5422,0.000647
DuelingDQN,A1_grid,1,728,54025,-86.0,49,1,0.5418,0.002821
DuelingDQN,A1_grid,1,729,54041,-17.0,16,1,0.5416,0.005357
DuelingDQN,A1_grid,1,730,54050,2.0,9,1,0.5415,0.005124
DuelingDQN,A1_grid,1,731,54063,-6.0,13,1,0.5414,0.004502
DuelingDQN,A1_grid,1,732,54116,-70.0,53,1,0.541,0.003394
DuelingDQN,A1_grid,1,733,54143,-16.0,27,1,0.5408,0.001492
DuelingDQN,A1_grid,1,734,54188,-54.0,45,1,0.5404,0.001122
DuelingDQN,A1_grid,1,735,54240,-65.0,52,1,0.5399,0.001226
DuelingDQN,A1_grid,1,736,54283,-64.0,43,1,0.5396,0.001111
DuelingDQN,A1_grid,1,737,54359,-109.0,76,1,0.5389,0.001213
DuelingDQN,A1_grid,1,738,54414,-80.0,55,1,0.5385,0.001302
DuelingDQN,A1_grid,1,739,54451,-54.0,37,1,0.5381,0.000687
DuelingDQN,A1_grid,1,740,54453,5.0,2,1,0.5381,0.000591
DuelingDQN,A1_grid,1,741,54472,-20.0,19,1,0.538,0.000468
DuelingDQN,A1_grid,1,742,54510,-47.0,38,1,0.5376,0.001823
DuelingDQN,A1_grid,1,743,54539,-30.0,29,1,0.5374,0.004815
DuelingDQN,A1_grid,1,744,54571,-33.0,32,1,0.5371,0.005062
DuelingDQN,A1_grid,1,745,54588,-10.0,17,1,0.537,0.003494
DuelingDQN,A1_grid,1,746,54633,-58.0,45,1,0.5366,0.003373
DuelingDQN,A1_grid,1,747,54692,-92.0,59,1,0.5361,0.005314
DuelingDQN,A1_grid,1,748,54706,-19.0,14,1,0.536,0.00626
DuelingDQN,A1_grid,1,749,54722,-9.0,16,1,0.5358,0.005222
DuelingDQN,A1_grid,1,750,54773,-80.0,51,1,0.5354,0.002401
DuelingDQN,A1_grid,1,751,54826,-98.0,53,1,0.535,0.000983
DuelingDQN,A1_grid,1,752,54877,-64.0,51,1,0.5345,0.000906
DuelingDQN,A1_grid,1,753,54919,-47.0,42,1,0.5342,0.000489
DuelingDQN,A1_grid,1,754,54980,-70.0,61,1,0.5337,0.000459
DuelingDQN,A1_grid,1,755,55054,-147.0,74,1,0.533,0.003951
DuelingDQN,A1_grid,1,756,55076,-27.0,22,1,0.5328,0.005675
DuelingDQN,A1_grid,1,757,55119,-48.0,43,1,0.5325,0.00369
DuelingDQN,A1_grid,1,758,55152,-38.0,33,1,0.5322,0.002509
DuelingDQN,A1_grid,1,759,55195,-80.0,43,1,0.5318,0.003362
DuelingDQN,A1_grid,1,760,55205,-15.0,10,1,0.5318,0.003342
DuelingDQN,A1_grid,1,761,55216,-4.0,11,1,0.5317,0.002134
DuelingDQN,A1_grid,1,762,55245,-30.0,29,1,0.5314,0.001365
DuelingDQN,A1_grid,1,763,55289,-69.0,44,1,0.531,0.000925
DuelingDQN,A1_grid,1,764,55309,-29.0,20,1,0.5309,0.000612
DuelingDQN,A1_grid,1,765,55349,-41.0,40,1,0.5305,0.000612
DuelingDQN,A1_grid,1,766,55420,-108.0,71,1,0.5299,0.00075
DuelingDQN,A1_grid,1,767,55448,-65.0,28,1,0.5297,0.00101
DuelingDQN,A1_grid,1,768,55505,-82.0,57,1,0.5292,0.001744
DuelingDQN,A1_grid,1,769,55529,-29.0,24,1,0.529,0.009515
DuelingDQN,A1_grid,1,770,55554,-46.0,25,1,0.5288,0.011358
DuelingDQN,A1_grid,1,771,55602,-57.0,48,1,0.5284,0.011671
DuelingDQN,A1_grid,1,772,55662,-105.0,60,1,0.5279,0.006884
DuelingDQN,A1_grid,1,773,55694,-37.0,32,1,0.5276,0.005935
DuelingDQN,A1_grid,1,774,55718,-25.0,24,1,0.5274,0.004049
DuelingDQN,A1_grid,1,775,55760,-59.0,42,1,0.527,0.002783
DuelingDQN,A1_grid,1,776,55804,-53.0,44,1,0.5267,0.00114
DuelingDQN,A1_grid,1,777,55825,-22.0,21,1,0.5265,0.000712
DuelingDQN,A1_grid,1,778,55840,-8.0,15,1,0.5264,0.000624
DuelingDQN,A1_grid,1,779,55841,10.0,1,1,0.5264,0.000411
DuelingDQN,A1_grid,1,780,55865,-33.0,24,1,0.5262,0.000752
DuelingDQN,A1_grid,1,781,55931,-87.0,66,1,0.5256,0.000543
DuelingDQN,A1_grid,1,782,55987,-85.0,56,1,0.5251,0.000363
DuelingDQN,A1_grid,1,783,56031,-69.0,44,1,0.5247,0.003584
DuelingDQN,A1_grid,1,784,56081,-63.0,50,1,0.5243,0.003055
DuelingDQN,A1_grid,1,785,56134,-70.0,53,1,0.5239,0.002469
DuelingDQN,A1_grid,1,786,56173,-44.0,39,1,0.5235,0.002613
DuelingDQN,A1_grid,1,787,56230,-90.0,57,1,0.5231,0.003294
DuelingDQN,A1_grid,1,788,56271,-62.0,41,1,0.5227,0.002855
DuelingDQN,A1_grid,1,789,56295,-25.0,24,1,0.5225,0.003111
DuelingDQN,A1_grid,1,790,56305,-7.0,10,1,0.5224,0.002524
DuelingDQN,A1_grid,1,791,56316,-4.0,11,1,0.5223,0.002584
DuelingDQN,A1_grid,1,792,56344,-29.0,28,1,0.5221,0.001809
DuelingDQN,A1_grid,1,793,56361,-10.0,17,1,0.5219,0.002028
DuelingDQN,A1_grid,1,794,56410,-78.0,49,1,0.5215,0.001067
DuelingDQN,A1_grid,1,795,56452,-59.0,42,1,0.5212,0.000476
DuelingDQN,A1_grid,1,796,56497,-82.0,45,1,0.5208,0.000529
DuelingDQN,A1_grid,1,797,56502,2.0,5,1,0.5208,0.002984
DuelingDQN,A1_grid,1,798,56525,-28.0,23,1,0.5206,0.003988
DuelingDQN,A1_grid,1,799,56586,-114.0,61,1,0.52,0.003388
DuelingDQN,A1_grid,1,800,56640,-75.0,54,1,0.5196,0.002254
DQN,A1_grid,2,1,200,-432.0,200,0,0.9983,
DQN,A1_grid,2,2,400,-428.0,200,0,0.9966,
DQN,A1_grid,2,3,567,-368.0,167,1,0.9952,
DQN,A1_grid,2,4,767,-488.0,200,0,0.9935,
DQN,A1_grid,2,5,790,-44.0,23,1,0.9933,
DQN,A1_grid,2,6,990,-492.0,200,0,0.9916,
DQN,A1_grid,2,7,1190,-504.0,200,0,0.9899,1.092965
DQN,A1_grid,2,8,1343,-322.0,153,1,0.9886,0.815591
DQN,A1_grid,2,9,1543,-396.0,200,0,0.9869,0.592872
DQN,A1_grid,2,10,1743,-484.0,200,0,0.9852,0.49122
DQN,A1_grid,2,11,1943,-464.0,200,0,0.9835,0.424605
DQN,A1_grid,2,12,2143,-548.0,200,0,0.9818,0.392106
DQN,A1_grid,2,13,2343,-588.0,200,0,0.9801,0.367158
DQN,A1_grid,2,14,2543,-416.0,200,0,0.9784,0.342137
DQN,A1_grid,2,15,2743,-568.0,200,0,0.9767,0.286858
DQN,A1_grid,2,16,2943,-484.0,200,0,0.975,0.259838
DQN,A1_grid,2,17,3143,-440.0,200,0,0.9733,0.225444
DQN,A1_grid,2,18,3343,-372.0,200,0,0.9716,0.177615
DQN,A1_grid,2,19,3543,-504.0,200,0,0.9699,0.151973
DQN,A1_grid,2,20,3743,-444.0,200,0,0.9683,0.108076
DQN,A1_grid,2,21,3943,-420.0,200,0,0.9666,0.088745
DQN,A1_grid,2,22,4143,-444.0,200,0,0.9649,0.071884
DQN,A1_grid,2,23,4166,-52.0,23,1,0.9647,0.071086
DQN,A1_grid,2,24,4366,-404.0,200,0,0.963,0.060929
DQN,A1_grid,2,25,4566,-636.0,200,0,0.9613,0.069931
DQN,A1_grid,2,26,4766,-456.0,200,0,0.9596,0.044547
DQN,A1_grid,2,27,4966,-504.0,200,0,0.9579,0.036358
DQN,A1_grid,2,28,5166,-540.0,200,0,0.9562,0.050306
DQN,A1_grid,2,29,5366,-528.0,200,0,0.9545,0.038367
DQN,A1_grid,2,30,5566,-416.0,200,0,0.9528,0.042176
DQN,A1_grid,2,31,5766,-416.0,200,0,0.9511,0.028276
DQN,A1_grid,2,32,5966,-448.0,200,0,0.9494,0.038154
DQN,A1_grid,2,33,6065,-212.0,99,1,0.9486,0.043884
DQN,A1_grid,2,34,6138,-162.0,73,1,0.9479,0.03736
DQN,A1_grid,2,35,6331,-378.0,193,1,0.9463,0.026396
DQN,A1_grid,2,36,6531,-408.0,200,0,0.9446,0.047941
DQN,A1_grid,2,37,6731,-372.0,200,0,0.9429,0.043913
DQN,A1_grid,2,38,6931,-400.0,200,0,0.9412,0.032864
DQN,A1_grid,2,39,7131,-448.0,200,0,0.9395,0.048511
DQN,A1_grid,2,40,7331,-428.0,200,0,0.9378,0.034816
DQN,A1_grid,2,41,7531,-572.0,200,0,0.9361,0.031078
DQN,A1_grid,2,42,7731,-404.0,200,0,0.9344,0.035652
DQN,A1_grid,2,43,7931,-512.0,200,0,0.9327,0.027706
DQN,A1_grid,2,44,8131,-420.0,200,0,0.931,0.039837
DQN,A1_grid,2,45,8331,-432.0,200,0,0.9293,0.029785
DQN,A1_grid,2,46,8531,-584.0,200,0,0.9276,0.032336
DQN,A1_grid,2,47,8731,-372.0,200,0,0.9259,0.021463
DQN,A1_grid,2,48,8931,-396.0,200,0,0.9242,0.023436
DQN,A1_grid,2,49,9131,-468.0,200,0,0.9225,0.026581
DQN,A1_grid,2,50,9331,-384.0,200,0,0.9209,0.02224
DQN,A1_grid,2,51,9530,-412.0,199,1,0.9192,0.029647
DQN,A1_grid,2,52,9585,-124.0,55,1,0.9187,0.029576
DQN,A1_grid,2,53,9785,-496.0,200,0,0.917,0.041693
DQN,A1_grid,2,54,9985,-472.0,200,0,0.9153,0.026266
DQN,A1_grid,2,55,10185,-420.0,200,0,0.9136,0.034934
DQN,A1_grid,2,56,10385,-424.0,200,0,0.9119,0.029431
DQN,A1_grid,2,57,10585,-532.0,200,0,0.9102,0.033913
DQN,A1_grid,2,58,10785,-400.0,200,0,0.9085,0.030238
DQN,A1_grid,2,59,10985,-512.0,200,0,0.9068,0.025545
DQN,A1_grid,2,60,11185,-336.0,200,0,0.9051,0.03574
DQN,A1_grid,2,61,11385,-448.0,200,0,0.9034,0.021322
DQN,A1_grid,2,62,11585,-412.0,200,0,0.9017,0.038
DQN,A1_grid,2,63,11785,-408.0,200,0,0.9,0.026703
DQN,A1_grid,2,64,11985,-496.0,200,0,0.8983,0.028624
DQN,A1_grid,2,65,12185,-352.0,200,0,0.8966,0.025943
DQN,A1_grid,2,66,12385,-424.0,200,0,0.8949,0.038767
DQN,A1_grid,2,67,12585,-376.0,200,0,0.8933,0.023876
DQN,A1_grid,2,68,12785,-444.0,200,0,0.8916,0.019672
DQN,A1_grid,2,69,12985,-376.0,200,0,0.8899,0.031636
DQN,A1_grid,2,70,13185,-320.0,200,0,0.8882,0.033813
DQN,A1_grid,2,71,13385,-400.0,200,0,0.8865,0.027553
DQN,A1_grid,2,72,13585,-428.0,200,0,0.8848,0.035129
DQN,A1_grid,2,73,13785,-380.0,200,0,0.8831,0.023169
DQN,A1_grid,2,74,13985,-452.0,200,0,0.8814,0.019997
DQN,A1_grid,2,75,14185,-404.0,200,0,0.8797,0.035702
DQN,A1_grid,2,76,14385,-448.0,200,0,0.878,0.028841
DQN,A1_grid,2,77,14585,-392.0,200,0,0.8763,0.047163
DQN,A1_grid,2,78,14785,-528.0,200,0,0.8746,0.026626
DQN,A1_grid,2,79,14985,-404.0,200,0,0.8729,0.02654
DQN,A1_grid,2,80,15185,-360.0,200,0,0.8712,0.025446
DQN,A1_grid,2,81,15385,-408.0,200,0,0.8695,0.037685
DQN,A1_grid,2,82,15585,-452.0,200,0,0.8678,0.037541
DQN,A1_grid,2,83,15785,-428.0,200,0,0.8661,0.03325
DQN,A1_grid,2,84,15985,-324.0,200,0,0.8644,0.033109
DQN,A1_grid,2,85,16185,-376.0,200,0,0.8627,0.028942
DQN,A1_grid,2,86,16385,-408.0,200,0,0.861,0.019388
DQN,A1_grid,2,87,16585,-376.0,200,0,0.8593,0.033381
DQN,A1_grid,2,88,16785,-368.0,200,0,0.8576,0.02527
DQN,A1_grid,2,89,16985,-448.0,200,0,0.8559,0.031137
DQN,A1_grid,2,90,17185,-464.0,200,0,0.8542,0.051622
DQN,A1_grid,2,91,17385,-408.0,200,0,0.8525,0.016574
DQN,A1_grid,2,92,17585,-356.0,200,0,0.8508,0.021605
DQN,A1_grid,2,93,17785,-432.0,200,0,0.8491,0.016782
DQN,A1_grid,2,94,17985,-340.0,200,0,0.8474,0.016938
DQN,A1_grid,2,95,18185,-396.0,200,0,0.8458,0.048874
DQN,A1_grid,2,96,18385,-388.0,200,0,0.8441,0.026323
DQN,A1_grid,2,97,18585,-408.0,200,0,0.8424,0.038357
DQN,A1_grid,2,98,18785,-432.0,200,0,0.8407,0.017813
DQN,A1_grid,2,99,18791,-7.0,6,1,0.8406,0.001628
DQN,A1_grid,2,100,18991,-416.0,200,0,0.8389,0.026581
DQN,A1_grid,2,101,19191,-360.0,200,0,0.8372,0.035558
DQN,A1_grid,2,102,19391,-440.0,200,0,0.8355,0.017999
DQN,A1_grid,2,103,19591,-388.0,200,0,0.8338,0.046863
DQN,A1_grid,2,104,19791,-368.0,200,0,0.8321,0.014926
DQN,A1_grid,2,105,19991,-352.0,200,0,0.8304,0.02723
DQN,A1_grid,2,106,20191,-456.0,200,0,0.8287,0.036734
DQN,A1_grid,2,107,20391,-396.0,200,0,0.827,0.031122
DQN,A1_grid,2,108,20591,-404.0,200,0,0.8253,0.026439
DQN,A1_grid,2,109,20791,-444.0,200,0,0.8236,0.025025
DQN,A1_grid,2,110,20991,-376.0,200,0,0.822,0.031628
DQN,A1_grid,2,111,21191,-388.0,200,0,0.8203,0.01547
DQN,A1_grid,2,112,21391,-428.0,200,0,0.8186,0.001353
DQN,A1_grid,2,113,21557,-367.0,166,1,0.8172,0.018782
DQN,A1_grid,2,114,21757,-372.0,200,0,0.8155,0.022245
DQN,A1_grid,2,115,21957,-324.0,200,0,0.8138,0.032454
DQN,A1_grid,2,116,22157,-432.0,200,0,0.8121,0.041429
DQN,A1_grid,2,117,22357,-440.0,200,0,0.8104,0.039716
DQN,A1_grid,2,118,22511,-287.0,154,1,0.8091,0.030442
DQN,A1_grid,2,119,22711,-440.0,200,0,0.8074,0.031238
DQN,A1_grid,2,120,22911,-348.0,200,0,0.8057,0.033365
DQN,A1_grid,2,121,23111,-476.0,200,0,0.804,0.041001
DQN,A1_grid,2,122,23147,-69.0,36,1,0.8037,0.021499
DQN,A1_grid,2,123,23347,-352.0,200,0,0.802,0.019401
DQN,A1_grid,2,124,23547,-456.0,200,0,0.8003,0.037793
DQN,A1_grid,2,125,23747,-444.0,200,0,0.7986,0.045604
DQN,A1_grid,2,126,23947,-364.0,200,0,0.7969,0.023623
DQN,A1_grid,2,127,24147,-344.0,200,0,0.7952,0.023526
DQN,A1_grid,2,128,24347,-364.0,200,0,0.7935,0.038539
DQN,A1_grid,2,129,24547,-392.0,200,0,0.7918,0.043852
DQN,A1_grid,2,130,24747,-324.0,200,0,0.7901,0.028368
DQN,A1_grid,2,131,24947,-428.0,200,0,0.7884,0.030997
DQN,A1_grid,2,132,25032,-158.0,85,1,0.7877,0.06264
DQN,A1_grid,2,133,25232,-388.0,200,0,0.786,0.025088
DQN,A1_grid,2,134,25432,-400.0,200,0,0.7843,0.012548
DQN,A1_grid,2,135,25632,-328.0,200,0,0.7826,0.018355
DQN,A1_grid,2,136,25832,-336.0,200,0,0.7809,0.028195
DQN,A1_grid,2,137,26032,-500.0,200,0,0.7792,0.024355
DQN,A1_grid,2,138,26232,-376.0,200,0,0.7775,0.033296
DQN,A1_grid,2,139,26432,-392.0,200,0,0.7758,0.024751
DQN,A1_grid,2,140,26632,-456.0,200,0,0.7741,0.035017
DQN,A1_grid,2,141,26832,-420.0,200,0,0.7724,0.017174
DQN,A1_grid,2,142,26837,6.0,5,1,0.7724,0.31453
DQN,A1_grid,2,143,27037,-400.0,200,0,0.7707,0.036723
DQN,A1_grid,2,144,27237,-404.0,200,0,0.769,0.029889
DQN,A1_grid,2,145,27437,-504.0,200,0,0.7673,0.03299
DQN,A1_grid,2,146,27637,-480.0,200,0,0.7656,0.019765
DQN,A1_grid,2,147,27837,-360.0,200,0,0.7639,0.020994
DQN,A1_grid,2,148,28037,-332.0,200,0,0.7622,0.036053
DQN,A1_grid,2,149,28237,-484.0,200,0,0.7605,0.018677
DQN,A1_grid,2,150,28437,-456.0,200,0,0.7588,0.013941
DQN,A1_grid,2,151,28637,-440.0,200,0,0.7571,0.041108
DQN,A1_grid,2,152,28837,-412.0,200,0,0.7554,0.01789
DQN,A1_grid,2,153,29037,-288.0,200,0,0.7537,0.053327
DQN,A1_grid,2,154,29237,-456.0,200,0,0.752,0.027151
DQN,A1_grid,2,155,29437,-352.0,200,0,0.7503,0.034517
DQN,A1_grid,2,156,29637,-344.0,200,0,0.7486,0.047152
DQN,A1_grid,2,157,29837,-328.0,200,0,0.7469,0.018033
DQN,A1_grid,2,158,30037,-340.0,200,0,0.7452,0.053845
DQN,A1_grid,2,159,30237,-456.0,200,0,0.7435,0.010723
DQN,A1_grid,2,160,30437,-412.0,200,0,0.7418,0.043782
DQN,A1_grid,2,161,30489,-85.0,52,1,0.7414,0.033408
DQN,A1_grid,2,162,30689,-332.0,200,0,0.7397,0.033711
DQN,A1_grid,2,163,30889,-400.0,200,0,0.738,0.018447
DQN,A1_grid,2,164,31089,-304.0,200,0,0.7363,0.016666
DQN,A1_grid,2,165,31289,-336.0,200,0,0.7346,0.010172
DQN,A1_grid,2,166,31418,-214.0,129,1,0.7335,0.028389
DQN,A1_grid,2,167,31618,-324.0,200,0,0.7318,0.025075
DQN,A1_grid,2,168,31733,-216.0,115,1,0.7308,0.032078
DQN,A1_grid,2,169,31933,-372.0,200,0,0.7291,0.036913
DQN,A1_grid,2,170,32133,-352.0,200,0,0.7274,0.031032
DQN,A1_grid,2,171,32333,-356.0,200,0,0.7257,0.027759
DQN,A1_grid,2,172,32533,-340.0,200,0,0.7241,0.042752
DQN,A1_grid,2,173,32733,-336.0,200,0,0.7224,0.019348
DQN,A1_grid,2,174,32933,-348.0,200,0,0.7207,0.050033
DQN,A1_grid,2,175,33133,-360.0,200,0,0.719,0.027463
DQN,A1_grid,2,176,33333,-472.0,200,0,0.7173,0.032617
DQN,A1_grid,2,177,33533,-316.0,200,0,0.7156,0.064972
DQN,A1_grid,2,178,33678,-282.0,145,1,0.7143,0.040077
DQN,A1_grid,2,179,33878,-476.0,200,0,0.7126,0.028338
DQN,A1_grid,2,180,34078,-400.0,200,0,0.7109,0.04308
DQN,A1_grid,2,181,34278,-348.0,200,0,0.7092,0.033546
DQN,A1_grid,2,182,34478,-476.0,200,0,0.7076,0.047841
DQN,A1_grid,2,183,34678,-308.0,200,0,0.7059,0.043837
DQN,A1_grid,2,184,34878,-316.0,200,0,0.7042,0.02916
DQN,A1_grid,2,185,35078,-352.0,200,0,0.7025,0.045607
DQN,A1_grid,2,186,35278,-388.0,200,0,0.7008,0.038746
DQN,A1_grid,2,187,35478,-396.0,200,0,0.6991,0.0199
DQN,A1_grid,2,188,35678,-360.0,200,0,0.6974,0.030216
DQN,A1_grid,2,189,35878,-364.0,200,0,0.6957,0.038457
DQN,A1_grid,2,190,36078,-364.0,200,0,0.694,0.025763
DQN,A1_grid,2,191,36278,-356.0,200,0,0.6923,0.038783
DQN,A1_grid,2,192,36478,-316.0,200,0,0.6906,0.020018
DQN,A1_grid,2,193,36521,-64.0,43,1,0.6902,0.025754
DQN,A1_grid,2,194,36721,-328.0,200,0,0.6885,0.02786
DQN,A1_grid,2,195,36921,-404.0,200,0,0.6868,0.024778
DQN,A1_grid,2,196,37121,-344.0,200,0,0.6851,0.02425
DQN,A1_grid,2,197,37321,-376.0,200,0,0.6834,0.029828
DQN,A1_grid,2,198,37521,-408.0,200,0,0.6817,0.053197
DQN,A1_grid,2,199,37702,-314.0,181,1,0.6802,0.018981
DQN,A1_grid,2,200,37902,-384.0,200,0,0.6785,0.050201
DQN,A1_grid,2,201,37928,-27.0,26,1,0.6783,0.039866
DQN,A1_grid,2,202,38128,-348.0,200,0,0.6766,0.042188
DQN,A1_grid,2,203,38163,-44.0,35,1,0.6763,0.002128
DQN,A1_grid,2,204,38363,-332.0,200,0,0.6746,0.059644
DQN,A1_grid,2,205,38563,-332.0,200,0,0.6729,0.021261
DQN,A1_grid,2,206,38763,-352.0,200,0,0.6712,0.035864
DQN,A1_grid,2,207,38963,-284.0,200,0,0.6695,0.045098
DQN,A1_grid,2,208,39163,-340.0,200,0,0.6678,0.066907
DQN,A1_grid,2,209,39363,-344.0,200,0,0.6661,0.030704
DQN,A1_grid,2,210,39533,-259.0,170,1,0.6647,0.043099
DQN,A1_grid,2,211,39733,-332.0,200,0,0.663,0.056465
DQN,A1_grid,2,212,39933,-404.0,200,0,0.6613,0.026747
DQN,A1_grid,2,213,40133,-340.0,200,0,0.6596,0.061671
DQN,A1_grid,2,214,40333,-336.0,200,0,0.6579,0.042021
DQN,A1_grid,2,215,40533,-356.0,200,0,0.6562,0.061915
DQN,A1_grid,2,216,40733,-300.0,200,0,0.6545,0.041768
DQN,A1_grid,2,217,40933,-368.0,200,0,0.6528,0.055869
DQN,A1_grid,2,218,41133,-332.0,200,0,0.6511,0.036653
DQN,A1_grid,2,219,41333,-408.0,200,0,0.6494,0.062393
DQN,A1_grid,2,220,41533,-340.0,200,0,0.6477,0.058057
DQN,A1_grid,2,221,41733,-356.0,200,0,0.646,0.048913
DQN,A1_grid,2,222,41933,-408.0,200,0,0.6443,0.072763
DQN,A1_grid,2,223,42133,-372.0,200,0,0.6426,0.032516
DQN,A1_grid,2,224,42333,-392.0,200,0,0.6409,0.043721
DQN,A1_grid,2,225,42533,-368.0,200,0,0.6392,0.062789
DQN,A1_grid,2,226,42733,-324.0,200,0,0.6375,0.044679
DQN,A1_grid,2,227,42933,-384.0,200,0,0.6358,0.021687
DQN,A1_grid,2,228,43039,-199.0,106,1,0.6349,0.026592
DQN,A1_grid,2,229,43239,-428.0,200,0,0.6332,0.022651
DQN,A1_grid,2,230,43439,-344.0,200,0,0.6315,0.032861
DQN,A1_grid,2,231,43639,-368.0,200,0,0.6298,0.044832
DQN,A1_grid,2,232,43839,-368.0,200,0,0.6282,0.053636
DQN,A1_grid,2,233,44039,-364.0,200,0,0.6265,0.036038
DQN,A1_grid,2,234,44239,-356.0,200,0,0.6248,0.053935
DQN,A1_grid,2,235,44439,-344.0,200,0,0.6231,0.037832
DQN,A1_grid,2,236,44639,-320.0,200,0,0.6214,0.054174
DQN,A1_grid,2,237,44839,-352.0,200,0,0.6197,0.023446
DQN,A1_grid,2,238,45039,-364.0,200,0,0.618,0.043487
DQN,A1_grid,2,239,45239,-384.0,200,0,0.6163,0.049612
DQN,A1_grid,2,240,45439,-372.0,200,0,0.6146,0.039324
DQN,A1_grid,2,241,45639,-340.0,200,0,0.6129,0.034338
DQN,A1_grid,2,242,45839,-344.0,200,0,0.6112,0.044143
DQN,A1_grid,2,243,46039,-316.0,200,0,0.6095,0.069232
DQN,A1_grid,2,244,46239,-348.0,200,0,0.6078,0.019161
DQN,A1_grid,2,245,46439,-304.0,200,0,0.6061,0.050533
DQN,A1_grid,2,246,46639,-336.0,200,0,0.6044,0.044246
DQN,A1_grid,2,247,46839,-264.0,200,0,0.6027,0.044048
DQN,A1_grid,2,248,47039,-344.0,200,0,0.601,0.070241
DQN,A1_grid,2,249,47239,-348.0,200,0,0.5993,0.029802
DQN,A1_grid,2,250,47439,-312.0,200,0,0.5976,0.066775
DQN,A1_grid,2,251,47479,-69.0,40,1,0.5973,0.003777
DQN,A1_grid,2,252,47679,-312.0,200,0,0.5956,0.066105
DQN,A1_grid,2,253,47879,-456.0,200,0,0.5939,0.039655
DQN,A1_grid,2,254,48079,-360.0,200,0,0.5922,0.033496
DQN,A1_grid,2,255,48279,-372.0,200,0,0.5905,0.045883
DQN,A1_grid,2,256,48479,-312.0,200,0,0.5888,0.039938
DQN,A1_grid,2,257,48679,-332.0,200,0,0.5871,0.043281
DQN,A1_grid,2,258,48879,-336.0,200,0,0.5854,0.01882
DQN,A1_grid,2,259,49079,-300.0,200,0,0.5837,0.027821
DQN,A1_grid,2,260,49279,-292.0,200,0,0.582,0.040133
DQN,A1_grid,2,261,49296,-26.0,17,1,0.5819,0.002528
DQN,A1_grid,2,262,49496,-304.0,200,0,0.5802,0.023838
DQN,A1_grid,2,263,49663,-244.0,167,1,0.5788,0.060702
DQN,A1_grid,2,264,49863,-312.0,200,0,0.5771,0.030071
DQN,A1_grid,2,265,50063,-320.0,200,0,0.5754,0.02448
DQN,A1_grid,2,266,50263,-284.0,200,0,0.5737,0.069003
DQN,A1_grid,2,267,50463,-272.0,200,0,0.572,0.019022
DQN,A1_grid,2,268,50663,-348.0,200,0,0.5703,0.023251
DQN,A1_grid,2,269,50863,-280.0,200,0,0.5686,0.029033
DQN,A1_grid,2,270,51063,-336.0,200,0,0.5669,0.029645
DQN,A1_grid,2,271,51074,-16.0,11,1,0.5668,0.003626
DQN,A1_grid,2,272,51274,-364.0,200,0,0.5651,0.029525
DQN,A1_grid,2,273,51474,-364.0,200,0,0.5634,0.034885
DQN,A1_grid,2,274,51674,-308.0,200,0,0.5617,0.049019
DQN,A1_grid,2,275,51874,-332.0,200,0,0.56,0.024092
DQN,A1_grid,2,276,52074,-320.0,200,0,0.5583,0.046306
DQN,A1_grid,2,277,52274,-300.0,200,0,0.5566,0.025577
DQN,A1_grid,2,278,52474,-268.0,200,0,0.5549,0.012505
DQN,A1_grid,2,279,52674,-316.0,200,0,0.5532,0.056384
DQN,A1_grid,2,280,52831,-214.0,157,1,0.5519,0.044695
DQN,A1_grid,2,281,53031,-312.0,200,0,0.5502,0.015527
DQN,A1_grid,2,282,53231,-332.0,200,0,0.5485,0.06433
DQN,A1_grid,2,283,53431,-340.0,200,0,0.5468,0.052196
DQN,A1_grid,2,284,53631,-296.0,200,0,0.5451,0.042133
DQN,A1_grid,2,285,53653,-15.0,22,1,0.5449,0.107143
DQN,A1_grid,2,286,53680,-32.0,27,1,0.5447,0.001465
DQN,A1_grid,2,287,53880,-352.0,200,0,0.543,0.041713
DQN,A1_grid,2,288,54080,-348.0,200,0,0.5413,0.059448
DQN,A1_grid,2,289,54200,-205.0,120,1,0.5403,0.030774
DQN,A1_grid,2,290,54371,-288.0,171,1,0.5388,0.015762
DQN,A1_grid,2,291,54565,-339.0,194,1,0.5372,0.04075
DQN,A1_grid,2,292,54642,-102.0,77,1,0.5365,0.018759
DQN,A1_grid,2,293,54842,-352.0,200,0,0.5348,0.054404
DQN,A1_grid,2,294,55042,-336.0,200,0,0.5331,0.057416
DQN,A1_grid,2,295,55242,-316.0,200,0,0.5314,0.048635
DQN,A1_grid,2,296,55442,-360.0,200,0,0.5297,0.024883
DQN,A1_grid,2,297,55642,-388.0,200,0,0.528,0.067965
DQN,A1_grid,2,298,55707,-86.0,65,1,0.5275,0.038149
DQN,A1_grid,2,299,55907,-336.0,200,0,0.5258,0.077104
DQN,A1_grid,2,300,56107,-364.0,200,0,0.5241,0.080623
DQN,A1_grid,2,301,56301,-283.0,194,1,0.5224,0.037276
DQN,A1_grid,2,302,56501,-376.0,200,0,0.5208,0.054775
DQN,A1_grid,2,303,56502,10.0,1,1,0.5207,0.055139
DQN,A1_grid,2,304,56702,-336.0,200,0,0.519,0.076054
DQN,A1_grid,2,305,56902,-312.0,200,0,0.5173,0.036492
DQN,A1_grid,2,306,57102,-336.0,200,0,0.5157,0.047659
DQN,A1_grid,2,307,57117,-16.0,15,1,0.5155,0.003045
DQN,A1_grid,2,308,57302,-314.0,185,1,0.514,0.078454
DQN,A1_grid,2,309,57502,-336.0,200,0,0.5123,0.055711
DQN,A1_grid,2,310,57605,-172.0,103,1,0.5114,0.087052
DQN,A1_grid,2,311,57608,8.0,3,1,0.5114,0.002145
DQN,A1_grid,2,312,57808,-300.0,200,0,0.5097,0.025083
DQN,A1_grid,2,313,57841,-50.0,33,1,0.5094,0.074451
DQN,A1_grid,2,314,58041,-308.0,200,0,0.5077,0.070134
DQN,A1_grid,2,315,58241,-296.0,200,0,0.506,0.057395
DQN,A1_grid,2,316,58441,-328.0,200,0,0.5043,0.06848
DQN,A1_grid,2,317,58556,-136.0,115,1,0.5033,0.059801
DQN,A1_grid,2,318,58756,-308.0,200,0,0.5016,0.038493
DQN,A1_grid,2,319,58956,-352.0,200,0,0.4999,0.050334
DQN,A1_grid,2,320,59156,-340.0,200,0,0.4982,0.059074
DQN,A1_grid,2,321,59356,-296.0,200,0,0.4965,0.079079
DQN,A1_grid,2,322,59556,-320.0,200,0,0.4948,0.065398
DQN,A1_grid,2,323,59756,-348.0,200,0,0.4931,0.051199
DQN,A1_grid,2,324,59956,-324.0,200,0,0.4914,0.044863
DQN,A1_grid,2,325,60007,-80.0,51,1,0.491,0.054116
DQN,A1_grid,2,326,60207,-312.0,200,0,0.4893,0.040721
DQN,A1_grid,2,327,60213,5.0,6,1,0.4893,0.002214
DQN,A1_grid,2,328,60413,-288.0,200,0,0.4876,0.008805
DQN,A1_grid,2,329,60613,-272.0,200,0,0.4859,0.07087
DQN,A1_grid,2,330,60813,-324.0,200,0,0.4842,0.027202
DQN,A1_grid,2,331,61013,-248.0,200,0,0.4825,0.021857
DQN,A1_grid,2,332,61213,-328.0,200,0,0.4808,0.051071
DQN,A1_grid,2,333,61225,-9.0,12,1,0.4807,0.005836
DQN,A1_grid,2,334,61229,7.0,4,1,0.4806,0.006943
DQN,A1_grid,2,335,61429,-316.0,200,0,0.479,0.074709
DQN,A1_grid,2,336,61629,-372.0,200,0,0.4773,0.043447
DQN,A1_grid,2,337,61829,-312.0,200,0,0.4756,0.09881
DQN,A1_grid,2,338,62016,-300.0,187,1,0.474,0.063177
DQN,A1_grid,2,339,62128,-181.0,112,1,0.473,0.102398
DQN,A1_grid,2,340,62328,-244.0,200,0,0.4713,0.051705
DQN,A1_grid,2,341,62528,-276.0,200,0,0.4696,0.054965
DQN,A1_grid,2,342,62566,-47.0,38,1,0.4693,0.201309
DQN,A1_grid,2,343,62766,-288.0,200,0,0.4676,0.095199
DQN,A1_grid,2,344,62966,-316.0,200,0,0.4659,0.075117
DQN,A1_grid,2,345,63083,-182.0,117,1,0.4649,0.038496
DQN,A1_grid,2,346,63283,-308.0,200,0,0.4632,0.045499
DQN,A1_grid,2,347,63302,-16.0,19,1,0.4631,0.069481
DQN,A1_grid,2,348,63502,-280.0,200,0,0.4614,0.045612
DQN,A1_grid,2,349,63702,-332.0,200,0,0.4597,0.047019
DQN,A1_grid,2,350,63721,-20.0,19,1,0.4595,0.00481
DQN,A1_grid,2,351,63921,-272.0,200,0,0.4578,0.077503
DQN,A1_grid,2,352,64121,-308.0,200,0,0.4561,0.068476
DQN,A1_grid,2,353,64148,-28.0,27,1,0.4559,0.048535
DQN,A1_grid,2,354,64333,-290.0,185,1,0.4543,0.062832
DQN,A1_grid,2,355,64533,-376.0,200,0,0.4526,0.048366
DQN,A1_grid,2,356,64580,-52.0,47,1,0.4522,0.03105
DQN,A1_grid,2,357,64780,-316.0,200,0,0.4505,0.086784
DQN,A1_grid,2,358,64980,-300.0,200,0,0.4488,0.089752
DQN,A1_grid,2,359,65180,-300.0,200,0,0.4471,0.073076
DQN,A1_grid,2,360,65192,-13.0,12,1,0.447,0.005125
DQN,A1_grid,2,361,65392,-296.0,200,0,0.4453,0.088981
DQN,A1_grid,2,362,65592,-332.0,200,0,0.4436,0.061223
DQN,A1_grid,2,363,65724,-225.0,132,1,0.4425,0.088939
DQN,A1_grid,2,364,65924,-332.0,200,0,0.4408,0.072225
DQN,A1_grid,2,365,66124,-336.0,200,0,0.4391,0.071588
DQN,A1_grid,2,366,66324,-276.0,200,0,0.4374,0.129523
DQN,A1_grid,2,367,66524,-308.0,200,0,0.4357,0.079359
DQN,A1_grid,2,368,66595,-108.0,71,1,0.4351,0.07731
DQN,A1_grid,2,369,66615,-25.0,20,1,0.435,0.067796
DQN,A1_grid,2,370,66731,-141.0,116,1,0.434,0.050604
DQN,A1_grid,2,371,66740,2.0,9,1,0.4339,0.00721
DQN,A1_grid,2,372,66747,0.0,7,1,0.4338,0.179098
DQN,A1_grid,2,373,66947,-256.0,200,0,0.4321,0.097106
DQN,A1_grid,2,374,67147,-328.0,200,0,0.4304,0.124162
DQN,A1_grid,2,375,67347,-376.0,200,0,0.4288,0.075563
DQN,A1_grid,2,376,67383,-41.0,36,1,0.4284,0.110947
DQN,A1_grid,2,377,67583,-364.0,200,0,0.4268,0.08431
DQN,A1_grid,2,378,67783,-304.0,200,0,0.4251,0.066272
DQN,A1_grid,2,379,67942,-240.0,159,1,0.4237,0.088786
DQN,A1_grid,2,380,68017,-88.0,75,1,0.4231,0.173566
DQN,A1_grid,2,381,68100,-112.0,83,1,0.4224,0.132004
DQN,A1_grid,2,382,68110,-11.0,10,1,0.4223,0.135926
DQN,A1_grid,2,383,68125,-12.0,15,1,0.4222,0.015499
DQN,A1_grid,2,384,68161,-45.0,36,1,0.4218,0.15216
DQN,A1_grid,2,385,68192,-28.0,31,1,0.4216,0.212483
DQN,A1_grid,2,386,68194,9.0,2,1,0.4216,0.017218
DQN,A1_grid,2,387,68301,-152.0,107,1,0.4207,0.092535
DQN,A1_grid,2,388,68412,-152.0,111,1,0.4197,0.132557
DQN,A1_grid,2,389,68414,9.0,2,1,0.4197,0.606407
DQN,A1_grid,2,390,68578,-217.0,164,1,0.4183,0.179317
DQN,A1_grid,2,391,68778,-356.0,200,0,0.4166,0.071231
DQN,A1_grid,2,392,68978,-416.0,200,0,0.4149,0.144228
DQN,A1_grid,2,393,69178,-328.0,200,0,0.4132,0.143334
DQN,A1_grid,2,394,69208,-31.0,30,1,0.413,0.22059
DQN,A1_grid,2,395,69298,-139.0,90,1,0.4122,0.137347
DQN,A1_grid,2,396,69498,-356.0,200,0,0.4105,0.106251
DQN,A1_grid,2,397,69698,-272.0,200,0,0.4088,0.137131
DQN,A1_grid,2,398,69898,-292.0,200,0,0.4071,0.137091
DQN,A1_grid,2,399,69981,-104.0,83,1,0.4064,0.103609
DQN,A1_grid,2,400,70181,-288.0,200,0,0.4047,0.141616
DQN,A1_grid,2,401,70196,-16.0,15,1,0.4046,0.176024
DQN,A1_grid,2,402,70396,-344.0,200,0,0.4029,0.173657
DQN,A1_grid,2,403,70596,-336.0,200,0,0.4012,0.159409
DQN,A1_grid,2,404,70796,-244.0,200,0,0.3995,0.138442
DQN,A1_grid,2,405,70996,-308.0,200,0,0.3978,0.116875
DQN,A1_grid,2,406,71196,-284.0,200,0,0.3961,0.142026
DQN,A1_grid,2,407,71204,-1.0,8,1,0.396,0.318898
DQN,A1_grid,2,408,71404,-244.0,200,0,0.3943,0.129444
DQN,A1_grid,2,409,71412,3.0,8,1,0.3943,0.047359
DQN,A1_grid,2,410,71612,-252.0,200,0,0.3926,0.152266
DQN,A1_grid,2,411,71812,-276.0,200,0,0.3909,0.151757
DQN,A1_grid,2,412,72012,-280.0,200,0,0.3892,0.122621
DQN,A1_grid,2,413,72144,-217.0,132,1,0.3881,0.181693
DQN,A1_grid,2,414,72344,-284.0,200,0,0.3864,0.134635
DQN,A1_grid,2,415,72356,-9.0,12,1,0.3863,0.226489
DQN,A1_grid,2,416,72383,-20.0,27,1,0.386,0.173665
DQN,A1_grid,2,417,72436,-78.0,53,1,0.3856,0.095176
DQN,A1_grid,2,418,72472,-45.0,36,1,0.3853,0.165238
DQN,A1_grid,2,419,72482,-7.0,10,1,0.3852,0.13811
DQN,A1_grid,2,420,72613,-180.0,131,1,0.3841,0.202675
DQN,A1_grid,2,421,72813,-312.0,200,0,0.3824,0.119899
DQN,A1_grid,2,422,72827,-11.0,14,1,0.3823,0.220598
DQN,A1_grid,2,423,72938,-152.0,111,1,0.3813,0.121254
DQN,A1_grid,2,424,72947,-2.0,9,1,0.3813,0.413232
DQN,A1_grid,2,425,73147,-324.0,200,0,0.3796,0.193004
DQN,A1_grid,2,426,73178,-32.0,31,1,0.3793,0.200844
DQN,A1_grid,2,427,73378,-304.0,200,0,0.3776,0.176235
DQN,A1_grid,2,428,73415,-54.0,37,1,0.3773,0.146539
DQN,A1_grid,2,429,73424,-6.0,9,1,0.3772,0.205245
DQN,A1_grid,2,430,73433,2.0,9,1,0.3771,0.177649
DQN,A1_grid,2,431,73492,-88.0,59,1,0.3766,0.241007
DQN,A1_grid,2,432,73515,-32.0,23,1,0.3764,0.305627
DQN,A1_grid,2,433,73549,-39.0,34,1,0.3761,0.233464
DQN,A1_grid,2,434,73692,-212.0,143,1,0.3749,0.196856
DQN,A1_grid,2,435,73892,-248.0,200,0,0.3732,0.223007
DQN,A1_grid,2,436,73908,-13.0,16,1,0.3731,0.08732
DQN,A1_grid,2,437,74108,-328.0,200,0,0.3714,0.193232
DQN,A1_grid,2,438,74122,-15.0,14,1,0.3713,0.359371
DQN,A1_grid,2,439,74156,-43.0,34,1,0.371,0.184997
DQN,A1_grid,2,440,74356,-276.0,200,0,0.3693,0.236654
DQN,A1_grid,2,441,74378,-19.0,22,1,0.3691,0.282522
DQN,A1_grid,2,442,74424,-59.0,46,1,0.3687,0.188416
DQN,A1_grid,2,443,74510,-131.0,86,1,0.368,0.183741
DQN,A1_grid,2,444,74514,7.0,4,1,0.368,0.557642
DQN,A1_grid,2,445,74714,-328.0,200,0,0.3663,0.264567
DQN,A1_grid,2,446,74914,-320.0,200,0,0.3646,0.230273
DQN,A1_grid,2,447,74942,-41.0,28,1,0.3643,0.309318
DQN,A1_grid,2,448,74971,-26.0,29,1,0.3641,0.147525
DQN,A1_grid,2,449,74977,5.0,6,1,0.364,0.127263
DQN,A1_grid,2,450,75113,-217.0,136,1,0.3629,0.38453
DQN,A1_grid,2,451,75125,-13.0,12,1,0.3628,0.289234
DQN,A1_grid,2,452,75325,-256.0,200,0,0.3611,0.294593
DQN,A1_grid,2,453,75525,-324.0,200,0,0.3594,0.280674
DQN,A1_grid,2,454,75530,2.0,5,1,0.3593,0.185595
DQN,A1_grid,2,455,75595,-82.0,65,1,0.3588,0.331291
DQN,A1_grid,2,456,75694,-140.0,99,1,0.358,0.292242
DQN,A1_grid,2,457,75701,0.0,7,1,0.3579,0.234152
DQN,A1_grid,2,458,75761,-61.0,60,1,0.3574,0.330526
DQN,A1_grid,2,459,75823,-67.0,62,1,0.3569,0.230005
DQN,A1_grid,2,460,75899,-101.0,76,1,0.3562,0.263715
DQN,A1_grid,2,461,75923,-29.0,24,1,0.356,0.302485
DQN,A1_grid,2,462,75933,-3.0,10,1,0.3559,0.350702
DQN,A1_grid,2,463,76112,-244.0,179,1,0.3544,0.346752
DQN,A1_grid,2,464,76139,-28.0,27,1,0.3542,0.327933
DQN,A1_grid,2,465,76339,-300.0,200,0,0.3525,0.358837
DQN,A1_grid,2,466,76356,-18.0,17,1,0.3523,0.430323
DQN,A1_grid,2,467,76372,-9.0,16,1,0.3522,0.450398
DQN,A1_grid,2,468,76572,-280.0,200,0,0.3505,0.375462
DQN,A1_grid,2,469,76631,-92.0,59,1,0.35,0.427145
DQN,A1_grid,2,470,76820,-266.0,189,1,0.3484,0.388161
DQN,A1_grid,2,471,77020,-292.0,200,0,0.3467,0.416027
DQN,A1_grid,2,472,77045,-26.0,25,1,0.3465,0.462964
DQN,A1_grid,2,473,77245,-268.0,200,0,0.3448,0.413371
DQN,A1_grid,2,474,77445,-264.0,200,0,0.3431,0.393598
DQN,A1_grid,2,475,77645,-284.0,200,0,0.3414,0.503326
DQN,A1_grid,2,476,77845,-276.0,200,0,0.3397,0.470375
DQN,A1_grid,2,477,77882,-46.0,37,1,0.3394,0.458317
DQN,A1_grid,2,478,77933,-64.0,51,1,0.339,0.385817
DQN,A1_grid,2,479,77945,-13.0,12,1,0.3389,0.423372
DQN,A1_grid,2,480,78063,-135.0,118,1,0.3379,0.527908
DQN,A1_grid,2,481,78101,-51.0,38,1,0.3375,0.531425
DQN,A1_grid,2,482,78130,-30.0,29,1,0.3373,0.60273
DQN,A1_grid,2,483,78153,-24.0,23,1,0.3371,0.629568
DQN,A1_grid,2,484,78162,-2.0,9,1,0.337,0.583583
DQN,A1_grid,2,485,78362,-272.0,200,0,0.3353,0.524726
DQN,A1_grid,2,486,78372,-7.0,10,1,0.3352,0.628414
DQN,A1_grid,2,487,78393,-26.0,21,1,0.3351,0.476072
DQN,A1_grid,2,488,78462,-94.0,69,1,0.3345,0.475434
DQN,A1_grid,2,489,78662,-296.0,200,0,0.3328,0.67573
DQN,A1_grid,2,490,78862,-260.0,200,0,0.3311,0.561645
DQN,A1_grid,2,491,79040,-283.0,178,1,0.3296,0.597713
DQN,A1_grid,2,492,79058,-19.0,18,1,0.3294,0.965135
DQN,A1_grid,2,493,79076,-7.0,18,1,0.3293,0.792783
DQN,A1_grid,2,494,79106,-39.0,30,1,0.329,0.702567
DQN,A1_grid,2,495,79306,-272.0,200,0,0.3273,0.684973
DQN,A1_grid,2,496,79506,-308.0,200,0,0.3256,0.657289
DQN,A1_grid,2,497,79525,-12.0,19,1,0.3255,1.019157
DQN,A1_grid,2,498,79534,-10.0,9,1,0.3254,1.013786
DQN,A1_grid,2,499,79549,-16.0,15,1,0.3253,0.758517
DQN,A1_grid,2,500,79749,-284.0,200,0,0.3236,0.711608
DQN,A1_grid,2,501,79782,-38.0,33,1,0.3233,0.766465
DQN,A1_grid,2,502,79792,-7.0,10,1,0.3232,0.746273
DQN,A1_grid,2,503,79803,-8.0,11,1,0.3231,0.589987
DQN,A1_grid,2,504,80003,-284.0,200,0,0.3214,0.744419
DQN,A1_grid,2,505,80092,-114.0,89,1,0.3206,0.947534
DQN,A1_grid,2,506,80292,-268.0,200,0,0.319,0.827652
DQN,A1_grid,2,507,80324,-29.0,32,1,0.3187,0.778897
DQN,A1_grid,2,508,80524,-252.0,200,0,0.317,0.839943
DQN,A1_grid,2,509,80550,-31.0,26,1,0.3168,1.017239
DQN,A1_grid,2,510,80570,-17.0,20,1,0.3166,0.942317
DQN,A1_grid,2,511,80607,-38.0,37,1,0.3163,0.93655
DQN,A1_grid,2,512,80612,6.0,5,1,0.3162,0.997822
DQN,A1_grid,2,513,80642,-35.0,30,1,0.316,0.866028
DQN,A1_grid,2,514,80666,-25.0,24,1,0.3158,1.040272
DQN,A1_grid,2,515,80691,-22.0,25,1,0.3156,1.097634
DQN,A1_grid,2,516,80715,-29.0,24,1,0.3154,0.842632
DQN,A1_grid,2,517,80785,-95.0,70,1,0.3148,0.873046
DQN,A1_grid,2,518,80985,-336.0,200,0,0.3131,0.876973
DQN,A1_grid,2,519,81107,-175.0,122,1,0.312,1.151678
DQN,A1_grid,2,520,81179,-93.0,72,1,0.3114,1.122464
DQN,A1_grid,2,521,81255,-85.0,76,1,0.3108,1.025624
DQN,A1_grid,2,522,81356,-146.0,101,1,0.3099,1.013524
DQN,A1_grid,2,523,81513,-198.0,157,1,0.3086,1.059291
DQN,A1_grid,2,524,81551,-43.0,38,1,0.3083,1.524453
DQN,A1_grid,2,525,81718,-240.0,167,1,0.3069,1.284442
DQN,A1_grid,2,526,81737,-12.0,19,1,0.3067,1.062087
DQN,A1_grid,2,527,81850,-142.0,113,1,0.3057,1.197631
DQN,A1_grid,2,528,81863,-14.0,13,1,0.3056,1.163626
DQN,A1_grid,2,529,81869,1.0,6,1,0.3056,1.205178
DQN,A1_grid,2,530,81908,-44.0,39,1,0.3052,1.233641
DQN,A1_grid,2,531,81961,-54.0,53,1,0.3048,1.246943
DQN,A1_grid,2,532,82161,-264.0,200,0,0.3031,1.505813
DQN,A1_grid,2,533,82184,-12.0,23,1,0.3029,1.347476
DQN,A1_grid,2,534,82312,-221.0,128,1,0.3018,1.362397
DQN,A1_grid,2,535,82341,-26.0,29,1,0.3016,1.520456
DQN,A1_grid,2,536,82384,-56.0,43,1,0.3012,1.384279
DQN,A1_grid,2,537,82434,-59.0,50,1,0.3008,1.302546
DQN,A1_grid,2,538,82480,-51.0,46,1,0.3004,1.262778
DQN,A1_grid,2,539,82675,-256.0,195,1,0.2987,1.702051
DQN,A1_grid,2,540,82875,-284.0,200,0,0.297,1.4251
DQN,A1_grid,2,541,82917,-67.0,42,1,0.2967,1.455932
DQN,A1_grid,2,542,82930,-2.0,13,1,0.2966,1.049342
DQN,A1_grid,2,543,82991,-110.0,61,1,0.2961,1.419063
DQN,A1_grid,2,544,83191,-252.0,200,0,0.2944,1.794729
DQN,A1_grid,2,545,83204,-10.0,13,1,0.2943,1.606164
DQN,A1_grid,2,546,83215,0.0,11,1,0.2942,1.793344
DQN,A1_grid,2,547,83260,-58.0,45,1,0.2938,1.533627
DQN,A1_grid,2,548,83282,-31.0,22,1,0.2936,1.544312
DQN,A1_grid,2,549,83475,-234.0,193,1,0.292,1.700498
DQN,A1_grid,2,550,83492,-10.0,17,1,0.2918,1.480703
DQN,A1_grid,2,551,83692,-244.0,200,0,0.2901,1.906547
DQN,A1_grid,2,552,83715,-16.0,23,1,0.2899,1.94337
DQN,A1_grid,2,553,83731,-5.0,16,1,0.2898,1.616476
DQN,A1_grid,2,554,83931,-316.0,200,0,0.2881,1.728084
DQN,A1_grid,2,555,84131,-268.0,200,0,0.2864,1.878971
DQN,A1_grid,2,556,84170,-48.0,39,1,0.2861,1.703012
DQN,A1_grid,2,557,84370,-268.0,200,0,0.2844,1.878328
DQN,A1_grid,2,558,84385,-8.0,15,1,0.2842,1.752096
DQN,A1_grid,2,559,84419,-39.0,34,1,0.2839,1.817543
DQN,A1_grid,2,560,84460,-42.0,41,1,0.2836,1.608396
DQN,A1_grid,2,561,84660,-288.0,200,0,0.2819,1.951062
DQN,A1_grid,2,562,84860,-296.0,200,0,0.2802,1.809228
DQN,A1_grid,2,563,84891,-28.0,31,1,0.2799,1.887947
DQN,A1_grid,2,564,84921,-31.0,30,1,0.2797,1.755076
DQN,A1_grid,2,565,84945,-25.0,24,1,0.2795,1.849259
DQN,A1_grid,2,566,85133,-261.0,188,1,0.2779,2.085504
DQN,A1_grid,2,567,85150,-14.0,17,1,0.2777,2.309266
DQN,A1_grid,2,568,85161,-8.0,11,1,0.2777,1.674703
DQN,A1_grid,2,569,85172,-8.0,11,1,0.2776,1.951236
DQN,A1_grid,2,570,85196,-21.0,24,1,0.2774,2.076252
DQN,A1_grid,2,571,85396,-268.0,200,0,0.2757,1.907273
DQN,A1_grid,2,572,85428,-33.0,32,1,0.2754,1.930544
DQN,A1_grid,2,573,85444,-13.0,16,1,0.2753,2.041512
DQN,A1_grid,2,574,85486,-51.0,42,1,0.2749,1.859917
DQN,A1_grid,2,575,85514,-45.0,28,1,0.2747,1.948216
DQN,A1_grid,2,576,85517,4.0,3,1,0.2746,2.131762
DQN,A1_grid,2,577,85655,-163.0,138,1,0.2735,2.136255
DQN,A1_grid,2,578,85663,-5.0,8,1,0.2734,1.549553
DQN,A1_grid,2,579,85773,-119.0,110,1,0.2725,1.932029
DQN,A1_grid,2,580,85875,-139.0,102,1,0.2716,1.952245
DQN,A1_grid,2,581,85954,-84.0,79,1,0.2709,2.04653
DQN,A1_grid,2,582,86154,-240.0,200,0,0.2692,2.172032
DQN,A1_grid,2,583,86354,-324.0,200,0,0.2675,2.085104
DQN,A1_grid,2,584,86554,-276.0,200,0,0.2658,2.126053
DQN,A1_grid,2,585,86614,-73.0,60,1,0.2653,2.082066
DQN,A1_grid,2,586,86690,-109.0,76,1,0.2647,1.972402
DQN,A1_grid,2,587,86772,-83.0,82,1,0.264,2.06901
DQN,A1_grid,2,588,86792,-17.0,20,1,0.2638,2.04517
DQN,A1_grid,2,589,86806,-15.0,14,1,0.2637,2.111861
DQN,A1_grid,2,590,86856,-59.0,50,1,0.2633,2.062941
DQN,A1_grid,2,591,86969,-162.0,113,1,0.2623,2.034192
DQN,A1_grid,2,592,87169,-284.0,200,0,0.2606,2.097824
DQN,A1_grid,2,593,87369,-316.0,200,0,0.2589,1.984769
DQN,A1_grid,2,594,87383,-7.0,14,1,0.2588,1.678502
DQN,A1_grid,2,595,87583,-288.0,200,0,0.2571,2.139589
DQN,A1_grid,2,596,87783,-284.0,200,0,0.2554,2.055986
DQN,A1_grid,2,597,87813,-23.0,30,1,0.2552,2.075229
DQN,A1_grid,2,598,87849,-37.0,36,1,0.2549,1.861072
DQN,A1_grid,2,599,88036,-268.0,187,1,0.2533,2.010862
DQN,A1_grid,2,600,88060,-29.0,24,1,0.2531,2.051696
DQN,A1_grid,2,601,88081,-18.0,21,1,0.2529,1.79541
DQN,A1_grid,2,602,88166,-266.0,85,1,0.2522,2.134362
DQN,A1_grid,2,603,88248,-115.0,82,1,0.2515,1.835338
DQN,A1_grid,2,604,88297,-98.0,49,1,0.2511,1.874246
DQN,A1_grid,2,605,88311,-3.0,14,1,0.2509,1.802924
DQN,A1_grid,2,606,88343,-57.0,32,1,0.2507,2.224528
DQN,A1_grid,2,607,88349,5.0,6,1,0.2506,2.053228
DQN,A1_grid,2,608,88387,-31.0,38,1,0.2503,2.019992
DQN,A1_grid,2,609,88463,-149.0,76,1,0.2496,2.00064
DQN,A1_grid,2,610,88471,3.0,8,1,0.2496,1.97784
DQN,A1_grid,2,611,88488,-10.0,17,1,0.2494,1.799819
DQN,A1_grid,2,612,88496,3.0,8,1,0.2494,1.713133
DQN,A1_grid,2,613,88581,-218.0,85,1,0.2486,2.151961
DQN,A1_grid,2,614,88651,-123.0,70,1,0.248,2.066021
DQN,A1_grid,2,615,88851,-232.0,200,0,0.2464,1.911811
DQN,A1_grid,2,616,88889,-75.0,38,1,0.246,1.970024
DQN,A1_grid,2,617,88942,-142.0,53,1,0.2456,1.815254
DQN,A1_grid,2,618,88982,-33.0,40,1,0.2452,1.78482
DQN,A1_grid,2,619,89023,-110.0,41,1,0.2449,2.248755
DQN,A1_grid,2,620,89199,-297.0,176,1,0.2434,1.941432
DQN,A1_grid,2,621,89213,-11.0,14,1,0.2433,1.888403
DQN,A1_grid,2,622,89274,-110.0,61,1,0.2428,1.970228
DQN,A1_grid,2,623,89322,-61.0,48,1,0.2424,1.759742
DQN,A1_grid,2,624,89342,-17.0,20,1,0.2422,2.078542
DQN,A1_grid,2,625,89351,-2.0,9,1,0.2421,1.811429
DQN,A1_grid,2,626,89373,-19.0,22,1,0.2419,1.880393
DQN,A1_grid,2,627,89394,-14.0,21,1,0.2417,1.860807
DQN,A1_grid,2,628,89397,8.0,3,1,0.2417,2.39561
DQN,A1_grid,2,629,89416,-12.0,19,1,0.2416,1.825726
DQN,A1_grid,2,630,89559,-196.0,143,1,0.2403,1.875917
DQN,A1_grid,2,631,89566,4.0,7,1,0.2403,2.344127
DQN,A1_grid,2,632,89584,-23.0,18,1,0.2401,2.047255
DQN,A1_grid,2,633,89656,-93.0,72,1,0.2395,1.942194
DQN,A1_grid,2,634,89669,-2.0,13,1,0.2394,1.812916
DQN,A1_grid,2,635,89737,-97.0,68,1,0.2388,1.835425
DQN,A1_grid,2,636,89937,-224.0,200,0,0.2371,1.843858
DQN,A1_grid,2,637,89955,-7.0,18,1,0.237,1.670686
DQN,A1_grid,2,638,89998,-40.0,43,1,0.2366,1.922158
DQN,A1_grid,2,639,90198,-244.0,200,0,0.2349,1.905007
DQN,A1_grid,2,640,90220,-11.0,22,1,0.2347,2.01577
DQN,A1_grid,2,641,90231,0.0,11,1,0.2346,1.701528
DQN,A1_grid,2,642,90351,-137.0,120,1,0.2336,1.830855
DQN,A1_grid,2,643,90384,-30.0,33,1,0.2333,1.773816
DQN,A1_grid,2,644,90389,6.0,5,1,0.2333,1.604226
DQN,A1_grid,2,645,90589,-228.0,200,0,0.2316,1.853063
DQN,A1_grid,2,646,90618,-26.0,29,1,0.2314,1.938159
DQN,A1_grid,2,647,90640,-15.0,22,1,0.2312,1.786376
DQN,A1_grid,2,648,90840,-228.0,200,0,0.2295,1.742037
DQN,A1_grid,2,649,90849,2.0,9,1,0.2294,1.515502
DQN,A1_grid,2,650,91049,-232.0,200,0,0.2277,1.737944
DQN,A1_grid,2,651,91115,-79.0,66,1,0.2271,1.820608
DQN,A1_grid,2,652,91315,-252.0,200,0,0.2255,1.703361
DQN,A1_grid,2,653,91366,-64.0,51,1,0.225,1.706195
DQN,A1_grid,2,654,91376,1.0,10,1,0.2249,1.749414
DQN,A1_grid,2,655,91425,-54.0,49,1,0.2245,1.694996
DQN,A1_grid,2,656,91438,-6.0,13,1,0.2244,1.339269
DQN,A1_grid,2,657,91470,-21.0,32,1,0.2241,1.626701
DQN,A1_grid,2,658,91494,-45.0,24,1,0.2239,1.518719
DQN,A1_grid,2,659,91535,-70.0,41,1,0.2236,1.851116
DQN,A1_grid,2,660,91545,1.0,10,1,0.2235,1.915423
DQN,A1_grid,2,661,91674,-174.0,129,1,0.2224,1.69947
DQN,A1_grid,2,662,91691,-10.0,17,1,0.2223,1.496855
DQN,A1_grid,2,663,91891,-324.0,200,0,0.2206,1.638979
DQN,A1_grid,2,664,92091,-292.0,200,0,0.2189,1.606599
DQN,A1_grid,2,665,92167,-85.0,76,1,0.2182,1.583444
DQN,A1_grid,2,666,92277,-135.0,110,1,0.2173,1.521311
DQN,A1_grid,2,667,92289,-5.0,12,1,0.2172,1.494274
DQN,A1_grid,2,668,92353,-57.0,64,1,0.2166,1.575621
DQN,A1_grid,2,669,92442,-106.0,89,1,0.2159,1.549212
DQN,A1_grid,2,670,92642,-292.0,200,0,0.2142,1.657532
DQN,A1_grid,2,671,92713,-80.0,71,1,0.2136,1.442108
DQN,A1_grid,2,672,92754,-38.0,41,1,0.2132,1.497035
DQN,A1_grid,2,673,92809,-60.0,55,1,0.2128,1.445088
DQN,A1_grid,2,674,92819,1.0,10,1,0.2127,1.627224
DQN,A1_grid,2,675,92845,-23.0,26,1,0.2125,1.577603
DQN,A1_grid,2,676,92874,-58.0,29,1,0.2122,1.470285
DQN,A1_grid,2,677,93014,-165.0,140,1,0.211,1.409147
DQN,A1_grid,2,678,93028,-11.0,14,1,0.2109,1.711779
DQN,A1_grid,2,679,93153,-150.0,125,1,0.2099,1.47367
DQN,A1_grid,2,680,93168,-8.0,15,1,0.2097,1.470538
DQN,A1_grid,2,681,93303,-164.0,135,1,0.2086,1.530731
DQN,A1_grid,2,682,93308,2.0,5,1,0.2085,1.397539
DQN,A1_grid,2,683,93363,-60.0,55,1,0.2081,1.443972
DQN,A1_grid,2,684,93372,2.0,9,1,0.208,1.327271
DQN,A1_grid,2,685,93572,-256.0,200,0,0.2063,1.482262
DQN,A1_grid,2,686,93647,-100.0,75,1,0.2057,1.422501
DQN,A1_grid,2,687,93847,-264.0,200,0,0.204,1.422698
DQN,A1_grid,2,688,93874,-16.0,27,1,0.2037,1.453671
DQN,A1_grid,2,689,93902,-37.0,28,1,0.2035,1.260505
DQN,A1_grid,2,690,94046,-177.0,144,1,0.2023,1.351545
DQN,A1_grid,2,691,94060,-11.0,14,1,0.2022,1.498825
DQN,A1_grid,2,692,94260,-236.0,200,0,0.2005,1.41702
DQN,A1_grid,2,693,94270,1.0,10,1,0.2004,1.16489
DQN,A1_grid,2,694,94326,-49.0,56,1,0.1999,1.353793
DQN,A1_grid,2,695,94369,-44.0,43,1,0.1995,1.275509
DQN,A1_grid,2,696,94569,-232.0,200,0,0.1979,1.360392
DQN,A1_grid,2,697,94769,-256.0,200,0,0.1962,1.341997
DQN,A1_grid,2,698,94969,-264.0,200,0,0.1945,1.308896
DQN,A1_grid,2,699,95148,-212.0,179,1,0.1929,1.374341
DQN,A1_grid,2,700,95181,-30.0,33,1,0.1927,1.363641
DQN,A1_grid,2,701,95190,2.0,9,1,0.1926,1.334507
DQN,A1_grid,2,702,95390,-284.0,200,0,0.1909,1.267638
DQN,A1_grid,2,703,95392,9.0,2,1,0.1909,0.560427
DQN,A1_grid,2,704,95592,-256.0,200,0,0.1892,1.256787
DQN,A1_grid,2,705,95612,-9.0,20,1,0.189,1.199518
DQN,A1_grid,2,706,95628,-5.0,16,1,0.1889,1.091325
DQN,A1_grid,2,707,95828,-444.0,200,0,0.1872,1.207508
DQN,A1_grid,2,708,95840,-5.0,12,1,0.1871,1.250562
DQN,A1_grid,2,709,96040,-256.0,200,0,0.1854,1.161642
DQN,A1_grid,2,710,96128,-93.0,88,1,0.1846,1.253587
DQN,A1_grid,2,711,96328,-256.0,200,0,0.1829,1.191782
DQN,A1_grid,2,712,96375,-56.0,47,1,0.1825,1.114923
DQN,A1_grid,2,713,96418,-44.0,43,1,0.1822,1.039827
DQN,A1_grid,2,714,96463,-46.0,45,1,0.1818,1.15486
DQN,A1_grid,2,715,96501,-35.0,38,1,0.1815,1.056925
DQN,A1_grid,2,716,96545,-61.0,44,1,0.1811,1.406898
DQN,A1_grid,2,717,96745,-348.0,200,0,0.1794,1.124289
DQN,A1_grid,2,718,96828,-104.0,83,1,0.1787,1.138018
DQN,A1_grid,2,719,97028,-388.0,200,0,0.177,1.095447
DQN,A1_grid,2,720,97228,-220.0,200,0,0.1753,1.163339
DQN,A1_grid,2,721,97233,2.0,5,1,0.1753,0.952681
DQN,A1_grid,2,722,97246,-2.0,13,1,0.1751,1.038678
DQN,A1_grid,2,723,97308,-75.0,62,1,0.1746,1.125767
DQN,A1_grid,2,724,97375,-72.0,67,1,0.1741,1.066436
DQN,A1_grid,2,725,97424,-70.0,49,1,0.1736,1.21917
DQN,A1_grid,2,726,97459,-24.0,35,1,0.1733,0.870594
DQN,A1_grid,2,727,97479,-9.0,20,1,0.1732,1.097392
DQN,A1_grid,2,728,97511,-33.0,32,1,0.1729,1.196486
DQN,A1_grid,2,729,97526,-4.0,15,1,0.1728,1.583926
DQN,A1_grid,2,730,97552,-23.0,26,1,0.1726,1.157053
DQN,A1_grid,2,731,97731,-220.0,179,1,0.171,1.136682
DQN,A1_grid,2,732,97753,-19.0,22,1,0.1708,1.15329
DQN,A1_grid,2,733,97761,3.0,8,1,0.1708,0.966514
DQN,A1_grid,2,734,97786,-18.0,25,1,0.1706,1.03647
DQN,A1_grid,2,735,97986,-300.0,200,0,0.1689,1.026983
DQN,A1_grid,2,736,98124,-191.0,138,1,0.1677,1.168532
DQN,A1_grid,2,737,98153,-18.0,29,1,0.1675,1.111417
DQN,A1_grid,2,738,98161,3.0,8,1,0.1674,1.027151
DQN,A1_grid,2,739,98172,0.0,11,1,0.1673,0.94337
DQN,A1_grid,2,740,98178,5.0,6,1,0.1672,1.236489
DQN,A1_grid,2,741,98191,-2.0,13,1,0.1671,1.052441
DQN,A1_grid,2,742,98198,4.0,7,1,0.1671,1.041829
DQN,A1_grid,2,743,98398,-280.0,200,0,0.1654,1.107984
DQN,A1_grid,2,744,98598,-236.0,200,0,0.1637,1.144046
DQN,A1_grid,2,745,98617,-8.0,19,1,0.1635,1.015355
DQN,A1_grid,2,746,98817,-320.0,200,0,0.1618,0.992935
DQN,A1_grid,2,747,99017,-284.0,200,0,0.1601,1.032782
DQN,A1_grid,2,748,99076,-76.0,59,1,0.1596,1.048066
DQN,A1_grid,2,749,99117,-46.0,41,1,0.1593,1.019443
DQN,A1_grid,2,750,99137,-13.0,20,1,0.1591,1.002057
DQN,A1_grid,2,751,99143,5.0,6,1,0.1591,0.87164
DQN,A1_grid,2,752,99158,-8.0,15,1,0.1589,1.038041
DQN,A1_grid,2,753,99191,-30.0,33,1,0.1586,1.019585
DQN,A1_grid,2,754,99198,4.0,7,1,0.1586,1.103198
DQN,A1_grid,2,755,99220,-15.0,22,1,0.1584,0.988421
DQN,A1_grid,2,756,99224,7.0,4,1,0.1584,0.672652
DQN,A1_grid,2,757,99255,-28.0,31,1,0.1581,0.909021
DQN,A1_grid,2,758,99274,-12.0,19,1,0.1579,1.034599
DQN,A1_grid,2,759,99327,-58.0,53,1,0.1575,0.916155
DQN,A1_grid,2,760,99370,-48.0,43,1,0.1571,1.067854
DQN,A1_grid,2,761,99426,-53.0,56,1,0.1567,0.908404
DQN,A1_grid,2,762,99446,-9.0,20,1,0.1565,0.932244
DQN,A1_grid,2,763,99457,-4.0,11,1,0.1564,1.070635
DQN,A1_grid,2,764,99482,-18.0,25,1,0.1562,0.81452
DQN,A1_grid,2,765,99526,-49.0,44,1,0.1558,1.135217
DQN,A1_grid,2,766,99538,-1.0,12,1,0.1557,1.148784
DQN,A1_grid,2,767,99549,0.0,11,1,0.1556,0.917497
DQN,A1_grid,2,768,99566,-6.0,17,1,0.1555,0.9037
DQN,A1_grid,2,769,99580,-3.0,14,1,0.1553,1.070716
DQN,A1_grid,2,770,99592,-1.0,12,1,0.1552,0.985897
DQN,A1_grid,2,771,99600,3.0,8,1,0.1552,0.770883
DQN,A1_grid,2,772,99605,6.0,5,1,0.1551,0.759982
DQN,A1_grid,2,773,99641,-33.0,36,1,0.1548,0.966912
DQN,A1_grid,2,774,99671,-19.0,30,1,0.1546,0.925112
DQN,A1_grid,2,775,99699,-17.0,28,1,0.1543,1.058515
DQN,A1_grid,2,776,99708,2.0,9,1,0.1543,0.704379
DQN,A1_grid,2,777,99727,-12.0,19,1,0.1541,1.09066
DQN,A1_grid,2,778,99758,-24.0,31,1,0.1538,1.023543
DQN,A1_grid,2,779,99807,-62.0,49,1,0.1534,0.932882
DQN,A1_grid,2,780,99832,-14.0,25,1,0.1532,0.92254
DQN,A1_grid,2,781,99846,-3.0,14,1,0.1531,0.857102
DQN,A1_grid,2,782,99869,-12.0,23,1,0.1529,0.888383
DQN,A1_grid,2,783,99897,-21.0,28,1,0.1527,0.911295
DQN,A1_grid,2,784,99935,-35.0,38,1,0.1523,0.848598
DQN,A1_grid,2,785,99967,-33.0,32,1,0.1521,0.793124
DQN,A1_grid,2,786,99988,-14.0,21,1,0.1519,0.794068
DQN,A1_grid,2,787,100012,-13.0,24,1,0.1517,1.202928
DQN,A1_grid,2,788,100044,-25.0,32,1,0.1514,0.996721
DQN,A1_grid,2,789,100075,-32.0,31,1,0.1511,1.016073
DQN,A1_grid,2,790,100083,3.0,8,1,0.1511,0.792339
DQN,A1_grid,2,791,100095,-5.0,12,1,0.151,0.910608
DQN,A1_grid,2,792,100132,-34.0,37,1,0.1507,0.95609
DQN,A1_grid,2,793,100160,-29.0,28,1,0.1504,1.010711
DQN,A1_grid,2,794,100193,-82.0,33,1,0.1501,0.876002
DQN,A1_grid,2,795,100213,-9.0,20,1,0.15,0.930607
DQN,A1_grid,2,796,100244,-28.0,31,1,0.1497,0.8081
DQN,A1_grid,2,797,100264,-9.0,20,1,0.1495,1.019262
DQN,A1_grid,2,798,100294,-31.0,30,1,0.1493,0.920021
DQN,A1_grid,2,799,100322,-17.0,28,1,0.1491,1.019372
DQN,A1_grid,2,800,100360,-39.0,38,1,0.1487,0.885176
DuelingDQN,A1_grid,2,1,200,-508.0,200,0,0.9983,
DuelingDQN,A1_grid,2,2,400,-436.0,200,0,0.9966,
DuelingDQN,A1_grid,2,3,600,-428.0,200,0,0.9949,
DuelingDQN,A1_grid,2,4,800,-424.0,200,0,0.9932,
DuelingDQN,A1_grid,2,5,844,-101.0,44,1,0.9928,
DuelingDQN,A1_grid,2,6,1044,-536.0,200,0,0.9912,1.040629
DuelingDQN,A1_grid,2,7,1244,-416.0,200,0,0.9895,0.129367
DuelingDQN,A1_grid,2,8,1444,-400.0,200,0,0.9878,0.014652
DuelingDQN,A1_grid,2,9,1644,-388.0,200,0,0.9861,0.030268
DuelingDQN,A1_grid,2,10,1696,-121.0,52,1,0.9856,0.006581
DuelingDQN,A1_grid,2,11,1896,-608.0,200,0,0.9839,0.016763
DuelingDQN,A1_grid,2,12,2062,-359.0,166,1,0.9825,0.035729
DuelingDQN,A1_grid,2,13,2262,-544.0,200,0,0.9808,0.018229
DuelingDQN,A1_grid,2,14,2462,-480.0,200,0,0.9791,0.014129
DuelingDQN,A1_grid,2,15,2662,-472.0,200,0,0.9774,0.077242
DuelingDQN,A1_grid,2,16,2862,-420.0,200,0,0.9757,0.036511
DuelingDQN,A1_grid,2,17,3062,-544.0,200,0,0.974,0.073552
DuelingDQN,A1_grid,2,18,3262,-384.0,200,0,0.9723,0.047979
DuelingDQN,A1_grid,2,19,3462,-444.0,200,0,0.9706,0.026397
DuelingDQN,A1_grid,2,20,3662,-520.0,200,0,0.9689,0.125147
DuelingDQN,A1_grid,2,21,3862,-468.0,200,0,0.9673,0.074376
DuelingDQN,A1_grid,2,22,4062,-468.0,200,0,0.9656,0.124097
DuelingDQN,A1_grid,2,23,4188,-247.0,126,1,0.9645,0.179353
DuelingDQN,A1_grid,2,24,4388,-416.0,200,0,0.9628,0.049923
DuelingDQN,A1_grid,2,25,4588,-640.0,200,0,0.9611,0.140087
DuelingDQN,A1_grid,2,26,4788,-532.0,200,0,0.9594,0.068084
DuelingDQN,A1_grid,2,27,4988,-480.0,200,0,0.9577,0.013153
DuelingDQN,A1_grid,2,28,5188,-444.0,200,0,0.956,0.109109
DuelingDQN,A1_grid,2,29,5388,-508.0,200,0,0.9543,0.037752
DuelingDQN,A1_grid,2,30,5588,-460.0,200,0,0.9526,0.067723
DuelingDQN,A1_grid,2,31,5788,-460.0,200,0,0.9509,0.057947
DuelingDQN,A1_grid,2,32,5792,-5.0,4,1,0.9509,0.048323
DuelingDQN,A1_grid,2,33,5992,-504.0,200,0,0.9492,0.021377
DuelingDQN,A1_grid,2,34,6093,-214.0,101,1,0.9483,0.139066
DuelingDQN,A1_grid,2,35,6293,-384.0,200,0,0.9466,0.054898
DuelingDQN,A1_grid,2,36,6493,-504.0,200,0,0.9449,0.023023
DuelingDQN,A1_grid,2,37,6693,-424.0,200,0,0.9432,0.092303
DuelingDQN,A1_grid,2,38,6893,-412.0,200,0,0.9415,0.036358
DuelingDQN,A1_grid,2,39,6961,-117.0,68,1,0.941,0.024519
DuelingDQN,A1_grid,2,40,7085,-249.0,124,1,0.9399,0.131264
DuelingDQN,A1_grid,2,41,7285,-580.0,200,0,0.9382,0.066334
DuelingDQN,A1_grid,2,42,7312,-76.0,27,1,0.938,0.034951
DuelingDQN,A1_grid,2,43,7512,-472.0,200,0,0.9363,0.038242
DuelingDQN,A1_grid,2,44,7564,-105.0,52,1,0.9358,0.208754
DuelingDQN,A1_grid,2,45,7764,-436.0,200,0,0.9342,0.078568
DuelingDQN,A1_grid,2,46,7964,-568.0,200,0,0.9325,0.010386
DuelingDQN,A1_grid,2,47,8164,-512.0,200,0,0.9308,0.16682
DuelingDQN,A1_grid,2,48,8364,-408.0,200,0,0.9291,0.027439
DuelingDQN,A1_grid,2,49,8564,-536.0,200,0,0.9274,0.105683
DuelingDQN,A1_grid,2,50,8764,-452.0,200,0,0.9257,0.068993
DuelingDQN,A1_grid,2,51,8812,-97.0,48,1,0.9253,0.021807
DuelingDQN,A1_grid,2,52,8859,-100.0,47,1,0.9249,0.022976
DuelingDQN,A1_grid,2,53,9059,-496.0,200,0,0.9232,0.101389
DuelingDQN,A1_grid,2,54,9259,-364.0,200,0,0.9215,0.07633
DuelingDQN,A1_grid,2,55,9401,-311.0,142,1,0.9203,0.019746
DuelingDQN,A1_grid,2,56,9601,-476.0,200,0,0.9186,0.104794
DuelingDQN,A1_grid,2,57,9801,-544.0,200,0,0.9169,0.047124
DuelingDQN,A1_grid,2,58,10001,-376.0,200,0,0.9152,0.007995
DuelingDQN,A1_grid,2,59,10159,-379.0,158,1,0.9138,0.138028
DuelingDQN,A1_grid,2,60,10359,-396.0,200,0,0.9121,0.025933
DuelingDQN,A1_grid,2,61,10559,-428.0,200,0,0.9104,0.083374
DuelingDQN,A1_grid,2,62,10645,-167.0,86,1,0.9097,0.11692
DuelingDQN,A1_grid,2,63,10845,-380.0,200,0,0.908,0.03559
DuelingDQN,A1_grid,2,64,11045,-452.0,200,0,0.9063,0.078833
DuelingDQN,A1_grid,2,65,11245,-328.0,200,0,0.9046,0.068068
DuelingDQN,A1_grid,2,66,11427,-407.0,182,1,0.9031,0.008328
DuelingDQN,A1_grid,2,67,11627,-404.0,200,0,0.9014,0.123332
DuelingDQN,A1_grid,2,68,11686,-140.0,59,1,0.9009,0.070925
DuelingDQN,A1_grid,2,69,11872,-427.0,186,1,0.8993,0.021566
DuelingDQN,A1_grid,2,70,12072,-424.0,200,0,0.8976,0.089083
DuelingDQN,A1_grid,2,71,12272,-404.0,200,0,0.8959,0.041127
DuelingDQN,A1_grid,2,72,12472,-400.0,200,0,0.8942,0.004153
DuelingDQN,A1_grid,2,73,12672,-404.0,200,0,0.8925,0.113659
DuelingDQN,A1_grid,2,74,12734,-139.0,62,1,0.892,0.036464
DuelingDQN,A1_grid,2,75,12772,-63.0,38,1,0.8917,0.015989
DuelingDQN,A1_grid,2,76,12972,-504.0,200,0,0.89,0.005949
DuelingDQN,A1_grid,2,77,13172,-464.0,200,0,0.8883,0.117735
DuelingDQN,A1_grid,2,78,13372,-452.0,200,0,0.8866,0.034556
DuelingDQN,A1_grid,2,79,13572,-408.0,200,0,0.8849,0.0822
DuelingDQN,A1_grid,2,80,13656,-161.0,84,1,0.8842,0.068923
DuelingDQN,A1_grid,2,81,13793,-334.0,137,1,0.883,0.013376
DuelingDQN,A1_grid,2,82,13993,-480.0,200,0,0.8813,0.005369
DuelingDQN,A1_grid,2,83,14193,-356.0,200,0,0.8796,0.104695
DuelingDQN,A1_grid,2,84,14309,-221.0,116,1,0.8786,0.018905
DuelingDQN,A1_grid,2,85,14509,-444.0,200,0,0.8769,0.016757
DuelingDQN,A1_grid,2,86,14552,-76.0,43,1,0.8766,0.168952
DuelingDQN,A1_grid,2,87,14752,-408.0,200,0,0.8749,0.04706
DuelingDQN,A1_grid,2,88,14952,-428.0,200,0,0.8732,0.003975
DuelingDQN,A1_grid,2,89,15063,-220.0,111,1,0.8722,0.090327
DuelingDQN,A1_grid,2,90,15160,-230.0,97,1,0.8714,0.051937
DuelingDQN,A1_grid,2,91,15202,-43.0,42,1,0.8711,0.023091
DuelingDQN,A1_grid,2,92,15282,-161.0,80,1,0.8704,0.013828
DuelingDQN,A1_grid,2,93,15286,7.0,4,1,0.8704,0.009291
DuelingDQN,A1_grid,2,94,15385,-196.0,99,1,0.8695,0.008507
DuelingDQN,A1_grid,2,95,15585,-332.0,200,0,0.8678,0.047037
DuelingDQN,A1_grid,2,96,15785,-396.0,200,0,0.8661,0.023665
DuelingDQN,A1_grid,2,97,15873,-153.0,88,1,0.8654,0.004955
DuelingDQN,A1_grid,2,98,15980,-208.0,107,1,0.8645,0.003075
DuelingDQN,A1_grid,2,99,16001,-42.0,21,1,0.8643,0.023532
DuelingDQN,A1_grid,2,100,16160,-316.0,159,1,0.8629,0.043493
DuelingDQN,A1_grid,2,101,16260,-209.0,100,1,0.8621,0.012666
DuelingDQN,A1_grid,2,102,16460,-512.0,200,0,0.8604,0.00702
DuelingDQN,A1_grid,2,103,16580,-245.0,120,1,0.8594,0.036687
DuelingDQN,A1_grid,2,104,16634,-59.0,54,1,0.8589,0.020263
DuelingDQN,A1_grid,2,105,16670,-53.0,36,1,0.8586,0.009824
DuelingDQN,A1_grid,2,106,16767,-202.0,97,1,0.8578,0.005468
DuelingDQN,A1_grid,2,107,16967,-432.0,200,0,0.8561,0.001735
DuelingDQN,A1_grid,2,108,16993,-71.0,26,1,0.8559,0.001176
DuelingDQN,A1_grid,2,109,17193,-492.0,200,0,0.8542,0.0223
DuelingDQN,A1_grid,2,110,17315,-211.0,122,1,0.8531,0.002979
DuelingDQN,A1_grid,2,111,17417,-199.0,102,1,0.8523,0.000955
DuelingDQN,A1_grid,2,112,17505,-165.0,88,1,0.8515,0.00301
DuelingDQN,A1_grid,2,113,17615,-263.0,110,1,0.8506,0.038554
DuelingDQN,A1_grid,2,114,17815,-424.0,200,0,0.8489,0.006576
DuelingDQN,A1_grid,2,115,17915,-185.0,100,1,0.8481,0.000643
DuelingDQN,A1_grid,2,116,17932,-22.0,17,1,0.8479,0.00066
DuelingDQN,A1_grid,2,117,17973,-78.0,41,1,0.8476,0.00066
DuelingDQN,A1_grid,2,118,17977,7.0,4,1,0.8475,0.000642
DuelingDQN,A1_grid,2,119,18039,-79.0,62,1,0.847,0.014524
DuelingDQN,A1_grid,2,120,18082,-72.0,43,1,0.8466,0.025853
DuelingDQN,A1_grid,2,121,18251,-394.0,169,1,0.8452,0.022549
DuelingDQN,A1_grid,2,122,18300,-78.0,49,1,0.8448,0.003285
DuelingDQN,A1_grid,2,123,18441,-230.0,141,1,0.8436,0.001875
DuelingDQN,A1_grid,2,124,18555,-223.0,114,1,0.8426,0.008026
DuelingDQN,A1_grid,2,125,18683,-257.0,128,1,0.8415,0.010068
DuelingDQN,A1_grid,2,126,18875,-353.0,192,1,0.8399,0.002284
DuelingDQN,A1_grid,2,127,19075,-488.0,200,0,0.8382,0.004176
DuelingDQN,A1_grid,2,128,19121,-87.0,46,1,0.8378,0.011062
DuelingDQN,A1_grid,2,129,19221,-173.0,100,1,0.837,0.009283
DuelingDQN,A1_grid,2,130,19241,-29.0,20,1,0.8368,0.016151
DuelingDQN,A1_grid,2,131,19362,-266.0,121,1,0.8358,0.012069
DuelingDQN,A1_grid,2,132,19443,-138.0,81,1,0.8351,0.003978
DuelingDQN,A1_grid,2,133,19643,-348.0,200,0,0.8334,0.007859
DuelingDQN,A1_grid,2,134,19722,-148.0,79,1,0.8327,0.004242
DuelingDQN,A1_grid,2,135,19785,-120.0,63,1,0.8322,0.003095
DuelingDQN,A1_grid,2,136,19878,-158.0,93,1,0.8314,0.002376
DuelingDQN,A1_grid,2,137,19946,-121.0,68,1,0.8308,0.002545
DuelingDQN,A1_grid,2,138,20146,-416.0,200,0,0.8291,0.020116
DuelingDQN,A1_grid,2,139,20245,-208.0,99,1,0.8283,0.007671
DuelingDQN,A1_grid,2,140,20350,-182.0,105,1,0.8274,0.002843
DuelingDQN,A1_grid,2,141,20509,-344.0,159,1,0.826,0.002357
DuelingDQN,A1_grid,2,142,20554,-82.0,45,1,0.8257,0.027799
DuelingDQN,A1_grid,2,143,20674,-225.0,120,1,0.8246,0.010442
DuelingDQN,A1_grid,2,144,20717,-76.0,43,1,0.8243,0.021902
DuelingDQN,A1_grid,2,145,20917,-368.0,200,0,0.8226,0.006983
DuelingDQN,A1_grid,2,146,21063,-279.0,146,1,0.8213,0.008332
DuelingDQN,A1_grid,2,147,21171,-225.0,108,1,0.8204,0.013711
DuelingDQN,A1_grid,2,148,21365,-387.0,194,1,0.8188,0.004055
DuelingDQN,A1_grid,2,149,21468,-200.0,103,1,0.8179,0.001354
DuelingDQN,A1_grid,2,150,21642,-359.0,174,1,0.8164,0.022975
DuelingDQN,A1_grid,2,151,21818,-321.0,176,1,0.8149,0.003498
DuelingDQN,A1_grid,2,152,21835,-30.0,17,1,0.8148,0.00114
DuelingDQN,A1_grid,2,153,21961,-207.0,126,1,0.8137,0.001035
DuelingDQN,A1_grid,2,154,22038,-162.0,77,1,0.8131,0.020356
DuelingDQN,A1_grid,2,155,22115,-138.0,77,1,0.8124,0.034464
DuelingDQN,A1_grid,2,156,22315,-408.0,200,0,0.8107,0.005462
DuelingDQN,A1_grid,2,157,22423,-233.0,108,1,0.8098,0.001301
DuelingDQN,A1_grid,2,158,22532,-238.0,109,1,0.8089,0.006495
DuelingDQN,A1_grid,2,159,22732,-372.0,200,0,0.8072,0.007309
DuelingDQN,A1_grid,2,160,22799,-84.0,67,1,0.8066,0.001613
DuelingDQN,A1_grid,2,161,22886,-164.0,87,1,0.8059,0.001022
DuelingDQN,A1_grid,2,162,22918,-41.0,32,1,0.8056,0.000746
DuelingDQN,A1_grid,2,163,22940,-23.0,22,1,0.8054,0.000645
DuelingDQN,A1_grid,2,164,23086,-251.0,146,1,0.8042,0.01621
DuelingDQN,A1_grid,2,165,23222,-253.0,136,1,0.803,0.013397
DuelingDQN,A1_grid,2,166,23275,-90.0,53,1,0.8026,0.002941
DuelingDQN,A1_grid,2,167,23302,-36.0,27,1,0.8024,0.001154
DuelingDQN,A1_grid,2,168,23414,-257.0,112,1,0.8014,0.00128
DuelingDQN,A1_grid,2,169,23570,-213.0,156,1,0.8001,0.009189
DuelingDQN,A1_grid,2,170,23692,-223.0,122,1,0.799,0.018172
DuelingDQN,A1_grid,2,171,23775,-196.0,83,1,0.7983,0.004457
DuelingDQN,A1_grid,2,172,23919,-281.0,144,1,0.7971,0.001094
DuelingDQN,A1_grid,2,173,24034,-220.0,115,1,0.7961,0.006927
DuelingDQN,A1_grid,2,174,24153,-208.0,119,1,0.7951,0.016191
DuelingDQN,A1_grid,2,175,24199,-71.0,46,1,0.7947,0.00635
DuelingDQN,A1_grid,2,176,24316,-234.0,117,1,0.7938,0.005192
DuelingDQN,A1_grid,2,177,24365,-110.0,49,1,0.7933,0.003184
DuelingDQN,A1_grid,2,178,24408,-68.0,43,1,0.793,0.002861
DuelingDQN,A1_grid,2,179,24552,-289.0,144,1,0.7918,0.008034
DuelingDQN,A1_grid,2,180,24752,-364.0,200,0,0.7901,0.007834
DuelingDQN,A1_grid,2,181,24761,-10.0,9,1,0.79,0.002761
DuelingDQN,A1_grid,2,182,24864,-216.0,103,1,0.7891,0.002384
DuelingDQN,A1_grid,2,183,24919,-72.0,55,1,0.7886,0.001217
DuelingDQN,A1_grid,2,184,25031,-185.0,112,1,0.7877,0.008063
DuelingDQN,A1_grid,2,185,25043,-9.0,12,1,0.7876,0.024436
DuelingDQN,A1_grid,2,186,25243,-464.0,200,0,0.7859,0.012913
DuelingDQN,A1_grid,2,187,25318,-124.0,75,1,0.7853,0.006559
DuelingDQN,A1_grid,2,188,25417,-160.0,99,1,0.7844,0.004004
DuelingDQN,A1_grid,2,189,25467,-87.0,50,1,0.784,0.002537
DuelingDQN,A1_grid,2,190,25555,-165.0,88,1,0.7832,0.017051
DuelingDQN,A1_grid,2,191,25644,-206.0,89,1,0.7825,0.028089
DuelingDQN,A1_grid,2,192,25712,-93.0,68,1,0.7819,0.008866
DuelingDQN,A1_grid,2,193,25747,-64.0,35,1,0.7816,0.00417
DuelingDQN,A1_grid,2,194,25811,-101.0,64,1,0.7811,0.002578
DuelingDQN,A1_grid,2,195,25977,-387.0,166,1,0.7797,0.001345
DuelingDQN,A1_grid,2,196,26045,-109.0,68,1,0.7791,0.012424
DuelingDQN,A1_grid,2,197,26087,-87.0,42,1,0.7787,0.012756
DuelingDQN,A1_grid,2,198,26287,-340.0,200,0,0.777,0.005899
DuelingDQN,A1_grid,2,199,26317,-55.0,30,1,0.7768,0.001627
DuelingDQN,A1_grid,2,200,26424,-196.0,107,1,0.7759,0.001138
DuelingDQN,A1_grid,2,201,26442,-19.0,18,1,0.7757,0.001174
DuelingDQN,A1_grid,2,202,26508,-139.0,66,1,0.7752,0.004566
DuelingDQN,A1_grid,2,203,26525,-10.0,17,1,0.775,0.021485
DuelingDQN,A1_grid,2,204,26708,-364.0,183,1,0.7735,0.013063
DuelingDQN,A1_grid,2,205,26814,-183.0,106,1,0.7726,0.005192
DuelingDQN,A1_grid,2,206,26882,-149.0,68,1,0.772,0.001847
DuelingDQN,A1_grid,2,207,26944,-111.0,62,1,0.7715,0.001072
DuelingDQN,A1_grid,2,208,27075,-252.0,131,1,0.7704,0.011319
DuelingDQN,A1_grid,2,209,27137,-127.0,62,1,0.7698,0.012758
DuelingDQN,A1_grid,2,210,27148,-16.0,11,1,0.7697,0.007032
DuelingDQN,A1_grid,2,211,27212,-97.0,64,1,0.7692,0.004501
DuelingDQN,A1_grid,2,212,27317,-206.0,105,1,0.7683,0.001682
DuelingDQN,A1_grid,2,213,27398,-130.0,81,1,0.7676,0.000737
DuelingDQN,A1_grid,2,214,27526,-229.0,128,1,0.7665,0.004944
DuelingDQN,A1_grid,2,215,27602,-137.0,76,1,0.7659,0.022715
DuelingDQN,A1_grid,2,216,27705,-208.0,103,1,0.765,0.012599
DuelingDQN,A1_grid,2,217,27783,-195.0,78,1,0.7643,0.01403
DuelingDQN,A1_grid,2,218,27874,-164.0,91,1,0.7636,0.011323
DuelingDQN,A1_grid,2,219,27952,-135.0,78,1,0.7629,0.002401
DuelingDQN,A1_grid,2,220,28021,-126.0,69,1,0.7623,0.005848
DuelingDQN,A1_grid,2,221,28096,-112.0,75,1,0.7617,0.008794
DuelingDQN,A1_grid,2,222,28208,-217.0,112,1,0.7607,0.002908
DuelingDQN,A1_grid,2,223,28219,-8.0,11,1,0.7607,0.002353
DuelingDQN,A1_grid,2,224,28271,-105.0,52,1,0.7602,0.001542
DuelingDQN,A1_grid,2,225,28299,-41.0,28,1,0.76,0.000921
DuelingDQN,A1_grid,2,226,28375,-137.0,76,1,0.7593,0.00078
DuelingDQN,A1_grid,2,227,28396,-30.0,21,1,0.7591,0.000632
DuelingDQN,A1_grid,2,228,28507,-208.0,111,1,0.7582,0.001329
DuelingDQN,A1_grid,2,229,28603,-205.0,96,1,0.7574,0.02584
DuelingDQN,A1_grid,2,230,28673,-123.0,70,1,0.7568,0.019624
DuelingDQN,A1_grid,2,231,28687,-23.0,14,1,0.7567,0.009726
DuelingDQN,A1_grid,2,232,28724,-70.0,37,1,0.7564,0.006103
DuelingDQN,A1_grid,2,233,28876,-337.0,152,1,0.7551,0.001462
DuelingDQN,A1_grid,2,234,28932,-117.0,56,1,0.7546,0.000434
DuelingDQN,A1_grid,2,235,28953,-46.0,21,1,0.7544,0.000246
DuelingDQN,A1_grid,2,236,29135,-363.0,182,1,0.7529,0.005263
DuelingDQN,A1_grid,2,237,29201,-111.0,66,1,0.7523,0.005962
DuelingDQN,A1_grid,2,238,29301,-233.0,100,1,0.7515,0.002817
DuelingDQN,A1_grid,2,239,29449,-341.0,148,1,0.7502,0.001502
DuelingDQN,A1_grid,2,240,29536,-196.0,87,1,0.7495,0.005528
DuelingDQN,A1_grid,2,241,29575,-84.0,39,1,0.7491,0.010058
DuelingDQN,A1_grid,2,242,29709,-239.0,134,1,0.748,0.005209
DuelingDQN,A1_grid,2,243,29787,-131.0,78,1,0.7474,0.004307
DuelingDQN,A1_grid,2,244,29816,-38.0,29,1,0.7471,0.004403
DuelingDQN,A1_grid,2,245,29940,-265.0,124,1,0.7461,0.001776
DuelingDQN,A1_grid,2,246,30081,-310.0,141,1,0.7449,0.011276
DuelingDQN,A1_grid,2,247,30130,-86.0,49,1,0.7444,0.020723
DuelingDQN,A1_grid,2,248,30237,-176.0,107,1,0.7435,0.010617
DuelingDQN,A1_grid,2,249,30255,-31.0,18,1,0.7434,0.005923
DuelingDQN,A1_grid,2,250,30318,-92.0,63,1,0.7428,0.002172
DuelingDQN,A1_grid,2,251,30326,3.0,8,1,0.7428,0.001332
DuelingDQN,A1_grid,2,252,30404,-119.0,78,1,0.7421,0.001128
DuelingDQN,A1_grid,2,253,30476,-141.0,72,1,0.7415,0.000652
DuelingDQN,A1_grid,2,254,30607,-296.0,131,1,0.7404,0.011826
DuelingDQN,A1_grid,2,255,30686,-152.0,79,1,0.7397,0.009186
DuelingDQN,A1_grid,2,256,30771,-154.0,85,1,0.739,0.002642
DuelingDQN,A1_grid,2,257,30857,-175.0,86,1,0.7383,0.001132
DuelingDQN,A1_grid,2,258,30904,-92.0,47,1,0.7379,0.00072
DuelingDQN,A1_grid,2,259,31006,-167.0,102,1,0.737,0.001856
DuelingDQN,A1_grid,2,260,31077,-112.0,71,1,0.7364,0.014043
DuelingDQN,A1_grid,2,261,31092,-16.0,15,1,0.7363,0.008354
DuelingDQN,A1_grid,2,262,31190,-207.0,98,1,0.7355,0.006845
DuelingDQN,A1_grid,2,263,31288,-155.0,98,1,0.7346,0.002524
DuelingDQN,A1_grid,2,264,31368,-177.0,80,1,0.7339,0.000967
DuelingDQN,A1_grid,2,265,31436,-109.0,68,1,0.7334,0.000476
DuelingDQN,A1_grid,2,266,31457,-30.0,21,1,0.7332,0.000416
DuelingDQN,A1_grid,2,267,31515,-107.0,58,1,0.7327,0.003002
DuelingDQN,A1_grid,2,268,31593,-151.0,78,1,0.732,0.020633
DuelingDQN,A1_grid,2,269,31665,-157.0,72,1,0.7314,0.009928
DuelingDQN,A1_grid,2,270,31759,-219.0,94,1,0.7306,0.006037
DuelingDQN,A1_grid,2,271,31780,-18.0,21,1,0.7304,0.002961
DuelingDQN,A1_grid,2,272,31834,-91.0,54,1,0.73,0.003238
DuelingDQN,A1_grid,2,273,31910,-133.0,76,1,0.7293,0.003133
DuelingDQN,A1_grid,2,274,31926,-21.0,16,1,0.7292,0.001826
DuelingDQN,A1_grid,2,275,31984,-119.0,58,1,0.7287,0.001758
DuelingDQN,A1_grid,2,276,32062,-159.0,78,1,0.7281,0.007574
DuelingDQN,A1_grid,2,277,32142,-157.0,80,1,0.7274,0.013451
DuelingDQN,A1_grid,2,278,32190,-57.0,48,1,0.727,0.018487
DuelingDQN,A1_grid,2,279,32262,-93.0,72,1,0.7264,0.005421
DuelingDQN,A1_grid,2,280,32336,-127.0,74,1,0.7257,0.002618
DuelingDQN,A1_grid,2,281,32394,-103.0,58,1,0.7252,0.002263
DuelingDQN,A1_grid,2,282,32451,-90.0,57,1,0.7248,0.001123
DuelingDQN,A1_grid,2,283,32553,-195.0,102,1,0.7239,0.005319
DuelingDQN,A1_grid,2,284,32610,-94.0,57,1,0.7234,0.00594
DuelingDQN,A1_grid,2,285,32636,-35.0,26,1,0.7232,0.003598
DuelingDQN,A1_grid,2,286,32650,-23.0,14,1,0.7231,0.002372
DuelingDQN,A1_grid,2,287,32751,-186.0,101,1,0.7222,0.002518
DuelingDQN,A1_grid,2,288,32823,-157.0,72,1,0.7216,0.001186
DuelingDQN,A1_grid,2,289,32910,-136.0,87,1,0.7209,0.001127
DuelingDQN,A1_grid,2,290,32982,-137.0,72,1,0.7203,0.001825
DuelingDQN,A1_grid,2,291,33046,-89.0,64,1,0.7197,0.017761
DuelingDQN,A1_grid,2,292,33088,-87.0,42,1,0.7194,0.026447
DuelingDQN,A1_grid,2,293,33144,-117.0,56,1,0.7189,0.013736
DuelingDQN,A1_grid,2,294,33259,-240.0,115,1,0.7179,0.004508
DuelingDQN,A1_grid,2,295,33341,-155.0,82,1,0.7172,0.001721
DuelingDQN,A1_grid,2,296,33430,-150.0,89,1,0.7165,0.001112
DuelingDQN,A1_grid,2,297,33498,-113.0,68,1,0.7159,0.000643
DuelingDQN,A1_grid,2,298,33575,-114.0,77,1,0.7152,0.013948
DuelingDQN,A1_grid,2,299,33623,-73.0,48,1,0.7148,0.007306
DuelingDQN,A1_grid,2,300,33639,-13.0,16,1,0.7147,0.005671
DuelingDQN,A1_grid,2,301,33816,-302.0,177,1,0.7132,0.002149
DuelingDQN,A1_grid,2,302,33840,-41.0,24,1,0.713,0.001071
DuelingDQN,A1_grid,2,303,33841,10.0,1,1,0.713,0.000726
DuelingDQN,A1_grid,2,304,33992,-292.0,151,1,0.7117,0.001229
DuelingDQN,A1_grid,2,305,34069,-162.0,77,1,0.711,0.008755
DuelingDQN,A1_grid,2,306,34113,-57.0,44,1,0.7107,0.006596
DuelingDQN,A1_grid,2,307,34119,-3.0,6,1,0.7106,0.006697
DuelingDQN,A1_grid,2,308,34210,-172.0,91,1,0.7098,0.006528
DuelingDQN,A1_grid,2,309,34277,-108.0,67,1,0.7093,0.004455
DuelingDQN,A1_grid,2,310,34353,-141.0,76,1,0.7086,0.005532
DuelingDQN,A1_grid,2,311,34357,3.0,4,1,0.7086,0.002363
DuelingDQN,A1_grid,2,312,34398,-82.0,41,1,0.7082,0.002795
DuelingDQN,A1_grid,2,313,34449,-116.0,51,1,0.7078,0.001783
DuelingDQN,A1_grid,2,314,34566,-234.0,117,1,0.7068,0.007353
DuelingDQN,A1_grid,2,315,34604,-59.0,38,1,0.7065,0.018566
DuelingDQN,A1_grid,2,316,34703,-152.0,99,1,0.7057,0.00464
DuelingDQN,A1_grid,2,317,34796,-178.0,93,1,0.7049,0.001328
DuelingDQN,A1_grid,2,318,34863,-132.0,67,1,0.7043,0.000917
DuelingDQN,A1_grid,2,319,34914,-80.0,51,1,0.7039,0.0009
DuelingDQN,A1_grid,2,320,34971,-110.0,57,1,0.7034,0.000527
DuelingDQN,A1_grid,2,321,35085,-163.0,114,1,0.7024,0.009471
DuelingDQN,A1_grid,2,322,35152,-128.0,67,1,0.7018,0.01073
DuelingDQN,A1_grid,2,323,35257,-230.0,105,1,0.701,0.003056
DuelingDQN,A1_grid,2,324,35428,-324.0,171,1,0.6995,0.001241
DuelingDQN,A1_grid,2,325,35456,-37.0,28,1,0.6993,0.000872
DuelingDQN,A1_grid,2,326,35585,-238.0,129,1,0.6982,0.006705
DuelingDQN,A1_grid,2,327,35595,-7.0,10,1,0.6981,0.007358
DuelingDQN,A1_grid,2,328,35671,-137.0,76,1,0.6974,0.011248
DuelingDQN,A1_grid,2,329,35707,-53.0,36,1,0.6971,0.006204
DuelingDQN,A1_grid,2,330,35847,-281.0,140,1,0.6959,0.003031
DuelingDQN,A1_grid,2,331,35890,-72.0,43,1,0.6956,0.00319
DuelingDQN,A1_grid,2,332,35941,-88.0,51,1,0.6952,0.001932
DuelingDQN,A1_grid,2,333,35949,-5.0,8,1,0.6951,0.002222
DuelingDQN,A1_grid,2,334,35951,9.0,2,1,0.6951,0.001828
DuelingDQN,A1_grid,2,335,35970,-24.0,19,1,0.6949,0.001413
DuelingDQN,A1_grid,2,336,36015,-70.0,45,1,0.6945,0.004614
DuelingDQN,A1_grid,2,337,36071,-93.0,56,1,0.694,0.019202
DuelingDQN,A1_grid,2,338,36154,-164.0,83,1,0.6933,0.009839
DuelingDQN,A1_grid,2,339,36191,-46.0,37,1,0.693,0.00459
DuelingDQN,A1_grid,2,340,36333,-239.0,142,1,0.6918,0.002607
DuelingDQN,A1_grid,2,341,36367,-35.0,34,1,0.6915,0.001374
DuelingDQN,A1_grid,2,342,36382,-20.0,15,1,0.6914,0.002183
DuelingDQN,A1_grid,2,343,36477,-168.0,95,1,0.6906,0.001108
DuelingDQN,A1_grid,2,344,36567,-155.0,90,1,0.6898,0.007796
DuelingDQN,A1_grid,2,345,36661,-131.0,94,1,0.689,0.006891
DuelingDQN,A1_grid,2,346,36708,-76.0,47,1,0.6886,0.004485
DuelingDQN,A1_grid,2,347,36763,-100.0,55,1,0.6882,0.002937
DuelingDQN,A1_grid,2,348,36798,-56.0,35,1,0.6879,0.001841
DuelingDQN,A1_grid,2,349,36901,-180.0,103,1,0.687,0.001919
DuelingDQN,A1_grid,2,350,36978,-150.0,77,1,0.6864,0.001723
DuelingDQN,A1_grid,2,351,36994,-17.0,16,1,0.6862,0.001392
DuelingDQN,A1_grid,2,352,37093,-160.0,99,1,0.6854,0.01147
DuelingDQN,A1_grid,2,353,37139,-75.0,46,1,0.685,0.00631
DuelingDQN,A1_grid,2,354,37181,-71.0,42,1,0.6846,0.005083
DuelingDQN,A1_grid,2,355,37270,-190.0,89,1,0.6839,0.004607
DuelingDQN,A1_grid,2,356,37361,-168.0,91,1,0.6831,0.00268
DuelingDQN,A1_grid,2,357,37457,-169.0,96,1,0.6823,0.002085
DuelingDQN,A1_grid,2,358,37520,-112.0,63,1,0.6818,0.008584
DuelingDQN,A1_grid,2,359,37600,-149.0,80,1,0.6811,0.032934
DuelingDQN,A1_grid,2,360,37614,-23.0,14,1,0.681,0.01674
DuelingDQN,A1_grid,2,361,37672,-95.0,58,1,0.6805,0.008163
DuelingDQN,A1_grid,2,362,37740,-121.0,68,1,0.6799,0.003502
DuelingDQN,A1_grid,2,363,37799,-68.0,59,1,0.6794,0.001504
DuelingDQN,A1_grid,2,364,37895,-157.0,96,1,0.6786,0.002305
DuelingDQN,A1_grid,2,365,37948,-98.0,53,1,0.6781,0.002026
DuelingDQN,A1_grid,2,366,37974,-39.0,26,1,0.6779,0.000962
DuelingDQN,A1_grid,2,367,38016,-59.0,42,1,0.6776,0.004376
DuelingDQN,A1_grid,2,368,38047,-36.0,31,1,0.6773,0.009422
DuelingDQN,A1_grid,2,369,38062,-16.0,15,1,0.6772,0.007634
DuelingDQN,A1_grid,2,370,38122,-69.0,60,1,0.6767,0.005879
DuelingDQN,A1_grid,2,371,38133,-8.0,11,1,0.6766,0.005629
DuelingDQN,A1_grid,2,372,38155,-19.0,22,1,0.6764,0.003915
DuelingDQN,A1_grid,2,373,38206,-92.0,51,1,0.6759,0.002715
DuelingDQN,A1_grid,2,374,38267,-90.0,61,1,0.6754,0.002123
DuelingDQN,A1_grid,2,375,38342,-156.0,75,1,0.6748,0.001515
DuelingDQN,A1_grid,2,376,38380,-35.0,38,1,0.6745,0.001106
DuelingDQN,A1_grid,2,377,38432,-109.0,52,1,0.674,0.000838
DuelingDQN,A1_grid,2,378,38461,-50.0,29,1,0.6738,0.001045
DuelingDQN,A1_grid,2,379,38546,-166.0,85,1,0.6731,0.008318
DuelingDQN,A1_grid,2,380,38626,-137.0,80,1,0.6724,0.010489
DuelingDQN,A1_grid,2,381,38681,-100.0,55,1,0.6719,0.006419
DuelingDQN,A1_grid,2,382,38740,-88.0,59,1,0.6714,0.003501
DuelingDQN,A1_grid,2,383,38781,-94.0,41,1,0.6711,0.002376
DuelingDQN,A1_grid,2,384,38807,-35.0,26,1,0.6708,0.002278
DuelingDQN,A1_grid,2,385,38883,-149.0,76,1,0.6702,0.002855
DuelingDQN,A1_grid,2,386,38903,-33.0,20,1,0.67,0.00303
DuelingDQN,A1_grid,2,387,39009,-155.0,106,1,0.6691,0.003694
DuelingDQN,A1_grid,2,388,39093,-153.0,84,1,0.6684,0.010784
DuelingDQN,A1_grid,2,389,39095,9.0,2,1,0.6684,0.010519
DuelingDQN,A1_grid,2,390,39195,-185.0,100,1,0.6676,0.011559
DuelingDQN,A1_grid,2,391,39316,-234.0,121,1,0.6665,0.006235
DuelingDQN,A1_grid,2,392,39356,-77.0,40,1,0.6662,0.001776
DuelingDQN,A1_grid,2,393,39378,-27.0,22,1,0.666,0.000922
DuelingDQN,A1_grid,2,394,39409,-28.0,31,1,0.6657,0.000725
DuelingDQN,A1_grid,2,395,39432,-28.0,23,1,0.6655,0.000552
DuelingDQN,A1_grid,2,396,39519,-156.0,87,1,0.6648,0.002766
DuelingDQN,A1_grid,2,397,39573,-91.0,54,1,0.6643,0.006903
DuelingDQN,A1_grid,2,398,39621,-69.0,48,1,0.6639,0.007369
DuelingDQN,A1_grid,2,399,39680,-104.0,59,1,0.6634,0.004116
DuelingDQN,A1_grid,2,400,39786,-211.0,106,1,0.6625,0.002721
DuelingDQN,A1_grid,2,401,39813,-36.0,27,1,0.6623,0.001483
DuelingDQN,A1_grid,2,402,39895,-131.0,82,1,0.6616,0.001085
DuelingDQN,A1_grid,2,403,39944,-70.0,49,1,0.6612,0.000496
DuelingDQN,A1_grid,2,404,40110,-279.0,166,1,0.6598,0.005207
DuelingDQN,A1_grid,2,405,40189,-156.0,79,1,0.6591,0.006414
DuelingDQN,A1_grid,2,406,40243,-79.0,54,1,0.6587,0.006007
DuelingDQN,A1_grid,2,407,40246,8.0,3,1,0.6586,0.003856
DuelingDQN,A1_grid,2,408,40276,-35.0,30,1,0.6584,0.00339
DuelingDQN,A1_grid,2,409,40287,-4.0,11,1,0.6583,0.002147
DuelingDQN,A1_grid,2,410,40309,-23.0,22,1,0.6581,0.002306
DuelingDQN,A1_grid,2,411,40382,-114.0,73,1,0.6575,0.001231
DuelingDQN,A1_grid,2,412,40441,-96.0,59,1,0.657,0.000605
DuelingDQN,A1_grid,2,413,40557,-217.0,116,1,0.656,0.006249
DuelingDQN,A1_grid,2,414,40584,-44.0,27,1,0.6558,0.009458
DuelingDQN,A1_grid,2,415,40610,-31.0,26,1,0.6555,0.011818
DuelingDQN,A1_grid,2,416,40655,-70.0,45,1,0.6552,0.017151
DuelingDQN,A1_grid,2,417,40747,-153.0,92,1,0.6544,0.005181
DuelingDQN,A1_grid,2,418,40787,-57.0,40,1,0.654,0.003755
DuelingDQN,A1_grid,2,419,40815,-57.0,28,1,0.6538,0.002225
DuelingDQN,A1_grid,2,420,40870,-72.0,55,1,0.6533,0.002165
DuelingDQN,A1_grid,2,421,40965,-160.0,95,1,0.6525,0.001321
DuelingDQN,A1_grid,2,422,41006,-66.0,41,1,0.6522,0.002165
DuelingDQN,A1_grid,2,423,41077,-104.0,71,1,0.6516,0.008982
DuelingDQN,A1_grid,2,424,41114,-54.0,37,1,0.6513,0.006178
DuelingDQN,A1_grid,2,425,41184,-123.0,70,1,0.6507,0.004702
DuelingDQN,A1_grid,2,426,41228,-73.0,44,1,0.6503,0.002289
DuelingDQN,A1_grid,2,427,41285,-114.0,57,1,0.6498,0.002025
DuelingDQN,A1_grid,2,428,41340,-104.0,55,1,0.6494,0.001532
DuelingDQN,A1_grid,2,429,41356,-17.0,16,1,0.6492,0.001467
DuelingDQN,A1_grid,2,430,41453,-158.0,97,1,0.6484,0.000803
DuelingDQN,A1_grid,2,431,41466,-2.0,13,1,0.6483,0.001128
DuelingDQN,A1_grid,2,432,41520,-99.0,54,1,0.6478,0.004875
DuelingDQN,A1_grid,2,433,41537,-10.0,17,1,0.6477,0.014174
DuelingDQN,A1_grid,2,434,41648,-252.0,111,1,0.6467,0.012143
DuelingDQN,A1_grid,2,435,41717,-98.0,69,1,0.6462,0.00364
DuelingDQN,A1_grid,2,436,41780,-136.0,63,1,0.6456,0.00183
DuelingDQN,A1_grid,2,437,41868,-145.0,88,1,0.6449,0.000807
DuelingDQN,A1_grid,2,438,41926,-75.0,58,1,0.6444,0.000544
DuelingDQN,A1_grid,2,439,41975,-78.0,49,1,0.644,0.000366
DuelingDQN,A1_grid,2,440,42046,-124.0,71,1,0.6434,0.004438
DuelingDQN,A1_grid,2,441,42127,-178.0,81,1,0.6427,0.004831
DuelingDQN,A1_grid,2,442,42159,-45.0,32,1,0.6424,0.002839
DuelingDQN,A1_grid,2,443,42228,-94.0,69,1,0.6418,0.001721
DuelingDQN,A1_grid,2,444,42237,-10.0,9,1,0.6417,0.001075
DuelingDQN,A1_grid,2,445,42289,-117.0,52,1,0.6413,0.003336
DuelingDQN,A1_grid,2,446,42343,-135.0,54,1,0.6408,0.003329
DuelingDQN,A1_grid,2,447,42379,-65.0,36,1,0.6405,0.003096
DuelingDQN,A1_grid,2,448,42450,-116.0,71,1,0.6399,0.001975
DuelingDQN,A1_grid,2,449,42475,-50.0,25,1,0.6397,0.003566
DuelingDQN,A1_grid,2,450,42541,-139.0,66,1,0.6392,0.008528
DuelingDQN,A1_grid,2,451,42577,-53.0,36,1,0.6389,0.010507
DuelingDQN,A1_grid,2,452,42725,-237.0,148,1,0.6376,0.005373
DuelingDQN,A1_grid,2,453,42824,-192.0,99,1,0.6368,0.003734
DuelingDQN,A1_grid,2,454,42831,0.0,7,1,0.6367,0.001581
DuelingDQN,A1_grid,2,455,42899,-129.0,68,1,0.6361,0.002398
DuelingDQN,A1_grid,2,456,42990,-156.0,91,1,0.6354,0.00205
DuelingDQN,A1_grid,2,457,42998,-5.0,8,1,0.6353,0.001064
DuelingDQN,A1_grid,2,458,43056,-91.0,58,1,0.6348,0.008692
DuelingDQN,A1_grid,2,459,43132,-121.0,76,1,0.6342,0.005157
DuelingDQN,A1_grid,2,460,43173,-54.0,41,1,0.6338,0.00541
DuelingDQN,A1_grid,2,461,43232,-68.0,59,1,0.6333,0.004415
DuelingDQN,A1_grid,2,462,43257,-38.0,25,1,0.6331,0.002469
DuelingDQN,A1_grid,2,463,43324,-108.0,67,1,0.6325,0.001126
DuelingDQN,A1_grid,2,464,43377,-78.0,53,1,0.6321,0.000478
DuelingDQN,A1_grid,2,465,43402,-46.0,25,1,0.6319,0.00038
DuelingDQN,A1_grid,2,466,43432,-51.0,30,1,0.6316,0.000382
DuelingDQN,A1_grid,2,467,43468,-37.0,36,1,0.6313,0.000664
DuelingDQN,A1_grid,2,468,43566,-163.0,98,1,0.6305,0.004903
DuelingDQN,A1_grid,2,469,43638,-101.0,72,1,0.6299,0.009861
DuelingDQN,A1_grid,2,470,43687,-62.0,49,1,0.6294,0.01156
DuelingDQN,A1_grid,2,471,43786,-212.0,99,1,0.6286,0.00369
DuelingDQN,A1_grid,2,472,43843,-106.0,57,1,0.6281,0.001028
DuelingDQN,A1_grid,2,473,43903,-93.0,60,1,0.6276,0.002474
DuelingDQN,A1_grid,2,474,44031,-205.0,128,1,0.6265,0.00799
DuelingDQN,A1_grid,2,475,44108,-110.0,77,1,0.6259,0.007003
DuelingDQN,A1_grid,2,476,44157,-62.0,49,1,0.6255,0.006769
DuelingDQN,A1_grid,2,477,44195,-43.0,38,1,0.6251,0.004916
DuelingDQN,A1_grid,2,478,44260,-86.0,65,1,0.6246,0.002464
DuelingDQN,A1_grid,2,479,44271,-8.0,11,1,0.6245,0.00113
DuelingDQN,A1_grid,2,480,44299,-29.0,28,1,0.6243,0.000803
DuelingDQN,A1_grid,2,481,44346,-72.0,47,1,0.6239,0.000569
DuelingDQN,A1_grid,2,482,44409,-96.0,63,1,0.6233,0.000881
DuelingDQN,A1_grid,2,483,44450,-58.0,41,1,0.623,0.000447
DuelingDQN,A1_grid,2,484,44462,-17.0,12,1,0.6229,0.000518
DuelingDQN,A1_grid,2,485,44535,-90.0,73,1,0.6223,0.00533
DuelingDQN,A1_grid,2,486,44543,3.0,8,1,0.6222,0.008927
DuelingDQN,A1_grid,2,487,44606,-108.0,63,1,0.6217,0.00998
DuelingDQN,A1_grid,2,488,44635,-38.0,29,1,0.6214,0.009372
DuelingDQN,A1_grid,2,489,44759,-209.0,124,1,0.6204,0.003308
DuelingDQN,A1_grid,2,490,44840,-146.0,81,1,0.6197,0.001243
DuelingDQN,A1_grid,2,491,44904,-81.0,64,1,0.6191,0.000788
DuelingDQN,A1_grid,2,492,44917,-10.0,13,1,0.619,0.001035
DuelingDQN,A1_grid,2,493,44946,-30.0,29,1,0.6188,0.001138
DuelingDQN,A1_grid,2,494,44999,-82.0,53,1,0.6183,0.000606
DuelingDQN,A1_grid,2,495,45049,-91.0,50,1,0.6179,0.011611
DuelingDQN,A1_grid,2,496,45134,-158.0,85,1,0.6172,0.010103
DuelingDQN,A1_grid,2,497,45166,-45.0,32,1,0.6169,0.006929
DuelingDQN,A1_grid,2,498,45192,-31.0,26,1,0.6167,0.006243
DuelingDQN,A1_grid,2,499,45231,-64.0,39,1,0.6164,0.008992
DuelingDQN,A1_grid,2,500,45321,-167.0,90,1,0.6156,0.003588
DuelingDQN,A1_grid,2,501,45377,-97.0,56,1,0.6151,0.002693
DuelingDQN,A1_grid,2,502,45398,-30.0,21,1,0.6149,0.00238
DuelingDQN,A1_grid,2,503,45419,-18.0,21,1,0.6148,0.002229
DuelingDQN,A1_grid,2,504,45494,-136.0,75,1,0.6141,0.000945
DuelingDQN,A1_grid,2,505,45538,-81.0,44,1,0.6137,0.008966
DuelingDQN,A1_grid,2,506,45604,-115.0,66,1,0.6132,0.011858
DuelingDQN,A1_grid,2,507,45637,-58.0,33,1,0.6129,0.007662
DuelingDQN,A1_grid,2,508,45721,-165.0,84,1,0.6122,0.00334
DuelingDQN,A1_grid,2,509,45761,-53.0,40,1,0.6119,0.00259
DuelingDQN,A1_grid,2,510,45806,-46.0,45,1,0.6115,0.001302
DuelingDQN,A1_grid,2,511,45863,-74.0,57,1,0.611,0.001307
DuelingDQN,A1_grid,2,512,45879,-25.0,16,1,0.6109,0.001857
DuelingDQN,A1_grid,2,513,45952,-98.0,73,1,0.6102,0.00098
DuelingDQN,A1_grid,2,514,46005,-98.0,53,1,0.6098,0.001404
DuelingDQN,A1_grid,2,515,46026,-18.0,21,1,0.6096,0.010096
DuelingDQN,A1_grid,2,516,46087,-110.0,61,1,0.6091,0.00997
DuelingDQN,A1_grid,2,517,46137,-67.0,50,1,0.6087,0.006215
DuelingDQN,A1_grid,2,518,46216,-120.0,79,1,0.608,0.005738
DuelingDQN,A1_grid,2,519,46281,-106.0,65,1,0.6074,0.002601
DuelingDQN,A1_grid,2,520,46357,-97.0,76,1,0.6068,0.00152
DuelingDQN,A1_grid,2,521,46417,-85.0,60,1,0.6063,0.001154
DuelingDQN,A1_grid,2,522,46459,-51.0,42,1,0.6059,0.001423
DuelingDQN,A1_grid,2,523,46537,-123.0,78,1,0.6053,0.005103
DuelingDQN,A1_grid,2,524,46596,-76.0,59,1,0.6048,0.009613
DuelingDQN,A1_grid,2,525,46639,-68.0,43,1,0.6044,0.008769
DuelingDQN,A1_grid,2,526,46677,-67.0,38,1,0.6041,0.005248
DuelingDQN,A1_grid,2,527,46748,-100.0,71,1,0.6035,0.002628
DuelingDQN,A1_grid,2,528,46759,-4.0,11,1,0.6034,0.001557
DuelingDQN,A1_grid,2,529,46760,10.0,1,1,0.6034,0.002354
DuelingDQN,A1_grid,2,530,46791,-44.0,31,1,0.6031,0.001583
DuelingDQN,A1_grid,2,531,46845,-99.0,54,1,0.6027,0.001584
DuelingDQN,A1_grid,2,532,46908,-104.0,63,1,0.6021,0.00106
DuelingDQN,A1_grid,2,533,46947,-84.0,39,1,0.6018,0.000713
DuelingDQN,A1_grid,2,534,47007,-105.0,60,1,0.6013,0.001874
DuelingDQN,A1_grid,2,535,47091,-205.0,84,1,0.6006,0.028943
DuelingDQN,A1_grid,2,536,47155,-89.0,64,1,0.6,0.01333
DuelingDQN,A1_grid,2,537,47233,-127.0,78,1,0.5994,0.003164
DuelingDQN,A1_grid,2,538,47267,-55.0,34,1,0.5991,0.001044
DuelingDQN,A1_grid,2,539,47305,-63.0,38,1,0.5988,0.001126
DuelingDQN,A1_grid,2,540,47394,-138.0,89,1,0.598,0.000777
DuelingDQN,A1_grid,2,541,47403,-6.0,9,1,0.5979,0.000559
DuelingDQN,A1_grid,2,542,47439,-29.0,36,1,0.5976,0.000651
DuelingDQN,A1_grid,2,543,47467,-25.0,28,1,0.5974,0.001025
DuelingDQN,A1_grid,2,544,47513,-71.0,46,1,0.597,0.003225
DuelingDQN,A1_grid,2,545,47533,-13.0,20,1,0.5968,0.011785
DuelingDQN,A1_grid,2,546,47543,-11.0,10,1,0.5967,0.007924
DuelingDQN,A1_grid,2,547,47581,-39.0,38,1,0.5964,0.007281
DuelingDQN,A1_grid,2,548,47593,-13.0,12,1,0.5963,0.006342
DuelingDQN,A1_grid,2,549,47651,-79.0,58,1,0.5958,0.005186
DuelingDQN,A1_grid,2,550,47661,-7.0,10,1,0.5957,0.009522
DuelingDQN,A1_grid,2,551,47723,-95.0,62,1,0.5952,0.003585
DuelingDQN,A1_grid,2,552,47733,-15.0,10,1,0.5951,0.001522
DuelingDQN,A1_grid,2,553,47759,-23.0,26,1,0.5949,0.002507
DuelingDQN,A1_grid,2,554,47847,-121.0,88,1,0.5942,0.001356
DuelingDQN,A1_grid,2,555,47877,-31.0,30,1,0.5939,0.001529
DuelingDQN,A1_grid,2,556,47936,-76.0,59,1,0.5934,0.001234
DuelingDQN,A1_grid,2,557,48048,-225.0,112,1,0.5925,0.007558
DuelingDQN,A1_grid,2,558,48060,-9.0,12,1,0.5924,0.014343
DuelingDQN,A1_grid,2,559,48114,-75.0,54,1,0.5919,0.010169
DuelingDQN,A1_grid,2,560,48183,-126.0,69,1,0.5913,0.005678
DuelingDQN,A1_grid,2,561,48241,-95.0,58,1,0.5908,0.003688
DuelingDQN,A1_grid,2,562,48299,-87.0,58,1,0.5903,0.00134
DuelingDQN,A1_grid,2,563,48348,-78.0,49,1,0.5899,0.000584
DuelingDQN,A1_grid,2,564,48404,-113.0,56,1,0.5894,0.000377
DuelingDQN,A1_grid,2,565,48433,-18.0,29,1,0.5892,0.000322
DuelingDQN,A1_grid,2,566,48503,-111.0,70,1,0.5886,0.000598
DuelingDQN,A1_grid,2,567,48528,-22.0,25,1,0.5884,0.011957
DuelingDQN,A1_grid,2,568,48542,-15.0,14,1,0.5883,0.011817
DuelingDQN,A1_grid,2,569,48555,-10.0,13,1,0.5882,0.010533
DuelingDQN,A1_grid,2,570,48587,-45.0,32,1,0.5879,0.009559
DuelingDQN,A1_grid,2,571,48668,-138.0,81,1,0.5872,0.007623
DuelingDQN,A1_grid,2,572,48696,-29.0,28,1,0.587,0.003234
DuelingDQN,A1_grid,2,573,48732,-57.0,36,1,0.5867,0.002695
DuelingDQN,A1_grid,2,574,48780,-65.0,48,1,0.5862,0.002381
DuelingDQN,A1_grid,2,575,48836,-73.0,56,1,0.5858,0.001109
DuelingDQN,A1_grid,2,576,48841,2.0,5,1,0.5857,0.000675
DuelingDQN,A1_grid,2,577,48899,-99.0,58,1,0.5852,0.000567
DuelingDQN,A1_grid,2,578,48915,-21.0,16,1,0.5851,0.000391
DuelingDQN,A1_grid,2,579,48979,-129.0,64,1,0.5846,0.000271
DuelingDQN,A1_grid,2,580,49029,-79.0,50,1,0.5841,0.004624
DuelingDQN,A1_grid,2,581,49084,-76.0,55,1,0.5837,0.013634
DuelingDQN,A1_grid,2,582,49162,-107.0,78,1,0.583,0.010173
DuelingDQN,A1_grid,2,583,49224,-143.0,62,1,0.5825,0.006291
DuelingDQN,A1_grid,2,584,49310,-139.0,86,1,0.5818,0.002144
DuelingDQN,A1_grid,2,585,49318,3.0,8,1,0.5817,0.000694
DuelingDQN,A1_grid,2,586,49348,-47.0,30,1,0.5814,0.000491
DuelingDQN,A1_grid,2,587,49398,-75.0,50,1,0.581,0.000352
DuelingDQN,A1_grid,2,588,49435,-70.0,37,1,0.5807,0.000337
DuelingDQN,A1_grid,2,589,49444,-6.0,9,1,0.5806,0.000277
DuelingDQN,A1_grid,2,590,49503,-88.0,59,1,0.5801,0.000509
DuelingDQN,A1_grid,2,591,49524,-30.0,21,1,0.5799,0.004986
DuelingDQN,A1_grid,2,592,49601,-126.0,77,1,0.5793,0.006013
DuelingDQN,A1_grid,2,593,49660,-88.0,59,1,0.5788,0.003097
DuelingDQN,A1_grid,2,594,49671,0.0,11,1,0.5787,0.0025
DuelingDQN,A1_grid,2,595,49761,-147.0,90,1,0.5779,0.00195
DuelingDQN,A1_grid,2,596,49831,-107.0,70,1,0.5773,0.001418
DuelingDQN,A1_grid,2,597,49883,-85.0,52,1,0.5769,0.001089
DuelingDQN,A1_grid,2,598,49915,-49.0,32,1,0.5766,0.000832
DuelingDQN,A1_grid,2,599,49966,-84.0,51,1,0.5762,0.00076
DuelingDQN,A1_grid,2,600,49998,-45.0,32,1,0.5759,0.000663
DuelingDQN,A1_grid,2,601,50034,-45.0,36,1,0.5756,0.00518
DuelingDQN,A1_grid,2,602,50062,-29.0,28,1,0.5754,0.015068
DuelingDQN,A1_grid,2,603,50097,-48.0,35,1,0.5751,0.0106
DuelingDQN,A1_grid,2,604,50172,-100.0,75,1,0.5744,0.006781
DuelingDQN,A1_grid,2,605,50200,-33.0,28,1,0.5742,0.002989
DuelingDQN,A1_grid,2,606,50236,-61.0,36,1,0.5739,0.001514
DuelingDQN,A1_grid,2,607,50243,0.0,7,1,0.5738,0.0013
DuelingDQN,A1_grid,2,608,50314,-100.0,71,1,0.5732,0.000702
DuelingDQN,A1_grid,2,609,50367,-98.0,53,1,0.5728,0.000656
DuelingDQN,A1_grid,2,610,50380,-6.0,13,1,0.5727,0.000625
DuelingDQN,A1_grid,2,611,50410,-51.0,30,1,0.5724,0.00067
DuelingDQN,A1_grid,2,612,50438,-33.0,28,1,0.5722,0.000631
DuelingDQN,A1_grid,2,613,50489,-72.0,51,1,0.5718,0.001329
DuelingDQN,A1_grid,2,614,50550,-86.0,61,1,0.5712,0.00578
DuelingDQN,A1_grid,2,615,50625,-88.0,75,1,0.5706,0.005774
DuelingDQN,A1_grid,2,616,50666,-50.0,41,1,0.5703,0.002593
DuelingDQN,A1_grid,2,617,50712,-59.0,46,1,0.5699,0.001605
DuelingDQN,A1_grid,2,618,50747,-48.0,35,1,0.5696,0.001558
DuelingDQN,A1_grid,2,619,50776,-34.0,29,1,0.5693,0.001019
DuelingDQN,A1_grid,2,620,50830,-87.0,54,1,0.5689,0.001257
DuelingDQN,A1_grid,2,621,50858,-33.0,28,1,0.5686,0.000905
DuelingDQN,A1_grid,2,622,50927,-110.0,69,1,0.568,0.000549
DuelingDQN,A1_grid,2,623,50985,-87.0,58,1,0.5675,0.000713
DuelingDQN,A1_grid,2,624,51012,-44.0,27,1,0.5673,0.002482
DuelingDQN,A1_grid,2,625,51029,-18.0,17,1,0.5672,0.00385
DuelingDQN,A1_grid,2,626,51072,-44.0,43,1,0.5668,0.0051
DuelingDQN,A1_grid,2,627,51106,-55.0,34,1,0.5665,0.011854
DuelingDQN,A1_grid,2,628,51108,5.0,2,1,0.5665,0.020452
DuelingDQN,A1_grid,2,629,51132,-21.0,24,1,0.5663,0.017729
DuelingDQN,A1_grid,2,630,51194,-95.0,62,1,0.5658,0.011303
DuelingDQN,A1_grid,2,631,51212,-19.0,18,1,0.5656,0.007917
DuelingDQN,A1_grid,2,632,51235,-40.0,23,1,0.5654,0.004841
DuelingDQN,A1_grid,2,633,51264,-30.0,29,1,0.5652,0.002807
DuelingDQN,A1_grid,2,634,51273,-6.0,9,1,0.5651,0.002464
DuelingDQN,A1_grid,2,635,51333,-121.0,60,1,0.5646,0.001915
DuelingDQN,A1_grid,2,636,51401,-97.0,68,1,0.564,0.001041
DuelingDQN,A1_grid,2,637,51449,-85.0,48,1,0.5636,0.00226
DuelingDQN,A1_grid,2,638,51484,-40.0,35,1,0.5633,0.002339
DuelingDQN,A1_grid,2,639,51536,-77.0,52,1,0.5629,0.007821
DuelingDQN,A1_grid,2,640,51570,-39.0,34,1,0.5626,0.01203
DuelingDQN,A1_grid,2,641,51615,-66.0,45,1,0.5622,0.006329
DuelingDQN,A1_grid,2,642,51648,-46.0,33,1,0.5619,0.005425
DuelingDQN,A1_grid,2,643,51673,-30.0,25,1,0.5617,0.004802
DuelingDQN,A1_grid,2,644,51687,-23.0,14,1,0.5616,0.00376
DuelingDQN,A1_grid,2,645,51742,-80.0,55,1,0.5611,0.002134
DuelingDQN,A1_grid,2,646,51792,-67.0,50,1,0.5607,0.001135
DuelingDQN,A1_grid,2,647,51830,-55.0,38,1,0.5604,0.000615
DuelingDQN,A1_grid,2,648,51881,-72.0,51,1,0.5599,0.000597
DuelingDQN,A1_grid,2,649,51897,-9.0,16,1,0.5598,0.000575
DuelingDQN,A1_grid,2,650,51951,-75.0,54,1,0.5594,0.00048
DuelingDQN,A1_grid,2,651,52024,-122.0,73,1,0.5587,0.002284
DuelingDQN,A1_grid,2,652,52061,-74.0,37,1,0.5584,0.006032
DuelingDQN,A1_grid,2,653,52105,-77.0,44,1,0.558,0.006723
DuelingDQN,A1_grid,2,654,52118,-6.0,13,1,0.5579,0.007
DuelingDQN,A1_grid,2,655,52125,4.0,7,1,0.5579,0.008461
DuelingDQN,A1_grid,2,656,52132,0.0,7,1,0.5578,0.006358
DuelingDQN,A1_grid,2,657,52147,-24.0,15,1,0.5577,0.01348
DuelingDQN,A1_grid,2,658,52171,-29.0,24,1,0.5575,0.009476
DuelingDQN,A1_grid,2,659,52213,-51.0,42,1,0.5571,0.00483
DuelingDQN,A1_grid,2,660,52219,5.0,6,1,0.5571,0.003036
DuelingDQN,A1_grid,2,661,52242,-28.0,23,1,0.5569,0.002773
DuelingDQN,A1_grid,2,662,52284,-47.0,42,1,0.5565,0.003421
DuelingDQN,A1_grid,2,663,52345,-118.0,61,1,0.556,0.001809
DuelingDQN,A1_grid,2,664,52403,-71.0,58,1,0.5555,0.001528
DuelingDQN,A1_grid,2,665,52452,-78.0,49,1,0.5551,0.001012
DuelingDQN,A1_grid,2,666,52476,-33.0,24,1,0.5549,0.001231
DuelingDQN,A1_grid,2,667,52487,-16.0,11,1,0.5548,0.001112
DuelingDQN,A1_grid,2,668,52515,-29.0,28,1,0.5546,0.003592
DuelingDQN,A1_grid,2,669,52560,-62.0,45,1,0.5542,0.004709
DuelingDQN,A1_grid,2,670,52611,-104.0,51,1,0.5538,0.003353
DuelingDQN,A1_grid,2,671,52641,-51.0,30,1,0.5535,0.004248
DuelingDQN,A1_grid,2,672,52762,-206.0,121,1,0.5525,0.002028
DuelingDQN,A1_grid,2,673,52791,-34.0,29,1,0.5522,0.001091
DuelingDQN,A1_grid,2,674,52806,-16.0,15,1,0.5521,0.000945
DuelingDQN,A1_grid,2,675,52838,-37.0,32,1,0.5518,0.000663
DuelingDQN,A1_grid,2,676,52865,-32.0,27,1,0.5516,0.000425
DuelingDQN,A1_grid,2,677,52889,-25.0,24,1,0.5514,0.000549
DuelingDQN,A1_grid,2,678,52909,-25.0,20,1,0.5512,0.000413
DuelingDQN,A1_grid,2,679,52960,-68.0,51,1,0.5508,0.000339
DuelingDQN,A1_grid,2,680,53010,-63.0,50,1,0.5504,0.001288
DuelingDQN,A1_grid,2,681,53066,-73.0,56,1,0.5499,0.006612
DuelingDQN,A1_grid,2,682,53074,3.0,8,1,0.5498,0.006294
DuelingDQN,A1_grid,2,683,53123,-94.0,49,1,0.5494,0.007986
DuelingDQN,A1_grid,2,684,53147,-25.0,24,1,0.5492,0.015514
DuelingDQN,A1_grid,2,685,53209,-99.0,62,1,0.5487,0.017233
DuelingDQN,A1_grid,2,686,53244,-36.0,35,1,0.5484,0.010163
DuelingDQN,A1_grid,2,687,53306,-111.0,62,1,0.5479,0.004046
DuelingDQN,A1_grid,2,688,53376,-87.0,70,1,0.5473,0.002199
DuelingDQN,A1_grid,2,689,53406,-39.0,30,1,0.547,0.001041
DuelingDQN,A1_grid,2,690,53437,-44.0,31,1,0.5467,0.000789
DuelingDQN,A1_grid,2,691,53460,-40.0,23,1,0.5466,0.000398
DuelingDQN,A1_grid,2,692,53530,-115.0,70,1,0.546,0.002624
DuelingDQN,A1_grid,2,693,53547,-10.0,17,1,0.5458,0.004089
DuelingDQN,A1_grid,2,694,53575,-37.0,28,1,0.5456,0.006156
DuelingDQN,A1_grid,2,695,53629,-91.0,54,1,0.5451,0.004109
DuelingDQN,A1_grid,2,696,53681,-93.0,52,1,0.5447,0.002167
DuelingDQN,A1_grid,2,697,53739,-75.0,58,1,0.5442,0.000865
DuelingDQN,A1_grid,2,698,53791,-69.0,52,1,0.5437,0.000661
DuelingDQN,A1_grid,2,699,53858,-100.0,67,1,0.5432,0.000926
DuelingDQN,A1_grid,2,700,53882,-17.0,24,1,0.543,0.000733
DuelingDQN,A1_grid,2,701,53903,-26.0,21,1,0.5428,0.000704
DuelingDQN,A1_grid,2,702,53939,-61.0,36,1,0.5425,0.00104
DuelingDQN,A1_grid,2,703,53943,-1.0,4,1,0.5425,0.000754
DuelingDQN,A1_grid,2,704,54004,-94.0,61,1,0.5419,0.000933
DuelingDQN,A1_grid,2,705,54053,-66.0,49,1,0.5415,0.003444
DuelingDQN,A1_grid,2,706,54089,-57.0,36,1,0.5412,0.002566
DuelingDQN,A1_grid,2,707,54121,-41.0,32,1,0.5409,0.002635
DuelingDQN,A1_grid,2,708,54132,0.0,11,1,0.5409,0.003818
DuelingDQN,A1_grid,2,709,54191,-100.0,59,1,0.5404,0.003155
DuelingDQN,A1_grid,2,710,54207,-5.0,16,1,0.5402,0.002156
DuelingDQN,A1_grid,2,711,54269,-111.0,62,1,0.5397,0.001803
DuelingDQN,A1_grid,2,712,54311,-55.0,42,1,0.5393,0.001385
DuelingDQN,A1_grid,2,713,54330,-12.0,19,1,0.5392,0.002938
DuelingDQN,A1_grid,2,714,54377,-64.0,47,1,0.5388,0.002967
DuelingDQN,A1_grid,2,715,54429,-73.0,52,1,0.5383,0.001676
DuelingDQN,A1_grid,2,716,54473,-69.0,44,1,0.538,0.001063
DuelingDQN,A1_grid,2,717,54538,-114.0,65,1,0.5374,0.004849
DuelingDQN,A1_grid,2,718,54583,-66.0,45,1,0.537,0.008641
DuelingDQN,A1_grid,2,719,54628,-66.0,45,1,0.5366,0.008902
DuelingDQN,A1_grid,2,720,54696,-97.0,68,1,0.5361,0.003829
DuelingDQN,A1_grid,2,721,54701,2.0,5,1,0.536,0.002381
DuelingDQN,A1_grid,2,722,54732,-36.0,31,1,0.5358,0.002729
DuelingDQN,A1_grid,2,723,54783,-92.0,51,1,0.5353,0.002501
DuelingDQN,A1_grid,2,724,54823,-49.0,40,1,0.535,0.002127
DuelingDQN,A1_grid,2,725,54874,-72.0,51,1,0.5346,0.001068
DuelingDQN,A1_grid,2,726,54917,-72.0,43,1,0.5342,0.000578
DuelingDQN,A1_grid,2,727,54944,-52.0,27,1,0.534,0.000514
DuelingDQN,A1_grid,2,728,54982,-39.0,38,1,0.5336,0.000367
DuelingDQN,A1_grid,2,729,55002,-21.0,20,1,0.5335,0.000741
DuelingDQN,A1_grid,2,730,55035,-50.0,33,1,0.5332,0.005017
DuelingDQN,A1_grid,2,731,55085,-71.0,50,1,0.5328,0.006325
DuelingDQN,A1_grid,2,732,55109,-21.0,24,1,0.5326,0.008588
DuelingDQN,A1_grid,2,733,55115,-3.0,6,1,0.5325,0.013173
DuelingDQN,A1_grid,2,734,55154,-64.0,39,1,0.5322,0.008758
DuelingDQN,A1_grid,2,735,55236,-139.0,82,1,0.5315,0.005878
DuelingDQN,A1_grid,2,736,55298,-99.0,62,1,0.531,0.002806
DuelingDQN,A1_grid,2,737,55349,-56.0,51,1,0.5305,0.001877
DuelingDQN,A1_grid,2,738,55362,-14.0,13,1,0.5304,0.001439
DuelingDQN,A1_grid,2,739,55386,-25.0,24,1,0.5302,0.001321
DuelingDQN,A1_grid,2,740,55400,-19.0,14,1,0.5301,0.001624
DuelingDQN,A1_grid,2,741,55427,-24.0,27,1,0.5299,0.001034
DuelingDQN,A1_grid,2,742,55459,-33.0,32,1,0.5296,0.000542
DuelingDQN,A1_grid,2,743,55497,-51.0,38,1,0.5293,0.000521
DuelingDQN,A1_grid,2,744,55554,-86.0,57,1,0.5288,0.006957
DuelingDQN,A1_grid,2,745,55590,-45.0,36,1,0.5285,0.008636
DuelingDQN,A1_grid,2,746,55621,-28.0,31,1,0.5282,0.005005
DuelingDQN,A1_grid,2,747,55676,-76.0,55,1,0.5278,0.003572
DuelingDQN,A1_grid,2,748,55739,-88.0,63,1,0.5272,0.002063
DuelingDQN,A1_grid,2,749,55824,-130.0,85,1,0.5265,0.001887
DuelingDQN,A1_grid,2,750,55868,-85.0,44,1,0.5261,0.001841
DuelingDQN,A1_grid,2,751,55872,7.0,4,1,0.5261,0.000954
DuelingDQN,A1_grid,2,752,55895,-24.0,23,1,0.5259,0.001114
DuelingDQN,A1_grid,2,753,55927,-33.0,32,1,0.5256,0.000993
DuelingDQN,A1_grid,2,754,55936,-6.0,9,1,0.5256,0.001624
DuelingDQN,A1_grid,2,755,55975,-60.0,39,1,0.5252,0.001504
DuelingDQN,A1_grid,2,756,55992,-26.0,17,1,0.5251,0.002384
DuelingDQN,A1_grid,2,757,56034,-83.0,42,1,0.5247,0.009312
DuelingDQN,A1_grid,2,758,56089,-88.0,55,1,0.5243,0.010624
DuelingDQN,A1_grid,2,759,56124,-32.0,35,1,0.524,0.010016
DuelingDQN,A1_grid,2,760,56164,-65.0,40,1,0.5236,0.008967
DuelingDQN,A1_grid,2,761,56203,-48.0,39,1,0.5233,0.004028
DuelingDQN,A1_grid,2,762,56237,-47.0,34,1,0.523,0.001841
DuelingDQN,A1_grid,2,763,56258,-30.0,21,1,0.5228,0.001359
DuelingDQN,A1_grid,2,764,56297,-56.0,39,1,0.5225,0.000909
DuelingDQN,A1_grid,2,765,56362,-114.0,65,1,0.5219,0.000581
DuelingDQN,A1_grid,2,766,56379,-10.0,17,1,0.5218,0.000578
DuelingDQN,A1_grid,2,767,56388,-6.0,9,1,0.5217,0.000698
DuelingDQN,A1_grid,2,768,56414,-27.0,26,1,0.5215,0.001119
DuelingDQN,A1_grid,2,769,56438,-29.0,24,1,0.5213,0.001097
DuelingDQN,A1_grid,2,770,56452,-11.0,14,1,0.5212,0.000897
DuelingDQN,A1_grid,2,771,56479,-36.0,27,1,0.5209,0.000714
DuelingDQN,A1_grid,2,772,56493,-15.0,14,1,0.5208,0.000468
DuelingDQN,A1_grid,2,773,56545,-65.0,52,1,0.5204,0.006839
DuelingDQN,A1_grid,2,774,56612,-100.0,67,1,0.5198,0.003742
DuelingDQN,A1_grid,2,775,56709,-154.0,97,1,0.519,0.001768
DuelingDQN,A1_grid,2,776,56724,-20.0,15,1,0.5189,0.001107
DuelingDQN,A1_grid,2,777,56741,-10.0,17,1,0.5187,0.001989
DuelingDQN,A1_grid,2,778,56798,-90.0,57,1,0.5182,0.001702
DuelingDQN,A1_grid,2,779,56858,-77.0,60,1,0.5177,0.001107
DuelingDQN,A1_grid,2,780,56908,-59.0,50,1,0.5173,0.0014
DuelingDQN,A1_grid,2,781,56946,-27.0,38,1,0.517,0.003579
DuelingDQN,A1_grid,2,782,56986,-41.0,40,1,0.5166,0.004892
DuelingDQN,A1_grid,2,783,57032,-63.0,46,1,0.5163,0.010539
DuelingDQN,A1_grid,2,784,57059,-28.0,27,1,0.516,0.008483
DuelingDQN,A1_grid,2,785,57088,-34.0,29,1,0.5158,0.006026
DuelingDQN,A1_grid,2,786,57110,-19.0,22,1,0.5156,0.004812
DuelingDQN,A1_grid,2,787,57160,-79.0,50,1,0.5152,0.007093
DuelingDQN,A1_grid,2,788,57200,-41.0,40,1,0.5148,0.003908
DuelingDQN,A1_grid,2,789,57262,-115.0,62,1,0.5143,0.005956
DuelingDQN,A1_grid,2,790,57282,-17.0,20,1,0.5141,0.005145
DuelingDQN,A1_grid,2,791,57308,-35.0,26,1,0.5139,0.006299
DuelingDQN,A1_grid,2,792,57410,-151.0,102,1,0.513,0.003502
DuelingDQN,A1_grid,2,793,57466,-89.0,56,1,0.5126,0.001434
DuelingDQN,A1_grid,2,794,57501,-52.0,35,1,0.5123,0.001321
DuelingDQN,A1_grid,2,795,57544,-68.0,43,1,0.5119,0.013097
DuelingDQN,A1_grid,2,796,57581,-50.0,37,1,0.5116,0.013875
DuelingDQN,A1_grid,2,797,57605,-37.0,24,1,0.5114,0.010574
DuelingDQN,A1_grid,2,798,57640,-56.0,35,1,0.5111,0.006877
DuelingDQN,A1_grid,2,799,57657,-10.0,17,1,0.511,0.005463
DuelingDQN,A1_grid,2,800,57758,-194.0,101,1,0.5101,0.002478
DQN,A1_grid,3,1,200,-588.0,200,0,0.9983,
DQN,A1_grid,3,2,400,-440.0,200,0,0.9966,
DQN,A1_grid,3,3,600,-520.0,200,0,0.9949,
DQN,A1_grid,3,4,800,-400.0,200,0,0.9932,
DQN,A1_grid,3,5,1000,-440.0,200,0,0.9915,2.060202
DQN,A1_grid,3,6,1200,-508.0,200,0,0.9898,1.013426
DQN,A1_grid,3,7,1400,-552.0,200,0,0.9881,0.74547
DQN,A1_grid,3,8,1600,-420.0,200,0,0.9864,0.545523
DQN,A1_grid,3,9,1686,-191.0,86,1,0.9857,0.485878
DQN,A1_grid,3,10,1751,-114.0,65,1,0.9851,0.441973
DQN,A1_grid,3,11,1951,-440.0,200,0,0.9835,0.419813
DQN,A1_grid,3,12,2151,-408.0,200,0,0.9818,0.370618
DQN,A1_grid,3,13,2351,-528.0,200,0,0.9801,0.316454
DQN,A1_grid,3,14,2551,-424.0,200,0,0.9784,0.277959
DQN,A1_grid,3,15,2751,-412.0,200,0,0.9767,0.249056
DQN,A1_grid,3,16,2951,-420.0,200,0,0.975,0.208976
DQN,A1_grid,3,17,3151,-400.0,200,0,0.9733,0.187663
DQN,A1_grid,3,18,3351,-432.0,200,0,0.9716,0.139833
DQN,A1_grid,3,19,3416,-122.0,65,1,0.971,0.128621
DQN,A1_grid,3,20,3616,-488.0,200,0,0.9693,0.123404
DQN,A1_grid,3,21,3816,-412.0,200,0,0.9676,0.094101
DQN,A1_grid,3,22,4016,-364.0,200,0,0.9659,0.083054
DQN,A1_grid,3,23,4216,-588.0,200,0,0.9642,0.058874
DQN,A1_grid,3,24,4416,-452.0,200,0,0.9625,0.042119
DQN,A1_grid,3,25,4616,-436.0,200,0,0.9608,0.049288
DQN,A1_grid,3,26,4816,-456.0,200,0,0.9591,0.030052
DQN,A1_grid,3,27,5016,-476.0,200,0,0.9575,0.040362
DQN,A1_grid,3,28,5216,-340.0,200,0,0.9558,0.026532
DQN,A1_grid,3,29,5416,-480.0,200,0,0.9541,0.024854
DQN,A1_grid,3,30,5616,-384.0,200,0,0.9524,0.029859
DQN,A1_grid,3,31,5816,-572.0,200,0,0.9507,0.017361
DQN,A1_grid,3,32,6016,-520.0,200,0,0.949,0.026106
DQN,A1_grid,3,33,6216,-464.0,200,0,0.9473,0.026071
DQN,A1_grid,3,34,6416,-356.0,200,0,0.9456,0.015032
DQN,A1_grid,3,35,6616,-372.0,200,0,0.9439,0.031028
DQN,A1_grid,3,36,6816,-396.0,200,0,0.9422,0.012492
DQN,A1_grid,3,37,7016,-512.0,200,0,0.9405,0.021977
DQN,A1_grid,3,38,7216,-576.0,200,0,0.9388,0.018347
DQN,A1_grid,3,39,7416,-468.0,200,0,0.9371,0.013734
DQN,A1_grid,3,40,7616,-408.0,200,0,0.9354,0.022119
DQN,A1_grid,3,41,7816,-380.0,200,0,0.9337,0.016183
DQN,A1_grid,3,42,8016,-428.0,200,0,0.932,0.019703
DQN,A1_grid,3,43,8216,-448.0,200,0,0.9303,0.014711
DQN,A1_grid,3,44,8416,-508.0,200,0,0.9286,0.014034
DQN,A1_grid,3,45,8616,-508.0,200,0,0.9269,0.024977
DQN,A1_grid,3,46,8713,-190.0,97,1,0.9261,0.008174
DQN,A1_grid,3,47,8913,-376.0,200,0,0.9244,0.011904
DQN,A1_grid,3,48,9113,-468.0,200,0,0.9227,0.030197
DQN,A1_grid,3,49,9313,-412.0,200,0,0.921,0.014608
DQN,A1_grid,3,50,9513,-388.0,200,0,0.9193,0.023256
DQN,A1_grid,3,51,9713,-436.0,200,0,0.9176,0.013705
DQN,A1_grid,3,52,9913,-444.0,200,0,0.9159,0.00695
DQN,A1_grid,3,53,10113,-384.0,200,0,0.9142,0.022963
DQN,A1_grid,3,54,10313,-436.0,200,0,0.9125,0.007577
DQN,A1_grid,3,55,10513,-416.0,200,0,0.9108,0.016985
DQN,A1_grid,3,56,10713,-492.0,200,0,0.9091,0.017535
DQN,A1_grid,3,57,10913,-380.0,200,0,0.9074,0.014071
DQN,A1_grid,3,58,11113,-448.0,200,0,0.9057,0.023885
DQN,A1_grid,3,59,11313,-448.0,200,0,0.904,0.014455
DQN,A1_grid,3,60,11324,-12.0,11,1,0.9039,0.002998
DQN,A1_grid,3,61,11524,-432.0,200,0,0.9023,0.02011
DQN,A1_grid,3,62,11724,-508.0,200,0,0.9006,0.014195
DQN,A1_grid,3,63,11755,-56.0,31,1,0.9003,0.002921
DQN,A1_grid,3,64,11955,-396.0,200,0,0.8986,0.026548
DQN,A1_grid,3,65,12105,-343.0,150,1,0.8973,0.036942
DQN,A1_grid,3,66,12305,-432.0,200,0,0.8956,0.019871
DQN,A1_grid,3,67,12505,-364.0,200,0,0.8939,0.021316
DQN,A1_grid,3,68,12705,-520.0,200,0,0.8922,0.027806
DQN,A1_grid,3,69,12905,-444.0,200,0,0.8905,0.025292
DQN,A1_grid,3,70,13105,-492.0,200,0,0.8888,0.024836
DQN,A1_grid,3,71,13305,-420.0,200,0,0.8871,0.020148
DQN,A1_grid,3,72,13306,10.0,1,1,0.8871,0.001693
DQN,A1_grid,3,73,13506,-420.0,200,0,0.8854,0.034857
DQN,A1_grid,3,74,13706,-428.0,200,0,0.8837,0.027013
DQN,A1_grid,3,75,13906,-416.0,200,0,0.882,0.023033
DQN,A1_grid,3,76,14106,-436.0,200,0,0.8804,0.031353
DQN,A1_grid,3,77,14306,-384.0,200,0,0.8787,0.036575
DQN,A1_grid,3,78,14506,-440.0,200,0,0.877,0.030171
DQN,A1_grid,3,79,14706,-424.0,200,0,0.8753,0.033091
DQN,A1_grid,3,80,14906,-412.0,200,0,0.8736,0.015319
DQN,A1_grid,3,81,15106,-464.0,200,0,0.8719,0.040566
DQN,A1_grid,3,82,15306,-448.0,200,0,0.8702,0.026886
DQN,A1_grid,3,83,15506,-504.0,200,0,0.8685,0.036605
DQN,A1_grid,3,84,15706,-432.0,200,0,0.8668,0.029372
DQN,A1_grid,3,85,15906,-420.0,200,0,0.8651,0.027247
DQN,A1_grid,3,86,16106,-516.0,200,0,0.8634,0.039801
DQN,A1_grid,3,87,16306,-332.0,200,0,0.8617,0.010267
DQN,A1_grid,3,88,16506,-528.0,200,0,0.86,0.017247
DQN,A1_grid,3,89,16706,-468.0,200,0,0.8583,0.020167
DQN,A1_grid,3,90,16906,-396.0,200,0,0.8566,0.022657
DQN,A1_grid,3,91,17106,-432.0,200,0,0.8549,0.020889
DQN,A1_grid,3,92,17306,-400.0,200,0,0.8532,0.016706
DQN,A1_grid,3,93,17506,-404.0,200,0,0.8515,0.020402
DQN,A1_grid,3,94,17706,-536.0,200,0,0.8498,0.020433
DQN,A1_grid,3,95,17906,-396.0,200,0,0.8481,0.013983
DQN,A1_grid,3,96,17948,-59.0,42,1,0.8478,0.016442
DQN,A1_grid,3,97,18148,-548.0,200,0,0.8461,0.030268
DQN,A1_grid,3,98,18348,-392.0,200,0,0.8444,0.020192
DQN,A1_grid,3,99,18548,-320.0,200,0,0.8427,0.024558
DQN,A1_grid,3,100,18748,-372.0,200,0,0.841,0.011532
DQN,A1_grid,3,101,18948,-548.0,200,0,0.8393,0.010674
DQN,A1_grid,3,102,19148,-504.0,200,0,0.8376,0.023618
DQN,A1_grid,3,103,19348,-344.0,200,0,0.8359,0.011138
DQN,A1_grid,3,104,19548,-464.0,200,0,0.8342,0.023728
DQN,A1_grid,3,105,19748,-456.0,200,0,0.8325,0.018302
DQN,A1_grid,3,106,19948,-540.0,200,0,0.8308,0.024247
DQN,A1_grid,3,107,20148,-412.0,200,0,0.8291,0.033437
DQN,A1_grid,3,108,20348,-372.0,200,0,0.8274,0.024696
DQN,A1_grid,3,109,20548,-472.0,200,0,0.8257,0.043969
DQN,A1_grid,3,110,20748,-396.0,200,0,0.824,0.02195
DQN,A1_grid,3,111,20948,-384.0,200,0,0.8223,0.011491
DQN,A1_grid,3,112,21093,-238.0,145,1,0.8211,0.019119
DQN,A1_grid,3,113,21293,-428.0,200,0,0.8194,0.046044
DQN,A1_grid,3,114,21493,-424.0,200,0,0.8177,0.022275
DQN,A1_grid,3,115,21693,-420.0,200,0,0.816,0.029608
DQN,A1_grid,3,116,21893,-320.0,200,0,0.8143,0.018787
DQN,A1_grid,3,117,22093,-412.0,200,0,0.8126,0.028017
DQN,A1_grid,3,118,22293,-444.0,200,0,0.8109,0.02247
DQN,A1_grid,3,119,22493,-396.0,200,0,0.8092,0.025877
DQN,A1_grid,3,120,22693,-464.0,200,0,0.8075,0.023027
DQN,A1_grid,3,121,22893,-368.0,200,0,0.8058,0.019205
DQN,A1_grid,3,122,23067,-363.0,174,1,0.8043,0.024201
DQN,A1_grid,3,123,23267,-416.0,200,0,0.8026,0.01246
DQN,A1_grid,3,124,23467,-404.0,200,0,0.8009,0.008315
DQN,A1_grid,3,125,23667,-352.0,200,0,0.7993,0.034691
DQN,A1_grid,3,126,23867,-476.0,200,0,0.7976,0.004908
DQN,A1_grid,3,127,24067,-344.0,200,0,0.7959,0.032295
DQN,A1_grid,3,128,24267,-400.0,200,0,0.7942,0.023857
DQN,A1_grid,3,129,24299,-41.0,32,1,0.7939,0.047931
DQN,A1_grid,3,130,24499,-380.0,200,0,0.7922,0.020083
DQN,A1_grid,3,131,24699,-396.0,200,0,0.7905,0.033366
DQN,A1_grid,3,132,24899,-336.0,200,0,0.7888,0.023733
DQN,A1_grid,3,133,25099,-352.0,200,0,0.7871,0.026903
DQN,A1_grid,3,134,25299,-424.0,200,0,0.7854,0.028316
DQN,A1_grid,3,135,25499,-352.0,200,0,0.7837,0.012911
DQN,A1_grid,3,136,25699,-296.0,200,0,0.782,0.016249
DQN,A1_grid,3,137,25899,-508.0,200,0,0.7803,0.043922
DQN,A1_grid,3,138,26099,-392.0,200,0,0.7786,0.028764
DQN,A1_grid,3,139,26299,-356.0,200,0,0.7769,0.016838
DQN,A1_grid,3,140,26499,-436.0,200,0,0.7752,0.008896
DQN,A1_grid,3,141,26699,-452.0,200,0,0.7735,0.020926
DQN,A1_grid,3,142,26899,-388.0,200,0,0.7718,0.016809
DQN,A1_grid,3,143,26919,-29.0,20,1,0.7717,0.001401
DQN,A1_grid,3,144,27119,-424.0,200,0,0.77,0.028215
DQN,A1_grid,3,145,27319,-304.0,200,0,0.7683,0.021369
DQN,A1_grid,3,146,27519,-364.0,200,0,0.7666,0.023002
DQN,A1_grid,3,147,27719,-360.0,200,0,0.7649,0.03089
DQN,A1_grid,3,148,27919,-456.0,200,0,0.7632,0.02171
DQN,A1_grid,3,149,27977,-111.0,58,1,0.7627,0.03018
DQN,A1_grid,3,150,28177,-436.0,200,0,0.761,0.034083
DQN,A1_grid,3,151,28377,-384.0,200,0,0.7593,0.03396
DQN,A1_grid,3,152,28577,-308.0,200,0,0.7576,0.020424
DQN,A1_grid,3,153,28777,-420.0,200,0,0.7559,0.026034
DQN,A1_grid,3,154,28977,-424.0,200,0,0.7542,0.013459
DQN,A1_grid,3,155,29177,-340.0,200,0,0.7525,0.036371
DQN,A1_grid,3,156,29377,-336.0,200,0,0.7508,0.021882
DQN,A1_grid,3,157,29577,-372.0,200,0,0.7491,0.022174
DQN,A1_grid,3,158,29777,-348.0,200,0,0.7474,0.014087
DQN,A1_grid,3,159,29977,-356.0,200,0,0.7457,0.017816
DQN,A1_grid,3,160,30177,-456.0,200,0,0.744,0.037033
DQN,A1_grid,3,161,30377,-384.0,200,0,0.7423,0.031437
DQN,A1_grid,3,162,30577,-404.0,200,0,0.7406,0.04118
DQN,A1_grid,3,163,30777,-384.0,200,0,0.7389,0.027237
DQN,A1_grid,3,164,30977,-364.0,200,0,0.7372,0.018349
DQN,A1_grid,3,165,30985,3.0,8,1,0.7372,0.108444
DQN,A1_grid,3,166,31185,-368.0,200,0,0.7355,0.040869
DQN,A1_grid,3,167,31385,-368.0,200,0,0.7338,0.009922
DQN,A1_grid,3,168,31585,-360.0,200,0,0.7321,0.048712
DQN,A1_grid,3,169,31785,-360.0,200,0,0.7304,0.036983
DQN,A1_grid,3,170,31985,-444.0,200,0,0.7287,0.040879
DQN,A1_grid,3,171,32185,-396.0,200,0,0.727,0.038718
DQN,A1_grid,3,172,32203,-15.0,18,1,0.7268,0.001083
DQN,A1_grid,3,173,32403,-352.0,200,0,0.7252,0.041329
DQN,A1_grid,3,174,32603,-340.0,200,0,0.7235,0.051713
DQN,A1_grid,3,175,32803,-388.0,200,0,0.7218,0.032638
DQN,A1_grid,3,176,33003,-444.0,200,0,0.7201,0.011918
DQN,A1_grid,3,177,33203,-412.0,200,0,0.7184,0.046475
DQN,A1_grid,3,178,33323,-265.0,120,1,0.7173,0.024085
DQN,A1_grid,3,179,33523,-400.0,200,0,0.7157,0.038232
DQN,A1_grid,3,180,33723,-408.0,200,0,0.714,0.039177
DQN,A1_grid,3,181,33923,-356.0,200,0,0.7123,0.019121
DQN,A1_grid,3,182,34123,-320.0,200,0,0.7106,0.030866
DQN,A1_grid,3,183,34219,-169.0,96,1,0.7097,0.09649
DQN,A1_grid,3,184,34419,-320.0,200,0,0.7081,0.010261
DQN,A1_grid,3,185,34619,-368.0,200,0,0.7064,0.022054
DQN,A1_grid,3,186,34750,-248.0,131,1,0.7052,0.008145
DQN,A1_grid,3,187,34950,-404.0,200,0,0.7035,0.04781
DQN,A1_grid,3,188,35150,-436.0,200,0,0.7019,0.01738
DQN,A1_grid,3,189,35350,-376.0,200,0,0.7002,0.043321
DQN,A1_grid,3,190,35550,-424.0,200,0,0.6985,0.032627
DQN,A1_grid,3,191,35750,-436.0,200,0,0.6968,0.016164
DQN,A1_grid,3,192,35950,-376.0,200,0,0.6951,0.038956
DQN,A1_grid,3,193,36150,-356.0,200,0,0.6934,0.037373
DQN,A1_grid,3,194,36350,-368.0,200,0,0.6917,0.039189
DQN,A1_grid,3,195,36550,-408.0,200,0,0.69,0.041675
DQN,A1_grid,3,196,36750,-352.0,200,0,0.6883,0.030283
DQN,A1_grid,3,197,36792,-51.0,42,1,0.6879,0.023803
DQN,A1_grid,3,198,36992,-436.0,200,0,0.6862,0.035385
DQN,A1_grid,3,199,37192,-368.0,200,0,0.6845,0.032265
DQN,A1_grid,3,200,37392,-388.0,200,0,0.6828,0.034855
DQN,A1_grid,3,201,37416,-25.0,24,1,0.6826,0.041281
DQN,A1_grid,3,202,37616,-368.0,200,0,0.6809,0.036854
DQN,A1_grid,3,203,37816,-364.0,200,0,0.6792,0.025495
DQN,A1_grid,3,204,37880,-117.0,64,1,0.6787,0.061453
DQN,A1_grid,3,205,38080,-364.0,200,0,0.677,0.052826
DQN,A1_grid,3,206,38280,-336.0,200,0,0.6753,0.065751
DQN,A1_grid,3,207,38480,-308.0,200,0,0.6736,0.030768
DQN,A1_grid,3,208,38680,-336.0,200,0,0.6719,0.073104
DQN,A1_grid,3,209,38880,-464.0,200,0,0.6702,0.060843
DQN,A1_grid,3,210,39080,-332.0,200,0,0.6685,0.026485
DQN,A1_grid,3,211,39280,-364.0,200,0,0.6668,0.02121
DQN,A1_grid,3,212,39480,-348.0,200,0,0.6651,0.035646
DQN,A1_grid,3,213,39680,-336.0,200,0,0.6634,0.053152
DQN,A1_grid,3,214,39766,-151.0,86,1,0.6627,0.047883
DQN,A1_grid,3,215,39787,-22.0,21,1,0.6625,0.00174
DQN,A1_grid,3,216,39987,-364.0,200,0,0.6608,0.076269
DQN,A1_grid,3,217,40121,-251.0,134,1,0.6597,0.047581
DQN,A1_grid,3,218,40238,-190.0,117,1,0.6587,0.037134
DQN,A1_grid,3,219,40335,-154.0,97,1,0.6579,0.033035
DQN,A1_grid,3,220,40535,-340.0,200,0,0.6562,0.014749
DQN,A1_grid,3,221,40735,-328.0,200,0,0.6545,0.022844
DQN,A1_grid,3,222,40935,-320.0,200,0,0.6528,0.053044
DQN,A1_grid,3,223,41135,-352.0,200,0,0.6511,0.069389
DQN,A1_grid,3,224,41335,-424.0,200,0,0.6494,0.067819
DQN,A1_grid,3,225,41535,-332.0,200,0,0.6477,0.032058
DQN,A1_grid,3,226,41723,-305.0,188,1,0.6461,0.062451
DQN,A1_grid,3,227,41823,-181.0,100,1,0.6453,0.053228
DQN,A1_grid,3,228,42023,-408.0,200,0,0.6436,0.046445
DQN,A1_grid,3,229,42223,-352.0,200,0,0.6419,0.090869
DQN,A1_grid,3,230,42423,-344.0,200,0,0.6402,0.027848
DQN,A1_grid,3,231,42623,-352.0,200,0,0.6385,0.01687
DQN,A1_grid,3,232,42744,-218.0,121,1,0.6374,0.044631
DQN,A1_grid,3,233,42944,-400.0,200,0,0.6357,0.043257
DQN,A1_grid,3,234,43144,-392.0,200,0,0.634,0.063684
DQN,A1_grid,3,235,43344,-356.0,200,0,0.6323,0.048446
DQN,A1_grid,3,236,43391,-80.0,47,1,0.632,0.069934
DQN,A1_grid,3,237,43556,-302.0,165,1,0.6306,0.0321
DQN,A1_grid,3,238,43756,-308.0,200,0,0.6289,0.044321
DQN,A1_grid,3,239,43888,-229.0,132,1,0.6277,0.049185
DQN,A1_grid,3,240,44088,-440.0,200,0,0.626,0.054696
DQN,A1_grid,3,241,44138,-67.0,50,1,0.6256,0.064887
DQN,A1_grid,3,242,44238,-197.0,100,1,0.6248,0.012351
DQN,A1_grid,3,243,44438,-312.0,200,0,0.6231,0.050261
DQN,A1_grid,3,244,44462,-25.0,24,1,0.6229,0.045278
DQN,A1_grid,3,245,44562,-177.0,100,1,0.622,0.025745
DQN,A1_grid,3,246,44762,-400.0,200,0,0.6203,0.09233
DQN,A1_grid,3,247,44962,-316.0,200,0,0.6186,0.060155
DQN,A1_grid,3,248,45162,-336.0,200,0,0.6169,0.050181
DQN,A1_grid,3,249,45245,-136.0,83,1,0.6162,0.014509
DQN,A1_grid,3,250,45445,-368.0,200,0,0.6145,0.060918
DQN,A1_grid,3,251,45546,-178.0,101,1,0.6137,0.03128
DQN,A1_grid,3,252,45746,-356.0,200,0,0.612,0.023183
DQN,A1_grid,3,253,45946,-328.0,200,0,0.6103,0.028812
DQN,A1_grid,3,254,46146,-296.0,200,0,0.6086,0.079126
DQN,A1_grid,3,255,46346,-336.0,200,0,0.6069,0.045187
DQN,A1_grid,3,256,46356,-3.0,10,1,0.6068,0.109516
DQN,A1_grid,3,257,46360,7.0,4,1,0.6068,0.001797
DQN,A1_grid,3,258,46444,-141.0,84,1,0.6061,0.130295
DQN,A1_grid,3,259,46644,-356.0,200,0,0.6044,0.050227
DQN,A1_grid,3,260,46844,-340.0,200,0,0.6027,0.056421
DQN,A1_grid,3,261,47044,-388.0,200,0,0.601,0.029634
DQN,A1_grid,3,262,47244,-320.0,200,0,0.5993,0.070093
DQN,A1_grid,3,263,47444,-320.0,200,0,0.5976,0.072474
DQN,A1_grid,3,264,47644,-280.0,200,0,0.5959,0.059692
DQN,A1_grid,3,265,47835,-292.0,191,1,0.5943,0.059214
DQN,A1_grid,3,266,48035,-344.0,200,0,0.5926,0.071218
DQN,A1_grid,3,267,48235,-436.0,200,0,0.5909,0.107472
DQN,A1_grid,3,268,48435,-332.0,200,0,0.5892,0.034597
DQN,A1_grid,3,269,48635,-288.0,200,0,0.5875,0.047443
DQN,A1_grid,3,270,48739,-161.0,104,1,0.5866,0.098701
DQN,A1_grid,3,271,48776,-70.0,37,1,0.5863,0.122464
DQN,A1_grid,3,272,48976,-276.0,200,0,0.5846,0.097042
DQN,A1_grid,3,273,49176,-312.0,200,0,0.5829,0.028741
DQN,A1_grid,3,274,49368,-369.0,192,1,0.5813,0.060295
DQN,A1_grid,3,275,49439,-88.0,71,1,0.5807,0.127784
DQN,A1_grid,3,276,49639,-372.0,200,0,0.579,0.069615
DQN,A1_grid,3,277,49839,-384.0,200,0,0.5773,0.080017
DQN,A1_grid,3,278,49896,-110.0,57,1,0.5768,0.002786
DQN,A1_grid,3,279,50096,-352.0,200,0,0.5751,0.063276
DQN,A1_grid,3,280,50152,-93.0,56,1,0.5746,0.061914
DQN,A1_grid,3,281,50352,-332.0,200,0,0.5729,0.063963
DQN,A1_grid,3,282,50552,-308.0,200,0,0.5712,0.057799
DQN,A1_grid,3,283,50752,-372.0,200,0,0.5695,0.098588
DQN,A1_grid,3,284,50821,-86.0,69,1,0.5689,0.050779
DQN,A1_grid,3,285,50844,-28.0,23,1,0.5687,0.001435
DQN,A1_grid,3,286,50991,-228.0,147,1,0.5675,0.04008
DQN,A1_grid,3,287,51165,-239.0,174,1,0.566,0.09014
DQN,A1_grid,3,288,51286,-182.0,121,1,0.565,0.068387
DQN,A1_grid,3,289,51323,-54.0,37,1,0.5647,0.123429
DQN,A1_grid,3,290,51338,-8.0,15,1,0.5645,0.077926
DQN,A1_grid,3,291,51464,-203.0,126,1,0.5635,0.065712
DQN,A1_grid,3,292,51664,-368.0,200,0,0.5618,0.131199
DQN,A1_grid,3,293,51864,-340.0,200,0,0.5601,0.100666
DQN,A1_grid,3,294,52064,-380.0,200,0,0.5584,0.093491
DQN,A1_grid,3,295,52264,-304.0,200,0,0.5567,0.10583
DQN,A1_grid,3,296,52369,-178.0,105,1,0.5558,0.112286
DQN,A1_grid,3,297,52569,-348.0,200,0,0.5541,0.080818
DQN,A1_grid,3,298,52696,-188.0,127,1,0.553,0.07642
DQN,A1_grid,3,299,52896,-300.0,200,0,0.5513,0.100191
DQN,A1_grid,3,300,53096,-296.0,200,0,0.5496,0.092518
DQN,A1_grid,3,301,53296,-488.0,200,0,0.5479,0.071109
DQN,A1_grid,3,302,53496,-468.0,200,0,0.5462,0.088884
DQN,A1_grid,3,303,53580,-121.0,84,1,0.5455,0.173913
DQN,A1_grid,3,304,53780,-364.0,200,0,0.5438,0.117696
DQN,A1_grid,3,305,53924,-229.0,144,1,0.5426,0.116287
DQN,A1_grid,3,306,54124,-312.0,200,0,0.5409,0.087833
DQN,A1_grid,3,307,54210,-135.0,86,1,0.5402,0.123827
DQN,A1_grid,3,308,54243,-38.0,33,1,0.5399,0.108089
DQN,A1_grid,3,309,54443,-388.0,200,0,0.5382,0.077861
DQN,A1_grid,3,310,54643,-360.0,200,0,0.5365,0.093127
DQN,A1_grid,3,311,54843,-436.0,200,0,0.5348,0.11342
DQN,A1_grid,3,312,55043,-360.0,200,0,0.5331,0.081226
DQN,A1_grid,3,313,55243,-360.0,200,0,0.5314,0.119354
DQN,A1_grid,3,314,55443,-396.0,200,0,0.5297,0.06641
DQN,A1_grid,3,315,55643,-356.0,200,0,0.528,0.065612
DQN,A1_grid,3,316,55843,-376.0,200,0,0.5263,0.102509
DQN,A1_grid,3,317,56043,-308.0,200,0,0.5246,0.07742
DQN,A1_grid,3,318,56231,-265.0,188,1,0.523,0.140735
DQN,A1_grid,3,319,56431,-284.0,200,0,0.5213,0.079035
DQN,A1_grid,3,320,56631,-304.0,200,0,0.5196,0.115813
DQN,A1_grid,3,321,56831,-284.0,200,0,0.518,0.135066
DQN,A1_grid,3,322,57031,-320.0,200,0,0.5163,0.07547
DQN,A1_grid,3,323,57073,-79.0,42,1,0.5159,0.060336
DQN,A1_grid,3,324,57273,-308.0,200,0,0.5142,0.103434
DQN,A1_grid,3,325,57324,-68.0,51,1,0.5138,0.117398
DQN,A1_grid,3,326,57348,-29.0,24,1,0.5136,0.244244
DQN,A1_grid,3,327,57548,-320.0,200,0,0.5119,0.082331
DQN,A1_grid,3,328,57575,-44.0,27,1,0.5116,0.090611
DQN,A1_grid,3,329,57625,-95.0,50,1,0.5112,0.167355
DQN,A1_grid,3,330,57714,-146.0,89,1,0.5105,0.070995
DQN,A1_grid,3,331,57831,-170.0,117,1,0.5095,0.123967
DQN,A1_grid,3,332,58031,-308.0,200,0,0.5078,0.070806
DQN,A1_grid,3,333,58109,-107.0,78,1,0.5071,0.246687
DQN,A1_grid,3,334,58141,-29.0,32,1,0.5068,0.148219
DQN,A1_grid,3,335,58279,-199.0,138,1,0.5057,0.106072
DQN,A1_grid,3,336,58382,-148.0,103,1,0.5048,0.128372
DQN,A1_grid,3,337,58447,-78.0,65,1,0.5042,0.164506
DQN,A1_grid,3,338,58466,-16.0,19,1,0.5041,0.064602
DQN,A1_grid,3,339,58476,-7.0,10,1,0.504,0.009421
DQN,A1_grid,3,340,58493,-18.0,17,1,0.5039,0.211566
DQN,A1_grid,3,341,58693,-360.0,200,0,0.5022,0.1066
DQN,A1_grid,3,342,58893,-324.0,200,0,0.5005,0.074643
DQN,A1_grid,3,343,59093,-360.0,200,0,0.4988,0.119295
DQN,A1_grid,3,344,59293,-332.0,200,0,0.4971,0.087942
DQN,A1_grid,3,345,59493,-320.0,200,0,0.4954,0.122915
DQN,A1_grid,3,346,59519,-39.0,26,1,0.4952,0.070036
DQN,A1_grid,3,347,59719,-256.0,200,0,0.4935,0.135914
DQN,A1_grid,3,348,59739,-21.0,20,1,0.4933,0.007306
DQN,A1_grid,3,349,59825,-135.0,86,1,0.4926,0.207648
DQN,A1_grid,3,350,60025,-320.0,200,0,0.4909,0.136804
DQN,A1_grid,3,351,60225,-312.0,200,0,0.4892,0.157115
DQN,A1_grid,3,352,60372,-232.0,147,1,0.4879,0.135693
DQN,A1_grid,3,353,60384,-9.0,12,1,0.4878,0.200704
DQN,A1_grid,3,354,60462,-83.0,78,1,0.4872,0.142601
DQN,A1_grid,3,355,60662,-268.0,200,0,0.4855,0.098957
DQN,A1_grid,3,356,60667,6.0,5,1,0.4854,0.013762
DQN,A1_grid,3,357,60676,2.0,9,1,0.4853,0.3941
DQN,A1_grid,3,358,60876,-328.0,200,0,0.4836,0.126723
DQN,A1_grid,3,359,60923,-64.0,47,1,0.4832,0.156875
DQN,A1_grid,3,360,60936,-26.0,13,1,0.4831,0.104811
DQN,A1_grid,3,361,61058,-151.0,122,1,0.4821,0.224058
DQN,A1_grid,3,362,61066,-5.0,8,1,0.482,0.028806
DQN,A1_grid,3,363,61266,-268.0,200,0,0.4803,0.148502
DQN,A1_grid,3,364,61466,-276.0,200,0,0.4786,0.197326
DQN,A1_grid,3,365,61666,-316.0,200,0,0.4769,0.159231
DQN,A1_grid,3,366,61720,-79.0,54,1,0.4765,0.149919
DQN,A1_grid,3,367,61734,-23.0,14,1,0.4764,0.113457
DQN,A1_grid,3,368,61790,-97.0,56,1,0.4759,0.182958
DQN,A1_grid,3,369,61810,-25.0,20,1,0.4757,0.185075
DQN,A1_grid,3,370,62010,-336.0,200,0,0.474,0.163874
DQN,A1_grid,3,371,62104,-111.0,94,1,0.4732,0.212098
DQN,A1_grid,3,372,62304,-312.0,200,0,0.4715,0.198486
DQN,A1_grid,3,373,62455,-220.0,151,1,0.4702,0.108894
DQN,A1_grid,3,374,62497,-67.0,42,1,0.4699,0.132516
DQN,A1_grid,3,375,62511,-3.0,14,1,0.4698,0.141893
DQN,A1_grid,3,376,62529,-11.0,18,1,0.4696,0.203444
DQN,A1_grid,3,377,62729,-352.0,200,0,0.4679,0.181969
DQN,A1_grid,3,378,62736,0.0,7,1,0.4679,0.345108
DQN,A1_grid,3,379,62936,-336.0,200,0,0.4662,0.158362
DQN,A1_grid,3,380,63136,-368.0,200,0,0.4645,0.190879
DQN,A1_grid,3,381,63336,-288.0,200,0,0.4628,0.219972
DQN,A1_grid,3,382,63536,-316.0,200,0,0.4611,0.19725
DQN,A1_grid,3,383,63736,-292.0,200,0,0.4594,0.163249
DQN,A1_grid,3,384,63844,-161.0,108,1,0.4585,0.16201
DQN,A1_grid,3,385,63862,-27.0,18,1,0.4583,0.192153
DQN,A1_grid,3,386,64062,-388.0,200,0,0.4566,0.174186
DQN,A1_grid,3,387,64108,-79.0,46,1,0.4562,0.393204
DQN,A1_grid,3,388,64308,-340.0,200,0,0.4545,0.260059
DQN,A1_grid,3,389,64508,-300.0,200,0,0.4528,0.210883
DQN,A1_grid,3,390,64708,-336.0,200,0,0.4511,0.275249
DQN,A1_grid,3,391,64717,-2.0,9,1,0.4511,0.132652
DQN,A1_grid,3,392,64917,-356.0,200,0,0.4494,0.28824
DQN,A1_grid,3,393,64921,7.0,4,1,0.4493,0.153184
DQN,A1_grid,3,394,65121,-272.0,200,0,0.4476,0.274375
DQN,A1_grid,3,395,65321,-284.0,200,0,0.4459,0.284831
DQN,A1_grid,3,396,65521,-320.0,200,0,0.4442,0.242143
DQN,A1_grid,3,397,65530,-2.0,9,1,0.4442,0.556996
DQN,A1_grid,3,398,65730,-272.0,200,0,0.4425,0.321164
DQN,A1_grid,3,399,65930,-300.0,200,0,0.4408,0.300839
DQN,A1_grid,3,400,66130,-328.0,200,0,0.4391,0.371577
DQN,A1_grid,3,401,66138,3.0,8,1,0.439,0.29595
DQN,A1_grid,3,402,66338,-276.0,200,0,0.4373,0.36775
DQN,A1_grid,3,403,66538,-252.0,200,0,0.4356,0.412684
DQN,A1_grid,3,404,66738,-356.0,200,0,0.4339,0.425836
DQN,A1_grid,3,405,66778,-57.0,40,1,0.4336,0.381042
DQN,A1_grid,3,406,66821,-52.0,43,1,0.4332,0.389338
DQN,A1_grid,3,407,67021,-284.0,200,0,0.4315,0.400771
DQN,A1_grid,3,408,67068,-64.0,47,1,0.4311,0.507748
DQN,A1_grid,3,409,67211,-232.0,143,1,0.4299,0.530744
DQN,A1_grid,3,410,67224,-14.0,13,1,0.4298,0.419922
DQN,A1_grid,3,411,67424,-300.0,200,0,0.4281,0.488773
DQN,A1_grid,3,412,67624,-304.0,200,0,0.4264,0.568138
DQN,A1_grid,3,413,67708,-121.0,84,1,0.4257,0.570795
DQN,A1_grid,3,414,67759,-76.0,51,1,0.4253,0.56082
DQN,A1_grid,3,415,67770,-4.0,11,1,0.4252,0.340651
DQN,A1_grid,3,416,67970,-392.0,200,0,0.4235,0.485605
DQN,A1_grid,3,417,68170,-348.0,200,0,0.4218,0.622269
DQN,A1_grid,3,418,68370,-308.0,200,0,0.4201,0.572462
DQN,A1_grid,3,419,68570,-284.0,200,0,0.4184,0.631186
DQN,A1_grid,3,420,68595,-26.0,25,1,0.4182,0.759311
DQN,A1_grid,3,421,68710,-160.0,115,1,0.4172,0.702256
DQN,A1_grid,3,422,68910,-268.0,200,0,0.4155,0.648374
DQN,A1_grid,3,423,69110,-304.0,200,0,0.4138,0.80116
DQN,A1_grid,3,424,69131,-22.0,21,1,0.4136,0.817064
DQN,A1_grid,3,425,69300,-274.0,169,1,0.4122,0.759582
DQN,A1_grid,3,426,69324,-17.0,24,1,0.412,0.710995
DQN,A1_grid,3,427,69355,-36.0,31,1,0.4117,0.775568
DQN,A1_grid,3,428,69371,-9.0,16,1,0.4116,0.823583
DQN,A1_grid,3,429,69377,1.0,6,1,0.4115,0.810107
DQN,A1_grid,3,430,69577,-340.0,200,0,0.4098,0.908228
DQN,A1_grid,3,431,69581,7.0,4,1,0.4098,0.646267
DQN,A1_grid,3,432,69607,-27.0,26,1,0.4096,0.948736
DQN,A1_grid,3,433,69629,-23.0,22,1,0.4094,0.9674
DQN,A1_grid,3,434,69829,-388.0,200,0,0.4077,0.856495
DQN,A1_grid,3,435,69847,-11.0,18,1,0.4075,0.764565
DQN,A1_grid,3,436,70047,-268.0,200,0,0.4059,0.933537
DQN,A1_grid,3,437,70079,-33.0,32,1,0.4056,1.182539
DQN,A1_grid,3,438,70111,-49.0,32,1,0.4053,1.114093
DQN,A1_grid,3,439,70148,-62.0,37,1,0.405,1.011886
DQN,A1_grid,3,440,70348,-312.0,200,0,0.4033,0.970478
DQN,A1_grid,3,441,70351,8.0,3,1,0.4033,1.277785
DQN,A1_grid,3,442,70551,-316.0,200,0,0.4016,1.143255
DQN,A1_grid,3,443,70748,-258.0,197,1,0.3999,1.261951
DQN,A1_grid,3,444,70948,-344.0,200,0,0.3982,1.223772
DQN,A1_grid,3,445,71148,-320.0,200,0,0.3965,1.492429
DQN,A1_grid,3,446,71348,-348.0,200,0,0.3948,1.401444
DQN,A1_grid,3,447,71374,-35.0,26,1,0.3946,1.291971
DQN,A1_grid,3,448,71466,-153.0,92,1,0.3938,1.4968
DQN,A1_grid,3,449,71500,-31.0,34,1,0.3935,1.333964
DQN,A1_grid,3,450,71526,-39.0,26,1,0.3933,1.960123
DQN,A1_grid,3,451,71726,-304.0,200,0,0.3916,1.735811
DQN,A1_grid,3,452,71757,-40.0,31,1,0.3913,1.508155
DQN,A1_grid,3,453,71802,-86.0,45,1,0.391,1.302341
DQN,A1_grid,3,454,71994,-297.0,192,1,0.3893,1.674439
DQN,A1_grid,3,455,72194,-264.0,200,0,0.3876,1.907399
DQN,A1_grid,3,456,72394,-264.0,200,0,0.3859,1.835595
DQN,A1_grid,3,457,72536,-243.0,142,1,0.3847,1.90344
DQN,A1_grid,3,458,72622,-107.0,86,1,0.384,2.056507
DQN,A1_grid,3,459,72632,-7.0,10,1,0.3839,2.294866
DQN,A1_grid,3,460,72832,-344.0,200,0,0.3822,1.825957
DQN,A1_grid,3,461,72845,-14.0,13,1,0.3821,1.791617
DQN,A1_grid,3,462,72956,-152.0,111,1,0.3812,1.928136
DQN,A1_grid,3,463,73041,-142.0,85,1,0.3805,2.125866
DQN,A1_grid,3,464,73241,-340.0,200,0,0.3788,2.063859
DQN,A1_grid,3,465,73305,-85.0,64,1,0.3782,2.045083
DQN,A1_grid,3,466,73404,-116.0,99,1,0.3774,2.285572
DQN,A1_grid,3,467,73535,-208.0,131,1,0.3763,1.988537
DQN,A1_grid,3,468,73643,-145.0,108,1,0.3753,2.214576
DQN,A1_grid,3,469,73712,-90.0,69,1,0.3748,2.150283
DQN,A1_grid,3,470,73802,-123.0,90,1,0.374,2.165874
DQN,A1_grid,3,471,73865,-96.0,63,1,0.3735,2.083537
DQN,A1_grid,3,472,73948,-112.0,83,1,0.3728,2.19443
DQN,A1_grid,3,473,73989,-54.0,41,1,0.3724,2.116506
DQN,A1_grid,3,474,74189,-356.0,200,0,0.3707,2.227046
DQN,A1_grid,3,475,74377,-273.0,188,1,0.3691,2.218578
DQN,A1_grid,3,476,74487,-147.0,110,1,0.3682,2.206059
DQN,A1_grid,3,477,74687,-280.0,200,0,0.3665,2.297464
DQN,A1_grid,3,478,74887,-280.0,200,0,0.3648,2.218004
DQN,A1_grid,3,479,75087,-300.0,200,0,0.3631,2.275316
DQN,A1_grid,3,480,75188,-150.0,101,1,0.3622,2.428584
DQN,A1_grid,3,481,75388,-288.0,200,0,0.3605,2.251246
DQN,A1_grid,3,482,75588,-340.0,200,0,0.3589,2.356233
DQN,A1_grid,3,483,75788,-244.0,200,0,0.3572,2.21302
DQN,A1_grid,3,484,75988,-280.0,200,0,0.3555,2.15182
DQN,A1_grid,3,485,76031,-44.0,43,1,0.3551,2.493627
DQN,A1_grid,3,486,76231,-280.0,200,0,0.3534,2.311383
DQN,A1_grid,3,487,76431,-260.0,200,0,0.3517,2.110273
DQN,A1_grid,3,488,76631,-268.0,200,0,0.35,2.139885
DQN,A1_grid,3,489,76831,-252.0,200,0,0.3483,2.267481
DQN,A1_grid,3,490,77031,-260.0,200,0,0.3466,2.099748
DQN,A1_grid,3,491,77079,-57.0,48,1,0.3462,2.300399
DQN,A1_grid,3,492,77279,-264.0,200,0,0.3445,2.130455
DQN,A1_grid,3,493,77479,-256.0,200,0,0.3428,2.087649
DQN,A1_grid,3,494,77679,-276.0,200,0,0.3411,2.172929
DQN,A1_grid,3,495,77879,-264.0,200,0,0.3394,2.043047
DQN,A1_grid,3,496,78033,-191.0,154,1,0.3381,1.949059
DQN,A1_grid,3,497,78233,-264.0,200,0,0.3364,2.080509
DQN,A1_grid,3,498,78299,-87.0,66,1,0.3359,1.859772
DQN,A1_grid,3,499,78499,-284.0,200,0,0.3342,2.05396
DQN,A1_grid,3,500,78699,-256.0,200,0,0.3325,2.018139
DQN,A1_grid,3,501,78899,-264.0,200,0,0.3308,1.826036
DQN,A1_grid,3,502,79099,-292.0,200,0,0.3291,2.021329
DQN,A1_grid,3,503,79107,-1.0,8,1,0.329,1.691107
DQN,A1_grid,3,504,79307,-308.0,200,0,0.3273,1.869905
DQN,A1_grid,3,505,79333,-15.0,26,1,0.3271,1.951203
DQN,A1_grid,3,506,79339,5.0,6,1,0.327,1.358795
DQN,A1_grid,3,507,79539,-300.0,200,0,0.3253,1.867349
DQN,A1_grid,3,508,79554,-4.0,15,1,0.3252,1.955052
DQN,A1_grid,3,509,79754,-256.0,200,0,0.3235,1.827686
DQN,A1_grid,3,510,79954,-280.0,200,0,0.3218,1.801606
DQN,A1_grid,3,511,80074,-153.0,120,1,0.3208,1.667703
DQN,A1_grid,3,512,80274,-560.0,200,0,0.3191,1.67598
DQN,A1_grid,3,513,80474,-508.0,200,0,0.3174,1.617733
DQN,A1_grid,3,514,80493,-20.0,19,1,0.3172,1.70627
DQN,A1_grid,3,515,80505,-13.0,12,1,0.3171,1.704777
DQN,A1_grid,3,516,80705,-264.0,200,0,0.3154,1.67972
DQN,A1_grid,3,517,80717,-9.0,12,1,0.3153,1.613645
DQN,A1_grid,3,518,80752,-60.0,35,1,0.3151,1.502679
DQN,A1_grid,3,519,80952,-352.0,200,0,0.3134,1.489052
DQN,A1_grid,3,520,81152,-324.0,200,0,0.3117,1.66617
DQN,A1_grid,3,521,81261,-130.0,109,1,0.3107,1.495567
DQN,A1_grid,3,522,81461,-328.0,200,0,0.309,1.557589
DQN,A1_grid,3,523,81468,0.0,7,1,0.309,1.199815
DQN,A1_grid,3,524,81668,-300.0,200,0,0.3073,1.625804
DQN,A1_grid,3,525,81699,-36.0,31,1,0.307,1.606383
DQN,A1_grid,3,526,81710,-8.0,11,1,0.3069,1.632299
DQN,A1_grid,3,527,81910,-232.0,200,0,0.3052,1.527307
DQN,A1_grid,3,528,82110,-284.0,200,0,0.3035,1.571946
DQN,A1_grid,3,529,82310,-292.0,200,0,0.3018,1.477166
DQN,A1_grid,3,530,82312,9.0,2,1,0.3018,1.78322
DQN,A1_grid,3,531,82512,-300.0,200,0,0.3001,1.408394
DQN,A1_grid,3,532,82712,-240.0,200,0,0.2984,1.403268
DQN,A1_grid,3,533,82912,-256.0,200,0,0.2967,1.37158
DQN,A1_grid,3,534,83112,-348.0,200,0,0.295,1.359408
DQN,A1_grid,3,535,83114,9.0,2,1,0.295,1.037936
DQN,A1_grid,3,536,83314,-288.0,200,0,0.2933,1.325654
DQN,A1_grid,3,537,83514,-280.0,200,0,0.2916,1.257418
DQN,A1_grid,3,538,83714,-280.0,200,0,0.2899,1.333232
DQN,A1_grid,3,539,83914,-272.0,200,0,0.2882,1.219178
DQN,A1_grid,3,540,84114,-272.0,200,0,0.2865,1.335838
DQN,A1_grid,3,541,84314,-260.0,200,0,0.2848,1.220385
DQN,A1_grid,3,542,84514,-312.0,200,0,0.2831,1.270749
DQN,A1_grid,3,543,84536,-39.0,22,1,0.283,1.363429
DQN,A1_grid,3,544,84736,-292.0,200,0,0.2813,1.324105
DQN,A1_grid,3,545,84772,-105.0,36,1,0.281,1.099121
DQN,A1_grid,3,546,84972,-284.0,200,0,0.2793,1.201665
DQN,A1_grid,3,547,84996,-53.0,24,1,0.2791,1.048901
DQN,A1_grid,3,548,85196,-264.0,200,0,0.2774,1.2373
DQN,A1_grid,3,549,85396,-320.0,200,0,0.2757,1.107129
DQN,A1_grid,3,550,85596,-280.0,200,0,0.274,1.209365
DQN,A1_grid,3,551,85796,-288.0,200,0,0.2723,1.180119
DQN,A1_grid,3,552,85996,-272.0,200,0,0.2706,1.096336
DQN,A1_grid,3,553,86196,-296.0,200,0,0.2689,1.148268
DQN,A1_grid,3,554,86396,-276.0,200,0,0.2672,1.026887
DQN,A1_grid,3,555,86596,-300.0,200,0,0.2655,1.151775
DQN,A1_grid,3,556,86599,8.0,3,1,0.2655,1.080046
DQN,A1_grid,3,557,86799,-288.0,200,0,0.2638,1.033432
DQN,A1_grid,3,558,86999,-272.0,200,0,0.2621,0.988215
DQN,A1_grid,3,559,87199,-252.0,200,0,0.2604,1.126945
DQN,A1_grid,3,560,87205,1.0,6,1,0.2603,1.224531
DQN,A1_grid,3,561,87206,10.0,1,1,0.2603,0.939185
DQN,A1_grid,3,562,87217,0.0,11,1,0.2602,1.372896
DQN,A1_grid,3,563,87417,-296.0,200,0,0.2585,1.023907
DQN,A1_grid,3,564,87617,-252.0,200,0,0.2568,1.093219
DQN,A1_grid,3,565,87627,-3.0,10,1,0.2567,0.87487
DQN,A1_grid,3,566,87827,-228.0,200,0,0.255,1.031195
DQN,A1_grid,3,567,88027,-256.0,200,0,0.2533,0.961279
DQN,A1_grid,3,568,88227,-224.0,200,0,0.2516,0.938877
DQN,A1_grid,3,569,88333,-115.0,106,1,0.2507,0.914577
DQN,A1_grid,3,570,88533,-252.0,200,0,0.2491,0.965376
DQN,A1_grid,3,571,88564,-28.0,31,1,0.2488,1.0319
DQN,A1_grid,3,572,88764,-280.0,200,0,0.2471,1.014451
DQN,A1_grid,3,573,88964,-260.0,200,0,0.2454,0.932743
DQN,A1_grid,3,574,89164,-268.0,200,0,0.2437,0.880567
DQN,A1_grid,3,575,89190,-19.0,26,1,0.2435,1.039413
DQN,A1_grid,3,576,89218,-17.0,28,1,0.2432,0.839545
DQN,A1_grid,3,577,89418,-280.0,200,0,0.2415,0.836621
DQN,A1_grid,3,578,89440,-15.0,22,1,0.2414,0.860408
DQN,A1_grid,3,579,89444,7.0,4,1,0.2413,0.807462
DQN,A1_grid,3,580,89452,3.0,8,1,0.2413,0.901071
DQN,A1_grid,3,581,89468,-5.0,16,1,0.2411,0.763695
DQN,A1_grid,3,582,89474,5.0,6,1,0.2411,0.79796
DQN,A1_grid,3,583,89579,-122.0,105,1,0.2402,0.959961
DQN,A1_grid,3,584,89707,-173.0,128,1,0.2391,0.895163
DQN,A1_grid,3,585,89709,9.0,2,1,0.2391,0.641529
DQN,A1_grid,3,586,89909,-240.0,200,0,0.2374,0.870804
DQN,A1_grid,3,587,90109,-256.0,200,0,0.2357,0.915894
DQN,A1_grid,3,588,90131,-11.0,22,1,0.2355,0.733045
DQN,A1_grid,3,589,90136,6.0,5,1,0.2355,0.912259
DQN,A1_grid,3,590,90155,-12.0,19,1,0.2353,0.88775
DQN,A1_grid,3,591,90355,-256.0,200,0,0.2336,0.799628
DQN,A1_grid,3,592,90555,-252.0,200,0,0.2319,0.829425
DQN,A1_grid,3,593,90567,-5.0,12,1,0.2318,0.948999
DQN,A1_grid,3,594,90591,-21.0,24,1,0.2316,0.822318
DQN,A1_grid,3,595,90640,-58.0,49,1,0.2312,0.834949
DQN,A1_grid,3,596,90645,6.0,5,1,0.2311,0.567534
DQN,A1_grid,3,597,90670,-22.0,25,1,0.2309,0.774886
DQN,A1_grid,3,598,90671,10.0,1,1,0.2309,1.264043
DQN,A1_grid,3,599,90694,-16.0,23,1,0.2307,0.812361
DQN,A1_grid,3,600,90894,-284.0,200,0,0.229,0.792465
DQN,A1_grid,3,601,91055,-202.0,161,1,0.2277,0.795205
DQN,A1_grid,3,602,91082,-24.0,27,1,0.2274,0.728094
DQN,A1_grid,3,603,91116,-51.0,34,1,0.2271,0.759468
DQN,A1_grid,3,604,91187,-84.0,71,1,0.2265,0.785857
DQN,A1_grid,3,605,91201,-3.0,14,1,0.2264,0.5803
DQN,A1_grid,3,606,91215,-11.0,14,1,0.2263,0.53659
DQN,A1_grid,3,607,91234,-12.0,19,1,0.2261,0.723415
DQN,A1_grid,3,608,91434,-296.0,200,0,0.2244,0.746112
DQN,A1_grid,3,609,91438,7.0,4,1,0.2244,0.56279
DQN,A1_grid,3,610,91449,-4.0,11,1,0.2243,0.662947
DQN,A1_grid,3,611,91475,-23.0,26,1,0.2241,0.698356
DQN,A1_grid,3,612,91499,-17.0,24,1,0.2239,0.69002
DQN,A1_grid,3,613,91610,-120.0,111,1,0.223,0.885889
DQN,A1_grid,3,614,91749,-172.0,139,1,0.2218,0.767606
DQN,A1_grid,3,615,91761,-5.0,12,1,0.2217,0.73186
DQN,A1_grid,3,616,91794,-22.0,33,1,0.2214,0.652993
DQN,A1_grid,3,617,91839,-38.0,45,1,0.221,0.734335
DQN,A1_grid,3,618,91868,-26.0,29,1,0.2208,0.699629
DQN,A1_grid,3,619,91889,-26.0,21,1,0.2206,0.668733
DQN,A1_grid,3,620,91933,-45.0,44,1,0.2202,0.684945
DQN,A1_grid,3,621,91988,-60.0,55,1,0.2197,0.705059
DQN,A1_grid,3,622,92039,-60.0,51,1,0.2193,0.809182
DQN,A1_grid,3,623,92045,5.0,6,1,0.2193,0.593776
DQN,A1_grid,3,624,92071,-19.0,26,1,0.219,0.673352
DQN,A1_grid,3,625,92088,-10.0,17,1,0.2189,0.710087
DQN,A1_grid,3,626,92107,-16.0,19,1,0.2187,0.679223
DQN,A1_grid,3,627,92117,1.0,10,1,0.2187,0.851052
DQN,A1_grid,3,628,92128,-8.0,11,1,0.2186,0.633034
DQN,A1_grid,3,629,92141,-2.0,13,1,0.2184,0.734593
DQN,A1_grid,3,630,92154,-2.0,13,1,0.2183,0.578285
DQN,A1_grid,3,631,92159,6.0,5,1,0.2183,0.623002
DQN,A1_grid,3,632,92168,2.0,9,1,0.2182,0.666718
DQN,A1_grid,3,633,92173,2.0,5,1,0.2182,0.526974
DQN,A1_grid,3,634,92200,-24.0,27,1,0.2179,0.732978
DQN,A1_grid,3,635,92218,-11.0,18,1,0.2178,0.665109
DQN,A1_grid,3,636,92228,1.0,10,1,0.2177,0.69517
DQN,A1_grid,3,637,92233,2.0,5,1,0.2177,0.576405
DQN,A1_grid,3,638,92320,-104.0,87,1,0.2169,0.703067
DQN,A1_grid,3,639,92329,-2.0,9,1,0.2169,0.657234
DQN,A1_grid,3,640,92348,-8.0,19,1,0.2167,0.681738
DQN,A1_grid,3,641,92375,-20.0,27,1,0.2165,0.609123
DQN,A1_grid,3,642,92385,-3.0,10,1,0.2164,0.731553
DQN,A1_grid,3,643,92405,-25.0,20,1,0.2162,0.744405
DQN,A1_grid,3,644,92436,-28.0,31,1,0.2159,0.754611
DQN,A1_grid,3,645,92458,-19.0,22,1,0.2158,0.807992
DQN,A1_grid,3,646,92486,-37.0,28,1,0.2155,0.724418
DQN,A1_grid,3,647,92510,-33.0,24,1,0.2153,0.799539
DQN,A1_grid,3,648,92537,-20.0,27,1,0.2151,0.820136
DQN,A1_grid,3,649,92563,-27.0,26,1,0.2149,0.709455
DQN,A1_grid,3,650,92579,-9.0,16,1,0.2147,0.71517
DQN,A1_grid,3,651,92600,-14.0,21,1,0.2146,0.701994
DQN,A1_grid,3,652,92737,-158.0,137,1,0.2134,0.698852
DQN,A1_grid,3,653,92775,-47.0,38,1,0.2131,0.672766
DQN,A1_grid,3,654,92900,-178.0,125,1,0.212,0.676879
DQN,A1_grid,3,655,92901,10.0,1,1,0.212,0.535333
DQN,A1_grid,3,656,92926,-22.0,25,1,0.2118,0.763057
DQN,A1_grid,3,657,92938,-1.0,12,1,0.2117,0.620878
DQN,A1_grid,3,658,92951,-6.0,13,1,0.2116,0.672935
DQN,A1_grid,3,659,92975,-17.0,24,1,0.2114,0.594918
DQN,A1_grid,3,660,92979,7.0,4,1,0.2113,0.681081
DQN,A1_grid,3,661,92999,-9.0,20,1,0.2112,0.52707
DQN,A1_grid,3,662,93006,-4.0,7,1,0.2111,1.070854
DQN,A1_grid,3,663,93026,-17.0,20,1,0.2109,0.877528
DQN,A1_grid,3,664,93118,-101.0,92,1,0.2102,0.674782
DQN,A1_grid,3,665,93124,5.0,6,1,0.2101,0.610277
DQN,A1_grid,3,666,93157,-34.0,33,1,0.2098,0.614187
DQN,A1_grid,3,667,93190,-82.0,33,1,0.2095,0.730941
DQN,A1_grid,3,668,93247,-62.0,57,1,0.2091,0.6017
DQN,A1_grid,3,669,93260,-2.0,13,1,0.209,0.607597
DQN,A1_grid,3,670,93312,-133.0,52,1,0.2085,0.733709
DQN,A1_grid,3,671,93347,-40.0,35,1,0.2082,0.61348
DQN,A1_grid,3,672,93464,-130.0,117,1,0.2072,0.605631
DQN,A1_grid,3,673,93489,-18.0,25,1,0.207,0.496822
DQN,A1_grid,3,674,93541,-53.0,52,1,0.2066,0.789164
DQN,A1_grid,3,675,93550,2.0,9,1,0.2065,0.771549
DQN,A1_grid,3,676,93564,-11.0,14,1,0.2064,0.712211
DQN,A1_grid,3,677,93676,-121.0,112,1,0.2054,0.682513
DQN,A1_grid,3,678,93692,-9.0,16,1,0.2053,0.675429
DQN,A1_grid,3,679,93697,6.0,5,1,0.2052,0.639075
DQN,A1_grid,3,680,93722,-22.0,25,1,0.205,0.640319
DQN,A1_grid,3,681,93750,-25.0,28,1,0.2048,0.561759
DQN,A1_grid,3,682,93778,-25.0,28,1,0.2046,0.590232
DQN,A1_grid,3,683,93810,-25.0,32,1,0.2043,0.6436
DQN,A1_grid,3,684,93849,-36.0,39,1,0.204,0.646804
DQN,A1_grid,3,685,93868,-12.0,19,1,0.2038,0.669777
DQN,A1_grid,3,686,93907,-44.0,39,1,0.2035,0.622172
DQN,A1_grid,3,687,93934,-28.0,27,1,0.2032,0.550469
DQN,A1_grid,3,688,93969,-32.0,35,1,0.2029,0.629671
DQN,A1_grid,3,689,94019,-59.0,50,1,0.2025,0.74755
DQN,A1_grid,3,690,94055,-33.0,36,1,0.2022,0.818666
DQN,A1_grid,3,691,94090,-32.0,35,1,0.2019,0.734159
DQN,A1_grid,3,692,94252,-187.0,162,1,0.2005,0.671328
DQN,A1_grid,3,693,94318,-83.0,66,1,0.2,0.604712
DQN,A1_grid,3,694,94427,-122.0,109,1,0.1991,0.612117
DQN,A1_grid,3,695,94496,-62.0,69,1,0.1985,0.568361
DQN,A1_grid,3,696,94539,-48.0,43,1,0.1981,0.861387
DQN,A1_grid,3,697,94563,-17.0,24,1,0.1979,0.735683
DQN,A1_grid,3,698,94588,-14.0,25,1,0.1977,0.697851
DQN,A1_grid,3,699,94613,-26.0,25,1,0.1975,0.67343
DQN,A1_grid,3,700,94620,4.0,7,1,0.1974,0.607954
DQN,A1_grid,3,701,94630,1.0,10,1,0.1973,0.642656
DQN,A1_grid,3,702,94652,-23.0,22,1,0.1971,0.605607
DQN,A1_grid,3,703,94685,-22.0,33,1,0.1969,0.640316
DQN,A1_grid,3,704,94698,-2.0,13,1,0.1968,0.704973
DQN,A1_grid,3,705,94715,-6.0,17,1,0.1966,0.605724
DQN,A1_grid,3,706,94757,-43.0,42,1,0.1963,0.582879
DQN,A1_grid,3,707,94761,7.0,4,1,0.1962,0.677461
DQN,A1_grid,3,708,94815,-59.0,54,1,0.1958,0.536673
DQN,A1_grid,3,709,94842,-20.0,27,1,0.1955,0.578142
DQN,A1_grid,3,710,94845,8.0,3,1,0.1955,0.629545
DQN,A1_grid,3,711,94867,-15.0,22,1,0.1953,0.564474
DQN,A1_grid,3,712,94901,-23.0,34,1,0.195,0.499421
DQN,A1_grid,3,713,94927,-27.0,26,1,0.1948,0.572405
DQN,A1_grid,3,714,94950,-12.0,23,1,0.1946,0.621063
DQN,A1_grid,3,715,94954,7.0,4,1,0.1946,0.419539
DQN,A1_grid,3,716,94955,10.0,1,1,0.1946,0.494784
DQN,A1_grid,3,717,94989,-35.0,34,1,0.1943,0.53538
DQN,A1_grid,3,718,94994,6.0,5,1,0.1942,0.650592
DQN,A1_grid,3,719,95025,-20.0,31,1,0.194,0.836917
DQN,A1_grid,3,720,95054,-22.0,29,1,0.1937,0.729883
DQN,A1_grid,3,721,95060,5.0,6,1,0.1937,0.682929
DQN,A1_grid,3,722,95073,-2.0,13,1,0.1936,0.640107
DQN,A1_grid,3,723,95111,-91.0,38,1,0.1933,0.641236
DQN,A1_grid,3,724,95127,-9.0,16,1,0.1931,0.642915
DQN,A1_grid,3,725,95144,-10.0,17,1,0.193,0.595988
DQN,A1_grid,3,726,95151,4.0,7,1,0.1929,0.535572
DQN,A1_grid,3,727,95185,-71.0,34,1,0.1926,0.600806
DQN,A1_grid,3,728,95220,-48.0,35,1,0.1923,0.627846
DQN,A1_grid,3,729,95234,-7.0,14,1,0.1922,0.526013
DQN,A1_grid,3,730,95264,-23.0,30,1,0.192,0.595085
DQN,A1_grid,3,731,95381,-130.0,117,1,0.191,0.554114
DQN,A1_grid,3,732,95414,-46.0,33,1,0.1907,0.519021
DQN,A1_grid,3,733,95441,-52.0,27,1,0.1905,0.52929
DQN,A1_grid,3,734,95496,-52.0,55,1,0.19,0.584395
DQN,A1_grid,3,735,95531,-36.0,35,1,0.1897,0.883767
DQN,A1_grid,3,736,95558,-28.0,27,1,0.1895,0.681586
DQN,A1_grid,3,737,95570,-1.0,12,1,0.1894,0.639566
DQN,A1_grid,3,738,95599,-30.0,29,1,0.1891,0.645496
DQN,A1_grid,3,739,95631,-41.0,32,1,0.1888,0.546163
DQN,A1_grid,3,740,95634,8.0,3,1,0.1888,0.636463
DQN,A1_grid,3,741,95644,1.0,10,1,0.1887,0.651028
DQN,A1_grid,3,742,95671,-16.0,27,1,0.1885,0.637829
DQN,A1_grid,3,743,95678,4.0,7,1,0.1884,0.536572
DQN,A1_grid,3,744,95686,3.0,8,1,0.1884,0.694122
DQN,A1_grid,3,745,95706,-17.0,20,1,0.1882,0.539923
DQN,A1_grid,3,746,95734,-25.0,28,1,0.188,0.538191
DQN,A1_grid,3,747,95760,-19.0,26,1,0.1878,0.563152
DQN,A1_grid,3,748,95794,-31.0,34,1,0.1875,0.537365
DQN,A1_grid,3,749,95809,-4.0,15,1,0.1873,0.61682
DQN,A1_grid,3,750,95853,-57.0,44,1,0.187,0.485631
DQN,A1_grid,3,751,95855,9.0,2,1,0.1869,0.644897
DQN,A1_grid,3,752,95876,-14.0,21,1,0.1868,0.583311
DQN,A1_grid,3,753,95881,6.0,5,1,0.1867,0.506593
DQN,A1_grid,3,754,95917,-37.0,36,1,0.1864,0.609114
DQN,A1_grid,3,755,95927,1.0,10,1,0.1863,0.537568
DQN,A1_grid,3,756,95960,-30.0,33,1,0.1861,0.506395
DQN,A1_grid,3,757,95972,-5.0,12,1,0.186,0.566012
DQN,A1_grid,3,758,95982,1.0,10,1,0.1859,0.523568
DQN,A1_grid,3,759,96033,-44.0,51,1,0.1854,0.739676
DQN,A1_grid,3,760,96050,-10.0,17,1,0.1853,0.677786
DQN,A1_grid,3,761,96064,-11.0,14,1,0.1852,0.702138
DQN,A1_grid,3,762,96098,-27.0,34,1,0.1849,0.631975
DQN,A1_grid,3,763,96125,-24.0,27,1,0.1847,0.635227
DQN,A1_grid,3,764,96157,-21.0,32,1,0.1844,0.55529
DQN,A1_grid,3,765,96166,2.0,9,1,0.1843,0.567609
DQN,A1_grid,3,766,96175,2.0,9,1,0.1842,0.485797
DQN,A1_grid,3,767,96209,-27.0,34,1,0.1839,0.540263
DQN,A1_grid,3,768,96215,1.0,6,1,0.1839,0.580212
DQN,A1_grid,3,769,96253,-35.0,38,1,0.1836,0.544401
DQN,A1_grid,3,770,96290,-26.0,37,1,0.1833,0.603986
DQN,A1_grid,3,771,96315,-18.0,25,1,0.183,0.590022
DQN,A1_grid,3,772,96397,-99.0,82,1,0.1823,0.520598
DQN,A1_grid,3,773,96424,-16.0,27,1,0.1821,0.593749
DQN,A1_grid,3,774,96439,-16.0,15,1,0.182,0.529713
DQN,A1_grid,3,775,96451,-5.0,12,1,0.1819,0.660377
DQN,A1_grid,3,776,96463,-5.0,12,1,0.1818,0.58011
DQN,A1_grid,3,777,96472,-6.0,9,1,0.1817,0.482905
DQN,A1_grid,3,778,96496,-13.0,24,1,0.1815,0.524096
DQN,A1_grid,3,779,96502,5.0,6,1,0.1815,0.777053
DQN,A1_grid,3,780,96538,-37.0,36,1,0.1812,0.729163
DQN,A1_grid,3,781,96547,2.0,9,1,0.1811,0.695105
DQN,A1_grid,3,782,96576,-22.0,29,1,0.1808,0.573753
DQN,A1_grid,3,783,96605,-26.0,29,1,0.1806,0.592973
DQN,A1_grid,3,784,96635,-35.0,30,1,0.1803,0.58426
DQN,A1_grid,3,785,96648,-2.0,13,1,0.1802,0.572793
DQN,A1_grid,3,786,96679,-24.0,31,1,0.18,0.549335
DQN,A1_grid,3,787,96715,-33.0,36,1,0.1796,0.528288
DQN,A1_grid,3,788,96759,-45.0,44,1,0.1793,0.538151
DQN,A1_grid,3,789,96784,-22.0,25,1,0.1791,0.576201
DQN,A1_grid,3,790,96826,-47.0,42,1,0.1787,0.486839
DQN,A1_grid,3,791,96840,-3.0,14,1,0.1786,0.585431
DQN,A1_grid,3,792,96842,9.0,2,1,0.1786,0.456128
DQN,A1_grid,3,793,96869,-16.0,27,1,0.1783,0.505089
DQN,A1_grid,3,794,96882,-2.0,13,1,0.1782,0.47038
DQN,A1_grid,3,795,96917,-28.0,35,1,0.1779,0.518843
DQN,A1_grid,3,796,96940,-24.0,23,1,0.1777,0.442364
DQN,A1_grid,3,797,96962,-59.0,22,1,0.1776,0.459735
DQN,A1_grid,3,798,96990,-33.0,28,1,0.1773,0.574126
DQN,A1_grid,3,799,97019,-30.0,29,1,0.1771,0.708529
DQN,A1_grid,3,800,97048,-26.0,29,1,0.1768,0.578677
DuelingDQN,A1_grid,3,1,200,-512.0,200,0,0.9983,
DuelingDQN,A1_grid,3,2,400,-552.0,200,0,0.9966,
DuelingDQN,A1_grid,3,3,600,-448.0,200,0,0.9949,
DuelingDQN,A1_grid,3,4,800,-452.0,200,0,0.9932,
DuelingDQN,A1_grid,3,5,1000,-464.0,200,0,0.9915,1.963227
DuelingDQN,A1_grid,3,6,1200,-516.0,200,0,0.9898,0.345108
DuelingDQN,A1_grid,3,7,1400,-600.0,200,0,0.9881,0.002831
DuelingDQN,A1_grid,3,8,1600,-532.0,200,0,0.9864,0.021642
DuelingDQN,A1_grid,3,9,1800,-444.0,200,0,0.9847,0.000681
DuelingDQN,A1_grid,3,10,1858,-119.0,58,1,0.9842,0.000919
DuelingDQN,A1_grid,3,11,2058,-400.0,200,0,0.9826,0.025101
DuelingDQN,A1_grid,3,12,2258,-340.0,200,0,0.9809,0.01199
DuelingDQN,A1_grid,3,13,2458,-576.0,200,0,0.9792,0.010207
DuelingDQN,A1_grid,3,14,2658,-444.0,200,0,0.9775,0.026265
DuelingDQN,A1_grid,3,15,2858,-464.0,200,0,0.9758,0.008447
DuelingDQN,A1_grid,3,16,3058,-444.0,200,0,0.9741,0.02084
DuelingDQN,A1_grid,3,17,3258,-516.0,200,0,0.9724,0.006415
DuelingDQN,A1_grid,3,18,3411,-330.0,153,1,0.9711,0.006882
DuelingDQN,A1_grid,3,19,3611,-392.0,200,0,0.9694,0.029846
DuelingDQN,A1_grid,3,20,3811,-476.0,200,0,0.9677,0.008538
DuelingDQN,A1_grid,3,21,4011,-456.0,200,0,0.966,0.01876
DuelingDQN,A1_grid,3,22,4211,-476.0,200,0,0.9643,0.019278
DuelingDQN,A1_grid,3,23,4411,-556.0,200,0,0.9626,0.008525
DuelingDQN,A1_grid,3,24,4430,-36.0,19,1,0.9624,0.023936
DuelingDQN,A1_grid,3,25,4443,-10.0,13,1,0.9623,0.001427
DuelingDQN,A1_grid,3,26,4577,-247.0,134,1,0.9612,0.045062
DuelingDQN,A1_grid,3,27,4777,-412.0,200,0,0.9595,0.014266
DuelingDQN,A1_grid,3,28,4977,-372.0,200,0,0.9578,0.009442
DuelingDQN,A1_grid,3,29,5177,-444.0,200,0,0.9561,0.050778
DuelingDQN,A1_grid,3,30,5377,-580.0,200,0,0.9544,0.015366
DuelingDQN,A1_grid,3,31,5577,-528.0,200,0,0.9527,0.040674
DuelingDQN,A1_grid,3,32,5717,-329.0,140,1,0.9515,0.025169
DuelingDQN,A1_grid,3,33,5912,-408.0,195,1,0.9499,0.01603
DuelingDQN,A1_grid,3,34,6112,-344.0,200,0,0.9482,0.076417
DuelingDQN,A1_grid,3,35,6312,-440.0,200,0,0.9465,0.051356
DuelingDQN,A1_grid,3,36,6512,-416.0,200,0,0.9448,0.045012
DuelingDQN,A1_grid,3,37,6631,-212.0,119,1,0.9438,0.125268
DuelingDQN,A1_grid,3,38,6831,-444.0,200,0,0.9421,0.067195
DuelingDQN,A1_grid,3,39,7031,-440.0,200,0,0.9404,0.106583
DuelingDQN,A1_grid,3,40,7231,-404.0,200,0,0.9387,0.208911
DuelingDQN,A1_grid,3,41,7431,-424.0,200,0,0.937,0.096338
DuelingDQN,A1_grid,3,42,7480,-94.0,49,1,0.9366,0.05727
DuelingDQN,A1_grid,3,43,7680,-432.0,200,0,0.9349,0.224283
DuelingDQN,A1_grid,3,44,7880,-472.0,200,0,0.9332,0.105867
DuelingDQN,A1_grid,3,45,7933,-98.0,53,1,0.9327,0.065273
DuelingDQN,A1_grid,3,46,8133,-492.0,200,0,0.931,0.182937
DuelingDQN,A1_grid,3,47,8333,-444.0,200,0,0.9293,0.057749
DuelingDQN,A1_grid,3,48,8533,-356.0,200,0,0.9276,0.087266
DuelingDQN,A1_grid,3,49,8669,-265.0,136,1,0.9265,0.129056
DuelingDQN,A1_grid,3,50,8869,-464.0,200,0,0.9248,0.045107
DuelingDQN,A1_grid,3,51,9010,-294.0,141,1,0.9236,0.053425
DuelingDQN,A1_grid,3,52,9210,-452.0,200,0,0.9219,0.146924
DuelingDQN,A1_grid,3,53,9410,-480.0,200,0,0.9202,0.012997
DuelingDQN,A1_grid,3,54,9610,-484.0,200,0,0.9185,0.17054
DuelingDQN,A1_grid,3,55,9788,-339.0,178,1,0.917,0.073577
DuelingDQN,A1_grid,3,56,9823,-76.0,35,1,0.9167,0.025148
DuelingDQN,A1_grid,3,57,10023,-460.0,200,0,0.915,0.098496
DuelingDQN,A1_grid,3,58,10223,-400.0,200,0,0.9133,0.199936
DuelingDQN,A1_grid,3,59,10378,-300.0,155,1,0.912,0.035056
DuelingDQN,A1_grid,3,60,10391,-22.0,13,1,0.9119,0.017802
DuelingDQN,A1_grid,3,61,10591,-376.0,200,0,0.9102,0.179285
DuelingDQN,A1_grid,3,62,10791,-488.0,200,0,0.9085,0.116554
DuelingDQN,A1_grid,3,63,10811,-33.0,20,1,0.9083,0.065265
DuelingDQN,A1_grid,3,64,11011,-360.0,200,0,0.9066,0.063895
DuelingDQN,A1_grid,3,65,11211,-456.0,200,0,0.9049,0.246011
DuelingDQN,A1_grid,3,66,11344,-214.0,133,1,0.9038,0.061658
DuelingDQN,A1_grid,3,67,11544,-396.0,200,0,0.9021,0.163913
DuelingDQN,A1_grid,3,68,11692,-289.0,148,1,0.9008,0.214526
DuelingDQN,A1_grid,3,69,11719,-40.0,27,1,0.9006,0.108346
DuelingDQN,A1_grid,3,70,11919,-496.0,200,0,0.8989,0.038359
DuelingDQN,A1_grid,3,71,12119,-484.0,200,0,0.8972,0.233305
DuelingDQN,A1_grid,3,72,12127,-9.0,8,1,0.8971,0.212559
DuelingDQN,A1_grid,3,73,12327,-420.0,200,0,0.8954,0.083727
DuelingDQN,A1_grid,3,74,12527,-444.0,200,0,0.8938,0.091694
DuelingDQN,A1_grid,3,75,12727,-528.0,200,0,0.8921,0.147578
DuelingDQN,A1_grid,3,76,12927,-568.0,200,0,0.8904,0.009135
DuelingDQN,A1_grid,3,77,13127,-360.0,200,0,0.8887,0.184448
DuelingDQN,A1_grid,3,78,13267,-313.0,140,1,0.8875,0.050933
DuelingDQN,A1_grid,3,79,13431,-309.0,164,1,0.8861,0.013097
DuelingDQN,A1_grid,3,80,13631,-396.0,200,0,0.8844,0.226221
DuelingDQN,A1_grid,3,81,13767,-297.0,136,1,0.8832,0.10121
DuelingDQN,A1_grid,3,82,13967,-408.0,200,0,0.8815,0.030439
DuelingDQN,A1_grid,3,83,14036,-122.0,69,1,0.881,0.282407
DuelingDQN,A1_grid,3,84,14107,-168.0,71,1,0.8804,0.284968
DuelingDQN,A1_grid,3,85,14174,-160.0,67,1,0.8798,0.156577
DuelingDQN,A1_grid,3,86,14275,-198.0,101,1,0.8789,0.084902
DuelingDQN,A1_grid,3,87,14475,-384.0,200,0,0.8772,0.037521
DuelingDQN,A1_grid,3,88,14675,-528.0,200,0,0.8755,0.24423
DuelingDQN,A1_grid,3,89,14792,-250.0,117,1,0.8745,0.1034
DuelingDQN,A1_grid,3,90,14969,-318.0,177,1,0.873,0.038702
DuelingDQN,A1_grid,3,91,15079,-207.0,110,1,0.8721,0.25003
DuelingDQN,A1_grid,3,92,15094,-20.0,15,1,0.872,0.194007
DuelingDQN,A1_grid,3,93,15294,-468.0,200,0,0.8703,0.078066
DuelingDQN,A1_grid,3,94,15377,-152.0,83,1,0.8696,0.033818
DuelingDQN,A1_grid,3,95,15550,-298.0,173,1,0.8681,0.136235
DuelingDQN,A1_grid,3,96,15672,-219.0,122,1,0.8671,0.190096
DuelingDQN,A1_grid,3,97,15872,-396.0,200,0,0.8654,0.046185
DuelingDQN,A1_grid,3,98,15894,-27.0,22,1,0.8652,0.021285
DuelingDQN,A1_grid,3,99,16094,-460.0,200,0,0.8635,0.16502
DuelingDQN,A1_grid,3,100,16294,-416.0,200,0,0.8618,0.074919
DuelingDQN,A1_grid,3,101,16494,-396.0,200,0,0.8601,0.009964
DuelingDQN,A1_grid,3,102,16694,-380.0,200,0,0.8584,0.208363
DuelingDQN,A1_grid,3,103,16857,-336.0,163,1,0.857,0.030017
DuelingDQN,A1_grid,3,104,16988,-240.0,131,1,0.8559,0.009778
DuelingDQN,A1_grid,3,105,17040,-73.0,52,1,0.8555,0.329662
DuelingDQN,A1_grid,3,106,17240,-432.0,200,0,0.8538,0.124951
DuelingDQN,A1_grid,3,107,17282,-87.0,42,1,0.8534,0.029499
DuelingDQN,A1_grid,3,108,17473,-368.0,191,1,0.8518,0.018853
DuelingDQN,A1_grid,3,109,17673,-372.0,200,0,0.8501,0.135481
DuelingDQN,A1_grid,3,110,17748,-152.0,75,1,0.8495,0.028789
DuelingDQN,A1_grid,3,111,17948,-400.0,200,0,0.8478,0.009949
DuelingDQN,A1_grid,3,112,18148,-432.0,200,0,0.8461,0.106728
DuelingDQN,A1_grid,3,113,18224,-153.0,76,1,0.8454,0.0476
DuelingDQN,A1_grid,3,114,18421,-406.0,197,1,0.8438,0.018533
DuelingDQN,A1_grid,3,115,18608,-368.0,187,1,0.8422,0.084355
DuelingDQN,A1_grid,3,116,18757,-314.0,149,1,0.8409,0.019839
DuelingDQN,A1_grid,3,117,18957,-404.0,200,0,0.8392,0.003509
DuelingDQN,A1_grid,3,118,19034,-170.0,77,1,0.8386,0.061578
DuelingDQN,A1_grid,3,119,19144,-235.0,110,1,0.8376,0.054968
DuelingDQN,A1_grid,3,120,19344,-448.0,200,0,0.8359,0.009315
DuelingDQN,A1_grid,3,121,19425,-162.0,81,1,0.8352,0.002
DuelingDQN,A1_grid,3,122,19478,-102.0,53,1,0.8348,0.001488
DuelingDQN,A1_grid,3,123,19557,-140.0,79,1,0.8341,0.052267
DuelingDQN,A1_grid,3,124,19757,-456.0,200,0,0.8324,0.015461
DuelingDQN,A1_grid,3,125,19830,-114.0,73,1,0.8318,0.001675
DuelingDQN,A1_grid,3,126,19988,-363.0,158,1,0.8305,0.000761
DuelingDQN,A1_grid,3,127,20068,-149.0,80,1,0.8298,0.029192
DuelingDQN,A1_grid,3,128,20247,-380.0,179,1,0.8283,0.006635
DuelingDQN,A1_grid,3,129,20281,-51.0,34,1,0.828,0.001901
DuelingDQN,A1_grid,3,130,20343,-107.0,62,1,0.8275,0.000873
DuelingDQN,A1_grid,3,131,20463,-213.0,120,1,0.8264,0.000718
DuelingDQN,A1_grid,3,132,20579,-181.0,116,1,0.8255,0.029279
DuelingDQN,A1_grid,3,133,20715,-245.0,136,1,0.8243,0.010272
DuelingDQN,A1_grid,3,134,20766,-68.0,51,1,0.8239,0.002635
DuelingDQN,A1_grid,3,135,20966,-480.0,200,0,0.8222,0.000724
DuelingDQN,A1_grid,3,136,21014,-89.0,48,1,0.8218,0.017228
DuelingDQN,A1_grid,3,137,21214,-456.0,200,0,0.8201,0.025664
DuelingDQN,A1_grid,3,138,21261,-116.0,47,1,0.8197,0.003578
DuelingDQN,A1_grid,3,139,21361,-185.0,100,1,0.8188,0.001883
DuelingDQN,A1_grid,3,140,21561,-432.0,200,0,0.8171,0.016349
DuelingDQN,A1_grid,3,141,21696,-256.0,135,1,0.816,0.024227
DuelingDQN,A1_grid,3,142,21748,-85.0,52,1,0.8155,0.003004
DuelingDQN,A1_grid,3,143,21769,-34.0,21,1,0.8154,0.001539
DuelingDQN,A1_grid,3,144,21804,-52.0,35,1,0.8151,0.001812
DuelingDQN,A1_grid,3,145,21865,-138.0,61,1,0.8145,0.001073
DuelingDQN,A1_grid,3,146,21938,-142.0,73,1,0.8139,0.000729
DuelingDQN,A1_grid,3,147,21954,-17.0,16,1,0.8138,0.000674
DuelingDQN,A1_grid,3,148,22009,-100.0,55,1,0.8133,0.009298
DuelingDQN,A1_grid,3,149,22077,-121.0,68,1,0.8127,0.03947
DuelingDQN,A1_grid,3,150,22152,-132.0,75,1,0.8121,0.01316
DuelingDQN,A1_grid,3,151,22208,-85.0,56,1,0.8116,0.005897
DuelingDQN,A1_grid,3,152,22266,-83.0,58,1,0.8111,0.004324
DuelingDQN,A1_grid,3,153,22368,-187.0,102,1,0.8103,0.003698
DuelingDQN,A1_grid,3,154,22534,-319.0,166,1,0.8089,0.013322
DuelingDQN,A1_grid,3,155,22586,-69.0,52,1,0.8084,0.07882
DuelingDQN,A1_grid,3,156,22643,-102.0,57,1,0.8079,0.065504
DuelingDQN,A1_grid,3,157,22672,-38.0,29,1,0.8077,0.015957
DuelingDQN,A1_grid,3,158,22799,-224.0,127,1,0.8066,0.003549
DuelingDQN,A1_grid,3,159,22962,-292.0,163,1,0.8052,0.000569
DuelingDQN,A1_grid,3,160,23138,-365.0,176,1,0.8037,0.017227
DuelingDQN,A1_grid,3,161,23241,-192.0,103,1,0.8029,0.007439
DuelingDQN,A1_grid,3,162,23402,-298.0,161,1,0.8015,0.00147
DuelingDQN,A1_grid,3,163,23540,-291.0,138,1,0.8003,0.009411
DuelingDQN,A1_grid,3,164,23602,-111.0,62,1,0.7998,0.024146
DuelingDQN,A1_grid,3,165,23607,2.0,5,1,0.7998,0.022867
DuelingDQN,A1_grid,3,166,23711,-229.0,104,1,0.7989,0.006837
DuelingDQN,A1_grid,3,167,23911,-356.0,200,0,0.7972,0.00264
DuelingDQN,A1_grid,3,168,23982,-120.0,71,1,0.7966,0.002287
DuelingDQN,A1_grid,3,169,24066,-161.0,84,1,0.7959,0.030132
DuelingDQN,A1_grid,3,170,24086,-21.0,20,1,0.7957,0.040628
DuelingDQN,A1_grid,3,171,24144,-95.0,58,1,0.7952,0.019594
DuelingDQN,A1_grid,3,172,24181,-78.0,37,1,0.7949,0.015491
DuelingDQN,A1_grid,3,173,24249,-113.0,68,1,0.7943,0.011498
DuelingDQN,A1_grid,3,174,24313,-117.0,64,1,0.7938,0.003833
DuelingDQN,A1_grid,3,175,24435,-271.0,122,1,0.7927,0.001277
DuelingDQN,A1_grid,3,176,24490,-92.0,55,1,0.7923,0.000794
DuelingDQN,A1_grid,3,177,24567,-178.0,77,1,0.7916,0.035081
DuelingDQN,A1_grid,3,178,24767,-392.0,200,0,0.7899,0.015146
DuelingDQN,A1_grid,3,179,24908,-290.0,141,1,0.7887,0.002245
DuelingDQN,A1_grid,3,180,25020,-205.0,112,1,0.7878,0.007541
DuelingDQN,A1_grid,3,181,25139,-228.0,119,1,0.7868,0.023708
DuelingDQN,A1_grid,3,182,25231,-181.0,92,1,0.786,0.015497
DuelingDQN,A1_grid,3,183,25232,10.0,1,1,0.786,0.018214
DuelingDQN,A1_grid,3,184,25357,-250.0,125,1,0.7849,0.007328
DuelingDQN,A1_grid,3,185,25530,-302.0,173,1,0.7835,0.007666
DuelingDQN,A1_grid,3,186,25651,-222.0,121,1,0.7824,0.020996
DuelingDQN,A1_grid,3,187,25679,-41.0,28,1,0.7822,0.009448
DuelingDQN,A1_grid,3,188,25837,-275.0,158,1,0.7809,0.003553
DuelingDQN,A1_grid,3,189,26000,-348.0,163,1,0.7795,0.001152
DuelingDQN,A1_grid,3,190,26165,-390.0,165,1,0.7781,0.0188
DuelingDQN,A1_grid,3,191,26300,-276.0,135,1,0.7769,0.003
DuelingDQN,A1_grid,3,192,26399,-180.0,99,1,0.7761,0.001073
DuelingDQN,A1_grid,3,193,26505,-171.0,106,1,0.7752,0.003106
DuelingDQN,A1_grid,3,194,26585,-117.0,80,1,0.7745,0.042468
DuelingDQN,A1_grid,3,195,26630,-102.0,45,1,0.7741,0.018789
DuelingDQN,A1_grid,3,196,26735,-190.0,105,1,0.7732,0.010304
DuelingDQN,A1_grid,3,197,26867,-229.0,132,1,0.7721,0.00357
DuelingDQN,A1_grid,3,198,26943,-145.0,76,1,0.7715,0.002252
DuelingDQN,A1_grid,3,199,27035,-197.0,92,1,0.7707,0.016453
DuelingDQN,A1_grid,3,200,27220,-338.0,185,1,0.7691,0.02303
DuelingDQN,A1_grid,3,201,27254,-43.0,34,1,0.7688,0.003697
DuelingDQN,A1_grid,3,202,27454,-372.0,200,0,0.7671,0.001613
DuelingDQN,A1_grid,3,203,27518,-149.0,64,1,0.7666,0.008083
DuelingDQN,A1_grid,3,204,27629,-200.0,111,1,0.7657,0.024915
DuelingDQN,A1_grid,3,205,27685,-113.0,56,1,0.7652,0.008452
DuelingDQN,A1_grid,3,206,27699,-27.0,14,1,0.7651,0.005734
DuelingDQN,A1_grid,3,207,27858,-328.0,159,1,0.7637,0.003431
DuelingDQN,A1_grid,3,208,27985,-248.0,127,1,0.7626,0.000706
DuelingDQN,A1_grid,3,209,28043,-119.0,58,1,0.7621,0.014711
DuelingDQN,A1_grid,3,210,28073,-31.0,30,1,0.7619,0.017542
DuelingDQN,A1_grid,3,211,28129,-113.0,56,1,0.7614,0.01361
DuelingDQN,A1_grid,3,212,28178,-94.0,49,1,0.761,0.008373
DuelingDQN,A1_grid,3,213,28333,-312.0,155,1,0.7597,0.004695
DuelingDQN,A1_grid,3,214,28482,-298.0,149,1,0.7584,0.002112
DuelingDQN,A1_grid,3,215,28558,-137.0,76,1,0.7578,0.020165
DuelingDQN,A1_grid,3,216,28609,-92.0,51,1,0.7573,0.017923
DuelingDQN,A1_grid,3,217,28692,-172.0,83,1,0.7566,0.013074
DuelingDQN,A1_grid,3,218,28873,-374.0,181,1,0.7551,0.004704
DuelingDQN,A1_grid,3,219,28944,-152.0,71,1,0.7545,0.001234
DuelingDQN,A1_grid,3,220,29038,-191.0,94,1,0.7537,0.008693
DuelingDQN,A1_grid,3,221,29146,-181.0,108,1,0.7528,0.016182
DuelingDQN,A1_grid,3,222,29214,-133.0,68,1,0.7522,0.010897
DuelingDQN,A1_grid,3,223,29311,-182.0,97,1,0.7514,0.003484
DuelingDQN,A1_grid,3,224,29380,-102.0,69,1,0.7508,0.001561
DuelingDQN,A1_grid,3,225,29463,-104.0,83,1,0.7501,0.001542
DuelingDQN,A1_grid,3,226,29493,-35.0,30,1,0.7498,0.001617
DuelingDQN,A1_grid,3,227,29565,-169.0,72,1,0.7492,0.010129
DuelingDQN,A1_grid,3,228,29604,-40.0,39,1,0.7489,0.018841
DuelingDQN,A1_grid,3,229,29666,-107.0,62,1,0.7484,0.012832
DuelingDQN,A1_grid,3,230,29756,-175.0,90,1,0.7476,0.010705
DuelingDQN,A1_grid,3,231,29864,-181.0,108,1,0.7467,0.001601
DuelingDQN,A1_grid,3,232,29945,-178.0,81,1,0.746,0.00076
DuelingDQN,A1_grid,3,233,30022,-106.0,77,1,0.7454,0.002982
DuelingDQN,A1_grid,3,234,30120,-171.0,98,1,0.7445,0.006099
DuelingDQN,A1_grid,3,235,30198,-139.0,78,1,0.7439,0.00302
DuelingDQN,A1_grid,3,236,30210,-17.0,12,1,0.7438,0.00369
DuelingDQN,A1_grid,3,237,30268,-95.0,58,1,0.7433,0.003332
DuelingDQN,A1_grid,3,238,30396,-293.0,128,1,0.7422,0.004321
DuelingDQN,A1_grid,3,239,30432,-61.0,36,1,0.7419,0.004069
DuelingDQN,A1_grid,3,240,30503,-144.0,71,1,0.7413,0.003244
DuelingDQN,A1_grid,3,241,30542,-60.0,39,1,0.7409,0.011615
DuelingDQN,A1_grid,3,242,30606,-105.0,64,1,0.7404,0.015599
DuelingDQN,A1_grid,3,243,30759,-262.0,153,1,0.7391,0.009012
DuelingDQN,A1_grid,3,244,30826,-120.0,67,1,0.7385,0.001891
DuelingDQN,A1_grid,3,245,30856,-35.0,30,1,0.7383,0.001366
DuelingDQN,A1_grid,3,246,30962,-199.0,106,1,0.7374,0.00141
DuelingDQN,A1_grid,3,247,31052,-175.0,90,1,0.7366,0.004908
DuelingDQN,A1_grid,3,248,31192,-285.0,140,1,0.7354,0.004505
DuelingDQN,A1_grid,3,249,31222,-55.0,30,1,0.7352,0.00251
DuelingDQN,A1_grid,3,250,31354,-269.0,132,1,0.7341,0.005473
DuelingDQN,A1_grid,3,251,31482,-273.0,128,1,0.733,0.003648
DuelingDQN,A1_grid,3,252,31523,-66.0,41,1,0.7326,0.006505
DuelingDQN,A1_grid,3,253,31571,-85.0,48,1,0.7322,0.008904
DuelingDQN,A1_grid,3,254,31644,-138.0,73,1,0.7316,0.009232
DuelingDQN,A1_grid,3,255,31724,-157.0,80,1,0.7309,0.005667
DuelingDQN,A1_grid,3,256,31745,-34.0,21,1,0.7307,0.002551
DuelingDQN,A1_grid,3,257,31755,-15.0,10,1,0.7307,0.002221
DuelingDQN,A1_grid,3,258,31780,-38.0,25,1,0.7304,0.002806
DuelingDQN,A1_grid,3,259,31847,-144.0,67,1,0.7299,0.001906
DuelingDQN,A1_grid,3,260,31943,-193.0,96,1,0.7291,0.000952
DuelingDQN,A1_grid,3,261,32004,-74.0,61,1,0.7285,0.001462
DuelingDQN,A1_grid,3,262,32131,-232.0,127,1,0.7275,0.011573
DuelingDQN,A1_grid,3,263,32188,-78.0,57,1,0.727,0.015347
DuelingDQN,A1_grid,3,264,32277,-198.0,89,1,0.7262,0.005656
DuelingDQN,A1_grid,3,265,32301,-33.0,24,1,0.726,0.005557
DuelingDQN,A1_grid,3,266,32367,-135.0,66,1,0.7255,0.003645
DuelingDQN,A1_grid,3,267,32461,-191.0,94,1,0.7247,0.003393
DuelingDQN,A1_grid,3,268,32487,-47.0,26,1,0.7244,0.005772
DuelingDQN,A1_grid,3,269,32571,-141.0,84,1,0.7237,0.010966
DuelingDQN,A1_grid,3,270,32771,-364.0,200,0,0.722,0.007768
DuelingDQN,A1_grid,3,271,32806,-44.0,35,1,0.7217,0.003391
DuelingDQN,A1_grid,3,272,32865,-116.0,59,1,0.7212,0.004266
DuelingDQN,A1_grid,3,273,32953,-157.0,88,1,0.7205,0.002987
DuelingDQN,A1_grid,3,274,33053,-189.0,100,1,0.7196,0.007994
DuelingDQN,A1_grid,3,275,33102,-82.0,49,1,0.7192,0.015215
DuelingDQN,A1_grid,3,276,33138,-57.0,36,1,0.7189,0.010925
DuelingDQN,A1_grid,3,277,33174,-65.0,36,1,0.7186,0.006085
DuelingDQN,A1_grid,3,278,33204,-47.0,30,1,0.7184,0.004968
DuelingDQN,A1_grid,3,279,33217,-10.0,13,1,0.7183,0.004411
DuelingDQN,A1_grid,3,280,33227,-15.0,10,1,0.7182,0.002907
DuelingDQN,A1_grid,3,281,33294,-108.0,67,1,0.7176,0.00231
DuelingDQN,A1_grid,3,282,33373,-156.0,79,1,0.7169,0.001331
DuelingDQN,A1_grid,3,283,33465,-185.0,92,1,0.7162,0.000638
DuelingDQN,A1_grid,3,284,33537,-141.0,72,1,0.7155,0.00835
DuelingDQN,A1_grid,3,285,33562,-54.0,25,1,0.7153,0.016946
DuelingDQN,A1_grid,3,286,33629,-124.0,67,1,0.7148,0.014655
DuelingDQN,A1_grid,3,287,33668,-68.0,39,1,0.7144,0.017245
DuelingDQN,A1_grid,3,288,33781,-206.0,113,1,0.7135,0.005978
DuelingDQN,A1_grid,3,289,33820,-80.0,39,1,0.7131,0.00152
DuelingDQN,A1_grid,3,290,33855,-84.0,35,1,0.7128,0.000944
DuelingDQN,A1_grid,3,291,33927,-117.0,72,1,0.7122,0.001096
DuelingDQN,A1_grid,3,292,34020,-170.0,93,1,0.7114,0.004963
DuelingDQN,A1_grid,3,293,34038,-23.0,18,1,0.7113,0.019602
DuelingDQN,A1_grid,3,294,34232,-363.0,194,1,0.7096,0.010875
DuelingDQN,A1_grid,3,295,34390,-319.0,158,1,0.7083,0.001423
DuelingDQN,A1_grid,3,296,34427,-54.0,37,1,0.708,0.000505
DuelingDQN,A1_grid,3,297,34473,-87.0,46,1,0.7076,0.000432
DuelingDQN,A1_grid,3,298,34486,-10.0,13,1,0.7075,0.000342
DuelingDQN,A1_grid,3,299,34531,-78.0,45,1,0.7071,0.011944
DuelingDQN,A1_grid,3,300,34660,-238.0,129,1,0.706,0.010467
DuelingDQN,A1_grid,3,301,34755,-184.0,95,1,0.7052,0.012041
DuelingDQN,A1_grid,3,302,34794,-64.0,39,1,0.7049,0.00962
DuelingDQN,A1_grid,3,303,34856,-123.0,62,1,0.7044,0.00347
DuelingDQN,A1_grid,3,304,34869,-14.0,13,1,0.7042,0.00195
DuelingDQN,A1_grid,3,305,34885,-21.0,16,1,0.7041,0.001926
DuelingDQN,A1_grid,3,306,34967,-119.0,82,1,0.7034,0.001122
DuelingDQN,A1_grid,3,307,35002,-48.0,35,1,0.7031,0.001845
DuelingDQN,A1_grid,3,308,35031,-66.0,29,1,0.7029,0.018703
DuelingDQN,A1_grid,3,309,35202,-360.0,171,1,0.7014,0.009572
DuelingDQN,A1_grid,3,310,35252,-95.0,50,1,0.701,0.005099
DuelingDQN,A1_grid,3,311,35315,-96.0,63,1,0.7005,0.002751
DuelingDQN,A1_grid,3,312,35373,-103.0,58,1,0.7,0.001151
DuelingDQN,A1_grid,3,313,35416,-56.0,43,1,0.6996,0.000821
DuelingDQN,A1_grid,3,314,35505,-182.0,89,1,0.6988,0.0017
DuelingDQN,A1_grid,3,315,35547,-59.0,42,1,0.6985,0.022013
DuelingDQN,A1_grid,3,316,35642,-148.0,95,1,0.6977,0.015126
DuelingDQN,A1_grid,3,317,35643,10.0,1,1,0.6977,0.007731
DuelingDQN,A1_grid,3,318,35684,-50.0,41,1,0.6973,0.008754
DuelingDQN,A1_grid,3,319,35699,-8.0,15,1,0.6972,0.005289
DuelingDQN,A1_grid,3,320,35790,-180.0,91,1,0.6964,0.002732
DuelingDQN,A1_grid,3,321,35890,-217.0,100,1,0.6956,0.000943
DuelingDQN,A1_grid,3,322,35968,-147.0,78,1,0.6949,0.000567
DuelingDQN,A1_grid,3,323,35988,-25.0,20,1,0.6948,0.000484
DuelingDQN,A1_grid,3,324,36033,-82.0,45,1,0.6944,0.011585
DuelingDQN,A1_grid,3,325,36072,-40.0,39,1,0.694,0.013265
DuelingDQN,A1_grid,3,326,36085,-6.0,13,1,0.6939,0.013012
DuelingDQN,A1_grid,3,327,36157,-133.0,72,1,0.6933,0.010944
DuelingDQN,A1_grid,3,328,36162,2.0,5,1,0.6933,0.005602
DuelingDQN,A1_grid,3,329,36206,-73.0,44,1,0.6929,0.005214
DuelingDQN,A1_grid,3,330,36253,-80.0,47,1,0.6925,0.003582
DuelingDQN,A1_grid,3,331,36325,-129.0,72,1,0.6919,0.003428
DuelingDQN,A1_grid,3,332,36350,-26.0,25,1,0.6917,0.001391
DuelingDQN,A1_grid,3,333,36399,-82.0,49,1,0.6913,0.000824
DuelingDQN,A1_grid,3,334,36465,-103.0,66,1,0.6907,0.00068
DuelingDQN,A1_grid,3,335,36542,-134.0,77,1,0.6901,0.013286
DuelingDQN,A1_grid,3,336,36655,-214.0,113,1,0.6891,0.012139
DuelingDQN,A1_grid,3,337,36671,-17.0,16,1,0.689,0.005034
DuelingDQN,A1_grid,3,338,36685,-23.0,14,1,0.6888,0.003146
DuelingDQN,A1_grid,3,339,36700,-16.0,15,1,0.6887,0.002438
DuelingDQN,A1_grid,3,340,36723,-32.0,23,1,0.6885,0.001875
DuelingDQN,A1_grid,3,341,36781,-87.0,58,1,0.688,0.001133
DuelingDQN,A1_grid,3,342,36865,-161.0,84,1,0.6873,0.001189
DuelingDQN,A1_grid,3,343,36936,-112.0,71,1,0.6867,0.000934
DuelingDQN,A1_grid,3,344,37015,-160.0,79,1,0.686,0.00298
DuelingDQN,A1_grid,3,345,37072,-122.0,57,1,0.6856,0.011427
DuelingDQN,A1_grid,3,346,37076,7.0,4,1,0.6855,0.008134
DuelingDQN,A1_grid,3,347,37186,-203.0,110,1,0.6846,0.009524
DuelingDQN,A1_grid,3,348,37206,-21.0,20,1,0.6844,0.004394
DuelingDQN,A1_grid,3,349,37241,-64.0,35,1,0.6841,0.003326
DuelingDQN,A1_grid,3,350,37400,-332.0,159,1,0.6828,0.002225
DuelingDQN,A1_grid,3,351,37497,-170.0,97,1,0.682,0.002226
DuelingDQN,A1_grid,3,352,37594,-166.0,97,1,0.6811,0.012494
DuelingDQN,A1_grid,3,353,37637,-76.0,43,1,0.6808,0.007565
DuelingDQN,A1_grid,3,354,37667,-35.0,30,1,0.6805,0.004558
DuelingDQN,A1_grid,3,355,37735,-121.0,68,1,0.6799,0.002358
DuelingDQN,A1_grid,3,356,37769,-43.0,34,1,0.6796,0.001329
DuelingDQN,A1_grid,3,357,37789,-29.0,20,1,0.6795,0.000998
DuelingDQN,A1_grid,3,358,37851,-115.0,62,1,0.679,0.001055
DuelingDQN,A1_grid,3,359,37879,-41.0,28,1,0.6787,0.001013
DuelingDQN,A1_grid,3,360,37902,-36.0,23,1,0.6785,0.001227
DuelingDQN,A1_grid,3,361,37924,-35.0,22,1,0.6783,0.001093
DuelingDQN,A1_grid,3,362,37929,2.0,5,1,0.6783,0.000963
DuelingDQN,A1_grid,3,363,37974,-74.0,45,1,0.6779,0.000711
DuelingDQN,A1_grid,3,364,38073,-204.0,99,1,0.6771,0.010587
DuelingDQN,A1_grid,3,365,38158,-142.0,85,1,0.6763,0.011205
DuelingDQN,A1_grid,3,366,38188,-39.0,30,1,0.6761,0.005147
DuelingDQN,A1_grid,3,367,38223,-64.0,35,1,0.6758,0.003487
DuelingDQN,A1_grid,3,368,38290,-112.0,67,1,0.6752,0.002419
DuelingDQN,A1_grid,3,369,38303,-6.0,13,1,0.6751,0.001865
DuelingDQN,A1_grid,3,370,38379,-169.0,76,1,0.6745,0.001079
DuelingDQN,A1_grid,3,371,38479,-173.0,100,1,0.6736,0.000421
DuelingDQN,A1_grid,3,372,38506,-48.0,27,1,0.6734,0.002607
DuelingDQN,A1_grid,3,373,38584,-135.0,78,1,0.6727,0.014522
DuelingDQN,A1_grid,3,374,38599,-12.0,15,1,0.6726,0.01302
DuelingDQN,A1_grid,3,375,38610,-4.0,11,1,0.6725,0.009126
DuelingDQN,A1_grid,3,376,38643,-46.0,33,1,0.6722,0.011007
DuelingDQN,A1_grid,3,377,38773,-231.0,130,1,0.6711,0.006628
DuelingDQN,A1_grid,3,378,38777,7.0,4,1,0.6711,0.004711
DuelingDQN,A1_grid,3,379,38823,-99.0,46,1,0.6707,0.006536
DuelingDQN,A1_grid,3,380,38867,-81.0,44,1,0.6703,0.002485
DuelingDQN,A1_grid,3,381,38907,-61.0,40,1,0.67,0.001397
DuelingDQN,A1_grid,3,382,38984,-158.0,77,1,0.6693,0.000584
DuelingDQN,A1_grid,3,383,39030,-55.0,46,1,0.669,0.006219
DuelingDQN,A1_grid,3,384,39050,-25.0,20,1,0.6688,0.007306
DuelingDQN,A1_grid,3,385,39066,-9.0,16,1,0.6686,0.006777
DuelingDQN,A1_grid,3,386,39119,-106.0,53,1,0.6682,0.005779
DuelingDQN,A1_grid,3,387,39163,-77.0,44,1,0.6678,0.003806
DuelingDQN,A1_grid,3,388,39199,-65.0,36,1,0.6675,0.00444
DuelingDQN,A1_grid,3,389,39243,-73.0,44,1,0.6671,0.002809
DuelingDQN,A1_grid,3,390,39298,-84.0,55,1,0.6667,0.00114
DuelingDQN,A1_grid,3,391,39332,-55.0,34,1,0.6664,0.000661
DuelingDQN,A1_grid,3,392,39420,-165.0,88,1,0.6656,0.000549
DuelingDQN,A1_grid,3,393,39436,-13.0,16,1,0.6655,0.000503
DuelingDQN,A1_grid,3,394,39468,-61.0,32,1,0.6652,0.000489
DuelingDQN,A1_grid,3,395,39559,-200.0,91,1,0.6645,0.010863
DuelingDQN,A1_grid,3,396,39648,-142.0,89,1,0.6637,0.014282
DuelingDQN,A1_grid,3,397,39652,7.0,4,1,0.6637,0.004239
DuelingDQN,A1_grid,3,398,39703,-92.0,51,1,0.6632,0.003486
DuelingDQN,A1_grid,3,399,39737,-35.0,34,1,0.663,0.001855
DuelingDQN,A1_grid,3,400,39809,-129.0,72,1,0.6623,0.000865
DuelingDQN,A1_grid,3,401,39832,-32.0,23,1,0.6621,0.000459
DuelingDQN,A1_grid,3,402,39857,-38.0,25,1,0.6619,0.000723
DuelingDQN,A1_grid,3,403,39953,-177.0,96,1,0.6611,0.000857
DuelingDQN,A1_grid,3,404,40031,-123.0,78,1,0.6605,0.004085
DuelingDQN,A1_grid,3,405,40100,-122.0,69,1,0.6599,0.006438
DuelingDQN,A1_grid,3,406,40139,-64.0,39,1,0.6595,0.003311
DuelingDQN,A1_grid,3,407,40257,-235.0,118,1,0.6585,0.002296
DuelingDQN,A1_grid,3,408,40368,-192.0,111,1,0.6576,0.002289
DuelingDQN,A1_grid,3,409,40469,-158.0,101,1,0.6567,0.001742
DuelingDQN,A1_grid,3,410,40483,-11.0,14,1,0.6566,0.001727
DuelingDQN,A1_grid,3,411,40559,-137.0,76,1,0.656,0.027766
DuelingDQN,A1_grid,3,412,40598,-48.0,39,1,0.6557,0.026074
DuelingDQN,A1_grid,3,413,40675,-142.0,77,1,0.655,0.01549
DuelingDQN,A1_grid,3,414,40729,-91.0,54,1,0.6545,0.004826
DuelingDQN,A1_grid,3,415,40760,-40.0,31,1,0.6543,0.001915
DuelingDQN,A1_grid,3,416,40844,-161.0,84,1,0.6536,0.001102
DuelingDQN,A1_grid,3,417,40920,-141.0,76,1,0.6529,0.000385
DuelingDQN,A1_grid,3,418,40999,-128.0,79,1,0.6522,0.000258
DuelingDQN,A1_grid,3,419,41052,-74.0,53,1,0.6518,0.00909
DuelingDQN,A1_grid,3,420,41098,-67.0,46,1,0.6514,0.00735
DuelingDQN,A1_grid,3,421,41141,-64.0,43,1,0.651,0.006105
DuelingDQN,A1_grid,3,422,41202,-98.0,61,1,0.6505,0.002639
DuelingDQN,A1_grid,3,423,41267,-110.0,65,1,0.65,0.002286
DuelingDQN,A1_grid,3,424,41289,-19.0,22,1,0.6498,0.001795
DuelingDQN,A1_grid,3,425,41375,-147.0,86,1,0.6491,0.000879
DuelingDQN,A1_grid,3,426,41401,-35.0,26,1,0.6488,0.000522
DuelingDQN,A1_grid,3,427,41412,0.0,11,1,0.6487,0.00034
DuelingDQN,A1_grid,3,428,41460,-81.0,48,1,0.6483,0.000257
DuelingDQN,A1_grid,3,429,41471,-8.0,11,1,0.6482,0.000195
DuelingDQN,A1_grid,3,430,41595,-201.0,124,1,0.6472,0.008723
DuelingDQN,A1_grid,3,431,41597,9.0,2,1,0.6472,0.008705
DuelingDQN,A1_grid,3,432,41629,-33.0,32,1,0.6469,0.006323
DuelingDQN,A1_grid,3,433,41656,-48.0,27,1,0.6467,0.004324
DuelingDQN,A1_grid,3,434,41716,-85.0,60,1,0.6462,0.002977
DuelingDQN,A1_grid,3,435,41780,-89.0,64,1,0.6456,0.003452
DuelingDQN,A1_grid,3,436,41861,-158.0,81,1,0.6449,0.005135
DuelingDQN,A1_grid,3,437,41894,-62.0,33,1,0.6447,0.002494
DuelingDQN,A1_grid,3,438,41951,-94.0,57,1,0.6442,0.001189
DuelingDQN,A1_grid,3,439,41976,-34.0,25,1,0.644,0.001115
DuelingDQN,A1_grid,3,440,42015,-44.0,39,1,0.6436,0.004865
DuelingDQN,A1_grid,3,441,42029,-15.0,14,1,0.6435,0.012159
DuelingDQN,A1_grid,3,442,42047,-15.0,18,1,0.6434,0.008912
DuelingDQN,A1_grid,3,443,42175,-209.0,128,1,0.6423,0.004916
DuelingDQN,A1_grid,3,444,42282,-196.0,107,1,0.6414,0.001035
DuelingDQN,A1_grid,3,445,42351,-102.0,69,1,0.6408,0.000487
DuelingDQN,A1_grid,3,446,42400,-78.0,49,1,0.6404,0.000448
DuelingDQN,A1_grid,3,447,42415,-28.0,15,1,0.6402,0.000365
DuelingDQN,A1_grid,3,448,42448,-58.0,33,1,0.64,0.000572
DuelingDQN,A1_grid,3,449,42500,-57.0,52,1,0.6395,0.000877
DuelingDQN,A1_grid,3,450,42572,-125.0,72,1,0.6389,0.007745
DuelingDQN,A1_grid,3,451,42599,-28.0,27,1,0.6387,0.005928
DuelingDQN,A1_grid,3,452,42630,-32.0,31,1,0.6384,0.005456
DuelingDQN,A1_grid,3,453,42680,-63.0,50,1,0.638,0.00642
DuelingDQN,A1_grid,3,454,42746,-131.0,66,1,0.6374,0.00504
DuelingDQN,A1_grid,3,455,42810,-93.0,64,1,0.6369,0.002587
DuelingDQN,A1_grid,3,456,42866,-77.0,56,1,0.6364,0.002633
DuelingDQN,A1_grid,3,457,42902,-49.0,36,1,0.6361,0.0019
DuelingDQN,A1_grid,3,458,42942,-69.0,40,1,0.6358,0.001874
DuelingDQN,A1_grid,3,459,42950,-5.0,8,1,0.6357,0.001699
DuelingDQN,A1_grid,3,460,43023,-130.0,73,1,0.6351,0.003282
DuelingDQN,A1_grid,3,461,43026,4.0,3,1,0.6351,0.006035
DuelingDQN,A1_grid,3,462,43080,-99.0,54,1,0.6346,0.006993
DuelingDQN,A1_grid,3,463,43095,-16.0,15,1,0.6345,0.006469
DuelingDQN,A1_grid,3,464,43164,-134.0,69,1,0.6339,0.009455
DuelingDQN,A1_grid,3,465,43198,-47.0,34,1,0.6336,0.010207
DuelingDQN,A1_grid,3,466,43242,-65.0,44,1,0.6332,0.007422
DuelingDQN,A1_grid,3,467,43330,-161.0,88,1,0.6325,0.005283
DuelingDQN,A1_grid,3,468,43392,-83.0,62,1,0.632,0.001168
DuelingDQN,A1_grid,3,469,43480,-161.0,88,1,0.6312,0.000559
DuelingDQN,A1_grid,3,470,43489,-6.0,9,1,0.6311,0.000401
DuelingDQN,A1_grid,3,471,43518,-46.0,29,1,0.6309,0.005659
DuelingDQN,A1_grid,3,472,43573,-76.0,55,1,0.6304,0.0087
DuelingDQN,A1_grid,3,473,43630,-62.0,57,1,0.6299,0.005748
DuelingDQN,A1_grid,3,474,43683,-86.0,53,1,0.6295,0.00605
DuelingDQN,A1_grid,3,475,43767,-137.0,84,1,0.6288,0.002148
DuelingDQN,A1_grid,3,476,43832,-98.0,65,1,0.6282,0.001677
DuelingDQN,A1_grid,3,477,43878,-59.0,46,1,0.6278,0.000656
DuelingDQN,A1_grid,3,478,43923,-62.0,45,1,0.6274,0.000582
DuelingDQN,A1_grid,3,479,43981,-91.0,58,1,0.627,0.000437
DuelingDQN,A1_grid,3,480,44065,-169.0,84,1,0.6262,0.009214
DuelingDQN,A1_grid,3,481,44146,-138.0,81,1,0.6256,0.006907
DuelingDQN,A1_grid,3,482,44221,-152.0,75,1,0.6249,0.003465
DuelingDQN,A1_grid,3,483,44231,-3.0,10,1,0.6248,0.002191
DuelingDQN,A1_grid,3,484,44280,-78.0,49,1,0.6244,0.001237
DuelingDQN,A1_grid,3,485,44355,-132.0,75,1,0.6238,0.000738
DuelingDQN,A1_grid,3,486,44377,-31.0,22,1,0.6236,0.00048
DuelingDQN,A1_grid,3,487,44432,-96.0,55,1,0.6231,0.000514
DuelingDQN,A1_grid,3,488,44434,9.0,2,1,0.6231,0.000393
DuelingDQN,A1_grid,3,489,44462,-29.0,28,1,0.6229,0.000372
DuelingDQN,A1_grid,3,490,44496,-39.0,34,1,0.6226,0.000276
DuelingDQN,A1_grid,3,491,44518,-23.0,22,1,0.6224,0.005568
DuelingDQN,A1_grid,3,492,44554,-41.0,36,1,0.6221,0.007604
DuelingDQN,A1_grid,3,493,44613,-96.0,59,1,0.6216,0.011493
DuelingDQN,A1_grid,3,494,44672,-132.0,59,1,0.6211,0.012917
DuelingDQN,A1_grid,3,495,44733,-110.0,61,1,0.6206,0.008353
DuelingDQN,A1_grid,3,496,44778,-78.0,45,1,0.6202,0.003246
DuelingDQN,A1_grid,3,497,44874,-165.0,96,1,0.6194,0.001742
DuelingDQN,A1_grid,3,498,44900,-55.0,26,1,0.6192,0.000904
DuelingDQN,A1_grid,3,499,44912,-13.0,12,1,0.6191,0.000767
DuelingDQN,A1_grid,3,500,44946,-51.0,34,1,0.6188,0.00069
DuelingDQN,A1_grid,3,501,44997,-76.0,51,1,0.6183,0.000506
DuelingDQN,A1_grid,3,502,45052,-100.0,55,1,0.6179,0.007521
DuelingDQN,A1_grid,3,503,45068,-17.0,16,1,0.6177,0.006822
DuelingDQN,A1_grid,3,504,45112,-69.0,44,1,0.6174,0.005473
DuelingDQN,A1_grid,3,505,45148,-41.0,36,1,0.6171,0.003168
DuelingDQN,A1_grid,3,506,45162,-19.0,14,1,0.6169,0.00289
DuelingDQN,A1_grid,3,507,45195,-54.0,33,1,0.6167,0.002567
DuelingDQN,A1_grid,3,508,45208,-18.0,13,1,0.6165,0.001781
DuelingDQN,A1_grid,3,509,45266,-79.0,58,1,0.6161,0.001098
DuelingDQN,A1_grid,3,510,45299,-42.0,33,1,0.6158,0.001046
DuelingDQN,A1_grid,3,511,45316,-14.0,17,1,0.6156,0.001345
DuelingDQN,A1_grid,3,512,45333,-14.0,17,1,0.6155,0.001086
DuelingDQN,A1_grid,3,513,45355,-23.0,22,1,0.6153,0.000653
DuelingDQN,A1_grid,3,514,45384,-30.0,29,1,0.6151,0.000487
DuelingDQN,A1_grid,3,515,45397,-18.0,13,1,0.6149,0.000507
DuelingDQN,A1_grid,3,516,45468,-132.0,71,1,0.6143,0.000637
DuelingDQN,A1_grid,3,517,45482,-11.0,14,1,0.6142,0.000659
DuelingDQN,A1_grid,3,518,45523,-66.0,41,1,0.6139,0.002696
DuelingDQN,A1_grid,3,519,45559,-41.0,36,1,0.6136,0.004703
DuelingDQN,A1_grid,3,520,45575,-13.0,16,1,0.6134,0.004915
DuelingDQN,A1_grid,3,521,45619,-61.0,44,1,0.6131,0.006111
DuelingDQN,A1_grid,3,522,45683,-129.0,64,1,0.6125,0.006866
DuelingDQN,A1_grid,3,523,45696,-6.0,13,1,0.6124,0.004959
DuelingDQN,A1_grid,3,524,45790,-171.0,94,1,0.6116,0.002527
DuelingDQN,A1_grid,3,525,45810,-21.0,20,1,0.6114,0.000895
DuelingDQN,A1_grid,3,526,45825,-20.0,15,1,0.6113,0.000664
DuelingDQN,A1_grid,3,527,45850,-30.0,25,1,0.6111,0.00054
DuelingDQN,A1_grid,3,528,45892,-59.0,42,1,0.6107,0.000587
DuelingDQN,A1_grid,3,529,45920,-49.0,28,1,0.6105,0.000581
DuelingDQN,A1_grid,3,530,45925,2.0,5,1,0.6105,0.000779
DuelingDQN,A1_grid,3,531,45954,-30.0,29,1,0.6102,0.000421
DuelingDQN,A1_grid,3,532,46026,-129.0,72,1,0.6096,0.001698
DuelingDQN,A1_grid,3,533,46065,-56.0,39,1,0.6093,0.005485
DuelingDQN,A1_grid,3,534,46168,-172.0,103,1,0.6084,0.006517
DuelingDQN,A1_grid,3,535,46173,2.0,5,1,0.6084,0.012722
DuelingDQN,A1_grid,3,536,46212,-48.0,39,1,0.608,0.015991
DuelingDQN,A1_grid,3,537,46234,-31.0,22,1,0.6078,0.010593
DuelingDQN,A1_grid,3,538,46256,-23.0,22,1,0.6077,0.009951
DuelingDQN,A1_grid,3,539,46297,-58.0,41,1,0.6073,0.006217
DuelingDQN,A1_grid,3,540,46360,-92.0,63,1,0.6068,0.00453
DuelingDQN,A1_grid,3,541,46391,-56.0,31,1,0.6065,0.003128
DuelingDQN,A1_grid,3,542,46416,-30.0,25,1,0.6063,0.003153
DuelingDQN,A1_grid,3,543,46434,-27.0,18,1,0.6061,0.002656
DuelingDQN,A1_grid,3,544,46463,-42.0,29,1,0.6059,0.002264
DuelingDQN,A1_grid,3,545,46506,-76.0,43,1,0.6055,0.002109
DuelingDQN,A1_grid,3,546,46515,-6.0,9,1,0.6055,0.004429
DuelingDQN,A1_grid,3,547,46597,-119.0,82,1,0.6048,0.003489
DuelingDQN,A1_grid,3,548,46664,-116.0,67,1,0.6042,0.003782
DuelingDQN,A1_grid,3,549,46717,-90.0,53,1,0.6037,0.001774
DuelingDQN,A1_grid,3,550,46779,-103.0,62,1,0.6032,0.000973
DuelingDQN,A1_grid,3,551,46805,-31.0,26,1,0.603,0.000857
DuelingDQN,A1_grid,3,552,46851,-75.0,46,1,0.6026,0.000555
DuelingDQN,A1_grid,3,553,46932,-122.0,81,1,0.6019,0.000299
DuelingDQN,A1_grid,3,554,46972,-41.0,40,1,0.6016,0.00023
DuelingDQN,A1_grid,3,555,47018,-83.0,46,1,0.6012,0.003308
DuelingDQN,A1_grid,3,556,47025,4.0,7,1,0.6011,0.012678
DuelingDQN,A1_grid,3,557,47072,-84.0,47,1,0.6007,0.009832
DuelingDQN,A1_grid,3,558,47088,-25.0,16,1,0.6006,0.00819
DuelingDQN,A1_grid,3,559,47163,-120.0,75,1,0.6,0.006008
DuelingDQN,A1_grid,3,560,47175,-5.0,12,1,0.5999,0.003621
DuelingDQN,A1_grid,3,561,47176,10.0,1,1,0.5999,0.002729
DuelingDQN,A1_grid,3,562,47254,-127.0,78,1,0.5992,0.00196
DuelingDQN,A1_grid,3,563,47287,-38.0,33,1,0.5989,0.001541
DuelingDQN,A1_grid,3,564,47315,-49.0,28,1,0.5987,0.001555
DuelingDQN,A1_grid,3,565,47349,-59.0,34,1,0.5984,0.000885
DuelingDQN,A1_grid,3,566,47405,-81.0,56,1,0.5979,0.000833
DuelingDQN,A1_grid,3,567,47441,-73.0,36,1,0.5976,0.000513
DuelingDQN,A1_grid,3,568,47495,-83.0,54,1,0.5971,0.000629
DuelingDQN,A1_grid,3,569,47519,-25.0,24,1,0.5969,0.005195
DuelingDQN,A1_grid,3,570,47552,-38.0,33,1,0.5967,0.021106
DuelingDQN,A1_grid,3,571,47583,-44.0,31,1,0.5964,0.015094
DuelingDQN,A1_grid,3,572,47625,-63.0,42,1,0.596,0.007273
DuelingDQN,A1_grid,3,573,47709,-133.0,84,1,0.5953,0.00307
DuelingDQN,A1_grid,3,574,47729,-21.0,20,1,0.5952,0.001286
DuelingDQN,A1_grid,3,575,47790,-106.0,61,1,0.5946,0.001011
DuelingDQN,A1_grid,3,576,47822,-37.0,32,1,0.5944,0.000539
DuelingDQN,A1_grid,3,577,47921,-168.0,99,1,0.5935,0.000478
DuelingDQN,A1_grid,3,578,47973,-69.0,52,1,0.5931,0.000449
DuelingDQN,A1_grid,3,579,47983,-7.0,10,1,0.593,0.000966
DuelingDQN,A1_grid,3,580,47989,-3.0,6,1,0.593,0.000857
DuelingDQN,A1_grid,3,581,48020,-56.0,31,1,0.5927,0.002789
DuelingDQN,A1_grid,3,582,48040,-17.0,20,1,0.5925,0.00577
DuelingDQN,A1_grid,3,583,48076,-81.0,36,1,0.5922,0.006158
DuelingDQN,A1_grid,3,584,48115,-64.0,39,1,0.5919,0.005524
DuelingDQN,A1_grid,3,585,48136,-22.0,21,1,0.5917,0.004244
DuelingDQN,A1_grid,3,586,48199,-100.0,63,1,0.5912,0.003789
DuelingDQN,A1_grid,3,587,48275,-117.0,76,1,0.5905,0.001876
DuelingDQN,A1_grid,3,588,48313,-59.0,38,1,0.5902,0.001023
DuelingDQN,A1_grid,3,589,48325,-5.0,12,1,0.5901,0.001041
DuelingDQN,A1_grid,3,590,48376,-84.0,51,1,0.5897,0.001256
DuelingDQN,A1_grid,3,591,48433,-94.0,57,1,0.5892,0.001847
DuelingDQN,A1_grid,3,592,48529,-165.0,96,1,0.5884,0.003121
DuelingDQN,A1_grid,3,593,48564,-48.0,35,1,0.5881,0.018466
DuelingDQN,A1_grid,3,594,48634,-99.0,70,1,0.5875,0.012554
DuelingDQN,A1_grid,3,595,48661,-36.0,27,1,0.5873,0.007161
DuelingDQN,A1_grid,3,596,48669,-1.0,8,1,0.5872,0.005818
DuelingDQN,A1_grid,3,597,48722,-66.0,53,1,0.5867,0.005657
DuelingDQN,A1_grid,3,598,48723,10.0,1,1,0.5867,0.005093
DuelingDQN,A1_grid,3,599,48770,-56.0,47,1,0.5863,0.002309
DuelingDQN,A1_grid,3,600,48803,-50.0,33,1,0.5861,0.001193
DuelingDQN,A1_grid,3,601,48878,-108.0,75,1,0.5854,0.000933
DuelingDQN,A1_grid,3,602,48954,-117.0,76,1,0.5848,0.000451
DuelingDQN,A1_grid,3,603,49006,-85.0,52,1,0.5843,0.000908
DuelingDQN,A1_grid,3,604,49055,-62.0,49,1,0.5839,0.006109
DuelingDQN,A1_grid,3,605,49076,-22.0,21,1,0.5837,0.005078
DuelingDQN,A1_grid,3,606,49113,-38.0,37,1,0.5834,0.005358
DuelingDQN,A1_grid,3,607,49156,-84.0,43,1,0.5831,0.004208
DuelingDQN,A1_grid,3,608,49206,-67.0,50,1,0.5826,0.003168
DuelingDQN,A1_grid,3,609,49208,9.0,2,1,0.5826,0.002688
DuelingDQN,A1_grid,3,610,49229,-30.0,21,1,0.5824,0.002345
DuelingDQN,A1_grid,3,611,49281,-81.0,52,1,0.582,0.001723
DuelingDQN,A1_grid,3,612,49328,-68.0,47,1,0.5816,0.001377
DuelingDQN,A1_grid,3,613,49403,-156.0,75,1,0.581,0.002273
DuelingDQN,A1_grid,3,614,49486,-148.0,83,1,0.5803,0.00236
DuelingDQN,A1_grid,3,615,49496,-3.0,10,1,0.5802,0.001228
DuelingDQN,A1_grid,3,616,49585,-126.0,89,1,0.5794,0.005043
DuelingDQN,A1_grid,3,617,49639,-91.0,54,1,0.579,0.003876
DuelingDQN,A1_grid,3,618,49706,-72.0,67,1,0.5784,0.002826
DuelingDQN,A1_grid,3,619,49725,-16.0,19,1,0.5782,0.001777
DuelingDQN,A1_grid,3,620,49782,-78.0,57,1,0.5778,0.001256
DuelingDQN,A1_grid,3,621,49909,-204.0,127,1,0.5767,0.000922
DuelingDQN,A1_grid,3,622,49987,-115.0,78,1,0.576,0.001048
DuelingDQN,A1_grid,3,623,50004,-26.0,17,1,0.5759,0.002231
DuelingDQN,A1_grid,3,624,50031,-24.0,27,1,0.5756,0.007166
DuelingDQN,A1_grid,3,625,50056,-34.0,25,1,0.5754,0.010048
DuelingDQN,A1_grid,3,626,50085,-42.0,29,1,0.5752,0.010076
DuelingDQN,A1_grid,3,627,50099,-19.0,14,1,0.5751,0.0074
DuelingDQN,A1_grid,3,628,50128,-42.0,29,1,0.5748,0.010274
DuelingDQN,A1_grid,3,629,50145,-6.0,17,1,0.5747,0.007006
DuelingDQN,A1_grid,3,630,50163,-11.0,18,1,0.5745,0.005723
DuelingDQN,A1_grid,3,631,50177,-23.0,14,1,0.5744,0.004692
DuelingDQN,A1_grid,3,632,50195,-11.0,18,1,0.5742,0.003669
DuelingDQN,A1_grid,3,633,50229,-31.0,34,1,0.574,0.003244
DuelingDQN,A1_grid,3,634,50282,-82.0,53,1,0.5735,0.003093
DuelingDQN,A1_grid,3,635,50297,-4.0,15,1,0.5734,0.002163
DuelingDQN,A1_grid,3,636,50309,-9.0,12,1,0.5733,0.00214
DuelingDQN,A1_grid,3,637,50315,-3.0,6,1,0.5732,0.001787
DuelingDQN,A1_grid,3,638,50394,-144.0,79,1,0.5726,0.001059
DuelingDQN,A1_grid,3,639,50429,-36.0,35,1,0.5723,0.000558
DuelingDQN,A1_grid,3,640,50457,-45.0,28,1,0.572,0.000565
DuelingDQN,A1_grid,3,641,50537,-117.0,80,1,0.5713,0.002744
DuelingDQN,A1_grid,3,642,50554,-14.0,17,1,0.5712,0.003649
DuelingDQN,A1_grid,3,643,50570,-21.0,16,1,0.5711,0.003803
DuelingDQN,A1_grid,3,644,50607,-34.0,37,1,0.5708,0.003582
DuelingDQN,A1_grid,3,645,50643,-41.0,36,1,0.5704,0.005774
DuelingDQN,A1_grid,3,646,50693,-67.0,50,1,0.57,0.007328
DuelingDQN,A1_grid,3,647,50720,-32.0,27,1,0.5698,0.01475
DuelingDQN,A1_grid,3,648,50782,-123.0,62,1,0.5693,0.007341
DuelingDQN,A1_grid,3,649,50855,-126.0,73,1,0.5686,0.004466
DuelingDQN,A1_grid,3,650,50880,-22.0,25,1,0.5684,0.003079
DuelingDQN,A1_grid,3,651,50912,-37.0,32,1,0.5682,0.002536
DuelingDQN,A1_grid,3,652,50962,-67.0,50,1,0.5677,0.002279
DuelingDQN,A1_grid,3,653,50990,-29.0,28,1,0.5675,0.002099
DuelingDQN,A1_grid,3,654,51053,-92.0,63,1,0.567,0.004701
DuelingDQN,A1_grid,3,655,51054,10.0,1,1,0.567,0.003785
DuelingDQN,A1_grid,3,656,51101,-92.0,47,1,0.5666,0.003342
DuelingDQN,A1_grid,3,657,51122,-30.0,21,1,0.5664,0.002196
DuelingDQN,A1_grid,3,658,51144,-11.0,22,1,0.5662,0.001649
DuelingDQN,A1_grid,3,659,51201,-70.0,57,1,0.5657,0.001496
DuelingDQN,A1_grid,3,660,51206,2.0,5,1,0.5657,0.001733
DuelingDQN,A1_grid,3,661,51255,-74.0,49,1,0.5653,0.001374
DuelingDQN,A1_grid,3,662,51266,0.0,11,1,0.5652,0.001263
DuelingDQN,A1_grid,3,663,51308,-79.0,42,1,0.5648,0.001056
DuelingDQN,A1_grid,3,664,51349,-54.0,41,1,0.5645,0.000862
DuelingDQN,A1_grid,3,665,51355,5.0,6,1,0.5644,0.000618
DuelingDQN,A1_grid,3,666,51409,-83.0,54,1,0.5639,0.00067
DuelingDQN,A1_grid,3,667,51434,-34.0,25,1,0.5637,0.00092
DuelingDQN,A1_grid,3,668,51464,-39.0,30,1,0.5635,0.001032
DuelingDQN,A1_grid,3,669,51483,-16.0,19,1,0.5633,0.000558
DuelingDQN,A1_grid,3,670,51549,-91.0,66,1,0.5628,0.00504
DuelingDQN,A1_grid,3,671,51604,-100.0,55,1,0.5623,0.008839
DuelingDQN,A1_grid,3,672,51653,-62.0,49,1,0.5619,0.010157
DuelingDQN,A1_grid,3,673,51696,-44.0,43,1,0.5615,0.007406
DuelingDQN,A1_grid,3,674,51790,-151.0,94,1,0.5607,0.003353
DuelingDQN,A1_grid,3,675,51805,-12.0,15,1,0.5606,0.000877
DuelingDQN,A1_grid,3,676,51815,1.0,10,1,0.5605,0.00086
DuelingDQN,A1_grid,3,677,51893,-111.0,78,1,0.5598,0.000534
DuelingDQN,A1_grid,3,678,51936,-64.0,43,1,0.5595,0.000335
DuelingDQN,A1_grid,3,679,51946,-11.0,10,1,0.5594,0.000498
DuelingDQN,A1_grid,3,680,52006,-77.0,60,1,0.5589,0.000931
DuelingDQN,A1_grid,3,681,52051,-70.0,45,1,0.5585,0.009727
DuelingDQN,A1_grid,3,682,52108,-82.0,57,1,0.558,0.007415
DuelingDQN,A1_grid,3,683,52153,-74.0,45,1,0.5576,0.004223
DuelingDQN,A1_grid,3,684,52200,-60.0,47,1,0.5572,0.002734
DuelingDQN,A1_grid,3,685,52231,-48.0,31,1,0.557,0.001405
DuelingDQN,A1_grid,3,686,52268,-50.0,37,1,0.5567,0.001547
DuelingDQN,A1_grid,3,687,52326,-95.0,58,1,0.5562,0.001056
DuelingDQN,A1_grid,3,688,52387,-106.0,61,1,0.5557,0.000958
DuelingDQN,A1_grid,3,689,52482,-148.0,95,1,0.5548,0.000437
DuelingDQN,A1_grid,3,690,52543,-70.0,61,1,0.5543,0.003178
DuelingDQN,A1_grid,3,691,52601,-83.0,58,1,0.5538,0.004973
DuelingDQN,A1_grid,3,692,52702,-154.0,101,1,0.553,0.005074
DuelingDQN,A1_grid,3,693,52740,-47.0,38,1,0.5527,0.004496
DuelingDQN,A1_grid,3,694,52771,-52.0,31,1,0.5524,0.005593
DuelingDQN,A1_grid,3,695,52830,-76.0,59,1,0.5519,0.004723
DuelingDQN,A1_grid,3,696,52856,-19.0,26,1,0.5517,0.001817
DuelingDQN,A1_grid,3,697,52889,-38.0,33,1,0.5514,0.001312
DuelingDQN,A1_grid,3,698,52934,-58.0,45,1,0.551,0.001055
DuelingDQN,A1_grid,3,699,52965,-40.0,31,1,0.5508,0.000693
DuelingDQN,A1_grid,3,700,52973,-1.0,8,1,0.5507,0.000573
DuelingDQN,A1_grid,3,701,52987,-19.0,14,1,0.5506,0.000488
DuelingDQN,A1_grid,3,702,53034,-92.0,47,1,0.5502,0.00264
DuelingDQN,A1_grid,3,703,53071,-58.0,37,1,0.5499,0.002237
DuelingDQN,A1_grid,3,704,53092,-34.0,21,1,0.5497,0.001565
DuelingDQN,A1_grid,3,705,53122,-47.0,30,1,0.5494,0.001335
DuelingDQN,A1_grid,3,706,53182,-93.0,60,1,0.5489,0.001736
DuelingDQN,A1_grid,3,707,53186,7.0,4,1,0.5489,0.001865
DuelingDQN,A1_grid,3,708,53246,-81.0,60,1,0.5484,0.002001
DuelingDQN,A1_grid,3,709,53271,-18.0,25,1,0.5482,0.002131
DuelingDQN,A1_grid,3,710,53274,8.0,3,1,0.5481,0.002035
DuelingDQN,A1_grid,3,711,53329,-84.0,55,1,0.5477,0.002685
DuelingDQN,A1_grid,3,712,53373,-65.0,44,1,0.5473,0.001715
DuelingDQN,A1_grid,3,713,53426,-82.0,53,1,0.5468,0.001432
DuelingDQN,A1_grid,3,714,53456,-39.0,30,1,0.5466,0.001828
DuelingDQN,A1_grid,3,715,53466,-15.0,10,1,0.5465,0.001472
DuelingDQN,A1_grid,3,716,53467,10.0,1,1,0.5465,0.003742
DuelingDQN,A1_grid,3,717,53507,-65.0,40,1,0.5462,0.004846
DuelingDQN,A1_grid,3,718,53512,6.0,5,1,0.5461,0.016017
DuelingDQN,A1_grid,3,719,53536,-25.0,24,1,0.5459,0.016512
DuelingDQN,A1_grid,3,720,53600,-93.0,64,1,0.5454,0.008973
DuelingDQN,A1_grid,3,721,53609,-2.0,9,1,0.5453,0.003482
DuelingDQN,A1_grid,3,722,53621,-5.0,12,1,0.5452,0.003645
DuelingDQN,A1_grid,3,723,53673,-89.0,52,1,0.5447,0.003093
DuelingDQN,A1_grid,3,724,53689,-17.0,16,1,0.5446,0.001827
DuelingDQN,A1_grid,3,725,53712,-32.0,23,1,0.5444,0.002002
DuelingDQN,A1_grid,3,726,53729,-14.0,17,1,0.5443,0.001793
DuelingDQN,A1_grid,3,727,53813,-153.0,84,1,0.5436,0.001001
DuelingDQN,A1_grid,3,728,53864,-72.0,51,1,0.5431,0.000995
DuelingDQN,A1_grid,3,729,53881,-14.0,17,1,0.543,0.00125
DuelingDQN,A1_grid,3,730,53917,-61.0,36,1,0.5427,0.000788
DuelingDQN,A1_grid,3,731,53964,-52.0,47,1,0.5423,0.000694
DuelingDQN,A1_grid,3,732,53999,-48.0,35,1,0.542,0.000579
DuelingDQN,A1_grid,3,733,54047,-77.0,48,1,0.5416,0.010032
DuelingDQN,A1_grid,3,734,54087,-49.0,40,1,0.5412,0.012918
DuelingDQN,A1_grid,3,735,54133,-51.0,46,1,0.5408,0.007726
DuelingDQN,A1_grid,3,736,54160,-20.0,27,1,0.5406,0.003747
DuelingDQN,A1_grid,3,737,54172,-1.0,12,1,0.5405,0.004081
DuelingDQN,A1_grid,3,738,54240,-105.0,68,1,0.5399,0.00229
DuelingDQN,A1_grid,3,739,54294,-79.0,54,1,0.5395,0.001209
DuelingDQN,A1_grid,3,740,54300,1.0,6,1,0.5394,0.001396
DuelingDQN,A1_grid,3,741,54311,-4.0,11,1,0.5393,0.001593
DuelingDQN,A1_grid,3,742,54368,-94.0,57,1,0.5389,0.001108
DuelingDQN,A1_grid,3,743,54377,2.0,9,1,0.5388,0.000954
DuelingDQN,A1_grid,3,744,54398,-22.0,21,1,0.5386,0.000783
DuelingDQN,A1_grid,3,745,54426,-41.0,28,1,0.5384,0.000566
DuelingDQN,A1_grid,3,746,54485,-116.0,59,1,0.5379,0.000291
DuelingDQN,A1_grid,3,747,54534,-54.0,49,1,0.5374,0.005577
DuelingDQN,A1_grid,3,748,54566,-37.0,32,1,0.5372,0.008529
DuelingDQN,A1_grid,3,749,54627,-106.0,61,1,0.5367,0.014032
DuelingDQN,A1_grid,3,750,54654,-20.0,27,1,0.5364,0.011052
DuelingDQN,A1_grid,3,751,54656,9.0,2,1,0.5364,0.007829
DuelingDQN,A1_grid,3,752,54673,-18.0,17,1,0.5363,0.008305
DuelingDQN,A1_grid,3,753,54684,-8.0,11,1,0.5362,0.005456
DuelingDQN,A1_grid,3,754,54743,-88.0,59,1,0.5357,0.003331
DuelingDQN,A1_grid,3,755,54757,-11.0,14,1,0.5356,0.002334
DuelingDQN,A1_grid,3,756,54785,-53.0,28,1,0.5353,0.002953
DuelingDQN,A1_grid,3,757,54820,-48.0,35,1,0.535,0.001709
DuelingDQN,A1_grid,3,758,54840,-41.0,20,1,0.5348,0.001622
DuelingDQN,A1_grid,3,759,54911,-104.0,71,1,0.5342,0.001443
DuelingDQN,A1_grid,3,760,54937,-31.0,26,1,0.534,0.00103
DuelingDQN,A1_grid,3,761,54952,-8.0,15,1,0.5339,0.000889
DuelingDQN,A1_grid,3,762,54978,-35.0,26,1,0.5337,0.000648
DuelingDQN,A1_grid,3,763,55017,-52.0,39,1,0.5333,0.002754
DuelingDQN,A1_grid,3,764,55068,-60.0,51,1,0.5329,0.006877
DuelingDQN,A1_grid,3,765,55080,-5.0,12,1,0.5328,0.006464
DuelingDQN,A1_grid,3,766,55106,-43.0,26,1,0.5326,0.00564
DuelingDQN,A1_grid,3,767,55161,-84.0,55,1,0.5321,0.00375
DuelingDQN,A1_grid,3,768,55177,-25.0,16,1,0.532,0.002997
DuelingDQN,A1_grid,3,769,55198,-38.0,21,1,0.5318,0.002129
DuelingDQN,A1_grid,3,770,55230,-33.0,32,1,0.5315,0.001118
DuelingDQN,A1_grid,3,771,55274,-65.0,44,1,0.5312,0.000937
DuelingDQN,A1_grid,3,772,55292,-11.0,18,1,0.531,0.001311
DuelingDQN,A1_grid,3,773,55366,-131.0,74,1,0.5304,0.000873
DuelingDQN,A1_grid,3,774,55386,-25.0,20,1,0.5302,0.000568
DuelingDQN,A1_grid,3,775,55429,-48.0,43,1,0.5299,0.000465
DuelingDQN,A1_grid,3,776,55471,-51.0,42,1,0.5295,0.000323
DuelingDQN,A1_grid,3,777,55484,-2.0,13,1,0.5294,0.000227
DuelingDQN,A1_grid,3,778,55526,-71.0,42,1,0.529,0.003131
DuelingDQN,A1_grid,3,779,55542,-5.0,16,1,0.5289,0.006596
DuelingDQN,A1_grid,3,780,55600,-75.0,58,1,0.5284,0.004927
DuelingDQN,A1_grid,3,781,55613,-10.0,13,1,0.5283,0.003728
DuelingDQN,A1_grid,3,782,55639,-31.0,26,1,0.5281,0.003782
DuelingDQN,A1_grid,3,783,55724,-154.0,85,1,0.5273,0.00438
DuelingDQN,A1_grid,3,784,55776,-97.0,52,1,0.5269,0.002054
DuelingDQN,A1_grid,3,785,55802,-51.0,26,1,0.5267,0.001466
DuelingDQN,A1_grid,3,786,55840,-59.0,38,1,0.5264,0.001146
DuelingDQN,A1_grid,3,787,55891,-68.0,51,1,0.5259,0.000865
DuelingDQN,A1_grid,3,788,55942,-72.0,51,1,0.5255,0.000524
DuelingDQN,A1_grid,3,789,56011,-106.0,69,1,0.5249,0.000976
DuelingDQN,A1_grid,3,790,56055,-65.0,44,1,0.5245,0.003643
DuelingDQN,A1_grid,3,791,56074,-20.0,19,1,0.5244,0.003313
DuelingDQN,A1_grid,3,792,56078,-1.0,4,1,0.5243,0.003264
DuelingDQN,A1_grid,3,793,56146,-109.0,68,1,0.5238,0.002934
DuelingDQN,A1_grid,3,794,56173,-32.0,27,1,0.5235,0.00209
DuelingDQN,A1_grid,3,795,56193,-17.0,20,1,0.5234,0.001417
DuelingDQN,A1_grid,3,796,56233,-53.0,40,1,0.523,0.001405
DuelingDQN,A1_grid,3,797,56247,-19.0,14,1,0.5229,0.001178
DuelingDQN,A1_grid,3,798,56294,-72.0,47,1,0.5225,0.001104
DuelingDQN,A1_grid,3,799,56368,-143.0,74,1,0.5219,0.002348
DuelingDQN,A1_grid,3,800,56404,-37.0,36,1,0.5216,0.002142
DQN,A1_grid,4,1,200,-464.0,200,0,0.9983,
DQN,A1_grid,4,2,400,-456.0,200,0,0.9966,
DQN,A1_grid,4,3,600,-592.0,200,0,0.9949,
DQN,A1_grid,4,4,800,-416.0,200,0,0.9932,
DQN,A1_grid,4,5,940,-301.0,140,1,0.992,
DQN,A1_grid,4,6,1140,-484.0,200,0,0.9903,1.172249
DQN,A1_grid,4,7,1340,-472.0,200,0,0.9886,0.832802
DQN,A1_grid,4,8,1540,-404.0,200,0,0.9869,0.583387
DQN,A1_grid,4,9,1740,-440.0,200,0,0.9852,0.486268
DQN,A1_grid,4,10,1940,-420.0,200,0,0.9835,0.440632
DQN,A1_grid,4,11,2140,-428.0,200,0,0.9818,0.394147
DQN,A1_grid,4,12,2340,-540.0,200,0,0.9802,0.325562
DQN,A1_grid,4,13,2540,-556.0,200,0,0.9785,0.293107
DQN,A1_grid,4,14,2740,-452.0,200,0,0.9768,0.249943
DQN,A1_grid,4,15,2940,-452.0,200,0,0.9751,0.213309
DQN,A1_grid,4,16,3140,-416.0,200,0,0.9734,0.173193
DQN,A1_grid,4,17,3340,-532.0,200,0,0.9717,0.125053
DQN,A1_grid,4,18,3540,-556.0,200,0,0.97,0.093502
DQN,A1_grid,4,19,3740,-484.0,200,0,0.9683,0.066849
DQN,A1_grid,4,20,3803,-92.0,63,1,0.9677,0.061489
DQN,A1_grid,4,21,3833,-31.0,30,1,0.9675,0.073505
DQN,A1_grid,4,22,4033,-476.0,200,0,0.9658,0.074864
DQN,A1_grid,4,23,4233,-512.0,200,0,0.9641,0.055077
DQN,A1_grid,4,24,4433,-488.0,200,0,0.9624,0.050092
DQN,A1_grid,4,25,4633,-612.0,200,0,0.9607,0.04797
DQN,A1_grid,4,26,4833,-404.0,200,0,0.959,0.040076
DQN,A1_grid,4,27,5033,-480.0,200,0,0.9573,0.045752
DQN,A1_grid,4,28,5233,-440.0,200,0,0.9556,0.03195
DQN,A1_grid,4,29,5295,-135.0,62,1,0.9551,0.026619
DQN,A1_grid,4,30,5495,-532.0,200,0,0.9534,0.037934
DQN,A1_grid,4,31,5581,-143.0,86,1,0.9527,0.050055
DQN,A1_grid,4,32,5781,-340.0,200,0,0.951,0.037987
DQN,A1_grid,4,33,5981,-512.0,200,0,0.9493,0.035307
DQN,A1_grid,4,34,6181,-388.0,200,0,0.9476,0.03521
DQN,A1_grid,4,35,6381,-452.0,200,0,0.9459,0.0229
DQN,A1_grid,4,36,6581,-460.0,200,0,0.9442,0.034867
DQN,A1_grid,4,37,6781,-432.0,200,0,0.9425,0.023813
DQN,A1_grid,4,38,6933,-317.0,152,1,0.9412,0.030627
DQN,A1_grid,4,39,7133,-364.0,200,0,0.9395,0.0459
DQN,A1_grid,4,40,7333,-396.0,200,0,0.9378,0.024609
DQN,A1_grid,4,41,7533,-380.0,200,0,0.9361,0.029279
DQN,A1_grid,4,42,7733,-636.0,200,0,0.9344,0.017141
DQN,A1_grid,4,43,7933,-380.0,200,0,0.9327,0.027969
DQN,A1_grid,4,44,8133,-360.0,200,0,0.931,0.045573
DQN,A1_grid,4,45,8333,-468.0,200,0,0.9293,0.028375
DQN,A1_grid,4,46,8533,-500.0,200,0,0.9276,0.02615
DQN,A1_grid,4,47,8733,-400.0,200,0,0.9259,0.013188
DQN,A1_grid,4,48,8933,-496.0,200,0,0.9242,0.011685
DQN,A1_grid,4,49,9133,-336.0,200,0,0.9225,0.035839
DQN,A1_grid,4,50,9333,-444.0,200,0,0.9208,0.015996
DQN,A1_grid,4,51,9533,-456.0,200,0,0.9191,0.021913
DQN,A1_grid,4,52,9733,-444.0,200,0,0.9174,0.022214
DQN,A1_grid,4,53,9825,-193.0,92,1,0.9167,0.021782
DQN,A1_grid,4,54,10025,-384.0,200,0,0.915,0.020897
DQN,A1_grid,4,55,10225,-476.0,200,0,0.9133,0.037214
DQN,A1_grid,4,56,10425,-508.0,200,0,0.9116,0.02702
DQN,A1_grid,4,57,10625,-544.0,200,0,0.9099,0.02725
DQN,A1_grid,4,58,10825,-388.0,200,0,0.9082,0.014074
DQN,A1_grid,4,59,11025,-432.0,200,0,0.9065,0.032324
DQN,A1_grid,4,60,11225,-412.0,200,0,0.9048,0.027469
DQN,A1_grid,4,61,11425,-404.0,200,0,0.9031,0.030635
DQN,A1_grid,4,62,11625,-452.0,200,0,0.9014,0.034152
DQN,A1_grid,4,63,11825,-332.0,200,0,0.8997,0.014223
DQN,A1_grid,4,64,12025,-424.0,200,0,0.898,0.032914
DQN,A1_grid,4,65,12225,-596.0,200,0,0.8963,0.030503
DQN,A1_grid,4,66,12425,-416.0,200,0,0.8946,0.024043
DQN,A1_grid,4,67,12625,-372.0,200,0,0.8929,0.027522
DQN,A1_grid,4,68,12825,-364.0,200,0,0.8912,0.006835
DQN,A1_grid,4,69,13025,-416.0,200,0,0.8895,0.023854
DQN,A1_grid,4,70,13225,-432.0,200,0,0.8878,0.029914
DQN,A1_grid,4,71,13425,-512.0,200,0,0.8861,0.024751
DQN,A1_grid,4,72,13625,-420.0,200,0,0.8844,0.023363
DQN,A1_grid,4,73,13825,-412.0,200,0,0.8827,0.03057
DQN,A1_grid,4,74,14025,-464.0,200,0,0.881,0.014896
DQN,A1_grid,4,75,14225,-388.0,200,0,0.8793,0.028165
DQN,A1_grid,4,76,14425,-536.0,200,0,0.8776,0.012102
DQN,A1_grid,4,77,14625,-444.0,200,0,0.8759,0.03255
DQN,A1_grid,4,78,14825,-432.0,200,0,0.8743,0.029003
DQN,A1_grid,4,79,15025,-428.0,200,0,0.8726,0.029413
DQN,A1_grid,4,80,15225,-388.0,200,0,0.8709,0.032023
DQN,A1_grid,4,81,15425,-436.0,200,0,0.8692,0.027016
DQN,A1_grid,4,82,15625,-452.0,200,0,0.8675,0.030743
DQN,A1_grid,4,83,15825,-408.0,200,0,0.8658,0.007185
DQN,A1_grid,4,84,15850,-34.0,25,1,0.8656,0.024202
DQN,A1_grid,4,85,16050,-428.0,200,0,0.8639,0.028502
DQN,A1_grid,4,86,16250,-368.0,200,0,0.8622,0.016527
DQN,A1_grid,4,87,16450,-340.0,200,0,0.8605,0.004108
DQN,A1_grid,4,88,16650,-388.0,200,0,0.8588,0.034152
DQN,A1_grid,4,89,16850,-380.0,200,0,0.8571,0.016159
DQN,A1_grid,4,90,17050,-380.0,200,0,0.8554,0.016406
DQN,A1_grid,4,91,17147,-194.0,97,1,0.8546,0.039493
DQN,A1_grid,4,92,17347,-380.0,200,0,0.8529,0.028561
DQN,A1_grid,4,93,17547,-480.0,200,0,0.8512,0.034715
DQN,A1_grid,4,94,17747,-432.0,200,0,0.8495,0.029742
DQN,A1_grid,4,95,17947,-440.0,200,0,0.8478,0.016556
DQN,A1_grid,4,96,18147,-420.0,200,0,0.8461,0.029942
DQN,A1_grid,4,97,18347,-404.0,200,0,0.8444,0.020149
DQN,A1_grid,4,98,18547,-460.0,200,0,0.8427,0.021746
DQN,A1_grid,4,99,18594,-84.0,47,1,0.8423,0.056633
DQN,A1_grid,4,100,18794,-448.0,200,0,0.8406,0.020356
DQN,A1_grid,4,101,18994,-392.0,200,0,0.8389,0.013932
DQN,A1_grid,4,102,19194,-468.0,200,0,0.8372,0.043991
DQN,A1_grid,4,103,19394,-416.0,200,0,0.8355,0.017367
DQN,A1_grid,4,104,19594,-352.0,200,0,0.8338,0.026487
DQN,A1_grid,4,105,19794,-376.0,200,0,0.8321,0.024321
DQN,A1_grid,4,106,19810,-21.0,16,1,0.832,0.124998
DQN,A1_grid,4,107,20010,-436.0,200,0,0.8303,0.015565
DQN,A1_grid,4,108,20210,-364.0,200,0,0.8286,0.045221
DQN,A1_grid,4,109,20410,-440.0,200,0,0.8269,0.021195
DQN,A1_grid,4,110,20610,-484.0,200,0,0.8252,0.036824
DQN,A1_grid,4,111,20760,-311.0,150,1,0.8239,0.024144
DQN,A1_grid,4,112,20960,-356.0,200,0,0.8222,0.038584
DQN,A1_grid,4,113,21160,-372.0,200,0,0.8205,0.05559
DQN,A1_grid,4,114,21311,-272.0,151,1,0.8192,0.03823
DQN,A1_grid,4,115,21511,-404.0,200,0,0.8175,0.020709
DQN,A1_grid,4,116,21711,-412.0,200,0,0.8158,0.04329
DQN,A1_grid,4,117,21911,-392.0,200,0,0.8141,0.039774
DQN,A1_grid,4,118,22038,-256.0,127,1,0.8131,0.05499
DQN,A1_grid,4,119,22238,-416.0,200,0,0.8114,0.024009
DQN,A1_grid,4,120,22438,-412.0,200,0,0.8097,0.019021
DQN,A1_grid,4,121,22638,-400.0,200,0,0.808,0.039402
DQN,A1_grid,4,122,22838,-336.0,200,0,0.8063,0.03367
DQN,A1_grid,4,123,23038,-360.0,200,0,0.8046,0.049213
DQN,A1_grid,4,124,23130,-185.0,92,1,0.8038,0.042676
DQN,A1_grid,4,125,23330,-364.0,200,0,0.8021,0.02702
DQN,A1_grid,4,126,23530,-484.0,200,0,0.8004,0.052151
DQN,A1_grid,4,127,23730,-388.0,200,0,0.7987,0.021002
DQN,A1_grid,4,128,23930,-376.0,200,0,0.797,0.045555
DQN,A1_grid,4,129,24130,-380.0,200,0,0.7953,0.04566
DQN,A1_grid,4,130,24330,-392.0,200,0,0.7936,0.012653
DQN,A1_grid,4,131,24530,-376.0,200,0,0.7919,0.050616
DQN,A1_grid,4,132,24730,-472.0,200,0,0.7902,0.036438
DQN,A1_grid,4,133,24930,-452.0,200,0,0.7885,0.02403
DQN,A1_grid,4,134,24978,-85.0,48,1,0.7881,0.048648
DQN,A1_grid,4,135,25178,-364.0,200,0,0.7864,0.040144
DQN,A1_grid,4,136,25378,-356.0,200,0,0.7847,0.035941
DQN,A1_grid,4,137,25578,-380.0,200,0,0.783,0.038659
DQN,A1_grid,4,138,25778,-420.0,200,0,0.7813,0.040309
DQN,A1_grid,4,139,25978,-436.0,200,0,0.7797,0.05973
DQN,A1_grid,4,140,26178,-464.0,200,0,0.778,0.04441
DQN,A1_grid,4,141,26378,-396.0,200,0,0.7763,0.048458
DQN,A1_grid,4,142,26578,-396.0,200,0,0.7746,0.032248
DQN,A1_grid,4,143,26778,-384.0,200,0,0.7729,0.021092
DQN,A1_grid,4,144,26978,-468.0,200,0,0.7712,0.028934
DQN,A1_grid,4,145,27178,-336.0,200,0,0.7695,0.045518
DQN,A1_grid,4,146,27378,-412.0,200,0,0.7678,0.017312
DQN,A1_grid,4,147,27578,-384.0,200,0,0.7661,0.042825
DQN,A1_grid,4,148,27778,-408.0,200,0,0.7644,0.033657
DQN,A1_grid,4,149,27978,-324.0,200,0,0.7627,0.021313
DQN,A1_grid,4,150,28178,-388.0,200,0,0.761,0.03656
DQN,A1_grid,4,151,28378,-312.0,200,0,0.7593,0.025796
DQN,A1_grid,4,152,28578,-384.0,200,0,0.7576,0.037852
DQN,A1_grid,4,153,28778,-380.0,200,0,0.7559,0.042795
DQN,A1_grid,4,154,28978,-420.0,200,0,0.7542,0.050922
DQN,A1_grid,4,155,29178,-440.0,200,0,0.7525,0.02382
DQN,A1_grid,4,156,29378,-468.0,200,0,0.7508,0.035055
DQN,A1_grid,4,157,29409,-48.0,31,1,0.7505,0.028497
DQN,A1_grid,4,158,29609,-376.0,200,0,0.7489,0.030376
DQN,A1_grid,4,159,29666,-90.0,57,1,0.7484,0.016151
DQN,A1_grid,4,160,29866,-432.0,200,0,0.7467,0.056344
DQN,A1_grid,4,161,30066,-344.0,200,0,0.745,0.04996
DQN,A1_grid,4,162,30266,-332.0,200,0,0.7433,0.026841
DQN,A1_grid,4,163,30466,-404.0,200,0,0.7416,0.026931
DQN,A1_grid,4,164,30666,-368.0,200,0,0.7399,0.032656
DQN,A1_grid,4,165,30866,-376.0,200,0,0.7382,0.048956
DQN,A1_grid,4,166,31066,-316.0,200,0,0.7365,0.060771
DQN,A1_grid,4,167,31266,-364.0,200,0,0.7348,0.01881
DQN,A1_grid,4,168,31466,-404.0,200,0,0.7331,0.044709
DQN,A1_grid,4,169,31495,-34.0,29,1,0.7329,0.001293
DQN,A1_grid,4,170,31695,-372.0,200,0,0.7312,0.043781
DQN,A1_grid,4,171,31895,-356.0,200,0,0.7295,0.036648
DQN,A1_grid,4,172,31987,-165.0,92,1,0.7287,0.020515
DQN,A1_grid,4,173,32187,-408.0,200,0,0.727,0.043935
DQN,A1_grid,4,174,32387,-364.0,200,0,0.7253,0.028187
DQN,A1_grid,4,175,32587,-376.0,200,0,0.7236,0.049897
DQN,A1_grid,4,176,32787,-352.0,200,0,0.7219,0.028237
DQN,A1_grid,4,177,32987,-340.0,200,0,0.7202,0.046254
DQN,A1_grid,4,178,33187,-360.0,200,0,0.7185,0.021958
DQN,A1_grid,4,179,33387,-356.0,200,0,0.7168,0.037473
DQN,A1_grid,4,180,33587,-408.0,200,0,0.7151,0.038416
DQN,A1_grid,4,181,33787,-368.0,200,0,0.7134,0.038066
DQN,A1_grid,4,182,33987,-316.0,200,0,0.7117,0.038455
DQN,A1_grid,4,183,34187,-368.0,200,0,0.71,0.029575
DQN,A1_grid,4,184,34387,-348.0,200,0,0.7083,0.038451
DQN,A1_grid,4,185,34587,-376.0,200,0,0.7066,0.038493
DQN,A1_grid,4,186,34787,-320.0,200,0,0.7049,0.033785
DQN,A1_grid,4,187,34987,-340.0,200,0,0.7032,0.075201
DQN,A1_grid,4,188,35187,-340.0,200,0,0.7015,0.038074
DQN,A1_grid,4,189,35270,-152.0,83,1,0.7008,0.034683
DQN,A1_grid,4,190,35470,-372.0,200,0,0.6991,0.06672
DQN,A1_grid,4,191,35670,-420.0,200,0,0.6974,0.025174
DQN,A1_grid,4,192,35870,-348.0,200,0,0.6957,0.029247
DQN,A1_grid,4,193,36070,-348.0,200,0,0.694,0.029967
DQN,A1_grid,4,194,36270,-372.0,200,0,0.6924,0.048663
DQN,A1_grid,4,195,36470,-356.0,200,0,0.6907,0.06773
DQN,A1_grid,4,196,36670,-380.0,200,0,0.689,0.044566
DQN,A1_grid,4,197,36870,-344.0,200,0,0.6873,0.039477
DQN,A1_grid,4,198,37070,-320.0,200,0,0.6856,0.036634
DQN,A1_grid,4,199,37270,-340.0,200,0,0.6839,0.02545
DQN,A1_grid,4,200,37470,-376.0,200,0,0.6822,0.039928
DQN,A1_grid,4,201,37478,-1.0,8,1,0.6821,0.125186
DQN,A1_grid,4,202,37678,-328.0,200,0,0.6804,0.060346
DQN,A1_grid,4,203,37878,-380.0,200,0,0.6787,0.045065
DQN,A1_grid,4,204,38078,-368.0,200,0,0.677,0.042073
DQN,A1_grid,4,205,38278,-296.0,200,0,0.6753,0.055811
DQN,A1_grid,4,206,38478,-380.0,200,0,0.6736,0.064393
DQN,A1_grid,4,207,38678,-300.0,200,0,0.6719,0.047375
DQN,A1_grid,4,208,38878,-344.0,200,0,0.6702,0.020782
DQN,A1_grid,4,209,39078,-352.0,200,0,0.6685,0.020452
DQN,A1_grid,4,210,39278,-404.0,200,0,0.6668,0.011067
DQN,A1_grid,4,211,39478,-284.0,200,0,0.6651,0.075487
DQN,A1_grid,4,212,39678,-316.0,200,0,0.6634,0.031492
DQN,A1_grid,4,213,39878,-320.0,200,0,0.6617,0.066566
DQN,A1_grid,4,214,40078,-288.0,200,0,0.6601,0.034322
DQN,A1_grid,4,215,40278,-340.0,200,0,0.6584,0.011244
DQN,A1_grid,4,216,40478,-316.0,200,0,0.6567,0.025973
DQN,A1_grid,4,217,40486,-1.0,8,1,0.6566,0.002641
DQN,A1_grid,4,218,40686,-252.0,200,0,0.6549,0.023522
DQN,A1_grid,4,219,40842,-253.0,156,1,0.6536,0.059027
DQN,A1_grid,4,220,41042,-340.0,200,0,0.6519,0.058612
DQN,A1_grid,4,221,41242,-332.0,200,0,0.6502,0.053831
DQN,A1_grid,4,222,41442,-312.0,200,0,0.6485,0.026723
DQN,A1_grid,4,223,41642,-332.0,200,0,0.6468,0.035557
DQN,A1_grid,4,224,41842,-352.0,200,0,0.6451,0.032493
DQN,A1_grid,4,225,42042,-356.0,200,0,0.6434,0.054052
DQN,A1_grid,4,226,42242,-348.0,200,0,0.6417,0.027827
DQN,A1_grid,4,227,42442,-380.0,200,0,0.64,0.04225
DQN,A1_grid,4,228,42642,-356.0,200,0,0.6383,0.054228
DQN,A1_grid,4,229,42842,-332.0,200,0,0.6366,0.062557
DQN,A1_grid,4,230,43042,-432.0,200,0,0.6349,0.068655
DQN,A1_grid,4,231,43242,-376.0,200,0,0.6332,0.058624
DQN,A1_grid,4,232,43247,6.0,5,1,0.6332,0.001853
DQN,A1_grid,4,233,43294,-72.0,47,1,0.6328,0.00108
DQN,A1_grid,4,234,43494,-316.0,200,0,0.6311,0.037687
DQN,A1_grid,4,235,43694,-400.0,200,0,0.6294,0.06506
DQN,A1_grid,4,236,43894,-284.0,200,0,0.6277,0.043085
DQN,A1_grid,4,237,44094,-328.0,200,0,0.626,0.04202
DQN,A1_grid,4,238,44142,-97.0,48,1,0.6256,0.089926
DQN,A1_grid,4,239,44342,-296.0,200,0,0.6239,0.053731
DQN,A1_grid,4,240,44542,-368.0,200,0,0.6222,0.053549
DQN,A1_grid,4,241,44742,-480.0,200,0,0.6205,0.059855
DQN,A1_grid,4,242,44942,-368.0,200,0,0.6188,0.053195
DQN,A1_grid,4,243,45142,-296.0,200,0,0.6171,0.028301
DQN,A1_grid,4,244,45342,-340.0,200,0,0.6154,0.038861
DQN,A1_grid,4,245,45366,-37.0,24,1,0.6152,0.001948
DQN,A1_grid,4,246,45383,-26.0,17,1,0.6151,0.001544
DQN,A1_grid,4,247,45583,-376.0,200,0,0.6134,0.049528
DQN,A1_grid,4,248,45783,-304.0,200,0,0.6117,0.06587
DQN,A1_grid,4,249,45983,-304.0,200,0,0.61,0.033528
DQN,A1_grid,4,250,46183,-392.0,200,0,0.6083,0.053151
DQN,A1_grid,4,251,46383,-420.0,200,0,0.6066,0.054299
DQN,A1_grid,4,252,46408,-50.0,25,1,0.6064,0.044901
DQN,A1_grid,4,253,46608,-404.0,200,0,0.6047,0.079616
DQN,A1_grid,4,254,46808,-328.0,200,0,0.603,0.044627
DQN,A1_grid,4,255,47008,-320.0,200,0,0.6013,0.035761
DQN,A1_grid,4,256,47022,-7.0,14,1,0.6012,0.172379
DQN,A1_grid,4,257,47116,-159.0,94,1,0.6004,0.05649
DQN,A1_grid,4,258,47316,-324.0,200,0,0.5987,0.049975
DQN,A1_grid,4,259,47516,-320.0,200,0,0.597,0.046781
DQN,A1_grid,4,260,47716,-264.0,200,0,0.5953,0.040836
DQN,A1_grid,4,261,47916,-360.0,200,0,0.5936,0.04456
DQN,A1_grid,4,262,48116,-308.0,200,0,0.5919,0.087999
DQN,A1_grid,4,263,48316,-336.0,200,0,0.5902,0.067737
DQN,A1_grid,4,264,48516,-352.0,200,0,0.5885,0.032831
DQN,A1_grid,4,265,48716,-388.0,200,0,0.5868,0.03893
DQN,A1_grid,4,266,48736,-33.0,20,1,0.5866,0.056584
DQN,A1_grid,4,267,48793,-78.0,57,1,0.5861,0.040754
DQN,A1_grid,4,268,48993,-404.0,200,0,0.5844,0.046983
DQN,A1_grid,4,269,49193,-360.0,200,0,0.5827,0.044636
DQN,A1_grid,4,270,49200,4.0,7,1,0.5827,0.003776
DQN,A1_grid,4,271,49218,-31.0,18,1,0.5825,0.003838
DQN,A1_grid,4,272,49229,-4.0,11,1,0.5824,0.100933
DQN,A1_grid,4,273,49429,-320.0,200,0,0.5807,0.062388
DQN,A1_grid,4,274,49629,-352.0,200,0,0.579,0.081723
DQN,A1_grid,4,275,49829,-360.0,200,0,0.5773,0.068801
DQN,A1_grid,4,276,49910,-166.0,81,1,0.5767,0.045956
DQN,A1_grid,4,277,50110,-320.0,200,0,0.575,0.050058
DQN,A1_grid,4,278,50310,-380.0,200,0,0.5733,0.057829
DQN,A1_grid,4,279,50510,-380.0,200,0,0.5716,0.05413
DQN,A1_grid,4,280,50522,-5.0,12,1,0.5715,0.014531
DQN,A1_grid,4,281,50534,-1.0,12,1,0.5714,0.007381
DQN,A1_grid,4,282,50734,-344.0,200,0,0.5697,0.026085
DQN,A1_grid,4,283,50761,-32.0,27,1,0.5694,0.047578
DQN,A1_grid,4,284,50863,-143.0,102,1,0.5686,0.035808
DQN,A1_grid,4,285,51063,-376.0,200,0,0.5669,0.088425
DQN,A1_grid,4,286,51263,-316.0,200,0,0.5652,0.072063
DQN,A1_grid,4,287,51463,-360.0,200,0,0.5635,0.048478
DQN,A1_grid,4,288,51663,-344.0,200,0,0.5618,0.058187
DQN,A1_grid,4,289,51863,-392.0,200,0,0.5601,0.099588
DQN,A1_grid,4,290,51873,-7.0,10,1,0.56,0.007299
DQN,A1_grid,4,291,52073,-328.0,200,0,0.5583,0.038965
DQN,A1_grid,4,292,52273,-432.0,200,0,0.5566,0.064495
DQN,A1_grid,4,293,52473,-328.0,200,0,0.5549,0.045057
DQN,A1_grid,4,294,52673,-412.0,200,0,0.5532,0.054876
DQN,A1_grid,4,295,52814,-222.0,141,1,0.552,0.070019
DQN,A1_grid,4,296,52821,0.0,7,1,0.552,0.006272
DQN,A1_grid,4,297,53021,-396.0,200,0,0.5503,0.068958
DQN,A1_grid,4,298,53221,-320.0,200,0,0.5486,0.050244
DQN,A1_grid,4,299,53246,-34.0,25,1,0.5484,0.051213
DQN,A1_grid,4,300,53446,-368.0,200,0,0.5467,0.100806
DQN,A1_grid,4,301,53479,-38.0,33,1,0.5464,0.10593
DQN,A1_grid,4,302,53679,-332.0,200,0,0.5447,0.063466
DQN,A1_grid,4,303,53879,-308.0,200,0,0.543,0.038608
DQN,A1_grid,4,304,53896,-14.0,17,1,0.5428,0.010373
DQN,A1_grid,4,305,53910,-7.0,14,1,0.5427,0.087163
DQN,A1_grid,4,306,53927,-18.0,17,1,0.5426,0.140079
DQN,A1_grid,4,307,53947,-21.0,20,1,0.5424,0.011892
DQN,A1_grid,4,308,53998,-72.0,51,1,0.542,0.07472
DQN,A1_grid,4,309,54072,-91.0,74,1,0.5414,0.169303
DQN,A1_grid,4,310,54077,6.0,5,1,0.5413,0.017404
DQN,A1_grid,4,311,54111,-51.0,34,1,0.541,0.112646
DQN,A1_grid,4,312,54311,-356.0,200,0,0.5393,0.084478
DQN,A1_grid,4,313,54332,-26.0,21,1,0.5391,0.162541
DQN,A1_grid,4,314,54358,-19.0,26,1,0.5389,0.10074
DQN,A1_grid,4,315,54394,-33.0,36,1,0.5386,0.075426
DQN,A1_grid,4,316,54594,-392.0,200,0,0.5369,0.109412
DQN,A1_grid,4,317,54602,-1.0,8,1,0.5369,0.019401
DQN,A1_grid,4,318,54802,-312.0,200,0,0.5352,0.096263
DQN,A1_grid,4,319,55002,-304.0,200,0,0.5335,0.105062
DQN,A1_grid,4,320,55202,-328.0,200,0,0.5318,0.095569
DQN,A1_grid,4,321,55276,-107.0,74,1,0.5311,0.118444
DQN,A1_grid,4,322,55322,-87.0,46,1,0.5308,0.137842
DQN,A1_grid,4,323,55371,-58.0,49,1,0.5303,0.098138
DQN,A1_grid,4,324,55571,-320.0,200,0,0.5286,0.098811
DQN,A1_grid,4,325,55771,-356.0,200,0,0.5269,0.111224
DQN,A1_grid,4,326,55971,-380.0,200,0,0.5252,0.06056
DQN,A1_grid,4,327,56171,-356.0,200,0,0.5235,0.12544
DQN,A1_grid,4,328,56185,-7.0,14,1,0.5234,0.121718
DQN,A1_grid,4,329,56385,-312.0,200,0,0.5217,0.110982
DQN,A1_grid,4,330,56585,-348.0,200,0,0.52,0.089785
DQN,A1_grid,4,331,56785,-312.0,200,0,0.5183,0.11874
DQN,A1_grid,4,332,56985,-308.0,200,0,0.5166,0.116353
DQN,A1_grid,4,333,57092,-156.0,107,1,0.5157,0.161301
DQN,A1_grid,4,334,57135,-44.0,43,1,0.5154,0.14545
DQN,A1_grid,4,335,57335,-372.0,200,0,0.5137,0.123747
DQN,A1_grid,4,336,57535,-280.0,200,0,0.512,0.118511
DQN,A1_grid,4,337,57557,-23.0,22,1,0.5118,0.207774
DQN,A1_grid,4,338,57757,-416.0,200,0,0.5101,0.108697
DQN,A1_grid,4,339,57957,-280.0,200,0,0.5084,0.138744
DQN,A1_grid,4,340,57986,-34.0,29,1,0.5082,0.048828
DQN,A1_grid,4,341,58025,-60.0,39,1,0.5078,0.079066
DQN,A1_grid,4,342,58031,1.0,6,1,0.5078,0.255086
DQN,A1_grid,4,343,58231,-324.0,200,0,0.5061,0.167136
DQN,A1_grid,4,344,58244,-10.0,13,1,0.506,0.052686
DQN,A1_grid,4,345,58321,-98.0,77,1,0.5053,0.17601
DQN,A1_grid,4,346,58343,-27.0,22,1,0.5051,0.105338
DQN,A1_grid,4,347,58386,-68.0,43,1,0.5048,0.154302
DQN,A1_grid,4,348,58528,-235.0,142,1,0.5036,0.133913
DQN,A1_grid,4,349,58635,-188.0,107,1,0.5026,0.184346
DQN,A1_grid,4,350,58835,-416.0,200,0,0.501,0.143191
DQN,A1_grid,4,351,58856,-22.0,21,1,0.5008,0.278317
DQN,A1_grid,4,352,58992,-245.0,136,1,0.4996,0.156491
DQN,A1_grid,4,353,59022,-39.0,30,1,0.4994,0.102252
DQN,A1_grid,4,354,59053,-36.0,31,1,0.4991,0.211729
DQN,A1_grid,4,355,59074,-30.0,21,1,0.4989,0.192858
DQN,A1_grid,4,356,59274,-368.0,200,0,0.4972,0.204605
DQN,A1_grid,4,357,59352,-111.0,78,1,0.4966,0.154351
DQN,A1_grid,4,358,59552,-348.0,200,0,0.4949,0.180453
DQN,A1_grid,4,359,59626,-79.0,74,1,0.4942,0.228077
DQN,A1_grid,4,360,59826,-332.0,200,0,0.4925,0.201654
DQN,A1_grid,4,361,59838,-9.0,12,1,0.4924,0.203157
DQN,A1_grid,4,362,59853,-8.0,15,1,0.4923,0.190122
DQN,A1_grid,4,363,59871,-15.0,18,1,0.4922,0.231974
DQN,A1_grid,4,364,59897,-19.0,26,1,0.4919,0.210972
DQN,A1_grid,4,365,59976,-124.0,79,1,0.4913,0.250568
DQN,A1_grid,4,366,59998,-31.0,22,1,0.4911,0.223626
DQN,A1_grid,4,367,60021,-20.0,23,1,0.4909,0.377386
DQN,A1_grid,4,368,60043,-23.0,22,1,0.4907,0.209667
DQN,A1_grid,4,369,60048,6.0,5,1,0.4907,0.191446
DQN,A1_grid,4,370,60057,-6.0,9,1,0.4906,0.111409
DQN,A1_grid,4,371,60257,-268.0,200,0,0.4889,0.237635
DQN,A1_grid,4,372,60457,-296.0,200,0,0.4872,0.253901
DQN,A1_grid,4,373,60657,-376.0,200,0,0.4855,0.271027
DQN,A1_grid,4,374,60857,-372.0,200,0,0.4838,0.244771
DQN,A1_grid,4,375,60888,-28.0,31,1,0.4835,0.226294
DQN,A1_grid,4,376,61088,-364.0,200,0,0.4818,0.266066
DQN,A1_grid,4,377,61288,-304.0,200,0,0.4801,0.28229
DQN,A1_grid,4,378,61309,-26.0,21,1,0.48,0.29435
DQN,A1_grid,4,379,61344,-48.0,35,1,0.4797,0.302889
DQN,A1_grid,4,380,61544,-344.0,200,0,0.478,0.27907
DQN,A1_grid,4,381,61744,-388.0,200,0,0.4763,0.300428
DQN,A1_grid,4,382,61944,-340.0,200,0,0.4746,0.298617
DQN,A1_grid,4,383,62144,-324.0,200,0,0.4729,0.336883
DQN,A1_grid,4,384,62344,-248.0,200,0,0.4712,0.303994
DQN,A1_grid,4,385,62544,-392.0,200,0,0.4695,0.327845
DQN,A1_grid,4,386,62744,-280.0,200,0,0.4678,0.312241
DQN,A1_grid,4,387,62748,7.0,4,1,0.4678,0.298525
DQN,A1_grid,4,388,62766,-15.0,18,1,0.4676,0.425354
DQN,A1_grid,4,389,62966,-312.0,200,0,0.4659,0.344679
DQN,A1_grid,4,390,63166,-400.0,200,0,0.4642,0.452895
DQN,A1_grid,4,391,63285,-184.0,119,1,0.4632,0.448448
DQN,A1_grid,4,392,63485,-296.0,200,0,0.4615,0.426142
DQN,A1_grid,4,393,63526,-58.0,41,1,0.4612,0.4984
DQN,A1_grid,4,394,63726,-320.0,200,0,0.4595,0.513983
DQN,A1_grid,4,395,63824,-107.0,98,1,0.4586,0.408338
DQN,A1_grid,4,396,64024,-320.0,200,0,0.4569,0.468751
DQN,A1_grid,4,397,64126,-139.0,102,1,0.4561,0.598981
DQN,A1_grid,4,398,64177,-60.0,51,1,0.4556,0.519901
DQN,A1_grid,4,399,64200,-32.0,23,1,0.4554,0.600313
DQN,A1_grid,4,400,64368,-245.0,168,1,0.454,0.508772
DQN,A1_grid,4,401,64568,-284.0,200,0,0.4523,0.563056
DQN,A1_grid,4,402,64768,-340.0,200,0,0.4506,0.637537
DQN,A1_grid,4,403,64968,-304.0,200,0,0.4489,0.549838
DQN,A1_grid,4,404,64970,9.0,2,1,0.4489,0.293699
DQN,A1_grid,4,405,64993,-32.0,23,1,0.4487,0.479864
DQN,A1_grid,4,406,65193,-360.0,200,0,0.447,0.673485
DQN,A1_grid,4,407,65233,-57.0,40,1,0.4467,0.694173
DQN,A1_grid,4,408,65433,-296.0,200,0,0.445,0.653427
DQN,A1_grid,4,409,65449,-21.0,16,1,0.4449,0.626348
DQN,A1_grid,4,410,65455,1.0,6,1,0.4448,0.548593
DQN,A1_grid,4,411,65512,-86.0,57,1,0.4443,0.785202
DQN,A1_grid,4,412,65518,1.0,6,1,0.4443,0.925681
DQN,A1_grid,4,413,65530,-17.0,12,1,0.4442,0.725308
DQN,A1_grid,4,414,65542,-1.0,12,1,0.4441,0.944478
DQN,A1_grid,4,415,65742,-312.0,200,0,0.4424,0.800455
DQN,A1_grid,4,416,65942,-340.0,200,0,0.4407,0.756886
DQN,A1_grid,4,417,66142,-328.0,200,0,0.439,0.946005
DQN,A1_grid,4,418,66176,-55.0,34,1,0.4387,0.863227
DQN,A1_grid,4,419,66203,-20.0,27,1,0.4385,0.755328
DQN,A1_grid,4,420,66220,-26.0,17,1,0.4383,0.922142
DQN,A1_grid,4,421,66226,1.0,6,1,0.4383,0.628541
DQN,A1_grid,4,422,66247,-22.0,21,1,0.4381,0.856518
DQN,A1_grid,4,423,66257,1.0,10,1,0.438,0.837865
DQN,A1_grid,4,424,66269,-1.0,12,1,0.4379,1.079943
DQN,A1_grid,4,425,66397,-189.0,128,1,0.4368,0.828316
DQN,A1_grid,4,426,66502,-146.0,105,1,0.4359,0.907469
DQN,A1_grid,4,427,66702,-316.0,200,0,0.4342,1.012511
DQN,A1_grid,4,428,66902,-376.0,200,0,0.4325,0.874698
DQN,A1_grid,4,429,66930,-25.0,28,1,0.4323,0.903822
DQN,A1_grid,4,430,67130,-292.0,200,0,0.4306,1.050079
DQN,A1_grid,4,431,67330,-328.0,200,0,0.4289,1.043876
DQN,A1_grid,4,432,67530,-304.0,200,0,0.4272,1.109748
DQN,A1_grid,4,433,67730,-316.0,200,0,0.4255,1.12856
DQN,A1_grid,4,434,67930,-324.0,200,0,0.4238,1.107369
DQN,A1_grid,4,435,67946,-13.0,16,1,0.4237,1.484661
DQN,A1_grid,4,436,67981,-48.0,35,1,0.4234,1.0366
DQN,A1_grid,4,437,68114,-222.0,133,1,0.4222,1.149225
DQN,A1_grid,4,438,68148,-47.0,34,1,0.422,0.966281
DQN,A1_grid,4,439,68190,-59.0,42,1,0.4216,1.210967
DQN,A1_grid,4,440,68390,-280.0,200,0,0.4199,1.223694
DQN,A1_grid,4,441,68433,-60.0,43,1,0.4195,1.231532
DQN,A1_grid,4,442,68451,-15.0,18,1,0.4194,1.210065
DQN,A1_grid,4,443,68623,-297.0,172,1,0.4179,1.272457
DQN,A1_grid,4,444,68674,-68.0,51,1,0.4175,1.133118
DQN,A1_grid,4,445,68874,-280.0,200,0,0.4158,1.281344
DQN,A1_grid,4,446,69068,-303.0,194,1,0.4142,1.296452
DQN,A1_grid,4,447,69077,-2.0,9,1,0.4141,1.4967
DQN,A1_grid,4,448,69084,0.0,7,1,0.414,1.530212
DQN,A1_grid,4,449,69284,-300.0,200,0,0.4123,1.428007
DQN,A1_grid,4,450,69297,-10.0,13,1,0.4122,1.172704
DQN,A1_grid,4,451,69329,-33.0,32,1,0.4119,1.242567
DQN,A1_grid,4,452,69342,-6.0,13,1,0.4118,1.194867
DQN,A1_grid,4,453,69347,6.0,5,1,0.4118,1.391089
DQN,A1_grid,4,454,69547,-352.0,200,0,0.4101,1.330292
DQN,A1_grid,4,455,69590,-60.0,43,1,0.4097,1.876238
DQN,A1_grid,4,456,69601,-12.0,11,1,0.4096,1.562303
DQN,A1_grid,4,457,69801,-340.0,200,0,0.4079,1.491217
DQN,A1_grid,4,458,70001,-268.0,200,0,0.4062,1.416748
DQN,A1_grid,4,459,70201,-276.0,200,0,0.4045,1.423173
DQN,A1_grid,4,460,70231,-31.0,30,1,0.4043,1.429747
DQN,A1_grid,4,461,70249,-15.0,18,1,0.4041,1.615181
DQN,A1_grid,4,462,70264,-12.0,15,1,0.404,1.193938
DQN,A1_grid,4,463,70296,-41.0,32,1,0.4037,1.372009
DQN,A1_grid,4,464,70309,-2.0,13,1,0.4036,1.664566
DQN,A1_grid,4,465,70359,-83.0,50,1,0.4032,1.493632
DQN,A1_grid,4,466,70383,-13.0,24,1,0.403,1.105766
DQN,A1_grid,4,467,70583,-276.0,200,0,0.4013,1.483765
DQN,A1_grid,4,468,70609,-23.0,26,1,0.4011,1.664401
DQN,A1_grid,4,469,70809,-268.0,200,0,0.3994,1.43579
DQN,A1_grid,4,470,70827,-23.0,18,1,0.3992,1.531296
DQN,A1_grid,4,471,70864,-58.0,37,1,0.3989,1.534151
DQN,A1_grid,4,472,70934,-107.0,70,1,0.3983,1.376309
DQN,A1_grid,4,473,70983,-70.0,49,1,0.3979,1.379683
DQN,A1_grid,4,474,71020,-42.0,37,1,0.3976,1.345262
DQN,A1_grid,4,475,71220,-264.0,200,0,0.3959,1.706043
DQN,A1_grid,4,476,71285,-78.0,65,1,0.3954,1.572581
DQN,A1_grid,4,477,71375,-131.0,90,1,0.3946,1.307179
DQN,A1_grid,4,478,71575,-292.0,200,0,0.3929,1.481
DQN,A1_grid,4,479,71625,-55.0,50,1,0.3925,1.478086
DQN,A1_grid,4,480,71648,-20.0,23,1,0.3923,1.661284
DQN,A1_grid,4,481,71848,-276.0,200,0,0.3906,1.531031
DQN,A1_grid,4,482,72048,-304.0,200,0,0.3889,1.402315
DQN,A1_grid,4,483,72248,-296.0,200,0,0.3872,1.50958
DQN,A1_grid,4,484,72321,-118.0,73,1,0.3866,1.518275
DQN,A1_grid,4,485,72521,-324.0,200,0,0.3849,1.58919
DQN,A1_grid,4,486,72721,-324.0,200,0,0.3832,1.532283
DQN,A1_grid,4,487,72845,-217.0,124,1,0.3821,1.386712
DQN,A1_grid,4,488,73045,-304.0,200,0,0.3804,1.449229
DQN,A1_grid,4,489,73245,-264.0,200,0,0.3787,1.516182
DQN,A1_grid,4,490,73445,-256.0,200,0,0.377,1.507558
DQN,A1_grid,4,491,73535,-115.0,90,1,0.3763,1.594918
DQN,A1_grid,4,492,73710,-292.0,175,1,0.3748,1.579733
DQN,A1_grid,4,493,73910,-300.0,200,0,0.3731,1.447964
DQN,A1_grid,4,494,73961,-64.0,51,1,0.3727,1.497274
DQN,A1_grid,4,495,74081,-149.0,120,1,0.3716,1.511278
DQN,A1_grid,4,496,74281,-272.0,200,0,0.3699,1.628822
DQN,A1_grid,4,497,74481,-268.0,200,0,0.3682,1.422982
DQN,A1_grid,4,498,74681,-252.0,200,0,0.3665,1.576744
DQN,A1_grid,4,499,74811,-207.0,130,1,0.3654,1.490922
DQN,A1_grid,4,500,74833,-15.0,22,1,0.3653,1.55087
DQN,A1_grid,4,501,75033,-292.0,200,0,0.3636,1.411642
DQN,A1_grid,4,502,75233,-288.0,200,0,0.3619,1.57038
DQN,A1_grid,4,503,75433,-280.0,200,0,0.3602,1.434953
DQN,A1_grid,4,504,75480,-52.0,47,1,0.3598,1.411076
DQN,A1_grid,4,505,75518,-47.0,38,1,0.3594,1.672556
DQN,A1_grid,4,506,75608,-139.0,90,1,0.3587,1.332305
DQN,A1_grid,4,507,75631,-24.0,23,1,0.3585,1.470865
DQN,A1_grid,4,508,75689,-71.0,58,1,0.358,1.459903
DQN,A1_grid,4,509,75750,-90.0,61,1,0.3575,1.511171
DQN,A1_grid,4,510,75772,-15.0,22,1,0.3573,1.610577
DQN,A1_grid,4,511,75972,-248.0,200,0,0.3556,1.474329
DQN,A1_grid,4,512,76013,-38.0,41,1,0.3552,1.383695
DQN,A1_grid,4,513,76112,-128.0,99,1,0.3544,1.503142
DQN,A1_grid,4,514,76139,-20.0,27,1,0.3542,1.262971
DQN,A1_grid,4,515,76156,-14.0,17,1,0.354,1.487913
DQN,A1_grid,4,516,76241,-134.0,85,1,0.3533,1.454367
DQN,A1_grid,4,517,76346,-162.0,105,1,0.3524,1.354635
DQN,A1_grid,4,518,76394,-65.0,48,1,0.352,1.517025
DQN,A1_grid,4,519,76476,-123.0,82,1,0.3513,1.600842
DQN,A1_grid,4,520,76488,-5.0,12,1,0.3512,1.893506
DQN,A1_grid,4,521,76615,-196.0,127,1,0.3501,1.383621
DQN,A1_grid,4,522,76624,2.0,9,1,0.3501,1.405617
DQN,A1_grid,4,523,76648,-13.0,24,1,0.3499,1.395727
DQN,A1_grid,4,524,76848,-292.0,200,0,0.3482,1.390377
DQN,A1_grid,4,525,77048,-240.0,200,0,0.3465,1.404407
DQN,A1_grid,4,526,77248,-260.0,200,0,0.3448,1.409732
DQN,A1_grid,4,527,77448,-288.0,200,0,0.3431,1.385078
DQN,A1_grid,4,528,77458,-7.0,10,1,0.343,1.085858
DQN,A1_grid,4,529,77472,-3.0,14,1,0.3429,1.327043
DQN,A1_grid,4,530,77511,-32.0,39,1,0.3425,1.351876
DQN,A1_grid,4,531,77525,-11.0,14,1,0.3424,1.376501
DQN,A1_grid,4,532,77538,-10.0,13,1,0.3423,1.486117
DQN,A1_grid,4,533,77582,-49.0,44,1,0.3419,1.310882
DQN,A1_grid,4,534,77656,-107.0,74,1,0.3413,1.457393
DQN,A1_grid,4,535,77688,-29.0,32,1,0.341,1.672829
DQN,A1_grid,4,536,77696,-1.0,8,1,0.341,1.411523
DQN,A1_grid,4,537,77896,-256.0,200,0,0.3393,1.436077
DQN,A1_grid,4,538,78096,-224.0,200,0,0.3376,1.570879
DQN,A1_grid,4,539,78108,-9.0,12,1,0.3375,1.277318
DQN,A1_grid,4,540,78308,-384.0,200,0,0.3358,1.503396
DQN,A1_grid,4,541,78316,-1.0,8,1,0.3357,1.095824
DQN,A1_grid,4,542,78516,-376.0,200,0,0.334,1.408237
DQN,A1_grid,4,543,78716,-248.0,200,0,0.3323,1.439142
DQN,A1_grid,4,544,78916,-392.0,200,0,0.3306,1.395654
DQN,A1_grid,4,545,78923,4.0,7,1,0.3306,1.069301
DQN,A1_grid,4,546,78978,-64.0,55,1,0.3301,1.340918
DQN,A1_grid,4,547,79064,-107.0,86,1,0.3294,1.534643
DQN,A1_grid,4,548,79120,-101.0,56,1,0.3289,1.450601
DQN,A1_grid,4,549,79144,-13.0,24,1,0.3287,1.365961
DQN,A1_grid,4,550,79258,-151.0,114,1,0.3277,1.335034
DQN,A1_grid,4,551,79302,-45.0,44,1,0.3273,1.418006
DQN,A1_grid,4,552,79313,0.0,11,1,0.3273,1.172307
DQN,A1_grid,4,553,79513,-260.0,200,0,0.3256,1.413046
DQN,A1_grid,4,554,79713,-248.0,200,0,0.3239,1.500185
DQN,A1_grid,4,555,79835,-223.0,122,1,0.3228,1.45333
DQN,A1_grid,4,556,79994,-280.0,159,1,0.3215,1.306119
DQN,A1_grid,4,557,80194,-248.0,200,0,0.3198,1.44479
DQN,A1_grid,4,558,80197,8.0,3,1,0.3198,0.924936
DQN,A1_grid,4,559,80218,-14.0,21,1,0.3196,1.830076
DQN,A1_grid,4,560,80266,-41.0,48,1,0.3192,1.362909
DQN,A1_grid,4,561,80466,-296.0,200,0,0.3175,1.327281
DQN,A1_grid,4,562,80476,-3.0,10,1,0.3174,1.838353
DQN,A1_grid,4,563,80676,-280.0,200,0,0.3157,1.462404
DQN,A1_grid,4,564,80830,-195.0,154,1,0.3144,1.340701
DQN,A1_grid,4,565,80838,-1.0,8,1,0.3143,1.485242
DQN,A1_grid,4,566,81029,-244.0,191,1,0.3127,1.427807
DQN,A1_grid,4,567,81044,-8.0,15,1,0.3126,1.675595
DQN,A1_grid,4,568,81081,-42.0,37,1,0.3123,1.575173
DQN,A1_grid,4,569,81281,-280.0,200,0,0.3106,1.45933
DQN,A1_grid,4,570,81481,-228.0,200,0,0.3089,1.375749
DQN,A1_grid,4,571,81681,-272.0,200,0,0.3072,1.556151
DQN,A1_grid,4,572,81702,-10.0,21,1,0.307,1.372289
DQN,A1_grid,4,573,81703,10.0,1,1,0.307,1.24446
DQN,A1_grid,4,574,81761,-79.0,58,1,0.3065,1.431979
DQN,A1_grid,4,575,81765,7.0,4,1,0.3065,1.636454
DQN,A1_grid,4,576,81799,-27.0,34,1,0.3062,1.40733
DQN,A1_grid,4,577,81806,4.0,7,1,0.3061,1.297961
DQN,A1_grid,4,578,81824,-11.0,18,1,0.306,1.493924
DQN,A1_grid,4,579,81837,-6.0,13,1,0.3058,1.671902
DQN,A1_grid,4,580,81848,0.0,11,1,0.3058,1.587082
DQN,A1_grid,4,581,82048,-244.0,200,0,0.3041,1.374616
DQN,A1_grid,4,582,82059,0.0,11,1,0.304,1.751972
DQN,A1_grid,4,583,82067,-1.0,8,1,0.3039,1.646616
DQN,A1_grid,4,584,82094,-36.0,27,1,0.3037,1.450158
DQN,A1_grid,4,585,82231,-178.0,137,1,0.3025,1.312856
DQN,A1_grid,4,586,82405,-227.0,174,1,0.301,1.40523
DQN,A1_grid,4,587,82419,-11.0,14,1,0.3009,1.115213
DQN,A1_grid,4,588,82430,-8.0,11,1,0.3008,1.308923
DQN,A1_grid,4,589,82434,7.0,4,1,0.3008,2.022679
DQN,A1_grid,4,590,82463,-38.0,29,1,0.3005,1.363013
DQN,A1_grid,4,591,82472,-2.0,9,1,0.3005,1.379085
DQN,A1_grid,4,592,82496,-21.0,24,1,0.3003,1.257676
DQN,A1_grid,4,593,82510,-7.0,14,1,0.3001,1.487439
DQN,A1_grid,4,594,82551,-54.0,41,1,0.2998,1.804819
DQN,A1_grid,4,595,82566,-8.0,15,1,0.2997,1.66853
DQN,A1_grid,4,596,82629,-80.0,63,1,0.2991,1.455697
DQN,A1_grid,4,597,82656,-28.0,27,1,0.2989,1.500251
DQN,A1_grid,4,598,82814,-203.0,158,1,0.2976,1.389382
DQN,A1_grid,4,599,82861,-68.0,47,1,0.2972,1.336111
DQN,A1_grid,4,600,83061,-252.0,200,0,0.2955,1.45311
DQN,A1_grid,4,601,83080,-28.0,19,1,0.2953,1.475947
DQN,A1_grid,4,602,83128,-53.0,48,1,0.2949,1.424642
DQN,A1_grid,4,603,83132,7.0,4,1,0.2949,1.900552
DQN,A1_grid,4,604,83169,-42.0,37,1,0.2945,1.522151
DQN,A1_grid,4,605,83175,1.0,6,1,0.2945,1.513719
DQN,A1_grid,4,606,83202,-20.0,27,1,0.2943,1.546952
DQN,A1_grid,4,607,83244,-51.0,42,1,0.2939,1.429843
DQN,A1_grid,4,608,83279,-40.0,35,1,0.2936,1.33768
DQN,A1_grid,4,609,83332,-62.0,53,1,0.2932,1.424249
DQN,A1_grid,4,610,83388,-73.0,56,1,0.2927,1.127535
DQN,A1_grid,4,611,83442,-67.0,54,1,0.2922,1.307207
DQN,A1_grid,4,612,83485,-56.0,43,1,0.2919,1.295416
DQN,A1_grid,4,613,83685,-288.0,200,0,0.2902,1.409018
DQN,A1_grid,4,614,83713,-17.0,28,1,0.2899,1.310607
DQN,A1_grid,4,615,83913,-268.0,200,0,0.2882,1.324216
DQN,A1_grid,4,616,84049,-157.0,136,1,0.2871,1.419672
DQN,A1_grid,4,617,84093,-69.0,44,1,0.2867,1.488905
DQN,A1_grid,4,618,84204,-148.0,111,1,0.2858,1.273436
DQN,A1_grid,4,619,84270,-71.0,66,1,0.2852,1.277838
DQN,A1_grid,4,620,84298,-25.0,28,1,0.285,1.345709
DQN,A1_grid,4,621,84341,-36.0,43,1,0.2846,1.234686
DQN,A1_grid,4,622,84359,-7.0,18,1,0.2845,1.19716
DQN,A1_grid,4,623,84397,-43.0,38,1,0.2841,1.381102
DQN,A1_grid,4,624,84402,6.0,5,1,0.2841,1.158657
DQN,A1_grid,4,625,84462,-65.0,60,1,0.2836,1.21525
DQN,A1_grid,4,626,84470,-1.0,8,1,0.2835,0.966451
DQN,A1_grid,4,627,84501,-32.0,31,1,0.2833,1.089835
DQN,A1_grid,4,628,84520,-8.0,19,1,0.2831,1.523095
DQN,A1_grid,4,629,84674,-199.0,154,1,0.2818,1.413732
DQN,A1_grid,4,630,84706,-41.0,32,1,0.2815,1.438343
DQN,A1_grid,4,631,84869,-200.0,163,1,0.2801,1.338072
DQN,A1_grid,4,632,85069,-256.0,200,0,0.2784,1.423166
DQN,A1_grid,4,633,85081,-1.0,12,1,0.2783,1.270066
DQN,A1_grid,4,634,85136,-80.0,55,1,0.2779,1.508418
DQN,A1_grid,4,635,85150,-7.0,14,1,0.2777,1.604169
DQN,A1_grid,4,636,85160,-7.0,10,1,0.2777,1.544409
DQN,A1_grid,4,637,85340,-205.0,180,1,0.2761,1.268325
DQN,A1_grid,4,638,85372,-21.0,32,1,0.2759,1.304645
DQN,A1_grid,4,639,85406,-35.0,34,1,0.2756,1.229
DQN,A1_grid,4,640,85420,-3.0,14,1,0.2755,1.291327
DQN,A1_grid,4,641,85426,5.0,6,1,0.2754,1.363197
DQN,A1_grid,4,642,85456,-27.0,30,1,0.2752,1.087937
DQN,A1_grid,4,643,85537,-94.0,81,1,0.2745,1.427109
DQN,A1_grid,4,644,85540,4.0,3,1,0.2744,1.987242
DQN,A1_grid,4,645,85544,7.0,4,1,0.2744,1.19202
DQN,A1_grid,4,646,85561,-14.0,17,1,0.2743,1.308785
DQN,A1_grid,4,647,85579,-19.0,18,1,0.2741,1.554592
DQN,A1_grid,4,648,85603,-13.0,24,1,0.2739,1.466591
DQN,A1_grid,4,649,85645,-35.0,42,1,0.2735,1.41905
DQN,A1_grid,4,650,85774,-166.0,129,1,0.2725,1.347282
DQN,A1_grid,4,651,85815,-66.0,41,1,0.2721,1.268494
DQN,A1_grid,4,652,85841,-47.0,26,1,0.2719,1.371191
DQN,A1_grid,4,653,85848,4.0,7,1,0.2718,1.124175
DQN,A1_grid,4,654,85909,-74.0,61,1,0.2713,1.306706
DQN,A1_grid,4,655,85924,-8.0,15,1,0.2712,1.207053
DQN,A1_grid,4,656,86077,-194.0,153,1,0.2699,1.519692
DQN,A1_grid,4,657,86112,-32.0,35,1,0.2696,1.545479
DQN,A1_grid,4,658,86128,-17.0,16,1,0.2694,1.600282
DQN,A1_grid,4,659,86163,-36.0,35,1,0.2692,1.492649
DQN,A1_grid,4,660,86167,3.0,4,1,0.2691,1.467687
DQN,A1_grid,4,661,86194,-20.0,27,1,0.2689,1.377643
DQN,A1_grid,4,662,86211,-10.0,17,1,0.2687,1.374383
DQN,A1_grid,4,663,86233,-15.0,22,1,0.2686,1.326026
DQN,A1_grid,4,664,86253,-13.0,20,1,0.2684,1.498029
DQN,A1_grid,4,665,86260,4.0,7,1,0.2683,1.364473
DQN,A1_grid,4,666,86266,5.0,6,1,0.2683,1.083107
DQN,A1_grid,4,667,86291,-18.0,25,1,0.2681,1.361778
DQN,A1_grid,4,668,86298,4.0,7,1,0.268,1.718938
DQN,A1_grid,4,669,86349,-108.0,51,1,0.2676,1.193311
DQN,A1_grid,4,670,86357,3.0,8,1,0.2675,1.142108
DQN,A1_grid,4,671,86393,-33.0,36,1,0.2672,1.290905
DQN,A1_grid,4,672,86413,-13.0,20,1,0.267,1.195432
DQN,A1_grid,4,673,86436,-24.0,23,1,0.2668,1.192405
DQN,A1_grid,4,674,86449,-6.0,13,1,0.2667,1.409604
DQN,A1_grid,4,675,86474,-14.0,25,1,0.2665,1.354484
DQN,A1_grid,4,676,86501,-16.0,27,1,0.2663,1.34703
DQN,A1_grid,4,677,86517,-9.0,16,1,0.2662,1.77342
DQN,A1_grid,4,678,86524,0.0,7,1,0.2661,1.432394
DQN,A1_grid,4,679,86535,0.0,11,1,0.266,1.482783
DQN,A1_grid,4,680,86544,-6.0,9,1,0.2659,1.476881
DQN,A1_grid,4,681,86571,-28.0,27,1,0.2657,1.385325
DQN,A1_grid,4,682,86592,-14.0,21,1,0.2655,1.513426
DQN,A1_grid,4,683,86597,6.0,5,1,0.2655,1.373329
DQN,A1_grid,4,684,86650,-54.0,53,1,0.265,1.489612
DQN,A1_grid,4,685,86691,-46.0,41,1,0.2647,1.277937
DQN,A1_grid,4,686,86696,6.0,5,1,0.2646,1.172404
DQN,A1_grid,4,687,86701,2.0,5,1,0.2646,1.219464
DQN,A1_grid,4,688,86706,2.0,5,1,0.2645,1.765727
DQN,A1_grid,4,689,86717,0.0,11,1,0.2645,1.365921
DQN,A1_grid,4,690,86731,-3.0,14,1,0.2643,1.459286
DQN,A1_grid,4,691,86773,-43.0,42,1,0.264,1.375057
DQN,A1_grid,4,692,86838,-78.0,65,1,0.2634,1.334568
DQN,A1_grid,4,693,86861,-20.0,23,1,0.2632,1.191545
DQN,A1_grid,4,694,87025,-197.0,164,1,0.2618,1.300704
DQN,A1_grid,4,695,87042,-14.0,17,1,0.2617,1.327426
DQN,A1_grid,4,696,87072,-23.0,30,1,0.2614,1.365129
DQN,A1_grid,4,697,87086,-3.0,14,1,0.2613,1.251147
DQN,A1_grid,4,698,87133,-60.0,47,1,0.2609,1.447758
DQN,A1_grid,4,699,87143,1.0,10,1,0.2608,1.313029
DQN,A1_grid,4,700,87191,-45.0,48,1,0.2604,1.359797
DQN,A1_grid,4,701,87271,-97.0,80,1,0.2598,1.26524
DQN,A1_grid,4,702,87311,-37.0,40,1,0.2594,1.233159
DQN,A1_grid,4,703,87351,-37.0,40,1,0.2591,1.071683
DQN,A1_grid,4,704,87390,-52.0,39,1,0.2587,1.166766
DQN,A1_grid,4,705,87424,-51.0,34,1,0.2585,1.18855
DQN,A1_grid,4,706,87474,-47.0,50,1,0.258,1.095147
DQN,A1_grid,4,707,87475,10.0,1,1,0.258,0.618675
DQN,A1_grid,4,708,87478,8.0,3,1,0.258,1.084146
DQN,A1_grid,4,709,87492,-3.0,14,1,0.2579,1.029475
DQN,A1_grid,4,710,87513,-14.0,21,1,0.2577,1.356573
DQN,A1_grid,4,711,87560,-64.0,47,1,0.2573,1.327438
DQN,A1_grid,4,712,87594,-27.0,34,1,0.257,1.48988
DQN,A1_grid,4,713,87615,-14.0,21,1,0.2568,1.276727
DQN,A1_grid,4,714,87647,-33.0,32,1,0.2566,1.304537
DQN,A1_grid,4,715,87700,-58.0,53,1,0.2561,1.254653
DQN,A1_grid,4,716,87715,-8.0,15,1,0.256,1.056339
DQN,A1_grid,4,717,87762,-48.0,47,1,0.2556,1.16992
DQN,A1_grid,4,718,87789,-52.0,27,1,0.2554,1.061374
DQN,A1_grid,4,719,87851,-67.0,62,1,0.2548,1.21115
DQN,A1_grid,4,720,87858,-16.0,7,1,0.2548,1.244913
DQN,A1_grid,4,721,87863,6.0,5,1,0.2547,0.966789
DQN,A1_grid,4,722,87886,-20.0,23,1,0.2545,1.06254
DQN,A1_grid,4,723,87912,-27.0,26,1,0.2543,1.128389
DQN,A1_grid,4,724,87943,-28.0,31,1,0.2541,1.038144
DQN,A1_grid,4,725,87944,10.0,1,1,0.254,0.663083
DQN,A1_grid,4,726,87985,-38.0,41,1,0.2537,1.217021
DQN,A1_grid,4,727,88013,-45.0,28,1,0.2535,1.316044
DQN,A1_grid,4,728,88050,-50.0,37,1,0.2531,1.440582
DQN,A1_grid,4,729,88058,-1.0,8,1,0.2531,1.148461
DQN,A1_grid,4,730,88084,-19.0,26,1,0.2529,1.297604
DQN,A1_grid,4,731,88106,-15.0,22,1,0.2527,1.288244
DQN,A1_grid,4,732,88139,-30.0,33,1,0.2524,1.241973
DQN,A1_grid,4,733,88191,-49.0,52,1,0.252,1.126437
DQN,A1_grid,4,734,88242,-52.0,51,1,0.2515,1.208976
DQN,A1_grid,4,735,88244,9.0,2,1,0.2515,1.38305
DQN,A1_grid,4,736,88283,-40.0,39,1,0.2512,1.208616
DQN,A1_grid,4,737,88311,-21.0,28,1,0.2509,1.227243
DQN,A1_grid,4,738,88349,-43.0,38,1,0.2506,1.282682
DQN,A1_grid,4,739,88392,-44.0,43,1,0.2502,1.101751
DQN,A1_grid,4,740,88432,-37.0,40,1,0.2499,1.112023
DQN,A1_grid,4,741,88526,-123.0,94,1,0.2491,1.225487
DQN,A1_grid,4,742,88541,-12.0,15,1,0.249,1.308879
DQN,A1_grid,4,743,88545,-1.0,4,1,0.2489,1.218151
DQN,A1_grid,4,744,88588,-36.0,43,1,0.2486,1.254634
DQN,A1_grid,4,745,88626,-47.0,38,1,0.2483,1.226976
DQN,A1_grid,4,746,88666,-45.0,40,1,0.2479,1.222508
DQN,A1_grid,4,747,88692,-35.0,26,1,0.2477,1.113463
DQN,A1_grid,4,748,88693,10.0,1,1,0.2477,0.54828
DQN,A1_grid,4,749,88697,7.0,4,1,0.2477,1.136165
DQN,A1_grid,4,750,88736,-56.0,39,1,0.2473,1.10678
DQN,A1_grid,4,751,88753,-18.0,17,1,0.2472,1.041517
DQN,A1_grid,4,752,88758,6.0,5,1,0.2471,1.041089
DQN,A1_grid,4,753,88782,-13.0,24,1,0.2469,1.054734
DQN,A1_grid,4,754,88819,-38.0,37,1,0.2466,1.090507
DQN,A1_grid,4,755,88852,-42.0,33,1,0.2463,1.140512
DQN,A1_grid,4,756,88863,0.0,11,1,0.2463,1.081682
DQN,A1_grid,4,757,88910,-44.0,47,1,0.2459,1.115588
DQN,A1_grid,4,758,88937,-20.0,27,1,0.2456,1.205826
DQN,A1_grid,4,759,88982,-50.0,45,1,0.2452,1.130295
DQN,A1_grid,4,760,89045,-60.0,63,1,0.2447,1.306508
DQN,A1_grid,4,761,89086,-46.0,41,1,0.2444,1.293634
DQN,A1_grid,4,762,89103,-18.0,17,1,0.2442,1.151767
DQN,A1_grid,4,763,89114,-4.0,11,1,0.2441,1.404809
DQN,A1_grid,4,764,89190,-113.0,76,1,0.2435,1.034091
DQN,A1_grid,4,765,89206,-9.0,16,1,0.2433,1.325518
DQN,A1_grid,4,766,89209,8.0,3,1,0.2433,1.252043
DQN,A1_grid,4,767,89306,-94.0,97,1,0.2425,1.084907
DQN,A1_grid,4,768,89309,4.0,3,1,0.2425,0.830719
DQN,A1_grid,4,769,89349,-49.0,40,1,0.2421,1.082471
DQN,A1_grid,4,770,89382,-26.0,33,1,0.2418,1.036482
DQN,A1_grid,4,771,89390,3.0,8,1,0.2418,0.749112
DQN,A1_grid,4,772,89517,-172.0,127,1,0.2407,1.038923
DQN,A1_grid,4,773,89598,-86.0,81,1,0.24,1.194223
DQN,A1_grid,4,774,89646,-53.0,48,1,0.2396,1.080983
DQN,A1_grid,4,775,89674,-29.0,28,1,0.2394,0.997045
DQN,A1_grid,4,776,89703,-22.0,29,1,0.2391,0.891783
DQN,A1_grid,4,777,89727,-21.0,24,1,0.2389,1.106965
DQN,A1_grid,4,778,89765,-39.0,38,1,0.2386,0.946111
DQN,A1_grid,4,779,89796,-24.0,31,1,0.2383,1.000132
DQN,A1_grid,4,780,89801,6.0,5,1,0.2383,1.142658
DQN,A1_grid,4,781,89841,-45.0,40,1,0.238,0.916233
DQN,A1_grid,4,782,89854,-10.0,13,1,0.2378,1.423794
DQN,A1_grid,4,783,89860,5.0,6,1,0.2378,0.936883
DQN,A1_grid,4,784,89900,-53.0,40,1,0.2375,0.973814
DQN,A1_grid,4,785,89909,2.0,9,1,0.2374,0.995724
DQN,A1_grid,4,786,89925,-5.0,16,1,0.2372,0.873582
DQN,A1_grid,4,787,89990,-74.0,65,1,0.2367,1.022131
DQN,A1_grid,4,788,90025,-44.0,35,1,0.2364,1.24069
DQN,A1_grid,4,789,90061,-37.0,36,1,0.2361,1.128844
DQN,A1_grid,4,790,90074,-6.0,13,1,0.236,1.209772
DQN,A1_grid,4,791,90081,-4.0,7,1,0.2359,0.986187
DQN,A1_grid,4,792,90110,-30.0,29,1,0.2357,1.088279
DQN,A1_grid,4,793,90116,5.0,6,1,0.2356,0.97593
DQN,A1_grid,4,794,90133,-14.0,17,1,0.2355,1.132994
DQN,A1_grid,4,795,90203,-71.0,70,1,0.2349,1.034952
DQN,A1_grid,4,796,90251,-69.0,48,1,0.2345,0.887247
DQN,A1_grid,4,797,90273,-19.0,22,1,0.2343,0.996333
DQN,A1_grid,4,798,90346,-74.0,73,1,0.2337,0.973912
DQN,A1_grid,4,799,90443,-134.0,97,1,0.2328,0.921084
DQN,A1_grid,4,800,90483,-37.0,40,1,0.2325,0.89836
DuelingDQN,A1_grid,4,1,200,-404.0,200,0,0.9983,
DuelingDQN,A1_grid,4,2,400,-444.0,200,0,0.9966,
DuelingDQN,A1_grid,4,3,600,-608.0,200,0,0.9949,
DuelingDQN,A1_grid,4,4,741,-358.0,141,1,0.9937,
DuelingDQN,A1_grid,4,5,941,-420.0,200,0,0.992,
DuelingDQN,A1_grid,4,6,1141,-552.0,200,0,0.9903,0.49257
DuelingDQN,A1_grid,4,7,1341,-440.0,200,0,0.9886,0.018878
DuelingDQN,A1_grid,4,8,1541,-460.0,200,0,0.9869,0.0353
DuelingDQN,A1_grid,4,9,1741,-480.0,200,0,0.9852,0.013128
DuelingDQN,A1_grid,4,10,1855,-267.0,114,1,0.9843,0.013168
DuelingDQN,A1_grid,4,11,2055,-452.0,200,0,0.9826,0.028977
DuelingDQN,A1_grid,4,12,2255,-556.0,200,0,0.9809,0.012167
DuelingDQN,A1_grid,4,13,2455,-496.0,200,0,0.9792,0.014126
DuelingDQN,A1_grid,4,14,2655,-424.0,200,0,0.9775,0.031622
DuelingDQN,A1_grid,4,15,2855,-392.0,200,0,0.9758,0.010079
DuelingDQN,A1_grid,4,16,3055,-416.0,200,0,0.9741,0.019603
DuelingDQN,A1_grid,4,17,3255,-480.0,200,0,0.9724,0.009048
DuelingDQN,A1_grid,4,18,3455,-508.0,200,0,0.9707,0.007905
DuelingDQN,A1_grid,4,19,3655,-480.0,200,0,0.969,0.033412
DuelingDQN,A1_grid,4,20,3855,-424.0,200,0,0.9673,0.007975
DuelingDQN,A1_grid,4,21,4037,-367.0,182,1,0.9658,0.034285
DuelingDQN,A1_grid,4,22,4237,-504.0,200,0,0.9641,0.016584
DuelingDQN,A1_grid,4,23,4437,-488.0,200,0,0.9624,0.002167
DuelingDQN,A1_grid,4,24,4637,-508.0,200,0,0.9607,0.056792
DuelingDQN,A1_grid,4,25,4837,-572.0,200,0,0.959,0.015134
DuelingDQN,A1_grid,4,26,5037,-468.0,200,0,0.9573,0.0429
DuelingDQN,A1_grid,4,27,5237,-460.0,200,0,0.9556,0.06547
DuelingDQN,A1_grid,4,28,5437,-440.0,200,0,0.9539,0.014342
DuelingDQN,A1_grid,4,29,5637,-480.0,200,0,0.9522,0.129386
DuelingDQN,A1_grid,4,30,5837,-564.0,200,0,0.9505,0.034258
DuelingDQN,A1_grid,4,31,6037,-456.0,200,0,0.9488,0.06435
DuelingDQN,A1_grid,4,32,6237,-376.0,200,0,0.9471,0.053296
DuelingDQN,A1_grid,4,33,6437,-516.0,200,0,0.9454,0.005308
DuelingDQN,A1_grid,4,34,6632,-436.0,195,1,0.9438,0.102717
DuelingDQN,A1_grid,4,35,6832,-408.0,200,0,0.9421,0.019779
DuelingDQN,A1_grid,4,36,6915,-152.0,83,1,0.9414,0.010268
DuelingDQN,A1_grid,4,37,7115,-412.0,200,0,0.9397,0.074776
DuelingDQN,A1_grid,4,38,7315,-408.0,200,0,0.938,0.018969
DuelingDQN,A1_grid,4,39,7515,-404.0,200,0,0.9363,0.031381
DuelingDQN,A1_grid,4,40,7715,-512.0,200,0,0.9346,0.082145
DuelingDQN,A1_grid,4,41,7915,-420.0,200,0,0.9329,0.00974
DuelingDQN,A1_grid,4,42,8115,-592.0,200,0,0.9312,0.086673
DuelingDQN,A1_grid,4,43,8137,-51.0,22,1,0.931,0.033534
DuelingDQN,A1_grid,4,44,8337,-380.0,200,0,0.9293,0.019369
DuelingDQN,A1_grid,4,45,8537,-352.0,200,0,0.9276,0.059032
DuelingDQN,A1_grid,4,46,8737,-440.0,200,0,0.9259,0.069918
DuelingDQN,A1_grid,4,47,8937,-472.0,200,0,0.9242,0.008357
DuelingDQN,A1_grid,4,48,9137,-452.0,200,0,0.9225,0.117978
DuelingDQN,A1_grid,4,49,9337,-432.0,200,0,0.9208,0.032068
DuelingDQN,A1_grid,4,50,9537,-416.0,200,0,0.9191,0.069924
DuelingDQN,A1_grid,4,51,9737,-408.0,200,0,0.9174,0.081933
DuelingDQN,A1_grid,4,52,9937,-476.0,200,0,0.9157,0.02042
DuelingDQN,A1_grid,4,53,10004,-132.0,67,1,0.9152,0.041709
DuelingDQN,A1_grid,4,54,10057,-106.0,53,1,0.9147,0.293788
DuelingDQN,A1_grid,4,55,10257,-476.0,200,0,0.913,0.057427
DuelingDQN,A1_grid,4,56,10332,-152.0,75,1,0.9124,0.011464
DuelingDQN,A1_grid,4,57,10532,-528.0,200,0,0.9107,0.062787
DuelingDQN,A1_grid,4,58,10637,-226.0,105,1,0.9098,0.136974
DuelingDQN,A1_grid,4,59,10837,-452.0,200,0,0.9081,0.027597
DuelingDQN,A1_grid,4,60,11037,-452.0,200,0,0.9064,0.066903
DuelingDQN,A1_grid,4,61,11092,-116.0,55,1,0.9059,0.189144
DuelingDQN,A1_grid,4,62,11292,-412.0,200,0,0.9042,0.042038
DuelingDQN,A1_grid,4,63,11492,-408.0,200,0,0.9025,0.006929
DuelingDQN,A1_grid,4,64,11598,-231.0,106,1,0.9016,0.180808
DuelingDQN,A1_grid,4,65,11798,-564.0,200,0,0.8999,0.034698
DuelingDQN,A1_grid,4,66,11818,-17.0,20,1,0.8998,0.007127
DuelingDQN,A1_grid,4,67,11908,-195.0,90,1,0.899,0.006942
DuelingDQN,A1_grid,4,68,12082,-331.0,174,1,0.8975,0.100939
DuelingDQN,A1_grid,4,69,12282,-464.0,200,0,0.8958,0.039412
DuelingDQN,A1_grid,4,70,12482,-360.0,200,0,0.8941,0.014251
DuelingDQN,A1_grid,4,71,12682,-560.0,200,0,0.8924,0.153432
DuelingDQN,A1_grid,4,72,12714,-41.0,32,1,0.8922,0.036962
DuelingDQN,A1_grid,4,73,12914,-416.0,200,0,0.8905,0.023674
DuelingDQN,A1_grid,4,74,13114,-392.0,200,0,0.8888,0.148485
DuelingDQN,A1_grid,4,75,13314,-452.0,200,0,0.8871,0.042793
DuelingDQN,A1_grid,4,76,13509,-384.0,195,1,0.8854,0.034028
DuelingDQN,A1_grid,4,77,13709,-401.0,200,1,0.8837,0.125926
DuelingDQN,A1_grid,4,78,13909,-388.0,200,0,0.882,0.016052
DuelingDQN,A1_grid,4,79,14109,-396.0,200,0,0.8803,0.124856
DuelingDQN,A1_grid,4,80,14309,-492.0,200,0,0.8786,0.061793
DuelingDQN,A1_grid,4,81,14438,-310.0,129,1,0.8775,0.012046
DuelingDQN,A1_grid,4,82,14638,-448.0,200,0,0.8758,0.149954
DuelingDQN,A1_grid,4,83,14717,-152.0,79,1,0.8752,0.052471
DuelingDQN,A1_grid,4,84,14740,-24.0,23,1,0.875,0.027477
DuelingDQN,A1_grid,4,85,14888,-321.0,148,1,0.8737,0.018618
DuelingDQN,A1_grid,4,86,15088,-404.0,200,0,0.872,0.127384
DuelingDQN,A1_grid,4,87,15144,-101.0,56,1,0.8716,0.112392
DuelingDQN,A1_grid,4,88,15344,-368.0,200,0,0.8699,0.026209
DuelingDQN,A1_grid,4,89,15544,-392.0,200,0,0.8682,0.078729
DuelingDQN,A1_grid,4,90,15625,-138.0,81,1,0.8675,0.120768
DuelingDQN,A1_grid,4,91,15723,-207.0,98,1,0.8666,0.058136
DuelingDQN,A1_grid,4,92,15880,-274.0,157,1,0.8653,0.020751
DuelingDQN,A1_grid,4,93,16019,-296.0,139,1,0.8641,0.056631
DuelingDQN,A1_grid,4,94,16143,-265.0,124,1,0.8631,0.120254
DuelingDQN,A1_grid,4,95,16313,-331.0,170,1,0.8616,0.023936
DuelingDQN,A1_grid,4,96,16396,-176.0,83,1,0.8609,0.015688
DuelingDQN,A1_grid,4,97,16517,-226.0,121,1,0.8599,0.058096
DuelingDQN,A1_grid,4,98,16607,-215.0,90,1,0.8591,0.119754
DuelingDQN,A1_grid,4,99,16685,-159.0,78,1,0.8585,0.03734
DuelingDQN,A1_grid,4,100,16885,-348.0,200,0,0.8568,0.017646
DuelingDQN,A1_grid,4,101,17021,-265.0,136,1,0.8556,0.052114
DuelingDQN,A1_grid,4,102,17206,-346.0,185,1,0.8541,0.048494
DuelingDQN,A1_grid,4,103,17215,2.0,9,1,0.854,0.009732
DuelingDQN,A1_grid,4,104,17279,-105.0,64,1,0.8534,0.006892
DuelingDQN,A1_grid,4,105,17474,-408.0,195,1,0.8518,0.001962
DuelingDQN,A1_grid,4,106,17486,-17.0,12,1,0.8517,0.000503
DuelingDQN,A1_grid,4,107,17686,-444.0,200,0,0.85,0.057793
DuelingDQN,A1_grid,4,108,17886,-368.0,200,0,0.8483,0.003704
DuelingDQN,A1_grid,4,109,18045,-312.0,159,1,0.8469,0.01814
DuelingDQN,A1_grid,4,110,18162,-266.0,117,1,0.846,0.016201
DuelingDQN,A1_grid,4,111,18266,-201.0,104,1,0.8451,0.003828
DuelingDQN,A1_grid,4,112,18466,-400.0,200,0,0.8434,0.000799
DuelingDQN,A1_grid,4,113,18484,-23.0,18,1,0.8432,0.000298
DuelingDQN,A1_grid,4,114,18571,-144.0,87,1,0.8425,0.028143
DuelingDQN,A1_grid,4,115,18736,-338.0,165,1,0.8411,0.011343
DuelingDQN,A1_grid,4,116,18779,-84.0,43,1,0.8407,0.002741
DuelingDQN,A1_grid,4,117,18979,-392.0,200,0,0.839,0.001003
DuelingDQN,A1_grid,4,118,19006,-28.0,27,1,0.8388,0.007601
DuelingDQN,A1_grid,4,119,19036,-23.0,30,1,0.8385,0.027619
DuelingDQN,A1_grid,4,120,19118,-147.0,82,1,0.8378,0.012287
DuelingDQN,A1_grid,4,121,19119,10.0,1,1,0.8378,0.005295
DuelingDQN,A1_grid,4,122,19242,-308.0,123,1,0.8368,0.005446
DuelingDQN,A1_grid,4,123,19343,-210.0,101,1,0.8359,0.004323
DuelingDQN,A1_grid,4,124,19379,-65.0,36,1,0.8356,0.002124
DuelingDQN,A1_grid,4,125,19409,-59.0,30,1,0.8354,0.001541
DuelingDQN,A1_grid,4,126,19609,-528.0,200,0,0.8337,0.027867
DuelingDQN,A1_grid,4,127,19761,-201.0,152,1,0.8324,0.013908
DuelingDQN,A1_grid,4,128,19887,-267.0,126,1,0.8313,0.00151
DuelingDQN,A1_grid,4,129,20050,-312.0,163,1,0.8299,0.006601
DuelingDQN,A1_grid,4,130,20250,-400.0,200,0,0.8282,0.006334
DuelingDQN,A1_grid,4,131,20335,-138.0,85,1,0.8275,0.001315
DuelingDQN,A1_grid,4,132,20439,-209.0,104,1,0.8266,0.00067
DuelingDQN,A1_grid,4,133,20553,-279.0,114,1,0.8257,0.010768
DuelingDQN,A1_grid,4,134,20577,-37.0,24,1,0.8255,0.016991
DuelingDQN,A1_grid,4,135,20651,-143.0,74,1,0.8248,0.014374
DuelingDQN,A1_grid,4,136,20842,-344.0,191,1,0.8232,0.007521
DuelingDQN,A1_grid,4,137,20857,-20.0,15,1,0.8231,0.005535
DuelingDQN,A1_grid,4,138,20998,-250.0,141,1,0.8219,0.001956
DuelingDQN,A1_grid,4,139,21134,-277.0,136,1,0.8207,0.015396
DuelingDQN,A1_grid,4,140,21154,-25.0,20,1,0.8206,0.010035
DuelingDQN,A1_grid,4,141,21297,-268.0,143,1,0.8194,0.009766
DuelingDQN,A1_grid,4,142,21453,-281.0,156,1,0.818,0.002696
DuelingDQN,A1_grid,4,143,21653,-544.0,200,0,0.8163,0.019379
DuelingDQN,A1_grid,4,144,21745,-157.0,92,1,0.8156,0.005625
DuelingDQN,A1_grid,4,145,21826,-150.0,81,1,0.8149,0.002749
DuelingDQN,A1_grid,4,146,21866,-57.0,40,1,0.8145,0.00161
DuelingDQN,A1_grid,4,147,22044,-315.0,178,1,0.813,0.007485
DuelingDQN,A1_grid,4,148,22111,-140.0,67,1,0.8125,0.024159
DuelingDQN,A1_grid,4,149,22122,-16.0,11,1,0.8124,0.025905
DuelingDQN,A1_grid,4,150,22322,-472.0,200,0,0.8107,0.007083
DuelingDQN,A1_grid,4,151,22343,-22.0,21,1,0.8105,0.001182
DuelingDQN,A1_grid,4,152,22348,6.0,5,1,0.8104,0.000829
DuelingDQN,A1_grid,4,153,22456,-189.0,108,1,0.8095,0.000727
DuelingDQN,A1_grid,4,154,22621,-262.0,165,1,0.8081,0.02182
DuelingDQN,A1_grid,4,155,22749,-289.0,128,1,0.807,0.007047
DuelingDQN,A1_grid,4,156,22882,-346.0,133,1,0.8059,0.001034
DuelingDQN,A1_grid,4,157,22922,-69.0,40,1,0.8056,0.000582
DuelingDQN,A1_grid,4,158,23050,-225.0,128,1,0.8045,0.013152
DuelingDQN,A1_grid,4,159,23088,-75.0,38,1,0.8042,0.024563
DuelingDQN,A1_grid,4,160,23162,-155.0,74,1,0.8035,0.010667
DuelingDQN,A1_grid,4,161,23310,-329.0,148,1,0.8023,0.004243
DuelingDQN,A1_grid,4,162,23380,-115.0,70,1,0.8017,0.00381
DuelingDQN,A1_grid,4,163,23521,-250.0,141,1,0.8005,0.006814
DuelingDQN,A1_grid,4,164,23570,-106.0,49,1,0.8001,0.017007
DuelingDQN,A1_grid,4,165,23641,-168.0,71,1,0.7995,0.012882
DuelingDQN,A1_grid,4,166,23705,-121.0,64,1,0.7989,0.005623
DuelingDQN,A1_grid,4,167,23772,-132.0,67,1,0.7984,0.003556
DuelingDQN,A1_grid,4,168,23936,-345.0,164,1,0.797,0.002406
DuelingDQN,A1_grid,4,169,23965,-18.0,29,1,0.7967,0.001835
DuelingDQN,A1_grid,4,170,24139,-435.0,174,1,0.7953,0.016186
DuelingDQN,A1_grid,4,171,24243,-177.0,104,1,0.7944,0.004648
DuelingDQN,A1_grid,4,172,24244,10.0,1,1,0.7944,0.002612
DuelingDQN,A1_grid,4,173,24362,-247.0,118,1,0.7934,0.002632
DuelingDQN,A1_grid,4,174,24467,-210.0,105,1,0.7925,0.00218
DuelingDQN,A1_grid,4,175,24622,-316.0,155,1,0.7912,0.017485
DuelingDQN,A1_grid,4,176,24682,-101.0,60,1,0.7907,0.014948
DuelingDQN,A1_grid,4,177,24827,-254.0,145,1,0.7894,0.006706
DuelingDQN,A1_grid,4,178,25027,-412.0,200,0,0.7877,0.004397
DuelingDQN,A1_grid,4,179,25156,-210.0,129,1,0.7866,0.013899
DuelingDQN,A1_grid,4,180,25243,-164.0,87,1,0.7859,0.006721
DuelingDQN,A1_grid,4,181,25289,-87.0,46,1,0.7855,0.004756
DuelingDQN,A1_grid,4,182,25377,-181.0,88,1,0.7848,0.002681
DuelingDQN,A1_grid,4,183,25477,-197.0,100,1,0.7839,0.001545
DuelingDQN,A1_grid,4,184,25567,-131.0,90,1,0.7831,0.013905
DuelingDQN,A1_grid,4,185,25610,-60.0,43,1,0.7828,0.021167
DuelingDQN,A1_grid,4,186,25759,-310.0,149,1,0.7815,0.009684
DuelingDQN,A1_grid,4,187,25890,-228.0,131,1,0.7804,0.00142
DuelingDQN,A1_grid,4,188,25917,-40.0,27,1,0.7802,0.000405
DuelingDQN,A1_grid,4,189,25943,-35.0,26,1,0.78,0.000374
DuelingDQN,A1_grid,4,190,26044,-166.0,101,1,0.7791,0.006976
DuelingDQN,A1_grid,4,191,26057,-18.0,13,1,0.779,0.020061
DuelingDQN,A1_grid,4,192,26155,-187.0,98,1,0.7782,0.011625
DuelingDQN,A1_grid,4,193,26235,-109.0,80,1,0.7775,0.003108
DuelingDQN,A1_grid,4,194,26252,-30.0,17,1,0.7773,0.002214
DuelingDQN,A1_grid,4,195,26429,-410.0,177,1,0.7758,0.001826
DuelingDQN,A1_grid,4,196,26431,9.0,2,1,0.7758,0.001611
DuelingDQN,A1_grid,4,197,26451,-29.0,20,1,0.7756,0.001492
DuelingDQN,A1_grid,4,198,26501,-63.0,50,1,0.7752,0.002208
DuelingDQN,A1_grid,4,199,26603,-195.0,102,1,0.7744,0.016093
DuelingDQN,A1_grid,4,200,26722,-244.0,119,1,0.7733,0.00541
DuelingDQN,A1_grid,4,201,26771,-70.0,49,1,0.7729,0.001758
DuelingDQN,A1_grid,4,202,26823,-89.0,52,1,0.7725,0.00118
DuelingDQN,A1_grid,4,203,26981,-371.0,158,1,0.7712,0.004244
DuelingDQN,A1_grid,4,204,27077,-169.0,96,1,0.7703,0.019488
DuelingDQN,A1_grid,4,205,27157,-141.0,80,1,0.7697,0.01345
DuelingDQN,A1_grid,4,206,27260,-212.0,103,1,0.7688,0.004762
DuelingDQN,A1_grid,4,207,27382,-179.0,122,1,0.7678,0.000957
DuelingDQN,A1_grid,4,208,27495,-190.0,113,1,0.7668,0.000501
DuelingDQN,A1_grid,4,209,27561,-131.0,66,1,0.7662,0.016129
DuelingDQN,A1_grid,4,210,27657,-205.0,96,1,0.7654,0.015484
DuelingDQN,A1_grid,4,211,27707,-75.0,50,1,0.765,0.008439
DuelingDQN,A1_grid,4,212,27716,-2.0,9,1,0.7649,0.00754
DuelingDQN,A1_grid,4,213,27774,-87.0,58,1,0.7644,0.009348
DuelingDQN,A1_grid,4,214,27836,-79.0,62,1,0.7639,0.004171
DuelingDQN,A1_grid,4,215,27990,-307.0,154,1,0.7626,0.001026
DuelingDQN,A1_grid,4,216,28031,-74.0,41,1,0.7622,0.013611
DuelingDQN,A1_grid,4,217,28042,-8.0,11,1,0.7622,0.015554
DuelingDQN,A1_grid,4,218,28083,-50.0,41,1,0.7618,0.012062
DuelingDQN,A1_grid,4,219,28105,-31.0,22,1,0.7616,0.011528
DuelingDQN,A1_grid,4,220,28218,-226.0,113,1,0.7607,0.006191
DuelingDQN,A1_grid,4,221,28301,-172.0,83,1,0.76,0.001879
DuelingDQN,A1_grid,4,222,28364,-96.0,63,1,0.7594,0.001009
DuelingDQN,A1_grid,4,223,28502,-295.0,138,1,0.7583,0.002014
DuelingDQN,A1_grid,4,224,28534,-57.0,32,1,0.758,0.017681
DuelingDQN,A1_grid,4,225,28623,-170.0,89,1,0.7572,0.017071
DuelingDQN,A1_grid,4,226,28643,-45.0,20,1,0.7571,0.013245
DuelingDQN,A1_grid,4,227,28773,-187.0,130,1,0.756,0.008192
DuelingDQN,A1_grid,4,228,28927,-275.0,154,1,0.7546,0.002858
DuelingDQN,A1_grid,4,229,28962,-56.0,35,1,0.7543,0.000998
DuelingDQN,A1_grid,4,230,29038,-165.0,76,1,0.7537,0.006669
DuelingDQN,A1_grid,4,231,29171,-250.0,133,1,0.7526,0.010684
DuelingDQN,A1_grid,4,232,29172,10.0,1,1,0.7526,0.00564
DuelingDQN,A1_grid,4,233,29242,-139.0,70,1,0.752,0.002738
DuelingDQN,A1_grid,4,234,29300,-99.0,58,1,0.7515,0.001575
DuelingDQN,A1_grid,4,235,29418,-263.0,118,1,0.7505,0.000876
DuelingDQN,A1_grid,4,236,29490,-125.0,72,1,0.7499,0.000855
DuelingDQN,A1_grid,4,237,29612,-267.0,122,1,0.7488,0.01708
DuelingDQN,A1_grid,4,238,29639,-40.0,27,1,0.7486,0.015081
DuelingDQN,A1_grid,4,239,29755,-261.0,116,1,0.7476,0.004585
DuelingDQN,A1_grid,4,240,29855,-233.0,100,1,0.7468,0.00134
DuelingDQN,A1_grid,4,241,29935,-133.0,80,1,0.7461,0.000458
DuelingDQN,A1_grid,4,242,30004,-114.0,69,1,0.7455,0.001175
DuelingDQN,A1_grid,4,243,30094,-167.0,90,1,0.7447,0.020498
DuelingDQN,A1_grid,4,244,30145,-96.0,51,1,0.7443,0.011433
DuelingDQN,A1_grid,4,245,30169,-53.0,24,1,0.7441,0.023158
DuelingDQN,A1_grid,4,246,30176,0.0,7,1,0.7441,0.027909
DuelingDQN,A1_grid,4,247,30276,-185.0,100,1,0.7432,0.009086
DuelingDQN,A1_grid,4,248,30305,-42.0,29,1,0.743,0.004138
DuelingDQN,A1_grid,4,249,30345,-49.0,40,1,0.7426,0.002726
DuelingDQN,A1_grid,4,250,30432,-184.0,87,1,0.7419,0.001125
DuelingDQN,A1_grid,4,251,30562,-239.0,130,1,0.7408,0.003949
DuelingDQN,A1_grid,4,252,30565,4.0,3,1,0.7408,0.006852
DuelingDQN,A1_grid,4,253,30602,-50.0,37,1,0.7404,0.005514
DuelingDQN,A1_grid,4,254,30716,-183.0,114,1,0.7395,0.004397
DuelingDQN,A1_grid,4,255,30808,-193.0,92,1,0.7387,0.001095
DuelingDQN,A1_grid,4,256,30809,10.0,1,1,0.7387,0.000687
DuelingDQN,A1_grid,4,257,30852,-72.0,43,1,0.7383,0.000631
DuelingDQN,A1_grid,4,258,30945,-170.0,93,1,0.7375,0.000645
DuelingDQN,A1_grid,4,259,31014,-106.0,69,1,0.7369,0.003194
DuelingDQN,A1_grid,4,260,31035,-26.0,21,1,0.7368,0.012469
DuelingDQN,A1_grid,4,261,31097,-135.0,62,1,0.7362,0.009866
DuelingDQN,A1_grid,4,262,31176,-144.0,79,1,0.7356,0.007521
DuelingDQN,A1_grid,4,263,31192,-17.0,16,1,0.7354,0.006141
DuelingDQN,A1_grid,4,264,31218,-47.0,26,1,0.7352,0.004658
DuelingDQN,A1_grid,4,265,31265,-84.0,47,1,0.7348,0.00329
DuelingDQN,A1_grid,4,266,31289,-21.0,24,1,0.7346,0.002105
DuelingDQN,A1_grid,4,267,31296,4.0,7,1,0.7346,0.002138
DuelingDQN,A1_grid,4,268,31367,-112.0,71,1,0.7339,0.001106
DuelingDQN,A1_grid,4,269,31451,-157.0,84,1,0.7332,0.000728
DuelingDQN,A1_grid,4,270,31462,-16.0,11,1,0.7331,0.000396
DuelingDQN,A1_grid,4,271,31482,-9.0,20,1,0.733,0.000388
DuelingDQN,A1_grid,4,272,31500,-23.0,18,1,0.7328,0.000978
DuelingDQN,A1_grid,4,273,31542,-67.0,42,1,0.7325,0.013451
DuelingDQN,A1_grid,4,274,31643,-210.0,101,1,0.7316,0.016729
DuelingDQN,A1_grid,4,275,31654,-12.0,11,1,0.7315,0.008352
DuelingDQN,A1_grid,4,276,31727,-134.0,73,1,0.7309,0.004612
DuelingDQN,A1_grid,4,277,31808,-126.0,81,1,0.7302,0.001884
DuelingDQN,A1_grid,4,278,31957,-274.0,149,1,0.7289,0.001517
DuelingDQN,A1_grid,4,279,32031,-147.0,74,1,0.7283,0.005976
DuelingDQN,A1_grid,4,280,32056,-38.0,25,1,0.7281,0.017509
DuelingDQN,A1_grid,4,281,32078,-35.0,22,1,0.7279,0.0096
DuelingDQN,A1_grid,4,282,32160,-139.0,82,1,0.7272,0.006143
DuelingDQN,A1_grid,4,283,32194,-59.0,34,1,0.7269,0.003786
DuelingDQN,A1_grid,4,284,32237,-56.0,43,1,0.7266,0.002617
DuelingDQN,A1_grid,4,285,32266,-46.0,29,1,0.7263,0.001229
DuelingDQN,A1_grid,4,286,32387,-222.0,121,1,0.7253,0.000761
DuelingDQN,A1_grid,4,287,32526,-288.0,139,1,0.7241,0.002654
DuelingDQN,A1_grid,4,288,32604,-123.0,78,1,0.7235,0.013731
DuelingDQN,A1_grid,4,289,32662,-103.0,58,1,0.723,0.006901
DuelingDQN,A1_grid,4,290,32674,-9.0,12,1,0.7229,0.007711
DuelingDQN,A1_grid,4,291,32749,-124.0,75,1,0.7222,0.004175
DuelingDQN,A1_grid,4,292,32832,-160.0,83,1,0.7215,0.002473
DuelingDQN,A1_grid,4,293,32881,-78.0,49,1,0.7211,0.001167
DuelingDQN,A1_grid,4,294,32974,-194.0,93,1,0.7203,0.001931
DuelingDQN,A1_grid,4,295,33073,-172.0,99,1,0.7195,0.013669
DuelingDQN,A1_grid,4,296,33120,-96.0,47,1,0.7191,0.011741
DuelingDQN,A1_grid,4,297,33263,-256.0,143,1,0.7179,0.007173
DuelingDQN,A1_grid,4,298,33327,-125.0,64,1,0.7173,0.002433
DuelingDQN,A1_grid,4,299,33361,-55.0,34,1,0.717,0.001708
DuelingDQN,A1_grid,4,300,33423,-115.0,62,1,0.7165,0.001075
DuelingDQN,A1_grid,4,301,33450,-40.0,27,1,0.7163,0.000438
DuelingDQN,A1_grid,4,302,33511,-106.0,61,1,0.7158,0.002283
DuelingDQN,A1_grid,4,303,33562,-56.0,51,1,0.7153,0.014529
DuelingDQN,A1_grid,4,304,33604,-75.0,42,1,0.715,0.01259
DuelingDQN,A1_grid,4,305,33657,-90.0,53,1,0.7145,0.006147
DuelingDQN,A1_grid,4,306,33682,-42.0,25,1,0.7143,0.003062
DuelingDQN,A1_grid,4,307,33698,-25.0,16,1,0.7142,0.002488
DuelingDQN,A1_grid,4,308,33830,-213.0,132,1,0.7131,0.001252
DuelingDQN,A1_grid,4,309,33900,-103.0,70,1,0.7125,0.000653
DuelingDQN,A1_grid,4,310,33907,-4.0,7,1,0.7124,0.000368
DuelingDQN,A1_grid,4,311,33936,-34.0,29,1,0.7122,0.000383
DuelingDQN,A1_grid,4,312,34030,-175.0,94,1,0.7114,0.00475
DuelingDQN,A1_grid,4,313,34071,-70.0,41,1,0.711,0.014484
DuelingDQN,A1_grid,4,314,34100,-42.0,29,1,0.7108,0.021852
DuelingDQN,A1_grid,4,315,34127,-28.0,27,1,0.7105,0.024564
DuelingDQN,A1_grid,4,316,34200,-118.0,73,1,0.7099,0.012437
DuelingDQN,A1_grid,4,317,34261,-106.0,61,1,0.7094,0.00389
DuelingDQN,A1_grid,4,318,34455,-371.0,194,1,0.7078,0.002375
DuelingDQN,A1_grid,4,319,34545,-147.0,90,1,0.707,0.007949
DuelingDQN,A1_grid,4,320,34578,-70.0,33,1,0.7067,0.019739
DuelingDQN,A1_grid,4,321,34641,-92.0,63,1,0.7062,0.013534
DuelingDQN,A1_grid,4,322,34654,-10.0,13,1,0.7061,0.011269
DuelingDQN,A1_grid,4,323,34730,-113.0,76,1,0.7054,0.005723
DuelingDQN,A1_grid,4,324,34823,-158.0,93,1,0.7046,0.001556
DuelingDQN,A1_grid,4,325,34871,-85.0,48,1,0.7042,0.000909
DuelingDQN,A1_grid,4,326,34970,-180.0,99,1,0.7034,0.000364
DuelingDQN,A1_grid,4,327,35020,-79.0,50,1,0.703,0.004153
DuelingDQN,A1_grid,4,328,35057,-34.0,37,1,0.7026,0.017884
DuelingDQN,A1_grid,4,329,35133,-149.0,76,1,0.702,0.009029
DuelingDQN,A1_grid,4,330,35296,-320.0,163,1,0.7006,0.001964
DuelingDQN,A1_grid,4,331,35339,-48.0,43,1,0.7003,0.00074
DuelingDQN,A1_grid,4,332,35413,-143.0,74,1,0.6996,0.000941
DuelingDQN,A1_grid,4,333,35455,-63.0,42,1,0.6993,0.001607
DuelingDQN,A1_grid,4,334,35541,-139.0,86,1,0.6985,0.005588
DuelingDQN,A1_grid,4,335,35625,-169.0,84,1,0.6978,0.009384
DuelingDQN,A1_grid,4,336,35743,-203.0,118,1,0.6968,0.004313
DuelingDQN,A1_grid,4,337,35773,-55.0,30,1,0.6966,0.001721
DuelingDQN,A1_grid,4,338,35925,-293.0,152,1,0.6953,0.001237
DuelingDQN,A1_grid,4,339,36021,-173.0,96,1,0.6945,0.002904
DuelingDQN,A1_grid,4,340,36055,-59.0,34,1,0.6942,0.016595
DuelingDQN,A1_grid,4,341,36127,-129.0,72,1,0.6936,0.017778
DuelingDQN,A1_grid,4,342,36130,0.0,3,1,0.6935,0.012443
DuelingDQN,A1_grid,4,343,36221,-156.0,91,1,0.6928,0.009767
DuelingDQN,A1_grid,4,344,36255,-35.0,34,1,0.6925,0.00195
DuelingDQN,A1_grid,4,345,36306,-88.0,51,1,0.6921,0.000885
DuelingDQN,A1_grid,4,346,36372,-111.0,66,1,0.6915,0.000655
DuelingDQN,A1_grid,4,347,36390,-15.0,18,1,0.6913,0.000522
DuelingDQN,A1_grid,4,348,36423,-42.0,33,1,0.6911,0.000394
DuelingDQN,A1_grid,4,349,36520,-202.0,97,1,0.6902,0.00212
DuelingDQN,A1_grid,4,350,36633,-254.0,113,1,0.6893,0.010341
DuelingDQN,A1_grid,4,351,36683,-87.0,50,1,0.6889,0.019509
DuelingDQN,A1_grid,4,352,36730,-96.0,47,1,0.6885,0.008123
DuelingDQN,A1_grid,4,353,36799,-130.0,69,1,0.6879,0.002826
DuelingDQN,A1_grid,4,354,36868,-114.0,69,1,0.6873,0.000835
DuelingDQN,A1_grid,4,355,36892,-37.0,24,1,0.6871,0.000536
DuelingDQN,A1_grid,4,356,37035,-260.0,143,1,0.6859,0.00236
DuelingDQN,A1_grid,4,357,37082,-60.0,47,1,0.6855,0.008369
DuelingDQN,A1_grid,4,358,37207,-242.0,125,1,0.6844,0.006103
DuelingDQN,A1_grid,4,359,37351,-229.0,144,1,0.6832,0.001864
DuelingDQN,A1_grid,4,360,37425,-115.0,74,1,0.6826,0.000677
DuelingDQN,A1_grid,4,361,37431,5.0,6,1,0.6825,0.000827
DuelingDQN,A1_grid,4,362,37451,-17.0,20,1,0.6823,0.001074
DuelingDQN,A1_grid,4,363,37457,-3.0,6,1,0.6823,0.001066
DuelingDQN,A1_grid,4,364,37501,-61.0,44,1,0.6819,0.000952
DuelingDQN,A1_grid,4,365,37537,-61.0,36,1,0.6816,0.008704
DuelingDQN,A1_grid,4,366,37591,-103.0,54,1,0.6812,0.009861
DuelingDQN,A1_grid,4,367,37618,-40.0,27,1,0.6809,0.008163
DuelingDQN,A1_grid,4,368,37664,-71.0,46,1,0.6805,0.009638
DuelingDQN,A1_grid,4,369,37677,-18.0,13,1,0.6804,0.006338
DuelingDQN,A1_grid,4,370,37686,2.0,9,1,0.6804,0.007576
DuelingDQN,A1_grid,4,371,37790,-161.0,104,1,0.6795,0.004704
DuelingDQN,A1_grid,4,372,37835,-58.0,45,1,0.6791,0.001498
DuelingDQN,A1_grid,4,373,37924,-162.0,89,1,0.6783,0.000714
DuelingDQN,A1_grid,4,374,38038,-199.0,114,1,0.6774,0.003567
DuelingDQN,A1_grid,4,375,38105,-128.0,67,1,0.6768,0.008793
DuelingDQN,A1_grid,4,376,38177,-133.0,72,1,0.6762,0.006117
DuelingDQN,A1_grid,4,377,38237,-97.0,60,1,0.6757,0.003126
DuelingDQN,A1_grid,4,378,38321,-141.0,84,1,0.675,0.002264
DuelingDQN,A1_grid,4,379,38335,-15.0,14,1,0.6748,0.003778
DuelingDQN,A1_grid,4,380,38425,-175.0,90,1,0.6741,0.002219
DuelingDQN,A1_grid,4,381,38492,-136.0,67,1,0.6735,0.001245
DuelingDQN,A1_grid,4,382,38547,-88.0,55,1,0.673,0.01201
DuelingDQN,A1_grid,4,383,38620,-154.0,73,1,0.6724,0.014835
DuelingDQN,A1_grid,4,384,38685,-106.0,65,1,0.6719,0.007067
DuelingDQN,A1_grid,4,385,38742,-86.0,57,1,0.6714,0.003482
DuelingDQN,A1_grid,4,386,38845,-200.0,103,1,0.6705,0.003148
DuelingDQN,A1_grid,4,387,38849,7.0,4,1,0.6705,0.003483
DuelingDQN,A1_grid,4,388,38858,-2.0,9,1,0.6704,0.002534
DuelingDQN,A1_grid,4,389,38916,-107.0,58,1,0.6699,0.001626
DuelingDQN,A1_grid,4,390,39014,-191.0,98,1,0.6691,0.001233
DuelingDQN,A1_grid,4,391,39100,-203.0,86,1,0.6684,0.00431
DuelingDQN,A1_grid,4,392,39167,-108.0,67,1,0.6678,0.001957
DuelingDQN,A1_grid,4,393,39188,-22.0,21,1,0.6676,0.001444
DuelingDQN,A1_grid,4,394,39307,-260.0,119,1,0.6666,0.001697
DuelingDQN,A1_grid,4,395,39373,-107.0,66,1,0.666,0.001703
DuelingDQN,A1_grid,4,396,39452,-132.0,79,1,0.6654,0.001164
DuelingDQN,A1_grid,4,397,39514,-131.0,62,1,0.6648,0.00161
DuelingDQN,A1_grid,4,398,39548,-31.0,34,1,0.6646,0.010144
DuelingDQN,A1_grid,4,399,39620,-149.0,72,1,0.6639,0.008516
DuelingDQN,A1_grid,4,400,39659,-80.0,39,1,0.6636,0.01457
DuelingDQN,A1_grid,4,401,39736,-150.0,77,1,0.663,0.006874
DuelingDQN,A1_grid,4,402,39779,-56.0,43,1,0.6626,0.002129
DuelingDQN,A1_grid,4,403,39825,-75.0,46,1,0.6622,0.001273
DuelingDQN,A1_grid,4,404,39832,-16.0,7,1,0.6621,0.001395
DuelingDQN,A1_grid,4,405,39878,-83.0,46,1,0.6618,0.001522
DuelingDQN,A1_grid,4,406,39946,-109.0,68,1,0.6612,0.00075
DuelingDQN,A1_grid,4,407,39965,-40.0,19,1,0.661,0.000389
DuelingDQN,A1_grid,4,408,40070,-154.0,105,1,0.6601,0.003317
DuelingDQN,A1_grid,4,409,40093,-24.0,23,1,0.6599,0.007299
DuelingDQN,A1_grid,4,410,40142,-86.0,49,1,0.6595,0.005076
DuelingDQN,A1_grid,4,411,40170,-45.0,28,1,0.6593,0.005906
DuelingDQN,A1_grid,4,412,40178,-9.0,8,1,0.6592,0.005411
DuelingDQN,A1_grid,4,413,40188,-7.0,10,1,0.6591,0.005887
DuelingDQN,A1_grid,4,414,40209,-30.0,21,1,0.659,0.005683
DuelingDQN,A1_grid,4,415,40290,-134.0,81,1,0.6583,0.003102
DuelingDQN,A1_grid,4,416,40386,-209.0,96,1,0.6574,0.004044
DuelingDQN,A1_grid,4,417,40490,-161.0,104,1,0.6566,0.00377
DuelingDQN,A1_grid,4,418,40530,-61.0,40,1,0.6562,0.007706
DuelingDQN,A1_grid,4,419,40561,-56.0,31,1,0.656,0.008754
DuelingDQN,A1_grid,4,420,40571,1.0,10,1,0.6559,0.005911
DuelingDQN,A1_grid,4,421,40585,-23.0,14,1,0.6558,0.004241
DuelingDQN,A1_grid,4,422,40607,-11.0,22,1,0.6556,0.003622
DuelingDQN,A1_grid,4,423,40617,-7.0,10,1,0.6555,0.003769
DuelingDQN,A1_grid,4,424,40678,-102.0,61,1,0.655,0.004214
DuelingDQN,A1_grid,4,425,40750,-125.0,72,1,0.6544,0.002772
DuelingDQN,A1_grid,4,426,40832,-119.0,82,1,0.6537,0.002515
DuelingDQN,A1_grid,4,427,40913,-142.0,81,1,0.653,0.004764
DuelingDQN,A1_grid,4,428,41016,-188.0,103,1,0.6521,0.002897
DuelingDQN,A1_grid,4,429,41038,-27.0,22,1,0.6519,0.008859
DuelingDQN,A1_grid,4,430,41133,-136.0,95,1,0.6511,0.00511
DuelingDQN,A1_grid,4,431,41214,-154.0,81,1,0.6504,0.002723
DuelingDQN,A1_grid,4,432,41293,-148.0,79,1,0.6498,0.002218
DuelingDQN,A1_grid,4,433,41380,-168.0,87,1,0.649,0.001687
DuelingDQN,A1_grid,4,434,41447,-96.0,67,1,0.6484,0.001206
DuelingDQN,A1_grid,4,435,41465,-23.0,18,1,0.6483,0.000888
DuelingDQN,A1_grid,4,436,41505,-49.0,40,1,0.648,0.001987
DuelingDQN,A1_grid,4,437,41560,-88.0,55,1,0.6475,0.019527
DuelingDQN,A1_grid,4,438,41617,-90.0,57,1,0.647,0.018556
DuelingDQN,A1_grid,4,439,41665,-49.0,48,1,0.6466,0.010154
DuelingDQN,A1_grid,4,440,41735,-95.0,70,1,0.646,0.00355
DuelingDQN,A1_grid,4,441,41774,-40.0,39,1,0.6457,0.001495
DuelingDQN,A1_grid,4,442,41824,-87.0,50,1,0.6453,0.001191
DuelingDQN,A1_grid,4,443,41930,-183.0,106,1,0.6444,0.000913
DuelingDQN,A1_grid,4,444,42016,-139.0,86,1,0.6436,0.001577
DuelingDQN,A1_grid,4,445,42089,-110.0,73,1,0.643,0.004918
DuelingDQN,A1_grid,4,446,42163,-119.0,74,1,0.6424,0.003002
DuelingDQN,A1_grid,4,447,42204,-58.0,41,1,0.642,0.003093
DuelingDQN,A1_grid,4,448,42212,-5.0,8,1,0.642,0.001872
DuelingDQN,A1_grid,4,449,42264,-113.0,52,1,0.6415,0.001949
DuelingDQN,A1_grid,4,450,42297,-62.0,33,1,0.6412,0.001091
DuelingDQN,A1_grid,4,451,42327,-47.0,30,1,0.641,0.000712
DuelingDQN,A1_grid,4,452,42344,-26.0,17,1,0.6408,0.000749
DuelingDQN,A1_grid,4,453,42360,-33.0,16,1,0.6407,0.00072
DuelingDQN,A1_grid,4,454,42441,-134.0,81,1,0.64,0.000613
DuelingDQN,A1_grid,4,455,42482,-58.0,41,1,0.6397,0.000765
DuelingDQN,A1_grid,4,456,42490,-5.0,8,1,0.6396,0.000947
DuelingDQN,A1_grid,4,457,42544,-75.0,54,1,0.6391,0.009603
DuelingDQN,A1_grid,4,458,42604,-113.0,60,1,0.6386,0.013219
DuelingDQN,A1_grid,4,459,42693,-162.0,89,1,0.6379,0.01014
DuelingDQN,A1_grid,4,460,42748,-76.0,55,1,0.6374,0.002805
DuelingDQN,A1_grid,4,461,42765,-18.0,17,1,0.6373,0.001582
DuelingDQN,A1_grid,4,462,42832,-96.0,67,1,0.6367,0.000799
DuelingDQN,A1_grid,4,463,42895,-108.0,63,1,0.6362,0.000344
DuelingDQN,A1_grid,4,464,42916,-26.0,21,1,0.636,0.000337
DuelingDQN,A1_grid,4,465,42965,-54.0,49,1,0.6356,0.000285
DuelingDQN,A1_grid,4,466,42981,-21.0,16,1,0.6354,0.000361
DuelingDQN,A1_grid,4,467,43030,-70.0,49,1,0.635,0.006017
DuelingDQN,A1_grid,4,468,43057,-28.0,27,1,0.6348,0.010839
DuelingDQN,A1_grid,4,469,43104,-56.0,47,1,0.6344,0.009333
DuelingDQN,A1_grid,4,470,43142,-75.0,38,1,0.6341,0.007423
DuelingDQN,A1_grid,4,471,43159,-14.0,17,1,0.6339,0.006399
DuelingDQN,A1_grid,4,472,43266,-188.0,107,1,0.633,0.004961
DuelingDQN,A1_grid,4,473,43335,-122.0,69,1,0.6324,0.00674
DuelingDQN,A1_grid,4,474,43365,-55.0,30,1,0.6322,0.004976
DuelingDQN,A1_grid,4,475,43436,-108.0,71,1,0.6316,0.003924
DuelingDQN,A1_grid,4,476,43499,-116.0,63,1,0.631,0.002526
DuelingDQN,A1_grid,4,477,43515,-25.0,16,1,0.6309,0.010452
DuelingDQN,A1_grid,4,478,43582,-104.0,67,1,0.6303,0.013724
DuelingDQN,A1_grid,4,479,43651,-118.0,69,1,0.6298,0.007617
DuelingDQN,A1_grid,4,480,43658,4.0,7,1,0.6297,0.004242
DuelingDQN,A1_grid,4,481,43700,-55.0,42,1,0.6293,0.003377
DuelingDQN,A1_grid,4,482,43812,-185.0,112,1,0.6284,0.001179
DuelingDQN,A1_grid,4,483,43874,-123.0,62,1,0.6279,0.000849
DuelingDQN,A1_grid,4,484,43883,2.0,9,1,0.6278,0.000665
DuelingDQN,A1_grid,4,485,43965,-135.0,82,1,0.6271,0.000576
DuelingDQN,A1_grid,4,486,44062,-170.0,97,1,0.6263,0.008471
DuelingDQN,A1_grid,4,487,44078,-13.0,16,1,0.6261,0.009882
DuelingDQN,A1_grid,4,488,44099,-18.0,21,1,0.626,0.008612
DuelingDQN,A1_grid,4,489,44149,-71.0,50,1,0.6255,0.007852
DuelingDQN,A1_grid,4,490,44215,-111.0,66,1,0.625,0.006127
DuelingDQN,A1_grid,4,491,44255,-49.0,40,1,0.6246,0.002605
DuelingDQN,A1_grid,4,492,44309,-87.0,54,1,0.6242,0.00273
DuelingDQN,A1_grid,4,493,44406,-122.0,97,1,0.6234,0.001636
DuelingDQN,A1_grid,4,494,44435,-34.0,29,1,0.6231,0.001313
DuelingDQN,A1_grid,4,495,44458,-40.0,23,1,0.6229,0.000862
DuelingDQN,A1_grid,4,496,44481,-24.0,23,1,0.6227,0.000757
DuelingDQN,A1_grid,4,497,44525,-89.0,44,1,0.6223,0.006739
DuelingDQN,A1_grid,4,498,44645,-225.0,120,1,0.6213,0.009955
DuelingDQN,A1_grid,4,499,44676,-32.0,31,1,0.6211,0.006395
DuelingDQN,A1_grid,4,500,44695,-24.0,19,1,0.6209,0.002993
DuelingDQN,A1_grid,4,501,44790,-180.0,95,1,0.6201,0.003503
DuelingDQN,A1_grid,4,502,44815,-34.0,25,1,0.6199,0.002488
DuelingDQN,A1_grid,4,503,44889,-155.0,74,1,0.6193,0.002208
DuelingDQN,A1_grid,4,504,44932,-80.0,43,1,0.6189,0.001244
DuelingDQN,A1_grid,4,505,44961,-58.0,29,1,0.6186,0.001479
DuelingDQN,A1_grid,4,506,45012,-88.0,51,1,0.6182,0.003721
DuelingDQN,A1_grid,4,507,45075,-96.0,63,1,0.6177,0.010198
DuelingDQN,A1_grid,4,508,45121,-43.0,46,1,0.6173,0.004884
DuelingDQN,A1_grid,4,509,45177,-113.0,56,1,0.6168,0.004196
DuelingDQN,A1_grid,4,510,45202,-30.0,25,1,0.6166,0.00239
DuelingDQN,A1_grid,4,511,45256,-59.0,54,1,0.6161,0.002474
DuelingDQN,A1_grid,4,512,45288,-41.0,32,1,0.6159,0.002472
DuelingDQN,A1_grid,4,513,45351,-116.0,63,1,0.6153,0.001525
DuelingDQN,A1_grid,4,514,45399,-77.0,48,1,0.6149,0.001156
DuelingDQN,A1_grid,4,515,45408,-6.0,9,1,0.6149,0.000971
DuelingDQN,A1_grid,4,516,45490,-159.0,82,1,0.6142,0.000481
DuelingDQN,A1_grid,4,517,45527,-62.0,37,1,0.6138,0.007318
DuelingDQN,A1_grid,4,518,45569,-67.0,42,1,0.6135,0.0103
DuelingDQN,A1_grid,4,519,45638,-138.0,69,1,0.6129,0.0094
DuelingDQN,A1_grid,4,520,45684,-63.0,46,1,0.6125,0.006076
DuelingDQN,A1_grid,4,521,45703,-24.0,19,1,0.6123,0.004284
DuelingDQN,A1_grid,4,522,45719,-9.0,16,1,0.6122,0.004114
DuelingDQN,A1_grid,4,523,45752,-26.0,33,1,0.6119,0.002902
DuelingDQN,A1_grid,4,524,45858,-191.0,106,1,0.611,0.00156
DuelingDQN,A1_grid,4,525,45905,-36.0,47,1,0.6106,0.000988
DuelingDQN,A1_grid,4,526,45960,-80.0,55,1,0.6102,0.000764
DuelingDQN,A1_grid,4,527,46027,-136.0,67,1,0.6096,0.004564
DuelingDQN,A1_grid,4,528,46035,-5.0,8,1,0.6095,0.010328
DuelingDQN,A1_grid,4,529,46041,5.0,6,1,0.6095,0.01006
DuelingDQN,A1_grid,4,530,46080,-64.0,39,1,0.6092,0.010397
DuelingDQN,A1_grid,4,531,46092,-1.0,12,1,0.609,0.007786
DuelingDQN,A1_grid,4,532,46112,-21.0,20,1,0.6089,0.008168
DuelingDQN,A1_grid,4,533,46153,-50.0,41,1,0.6085,0.004658
DuelingDQN,A1_grid,4,534,46284,-256.0,131,1,0.6074,0.00265
DuelingDQN,A1_grid,4,535,46329,-70.0,45,1,0.607,0.000881
DuelingDQN,A1_grid,4,536,46338,-14.0,9,1,0.607,0.000489
DuelingDQN,A1_grid,4,537,46393,-72.0,55,1,0.6065,0.001158
DuelingDQN,A1_grid,4,538,46445,-53.0,52,1,0.6061,0.000944
DuelingDQN,A1_grid,4,539,46465,-17.0,20,1,0.6059,0.000806
DuelingDQN,A1_grid,4,540,46521,-73.0,56,1,0.6054,0.004861
DuelingDQN,A1_grid,4,541,46531,-11.0,10,1,0.6053,0.009309
DuelingDQN,A1_grid,4,542,46580,-74.0,49,1,0.6049,0.014991
DuelingDQN,A1_grid,4,543,46629,-78.0,49,1,0.6045,0.009135
DuelingDQN,A1_grid,4,544,46661,-37.0,32,1,0.6042,0.006327
DuelingDQN,A1_grid,4,545,46668,4.0,7,1,0.6042,0.004857
DuelingDQN,A1_grid,4,546,46695,-36.0,27,1,0.6039,0.004002
DuelingDQN,A1_grid,4,547,46764,-142.0,69,1,0.6033,0.001412
DuelingDQN,A1_grid,4,548,46836,-141.0,72,1,0.6027,0.000982
DuelingDQN,A1_grid,4,549,46901,-114.0,65,1,0.6022,0.000588
DuelingDQN,A1_grid,4,550,46965,-85.0,64,1,0.6016,0.000573
DuelingDQN,A1_grid,4,551,47007,-67.0,42,1,0.6013,0.00192
DuelingDQN,A1_grid,4,552,47037,-47.0,30,1,0.601,0.012296
DuelingDQN,A1_grid,4,553,47101,-125.0,64,1,0.6005,0.01075
DuelingDQN,A1_grid,4,554,47194,-178.0,93,1,0.5997,0.008472
DuelingDQN,A1_grid,4,555,47294,-201.0,100,1,0.5989,0.002626
DuelingDQN,A1_grid,4,556,47375,-202.0,81,1,0.5982,0.002106
DuelingDQN,A1_grid,4,557,47485,-171.0,110,1,0.5972,0.002534
DuelingDQN,A1_grid,4,558,47502,-22.0,17,1,0.5971,0.001823
DuelingDQN,A1_grid,4,559,47562,-129.0,60,1,0.5966,0.00877
DuelingDQN,A1_grid,4,560,47593,-44.0,31,1,0.5963,0.004636
DuelingDQN,A1_grid,4,561,47687,-167.0,94,1,0.5955,0.006076
DuelingDQN,A1_grid,4,562,47700,-2.0,13,1,0.5954,0.002234
DuelingDQN,A1_grid,4,563,47749,-102.0,49,1,0.595,0.001543
DuelingDQN,A1_grid,4,564,47806,-102.0,57,1,0.5945,0.000616
DuelingDQN,A1_grid,4,565,47824,-19.0,18,1,0.5944,0.000378
DuelingDQN,A1_grid,4,566,47890,-107.0,66,1,0.5938,0.000874
DuelingDQN,A1_grid,4,567,47933,-44.0,43,1,0.5934,0.000792
DuelingDQN,A1_grid,4,568,47990,-94.0,57,1,0.593,0.000718
DuelingDQN,A1_grid,4,569,48032,-75.0,42,1,0.5926,0.00726
DuelingDQN,A1_grid,4,570,48092,-69.0,60,1,0.5921,0.009496
DuelingDQN,A1_grid,4,571,48145,-90.0,53,1,0.5916,0.008687
DuelingDQN,A1_grid,4,572,48167,-31.0,22,1,0.5914,0.007582
DuelingDQN,A1_grid,4,573,48168,10.0,1,1,0.5914,0.004288
DuelingDQN,A1_grid,4,574,48225,-90.0,57,1,0.591,0.004452
DuelingDQN,A1_grid,4,575,48237,-17.0,12,1,0.5909,0.00269
DuelingDQN,A1_grid,4,576,48264,-32.0,27,1,0.5906,0.001554
DuelingDQN,A1_grid,4,577,48277,-18.0,13,1,0.5905,0.001008
DuelingDQN,A1_grid,4,578,48350,-118.0,73,1,0.5899,0.000973
DuelingDQN,A1_grid,4,579,48367,-18.0,17,1,0.5898,0.00103
DuelingDQN,A1_grid,4,580,48394,-32.0,27,1,0.5895,0.001486
DuelingDQN,A1_grid,4,581,48487,-182.0,93,1,0.5887,0.001021
DuelingDQN,A1_grid,4,582,48520,-46.0,33,1,0.5885,0.004305
DuelingDQN,A1_grid,4,583,48530,-3.0,10,1,0.5884,0.006095
DuelingDQN,A1_grid,4,584,48557,-52.0,27,1,0.5881,0.005384
DuelingDQN,A1_grid,4,585,48616,-92.0,59,1,0.5876,0.004668
DuelingDQN,A1_grid,4,586,48674,-111.0,58,1,0.5871,0.003689
DuelingDQN,A1_grid,4,587,48694,-9.0,20,1,0.587,0.002788
DuelingDQN,A1_grid,4,588,48720,-43.0,26,1,0.5868,0.002303
DuelingDQN,A1_grid,4,589,48724,7.0,4,1,0.5867,0.002585
DuelingDQN,A1_grid,4,590,48744,-41.0,20,1,0.5866,0.002659
DuelingDQN,A1_grid,4,591,48758,-11.0,14,1,0.5864,0.002585
DuelingDQN,A1_grid,4,592,48808,-55.0,50,1,0.586,0.001879
DuelingDQN,A1_grid,4,593,48830,-23.0,22,1,0.5858,0.001685
DuelingDQN,A1_grid,4,594,48890,-85.0,60,1,0.5853,0.001633
DuelingDQN,A1_grid,4,595,48904,-11.0,14,1,0.5852,0.001263
DuelingDQN,A1_grid,4,596,48923,-20.0,19,1,0.585,0.00156
DuelingDQN,A1_grid,4,597,48974,-68.0,51,1,0.5846,0.001558
DuelingDQN,A1_grid,4,598,49052,-107.0,78,1,0.5839,0.006621
DuelingDQN,A1_grid,4,599,49119,-128.0,67,1,0.5834,0.011586
DuelingDQN,A1_grid,4,600,49176,-74.0,57,1,0.5829,0.006138
DuelingDQN,A1_grid,4,601,49200,-37.0,24,1,0.5827,0.00244
DuelingDQN,A1_grid,4,602,49254,-83.0,54,1,0.5822,0.002869
DuelingDQN,A1_grid,4,603,49256,9.0,2,1,0.5822,0.001315
DuelingDQN,A1_grid,4,604,49327,-132.0,71,1,0.5816,0.001617
DuelingDQN,A1_grid,4,605,49335,-9.0,8,1,0.5815,0.001166
DuelingDQN,A1_grid,4,606,49376,-58.0,41,1,0.5812,0.001009
DuelingDQN,A1_grid,4,607,49428,-93.0,52,1,0.5808,0.000558
DuelingDQN,A1_grid,4,608,49472,-61.0,44,1,0.5804,0.000304
DuelingDQN,A1_grid,4,609,49536,-117.0,64,1,0.5798,0.00465
DuelingDQN,A1_grid,4,610,49599,-100.0,63,1,0.5793,0.011407
DuelingDQN,A1_grid,4,611,49653,-91.0,54,1,0.5788,0.006318
DuelingDQN,A1_grid,4,612,49704,-96.0,51,1,0.5784,0.005373
DuelingDQN,A1_grid,4,613,49775,-100.0,71,1,0.5778,0.002636
DuelingDQN,A1_grid,4,614,49823,-77.0,48,1,0.5774,0.001796
DuelingDQN,A1_grid,4,615,49898,-144.0,75,1,0.5768,0.001075
DuelingDQN,A1_grid,4,616,49946,-53.0,48,1,0.5764,0.000779
DuelingDQN,A1_grid,4,617,49987,-46.0,41,1,0.576,0.000828
DuelingDQN,A1_grid,4,618,50008,-26.0,21,1,0.5758,0.002977
DuelingDQN,A1_grid,4,619,50022,-11.0,14,1,0.5757,0.00545
DuelingDQN,A1_grid,4,620,50097,-124.0,75,1,0.5751,0.00493
DuelingDQN,A1_grid,4,621,50141,-65.0,44,1,0.5747,0.002908
DuelingDQN,A1_grid,4,622,50197,-77.0,56,1,0.5742,0.004023
DuelingDQN,A1_grid,4,623,50259,-115.0,62,1,0.5737,0.004383
DuelingDQN,A1_grid,4,624,50280,-26.0,21,1,0.5735,0.004707
DuelingDQN,A1_grid,4,625,50329,-58.0,49,1,0.5731,0.004713
DuelingDQN,A1_grid,4,626,50341,-5.0,12,1,0.573,0.002766
DuelingDQN,A1_grid,4,627,50403,-99.0,62,1,0.5725,0.002712
DuelingDQN,A1_grid,4,628,50427,-33.0,24,1,0.5723,0.004357
DuelingDQN,A1_grid,4,629,50512,-134.0,85,1,0.5716,0.004145
DuelingDQN,A1_grid,4,630,50543,-36.0,31,1,0.5713,0.009303
DuelingDQN,A1_grid,4,631,50606,-84.0,63,1,0.5708,0.005476
DuelingDQN,A1_grid,4,632,50702,-153.0,96,1,0.5699,0.002276
DuelingDQN,A1_grid,4,633,50749,-64.0,47,1,0.5695,0.001418
DuelingDQN,A1_grid,4,634,50756,0.0,7,1,0.5695,0.000712
DuelingDQN,A1_grid,4,635,50782,-19.0,26,1,0.5693,0.000838
DuelingDQN,A1_grid,4,636,50812,-43.0,30,1,0.569,0.000765
DuelingDQN,A1_grid,4,637,50845,-30.0,33,1,0.5687,0.001003
DuelingDQN,A1_grid,4,638,50909,-109.0,64,1,0.5682,0.000875
DuelingDQN,A1_grid,4,639,50974,-126.0,65,1,0.5676,0.000407
DuelingDQN,A1_grid,4,640,50994,-17.0,20,1,0.5675,0.000398
DuelingDQN,A1_grid,4,641,51020,-23.0,26,1,0.5672,0.005646
DuelingDQN,A1_grid,4,642,51051,-32.0,31,1,0.567,0.008247
DuelingDQN,A1_grid,4,643,51120,-90.0,69,1,0.5664,0.010833
DuelingDQN,A1_grid,4,644,51125,2.0,5,1,0.5664,0.017398
DuelingDQN,A1_grid,4,645,51129,-1.0,4,1,0.5663,0.013294
DuelingDQN,A1_grid,4,646,51184,-68.0,55,1,0.5659,0.009106
DuelingDQN,A1_grid,4,647,51228,-77.0,44,1,0.5655,0.005043
DuelingDQN,A1_grid,4,648,51272,-81.0,44,1,0.5651,0.003076
DuelingDQN,A1_grid,4,649,51313,-46.0,41,1,0.5648,0.002364
DuelingDQN,A1_grid,4,650,51397,-141.0,84,1,0.5641,0.000906
DuelingDQN,A1_grid,4,651,51433,-57.0,36,1,0.5637,0.000603
DuelingDQN,A1_grid,4,652,51467,-55.0,34,1,0.5635,0.000412
DuelingDQN,A1_grid,4,653,51479,-5.0,12,1,0.5634,0.000562
DuelingDQN,A1_grid,4,654,51530,-88.0,51,1,0.5629,0.004001
DuelingDQN,A1_grid,4,655,51535,2.0,5,1,0.5629,0.004643
DuelingDQN,A1_grid,4,656,51605,-107.0,70,1,0.5623,0.005038
DuelingDQN,A1_grid,4,657,51640,-32.0,35,1,0.562,0.004738
DuelingDQN,A1_grid,4,658,51669,-34.0,29,1,0.5617,0.004693
DuelingDQN,A1_grid,4,659,51697,-33.0,28,1,0.5615,0.005392
DuelingDQN,A1_grid,4,660,51703,1.0,6,1,0.5615,0.00398
DuelingDQN,A1_grid,4,661,51740,-46.0,37,1,0.5611,0.002625
DuelingDQN,A1_grid,4,662,51759,-20.0,19,1,0.561,0.001701
DuelingDQN,A1_grid,4,663,51783,-41.0,24,1,0.5608,0.002107
DuelingDQN,A1_grid,4,664,51822,-44.0,39,1,0.5604,0.002166
DuelingDQN,A1_grid,4,665,51827,6.0,5,1,0.5604,0.001589
DuelingDQN,A1_grid,4,666,51835,3.0,8,1,0.5603,0.001552
DuelingDQN,A1_grid,4,667,51884,-82.0,49,1,0.5599,0.001416
DuelingDQN,A1_grid,4,668,51912,-37.0,28,1,0.5597,0.000949
DuelingDQN,A1_grid,4,669,51963,-92.0,51,1,0.5593,0.000816
DuelingDQN,A1_grid,4,670,51976,-6.0,13,1,0.5591,0.000639
DuelingDQN,A1_grid,4,671,52050,-103.0,74,1,0.5585,0.004573
DuelingDQN,A1_grid,4,672,52073,-44.0,23,1,0.5583,0.00516
DuelingDQN,A1_grid,4,673,52103,-35.0,30,1,0.5581,0.003727
DuelingDQN,A1_grid,4,674,52127,-37.0,24,1,0.5579,0.004115
DuelingDQN,A1_grid,4,675,52174,-60.0,47,1,0.5575,0.002916
DuelingDQN,A1_grid,4,676,52205,-52.0,31,1,0.5572,0.001748
DuelingDQN,A1_grid,4,677,52250,-74.0,45,1,0.5568,0.001347
DuelingDQN,A1_grid,4,678,52261,-12.0,11,1,0.5567,0.001393
DuelingDQN,A1_grid,4,679,52285,-33.0,24,1,0.5565,0.00098
DuelingDQN,A1_grid,4,680,52295,-3.0,10,1,0.5564,0.000898
DuelingDQN,A1_grid,4,681,52321,-39.0,26,1,0.5562,0.000683
DuelingDQN,A1_grid,4,682,52376,-80.0,55,1,0.5557,0.000437
DuelingDQN,A1_grid,4,683,52424,-73.0,48,1,0.5553,0.000331
DuelingDQN,A1_grid,4,684,52444,-17.0,20,1,0.5552,0.000338
DuelingDQN,A1_grid,4,685,52480,-61.0,36,1,0.5549,0.000296
DuelingDQN,A1_grid,4,686,52486,1.0,6,1,0.5548,0.000324
DuelingDQN,A1_grid,4,687,52490,-1.0,4,1,0.5548,0.000352
DuelingDQN,A1_grid,4,688,52495,2.0,5,1,0.5547,0.000328
DuelingDQN,A1_grid,4,689,52534,-68.0,39,1,0.5544,0.004653
DuelingDQN,A1_grid,4,690,52573,-56.0,39,1,0.5541,0.00447
DuelingDQN,A1_grid,4,691,52646,-94.0,73,1,0.5535,0.006115
DuelingDQN,A1_grid,4,692,52712,-91.0,66,1,0.5529,0.005483
DuelingDQN,A1_grid,4,693,52739,-40.0,27,1,0.5527,0.003282
DuelingDQN,A1_grid,4,694,52790,-72.0,51,1,0.5522,0.002397
DuelingDQN,A1_grid,4,695,52804,-7.0,14,1,0.5521,0.001764
DuelingDQN,A1_grid,4,696,52854,-107.0,50,1,0.5517,0.001357
DuelingDQN,A1_grid,4,697,52883,-46.0,29,1,0.5514,0.000848
DuelingDQN,A1_grid,4,698,52948,-94.0,65,1,0.5509,0.000631
DuelingDQN,A1_grid,4,699,52972,-29.0,24,1,0.5507,0.000484
DuelingDQN,A1_grid,4,700,53014,-47.0,42,1,0.5503,0.002775
DuelingDQN,A1_grid,4,701,53079,-102.0,65,1,0.5498,0.012255
DuelingDQN,A1_grid,4,702,53103,-37.0,24,1,0.5496,0.008735
DuelingDQN,A1_grid,4,703,53209,-143.0,106,1,0.5487,0.005252
DuelingDQN,A1_grid,4,704,53228,-16.0,19,1,0.5485,0.001613
DuelingDQN,A1_grid,4,705,53287,-96.0,59,1,0.548,0.001345
DuelingDQN,A1_grid,4,706,53326,-32.0,39,1,0.5477,0.000948
DuelingDQN,A1_grid,4,707,53329,0.0,3,1,0.5477,0.001206
DuelingDQN,A1_grid,4,708,53338,-6.0,9,1,0.5476,0.00107
DuelingDQN,A1_grid,4,709,53377,-56.0,39,1,0.5473,0.000804
DuelingDQN,A1_grid,4,710,53408,-40.0,31,1,0.547,0.000851
DuelingDQN,A1_grid,4,711,53438,-35.0,30,1,0.5467,0.000591
DuelingDQN,A1_grid,4,712,53510,-137.0,72,1,0.5461,0.00094
DuelingDQN,A1_grid,4,713,53561,-84.0,51,1,0.5457,0.007579
DuelingDQN,A1_grid,4,714,53605,-69.0,44,1,0.5453,0.004923
DuelingDQN,A1_grid,4,715,53664,-72.0,59,1,0.5448,0.00424
DuelingDQN,A1_grid,4,716,53677,-14.0,13,1,0.5447,0.001708
DuelingDQN,A1_grid,4,717,53722,-62.0,45,1,0.5443,0.001319
DuelingDQN,A1_grid,4,718,53749,-36.0,27,1,0.5441,0.000955
DuelingDQN,A1_grid,4,719,53788,-48.0,39,1,0.5438,0.001657
DuelingDQN,A1_grid,4,720,53800,-9.0,12,1,0.5437,0.001346
DuelingDQN,A1_grid,4,721,53817,-14.0,17,1,0.5435,0.001871
DuelingDQN,A1_grid,4,722,53850,-46.0,33,1,0.5432,0.001164
DuelingDQN,A1_grid,4,723,53875,-30.0,25,1,0.543,0.000989
DuelingDQN,A1_grid,4,724,53934,-112.0,59,1,0.5425,0.00082
DuelingDQN,A1_grid,4,725,53935,10.0,1,1,0.5425,0.001194
DuelingDQN,A1_grid,4,726,53962,-32.0,27,1,0.5423,0.000923
DuelingDQN,A1_grid,4,727,53993,-36.0,31,1,0.542,0.00048
DuelingDQN,A1_grid,4,728,54048,-84.0,55,1,0.5416,0.00626
DuelingDQN,A1_grid,4,729,54054,1.0,6,1,0.5415,0.016054
DuelingDQN,A1_grid,4,730,54119,-126.0,65,1,0.541,0.007303
DuelingDQN,A1_grid,4,731,54163,-61.0,44,1,0.5406,0.004289
DuelingDQN,A1_grid,4,732,54210,-84.0,47,1,0.5402,0.002359
DuelingDQN,A1_grid,4,733,54271,-94.0,61,1,0.5397,0.001195
DuelingDQN,A1_grid,4,734,54319,-61.0,48,1,0.5393,0.001206
DuelingDQN,A1_grid,4,735,54321,9.0,2,1,0.5393,0.001287
DuelingDQN,A1_grid,4,736,54379,-87.0,58,1,0.5388,0.000746
DuelingDQN,A1_grid,4,737,54429,-83.0,50,1,0.5383,0.000574
DuelingDQN,A1_grid,4,738,54482,-78.0,53,1,0.5379,0.000456
DuelingDQN,A1_grid,4,739,54534,-73.0,52,1,0.5374,0.002831
DuelingDQN,A1_grid,4,740,54578,-65.0,44,1,0.5371,0.003869
DuelingDQN,A1_grid,4,741,54632,-67.0,54,1,0.5366,0.005469
DuelingDQN,A1_grid,4,742,54657,-38.0,25,1,0.5364,0.005061
DuelingDQN,A1_grid,4,743,54670,-14.0,13,1,0.5363,0.005676
DuelingDQN,A1_grid,4,744,54720,-71.0,50,1,0.5359,0.002512
DuelingDQN,A1_grid,4,745,54751,-28.0,31,1,0.5356,0.001947
DuelingDQN,A1_grid,4,746,54812,-86.0,61,1,0.5351,0.002848
DuelingDQN,A1_grid,4,747,54846,-43.0,34,1,0.5348,0.002482
DuelingDQN,A1_grid,4,748,54848,5.0,2,1,0.5348,0.001757
DuelingDQN,A1_grid,4,749,54856,-5.0,8,1,0.5347,0.001912
DuelingDQN,A1_grid,4,750,54922,-103.0,66,1,0.5342,0.002556
DuelingDQN,A1_grid,4,751,54946,-29.0,24,1,0.5339,0.002972
DuelingDQN,A1_grid,4,752,54957,-8.0,11,1,0.5339,0.003508
DuelingDQN,A1_grid,4,753,55012,-96.0,55,1,0.5334,0.003278
DuelingDQN,A1_grid,4,754,55052,-45.0,40,1,0.533,0.007424
DuelingDQN,A1_grid,4,755,55104,-81.0,52,1,0.5326,0.006549
DuelingDQN,A1_grid,4,756,55120,-17.0,16,1,0.5325,0.005812
DuelingDQN,A1_grid,4,757,55175,-60.0,55,1,0.532,0.003265
DuelingDQN,A1_grid,4,758,55209,-55.0,34,1,0.5317,0.001944
DuelingDQN,A1_grid,4,759,55266,-94.0,57,1,0.5312,0.002061
DuelingDQN,A1_grid,4,760,55316,-83.0,50,1,0.5308,0.0013
DuelingDQN,A1_grid,4,761,55361,-90.0,45,1,0.5304,0.001023
DuelingDQN,A1_grid,4,762,55373,-1.0,12,1,0.5303,0.001048
DuelingDQN,A1_grid,4,763,55384,-12.0,11,1,0.5302,0.001129
DuelingDQN,A1_grid,4,764,55401,-18.0,17,1,0.5301,0.000807
DuelingDQN,A1_grid,4,765,55420,-24.0,19,1,0.5299,0.000776
DuelingDQN,A1_grid,4,766,55433,-2.0,13,1,0.5298,0.000508
DuelingDQN,A1_grid,4,767,55470,-50.0,37,1,0.5295,0.000603
DuelingDQN,A1_grid,4,768,55473,4.0,3,1,0.5295,0.000851
DuelingDQN,A1_grid,4,769,55523,-83.0,50,1,0.5291,0.003596
DuelingDQN,A1_grid,4,770,55586,-88.0,63,1,0.5285,0.007798
DuelingDQN,A1_grid,4,771,55591,2.0,5,1,0.5285,0.004708
DuelingDQN,A1_grid,4,772,55641,-83.0,50,1,0.5281,0.004465
DuelingDQN,A1_grid,4,773,55674,-46.0,33,1,0.5278,0.003387
DuelingDQN,A1_grid,4,774,55695,-14.0,21,1,0.5276,0.003236
DuelingDQN,A1_grid,4,775,55723,-21.0,28,1,0.5274,0.002472
DuelingDQN,A1_grid,4,776,55811,-149.0,88,1,0.5266,0.001926
DuelingDQN,A1_grid,4,777,55860,-74.0,49,1,0.5262,0.000725
DuelingDQN,A1_grid,4,778,55898,-47.0,38,1,0.5259,0.000958
DuelingDQN,A1_grid,4,779,55962,-133.0,64,1,0.5253,0.00096
DuelingDQN,A1_grid,4,780,55967,6.0,5,1,0.5253,0.00061
DuelingDQN,A1_grid,4,781,55999,-37.0,32,1,0.525,0.000511
DuelingDQN,A1_grid,4,782,56010,-8.0,11,1,0.5249,0.007348
DuelingDQN,A1_grid,4,783,56030,-25.0,20,1,0.5248,0.013497
DuelingDQN,A1_grid,4,784,56079,-66.0,49,1,0.5243,0.015442
DuelingDQN,A1_grid,4,785,56089,-11.0,10,1,0.5243,0.011901
DuelingDQN,A1_grid,4,786,56111,-27.0,22,1,0.5241,0.01152
DuelingDQN,A1_grid,4,787,56180,-86.0,69,1,0.5235,0.007061
DuelingDQN,A1_grid,4,788,56197,-18.0,17,1,0.5233,0.004814
DuelingDQN,A1_grid,4,789,56274,-138.0,77,1,0.5227,0.002182
DuelingDQN,A1_grid,4,790,56289,-16.0,15,1,0.5226,0.001016
DuelingDQN,A1_grid,4,791,56297,-1.0,8,1,0.5225,0.000789
DuelingDQN,A1_grid,4,792,56338,-58.0,41,1,0.5221,0.00072
DuelingDQN,A1_grid,4,793,56347,-10.0,9,1,0.5221,0.000898
DuelingDQN,A1_grid,4,794,56369,-31.0,22,1,0.5219,0.000654
DuelingDQN,A1_grid,4,795,56443,-131.0,74,1,0.5213,0.00091
DuelingDQN,A1_grid,4,796,56476,-34.0,33,1,0.521,0.001718
DuelingDQN,A1_grid,4,797,56507,-48.0,31,1,0.5207,0.002907
DuelingDQN,A1_grid,4,798,56563,-77.0,56,1,0.5202,0.009273
DuelingDQN,A1_grid,4,799,56629,-131.0,66,1,0.5197,0.013963
DuelingDQN,A1_grid,4,800,56659,-35.0,30,1,0.5194,0.006636
