algo,grid,seed,episode,global_step,episode_return,episode_length,success,epsilon,mean_loss
DQN,deceptive_grid,0,1,200,-284.445,200,0,0.9983,
DQN,deceptive_grid,0,2,400,-239.56,200,0,0.9966,
DQN,deceptive_grid,0,3,600,-256.28,200,0,0.9949,
DQN,deceptive_grid,0,4,800,-270.895,200,0,0.9932,
DQN,deceptive_grid,0,5,1000,-240.455,200,0,0.9915,0.600695
DQN,deceptive_grid,0,6,1200,-225.855,200,0,0.9898,0.317987
DQN,deceptive_grid,0,7,1400,-235.845,200,0,0.9881,0.205906
DQN,deceptive_grid,0,8,1600,-271.5,200,0,0.9864,0.199532
DQN,deceptive_grid,0,9,1800,-226.435,200,0,0.9847,0.176314
DQN,deceptive_grid,0,10,2000,-319.765,200,0,0.983,0.167027
DQN,deceptive_grid,0,11,2200,-234.825,200,0,0.9813,0.172848
DQN,deceptive_grid,0,12,2217,-24.82,17,1,0.9812,0.134113
DQN,deceptive_grid,0,13,2417,-268.055,200,0,0.9795,0.152025
DQN,deceptive_grid,0,14,2617,-251.285,200,0,0.9778,0.15729
DQN,deceptive_grid,0,15,2817,-288.48,200,0,0.9761,0.133083
DQN,deceptive_grid,0,16,3017,-271.435,200,0,0.9744,0.124562
DQN,deceptive_grid,0,17,3217,-214.16,200,0,0.9727,0.112711
DQN,deceptive_grid,0,18,3417,-219.91,200,0,0.971,0.111928
DQN,deceptive_grid,0,19,3575,-194.21,158,1,0.9697,0.105124
DQN,deceptive_grid,0,20,3775,-311.61,200,0,0.968,0.100608
DQN,deceptive_grid,0,21,3975,-251.29,200,0,0.9663,0.089933
DQN,deceptive_grid,0,22,4175,-264.355,200,0,0.9646,0.10573
DQN,deceptive_grid,0,23,4375,-262.735,200,0,0.9629,0.091669
DQN,deceptive_grid,0,24,4575,-246.1,200,0,0.9612,0.094456
DQN,deceptive_grid,0,25,4717,-211.705,142,1,0.96,0.076348
DQN,deceptive_grid,0,26,4816,-136.99,99,1,0.9591,0.095068
DQN,deceptive_grid,0,27,5016,-284.085,200,0,0.9575,0.087869
DQN,deceptive_grid,0,28,5216,-228.495,200,0,0.9558,0.076784
DQN,deceptive_grid,0,29,5273,-47.96,57,1,0.9553,0.096587
DQN,deceptive_grid,0,30,5473,-257.44,200,0,0.9536,0.080774
DQN,deceptive_grid,0,31,5513,-38.815,40,1,0.9532,0.09217
DQN,deceptive_grid,0,32,5713,-320.685,200,0,0.9515,0.087183
DQN,deceptive_grid,0,33,5913,-260.97,200,0,0.9498,0.074706
DQN,deceptive_grid,0,34,5944,-37.545,31,1,0.9496,0.060765
DQN,deceptive_grid,0,35,6144,-204.005,200,0,0.9479,0.094026
DQN,deceptive_grid,0,36,6344,-279.85,200,0,0.9462,0.072952
DQN,deceptive_grid,0,37,6544,-215.785,200,0,0.9445,0.071498
DQN,deceptive_grid,0,38,6744,-234.485,200,0,0.9428,0.073783
DQN,deceptive_grid,0,39,6883,-149.205,139,1,0.9416,0.06605
DQN,deceptive_grid,0,40,7083,-234.89,200,0,0.9399,0.081437
DQN,deceptive_grid,0,41,7283,-216.145,200,0,0.9382,0.064745
DQN,deceptive_grid,0,42,7483,-201.605,200,0,0.9365,0.070248
DQN,deceptive_grid,0,43,7683,-201.315,200,0,0.9348,0.060054
DQN,deceptive_grid,0,44,7883,-291.975,200,0,0.9331,0.06213
DQN,deceptive_grid,0,45,8083,-293.1,200,0,0.9314,0.062466
DQN,deceptive_grid,0,46,8283,-257.555,200,0,0.9297,0.059615
DQN,deceptive_grid,0,47,8423,-155.235,140,1,0.9286,0.066205
DQN,deceptive_grid,0,48,8623,-330.765,200,0,0.9269,0.057898
DQN,deceptive_grid,0,49,8823,-223.47,200,0,0.9252,0.063361
DQN,deceptive_grid,0,50,9023,-258.0,200,0,0.9235,0.066795
DQN,deceptive_grid,0,51,9223,-301.995,200,0,0.9218,0.059665
DQN,deceptive_grid,0,52,9423,-235.935,200,0,0.9201,0.060651
DQN,deceptive_grid,0,53,9506,-76.17,83,1,0.9194,0.053449
DQN,deceptive_grid,0,54,9706,-216.055,200,0,0.9177,0.06582
DQN,deceptive_grid,0,55,9721,-10.325,15,1,0.9175,0.06343
DQN,deceptive_grid,0,56,9863,-227.195,142,1,0.9163,0.074544
DQN,deceptive_grid,0,57,10063,-227.03,200,0,0.9146,0.050447
DQN,deceptive_grid,0,58,10145,-91.665,82,1,0.9139,0.057899
DQN,deceptive_grid,0,59,10183,-28.83,38,1,0.9136,0.060577
DQN,deceptive_grid,0,60,10383,-319.095,200,0,0.9119,0.052976
DQN,deceptive_grid,0,61,10583,-276.66,200,0,0.9102,0.071086
DQN,deceptive_grid,0,62,10783,-236.23,200,0,0.9085,0.050338
DQN,deceptive_grid,0,63,10983,-352.245,200,0,0.9068,0.068734
DQN,deceptive_grid,0,64,11183,-257.69,200,0,0.9051,0.063995
DQN,deceptive_grid,0,65,11234,-70.445,51,1,0.9047,0.049412
DQN,deceptive_grid,0,66,11434,-274.47,200,0,0.903,0.061135
DQN,deceptive_grid,0,67,11634,-232.54,200,0,0.9013,0.050873
DQN,deceptive_grid,0,68,11834,-243.01,200,0,0.8996,0.063433
DQN,deceptive_grid,0,69,11845,1.655,11,1,0.8995,0.068096
DQN,deceptive_grid,0,70,11924,-77.85,79,1,0.8989,0.061103
DQN,deceptive_grid,0,71,12124,-283.415,200,0,0.8972,0.067327
DQN,deceptive_grid,0,72,12324,-209.825,200,0,0.8955,0.05934
DQN,deceptive_grid,0,73,12524,-283.015,200,0,0.8938,0.070366
DQN,deceptive_grid,0,74,12656,-201.47,132,1,0.8926,0.064392
DQN,deceptive_grid,0,75,12681,-9.91,25,1,0.8924,0.039963
DQN,deceptive_grid,0,76,12738,-56.1,57,1,0.892,0.054662
DQN,deceptive_grid,0,77,12917,-219.69,179,1,0.8904,0.066865
DQN,deceptive_grid,0,78,12946,-12.69,29,1,0.8902,0.117231
DQN,deceptive_grid,0,79,13146,-223.81,200,0,0.8885,0.082298
DQN,deceptive_grid,0,80,13346,-282.44,200,0,0.8868,0.050823
DQN,deceptive_grid,0,81,13465,-127.265,119,1,0.8858,0.062843
DQN,deceptive_grid,0,82,13665,-213.27,200,0,0.8841,0.081188
DQN,deceptive_grid,0,83,13865,-273.515,200,0,0.8824,0.073206
DQN,deceptive_grid,0,84,14047,-199.1,182,1,0.8809,0.092636
DQN,deceptive_grid,0,85,14238,-238.08,191,1,0.8792,0.0883
DQN,deceptive_grid,0,86,14438,-239.845,200,0,0.8775,0.078149
DQN,deceptive_grid,0,87,14627,-264.62,189,1,0.8759,0.096865
DQN,deceptive_grid,0,88,14767,-161.905,140,1,0.8747,0.080658
DQN,deceptive_grid,0,89,14872,-128.955,105,1,0.8739,0.078726
DQN,deceptive_grid,0,90,15035,-175.39,163,1,0.8725,0.097713
DQN,deceptive_grid,0,91,15235,-201.685,200,0,0.8708,0.082135
DQN,deceptive_grid,0,92,15287,-71.095,52,1,0.8703,0.116239
DQN,deceptive_grid,0,93,15446,-190.915,159,1,0.869,0.100898
DQN,deceptive_grid,0,94,15646,-205.215,200,0,0.8673,0.106542
DQN,deceptive_grid,0,95,15747,-103.415,101,1,0.8664,0.088057
DQN,deceptive_grid,0,96,15852,-127.88,105,1,0.8655,0.0921
DQN,deceptive_grid,0,97,16052,-232.71,200,0,0.8638,0.109266
DQN,deceptive_grid,0,98,16225,-167.085,173,1,0.8624,0.111011
DQN,deceptive_grid,0,99,16340,-146.73,115,1,0.8614,0.088818
DQN,deceptive_grid,0,100,16378,-34.645,38,1,0.8611,0.113352
DQN,deceptive_grid,0,101,16578,-329.505,200,0,0.8594,0.099334
DQN,deceptive_grid,0,102,16647,-78.805,69,1,0.8588,0.125148
DQN,deceptive_grid,0,103,16847,-218.57,200,0,0.8571,0.113629
DQN,deceptive_grid,0,104,16979,-145.665,132,1,0.856,0.111259
DQN,deceptive_grid,0,105,16983,0.02,4,1,0.8559,0.051114
DQN,deceptive_grid,0,106,17115,-153.455,132,1,0.8548,0.10683
DQN,deceptive_grid,0,107,17232,-104.06,117,1,0.8538,0.1184
DQN,deceptive_grid,0,108,17432,-290.485,200,0,0.8521,0.107328
DQN,deceptive_grid,0,109,17474,-48.905,42,1,0.8518,0.09122
DQN,deceptive_grid,0,110,17674,-208.58,200,0,0.8501,0.125721
DQN,deceptive_grid,0,111,17795,-115.6,121,1,0.8491,0.118419
DQN,deceptive_grid,0,112,17995,-313.27,200,0,0.8474,0.103588
DQN,deceptive_grid,0,113,18037,-57.005,42,1,0.847,0.178747
DQN,deceptive_grid,0,114,18237,-239.825,200,0,0.8453,0.150964
DQN,deceptive_grid,0,115,18302,-89.07,65,1,0.8448,0.144773
DQN,deceptive_grid,0,116,18335,-21.05,33,1,0.8445,0.159078
DQN,deceptive_grid,0,117,18535,-322.945,200,0,0.8428,0.128144
DQN,deceptive_grid,0,118,18735,-191.185,200,0,0.8411,0.122585
DQN,deceptive_grid,0,119,18935,-266.26,200,0,0.8394,0.12795
DQN,deceptive_grid,0,120,19007,-63.34,72,1,0.8388,0.13467
DQN,deceptive_grid,0,121,19138,-196.19,131,1,0.8377,0.133049
DQN,deceptive_grid,0,122,19310,-203.825,172,1,0.8362,0.167637
DQN,deceptive_grid,0,123,19497,-280.765,187,1,0.8346,0.13032
DQN,deceptive_grid,0,124,19697,-294.86,200,0,0.8329,0.152439
DQN,deceptive_grid,0,125,19713,-3.12,16,1,0.8328,0.179293
DQN,deceptive_grid,0,126,19913,-284.64,200,0,0.8311,0.149934
DQN,deceptive_grid,0,127,19948,-20.91,35,1,0.8308,0.140878
DQN,deceptive_grid,0,128,19983,-33.55,35,1,0.8305,0.147671
DQN,deceptive_grid,0,129,20096,-115.365,113,1,0.8295,0.175455
DQN,deceptive_grid,0,130,20296,-233.365,200,0,0.8278,0.184702
DQN,deceptive_grid,0,131,20339,-52.815,43,1,0.8275,0.131693
DQN,deceptive_grid,0,132,20374,-29.77,35,1,0.8272,0.205865
DQN,deceptive_grid,0,133,20442,-86.385,68,1,0.8266,0.14957
DQN,deceptive_grid,0,134,20642,-206.465,200,0,0.8249,0.182099
DQN,deceptive_grid,0,135,20842,-214.775,200,0,0.8232,0.179572
DQN,deceptive_grid,0,136,20985,-196.04,143,1,0.822,0.167632
DQN,deceptive_grid,0,137,21122,-141.915,137,1,0.8208,0.186796
DQN,deceptive_grid,0,138,21258,-128.295,136,1,0.8197,0.180126
DQN,deceptive_grid,0,139,21356,-122.38,98,1,0.8189,0.148279
DQN,deceptive_grid,0,140,21556,-275.475,200,0,0.8172,0.198679
DQN,deceptive_grid,0,141,21619,-57.21,63,1,0.8166,0.198972
DQN,deceptive_grid,0,142,21719,-116.65,100,1,0.8158,0.22806
DQN,deceptive_grid,0,143,21843,-124.68,124,1,0.8147,0.203011
DQN,deceptive_grid,0,144,21884,-38.265,41,1,0.8144,0.187923
DQN,deceptive_grid,0,145,21985,-129.645,101,1,0.8135,0.200449
DQN,deceptive_grid,0,146,22151,-177.27,166,1,0.8121,0.22857
DQN,deceptive_grid,0,147,22351,-246.83,200,0,0.8104,0.19937
DQN,deceptive_grid,0,148,22375,-8.57,24,1,0.8102,0.190899
DQN,deceptive_grid,0,149,22508,-144.145,133,1,0.8091,0.196936
DQN,deceptive_grid,0,150,22708,-259.795,200,0,0.8074,0.228886
DQN,deceptive_grid,0,151,22819,-103.795,111,1,0.8064,0.216998
DQN,deceptive_grid,0,152,22877,-58.2,58,1,0.806,0.208486
DQN,deceptive_grid,0,153,22909,-18.6,32,1,0.8057,0.200117
DQN,deceptive_grid,0,154,23020,-97.6,111,1,0.8047,0.23555
DQN,deceptive_grid,0,155,23176,-185.925,156,1,0.8034,0.239866
DQN,deceptive_grid,0,156,23246,-83.405,70,1,0.8028,0.224859
DQN,deceptive_grid,0,157,23399,-190.5,153,1,0.8015,0.222621
DQN,deceptive_grid,0,158,23507,-152.565,108,1,0.8006,0.236725
DQN,deceptive_grid,0,159,23635,-144.885,128,1,0.7995,0.26047
DQN,deceptive_grid,0,160,23695,-57.195,60,1,0.799,0.236934
DQN,deceptive_grid,0,161,23752,-56.865,57,1,0.7985,0.250037
DQN,deceptive_grid,0,162,23835,-98.74,83,1,0.7978,0.26858
DQN,deceptive_grid,0,163,23927,-106.865,92,1,0.797,0.230604
DQN,deceptive_grid,0,164,24027,-92.8,100,1,0.7962,0.269186
DQN,deceptive_grid,0,165,24111,-86.925,84,1,0.7955,0.280233
DQN,deceptive_grid,0,166,24223,-133.675,112,1,0.7945,0.298544
DQN,deceptive_grid,0,167,24339,-113.765,116,1,0.7936,0.256123
DQN,deceptive_grid,0,168,24361,-20.99,22,1,0.7934,0.260164
DQN,deceptive_grid,0,169,24561,-278.965,200,0,0.7917,0.306458
DQN,deceptive_grid,0,170,24640,-69.045,79,1,0.791,0.333602
DQN,deceptive_grid,0,171,24840,-218.565,200,0,0.7893,0.307173
DQN,deceptive_grid,0,172,24920,-65.99,80,1,0.7886,0.30376
DQN,deceptive_grid,0,173,24938,-8.145,18,1,0.7885,0.336267
DQN,deceptive_grid,0,174,25129,-224.13,191,1,0.7869,0.338941
DQN,deceptive_grid,0,175,25143,-15.765,14,1,0.7867,0.310911
DQN,deceptive_grid,0,176,25163,-12.605,20,1,0.7866,0.377873
DQN,deceptive_grid,0,177,25249,-69.42,86,1,0.7858,0.322139
DQN,deceptive_grid,0,178,25305,-43.595,56,1,0.7854,0.322685
DQN,deceptive_grid,0,179,25500,-187.205,195,1,0.7837,0.315555
DQN,deceptive_grid,0,180,25535,-46.195,35,1,0.7834,0.482098
DQN,deceptive_grid,0,181,25555,-27.26,20,1,0.7832,0.395876
DQN,deceptive_grid,0,182,25639,-70.94,84,1,0.7825,0.367225
DQN,deceptive_grid,0,183,25714,-89.06,75,1,0.7819,0.378079
DQN,deceptive_grid,0,184,25719,4.05,5,1,0.7818,0.393863
DQN,deceptive_grid,0,185,25738,-8.75,19,1,0.7817,0.317056
DQN,deceptive_grid,0,186,25926,-239.73,188,1,0.7801,0.341736
DQN,deceptive_grid,0,187,25992,-48.72,66,1,0.7795,0.354591
DQN,deceptive_grid,0,188,26016,-18.715,24,1,0.7793,0.474134
DQN,deceptive_grid,0,189,26209,-175.285,193,1,0.7777,0.404891
DQN,deceptive_grid,0,190,26217,6.14,8,1,0.7776,0.35619
DQN,deceptive_grid,0,191,26242,-48.525,25,1,0.7774,0.381573
DQN,deceptive_grid,0,192,26270,-24.885,28,1,0.7772,0.352032
DQN,deceptive_grid,0,193,26351,-74.5,81,1,0.7765,0.338088
DQN,deceptive_grid,0,194,26463,-108.62,112,1,0.7755,0.371983
DQN,deceptive_grid,0,195,26547,-112.2,84,1,0.7748,0.430085
DQN,deceptive_grid,0,196,26572,-28.1,25,1,0.7746,0.43537
DQN,deceptive_grid,0,197,26758,-187.165,186,1,0.773,0.398952
DQN,deceptive_grid,0,198,26812,-49.325,54,1,0.7726,0.384832
DQN,deceptive_grid,0,199,26871,-46.195,59,1,0.7721,0.384013
DQN,deceptive_grid,0,200,26906,-37.765,35,1,0.7718,0.331383
DQN,deceptive_grid,0,201,26989,-95.525,83,1,0.7711,0.381147
DQN,deceptive_grid,0,202,27020,-12.185,31,1,0.7708,0.543535
DQN,deceptive_grid,0,203,27082,-59.815,62,1,0.7703,0.443958
DQN,deceptive_grid,0,204,27189,-112.65,107,1,0.7694,0.396037
DQN,deceptive_grid,0,205,27202,-1.665,13,1,0.7693,0.422468
DQN,deceptive_grid,0,206,27204,10.005,2,1,0.7693,0.346031
DQN,deceptive_grid,0,207,27333,-124.0,129,1,0.7682,0.370226
DQN,deceptive_grid,0,208,27382,-66.395,49,1,0.7677,0.403022
DQN,deceptive_grid,0,209,27391,-4.4,9,1,0.7677,0.390111
DQN,deceptive_grid,0,210,27532,-146.09,141,1,0.7665,0.413087
DQN,deceptive_grid,0,211,27630,-85.13,98,1,0.7656,0.398967
DQN,deceptive_grid,0,212,27712,-63.075,82,1,0.7649,0.393095
DQN,deceptive_grid,0,213,27841,-151.74,129,1,0.7638,0.367091
DQN,deceptive_grid,0,214,27958,-121.13,117,1,0.7629,0.362942
DQN,deceptive_grid,0,215,27991,-22.01,33,1,0.7626,0.391704
DQN,deceptive_grid,0,216,28006,-3.74,15,1,0.7624,0.471097
DQN,deceptive_grid,0,217,28045,-23.505,39,1,0.7621,0.525071
DQN,deceptive_grid,0,218,28142,-88.57,97,1,0.7613,0.423246
DQN,deceptive_grid,0,219,28204,-45.865,62,1,0.7608,0.388754
DQN,deceptive_grid,0,220,28258,-51.65,54,1,0.7603,0.406918
DQN,deceptive_grid,0,221,28378,-101.36,120,1,0.7593,0.376458
DQN,deceptive_grid,0,222,28407,-24.43,29,1,0.759,0.368789
DQN,deceptive_grid,0,223,28475,-70.075,68,1,0.7585,0.385881
DQN,deceptive_grid,0,224,28601,-112.725,126,1,0.7574,0.412744
DQN,deceptive_grid,0,225,28649,-60.435,48,1,0.757,0.383515
DQN,deceptive_grid,0,226,28689,-28.68,40,1,0.7567,0.37545
DQN,deceptive_grid,0,227,28882,-221.86,193,1,0.755,0.368042
DQN,deceptive_grid,0,228,28985,-102.61,103,1,0.7541,0.351669
DQN,deceptive_grid,0,229,29185,-213.19,200,0,0.7524,0.422668
DQN,deceptive_grid,0,230,29200,-8.25,15,1,0.7523,0.388115
DQN,deceptive_grid,0,231,29281,-68.475,81,1,0.7516,0.377679
DQN,deceptive_grid,0,232,29416,-154.425,135,1,0.7505,0.374635
DQN,deceptive_grid,0,233,29444,-13.66,28,1,0.7503,0.380142
DQN,deceptive_grid,0,234,29467,-15.955,23,1,0.7501,0.355862
DQN,deceptive_grid,0,235,29610,-144.535,143,1,0.7488,0.40441
DQN,deceptive_grid,0,236,29727,-102.79,117,1,0.7479,0.352266
DQN,deceptive_grid,0,237,29853,-121.695,126,1,0.7468,0.343924
DQN,deceptive_grid,0,238,29882,-30.94,29,1,0.7465,0.318
DQN,deceptive_grid,0,239,29918,-25.76,36,1,0.7462,0.331704
DQN,deceptive_grid,0,240,30042,-135.7,124,1,0.7452,0.377471
DQN,deceptive_grid,0,241,30152,-121.8,110,1,0.7442,0.351693
DQN,deceptive_grid,0,242,30308,-183.03,156,1,0.7429,0.315843
DQN,deceptive_grid,0,243,30397,-89.785,89,1,0.7422,0.320677
DQN,deceptive_grid,0,244,30513,-105.475,116,1,0.7412,0.311781
DQN,deceptive_grid,0,245,30598,-91.725,85,1,0.7405,0.361894
DQN,deceptive_grid,0,246,30605,6.605,7,1,0.7404,0.295367
DQN,deceptive_grid,0,247,30675,-57.135,70,1,0.7398,0.35139
DQN,deceptive_grid,0,248,30808,-151.72,133,1,0.7387,0.316964
DQN,deceptive_grid,0,249,30850,-33.84,42,1,0.7383,0.290442
DQN,deceptive_grid,0,250,30967,-122.09,117,1,0.7373,0.285416
DQN,deceptive_grid,0,251,31076,-98.03,109,1,0.7364,0.35943
DQN,deceptive_grid,0,252,31228,-154.78,152,1,0.7351,0.337846
DQN,deceptive_grid,0,253,31371,-148.275,143,1,0.7339,0.322733
DQN,deceptive_grid,0,254,31409,-25.725,38,1,0.7336,0.317454
DQN,deceptive_grid,0,255,31586,-192.175,177,1,0.7321,0.331751
DQN,deceptive_grid,0,256,31639,-30.69,53,1,0.7316,0.331552
DQN,deceptive_grid,0,257,31800,-162.195,161,1,0.7303,0.321652
DQN,deceptive_grid,0,258,31861,-52.93,61,1,0.7298,0.294675
DQN,deceptive_grid,0,259,31882,-18.58,21,1,0.7296,0.309713
DQN,deceptive_grid,0,260,31991,-100.84,109,1,0.7286,0.304336
DQN,deceptive_grid,0,261,31993,10.005,2,1,0.7286,0.233162
DQN,deceptive_grid,0,262,32017,-11.88,24,1,0.7284,0.386333
DQN,deceptive_grid,0,263,32078,-55.0,61,1,0.7279,0.29514
DQN,deceptive_grid,0,264,32272,-212.7,194,1,0.7263,0.303096
DQN,deceptive_grid,0,265,32472,-232.78,200,0,0.7246,0.274623
DQN,deceptive_grid,0,266,32495,-9.115,23,1,0.7244,0.251975
DQN,deceptive_grid,0,267,32563,-50.23,68,1,0.7238,0.312997
DQN,deceptive_grid,0,268,32673,-114.39,110,1,0.7229,0.264262
DQN,deceptive_grid,0,269,32700,-14.27,27,1,0.7226,0.25114
DQN,deceptive_grid,0,270,32774,-55.875,74,1,0.722,0.26225
DQN,deceptive_grid,0,271,32832,-55.99,58,1,0.7215,0.266576
DQN,deceptive_grid,0,272,32885,-35.905,53,1,0.7211,0.246703
DQN,deceptive_grid,0,273,33002,-134.0,117,1,0.7201,0.244499
DQN,deceptive_grid,0,274,33029,-11.845,27,1,0.7198,0.331923
DQN,deceptive_grid,0,275,33056,-18.66,27,1,0.7196,0.260743
DQN,deceptive_grid,0,276,33092,-17.86,36,1,0.7193,0.233987
DQN,deceptive_grid,0,277,33200,-98.795,108,1,0.7184,0.231083
DQN,deceptive_grid,0,278,33236,-40.885,36,1,0.7181,0.246592
DQN,deceptive_grid,0,279,33267,-14.765,31,1,0.7178,0.237593
DQN,deceptive_grid,0,280,33317,-50.665,50,1,0.7174,0.211801
DQN,deceptive_grid,0,281,33374,-47.46,57,1,0.7169,0.211067
DQN,deceptive_grid,0,282,33464,-88.0,90,1,0.7162,0.209664
DQN,deceptive_grid,0,283,33508,-40.645,44,1,0.7158,0.242153
DQN,deceptive_grid,0,284,33597,-75.84,89,1,0.715,0.224602
DQN,deceptive_grid,0,285,33704,-94.175,107,1,0.7141,0.209868
DQN,deceptive_grid,0,286,33706,10.005,2,1,0.7141,0.238658
DQN,deceptive_grid,0,287,33767,-74.325,61,1,0.7136,0.185186
DQN,deceptive_grid,0,288,33815,-44.83,48,1,0.7132,0.191252
DQN,deceptive_grid,0,289,33858,-38.98,43,1,0.7128,0.194225
DQN,deceptive_grid,0,290,33914,-55.32,56,1,0.7123,0.19107
DQN,deceptive_grid,0,291,34023,-100.135,109,1,0.7114,0.212124
DQN,deceptive_grid,0,292,34026,9.515,3,1,0.7114,0.275841
DQN,deceptive_grid,0,293,34081,-64.58,55,1,0.7109,0.201287
DQN,deceptive_grid,0,294,34152,-59.515,71,1,0.7103,0.179841
DQN,deceptive_grid,0,295,34229,-80.675,77,1,0.7097,0.169083
DQN,deceptive_grid,0,296,34259,-29.02,30,1,0.7094,0.162375
DQN,deceptive_grid,0,297,34261,10.005,2,1,0.7094,0.134221
DQN,deceptive_grid,0,298,34324,-53.645,63,1,0.7089,0.148394
DQN,deceptive_grid,0,299,34339,-10.31,15,1,0.7087,0.157863
DQN,deceptive_grid,0,300,34381,-25.785,42,1,0.7084,0.157542
DQN,deceptive_grid,0,301,34461,-66.22,80,1,0.7077,0.162526
DQN,deceptive_grid,0,302,34556,-90.385,95,1,0.7069,0.1938
DQN,deceptive_grid,0,303,34644,-68.28,88,1,0.7061,0.146245
DQN,deceptive_grid,0,304,34712,-54.875,68,1,0.7056,0.142331
DQN,deceptive_grid,0,305,34802,-88.575,90,1,0.7048,0.135443
DQN,deceptive_grid,0,306,34853,-36.48,51,1,0.7044,0.124102
DQN,deceptive_grid,0,307,34951,-84.215,98,1,0.7035,0.126755
DQN,deceptive_grid,0,308,35010,-52.59,59,1,0.703,0.162398
DQN,deceptive_grid,0,309,35115,-111.7,105,1,0.7021,0.137637
DQN,deceptive_grid,0,310,35199,-71.595,84,1,0.7014,0.113672
DQN,deceptive_grid,0,311,35226,-14.275,27,1,0.7012,0.109981
DQN,deceptive_grid,0,312,35333,-139.42,107,1,0.7003,0.11037
DQN,deceptive_grid,0,313,35364,-14.775,31,1,0.7,0.10668
DQN,deceptive_grid,0,314,35396,-14.01,32,1,0.6998,0.103774
DQN,deceptive_grid,0,315,35399,9.515,3,1,0.6997,0.090305
DQN,deceptive_grid,0,316,35451,-30.2,52,1,0.6993,0.102071
DQN,deceptive_grid,0,317,35520,-51.09,69,1,0.6987,0.140045
DQN,deceptive_grid,0,318,35537,-3.29,17,1,0.6986,0.133262
DQN,deceptive_grid,0,319,35602,-60.525,65,1,0.698,0.113115
DQN,deceptive_grid,0,320,35802,-212.315,200,0,0.6963,0.10131
DQN,deceptive_grid,0,321,35840,-18.595,38,1,0.696,0.094027
DQN,deceptive_grid,0,322,35973,-128.13,133,1,0.6949,0.095338
DQN,deceptive_grid,0,323,36001,-14.745,28,1,0.6946,0.102347
DQN,deceptive_grid,0,324,36026,-7.72,25,1,0.6944,0.170692
DQN,deceptive_grid,0,325,36092,-53.735,66,1,0.6939,0.109699
DQN,deceptive_grid,0,326,36156,-53.385,64,1,0.6933,0.08873
DQN,deceptive_grid,0,327,36196,-22.68,40,1,0.693,0.090297
DQN,deceptive_grid,0,328,36214,-12.78,18,1,0.6928,0.092457
DQN,deceptive_grid,0,329,36257,-27.475,43,1,0.6925,0.092514
DQN,deceptive_grid,0,330,36273,-9.635,16,1,0.6923,0.084629
DQN,deceptive_grid,0,331,36355,-60.385,82,1,0.6916,0.087819
DQN,deceptive_grid,0,332,36479,-124.575,124,1,0.6906,0.083512
DQN,deceptive_grid,0,333,36531,-56.63,52,1,0.6901,0.114067
DQN,deceptive_grid,0,334,36629,-89.535,98,1,0.6893,0.094945
DQN,deceptive_grid,0,335,36677,-46.475,48,1,0.6889,0.078259
DQN,deceptive_grid,0,336,36683,7.045,6,1,0.6888,0.081637
DQN,deceptive_grid,0,337,36812,-154.355,129,1,0.6878,0.083086
DQN,deceptive_grid,0,338,36858,-55.72,46,1,0.6874,0.074147
DQN,deceptive_grid,0,339,36894,-27.065,36,1,0.6871,0.078465
DQN,deceptive_grid,0,340,36983,-105.9,89,1,0.6863,0.076213
DQN,deceptive_grid,0,341,37014,-22.57,31,1,0.686,0.102912
DQN,deceptive_grid,0,342,37071,-44.07,57,1,0.6856,0.08876
DQN,deceptive_grid,0,343,37109,-39.29,38,1,0.6852,0.072708
DQN,deceptive_grid,0,344,37120,1.26,11,1,0.6851,0.085751
DQN,deceptive_grid,0,345,37178,-41.225,58,1,0.6847,0.070615
DQN,deceptive_grid,0,346,37276,-92.66,98,1,0.6838,0.072251
DQN,deceptive_grid,0,347,37403,-99.805,127,1,0.6827,0.072145
DQN,deceptive_grid,0,348,37482,-58.785,79,1,0.6821,0.07296
DQN,deceptive_grid,0,349,37547,-57.935,65,1,0.6815,0.086721
DQN,deceptive_grid,0,350,37566,-3.005,19,1,0.6814,0.08212
DQN,deceptive_grid,0,351,37599,-34.655,33,1,0.6811,0.069983
DQN,deceptive_grid,0,352,37620,-10.705,21,1,0.6809,0.075931
DQN,deceptive_grid,0,353,37677,-57.675,57,1,0.6804,0.069266
DQN,deceptive_grid,0,354,37717,-42.95,40,1,0.6801,0.063185
DQN,deceptive_grid,0,355,37761,-24.68,44,1,0.6797,0.068401
DQN,deceptive_grid,0,356,37783,-19.205,22,1,0.6795,0.062255
DQN,deceptive_grid,0,357,37850,-75.74,67,1,0.679,0.067923
DQN,deceptive_grid,0,358,37872,-7.545,22,1,0.6788,0.068481
DQN,deceptive_grid,0,359,37880,6.11,8,1,0.6787,0.059609
DQN,deceptive_grid,0,360,37903,-25.115,23,1,0.6785,0.069671
DQN,deceptive_grid,0,361,37936,-15.65,33,1,0.6782,0.059594
DQN,deceptive_grid,0,362,37944,0.575,8,1,0.6782,0.069153
DQN,deceptive_grid,0,363,37995,-53.32,51,1,0.6777,0.065022
DQN,deceptive_grid,0,364,38144,-150.405,149,1,0.6765,0.082047
DQN,deceptive_grid,0,365,38172,-22.8,28,1,0.6762,0.077512
DQN,deceptive_grid,0,366,38286,-98.4,114,1,0.6753,0.0662
DQN,deceptive_grid,0,367,38330,-29.74,44,1,0.6749,0.062095
DQN,deceptive_grid,0,368,38357,-14.18,27,1,0.6747,0.066328
DQN,deceptive_grid,0,369,38424,-67.045,67,1,0.6741,0.059949
DQN,deceptive_grid,0,370,38445,-10.73,21,1,0.6739,0.059206
DQN,deceptive_grid,0,371,38502,-44.52,57,1,0.6734,0.061273
DQN,deceptive_grid,0,372,38574,-48.69,72,1,0.6728,0.071118
DQN,deceptive_grid,0,373,38598,-15.265,24,1,0.6726,0.062375
DQN,deceptive_grid,0,374,38681,-95.695,83,1,0.6719,0.060618
DQN,deceptive_grid,0,375,38700,-7.475,19,1,0.6717,0.060567
DQN,deceptive_grid,0,376,38709,-4.435,9,1,0.6717,0.063722
DQN,deceptive_grid,0,377,38746,-22.845,37,1,0.6714,0.052826
DQN,deceptive_grid,0,378,38805,-57.105,59,1,0.6709,0.053919
DQN,deceptive_grid,0,379,38871,-67.045,66,1,0.6703,0.05391
DQN,deceptive_grid,0,380,38964,-97.375,93,1,0.6695,0.055414
DQN,deceptive_grid,0,381,38992,-13.37,28,1,0.6693,0.044612
DQN,deceptive_grid,0,382,39048,-39.34,56,1,0.6688,0.06978
DQN,deceptive_grid,0,383,39086,-35.825,38,1,0.6685,0.064739
DQN,deceptive_grid,0,384,39132,-26.665,46,1,0.6681,0.064643
DQN,deceptive_grid,0,385,39149,-11.225,17,1,0.6679,0.050269
DQN,deceptive_grid,0,386,39187,-34.63,38,1,0.6676,0.059203
DQN,deceptive_grid,0,387,39245,-41.13,58,1,0.6671,0.059827
DQN,deceptive_grid,0,388,39357,-95.9,112,1,0.6662,0.055657
DQN,deceptive_grid,0,389,39392,-19.945,35,1,0.6659,0.053699
DQN,deceptive_grid,0,390,39444,-60.825,52,1,0.6654,0.050343
DQN,deceptive_grid,0,391,39511,-54.04,67,1,0.6649,0.057417
DQN,deceptive_grid,0,392,39545,-19.585,34,1,0.6646,0.060777
DQN,deceptive_grid,0,393,39588,-54.28,43,1,0.6642,0.056825
DQN,deceptive_grid,0,394,39696,-88.575,108,1,0.6633,0.051811
DQN,deceptive_grid,0,395,39717,-4.98,21,1,0.6631,0.053926
DQN,deceptive_grid,0,396,39751,-22.885,34,1,0.6628,0.051341
DQN,deceptive_grid,0,397,39760,5.66,9,1,0.6627,0.047236
DQN,deceptive_grid,0,398,39770,-0.38,10,1,0.6627,0.048027
DQN,deceptive_grid,0,399,39792,-15.81,22,1,0.6625,0.044546
DQN,deceptive_grid,0,400,39817,-13.405,25,1,0.6623,0.049924
DQN,deceptive_grid,0,401,39827,-8.395,10,1,0.6622,0.044769
DQN,deceptive_grid,0,402,39900,-77.305,73,1,0.6616,0.046666
DQN,deceptive_grid,0,403,39911,-7.42,11,1,0.6615,0.040278
DQN,deceptive_grid,0,404,39943,-14.62,32,1,0.6612,0.044134
DQN,deceptive_grid,0,405,39966,-3.605,23,1,0.661,0.0393
DQN,deceptive_grid,0,406,39992,-25.315,26,1,0.6608,0.039233
DQN,deceptive_grid,0,407,40045,-42.445,53,1,0.6603,0.061173
DQN,deceptive_grid,0,408,40087,-38.55,42,1,0.66,0.057045
DQN,deceptive_grid,0,409,40213,-127.16,126,1,0.6589,0.048404
DQN,deceptive_grid,0,410,40255,-28.54,42,1,0.6586,0.046263
DQN,deceptive_grid,0,411,40286,-45.54,31,1,0.6583,0.044734
DQN,deceptive_grid,0,412,40353,-50.815,67,1,0.6577,0.041084
DQN,deceptive_grid,0,413,40370,-0.08,17,1,0.6576,0.044356
DQN,deceptive_grid,0,414,40396,-27.425,26,1,0.6574,0.040519
DQN,deceptive_grid,0,415,40502,-107.395,106,1,0.6565,0.042629
DQN,deceptive_grid,0,416,40587,-84.37,85,1,0.6557,0.058671
DQN,deceptive_grid,0,417,40638,-50.335,51,1,0.6553,0.051923
DQN,deceptive_grid,0,418,40682,-28.31,44,1,0.6549,0.049762
DQN,deceptive_grid,0,419,40741,-64.85,59,1,0.6544,0.045758
DQN,deceptive_grid,0,420,40753,-5.815,12,1,0.6543,0.046081
DQN,deceptive_grid,0,421,40797,-33.25,44,1,0.654,0.044996
DQN,deceptive_grid,0,422,40881,-66.79,84,1,0.6532,0.045053
DQN,deceptive_grid,0,423,40914,-19.945,33,1,0.653,0.040206
DQN,deceptive_grid,0,424,40990,-68.855,76,1,0.6523,0.044891
DQN,deceptive_grid,0,425,41016,-14.875,26,1,0.6521,0.055784
DQN,deceptive_grid,0,426,41081,-48.04,65,1,0.6515,0.049315
DQN,deceptive_grid,0,427,41170,-90.18,89,1,0.6508,0.046574
DQN,deceptive_grid,0,428,41220,-44.815,50,1,0.6504,0.038268
DQN,deceptive_grid,0,429,41258,-19.755,38,1,0.65,0.04502
DQN,deceptive_grid,0,430,41303,-36.82,45,1,0.6497,0.039101
DQN,deceptive_grid,0,431,41410,-92.68,107,1,0.6488,0.040224
DQN,deceptive_grid,0,432,41446,-38.54,36,1,0.6484,0.041949
DQN,deceptive_grid,0,433,41462,-6.305,16,1,0.6483,0.040019
DQN,deceptive_grid,0,434,41479,-2.11,17,1,0.6482,0.037696
DQN,deceptive_grid,0,435,41561,-69.32,82,1,0.6475,0.047505
DQN,deceptive_grid,0,436,41629,-58.485,68,1,0.6469,0.043308
DQN,deceptive_grid,0,437,41722,-79.605,93,1,0.6461,0.044559
DQN,deceptive_grid,0,438,41726,8.03,4,1,0.6461,0.031141
DQN,deceptive_grid,0,439,41798,-50.47,72,1,0.6455,0.039668
DQN,deceptive_grid,0,440,41846,-43.255,48,1,0.6451,0.039216
DQN,deceptive_grid,0,441,41877,-28.425,31,1,0.6448,0.034109
DQN,deceptive_grid,0,442,41893,-7.33,16,1,0.6447,0.036329
DQN,deceptive_grid,0,443,41942,-45.775,49,1,0.6442,0.037026
DQN,deceptive_grid,0,444,41999,-46.04,57,1,0.6438,0.035618
DQN,deceptive_grid,0,445,42055,-40.02,56,1,0.6433,0.041959
DQN,deceptive_grid,0,446,42104,-39.22,49,1,0.6429,0.040042
DQN,deceptive_grid,0,447,42167,-49.315,63,1,0.6423,0.036322
DQN,deceptive_grid,0,448,42225,-38.425,58,1,0.6418,0.037308
DQN,deceptive_grid,0,449,42283,-54.645,58,1,0.6413,0.03876
DQN,deceptive_grid,0,450,42312,-26.535,29,1,0.6411,0.038754
DQN,deceptive_grid,0,451,42332,-3.44,20,1,0.6409,0.037487
DQN,deceptive_grid,0,452,42356,-19.955,24,1,0.6407,0.040051
DQN,deceptive_grid,0,453,42372,-5.245,16,1,0.6406,0.0336
DQN,deceptive_grid,0,454,42462,-84.115,90,1,0.6398,0.035063
DQN,deceptive_grid,0,455,42504,-32.49,42,1,0.6395,0.034948
DQN,deceptive_grid,0,456,42552,-29.78,48,1,0.6391,0.047218
DQN,deceptive_grid,0,457,42602,-46.945,50,1,0.6386,0.043507
DQN,deceptive_grid,0,458,42636,-28.245,34,1,0.6384,0.038838
DQN,deceptive_grid,0,459,42671,-26.285,35,1,0.6381,0.043968
DQN,deceptive_grid,0,460,42739,-61.595,68,1,0.6375,0.039422
DQN,deceptive_grid,0,461,42828,-84.945,89,1,0.6367,0.035762
DQN,deceptive_grid,0,462,42912,-83.91,84,1,0.636,0.036513
DQN,deceptive_grid,0,463,42958,-33.415,46,1,0.6356,0.036308
DQN,deceptive_grid,0,464,42985,-29.08,27,1,0.6354,0.034638
DQN,deceptive_grid,0,465,43000,-4.765,15,1,0.6353,0.032951
DQN,deceptive_grid,0,466,43044,-51.375,44,1,0.6349,0.053485
DQN,deceptive_grid,0,467,43097,-48.48,53,1,0.6344,0.044095
DQN,deceptive_grid,0,468,43116,-10.705,19,1,0.6343,0.036629
DQN,deceptive_grid,0,469,43165,-34.75,49,1,0.6339,0.037348
DQN,deceptive_grid,0,470,43222,-35.51,57,1,0.6334,0.039143
DQN,deceptive_grid,0,471,43289,-46.43,67,1,0.6328,0.041561
DQN,deceptive_grid,0,472,43313,-10.65,24,1,0.6326,0.036776
DQN,deceptive_grid,0,473,43400,-87.01,87,1,0.6319,0.033554
DQN,deceptive_grid,0,474,43444,-32.345,44,1,0.6315,0.036712
DQN,deceptive_grid,0,475,43475,-22.605,31,1,0.6312,0.031212
DQN,deceptive_grid,0,476,43483,-2.945,8,1,0.6312,0.03136
DQN,deceptive_grid,0,477,43493,5.165,10,1,0.6311,0.029421
DQN,deceptive_grid,0,478,43533,-30.17,40,1,0.6307,0.038819
DQN,deceptive_grid,0,479,43553,-1.23,20,1,0.6306,0.047875
DQN,deceptive_grid,0,480,43600,-34.57,47,1,0.6302,0.036686
DQN,deceptive_grid,0,481,43700,-110.8,100,1,0.6293,0.034899
DQN,deceptive_grid,0,482,43750,-28.025,50,1,0.6289,0.034361
DQN,deceptive_grid,0,483,43844,-84.76,94,1,0.6281,0.032705
DQN,deceptive_grid,0,484,43859,-12.815,15,1,0.628,0.03147
DQN,deceptive_grid,0,485,43929,-63.0,70,1,0.6274,0.029949
DQN,deceptive_grid,0,486,43931,10.005,2,1,0.6274,0.027346
DQN,deceptive_grid,0,487,44010,-83.615,79,1,0.6267,0.03422
DQN,deceptive_grid,0,488,44072,-70.605,62,1,0.6262,0.038611
DQN,deceptive_grid,0,489,44084,-1.295,12,1,0.6261,0.036105
DQN,deceptive_grid,0,490,44098,0.345,14,1,0.626,0.039998
DQN,deceptive_grid,0,491,44143,-40.63,45,1,0.6256,0.035844
DQN,deceptive_grid,0,492,44232,-105.135,89,1,0.6248,0.03318
DQN,deceptive_grid,0,493,44262,-18.055,30,1,0.6246,0.028367
DQN,deceptive_grid,0,494,44316,-63.45,54,1,0.6241,0.030181
DQN,deceptive_grid,0,495,44358,-36.27,42,1,0.6237,0.030594
DQN,deceptive_grid,0,496,44372,-1.795,14,1,0.6236,0.029564
DQN,deceptive_grid,0,497,44396,-10.74,24,1,0.6234,0.03306
DQN,deceptive_grid,0,498,44436,-20.385,40,1,0.6231,0.028975
DQN,deceptive_grid,0,499,44484,-40.19,48,1,0.6227,0.029671
DQN,deceptive_grid,0,500,44497,-2.815,13,1,0.6226,0.041656
DQN,deceptive_grid,0,501,44548,-29.845,51,1,0.6221,0.039588
DQN,deceptive_grid,0,502,44593,-35.805,45,1,0.6218,0.033964
DQN,deceptive_grid,0,503,44621,-19.21,28,1,0.6215,0.031505
DQN,deceptive_grid,0,504,44670,-31.2,49,1,0.6211,0.030399
DQN,deceptive_grid,0,505,44705,-40.065,35,1,0.6208,0.032859
DQN,deceptive_grid,0,506,44744,-26.05,39,1,0.6205,0.029209
DQN,deceptive_grid,0,507,44776,-12.71,32,1,0.6202,0.028888
DQN,deceptive_grid,0,508,44801,-11.1,25,1,0.62,0.025087
DQN,deceptive_grid,0,509,44910,-97.325,109,1,0.6191,0.026646
DQN,deceptive_grid,0,510,44943,-31.76,33,1,0.6188,0.028663
DQN,deceptive_grid,0,511,44997,-29.125,54,1,0.6183,0.025549
DQN,deceptive_grid,0,512,45033,-21.525,36,1,0.618,0.03869
DQN,deceptive_grid,0,513,45062,-15.395,29,1,0.6178,0.03092
DQN,deceptive_grid,0,514,45078,-0.74,16,1,0.6176,0.027706
DQN,deceptive_grid,0,515,45082,9.03,4,1,0.6176,0.030925
DQN,deceptive_grid,0,516,45149,-74.43,67,1,0.617,0.030319
DQN,deceptive_grid,0,517,45192,-27.735,43,1,0.6167,0.031352
DQN,deceptive_grid,0,518,45241,-43.13,49,1,0.6163,0.03091
DQN,deceptive_grid,0,519,45358,-97.2,117,1,0.6153,0.028765
DQN,deceptive_grid,0,520,45362,8.02,4,1,0.6152,0.023162
DQN,deceptive_grid,0,521,45370,6.1,8,1,0.6152,0.034218
DQN,deceptive_grid,0,522,45372,10.005,2,1,0.6151,0.038689
DQN,deceptive_grid,0,523,45381,5.68,9,1,0.6151,0.024215
DQN,deceptive_grid,0,524,45419,-28.745,38,1,0.6147,0.028647
DQN,deceptive_grid,0,525,45479,-67.915,60,1,0.6142,0.03177
DQN,deceptive_grid,0,526,45484,6.54,5,1,0.6142,0.032402
DQN,deceptive_grid,0,527,45539,-52.055,55,1,0.6137,0.03536
DQN,deceptive_grid,0,528,45584,-31.21,45,1,0.6134,0.028474
DQN,deceptive_grid,0,529,45611,-10.875,27,1,0.6131,0.02932
DQN,deceptive_grid,0,530,45648,-25.13,37,1,0.6128,0.030458
DQN,deceptive_grid,0,531,45671,-12.345,23,1,0.6126,0.036624
DQN,deceptive_grid,0,532,45712,-20.61,41,1,0.6123,0.027991
DQN,deceptive_grid,0,533,45740,-9.31,28,1,0.612,0.027552
DQN,deceptive_grid,0,534,45755,-7.175,15,1,0.6119,0.029814
DQN,deceptive_grid,0,535,45800,-35.07,45,1,0.6115,0.030109
DQN,deceptive_grid,0,536,45841,-24.855,41,1,0.6112,0.029259
DQN,deceptive_grid,0,537,45853,2.24,12,1,0.6111,0.024663
DQN,deceptive_grid,0,538,45880,-15.54,27,1,0.6108,0.026142
DQN,deceptive_grid,0,539,45937,-53.885,57,1,0.6104,0.025501
DQN,deceptive_grid,0,540,46016,-60.585,79,1,0.6097,0.029868
DQN,deceptive_grid,0,541,46054,-28.97,38,1,0.6094,0.030207
DQN,deceptive_grid,0,542,46077,-12.66,23,1,0.6092,0.028626
DQN,deceptive_grid,0,543,46110,-15.73,33,1,0.6089,0.027555
DQN,deceptive_grid,0,544,46115,6.53,5,1,0.6088,0.033859
DQN,deceptive_grid,0,545,46170,-51.43,55,1,0.6084,0.028093
DQN,deceptive_grid,0,546,46219,-33.25,49,1,0.608,0.028551
DQN,deceptive_grid,0,547,46249,-12.885,30,1,0.6077,0.025831
DQN,deceptive_grid,0,548,46349,-124.815,100,1,0.6069,0.025059
DQN,deceptive_grid,0,549,46398,-27.24,49,1,0.6064,0.025333
DQN,deceptive_grid,0,550,46425,-15.33,27,1,0.6062,0.022846
DQN,deceptive_grid,0,551,46472,-24.915,47,1,0.6058,0.023253
DQN,deceptive_grid,0,552,46508,-21.5,36,1,0.6055,0.028951
DQN,deceptive_grid,0,553,46552,-33.4,44,1,0.6051,0.030492
DQN,deceptive_grid,0,554,46556,9.03,4,1,0.6051,0.026347
DQN,deceptive_grid,0,555,46614,-49.24,58,1,0.6046,0.02605
DQN,deceptive_grid,0,556,46648,-19.045,34,1,0.6043,0.025615
DQN,deceptive_grid,0,557,46707,-42.905,59,1,0.6038,0.027002
DQN,deceptive_grid,0,558,46719,-2.33,12,1,0.6037,0.026407
DQN,deceptive_grid,0,559,46754,-40.765,35,1,0.6034,0.025851
DQN,deceptive_grid,0,560,46767,-3.85,13,1,0.6033,0.023436
DQN,deceptive_grid,0,561,46791,-4.03,24,1,0.6031,0.030048
DQN,deceptive_grid,0,562,46846,-70.76,55,1,0.6026,0.026693
DQN,deceptive_grid,0,563,46906,-71.345,60,1,0.6021,0.024624
DQN,deceptive_grid,0,564,46921,-4.84,15,1,0.602,0.026353
DQN,deceptive_grid,0,565,46940,-6.52,19,1,0.6018,0.034894
DQN,deceptive_grid,0,566,46942,10.005,2,1,0.6018,0.028964
DQN,deceptive_grid,0,567,46988,-29.655,46,1,0.6014,0.025344
DQN,deceptive_grid,0,568,47020,-12.73,32,1,0.6012,0.028661
DQN,deceptive_grid,0,569,47094,-51.735,74,1,0.6005,0.027302
DQN,deceptive_grid,0,570,47112,-12.6,18,1,0.6004,0.030751
DQN,deceptive_grid,0,571,47149,-32.995,37,1,0.6001,0.023667
DQN,deceptive_grid,0,572,47206,-66.52,57,1,0.5996,0.022864
DQN,deceptive_grid,0,573,47210,8.02,4,1,0.5996,0.023962
DQN,deceptive_grid,0,574,47257,-37.015,47,1,0.5992,0.026388
DQN,deceptive_grid,0,575,47305,-36.105,48,1,0.5988,0.022252
DQN,deceptive_grid,0,576,47322,-9.14,17,1,0.5986,0.020741
DQN,deceptive_grid,0,577,47394,-79.74,72,1,0.598,0.023021
DQN,deceptive_grid,0,578,47421,-8.735,27,1,0.5978,0.023197
DQN,deceptive_grid,0,579,47436,1.895,15,1,0.5976,0.023359
DQN,deceptive_grid,0,580,47483,-42.39,47,1,0.5972,0.024995
DQN,deceptive_grid,0,581,47527,-41.345,44,1,0.5969,0.02953
DQN,deceptive_grid,0,582,47587,-49.59,60,1,0.5964,0.029397
DQN,deceptive_grid,0,583,47590,9.515,3,1,0.5963,0.024482
DQN,deceptive_grid,0,584,47651,-49.195,61,1,0.5958,0.024294
DQN,deceptive_grid,0,585,47677,-25.415,26,1,0.5956,0.025055
DQN,deceptive_grid,0,586,47724,-47.505,47,1,0.5952,0.023183
DQN,deceptive_grid,0,587,47781,-42.13,57,1,0.5947,0.023956
DQN,deceptive_grid,0,588,47843,-58.49,62,1,0.5942,0.023462
DQN,deceptive_grid,0,589,47875,-34.03,32,1,0.5939,0.026477
DQN,deceptive_grid,0,590,47907,-17.21,32,1,0.5936,0.021862
DQN,deceptive_grid,0,591,47944,-16.78,37,1,0.5933,0.022153
DQN,deceptive_grid,0,592,48036,-76.07,92,1,0.5926,0.023229
DQN,deceptive_grid,0,593,48054,-3.725,18,1,0.5924,0.032197
DQN,deceptive_grid,0,594,48079,-3.52,25,1,0.5922,0.031716
DQN,deceptive_grid,0,595,48134,-45.45,55,1,0.5917,0.02601
DQN,deceptive_grid,0,596,48142,7.14,8,1,0.5917,0.025071
DQN,deceptive_grid,0,597,48211,-50.495,69,1,0.5911,0.025251
DQN,deceptive_grid,0,598,48248,-28.81,37,1,0.5908,0.021361
DQN,deceptive_grid,0,599,48308,-58.105,60,1,0.5902,0.027129
DQN,deceptive_grid,0,600,48346,-20.995,38,1,0.5899,0.024692
DQN,deceptive_grid,0,601,48356,1.685,10,1,0.5898,0.023789
DQN,deceptive_grid,0,602,48366,0.64,10,1,0.5898,0.034353
DQN,deceptive_grid,0,603,48384,-2.545,18,1,0.5896,0.022628
DQN,deceptive_grid,0,604,48402,-1.575,18,1,0.5894,0.022901
DQN,deceptive_grid,0,605,48419,-4.67,17,1,0.5893,0.024385
DQN,deceptive_grid,0,606,48484,-42.42,65,1,0.5888,0.023899
DQN,deceptive_grid,0,607,48524,-16.85,40,1,0.5884,0.033506
DQN,deceptive_grid,0,608,48585,-66.02,61,1,0.5879,0.030569
DQN,deceptive_grid,0,609,48615,-14.475,30,1,0.5876,0.026478
DQN,deceptive_grid,0,610,48646,-20.395,31,1,0.5874,0.026378
DQN,deceptive_grid,0,611,48726,-58.41,80,1,0.5867,0.026142
DQN,deceptive_grid,0,612,48774,-35.16,48,1,0.5863,0.025271
DQN,deceptive_grid,0,613,48776,5.505,2,1,0.5863,0.026191
DQN,deceptive_grid,0,614,48794,-16.57,18,1,0.5861,0.022512
DQN,deceptive_grid,0,615,48839,-33.51,45,1,0.5857,0.024667
DQN,deceptive_grid,0,616,48849,4.125,10,1,0.5857,0.023766
DQN,deceptive_grid,0,617,48873,-13.15,24,1,0.5855,0.031102
DQN,deceptive_grid,0,618,48895,-8.84,22,1,0.5853,0.028193
DQN,deceptive_grid,0,619,48920,-5.55,25,1,0.5851,0.024811
DQN,deceptive_grid,0,620,49013,-78.285,93,1,0.5843,0.023449
DQN,deceptive_grid,0,621,49016,9.515,3,1,0.5842,0.030123
DQN,deceptive_grid,0,622,49074,-39.03,58,1,0.5837,0.027886
DQN,deceptive_grid,0,623,49100,-9.135,26,1,0.5835,0.026755
DQN,deceptive_grid,0,624,49139,-33.825,39,1,0.5832,0.026718
DQN,deceptive_grid,0,625,49201,-67.835,62,1,0.5827,0.026379
DQN,deceptive_grid,0,626,49216,-4.75,15,1,0.5825,0.025328
DQN,deceptive_grid,0,627,49245,-56.26,29,1,0.5823,0.021356
DQN,deceptive_grid,0,628,49296,-46.125,51,1,0.5819,0.021274
DQN,deceptive_grid,0,629,49328,-23.22,32,1,0.5816,0.023266
DQN,deceptive_grid,0,630,49359,-35.17,31,1,0.5813,0.022069
DQN,deceptive_grid,0,631,49375,-0.6,16,1,0.5812,0.020692
DQN,deceptive_grid,0,632,49434,-49.095,59,1,0.5807,0.021409
DQN,deceptive_grid,0,633,49461,-17.51,27,1,0.5805,0.021909
DQN,deceptive_grid,0,634,49480,-6.455,19,1,0.5803,0.023873
DQN,deceptive_grid,0,635,49514,-15.565,34,1,0.58,0.0251
DQN,deceptive_grid,0,636,49550,-24.725,36,1,0.5797,0.03063
DQN,deceptive_grid,0,637,49560,-0.385,10,1,0.5796,0.023025
DQN,deceptive_grid,0,638,49587,-11.09,27,1,0.5794,0.026525
DQN,deceptive_grid,0,639,49610,-21.805,23,1,0.5792,0.022451
DQN,deceptive_grid,0,640,49629,-9.755,19,1,0.579,0.024239
DQN,deceptive_grid,0,641,49686,-35.6,57,1,0.5786,0.022055
DQN,deceptive_grid,0,642,49732,-34.82,46,1,0.5782,0.025608
DQN,deceptive_grid,0,643,49771,-30.21,39,1,0.5778,0.021489
DQN,deceptive_grid,0,644,49797,-8.335,26,1,0.5776,0.024978
DQN,deceptive_grid,0,645,49820,-11.325,23,1,0.5774,0.021266
DQN,deceptive_grid,0,646,49838,-3.725,18,1,0.5773,0.022228
DQN,deceptive_grid,0,647,49872,-34.43,34,1,0.577,0.020277
DQN,deceptive_grid,0,648,49918,-25.885,46,1,0.5766,0.023496
DQN,deceptive_grid,0,649,49965,-24.445,47,1,0.5762,0.019233
DQN,deceptive_grid,0,650,49986,-26.51,21,1,0.576,0.024947
DQN,deceptive_grid,0,651,50045,-48.37,59,1,0.5755,0.026739
DQN,deceptive_grid,0,652,50096,-52.93,51,1,0.5751,0.022458
DQN,deceptive_grid,0,653,50132,-23.315,36,1,0.5748,0.023422
DQN,deceptive_grid,0,654,50167,-16.25,35,1,0.5745,0.021093
DQN,deceptive_grid,0,655,50188,-8.445,21,1,0.5743,0.018094
DQN,deceptive_grid,0,656,50209,-4.02,21,1,0.5741,0.018589
DQN,deceptive_grid,0,657,50274,-59.315,65,1,0.5736,0.021473
DQN,deceptive_grid,0,658,50315,-20.58,41,1,0.5732,0.0186
DQN,deceptive_grid,0,659,50352,-34.785,37,1,0.5729,0.01944
DQN,deceptive_grid,0,660,50432,-60.14,80,1,0.5722,0.019977
DQN,deceptive_grid,0,661,50452,-2.35,20,1,0.5721,0.019272
DQN,deceptive_grid,0,662,50485,-19.08,33,1,0.5718,0.019527
DQN,deceptive_grid,0,663,50504,-4.395,19,1,0.5716,0.020272
DQN,deceptive_grid,0,664,50530,-11.475,26,1,0.5714,0.023395
DQN,deceptive_grid,0,665,50570,-19.7,40,1,0.5711,0.020528
DQN,deceptive_grid,0,666,50587,-0.02,17,1,0.5709,0.025597
DQN,deceptive_grid,0,667,50632,-27.72,45,1,0.5705,0.022057
DQN,deceptive_grid,0,668,50696,-49.655,64,1,0.57,0.020231
DQN,deceptive_grid,0,669,50714,-7.135,18,1,0.5698,0.021306
DQN,deceptive_grid,0,670,50767,-39.295,53,1,0.5694,0.016919
DQN,deceptive_grid,0,671,50784,-0.14,17,1,0.5692,0.017054
DQN,deceptive_grid,0,672,50812,-22.67,28,1,0.569,0.017692
DQN,deceptive_grid,0,673,50852,-31.74,40,1,0.5687,0.017329
DQN,deceptive_grid,0,674,50854,10.005,2,1,0.5686,0.013649
DQN,deceptive_grid,0,675,50913,-54.5,59,1,0.5681,0.019659
DQN,deceptive_grid,0,676,50943,-25.595,30,1,0.5679,0.018509
DQN,deceptive_grid,0,677,50976,-25.01,33,1,0.5676,0.018524
DQN,deceptive_grid,0,678,50997,-5.205,21,1,0.5674,0.016856
DQN,deceptive_grid,0,679,51006,4.62,9,1,0.5674,0.021456
DQN,deceptive_grid,0,680,51051,-35.81,45,1,0.567,0.02185
DQN,deceptive_grid,0,681,51087,-27.735,36,1,0.5667,0.018461
DQN,deceptive_grid,0,682,51130,-24.34,43,1,0.5663,0.022532
DQN,deceptive_grid,0,683,51160,-9.585,30,1,0.5661,0.0205
DQN,deceptive_grid,0,684,51173,-2.825,13,1,0.5659,0.017547
DQN,deceptive_grid,0,685,51201,-12.445,28,1,0.5657,0.016475
DQN,deceptive_grid,0,686,51212,3.635,11,1,0.5656,0.017911
DQN,deceptive_grid,0,687,51222,-3.87,10,1,0.5655,0.015856
DQN,deceptive_grid,0,688,51260,-35.35,38,1,0.5652,0.016522
DQN,deceptive_grid,0,689,51269,5.65,9,1,0.5651,0.01416
DQN,deceptive_grid,0,690,51312,-42.48,43,1,0.5648,0.017064
DQN,deceptive_grid,0,691,51349,-23.73,37,1,0.5645,0.01582
DQN,deceptive_grid,0,692,51412,-52.83,63,1,0.5639,0.015477
DQN,deceptive_grid,0,693,51436,-11.865,24,1,0.5637,0.017559
DQN,deceptive_grid,0,694,51505,-58.675,69,1,0.5631,0.015867
DQN,deceptive_grid,0,695,51574,-56.96,69,1,0.5625,0.019404
DQN,deceptive_grid,0,696,51598,-6.1,24,1,0.5623,0.017412
DQN,deceptive_grid,0,697,51639,-28.52,41,1,0.562,0.018985
DQN,deceptive_grid,0,698,51675,-37.94,36,1,0.5617,0.018175
DQN,deceptive_grid,0,699,51727,-45.905,52,1,0.5612,0.01591
DQN,deceptive_grid,0,700,51762,-26.775,35,1,0.5609,0.017715
DQN,deceptive_grid,0,701,51774,-1.35,12,1,0.5608,0.015253
DQN,deceptive_grid,0,702,51791,-3.26,17,1,0.5607,0.015657
DQN,deceptive_grid,0,703,51853,-36.945,62,1,0.5602,0.01403
DQN,deceptive_grid,0,704,51896,-27.31,43,1,0.5598,0.014231
DQN,deceptive_grid,0,705,51966,-55.82,70,1,0.5592,0.015151
DQN,deceptive_grid,0,706,51988,-6.455,22,1,0.559,0.014596
DQN,deceptive_grid,0,707,51997,1.12,9,1,0.559,0.015662
DQN,deceptive_grid,0,708,52009,-5.74,12,1,0.5589,0.020642
DQN,deceptive_grid,0,709,52017,5.07,8,1,0.5588,0.018904
DQN,deceptive_grid,0,710,52074,-52.17,57,1,0.5583,0.01968
DQN,deceptive_grid,0,711,52105,-8.935,31,1,0.558,0.019469
DQN,deceptive_grid,0,712,52152,-60.035,47,1,0.5576,0.019119
DQN,deceptive_grid,0,713,52193,-23.035,41,1,0.5573,0.017514
DQN,deceptive_grid,0,714,52225,-25.25,32,1,0.557,0.014415
DQN,deceptive_grid,0,715,52257,-19.505,32,1,0.5567,0.0151
DQN,deceptive_grid,0,716,52280,-17.025,23,1,0.5566,0.015885
DQN,deceptive_grid,0,717,52317,-25.205,37,1,0.5562,0.015134
DQN,deceptive_grid,0,718,52339,-3.215,22,1,0.5561,0.016085
DQN,deceptive_grid,0,719,52411,-53.275,72,1,0.5554,0.015526
DQN,deceptive_grid,0,720,52448,-27.275,37,1,0.5551,0.015231
DQN,deceptive_grid,0,721,52468,-18.185,20,1,0.555,0.015888
DQN,deceptive_grid,0,722,52505,-40.025,37,1,0.5546,0.016198
DQN,deceptive_grid,0,723,52532,-9.575,27,1,0.5544,0.019914
DQN,deceptive_grid,0,724,52555,-7.075,23,1,0.5542,0.017982
DQN,deceptive_grid,0,725,52577,-10.075,22,1,0.554,0.016317
DQN,deceptive_grid,0,726,52607,-10.755,30,1,0.5538,0.016542
DQN,deceptive_grid,0,727,52617,-0.4,10,1,0.5537,0.014352
DQN,deceptive_grid,0,728,52659,-27.135,42,1,0.5533,0.017092
DQN,deceptive_grid,0,729,52722,-47.61,63,1,0.5528,0.017192
DQN,deceptive_grid,0,730,52761,-21.21,39,1,0.5525,0.015888
DQN,deceptive_grid,0,731,52782,-8.525,21,1,0.5523,0.017092
DQN,deceptive_grid,0,732,52830,-25.43,48,1,0.5519,0.016014
DQN,deceptive_grid,0,733,52884,-38.285,54,1,0.5514,0.014172
DQN,deceptive_grid,0,734,52929,-43.7,45,1,0.551,0.015514
DQN,deceptive_grid,0,735,52975,-29.065,46,1,0.5507,0.013509
DQN,deceptive_grid,0,736,53031,-42.275,56,1,0.5502,0.016173
DQN,deceptive_grid,0,737,53054,-5.655,23,1,0.55,0.020115
DQN,deceptive_grid,0,738,53060,7.075,6,1,0.5499,0.016982
DQN,deceptive_grid,0,739,53068,6.09,8,1,0.5499,0.019943
DQN,deceptive_grid,0,740,53102,-24.32,34,1,0.5496,0.018421
DQN,deceptive_grid,0,741,53117,-4.71,15,1,0.5495,0.016339
DQN,deceptive_grid,0,742,53151,-21.235,34,1,0.5492,0.014684
DQN,deceptive_grid,0,743,53188,-29.92,37,1,0.5489,0.013533
DQN,deceptive_grid,0,744,53212,-10.645,24,1,0.5486,0.015098
DQN,deceptive_grid,0,745,53218,8.075,6,1,0.5486,0.016569
DQN,deceptive_grid,0,746,53244,-8.525,26,1,0.5484,0.016065
DQN,deceptive_grid,0,747,53274,-25.965,30,1,0.5481,0.01765
DQN,deceptive_grid,0,748,53284,-0.345,10,1,0.548,0.014442
DQN,deceptive_grid,0,749,53319,-18.765,35,1,0.5477,0.014532
DQN,deceptive_grid,0,750,53363,-32.95,44,1,0.5474,0.012916
DQN,deceptive_grid,0,751,53410,-38.585,47,1,0.547,0.011872
DQN,deceptive_grid,0,752,53434,-11.885,24,1,0.5468,0.011928
DQN,deceptive_grid,0,753,53463,-9.34,29,1,0.5465,0.013334
DQN,deceptive_grid,0,754,53501,-21.38,38,1,0.5462,0.016064
DQN,deceptive_grid,0,755,53542,-38.795,41,1,0.5458,0.019663
DQN,deceptive_grid,0,756,53584,-49.045,42,1,0.5455,0.023832
DQN,deceptive_grid,0,757,53619,-36.445,35,1,0.5452,0.017566
DQN,deceptive_grid,0,758,53669,-34.79,50,1,0.5448,0.020683
DQN,deceptive_grid,0,759,53683,-3.335,14,1,0.5447,0.016603
DQN,deceptive_grid,0,760,53702,-5.44,19,1,0.5445,0.014393
DQN,deceptive_grid,0,761,53720,-9.495,18,1,0.5443,0.014153
DQN,deceptive_grid,0,762,53781,-62.8,61,1,0.5438,0.015308
DQN,deceptive_grid,0,763,53802,-4.76,21,1,0.5436,0.012281
DQN,deceptive_grid,0,764,53841,-35.24,39,1,0.5433,0.015895
DQN,deceptive_grid,0,765,53889,-34.815,48,1,0.5429,0.015387
DQN,deceptive_grid,0,766,53900,5.775,11,1,0.5428,0.013293
DQN,deceptive_grid,0,767,53932,-11.48,32,1,0.5425,0.014064
DQN,deceptive_grid,0,768,53961,-8.17,29,1,0.5423,0.013391
DQN,deceptive_grid,0,769,54010,-60.855,49,1,0.5419,0.014695
DQN,deceptive_grid,0,770,54011,10.5,1,1,0.5419,0.010464
DQN,deceptive_grid,0,771,54057,-25.735,46,1,0.5415,0.018326
DQN,deceptive_grid,0,772,54087,-21.3,30,1,0.5412,0.020611
DQN,deceptive_grid,0,773,54092,8.55,5,1,0.5412,0.017087
DQN,deceptive_grid,0,774,54125,-19.58,33,1,0.5409,0.016882
DQN,deceptive_grid,0,775,54175,-47.82,50,1,0.5405,0.016937
DQN,deceptive_grid,0,776,54197,-3.355,22,1,0.5403,0.016888
DQN,deceptive_grid,0,777,54258,-62.615,61,1,0.5398,0.01636
DQN,deceptive_grid,0,778,54280,-5.515,22,1,0.5396,0.018568
DQN,deceptive_grid,0,779,54324,-22.9,44,1,0.5392,0.013367
DQN,deceptive_grid,0,780,54334,6.225,10,1,0.5391,0.016066
DQN,deceptive_grid,0,781,54362,-23.745,28,1,0.5389,0.017243
DQN,deceptive_grid,0,782,54393,-20.445,31,1,0.5386,0.015463
DQN,deceptive_grid,0,783,54434,-30.8,41,1,0.5383,0.014276
DQN,deceptive_grid,0,784,54463,-21.72,29,1,0.538,0.014273
DQN,deceptive_grid,0,785,54465,10.005,2,1,0.538,0.013611
DQN,deceptive_grid,0,786,54474,5.68,9,1,0.5379,0.01311
DQN,deceptive_grid,0,787,54503,-19.62,29,1,0.5377,0.012995
DQN,deceptive_grid,0,788,54505,10.005,2,1,0.5377,0.019038
DQN,deceptive_grid,0,789,54549,-47.26,44,1,0.5373,0.016371
DQN,deceptive_grid,0,790,54573,-15.325,24,1,0.5371,0.01581
DQN,deceptive_grid,0,791,54605,-18.645,32,1,0.5368,0.012196
DQN,deceptive_grid,0,792,54654,-26.48,49,1,0.5364,0.013025
DQN,deceptive_grid,0,793,54704,-58.02,50,1,0.536,0.012324
DQN,deceptive_grid,0,794,54715,-5.3,11,1,0.5359,0.013611
DQN,deceptive_grid,0,795,54724,6.68,9,1,0.5358,0.010397
DQN,deceptive_grid,0,796,54773,-49.15,49,1,0.5354,0.011818
DQN,deceptive_grid,0,797,54776,9.515,3,1,0.5354,0.012134
DQN,deceptive_grid,0,798,54808,-13.71,32,1,0.5351,0.011378
DQN,deceptive_grid,0,799,54836,-19.27,28,1,0.5349,0.01317
DQN,deceptive_grid,0,800,54879,-28.7,43,1,0.5345,0.013206
DuelingDQN,deceptive_grid,0,1,14,-1.785,14,1,0.9999,
DuelingDQN,deceptive_grid,0,2,214,-259.315,200,0,0.9982,
DuelingDQN,deceptive_grid,0,3,414,-250.49,200,0,0.9965,
DuelingDQN,deceptive_grid,0,4,565,-125.045,151,1,0.9952,
DuelingDQN,deceptive_grid,0,5,765,-300.155,200,0,0.9935,
DuelingDQN,deceptive_grid,0,6,965,-210.02,200,0,0.9918,
DuelingDQN,deceptive_grid,0,7,1165,-272.86,200,0,0.9901,0.147926
DuelingDQN,deceptive_grid,0,8,1365,-214.87,200,0,0.9884,0.024056
DuelingDQN,deceptive_grid,0,9,1565,-267.215,200,0,0.9867,0.022271
DuelingDQN,deceptive_grid,0,10,1765,-284.005,200,0,0.985,0.011267
DuelingDQN,deceptive_grid,0,11,1965,-341.58,200,0,0.9833,0.020555
DuelingDQN,deceptive_grid,0,12,1977,0.19,12,1,0.9832,0.014828
DuelingDQN,deceptive_grid,0,13,2177,-320.335,200,0,0.9815,0.024531
DuelingDQN,deceptive_grid,0,14,2377,-289.94,200,0,0.9798,0.008188
DuelingDQN,deceptive_grid,0,15,2396,-30.315,19,1,0.9797,0.006491
DuelingDQN,deceptive_grid,0,16,2561,-243.0,165,1,0.9783,0.026373
DuelingDQN,deceptive_grid,0,17,2596,-29.955,35,1,0.978,0.031572
DuelingDQN,deceptive_grid,0,18,2796,-235.775,200,0,0.9763,0.021858
DuelingDQN,deceptive_grid,0,19,2996,-274.135,200,0,0.9746,0.007778
DuelingDQN,deceptive_grid,0,20,3196,-251.77,200,0,0.9729,0.039511
DuelingDQN,deceptive_grid,0,21,3396,-270.095,200,0,0.9712,0.018208
DuelingDQN,deceptive_grid,0,22,3596,-231.875,200,0,0.9695,0.042942
DuelingDQN,deceptive_grid,0,23,3796,-301.525,200,0,0.9678,0.036464
DuelingDQN,deceptive_grid,0,24,3996,-222.505,200,0,0.9661,0.019429
DuelingDQN,deceptive_grid,0,25,4196,-240.22,200,0,0.9644,0.051069
DuelingDQN,deceptive_grid,0,26,4219,-22.755,23,1,0.9642,0.024684
DuelingDQN,deceptive_grid,0,27,4419,-239.705,200,0,0.9625,0.016696
DuelingDQN,deceptive_grid,0,28,4619,-212.475,200,0,0.9608,0.049914
DuelingDQN,deceptive_grid,0,29,4791,-225.485,172,1,0.9594,0.023635
DuelingDQN,deceptive_grid,0,30,4930,-169.2,139,1,0.9582,0.01365
DuelingDQN,deceptive_grid,0,31,4938,0.56,8,1,0.9581,0.007294
DuelingDQN,deceptive_grid,0,32,5138,-189.615,200,0,0.9564,0.058616
DuelingDQN,deceptive_grid,0,33,5338,-297.24,200,0,0.9547,0.029295
DuelingDQN,deceptive_grid,0,34,5538,-243.83,200,0,0.953,0.046705
DuelingDQN,deceptive_grid,0,35,5738,-212.78,200,0,0.9513,0.039772
DuelingDQN,deceptive_grid,0,36,5938,-242.865,200,0,0.9496,0.01069
DuelingDQN,deceptive_grid,0,37,6138,-256.115,200,0,0.9479,0.059129
DuelingDQN,deceptive_grid,0,38,6338,-248.465,200,0,0.9462,0.018665
DuelingDQN,deceptive_grid,0,39,6538,-228.48,200,0,0.9446,0.041711
DuelingDQN,deceptive_grid,0,40,6738,-239.315,200,0,0.9429,0.03564
DuelingDQN,deceptive_grid,0,41,6938,-248.94,200,0,0.9412,0.011729
DuelingDQN,deceptive_grid,0,42,7138,-290.26,200,0,0.9395,0.057357
DuelingDQN,deceptive_grid,0,43,7338,-212.07,200,0,0.9378,0.018563
DuelingDQN,deceptive_grid,0,44,7538,-235.825,200,0,0.9361,0.04081
DuelingDQN,deceptive_grid,0,45,7738,-203.425,200,0,0.9344,0.029797
DuelingDQN,deceptive_grid,0,46,7840,-138.435,102,1,0.9335,0.011703
DuelingDQN,deceptive_grid,0,47,8040,-247.16,200,0,0.9318,0.039205
DuelingDQN,deceptive_grid,0,48,8240,-256.405,200,0,0.9301,0.028572
DuelingDQN,deceptive_grid,0,49,8440,-213.18,200,0,0.9284,0.008815
DuelingDQN,deceptive_grid,0,50,8640,-270.31,200,0,0.9267,0.05487
DuelingDQN,deceptive_grid,0,51,8769,-149.365,129,1,0.9256,0.011849
DuelingDQN,deceptive_grid,0,52,8969,-249.82,200,0,0.9239,0.005309
DuelingDQN,deceptive_grid,0,53,9169,-295.78,200,0,0.9222,0.062766
DuelingDQN,deceptive_grid,0,54,9198,-27.485,29,1,0.922,0.013899
DuelingDQN,deceptive_grid,0,55,9398,-253.03,200,0,0.9203,0.007076
DuelingDQN,deceptive_grid,0,56,9431,-46.355,33,1,0.92,0.004605
DuelingDQN,deceptive_grid,0,57,9631,-230.24,200,0,0.9183,0.053151
DuelingDQN,deceptive_grid,0,58,9743,-119.65,112,1,0.9174,0.011178
DuelingDQN,deceptive_grid,0,59,9844,-94.975,101,1,0.9165,0.006372
DuelingDQN,deceptive_grid,0,60,10044,-248.15,200,0,0.9148,0.040099
DuelingDQN,deceptive_grid,0,61,10244,-258.94,200,0,0.9131,0.027906
DuelingDQN,deceptive_grid,0,62,10359,-132.795,115,1,0.9121,0.007982
DuelingDQN,deceptive_grid,0,63,10559,-265.725,200,0,0.9104,0.045646
DuelingDQN,deceptive_grid,0,64,10759,-261.06,200,0,0.9087,0.023888
DuelingDQN,deceptive_grid,0,65,10815,-55.285,56,1,0.9083,0.007467
DuelingDQN,deceptive_grid,0,66,11015,-241.605,200,0,0.9066,0.026596
DuelingDQN,deceptive_grid,0,67,11202,-203.58,187,1,0.905,0.038144
DuelingDQN,deceptive_grid,0,68,11354,-172.125,152,1,0.9037,0.005774
DuelingDQN,deceptive_grid,0,69,11389,-29.99,35,1,0.9034,0.003216
DuelingDQN,deceptive_grid,0,70,11454,-64.64,65,1,0.9029,0.002728
DuelingDQN,deceptive_grid,0,71,11654,-205.73,200,0,0.9012,0.051373
DuelingDQN,deceptive_grid,0,72,11854,-252.19,200,0,0.8995,0.005826
DuelingDQN,deceptive_grid,0,73,11970,-146.74,116,1,0.8985,0.002312
DuelingDQN,deceptive_grid,0,74,12170,-215.96,200,0,0.8968,0.044117
DuelingDQN,deceptive_grid,0,75,12234,-67.97,64,1,0.8962,0.006471
DuelingDQN,deceptive_grid,0,76,12434,-276.56,200,0,0.8945,0.002967
DuelingDQN,deceptive_grid,0,77,12603,-162.04,169,1,0.8931,0.034666
DuelingDQN,deceptive_grid,0,78,12622,-3.105,19,1,0.8929,0.015243
DuelingDQN,deceptive_grid,0,79,12822,-218.605,200,0,0.8913,0.005822
DuelingDQN,deceptive_grid,0,80,13022,-224.05,200,0,0.8896,0.014243
DuelingDQN,deceptive_grid,0,81,13176,-203.81,154,1,0.8882,0.020367
DuelingDQN,deceptive_grid,0,82,13220,-28.97,44,1,0.8879,0.00541
DuelingDQN,deceptive_grid,0,83,13420,-228.15,200,0,0.8862,0.002585
DuelingDQN,deceptive_grid,0,84,13620,-206.45,200,0,0.8845,0.018236
DuelingDQN,deceptive_grid,0,85,13672,-35.66,52,1,0.884,0.005099
DuelingDQN,deceptive_grid,0,86,13872,-226.995,200,0,0.8823,0.002311
DuelingDQN,deceptive_grid,0,87,14030,-166.22,158,1,0.881,0.008445
DuelingDQN,deceptive_grid,0,88,14159,-144.96,129,1,0.8799,0.008905
DuelingDQN,deceptive_grid,0,89,14226,-61.725,67,1,0.8793,0.003437
DuelingDQN,deceptive_grid,0,90,14426,-250.48,200,0,0.8776,0.001942
DuelingDQN,deceptive_grid,0,91,14626,-245.13,200,0,0.8759,0.007467
DuelingDQN,deceptive_grid,0,92,14691,-63.83,65,1,0.8754,0.003419
DuelingDQN,deceptive_grid,0,93,14863,-182.58,172,1,0.8739,0.002578
DuelingDQN,deceptive_grid,0,94,15025,-205.595,162,1,0.8726,0.003346
DuelingDQN,deceptive_grid,0,95,15225,-214.485,200,0,0.8709,0.004705
DuelingDQN,deceptive_grid,0,96,15297,-84.32,72,1,0.8703,0.00214
DuelingDQN,deceptive_grid,0,97,15497,-215.935,200,0,0.8686,0.001425
DuelingDQN,deceptive_grid,0,98,15566,-55.565,69,1,0.868,0.005985
DuelingDQN,deceptive_grid,0,99,15724,-174.325,158,1,0.8666,0.003858
DuelingDQN,deceptive_grid,0,100,15757,-34.065,33,1,0.8664,0.003159
DuelingDQN,deceptive_grid,0,101,15843,-77.425,86,1,0.8656,0.002306
DuelingDQN,deceptive_grid,0,102,15874,-34.015,31,1,0.8654,0.00413
DuelingDQN,deceptive_grid,0,103,16074,-234.895,200,0,0.8637,0.004767
DuelingDQN,deceptive_grid,0,104,16259,-213.57,185,1,0.8621,0.003484
DuelingDQN,deceptive_grid,0,105,16354,-92.195,95,1,0.8613,0.001646
DuelingDQN,deceptive_grid,0,106,16394,-39.89,40,1,0.861,0.001408
DuelingDQN,deceptive_grid,0,107,16501,-119.895,107,1,0.86,0.002092
DuelingDQN,deceptive_grid,0,108,16589,-101.41,88,1,0.8593,0.012487
DuelingDQN,deceptive_grid,0,109,16755,-175.57,166,1,0.8579,0.005545
DuelingDQN,deceptive_grid,0,110,16884,-109.465,129,1,0.8568,0.002155
DuelingDQN,deceptive_grid,0,111,16930,-54.365,46,1,0.8564,0.002473
DuelingDQN,deceptive_grid,0,112,17021,-86.395,91,1,0.8556,0.00413
DuelingDQN,deceptive_grid,0,113,17061,-55.04,40,1,0.8553,0.006872
DuelingDQN,deceptive_grid,0,114,17149,-88.54,88,1,0.8545,0.00516
DuelingDQN,deceptive_grid,0,115,17209,-56.175,60,1,0.854,0.002649
DuelingDQN,deceptive_grid,0,116,17212,8.515,3,1,0.854,0.002181
DuelingDQN,deceptive_grid,0,117,17389,-191.02,177,1,0.8525,0.001651
DuelingDQN,deceptive_grid,0,118,17482,-105.57,93,1,0.8517,0.001025
DuelingDQN,deceptive_grid,0,119,17614,-156.775,132,1,0.8506,0.005282
DuelingDQN,deceptive_grid,0,120,17739,-125.375,125,1,0.8495,0.003891
DuelingDQN,deceptive_grid,0,121,17920,-198.18,181,1,0.848,0.002337
DuelingDQN,deceptive_grid,0,122,18033,-111.595,113,1,0.847,0.003666
DuelingDQN,deceptive_grid,0,123,18159,-177.225,126,1,0.846,0.007017
DuelingDQN,deceptive_grid,0,124,18359,-216.16,200,0,0.8443,0.005602
DuelingDQN,deceptive_grid,0,125,18531,-201.395,172,1,0.8428,0.003571
DuelingDQN,deceptive_grid,0,126,18731,-228.68,200,0,0.8411,0.004776
DuelingDQN,deceptive_grid,0,127,18772,-26.355,41,1,0.8408,0.001038
DuelingDQN,deceptive_grid,0,128,18889,-136.385,117,1,0.8398,0.001036
DuelingDQN,deceptive_grid,0,129,18928,-44.35,39,1,0.8395,0.001216
DuelingDQN,deceptive_grid,0,130,19054,-120.385,126,1,0.8384,0.00316
DuelingDQN,deceptive_grid,0,131,19072,-8.145,18,1,0.8382,0.005867
DuelingDQN,deceptive_grid,0,132,19142,-84.185,70,1,0.8376,0.00384
DuelingDQN,deceptive_grid,0,133,19197,-70.14,55,1,0.8372,0.003484
DuelingDQN,deceptive_grid,0,134,19338,-149.35,141,1,0.836,0.001516
DuelingDQN,deceptive_grid,0,135,19477,-176.96,139,1,0.8348,0.00286
DuelingDQN,deceptive_grid,0,136,19518,-50.515,41,1,0.8345,0.005989
DuelingDQN,deceptive_grid,0,137,19619,-82.22,101,1,0.8336,0.009161
DuelingDQN,deceptive_grid,0,138,19780,-164.37,161,1,0.8322,0.004521
DuelingDQN,deceptive_grid,0,139,19810,-17.825,30,1,0.832,0.002011
DuelingDQN,deceptive_grid,0,140,19946,-156.935,136,1,0.8308,0.001751
DuelingDQN,deceptive_grid,0,141,19976,-45.095,30,1,0.8306,0.001154
DuelingDQN,deceptive_grid,0,142,20072,-88.055,96,1,0.8298,0.004535
DuelingDQN,deceptive_grid,0,143,20211,-159.96,139,1,0.8286,0.005637
DuelingDQN,deceptive_grid,0,144,20251,-33.28,40,1,0.8282,0.002881
DuelingDQN,deceptive_grid,0,145,20357,-123.445,106,1,0.8273,0.002187
DuelingDQN,deceptive_grid,0,146,20557,-208.975,200,0,0.8256,0.004735
DuelingDQN,deceptive_grid,0,147,20621,-63.585,64,1,0.8251,0.005804
DuelingDQN,deceptive_grid,0,148,20773,-164.705,152,1,0.8238,0.002063
DuelingDQN,deceptive_grid,0,149,20824,-34.735,51,1,0.8234,0.001933
DuelingDQN,deceptive_grid,0,150,20936,-117.55,112,1,0.8224,0.001084
DuelingDQN,deceptive_grid,0,151,21012,-60.225,76,1,0.8218,0.00162
DuelingDQN,deceptive_grid,0,152,21155,-134.815,143,1,0.8206,0.004011
DuelingDQN,deceptive_grid,0,153,21176,-19.825,21,1,0.8204,0.004176
DuelingDQN,deceptive_grid,0,154,21376,-225.81,200,0,0.8187,0.002449
DuelingDQN,deceptive_grid,0,155,21428,-54.23,52,1,0.8183,0.001368
DuelingDQN,deceptive_grid,0,156,21470,-48.91,42,1,0.8179,0.001396
DuelingDQN,deceptive_grid,0,157,21624,-176.43,154,1,0.8166,0.003758
DuelingDQN,deceptive_grid,0,158,21656,-30.975,32,1,0.8163,0.002594
DuelingDQN,deceptive_grid,0,159,21801,-174.235,145,1,0.8151,0.001659
DuelingDQN,deceptive_grid,0,160,21915,-139.685,114,1,0.8141,0.002351
DuelingDQN,deceptive_grid,0,161,21945,-26.64,30,1,0.8139,0.003817
DuelingDQN,deceptive_grid,0,162,21985,-36.425,40,1,0.8135,0.003027
DuelingDQN,deceptive_grid,0,163,22061,-73.305,76,1,0.8129,0.004468
DuelingDQN,deceptive_grid,0,164,22139,-112.685,78,1,0.8122,0.003347
DuelingDQN,deceptive_grid,0,165,22247,-141.52,108,1,0.8113,0.002741
DuelingDQN,deceptive_grid,0,166,22349,-116.4,102,1,0.8104,0.001837
DuelingDQN,deceptive_grid,0,167,22424,-71.805,75,1,0.8098,0.001522
DuelingDQN,deceptive_grid,0,168,22429,7.55,5,1,0.8098,0.001166
DuelingDQN,deceptive_grid,0,169,22494,-50.595,65,1,0.8092,0.001213
DuelingDQN,deceptive_grid,0,170,22545,-41.44,51,1,0.8088,0.00564
DuelingDQN,deceptive_grid,0,171,22601,-63.04,56,1,0.8083,0.004288
DuelingDQN,deceptive_grid,0,172,22652,-41.97,51,1,0.8079,0.007374
DuelingDQN,deceptive_grid,0,173,22836,-224.045,184,1,0.8063,0.004625
DuelingDQN,deceptive_grid,0,174,22944,-123.375,108,1,0.8054,0.001624
DuelingDQN,deceptive_grid,0,175,22994,-43.205,50,1,0.805,0.000761
DuelingDQN,deceptive_grid,0,176,23033,-26.94,39,1,0.8046,0.004423
DuelingDQN,deceptive_grid,0,177,23107,-50.315,74,1,0.804,0.005516
DuelingDQN,deceptive_grid,0,178,23156,-33.07,49,1,0.8036,0.003357
DuelingDQN,deceptive_grid,0,179,23287,-123.625,131,1,0.8025,0.002283
DuelingDQN,deceptive_grid,0,180,23321,-33.04,34,1,0.8022,0.002259
DuelingDQN,deceptive_grid,0,181,23345,-15.18,24,1,0.802,0.001562
DuelingDQN,deceptive_grid,0,182,23370,-9.98,25,1,0.8018,0.001103
DuelingDQN,deceptive_grid,0,183,23470,-102.3,100,1,0.8009,0.001197
DuelingDQN,deceptive_grid,0,184,23478,5.08,8,1,0.8009,0.00104
DuelingDQN,deceptive_grid,0,185,23567,-108.355,89,1,0.8001,0.003591
DuelingDQN,deceptive_grid,0,186,23767,-196.625,200,0,0.7984,0.003224
DuelingDQN,deceptive_grid,0,187,23863,-109.17,96,1,0.7976,0.001168
DuelingDQN,deceptive_grid,0,188,23909,-48.285,46,1,0.7972,0.000827
DuelingDQN,deceptive_grid,0,189,24096,-194.78,187,1,0.7956,0.003139
DuelingDQN,deceptive_grid,0,190,24112,-1.83,16,1,0.7955,0.003624
DuelingDQN,deceptive_grid,0,191,24297,-201.765,185,1,0.7939,0.002563
DuelingDQN,deceptive_grid,0,192,24357,-55.94,60,1,0.7934,0.001332
DuelingDQN,deceptive_grid,0,193,24483,-114.71,126,1,0.7923,0.000953
DuelingDQN,deceptive_grid,0,194,24593,-90.225,110,1,0.7914,0.003595
DuelingDQN,deceptive_grid,0,195,24682,-104.525,89,1,0.7907,0.005848
DuelingDQN,deceptive_grid,0,196,24698,-7.275,16,1,0.7905,0.003376
DuelingDQN,deceptive_grid,0,197,24801,-105.19,103,1,0.7896,0.003232
DuelingDQN,deceptive_grid,0,198,24822,-5.0,21,1,0.7895,0.004818
DuelingDQN,deceptive_grid,0,199,25004,-191.125,182,1,0.7879,0.003083
DuelingDQN,deceptive_grid,0,200,25114,-130.64,110,1,0.787,0.004075
DuelingDQN,deceptive_grid,0,201,25165,-40.515,51,1,0.7866,0.002082
DuelingDQN,deceptive_grid,0,202,25295,-118.645,130,1,0.7855,0.001898
DuelingDQN,deceptive_grid,0,203,25352,-51.115,57,1,0.785,0.000994
DuelingDQN,deceptive_grid,0,204,25445,-106.755,93,1,0.7842,0.000985
DuelingDQN,deceptive_grid,0,205,25464,-15.625,19,1,0.784,0.001808
DuelingDQN,deceptive_grid,0,206,25469,3.025,5,1,0.784,0.001407
DuelingDQN,deceptive_grid,0,207,25505,-32.605,36,1,0.7837,0.002001
DuelingDQN,deceptive_grid,0,208,25535,-28.05,30,1,0.7834,0.006127
DuelingDQN,deceptive_grid,0,209,25540,7.53,5,1,0.7834,0.00502
DuelingDQN,deceptive_grid,0,210,25673,-131.405,133,1,0.7822,0.003379
DuelingDQN,deceptive_grid,0,211,25761,-114.595,88,1,0.7815,0.002017
DuelingDQN,deceptive_grid,0,212,25928,-164.79,167,1,0.7801,0.001893
DuelingDQN,deceptive_grid,0,213,26047,-140.04,119,1,0.7791,0.004315
DuelingDQN,deceptive_grid,0,214,26171,-116.265,124,1,0.778,0.003257
DuelingDQN,deceptive_grid,0,215,26240,-48.27,69,1,0.7774,0.001844
DuelingDQN,deceptive_grid,0,216,26261,-17.52,21,1,0.7773,0.001905
DuelingDQN,deceptive_grid,0,217,26342,-87.52,81,1,0.7766,0.001632
DuelingDQN,deceptive_grid,0,218,26406,-53.32,64,1,0.776,0.002105
DuelingDQN,deceptive_grid,0,219,26460,-54.5,54,1,0.7756,0.001643
DuelingDQN,deceptive_grid,0,220,26565,-97.305,105,1,0.7747,0.003728
DuelingDQN,deceptive_grid,0,221,26685,-109.905,120,1,0.7737,0.002791
DuelingDQN,deceptive_grid,0,222,26750,-67.18,65,1,0.7731,0.001787
DuelingDQN,deceptive_grid,0,223,26850,-102.525,100,1,0.7723,0.001645
DuelingDQN,deceptive_grid,0,224,26913,-73.755,63,1,0.7717,0.000988
DuelingDQN,deceptive_grid,0,225,26949,-24.655,36,1,0.7714,0.000821
DuelingDQN,deceptive_grid,0,226,26970,-6.04,21,1,0.7712,0.001384
DuelingDQN,deceptive_grid,0,227,27098,-144.88,128,1,0.7702,0.005594
DuelingDQN,deceptive_grid,0,228,27161,-47.26,63,1,0.7696,0.004819
DuelingDQN,deceptive_grid,0,229,27355,-181.635,194,1,0.768,0.00347
DuelingDQN,deceptive_grid,0,230,27369,-3.155,14,1,0.7679,0.001464
DuelingDQN,deceptive_grid,0,231,27490,-115.445,121,1,0.7668,0.000925
DuelingDQN,deceptive_grid,0,232,27531,-39.08,41,1,0.7665,0.004388
DuelingDQN,deceptive_grid,0,233,27546,-4.825,15,1,0.7664,0.005479
DuelingDQN,deceptive_grid,0,234,27624,-81.685,78,1,0.7657,0.00346
DuelingDQN,deceptive_grid,0,235,27709,-105.17,85,1,0.765,0.002488
DuelingDQN,deceptive_grid,0,236,27802,-95.135,93,1,0.7642,0.001426
DuelingDQN,deceptive_grid,0,237,27903,-118.625,101,1,0.7633,0.001302
DuelingDQN,deceptive_grid,0,238,27933,-19.97,30,1,0.7631,0.000894
DuelingDQN,deceptive_grid,0,239,28095,-177.635,162,1,0.7617,0.002568
DuelingDQN,deceptive_grid,0,240,28240,-152.585,145,1,0.7605,0.002241
DuelingDQN,deceptive_grid,0,241,28336,-124.66,96,1,0.7597,0.001491
DuelingDQN,deceptive_grid,0,242,28449,-103.655,113,1,0.7587,0.001803
DuelingDQN,deceptive_grid,0,243,28535,-97.045,86,1,0.758,0.004005
DuelingDQN,deceptive_grid,0,244,28671,-125.305,136,1,0.7568,0.003395
DuelingDQN,deceptive_grid,0,245,28696,-10.01,25,1,0.7566,0.002643
DuelingDQN,deceptive_grid,0,246,28712,-6.31,16,1,0.7565,0.002398
DuelingDQN,deceptive_grid,0,247,28843,-127.03,131,1,0.7554,0.001974
DuelingDQN,deceptive_grid,0,248,28866,-14.015,23,1,0.7552,0.004325
DuelingDQN,deceptive_grid,0,249,28905,-35.495,39,1,0.7548,0.002736
DuelingDQN,deceptive_grid,0,250,28973,-48.45,68,1,0.7543,0.00148
DuelingDQN,deceptive_grid,0,251,29173,-263.99,200,0,0.7526,0.003899
DuelingDQN,deceptive_grid,0,252,29213,-30.4,40,1,0.7522,0.002418
DuelingDQN,deceptive_grid,0,253,29291,-97.895,78,1,0.7516,0.001258
DuelingDQN,deceptive_grid,0,254,29351,-54.69,60,1,0.751,0.000736
DuelingDQN,deceptive_grid,0,255,29507,-151.775,156,1,0.7497,0.00072
DuelingDQN,deceptive_grid,0,256,29560,-31.09,53,1,0.7493,0.004085
DuelingDQN,deceptive_grid,0,257,29633,-94.03,73,1,0.7487,0.002684
DuelingDQN,deceptive_grid,0,258,29705,-59.445,72,1,0.748,0.004602
DuelingDQN,deceptive_grid,0,259,29762,-62.045,57,1,0.7476,0.003282
DuelingDQN,deceptive_grid,0,260,29844,-62.13,82,1,0.7469,0.001883
DuelingDQN,deceptive_grid,0,261,29850,6.045,6,1,0.7468,0.00107
DuelingDQN,deceptive_grid,0,262,29911,-43.46,61,1,0.7463,0.00089
DuelingDQN,deceptive_grid,0,263,29924,-8.39,13,1,0.7462,0.000622
DuelingDQN,deceptive_grid,0,264,30002,-76.82,78,1,0.7455,0.000602
DuelingDQN,deceptive_grid,0,265,30013,4.755,11,1,0.7454,0.003103
DuelingDQN,deceptive_grid,0,266,30048,-28.86,35,1,0.7451,0.002957
DuelingDQN,deceptive_grid,0,267,30104,-55.705,56,1,0.7447,0.002209
DuelingDQN,deceptive_grid,0,268,30122,-1.515,18,1,0.7445,0.001862
DuelingDQN,deceptive_grid,0,269,30208,-91.11,86,1,0.7438,0.002057
DuelingDQN,deceptive_grid,0,270,30311,-92.855,103,1,0.7429,0.002061
DuelingDQN,deceptive_grid,0,271,30434,-120.655,123,1,0.7419,0.001353
DuelingDQN,deceptive_grid,0,272,30511,-90.825,77,1,0.7412,0.001164
DuelingDQN,deceptive_grid,0,273,30574,-57.89,63,1,0.7407,0.003667
DuelingDQN,deceptive_grid,0,274,30632,-53.715,58,1,0.7402,0.004892
DuelingDQN,deceptive_grid,0,275,30717,-66.48,85,1,0.7395,0.003151
DuelingDQN,deceptive_grid,0,276,30749,-14.02,32,1,0.7392,0.001616
DuelingDQN,deceptive_grid,0,277,30843,-94.14,94,1,0.7384,0.001305
DuelingDQN,deceptive_grid,0,278,30895,-40.33,52,1,0.738,0.000826
DuelingDQN,deceptive_grid,0,279,30929,-21.575,34,1,0.7377,0.00066
DuelingDQN,deceptive_grid,0,280,30986,-44.755,57,1,0.7372,0.000597
DuelingDQN,deceptive_grid,0,281,31103,-111.87,117,1,0.7362,0.002886
DuelingDQN,deceptive_grid,0,282,31232,-154.68,129,1,0.7351,0.004345
DuelingDQN,deceptive_grid,0,283,31399,-201.97,167,1,0.7337,0.001396
DuelingDQN,deceptive_grid,0,284,31468,-64.49,69,1,0.7331,0.000834
DuelingDQN,deceptive_grid,0,285,31527,-50.08,59,1,0.7326,0.001263
DuelingDQN,deceptive_grid,0,286,31533,6.035,6,1,0.7325,0.001973
DuelingDQN,deceptive_grid,0,287,31558,-23.795,25,1,0.7323,0.001698
DuelingDQN,deceptive_grid,0,288,31686,-143.565,128,1,0.7312,0.001241
DuelingDQN,deceptive_grid,0,289,31703,-13.63,17,1,0.7311,0.001096
DuelingDQN,deceptive_grid,0,290,31779,-66.745,76,1,0.7305,0.000832
DuelingDQN,deceptive_grid,0,291,31883,-107.295,104,1,0.7296,0.000608
DuelingDQN,deceptive_grid,0,292,31892,3.59,9,1,0.7295,0.000741
DuelingDQN,deceptive_grid,0,293,31942,-47.495,50,1,0.7291,0.000732
DuelingDQN,deceptive_grid,0,294,32046,-118.525,104,1,0.7282,0.001654
DuelingDQN,deceptive_grid,0,295,32246,-231.56,200,0,0.7265,0.001827
DuelingDQN,deceptive_grid,0,296,32327,-74.875,81,1,0.7258,0.002092
DuelingDQN,deceptive_grid,0,297,32337,2.125,10,1,0.7257,0.001261
DuelingDQN,deceptive_grid,0,298,32403,-60.86,66,1,0.7252,0.001074
DuelingDQN,deceptive_grid,0,299,32427,-15.1,24,1,0.725,0.001143
DuelingDQN,deceptive_grid,0,300,32463,-36.01,36,1,0.7247,0.001143
DuelingDQN,deceptive_grid,0,301,32569,-147.095,106,1,0.7238,0.002363
DuelingDQN,deceptive_grid,0,302,32729,-196.83,160,1,0.7224,0.003721
DuelingDQN,deceptive_grid,0,303,32823,-82.33,94,1,0.7216,0.001679
DuelingDQN,deceptive_grid,0,304,32950,-132.235,127,1,0.7205,0.001081
DuelingDQN,deceptive_grid,0,305,33033,-102.25,83,1,0.7198,0.002021
DuelingDQN,deceptive_grid,0,306,33163,-132.115,130,1,0.7187,0.003147
DuelingDQN,deceptive_grid,0,307,33329,-199.215,166,1,0.7173,0.001453
DuelingDQN,deceptive_grid,0,308,33454,-154.705,125,1,0.7162,0.00089
DuelingDQN,deceptive_grid,0,309,33524,-74.135,70,1,0.7157,0.001221
DuelingDQN,deceptive_grid,0,310,33562,-43.625,38,1,0.7153,0.003018
DuelingDQN,deceptive_grid,0,311,33580,-1.515,18,1,0.7152,0.00305
DuelingDQN,deceptive_grid,0,312,33671,-98.44,91,1,0.7144,0.001981
DuelingDQN,deceptive_grid,0,313,33713,-37.795,42,1,0.7141,0.0021
DuelingDQN,deceptive_grid,0,314,33749,-33.735,36,1,0.7137,0.00152
DuelingDQN,deceptive_grid,0,315,33773,-15.1,24,1,0.7135,0.001183
DuelingDQN,deceptive_grid,0,316,33900,-120.95,127,1,0.7125,0.001231
DuelingDQN,deceptive_grid,0,317,34051,-200.65,151,1,0.7112,0.001508
DuelingDQN,deceptive_grid,0,318,34062,-13.37,11,1,0.7111,0.00289
DuelingDQN,deceptive_grid,0,319,34133,-58.045,71,1,0.7105,0.002319
DuelingDQN,deceptive_grid,0,320,34236,-95.75,103,1,0.7096,0.002178
DuelingDQN,deceptive_grid,0,321,34284,-35.905,48,1,0.7092,0.0014
DuelingDQN,deceptive_grid,0,322,34342,-43.875,58,1,0.7087,0.000848
DuelingDQN,deceptive_grid,0,323,34385,-32.88,43,1,0.7084,0.00099
DuelingDQN,deceptive_grid,0,324,34452,-65.04,67,1,0.7078,0.001709
DuelingDQN,deceptive_grid,0,325,34483,-16.81,31,1,0.7075,0.001493
DuelingDQN,deceptive_grid,0,326,34563,-85.555,80,1,0.7068,0.002738
DuelingDQN,deceptive_grid,0,327,34707,-153.715,144,1,0.7056,0.002077
DuelingDQN,deceptive_grid,0,328,34713,7.065,6,1,0.7056,0.001783
DuelingDQN,deceptive_grid,0,329,34737,-12.925,24,1,0.7054,0.001821
DuelingDQN,deceptive_grid,0,330,34749,2.22,12,1,0.7053,0.002144
DuelingDQN,deceptive_grid,0,331,34825,-53.52,76,1,0.7046,0.002495
DuelingDQN,deceptive_grid,0,332,34859,-14.945,34,1,0.7043,0.002667
DuelingDQN,deceptive_grid,0,333,34884,-10.11,25,1,0.7041,0.002291
DuelingDQN,deceptive_grid,0,334,34940,-48.65,56,1,0.7036,0.001241
DuelingDQN,deceptive_grid,0,335,35056,-103.185,116,1,0.7027,0.00238
DuelingDQN,deceptive_grid,0,336,35063,2.08,7,1,0.7026,0.002765
DuelingDQN,deceptive_grid,0,337,35098,-39.215,35,1,0.7023,0.002237
DuelingDQN,deceptive_grid,0,338,35136,-24.1,38,1,0.702,0.002044
DuelingDQN,deceptive_grid,0,339,35204,-56.43,68,1,0.7014,0.002152
DuelingDQN,deceptive_grid,0,340,35262,-64.155,58,1,0.7009,0.001828
DuelingDQN,deceptive_grid,0,341,35289,-10.815,27,1,0.7007,0.001498
DuelingDQN,deceptive_grid,0,342,35380,-108.075,91,1,0.6999,0.001439
DuelingDQN,deceptive_grid,0,343,35472,-107.165,92,1,0.6991,0.000643
DuelingDQN,deceptive_grid,0,344,35498,-9.325,26,1,0.6989,0.000559
DuelingDQN,deceptive_grid,0,345,35528,-14.145,30,1,0.6987,0.003012
DuelingDQN,deceptive_grid,0,346,35583,-48.19,55,1,0.6982,0.002005
DuelingDQN,deceptive_grid,0,347,35748,-174.635,165,1,0.6968,0.001535
DuelingDQN,deceptive_grid,0,348,35801,-34.35,53,1,0.6963,0.001071
DuelingDQN,deceptive_grid,0,349,35900,-105.765,99,1,0.6955,0.002463
DuelingDQN,deceptive_grid,0,350,35976,-70.995,76,1,0.6949,0.00397
DuelingDQN,deceptive_grid,0,351,36046,-58.45,70,1,0.6943,0.003032
DuelingDQN,deceptive_grid,0,352,36090,-45.095,44,1,0.6939,0.002546
DuelingDQN,deceptive_grid,0,353,36205,-121.545,115,1,0.6929,0.00177
DuelingDQN,deceptive_grid,0,354,36268,-53.425,63,1,0.6924,0.000934
DuelingDQN,deceptive_grid,0,355,36294,-23.07,26,1,0.6922,0.000677
DuelingDQN,deceptive_grid,0,356,36313,-4.095,19,1,0.692,0.000539
DuelingDQN,deceptive_grid,0,357,36352,-24.625,39,1,0.6917,0.000575
DuelingDQN,deceptive_grid,0,358,36446,-93.36,94,1,0.6909,0.000494
DuelingDQN,deceptive_grid,0,359,36468,-15.675,22,1,0.6907,0.000499
DuelingDQN,deceptive_grid,0,360,36509,-34.56,41,1,0.6903,0.00123
DuelingDQN,deceptive_grid,0,361,36538,-19.48,29,1,0.6901,0.003121
DuelingDQN,deceptive_grid,0,362,36541,9.515,3,1,0.6901,0.003121
DuelingDQN,deceptive_grid,0,363,36579,-29.18,38,1,0.6897,0.002371
DuelingDQN,deceptive_grid,0,364,36617,-33.665,38,1,0.6894,0.002501
DuelingDQN,deceptive_grid,0,365,36636,-10.005,19,1,0.6893,0.004744
DuelingDQN,deceptive_grid,0,366,36706,-64.98,70,1,0.6887,0.002034
DuelingDQN,deceptive_grid,0,367,36756,-52.145,50,1,0.6882,0.001055
DuelingDQN,deceptive_grid,0,368,36893,-144.935,137,1,0.6871,0.000804
DuelingDQN,deceptive_grid,0,369,36966,-48.78,73,1,0.6865,0.00062
DuelingDQN,deceptive_grid,0,370,36999,-30.555,33,1,0.6862,0.000598
DuelingDQN,deceptive_grid,0,371,37033,-18.155,34,1,0.6859,0.002885
DuelingDQN,deceptive_grid,0,372,37111,-62.46,78,1,0.6852,0.003106
DuelingDQN,deceptive_grid,0,373,37131,-11.505,20,1,0.6851,0.001875
DuelingDQN,deceptive_grid,0,374,37156,-7.63,25,1,0.6848,0.003127
DuelingDQN,deceptive_grid,0,375,37176,-20.59,20,1,0.6847,0.003378
DuelingDQN,deceptive_grid,0,376,37179,9.515,3,1,0.6847,0.003485
DuelingDQN,deceptive_grid,0,377,37255,-96.19,76,1,0.684,0.00221
DuelingDQN,deceptive_grid,0,378,37283,-22.395,28,1,0.6838,0.003335
DuelingDQN,deceptive_grid,0,379,37327,-37.89,44,1,0.6834,0.002
DuelingDQN,deceptive_grid,0,380,37396,-73.6,69,1,0.6828,0.001402
DuelingDQN,deceptive_grid,0,381,37418,-15.61,22,1,0.6826,0.00086
DuelingDQN,deceptive_grid,0,382,37534,-94.975,116,1,0.6816,0.001282
DuelingDQN,deceptive_grid,0,383,37548,-4.225,14,1,0.6815,0.001915
DuelingDQN,deceptive_grid,0,384,37630,-84.905,82,1,0.6808,0.001653
DuelingDQN,deceptive_grid,0,385,37653,-16.98,23,1,0.6806,0.001503
DuelingDQN,deceptive_grid,0,386,37750,-88.19,97,1,0.6798,0.001112
DuelingDQN,deceptive_grid,0,387,37826,-74.855,76,1,0.6792,0.001186
DuelingDQN,deceptive_grid,0,388,37852,-6.915,26,1,0.6789,0.001793
DuelingDQN,deceptive_grid,0,389,37882,-26.95,30,1,0.6787,0.002169
DuelingDQN,deceptive_grid,0,390,37899,-22.685,17,1,0.6785,0.00125
DuelingDQN,deceptive_grid,0,391,37968,-71.355,69,1,0.678,0.001271
DuelingDQN,deceptive_grid,0,392,37985,0.95,17,1,0.6778,0.00101
DuelingDQN,deceptive_grid,0,393,38046,-47.805,61,1,0.6773,0.001603
DuelingDQN,deceptive_grid,0,394,38112,-48.5,66,1,0.6767,0.001908
DuelingDQN,deceptive_grid,0,395,38141,-20.77,29,1,0.6765,0.00226
DuelingDQN,deceptive_grid,0,396,38155,-3.24,14,1,0.6764,0.003204
DuelingDQN,deceptive_grid,0,397,38172,-10.115,17,1,0.6762,0.003627
DuelingDQN,deceptive_grid,0,398,38177,8.55,5,1,0.6762,0.002396
DuelingDQN,deceptive_grid,0,399,38241,-63.845,64,1,0.6756,0.002084
DuelingDQN,deceptive_grid,0,400,38260,-15.605,19,1,0.6755,0.001642
DuelingDQN,deceptive_grid,0,401,38273,0.64,13,1,0.6754,0.001387
DuelingDQN,deceptive_grid,0,402,38370,-84.875,97,1,0.6745,0.000931
DuelingDQN,deceptive_grid,0,403,38371,10.5,1,1,0.6745,0.000693
DuelingDQN,deceptive_grid,0,404,38404,-20.32,33,1,0.6743,0.000649
DuelingDQN,deceptive_grid,0,405,38465,-48.265,61,1,0.6737,0.000879
DuelingDQN,deceptive_grid,0,406,38529,-53.925,64,1,0.6732,0.001453
DuelingDQN,deceptive_grid,0,407,38568,-21.405,39,1,0.6729,0.002591
DuelingDQN,deceptive_grid,0,408,38641,-64.235,73,1,0.6723,0.001849
DuelingDQN,deceptive_grid,0,409,38700,-59.445,59,1,0.6717,0.001519
DuelingDQN,deceptive_grid,0,410,38787,-74.87,87,1,0.671,0.0009
DuelingDQN,deceptive_grid,0,411,38795,5.1,8,1,0.6709,0.00121
DuelingDQN,deceptive_grid,0,412,38865,-82.65,70,1,0.6704,0.00099
DuelingDQN,deceptive_grid,0,413,38897,-26.73,32,1,0.6701,0.001011
DuelingDQN,deceptive_grid,0,414,38903,8.075,6,1,0.67,0.001459
DuelingDQN,deceptive_grid,0,415,38960,-48.275,57,1,0.6695,0.001111
DuelingDQN,deceptive_grid,0,416,39015,-39.84,55,1,0.6691,0.001532
DuelingDQN,deceptive_grid,0,417,39076,-52.43,61,1,0.6686,0.002297
DuelingDQN,deceptive_grid,0,418,39130,-46.185,54,1,0.6681,0.001669
DuelingDQN,deceptive_grid,0,419,39167,-28.635,37,1,0.6678,0.001246
DuelingDQN,deceptive_grid,0,420,39181,0.265,14,1,0.6677,0.001046
DuelingDQN,deceptive_grid,0,421,39217,-17.79,36,1,0.6674,0.000788
DuelingDQN,deceptive_grid,0,422,39287,-69.05,70,1,0.6668,0.000836
DuelingDQN,deceptive_grid,0,423,39318,-26.17,31,1,0.6665,0.00098
DuelingDQN,deceptive_grid,0,424,39373,-45.64,55,1,0.666,0.0011
DuelingDQN,deceptive_grid,0,425,39408,-19.715,35,1,0.6657,0.001257
DuelingDQN,deceptive_grid,0,426,39489,-96.45,81,1,0.6651,0.001184
DuelingDQN,deceptive_grid,0,427,39550,-62.595,61,1,0.6645,0.003329
DuelingDQN,deceptive_grid,0,428,39596,-33.17,46,1,0.6641,0.003022
DuelingDQN,deceptive_grid,0,429,39645,-41.74,49,1,0.6637,0.002136
DuelingDQN,deceptive_grid,0,430,39738,-83.29,93,1,0.6629,0.002087
DuelingDQN,deceptive_grid,0,431,39832,-86.005,94,1,0.6621,0.001412
DuelingDQN,deceptive_grid,0,432,39851,-9.91,19,1,0.662,0.001863
DuelingDQN,deceptive_grid,0,433,39882,-24.65,31,1,0.6617,0.001811
DuelingDQN,deceptive_grid,0,434,39941,-51.4,59,1,0.6612,0.002208
DuelingDQN,deceptive_grid,0,435,40023,-70.51,82,1,0.6605,0.002136
DuelingDQN,deceptive_grid,0,436,40054,-35.375,31,1,0.6603,0.004256
DuelingDQN,deceptive_grid,0,437,40133,-82.985,79,1,0.6596,0.002871
DuelingDQN,deceptive_grid,0,438,40135,10.005,2,1,0.6596,0.001836
DuelingDQN,deceptive_grid,0,439,40214,-68.425,79,1,0.6589,0.001416
DuelingDQN,deceptive_grid,0,440,40247,-24.7,33,1,0.6586,0.000986
DuelingDQN,deceptive_grid,0,441,40255,6.11,8,1,0.6586,0.001125
DuelingDQN,deceptive_grid,0,442,40265,-1.35,10,1,0.6585,0.00094
DuelingDQN,deceptive_grid,0,443,40330,-53.255,65,1,0.6579,0.000755
DuelingDQN,deceptive_grid,0,444,40424,-77.415,94,1,0.6571,0.000699
DuelingDQN,deceptive_grid,0,445,40527,-104.97,103,1,0.6563,0.000883
DuelingDQN,deceptive_grid,0,446,40605,-70.18,78,1,0.6556,0.002059
DuelingDQN,deceptive_grid,0,447,40686,-81.585,81,1,0.6549,0.001417
DuelingDQN,deceptive_grid,0,448,40743,-65.705,57,1,0.6544,0.001313
DuelingDQN,deceptive_grid,0,449,40783,-29.52,40,1,0.6541,0.001804
DuelingDQN,deceptive_grid,0,450,40804,-10.61,21,1,0.6539,0.002576
DuelingDQN,deceptive_grid,0,451,40830,-17.19,26,1,0.6537,0.003627
DuelingDQN,deceptive_grid,0,452,40861,-30.95,31,1,0.6534,0.002391
DuelingDQN,deceptive_grid,0,453,40873,-1.28,12,1,0.6533,0.00206
DuelingDQN,deceptive_grid,0,454,40946,-79.585,73,1,0.6527,0.00171
DuelingDQN,deceptive_grid,0,455,41021,-83.785,75,1,0.6521,0.001428
DuelingDQN,deceptive_grid,0,456,41076,-49.96,55,1,0.6516,0.001971
DuelingDQN,deceptive_grid,0,457,41130,-42.985,54,1,0.6511,0.001309
DuelingDQN,deceptive_grid,0,458,41169,-21.325,39,1,0.6508,0.000791
DuelingDQN,deceptive_grid,0,459,41225,-42.61,56,1,0.6503,0.001409
DuelingDQN,deceptive_grid,0,460,41304,-67.165,79,1,0.6497,0.001692
DuelingDQN,deceptive_grid,0,461,41403,-141.965,99,1,0.6488,0.002402
DuelingDQN,deceptive_grid,0,462,41465,-63.18,62,1,0.6483,0.003335
DuelingDQN,deceptive_grid,0,463,41510,-44.025,45,1,0.6479,0.002013
DuelingDQN,deceptive_grid,0,464,41547,-22.98,37,1,0.6476,0.003068
DuelingDQN,deceptive_grid,0,465,41558,-0.82,11,1,0.6475,0.002836
DuelingDQN,deceptive_grid,0,466,41586,-28.035,28,1,0.6473,0.002215
DuelingDQN,deceptive_grid,0,467,41636,-41.69,50,1,0.6468,0.001793
DuelingDQN,deceptive_grid,0,468,41716,-82.53,80,1,0.6462,0.001364
DuelingDQN,deceptive_grid,0,469,41767,-29.325,51,1,0.6457,0.001072
DuelingDQN,deceptive_grid,0,470,41800,-20.975,33,1,0.6455,0.000705
DuelingDQN,deceptive_grid,0,471,41855,-33.875,55,1,0.645,0.000517
DuelingDQN,deceptive_grid,0,472,41896,-31.14,41,1,0.6446,0.000543
DuelingDQN,deceptive_grid,0,473,41971,-76.235,75,1,0.644,0.000399
DuelingDQN,deceptive_grid,0,474,42038,-65.98,67,1,0.6434,0.00116
DuelingDQN,deceptive_grid,0,475,42051,-13.265,13,1,0.6433,0.001464
DuelingDQN,deceptive_grid,0,476,42065,-0.795,14,1,0.6432,0.001333
DuelingDQN,deceptive_grid,0,477,42080,-3.715,15,1,0.6431,0.00147
DuelingDQN,deceptive_grid,0,478,42134,-44.03,54,1,0.6426,0.001321
DuelingDQN,deceptive_grid,0,479,42174,-28.345,40,1,0.6423,0.00105
DuelingDQN,deceptive_grid,0,480,42189,-3.685,15,1,0.6422,0.000958
DuelingDQN,deceptive_grid,0,481,42247,-45.55,58,1,0.6417,0.000895
DuelingDQN,deceptive_grid,0,482,42328,-69.605,81,1,0.641,0.000953
DuelingDQN,deceptive_grid,0,483,42388,-43.615,60,1,0.6405,0.000858
DuelingDQN,deceptive_grid,0,484,42394,8.075,6,1,0.6404,0.000719
DuelingDQN,deceptive_grid,0,485,42442,-33.845,48,1,0.64,0.000657
DuelingDQN,deceptive_grid,0,486,42447,3.03,5,1,0.64,0.000306
DuelingDQN,deceptive_grid,0,487,42497,-51.37,50,1,0.6395,0.000536
DuelingDQN,deceptive_grid,0,488,42544,-43.75,47,1,0.6391,0.001945
DuelingDQN,deceptive_grid,0,489,42561,-2.13,17,1,0.639,0.002439
DuelingDQN,deceptive_grid,0,490,42648,-82.95,87,1,0.6383,0.002045
DuelingDQN,deceptive_grid,0,491,42677,-25.195,29,1,0.638,0.002305
DuelingDQN,deceptive_grid,0,492,42719,-31.02,42,1,0.6377,0.002041
DuelingDQN,deceptive_grid,0,493,42778,-58.42,59,1,0.6372,0.001636
DuelingDQN,deceptive_grid,0,494,42849,-83.71,71,1,0.6366,0.001204
DuelingDQN,deceptive_grid,0,495,42874,-7.85,25,1,0.6363,0.001543
DuelingDQN,deceptive_grid,0,496,42890,-3.82,16,1,0.6362,0.001616
DuelingDQN,deceptive_grid,0,497,42953,-52.47,63,1,0.6357,0.002193
DuelingDQN,deceptive_grid,0,498,43017,-51.38,64,1,0.6351,0.00377
DuelingDQN,deceptive_grid,0,499,43143,-115.81,126,1,0.6341,0.003902
DuelingDQN,deceptive_grid,0,500,43162,-8.62,19,1,0.6339,0.002276
DuelingDQN,deceptive_grid,0,501,43279,-116.065,117,1,0.6329,0.001256
DuelingDQN,deceptive_grid,0,502,43316,-36.145,37,1,0.6326,0.000923
DuelingDQN,deceptive_grid,0,503,43336,-11.335,20,1,0.6324,0.0006
DuelingDQN,deceptive_grid,0,504,43388,-38.23,52,1,0.632,0.000737
DuelingDQN,deceptive_grid,0,505,43414,-19.42,26,1,0.6318,0.000922
DuelingDQN,deceptive_grid,0,506,43441,-14.49,27,1,0.6315,0.000802
DuelingDQN,deceptive_grid,0,507,43469,-9.09,28,1,0.6313,0.000588
DuelingDQN,deceptive_grid,0,508,43478,4.61,9,1,0.6312,0.000523
DuelingDQN,deceptive_grid,0,509,43557,-61.975,79,1,0.6306,0.001575
DuelingDQN,deceptive_grid,0,510,43583,-20.63,26,1,0.6303,0.001657
DuelingDQN,deceptive_grid,0,511,43625,-33.91,42,1,0.63,0.001376
DuelingDQN,deceptive_grid,0,512,43675,-34.295,50,1,0.6296,0.001573
DuelingDQN,deceptive_grid,0,513,43752,-69.565,77,1,0.6289,0.00208
DuelingDQN,deceptive_grid,0,514,43780,-12.27,28,1,0.6287,0.001542
DuelingDQN,deceptive_grid,0,515,43784,9.03,4,1,0.6286,0.001191
DuelingDQN,deceptive_grid,0,516,43837,-44.39,53,1,0.6282,0.001116
DuelingDQN,deceptive_grid,0,517,43848,3.685,11,1,0.6281,0.000834
DuelingDQN,deceptive_grid,0,518,43980,-134.56,132,1,0.627,0.000709
DuelingDQN,deceptive_grid,0,519,44011,-14.49,31,1,0.6267,0.001278
DuelingDQN,deceptive_grid,0,520,44045,-29.53,34,1,0.6264,0.002518
DuelingDQN,deceptive_grid,0,521,44051,8.075,6,1,0.6264,0.002889
DuelingDQN,deceptive_grid,0,522,44060,-0.945,9,1,0.6263,0.002119
DuelingDQN,deceptive_grid,0,523,44074,-11.26,14,1,0.6262,0.001725
DuelingDQN,deceptive_grid,0,524,44107,-19.75,33,1,0.6259,0.001836
DuelingDQN,deceptive_grid,0,525,44151,-36.165,44,1,0.6255,0.002131
DuelingDQN,deceptive_grid,0,526,44154,8.515,3,1,0.6255,0.002021
DuelingDQN,deceptive_grid,0,527,44186,-17.4,32,1,0.6252,0.00179
DuelingDQN,deceptive_grid,0,528,44242,-45.415,56,1,0.6247,0.001588
DuelingDQN,deceptive_grid,0,529,44266,-11.945,24,1,0.6245,0.0008
DuelingDQN,deceptive_grid,0,530,44298,-15.8,32,1,0.6243,0.000788
DuelingDQN,deceptive_grid,0,531,44311,-2.845,13,1,0.6242,0.000612
DuelingDQN,deceptive_grid,0,532,44354,-23.145,43,1,0.6238,0.000935
DuelingDQN,deceptive_grid,0,533,44398,-48.35,44,1,0.6234,0.000814
DuelingDQN,deceptive_grid,0,534,44425,-18.655,27,1,0.6232,0.001391
DuelingDQN,deceptive_grid,0,535,44459,-36.16,34,1,0.6229,0.0014
DuelingDQN,deceptive_grid,0,536,44538,-86.825,79,1,0.6222,0.001514
DuelingDQN,deceptive_grid,0,537,44554,-9.795,16,1,0.6221,0.00254
DuelingDQN,deceptive_grid,0,538,44585,-19.43,31,1,0.6218,0.002552
DuelingDQN,deceptive_grid,0,539,44637,-68.57,52,1,0.6214,0.002192
DuelingDQN,deceptive_grid,0,540,44737,-76.77,100,1,0.6205,0.001155
DuelingDQN,deceptive_grid,0,541,44818,-89.69,81,1,0.6199,0.000786
DuelingDQN,deceptive_grid,0,542,44865,-35.59,47,1,0.6195,0.000486
DuelingDQN,deceptive_grid,0,543,44928,-51.94,63,1,0.6189,0.000623
DuelingDQN,deceptive_grid,0,544,44929,10.5,1,1,0.6189,0.000657
DuelingDQN,deceptive_grid,0,545,44960,-20.275,31,1,0.6187,0.001003
DuelingDQN,deceptive_grid,0,546,45001,-41.505,41,1,0.6183,0.001095
DuelingDQN,deceptive_grid,0,547,45045,-26.54,44,1,0.6179,0.002443
DuelingDQN,deceptive_grid,0,548,45142,-93.285,97,1,0.6171,0.001565
DuelingDQN,deceptive_grid,0,549,45216,-63.445,74,1,0.6165,0.001039
DuelingDQN,deceptive_grid,0,550,45241,-13.525,25,1,0.6163,0.000729
DuelingDQN,deceptive_grid,0,551,45287,-43.92,46,1,0.6159,0.000735
DuelingDQN,deceptive_grid,0,552,45297,4.145,10,1,0.6158,0.000869
DuelingDQN,deceptive_grid,0,553,45346,-42.1,49,1,0.6154,0.00083
DuelingDQN,deceptive_grid,0,554,45361,-5.76,15,1,0.6153,0.001323
DuelingDQN,deceptive_grid,0,555,45440,-71.585,79,1,0.6146,0.00094
DuelingDQN,deceptive_grid,0,556,45463,-4.895,23,1,0.6144,0.000649
DuelingDQN,deceptive_grid,0,557,45501,-26.77,38,1,0.6141,0.000671
DuelingDQN,deceptive_grid,0,558,45513,-2.345,12,1,0.614,0.00175
DuelingDQN,deceptive_grid,0,559,45594,-68.545,81,1,0.6133,0.001688
DuelingDQN,deceptive_grid,0,560,45610,-2.8,16,1,0.6131,0.001698
DuelingDQN,deceptive_grid,0,561,45644,-22.055,34,1,0.6128,0.001487
DuelingDQN,deceptive_grid,0,562,45694,-37.6,50,1,0.6124,0.001182
DuelingDQN,deceptive_grid,0,563,45746,-39.755,52,1,0.612,0.001221
DuelingDQN,deceptive_grid,0,564,45762,-1.67,16,1,0.6118,0.001554
DuelingDQN,deceptive_grid,0,565,45783,-8.365,21,1,0.6117,0.001113
DuelingDQN,deceptive_grid,0,566,45809,-13.505,26,1,0.6115,0.001004
DuelingDQN,deceptive_grid,0,567,45856,-34.88,47,1,0.6111,0.000865
DuelingDQN,deceptive_grid,0,568,45874,-7.49,18,1,0.6109,0.000524
DuelingDQN,deceptive_grid,0,569,45968,-86.29,94,1,0.6101,0.000675
DuelingDQN,deceptive_grid,0,570,45998,-16.315,30,1,0.6098,0.000657
DuelingDQN,deceptive_grid,0,571,46068,-60.13,70,1,0.6093,0.00257
DuelingDQN,deceptive_grid,0,572,46125,-50.805,57,1,0.6088,0.00273
DuelingDQN,deceptive_grid,0,573,46138,-4.875,13,1,0.6087,0.001959
DuelingDQN,deceptive_grid,0,574,46194,-33.62,56,1,0.6082,0.001367
DuelingDQN,deceptive_grid,0,575,46252,-54.14,58,1,0.6077,0.001997
DuelingDQN,deceptive_grid,0,576,46300,-51.545,48,1,0.6073,0.001843
DuelingDQN,deceptive_grid,0,577,46371,-74.765,71,1,0.6067,0.001121
DuelingDQN,deceptive_grid,0,578,46396,-14.815,25,1,0.6065,0.001121
DuelingDQN,deceptive_grid,0,579,46415,-1.955,19,1,0.6063,0.000854
DuelingDQN,deceptive_grid,0,580,46490,-93.43,75,1,0.6057,0.000871
DuelingDQN,deceptive_grid,0,581,46579,-80.465,89,1,0.6049,0.002005
DuelingDQN,deceptive_grid,0,582,46611,-14.74,32,1,0.6046,0.003881
DuelingDQN,deceptive_grid,0,583,46633,-21.19,22,1,0.6045,0.003172
DuelingDQN,deceptive_grid,0,584,46693,-36.87,60,1,0.604,0.002001
DuelingDQN,deceptive_grid,0,585,46772,-72.125,79,1,0.6033,0.00153
DuelingDQN,deceptive_grid,0,586,46796,-13.015,24,1,0.6031,0.002308
DuelingDQN,deceptive_grid,0,587,46851,-48.66,55,1,0.6026,0.00167
DuelingDQN,deceptive_grid,0,588,46887,-25.625,36,1,0.6023,0.000933
DuelingDQN,deceptive_grid,0,589,46948,-49.62,61,1,0.6018,0.000511
DuelingDQN,deceptive_grid,0,590,46977,-18.57,29,1,0.6015,0.000504
DuelingDQN,deceptive_grid,0,591,47040,-50.445,63,1,0.601,0.001025
DuelingDQN,deceptive_grid,0,592,47065,-16.775,25,1,0.6008,0.001539
DuelingDQN,deceptive_grid,0,593,47085,-13.67,20,1,0.6006,0.001602
DuelingDQN,deceptive_grid,0,594,47125,-21.59,40,1,0.6003,0.001243
DuelingDQN,deceptive_grid,0,595,47172,-37.85,47,1,0.5999,0.001059
DuelingDQN,deceptive_grid,0,596,47198,-26.64,26,1,0.5997,0.000749
DuelingDQN,deceptive_grid,0,597,47266,-61.41,68,1,0.5991,0.000522
DuelingDQN,deceptive_grid,0,598,47289,-6.925,23,1,0.5989,0.000375
DuelingDQN,deceptive_grid,0,599,47356,-52.53,67,1,0.5983,0.000337
DuelingDQN,deceptive_grid,0,600,47384,-19.345,28,1,0.5981,0.000378
DuelingDQN,deceptive_grid,0,601,47420,-31.405,36,1,0.5978,0.00036
DuelingDQN,deceptive_grid,0,602,47441,-22.205,21,1,0.5976,0.000347
DuelingDQN,deceptive_grid,0,603,47455,1.265,14,1,0.5975,0.000425
DuelingDQN,deceptive_grid,0,604,47476,-8.55,21,1,0.5973,0.000399
DuelingDQN,deceptive_grid,0,605,47504,-11.46,28,1,0.5971,0.000436
DuelingDQN,deceptive_grid,0,606,47551,-33.075,47,1,0.5967,0.001694
DuelingDQN,deceptive_grid,0,607,47625,-57.195,74,1,0.596,0.001796
DuelingDQN,deceptive_grid,0,608,47684,-55.8,59,1,0.5955,0.00175
DuelingDQN,deceptive_grid,0,609,47708,-8.29,24,1,0.5953,0.001766
DuelingDQN,deceptive_grid,0,610,47738,-15.575,30,1,0.5951,0.001135
DuelingDQN,deceptive_grid,0,611,47802,-59.165,64,1,0.5945,0.001381
DuelingDQN,deceptive_grid,0,612,47827,-24.825,25,1,0.5943,0.000795
DuelingDQN,deceptive_grid,0,613,47830,8.515,3,1,0.5943,0.000481
DuelingDQN,deceptive_grid,0,614,47852,-4.365,22,1,0.5941,0.000964
DuelingDQN,deceptive_grid,0,615,47887,-16.055,35,1,0.5938,0.000685
DuelingDQN,deceptive_grid,0,616,47900,-10.81,13,1,0.5937,0.000766
DuelingDQN,deceptive_grid,0,617,47926,-15.2,26,1,0.5935,0.000744
DuelingDQN,deceptive_grid,0,618,47951,-15.815,25,1,0.5933,0.000671
DuelingDQN,deceptive_grid,0,619,47984,-13.14,33,1,0.593,0.000914
DuelingDQN,deceptive_grid,0,620,48026,-48.685,42,1,0.5926,0.001561
DuelingDQN,deceptive_grid,0,621,48031,7.53,5,1,0.5926,0.001075
DuelingDQN,deceptive_grid,0,622,48091,-40.215,60,1,0.5921,0.001526
DuelingDQN,deceptive_grid,0,623,48153,-43.015,62,1,0.5916,0.001683
DuelingDQN,deceptive_grid,0,624,48188,-30.06,35,1,0.5913,0.002279
DuelingDQN,deceptive_grid,0,625,48204,0.38,16,1,0.5911,0.002233
DuelingDQN,deceptive_grid,0,626,48220,-1.73,16,1,0.591,0.001451
DuelingDQN,deceptive_grid,0,627,48298,-75.6,78,1,0.5903,0.001613
DuelingDQN,deceptive_grid,0,628,48326,-20.025,28,1,0.5901,0.000915
DuelingDQN,deceptive_grid,0,629,48363,-23.865,37,1,0.5898,0.000735
DuelingDQN,deceptive_grid,0,630,48375,3.23,12,1,0.5897,0.001013
DuelingDQN,deceptive_grid,0,631,48394,-7.55,19,1,0.5895,0.000851
DuelingDQN,deceptive_grid,0,632,48447,-34.8,53,1,0.5891,0.000571
DuelingDQN,deceptive_grid,0,633,48472,-7.64,25,1,0.5889,0.000395
DuelingDQN,deceptive_grid,0,634,48504,-15.46,32,1,0.5886,0.000479
DuelingDQN,deceptive_grid,0,635,48541,-22.265,37,1,0.5883,0.001032
DuelingDQN,deceptive_grid,0,636,48566,-10.085,25,1,0.5881,0.001367
DuelingDQN,deceptive_grid,0,637,48571,8.55,5,1,0.588,0.001277
DuelingDQN,deceptive_grid,0,638,48648,-65.695,77,1,0.5874,0.001295
DuelingDQN,deceptive_grid,0,639,48666,-4.935,18,1,0.5872,0.001186
DuelingDQN,deceptive_grid,0,640,48673,2.085,7,1,0.5872,0.001087
DuelingDQN,deceptive_grid,0,641,48718,-40.92,45,1,0.5868,0.000763
DuelingDQN,deceptive_grid,0,642,48761,-44.54,43,1,0.5864,0.000905
DuelingDQN,deceptive_grid,0,643,48785,-11.705,24,1,0.5862,0.000893
DuelingDQN,deceptive_grid,0,644,48824,-24.98,39,1,0.5859,0.000913
DuelingDQN,deceptive_grid,0,645,48849,-13.475,25,1,0.5857,0.000852
DuelingDQN,deceptive_grid,0,646,48871,-7.485,22,1,0.5855,0.000773
DuelingDQN,deceptive_grid,0,647,48891,-12.475,20,1,0.5853,0.000541
DuelingDQN,deceptive_grid,0,648,48940,-40.63,49,1,0.5849,0.000569
DuelingDQN,deceptive_grid,0,649,48977,-22.755,37,1,0.5846,0.00053
DuelingDQN,deceptive_grid,0,650,48997,-5.61,20,1,0.5844,0.000584
DuelingDQN,deceptive_grid,0,651,49031,-20.07,34,1,0.5841,0.001246
DuelingDQN,deceptive_grid,0,652,49062,-25.7,31,1,0.5839,0.001292
DuelingDQN,deceptive_grid,0,653,49081,-3.115,19,1,0.5837,0.001294
DuelingDQN,deceptive_grid,0,654,49131,-26.535,50,1,0.5833,0.002054
DuelingDQN,deceptive_grid,0,655,49145,2.345,14,1,0.5832,0.001811
DuelingDQN,deceptive_grid,0,656,49171,-12.685,26,1,0.5829,0.001857
DuelingDQN,deceptive_grid,0,657,49222,-37.415,51,1,0.5825,0.001903
DuelingDQN,deceptive_grid,0,658,49268,-29.805,46,1,0.5821,0.001807
DuelingDQN,deceptive_grid,0,659,49304,-29.62,36,1,0.5818,0.001242
DuelingDQN,deceptive_grid,0,660,49370,-55.445,66,1,0.5812,0.001623
DuelingDQN,deceptive_grid,0,661,49384,3.425,14,1,0.5811,0.000822
DuelingDQN,deceptive_grid,0,662,49414,-12.215,30,1,0.5809,0.000773
DuelingDQN,deceptive_grid,0,663,49435,-6.16,21,1,0.5807,0.001627
DuelingDQN,deceptive_grid,0,664,49478,-47.755,43,1,0.5803,0.002959
DuelingDQN,deceptive_grid,0,665,49560,-67.75,82,1,0.5796,0.004081
DuelingDQN,deceptive_grid,0,666,49594,-28.29,34,1,0.5793,0.003044
DuelingDQN,deceptive_grid,0,667,49613,-11.02,19,1,0.5792,0.002063
DuelingDQN,deceptive_grid,0,668,49695,-75.38,82,1,0.5785,0.001315
DuelingDQN,deceptive_grid,0,669,49731,-32.695,36,1,0.5782,0.000959
DuelingDQN,deceptive_grid,0,670,49801,-51.28,70,1,0.5776,0.000755
DuelingDQN,deceptive_grid,0,671,49837,-22.095,36,1,0.5773,0.000679
DuelingDQN,deceptive_grid,0,672,49864,-17.75,27,1,0.5771,0.000512
DuelingDQN,deceptive_grid,0,673,49919,-34.335,55,1,0.5766,0.000346
DuelingDQN,deceptive_grid,0,674,49944,-16.585,25,1,0.5764,0.000387
DuelingDQN,deceptive_grid,0,675,49995,-38.05,51,1,0.5759,0.000391
DuelingDQN,deceptive_grid,0,676,50028,-24.82,33,1,0.5757,0.001774
DuelingDQN,deceptive_grid,0,677,50074,-33.235,46,1,0.5753,0.003967
DuelingDQN,deceptive_grid,0,678,50115,-24.45,41,1,0.5749,0.00325
DuelingDQN,deceptive_grid,0,679,50128,0.73,13,1,0.5748,0.002015
DuelingDQN,deceptive_grid,0,680,50172,-39.415,44,1,0.5744,0.001913
DuelingDQN,deceptive_grid,0,681,50205,-20.775,33,1,0.5742,0.001197
DuelingDQN,deceptive_grid,0,682,50281,-67.09,76,1,0.5735,0.000784
DuelingDQN,deceptive_grid,0,683,50364,-87.94,83,1,0.5728,0.000768
DuelingDQN,deceptive_grid,0,684,50397,-22.48,33,1,0.5725,0.000478
DuelingDQN,deceptive_grid,0,685,50449,-35.52,52,1,0.5721,0.000381
DuelingDQN,deceptive_grid,0,686,50456,7.605,7,1,0.572,0.000339
DuelingDQN,deceptive_grid,0,687,50475,-16.78,19,1,0.5719,0.000312
DuelingDQN,deceptive_grid,0,688,50515,-45.175,40,1,0.5715,0.000827
DuelingDQN,deceptive_grid,0,689,50532,-2.1,17,1,0.5714,0.001442
DuelingDQN,deceptive_grid,0,690,50545,2.77,13,1,0.5713,0.001289
DuelingDQN,deceptive_grid,0,691,50562,3.18,17,1,0.5711,0.001445
DuelingDQN,deceptive_grid,0,692,50593,-13.46,31,1,0.5709,0.001121
DuelingDQN,deceptive_grid,0,693,50612,-3.035,19,1,0.5707,0.001269
DuelingDQN,deceptive_grid,0,694,50635,-7.165,23,1,0.5705,0.00151
DuelingDQN,deceptive_grid,0,695,50736,-94.845,101,1,0.5697,0.003683
DuelingDQN,deceptive_grid,0,696,50760,-14.23,24,1,0.5695,0.001668
DuelingDQN,deceptive_grid,0,697,50783,-27.435,23,1,0.5693,0.001112
DuelingDQN,deceptive_grid,0,698,50824,-30.855,41,1,0.5689,0.00094
DuelingDQN,deceptive_grid,0,699,50853,-11.69,29,1,0.5687,0.000794
DuelingDQN,deceptive_grid,0,700,50868,0.835,15,1,0.5685,0.000529
DuelingDQN,deceptive_grid,0,701,50895,-12.085,27,1,0.5683,0.000418
DuelingDQN,deceptive_grid,0,702,50908,0.66,13,1,0.5682,0.000399
DuelingDQN,deceptive_grid,0,703,50964,-49.045,56,1,0.5677,0.00042
DuelingDQN,deceptive_grid,0,704,50995,-15.87,31,1,0.5675,0.000278
DuelingDQN,deceptive_grid,0,705,51038,-26.245,43,1,0.5671,0.001134
DuelingDQN,deceptive_grid,0,706,51064,-10.285,26,1,0.5669,0.001056
DuelingDQN,deceptive_grid,0,707,51070,8.075,6,1,0.5668,0.00103
DuelingDQN,deceptive_grid,0,708,51092,-7.615,22,1,0.5666,0.00126
DuelingDQN,deceptive_grid,0,709,51096,9.03,4,1,0.5666,0.001807
DuelingDQN,deceptive_grid,0,710,51148,-42.955,52,1,0.5662,0.001168
DuelingDQN,deceptive_grid,0,711,51208,-40.565,60,1,0.5657,0.001113
DuelingDQN,deceptive_grid,0,712,51235,-24.67,27,1,0.5654,0.000864
DuelingDQN,deceptive_grid,0,713,51288,-34.485,53,1,0.565,0.000955
DuelingDQN,deceptive_grid,0,714,51308,-5.61,20,1,0.5648,0.000487
DuelingDQN,deceptive_grid,0,715,51356,-59.04,48,1,0.5644,0.000377
DuelingDQN,deceptive_grid,0,716,51378,-12.185,22,1,0.5642,0.000346
DuelingDQN,deceptive_grid,0,717,51427,-44.79,49,1,0.5638,0.000363
DuelingDQN,deceptive_grid,0,718,51477,-30.055,50,1,0.5634,0.000291
DuelingDQN,deceptive_grid,0,719,51522,-39.945,45,1,0.563,0.00071
DuelingDQN,deceptive_grid,0,720,51559,-19.395,37,1,0.5627,0.001325
DuelingDQN,deceptive_grid,0,721,51574,-1.265,15,1,0.5626,0.001101
DuelingDQN,deceptive_grid,0,722,51603,-16.225,29,1,0.5623,0.001078
DuelingDQN,deceptive_grid,0,723,51645,-36.615,42,1,0.5619,0.001547
DuelingDQN,deceptive_grid,0,724,51671,-14.0,26,1,0.5617,0.002186
DuelingDQN,deceptive_grid,0,725,51703,-19.59,32,1,0.5615,0.001961
DuelingDQN,deceptive_grid,0,726,51795,-102.665,92,1,0.5607,0.001519
DuelingDQN,deceptive_grid,0,727,51803,1.605,8,1,0.5606,0.000943
DuelingDQN,deceptive_grid,0,728,51841,-22.895,38,1,0.5603,0.001007
DuelingDQN,deceptive_grid,0,729,51886,-31.255,45,1,0.5599,0.00114
DuelingDQN,deceptive_grid,0,730,51963,-65.16,77,1,0.5593,0.000895
DuelingDQN,deceptive_grid,0,731,51990,-13.945,27,1,0.559,0.000378
DuelingDQN,deceptive_grid,0,732,52050,-37.6,60,1,0.5585,0.001061
DuelingDQN,deceptive_grid,0,733,52085,-16.11,35,1,0.5582,0.00111
DuelingDQN,deceptive_grid,0,734,52106,-3.93,21,1,0.558,0.000865
DuelingDQN,deceptive_grid,0,735,52128,-14.305,22,1,0.5579,0.000621
DuelingDQN,deceptive_grid,0,736,52181,-52.27,53,1,0.5574,0.001167
DuelingDQN,deceptive_grid,0,737,52199,-12.98,18,1,0.5572,0.000813
DuelingDQN,deceptive_grid,0,738,52235,-22.25,36,1,0.5569,0.00092
DuelingDQN,deceptive_grid,0,739,52245,4.105,10,1,0.5569,0.001079
DuelingDQN,deceptive_grid,0,740,52304,-60.215,59,1,0.5564,0.000481
DuelingDQN,deceptive_grid,0,741,52321,-6.735,17,1,0.5562,0.000311
DuelingDQN,deceptive_grid,0,742,52340,-10.875,19,1,0.5561,0.000381
DuelingDQN,deceptive_grid,0,743,52378,-26.41,38,1,0.5557,0.000399
DuelingDQN,deceptive_grid,0,744,52424,-39.145,46,1,0.5553,0.000609
DuelingDQN,deceptive_grid,0,745,52436,2.22,12,1,0.5552,0.000517
DuelingDQN,deceptive_grid,0,746,52527,-73.885,91,1,0.5545,0.000767
DuelingDQN,deceptive_grid,0,747,52553,-13.77,26,1,0.5542,0.000978
DuelingDQN,deceptive_grid,0,748,52568,-1.295,15,1,0.5541,0.001035
DuelingDQN,deceptive_grid,0,749,52633,-62.965,65,1,0.5536,0.001311
DuelingDQN,deceptive_grid,0,750,52709,-71.865,76,1,0.5529,0.001017
DuelingDQN,deceptive_grid,0,751,52743,-22.785,34,1,0.5526,0.001363
DuelingDQN,deceptive_grid,0,752,52769,-21.88,26,1,0.5524,0.001085
DuelingDQN,deceptive_grid,0,753,52806,-25.4,37,1,0.5521,0.001622
DuelingDQN,deceptive_grid,0,754,52886,-78.615,80,1,0.5514,0.0017
DuelingDQN,deceptive_grid,0,755,52929,-25.08,43,1,0.5511,0.002086
DuelingDQN,deceptive_grid,0,756,52955,-9.25,26,1,0.5508,0.001355
DuelingDQN,deceptive_grid,0,757,53035,-75.305,80,1,0.5502,0.001251
DuelingDQN,deceptive_grid,0,758,53069,-19.26,34,1,0.5499,0.001819
DuelingDQN,deceptive_grid,0,759,53089,-8.995,20,1,0.5497,0.002469
DuelingDQN,deceptive_grid,0,760,53110,-7.255,21,1,0.5495,0.002085
DuelingDQN,deceptive_grid,0,761,53133,-10.365,23,1,0.5493,0.001669
DuelingDQN,deceptive_grid,0,762,53170,-15.35,37,1,0.549,0.00134
DuelingDQN,deceptive_grid,0,763,53226,-42.185,56,1,0.5485,0.001109
DuelingDQN,deceptive_grid,0,764,53249,-3.885,23,1,0.5483,0.001453
DuelingDQN,deceptive_grid,0,765,53271,-17.69,22,1,0.5482,0.001936
DuelingDQN,deceptive_grid,0,766,53286,1.885,15,1,0.548,0.002156
DuelingDQN,deceptive_grid,0,767,53318,-19.69,32,1,0.5478,0.002017
DuelingDQN,deceptive_grid,0,768,53344,-9.455,26,1,0.5475,0.001287
DuelingDQN,deceptive_grid,0,769,53369,-21.4,25,1,0.5473,0.001113
DuelingDQN,deceptive_grid,0,770,53374,6.54,5,1,0.5473,0.001573
DuelingDQN,deceptive_grid,0,771,53405,-15.9,31,1,0.547,0.001253
DuelingDQN,deceptive_grid,0,772,53417,4.32,12,1,0.5469,0.001605
DuelingDQN,deceptive_grid,0,773,53428,2.715,11,1,0.5468,0.002646
DuelingDQN,deceptive_grid,0,774,53469,-35.49,41,1,0.5465,0.001348
DuelingDQN,deceptive_grid,0,775,53510,-35.84,41,1,0.5461,0.00127
DuelingDQN,deceptive_grid,0,776,53551,-25.535,41,1,0.5458,0.001444
DuelingDQN,deceptive_grid,0,777,53609,-55.655,58,1,0.5453,0.001322
DuelingDQN,deceptive_grid,0,778,53632,-10.565,23,1,0.5451,0.000762
DuelingDQN,deceptive_grid,0,779,53671,-22.85,39,1,0.5448,0.000912
DuelingDQN,deceptive_grid,0,780,53699,-18.915,28,1,0.5445,0.000794
DuelingDQN,deceptive_grid,0,781,53710,4.765,11,1,0.5444,0.000627
DuelingDQN,deceptive_grid,0,782,53730,-13.615,20,1,0.5443,0.000942
DuelingDQN,deceptive_grid,0,783,53797,-71.84,67,1,0.5437,0.00067
DuelingDQN,deceptive_grid,0,784,53815,-15.2,18,1,0.5435,0.000496
DuelingDQN,deceptive_grid,0,785,53825,-5.87,10,1,0.5435,0.000531
DuelingDQN,deceptive_grid,0,786,53839,-3.285,14,1,0.5433,0.000628
DuelingDQN,deceptive_grid,0,787,53873,-20.07,34,1,0.5431,0.00057
DuelingDQN,deceptive_grid,0,788,53894,-28.68,21,1,0.5429,0.000774
DuelingDQN,deceptive_grid,0,789,53913,-3.025,19,1,0.5427,0.000757
DuelingDQN,deceptive_grid,0,790,53937,-15.495,24,1,0.5425,0.000756
DuelingDQN,deceptive_grid,0,791,53986,-30.455,49,1,0.5421,0.001191
DuelingDQN,deceptive_grid,0,792,54066,-67.64,80,1,0.5414,0.001722
DuelingDQN,deceptive_grid,0,793,54123,-45.25,57,1,0.5409,0.001006
DuelingDQN,deceptive_grid,0,794,54139,-6.33,16,1,0.5408,0.000987
DuelingDQN,deceptive_grid,0,795,54150,4.695,11,1,0.5407,0.000962
DuelingDQN,deceptive_grid,0,796,54206,-51.525,56,1,0.5402,0.000946
DuelingDQN,deceptive_grid,0,797,54215,3.59,9,1,0.5401,0.000583
DuelingDQN,deceptive_grid,0,798,54293,-81.43,78,1,0.5395,0.000824
DuelingDQN,deceptive_grid,0,799,54313,-3.48,20,1,0.5393,0.000691
DuelingDQN,deceptive_grid,0,800,54340,-12.99,27,1,0.5391,0.000631
DQN,deceptive_grid,1,1,200,-246.725,200,0,0.9983,
DQN,deceptive_grid,1,2,400,-212.455,200,0,0.9966,
DQN,deceptive_grid,1,3,600,-312.735,200,0,0.9949,
DQN,deceptive_grid,1,4,800,-320.69,200,0,0.9932,
DQN,deceptive_grid,1,5,1000,-252.595,200,0,0.9915,0.830505
DQN,deceptive_grid,1,6,1200,-208.88,200,0,0.9898,0.334329
DQN,deceptive_grid,1,7,1400,-257.045,200,0,0.9881,0.224097
DQN,deceptive_grid,1,8,1600,-275.89,200,0,0.9864,0.197569
DQN,deceptive_grid,1,9,1800,-320.905,200,0,0.9847,0.183747
DQN,deceptive_grid,1,10,2000,-285.305,200,0,0.983,0.164929
DQN,deceptive_grid,1,11,2087,-129.935,87,1,0.9823,0.159843
DQN,deceptive_grid,1,12,2287,-249.595,200,0,0.9806,0.13759
DQN,deceptive_grid,1,13,2487,-240.84,200,0,0.9789,0.127754
DQN,deceptive_grid,1,14,2687,-275.54,200,0,0.9772,0.111654
DQN,deceptive_grid,1,15,2887,-216.545,200,0,0.9755,0.093771
DQN,deceptive_grid,1,16,3087,-256.975,200,0,0.9738,0.092157
DQN,deceptive_grid,1,17,3287,-336.415,200,0,0.9721,0.091829
DQN,deceptive_grid,1,18,3487,-384.26,200,0,0.9704,0.093325
DQN,deceptive_grid,1,19,3687,-209.645,200,0,0.9687,0.093514
DQN,deceptive_grid,1,20,3887,-271.97,200,0,0.967,0.078802
DQN,deceptive_grid,1,21,4087,-268.095,200,0,0.9653,0.079378
DQN,deceptive_grid,1,22,4182,-114.455,95,1,0.9645,0.080514
DQN,deceptive_grid,1,23,4382,-303.685,200,0,0.9628,0.083608
DQN,deceptive_grid,1,24,4512,-126.38,130,1,0.9617,0.091228
DQN,deceptive_grid,1,25,4712,-244.75,200,0,0.96,0.089167
DQN,deceptive_grid,1,26,4912,-262.15,200,0,0.9583,0.075517
DQN,deceptive_grid,1,27,5112,-204.855,200,0,0.9566,0.095065
DQN,deceptive_grid,1,28,5149,-40.015,37,1,0.9563,0.065279
DQN,deceptive_grid,1,29,5349,-210.495,200,0,0.9546,0.078319
DQN,deceptive_grid,1,30,5549,-231.155,200,0,0.9529,0.076288
DQN,deceptive_grid,1,31,5749,-225.7,200,0,0.9512,0.074337
DQN,deceptive_grid,1,32,5949,-216.375,200,0,0.9495,0.06883
DQN,deceptive_grid,1,33,5961,-2.28,12,1,0.9494,0.062102
DQN,deceptive_grid,1,34,6161,-229.565,200,0,0.9477,0.083063
DQN,deceptive_grid,1,35,6361,-290.605,200,0,0.946,0.068247
DQN,deceptive_grid,1,36,6561,-235.34,200,0,0.9443,0.07404
DQN,deceptive_grid,1,37,6576,-1.225,15,1,0.9442,0.043633
DQN,deceptive_grid,1,38,6776,-200.485,200,0,0.9425,0.064421
DQN,deceptive_grid,1,39,6976,-277.67,200,0,0.9408,0.06679
DQN,deceptive_grid,1,40,7176,-289.055,200,0,0.9391,0.07318
DQN,deceptive_grid,1,41,7303,-116.65,127,1,0.9381,0.067547
DQN,deceptive_grid,1,42,7431,-147.015,128,1,0.937,0.069916
DQN,deceptive_grid,1,43,7631,-276.585,200,0,0.9353,0.081025
DQN,deceptive_grid,1,44,7831,-199.905,200,0,0.9336,0.065446
DQN,deceptive_grid,1,45,8031,-222.01,200,0,0.9319,0.071806
DQN,deceptive_grid,1,46,8231,-237.67,200,0,0.9302,0.071695
DQN,deceptive_grid,1,47,8431,-217.24,200,0,0.9285,0.062209
DQN,deceptive_grid,1,48,8469,-23.365,38,1,0.9282,0.053607
DQN,deceptive_grid,1,49,8669,-216.14,200,0,0.9265,0.087516
DQN,deceptive_grid,1,50,8869,-267.765,200,0,0.9248,0.069754
DQN,deceptive_grid,1,51,9069,-259.215,200,0,0.9231,0.072402
DQN,deceptive_grid,1,52,9178,-131.115,109,1,0.9222,0.067047
DQN,deceptive_grid,1,53,9365,-186.275,187,1,0.9206,0.063143
DQN,deceptive_grid,1,54,9565,-253.465,200,0,0.9189,0.070633
DQN,deceptive_grid,1,55,9645,-88.005,80,1,0.9182,0.070261
DQN,deceptive_grid,1,56,9845,-263.155,200,0,0.9165,0.066113
DQN,deceptive_grid,1,57,10007,-176.225,162,1,0.9151,0.096273
DQN,deceptive_grid,1,58,10207,-205.27,200,0,0.9134,0.06785
DQN,deceptive_grid,1,59,10407,-252.445,200,0,0.9117,0.06883
DQN,deceptive_grid,1,60,10423,-18.78,16,1,0.9116,0.06329
DQN,deceptive_grid,1,61,10623,-209.76,200,0,0.9099,0.077864
DQN,deceptive_grid,1,62,10823,-260.755,200,0,0.9082,0.06934
DQN,deceptive_grid,1,63,11023,-244.135,200,0,0.9065,0.069259
DQN,deceptive_grid,1,64,11223,-266.635,200,0,0.9048,0.08184
DQN,deceptive_grid,1,65,11373,-188.725,150,1,0.9035,0.061276
DQN,deceptive_grid,1,66,11482,-108.02,109,1,0.9026,0.080565
DQN,deceptive_grid,1,67,11571,-109.385,89,1,0.9019,0.077749
DQN,deceptive_grid,1,68,11748,-227.05,177,1,0.9004,0.069817
DQN,deceptive_grid,1,69,11948,-257.89,200,0,0.8987,0.076966
DQN,deceptive_grid,1,70,11985,-20.58,37,1,0.8983,0.047674
DQN,deceptive_grid,1,71,12055,-89.41,70,1,0.8977,0.084563
DQN,deceptive_grid,1,72,12063,0.585,8,1,0.8977,0.112296
DQN,deceptive_grid,1,73,12263,-231.245,200,0,0.896,0.084802
DQN,deceptive_grid,1,74,12463,-333.36,200,0,0.8943,0.076532
DQN,deceptive_grid,1,75,12663,-274.09,200,0,0.8926,0.078605
DQN,deceptive_grid,1,76,12863,-256.45,200,0,0.8909,0.088204
DQN,deceptive_grid,1,77,13008,-197.785,145,1,0.8897,0.087809
DQN,deceptive_grid,1,78,13208,-243.94,200,0,0.888,0.097645
DQN,deceptive_grid,1,79,13408,-224.27,200,0,0.8863,0.076727
DQN,deceptive_grid,1,80,13524,-119.87,116,1,0.8853,0.079069
DQN,deceptive_grid,1,81,13724,-209.435,200,0,0.8836,0.096306
DQN,deceptive_grid,1,82,13771,-63.175,47,1,0.8832,0.094815
DQN,deceptive_grid,1,83,13875,-125.37,104,1,0.8823,0.08597
DQN,deceptive_grid,1,84,13876,10.5,1,1,0.8823,0.03302
DQN,deceptive_grid,1,85,14076,-241.13,200,0,0.8806,0.105088
DQN,deceptive_grid,1,86,14276,-280.04,200,0,0.8789,0.096516
DQN,deceptive_grid,1,87,14366,-94.855,90,1,0.8781,0.115897
DQN,deceptive_grid,1,88,14566,-270.185,200,0,0.8764,0.101737
DQN,deceptive_grid,1,89,14720,-166.105,154,1,0.8751,0.108633
DQN,deceptive_grid,1,90,14840,-147.395,120,1,0.8741,0.092655
DQN,deceptive_grid,1,91,14931,-108.505,91,1,0.8734,0.106192
DQN,deceptive_grid,1,92,15056,-162.7,125,1,0.8723,0.128755
DQN,deceptive_grid,1,93,15256,-260.11,200,0,0.8706,0.130532
DQN,deceptive_grid,1,94,15456,-265.64,200,0,0.8689,0.107675
DQN,deceptive_grid,1,95,15470,-7.74,14,1,0.8688,0.084887
DQN,deceptive_grid,1,96,15494,-9.53,24,1,0.8686,0.122018
DQN,deceptive_grid,1,97,15615,-116.235,121,1,0.8676,0.152009
DQN,deceptive_grid,1,98,15815,-274.27,200,0,0.8659,0.135525
DQN,deceptive_grid,1,99,16015,-341.73,200,0,0.8642,0.112875
DQN,deceptive_grid,1,100,16120,-122.555,105,1,0.8633,0.132161
DQN,deceptive_grid,1,101,16307,-207.925,187,1,0.8617,0.156464
DQN,deceptive_grid,1,102,16412,-94.605,105,1,0.8608,0.143308
DQN,deceptive_grid,1,103,16495,-100.335,83,1,0.8601,0.115974
DQN,deceptive_grid,1,104,16498,9.515,3,1,0.8601,0.182134
DQN,deceptive_grid,1,105,16505,7.605,7,1,0.86,0.218887
DQN,deceptive_grid,1,106,16705,-223.38,200,0,0.8583,0.167559
DQN,deceptive_grid,1,107,16791,-111.685,86,1,0.8576,0.157822
DQN,deceptive_grid,1,108,16865,-79.925,74,1,0.8569,0.15185
DQN,deceptive_grid,1,109,17065,-218.615,200,0,0.8553,0.156671
DQN,deceptive_grid,1,110,17265,-233.97,200,0,0.8536,0.168801
DQN,deceptive_grid,1,111,17465,-253.37,200,0,0.8519,0.163091
DQN,deceptive_grid,1,112,17584,-170.71,119,1,0.8508,0.159294
DQN,deceptive_grid,1,113,17784,-227.16,200,0,0.8492,0.166783
DQN,deceptive_grid,1,114,17853,-67.74,69,1,0.8486,0.140156
DQN,deceptive_grid,1,115,17885,-27.585,32,1,0.8483,0.150409
DQN,deceptive_grid,1,116,17892,5.585,7,1,0.8482,0.150142
DQN,deceptive_grid,1,117,17915,-8.955,23,1,0.848,0.160765
DQN,deceptive_grid,1,118,17929,-6.725,14,1,0.8479,0.142643
DQN,deceptive_grid,1,119,18129,-239.88,200,0,0.8462,0.166796
DQN,deceptive_grid,1,120,18329,-233.38,200,0,0.8445,0.149263
DQN,deceptive_grid,1,121,18388,-71.915,59,1,0.844,0.175102
DQN,deceptive_grid,1,122,18555,-165.695,167,1,0.8426,0.183572
DQN,deceptive_grid,1,123,18585,-32.42,30,1,0.8424,0.194556
DQN,deceptive_grid,1,124,18785,-206.485,200,1,0.8407,0.1847
DQN,deceptive_grid,1,125,18813,-13.65,28,1,0.8404,0.21866
DQN,deceptive_grid,1,126,19013,-277.795,200,0,0.8387,0.182276
DQN,deceptive_grid,1,127,19213,-239.35,200,0,0.837,0.19046
DQN,deceptive_grid,1,128,19366,-185.175,153,1,0.8357,0.183902
DQN,deceptive_grid,1,129,19543,-212.8,177,1,0.8342,0.188866
DQN,deceptive_grid,1,130,19584,-46.255,41,1,0.8339,0.205365
DQN,deceptive_grid,1,131,19673,-109.91,89,1,0.8331,0.20485
DQN,deceptive_grid,1,132,19763,-95.48,90,1,0.8324,0.196207
DQN,deceptive_grid,1,133,19858,-105.285,95,1,0.8316,0.198592
DQN,deceptive_grid,1,134,20058,-249.785,200,0,0.8299,0.197246
DQN,deceptive_grid,1,135,20077,-4.145,19,1,0.8297,0.179056
DQN,deceptive_grid,1,136,20277,-259.55,200,0,0.828,0.196905
DQN,deceptive_grid,1,137,20348,-84.26,71,1,0.8274,0.192948
DQN,deceptive_grid,1,138,20353,7.54,5,1,0.8274,0.206858
DQN,deceptive_grid,1,139,20359,3.555,6,1,0.8273,0.210762
DQN,deceptive_grid,1,140,20463,-103.16,104,1,0.8264,0.202857
DQN,deceptive_grid,1,141,20500,-37.55,37,1,0.8261,0.184189
DQN,deceptive_grid,1,142,20700,-222.435,200,0,0.8244,0.245124
DQN,deceptive_grid,1,143,20830,-132.015,130,1,0.8233,0.234418
DQN,deceptive_grid,1,144,21027,-209.465,197,1,0.8216,0.234952
DQN,deceptive_grid,1,145,21055,-20.455,28,1,0.8214,0.280643
DQN,deceptive_grid,1,146,21117,-73.775,62,1,0.8209,0.244966
DQN,deceptive_grid,1,147,21118,10.5,1,1,0.8209,0.180879
DQN,deceptive_grid,1,148,21162,-28.51,44,1,0.8205,0.262603
DQN,deceptive_grid,1,149,21362,-243.755,200,0,0.8188,0.248449
DQN,deceptive_grid,1,150,21503,-141.07,141,1,0.8176,0.253018
DQN,deceptive_grid,1,151,21616,-126.62,113,1,0.8166,0.293008
DQN,deceptive_grid,1,152,21792,-159.19,176,1,0.8152,0.270631
DQN,deceptive_grid,1,153,21815,-18.505,23,1,0.815,0.230275
DQN,deceptive_grid,1,154,21884,-74.135,69,1,0.8144,0.260482
DQN,deceptive_grid,1,155,21951,-76.725,67,1,0.8138,0.263292
DQN,deceptive_grid,1,156,21963,-6.83,12,1,0.8137,0.267239
DQN,deceptive_grid,1,157,21987,-20.09,24,1,0.8135,0.249095
DQN,deceptive_grid,1,158,22086,-137.06,99,1,0.8127,0.293386
DQN,deceptive_grid,1,159,22236,-202.515,150,1,0.8114,0.276085
DQN,deceptive_grid,1,160,22280,-26.59,44,1,0.811,0.261895
DQN,deceptive_grid,1,161,22365,-97.245,85,1,0.8103,0.271469
DQN,deceptive_grid,1,162,22431,-69.425,66,1,0.8097,0.283891
DQN,deceptive_grid,1,163,22516,-64.31,85,1,0.809,0.277761
DQN,deceptive_grid,1,164,22624,-92.285,108,1,0.8081,0.308109
DQN,deceptive_grid,1,165,22798,-178.5,174,1,0.8066,0.288775
DQN,deceptive_grid,1,166,22847,-40.18,49,1,0.8062,0.296993
DQN,deceptive_grid,1,167,22889,-45.58,42,1,0.8059,0.271223
DQN,deceptive_grid,1,168,23026,-129.81,137,1,0.8047,0.274633
DQN,deceptive_grid,1,169,23098,-67.69,72,1,0.8041,0.268932
DQN,deceptive_grid,1,170,23132,-25.985,34,1,0.8038,0.319584
DQN,deceptive_grid,1,171,23262,-124.975,130,1,0.8027,0.276666
DQN,deceptive_grid,1,172,23359,-110.19,97,1,0.8019,0.289099
DQN,deceptive_grid,1,173,23391,-16.19,32,1,0.8016,0.254236
DQN,deceptive_grid,1,174,23434,-42.155,43,1,0.8012,0.299497
DQN,deceptive_grid,1,175,23481,-72.795,47,1,0.8008,0.27744
DQN,deceptive_grid,1,176,23593,-106.265,112,1,0.7999,0.314286
DQN,deceptive_grid,1,177,23711,-144.325,118,1,0.7989,0.272399
DQN,deceptive_grid,1,178,23911,-244.795,200,0,0.7972,0.268467
DQN,deceptive_grid,1,179,23999,-99.46,88,1,0.7964,0.271886
DQN,deceptive_grid,1,180,24183,-190.8,184,1,0.7949,0.27905
DQN,deceptive_grid,1,181,24329,-134.56,146,1,0.7936,0.248704
DQN,deceptive_grid,1,182,24355,-14.855,26,1,0.7934,0.249377
DQN,deceptive_grid,1,183,24363,6.12,8,1,0.7933,0.259644
DQN,deceptive_grid,1,184,24552,-201.21,189,1,0.7917,0.252745
DQN,deceptive_grid,1,185,24593,-44.125,41,1,0.7914,0.263768
DQN,deceptive_grid,1,186,24694,-132.215,101,1,0.7905,0.237987
DQN,deceptive_grid,1,187,24836,-155.67,142,1,0.7893,0.232274
DQN,deceptive_grid,1,188,25036,-233.87,200,0,0.7876,0.23252
DQN,deceptive_grid,1,189,25103,-57.85,67,1,0.7871,0.249686
DQN,deceptive_grid,1,190,25303,-234.685,200,0,0.7854,0.232281
DQN,deceptive_grid,1,191,25503,-225.685,200,0,0.7837,0.230199
DQN,deceptive_grid,1,192,25557,-33.635,54,1,0.7832,0.285363
DQN,deceptive_grid,1,193,25598,-45.01,41,1,0.7829,0.239284
DQN,deceptive_grid,1,194,25798,-201.22,200,0,0.7812,0.236157
DQN,deceptive_grid,1,195,25988,-222.74,190,1,0.7796,0.207063
DQN,deceptive_grid,1,196,26048,-58.11,60,1,0.7791,0.296656
DQN,deceptive_grid,1,197,26074,-13.66,26,1,0.7788,0.257988
DQN,deceptive_grid,1,198,26274,-242.015,200,0,0.7771,0.219379
DQN,deceptive_grid,1,199,26415,-142.64,141,1,0.7759,0.201964
DQN,deceptive_grid,1,200,26454,-30.0,39,1,0.7756,0.200875
DQN,deceptive_grid,1,201,26547,-74.04,93,1,0.7748,0.257137
DQN,deceptive_grid,1,202,26680,-150.605,133,1,0.7737,0.215887
DQN,deceptive_grid,1,203,26770,-97.725,90,1,0.7729,0.20722
DQN,deceptive_grid,1,204,26880,-109.155,110,1,0.772,0.187083
DQN,deceptive_grid,1,205,26906,-20.85,26,1,0.7718,0.204162
DQN,deceptive_grid,1,206,26975,-78.06,69,1,0.7712,0.18803
DQN,deceptive_grid,1,207,27115,-141.305,140,1,0.77,0.253892
DQN,deceptive_grid,1,208,27178,-65.405,63,1,0.7695,0.228323
DQN,deceptive_grid,1,209,27237,-37.385,59,1,0.769,0.219241
DQN,deceptive_grid,1,210,27290,-38.34,53,1,0.7685,0.206316
DQN,deceptive_grid,1,211,27405,-116.775,115,1,0.7675,0.208708
DQN,deceptive_grid,1,212,27500,-102.12,95,1,0.7667,0.200644
DQN,deceptive_grid,1,213,27516,-14.245,16,1,0.7666,0.342287
DQN,deceptive_grid,1,214,27563,-38.225,47,1,0.7662,0.259504
DQN,deceptive_grid,1,215,27640,-76.125,77,1,0.7656,0.243735
DQN,deceptive_grid,1,216,27756,-124.515,116,1,0.7646,0.222954
DQN,deceptive_grid,1,217,27886,-163.05,130,1,0.7635,0.230784
DQN,deceptive_grid,1,218,27919,-20.31,33,1,0.7632,0.193993
DQN,deceptive_grid,1,219,28025,-101.685,106,1,0.7623,0.236298
DQN,deceptive_grid,1,220,28090,-50.615,65,1,0.7617,0.236085
DQN,deceptive_grid,1,221,28154,-44.35,64,1,0.7612,0.230866
DQN,deceptive_grid,1,222,28262,-112.77,108,1,0.7603,0.228934
DQN,deceptive_grid,1,223,28461,-198.35,199,1,0.7586,0.213293
DQN,deceptive_grid,1,224,28524,-60.335,63,1,0.7581,0.264562
DQN,deceptive_grid,1,225,28582,-50.835,58,1,0.7576,0.25495
DQN,deceptive_grid,1,226,28623,-26.83,41,1,0.7572,0.23283
DQN,deceptive_grid,1,227,28736,-128.345,113,1,0.7563,0.226545
DQN,deceptive_grid,1,228,28829,-107.25,93,1,0.7555,0.226819
DQN,deceptive_grid,1,229,28987,-183.995,158,1,0.7541,0.211629
DQN,deceptive_grid,1,230,29102,-141.645,115,1,0.7532,0.258626
DQN,deceptive_grid,1,231,29176,-77.745,74,1,0.7525,0.22908
DQN,deceptive_grid,1,232,29291,-108.035,115,1,0.7515,0.20301
DQN,deceptive_grid,1,233,29385,-89.405,94,1,0.7508,0.206499
DQN,deceptive_grid,1,234,29480,-110.88,95,1,0.7499,0.1986
DQN,deceptive_grid,1,235,29577,-89.86,97,1,0.7491,0.25185
DQN,deceptive_grid,1,236,29624,-30.215,47,1,0.7487,0.21583
DQN,deceptive_grid,1,237,29669,-41.76,45,1,0.7483,0.218363
DQN,deceptive_grid,1,238,29708,-27.215,39,1,0.748,0.232881
DQN,deceptive_grid,1,239,29807,-102.435,99,1,0.7472,0.220371
DQN,deceptive_grid,1,240,29873,-67.695,66,1,0.7466,0.214044
DQN,deceptive_grid,1,241,29973,-87.28,100,1,0.7458,0.218637
DQN,deceptive_grid,1,242,30060,-84.225,87,1,0.745,0.261023
DQN,deceptive_grid,1,243,30129,-54.735,69,1,0.7444,0.244128
DQN,deceptive_grid,1,244,30160,-24.75,31,1,0.7442,0.22192
DQN,deceptive_grid,1,245,30275,-142.69,115,1,0.7432,0.228777
DQN,deceptive_grid,1,246,30294,-6.555,19,1,0.743,0.261534
DQN,deceptive_grid,1,247,30424,-143.495,130,1,0.7419,0.211731
DQN,deceptive_grid,1,248,30451,-20.205,27,1,0.7417,0.245838
DQN,deceptive_grid,1,249,30519,-74.345,68,1,0.7411,0.252031
DQN,deceptive_grid,1,250,30610,-115.685,91,1,0.7404,0.274907
DQN,deceptive_grid,1,251,30653,-47.81,43,1,0.74,0.240731
DQN,deceptive_grid,1,252,30692,-19.845,39,1,0.7397,0.258282
DQN,deceptive_grid,1,253,30760,-62.96,68,1,0.7391,0.230388
DQN,deceptive_grid,1,254,30850,-89.28,90,1,0.7383,0.225745
DQN,deceptive_grid,1,255,30926,-60.185,76,1,0.7377,0.214031
DQN,deceptive_grid,1,256,30962,-25.675,36,1,0.7374,0.214051
DQN,deceptive_grid,1,257,31013,-38.93,51,1,0.7369,0.24213
DQN,deceptive_grid,1,258,31086,-67.95,73,1,0.7363,0.254896
DQN,deceptive_grid,1,259,31164,-60.81,78,1,0.7357,0.233517
DQN,deceptive_grid,1,260,31204,-37.655,40,1,0.7353,0.21173
DQN,deceptive_grid,1,261,31217,-10.8,13,1,0.7352,0.198439
DQN,deceptive_grid,1,262,31255,-23.105,38,1,0.7349,0.229058
DQN,deceptive_grid,1,263,31321,-75.985,66,1,0.7343,0.213626
DQN,deceptive_grid,1,264,31360,-32.55,39,1,0.734,0.220342
DQN,deceptive_grid,1,265,31475,-123.78,115,1,0.733,0.221903
DQN,deceptive_grid,1,266,31482,5.565,7,1,0.733,0.20244
DQN,deceptive_grid,1,267,31519,-27.52,37,1,0.7327,0.227644
DQN,deceptive_grid,1,268,31550,-15.765,31,1,0.7324,0.223497
DQN,deceptive_grid,1,269,31616,-48.325,66,1,0.7318,0.222222
DQN,deceptive_grid,1,270,31620,0.025,4,1,0.7318,0.188528
DQN,deceptive_grid,1,271,31669,-50.795,49,1,0.7314,0.196118
DQN,deceptive_grid,1,272,31718,-44.88,49,1,0.731,0.209483
DQN,deceptive_grid,1,273,31791,-77.43,73,1,0.7303,0.222939
DQN,deceptive_grid,1,274,31835,-41.165,44,1,0.73,0.189664
DQN,deceptive_grid,1,275,31903,-62.995,68,1,0.7294,0.222866
DQN,deceptive_grid,1,276,31912,0.115,9,1,0.7293,0.225741
DQN,deceptive_grid,1,277,31922,4.175,10,1,0.7292,0.174732
DQN,deceptive_grid,1,278,31949,-15.0,27,1,0.729,0.195468
DQN,deceptive_grid,1,279,31991,-21.385,42,1,0.7286,0.196717
DQN,deceptive_grid,1,280,32041,-33.735,50,1,0.7282,0.236123
DQN,deceptive_grid,1,281,32094,-63.785,53,1,0.7278,0.193776
DQN,deceptive_grid,1,282,32248,-146.705,154,1,0.7265,0.195772
DQN,deceptive_grid,1,283,32361,-109.415,113,1,0.7255,0.192057
DQN,deceptive_grid,1,284,32471,-130.505,110,1,0.7246,0.188951
DQN,deceptive_grid,1,285,32516,-27.24,45,1,0.7242,0.196807
DQN,deceptive_grid,1,286,32594,-61.25,78,1,0.7235,0.194293
DQN,deceptive_grid,1,287,32682,-95.425,88,1,0.7228,0.20149
DQN,deceptive_grid,1,288,32746,-50.755,64,1,0.7222,0.169593
DQN,deceptive_grid,1,289,32781,-45.855,35,1,0.7219,0.184784
DQN,deceptive_grid,1,290,32820,-34.795,39,1,0.7216,0.163898
DQN,deceptive_grid,1,291,32881,-57.11,61,1,0.7211,0.169557
DQN,deceptive_grid,1,292,32898,-7.625,17,1,0.721,0.154454
DQN,deceptive_grid,1,293,32907,5.63,9,1,0.7209,0.168312
DQN,deceptive_grid,1,294,32961,-63.815,54,1,0.7204,0.136915
DQN,deceptive_grid,1,295,32973,2.22,12,1,0.7203,0.173779
DQN,deceptive_grid,1,296,33084,-107.75,111,1,0.7194,0.179912
DQN,deceptive_grid,1,297,33086,5.505,2,1,0.7194,0.203114
DQN,deceptive_grid,1,298,33120,-22.825,34,1,0.7191,0.173449
DQN,deceptive_grid,1,299,33129,3.59,9,1,0.719,0.151026
DQN,deceptive_grid,1,300,33239,-107.7,110,1,0.7181,0.157011
DQN,deceptive_grid,1,301,33310,-52.995,71,1,0.7175,0.140755
DQN,deceptive_grid,1,302,33331,-15.095,21,1,0.7173,0.151583
DQN,deceptive_grid,1,303,33356,-12.405,25,1,0.7171,0.154546
DQN,deceptive_grid,1,304,33408,-44.925,52,1,0.7166,0.138986
DQN,deceptive_grid,1,305,33468,-50.11,60,1,0.7161,0.157691
DQN,deceptive_grid,1,306,33506,-40.16,38,1,0.7158,0.167497
DQN,deceptive_grid,1,307,33540,-26.365,34,1,0.7155,0.152063
DQN,deceptive_grid,1,308,33551,1.605,11,1,0.7154,0.126644
DQN,deceptive_grid,1,309,33557,2.535,6,1,0.7154,0.123216
DQN,deceptive_grid,1,310,33606,-26.53,49,1,0.7149,0.132217
DQN,deceptive_grid,1,311,33614,5.07,8,1,0.7149,0.121909
DQN,deceptive_grid,1,312,33661,-54.355,47,1,0.7145,0.128839
DQN,deceptive_grid,1,313,33752,-135.425,91,1,0.7137,0.131684
DQN,deceptive_grid,1,314,33825,-65.46,73,1,0.7131,0.123301
DQN,deceptive_grid,1,315,33833,1.62,8,1,0.713,0.124614
DQN,deceptive_grid,1,316,33865,-30.68,32,1,0.7128,0.132665
DQN,deceptive_grid,1,317,33921,-45.365,56,1,0.7123,0.128679
DQN,deceptive_grid,1,318,34010,-88.685,89,1,0.7115,0.127837
DQN,deceptive_grid,1,319,34088,-76.795,78,1,0.7109,0.118237
DQN,deceptive_grid,1,320,34099,-5.385,11,1,0.7108,0.104381
DQN,deceptive_grid,1,321,34138,-26.09,39,1,0.7104,0.114506
DQN,deceptive_grid,1,322,34183,-31.105,45,1,0.7101,0.100142
DQN,deceptive_grid,1,323,34189,7.075,6,1,0.71,0.098313
DQN,deceptive_grid,1,324,34193,9.03,4,1,0.71,0.103467
DQN,deceptive_grid,1,325,34279,-67.67,86,1,0.7092,0.110258
DQN,deceptive_grid,1,326,34361,-102.17,82,1,0.7085,0.10448
DQN,deceptive_grid,1,327,34366,4.04,5,1,0.7085,0.092472
DQN,deceptive_grid,1,328,34414,-65.235,48,1,0.7081,0.103235
DQN,deceptive_grid,1,329,34541,-131.84,127,1,0.707,0.104176
DQN,deceptive_grid,1,330,34642,-107.035,101,1,0.7062,0.102776
DQN,deceptive_grid,1,331,34688,-27.315,46,1,0.7058,0.098015
DQN,deceptive_grid,1,332,34808,-136.175,120,1,0.7048,0.088542
DQN,deceptive_grid,1,333,34905,-82.395,97,1,0.7039,0.088157
DQN,deceptive_grid,1,334,34987,-89.25,82,1,0.7032,0.089532
DQN,deceptive_grid,1,335,35014,-24.495,27,1,0.703,0.111028
DQN,deceptive_grid,1,336,35063,-42.435,49,1,0.7026,0.094137
DQN,deceptive_grid,1,337,35072,1.15,9,1,0.7025,0.090002
DQN,deceptive_grid,1,338,35193,-114.78,121,1,0.7015,0.083799
DQN,deceptive_grid,1,339,35288,-76.295,95,1,0.7007,0.086562
DQN,deceptive_grid,1,340,35300,-4.785,12,1,0.7006,0.089839
DQN,deceptive_grid,1,341,35320,-11.525,20,1,0.7004,0.075715
DQN,deceptive_grid,1,342,35347,-12.055,27,1,0.7002,0.086113
DQN,deceptive_grid,1,343,35384,-26.295,37,1,0.6999,0.082955
DQN,deceptive_grid,1,344,35479,-96.325,95,1,0.6991,0.075989
DQN,deceptive_grid,1,345,35492,-7.39,13,1,0.699,0.058298
DQN,deceptive_grid,1,346,35532,-28.27,40,1,0.6986,0.104224
DQN,deceptive_grid,1,347,35593,-61.07,61,1,0.6981,0.085611
DQN,deceptive_grid,1,348,35727,-116.02,134,1,0.697,0.07448
DQN,deceptive_grid,1,349,35784,-51.26,57,1,0.6965,0.07454
DQN,deceptive_grid,1,350,35823,-29.94,39,1,0.6961,0.076808
DQN,deceptive_grid,1,351,35850,-24.285,27,1,0.6959,0.065755
DQN,deceptive_grid,1,352,35924,-76.645,74,1,0.6953,0.067137
DQN,deceptive_grid,1,353,35995,-48.105,71,1,0.6947,0.068925
DQN,deceptive_grid,1,354,36122,-120.015,127,1,0.6936,0.073016
DQN,deceptive_grid,1,355,36188,-64.5,66,1,0.693,0.064752
DQN,deceptive_grid,1,356,36262,-72.515,74,1,0.6924,0.064612
DQN,deceptive_grid,1,357,36325,-76.115,63,1,0.6919,0.057903
DQN,deceptive_grid,1,358,36330,7.53,5,1,0.6918,0.052922
DQN,deceptive_grid,1,359,36429,-115.05,99,1,0.691,0.057388
DQN,deceptive_grid,1,360,36465,-23.165,36,1,0.6907,0.053439
DQN,deceptive_grid,1,361,36478,-4.195,13,1,0.6906,0.057856
DQN,deceptive_grid,1,362,36483,8.55,5,1,0.6905,0.059499
DQN,deceptive_grid,1,363,36508,-20.405,25,1,0.6903,0.076823
DQN,deceptive_grid,1,364,36571,-62.44,63,1,0.6898,0.071822
DQN,deceptive_grid,1,365,36597,-27.6,26,1,0.6896,0.065789
DQN,deceptive_grid,1,366,36651,-35.115,54,1,0.6891,0.059203
DQN,deceptive_grid,1,367,36666,-1.56,15,1,0.689,0.048407
DQN,deceptive_grid,1,368,36680,-8.77,14,1,0.6889,0.050048
DQN,deceptive_grid,1,369,36748,-62.35,68,1,0.6883,0.050548
DQN,deceptive_grid,1,370,36818,-45.325,70,1,0.6877,0.049
DQN,deceptive_grid,1,371,36830,0.21,12,1,0.6876,0.06332
DQN,deceptive_grid,1,372,36883,-43.785,53,1,0.6872,0.049531
DQN,deceptive_grid,1,373,36934,-58.24,51,1,0.6867,0.051922
DQN,deceptive_grid,1,374,36955,-11.9,21,1,0.6865,0.052826
DQN,deceptive_grid,1,375,37010,-37.495,55,1,0.6861,0.06355
DQN,deceptive_grid,1,376,37062,-44.99,52,1,0.6856,0.071155
DQN,deceptive_grid,1,377,37116,-43.38,54,1,0.6852,0.058064
DQN,deceptive_grid,1,378,37120,8.03,4,1,0.6851,0.070907
DQN,deceptive_grid,1,379,37145,-9.975,25,1,0.6849,0.058532
DQN,deceptive_grid,1,380,37204,-70.925,59,1,0.6844,0.052945
DQN,deceptive_grid,1,381,37281,-60.84,77,1,0.6838,0.053677
DQN,deceptive_grid,1,382,37296,-5.78,15,1,0.6836,0.047338
DQN,deceptive_grid,1,383,37342,-74.275,46,1,0.6833,0.049311
DQN,deceptive_grid,1,384,37402,-53.3,60,1,0.6828,0.053159
DQN,deceptive_grid,1,385,37419,1.06,17,1,0.6826,0.042639
DQN,deceptive_grid,1,386,37458,-35.315,39,1,0.6823,0.045625
DQN,deceptive_grid,1,387,37484,-17.3,26,1,0.6821,0.047402
DQN,deceptive_grid,1,388,37509,-13.495,25,1,0.6818,0.063831
DQN,deceptive_grid,1,389,37600,-75.4,91,1,0.6811,0.049443
DQN,deceptive_grid,1,390,37671,-65.23,71,1,0.6805,0.044615
DQN,deceptive_grid,1,391,37786,-118.44,115,1,0.6795,0.046317
DQN,deceptive_grid,1,392,37891,-106.345,105,1,0.6786,0.03641
DQN,deceptive_grid,1,393,37923,-22.055,32,1,0.6783,0.046659
DQN,deceptive_grid,1,394,37984,-54.42,61,1,0.6778,0.039114
DQN,deceptive_grid,1,395,38024,-28.75,40,1,0.6775,0.043312
DQN,deceptive_grid,1,396,38090,-45.595,66,1,0.6769,0.044656
DQN,deceptive_grid,1,397,38091,10.5,1,1,0.6769,0.025668
DQN,deceptive_grid,1,398,38178,-91.915,87,1,0.6762,0.046175
DQN,deceptive_grid,1,399,38271,-80.21,93,1,0.6754,0.044152
DQN,deceptive_grid,1,400,38292,-5.07,21,1,0.6752,0.032857
DQN,deceptive_grid,1,401,38345,-41.135,53,1,0.6748,0.048506
DQN,deceptive_grid,1,402,38419,-75.19,74,1,0.6741,0.040182
DQN,deceptive_grid,1,403,38557,-129.195,138,1,0.673,0.044667
DQN,deceptive_grid,1,404,38620,-61.68,63,1,0.6724,0.042201
DQN,deceptive_grid,1,405,38632,-0.26,12,1,0.6723,0.040576
DQN,deceptive_grid,1,406,38644,0.18,12,1,0.6722,0.042377
DQN,deceptive_grid,1,407,38664,-3.4,20,1,0.672,0.046645
DQN,deceptive_grid,1,408,38706,-58.74,42,1,0.6717,0.04893
DQN,deceptive_grid,1,409,38791,-89.175,85,1,0.671,0.040017
DQN,deceptive_grid,1,410,38798,5.575,7,1,0.6709,0.02985
DQN,deceptive_grid,1,411,38842,-22.11,44,1,0.6705,0.040839
DQN,deceptive_grid,1,412,38923,-82.645,81,1,0.6698,0.036625
DQN,deceptive_grid,1,413,39023,-93.455,100,1,0.669,0.039004
DQN,deceptive_grid,1,414,39152,-158.46,129,1,0.6679,0.037058
DQN,deceptive_grid,1,415,39229,-76.11,77,1,0.6673,0.037577
DQN,deceptive_grid,1,416,39309,-77.015,80,1,0.6666,0.036594
DQN,deceptive_grid,1,417,39410,-86.04,101,1,0.6657,0.035107
DQN,deceptive_grid,1,418,39420,-12.9,10,1,0.6656,0.048881
DQN,deceptive_grid,1,419,39425,3.035,5,1,0.6656,0.025018
DQN,deceptive_grid,1,420,39464,-23.56,39,1,0.6653,0.033212
DQN,deceptive_grid,1,421,39498,-24.625,34,1,0.665,0.036671
DQN,deceptive_grid,1,422,39607,-88.58,109,1,0.664,0.042677
DQN,deceptive_grid,1,423,39646,-38.095,39,1,0.6637,0.03938
DQN,deceptive_grid,1,424,39655,1.14,9,1,0.6636,0.041618
DQN,deceptive_grid,1,425,39705,-33.67,50,1,0.6632,0.037168
DQN,deceptive_grid,1,426,39753,-30.52,48,1,0.6628,0.037717
DQN,deceptive_grid,1,427,39789,-21.94,36,1,0.6625,0.033904
DQN,deceptive_grid,1,428,39807,-7.285,18,1,0.6624,0.03991
DQN,deceptive_grid,1,429,39889,-78.095,82,1,0.6617,0.033622
DQN,deceptive_grid,1,430,39918,-10.48,29,1,0.6614,0.042082
DQN,deceptive_grid,1,431,39924,-0.95,6,1,0.6614,0.040466
DQN,deceptive_grid,1,432,39965,-32.46,41,1,0.661,0.03796
DQN,deceptive_grid,1,433,39996,-22.775,31,1,0.6607,0.036035
DQN,deceptive_grid,1,434,40046,-33.3,50,1,0.6603,0.041501
DQN,deceptive_grid,1,435,40054,6.13,8,1,0.6603,0.031905
DQN,deceptive_grid,1,436,40116,-51.905,62,1,0.6597,0.035232
DQN,deceptive_grid,1,437,40155,-17.985,39,1,0.6594,0.039067
DQN,deceptive_grid,1,438,40166,5.775,11,1,0.6593,0.036672
DQN,deceptive_grid,1,439,40198,-13.68,32,1,0.659,0.039491
DQN,deceptive_grid,1,440,40236,-23.22,38,1,0.6587,0.039023
DQN,deceptive_grid,1,441,40257,-9.575,21,1,0.6585,0.036127
DQN,deceptive_grid,1,442,40313,-41.97,56,1,0.6581,0.038745
DQN,deceptive_grid,1,443,40355,-23.79,42,1,0.6577,0.039575
DQN,deceptive_grid,1,444,40377,-10.04,22,1,0.6575,0.042209
DQN,deceptive_grid,1,445,40398,-7.03,21,1,0.6573,0.033245
DQN,deceptive_grid,1,446,40446,-36.2,48,1,0.6569,0.035477
DQN,deceptive_grid,1,447,40487,-28.01,41,1,0.6566,0.033448
DQN,deceptive_grid,1,448,40511,-23.365,24,1,0.6564,0.0471
DQN,deceptive_grid,1,449,40562,-38.825,51,1,0.6559,0.051972
DQN,deceptive_grid,1,450,40636,-57.06,74,1,0.6553,0.038777
DQN,deceptive_grid,1,451,40781,-144.495,145,1,0.6541,0.036319
DQN,deceptive_grid,1,452,40811,-18.5,30,1,0.6538,0.035321
DQN,deceptive_grid,1,453,40845,-28.865,34,1,0.6535,0.036086
DQN,deceptive_grid,1,454,40879,-19.35,34,1,0.6533,0.038887
DQN,deceptive_grid,1,455,40909,-16.37,30,1,0.653,0.034532
DQN,deceptive_grid,1,456,40963,-40.24,54,1,0.6525,0.031754
DQN,deceptive_grid,1,457,41090,-117.03,127,1,0.6515,0.03773
DQN,deceptive_grid,1,458,41149,-39.88,59,1,0.651,0.032174
DQN,deceptive_grid,1,459,41168,-10.975,19,1,0.6508,0.031286
DQN,deceptive_grid,1,460,41225,-37.4,57,1,0.6503,0.035975
DQN,deceptive_grid,1,461,41257,-20.765,32,1,0.6501,0.038614
DQN,deceptive_grid,1,462,41396,-155.64,139,1,0.6489,0.029576
DQN,deceptive_grid,1,463,41436,-37.985,40,1,0.6485,0.031334
DQN,deceptive_grid,1,464,41481,-34.825,45,1,0.6482,0.026197
DQN,deceptive_grid,1,465,41504,-5.685,23,1,0.648,0.02988
DQN,deceptive_grid,1,466,41555,-49.93,51,1,0.6475,0.040965
DQN,deceptive_grid,1,467,41600,-27.19,45,1,0.6471,0.043034
DQN,deceptive_grid,1,468,41617,-2.19,17,1,0.647,0.038128
DQN,deceptive_grid,1,469,41652,-32.33,35,1,0.6467,0.03213
DQN,deceptive_grid,1,470,41671,-7.665,19,1,0.6465,0.032179
DQN,deceptive_grid,1,471,41723,-43.3,52,1,0.6461,0.027273
DQN,deceptive_grid,1,472,41728,6.54,5,1,0.6461,0.026389
DQN,deceptive_grid,1,473,41758,-14.37,30,1,0.6458,0.035157
DQN,deceptive_grid,1,474,41810,-42.55,52,1,0.6454,0.033288
DQN,deceptive_grid,1,475,41873,-64.855,63,1,0.6448,0.0304
DQN,deceptive_grid,1,476,41878,7.53,5,1,0.6448,0.032205
DQN,deceptive_grid,1,477,41923,-35.535,45,1,0.6444,0.031197
DQN,deceptive_grid,1,478,41946,-10.445,23,1,0.6442,0.031578
DQN,deceptive_grid,1,479,41963,-9.145,17,1,0.6441,0.031762
DQN,deceptive_grid,1,480,42021,-40.005,58,1,0.6436,0.029814
DQN,deceptive_grid,1,481,42064,-21.355,43,1,0.6432,0.030472
DQN,deceptive_grid,1,482,42115,-35.45,51,1,0.6428,0.037601
DQN,deceptive_grid,1,483,42170,-55.21,55,1,0.6423,0.033122
DQN,deceptive_grid,1,484,42201,-11.385,31,1,0.642,0.026317
DQN,deceptive_grid,1,485,42247,-33.685,46,1,0.6417,0.028153
DQN,deceptive_grid,1,486,42314,-61.795,67,1,0.6411,0.031184
DQN,deceptive_grid,1,487,42320,2.565,6,1,0.641,0.032581
DQN,deceptive_grid,1,488,42356,-21.96,36,1,0.6407,0.026184
DQN,deceptive_grid,1,489,42451,-71.475,95,1,0.6399,0.025954
DQN,deceptive_grid,1,490,42584,-121.155,133,1,0.6388,0.029312
DQN,deceptive_grid,1,491,42659,-75.365,75,1,0.6382,0.030518
DQN,deceptive_grid,1,492,42723,-53.795,64,1,0.6376,0.03344
DQN,deceptive_grid,1,493,42742,-3.075,19,1,0.6375,0.028942
DQN,deceptive_grid,1,494,42784,-40.85,42,1,0.6371,0.027205
DQN,deceptive_grid,1,495,42825,-43.955,41,1,0.6368,0.025999
DQN,deceptive_grid,1,496,42883,-44.22,58,1,0.6363,0.029516
DQN,deceptive_grid,1,497,42889,3.555,6,1,0.6362,0.021945
DQN,deceptive_grid,1,498,42931,-38.43,42,1,0.6359,0.027527
DQN,deceptive_grid,1,499,42954,-10.37,23,1,0.6357,0.026953
DQN,deceptive_grid,1,500,42991,-23.28,37,1,0.6353,0.025109
DQN,deceptive_grid,1,501,43050,-50.43,59,1,0.6348,0.025262
DQN,deceptive_grid,1,502,43113,-50.63,63,1,0.6343,0.025345
DQN,deceptive_grid,1,503,43164,-40.46,51,1,0.6339,0.024337
DQN,deceptive_grid,1,504,43233,-71.415,69,1,0.6333,0.023777
DQN,deceptive_grid,1,505,43326,-86.26,93,1,0.6325,0.025066
DQN,deceptive_grid,1,506,43363,-27.575,37,1,0.6322,0.027069
DQN,deceptive_grid,1,507,43387,-8.51,24,1,0.632,0.025605
DQN,deceptive_grid,1,508,43412,-16.835,25,1,0.6318,0.021491
DQN,deceptive_grid,1,509,43531,-113.155,119,1,0.6308,0.024685
DQN,deceptive_grid,1,510,43574,-30.6,43,1,0.6304,0.031508
DQN,deceptive_grid,1,511,43639,-51.68,65,1,0.6298,0.023786
DQN,deceptive_grid,1,512,43683,-34.87,44,1,0.6295,0.026974
DQN,deceptive_grid,1,513,43718,-23.155,35,1,0.6292,0.024897
DQN,deceptive_grid,1,514,43764,-28.09,46,1,0.6288,0.023925
DQN,deceptive_grid,1,515,43813,-28.94,49,1,0.6284,0.024189
DQN,deceptive_grid,1,516,43874,-51.04,61,1,0.6279,0.023634
DQN,deceptive_grid,1,517,43947,-77.345,73,1,0.6272,0.025806
DQN,deceptive_grid,1,518,44004,-56.9,57,1,0.6268,0.02319
DQN,deceptive_grid,1,519,44032,-15.355,28,1,0.6265,0.030805
DQN,deceptive_grid,1,520,44124,-93.59,92,1,0.6257,0.028049
DQN,deceptive_grid,1,521,44180,-48.11,56,1,0.6253,0.028904
DQN,deceptive_grid,1,522,44231,-47.64,51,1,0.6248,0.025638
DQN,deceptive_grid,1,523,44236,7.54,5,1,0.6248,0.015964
DQN,deceptive_grid,1,524,44256,-3.36,20,1,0.6246,0.023781
DQN,deceptive_grid,1,525,44309,-44.885,53,1,0.6242,0.021471
DQN,deceptive_grid,1,526,44348,-24.305,39,1,0.6238,0.017453
DQN,deceptive_grid,1,527,44462,-111.085,114,1,0.6229,0.023577
DQN,deceptive_grid,1,528,44518,-37.575,56,1,0.6224,0.024324
DQN,deceptive_grid,1,529,44546,-13.61,28,1,0.6222,0.023328
DQN,deceptive_grid,1,530,44639,-82.085,93,1,0.6214,0.028643
DQN,deceptive_grid,1,531,44643,4.52,4,1,0.6213,0.032305
DQN,deceptive_grid,1,532,44708,-59.96,65,1,0.6208,0.02325
DQN,deceptive_grid,1,533,44729,-2.73,21,1,0.6206,0.02299
DQN,deceptive_grid,1,534,44802,-66.985,73,1,0.62,0.025541
DQN,deceptive_grid,1,535,44833,-23.34,31,1,0.6197,0.02366
DQN,deceptive_grid,1,536,44849,-1.71,16,1,0.6196,0.020386
DQN,deceptive_grid,1,537,44866,-5.3,17,1,0.6194,0.024327
DQN,deceptive_grid,1,538,44880,0.235,14,1,0.6193,0.019668
DQN,deceptive_grid,1,539,44908,-13.52,28,1,0.6191,0.022823
DQN,deceptive_grid,1,540,44968,-52.16,60,1,0.6186,0.023986
DQN,deceptive_grid,1,541,44977,-3.39,9,1,0.6185,0.027953
DQN,deceptive_grid,1,542,45025,-25.77,48,1,0.6181,0.025054
DQN,deceptive_grid,1,543,45077,-43.15,52,1,0.6177,0.027981
DQN,deceptive_grid,1,544,45197,-104.115,120,1,0.6166,0.027272
DQN,deceptive_grid,1,545,45231,-15.725,34,1,0.6163,0.022473
DQN,deceptive_grid,1,546,45337,-104.51,106,1,0.6154,0.023112
DQN,deceptive_grid,1,547,45388,-46.08,51,1,0.615,0.02529
DQN,deceptive_grid,1,548,45395,7.605,7,1,0.615,0.019282
DQN,deceptive_grid,1,549,45410,3.005,15,1,0.6148,0.021321
DQN,deceptive_grid,1,550,45467,-52.515,57,1,0.6143,0.022483
DQN,deceptive_grid,1,551,45528,-47.55,61,1,0.6138,0.022047
DQN,deceptive_grid,1,552,45584,-42.215,56,1,0.6134,0.021797
DQN,deceptive_grid,1,553,45596,3.22,12,1,0.6132,0.017815
DQN,deceptive_grid,1,554,45618,-7.575,22,1,0.6131,0.018387
DQN,deceptive_grid,1,555,45657,-25.86,39,1,0.6127,0.02002
DQN,deceptive_grid,1,556,45694,-22.805,37,1,0.6124,0.017323
DQN,deceptive_grid,1,557,45711,-4.58,17,1,0.6123,0.017483
DQN,deceptive_grid,1,558,45738,-4.205,27,1,0.612,0.016815
DQN,deceptive_grid,1,559,45774,-21.25,36,1,0.6117,0.017812
DQN,deceptive_grid,1,560,45839,-48.12,65,1,0.6112,0.019298
DQN,deceptive_grid,1,561,45861,-8.605,22,1,0.611,0.018313
DQN,deceptive_grid,1,562,45900,-23.56,39,1,0.6107,0.019273
DQN,deceptive_grid,1,563,45919,-4.175,19,1,0.6105,0.018086
DQN,deceptive_grid,1,564,46000,-63.3,81,1,0.6098,0.017375
DQN,deceptive_grid,1,565,46027,-15.565,27,1,0.6096,0.022996
DQN,deceptive_grid,1,566,46072,-31.98,45,1,0.6092,0.021455
DQN,deceptive_grid,1,567,46100,-14.775,28,1,0.609,0.019194
DQN,deceptive_grid,1,568,46117,-12.53,17,1,0.6088,0.020126
DQN,deceptive_grid,1,569,46191,-66.695,74,1,0.6082,0.020073
DQN,deceptive_grid,1,570,46246,-38.02,55,1,0.6077,0.015971
DQN,deceptive_grid,1,571,46269,-5.805,23,1,0.6075,0.019613
DQN,deceptive_grid,1,572,46276,2.055,7,1,0.6075,0.015377
DQN,deceptive_grid,1,573,46286,4.135,10,1,0.6074,0.016944
DQN,deceptive_grid,1,574,46289,9.515,3,1,0.6074,0.017844
DQN,deceptive_grid,1,575,46318,-15.315,29,1,0.6071,0.017831
DQN,deceptive_grid,1,576,46321,9.515,3,1,0.6071,0.017998
DQN,deceptive_grid,1,577,46383,-60.385,62,1,0.6066,0.018171
DQN,deceptive_grid,1,578,46401,-1.455,18,1,0.6064,0.01419
DQN,deceptive_grid,1,579,46441,-26.275,40,1,0.6061,0.015334
DQN,deceptive_grid,1,580,46466,-10.0,25,1,0.6059,0.019519
DQN,deceptive_grid,1,581,46474,6.12,8,1,0.6058,0.015393
DQN,deceptive_grid,1,582,46507,-12.23,33,1,0.6055,0.021826
DQN,deceptive_grid,1,583,46512,8.55,5,1,0.6055,0.026683
DQN,deceptive_grid,1,584,46566,-40.36,54,1,0.605,0.022903
DQN,deceptive_grid,1,585,46590,-14.42,24,1,0.6048,0.021846
DQN,deceptive_grid,1,586,46652,-48.94,62,1,0.6043,0.023059
DQN,deceptive_grid,1,587,46682,-9.875,30,1,0.604,0.024563
DQN,deceptive_grid,1,588,46689,6.605,7,1,0.604,0.020888
DQN,deceptive_grid,1,589,46730,-29.39,41,1,0.6036,0.02073
DQN,deceptive_grid,1,590,46831,-140.07,101,1,0.6028,0.020129
DQN,deceptive_grid,1,591,46843,-0.21,12,1,0.6027,0.013612
DQN,deceptive_grid,1,592,46866,-13.91,23,1,0.6025,0.016828
DQN,deceptive_grid,1,593,46939,-79.22,73,1,0.6019,0.01887
DQN,deceptive_grid,1,594,46977,-25.465,38,1,0.6015,0.01669
DQN,deceptive_grid,1,595,46992,-10.62,15,1,0.6014,0.016611
DQN,deceptive_grid,1,596,47001,1.115,9,1,0.6013,0.01998
DQN,deceptive_grid,1,597,47025,-13.13,24,1,0.6011,0.022944
DQN,deceptive_grid,1,598,47054,-5.95,29,1,0.6009,0.026912
DQN,deceptive_grid,1,599,47099,-34.455,45,1,0.6005,0.025023
DQN,deceptive_grid,1,600,47144,-42.16,45,1,0.6001,0.02387
DQN,deceptive_grid,1,601,47157,-11.79,13,1,0.6,0.016438
DQN,deceptive_grid,1,602,47200,-39.8,43,1,0.5996,0.018134
DQN,deceptive_grid,1,603,47236,-27.755,36,1,0.5993,0.015703
DQN,deceptive_grid,1,604,47299,-55.23,63,1,0.5988,0.016669
DQN,deceptive_grid,1,605,47326,-22.07,27,1,0.5986,0.020745
DQN,deceptive_grid,1,606,47352,-21.91,26,1,0.5984,0.014577
DQN,deceptive_grid,1,607,47373,-19.72,21,1,0.5982,0.014709
DQN,deceptive_grid,1,608,47440,-78.55,67,1,0.5976,0.014953
DQN,deceptive_grid,1,609,47498,-41.7,58,1,0.5971,0.017879
DQN,deceptive_grid,1,610,47551,-41.285,53,1,0.5967,0.022172
DQN,deceptive_grid,1,611,47554,8.515,3,1,0.5966,0.026907
DQN,deceptive_grid,1,612,47595,-42.525,41,1,0.5963,0.01816
DQN,deceptive_grid,1,613,47660,-52.52,65,1,0.5957,0.015993
DQN,deceptive_grid,1,614,47668,1.6,8,1,0.5957,0.01236
DQN,deceptive_grid,1,615,47706,-18.655,38,1,0.5954,0.017246
DQN,deceptive_grid,1,616,47739,-15.49,33,1,0.5951,0.014291
DQN,deceptive_grid,1,617,47762,-16.0,23,1,0.5949,0.015778
DQN,deceptive_grid,1,618,47787,-14.585,25,1,0.5947,0.014324
DQN,deceptive_grid,1,619,47823,-25.5,36,1,0.5944,0.016915
DQN,deceptive_grid,1,620,47897,-53.365,74,1,0.5937,0.018858
DQN,deceptive_grid,1,621,47914,-1.12,17,1,0.5936,0.021293
DQN,deceptive_grid,1,622,47995,-91.03,81,1,0.5929,0.01433
DQN,deceptive_grid,1,623,47999,9.03,4,1,0.5929,0.021282
DQN,deceptive_grid,1,624,48041,-40.51,42,1,0.5925,0.020692
DQN,deceptive_grid,1,625,48065,-6.28,24,1,0.5923,0.016155
DQN,deceptive_grid,1,626,48114,-39.07,49,1,0.5919,0.014864
DQN,deceptive_grid,1,627,48142,-12.66,28,1,0.5917,0.014214
DQN,deceptive_grid,1,628,48200,-49.4,58,1,0.5912,0.016013
DQN,deceptive_grid,1,629,48246,-31.995,46,1,0.5908,0.015161
DQN,deceptive_grid,1,630,48287,-34.93,41,1,0.5904,0.014534
DQN,deceptive_grid,1,631,48324,-25.2,37,1,0.5901,0.014612
DQN,deceptive_grid,1,632,48339,1.895,15,1,0.59,0.013316
DQN,deceptive_grid,1,633,48399,-47.195,60,1,0.5895,0.013159
DQN,deceptive_grid,1,634,48471,-64.235,72,1,0.5889,0.013992
DQN,deceptive_grid,1,635,48511,-24.03,40,1,0.5885,0.016179
DQN,deceptive_grid,1,636,48529,-6.145,18,1,0.5884,0.01983
DQN,deceptive_grid,1,637,48596,-65.575,67,1,0.5878,0.020371
DQN,deceptive_grid,1,638,48649,-45.41,53,1,0.5874,0.013794
DQN,deceptive_grid,1,639,48706,-46.7,57,1,0.5869,0.015637
DQN,deceptive_grid,1,640,48782,-67.36,76,1,0.5862,0.013705
DQN,deceptive_grid,1,641,48788,7.065,6,1,0.5862,0.013503
DQN,deceptive_grid,1,642,48843,-43.7,55,1,0.5857,0.014619
DQN,deceptive_grid,1,643,48845,10.005,2,1,0.5857,0.011284
DQN,deceptive_grid,1,644,48872,-15.435,27,1,0.5855,0.01331
DQN,deceptive_grid,1,645,48890,-1.555,18,1,0.5853,0.012842
DQN,deceptive_grid,1,646,48905,-0.205,15,1,0.5852,0.015318
DQN,deceptive_grid,1,647,48947,-19.135,42,1,0.5848,0.012298
DQN,deceptive_grid,1,648,49001,-40.83,54,1,0.5844,0.013554
DQN,deceptive_grid,1,649,49057,-46.43,56,1,0.5839,0.01823
DQN,deceptive_grid,1,650,49206,-168.98,149,1,0.5826,0.016922
DQN,deceptive_grid,1,651,49240,-20.43,34,1,0.5823,0.014033
DQN,deceptive_grid,1,652,49290,-25.815,50,1,0.5819,0.015434
DQN,deceptive_grid,1,653,49330,-17.1,40,1,0.5816,0.013941
DQN,deceptive_grid,1,654,49356,-10.265,26,1,0.5814,0.016842
DQN,deceptive_grid,1,655,49427,-77.99,71,1,0.5808,0.014394
DQN,deceptive_grid,1,656,49490,-48.19,63,1,0.5802,0.017389
DQN,deceptive_grid,1,657,49524,-25.81,34,1,0.5799,0.017155
DQN,deceptive_grid,1,658,49562,-15.265,38,1,0.5796,0.014149
DQN,deceptive_grid,1,659,49604,-31.39,42,1,0.5793,0.014309
DQN,deceptive_grid,1,660,49628,-4.03,24,1,0.579,0.017675
DQN,deceptive_grid,1,661,49667,-24.81,39,1,0.5787,0.015719
DQN,deceptive_grid,1,662,49709,-23.405,42,1,0.5784,0.014032
DQN,deceptive_grid,1,663,49747,-22.105,38,1,0.578,0.016052
DQN,deceptive_grid,1,664,49765,-0.515,18,1,0.5779,0.017795
DQN,deceptive_grid,1,665,49839,-58.615,74,1,0.5773,0.015117
DQN,deceptive_grid,1,666,49846,2.08,7,1,0.5772,0.020996
DQN,deceptive_grid,1,667,49915,-56.62,69,1,0.5766,0.01526
DQN,deceptive_grid,1,668,49957,-24.455,42,1,0.5763,0.014138
DQN,deceptive_grid,1,669,50010,-36.685,53,1,0.5758,0.015261
DQN,deceptive_grid,1,670,50090,-60.745,80,1,0.5751,0.020732
DQN,deceptive_grid,1,671,50156,-52.37,66,1,0.5746,0.016279
DQN,deceptive_grid,1,672,50199,-29.93,43,1,0.5742,0.015803
DQN,deceptive_grid,1,673,50233,-26.335,34,1,0.5739,0.015654
DQN,deceptive_grid,1,674,50251,-8.175,18,1,0.5738,0.017297
DQN,deceptive_grid,1,675,50284,-52.095,33,1,0.5735,0.0222
DQN,deceptive_grid,1,676,50332,-41.685,48,1,0.5731,0.018924
DQN,deceptive_grid,1,677,50357,-28.455,25,1,0.5729,0.016408
DQN,deceptive_grid,1,678,50365,5.08,8,1,0.5728,0.014878
DQN,deceptive_grid,1,679,50427,-59.76,62,1,0.5723,0.014174
DQN,deceptive_grid,1,680,50438,0.175,11,1,0.5722,0.018592
DQN,deceptive_grid,1,681,50442,9.03,4,1,0.5721,0.02146
DQN,deceptive_grid,1,682,50476,-11.185,34,1,0.5719,0.015834
DQN,deceptive_grid,1,683,50521,-31.57,45,1,0.5715,0.017176
DQN,deceptive_grid,1,684,50557,-33.81,36,1,0.5712,0.020056
DQN,deceptive_grid,1,685,50601,-27.56,44,1,0.5708,0.015457
DQN,deceptive_grid,1,686,50635,-30.52,34,1,0.5705,0.017634
DQN,deceptive_grid,1,687,50641,-0.945,6,1,0.5705,0.019371
DQN,deceptive_grid,1,688,50679,-20.8,38,1,0.5701,0.015117
DQN,deceptive_grid,1,689,50712,-14.265,33,1,0.5699,0.012866
DQN,deceptive_grid,1,690,50759,-58.6,47,1,0.5695,0.015462
DQN,deceptive_grid,1,691,50789,-10.525,30,1,0.5692,0.013523
DQN,deceptive_grid,1,692,50832,-35.495,43,1,0.5688,0.013145
DQN,deceptive_grid,1,693,50875,-37.74,43,1,0.5685,0.015443
DQN,deceptive_grid,1,694,50938,-74.94,63,1,0.5679,0.012033
DQN,deceptive_grid,1,695,50981,-31.935,43,1,0.5676,0.011895
DQN,deceptive_grid,1,696,51005,-23.21,24,1,0.5674,0.016242
DQN,deceptive_grid,1,697,51008,9.515,3,1,0.5673,0.016473
DQN,deceptive_grid,1,698,51056,-32.66,48,1,0.5669,0.01697
DQN,deceptive_grid,1,699,51099,-31.365,43,1,0.5666,0.01543
DQN,deceptive_grid,1,700,51111,2.15,12,1,0.5665,0.020248
DQN,deceptive_grid,1,701,51114,9.515,3,1,0.5664,0.012109
DQN,deceptive_grid,1,702,51147,-17.875,33,1,0.5662,0.015727
DQN,deceptive_grid,1,703,51196,-43.595,49,1,0.5657,0.012916
DQN,deceptive_grid,1,704,51200,8.03,4,1,0.5657,0.012261
DQN,deceptive_grid,1,705,51223,-8.25,23,1,0.5655,0.015774
DQN,deceptive_grid,1,706,51248,-11.085,25,1,0.5653,0.013498
DQN,deceptive_grid,1,707,51257,1.14,9,1,0.5652,0.014342
DQN,deceptive_grid,1,708,51282,-13.615,25,1,0.565,0.011431
DQN,deceptive_grid,1,709,51316,-29.395,34,1,0.5647,0.012303
DQN,deceptive_grid,1,710,51377,-56.405,61,1,0.5642,0.012812
DQN,deceptive_grid,1,711,51418,-41.52,41,1,0.5639,0.013615
DQN,deceptive_grid,1,712,51436,-4.98,18,1,0.5637,0.011214
DQN,deceptive_grid,1,713,51450,-2.205,14,1,0.5636,0.011708
DQN,deceptive_grid,1,714,51523,-58.18,73,1,0.563,0.014034
DQN,deceptive_grid,1,715,51539,-7.67,16,1,0.5628,0.016077
DQN,deceptive_grid,1,716,51564,-11.225,25,1,0.5626,0.01487
DQN,deceptive_grid,1,717,51578,0.195,14,1,0.5625,0.017303
DQN,deceptive_grid,1,718,51607,-18.15,29,1,0.5623,0.016094
DQN,deceptive_grid,1,719,51634,-9.635,27,1,0.562,0.014963
DQN,deceptive_grid,1,720,51711,-74.54,77,1,0.5614,0.013606
DQN,deceptive_grid,1,721,51738,-16.095,27,1,0.5612,0.011639
DQN,deceptive_grid,1,722,51748,0.645,10,1,0.5611,0.012366
DQN,deceptive_grid,1,723,51779,-12.505,31,1,0.5608,0.011492
DQN,deceptive_grid,1,724,51834,-35.72,55,1,0.5603,0.012687
DQN,deceptive_grid,1,725,51888,-31.595,54,1,0.5599,0.012209
DQN,deceptive_grid,1,726,51916,-15.635,28,1,0.5596,0.01155
DQN,deceptive_grid,1,727,51970,-39.115,54,1,0.5592,0.011656
DQN,deceptive_grid,1,728,51989,-8.67,19,1,0.559,0.0124
DQN,deceptive_grid,1,729,52047,-35.405,58,1,0.5585,0.015927
DQN,deceptive_grid,1,730,52078,-33.15,31,1,0.5583,0.015806
DQN,deceptive_grid,1,731,52124,-30.75,46,1,0.5579,0.015863
DQN,deceptive_grid,1,732,52138,1.375,14,1,0.5578,0.013479
DQN,deceptive_grid,1,733,52200,-53.175,62,1,0.5572,0.013017
DQN,deceptive_grid,1,734,52249,-39.55,49,1,0.5568,0.012261
DQN,deceptive_grid,1,735,52277,-9.85,28,1,0.5566,0.009958
DQN,deceptive_grid,1,736,52339,-69.14,62,1,0.5561,0.011093
DQN,deceptive_grid,1,737,52394,-40.415,55,1,0.5556,0.011379
DQN,deceptive_grid,1,738,52427,-37.105,33,1,0.5553,0.013983
DQN,deceptive_grid,1,739,52458,-20.335,31,1,0.555,0.01177
DQN,deceptive_grid,1,740,52504,-36.84,46,1,0.5547,0.012194
DQN,deceptive_grid,1,741,52528,-19.7,24,1,0.5545,0.014563
DQN,deceptive_grid,1,742,52570,-28.885,42,1,0.5541,0.01422
DQN,deceptive_grid,1,743,52607,-28.435,37,1,0.5538,0.014005
DQN,deceptive_grid,1,744,52647,-42.48,40,1,0.5534,0.015935
DQN,deceptive_grid,1,745,52668,-17.595,21,1,0.5533,0.013355
DQN,deceptive_grid,1,746,52703,-28.73,35,1,0.553,0.012742
DQN,deceptive_grid,1,747,52743,-23.71,40,1,0.5526,0.010055
DQN,deceptive_grid,1,748,52787,-27.0,44,1,0.5523,0.012793
DQN,deceptive_grid,1,749,52796,5.67,9,1,0.5522,0.015866
DQN,deceptive_grid,1,750,52818,-9.895,22,1,0.552,0.010109
DQN,deceptive_grid,1,751,52856,-22.79,38,1,0.5517,0.011893
DQN,deceptive_grid,1,752,52879,-9.465,23,1,0.5515,0.013618
DQN,deceptive_grid,1,753,52883,9.03,4,1,0.5514,0.01166
DQN,deceptive_grid,1,754,52941,-38.905,58,1,0.5509,0.01152
DQN,deceptive_grid,1,755,52986,-21.99,45,1,0.5506,0.011869
DQN,deceptive_grid,1,756,53004,-8.275,18,1,0.5504,0.01245
DQN,deceptive_grid,1,757,53039,-32.52,35,1,0.5501,0.015218
DQN,deceptive_grid,1,758,53050,-4.35,11,1,0.55,0.012303
DQN,deceptive_grid,1,759,53106,-45.46,56,1,0.5495,0.012837
DQN,deceptive_grid,1,760,53121,-0.125,15,1,0.5494,0.011013
DQN,deceptive_grid,1,761,53133,-3.38,12,1,0.5493,0.013741
DQN,deceptive_grid,1,762,53158,-9.19,25,1,0.5491,0.012994
DQN,deceptive_grid,1,763,53184,-6.005,26,1,0.5489,0.011229
DQN,deceptive_grid,1,764,53205,-11.975,21,1,0.5487,0.010698
DQN,deceptive_grid,1,765,53262,-53.315,57,1,0.5482,0.011353
DQN,deceptive_grid,1,766,53282,-5.53,20,1,0.5481,0.010421
DQN,deceptive_grid,1,767,53326,-27.59,44,1,0.5477,0.010563
DQN,deceptive_grid,1,768,53356,-19.975,30,1,0.5474,0.011827
DQN,deceptive_grid,1,769,53394,-28.955,38,1,0.5471,0.010895
DQN,deceptive_grid,1,770,53427,-17.68,33,1,0.5468,0.011461
DQN,deceptive_grid,1,771,53462,-32.86,35,1,0.5465,0.010522
DQN,deceptive_grid,1,772,53488,-15.18,26,1,0.5463,0.008008
DQN,deceptive_grid,1,773,53513,-8.73,25,1,0.5461,0.014901
DQN,deceptive_grid,1,774,53603,-87.565,90,1,0.5453,0.014406
DQN,deceptive_grid,1,775,53658,-44.675,55,1,0.5449,0.012586
DQN,deceptive_grid,1,776,53678,-3.43,20,1,0.5447,0.012671
DQN,deceptive_grid,1,777,53682,9.03,4,1,0.5447,0.010798
DQN,deceptive_grid,1,778,53733,-37.765,51,1,0.5442,0.010152
DQN,deceptive_grid,1,779,53768,-30.32,35,1,0.5439,0.011242
DQN,deceptive_grid,1,780,53814,-27.79,46,1,0.5435,0.011227
DQN,deceptive_grid,1,781,53848,-13.675,34,1,0.5433,0.011012
DQN,deceptive_grid,1,782,53896,-44.01,48,1,0.5428,0.012025
DQN,deceptive_grid,1,783,54004,-97.225,108,1,0.5419,0.011181
DQN,deceptive_grid,1,784,54027,-19.715,23,1,0.5417,0.01611
DQN,deceptive_grid,1,785,54075,-41.925,48,1,0.5413,0.014746
DQN,deceptive_grid,1,786,54130,-41.705,55,1,0.5409,0.012157
DQN,deceptive_grid,1,787,54137,-1.42,7,1,0.5408,0.010798
DQN,deceptive_grid,1,788,54145,7.14,8,1,0.5407,0.010176
DQN,deceptive_grid,1,789,54154,4.59,9,1,0.5407,0.012105
DQN,deceptive_grid,1,790,54175,-1.89,21,1,0.5405,0.011241
DQN,deceptive_grid,1,791,54225,-46.4,50,1,0.5401,0.010782
DQN,deceptive_grid,1,792,54278,-47.335,53,1,0.5396,0.01165
DQN,deceptive_grid,1,793,54342,-50.16,64,1,0.5391,0.009818
DQN,deceptive_grid,1,794,54352,4.215,10,1,0.539,0.011339
DQN,deceptive_grid,1,795,54373,-2.79,21,1,0.5388,0.010765
DQN,deceptive_grid,1,796,54396,-8.335,23,1,0.5386,0.01208
DQN,deceptive_grid,1,797,54424,-15.855,28,1,0.5384,0.008872
DQN,deceptive_grid,1,798,54469,-38.045,45,1,0.538,0.00904
DQN,deceptive_grid,1,799,54547,-80.075,78,1,0.5373,0.013582
DQN,deceptive_grid,1,800,54585,-17.565,38,1,0.537,0.013819
DuelingDQN,deceptive_grid,1,1,200,-241.365,200,0,0.9983,
DuelingDQN,deceptive_grid,1,2,400,-234.56,200,0,0.9966,
DuelingDQN,deceptive_grid,1,3,481,-93.445,81,1,0.9959,
DuelingDQN,deceptive_grid,1,4,681,-238.555,200,0,0.9942,
DuelingDQN,deceptive_grid,1,5,881,-223.59,200,0,0.9925,
DuelingDQN,deceptive_grid,1,6,1081,-267.57,200,0,0.9908,0.286742
DuelingDQN,deceptive_grid,1,7,1281,-293.27,200,0,0.9891,0.046604
DuelingDQN,deceptive_grid,1,8,1481,-332.945,200,0,0.9874,0.014618
DuelingDQN,deceptive_grid,1,9,1681,-251.11,200,0,0.9858,0.016394
DuelingDQN,deceptive_grid,1,10,1881,-315.02,200,0,0.9841,0.011155
DuelingDQN,deceptive_grid,1,11,2081,-261.725,200,0,0.9824,0.013496
DuelingDQN,deceptive_grid,1,12,2281,-199.52,200,0,0.9807,0.00594
DuelingDQN,deceptive_grid,1,13,2481,-200.41,200,0,0.979,0.002751
DuelingDQN,deceptive_grid,1,14,2618,-150.53,137,1,0.9778,0.027338
DuelingDQN,deceptive_grid,1,15,2818,-263.3,200,0,0.9761,0.009968
DuelingDQN,deceptive_grid,1,16,3018,-251.235,200,0,0.9744,0.01608
DuelingDQN,deceptive_grid,1,17,3218,-273.035,200,0,0.9727,0.041672
DuelingDQN,deceptive_grid,1,18,3418,-296.68,200,0,0.971,0.015308
DuelingDQN,deceptive_grid,1,19,3618,-239.955,200,0,0.9693,0.05636
DuelingDQN,deceptive_grid,1,20,3818,-328.865,200,0,0.9676,0.033564
DuelingDQN,deceptive_grid,1,21,3871,-45.95,53,1,0.9672,0.017177
DuelingDQN,deceptive_grid,1,22,4071,-287.05,200,0,0.9655,0.05298
DuelingDQN,deceptive_grid,1,23,4183,-149.39,112,1,0.9645,0.04927
DuelingDQN,deceptive_grid,1,24,4383,-279.855,200,0,0.9628,0.019281
DuelingDQN,deceptive_grid,1,25,4520,-221.135,137,1,0.9617,0.057789
DuelingDQN,deceptive_grid,1,26,4564,-58.59,44,1,0.9613,0.133193
DuelingDQN,deceptive_grid,1,27,4764,-268.875,200,0,0.9596,0.050974
DuelingDQN,deceptive_grid,1,28,4776,-3.33,12,1,0.9595,0.0291
DuelingDQN,deceptive_grid,1,29,4976,-241.155,200,0,0.9578,0.016482
DuelingDQN,deceptive_grid,1,30,5176,-203.89,200,0,0.9561,0.088793
DuelingDQN,deceptive_grid,1,31,5376,-227.81,200,0,0.9544,0.02232
DuelingDQN,deceptive_grid,1,32,5576,-333.17,200,0,0.9527,0.07411
DuelingDQN,deceptive_grid,1,33,5643,-76.08,67,1,0.9521,0.062235
DuelingDQN,deceptive_grid,1,34,5843,-218.765,200,0,0.9504,0.02477
DuelingDQN,deceptive_grid,1,35,6043,-259.2,200,0,0.9488,0.062423
DuelingDQN,deceptive_grid,1,36,6158,-144.255,115,1,0.9478,0.06859
DuelingDQN,deceptive_grid,1,37,6358,-252.91,200,0,0.9461,0.02242
DuelingDQN,deceptive_grid,1,38,6558,-228.545,200,0,0.9444,0.070017
DuelingDQN,deceptive_grid,1,39,6758,-219.99,200,0,0.9427,0.053142
DuelingDQN,deceptive_grid,1,40,6958,-215.895,200,0,0.941,0.014314
DuelingDQN,deceptive_grid,1,41,7158,-256.58,200,0,0.9393,0.086685
DuelingDQN,deceptive_grid,1,42,7299,-203.005,141,1,0.9381,0.025822
DuelingDQN,deceptive_grid,1,43,7499,-301.415,200,0,0.9364,0.014181
DuelingDQN,deceptive_grid,1,44,7699,-225.475,200,0,0.9347,0.0907
DuelingDQN,deceptive_grid,1,45,7899,-321.68,200,0,0.933,0.015202
DuelingDQN,deceptive_grid,1,46,8099,-224.46,200,0,0.9313,0.073789
DuelingDQN,deceptive_grid,1,47,8299,-257.345,200,0,0.9296,0.026856
DuelingDQN,deceptive_grid,1,48,8344,-34.195,45,1,0.9292,0.010434
DuelingDQN,deceptive_grid,1,49,8462,-145.41,118,1,0.9282,0.012506
DuelingDQN,deceptive_grid,1,50,8583,-163.36,121,1,0.9272,0.118599
DuelingDQN,deceptive_grid,1,51,8742,-178.16,159,1,0.9259,0.033394
DuelingDQN,deceptive_grid,1,52,8898,-226.615,156,1,0.9245,0.008884
DuelingDQN,deceptive_grid,1,53,9098,-265.475,200,0,0.9228,0.068667
DuelingDQN,deceptive_grid,1,54,9199,-125.065,101,1,0.922,0.037431
DuelingDQN,deceptive_grid,1,55,9228,-34.57,29,1,0.9217,0.01936
DuelingDQN,deceptive_grid,1,56,9428,-239.605,200,0,0.92,0.010296
DuelingDQN,deceptive_grid,1,57,9628,-275.815,200,0,0.9183,0.080009
DuelingDQN,deceptive_grid,1,58,9828,-268.335,200,0,0.9166,0.020507
DuelingDQN,deceptive_grid,1,59,9978,-176.82,150,1,0.9154,0.006876
DuelingDQN,deceptive_grid,1,60,9986,5.07,8,1,0.9153,0.004543
DuelingDQN,deceptive_grid,1,61,10112,-143.4,126,1,0.9142,0.129963
DuelingDQN,deceptive_grid,1,62,10312,-222.9,200,0,0.9125,0.022763
DuelingDQN,deceptive_grid,1,63,10512,-241.06,200,0,0.9108,0.035302
DuelingDQN,deceptive_grid,1,64,10712,-213.095,200,0,0.9091,0.070772
DuelingDQN,deceptive_grid,1,65,10912,-206.37,200,0,0.9075,0.009319
DuelingDQN,deceptive_grid,1,66,10969,-50.195,57,1,0.907,0.004535
DuelingDQN,deceptive_grid,1,67,11169,-263.33,200,0,0.9053,0.083962
DuelingDQN,deceptive_grid,1,68,11197,-13.55,28,1,0.905,0.023539
DuelingDQN,deceptive_grid,1,69,11397,-231.03,200,0,0.9033,0.013732
DuelingDQN,deceptive_grid,1,70,11439,-37.76,42,1,0.903,0.009089
DuelingDQN,deceptive_grid,1,71,11506,-50.345,67,1,0.9024,0.044333
DuelingDQN,deceptive_grid,1,72,11706,-242.725,200,0,0.9007,0.055873
DuelingDQN,deceptive_grid,1,73,11866,-189.515,160,1,0.8994,0.010686
DuelingDQN,deceptive_grid,1,74,12066,-308.28,200,0,0.8977,0.045069
DuelingDQN,deceptive_grid,1,75,12095,-29.81,29,1,0.8974,0.038319
DuelingDQN,deceptive_grid,1,76,12295,-235.185,200,0,0.8957,0.019787
DuelingDQN,deceptive_grid,1,77,12326,-23.83,31,1,0.8955,0.008444
DuelingDQN,deceptive_grid,1,78,12393,-50.98,67,1,0.8949,0.005907
DuelingDQN,deceptive_grid,1,79,12577,-177.75,184,1,0.8933,0.03447
DuelingDQN,deceptive_grid,1,80,12777,-219.155,200,0,0.8916,0.012524
DuelingDQN,deceptive_grid,1,81,12977,-305.9,200,0,0.8899,0.003647
DuelingDQN,deceptive_grid,1,82,13095,-135.82,118,1,0.8889,0.046455
DuelingDQN,deceptive_grid,1,83,13152,-44.295,57,1,0.8885,0.014609
DuelingDQN,deceptive_grid,1,84,13168,-16.245,16,1,0.8883,0.010283
DuelingDQN,deceptive_grid,1,85,13368,-277.83,200,0,0.8866,0.006631
DuelingDQN,deceptive_grid,1,86,13568,-236.155,200,0,0.8849,0.014527
DuelingDQN,deceptive_grid,1,87,13580,-3.31,12,1,0.8848,0.013753
DuelingDQN,deceptive_grid,1,88,13680,-94.755,100,1,0.884,0.009287
DuelingDQN,deceptive_grid,1,89,13880,-230.725,200,0,0.8823,0.003687
DuelingDQN,deceptive_grid,1,90,13885,8.55,5,1,0.8822,0.002135
DuelingDQN,deceptive_grid,1,91,14085,-257.485,200,0,0.8805,0.011313
DuelingDQN,deceptive_grid,1,92,14161,-105.495,76,1,0.8799,0.011976
DuelingDQN,deceptive_grid,1,93,14235,-83.14,74,1,0.8793,0.006164
DuelingDQN,deceptive_grid,1,94,14427,-206.39,192,1,0.8776,0.003713
DuelingDQN,deceptive_grid,1,95,14470,-32.315,43,1,0.8773,0.001583
DuelingDQN,deceptive_grid,1,96,14487,-6.635,17,1,0.8771,0.002019
DuelingDQN,deceptive_grid,1,97,14687,-242.84,200,0,0.8754,0.008671
DuelingDQN,deceptive_grid,1,98,14887,-234.5,200,0,0.8737,0.001722
DuelingDQN,deceptive_grid,1,99,15034,-189.185,147,1,0.8725,0.003581
DuelingDQN,deceptive_grid,1,100,15130,-109.44,96,1,0.8717,0.006086
DuelingDQN,deceptive_grid,1,101,15330,-212.315,200,0,0.87,0.001984
DuelingDQN,deceptive_grid,1,102,15468,-138.31,138,1,0.8688,0.001403
DuelingDQN,deceptive_grid,1,103,15618,-177.17,150,1,0.8675,0.006316
DuelingDQN,deceptive_grid,1,104,15644,-17.13,26,1,0.8673,0.006261
DuelingDQN,deceptive_grid,1,105,15718,-93.895,74,1,0.8667,0.004395
DuelingDQN,deceptive_grid,1,106,15918,-244.335,200,0,0.865,0.002167
DuelingDQN,deceptive_grid,1,107,16024,-114.68,106,1,0.8641,0.002566
DuelingDQN,deceptive_grid,1,108,16056,-39.015,32,1,0.8638,0.005467
DuelingDQN,deceptive_grid,1,109,16256,-251.875,200,0,0.8621,0.003538
DuelingDQN,deceptive_grid,1,110,16455,-192.1,199,1,0.8604,0.001513
DuelingDQN,deceptive_grid,1,111,16488,-22.495,33,1,0.8602,0.00593
DuelingDQN,deceptive_grid,1,112,16688,-239.14,200,0,0.8585,0.007304
DuelingDQN,deceptive_grid,1,113,16888,-204.62,200,0,0.8568,0.004033
DuelingDQN,deceptive_grid,1,114,16902,-1.775,14,1,0.8566,0.003055
DuelingDQN,deceptive_grid,1,115,17087,-233.685,185,1,0.8551,0.005086
DuelingDQN,deceptive_grid,1,116,17110,-18.29,23,1,0.8549,0.005326
DuelingDQN,deceptive_grid,1,117,17124,-4.325,14,1,0.8548,0.004201
DuelingDQN,deceptive_grid,1,118,17166,-33.89,42,1,0.8544,0.005444
DuelingDQN,deceptive_grid,1,119,17291,-134.95,125,1,0.8533,0.004264
DuelingDQN,deceptive_grid,1,120,17398,-115.945,107,1,0.8524,0.002172
DuelingDQN,deceptive_grid,1,121,17430,-18.415,32,1,0.8522,0.002907
DuelingDQN,deceptive_grid,1,122,17519,-90.875,89,1,0.8514,0.006529
DuelingDQN,deceptive_grid,1,123,17537,-20.725,18,1,0.8513,0.017475
DuelingDQN,deceptive_grid,1,124,17737,-209.835,200,0,0.8496,0.007285
DuelingDQN,deceptive_grid,1,125,17865,-149.575,128,1,0.8485,0.002488
DuelingDQN,deceptive_grid,1,126,18065,-222.035,200,0,0.8468,0.004867
DuelingDQN,deceptive_grid,1,127,18212,-142.94,147,1,0.8455,0.00643
DuelingDQN,deceptive_grid,1,128,18229,-21.665,17,1,0.8454,0.002446
DuelingDQN,deceptive_grid,1,129,18288,-40.905,59,1,0.8449,0.002458
DuelingDQN,deceptive_grid,1,130,18320,-41.14,32,1,0.8446,0.002567
DuelingDQN,deceptive_grid,1,131,18335,-14.04,15,1,0.8445,0.001916
DuelingDQN,deceptive_grid,1,132,18501,-202.585,166,1,0.8431,0.002296
DuelingDQN,deceptive_grid,1,133,18549,-39.705,48,1,0.8427,0.010969
DuelingDQN,deceptive_grid,1,134,18581,-20.655,32,1,0.8424,0.008322
DuelingDQN,deceptive_grid,1,135,18640,-75.375,59,1,0.8419,0.004908
DuelingDQN,deceptive_grid,1,136,18840,-201.7,200,0,0.8402,0.002091
DuelingDQN,deceptive_grid,1,137,18994,-193.3,154,1,0.8389,0.001262
DuelingDQN,deceptive_grid,1,138,19093,-140.075,99,1,0.8381,0.009856
DuelingDQN,deceptive_grid,1,139,19106,-7.29,13,1,0.8379,0.008725
DuelingDQN,deceptive_grid,1,140,19114,6.13,8,1,0.8379,0.009928
DuelingDQN,deceptive_grid,1,141,19142,-16.81,28,1,0.8376,0.006587
DuelingDQN,deceptive_grid,1,142,19206,-64.135,64,1,0.8371,0.003987
DuelingDQN,deceptive_grid,1,143,19320,-92.54,114,1,0.8361,0.002377
DuelingDQN,deceptive_grid,1,144,19392,-77.04,72,1,0.8355,0.001361
DuelingDQN,deceptive_grid,1,145,19585,-214.15,193,1,0.8339,0.004751
DuelingDQN,deceptive_grid,1,146,19620,-35.64,35,1,0.8336,0.006054
DuelingDQN,deceptive_grid,1,147,19766,-173.91,146,1,0.8324,0.004444
DuelingDQN,deceptive_grid,1,148,19952,-230.195,186,1,0.8308,0.001958
DuelingDQN,deceptive_grid,1,149,20019,-76.09,67,1,0.8302,0.002735
DuelingDQN,deceptive_grid,1,150,20116,-90.27,97,1,0.8294,0.006905
DuelingDQN,deceptive_grid,1,151,20171,-46.415,55,1,0.8289,0.005538
DuelingDQN,deceptive_grid,1,152,20371,-221.345,200,0,0.8272,0.002479
DuelingDQN,deceptive_grid,1,153,20571,-222.22,200,0,0.8255,0.003193
DuelingDQN,deceptive_grid,1,154,20741,-222.385,170,1,0.8241,0.004757
DuelingDQN,deceptive_grid,1,155,20877,-155.0,136,1,0.8229,0.001954
DuelingDQN,deceptive_grid,1,156,21008,-142.73,131,1,0.8218,0.001173
DuelingDQN,deceptive_grid,1,157,21048,-35.65,40,1,0.8215,0.004474
DuelingDQN,deceptive_grid,1,158,21107,-65.775,59,1,0.821,0.00507
DuelingDQN,deceptive_grid,1,159,21303,-204.795,196,1,0.8193,0.00252
DuelingDQN,deceptive_grid,1,160,21402,-107.775,99,1,0.8185,0.001261
DuelingDQN,deceptive_grid,1,161,21546,-156.565,144,1,0.8173,0.002816
DuelingDQN,deceptive_grid,1,162,21683,-159.1,137,1,0.8161,0.005883
DuelingDQN,deceptive_grid,1,163,21775,-91.63,92,1,0.8153,0.002803
DuelingDQN,deceptive_grid,1,164,21923,-140.15,148,1,0.8141,0.003082
DuelingDQN,deceptive_grid,1,165,21966,-25.115,43,1,0.8137,0.002119
DuelingDQN,deceptive_grid,1,166,22103,-173.275,137,1,0.8125,0.003585
DuelingDQN,deceptive_grid,1,167,22139,-31.725,36,1,0.8122,0.003779
DuelingDQN,deceptive_grid,1,168,22219,-95.1,80,1,0.8115,0.003393
DuelingDQN,deceptive_grid,1,169,22260,-33.34,41,1,0.8112,0.001853
DuelingDQN,deceptive_grid,1,170,22460,-265.4,200,0,0.8095,0.001114
DuelingDQN,deceptive_grid,1,171,22660,-214.035,200,0,0.8078,0.003273
DuelingDQN,deceptive_grid,1,172,22731,-54.96,71,1,0.8072,0.002446
DuelingDQN,deceptive_grid,1,173,22811,-70.035,80,1,0.8065,0.002472
DuelingDQN,deceptive_grid,1,174,22864,-35.99,53,1,0.8061,0.004242
DuelingDQN,deceptive_grid,1,175,22943,-63.68,79,1,0.8054,0.002311
DuelingDQN,deceptive_grid,1,176,23025,-71.195,82,1,0.8047,0.004183
DuelingDQN,deceptive_grid,1,177,23095,-65.585,70,1,0.8041,0.004661
DuelingDQN,deceptive_grid,1,178,23295,-215.755,200,0,0.8024,0.002336
DuelingDQN,deceptive_grid,1,179,23313,-15.21,18,1,0.8023,0.00144
DuelingDQN,deceptive_grid,1,180,23437,-134.76,124,1,0.8012,0.001215
DuelingDQN,deceptive_grid,1,181,23596,-145.495,159,1,0.7999,0.00418
DuelingDQN,deceptive_grid,1,182,23697,-97.68,101,1,0.799,0.004065
DuelingDQN,deceptive_grid,1,183,23757,-60.085,60,1,0.7985,0.002187
DuelingDQN,deceptive_grid,1,184,23896,-135.585,139,1,0.7973,0.001761
DuelingDQN,deceptive_grid,1,185,23924,-19.425,28,1,0.7971,0.001495
DuelingDQN,deceptive_grid,1,186,23997,-89.76,73,1,0.7965,0.001051
DuelingDQN,deceptive_grid,1,187,24197,-237.615,200,0,0.7948,0.00486
DuelingDQN,deceptive_grid,1,188,24269,-62.33,72,1,0.7942,0.001793
DuelingDQN,deceptive_grid,1,189,24361,-108.545,92,1,0.7934,0.001115
DuelingDQN,deceptive_grid,1,190,24442,-84.64,81,1,0.7927,0.00061
DuelingDQN,deceptive_grid,1,191,24572,-167.805,130,1,0.7916,0.002114
DuelingDQN,deceptive_grid,1,192,24689,-105.12,117,1,0.7906,0.00379
DuelingDQN,deceptive_grid,1,193,24730,-36.81,41,1,0.7902,0.002171
DuelingDQN,deceptive_grid,1,194,24797,-67.34,67,1,0.7897,0.001547
DuelingDQN,deceptive_grid,1,195,24891,-95.495,94,1,0.7889,0.000784
DuelingDQN,deceptive_grid,1,196,25014,-123.3,123,1,0.7878,0.000926
DuelingDQN,deceptive_grid,1,197,25042,-15.78,28,1,0.7876,0.003856
DuelingDQN,deceptive_grid,1,198,25174,-114.785,132,1,0.7865,0.008697
DuelingDQN,deceptive_grid,1,199,25243,-75.23,69,1,0.7859,0.00359
DuelingDQN,deceptive_grid,1,200,25317,-76.105,74,1,0.7853,0.001547
DuelingDQN,deceptive_grid,1,201,25387,-89.03,70,1,0.7847,0.001149
DuelingDQN,deceptive_grid,1,202,25458,-83.03,71,1,0.7841,0.000869
DuelingDQN,deceptive_grid,1,203,25548,-100.11,90,1,0.7833,0.001957
DuelingDQN,deceptive_grid,1,204,25606,-51.695,58,1,0.7828,0.002534
DuelingDQN,deceptive_grid,1,205,25685,-107.875,79,1,0.7821,0.001953
DuelingDQN,deceptive_grid,1,206,25851,-214.445,166,1,0.7807,0.002006
DuelingDQN,deceptive_grid,1,207,25962,-166.325,111,1,0.7798,0.000969
DuelingDQN,deceptive_grid,1,208,26037,-68.595,75,1,0.7792,0.001968
DuelingDQN,deceptive_grid,1,209,26144,-107.935,107,1,0.7783,0.002656
DuelingDQN,deceptive_grid,1,210,26230,-105.64,86,1,0.7775,0.001792
DuelingDQN,deceptive_grid,1,211,26304,-66.43,74,1,0.7769,0.001511
DuelingDQN,deceptive_grid,1,212,26369,-64.5,65,1,0.7763,0.001745
DuelingDQN,deceptive_grid,1,213,26441,-68.315,72,1,0.7757,0.002446
DuelingDQN,deceptive_grid,1,214,26516,-81.06,75,1,0.7751,0.002801
DuelingDQN,deceptive_grid,1,215,26544,-16.9,28,1,0.7749,0.003923
DuelingDQN,deceptive_grid,1,216,26739,-188.725,195,1,0.7732,0.002671
DuelingDQN,deceptive_grid,1,217,26896,-158.27,157,1,0.7719,0.001103
DuelingDQN,deceptive_grid,1,218,26919,-18.335,23,1,0.7717,0.001102
DuelingDQN,deceptive_grid,1,219,27029,-89.17,110,1,0.7707,0.001985
DuelingDQN,deceptive_grid,1,220,27150,-103.715,121,1,0.7697,0.0041
DuelingDQN,deceptive_grid,1,221,27238,-66.69,88,1,0.769,0.003722
DuelingDQN,deceptive_grid,1,222,27352,-118.84,114,1,0.768,0.003498
DuelingDQN,deceptive_grid,1,223,27517,-179.46,165,1,0.7666,0.002466
DuelingDQN,deceptive_grid,1,224,27565,-33.655,48,1,0.7662,0.005117
DuelingDQN,deceptive_grid,1,225,27590,-14.575,25,1,0.766,0.003944
DuelingDQN,deceptive_grid,1,226,27678,-66.75,88,1,0.7652,0.002604
DuelingDQN,deceptive_grid,1,227,27690,-2.275,12,1,0.7651,0.002304
DuelingDQN,deceptive_grid,1,228,27777,-84.28,87,1,0.7644,0.001907
DuelingDQN,deceptive_grid,1,229,27961,-227.605,184,1,0.7628,0.002096
DuelingDQN,deceptive_grid,1,230,28112,-224.77,151,1,0.7616,0.007635
DuelingDQN,deceptive_grid,1,231,28144,-28.52,32,1,0.7613,0.004332
DuelingDQN,deceptive_grid,1,232,28316,-193.125,172,1,0.7598,0.001922
DuelingDQN,deceptive_grid,1,233,28489,-183.84,173,1,0.7584,0.000783
DuelingDQN,deceptive_grid,1,234,28562,-66.355,73,1,0.7577,0.003986
DuelingDQN,deceptive_grid,1,235,28697,-126.735,135,1,0.7566,0.002533
DuelingDQN,deceptive_grid,1,236,28770,-55.955,73,1,0.756,0.001181
DuelingDQN,deceptive_grid,1,237,28859,-75.84,89,1,0.7552,0.0007
DuelingDQN,deceptive_grid,1,238,28892,-29.49,33,1,0.7549,0.000502
DuelingDQN,deceptive_grid,1,239,28991,-101.035,99,1,0.7541,0.000426
DuelingDQN,deceptive_grid,1,240,29035,-37.505,44,1,0.7537,0.004536
DuelingDQN,deceptive_grid,1,241,29136,-85.44,101,1,0.7529,0.006814
DuelingDQN,deceptive_grid,1,242,29199,-61.79,63,1,0.7523,0.002854
DuelingDQN,deceptive_grid,1,243,29346,-161.875,147,1,0.7511,0.001464
DuelingDQN,deceptive_grid,1,244,29393,-32.205,47,1,0.7507,0.000772
DuelingDQN,deceptive_grid,1,245,29521,-165.65,128,1,0.7496,0.001379
DuelingDQN,deceptive_grid,1,246,29562,-27.65,41,1,0.7493,0.002944
DuelingDQN,deceptive_grid,1,247,29620,-50.66,58,1,0.7488,0.002997
DuelingDQN,deceptive_grid,1,248,29686,-69.31,66,1,0.7482,0.002463
DuelingDQN,deceptive_grid,1,249,29735,-36.485,49,1,0.7478,0.001579
DuelingDQN,deceptive_grid,1,250,29789,-69.44,54,1,0.7473,0.001241
DuelingDQN,deceptive_grid,1,251,29867,-77.875,78,1,0.7467,0.001157
DuelingDQN,deceptive_grid,1,252,29949,-97.305,82,1,0.746,0.001356
DuelingDQN,deceptive_grid,1,253,30088,-135.79,139,1,0.7448,0.002866
DuelingDQN,deceptive_grid,1,254,30193,-144.975,105,1,0.7439,0.002799
DuelingDQN,deceptive_grid,1,255,30290,-92.7,97,1,0.7431,0.002685
DuelingDQN,deceptive_grid,1,256,30382,-103.675,92,1,0.7423,0.001246
DuelingDQN,deceptive_grid,1,257,30466,-82.515,84,1,0.7416,0.001328
DuelingDQN,deceptive_grid,1,258,30588,-133.725,122,1,0.7406,0.002892
DuelingDQN,deceptive_grid,1,259,30634,-22.325,46,1,0.7402,0.002505
DuelingDQN,deceptive_grid,1,260,30702,-48.48,68,1,0.7396,0.002166
DuelingDQN,deceptive_grid,1,261,30710,-1.895,8,1,0.7395,0.002363
DuelingDQN,deceptive_grid,1,262,30834,-112.14,124,1,0.7385,0.001315
DuelingDQN,deceptive_grid,1,263,30855,-11.52,21,1,0.7383,0.000947
DuelingDQN,deceptive_grid,1,264,30912,-50.265,57,1,0.7378,0.00156
DuelingDQN,deceptive_grid,1,265,31017,-96.485,105,1,0.7369,0.001572
DuelingDQN,deceptive_grid,1,266,31047,-29.065,30,1,0.7367,0.004614
DuelingDQN,deceptive_grid,1,267,31106,-48.85,59,1,0.7362,0.003639
DuelingDQN,deceptive_grid,1,268,31207,-99.265,101,1,0.7353,0.003423
DuelingDQN,deceptive_grid,1,269,31268,-47.4,61,1,0.7348,0.001805
DuelingDQN,deceptive_grid,1,270,31294,-21.54,26,1,0.7346,0.002279
DuelingDQN,deceptive_grid,1,271,31453,-156.395,159,1,0.7332,0.001129
DuelingDQN,deceptive_grid,1,272,31588,-150.89,135,1,0.7321,0.003839
DuelingDQN,deceptive_grid,1,273,31664,-75.395,76,1,0.7314,0.004439
DuelingDQN,deceptive_grid,1,274,31783,-140.975,119,1,0.7304,0.003628
DuelingDQN,deceptive_grid,1,275,31873,-92.72,90,1,0.7297,0.001249
DuelingDQN,deceptive_grid,1,276,31885,1.18,12,1,0.7296,0.000838
DuelingDQN,deceptive_grid,1,277,31908,-20.58,23,1,0.7294,0.000607
DuelingDQN,deceptive_grid,1,278,31955,-43.08,47,1,0.729,0.000678
DuelingDQN,deceptive_grid,1,279,32011,-42.49,56,1,0.7285,0.001466
DuelingDQN,deceptive_grid,1,280,32095,-83.17,84,1,0.7278,0.003647
DuelingDQN,deceptive_grid,1,281,32140,-47.545,45,1,0.7274,0.00201
DuelingDQN,deceptive_grid,1,282,32226,-74.695,86,1,0.7267,0.00241
DuelingDQN,deceptive_grid,1,283,32296,-48.005,70,1,0.7261,0.002523
DuelingDQN,deceptive_grid,1,284,32313,-12.56,17,1,0.7259,0.002121
DuelingDQN,deceptive_grid,1,285,32371,-43.24,58,1,0.7254,0.001787
DuelingDQN,deceptive_grid,1,286,32444,-52.11,73,1,0.7248,0.000843
DuelingDQN,deceptive_grid,1,287,32530,-69.155,86,1,0.7241,0.001772
DuelingDQN,deceptive_grid,1,288,32624,-102.47,94,1,0.7233,0.002943
DuelingDQN,deceptive_grid,1,289,32627,9.515,3,1,0.7233,0.001548
DuelingDQN,deceptive_grid,1,290,32689,-60.795,62,1,0.7227,0.001519
DuelingDQN,deceptive_grid,1,291,32755,-57.585,66,1,0.7222,0.001452
DuelingDQN,deceptive_grid,1,292,32763,5.1,8,1,0.7221,0.000856
DuelingDQN,deceptive_grid,1,293,32775,-9.29,12,1,0.722,0.000774
DuelingDQN,deceptive_grid,1,294,32881,-113.73,106,1,0.7211,0.000607
DuelingDQN,deceptive_grid,1,295,32901,-5.69,20,1,0.7209,0.000585
DuelingDQN,deceptive_grid,1,296,32921,-8.03,20,1,0.7208,0.000535
DuelingDQN,deceptive_grid,1,297,32926,6.54,5,1,0.7207,0.00036
DuelingDQN,deceptive_grid,1,298,32998,-84.11,72,1,0.7201,0.000393
DuelingDQN,deceptive_grid,1,299,33001,9.515,3,1,0.7201,0.002489
DuelingDQN,deceptive_grid,1,300,33070,-48.06,69,1,0.7195,0.004224
DuelingDQN,deceptive_grid,1,301,33265,-186.49,195,1,0.7179,0.003179
DuelingDQN,deceptive_grid,1,302,33344,-80.17,79,1,0.7172,0.002137
DuelingDQN,deceptive_grid,1,303,33409,-65.86,65,1,0.7166,0.001787
DuelingDQN,deceptive_grid,1,304,33512,-90.43,103,1,0.7158,0.001571
DuelingDQN,deceptive_grid,1,305,33559,-33.48,47,1,0.7154,0.003587
DuelingDQN,deceptive_grid,1,306,33614,-60.685,55,1,0.7149,0.003469
DuelingDQN,deceptive_grid,1,307,33649,-31.015,35,1,0.7146,0.002352
DuelingDQN,deceptive_grid,1,308,33660,1.655,11,1,0.7145,0.001824
DuelingDQN,deceptive_grid,1,309,33690,-21.055,30,1,0.7142,0.001979
DuelingDQN,deceptive_grid,1,310,33781,-81.445,91,1,0.7135,0.002212
DuelingDQN,deceptive_grid,1,311,33789,5.08,8,1,0.7134,0.001503
DuelingDQN,deceptive_grid,1,312,33811,-10.03,22,1,0.7132,0.001277
DuelingDQN,deceptive_grid,1,313,33892,-93.555,81,1,0.7125,0.00109
DuelingDQN,deceptive_grid,1,314,33963,-64.365,71,1,0.7119,0.001306
DuelingDQN,deceptive_grid,1,315,33972,4.63,9,1,0.7119,0.001246
DuelingDQN,deceptive_grid,1,316,34011,-33.975,39,1,0.7115,0.001752
DuelingDQN,deceptive_grid,1,317,34152,-171.61,141,1,0.7103,0.002844
DuelingDQN,deceptive_grid,1,318,34211,-51.065,59,1,0.7098,0.003934
DuelingDQN,deceptive_grid,1,319,34295,-65.75,84,1,0.7091,0.001863
DuelingDQN,deceptive_grid,1,320,34337,-31.785,42,1,0.7088,0.0011
DuelingDQN,deceptive_grid,1,321,34406,-87.22,69,1,0.7082,0.000969
DuelingDQN,deceptive_grid,1,322,34449,-45.735,43,1,0.7078,0.000811
DuelingDQN,deceptive_grid,1,323,34461,-6.825,12,1,0.7077,0.000651
DuelingDQN,deceptive_grid,1,324,34470,0.11,9,1,0.7076,0.000599
DuelingDQN,deceptive_grid,1,325,34537,-55.24,67,1,0.7071,0.001852
DuelingDQN,deceptive_grid,1,326,34600,-55.405,63,1,0.7065,0.002691
DuelingDQN,deceptive_grid,1,327,34606,7.055,6,1,0.7065,0.003009
DuelingDQN,deceptive_grid,1,328,34636,-15.255,30,1,0.7062,0.002882
DuelingDQN,deceptive_grid,1,329,34673,-46.385,37,1,0.7059,0.001881
DuelingDQN,deceptive_grid,1,330,34710,-29.855,37,1,0.7056,0.001398
DuelingDQN,deceptive_grid,1,331,34774,-53.5,64,1,0.7051,0.001145
DuelingDQN,deceptive_grid,1,332,34813,-23.45,39,1,0.7047,0.000816
DuelingDQN,deceptive_grid,1,333,34895,-80.45,82,1,0.704,0.000525
DuelingDQN,deceptive_grid,1,334,34969,-58.7,74,1,0.7034,0.000616
DuelingDQN,deceptive_grid,1,335,34992,-12.565,23,1,0.7032,0.000712
DuelingDQN,deceptive_grid,1,336,35041,-66.525,49,1,0.7028,0.002332
DuelingDQN,deceptive_grid,1,337,35074,-30.52,33,1,0.7025,0.002206
DuelingDQN,deceptive_grid,1,338,35161,-82.815,87,1,0.7018,0.002205
DuelingDQN,deceptive_grid,1,339,35329,-148.825,168,1,0.7003,0.001525
DuelingDQN,deceptive_grid,1,340,35355,-10.585,26,1,0.7001,0.001108
DuelingDQN,deceptive_grid,1,341,35407,-34.33,52,1,0.6997,0.001118
DuelingDQN,deceptive_grid,1,342,35496,-79.6,89,1,0.6989,0.001589
DuelingDQN,deceptive_grid,1,343,35546,-42.63,50,1,0.6985,0.004082
DuelingDQN,deceptive_grid,1,344,35583,-17.23,37,1,0.6982,0.003652
DuelingDQN,deceptive_grid,1,345,35596,0.73,13,1,0.6981,0.002521
DuelingDQN,deceptive_grid,1,346,35663,-50.115,67,1,0.6975,0.002133
DuelingDQN,deceptive_grid,1,347,35679,-13.195,16,1,0.6974,0.001623
DuelingDQN,deceptive_grid,1,348,35714,-18.155,35,1,0.6971,0.001376
DuelingDQN,deceptive_grid,1,349,35788,-56.585,74,1,0.6964,0.00136
DuelingDQN,deceptive_grid,1,350,35839,-41.61,51,1,0.696,0.001292
DuelingDQN,deceptive_grid,1,351,35852,-2.735,13,1,0.6959,0.00128
DuelingDQN,deceptive_grid,1,352,35892,-36.42,40,1,0.6956,0.00161
DuelingDQN,deceptive_grid,1,353,36022,-157.05,130,1,0.6945,0.002515
DuelingDQN,deceptive_grid,1,354,36094,-56.56,72,1,0.6939,0.003806
DuelingDQN,deceptive_grid,1,355,36166,-70.365,72,1,0.6932,0.002507
DuelingDQN,deceptive_grid,1,356,36199,-36.84,33,1,0.693,0.001853
DuelingDQN,deceptive_grid,1,357,36302,-107.06,103,1,0.6921,0.001332
DuelingDQN,deceptive_grid,1,358,36321,-14.19,19,1,0.6919,0.001143
DuelingDQN,deceptive_grid,1,359,36342,-6.91,21,1,0.6918,0.00121
DuelingDQN,deceptive_grid,1,360,36393,-33.82,51,1,0.6913,0.000946
DuelingDQN,deceptive_grid,1,361,36442,-55.31,49,1,0.6909,0.000927
DuelingDQN,deceptive_grid,1,362,36513,-71.8,71,1,0.6903,0.00178
DuelingDQN,deceptive_grid,1,363,36571,-56.24,58,1,0.6898,0.004886
DuelingDQN,deceptive_grid,1,364,36702,-151.715,131,1,0.6887,0.005875
DuelingDQN,deceptive_grid,1,365,36717,-4.72,15,1,0.6886,0.004536
DuelingDQN,deceptive_grid,1,366,36836,-102.295,119,1,0.6876,0.001518
DuelingDQN,deceptive_grid,1,367,36878,-23.285,42,1,0.6872,0.000796
DuelingDQN,deceptive_grid,1,368,36890,1.16,12,1,0.6871,0.000839
DuelingDQN,deceptive_grid,1,369,36956,-60.66,66,1,0.6865,0.000795
DuelingDQN,deceptive_grid,1,370,37018,-55.305,62,1,0.686,0.001269
DuelingDQN,deceptive_grid,1,371,37035,-8.82,17,1,0.6859,0.002605
DuelingDQN,deceptive_grid,1,372,37086,-50.005,51,1,0.6854,0.002026
DuelingDQN,deceptive_grid,1,373,37114,-23.615,28,1,0.6852,0.00135
DuelingDQN,deceptive_grid,1,374,37150,-30.37,36,1,0.6849,0.001114
DuelingDQN,deceptive_grid,1,375,37243,-105.33,93,1,0.6841,0.000766
DuelingDQN,deceptive_grid,1,376,37315,-72.005,72,1,0.6835,0.000656
DuelingDQN,deceptive_grid,1,377,37356,-18.82,41,1,0.6831,0.000691
DuelingDQN,deceptive_grid,1,378,37366,2.095,10,1,0.6831,0.000558
DuelingDQN,deceptive_grid,1,379,37411,-28.64,45,1,0.6827,0.000515
DuelingDQN,deceptive_grid,1,380,37509,-103.71,98,1,0.6819,0.000662
DuelingDQN,deceptive_grid,1,381,37571,-41.81,62,1,0.6813,0.00248
DuelingDQN,deceptive_grid,1,382,37579,5.09,8,1,0.6813,0.003697
DuelingDQN,deceptive_grid,1,383,37620,-33.62,41,1,0.6809,0.003052
DuelingDQN,deceptive_grid,1,384,37681,-42.68,61,1,0.6804,0.002263
DuelingDQN,deceptive_grid,1,385,37701,-5.955,20,1,0.6802,0.001204
DuelingDQN,deceptive_grid,1,386,37758,-44.62,57,1,0.6797,0.001564
DuelingDQN,deceptive_grid,1,387,37792,-25.15,34,1,0.6795,0.003281
DuelingDQN,deceptive_grid,1,388,37800,7.14,8,1,0.6794,0.002523
DuelingDQN,deceptive_grid,1,389,37832,-47.0,32,1,0.6791,0.001832
DuelingDQN,deceptive_grid,1,390,37925,-85.88,93,1,0.6783,0.001614
DuelingDQN,deceptive_grid,1,391,37995,-55.535,70,1,0.6777,0.00155
DuelingDQN,deceptive_grid,1,392,38092,-81.215,97,1,0.6769,0.003178
DuelingDQN,deceptive_grid,1,393,38150,-46.475,58,1,0.6764,0.002284
DuelingDQN,deceptive_grid,1,394,38196,-27.315,46,1,0.676,0.001409
DuelingDQN,deceptive_grid,1,395,38215,-4.145,19,1,0.6759,0.001327
DuelingDQN,deceptive_grid,1,396,38255,-28.715,40,1,0.6755,0.001726
DuelingDQN,deceptive_grid,1,397,38258,8.515,3,1,0.6755,0.001459
DuelingDQN,deceptive_grid,1,398,38321,-44.32,63,1,0.675,0.001866
DuelingDQN,deceptive_grid,1,399,38392,-76.52,71,1,0.6744,0.001183
DuelingDQN,deceptive_grid,1,400,38471,-76.39,79,1,0.6737,0.001136
DuelingDQN,deceptive_grid,1,401,38525,-46.035,54,1,0.6732,0.002113
DuelingDQN,deceptive_grid,1,402,38620,-107.31,95,1,0.6724,0.003009
DuelingDQN,deceptive_grid,1,403,38686,-44.875,66,1,0.6719,0.001472
DuelingDQN,deceptive_grid,1,404,38731,-35.625,45,1,0.6715,0.00111
DuelingDQN,deceptive_grid,1,405,38763,-27.545,32,1,0.6712,0.000932
DuelingDQN,deceptive_grid,1,406,38770,1.065,7,1,0.6712,0.00064
DuelingDQN,deceptive_grid,1,407,38814,-42.595,44,1,0.6708,0.000699
DuelingDQN,deceptive_grid,1,408,38907,-111.015,93,1,0.67,0.000915
DuelingDQN,deceptive_grid,1,409,38937,-8.525,30,1,0.6697,0.000814
DuelingDQN,deceptive_grid,1,410,38947,-1.415,10,1,0.6697,0.000712
DuelingDQN,deceptive_grid,1,411,39026,-58.55,79,1,0.669,0.002243
DuelingDQN,deceptive_grid,1,412,39070,-42.62,44,1,0.6686,0.004247
DuelingDQN,deceptive_grid,1,413,39129,-41.745,59,1,0.6681,0.004006
DuelingDQN,deceptive_grid,1,414,39167,-35.24,38,1,0.6678,0.006507
DuelingDQN,deceptive_grid,1,415,39200,-17.61,33,1,0.6675,0.005237
DuelingDQN,deceptive_grid,1,416,39233,-28.485,33,1,0.6672,0.002499
DuelingDQN,deceptive_grid,1,417,39266,-20.8,33,1,0.6669,0.001519
DuelingDQN,deceptive_grid,1,418,39270,9.03,4,1,0.6669,0.001654
DuelingDQN,deceptive_grid,1,419,39272,10.005,2,1,0.6669,0.001285
DuelingDQN,deceptive_grid,1,420,39367,-77.125,95,1,0.6661,0.001085
DuelingDQN,deceptive_grid,1,421,39405,-53.15,38,1,0.6658,0.000569
DuelingDQN,deceptive_grid,1,422,39488,-70.465,83,1,0.6651,0.000473
DuelingDQN,deceptive_grid,1,423,39517,-20.78,29,1,0.6648,0.001888
DuelingDQN,deceptive_grid,1,424,39529,2.21,12,1,0.6647,0.002584
DuelingDQN,deceptive_grid,1,425,39604,-69.55,75,1,0.6641,0.002374
DuelingDQN,deceptive_grid,1,426,39641,-31.695,37,1,0.6638,0.001933
DuelingDQN,deceptive_grid,1,427,39668,-9.545,27,1,0.6635,0.001545
DuelingDQN,deceptive_grid,1,428,39683,-8.26,15,1,0.6634,0.001096
DuelingDQN,deceptive_grid,1,429,39733,-38.445,50,1,0.663,0.000918
DuelingDQN,deceptive_grid,1,430,39781,-40.71,48,1,0.6626,0.001249
DuelingDQN,deceptive_grid,1,431,39785,9.03,4,1,0.6625,0.001247
DuelingDQN,deceptive_grid,1,432,39820,-26.145,35,1,0.6622,0.00127
DuelingDQN,deceptive_grid,1,433,39852,-27.575,32,1,0.662,0.000971
DuelingDQN,deceptive_grid,1,434,39929,-63.465,77,1,0.6613,0.000989
DuelingDQN,deceptive_grid,1,435,39993,-64.335,64,1,0.6608,0.000598
DuelingDQN,deceptive_grid,1,436,40077,-72.93,84,1,0.6601,0.002471
DuelingDQN,deceptive_grid,1,437,40106,-8.6,29,1,0.6598,0.002275
DuelingDQN,deceptive_grid,1,438,40147,-31.005,41,1,0.6595,0.002042
DuelingDQN,deceptive_grid,1,439,40279,-133.3,132,1,0.6584,0.002092
DuelingDQN,deceptive_grid,1,440,40361,-88.82,82,1,0.6577,0.001358
DuelingDQN,deceptive_grid,1,441,40406,-32.425,45,1,0.6573,0.000838
DuelingDQN,deceptive_grid,1,442,40491,-75.73,85,1,0.6566,0.000692
DuelingDQN,deceptive_grid,1,443,40602,-99.88,111,1,0.6556,0.002491
DuelingDQN,deceptive_grid,1,444,40643,-40.495,41,1,0.6553,0.001564
DuelingDQN,deceptive_grid,1,445,40676,-27.02,33,1,0.655,0.00097
DuelingDQN,deceptive_grid,1,446,40733,-48.495,57,1,0.6545,0.000756
DuelingDQN,deceptive_grid,1,447,40757,-7.22,24,1,0.6543,0.000795
DuelingDQN,deceptive_grid,1,448,40793,-26.785,36,1,0.654,0.000625
DuelingDQN,deceptive_grid,1,449,40820,-23.39,27,1,0.6538,0.00058
DuelingDQN,deceptive_grid,1,450,40907,-82.125,87,1,0.653,0.000835
DuelingDQN,deceptive_grid,1,451,40974,-67.555,67,1,0.6525,0.001046
DuelingDQN,deceptive_grid,1,452,41009,-27.885,35,1,0.6522,0.001909
DuelingDQN,deceptive_grid,1,453,41025,-3.045,16,1,0.652,0.003647
DuelingDQN,deceptive_grid,1,454,41090,-52.58,65,1,0.6515,0.003484
DuelingDQN,deceptive_grid,1,455,41122,-18.36,32,1,0.6512,0.003438
DuelingDQN,deceptive_grid,1,456,41247,-145.15,125,1,0.6501,0.001805
DuelingDQN,deceptive_grid,1,457,41299,-41.26,52,1,0.6497,0.00087
DuelingDQN,deceptive_grid,1,458,41365,-50.99,66,1,0.6491,0.000769
DuelingDQN,deceptive_grid,1,459,41407,-28.71,42,1,0.6488,0.00079
DuelingDQN,deceptive_grid,1,460,41451,-28.575,44,1,0.6484,0.000578
DuelingDQN,deceptive_grid,1,461,41462,-4.3,11,1,0.6483,0.000457
DuelingDQN,deceptive_grid,1,462,41552,-78.855,90,1,0.6476,0.001784
DuelingDQN,deceptive_grid,1,463,41587,-20.605,35,1,0.6473,0.002121
DuelingDQN,deceptive_grid,1,464,41646,-48.54,59,1,0.6468,0.002184
DuelingDQN,deceptive_grid,1,465,41703,-62.12,57,1,0.6463,0.001515
DuelingDQN,deceptive_grid,1,466,41726,-14.84,23,1,0.6461,0.001152
DuelingDQN,deceptive_grid,1,467,41763,-35.42,37,1,0.6458,0.001071
DuelingDQN,deceptive_grid,1,468,41792,-45.755,29,1,0.6455,0.001536
DuelingDQN,deceptive_grid,1,469,41850,-50.25,58,1,0.645,0.004525
DuelingDQN,deceptive_grid,1,470,41879,-17.405,29,1,0.6448,0.007375
DuelingDQN,deceptive_grid,1,471,41951,-53.565,72,1,0.6442,0.004495
DuelingDQN,deceptive_grid,1,472,41952,10.5,1,1,0.6442,0.002435
DuelingDQN,deceptive_grid,1,473,41999,-26.255,47,1,0.6438,0.001435
DuelingDQN,deceptive_grid,1,474,42017,-1.465,18,1,0.6436,0.003235
DuelingDQN,deceptive_grid,1,475,42078,-70.26,61,1,0.6431,0.002878
DuelingDQN,deceptive_grid,1,476,42085,5.575,7,1,0.643,0.002316
DuelingDQN,deceptive_grid,1,477,42124,-30.385,39,1,0.6427,0.001677
DuelingDQN,deceptive_grid,1,478,42142,-9.49,18,1,0.6426,0.001362
DuelingDQN,deceptive_grid,1,479,42200,-60.72,58,1,0.6421,0.001363
DuelingDQN,deceptive_grid,1,480,42245,-31.285,45,1,0.6417,0.000855
DuelingDQN,deceptive_grid,1,481,42321,-65.735,76,1,0.641,0.000735
DuelingDQN,deceptive_grid,1,482,42391,-57.205,70,1,0.6404,0.000635
DuelingDQN,deceptive_grid,1,483,42468,-84.56,77,1,0.6398,0.000389
DuelingDQN,deceptive_grid,1,484,42538,-60.795,70,1,0.6392,0.001576
DuelingDQN,deceptive_grid,1,485,42640,-95.32,102,1,0.6383,0.0022
DuelingDQN,deceptive_grid,1,486,42743,-95.615,103,1,0.6375,0.001395
DuelingDQN,deceptive_grid,1,487,42750,5.555,7,1,0.6374,0.001631
DuelingDQN,deceptive_grid,1,488,42787,-26.805,37,1,0.6371,0.001998
DuelingDQN,deceptive_grid,1,489,42856,-47.28,69,1,0.6365,0.00114
DuelingDQN,deceptive_grid,1,490,42914,-70.68,58,1,0.636,0.000798
DuelingDQN,deceptive_grid,1,491,42989,-65.725,75,1,0.6354,0.000856
DuelingDQN,deceptive_grid,1,492,43011,-5.185,22,1,0.6352,0.001893
DuelingDQN,deceptive_grid,1,493,43037,-13.77,26,1,0.635,0.002704
DuelingDQN,deceptive_grid,1,494,43089,-33.87,52,1,0.6345,0.003449
DuelingDQN,deceptive_grid,1,495,43137,-30.51,48,1,0.6341,0.002461
DuelingDQN,deceptive_grid,1,496,43220,-80.645,83,1,0.6334,0.001889
DuelingDQN,deceptive_grid,1,497,43243,-8.975,23,1,0.6332,0.000898
DuelingDQN,deceptive_grid,1,498,43252,5.68,9,1,0.6331,0.000724
DuelingDQN,deceptive_grid,1,499,43299,-33.97,47,1,0.6327,0.000877
DuelingDQN,deceptive_grid,1,500,43345,-35.56,46,1,0.6323,0.000919
DuelingDQN,deceptive_grid,1,501,43434,-85.155,89,1,0.6316,0.000534
DuelingDQN,deceptive_grid,1,502,43509,-70.25,75,1,0.631,0.000507
DuelingDQN,deceptive_grid,1,503,43537,-14.655,28,1,0.6307,0.002474
DuelingDQN,deceptive_grid,1,504,43624,-80.8,87,1,0.63,0.001787
DuelingDQN,deceptive_grid,1,505,43735,-126.805,111,1,0.629,0.001587
DuelingDQN,deceptive_grid,1,506,43748,3.81,13,1,0.6289,0.001805
DuelingDQN,deceptive_grid,1,507,43779,-27.47,31,1,0.6287,0.001143
DuelingDQN,deceptive_grid,1,508,43822,-34.125,43,1,0.6283,0.000704
DuelingDQN,deceptive_grid,1,509,43875,-33.485,53,1,0.6279,0.00064
DuelingDQN,deceptive_grid,1,510,43952,-79.005,77,1,0.6272,0.000445
DuelingDQN,deceptive_grid,1,511,44036,-90.555,84,1,0.6265,0.001435
DuelingDQN,deceptive_grid,1,512,44074,-21.835,38,1,0.6262,0.003006
DuelingDQN,deceptive_grid,1,513,44109,-14.885,35,1,0.6259,0.003488
DuelingDQN,deceptive_grid,1,514,44171,-42.94,62,1,0.6253,0.00293
DuelingDQN,deceptive_grid,1,515,44200,-9.07,29,1,0.6251,0.00225
DuelingDQN,deceptive_grid,1,516,44255,-53.755,55,1,0.6246,0.001874
DuelingDQN,deceptive_grid,1,517,44328,-84.71,73,1,0.624,0.001276
DuelingDQN,deceptive_grid,1,518,44373,-28.995,45,1,0.6236,0.000822
DuelingDQN,deceptive_grid,1,519,44404,-30.525,31,1,0.6234,0.000685
DuelingDQN,deceptive_grid,1,520,44450,-32.795,46,1,0.623,0.000943
DuelingDQN,deceptive_grid,1,521,44564,-111.275,114,1,0.622,0.001639
DuelingDQN,deceptive_grid,1,522,44615,-48.495,51,1,0.6216,0.001995
DuelingDQN,deceptive_grid,1,523,44624,-4.39,9,1,0.6215,0.00114
DuelingDQN,deceptive_grid,1,524,44650,-17.1,26,1,0.6213,0.001299
DuelingDQN,deceptive_grid,1,525,44693,-26.995,43,1,0.6209,0.000888
DuelingDQN,deceptive_grid,1,526,44771,-65.89,78,1,0.6203,0.000766
DuelingDQN,deceptive_grid,1,527,44822,-56.61,51,1,0.6198,0.000767
DuelingDQN,deceptive_grid,1,528,44887,-49.29,65,1,0.6193,0.000643
DuelingDQN,deceptive_grid,1,529,44915,-13.83,28,1,0.619,0.000671
DuelingDQN,deceptive_grid,1,530,44948,-16.32,33,1,0.6188,0.000784
DuelingDQN,deceptive_grid,1,531,44957,3.58,9,1,0.6187,0.000868
DuelingDQN,deceptive_grid,1,532,45082,-116.37,125,1,0.6176,0.001421
DuelingDQN,deceptive_grid,1,533,45110,-13.475,28,1,0.6174,0.002099
DuelingDQN,deceptive_grid,1,534,45165,-33.235,55,1,0.6169,0.00149
DuelingDQN,deceptive_grid,1,535,45207,-30.195,42,1,0.6166,0.001435
DuelingDQN,deceptive_grid,1,536,45219,2.19,12,1,0.6165,0.001129
DuelingDQN,deceptive_grid,1,537,45222,8.515,3,1,0.6164,0.001077
DuelingDQN,deceptive_grid,1,538,45232,4.165,10,1,0.6163,0.001212
DuelingDQN,deceptive_grid,1,539,45250,-3.605,18,1,0.6162,0.001101
DuelingDQN,deceptive_grid,1,540,45293,-23.985,43,1,0.6158,0.001138
DuelingDQN,deceptive_grid,1,541,45310,-11.305,17,1,0.6157,0.000721
DuelingDQN,deceptive_grid,1,542,45344,-13.265,34,1,0.6154,0.001129
DuelingDQN,deceptive_grid,1,543,45410,-56.37,66,1,0.6148,0.001438
DuelingDQN,deceptive_grid,1,544,45456,-48.985,46,1,0.6144,0.002849
DuelingDQN,deceptive_grid,1,545,45497,-34.875,41,1,0.6141,0.001642
DuelingDQN,deceptive_grid,1,546,45529,-25.46,32,1,0.6138,0.002991
DuelingDQN,deceptive_grid,1,547,45567,-21.89,38,1,0.6135,0.00389
DuelingDQN,deceptive_grid,1,548,45576,5.64,9,1,0.6134,0.005029
DuelingDQN,deceptive_grid,1,549,45680,-103.565,104,1,0.6125,0.002423
DuelingDQN,deceptive_grid,1,550,45711,-19.09,31,1,0.6123,0.001202
DuelingDQN,deceptive_grid,1,551,45727,-8.65,16,1,0.6121,0.000957
DuelingDQN,deceptive_grid,1,552,45768,-32.54,41,1,0.6118,0.000873
DuelingDQN,deceptive_grid,1,553,45786,-10.73,18,1,0.6116,0.000599
DuelingDQN,deceptive_grid,1,554,45798,2.23,12,1,0.6115,0.000583
DuelingDQN,deceptive_grid,1,555,45832,-25.105,34,1,0.6113,0.000707
DuelingDQN,deceptive_grid,1,556,45862,-36.105,30,1,0.611,0.001057
DuelingDQN,deceptive_grid,1,557,45907,-39.52,45,1,0.6106,0.000781
DuelingDQN,deceptive_grid,1,558,45957,-45.435,50,1,0.6102,0.000602
DuelingDQN,deceptive_grid,1,559,46013,-48.54,56,1,0.6097,0.00159
DuelingDQN,deceptive_grid,1,560,46067,-50.425,54,1,0.6093,0.002366
DuelingDQN,deceptive_grid,1,561,46086,-17.805,19,1,0.6091,0.001851
DuelingDQN,deceptive_grid,1,562,46112,-7.305,26,1,0.6089,0.001361
DuelingDQN,deceptive_grid,1,563,46121,5.66,9,1,0.6088,0.000913
DuelingDQN,deceptive_grid,1,564,46173,-31.76,52,1,0.6084,0.001056
DuelingDQN,deceptive_grid,1,565,46193,-4.51,20,1,0.6082,0.001236
DuelingDQN,deceptive_grid,1,566,46341,-158.935,148,1,0.6069,0.000831
DuelingDQN,deceptive_grid,1,567,46388,-36.82,47,1,0.6065,0.000777
DuelingDQN,deceptive_grid,1,568,46413,-12.15,25,1,0.6063,0.000876
DuelingDQN,deceptive_grid,1,569,46449,-30.325,36,1,0.606,0.001113
DuelingDQN,deceptive_grid,1,570,46493,-23.8,44,1,0.6056,0.000831
DuelingDQN,deceptive_grid,1,571,46530,-35.335,37,1,0.6053,0.002221
DuelingDQN,deceptive_grid,1,572,46547,-7.81,17,1,0.6052,0.00308
DuelingDQN,deceptive_grid,1,573,46586,-36.455,39,1,0.6049,0.003363
DuelingDQN,deceptive_grid,1,574,46606,-11.09,20,1,0.6047,0.00336
DuelingDQN,deceptive_grid,1,575,46643,-38.77,37,1,0.6044,0.002206
DuelingDQN,deceptive_grid,1,576,46655,-3.42,12,1,0.6043,0.00243
DuelingDQN,deceptive_grid,1,577,46703,-46.78,48,1,0.6039,0.00278
DuelingDQN,deceptive_grid,1,578,46747,-26.88,44,1,0.6035,0.001905
DuelingDQN,deceptive_grid,1,579,46789,-43.935,42,1,0.6031,0.001352
DuelingDQN,deceptive_grid,1,580,46844,-38.765,55,1,0.6027,0.000967
DuelingDQN,deceptive_grid,1,581,46868,-17.5,24,1,0.6025,0.000741
DuelingDQN,deceptive_grid,1,582,46909,-27.795,41,1,0.6021,0.000876
DuelingDQN,deceptive_grid,1,583,46928,-5.125,19,1,0.602,0.000675
DuelingDQN,deceptive_grid,1,584,46988,-38.58,60,1,0.6014,0.000424
DuelingDQN,deceptive_grid,1,585,47020,-13.67,32,1,0.6012,0.001595
DuelingDQN,deceptive_grid,1,586,47066,-33.595,46,1,0.6008,0.002363
DuelingDQN,deceptive_grid,1,587,47113,-29.48,47,1,0.6004,0.001663
DuelingDQN,deceptive_grid,1,588,47122,4.61,9,1,0.6003,0.001608
DuelingDQN,deceptive_grid,1,589,47173,-47.185,51,1,0.5999,0.001431
DuelingDQN,deceptive_grid,1,590,47230,-65.29,57,1,0.5994,0.001036
DuelingDQN,deceptive_grid,1,591,47245,-7.185,15,1,0.5993,0.000798
DuelingDQN,deceptive_grid,1,592,47261,-3.07,16,1,0.5991,0.000747
DuelingDQN,deceptive_grid,1,593,47326,-48.19,65,1,0.5986,0.00071
DuelingDQN,deceptive_grid,1,594,47373,-37.91,47,1,0.5982,0.000747
DuelingDQN,deceptive_grid,1,595,47414,-35.88,41,1,0.5978,0.000604
DuelingDQN,deceptive_grid,1,596,47448,-35.255,34,1,0.5975,0.000513
DuelingDQN,deceptive_grid,1,597,47503,-39.3,55,1,0.5971,0.000773
DuelingDQN,deceptive_grid,1,598,47593,-75.36,90,1,0.5963,0.002258
DuelingDQN,deceptive_grid,1,599,47666,-77.52,73,1,0.5957,0.00449
DuelingDQN,deceptive_grid,1,600,47737,-83.865,71,1,0.5951,0.002389
DuelingDQN,deceptive_grid,1,601,47745,5.06,8,1,0.595,0.001721
DuelingDQN,deceptive_grid,1,602,47770,-6.47,25,1,0.5948,0.001509
DuelingDQN,deceptive_grid,1,603,47811,-36.785,41,1,0.5945,0.001099
DuelingDQN,deceptive_grid,1,604,47859,-52.705,48,1,0.5941,0.000755
DuelingDQN,deceptive_grid,1,605,47893,-25.09,34,1,0.5938,0.00059
DuelingDQN,deceptive_grid,1,606,47908,0.875,15,1,0.5936,0.000646
DuelingDQN,deceptive_grid,1,607,47917,0.095,9,1,0.5936,0.000552
DuelingDQN,deceptive_grid,1,608,47973,-56.27,56,1,0.5931,0.000496
DuelingDQN,deceptive_grid,1,609,48016,-31.795,43,1,0.5927,0.001227
DuelingDQN,deceptive_grid,1,610,48046,-15.57,30,1,0.5925,0.002122
DuelingDQN,deceptive_grid,1,611,48047,10.5,1,1,0.5925,0.001947
DuelingDQN,deceptive_grid,1,612,48100,-54.325,53,1,0.592,0.001746
DuelingDQN,deceptive_grid,1,613,48154,-63.105,54,1,0.5916,0.00215
DuelingDQN,deceptive_grid,1,614,48194,-29.585,40,1,0.5912,0.001792
DuelingDQN,deceptive_grid,1,615,48274,-59.36,80,1,0.5905,0.001351
DuelingDQN,deceptive_grid,1,616,48317,-40.97,43,1,0.5902,0.000892
DuelingDQN,deceptive_grid,1,617,48331,-11.18,14,1,0.5901,0.000516
DuelingDQN,deceptive_grid,1,618,48367,-29.255,36,1,0.5898,0.000627
DuelingDQN,deceptive_grid,1,619,48405,-36.075,38,1,0.5894,0.000689
DuelingDQN,deceptive_grid,1,620,48454,-32.985,49,1,0.589,0.000696
DuelingDQN,deceptive_grid,1,621,48488,-37.945,34,1,0.5887,0.000686
DuelingDQN,deceptive_grid,1,622,48536,-31.43,48,1,0.5883,0.002141
DuelingDQN,deceptive_grid,1,623,48546,3.115,10,1,0.5882,0.002685
DuelingDQN,deceptive_grid,1,624,48577,-17.97,31,1,0.588,0.001917
DuelingDQN,deceptive_grid,1,625,48615,-19.995,38,1,0.5876,0.002
DuelingDQN,deceptive_grid,1,626,48653,-24.685,38,1,0.5873,0.001358
DuelingDQN,deceptive_grid,1,627,48698,-33.14,45,1,0.5869,0.001279
DuelingDQN,deceptive_grid,1,628,48725,-15.6,27,1,0.5867,0.00124
DuelingDQN,deceptive_grid,1,629,48757,-26.335,32,1,0.5864,0.000789
DuelingDQN,deceptive_grid,1,630,48821,-93.48,64,1,0.5859,0.000521
DuelingDQN,deceptive_grid,1,631,48837,-0.61,16,1,0.5858,0.000475
DuelingDQN,deceptive_grid,1,632,48861,-11.0,24,1,0.5856,0.000572
DuelingDQN,deceptive_grid,1,633,48903,-30.76,42,1,0.5852,0.00059
DuelingDQN,deceptive_grid,1,634,48959,-48.875,56,1,0.5847,0.000724
DuelingDQN,deceptive_grid,1,635,49018,-70.305,59,1,0.5842,0.001144
DuelingDQN,deceptive_grid,1,636,49044,-13.935,26,1,0.584,0.001896
DuelingDQN,deceptive_grid,1,637,49102,-37.305,58,1,0.5835,0.001705
DuelingDQN,deceptive_grid,1,638,49152,-45.98,50,1,0.5831,0.001298
DuelingDQN,deceptive_grid,1,639,49202,-43.185,50,1,0.5827,0.00143
DuelingDQN,deceptive_grid,1,640,49250,-24.89,48,1,0.5823,0.001183
DuelingDQN,deceptive_grid,1,641,49258,-2.925,8,1,0.5822,0.001265
DuelingDQN,deceptive_grid,1,642,49332,-81.0,74,1,0.5816,0.00107
DuelingDQN,deceptive_grid,1,643,49343,-2.9,11,1,0.5815,0.000986
DuelingDQN,deceptive_grid,1,644,49380,-16.78,37,1,0.5812,0.000817
DuelingDQN,deceptive_grid,1,645,49406,-9.195,26,1,0.5809,0.000683
DuelingDQN,deceptive_grid,1,646,49413,7.605,7,1,0.5809,0.000618
DuelingDQN,deceptive_grid,1,647,49449,-13.14,36,1,0.5806,0.000649
DuelingDQN,deceptive_grid,1,648,49486,-20.39,37,1,0.5803,0.00081
DuelingDQN,deceptive_grid,1,649,49517,-10.915,31,1,0.58,0.001221
DuelingDQN,deceptive_grid,1,650,49556,-31.865,39,1,0.5797,0.002138
DuelingDQN,deceptive_grid,1,651,49585,-11.45,29,1,0.5794,0.00179
DuelingDQN,deceptive_grid,1,652,49632,-34.595,47,1,0.579,0.001249
DuelingDQN,deceptive_grid,1,653,49675,-23.715,43,1,0.5787,0.001222
DuelingDQN,deceptive_grid,1,654,49700,-13.47,25,1,0.5784,0.001785
DuelingDQN,deceptive_grid,1,655,49743,-35.035,43,1,0.5781,0.002066
DuelingDQN,deceptive_grid,1,656,49794,-44.43,51,1,0.5776,0.002981
DuelingDQN,deceptive_grid,1,657,49830,-19.62,36,1,0.5773,0.003039
DuelingDQN,deceptive_grid,1,658,49877,-27.315,47,1,0.5769,0.00246
DuelingDQN,deceptive_grid,1,659,49932,-47.53,55,1,0.5765,0.001429
DuelingDQN,deceptive_grid,1,660,49997,-54.705,65,1,0.5759,0.000745
DuelingDQN,deceptive_grid,1,661,50028,-17.04,31,1,0.5757,0.001725
DuelingDQN,deceptive_grid,1,662,50092,-60.115,64,1,0.5751,0.00192
DuelingDQN,deceptive_grid,1,663,50116,-8.47,24,1,0.5749,0.002018
DuelingDQN,deceptive_grid,1,664,50208,-78.315,92,1,0.5741,0.001821
DuelingDQN,deceptive_grid,1,665,50254,-31.695,46,1,0.5737,0.001158
DuelingDQN,deceptive_grid,1,666,50262,5.09,8,1,0.5737,0.000977
DuelingDQN,deceptive_grid,1,667,50310,-40.53,48,1,0.5733,0.000968
DuelingDQN,deceptive_grid,1,668,50379,-61.795,69,1,0.5727,0.000869
DuelingDQN,deceptive_grid,1,669,50459,-74.78,80,1,0.572,0.000588
DuelingDQN,deceptive_grid,1,670,50503,-35.89,44,1,0.5716,0.00056
DuelingDQN,deceptive_grid,1,671,50537,-13.775,34,1,0.5713,0.001883
DuelingDQN,deceptive_grid,1,672,50569,-15.34,32,1,0.5711,0.002127
DuelingDQN,deceptive_grid,1,673,50620,-38.255,51,1,0.5706,0.001723
DuelingDQN,deceptive_grid,1,674,50631,2.655,11,1,0.5705,0.001329
DuelingDQN,deceptive_grid,1,675,50638,5.555,7,1,0.5705,0.001498
DuelingDQN,deceptive_grid,1,676,50719,-69.1,81,1,0.5698,0.000934
DuelingDQN,deceptive_grid,1,677,50765,-36.56,46,1,0.5694,0.000666
DuelingDQN,deceptive_grid,1,678,50773,5.09,8,1,0.5693,0.000592
DuelingDQN,deceptive_grid,1,679,50809,-27.22,36,1,0.569,0.000708
DuelingDQN,deceptive_grid,1,680,50830,-9.565,21,1,0.5689,0.0005
DuelingDQN,deceptive_grid,1,681,50838,5.1,8,1,0.5688,0.000616
DuelingDQN,deceptive_grid,1,682,50875,-17.98,37,1,0.5685,0.000648
DuelingDQN,deceptive_grid,1,683,50900,-4.49,25,1,0.5683,0.001072
DuelingDQN,deceptive_grid,1,684,50928,-26.35,28,1,0.568,0.001266
DuelingDQN,deceptive_grid,1,685,50965,-25.385,37,1,0.5677,0.000739
DuelingDQN,deceptive_grid,1,686,51013,-28.12,48,1,0.5673,0.000921
DuelingDQN,deceptive_grid,1,687,51019,7.045,6,1,0.5673,0.001417
DuelingDQN,deceptive_grid,1,688,51056,-16.05,37,1,0.5669,0.001141
DuelingDQN,deceptive_grid,1,689,51145,-67.63,89,1,0.5662,0.00104
DuelingDQN,deceptive_grid,1,690,51180,-38.79,35,1,0.5659,0.000825
DuelingDQN,deceptive_grid,1,691,51210,-11.185,30,1,0.5656,0.000772
DuelingDQN,deceptive_grid,1,692,51233,-16.28,23,1,0.5654,0.000918
DuelingDQN,deceptive_grid,1,693,51283,-40.185,50,1,0.565,0.000942
DuelingDQN,deceptive_grid,1,694,51313,-23.71,30,1,0.5648,0.001178
DuelingDQN,deceptive_grid,1,695,51343,-23.71,30,1,0.5645,0.001536
DuelingDQN,deceptive_grid,1,696,51365,-5.365,22,1,0.5643,0.001011
DuelingDQN,deceptive_grid,1,697,51368,9.515,3,1,0.5643,0.000745
DuelingDQN,deceptive_grid,1,698,51453,-80.31,85,1,0.5636,0.000833
DuelingDQN,deceptive_grid,1,699,51473,-4.78,20,1,0.5634,0.001095
DuelingDQN,deceptive_grid,1,700,51485,2.18,12,1,0.5633,0.001018
DuelingDQN,deceptive_grid,1,701,51511,-17.045,26,1,0.5631,0.001654
DuelingDQN,deceptive_grid,1,702,51564,-36.385,53,1,0.5626,0.002494
DuelingDQN,deceptive_grid,1,703,51592,-11.33,28,1,0.5624,0.002056
DuelingDQN,deceptive_grid,1,704,51596,8.03,4,1,0.5624,0.0021
DuelingDQN,deceptive_grid,1,705,51634,-18.185,38,1,0.562,0.002639
DuelingDQN,deceptive_grid,1,706,51678,-41.475,44,1,0.5617,0.001965
DuelingDQN,deceptive_grid,1,707,51704,-11.405,26,1,0.5614,0.002069
DuelingDQN,deceptive_grid,1,708,51772,-66.635,68,1,0.5609,0.001581
DuelingDQN,deceptive_grid,1,709,51821,-31.45,49,1,0.5605,0.001164
DuelingDQN,deceptive_grid,1,710,51849,-13.58,28,1,0.5602,0.001215
DuelingDQN,deceptive_grid,1,711,51870,-6.325,21,1,0.56,0.001196
DuelingDQN,deceptive_grid,1,712,51903,-15.53,33,1,0.5598,0.001347
DuelingDQN,deceptive_grid,1,713,51923,-8.095,20,1,0.5596,0.001298
DuelingDQN,deceptive_grid,1,714,51976,-46.985,53,1,0.5591,0.001137
DuelingDQN,deceptive_grid,1,715,51998,-5.475,22,1,0.559,0.001159
DuelingDQN,deceptive_grid,1,716,52013,-1.585,15,1,0.5588,0.002319
DuelingDQN,deceptive_grid,1,717,52025,2.23,12,1,0.5587,0.00268
DuelingDQN,deceptive_grid,1,718,52060,-23.965,35,1,0.5584,0.003269
DuelingDQN,deceptive_grid,1,719,52121,-41.63,61,1,0.5579,0.001779
DuelingDQN,deceptive_grid,1,720,52157,-23.66,36,1,0.5576,0.00147
DuelingDQN,deceptive_grid,1,721,52201,-28.2,44,1,0.5572,0.000979
DuelingDQN,deceptive_grid,1,722,52216,-0.245,15,1,0.5571,0.000876
DuelingDQN,deceptive_grid,1,723,52245,-10.55,29,1,0.5569,0.000993
DuelingDQN,deceptive_grid,1,724,52288,-24.1,43,1,0.5565,0.000764
DuelingDQN,deceptive_grid,1,725,52361,-53.455,73,1,0.5559,0.001046
DuelingDQN,deceptive_grid,1,726,52382,-4.79,21,1,0.5557,0.000837
DuelingDQN,deceptive_grid,1,727,52406,-9.63,24,1,0.5555,0.000742
DuelingDQN,deceptive_grid,1,728,52416,4.135,10,1,0.5554,0.000652
DuelingDQN,deceptive_grid,1,729,52456,-18.24,40,1,0.5551,0.000859
DuelingDQN,deceptive_grid,1,730,52465,4.61,9,1,0.555,0.001033
DuelingDQN,deceptive_grid,1,731,52518,-41.655,53,1,0.5545,0.001457
DuelingDQN,deceptive_grid,1,732,52534,-0.68,16,1,0.5544,0.00261
DuelingDQN,deceptive_grid,1,733,52569,-30.86,35,1,0.5541,0.001889
DuelingDQN,deceptive_grid,1,734,52601,-27.95,32,1,0.5538,0.00334
DuelingDQN,deceptive_grid,1,735,52660,-67.545,59,1,0.5533,0.003123
DuelingDQN,deceptive_grid,1,736,52697,-32.74,37,1,0.553,0.003178
DuelingDQN,deceptive_grid,1,737,52720,-2.585,23,1,0.5528,0.00265
DuelingDQN,deceptive_grid,1,738,52760,-39.725,40,1,0.5525,0.002259
DuelingDQN,deceptive_grid,1,739,52823,-50.53,63,1,0.552,0.001054
DuelingDQN,deceptive_grid,1,740,52849,-9.305,26,1,0.5517,0.000958
DuelingDQN,deceptive_grid,1,741,52870,-21.07,21,1,0.5516,0.000801
DuelingDQN,deceptive_grid,1,742,52940,-63.455,70,1,0.551,0.000785
DuelingDQN,deceptive_grid,1,743,52967,-10.575,27,1,0.5507,0.000874
DuelingDQN,deceptive_grid,1,744,52995,-14.9,28,1,0.5505,0.000668
DuelingDQN,deceptive_grid,1,745,53017,-6.435,22,1,0.5503,0.001931
DuelingDQN,deceptive_grid,1,746,53072,-40.115,55,1,0.5498,0.002164
DuelingDQN,deceptive_grid,1,747,53132,-42.59,60,1,0.5493,0.001228
DuelingDQN,deceptive_grid,1,748,53171,-17.895,39,1,0.549,0.000807
DuelingDQN,deceptive_grid,1,749,53189,-15.115,18,1,0.5489,0.000738
DuelingDQN,deceptive_grid,1,750,53203,-2.2,14,1,0.5487,0.00076
DuelingDQN,deceptive_grid,1,751,53241,-31.37,38,1,0.5484,0.000725
DuelingDQN,deceptive_grid,1,752,53282,-34.565,41,1,0.5481,0.000654
DuelingDQN,deceptive_grid,1,753,53288,7.065,6,1,0.548,0.000716
DuelingDQN,deceptive_grid,1,754,53350,-42.475,62,1,0.5475,0.000535
DuelingDQN,deceptive_grid,1,755,53409,-44.005,59,1,0.547,0.000407
DuelingDQN,deceptive_grid,1,756,53418,4.62,9,1,0.5469,0.000321
DuelingDQN,deceptive_grid,1,757,53471,-40.845,53,1,0.5465,0.000335
DuelingDQN,deceptive_grid,1,758,53487,-13.165,16,1,0.5463,0.000419
DuelingDQN,deceptive_grid,1,759,53523,-17.95,36,1,0.546,0.001171
DuelingDQN,deceptive_grid,1,760,53538,-0.225,15,1,0.5459,0.001947
DuelingDQN,deceptive_grid,1,761,53548,-9.355,10,1,0.5458,0.001608
DuelingDQN,deceptive_grid,1,762,53590,-21.585,42,1,0.5455,0.00104
DuelingDQN,deceptive_grid,1,763,53643,-44.245,53,1,0.545,0.00083
DuelingDQN,deceptive_grid,1,764,53668,-23.76,25,1,0.5448,0.000569
DuelingDQN,deceptive_grid,1,765,53704,-20.98,36,1,0.5445,0.000484
DuelingDQN,deceptive_grid,1,766,53725,-10.635,21,1,0.5443,0.00045
DuelingDQN,deceptive_grid,1,767,53768,-22.325,43,1,0.5439,0.000467
DuelingDQN,deceptive_grid,1,768,53773,8.55,5,1,0.5439,0.000482
DuelingDQN,deceptive_grid,1,769,53807,-16.975,34,1,0.5436,0.000464
DuelingDQN,deceptive_grid,1,770,53840,-25.855,33,1,0.5433,0.000438
DuelingDQN,deceptive_grid,1,771,53884,-37.64,44,1,0.543,0.000465
DuelingDQN,deceptive_grid,1,772,53920,-24.93,36,1,0.5427,0.000618
DuelingDQN,deceptive_grid,1,773,53945,-8.9,25,1,0.5424,0.000539
DuelingDQN,deceptive_grid,1,774,53967,-6.265,22,1,0.5423,0.000425
DuelingDQN,deceptive_grid,1,775,53998,-13.495,31,1,0.542,0.000501
DuelingDQN,deceptive_grid,1,776,54019,-8.46,21,1,0.5418,0.001565
DuelingDQN,deceptive_grid,1,777,54031,1.15,12,1,0.5417,0.001716
DuelingDQN,deceptive_grid,1,778,54055,-8.62,24,1,0.5415,0.001436
DuelingDQN,deceptive_grid,1,779,54069,2.305,14,1,0.5414,0.00105
DuelingDQN,deceptive_grid,1,780,54112,-29.33,43,1,0.541,0.001266
DuelingDQN,deceptive_grid,1,781,54140,-7.99,28,1,0.5408,0.001275
DuelingDQN,deceptive_grid,1,782,54171,-16.02,31,1,0.5405,0.001233
DuelingDQN,deceptive_grid,1,783,54207,-28.145,36,1,0.5402,0.001359
DuelingDQN,deceptive_grid,1,784,54225,-2.725,18,1,0.5401,0.001116
DuelingDQN,deceptive_grid,1,785,54268,-25.005,43,1,0.5397,0.001013
DuelingDQN,deceptive_grid,1,786,54317,-36.56,49,1,0.5393,0.000766
DuelingDQN,deceptive_grid,1,787,54342,-18.99,25,1,0.5391,0.000937
DuelingDQN,deceptive_grid,1,788,54353,0.255,11,1,0.539,0.001022
DuelingDQN,deceptive_grid,1,789,54366,0.76,13,1,0.5389,0.000991
DuelingDQN,deceptive_grid,1,790,54419,-40.465,53,1,0.5384,0.000854
DuelingDQN,deceptive_grid,1,791,54455,-25.5,36,1,0.5381,0.001177
DuelingDQN,deceptive_grid,1,792,54486,-10.185,31,1,0.5379,0.001065
DuelingDQN,deceptive_grid,1,793,54516,-26.83,30,1,0.5376,0.002636
DuelingDQN,deceptive_grid,1,794,54525,1.115,9,1,0.5375,0.004435
DuelingDQN,deceptive_grid,1,795,54546,-2.68,21,1,0.5373,0.003529
DuelingDQN,deceptive_grid,1,796,54577,-15.985,31,1,0.5371,0.002552
DuelingDQN,deceptive_grid,1,797,54615,-33.54,38,1,0.5368,0.002244
DuelingDQN,deceptive_grid,1,798,54640,-11.005,25,1,0.5365,0.002004
DuelingDQN,deceptive_grid,1,799,54695,-53.445,55,1,0.5361,0.001962
DuelingDQN,deceptive_grid,1,800,54734,-30.565,39,1,0.5357,0.00237
DQN,deceptive_grid,2,1,200,-249.85,200,0,0.9983,
DQN,deceptive_grid,2,2,400,-213.955,200,0,0.9966,
DQN,deceptive_grid,2,3,600,-253.965,200,0,0.9949,
DQN,deceptive_grid,2,4,800,-276.65,200,0,0.9932,
DQN,deceptive_grid,2,5,1000,-299.93,200,0,0.9915,0.576021
DQN,deceptive_grid,2,6,1121,-202.625,121,1,0.9905,0.413475
DQN,deceptive_grid,2,7,1321,-247.935,200,0,0.9888,0.291215
DQN,deceptive_grid,2,8,1521,-233.87,200,0,0.9871,0.234036
DQN,deceptive_grid,2,9,1721,-265.885,200,0,0.9854,0.224998
DQN,deceptive_grid,2,10,1921,-349.99,200,0,0.9837,0.221774
DQN,deceptive_grid,2,11,1932,-0.84,11,1,0.9836,0.162472
DQN,deceptive_grid,2,12,2132,-262.725,200,0,0.9819,0.225985
DQN,deceptive_grid,2,13,2332,-304.705,200,0,0.9802,0.200037
DQN,deceptive_grid,2,14,2532,-219.545,200,0,0.9785,0.172819
DQN,deceptive_grid,2,15,2732,-300.61,200,0,0.9768,0.141069
DQN,deceptive_grid,2,16,2932,-248.575,200,0,0.9751,0.139569
DQN,deceptive_grid,2,17,3132,-245.23,200,0,0.9734,0.128305
DQN,deceptive_grid,2,18,3332,-225.695,200,0,0.9717,0.110567
DQN,deceptive_grid,2,19,3532,-242.08,200,0,0.97,0.100595
DQN,deceptive_grid,2,20,3732,-291.37,200,0,0.9683,0.0846
DQN,deceptive_grid,2,21,3932,-221.335,200,0,0.9666,0.075632
DQN,deceptive_grid,2,22,4132,-241.175,200,0,0.965,0.086464
DQN,deceptive_grid,2,23,4282,-158.58,150,1,0.9637,0.08745
DQN,deceptive_grid,2,24,4482,-317.56,200,0,0.962,0.080874
DQN,deceptive_grid,2,25,4682,-316.02,200,0,0.9603,0.090409
DQN,deceptive_grid,2,26,4861,-224.015,179,1,0.9588,0.077435
DQN,deceptive_grid,2,27,5061,-256.155,200,0,0.9571,0.078045
DQN,deceptive_grid,2,28,5261,-255.515,200,0,0.9554,0.085512
DQN,deceptive_grid,2,29,5366,-165.03,105,1,0.9545,0.075295
DQN,deceptive_grid,2,30,5566,-229.145,200,0,0.9528,0.081627
DQN,deceptive_grid,2,31,5766,-217.375,200,0,0.9511,0.072527
DQN,deceptive_grid,2,32,5832,-71.855,66,1,0.9505,0.068801
DQN,deceptive_grid,2,33,5922,-84.055,90,1,0.9498,0.072701
DQN,deceptive_grid,2,34,6067,-181.205,145,1,0.9485,0.091302
DQN,deceptive_grid,2,35,6267,-216.72,200,0,0.9468,0.074406
DQN,deceptive_grid,2,36,6467,-239.0,200,0,0.9451,0.069908
DQN,deceptive_grid,2,37,6667,-234.635,200,0,0.9434,0.078432
DQN,deceptive_grid,2,38,6867,-308.795,200,0,0.9418,0.062607
DQN,deceptive_grid,2,39,7067,-233.255,200,0,0.9401,0.073585
DQN,deceptive_grid,2,40,7267,-220.7,200,0,0.9384,0.060622
DQN,deceptive_grid,2,41,7467,-289.91,200,0,0.9367,0.062018
DQN,deceptive_grid,2,42,7667,-227.25,200,0,0.935,0.07367
DQN,deceptive_grid,2,43,7867,-264.075,200,0,0.9333,0.065186
DQN,deceptive_grid,2,44,8067,-229.255,200,0,0.9316,0.056443
DQN,deceptive_grid,2,45,8118,-59.215,51,1,0.9311,0.057826
DQN,deceptive_grid,2,46,8190,-111.035,72,1,0.9305,0.057472
DQN,deceptive_grid,2,47,8270,-78.245,80,1,0.9299,0.065958
DQN,deceptive_grid,2,48,8470,-257.105,200,0,0.9282,0.063924
DQN,deceptive_grid,2,49,8670,-238.52,200,0,0.9265,0.073914
DQN,deceptive_grid,2,50,8870,-232.755,200,0,0.9248,0.063262
DQN,deceptive_grid,2,51,8874,9.03,4,1,0.9247,0.024463
DQN,deceptive_grid,2,52,9074,-235.145,200,0,0.923,0.063664
DQN,deceptive_grid,2,53,9274,-229.95,200,0,0.9213,0.065158
DQN,deceptive_grid,2,54,9474,-229.02,200,0,0.9196,0.061074
DQN,deceptive_grid,2,55,9567,-103.935,93,1,0.9189,0.078876
DQN,deceptive_grid,2,56,9673,-119.245,106,1,0.918,0.064886
DQN,deceptive_grid,2,57,9873,-299.9,200,0,0.9163,0.067997
DQN,deceptive_grid,2,58,9973,-94.92,100,1,0.9154,0.049099
DQN,deceptive_grid,2,59,10061,-106.955,88,1,0.9147,0.082482
DQN,deceptive_grid,2,60,10261,-273.865,200,0,0.913,0.074477
DQN,deceptive_grid,2,61,10400,-192.09,139,1,0.9118,0.060116
DQN,deceptive_grid,2,62,10600,-259.74,200,0,0.9101,0.066753
DQN,deceptive_grid,2,63,10800,-255.905,200,0,0.9084,0.056597
DQN,deceptive_grid,2,64,10840,-42.015,40,1,0.9081,0.061783
DQN,deceptive_grid,2,65,10946,-101.115,106,1,0.9072,0.053723
DQN,deceptive_grid,2,66,11018,-113.47,72,1,0.9065,0.065583
DQN,deceptive_grid,2,67,11218,-206.965,200,0,0.9048,0.079101
DQN,deceptive_grid,2,68,11225,1.06,7,1,0.9048,0.075388
DQN,deceptive_grid,2,69,11425,-302.755,200,0,0.9031,0.064428
DQN,deceptive_grid,2,70,11625,-322.09,200,0,0.9014,0.069033
DQN,deceptive_grid,2,71,11722,-89.59,97,1,0.9006,0.06932
DQN,deceptive_grid,2,72,11803,-74.79,81,1,0.8999,0.052927
DQN,deceptive_grid,2,73,12003,-261.12,200,0,0.8982,0.084569
DQN,deceptive_grid,2,74,12203,-262.7,200,0,0.8965,0.081938
DQN,deceptive_grid,2,75,12357,-193.225,154,1,0.8952,0.083673
DQN,deceptive_grid,2,76,12556,-244.58,199,1,0.8935,0.081249
DQN,deceptive_grid,2,77,12756,-245.76,200,0,0.8918,0.074258
DQN,deceptive_grid,2,78,12852,-112.09,96,1,0.891,0.078112
DQN,deceptive_grid,2,79,12915,-50.47,63,1,0.8905,0.097107
DQN,deceptive_grid,2,80,13115,-212.545,200,0,0.8888,0.074757
DQN,deceptive_grid,2,81,13315,-256.38,200,0,0.8871,0.096696
DQN,deceptive_grid,2,82,13347,-16.07,32,1,0.8868,0.059234
DQN,deceptive_grid,2,83,13547,-254.115,200,0,0.8851,0.092731
DQN,deceptive_grid,2,84,13747,-246.225,200,0,0.8834,0.085978
DQN,deceptive_grid,2,85,13909,-186.385,162,1,0.882,0.072687
DQN,deceptive_grid,2,86,13974,-67.8,65,1,0.8815,0.076361
DQN,deceptive_grid,2,87,14174,-221.655,200,0,0.8798,0.095056
DQN,deceptive_grid,2,88,14374,-294.58,200,0,0.8781,0.087999
DQN,deceptive_grid,2,89,14574,-258.54,200,0,0.8764,0.080042
DQN,deceptive_grid,2,90,14613,-47.72,39,1,0.8761,0.132188
DQN,deceptive_grid,2,91,14715,-106.475,102,1,0.8752,0.077499
DQN,deceptive_grid,2,92,14825,-100.8,110,1,0.8743,0.085188
DQN,deceptive_grid,2,93,14922,-114.435,97,1,0.8734,0.079492
DQN,deceptive_grid,2,94,14965,-35.7,43,1,0.8731,0.108462
DQN,deceptive_grid,2,95,15070,-121.845,105,1,0.8722,0.112313
DQN,deceptive_grid,2,96,15270,-217.005,200,0,0.8705,0.104456
DQN,deceptive_grid,2,97,15334,-61.04,64,1,0.8699,0.10421
DQN,deceptive_grid,2,98,15534,-259.44,200,0,0.8682,0.099369
DQN,deceptive_grid,2,99,15734,-280.74,200,0,0.8665,0.100004
DQN,deceptive_grid,2,100,15868,-150.07,134,1,0.8654,0.075499
DQN,deceptive_grid,2,101,16026,-157.66,158,1,0.8641,0.086296
DQN,deceptive_grid,2,102,16226,-262.825,200,0,0.8624,0.094057
DQN,deceptive_grid,2,103,16315,-110.025,89,1,0.8616,0.083184
DQN,deceptive_grid,2,104,16499,-227.895,184,1,0.8601,0.088041
DQN,deceptive_grid,2,105,16690,-205.785,191,1,0.8584,0.11571
DQN,deceptive_grid,2,106,16790,-131.005,100,1,0.8576,0.107082
DQN,deceptive_grid,2,107,16987,-215.915,197,1,0.8559,0.096125
DQN,deceptive_grid,2,108,17050,-51.855,63,1,0.8554,0.113615
DQN,deceptive_grid,2,109,17250,-245.565,200,0,0.8537,0.105678
DQN,deceptive_grid,2,110,17450,-225.105,200,0,0.852,0.107247
DQN,deceptive_grid,2,111,17650,-244.13,200,0,0.8503,0.128093
DQN,deceptive_grid,2,112,17654,9.03,4,1,0.8503,0.145108
DQN,deceptive_grid,2,113,17659,7.54,5,1,0.8502,0.07226
DQN,deceptive_grid,2,114,17859,-294.695,200,0,0.8485,0.118807
DQN,deceptive_grid,2,115,18059,-201.545,200,0,0.8468,0.092182
DQN,deceptive_grid,2,116,18102,-49.955,43,1,0.8465,0.150225
DQN,deceptive_grid,2,117,18142,-30.65,40,1,0.8461,0.098946
DQN,deceptive_grid,2,118,18288,-197.49,146,1,0.8449,0.105211
DQN,deceptive_grid,2,119,18488,-192.565,200,0,0.8432,0.122458
DQN,deceptive_grid,2,120,18688,-223.565,200,0,0.8415,0.121531
DQN,deceptive_grid,2,121,18739,-48.115,51,1,0.8411,0.106943
DQN,deceptive_grid,2,122,18884,-209.27,145,1,0.8398,0.099426
DQN,deceptive_grid,2,123,19084,-240.66,200,0,0.8381,0.119882
DQN,deceptive_grid,2,124,19249,-160.23,165,1,0.8367,0.121242
DQN,deceptive_grid,2,125,19258,3.57,9,1,0.8367,0.125458
DQN,deceptive_grid,2,126,19386,-153.925,128,1,0.8356,0.136168
DQN,deceptive_grid,2,127,19586,-188.16,200,0,0.8339,0.148854
DQN,deceptive_grid,2,128,19786,-214.085,200,0,0.8322,0.143103
DQN,deceptive_grid,2,129,19888,-99.42,102,1,0.8313,0.16104
DQN,deceptive_grid,2,130,20064,-173.645,176,1,0.8298,0.160005
DQN,deceptive_grid,2,131,20090,-13.625,26,1,0.8296,0.190486
DQN,deceptive_grid,2,132,20153,-70.26,63,1,0.8291,0.170129
DQN,deceptive_grid,2,133,20308,-203.245,155,1,0.8277,0.173532
DQN,deceptive_grid,2,134,20508,-223.38,200,0,0.826,0.149446
DQN,deceptive_grid,2,135,20611,-91.03,103,1,0.8252,0.196527
DQN,deceptive_grid,2,136,20772,-170.165,161,1,0.8238,0.162065
DQN,deceptive_grid,2,137,20972,-261.39,200,0,0.8221,0.168124
DQN,deceptive_grid,2,138,20998,-17.4,26,1,0.8219,0.146926
DQN,deceptive_grid,2,139,21149,-153.075,151,1,0.8206,0.22384
DQN,deceptive_grid,2,140,21232,-79.35,83,1,0.8199,0.228008
DQN,deceptive_grid,2,141,21403,-185.17,171,1,0.8185,0.181154
DQN,deceptive_grid,2,142,21499,-106.5,96,1,0.8176,0.181608
DQN,deceptive_grid,2,143,21573,-71.635,74,1,0.817,0.261567
DQN,deceptive_grid,2,144,21601,-11.37,28,1,0.8168,0.232211
DQN,deceptive_grid,2,145,21699,-95.19,98,1,0.8159,0.221614
DQN,deceptive_grid,2,146,21785,-115.32,86,1,0.8152,0.237782
DQN,deceptive_grid,2,147,21884,-95.015,99,1,0.8144,0.22316
DQN,deceptive_grid,2,148,22052,-207.685,168,1,0.813,0.24504
DQN,deceptive_grid,2,149,22114,-79.61,62,1,0.8124,0.240216
DQN,deceptive_grid,2,150,22194,-81.565,80,1,0.8117,0.230703
DQN,deceptive_grid,2,151,22294,-97.53,100,1,0.8109,0.251751
DQN,deceptive_grid,2,152,22427,-133.305,133,1,0.8098,0.235524
DQN,deceptive_grid,2,153,22566,-143.185,139,1,0.8086,0.286893
DQN,deceptive_grid,2,154,22579,-7.275,13,1,0.8085,0.32129
DQN,deceptive_grid,2,155,22683,-122.37,104,1,0.8076,0.292927
DQN,deceptive_grid,2,156,22775,-79.205,92,1,0.8068,0.282014
DQN,deceptive_grid,2,157,22975,-225.76,200,0,0.8051,0.274152
DQN,deceptive_grid,2,158,23057,-88.25,82,1,0.8044,0.325093
DQN,deceptive_grid,2,159,23088,-15.775,31,1,0.8042,0.321073
DQN,deceptive_grid,2,160,23162,-76.3,74,1,0.8035,0.283477
DQN,deceptive_grid,2,161,23266,-111.95,104,1,0.8027,0.263421
DQN,deceptive_grid,2,162,23435,-213.0,169,1,0.8012,0.263904
DQN,deceptive_grid,2,163,23454,-5.155,19,1,0.8011,0.253125
DQN,deceptive_grid,2,164,23558,-159.63,104,1,0.8002,0.326436
DQN,deceptive_grid,2,165,23673,-97.315,115,1,0.7992,0.287475
DQN,deceptive_grid,2,166,23700,-16.505,27,1,0.799,0.29619
DQN,deceptive_grid,2,167,23810,-110.97,110,1,0.798,0.304793
DQN,deceptive_grid,2,168,23840,-32.445,30,1,0.7978,0.295068
DQN,deceptive_grid,2,169,23914,-55.025,74,1,0.7972,0.269515
DQN,deceptive_grid,2,170,24067,-166.83,153,1,0.7959,0.331885
DQN,deceptive_grid,2,171,24267,-223.265,200,0,0.7942,0.300629
DQN,deceptive_grid,2,172,24379,-101.685,112,1,0.7932,0.276277
DQN,deceptive_grid,2,173,24427,-56.69,48,1,0.7928,0.288896
DQN,deceptive_grid,2,174,24501,-67.55,74,1,0.7922,0.267084
DQN,deceptive_grid,2,175,24608,-143.235,107,1,0.7913,0.346694
DQN,deceptive_grid,2,176,24702,-120.725,94,1,0.7905,0.310908
DQN,deceptive_grid,2,177,24862,-211.525,160,1,0.7891,0.26723
DQN,deceptive_grid,2,178,24984,-119.46,122,1,0.7881,0.271714
DQN,deceptive_grid,2,179,25030,-68.34,46,1,0.7877,0.399079
DQN,deceptive_grid,2,180,25084,-61.765,54,1,0.7872,0.352588
DQN,deceptive_grid,2,181,25122,-28.805,38,1,0.7869,0.34362
DQN,deceptive_grid,2,182,25167,-66.125,45,1,0.7865,0.311707
DQN,deceptive_grid,2,183,25335,-170.74,168,1,0.7851,0.324381
DQN,deceptive_grid,2,184,25375,-31.51,40,1,0.7848,0.314072
DQN,deceptive_grid,2,185,25414,-23.04,39,1,0.7844,0.315811
DQN,deceptive_grid,2,186,25542,-125.18,128,1,0.7833,0.334973
DQN,deceptive_grid,2,187,25714,-161.305,172,1,0.7819,0.345034
DQN,deceptive_grid,2,188,25830,-134.865,116,1,0.7809,0.294291
DQN,deceptive_grid,2,189,25842,3.18,12,1,0.7808,0.281898
DQN,deceptive_grid,2,190,25957,-122.54,115,1,0.7798,0.304069
DQN,deceptive_grid,2,191,25979,-16.84,22,1,0.7796,0.276412
DQN,deceptive_grid,2,192,26130,-167.745,151,1,0.7784,0.385475
DQN,deceptive_grid,2,193,26141,-1.84,11,1,0.7783,0.284879
DQN,deceptive_grid,2,194,26187,-42.2,46,1,0.7779,0.346929
DQN,deceptive_grid,2,195,26282,-95.58,95,1,0.7771,0.318183
DQN,deceptive_grid,2,196,26360,-56.955,78,1,0.7764,0.337721
DQN,deceptive_grid,2,197,26399,-35.95,39,1,0.7761,0.31114
DQN,deceptive_grid,2,198,26505,-132.985,106,1,0.7752,0.334819
DQN,deceptive_grid,2,199,26571,-74.335,66,1,0.7746,0.388261
DQN,deceptive_grid,2,200,26695,-117.62,124,1,0.7736,0.335365
DQN,deceptive_grid,2,201,26719,-27.855,24,1,0.7734,0.296188
DQN,deceptive_grid,2,202,26858,-152.215,139,1,0.7722,0.320631
DQN,deceptive_grid,2,203,26881,-11.39,23,1,0.772,0.303356
DQN,deceptive_grid,2,204,26954,-70.615,73,1,0.7714,0.310347
DQN,deceptive_grid,2,205,27058,-89.525,104,1,0.7705,0.382088
DQN,deceptive_grid,2,206,27091,-24.62,33,1,0.7702,0.329307
DQN,deceptive_grid,2,207,27229,-131.355,138,1,0.769,0.344053
DQN,deceptive_grid,2,208,27324,-82.28,95,1,0.7682,0.328068
DQN,deceptive_grid,2,209,27356,-18.615,32,1,0.768,0.303975
DQN,deceptive_grid,2,210,27364,0.58,8,1,0.7679,0.291845
DQN,deceptive_grid,2,211,27432,-55.69,68,1,0.7673,0.338033
DQN,deceptive_grid,2,212,27454,-23.64,22,1,0.7671,0.295066
DQN,deceptive_grid,2,213,27516,-51.77,62,1,0.7666,0.321378
DQN,deceptive_grid,2,214,27558,-25.67,42,1,0.7662,0.386645
DQN,deceptive_grid,2,215,27621,-56.53,63,1,0.7657,0.343626
DQN,deceptive_grid,2,216,27744,-109.915,123,1,0.7647,0.34943
DQN,deceptive_grid,2,217,27797,-43.225,53,1,0.7642,0.327807
DQN,deceptive_grid,2,218,27881,-84.515,84,1,0.7635,0.346324
DQN,deceptive_grid,2,219,27900,-8.765,19,1,0.7633,0.302979
DQN,deceptive_grid,2,220,27964,-63.735,64,1,0.7628,0.311411
DQN,deceptive_grid,2,221,27979,-3.66,15,1,0.7627,0.315177
DQN,deceptive_grid,2,222,28093,-116.065,114,1,0.7617,0.381405
DQN,deceptive_grid,2,223,28117,-14.1,24,1,0.7615,0.39359
DQN,deceptive_grid,2,224,28201,-67.665,84,1,0.7608,0.379746
DQN,deceptive_grid,2,225,28306,-86.265,105,1,0.7599,0.339648
DQN,deceptive_grid,2,226,28403,-108.5,97,1,0.7591,0.348819
DQN,deceptive_grid,2,227,28497,-100.775,94,1,0.7583,0.324333
DQN,deceptive_grid,2,228,28540,-42.16,43,1,0.7579,0.471341
DQN,deceptive_grid,2,229,28589,-46.0,49,1,0.7575,0.377715
DQN,deceptive_grid,2,230,28739,-152.45,150,1,0.7562,0.35298
DQN,deceptive_grid,2,231,28902,-219.91,163,1,0.7548,0.329092
DQN,deceptive_grid,2,232,28931,-14.94,29,1,0.7546,0.323712
DQN,deceptive_grid,2,233,29105,-165.19,174,1,0.7531,0.335461
DQN,deceptive_grid,2,234,29123,-10.285,18,1,0.753,0.302007
DQN,deceptive_grid,2,235,29271,-144.425,148,1,0.7517,0.297408
DQN,deceptive_grid,2,236,29375,-110.5,104,1,0.7508,0.284671
DQN,deceptive_grid,2,237,29482,-101.325,107,1,0.7499,0.285666
DQN,deceptive_grid,2,238,29518,-38.555,36,1,0.7496,0.316245
DQN,deceptive_grid,2,239,29543,-10.95,25,1,0.7494,0.302795
DQN,deceptive_grid,2,240,29563,-3.51,20,1,0.7492,0.312585
DQN,deceptive_grid,2,241,29614,-51.88,51,1,0.7488,0.296619
DQN,deceptive_grid,2,242,29724,-94.45,110,1,0.7479,0.265153
DQN,deceptive_grid,2,243,29836,-97.125,112,1,0.7469,0.259559
DQN,deceptive_grid,2,244,29996,-156.605,160,1,0.7456,0.26008
DQN,deceptive_grid,2,245,30067,-55.26,71,1,0.745,0.291181
DQN,deceptive_grid,2,246,30237,-195.955,170,1,0.7435,0.226486
DQN,deceptive_grid,2,247,30307,-75.76,70,1,0.7429,0.226396
DQN,deceptive_grid,2,248,30365,-40.865,58,1,0.7424,0.198915
DQN,deceptive_grid,2,249,30391,-12.705,26,1,0.7422,0.225746
DQN,deceptive_grid,2,250,30576,-184.28,185,1,0.7407,0.240527
DQN,deceptive_grid,2,251,30642,-62.02,66,1,0.7401,0.227834
DQN,deceptive_grid,2,252,30655,-0.36,13,1,0.74,0.246384
DQN,deceptive_grid,2,253,30689,-25.15,34,1,0.7397,0.226189
DQN,deceptive_grid,2,254,30734,-31.77,45,1,0.7393,0.216313
DQN,deceptive_grid,2,255,30749,-4.785,15,1,0.7392,0.188088
DQN,deceptive_grid,2,256,30895,-148.71,146,1,0.7379,0.202159
DQN,deceptive_grid,2,257,31003,-138.58,108,1,0.737,0.200092
DQN,deceptive_grid,2,258,31007,-4.485,4,1,0.737,0.392962
DQN,deceptive_grid,2,259,31082,-77.49,75,1,0.7364,0.221832
DQN,deceptive_grid,2,260,31152,-84.52,70,1,0.7358,0.209578
DQN,deceptive_grid,2,261,31211,-46.045,59,1,0.7353,0.182501
DQN,deceptive_grid,2,262,31219,5.07,8,1,0.7352,0.132829
DQN,deceptive_grid,2,263,31299,-84.515,80,1,0.7345,0.178935
DQN,deceptive_grid,2,264,31396,-115.11,97,1,0.7337,0.180314
DQN,deceptive_grid,2,265,31489,-97.49,93,1,0.7329,0.163117
DQN,deceptive_grid,2,266,31505,-2.83,16,1,0.7328,0.23699
DQN,deceptive_grid,2,267,31522,-3.1,17,1,0.7326,0.221696
DQN,deceptive_grid,2,268,31588,-42.575,66,1,0.7321,0.195613
DQN,deceptive_grid,2,269,31637,-43.415,49,1,0.7317,0.171307
DQN,deceptive_grid,2,270,31665,-22.67,28,1,0.7314,0.161197
DQN,deceptive_grid,2,271,31687,-9.935,22,1,0.7312,0.158401
DQN,deceptive_grid,2,272,31724,-39.95,37,1,0.7309,0.169974
DQN,deceptive_grid,2,273,31865,-152.8,141,1,0.7297,0.164733
DQN,deceptive_grid,2,274,31925,-76.295,60,1,0.7292,0.156579
DQN,deceptive_grid,2,275,32016,-98.57,91,1,0.7284,0.18003
DQN,deceptive_grid,2,276,32115,-99.21,99,1,0.7276,0.181528
DQN,deceptive_grid,2,277,32155,-41.0,40,1,0.7273,0.166037
DQN,deceptive_grid,2,278,32267,-139.38,112,1,0.7263,0.168608
DQN,deceptive_grid,2,279,32320,-55.005,53,1,0.7259,0.153502
DQN,deceptive_grid,2,280,32412,-81.505,92,1,0.7251,0.165023
DQN,deceptive_grid,2,281,32485,-97.975,73,1,0.7245,0.146778
DQN,deceptive_grid,2,282,32578,-80.68,93,1,0.7237,0.194973
DQN,deceptive_grid,2,283,32589,4.725,11,1,0.7236,0.16779
DQN,deceptive_grid,2,284,32700,-99.035,111,1,0.7226,0.157706
DQN,deceptive_grid,2,285,32787,-63.745,87,1,0.7219,0.146513
DQN,deceptive_grid,2,286,32793,7.045,6,1,0.7218,0.140797
DQN,deceptive_grid,2,287,32905,-116.825,112,1,0.7209,0.143284
DQN,deceptive_grid,2,288,32937,-15.04,32,1,0.7206,0.15363
DQN,deceptive_grid,2,289,32992,-47.25,55,1,0.7202,0.139164
DQN,deceptive_grid,2,290,33155,-146.105,163,1,0.7188,0.174791
DQN,deceptive_grid,2,291,33192,-19.23,37,1,0.7185,0.153531
DQN,deceptive_grid,2,292,33283,-73.485,91,1,0.7177,0.144829
DQN,deceptive_grid,2,293,33354,-69.015,71,1,0.7171,0.12805
DQN,deceptive_grid,2,294,33445,-112.57,91,1,0.7163,0.128949
DQN,deceptive_grid,2,295,33471,-7.045,26,1,0.7161,0.138133
DQN,deceptive_grid,2,296,33492,-22.0,21,1,0.7159,0.128956
DQN,deceptive_grid,2,297,33521,-11.6,29,1,0.7157,0.207199
DQN,deceptive_grid,2,298,33587,-84.76,66,1,0.7151,0.155258
DQN,deceptive_grid,2,299,33627,-36.38,40,1,0.7148,0.139898
DQN,deceptive_grid,2,300,33637,3.085,10,1,0.7147,0.144344
DQN,deceptive_grid,2,301,33757,-104.885,120,1,0.7137,0.132991
DQN,deceptive_grid,2,302,33801,-38.34,44,1,0.7133,0.130444
DQN,deceptive_grid,2,303,33822,-5.1,21,1,0.7131,0.148967
DQN,deceptive_grid,2,304,33907,-91.2,85,1,0.7124,0.135461
DQN,deceptive_grid,2,305,33998,-78.07,91,1,0.7116,0.1289
DQN,deceptive_grid,2,306,34030,-29.0,32,1,0.7114,0.205567
DQN,deceptive_grid,2,307,34095,-77.99,65,1,0.7108,0.134927
DQN,deceptive_grid,2,308,34157,-68.485,62,1,0.7103,0.128145
DQN,deceptive_grid,2,309,34241,-85.67,84,1,0.7096,0.127847
DQN,deceptive_grid,2,310,34384,-143.13,143,1,0.7084,0.128238
DQN,deceptive_grid,2,311,34421,-23.41,37,1,0.708,0.12128
DQN,deceptive_grid,2,312,34514,-73.87,93,1,0.7072,0.133862
DQN,deceptive_grid,2,313,34530,-0.64,16,1,0.7071,0.14137
DQN,deceptive_grid,2,314,34610,-77.61,80,1,0.7064,0.145277
DQN,deceptive_grid,2,315,34613,9.515,3,1,0.7064,0.165509
DQN,deceptive_grid,2,316,34720,-108.815,107,1,0.7055,0.129526
DQN,deceptive_grid,2,317,34760,-21.98,40,1,0.7052,0.115698
DQN,deceptive_grid,2,318,34819,-68.205,59,1,0.7047,0.122211
DQN,deceptive_grid,2,319,34915,-84.365,96,1,0.7038,0.119803
DQN,deceptive_grid,2,320,34961,-34.485,46,1,0.7035,0.117595
DQN,deceptive_grid,2,321,35013,-30.6,52,1,0.703,0.152446
DQN,deceptive_grid,2,322,35040,-15.36,27,1,0.7028,0.188856
DQN,deceptive_grid,2,323,35164,-130.385,124,1,0.7017,0.140669
DQN,deceptive_grid,2,324,35251,-71.835,87,1,0.701,0.118608
DQN,deceptive_grid,2,325,35277,-13.775,26,1,0.7008,0.122951
DQN,deceptive_grid,2,326,35332,-46.74,55,1,0.7003,0.128518
DQN,deceptive_grid,2,327,35338,7.075,6,1,0.7003,0.116624
DQN,deceptive_grid,2,328,35420,-86.95,82,1,0.6996,0.110719
DQN,deceptive_grid,2,329,35466,-30.625,46,1,0.6992,0.118763
DQN,deceptive_grid,2,330,35511,-33.72,45,1,0.6988,0.145405
DQN,deceptive_grid,2,331,35641,-124.095,130,1,0.6977,0.133739
DQN,deceptive_grid,2,332,35683,-34.96,42,1,0.6973,0.101369
DQN,deceptive_grid,2,333,35688,7.54,5,1,0.6973,0.089488
DQN,deceptive_grid,2,334,35784,-103.185,96,1,0.6965,0.112558
DQN,deceptive_grid,2,335,35984,-237.315,200,0,0.6948,0.113855
DQN,deceptive_grid,2,336,36023,-26.705,39,1,0.6944,0.162126
DQN,deceptive_grid,2,337,36072,-34.965,49,1,0.694,0.118829
DQN,deceptive_grid,2,338,36080,0.58,8,1,0.694,0.129134
DQN,deceptive_grid,2,339,36117,-25.91,37,1,0.6937,0.108908
DQN,deceptive_grid,2,340,36174,-46.32,57,1,0.6932,0.109265
DQN,deceptive_grid,2,341,36255,-76.105,81,1,0.6925,0.112855
DQN,deceptive_grid,2,342,36357,-97.61,102,1,0.6916,0.108831
DQN,deceptive_grid,2,343,36376,-6.515,19,1,0.6915,0.116879
DQN,deceptive_grid,2,344,36445,-57.02,69,1,0.6909,0.104138
DQN,deceptive_grid,2,345,36568,-127.82,123,1,0.6898,0.122915
DQN,deceptive_grid,2,346,36608,-34.01,40,1,0.6895,0.102311
DQN,deceptive_grid,2,347,36654,-30.925,46,1,0.6891,0.103731
DQN,deceptive_grid,2,348,36767,-112.055,113,1,0.6881,0.092013
DQN,deceptive_grid,2,349,36806,-19.88,39,1,0.6878,0.087963
DQN,deceptive_grid,2,350,36828,-10.075,22,1,0.6876,0.086993
DQN,deceptive_grid,2,351,36916,-81.085,88,1,0.6869,0.079233
DQN,deceptive_grid,2,352,36994,-87.885,78,1,0.6862,0.083425
DQN,deceptive_grid,2,353,37049,-43.39,55,1,0.6857,0.137889
DQN,deceptive_grid,2,354,37085,-17.74,36,1,0.6854,0.097731
DQN,deceptive_grid,2,355,37120,-29.77,35,1,0.6851,0.101576
DQN,deceptive_grid,2,356,37171,-56.98,51,1,0.6847,0.094838
DQN,deceptive_grid,2,357,37241,-52.045,70,1,0.6841,0.092354
DQN,deceptive_grid,2,358,37314,-67.335,73,1,0.6835,0.087264
DQN,deceptive_grid,2,359,37387,-78.95,73,1,0.6829,0.081221
DQN,deceptive_grid,2,360,37395,4.07,8,1,0.6828,0.087191
DQN,deceptive_grid,2,361,37430,-18.075,35,1,0.6825,0.094142
DQN,deceptive_grid,2,362,37518,-93.555,88,1,0.6818,0.098942
DQN,deceptive_grid,2,363,37593,-88.77,75,1,0.6811,0.09448
DQN,deceptive_grid,2,364,37625,-26.715,32,1,0.6809,0.083463
DQN,deceptive_grid,2,365,37641,-6.265,16,1,0.6807,0.072032
DQN,deceptive_grid,2,366,37699,-42.305,58,1,0.6802,0.073077
DQN,deceptive_grid,2,367,37899,-198.625,200,0,0.6785,0.077849
DQN,deceptive_grid,2,368,37934,-27.59,35,1,0.6782,0.086044
DQN,deceptive_grid,2,369,37972,-39.75,38,1,0.6779,0.071401
DQN,deceptive_grid,2,370,38028,-59.705,56,1,0.6774,0.098755
DQN,deceptive_grid,2,371,38047,-13.205,19,1,0.6773,0.088173
DQN,deceptive_grid,2,372,38083,-19.76,36,1,0.677,0.075051
DQN,deceptive_grid,2,373,38177,-90.18,94,1,0.6762,0.078338
DQN,deceptive_grid,2,374,38225,-33.24,48,1,0.6758,0.073713
DQN,deceptive_grid,2,375,38305,-96.48,80,1,0.6751,0.068477
DQN,deceptive_grid,2,376,38386,-89.185,81,1,0.6744,0.062019
DQN,deceptive_grid,2,377,38413,-17.92,27,1,0.6742,0.059837
DQN,deceptive_grid,2,378,38417,8.02,4,1,0.6741,0.070475
DQN,deceptive_grid,2,379,38463,-33.07,46,1,0.6738,0.059985
DQN,deceptive_grid,2,380,38481,-9.61,18,1,0.6736,0.068269
DQN,deceptive_grid,2,381,38540,-49.49,59,1,0.6731,0.083307
DQN,deceptive_grid,2,382,38568,-27.07,28,1,0.6729,0.060385
DQN,deceptive_grid,2,383,38600,-25.555,32,1,0.6726,0.051266
DQN,deceptive_grid,2,384,38642,-44.345,42,1,0.6722,0.065823
DQN,deceptive_grid,2,385,38711,-53.41,69,1,0.6716,0.060764
DQN,deceptive_grid,2,386,38718,3.105,7,1,0.6716,0.048498
DQN,deceptive_grid,2,387,38783,-72.985,65,1,0.671,0.052355
DQN,deceptive_grid,2,388,38844,-45.935,61,1,0.6705,0.056149
DQN,deceptive_grid,2,389,38884,-45.015,40,1,0.6702,0.055992
DQN,deceptive_grid,2,390,38956,-69.18,72,1,0.6696,0.054282
DQN,deceptive_grid,2,391,39047,-91.755,91,1,0.6688,0.066931
DQN,deceptive_grid,2,392,39076,-18.375,29,1,0.6686,0.070631
DQN,deceptive_grid,2,393,39149,-63.985,73,1,0.6679,0.059371
DQN,deceptive_grid,2,394,39224,-75.905,75,1,0.6673,0.060502
DQN,deceptive_grid,2,395,39245,-4.93,21,1,0.6671,0.060325
DQN,deceptive_grid,2,396,39367,-145.28,122,1,0.6661,0.054217
DQN,deceptive_grid,2,397,39391,-15.405,24,1,0.6659,0.059032
DQN,deceptive_grid,2,398,39446,-50.28,55,1,0.6654,0.056026
DQN,deceptive_grid,2,399,39499,-40.665,53,1,0.665,0.051426
DQN,deceptive_grid,2,400,39535,-22.52,36,1,0.6647,0.077627
DQN,deceptive_grid,2,401,39583,-48.04,48,1,0.6643,0.054224
DQN,deceptive_grid,2,402,39606,-19.6,23,1,0.6641,0.057312
DQN,deceptive_grid,2,403,39613,7.605,7,1,0.664,0.045052
DQN,deceptive_grid,2,404,39703,-86.92,90,1,0.6632,0.04867
DQN,deceptive_grid,2,405,39751,-70.415,48,1,0.6628,0.05051
DQN,deceptive_grid,2,406,39783,-12.68,32,1,0.6626,0.04978
DQN,deceptive_grid,2,407,39886,-105.695,103,1,0.6617,0.04648
DQN,deceptive_grid,2,408,39926,-30.78,40,1,0.6613,0.041641
DQN,deceptive_grid,2,409,39930,9.03,4,1,0.6613,0.043626
DQN,deceptive_grid,2,410,39996,-60.775,66,1,0.6607,0.042032
DQN,deceptive_grid,2,411,40078,-77.905,82,1,0.6601,0.064676
DQN,deceptive_grid,2,412,40125,-34.68,47,1,0.6597,0.04939
DQN,deceptive_grid,2,413,40176,-35.27,51,1,0.6592,0.049407
DQN,deceptive_grid,2,414,40247,-51.83,71,1,0.6586,0.042048
DQN,deceptive_grid,2,415,40283,-36.41,36,1,0.6583,0.041555
DQN,deceptive_grid,2,416,40288,3.025,5,1,0.6583,0.041829
DQN,deceptive_grid,2,417,40327,-34.605,39,1,0.6579,0.044226
DQN,deceptive_grid,2,418,40348,-8.505,21,1,0.6578,0.03528
DQN,deceptive_grid,2,419,40365,-11.345,17,1,0.6576,0.036525
DQN,deceptive_grid,2,420,40426,-39.53,61,1,0.6571,0.037399
DQN,deceptive_grid,2,421,40530,-106.76,104,1,0.6562,0.044549
DQN,deceptive_grid,2,422,40538,0.615,8,1,0.6562,0.047624
DQN,deceptive_grid,2,423,40595,-52.065,57,1,0.6557,0.050324
DQN,deceptive_grid,2,424,40674,-74.31,79,1,0.655,0.043638
DQN,deceptive_grid,2,425,40733,-60.41,59,1,0.6545,0.043161
DQN,deceptive_grid,2,426,40749,0.39,16,1,0.6544,0.041885
DQN,deceptive_grid,2,427,40758,4.63,9,1,0.6543,0.043783
DQN,deceptive_grid,2,428,40819,-43.9,61,1,0.6538,0.040122
DQN,deceptive_grid,2,429,40825,7.055,6,1,0.6537,0.039217
DQN,deceptive_grid,2,430,40876,-45.32,51,1,0.6533,0.040909
DQN,deceptive_grid,2,431,40928,-37.9,52,1,0.6528,0.039983
DQN,deceptive_grid,2,432,40980,-36.75,52,1,0.6524,0.036694
DQN,deceptive_grid,2,433,41056,-58.26,76,1,0.6518,0.047824
DQN,deceptive_grid,2,434,41087,-27.34,31,1,0.6515,0.045538
DQN,deceptive_grid,2,435,41155,-69.025,68,1,0.6509,0.047936
DQN,deceptive_grid,2,436,41165,5.205,10,1,0.6508,0.057047
DQN,deceptive_grid,2,437,41272,-89.11,107,1,0.6499,0.042218
DQN,deceptive_grid,2,438,41352,-58.015,80,1,0.6492,0.036514
DQN,deceptive_grid,2,439,41413,-61.125,61,1,0.6487,0.036252
DQN,deceptive_grid,2,440,41502,-70.88,89,1,0.648,0.034458
DQN,deceptive_grid,2,441,41588,-67.905,86,1,0.6472,0.045882
DQN,deceptive_grid,2,442,41622,-25.265,34,1,0.647,0.037011
DQN,deceptive_grid,2,443,41700,-67.425,78,1,0.6463,0.034883
DQN,deceptive_grid,2,444,41791,-94.37,91,1,0.6455,0.033622
DQN,deceptive_grid,2,445,41831,-24.79,40,1,0.6452,0.034098
DQN,deceptive_grid,2,446,41879,-55.9,48,1,0.6448,0.034179
DQN,deceptive_grid,2,447,41909,-19.955,30,1,0.6445,0.03435
DQN,deceptive_grid,2,448,41920,-8.785,11,1,0.6444,0.030362
DQN,deceptive_grid,2,449,41952,-24.37,32,1,0.6442,0.031362
DQN,deceptive_grid,2,450,41968,-0.66,16,1,0.644,0.034637
DQN,deceptive_grid,2,451,42070,-112.35,102,1,0.6432,0.040753
DQN,deceptive_grid,2,452,42130,-38.74,60,1,0.6426,0.036634
DQN,deceptive_grid,2,453,42194,-46.89,64,1,0.6421,0.036271
DQN,deceptive_grid,2,454,42250,-49.205,56,1,0.6416,0.031837
DQN,deceptive_grid,2,455,42283,-32.855,33,1,0.6413,0.029742
DQN,deceptive_grid,2,456,42322,-30.365,39,1,0.641,0.034094
DQN,deceptive_grid,2,457,42382,-54.3,60,1,0.6405,0.032209
DQN,deceptive_grid,2,458,42448,-47.045,66,1,0.64,0.032488
DQN,deceptive_grid,2,459,42480,-10.91,32,1,0.6397,0.028535
DQN,deceptive_grid,2,460,42548,-55.16,68,1,0.6391,0.038059
DQN,deceptive_grid,2,461,42610,-40.045,62,1,0.6386,0.03551
DQN,deceptive_grid,2,462,42658,-28.745,48,1,0.6382,0.036698
DQN,deceptive_grid,2,463,42715,-46.085,57,1,0.6377,0.033868
DQN,deceptive_grid,2,464,42781,-59.97,66,1,0.6371,0.030462
DQN,deceptive_grid,2,465,42834,-47.785,53,1,0.6367,0.030943
DQN,deceptive_grid,2,466,42870,-16.39,36,1,0.6364,0.030199
DQN,deceptive_grid,2,467,42949,-84.08,79,1,0.6357,0.030311
DQN,deceptive_grid,2,468,42985,-21.14,36,1,0.6354,0.031417
DQN,deceptive_grid,2,469,43027,-22.065,42,1,0.635,0.041011
DQN,deceptive_grid,2,470,43081,-39.46,54,1,0.6346,0.035607
DQN,deceptive_grid,2,471,43094,-2.785,13,1,0.6345,0.032063
DQN,deceptive_grid,2,472,43137,-28.79,43,1,0.6341,0.033449
DQN,deceptive_grid,2,473,43184,-24.975,47,1,0.6337,0.035627
DQN,deceptive_grid,2,474,43302,-129.04,118,1,0.6327,0.033072
DQN,deceptive_grid,2,475,43393,-77.595,91,1,0.6319,0.028405
DQN,deceptive_grid,2,476,43430,-15.54,37,1,0.6316,0.029676
DQN,deceptive_grid,2,477,43448,-17.595,18,1,0.6315,0.025216
DQN,deceptive_grid,2,478,43495,-30.96,47,1,0.6311,0.023732
DQN,deceptive_grid,2,479,43501,8.075,6,1,0.631,0.030479
DQN,deceptive_grid,2,480,43525,-17.915,24,1,0.6308,0.041198
DQN,deceptive_grid,2,481,43532,6.575,7,1,0.6308,0.037484
DQN,deceptive_grid,2,482,43615,-73.505,83,1,0.6301,0.033519
DQN,deceptive_grid,2,483,43643,-21.39,28,1,0.6298,0.030117
DQN,deceptive_grid,2,484,43657,1.315,14,1,0.6297,0.035458
DQN,deceptive_grid,2,485,43782,-135.005,125,1,0.6286,0.031506
DQN,deceptive_grid,2,486,43828,-28.345,46,1,0.6282,0.026391
DQN,deceptive_grid,2,487,43832,4.525,4,1,0.6282,0.025583
DQN,deceptive_grid,2,488,43953,-144.01,121,1,0.6272,0.030888
DQN,deceptive_grid,2,489,44010,-48.135,57,1,0.6267,0.031905
DQN,deceptive_grid,2,490,44057,-34.505,47,1,0.6263,0.036693
DQN,deceptive_grid,2,491,44083,-10.625,26,1,0.6261,0.032353
DQN,deceptive_grid,2,492,44116,-20.135,33,1,0.6258,0.03272
DQN,deceptive_grid,2,493,44172,-65.025,56,1,0.6253,0.028951
DQN,deceptive_grid,2,494,44203,-13.585,31,1,0.6251,0.031813
DQN,deceptive_grid,2,495,44232,-13.8,29,1,0.6248,0.026979
DQN,deceptive_grid,2,496,44301,-83.14,69,1,0.6242,0.026408
DQN,deceptive_grid,2,497,44319,-9.26,18,1,0.6241,0.027756
DQN,deceptive_grid,2,498,44345,-11.61,26,1,0.6239,0.024662
DQN,deceptive_grid,2,499,44363,-9.515,18,1,0.6237,0.025629
DQN,deceptive_grid,2,500,44411,-35.495,48,1,0.6233,0.025297
DQN,deceptive_grid,2,501,44441,-24.155,30,1,0.623,0.024847
DQN,deceptive_grid,2,502,44483,-23.835,42,1,0.6227,0.025401
DQN,deceptive_grid,2,503,44494,2.695,11,1,0.6226,0.020364
DQN,deceptive_grid,2,504,44531,-17.39,37,1,0.6223,0.041987
DQN,deceptive_grid,2,505,44553,-6.635,22,1,0.6221,0.04068
DQN,deceptive_grid,2,506,44606,-63.42,53,1,0.6216,0.032504
DQN,deceptive_grid,2,507,44662,-37.92,56,1,0.6212,0.029687
DQN,deceptive_grid,2,508,44694,-26.58,32,1,0.6209,0.023484
DQN,deceptive_grid,2,509,44739,-44.535,45,1,0.6205,0.026592
DQN,deceptive_grid,2,510,44820,-76.245,81,1,0.6198,0.024074
DQN,deceptive_grid,2,511,44872,-50.615,52,1,0.6194,0.021057
DQN,deceptive_grid,2,512,44904,-16.52,32,1,0.6191,0.024806
DQN,deceptive_grid,2,513,44944,-28.83,40,1,0.6188,0.023873
DQN,deceptive_grid,2,514,44980,-22.065,36,1,0.6185,0.020526
DQN,deceptive_grid,2,515,45007,-4.105,27,1,0.6182,0.030933
DQN,deceptive_grid,2,516,45034,-10.685,27,1,0.618,0.03507
DQN,deceptive_grid,2,517,45080,-26.565,46,1,0.6176,0.031298
DQN,deceptive_grid,2,518,45147,-53.325,67,1,0.6171,0.028377
DQN,deceptive_grid,2,519,45162,-9.3,15,1,0.6169,0.024824
DQN,deceptive_grid,2,520,45250,-85.26,88,1,0.6162,0.025546
DQN,deceptive_grid,2,521,45283,-28.095,33,1,0.6159,0.024569
DQN,deceptive_grid,2,522,45339,-53.755,56,1,0.6154,0.02556
DQN,deceptive_grid,2,523,45446,-113.78,107,1,0.6145,0.022247
DQN,deceptive_grid,2,524,45477,-13.79,31,1,0.6143,0.020049
DQN,deceptive_grid,2,525,45486,4.6,9,1,0.6142,0.020572
DQN,deceptive_grid,2,526,45554,-58.36,68,1,0.6136,0.027599
DQN,deceptive_grid,2,527,45594,-29.17,40,1,0.6133,0.028421
DQN,deceptive_grid,2,528,45656,-43.485,62,1,0.6127,0.0311
DQN,deceptive_grid,2,529,45699,-31.0,43,1,0.6124,0.025483
DQN,deceptive_grid,2,530,45758,-58.19,59,1,0.6119,0.023435
DQN,deceptive_grid,2,531,45792,-24.985,34,1,0.6116,0.022027
DQN,deceptive_grid,2,532,45828,-27.935,36,1,0.6113,0.020633
DQN,deceptive_grid,2,533,45840,2.2,12,1,0.6112,0.026452
DQN,deceptive_grid,2,534,45860,-13.585,20,1,0.611,0.021109
DQN,deceptive_grid,2,535,45896,-30.545,36,1,0.6107,0.021264
DQN,deceptive_grid,2,536,45916,-9.365,20,1,0.6105,0.016945
DQN,deceptive_grid,2,537,45978,-43.945,62,1,0.61,0.021021
DQN,deceptive_grid,2,538,46063,-73.02,85,1,0.6093,0.027234
DQN,deceptive_grid,2,539,46099,-27.885,36,1,0.609,0.025174
DQN,deceptive_grid,2,540,46173,-68.905,74,1,0.6084,0.026483
DQN,deceptive_grid,2,541,46202,-13.925,29,1,0.6081,0.023357
DQN,deceptive_grid,2,542,46258,-37.73,56,1,0.6076,0.026012
DQN,deceptive_grid,2,543,46305,-28.835,47,1,0.6072,0.023102
DQN,deceptive_grid,2,544,46376,-81.005,71,1,0.6066,0.01859
DQN,deceptive_grid,2,545,46428,-40.72,52,1,0.6062,0.021461
DQN,deceptive_grid,2,546,46452,-21.915,24,1,0.606,0.019446
DQN,deceptive_grid,2,547,46502,-35.355,50,1,0.6056,0.020083
DQN,deceptive_grid,2,548,46549,-44.1,47,1,0.6052,0.031436
DQN,deceptive_grid,2,549,46609,-48.7,60,1,0.6047,0.025028
DQN,deceptive_grid,2,550,46680,-68.765,71,1,0.6041,0.022442
DQN,deceptive_grid,2,551,46712,-13.89,32,1,0.6038,0.018986
DQN,deceptive_grid,2,552,46719,5.545,7,1,0.6037,0.024765
DQN,deceptive_grid,2,553,46766,-24.465,47,1,0.6033,0.022138
DQN,deceptive_grid,2,554,46797,-12.4,31,1,0.6031,0.021706
DQN,deceptive_grid,2,555,46840,-35.985,43,1,0.6027,0.022797
DQN,deceptive_grid,2,556,46899,-51.145,59,1,0.6022,0.021242
DQN,deceptive_grid,2,557,46922,-4.635,23,1,0.602,0.018848
DQN,deceptive_grid,2,558,46984,-45.775,62,1,0.6015,0.021641
DQN,deceptive_grid,2,559,47055,-63.53,71,1,0.6009,0.028674
DQN,deceptive_grid,2,560,47112,-51.82,57,1,0.6004,0.02697
DQN,deceptive_grid,2,561,47164,-45.375,52,1,0.5999,0.019718
DQN,deceptive_grid,2,562,47220,-34.29,56,1,0.5995,0.019599
DQN,deceptive_grid,2,563,47260,-40.745,40,1,0.5991,0.019464
DQN,deceptive_grid,2,564,47296,-28.42,36,1,0.5988,0.015786
DQN,deceptive_grid,2,565,47371,-56.27,75,1,0.5982,0.016478
DQN,deceptive_grid,2,566,47421,-29.055,50,1,0.5978,0.015542
DQN,deceptive_grid,2,567,47424,5.015,3,1,0.5977,0.011325
DQN,deceptive_grid,2,568,47443,-1.855,19,1,0.5976,0.018291
DQN,deceptive_grid,2,569,47467,-9.44,24,1,0.5974,0.019761
DQN,deceptive_grid,2,570,47501,-11.295,34,1,0.5971,0.01873
DQN,deceptive_grid,2,571,47567,-52.5,66,1,0.5965,0.023237
DQN,deceptive_grid,2,572,47613,-31.97,46,1,0.5961,0.018513
DQN,deceptive_grid,2,573,47648,-16.105,35,1,0.5958,0.017073
DQN,deceptive_grid,2,574,47693,-36.95,45,1,0.5955,0.017451
DQN,deceptive_grid,2,575,47728,-25.58,35,1,0.5952,0.01655
DQN,deceptive_grid,2,576,47805,-78.07,77,1,0.5945,0.017087
DQN,deceptive_grid,2,577,47872,-57.975,67,1,0.5939,0.016337
DQN,deceptive_grid,2,578,47924,-43.235,52,1,0.5935,0.019388
DQN,deceptive_grid,2,579,47999,-57.38,75,1,0.5929,0.020049
DQN,deceptive_grid,2,580,48028,-25.24,29,1,0.5926,0.024348
DQN,deceptive_grid,2,581,48073,-27.445,45,1,0.5922,0.021388
DQN,deceptive_grid,2,582,48122,-26.13,49,1,0.5918,0.019495
DQN,deceptive_grid,2,583,48143,-8.495,21,1,0.5916,0.019154
DQN,deceptive_grid,2,584,48201,-50.855,58,1,0.5912,0.018055
DQN,deceptive_grid,2,585,48248,-26.025,47,1,0.5908,0.018001
DQN,deceptive_grid,2,586,48265,-9.095,17,1,0.5906,0.014086
DQN,deceptive_grid,2,587,48294,-15.385,29,1,0.5904,0.013144
DQN,deceptive_grid,2,588,48361,-50.975,67,1,0.5898,0.012477
DQN,deceptive_grid,2,589,48381,-1.32,20,1,0.5896,0.018868
DQN,deceptive_grid,2,590,48437,-48.55,56,1,0.5892,0.015831
DQN,deceptive_grid,2,591,48453,-4.215,16,1,0.589,0.013752
DQN,deceptive_grid,2,592,48528,-74.36,75,1,0.5884,0.017554
DQN,deceptive_grid,2,593,48582,-40.5,54,1,0.5879,0.017181
DQN,deceptive_grid,2,594,48619,-18.945,37,1,0.5876,0.018364
DQN,deceptive_grid,2,595,48672,-33.73,53,1,0.5872,0.018664
DQN,deceptive_grid,2,596,48738,-66.07,66,1,0.5866,0.014427
DQN,deceptive_grid,2,597,48788,-45.62,50,1,0.5862,0.015531
DQN,deceptive_grid,2,598,48802,-7.745,14,1,0.5861,0.014446
DQN,deceptive_grid,2,599,48834,-32.12,32,1,0.5858,0.01192
DQN,deceptive_grid,2,600,48863,-17.46,29,1,0.5855,0.017067
DQN,deceptive_grid,2,601,48923,-50.03,60,1,0.585,0.013415
DQN,deceptive_grid,2,602,48963,-21.93,40,1,0.5847,0.012822
DQN,deceptive_grid,2,603,49012,-33.94,49,1,0.5843,0.015715
DQN,deceptive_grid,2,604,49108,-75.19,96,1,0.5835,0.018322
DQN,deceptive_grid,2,605,49143,-22.755,35,1,0.5832,0.01603
DQN,deceptive_grid,2,606,49170,-14.275,27,1,0.5829,0.014236
DQN,deceptive_grid,2,607,49188,-15.295,18,1,0.5828,0.014118
DQN,deceptive_grid,2,608,49234,-34.73,46,1,0.5824,0.016939
DQN,deceptive_grid,2,609,49281,-43.36,47,1,0.582,0.014361
DQN,deceptive_grid,2,610,49284,9.515,3,1,0.582,0.010186
DQN,deceptive_grid,2,611,49303,-9.795,19,1,0.5818,0.01531
DQN,deceptive_grid,2,612,49315,-6.875,12,1,0.5817,0.012243
DQN,deceptive_grid,2,613,49392,-76.91,77,1,0.5811,0.013158
DQN,deceptive_grid,2,614,49424,-13.33,32,1,0.5808,0.013265
DQN,deceptive_grid,2,615,49469,-31.625,45,1,0.5804,0.011573
DQN,deceptive_grid,2,616,49510,-33.855,41,1,0.58,0.015315
DQN,deceptive_grid,2,617,49525,-2.64,15,1,0.5799,0.017269
DQN,deceptive_grid,2,618,49576,-55.23,51,1,0.5795,0.017097
DQN,deceptive_grid,2,619,49632,-39.105,56,1,0.579,0.015421
DQN,deceptive_grid,2,620,49667,-16.075,35,1,0.5787,0.014817
DQN,deceptive_grid,2,621,49696,-31.165,29,1,0.5785,0.011842
DQN,deceptive_grid,2,622,49756,-42.01,60,1,0.578,0.012629
DQN,deceptive_grid,2,623,49794,-33.285,38,1,0.5776,0.013379
DQN,deceptive_grid,2,624,49813,-7.59,19,1,0.5775,0.012782
DQN,deceptive_grid,2,625,49817,8.02,4,1,0.5774,0.009278
DQN,deceptive_grid,2,626,49867,-41.89,50,1,0.577,0.012716
DQN,deceptive_grid,2,627,49888,-8.49,21,1,0.5768,0.011923
DQN,deceptive_grid,2,628,49939,-45.655,51,1,0.5764,0.012178
DQN,deceptive_grid,2,629,49955,0.38,16,1,0.5763,0.007778
DQN,deceptive_grid,2,630,49996,-23.0,41,1,0.5759,0.012092
DQN,deceptive_grid,2,631,50037,-27.345,41,1,0.5756,0.020197
DQN,deceptive_grid,2,632,50067,-25.785,30,1,0.5753,0.016617
DQN,deceptive_grid,2,633,50068,10.5,1,1,0.5753,0.014076
DQN,deceptive_grid,2,634,50082,-7.78,14,1,0.5752,0.013235
DQN,deceptive_grid,2,635,50143,-45.68,61,1,0.5747,0.01464
DQN,deceptive_grid,2,636,50168,-12.38,25,1,0.5745,0.012753
DQN,deceptive_grid,2,637,50187,-1.855,19,1,0.5743,0.013885
DQN,deceptive_grid,2,638,50219,-33.5,32,1,0.574,0.012169
DQN,deceptive_grid,2,639,50265,-28.1,46,1,0.5736,0.011457
DQN,deceptive_grid,2,640,50293,-22.56,28,1,0.5734,0.013725
DQN,deceptive_grid,2,641,50305,2.13,12,1,0.5733,0.011673
DQN,deceptive_grid,2,642,50348,-43.215,43,1,0.5729,0.015991
DQN,deceptive_grid,2,643,50382,-18.215,34,1,0.5727,0.013249
DQN,deceptive_grid,2,644,50415,-17.745,33,1,0.5724,0.010531
DQN,deceptive_grid,2,645,50446,-17.955,31,1,0.5721,0.013228
DQN,deceptive_grid,2,646,50470,-9.52,24,1,0.5719,0.014577
DQN,deceptive_grid,2,647,50497,-16.39,27,1,0.5717,0.010078
DQN,deceptive_grid,2,648,50556,-36.705,59,1,0.5712,0.015756
DQN,deceptive_grid,2,649,50577,-18.61,21,1,0.571,0.015358
DQN,deceptive_grid,2,650,50602,-2.18,25,1,0.5708,0.015956
DQN,deceptive_grid,2,651,50643,-18.2,41,1,0.5704,0.015575
DQN,deceptive_grid,2,652,50695,-35.68,52,1,0.57,0.015428
DQN,deceptive_grid,2,653,50709,3.445,14,1,0.5699,0.013686
DQN,deceptive_grid,2,654,50715,6.065,6,1,0.5698,0.01137
DQN,deceptive_grid,2,655,50748,-22.47,33,1,0.5695,0.013965
DQN,deceptive_grid,2,656,50771,-6.965,23,1,0.5694,0.013854
DQN,deceptive_grid,2,657,50805,-15.805,34,1,0.5691,0.012766
DQN,deceptive_grid,2,658,50857,-40.09,52,1,0.5686,0.013764
DQN,deceptive_grid,2,659,50870,1.8,13,1,0.5685,0.013571
DQN,deceptive_grid,2,660,50875,7.53,5,1,0.5685,0.010602
DQN,deceptive_grid,2,661,50921,-52.64,46,1,0.5681,0.011364
DQN,deceptive_grid,2,662,50971,-54.595,50,1,0.5677,0.013176
DQN,deceptive_grid,2,663,51003,-15.98,32,1,0.5674,0.01207
DQN,deceptive_grid,2,664,51046,-26.1,43,1,0.567,0.013704
DQN,deceptive_grid,2,665,51099,-40.56,53,1,0.5666,0.013508
DQN,deceptive_grid,2,666,51108,3.64,9,1,0.5665,0.014262
DQN,deceptive_grid,2,667,51142,-31.645,34,1,0.5662,0.015096
DQN,deceptive_grid,2,668,51213,-57.905,71,1,0.5656,0.016094
DQN,deceptive_grid,2,669,51219,3.565,6,1,0.5656,0.012547
DQN,deceptive_grid,2,670,51236,-1.14,17,1,0.5654,0.015388
DQN,deceptive_grid,2,671,51281,-32.825,45,1,0.565,0.011749
DQN,deceptive_grid,2,672,51347,-59.67,66,1,0.5645,0.011696
DQN,deceptive_grid,2,673,51375,-8.89,28,1,0.5642,0.011964
DQN,deceptive_grid,2,674,51425,-29.985,50,1,0.5638,0.011438
DQN,deceptive_grid,2,675,51482,-38.575,57,1,0.5633,0.013462
DQN,deceptive_grid,2,676,51504,-5.355,22,1,0.5631,0.013076
DQN,deceptive_grid,2,677,51521,-5.5,17,1,0.563,0.014423
DQN,deceptive_grid,2,678,51566,-30.51,45,1,0.5626,0.017106
DQN,deceptive_grid,2,679,51600,-16.815,34,1,0.5623,0.013838
DQN,deceptive_grid,2,680,51620,-5.53,20,1,0.5622,0.016153
DQN,deceptive_grid,2,681,51653,-18.94,33,1,0.5619,0.015736
DQN,deceptive_grid,2,682,51697,-31.23,44,1,0.5615,0.014987
DQN,deceptive_grid,2,683,51702,7.54,5,1,0.5615,0.016597
DQN,deceptive_grid,2,684,51709,6.595,7,1,0.5614,0.013682
DQN,deceptive_grid,2,685,51746,-28.655,37,1,0.5611,0.012237
DQN,deceptive_grid,2,686,51796,-34.36,50,1,0.5607,0.012263
DQN,deceptive_grid,2,687,51817,-13.045,21,1,0.5605,0.011827
DQN,deceptive_grid,2,688,51846,-12.45,29,1,0.5602,0.013594
DQN,deceptive_grid,2,689,51887,-24.08,41,1,0.5599,0.011752
DQN,deceptive_grid,2,690,51908,-11.945,21,1,0.5597,0.011417
DQN,deceptive_grid,2,691,51917,5.64,9,1,0.5596,0.009609
DQN,deceptive_grid,2,692,51949,-23.37,32,1,0.5594,0.011297
DQN,deceptive_grid,2,693,51953,8.03,4,1,0.5593,0.020656
DQN,deceptive_grid,2,694,51983,-22.215,30,1,0.5591,0.010951
DQN,deceptive_grid,2,695,52009,-27.505,26,1,0.5589,0.013077
DQN,deceptive_grid,2,696,52082,-76.545,73,1,0.5582,0.014747
DQN,deceptive_grid,2,697,52117,-24.2,35,1,0.5579,0.01123
DQN,deceptive_grid,2,698,52172,-35.015,55,1,0.5575,0.013148
DQN,deceptive_grid,2,699,52233,-62.625,61,1,0.557,0.012351
DQN,deceptive_grid,2,700,52262,-21.985,29,1,0.5567,0.011888
DQN,deceptive_grid,2,701,52273,2.715,11,1,0.5566,0.010017
DQN,deceptive_grid,2,702,52288,2.015,15,1,0.5565,0.008774
DQN,deceptive_grid,2,703,52325,-34.525,37,1,0.5562,0.009689
DQN,deceptive_grid,2,704,52347,-5.52,22,1,0.556,0.013066
DQN,deceptive_grid,2,705,52374,-11.865,27,1,0.5558,0.010807
DQN,deceptive_grid,2,706,52410,-18.845,36,1,0.5555,0.011161
DQN,deceptive_grid,2,707,52428,-7.195,18,1,0.5553,0.011468
DQN,deceptive_grid,2,708,52438,-0.35,10,1,0.5552,0.007798
DQN,deceptive_grid,2,709,52474,-31.105,36,1,0.5549,0.010461
DQN,deceptive_grid,2,710,52506,-25.275,32,1,0.5546,0.014642
DQN,deceptive_grid,2,711,52548,-34.555,42,1,0.5543,0.01798
DQN,deceptive_grid,2,712,52584,-26.96,36,1,0.554,0.015052
DQN,deceptive_grid,2,713,52602,-6.065,18,1,0.5538,0.012213
DQN,deceptive_grid,2,714,52693,-84.94,91,1,0.5531,0.012789
DQN,deceptive_grid,2,715,52713,-16.065,20,1,0.5529,0.012889
DQN,deceptive_grid,2,716,52730,-10.155,17,1,0.5527,0.009527
DQN,deceptive_grid,2,717,52758,-15.58,28,1,0.5525,0.010182
DQN,deceptive_grid,2,718,52792,-22.88,34,1,0.5522,0.01214
DQN,deceptive_grid,2,719,52815,-10.415,23,1,0.552,0.011804
DQN,deceptive_grid,2,720,52844,-18.455,29,1,0.5518,0.01138
DQN,deceptive_grid,2,721,52861,-13.705,17,1,0.5516,0.007887
DQN,deceptive_grid,2,722,52875,1.305,14,1,0.5515,0.011652
DQN,deceptive_grid,2,723,52921,-47.01,46,1,0.5511,0.012396
DQN,deceptive_grid,2,724,52948,-13.085,27,1,0.5509,0.01
DQN,deceptive_grid,2,725,52965,2.1,17,1,0.5507,0.009694
DQN,deceptive_grid,2,726,52975,-1.385,10,1,0.5507,0.009018
DQN,deceptive_grid,2,727,52984,6.68,9,1,0.5506,0.008768
DQN,deceptive_grid,2,728,53018,-20.41,34,1,0.5503,0.012391
DQN,deceptive_grid,2,729,53095,-58.54,77,1,0.5496,0.013741
DQN,deceptive_grid,2,730,53144,-41.785,49,1,0.5492,0.01394
DQN,deceptive_grid,2,731,53194,-25.255,50,1,0.5488,0.014097
DQN,deceptive_grid,2,732,53213,-6.54,19,1,0.5486,0.012138
DQN,deceptive_grid,2,733,53236,-11.32,23,1,0.5484,0.013331
DQN,deceptive_grid,2,734,53270,-31.74,34,1,0.5482,0.01105
DQN,deceptive_grid,2,735,53294,-8.57,24,1,0.548,0.01091
DQN,deceptive_grid,2,736,53313,-11.11,19,1,0.5478,0.013299
DQN,deceptive_grid,2,737,53354,-59.845,41,1,0.5474,0.01087
DQN,deceptive_grid,2,738,53358,9.03,4,1,0.5474,0.008544
DQN,deceptive_grid,2,739,53393,-25.905,35,1,0.5471,0.012127
DQN,deceptive_grid,2,740,53427,-19.21,34,1,0.5468,0.010897
DQN,deceptive_grid,2,741,53440,1.8,13,1,0.5467,0.012991
DQN,deceptive_grid,2,742,53474,-17.345,34,1,0.5464,0.013178
DQN,deceptive_grid,2,743,53500,-11.375,26,1,0.5462,0.010482
DQN,deceptive_grid,2,744,53514,-11.325,14,1,0.5461,0.01513
DQN,deceptive_grid,2,745,53522,4.05,8,1,0.546,0.01204
DQN,deceptive_grid,2,746,53569,-32.07,47,1,0.5456,0.01138
DQN,deceptive_grid,2,747,53650,-76.83,81,1,0.5449,0.010726
DQN,deceptive_grid,2,748,53678,-7.77,28,1,0.5447,0.011432
DQN,deceptive_grid,2,749,53726,-29.96,48,1,0.5443,0.01225
DQN,deceptive_grid,2,750,53732,2.535,6,1,0.5442,0.009691
DQN,deceptive_grid,2,751,53742,-3.87,10,1,0.5442,0.012749
DQN,deceptive_grid,2,752,53756,-12.275,14,1,0.544,0.014318
DQN,deceptive_grid,2,753,53773,-11.59,17,1,0.5439,0.010943
DQN,deceptive_grid,2,754,53777,9.03,4,1,0.5439,0.010934
DQN,deceptive_grid,2,755,53807,-14.295,30,1,0.5436,0.009572
DQN,deceptive_grid,2,756,53833,-16.035,26,1,0.5434,0.011584
DQN,deceptive_grid,2,757,53849,0.33,16,1,0.5432,0.012714
DQN,deceptive_grid,2,758,53888,-36.895,39,1,0.5429,0.009484
DQN,deceptive_grid,2,759,53929,-30.675,41,1,0.5426,0.009475
DQN,deceptive_grid,2,760,53957,-12.44,28,1,0.5423,0.011143
DQN,deceptive_grid,2,761,53990,-16.84,33,1,0.542,0.008817
DQN,deceptive_grid,2,762,54003,-1.73,13,1,0.5419,0.018028
DQN,deceptive_grid,2,763,54032,-11.865,29,1,0.5417,0.016359
DQN,deceptive_grid,2,764,54065,-15.49,33,1,0.5414,0.013855
DQN,deceptive_grid,2,765,54108,-29.63,43,1,0.541,0.013258
DQN,deceptive_grid,2,766,54146,-15.365,38,1,0.5407,0.011784
DQN,deceptive_grid,2,767,54151,8.55,5,1,0.5407,0.009199
DQN,deceptive_grid,2,768,54207,-43.885,56,1,0.5402,0.011087
DQN,deceptive_grid,2,769,54254,-24.835,47,1,0.5398,0.009391
DQN,deceptive_grid,2,770,54301,-24.305,47,1,0.5394,0.010069
DQN,deceptive_grid,2,771,54328,-20.035,27,1,0.5392,0.012721
DQN,deceptive_grid,2,772,54336,5.09,8,1,0.5391,0.010503
DQN,deceptive_grid,2,773,54394,-49.455,58,1,0.5386,0.013257
DQN,deceptive_grid,2,774,54439,-30.64,45,1,0.5382,0.011191
DQN,deceptive_grid,2,775,54477,-33.85,38,1,0.5379,0.008542
DQN,deceptive_grid,2,776,54500,-1.435,23,1,0.5377,0.009138
DQN,deceptive_grid,2,777,54501,10.5,1,1,0.5377,0.012148
DQN,deceptive_grid,2,778,54530,-24.12,29,1,0.5375,0.011397
DQN,deceptive_grid,2,779,54559,-15.04,29,1,0.5372,0.011024
DQN,deceptive_grid,2,780,54613,-34.975,54,1,0.5368,0.010153
DQN,deceptive_grid,2,781,54644,-17.105,31,1,0.5365,0.010812
DQN,deceptive_grid,2,782,54681,-25.91,37,1,0.5362,0.011346
DQN,deceptive_grid,2,783,54705,-18.775,24,1,0.536,0.010786
DQN,deceptive_grid,2,784,54764,-69.865,59,1,0.5355,0.009737
DQN,deceptive_grid,2,785,54796,-29.37,32,1,0.5352,0.008552
DQN,deceptive_grid,2,786,54804,-2.935,8,1,0.5351,0.010487
DQN,deceptive_grid,2,787,54822,-4.97,18,1,0.535,0.007728
DQN,deceptive_grid,2,788,54868,-40.96,46,1,0.5346,0.008428
DQN,deceptive_grid,2,789,54886,-1.565,18,1,0.5344,0.009814
DQN,deceptive_grid,2,790,54889,9.515,3,1,0.5344,0.007428
DQN,deceptive_grid,2,791,54899,0.64,10,1,0.5343,0.010232
DQN,deceptive_grid,2,792,54936,-42.395,37,1,0.534,0.007499
DQN,deceptive_grid,2,793,54944,6.09,8,1,0.534,0.00657
DQN,deceptive_grid,2,794,54987,-27.565,43,1,0.5336,0.006647
DQN,deceptive_grid,2,795,55026,-28.88,39,1,0.5333,0.00974
DQN,deceptive_grid,2,796,55071,-35.925,45,1,0.5329,0.011033
DQN,deceptive_grid,2,797,55072,10.5,1,1,0.5329,0.006393
DQN,deceptive_grid,2,798,55090,-4.995,18,1,0.5327,0.011526
DQN,deceptive_grid,2,799,55101,-4.32,11,1,0.5326,0.008348
DQN,deceptive_grid,2,800,55146,-53.34,45,1,0.5322,0.009316
DuelingDQN,deceptive_grid,2,1,200,-286.135,200,0,0.9983,
DuelingDQN,deceptive_grid,2,2,400,-285.8,200,0,0.9966,
DuelingDQN,deceptive_grid,2,3,600,-265.25,200,0,0.9949,
DuelingDQN,deceptive_grid,2,4,800,-230.135,200,0,0.9932,
DuelingDQN,deceptive_grid,2,5,1000,-265.1,200,0,0.9915,0.921088
DuelingDQN,deceptive_grid,2,6,1200,-276.61,200,0,0.9898,0.150022
DuelingDQN,deceptive_grid,2,7,1388,-214.495,188,1,0.9882,0.012739
DuelingDQN,deceptive_grid,2,8,1588,-220.075,200,0,0.9865,0.015139
DuelingDQN,deceptive_grid,2,9,1788,-258.355,200,0,0.9848,0.011484
DuelingDQN,deceptive_grid,2,10,1988,-340.85,200,0,0.9831,0.009196
DuelingDQN,deceptive_grid,2,11,2188,-295.875,200,0,0.9814,0.017189
DuelingDQN,deceptive_grid,2,12,2249,-63.27,61,1,0.9809,0.008433
DuelingDQN,deceptive_grid,2,13,2339,-108.685,90,1,0.9802,0.017606
DuelingDQN,deceptive_grid,2,14,2539,-328.265,200,0,0.9785,0.023582
DuelingDQN,deceptive_grid,2,15,2739,-244.14,200,0,0.9768,0.022076
DuelingDQN,deceptive_grid,2,16,2939,-291.375,200,0,0.9751,0.008006
DuelingDQN,deceptive_grid,2,17,3139,-228.83,200,0,0.9734,0.037729
DuelingDQN,deceptive_grid,2,18,3339,-205.255,200,0,0.9717,0.018674
DuelingDQN,deceptive_grid,2,19,3539,-244.42,200,0,0.97,0.037629
DuelingDQN,deceptive_grid,2,20,3739,-295.28,200,0,0.9683,0.044085
DuelingDQN,deceptive_grid,2,21,3939,-247.29,200,0,0.9666,0.014592
DuelingDQN,deceptive_grid,2,22,4139,-201.185,200,0,0.9649,0.054903
DuelingDQN,deceptive_grid,2,23,4339,-243.94,200,0,0.9632,0.016704
DuelingDQN,deceptive_grid,2,24,4539,-292.85,200,0,0.9615,0.046242
DuelingDQN,deceptive_grid,2,25,4739,-260.905,200,0,0.9598,0.034732
DuelingDQN,deceptive_grid,2,26,4939,-263.265,200,0,0.9581,0.011396
DuelingDQN,deceptive_grid,2,27,5139,-278.675,200,0,0.9564,0.07878
DuelingDQN,deceptive_grid,2,28,5339,-267.59,200,0,0.9547,0.023692
DuelingDQN,deceptive_grid,2,29,5375,-22.565,36,1,0.9544,0.008882
DuelingDQN,deceptive_grid,2,30,5575,-241.48,200,0,0.9527,0.066747
DuelingDQN,deceptive_grid,2,31,5775,-204.215,200,0,0.951,0.032075
DuelingDQN,deceptive_grid,2,32,5948,-241.425,173,1,0.9496,0.013688
DuelingDQN,deceptive_grid,2,33,6058,-182.155,110,1,0.9486,0.111672
DuelingDQN,deceptive_grid,2,34,6069,-1.845,11,1,0.9485,0.107317
DuelingDQN,deceptive_grid,2,35,6124,-56.35,55,1,0.9481,0.058159
DuelingDQN,deceptive_grid,2,36,6324,-212.615,200,0,0.9464,0.025084
DuelingDQN,deceptive_grid,2,37,6524,-238.435,200,0,0.9447,0.048174
DuelingDQN,deceptive_grid,2,38,6724,-233.595,200,0,0.943,0.065581
DuelingDQN,deceptive_grid,2,39,6884,-169.66,160,1,0.9416,0.018687
DuelingDQN,deceptive_grid,2,40,7084,-270.88,200,0,0.9399,0.081931
DuelingDQN,deceptive_grid,2,41,7188,-127.825,104,1,0.939,0.053427
DuelingDQN,deceptive_grid,2,42,7388,-271.575,200,0,0.9373,0.019631
DuelingDQN,deceptive_grid,2,43,7544,-162.365,156,1,0.936,0.083018
DuelingDQN,deceptive_grid,2,44,7744,-306.96,200,0,0.9343,0.053154
DuelingDQN,deceptive_grid,2,45,7885,-192.515,141,1,0.9331,0.020505
DuelingDQN,deceptive_grid,2,46,8042,-181.1,157,1,0.9318,0.080802
DuelingDQN,deceptive_grid,2,47,8242,-281.655,200,0,0.9301,0.054494
DuelingDQN,deceptive_grid,2,48,8442,-243.535,200,0,0.9284,0.0145
DuelingDQN,deceptive_grid,2,49,8448,7.055,6,1,0.9284,0.007572
DuelingDQN,deceptive_grid,2,50,8648,-249.575,200,0,0.9267,0.089244
DuelingDQN,deceptive_grid,2,51,8848,-219.635,200,0,0.925,0.0197
DuelingDQN,deceptive_grid,2,52,9048,-220.265,200,0,0.9233,0.069909
DuelingDQN,deceptive_grid,2,53,9127,-67.78,79,1,0.9226,0.076321
DuelingDQN,deceptive_grid,2,54,9327,-283.56,200,0,0.9209,0.020422
DuelingDQN,deceptive_grid,2,55,9527,-255.74,200,0,0.9192,0.050822
DuelingDQN,deceptive_grid,2,56,9727,-226.97,200,0,0.9175,0.066411
DuelingDQN,deceptive_grid,2,57,9927,-270.935,200,0,0.9158,0.01132
DuelingDQN,deceptive_grid,2,58,10127,-242.88,200,0,0.9141,0.094592
DuelingDQN,deceptive_grid,2,59,10215,-72.825,88,1,0.9134,0.027747
DuelingDQN,deceptive_grid,2,60,10415,-218.26,200,0,0.9117,0.012114
DuelingDQN,deceptive_grid,2,61,10431,-5.17,16,1,0.9115,0.007857
DuelingDQN,deceptive_grid,2,62,10631,-228.93,200,0,0.9098,0.103787
DuelingDQN,deceptive_grid,2,63,10831,-251.625,200,0,0.9081,0.020708
DuelingDQN,deceptive_grid,2,64,10920,-85.76,89,1,0.9074,0.008359
DuelingDQN,deceptive_grid,2,65,11056,-161.515,136,1,0.9062,0.09827
DuelingDQN,deceptive_grid,2,66,11158,-94.26,102,1,0.9054,0.061173
DuelingDQN,deceptive_grid,2,67,11358,-229.64,200,0,0.9037,0.019023
DuelingDQN,deceptive_grid,2,68,11368,2.075,10,1,0.9036,0.010198
DuelingDQN,deceptive_grid,2,69,11568,-222.735,200,0,0.9019,0.073716
DuelingDQN,deceptive_grid,2,70,11768,-234.395,200,0,0.9002,0.04282
DuelingDQN,deceptive_grid,2,71,11896,-171.545,128,1,0.8991,0.010716
DuelingDQN,deceptive_grid,2,72,12082,-203.795,186,1,0.8975,0.070966
DuelingDQN,deceptive_grid,2,73,12236,-158.84,154,1,0.8962,0.034873
DuelingDQN,deceptive_grid,2,74,12436,-226.81,200,0,0.8945,0.017557
DuelingDQN,deceptive_grid,2,75,12636,-229.18,200,0,0.8928,0.07138
DuelingDQN,deceptive_grid,2,76,12836,-261.475,200,0,0.8911,0.021664
DuelingDQN,deceptive_grid,2,77,12876,-32.03,40,1,0.8908,0.010729
DuelingDQN,deceptive_grid,2,78,12884,5.1,8,1,0.8907,0.008995
DuelingDQN,deceptive_grid,2,79,13084,-223.33,200,1,0.889,0.049043
DuelingDQN,deceptive_grid,2,80,13284,-202.255,200,0,0.8873,0.026377
DuelingDQN,deceptive_grid,2,81,13484,-246.42,200,0,0.8856,0.010188
DuelingDQN,deceptive_grid,2,82,13608,-168.99,124,1,0.8846,0.069986
DuelingDQN,deceptive_grid,2,83,13780,-182.435,172,1,0.8831,0.018044
DuelingDQN,deceptive_grid,2,84,13980,-230.3,200,0,0.8814,0.007388
DuelingDQN,deceptive_grid,2,85,14180,-199.6,200,0,0.8797,0.031451
DuelingDQN,deceptive_grid,2,86,14307,-128.035,127,1,0.8787,0.012267
DuelingDQN,deceptive_grid,2,87,14391,-78.675,84,1,0.8779,0.009835
DuelingDQN,deceptive_grid,2,88,14591,-254.01,200,0,0.8762,0.023869
DuelingDQN,deceptive_grid,2,89,14791,-204.79,200,0,0.8745,0.012829
DuelingDQN,deceptive_grid,2,90,14860,-85.405,69,1,0.874,0.00553
DuelingDQN,deceptive_grid,2,91,14922,-51.665,62,1,0.8734,0.005755
DuelingDQN,deceptive_grid,2,92,15122,-234.205,200,0,0.8717,0.018327
DuelingDQN,deceptive_grid,2,93,15221,-117.58,99,1,0.8709,0.011346
DuelingDQN,deceptive_grid,2,94,15421,-232.505,200,0,0.8692,0.005121
DuelingDQN,deceptive_grid,2,95,15621,-256.725,200,0,0.8675,0.010075
DuelingDQN,deceptive_grid,2,96,15821,-238.69,200,0,0.8658,0.003969
DuelingDQN,deceptive_grid,2,97,16021,-227.015,200,0,0.8641,0.004416
DuelingDQN,deceptive_grid,2,98,16133,-89.805,112,1,0.8632,0.009968
DuelingDQN,deceptive_grid,2,99,16208,-101.71,75,1,0.8625,0.003999
DuelingDQN,deceptive_grid,2,100,16323,-111.515,115,1,0.8616,0.002238
DuelingDQN,deceptive_grid,2,101,16523,-230.26,200,0,0.8599,0.002514
DuelingDQN,deceptive_grid,2,102,16707,-225.575,184,1,0.8583,0.006285
DuelingDQN,deceptive_grid,2,103,16907,-301.985,200,0,0.8566,0.001541
DuelingDQN,deceptive_grid,2,104,16944,-51.645,37,1,0.8563,0.001637
DuelingDQN,deceptive_grid,2,105,17097,-185.99,153,1,0.855,0.006213
DuelingDQN,deceptive_grid,2,106,17114,-6.71,17,1,0.8548,0.005928
DuelingDQN,deceptive_grid,2,107,17314,-264.575,200,0,0.8531,0.003193
DuelingDQN,deceptive_grid,2,108,17360,-39.325,46,1,0.8528,0.002494
DuelingDQN,deceptive_grid,2,109,17479,-116.915,119,1,0.8517,0.002378
DuelingDQN,deceptive_grid,2,110,17605,-120.345,126,1,0.8507,0.007345
DuelingDQN,deceptive_grid,2,111,17625,-21.64,20,1,0.8505,0.006039
DuelingDQN,deceptive_grid,2,112,17641,-2.84,16,1,0.8504,0.004814
DuelingDQN,deceptive_grid,2,113,17648,-10.445,7,1,0.8503,0.004412
DuelingDQN,deceptive_grid,2,114,17848,-250.075,200,0,0.8486,0.003686
DuelingDQN,deceptive_grid,2,115,17902,-58.85,54,1,0.8482,0.00159
DuelingDQN,deceptive_grid,2,116,18027,-136.9,125,1,0.8471,0.002708
DuelingDQN,deceptive_grid,2,117,18196,-248.835,169,1,0.8457,0.005436
DuelingDQN,deceptive_grid,2,118,18237,-28.535,41,1,0.8453,0.002528
DuelingDQN,deceptive_grid,2,119,18322,-79.675,85,1,0.8446,0.004251
DuelingDQN,deceptive_grid,2,120,18409,-76.725,87,1,0.8439,0.003708
DuelingDQN,deceptive_grid,2,121,18488,-98.955,79,1,0.8432,0.002234
DuelingDQN,deceptive_grid,2,122,18649,-221.935,161,1,0.8418,0.006419
DuelingDQN,deceptive_grid,2,123,18681,-48.06,32,1,0.8416,0.005348
DuelingDQN,deceptive_grid,2,124,18767,-129.42,86,1,0.8408,0.003308
DuelingDQN,deceptive_grid,2,125,18777,-1.425,10,1,0.8407,0.002752
DuelingDQN,deceptive_grid,2,126,18943,-191.27,166,1,0.8393,0.002502
DuelingDQN,deceptive_grid,2,127,19022,-64.77,79,1,0.8387,0.005148
DuelingDQN,deceptive_grid,2,128,19208,-175.06,186,1,0.8371,0.006379
DuelingDQN,deceptive_grid,2,129,19337,-135.635,129,1,0.836,0.004238
DuelingDQN,deceptive_grid,2,130,19426,-81.83,89,1,0.8352,0.005678
DuelingDQN,deceptive_grid,2,131,19428,10.005,2,1,0.8352,0.004867
DuelingDQN,deceptive_grid,2,132,19456,-17.005,28,1,0.835,0.004779
DuelingDQN,deceptive_grid,2,133,19522,-63.545,66,1,0.8344,0.007499
DuelingDQN,deceptive_grid,2,134,19655,-155.24,133,1,0.8333,0.007029
DuelingDQN,deceptive_grid,2,135,19855,-233.465,200,0,0.8316,0.002085
DuelingDQN,deceptive_grid,2,136,20055,-242.695,200,0,0.8299,0.003203
DuelingDQN,deceptive_grid,2,137,20092,-24.02,37,1,0.8296,0.00729
DuelingDQN,deceptive_grid,2,138,20177,-77.98,85,1,0.8289,0.004574
DuelingDQN,deceptive_grid,2,139,20377,-289.375,200,0,0.8272,0.002796
DuelingDQN,deceptive_grid,2,140,20492,-135.56,115,1,0.8262,0.002235
DuelingDQN,deceptive_grid,2,141,20595,-101.94,103,1,0.8253,0.008934
DuelingDQN,deceptive_grid,2,142,20795,-248.985,200,0,0.8236,0.004724
DuelingDQN,deceptive_grid,2,143,20935,-143.765,140,1,0.8224,0.001917
DuelingDQN,deceptive_grid,2,144,21048,-130.125,113,1,0.8215,0.003853
DuelingDQN,deceptive_grid,2,145,21165,-165.59,117,1,0.8205,0.007442
DuelingDQN,deceptive_grid,2,146,21255,-93.845,90,1,0.8197,0.004929
DuelingDQN,deceptive_grid,2,147,21411,-195.105,156,1,0.8184,0.002731
DuelingDQN,deceptive_grid,2,148,21486,-75.4,75,1,0.8178,0.001094
DuelingDQN,deceptive_grid,2,149,21534,-42.02,48,1,0.8174,0.00578
DuelingDQN,deceptive_grid,2,150,21617,-72.46,83,1,0.8166,0.005284
DuelingDQN,deceptive_grid,2,151,21677,-42.465,60,1,0.8161,0.003588
DuelingDQN,deceptive_grid,2,152,21877,-252.29,200,0,0.8144,0.001949
DuelingDQN,deceptive_grid,2,153,21963,-80.39,86,1,0.8137,0.001151
DuelingDQN,deceptive_grid,2,154,21998,-52.525,35,1,0.8134,0.00087
DuelingDQN,deceptive_grid,2,155,22086,-91.535,88,1,0.8127,0.006042
DuelingDQN,deceptive_grid,2,156,22200,-100.47,114,1,0.8117,0.005508
DuelingDQN,deceptive_grid,2,157,22268,-43.43,68,1,0.8111,0.004189
DuelingDQN,deceptive_grid,2,158,22288,-4.51,20,1,0.811,0.003359
DuelingDQN,deceptive_grid,2,159,22431,-205.13,143,1,0.8097,0.002367
DuelingDQN,deceptive_grid,2,160,22512,-70.175,81,1,0.8091,0.003343
DuelingDQN,deceptive_grid,2,161,22692,-167.4,180,1,0.8075,0.004343
DuelingDQN,deceptive_grid,2,162,22857,-192.935,165,1,0.8061,0.002436
DuelingDQN,deceptive_grid,2,163,22902,-30.23,45,1,0.8058,0.001971
DuelingDQN,deceptive_grid,2,164,23102,-286.54,200,0,0.8041,0.003116
DuelingDQN,deceptive_grid,2,165,23127,-11.24,25,1,0.8038,0.004426
DuelingDQN,deceptive_grid,2,166,23140,-2.845,13,1,0.8037,0.00385
DuelingDQN,deceptive_grid,2,167,23269,-114.9,129,1,0.8026,0.004972
DuelingDQN,deceptive_grid,2,168,23286,-7.675,17,1,0.8025,0.004364
DuelingDQN,deceptive_grid,2,169,23486,-207.445,200,0,0.8008,0.001714
DuelingDQN,deceptive_grid,2,170,23686,-208.73,200,0,0.7991,0.004636
DuelingDQN,deceptive_grid,2,171,23886,-230.295,200,0,0.7974,0.001896
DuelingDQN,deceptive_grid,2,172,23939,-50.145,53,1,0.797,0.001461
DuelingDQN,deceptive_grid,2,173,24018,-74.425,79,1,0.7963,0.002152
DuelingDQN,deceptive_grid,2,174,24218,-228.875,200,0,0.7946,0.003619
DuelingDQN,deceptive_grid,2,175,24296,-80.135,78,1,0.7939,0.001647
DuelingDQN,deceptive_grid,2,176,24337,-32.45,41,1,0.7936,0.001263
DuelingDQN,deceptive_grid,2,177,24537,-255.16,200,0,0.7919,0.001856
DuelingDQN,deceptive_grid,2,178,24737,-261.92,200,0,0.7902,0.002877
DuelingDQN,deceptive_grid,2,179,24777,-22.8,40,1,0.7898,0.001618
DuelingDQN,deceptive_grid,2,180,24852,-60.79,75,1,0.7892,0.00144
DuelingDQN,deceptive_grid,2,181,24890,-28.78,38,1,0.7889,0.002173
DuelingDQN,deceptive_grid,2,182,24917,-32.495,27,1,0.7887,0.001355
DuelingDQN,deceptive_grid,2,183,24997,-86.455,80,1,0.788,0.001665
DuelingDQN,deceptive_grid,2,184,25097,-112.895,100,1,0.7871,0.005259
DuelingDQN,deceptive_grid,2,185,25226,-123.79,129,1,0.786,0.003884
DuelingDQN,deceptive_grid,2,186,25302,-60.86,76,1,0.7854,0.003021
DuelingDQN,deceptive_grid,2,187,25360,-35.345,58,1,0.7849,0.002752
DuelingDQN,deceptive_grid,2,188,25482,-147.385,122,1,0.7839,0.002446
DuelingDQN,deceptive_grid,2,189,25526,-35.485,44,1,0.7835,0.00389
DuelingDQN,deceptive_grid,2,190,25726,-230.365,200,0,0.7818,0.004641
DuelingDQN,deceptive_grid,2,191,25751,-15.905,25,1,0.7816,0.002222
DuelingDQN,deceptive_grid,2,192,25800,-32.895,49,1,0.7812,0.001264
DuelingDQN,deceptive_grid,2,193,25871,-108.07,71,1,0.7806,0.000888
DuelingDQN,deceptive_grid,2,194,25914,-35.65,43,1,0.7802,0.000623
DuelingDQN,deceptive_grid,2,195,25984,-99.27,70,1,0.7796,0.000546
DuelingDQN,deceptive_grid,2,196,26184,-214.6,200,0,0.7779,0.003482
DuelingDQN,deceptive_grid,2,197,26230,-30.775,46,1,0.7775,0.002135
DuelingDQN,deceptive_grid,2,198,26353,-111.925,123,1,0.7765,0.00167
DuelingDQN,deceptive_grid,2,199,26365,2.17,12,1,0.7764,0.000918
DuelingDQN,deceptive_grid,2,200,26509,-176.55,144,1,0.7752,0.002491
DuelingDQN,deceptive_grid,2,201,26643,-142.17,134,1,0.774,0.004331
DuelingDQN,deceptive_grid,2,202,26703,-66.685,60,1,0.7735,0.001736
DuelingDQN,deceptive_grid,2,203,26723,-4.55,20,1,0.7733,0.002105
DuelingDQN,deceptive_grid,2,204,26850,-145.54,127,1,0.7723,0.001854
DuelingDQN,deceptive_grid,2,205,26991,-146.53,141,1,0.7711,0.00077
DuelingDQN,deceptive_grid,2,206,27010,-18.92,19,1,0.7709,0.003099
DuelingDQN,deceptive_grid,2,207,27076,-71.455,66,1,0.7703,0.004446
DuelingDQN,deceptive_grid,2,208,27120,-30.995,44,1,0.77,0.004066
DuelingDQN,deceptive_grid,2,209,27247,-154.795,127,1,0.7689,0.002218
DuelingDQN,deceptive_grid,2,210,27258,1.625,11,1,0.7688,0.001396
DuelingDQN,deceptive_grid,2,211,27345,-78.58,87,1,0.7681,0.001367
DuelingDQN,deceptive_grid,2,212,27392,-36.335,47,1,0.7677,0.001407
DuelingDQN,deceptive_grid,2,213,27485,-94.085,93,1,0.7669,0.001044
DuelingDQN,deceptive_grid,2,214,27570,-69.92,85,1,0.7662,0.003404
DuelingDQN,deceptive_grid,2,215,27609,-25.83,39,1,0.7658,0.003364
DuelingDQN,deceptive_grid,2,216,27704,-85.895,95,1,0.765,0.002054
DuelingDQN,deceptive_grid,2,217,27716,-6.8,12,1,0.7649,0.001414
DuelingDQN,deceptive_grid,2,218,27759,-33.195,43,1,0.7646,0.002096
DuelingDQN,deceptive_grid,2,219,27769,4.185,10,1,0.7645,0.002643
DuelingDQN,deceptive_grid,2,220,27825,-39.51,56,1,0.764,0.002243
DuelingDQN,deceptive_grid,2,221,27914,-92.035,89,1,0.7632,0.005636
DuelingDQN,deceptive_grid,2,222,27987,-72.415,73,1,0.7626,0.002949
DuelingDQN,deceptive_grid,2,223,27994,6.605,7,1,0.7626,0.001624
DuelingDQN,deceptive_grid,2,224,28058,-48.47,64,1,0.762,0.003522
DuelingDQN,deceptive_grid,2,225,28192,-159.965,134,1,0.7609,0.003287
DuelingDQN,deceptive_grid,2,226,28272,-89.085,80,1,0.7602,0.002316
DuelingDQN,deceptive_grid,2,227,28365,-111.18,93,1,0.7594,0.001136
DuelingDQN,deceptive_grid,2,228,28415,-53.225,50,1,0.759,0.000791
DuelingDQN,deceptive_grid,2,229,28487,-72.14,72,1,0.7584,0.000841
DuelingDQN,deceptive_grid,2,230,28541,-59.045,54,1,0.7579,0.002627
DuelingDQN,deceptive_grid,2,231,28555,0.255,14,1,0.7578,0.003371
DuelingDQN,deceptive_grid,2,232,28581,-15.72,26,1,0.7576,0.003819
DuelingDQN,deceptive_grid,2,233,28641,-46.99,60,1,0.7571,0.003436
DuelingDQN,deceptive_grid,2,234,28646,-1.475,5,1,0.757,0.002297
DuelingDQN,deceptive_grid,2,235,28699,-40.9,53,1,0.7566,0.003082
DuelingDQN,deceptive_grid,2,236,28751,-52.285,52,1,0.7561,0.002482
DuelingDQN,deceptive_grid,2,237,28793,-41.885,42,1,0.7558,0.002861
DuelingDQN,deceptive_grid,2,238,28798,4.05,5,1,0.7557,0.002272
DuelingDQN,deceptive_grid,2,239,28834,-41.89,36,1,0.7554,0.002324
DuelingDQN,deceptive_grid,2,240,28853,-6.605,19,1,0.7553,0.002171
DuelingDQN,deceptive_grid,2,241,28869,-5.19,16,1,0.7551,0.002502
DuelingDQN,deceptive_grid,2,242,29024,-181.185,155,1,0.7538,0.002699
DuelingDQN,deceptive_grid,2,243,29116,-87.6,92,1,0.753,0.002993
DuelingDQN,deceptive_grid,2,244,29301,-230.94,185,1,0.7515,0.001305
DuelingDQN,deceptive_grid,2,245,29419,-103.13,118,1,0.7505,0.000683
DuelingDQN,deceptive_grid,2,246,29559,-150.39,140,1,0.7493,0.002266
DuelingDQN,deceptive_grid,2,247,29702,-130.145,143,1,0.7481,0.004502
DuelingDQN,deceptive_grid,2,248,29753,-46.21,51,1,0.7476,0.001878
DuelingDQN,deceptive_grid,2,249,29779,-28.77,26,1,0.7474,0.00186
DuelingDQN,deceptive_grid,2,250,29912,-142.405,133,1,0.7463,0.001152
DuelingDQN,deceptive_grid,2,251,30102,-202.95,190,1,0.7447,0.00191
DuelingDQN,deceptive_grid,2,252,30109,-2.42,7,1,0.7446,0.002529
DuelingDQN,deceptive_grid,2,253,30139,-13.105,30,1,0.7444,0.003575
DuelingDQN,deceptive_grid,2,254,30166,-14.205,27,1,0.7441,0.006065
DuelingDQN,deceptive_grid,2,255,30172,8.075,6,1,0.7441,0.006985
DuelingDQN,deceptive_grid,2,256,30260,-110.585,88,1,0.7433,0.005
DuelingDQN,deceptive_grid,2,257,30374,-104.435,114,1,0.7424,0.001892
DuelingDQN,deceptive_grid,2,258,30377,8.515,3,1,0.7423,0.001522
DuelingDQN,deceptive_grid,2,259,30431,-45.195,54,1,0.7419,0.000895
DuelingDQN,deceptive_grid,2,260,30597,-158.44,166,1,0.7405,0.001854
DuelingDQN,deceptive_grid,2,261,30621,-8.36,24,1,0.7403,0.002213
DuelingDQN,deceptive_grid,2,262,30641,-14.695,20,1,0.7401,0.001606
DuelingDQN,deceptive_grid,2,263,30779,-140.245,138,1,0.7389,0.000979
DuelingDQN,deceptive_grid,2,264,30849,-69.825,70,1,0.7383,0.000911
DuelingDQN,deceptive_grid,2,265,30972,-124.725,123,1,0.7373,0.00122
DuelingDQN,deceptive_grid,2,266,30976,9.03,4,1,0.7373,0.000504
DuelingDQN,deceptive_grid,2,267,31062,-113.68,86,1,0.7365,0.002697
DuelingDQN,deceptive_grid,2,268,31139,-81.595,77,1,0.7359,0.005041
DuelingDQN,deceptive_grid,2,269,31210,-63.66,71,1,0.7353,0.004013
DuelingDQN,deceptive_grid,2,270,31359,-151.82,149,1,0.734,0.001743
DuelingDQN,deceptive_grid,2,271,31383,-11.845,24,1,0.7338,0.000605
DuelingDQN,deceptive_grid,2,272,31502,-127.48,119,1,0.7328,0.000641
DuelingDQN,deceptive_grid,2,273,31674,-226.31,172,1,0.7313,0.002486
DuelingDQN,deceptive_grid,2,274,31712,-39.205,38,1,0.731,0.001189
DuelingDQN,deceptive_grid,2,275,31749,-31.04,37,1,0.7307,0.000847
DuelingDQN,deceptive_grid,2,276,31797,-31.745,48,1,0.7303,0.001591
DuelingDQN,deceptive_grid,2,277,31929,-144.85,132,1,0.7292,0.002054
DuelingDQN,deceptive_grid,2,278,31975,-50.825,46,1,0.7288,0.000853
DuelingDQN,deceptive_grid,2,279,32002,-14.495,27,1,0.7286,0.000984
DuelingDQN,deceptive_grid,2,280,32111,-93.265,109,1,0.7276,0.00215
DuelingDQN,deceptive_grid,2,281,32181,-75.42,70,1,0.727,0.002012
DuelingDQN,deceptive_grid,2,282,32282,-80.44,101,1,0.7262,0.001722
DuelingDQN,deceptive_grid,2,283,32375,-106.775,93,1,0.7254,0.001661
DuelingDQN,deceptive_grid,2,284,32478,-83.27,103,1,0.7245,0.00387
DuelingDQN,deceptive_grid,2,285,32570,-88.12,92,1,0.7237,0.004822
DuelingDQN,deceptive_grid,2,286,32578,5.07,8,1,0.7237,0.004436
DuelingDQN,deceptive_grid,2,287,32644,-56.14,66,1,0.7231,0.003447
DuelingDQN,deceptive_grid,2,288,32670,-9.505,26,1,0.7229,0.002112
DuelingDQN,deceptive_grid,2,289,32698,-9.12,28,1,0.7227,0.001747
DuelingDQN,deceptive_grid,2,290,32786,-71.315,88,1,0.7219,0.001764
DuelingDQN,deceptive_grid,2,291,32840,-38.64,54,1,0.7215,0.00137
DuelingDQN,deceptive_grid,2,292,32923,-74.625,83,1,0.7208,0.001094
DuelingDQN,deceptive_grid,2,293,33029,-115.17,106,1,0.7199,0.001909
DuelingDQN,deceptive_grid,2,294,33078,-48.68,49,1,0.7194,0.002823
DuelingDQN,deceptive_grid,2,295,33103,-10.06,25,1,0.7192,0.002191
DuelingDQN,deceptive_grid,2,296,33121,-15.015,18,1,0.7191,0.001612
DuelingDQN,deceptive_grid,2,297,33182,-50.345,61,1,0.7186,0.002236
DuelingDQN,deceptive_grid,2,298,33272,-91.485,90,1,0.7178,0.001638
DuelingDQN,deceptive_grid,2,299,33368,-96.185,96,1,0.717,0.000873
DuelingDQN,deceptive_grid,2,300,33408,-26.06,40,1,0.7166,0.00084
DuelingDQN,deceptive_grid,2,301,33456,-29.14,48,1,0.7162,0.000799
DuelingDQN,deceptive_grid,2,302,33490,-20.71,34,1,0.7159,0.000675
DuelingDQN,deceptive_grid,2,303,33559,-67.06,69,1,0.7154,0.003794
DuelingDQN,deceptive_grid,2,304,33608,-31.835,49,1,0.7149,0.004046
DuelingDQN,deceptive_grid,2,305,33656,-33.59,48,1,0.7145,0.002235
DuelingDQN,deceptive_grid,2,306,33698,-46.87,42,1,0.7142,0.002034
DuelingDQN,deceptive_grid,2,307,33746,-41.185,48,1,0.7138,0.001409
DuelingDQN,deceptive_grid,2,308,33800,-45.935,54,1,0.7133,0.00134
DuelingDQN,deceptive_grid,2,309,33896,-105.325,96,1,0.7125,0.001428
DuelingDQN,deceptive_grid,2,310,33957,-82.375,61,1,0.712,0.000933
DuelingDQN,deceptive_grid,2,311,33998,-35.89,41,1,0.7116,0.000715
DuelingDQN,deceptive_grid,2,312,34076,-81.085,78,1,0.711,0.006339
DuelingDQN,deceptive_grid,2,313,34114,-22.255,38,1,0.7106,0.004488
DuelingDQN,deceptive_grid,2,314,34152,-30.22,38,1,0.7103,0.00395
DuelingDQN,deceptive_grid,2,315,34174,-13.23,22,1,0.7101,0.003587
DuelingDQN,deceptive_grid,2,316,34214,-39.81,40,1,0.7098,0.00264
DuelingDQN,deceptive_grid,2,317,34232,-0.495,18,1,0.7096,0.002621
DuelingDQN,deceptive_grid,2,318,34264,-13.96,32,1,0.7094,0.001954
DuelingDQN,deceptive_grid,2,319,34327,-57.92,63,1,0.7088,0.001252
DuelingDQN,deceptive_grid,2,320,34347,-9.055,20,1,0.7087,0.00083
DuelingDQN,deceptive_grid,2,321,34467,-101.8,120,1,0.7077,0.000701
DuelingDQN,deceptive_grid,2,322,34516,-52.875,49,1,0.7072,0.002004
DuelingDQN,deceptive_grid,2,323,34641,-127.96,125,1,0.7062,0.00368
DuelingDQN,deceptive_grid,2,324,34692,-37.48,51,1,0.7057,0.003128
DuelingDQN,deceptive_grid,2,325,34743,-42.165,51,1,0.7053,0.001856
DuelingDQN,deceptive_grid,2,326,34847,-97.78,104,1,0.7044,0.000964
DuelingDQN,deceptive_grid,2,327,34857,3.075,10,1,0.7043,0.000785
DuelingDQN,deceptive_grid,2,328,34921,-52.905,64,1,0.7038,0.000683
DuelingDQN,deceptive_grid,2,329,34984,-68.055,63,1,0.7033,0.000645
DuelingDQN,deceptive_grid,2,330,35024,-25.34,40,1,0.7029,0.00257
DuelingDQN,deceptive_grid,2,331,35093,-62.045,69,1,0.7023,0.003184
DuelingDQN,deceptive_grid,2,332,35116,-12.43,23,1,0.7021,0.002265
DuelingDQN,deceptive_grid,2,333,35132,-7.26,16,1,0.702,0.002365
DuelingDQN,deceptive_grid,2,334,35180,-57.61,48,1,0.7016,0.001586
DuelingDQN,deceptive_grid,2,335,35212,-15.155,32,1,0.7013,0.001377
DuelingDQN,deceptive_grid,2,336,35281,-64.195,69,1,0.7007,0.001196
DuelingDQN,deceptive_grid,2,337,35369,-108.66,88,1,0.7,0.000946
DuelingDQN,deceptive_grid,2,338,35394,-20.155,25,1,0.6998,0.001151
DuelingDQN,deceptive_grid,2,339,35409,-4.8,15,1,0.6997,0.001295
DuelingDQN,deceptive_grid,2,340,35556,-164.57,147,1,0.6984,0.001776
DuelingDQN,deceptive_grid,2,341,35630,-89.735,74,1,0.6978,0.002479
DuelingDQN,deceptive_grid,2,342,35796,-174.61,166,1,0.6964,0.002325
DuelingDQN,deceptive_grid,2,343,35839,-54.25,43,1,0.696,0.001166
DuelingDQN,deceptive_grid,2,344,35878,-27.93,39,1,0.6957,0.001203
DuelingDQN,deceptive_grid,2,345,35910,-27.325,32,1,0.6954,0.001224
DuelingDQN,deceptive_grid,2,346,35986,-68.83,76,1,0.6948,0.001443
DuelingDQN,deceptive_grid,2,347,35998,2.3,12,1,0.6947,0.001902
DuelingDQN,deceptive_grid,2,348,36055,-50.3,57,1,0.6942,0.0028
DuelingDQN,deceptive_grid,2,349,36131,-67.45,76,1,0.6935,0.002812
DuelingDQN,deceptive_grid,2,350,36154,-6.955,23,1,0.6933,0.001975
DuelingDQN,deceptive_grid,2,351,36229,-64.005,75,1,0.6927,0.001351
DuelingDQN,deceptive_grid,2,352,36344,-104.255,115,1,0.6917,0.000699
DuelingDQN,deceptive_grid,2,353,36388,-29.175,44,1,0.6914,0.001077
DuelingDQN,deceptive_grid,2,354,36429,-34.48,41,1,0.691,0.001103
DuelingDQN,deceptive_grid,2,355,36449,-3.46,20,1,0.6908,0.000774
DuelingDQN,deceptive_grid,2,356,36488,-29.495,39,1,0.6905,0.000945
DuelingDQN,deceptive_grid,2,357,36623,-127.2,135,1,0.6894,0.002444
DuelingDQN,deceptive_grid,2,358,36685,-53.035,62,1,0.6888,0.001784
DuelingDQN,deceptive_grid,2,359,36736,-41.27,51,1,0.6884,0.001568
DuelingDQN,deceptive_grid,2,360,36740,8.03,4,1,0.6884,0.000941
DuelingDQN,deceptive_grid,2,361,36816,-62.335,76,1,0.6877,0.002191
DuelingDQN,deceptive_grid,2,362,36846,-22.33,30,1,0.6875,0.001992
DuelingDQN,deceptive_grid,2,363,36940,-87.89,94,1,0.6867,0.001346
DuelingDQN,deceptive_grid,2,364,36972,-18.445,32,1,0.6864,0.00123
DuelingDQN,deceptive_grid,2,365,36977,8.55,5,1,0.6864,0.001379
DuelingDQN,deceptive_grid,2,366,37042,-52.805,65,1,0.6858,0.001942
DuelingDQN,deceptive_grid,2,367,37183,-150.255,141,1,0.6846,0.00295
DuelingDQN,deceptive_grid,2,368,37237,-41.485,54,1,0.6842,0.002899
DuelingDQN,deceptive_grid,2,369,37340,-104.965,103,1,0.6833,0.001435
DuelingDQN,deceptive_grid,2,370,37422,-76.945,82,1,0.6826,0.001484
DuelingDQN,deceptive_grid,2,371,37440,-8.175,18,1,0.6824,0.001859
DuelingDQN,deceptive_grid,2,372,37502,-61.39,62,1,0.6819,0.001133
DuelingDQN,deceptive_grid,2,373,37530,-19.315,28,1,0.6817,0.002537
DuelingDQN,deceptive_grid,2,374,37539,1.115,9,1,0.6816,0.002302
DuelingDQN,deceptive_grid,2,375,37560,-10.72,21,1,0.6814,0.00159
DuelingDQN,deceptive_grid,2,376,37653,-108.075,93,1,0.6806,0.002187
DuelingDQN,deceptive_grid,2,377,37683,-16.495,30,1,0.6804,0.002362
DuelingDQN,deceptive_grid,2,378,37685,10.005,2,1,0.6804,0.00239
DuelingDQN,deceptive_grid,2,379,37713,-23.815,28,1,0.6801,0.002385
DuelingDQN,deceptive_grid,2,380,37791,-76.18,78,1,0.6795,0.001594
DuelingDQN,deceptive_grid,2,381,37811,-15.935,20,1,0.6793,0.00081
DuelingDQN,deceptive_grid,2,382,37834,-10.315,23,1,0.6791,0.000953
DuelingDQN,deceptive_grid,2,383,37846,-5.845,12,1,0.679,0.000958
DuelingDQN,deceptive_grid,2,384,37891,-34.77,45,1,0.6786,0.001011
DuelingDQN,deceptive_grid,2,385,37954,-55.265,63,1,0.6781,0.000861
DuelingDQN,deceptive_grid,2,386,37964,-3.83,10,1,0.678,0.000723
DuelingDQN,deceptive_grid,2,387,38054,-77.95,90,1,0.6772,0.002173
DuelingDQN,deceptive_grid,2,388,38092,-19.565,38,1,0.6769,0.002881
DuelingDQN,deceptive_grid,2,389,38267,-187.92,175,1,0.6754,0.001258
DuelingDQN,deceptive_grid,2,390,38341,-79.855,74,1,0.6748,0.000935
DuelingDQN,deceptive_grid,2,391,38425,-82.75,84,1,0.6741,0.000633
DuelingDQN,deceptive_grid,2,392,38464,-36.33,39,1,0.6738,0.000435
DuelingDQN,deceptive_grid,2,393,38507,-35.585,43,1,0.6734,0.000794
DuelingDQN,deceptive_grid,2,394,38592,-86.255,85,1,0.6727,0.002578
DuelingDQN,deceptive_grid,2,395,38631,-46.29,39,1,0.6723,0.001886
DuelingDQN,deceptive_grid,2,396,38698,-72.19,67,1,0.6718,0.001524
DuelingDQN,deceptive_grid,2,397,38732,-25.045,34,1,0.6715,0.001389
DuelingDQN,deceptive_grid,2,398,38769,-32.955,37,1,0.6712,0.001456
DuelingDQN,deceptive_grid,2,399,38824,-57.735,55,1,0.6707,0.00106
DuelingDQN,deceptive_grid,2,400,38849,-15.705,25,1,0.6705,0.000706
DuelingDQN,deceptive_grid,2,401,38966,-94.21,117,1,0.6695,0.000963
DuelingDQN,deceptive_grid,2,402,38984,-10.615,18,1,0.6693,0.001941
DuelingDQN,deceptive_grid,2,403,38993,5.67,9,1,0.6693,0.002569
DuelingDQN,deceptive_grid,2,404,39061,-65.49,68,1,0.6687,0.003428
DuelingDQN,deceptive_grid,2,405,39080,-14.57,19,1,0.6685,0.003225
DuelingDQN,deceptive_grid,2,406,39139,-66.635,59,1,0.668,0.002721
DuelingDQN,deceptive_grid,2,407,39203,-72.24,64,1,0.6675,0.003103
DuelingDQN,deceptive_grid,2,408,39258,-48.505,55,1,0.667,0.003125
DuelingDQN,deceptive_grid,2,409,39291,-31.485,33,1,0.6667,0.002751
DuelingDQN,deceptive_grid,2,410,39346,-45.275,55,1,0.6663,0.002919
DuelingDQN,deceptive_grid,2,411,39403,-41.335,57,1,0.6658,0.001718
DuelingDQN,deceptive_grid,2,412,39428,-13.64,25,1,0.6656,0.001413
DuelingDQN,deceptive_grid,2,413,39465,-22.07,37,1,0.6653,0.001035
DuelingDQN,deceptive_grid,2,414,39555,-81.005,90,1,0.6645,0.001604
DuelingDQN,deceptive_grid,2,415,39603,-39.775,48,1,0.6641,0.002016
DuelingDQN,deceptive_grid,2,416,39611,4.08,8,1,0.664,0.002138
DuelingDQN,deceptive_grid,2,417,39660,-36.765,49,1,0.6636,0.001768
DuelingDQN,deceptive_grid,2,418,39727,-61.07,67,1,0.663,0.001444
DuelingDQN,deceptive_grid,2,419,39747,-10.15,20,1,0.6629,0.000839
DuelingDQN,deceptive_grid,2,420,39804,-44.54,57,1,0.6624,0.000831
DuelingDQN,deceptive_grid,2,421,39886,-69.26,82,1,0.6617,0.000646
DuelingDQN,deceptive_grid,2,422,39894,0.565,8,1,0.6616,0.000698
DuelingDQN,deceptive_grid,2,423,39957,-49.26,63,1,0.6611,0.000704
DuelingDQN,deceptive_grid,2,424,40000,-30.945,43,1,0.6607,0.000668
DuelingDQN,deceptive_grid,2,425,40068,-55.735,68,1,0.6601,0.002298
DuelingDQN,deceptive_grid,2,426,40092,-15.385,24,1,0.6599,0.002353
DuelingDQN,deceptive_grid,2,427,40104,-2.265,12,1,0.6598,0.002035
DuelingDQN,deceptive_grid,2,428,40149,-44.01,45,1,0.6595,0.002439
DuelingDQN,deceptive_grid,2,429,40165,-2.75,16,1,0.6593,0.0023
DuelingDQN,deceptive_grid,2,430,40238,-74.65,73,1,0.6587,0.001648
DuelingDQN,deceptive_grid,2,431,40316,-71.205,78,1,0.658,0.001466
DuelingDQN,deceptive_grid,2,432,40379,-42.17,63,1,0.6575,0.001364
DuelingDQN,deceptive_grid,2,433,40467,-77.12,88,1,0.6568,0.001255
DuelingDQN,deceptive_grid,2,434,40527,-75.42,60,1,0.6563,0.00169
DuelingDQN,deceptive_grid,2,435,40591,-56.805,64,1,0.6557,0.003149
DuelingDQN,deceptive_grid,2,436,40603,3.21,12,1,0.6556,0.001776
DuelingDQN,deceptive_grid,2,437,40668,-48.185,65,1,0.6551,0.001987
DuelingDQN,deceptive_grid,2,438,40736,-56.165,68,1,0.6545,0.002411
DuelingDQN,deceptive_grid,2,439,40772,-17.88,36,1,0.6542,0.002074
DuelingDQN,deceptive_grid,2,440,40814,-22.065,42,1,0.6538,0.001609
DuelingDQN,deceptive_grid,2,441,40911,-148.56,97,1,0.653,0.001516
DuelingDQN,deceptive_grid,2,442,40948,-31.83,37,1,0.6527,0.001815
DuelingDQN,deceptive_grid,2,443,40989,-27.765,41,1,0.6523,0.001521
DuelingDQN,deceptive_grid,2,444,41052,-59.67,63,1,0.6518,0.002615
DuelingDQN,deceptive_grid,2,445,41087,-24.21,35,1,0.6515,0.003259
DuelingDQN,deceptive_grid,2,446,41106,-7.505,19,1,0.6513,0.002101
DuelingDQN,deceptive_grid,2,447,41113,6.595,7,1,0.6513,0.001779
DuelingDQN,deceptive_grid,2,448,41138,-14.535,25,1,0.6511,0.001714
DuelingDQN,deceptive_grid,2,449,41165,-15.3,27,1,0.6508,0.002082
DuelingDQN,deceptive_grid,2,450,41188,-11.475,23,1,0.6506,0.002171
DuelingDQN,deceptive_grid,2,451,41218,-11.035,30,1,0.6504,0.001551
DuelingDQN,deceptive_grid,2,452,41258,-19.09,40,1,0.6501,0.001713
DuelingDQN,deceptive_grid,2,453,41277,-15.535,19,1,0.6499,0.001318
DuelingDQN,deceptive_grid,2,454,41366,-93.23,89,1,0.6491,0.00106
DuelingDQN,deceptive_grid,2,455,41426,-78.895,60,1,0.6486,0.000509
DuelingDQN,deceptive_grid,2,456,41459,-32.42,33,1,0.6483,0.000372
DuelingDQN,deceptive_grid,2,457,41499,-35.63,40,1,0.648,0.000398
DuelingDQN,deceptive_grid,2,458,41566,-59.285,67,1,0.6474,0.002156
DuelingDQN,deceptive_grid,2,459,41626,-53.25,60,1,0.6469,0.001672
DuelingDQN,deceptive_grid,2,460,41678,-47.295,52,1,0.6465,0.001303
DuelingDQN,deceptive_grid,2,461,41807,-140.27,129,1,0.6454,0.001005
DuelingDQN,deceptive_grid,2,462,41842,-12.725,35,1,0.6451,0.001358
DuelingDQN,deceptive_grid,2,463,41918,-68.14,76,1,0.6445,0.000786
DuelingDQN,deceptive_grid,2,464,41971,-35.67,53,1,0.644,0.000626
DuelingDQN,deceptive_grid,2,465,42019,-38.71,48,1,0.6436,0.001137
DuelingDQN,deceptive_grid,2,466,42069,-38.11,50,1,0.6432,0.00318
DuelingDQN,deceptive_grid,2,467,42134,-84.48,65,1,0.6426,0.003622
DuelingDQN,deceptive_grid,2,468,42204,-61.675,70,1,0.642,0.001875
DuelingDQN,deceptive_grid,2,469,42229,-9.965,25,1,0.6418,0.001261
DuelingDQN,deceptive_grid,2,470,42253,-2.7,24,1,0.6416,0.001259
DuelingDQN,deceptive_grid,2,471,42283,-23.015,30,1,0.6414,0.000978
DuelingDQN,deceptive_grid,2,472,42305,-12.26,22,1,0.6412,0.000919
DuelingDQN,deceptive_grid,2,473,42360,-49.015,55,1,0.6407,0.000744
DuelingDQN,deceptive_grid,2,474,42386,-18.145,26,1,0.6405,0.000919
DuelingDQN,deceptive_grid,2,475,42450,-54.08,64,1,0.6399,0.000783
DuelingDQN,deceptive_grid,2,476,42499,-35.005,49,1,0.6395,0.000918
DuelingDQN,deceptive_grid,2,477,42550,-45.455,51,1,0.6391,0.002736
DuelingDQN,deceptive_grid,2,478,42593,-35.075,43,1,0.6387,0.002205
DuelingDQN,deceptive_grid,2,479,42610,-6.68,17,1,0.6386,0.002836
DuelingDQN,deceptive_grid,2,480,42646,-21.4,36,1,0.6383,0.001799
DuelingDQN,deceptive_grid,2,481,42667,-7.14,21,1,0.6381,0.001606
DuelingDQN,deceptive_grid,2,482,42717,-55.1,50,1,0.6377,0.001912
DuelingDQN,deceptive_grid,2,483,42723,8.075,6,1,0.6376,0.001349
DuelingDQN,deceptive_grid,2,484,42748,-21.53,25,1,0.6374,0.00105
DuelingDQN,deceptive_grid,2,485,42806,-43.33,58,1,0.6369,0.000812
DuelingDQN,deceptive_grid,2,486,42853,-33.635,47,1,0.6365,0.00048
DuelingDQN,deceptive_grid,2,487,42857,4.52,4,1,0.6365,0.000373
DuelingDQN,deceptive_grid,2,488,42926,-93.11,69,1,0.6359,0.00049
DuelingDQN,deceptive_grid,2,489,43007,-68.985,81,1,0.6352,0.000748
DuelingDQN,deceptive_grid,2,490,43062,-42.58,55,1,0.6348,0.002147
DuelingDQN,deceptive_grid,2,491,43098,-27.93,36,1,0.6344,0.001426
DuelingDQN,deceptive_grid,2,492,43114,0.34,16,1,0.6343,0.001491
DuelingDQN,deceptive_grid,2,493,43180,-58.99,66,1,0.6337,0.001253
DuelingDQN,deceptive_grid,2,494,43217,-19.6,37,1,0.6334,0.001425
DuelingDQN,deceptive_grid,2,495,43237,-9.03,20,1,0.6333,0.001119
DuelingDQN,deceptive_grid,2,496,43300,-52.695,63,1,0.6327,0.001218
DuelingDQN,deceptive_grid,2,497,43305,7.55,5,1,0.6327,0.000881
DuelingDQN,deceptive_grid,2,498,43359,-38.105,54,1,0.6322,0.001332
DuelingDQN,deceptive_grid,2,499,43391,-23.215,32,1,0.632,0.001176
DuelingDQN,deceptive_grid,2,500,43462,-52.865,71,1,0.6314,0.001007
DuelingDQN,deceptive_grid,2,501,43525,-68.18,63,1,0.6308,0.001488
DuelingDQN,deceptive_grid,2,502,43599,-62.095,74,1,0.6302,0.002033
DuelingDQN,deceptive_grid,2,503,43612,0.71,13,1,0.6301,0.002497
DuelingDQN,deceptive_grid,2,504,43667,-42.235,55,1,0.6296,0.003916
DuelingDQN,deceptive_grid,2,505,43728,-55.405,61,1,0.6291,0.002441
DuelingDQN,deceptive_grid,2,506,43742,2.315,14,1,0.629,0.001355
DuelingDQN,deceptive_grid,2,507,43779,-24.3,37,1,0.6287,0.001194
DuelingDQN,deceptive_grid,2,508,43810,-21.24,31,1,0.6284,0.001476
DuelingDQN,deceptive_grid,2,509,43834,-12.07,24,1,0.6282,0.001154
DuelingDQN,deceptive_grid,2,510,43923,-68.45,89,1,0.6274,0.00103
DuelingDQN,deceptive_grid,2,511,44000,-62.525,77,1,0.6268,0.000608
DuelingDQN,deceptive_grid,2,512,44034,-18.165,34,1,0.6265,0.00242
DuelingDQN,deceptive_grid,2,513,44056,-3.335,22,1,0.6263,0.002534
DuelingDQN,deceptive_grid,2,514,44088,-18.425,32,1,0.626,0.00296
DuelingDQN,deceptive_grid,2,515,44126,-18.815,38,1,0.6257,0.002545
DuelingDQN,deceptive_grid,2,516,44190,-58.125,64,1,0.6252,0.001392
DuelingDQN,deceptive_grid,2,517,44264,-78.145,74,1,0.6246,0.00095
DuelingDQN,deceptive_grid,2,518,44313,-36.23,49,1,0.6241,0.000656
DuelingDQN,deceptive_grid,2,519,44328,-1.165,15,1,0.624,0.000578
DuelingDQN,deceptive_grid,2,520,44398,-75.6,70,1,0.6234,0.000967
DuelingDQN,deceptive_grid,2,521,44435,-24.035,37,1,0.6231,0.000919
DuelingDQN,deceptive_grid,2,522,44492,-50.685,57,1,0.6226,0.003456
DuelingDQN,deceptive_grid,2,523,44525,-19.095,33,1,0.6223,0.007462
DuelingDQN,deceptive_grid,2,524,44608,-86.49,83,1,0.6216,0.0042
DuelingDQN,deceptive_grid,2,525,44636,-34.13,28,1,0.6214,0.001866
DuelingDQN,deceptive_grid,2,526,44669,-20.965,33,1,0.6211,0.001756
DuelingDQN,deceptive_grid,2,527,44757,-82.585,88,1,0.6204,0.001467
DuelingDQN,deceptive_grid,2,528,44792,-20.915,35,1,0.6201,0.001104
DuelingDQN,deceptive_grid,2,529,44835,-38.77,43,1,0.6197,0.000938
DuelingDQN,deceptive_grid,2,530,44889,-48.145,54,1,0.6193,0.000719
DuelingDQN,deceptive_grid,2,531,44942,-54.99,53,1,0.6188,0.000719
DuelingDQN,deceptive_grid,2,532,45021,-73.1,79,1,0.6181,0.001143
DuelingDQN,deceptive_grid,2,533,45030,1.115,9,1,0.6181,0.002515
DuelingDQN,deceptive_grid,2,534,45047,-6.685,17,1,0.6179,0.002695
DuelingDQN,deceptive_grid,2,535,45097,-43.325,50,1,0.6175,0.002167
DuelingDQN,deceptive_grid,2,536,45153,-43.26,56,1,0.617,0.001758
DuelingDQN,deceptive_grid,2,537,45205,-35.03,52,1,0.6166,0.001398
DuelingDQN,deceptive_grid,2,538,45244,-36.965,39,1,0.6162,0.000974
DuelingDQN,deceptive_grid,2,539,45277,-29.01,33,1,0.616,0.001232
DuelingDQN,deceptive_grid,2,540,45333,-44.23,56,1,0.6155,0.001019
DuelingDQN,deceptive_grid,2,541,45415,-76.955,82,1,0.6148,0.000977
DuelingDQN,deceptive_grid,2,542,45468,-47.025,53,1,0.6143,0.001175
DuelingDQN,deceptive_grid,2,543,45507,-38.385,39,1,0.614,0.002256
DuelingDQN,deceptive_grid,2,544,45587,-68.61,80,1,0.6133,0.004591
DuelingDQN,deceptive_grid,2,545,45639,-32.9,52,1,0.6129,0.003608
DuelingDQN,deceptive_grid,2,546,45660,-6.87,21,1,0.6127,0.003642
DuelingDQN,deceptive_grid,2,547,45710,-35.585,50,1,0.6123,0.002365
DuelingDQN,deceptive_grid,2,548,45729,-8.595,19,1,0.6121,0.001691
DuelingDQN,deceptive_grid,2,549,45773,-25.8,44,1,0.6118,0.001568
DuelingDQN,deceptive_grid,2,550,45814,-24.205,41,1,0.6114,0.00104
DuelingDQN,deceptive_grid,2,551,45868,-43.475,54,1,0.6109,0.000743
DuelingDQN,deceptive_grid,2,552,45871,9.515,3,1,0.6109,0.000501
DuelingDQN,deceptive_grid,2,553,46004,-136.5,133,1,0.6098,0.000821
DuelingDQN,deceptive_grid,2,554,46073,-80.535,69,1,0.6092,0.003122
DuelingDQN,deceptive_grid,2,555,46157,-87.8,84,1,0.6085,0.003433
DuelingDQN,deceptive_grid,2,556,46211,-49.875,54,1,0.608,0.002972
DuelingDQN,deceptive_grid,2,557,46238,-16.63,27,1,0.6078,0.002307
DuelingDQN,deceptive_grid,2,558,46292,-37.695,54,1,0.6074,0.001347
DuelingDQN,deceptive_grid,2,559,46311,-5.315,19,1,0.6072,0.000888
DuelingDQN,deceptive_grid,2,560,46363,-35.01,52,1,0.6068,0.00074
DuelingDQN,deceptive_grid,2,561,46406,-32.76,43,1,0.6064,0.000624
DuelingDQN,deceptive_grid,2,562,46455,-40.31,49,1,0.606,0.000408
DuelingDQN,deceptive_grid,2,563,46492,-26.2,37,1,0.6057,0.00036
DuelingDQN,deceptive_grid,2,564,46507,-3.73,15,1,0.6055,0.001512
DuelingDQN,deceptive_grid,2,565,46564,-46.52,57,1,0.605,0.002542
DuelingDQN,deceptive_grid,2,566,46615,-41.89,51,1,0.6046,0.001561
DuelingDQN,deceptive_grid,2,567,46624,-0.91,9,1,0.6045,0.001533
DuelingDQN,deceptive_grid,2,568,46640,-3.065,16,1,0.6044,0.001207
DuelingDQN,deceptive_grid,2,569,46661,-18.69,21,1,0.6042,0.00104
DuelingDQN,deceptive_grid,2,570,46709,-41.15,48,1,0.6038,0.000998
DuelingDQN,deceptive_grid,2,571,46742,-32.84,33,1,0.6035,0.000992
DuelingDQN,deceptive_grid,2,572,46773,-21.705,31,1,0.6033,0.00101
DuelingDQN,deceptive_grid,2,573,46823,-34.835,50,1,0.6028,0.000784
DuelingDQN,deceptive_grid,2,574,46856,-33.56,33,1,0.6026,0.000755
DuelingDQN,deceptive_grid,2,575,46876,-14.85,20,1,0.6024,0.000847
DuelingDQN,deceptive_grid,2,576,46961,-93.39,85,1,0.6017,0.000828
DuelingDQN,deceptive_grid,2,577,47037,-70.69,76,1,0.601,0.001561
DuelingDQN,deceptive_grid,2,578,47078,-36.885,41,1,0.6007,0.003309
DuelingDQN,deceptive_grid,2,579,47123,-45.04,45,1,0.6003,0.002217
DuelingDQN,deceptive_grid,2,580,47137,1.425,14,1,0.6002,0.001843
DuelingDQN,deceptive_grid,2,581,47202,-54.615,65,1,0.5996,0.002398
DuelingDQN,deceptive_grid,2,582,47243,-18.5,41,1,0.5993,0.001746
DuelingDQN,deceptive_grid,2,583,47274,-18.095,31,1,0.599,0.001252
DuelingDQN,deceptive_grid,2,584,47389,-99.86,115,1,0.598,0.000848
DuelingDQN,deceptive_grid,2,585,47446,-60.235,57,1,0.5976,0.00042
DuelingDQN,deceptive_grid,2,586,47472,-13.745,26,1,0.5973,0.000438
DuelingDQN,deceptive_grid,2,587,47495,-9.36,23,1,0.5971,0.00038
DuelingDQN,deceptive_grid,2,588,47550,-47.84,55,1,0.5967,0.002212
DuelingDQN,deceptive_grid,2,589,47583,-26.005,33,1,0.5964,0.002142
DuelingDQN,deceptive_grid,2,590,47607,-9.7,24,1,0.5962,0.001801
DuelingDQN,deceptive_grid,2,591,47620,2.78,13,1,0.5961,0.001752
DuelingDQN,deceptive_grid,2,592,47665,-38.725,45,1,0.5957,0.001453
DuelingDQN,deceptive_grid,2,593,47709,-31.15,44,1,0.5953,0.001655
DuelingDQN,deceptive_grid,2,594,47775,-67.73,66,1,0.5948,0.001415
DuelingDQN,deceptive_grid,2,595,47880,-90.02,105,1,0.5939,0.000697
DuelingDQN,deceptive_grid,2,596,47930,-34.595,50,1,0.5935,0.000388
DuelingDQN,deceptive_grid,2,597,47992,-56.925,62,1,0.5929,0.000502
DuelingDQN,deceptive_grid,2,598,48000,6.13,8,1,0.5929,0.000901
DuelingDQN,deceptive_grid,2,599,48046,-37.295,46,1,0.5925,0.002665
DuelingDQN,deceptive_grid,2,600,48067,-9.615,21,1,0.5923,0.005522
DuelingDQN,deceptive_grid,2,601,48111,-34.08,44,1,0.5919,0.003995
DuelingDQN,deceptive_grid,2,602,48140,-15.8,29,1,0.5917,0.003876
DuelingDQN,deceptive_grid,2,603,48167,-12.915,27,1,0.5914,0.002643
DuelingDQN,deceptive_grid,2,604,48214,-41.09,47,1,0.5911,0.001696
DuelingDQN,deceptive_grid,2,605,48230,-0.67,16,1,0.5909,0.001261
DuelingDQN,deceptive_grid,2,606,48255,-12.42,25,1,0.5907,0.0013
DuelingDQN,deceptive_grid,2,607,48266,3.675,11,1,0.5906,0.001122
DuelingDQN,deceptive_grid,2,608,48301,-28.325,35,1,0.5903,0.001147
DuelingDQN,deceptive_grid,2,609,48405,-109.59,104,1,0.5894,0.000624
DuelingDQN,deceptive_grid,2,610,48414,3.57,9,1,0.5894,0.00048
DuelingDQN,deceptive_grid,2,611,48420,7.045,6,1,0.5893,0.000285
DuelingDQN,deceptive_grid,2,612,48426,7.045,6,1,0.5893,0.000359
DuelingDQN,deceptive_grid,2,613,48496,-82.75,70,1,0.5887,0.000409
DuelingDQN,deceptive_grid,2,614,48518,-4.475,22,1,0.5885,0.001792
DuelingDQN,deceptive_grid,2,615,48558,-46.425,40,1,0.5881,0.002046
DuelingDQN,deceptive_grid,2,616,48593,-36.445,35,1,0.5878,0.001256
DuelingDQN,deceptive_grid,2,617,48639,-52.47,46,1,0.5874,0.000935
DuelingDQN,deceptive_grid,2,618,48689,-58.13,50,1,0.587,0.000854
DuelingDQN,deceptive_grid,2,619,48750,-55.72,61,1,0.5865,0.000718
DuelingDQN,deceptive_grid,2,620,48788,-23.465,38,1,0.5862,0.000982
DuelingDQN,deceptive_grid,2,621,48793,8.55,5,1,0.5861,0.000976
DuelingDQN,deceptive_grid,2,622,48816,-10.205,23,1,0.5859,0.001112
DuelingDQN,deceptive_grid,2,623,48851,-34.34,35,1,0.5856,0.001041
DuelingDQN,deceptive_grid,2,624,48861,5.185,10,1,0.5856,0.000923
DuelingDQN,deceptive_grid,2,625,48869,4.08,8,1,0.5855,0.000806
DuelingDQN,deceptive_grid,2,626,48922,-56.79,53,1,0.585,0.001121
DuelingDQN,deceptive_grid,2,627,48954,-15.07,32,1,0.5848,0.001846
DuelingDQN,deceptive_grid,2,628,48999,-31.675,45,1,0.5844,0.002201
DuelingDQN,deceptive_grid,2,629,49015,0.48,16,1,0.5843,0.003479
DuelingDQN,deceptive_grid,2,630,49067,-53.59,52,1,0.5838,0.003733
DuelingDQN,deceptive_grid,2,631,49103,-34.785,36,1,0.5835,0.001937
DuelingDQN,deceptive_grid,2,632,49127,-11.775,24,1,0.5833,0.00256
DuelingDQN,deceptive_grid,2,633,49132,-1.465,5,1,0.5833,0.002733
DuelingDQN,deceptive_grid,2,634,49165,-38.48,33,1,0.583,0.002667
DuelingDQN,deceptive_grid,2,635,49195,-20.0,30,1,0.5827,0.001482
DuelingDQN,deceptive_grid,2,636,49279,-80.855,84,1,0.582,0.001484
DuelingDQN,deceptive_grid,2,637,49309,-16.5,30,1,0.5818,0.001696
DuelingDQN,deceptive_grid,2,638,49321,-5.84,12,1,0.5817,0.001495
DuelingDQN,deceptive_grid,2,639,49374,-31.57,53,1,0.5812,0.001436
DuelingDQN,deceptive_grid,2,640,49380,7.055,6,1,0.5812,0.002235
DuelingDQN,deceptive_grid,2,641,49403,-36.54,23,1,0.581,0.001318
DuelingDQN,deceptive_grid,2,642,49417,-3.175,14,1,0.5808,0.001048
DuelingDQN,deceptive_grid,2,643,49458,-21.21,41,1,0.5805,0.00102
DuelingDQN,deceptive_grid,2,644,49524,-69.095,66,1,0.5799,0.001813
DuelingDQN,deceptive_grid,2,645,49572,-47.035,48,1,0.5795,0.002802
DuelingDQN,deceptive_grid,2,646,49587,2.965,15,1,0.5794,0.002054
DuelingDQN,deceptive_grid,2,647,49609,-7.835,22,1,0.5792,0.001813
DuelingDQN,deceptive_grid,2,648,49634,-4.39,25,1,0.579,0.001768
DuelingDQN,deceptive_grid,2,649,49650,-1.69,16,1,0.5789,0.001473
DuelingDQN,deceptive_grid,2,650,49727,-84.045,77,1,0.5782,0.001827
DuelingDQN,deceptive_grid,2,651,49775,-29.18,48,1,0.5778,0.001623
DuelingDQN,deceptive_grid,2,652,49845,-61.265,70,1,0.5772,0.000945
DuelingDQN,deceptive_grid,2,653,49870,-11.25,25,1,0.577,0.000889
DuelingDQN,deceptive_grid,2,654,49872,10.005,2,1,0.577,0.000784
DuelingDQN,deceptive_grid,2,655,49905,-14.71,33,1,0.5767,0.000752
DuelingDQN,deceptive_grid,2,656,49928,-6.995,23,1,0.5765,0.000546
DuelingDQN,deceptive_grid,2,657,49981,-37.835,53,1,0.5761,0.000544
DuelingDQN,deceptive_grid,2,658,49995,-3.185,14,1,0.5759,0.000548
DuelingDQN,deceptive_grid,2,659,50013,-7.185,18,1,0.5758,0.002333
DuelingDQN,deceptive_grid,2,660,50023,-1.41,10,1,0.5757,0.0023
DuelingDQN,deceptive_grid,2,661,50071,-38.495,48,1,0.5753,0.001963
DuelingDQN,deceptive_grid,2,662,50118,-39.745,47,1,0.5749,0.001812
DuelingDQN,deceptive_grid,2,663,50156,-29.775,38,1,0.5746,0.001431
DuelingDQN,deceptive_grid,2,664,50184,-7.91,28,1,0.5743,0.001203
DuelingDQN,deceptive_grid,2,665,50263,-74.39,79,1,0.5737,0.00077
DuelingDQN,deceptive_grid,2,666,50269,2.555,6,1,0.5736,0.000514
DuelingDQN,deceptive_grid,2,667,50286,-3.14,17,1,0.5735,0.000629
DuelingDQN,deceptive_grid,2,668,50367,-85.245,81,1,0.5728,0.000605
DuelingDQN,deceptive_grid,2,669,50386,-13.285,19,1,0.5726,0.000551
DuelingDQN,deceptive_grid,2,670,50422,-23.475,36,1,0.5723,0.000509
DuelingDQN,deceptive_grid,2,671,50454,-16.27,32,1,0.5721,0.00051
DuelingDQN,deceptive_grid,2,672,50503,-31.26,49,1,0.5716,0.000846
DuelingDQN,deceptive_grid,2,673,50550,-31.645,47,1,0.5712,0.002857
DuelingDQN,deceptive_grid,2,674,50599,-40.29,49,1,0.5708,0.002417
DuelingDQN,deceptive_grid,2,675,50646,-37.0,47,1,0.5704,0.001733
DuelingDQN,deceptive_grid,2,676,50693,-33.685,47,1,0.57,0.001215
DuelingDQN,deceptive_grid,2,677,50705,3.25,12,1,0.5699,0.001086
DuelingDQN,deceptive_grid,2,678,50742,-14.56,37,1,0.5696,0.00146
DuelingDQN,deceptive_grid,2,679,50794,-42.565,52,1,0.5692,0.002313
DuelingDQN,deceptive_grid,2,680,50800,8.075,6,1,0.5691,0.002666
DuelingDQN,deceptive_grid,2,681,50827,-13.215,27,1,0.5689,0.002734
DuelingDQN,deceptive_grid,2,682,50852,-9.0,25,1,0.5687,0.002588
DuelingDQN,deceptive_grid,2,683,50876,-23.23,24,1,0.5685,0.002514
DuelingDQN,deceptive_grid,2,684,50891,-17.225,15,1,0.5683,0.002197
DuelingDQN,deceptive_grid,2,685,50941,-45.65,50,1,0.5679,0.001872
DuelingDQN,deceptive_grid,2,686,51001,-51.24,60,1,0.5674,0.001718
DuelingDQN,deceptive_grid,2,687,51016,0.945,15,1,0.5673,0.003656
DuelingDQN,deceptive_grid,2,688,51030,-10.24,14,1,0.5672,0.003276
DuelingDQN,deceptive_grid,2,689,51072,-28.995,42,1,0.5668,0.002616
DuelingDQN,deceptive_grid,2,690,51099,-9.795,27,1,0.5666,0.002095
DuelingDQN,deceptive_grid,2,691,51129,-26.9,30,1,0.5663,0.001408
DuelingDQN,deceptive_grid,2,692,51172,-29.93,43,1,0.566,0.00121
DuelingDQN,deceptive_grid,2,693,51176,8.02,4,1,0.5659,0.000903
DuelingDQN,deceptive_grid,2,694,51194,-2.525,18,1,0.5658,0.001286
DuelingDQN,deceptive_grid,2,695,51223,-10.43,29,1,0.5655,0.001261
DuelingDQN,deceptive_grid,2,696,51269,-38.485,46,1,0.5651,0.001118
DuelingDQN,deceptive_grid,2,697,51354,-71.32,85,1,0.5644,0.001822
DuelingDQN,deceptive_grid,2,698,51411,-44.47,57,1,0.5639,0.000979
DuelingDQN,deceptive_grid,2,699,51430,-14.4,19,1,0.5638,0.000763
DuelingDQN,deceptive_grid,2,700,51466,-16.59,36,1,0.5635,0.000902
DuelingDQN,deceptive_grid,2,701,51477,2.615,11,1,0.5634,0.000956
DuelingDQN,deceptive_grid,2,702,51502,-7.74,25,1,0.5632,0.001124
DuelingDQN,deceptive_grid,2,703,51559,-62.095,57,1,0.5627,0.002723
DuelingDQN,deceptive_grid,2,704,51601,-24.685,42,1,0.5623,0.001705
DuelingDQN,deceptive_grid,2,705,51651,-53.885,50,1,0.5619,0.001604
DuelingDQN,deceptive_grid,2,706,51681,-13.14,30,1,0.5616,0.001219
DuelingDQN,deceptive_grid,2,707,51694,-6.29,13,1,0.5615,0.001686
DuelingDQN,deceptive_grid,2,708,51701,6.565,7,1,0.5615,0.002403
DuelingDQN,deceptive_grid,2,709,51746,-27.99,45,1,0.5611,0.001396
DuelingDQN,deceptive_grid,2,710,51754,6.12,8,1,0.561,0.001002
DuelingDQN,deceptive_grid,2,711,51803,-37.33,49,1,0.5606,0.001057
DuelingDQN,deceptive_grid,2,712,51834,-25.975,31,1,0.5603,0.000732
DuelingDQN,deceptive_grid,2,713,51865,-22.625,31,1,0.5601,0.000964
DuelingDQN,deceptive_grid,2,714,51892,-15.545,27,1,0.5599,0.000978
DuelingDQN,deceptive_grid,2,715,51924,-27.63,32,1,0.5596,0.000936
DuelingDQN,deceptive_grid,2,716,51942,-7.035,18,1,0.5594,0.000832
DuelingDQN,deceptive_grid,2,717,51959,-1.2,17,1,0.5593,0.000546
DuelingDQN,deceptive_grid,2,718,51987,-8.58,28,1,0.559,0.000634
DuelingDQN,deceptive_grid,2,719,52007,-3.42,20,1,0.5589,0.001314
DuelingDQN,deceptive_grid,2,720,52036,-18.455,29,1,0.5586,0.002645
DuelingDQN,deceptive_grid,2,721,52060,-8.61,24,1,0.5584,0.002338
DuelingDQN,deceptive_grid,2,722,52076,-0.7,16,1,0.5583,0.002147
DuelingDQN,deceptive_grid,2,723,52089,-10.7,13,1,0.5582,0.001918
DuelingDQN,deceptive_grid,2,724,52130,-26.245,41,1,0.5578,0.001456
DuelingDQN,deceptive_grid,2,725,52165,-15.365,35,1,0.5575,0.00135
DuelingDQN,deceptive_grid,2,726,52178,-0.34,13,1,0.5574,0.000935
DuelingDQN,deceptive_grid,2,727,52203,-16.81,25,1,0.5572,0.000816
DuelingDQN,deceptive_grid,2,728,52227,-11.02,24,1,0.557,0.000748
DuelingDQN,deceptive_grid,2,729,52289,-65.315,62,1,0.5565,0.000657
DuelingDQN,deceptive_grid,2,730,52347,-54.58,58,1,0.556,0.000779
DuelingDQN,deceptive_grid,2,731,52395,-30.985,48,1,0.5556,0.000613
DuelingDQN,deceptive_grid,2,732,52423,-11.15,28,1,0.5553,0.000434
DuelingDQN,deceptive_grid,2,733,52436,-1.725,13,1,0.5552,0.000471
DuelingDQN,deceptive_grid,2,734,52443,6.605,7,1,0.5552,0.000385
DuelingDQN,deceptive_grid,2,735,52470,-23.3,27,1,0.555,0.000506
DuelingDQN,deceptive_grid,2,736,52485,0.805,15,1,0.5548,0.000517
DuelingDQN,deceptive_grid,2,737,52513,-27.375,28,1,0.5546,0.001741
DuelingDQN,deceptive_grid,2,738,52521,5.13,8,1,0.5545,0.002289
DuelingDQN,deceptive_grid,2,739,52537,-3.075,16,1,0.5544,0.002212
DuelingDQN,deceptive_grid,2,740,52570,-14.15,33,1,0.5541,0.002377
DuelingDQN,deceptive_grid,2,741,52582,-1.26,12,1,0.554,0.003178
DuelingDQN,deceptive_grid,2,742,52613,-18.14,31,1,0.5537,0.0021
DuelingDQN,deceptive_grid,2,743,52625,2.19,12,1,0.5536,0.00275
DuelingDQN,deceptive_grid,2,744,52636,3.665,11,1,0.5535,0.002035
DuelingDQN,deceptive_grid,2,745,52638,10.005,2,1,0.5535,0.002468
DuelingDQN,deceptive_grid,2,746,52692,-67.185,54,1,0.5531,0.001559
DuelingDQN,deceptive_grid,2,747,52750,-51.205,58,1,0.5526,0.001287
DuelingDQN,deceptive_grid,2,748,52797,-30.19,47,1,0.5522,0.001071
DuelingDQN,deceptive_grid,2,749,52852,-48.91,55,1,0.5517,0.000594
DuelingDQN,deceptive_grid,2,750,52856,4.525,4,1,0.5517,0.000508
DuelingDQN,deceptive_grid,2,751,52874,-3.605,18,1,0.5515,0.000421
DuelingDQN,deceptive_grid,2,752,52881,6.565,7,1,0.5515,0.000573
DuelingDQN,deceptive_grid,2,753,52907,-8.415,26,1,0.5512,0.000573
DuelingDQN,deceptive_grid,2,754,52921,-0.815,14,1,0.5511,0.000827
DuelingDQN,deceptive_grid,2,755,52936,-3.595,15,1,0.551,0.000619
DuelingDQN,deceptive_grid,2,756,52955,-5.465,19,1,0.5508,0.000463
DuelingDQN,deceptive_grid,2,757,52969,2.345,14,1,0.5507,0.000423
DuelingDQN,deceptive_grid,2,758,53008,-21.125,39,1,0.5504,0.001065
DuelingDQN,deceptive_grid,2,759,53051,-41.115,43,1,0.55,0.002285
DuelingDQN,deceptive_grid,2,760,53069,-2.565,18,1,0.5499,0.001949
DuelingDQN,deceptive_grid,2,761,53118,-31.655,49,1,0.5495,0.001512
DuelingDQN,deceptive_grid,2,762,53155,-25.035,37,1,0.5491,0.001235
DuelingDQN,deceptive_grid,2,763,53225,-62.99,70,1,0.5485,0.000895
DuelingDQN,deceptive_grid,2,764,53267,-44.04,42,1,0.5482,0.000646
DuelingDQN,deceptive_grid,2,765,53319,-33.485,52,1,0.5477,0.000829
DuelingDQN,deceptive_grid,2,766,53363,-36.89,44,1,0.5474,0.000764
DuelingDQN,deceptive_grid,2,767,53370,6.565,7,1,0.5473,0.000817
DuelingDQN,deceptive_grid,2,768,53401,-31.42,31,1,0.5471,0.000891
DuelingDQN,deceptive_grid,2,769,53446,-22.23,45,1,0.5467,0.000618
DuelingDQN,deceptive_grid,2,770,53499,-29.76,53,1,0.5462,0.000514
DuelingDQN,deceptive_grid,2,771,53540,-25.175,41,1,0.5459,0.002323
DuelingDQN,deceptive_grid,2,772,53553,-3.82,13,1,0.5458,0.002199
DuelingDQN,deceptive_grid,2,773,53626,-59.67,73,1,0.5451,0.00251
DuelingDQN,deceptive_grid,2,774,53678,-41.18,52,1,0.5447,0.002683
DuelingDQN,deceptive_grid,2,775,53728,-38.01,50,1,0.5443,0.002007
DuelingDQN,deceptive_grid,2,776,53789,-37.78,61,1,0.5438,0.001397
DuelingDQN,deceptive_grid,2,777,53790,10.5,1,1,0.5438,0.007386
DuelingDQN,deceptive_grid,2,778,53812,-5.325,22,1,0.5436,0.001508
DuelingDQN,deceptive_grid,2,779,53839,-13.15,27,1,0.5433,0.002894
DuelingDQN,deceptive_grid,2,780,53916,-60.1,77,1,0.5427,0.001754
DuelingDQN,deceptive_grid,2,781,53979,-47.525,63,1,0.5422,0.000907
DuelingDQN,deceptive_grid,2,782,54025,-38.345,46,1,0.5418,0.001479
DuelingDQN,deceptive_grid,2,783,54049,-18.925,24,1,0.5416,0.002484
DuelingDQN,deceptive_grid,2,784,54073,-7.46,24,1,0.5414,0.003351
DuelingDQN,deceptive_grid,2,785,54100,-12.705,27,1,0.5411,0.001916
DuelingDQN,deceptive_grid,2,786,54108,5.12,8,1,0.5411,0.001305
DuelingDQN,deceptive_grid,2,787,54148,-41.97,40,1,0.5407,0.001005
DuelingDQN,deceptive_grid,2,788,54176,-7.87,28,1,0.5405,0.001321
DuelingDQN,deceptive_grid,2,789,54200,-7.48,24,1,0.5403,0.000948
DuelingDQN,deceptive_grid,2,790,54231,-18.045,31,1,0.54,0.000773
DuelingDQN,deceptive_grid,2,791,54245,-3.195,14,1,0.5399,0.000753
DuelingDQN,deceptive_grid,2,792,54266,-10.7,21,1,0.5397,0.000637
DuelingDQN,deceptive_grid,2,793,54285,-8.55,19,1,0.5396,0.000724
DuelingDQN,deceptive_grid,2,794,54310,-18.29,25,1,0.5393,0.000716
DuelingDQN,deceptive_grid,2,795,54356,-47.795,46,1,0.539,0.000509
DuelingDQN,deceptive_grid,2,796,54397,-32.165,41,1,0.5386,0.000456
DuelingDQN,deceptive_grid,2,797,54398,10.5,1,1,0.5386,0.00034
DuelingDQN,deceptive_grid,2,798,54423,-23.855,25,1,0.5384,0.000468
DuelingDQN,deceptive_grid,2,799,54434,3.695,11,1,0.5383,0.00035
DuelingDQN,deceptive_grid,2,800,54462,-16.86,28,1,0.5381,0.000332
DQN,deceptive_grid,3,1,97,-105.225,97,1,0.9992,
DQN,deceptive_grid,3,2,297,-238.015,200,0,0.9975,
DQN,deceptive_grid,3,3,497,-224.23,200,0,0.9958,
DQN,deceptive_grid,3,4,697,-255.66,200,0,0.9941,
DQN,deceptive_grid,3,5,897,-232.975,200,0,0.9924,
DQN,deceptive_grid,3,6,900,5.015,3,1,0.9924,
DQN,deceptive_grid,3,7,1100,-298.005,200,0,0.9907,0.391189
DQN,deceptive_grid,3,8,1227,-150.26,127,1,0.9896,0.281012
DQN,deceptive_grid,3,9,1427,-319.265,200,0,0.9879,0.259655
DQN,deceptive_grid,3,10,1627,-218.905,200,0,0.9862,0.239201
DQN,deceptive_grid,3,11,1827,-292.0,200,0,0.9845,0.204471
DQN,deceptive_grid,3,12,2027,-287.925,200,0,0.9828,0.186012
DQN,deceptive_grid,3,13,2192,-201.5,165,1,0.9814,0.159936
DQN,deceptive_grid,3,14,2392,-258.09,200,0,0.9797,0.152113
DQN,deceptive_grid,3,15,2592,-201.4,200,0,0.978,0.125657
DQN,deceptive_grid,3,16,2769,-186.0,177,1,0.9765,0.106098
DQN,deceptive_grid,3,17,2814,-44.99,45,1,0.9761,0.096877
DQN,deceptive_grid,3,18,3014,-246.215,200,0,0.9744,0.111356
DQN,deceptive_grid,3,19,3214,-220.25,200,0,0.9727,0.100741
DQN,deceptive_grid,3,20,3414,-264.85,200,0,0.971,0.090241
DQN,deceptive_grid,3,21,3614,-292.75,200,0,0.9693,0.100086
DQN,deceptive_grid,3,22,3814,-264.595,200,0,0.9676,0.093373
DQN,deceptive_grid,3,23,4014,-236.22,200,0,0.966,0.090611
DQN,deceptive_grid,3,24,4188,-246.25,174,1,0.9645,0.095239
DQN,deceptive_grid,3,25,4388,-205.385,200,0,0.9628,0.083695
DQN,deceptive_grid,3,26,4588,-269.665,200,0,0.9611,0.095901
DQN,deceptive_grid,3,27,4788,-279.855,200,0,0.9594,0.090933
DQN,deceptive_grid,3,28,4988,-252.35,200,0,0.9577,0.085567
DQN,deceptive_grid,3,29,5188,-234.085,200,0,0.956,0.092865
DQN,deceptive_grid,3,30,5244,-46.91,56,1,0.9555,0.084011
DQN,deceptive_grid,3,31,5444,-271.545,200,0,0.9538,0.084389
DQN,deceptive_grid,3,32,5503,-70.845,59,1,0.9533,0.088975
DQN,deceptive_grid,3,33,5538,-30.045,35,1,0.953,0.104938
DQN,deceptive_grid,3,34,5738,-240.1,200,0,0.9513,0.083875
DQN,deceptive_grid,3,35,5938,-183.26,200,0,0.9496,0.089066
DQN,deceptive_grid,3,36,6087,-239.275,149,1,0.9484,0.079192
DQN,deceptive_grid,3,37,6287,-300.31,200,0,0.9467,0.077263
DQN,deceptive_grid,3,38,6487,-279.86,200,0,0.945,0.092588
DQN,deceptive_grid,3,39,6583,-135.185,96,1,0.9442,0.090006
DQN,deceptive_grid,3,40,6783,-283.055,200,0,0.9425,0.09781
DQN,deceptive_grid,3,41,6818,-29.82,35,1,0.9422,0.064135
DQN,deceptive_grid,3,42,7018,-211.71,200,0,0.9405,0.082715
DQN,deceptive_grid,3,43,7218,-280.635,200,0,0.9388,0.080042
DQN,deceptive_grid,3,44,7275,-51.145,57,1,0.9383,0.094156
DQN,deceptive_grid,3,45,7422,-162.405,147,1,0.937,0.087171
DQN,deceptive_grid,3,46,7622,-247.125,200,0,0.9353,0.089569
DQN,deceptive_grid,3,47,7822,-231.71,200,0,0.9337,0.08872
DQN,deceptive_grid,3,48,8022,-246.9,200,0,0.932,0.091179
DQN,deceptive_grid,3,49,8222,-213.425,200,0,0.9303,0.101413
DQN,deceptive_grid,3,50,8273,-39.21,51,1,0.9298,0.07786
DQN,deceptive_grid,3,51,8374,-130.82,101,1,0.929,0.092493
DQN,deceptive_grid,3,52,8570,-255.955,196,1,0.9273,0.096829
DQN,deceptive_grid,3,53,8770,-222.63,200,0,0.9256,0.095093
DQN,deceptive_grid,3,54,8912,-151.92,142,1,0.9244,0.099441
DQN,deceptive_grid,3,55,9112,-212.405,200,0,0.9227,0.111482
DQN,deceptive_grid,3,56,9180,-80.03,68,1,0.9221,0.117179
DQN,deceptive_grid,3,57,9380,-269.405,200,0,0.9204,0.114886
DQN,deceptive_grid,3,58,9580,-230.45,200,0,0.9187,0.110857
DQN,deceptive_grid,3,59,9780,-297.815,200,0,0.917,0.112848
DQN,deceptive_grid,3,60,9980,-294.375,200,0,0.9153,0.109496
DQN,deceptive_grid,3,61,10180,-271.9,200,0,0.9137,0.14298
DQN,deceptive_grid,3,62,10380,-237.675,200,0,0.912,0.126556
DQN,deceptive_grid,3,63,10580,-215.545,200,0,0.9103,0.120639
DQN,deceptive_grid,3,64,10780,-242.34,200,0,0.9086,0.125462
DQN,deceptive_grid,3,65,10980,-251.04,200,0,0.9069,0.114429
DQN,deceptive_grid,3,66,11159,-213.75,179,1,0.9053,0.136475
DQN,deceptive_grid,3,67,11274,-165.425,115,1,0.9044,0.148334
DQN,deceptive_grid,3,68,11451,-199.605,177,1,0.9029,0.12665
DQN,deceptive_grid,3,69,11548,-135.875,97,1,0.902,0.157804
DQN,deceptive_grid,3,70,11748,-211.535,200,0,0.9004,0.141681
DQN,deceptive_grid,3,71,11948,-281.75,200,0,0.8987,0.132145
DQN,deceptive_grid,3,72,12148,-276.785,200,0,0.897,0.144668
DQN,deceptive_grid,3,73,12348,-224.885,200,0,0.8953,0.137695
DQN,deceptive_grid,3,74,12411,-72.845,63,1,0.8947,0.129848
DQN,deceptive_grid,3,75,12580,-154.515,169,1,0.8933,0.157673
DQN,deceptive_grid,3,76,12639,-59.21,59,1,0.8928,0.172683
DQN,deceptive_grid,3,77,12826,-184.24,187,1,0.8912,0.146617
DQN,deceptive_grid,3,78,12959,-205.43,133,1,0.8901,0.152366
DQN,deceptive_grid,3,79,13159,-314.095,200,0,0.8884,0.178782
DQN,deceptive_grid,3,80,13251,-98.095,92,1,0.8876,0.1701
DQN,deceptive_grid,3,81,13451,-298.795,200,0,0.8859,0.161044
DQN,deceptive_grid,3,82,13476,-13.425,25,1,0.8857,0.176518
DQN,deceptive_grid,3,83,13483,2.055,7,1,0.8856,0.157927
DQN,deceptive_grid,3,84,13683,-350.085,200,0,0.8839,0.186253
DQN,deceptive_grid,3,85,13807,-141.06,124,1,0.8829,0.170848
DQN,deceptive_grid,3,86,13864,-42.935,57,1,0.8824,0.157374
DQN,deceptive_grid,3,87,13979,-105.075,115,1,0.8814,0.178466
DQN,deceptive_grid,3,88,13991,3.26,12,1,0.8813,0.156513
DQN,deceptive_grid,3,89,14002,-2.91,11,1,0.8812,0.173564
DQN,deceptive_grid,3,90,14202,-263.765,200,0,0.8795,0.209633
DQN,deceptive_grid,3,91,14250,-40.24,48,1,0.8791,0.185326
DQN,deceptive_grid,3,92,14319,-84.095,69,1,0.8785,0.173204
DQN,deceptive_grid,3,93,14519,-217.71,200,0,0.8768,0.183205
DQN,deceptive_grid,3,94,14679,-206.64,160,1,0.8755,0.204606
DQN,deceptive_grid,3,95,14879,-275.825,200,0,0.8738,0.181654
DQN,deceptive_grid,3,96,15079,-208.305,200,0,0.8721,0.194937
DQN,deceptive_grid,3,97,15275,-239.695,196,1,0.8704,0.201058
DQN,deceptive_grid,3,98,15369,-119.555,94,1,0.8696,0.179237
DQN,deceptive_grid,3,99,15569,-340.43,200,0,0.8679,0.201256
DQN,deceptive_grid,3,100,15703,-140.445,134,1,0.8668,0.191101
DQN,deceptive_grid,3,101,15731,-17.905,28,1,0.8666,0.218817
DQN,deceptive_grid,3,102,15931,-291.83,200,0,0.8649,0.175238
DQN,deceptive_grid,3,103,16039,-105.54,108,1,0.864,0.216656
DQN,deceptive_grid,3,104,16239,-231.865,200,0,0.8623,0.195481
DQN,deceptive_grid,3,105,16307,-66.905,68,1,0.8617,0.18721
DQN,deceptive_grid,3,106,16507,-336.2,200,0,0.86,0.185787
DQN,deceptive_grid,3,107,16543,-39.435,36,1,0.8597,0.232804
DQN,deceptive_grid,3,108,16633,-97.805,90,1,0.8589,0.191844
DQN,deceptive_grid,3,109,16745,-128.035,112,1,0.858,0.198886
DQN,deceptive_grid,3,110,16774,-18.5,29,1,0.8577,0.197471
DQN,deceptive_grid,3,111,16974,-313.065,200,0,0.856,0.174339
DQN,deceptive_grid,3,112,17119,-152.325,145,1,0.8548,0.218047
DQN,deceptive_grid,3,113,17173,-57.825,54,1,0.8543,0.187205
DQN,deceptive_grid,3,114,17283,-102.115,110,1,0.8534,0.184036
DQN,deceptive_grid,3,115,17421,-187.77,138,1,0.8522,0.197976
DQN,deceptive_grid,3,116,17621,-228.41,200,0,0.8505,0.19654
DQN,deceptive_grid,3,117,17719,-109.405,98,1,0.8497,0.181415
DQN,deceptive_grid,3,118,17910,-232.745,191,1,0.8481,0.175062
DQN,deceptive_grid,3,119,17927,-5.55,17,1,0.8479,0.163436
DQN,deceptive_grid,3,120,17973,-25.835,46,1,0.8476,0.163213
DQN,deceptive_grid,3,121,17979,1.545,6,1,0.8475,0.173278
DQN,deceptive_grid,3,122,18077,-109.565,98,1,0.8467,0.216585
DQN,deceptive_grid,3,123,18252,-182.515,175,1,0.8452,0.185103
DQN,deceptive_grid,3,124,18287,-20.655,35,1,0.8449,0.195219
DQN,deceptive_grid,3,125,18393,-108.44,106,1,0.844,0.183411
DQN,deceptive_grid,3,126,18447,-67.38,54,1,0.8435,0.161738
DQN,deceptive_grid,3,127,18647,-210.385,200,0,0.8418,0.200589
DQN,deceptive_grid,3,128,18700,-61.95,53,1,0.8414,0.183091
DQN,deceptive_grid,3,129,18747,-57.785,47,1,0.841,0.159684
DQN,deceptive_grid,3,130,18783,-57.98,36,1,0.8407,0.171123
DQN,deceptive_grid,3,131,18981,-202.305,198,1,0.839,0.170076
DQN,deceptive_grid,3,132,19181,-236.115,200,0,0.8373,0.190911
DQN,deceptive_grid,3,133,19352,-152.375,171,1,0.8359,0.175843
DQN,deceptive_grid,3,134,19355,5.01,3,1,0.8358,0.145625
DQN,deceptive_grid,3,135,19436,-82.35,81,1,0.8351,0.166972
DQN,deceptive_grid,3,136,19629,-227.855,193,1,0.8335,0.195037
DQN,deceptive_grid,3,137,19650,-8.435,21,1,0.8333,0.193288
DQN,deceptive_grid,3,138,19663,0.72,13,1,0.8332,0.185731
DQN,deceptive_grid,3,139,19681,-4.685,18,1,0.8331,0.16107
DQN,deceptive_grid,3,140,19881,-278.455,200,0,0.8314,0.176183
DQN,deceptive_grid,3,141,19894,-11.88,13,1,0.8313,0.163561
DQN,deceptive_grid,3,142,20094,-281.86,200,0,0.8296,0.187882
DQN,deceptive_grid,3,143,20160,-81.765,66,1,0.829,0.174563
DQN,deceptive_grid,3,144,20180,-19.205,20,1,0.8288,0.171453
DQN,deceptive_grid,3,145,20380,-333.805,200,0,0.8271,0.177054
DQN,deceptive_grid,3,146,20453,-75.16,73,1,0.8265,0.161628
DQN,deceptive_grid,3,147,20583,-142.785,130,1,0.8254,0.194506
DQN,deceptive_grid,3,148,20605,-9.675,22,1,0.8252,0.197328
DQN,deceptive_grid,3,149,20609,4.53,4,1,0.8252,0.136995
DQN,deceptive_grid,3,150,20809,-194.58,200,0,0.8235,0.182161
DQN,deceptive_grid,3,151,20908,-94.745,99,1,0.8227,0.186105
DQN,deceptive_grid,3,152,21007,-159.195,99,1,0.8218,0.168437
DQN,deceptive_grid,3,153,21207,-225.835,200,0,0.8201,0.186593
DQN,deceptive_grid,3,154,21351,-137.8,144,1,0.8189,0.165899
DQN,deceptive_grid,3,155,21551,-239.895,200,0,0.8172,0.183669
DQN,deceptive_grid,3,156,21697,-148.37,146,1,0.816,0.190167
DQN,deceptive_grid,3,157,21722,-10.01,25,1,0.8158,0.194443
DQN,deceptive_grid,3,158,21870,-168.9,148,1,0.8145,0.168657
DQN,deceptive_grid,3,159,21963,-92.25,93,1,0.8137,0.168338
DQN,deceptive_grid,3,160,21986,-10.185,23,1,0.8135,0.156283
DQN,deceptive_grid,3,161,22018,-20.715,32,1,0.8132,0.216208
DQN,deceptive_grid,3,162,22165,-132.615,147,1,0.812,0.187592
DQN,deceptive_grid,3,163,22288,-115.805,123,1,0.811,0.178381
DQN,deceptive_grid,3,164,22339,-40.535,51,1,0.8105,0.158399
DQN,deceptive_grid,3,165,22414,-88.77,75,1,0.8099,0.161857
DQN,deceptive_grid,3,166,22580,-201.505,166,1,0.8085,0.187976
DQN,deceptive_grid,3,167,22724,-152.725,144,1,0.8073,0.177919
DQN,deceptive_grid,3,168,22728,8.02,4,1,0.8072,0.136218
DQN,deceptive_grid,3,169,22772,-45.085,44,1,0.8068,0.159764
DQN,deceptive_grid,3,170,22789,-19.15,17,1,0.8067,0.174318
DQN,deceptive_grid,3,171,22900,-124.16,111,1,0.8058,0.167615
DQN,deceptive_grid,3,172,23099,-233.55,199,1,0.8041,0.169438
DQN,deceptive_grid,3,173,23231,-120.65,132,1,0.803,0.173303
DQN,deceptive_grid,3,174,23317,-77.34,86,1,0.8022,0.168554
DQN,deceptive_grid,3,175,23373,-52.95,56,1,0.8017,0.15749
DQN,deceptive_grid,3,176,23514,-174.975,141,1,0.8006,0.162955
DQN,deceptive_grid,3,177,23590,-60.88,76,1,0.7999,0.187766
DQN,deceptive_grid,3,178,23703,-108.71,113,1,0.7989,0.179882
DQN,deceptive_grid,3,179,23739,-36.315,36,1,0.7986,0.176397
DQN,deceptive_grid,3,180,23909,-204.945,170,1,0.7972,0.167295
DQN,deceptive_grid,3,181,23999,-74.03,90,1,0.7964,0.156496
DQN,deceptive_grid,3,182,24033,-17.185,34,1,0.7961,0.208485
DQN,deceptive_grid,3,183,24065,-14.88,32,1,0.7959,0.180003
DQN,deceptive_grid,3,184,24265,-237.66,200,0,0.7942,0.163556
DQN,deceptive_grid,3,185,24375,-128.125,110,1,0.7932,0.155318
DQN,deceptive_grid,3,186,24476,-117.685,101,1,0.7924,0.157339
DQN,deceptive_grid,3,187,24524,-36.0,48,1,0.792,0.174619
DQN,deceptive_grid,3,188,24616,-124.65,92,1,0.7912,0.154408
DQN,deceptive_grid,3,189,24659,-42.41,43,1,0.7908,0.150665
DQN,deceptive_grid,3,190,24702,-33.945,43,1,0.7905,0.154299
DQN,deceptive_grid,3,191,24839,-115.575,137,1,0.7893,0.141542
DQN,deceptive_grid,3,192,24915,-70.765,76,1,0.7887,0.14221
DQN,deceptive_grid,3,193,25062,-160.96,147,1,0.7874,0.149948
DQN,deceptive_grid,3,194,25123,-51.63,61,1,0.7869,0.146631
DQN,deceptive_grid,3,195,25161,-21.205,38,1,0.7866,0.159004
DQN,deceptive_grid,3,196,25267,-110.465,106,1,0.7857,0.145249
DQN,deceptive_grid,3,197,25328,-39.61,61,1,0.7852,0.129763
DQN,deceptive_grid,3,198,25422,-87.75,94,1,0.7844,0.132646
DQN,deceptive_grid,3,199,25505,-79.52,83,1,0.7837,0.13913
DQN,deceptive_grid,3,200,25610,-110.0,105,1,0.7828,0.129828
DQN,deceptive_grid,3,201,25669,-60.18,59,1,0.7823,0.121051
DQN,deceptive_grid,3,202,25740,-84.1,71,1,0.7817,0.122439
DQN,deceptive_grid,3,203,25773,-23.38,33,1,0.7814,0.124596
DQN,deceptive_grid,3,204,25867,-109.5,94,1,0.7806,0.121493
DQN,deceptive_grid,3,205,25911,-35.01,44,1,0.7802,0.117131
DQN,deceptive_grid,3,206,25941,-18.775,30,1,0.78,0.115063
DQN,deceptive_grid,3,207,26044,-100.805,103,1,0.7791,0.123468
DQN,deceptive_grid,3,208,26111,-47.725,67,1,0.7785,0.121266
DQN,deceptive_grid,3,209,26132,-5.1,21,1,0.7783,0.113653
DQN,deceptive_grid,3,210,26198,-66.55,66,1,0.7778,0.104328
DQN,deceptive_grid,3,211,26287,-93.68,89,1,0.777,0.115902
DQN,deceptive_grid,3,212,26329,-30.39,42,1,0.7767,0.103827
DQN,deceptive_grid,3,213,26453,-121.035,124,1,0.7756,0.102237
DQN,deceptive_grid,3,214,26522,-65.67,69,1,0.775,0.117454
DQN,deceptive_grid,3,215,26722,-256.355,200,0,0.7733,0.101485
DQN,deceptive_grid,3,216,26761,-31.535,39,1,0.773,0.098534
DQN,deceptive_grid,3,217,26854,-98.28,93,1,0.7722,0.096925
DQN,deceptive_grid,3,218,26978,-115.01,124,1,0.7712,0.096349
DQN,deceptive_grid,3,219,27000,-6.585,22,1,0.771,0.091517
DQN,deceptive_grid,3,220,27106,-106.17,106,1,0.7701,0.100917
DQN,deceptive_grid,3,221,27172,-73.225,66,1,0.7695,0.092102
DQN,deceptive_grid,3,222,27175,9.515,3,1,0.7695,0.083667
DQN,deceptive_grid,3,223,27296,-126.195,121,1,0.7685,0.089465
DQN,deceptive_grid,3,224,27343,-28.465,47,1,0.7681,0.092892
DQN,deceptive_grid,3,225,27447,-88.015,104,1,0.7672,0.087891
DQN,deceptive_grid,3,226,27520,-70.505,73,1,0.7666,0.094583
DQN,deceptive_grid,3,227,27543,-18.35,23,1,0.7664,0.111263
DQN,deceptive_grid,3,228,27650,-104.385,107,1,0.7655,0.088288
DQN,deceptive_grid,3,229,27831,-210.125,181,1,0.7639,0.081045
DQN,deceptive_grid,3,230,27987,-174.645,156,1,0.7626,0.080083
DQN,deceptive_grid,3,231,28088,-102.065,101,1,0.7618,0.082023
DQN,deceptive_grid,3,232,28178,-118.695,90,1,0.761,0.07252
DQN,deceptive_grid,3,233,28222,-26.225,44,1,0.7606,0.075467
DQN,deceptive_grid,3,234,28286,-80.22,64,1,0.7601,0.073895
DQN,deceptive_grid,3,235,28374,-66.64,88,1,0.7593,0.078452
DQN,deceptive_grid,3,236,28384,-0.32,10,1,0.7592,0.077974
DQN,deceptive_grid,3,237,28392,-3.94,8,1,0.7592,0.080563
DQN,deceptive_grid,3,238,28505,-116.16,113,1,0.7582,0.069962
DQN,deceptive_grid,3,239,28552,-41.97,47,1,0.7578,0.081647
DQN,deceptive_grid,3,240,28583,-28.4,31,1,0.7576,0.072794
DQN,deceptive_grid,3,241,28652,-51.935,69,1,0.757,0.077405
DQN,deceptive_grid,3,242,28678,-28.925,26,1,0.7567,0.070031
DQN,deceptive_grid,3,243,28828,-166.365,150,1,0.7555,0.067283
DQN,deceptive_grid,3,244,28857,-27.67,29,1,0.7552,0.070442
DQN,deceptive_grid,3,245,28887,-26.725,30,1,0.755,0.058844
DQN,deceptive_grid,3,246,28971,-100.16,84,1,0.7543,0.071612
DQN,deceptive_grid,3,247,29081,-102.14,110,1,0.7533,0.078608
DQN,deceptive_grid,3,248,29102,-10.52,21,1,0.7532,0.066687
DQN,deceptive_grid,3,249,29130,-29.48,28,1,0.7529,0.067187
DQN,deceptive_grid,3,250,29215,-111.16,85,1,0.7522,0.063507
DQN,deceptive_grid,3,251,29255,-28.78,40,1,0.7519,0.058956
DQN,deceptive_grid,3,252,29396,-147.225,141,1,0.7507,0.066972
DQN,deceptive_grid,3,253,29462,-52.785,66,1,0.7501,0.059304
DQN,deceptive_grid,3,254,29541,-62.59,79,1,0.7494,0.068289
DQN,deceptive_grid,3,255,29582,-38.19,41,1,0.7491,0.061134
DQN,deceptive_grid,3,256,29667,-68.55,85,1,0.7484,0.060874
DQN,deceptive_grid,3,257,29728,-67.21,61,1,0.7478,0.054949
DQN,deceptive_grid,3,258,29791,-43.905,63,1,0.7473,0.05562
DQN,deceptive_grid,3,259,29872,-64.87,81,1,0.7466,0.050614
DQN,deceptive_grid,3,260,29925,-50.265,53,1,0.7462,0.058433
DQN,deceptive_grid,3,261,30027,-88.56,102,1,0.7453,0.059161
DQN,deceptive_grid,3,262,30112,-81.2,85,1,0.7446,0.058078
DQN,deceptive_grid,3,263,30244,-132.745,132,1,0.7435,0.055492
DQN,deceptive_grid,3,264,30292,-58.005,48,1,0.7431,0.045781
DQN,deceptive_grid,3,265,30411,-120.83,119,1,0.742,0.04702
DQN,deceptive_grid,3,266,30475,-61.945,64,1,0.7415,0.049888
DQN,deceptive_grid,3,267,30570,-102.98,95,1,0.7407,0.054045
DQN,deceptive_grid,3,268,30705,-129.57,135,1,0.7396,0.055979
DQN,deceptive_grid,3,269,30741,-30.605,36,1,0.7393,0.051841
DQN,deceptive_grid,3,270,30862,-109.96,121,1,0.7382,0.046104
DQN,deceptive_grid,3,271,30881,-7.63,19,1,0.7381,0.04173
DQN,deceptive_grid,3,272,30978,-95.77,97,1,0.7372,0.048811
DQN,deceptive_grid,3,273,31025,-40.35,47,1,0.7368,0.052686
DQN,deceptive_grid,3,274,31066,-35.4,41,1,0.7365,0.056237
DQN,deceptive_grid,3,275,31121,-52.285,55,1,0.736,0.0522
DQN,deceptive_grid,3,276,31228,-87.665,107,1,0.7351,0.04858
DQN,deceptive_grid,3,277,31296,-64.51,68,1,0.7345,0.041379
DQN,deceptive_grid,3,278,31409,-127.205,113,1,0.7336,0.040871
DQN,deceptive_grid,3,279,31490,-80.235,81,1,0.7329,0.043103
DQN,deceptive_grid,3,280,31521,-29.7,31,1,0.7326,0.052558
DQN,deceptive_grid,3,281,31573,-45.01,52,1,0.7322,0.047515
DQN,deceptive_grid,3,282,31613,-20.21,40,1,0.7319,0.046032
DQN,deceptive_grid,3,283,31639,-12.58,26,1,0.7316,0.047167
DQN,deceptive_grid,3,284,31704,-67.625,65,1,0.7311,0.046566
DQN,deceptive_grid,3,285,31817,-99.885,113,1,0.7301,0.043189
DQN,deceptive_grid,3,286,31893,-92.215,76,1,0.7295,0.04511
DQN,deceptive_grid,3,287,32055,-157.995,162,1,0.7281,0.045735
DQN,deceptive_grid,3,288,32104,-41.125,49,1,0.7277,0.039349
DQN,deceptive_grid,3,289,32107,9.515,3,1,0.7277,0.037404
DQN,deceptive_grid,3,290,32214,-148.72,107,1,0.7268,0.042244
DQN,deceptive_grid,3,291,32271,-54.965,57,1,0.7263,0.039562
DQN,deceptive_grid,3,292,32379,-87.515,108,1,0.7254,0.040672
DQN,deceptive_grid,3,293,32402,-16.12,23,1,0.7252,0.034825
DQN,deceptive_grid,3,294,32491,-88.415,89,1,0.7244,0.033819
DQN,deceptive_grid,3,295,32606,-92.065,115,1,0.7234,0.047667
DQN,deceptive_grid,3,296,32636,-10.725,30,1,0.7232,0.04654
DQN,deceptive_grid,3,297,32716,-57.78,80,1,0.7225,0.04185
DQN,deceptive_grid,3,298,32814,-79.34,98,1,0.7217,0.040101
DQN,deceptive_grid,3,299,32908,-93.975,94,1,0.7209,0.039021
DQN,deceptive_grid,3,300,33036,-163.97,128,1,0.7198,0.040121
DQN,deceptive_grid,3,301,33101,-58.565,65,1,0.7192,0.045008
DQN,deceptive_grid,3,302,33167,-51.885,66,1,0.7187,0.04225
DQN,deceptive_grid,3,303,33209,-47.125,42,1,0.7183,0.037088
DQN,deceptive_grid,3,304,33239,-17.515,30,1,0.7181,0.035505
DQN,deceptive_grid,3,305,33329,-100.18,90,1,0.7173,0.042376
DQN,deceptive_grid,3,306,33397,-53.06,68,1,0.7167,0.041759
DQN,deceptive_grid,3,307,33399,10.005,2,1,0.7167,0.031903
DQN,deceptive_grid,3,308,33438,-30.27,39,1,0.7164,0.037458
DQN,deceptive_grid,3,309,33484,-54.09,46,1,0.716,0.039658
DQN,deceptive_grid,3,310,33505,-13.005,21,1,0.7158,0.039664
DQN,deceptive_grid,3,311,33604,-88.8,99,1,0.715,0.045728
DQN,deceptive_grid,3,312,33644,-38.84,40,1,0.7146,0.041639
DQN,deceptive_grid,3,313,33674,-39.295,30,1,0.7144,0.033562
DQN,deceptive_grid,3,314,33731,-55.115,57,1,0.7139,0.036839
DQN,deceptive_grid,3,315,33876,-152.8,145,1,0.7127,0.041215
DQN,deceptive_grid,3,316,34011,-135.135,135,1,0.7115,0.035092
DQN,deceptive_grid,3,317,34092,-65.375,81,1,0.7108,0.043486
DQN,deceptive_grid,3,318,34107,1.915,15,1,0.7107,0.038307
DQN,deceptive_grid,3,319,34172,-51.895,65,1,0.7101,0.038924
DQN,deceptive_grid,3,320,34284,-128.455,112,1,0.7092,0.038121
DQN,deceptive_grid,3,321,34328,-25.345,44,1,0.7088,0.031985
DQN,deceptive_grid,3,322,34453,-111.95,125,1,0.7078,0.036289
DQN,deceptive_grid,3,323,34476,-10.215,23,1,0.7076,0.031238
DQN,deceptive_grid,3,324,34501,-29.49,25,1,0.7074,0.035284
DQN,deceptive_grid,3,325,34578,-66.685,77,1,0.7067,0.043184
DQN,deceptive_grid,3,326,34658,-87.58,80,1,0.706,0.043229
DQN,deceptive_grid,3,327,34694,-31.465,36,1,0.7057,0.038452
DQN,deceptive_grid,3,328,34715,-4.82,21,1,0.7055,0.031713
DQN,deceptive_grid,3,329,34731,-6.145,16,1,0.7054,0.037387
DQN,deceptive_grid,3,330,34752,-8.485,21,1,0.7052,0.03561
DQN,deceptive_grid,3,331,34856,-89.425,104,1,0.7043,0.038511
DQN,deceptive_grid,3,332,34884,-19.385,28,1,0.7041,0.033432
DQN,deceptive_grid,3,333,34932,-45.055,48,1,0.7037,0.038673
DQN,deceptive_grid,3,334,35019,-78.605,87,1,0.703,0.038435
DQN,deceptive_grid,3,335,35064,-30.63,45,1,0.7026,0.042686
DQN,deceptive_grid,3,336,35194,-119.22,130,1,0.7015,0.038797
DQN,deceptive_grid,3,337,35245,-42.9,51,1,0.701,0.038377
DQN,deceptive_grid,3,338,35288,-42.43,43,1,0.7007,0.039273
DQN,deceptive_grid,3,339,35293,7.54,5,1,0.7006,0.037774
DQN,deceptive_grid,3,340,35318,-20.035,25,1,0.7004,0.04051
DQN,deceptive_grid,3,341,35375,-57.68,57,1,0.6999,0.036649
DQN,deceptive_grid,3,342,35473,-107.585,98,1,0.6991,0.04022
DQN,deceptive_grid,3,343,35561,-71.665,88,1,0.6984,0.038198
DQN,deceptive_grid,3,344,35619,-60.805,58,1,0.6979,0.037877
DQN,deceptive_grid,3,345,35658,-30.5,39,1,0.6975,0.03172
DQN,deceptive_grid,3,346,35711,-45.845,53,1,0.6971,0.03477
DQN,deceptive_grid,3,347,35812,-117.995,101,1,0.6962,0.034661
DQN,deceptive_grid,3,348,35872,-49.685,60,1,0.6957,0.03288
DQN,deceptive_grid,3,349,35922,-33.955,50,1,0.6953,0.030406
DQN,deceptive_grid,3,350,35980,-59.885,58,1,0.6948,0.038339
DQN,deceptive_grid,3,351,36012,-29.75,32,1,0.6945,0.040649
DQN,deceptive_grid,3,352,36035,-8.06,23,1,0.6943,0.04504
DQN,deceptive_grid,3,353,36064,-15.81,29,1,0.6941,0.039089
DQN,deceptive_grid,3,354,36147,-83.275,83,1,0.6934,0.038167
DQN,deceptive_grid,3,355,36293,-153.59,146,1,0.6922,0.03301
DQN,deceptive_grid,3,356,36314,-4.99,21,1,0.692,0.032187
DQN,deceptive_grid,3,357,36357,-25.675,43,1,0.6916,0.032271
DQN,deceptive_grid,3,358,36394,-37.12,37,1,0.6913,0.035574
DQN,deceptive_grid,3,359,36458,-47.11,64,1,0.6908,0.031869
DQN,deceptive_grid,3,360,36478,-14.79,20,1,0.6906,0.027792
DQN,deceptive_grid,3,361,36528,-49.89,50,1,0.6902,0.038991
DQN,deceptive_grid,3,362,36572,-33.77,44,1,0.6898,0.0451
DQN,deceptive_grid,3,363,36671,-93.74,99,1,0.689,0.032811
DQN,deceptive_grid,3,364,36713,-29.575,42,1,0.6886,0.034516
DQN,deceptive_grid,3,365,36771,-43.2,58,1,0.6881,0.029703
DQN,deceptive_grid,3,366,36815,-31.935,44,1,0.6877,0.031079
DQN,deceptive_grid,3,367,36875,-42.225,60,1,0.6872,0.027823
DQN,deceptive_grid,3,368,36970,-86.63,95,1,0.6864,0.031173
DQN,deceptive_grid,3,369,37078,-89.72,108,1,0.6855,0.039355
DQN,deceptive_grid,3,370,37121,-36.405,43,1,0.6851,0.034603
DQN,deceptive_grid,3,371,37207,-73.39,86,1,0.6844,0.033941
DQN,deceptive_grid,3,372,37220,-7.385,13,1,0.6843,0.032182
DQN,deceptive_grid,3,373,37255,-31.47,35,1,0.684,0.027679
DQN,deceptive_grid,3,374,37327,-49.925,72,1,0.6834,0.026896
DQN,deceptive_grid,3,375,37368,-24.375,41,1,0.683,0.025644
DQN,deceptive_grid,3,376,37447,-61.775,79,1,0.6824,0.027683
DQN,deceptive_grid,3,377,37527,-68.18,80,1,0.6817,0.031129
DQN,deceptive_grid,3,378,37561,-17.975,34,1,0.6814,0.033593
DQN,deceptive_grid,3,379,37580,-16.685,19,1,0.6812,0.033909
DQN,deceptive_grid,3,380,37620,-27.49,40,1,0.6809,0.033453
DQN,deceptive_grid,3,381,37663,-37.64,43,1,0.6805,0.031906
DQN,deceptive_grid,3,382,37703,-47.005,40,1,0.6802,0.033598
DQN,deceptive_grid,3,383,37752,-34.345,49,1,0.6798,0.02637
DQN,deceptive_grid,3,384,37767,-11.72,15,1,0.6797,0.028575
DQN,deceptive_grid,3,385,37784,-6.65,17,1,0.6795,0.023497
DQN,deceptive_grid,3,386,37804,-4.67,20,1,0.6793,0.021081
DQN,deceptive_grid,3,387,37807,9.515,3,1,0.6793,0.017273
DQN,deceptive_grid,3,388,37864,-56.305,57,1,0.6788,0.027551
DQN,deceptive_grid,3,389,37955,-91.37,91,1,0.6781,0.029516
DQN,deceptive_grid,3,390,38001,-38.605,46,1,0.6777,0.025363
DQN,deceptive_grid,3,391,38102,-109.565,101,1,0.6768,0.02908
DQN,deceptive_grid,3,392,38126,-10.85,24,1,0.6766,0.024622
DQN,deceptive_grid,3,393,38142,-11.03,16,1,0.6765,0.025756
DQN,deceptive_grid,3,394,38187,-32.74,45,1,0.6761,0.023215
DQN,deceptive_grid,3,395,38213,-6.905,26,1,0.6759,0.021683
DQN,deceptive_grid,3,396,38245,-27.145,32,1,0.6756,0.025612
DQN,deceptive_grid,3,397,38272,-22.015,27,1,0.6754,0.029184
DQN,deceptive_grid,3,398,38315,-25.755,43,1,0.675,0.025659
DQN,deceptive_grid,3,399,38347,-24.3,32,1,0.6747,0.026026
DQN,deceptive_grid,3,400,38447,-96.59,100,1,0.6739,0.026599
DQN,deceptive_grid,3,401,38488,-20.18,41,1,0.6735,0.022378
DQN,deceptive_grid,3,402,38496,-7.425,8,1,0.6735,0.024264
DQN,deceptive_grid,3,403,38568,-87.65,72,1,0.6729,0.030243
DQN,deceptive_grid,3,404,38617,-29.79,49,1,0.6724,0.03134
DQN,deceptive_grid,3,405,38714,-108.7,97,1,0.6716,0.024305
DQN,deceptive_grid,3,406,38771,-68.425,57,1,0.6711,0.022678
DQN,deceptive_grid,3,407,38900,-107.0,129,1,0.67,0.024615
DQN,deceptive_grid,3,408,38914,-1.175,14,1,0.6699,0.029064
DQN,deceptive_grid,3,409,38956,-30.72,42,1,0.6696,0.021917
DQN,deceptive_grid,3,410,38960,0.015,4,1,0.6695,0.03101
DQN,deceptive_grid,3,411,39020,-53.315,60,1,0.669,0.027827
DQN,deceptive_grid,3,412,39066,-53.64,46,1,0.6686,0.025682
DQN,deceptive_grid,3,413,39167,-125.525,101,1,0.6678,0.026843
DQN,deceptive_grid,3,414,39178,-4.295,11,1,0.6677,0.02997
DQN,deceptive_grid,3,415,39216,-30.035,38,1,0.6674,0.027377
DQN,deceptive_grid,3,416,39252,-34.76,36,1,0.6671,0.022224
DQN,deceptive_grid,3,417,39340,-72.935,88,1,0.6663,0.021644
DQN,deceptive_grid,3,418,39382,-29.65,42,1,0.666,0.019499
DQN,deceptive_grid,3,419,39404,-6.66,22,1,0.6658,0.022231
DQN,deceptive_grid,3,420,39414,0.635,10,1,0.6657,0.019966
DQN,deceptive_grid,3,421,39490,-78.025,76,1,0.665,0.021012
DQN,deceptive_grid,3,422,39596,-101.03,106,1,0.6641,0.02333
DQN,deceptive_grid,3,423,39624,-19.355,28,1,0.6639,0.022979
DQN,deceptive_grid,3,424,39638,-4.245,14,1,0.6638,0.021528
DQN,deceptive_grid,3,425,39649,2.665,11,1,0.6637,0.023901
DQN,deceptive_grid,3,426,39748,-124.31,99,1,0.6629,0.020464
DQN,deceptive_grid,3,427,39794,-26.055,46,1,0.6625,0.021066
DQN,deceptive_grid,3,428,39801,3.08,7,1,0.6624,0.025321
DQN,deceptive_grid,3,429,39882,-62.94,81,1,0.6617,0.021901
DQN,deceptive_grid,3,430,39952,-59.595,70,1,0.6611,0.019652
DQN,deceptive_grid,3,431,39991,-35.88,39,1,0.6608,0.020668
DQN,deceptive_grid,3,432,40053,-58.155,62,1,0.6603,0.021684
DQN,deceptive_grid,3,433,40129,-69.455,76,1,0.6596,0.025353
DQN,deceptive_grid,3,434,40141,3.21,12,1,0.6595,0.023361
DQN,deceptive_grid,3,435,40205,-51.16,64,1,0.659,0.023881
DQN,deceptive_grid,3,436,40253,-33.035,48,1,0.6586,0.01853
DQN,deceptive_grid,3,437,40284,-27.105,31,1,0.6583,0.020281
DQN,deceptive_grid,3,438,40323,-20.995,39,1,0.658,0.020822
DQN,deceptive_grid,3,439,40371,-31.61,48,1,0.6576,0.019658
DQN,deceptive_grid,3,440,40450,-101.59,79,1,0.6569,0.019508
DQN,deceptive_grid,3,441,40470,-16.02,20,1,0.6567,0.022938
DQN,deceptive_grid,3,442,40555,-84.225,85,1,0.656,0.022042
DQN,deceptive_grid,3,443,40603,-26.64,48,1,0.6556,0.020512
DQN,deceptive_grid,3,444,40647,-31.25,44,1,0.6552,0.019557
DQN,deceptive_grid,3,445,40727,-76.31,80,1,0.6545,0.020561
DQN,deceptive_grid,3,446,40761,-28.435,34,1,0.6543,0.016913
DQN,deceptive_grid,3,447,40815,-34.375,54,1,0.6538,0.015371
DQN,deceptive_grid,3,448,40950,-141.305,135,1,0.6527,0.016398
DQN,deceptive_grid,3,449,41025,-55.14,75,1,0.652,0.019508
DQN,deceptive_grid,3,450,41059,-17.985,34,1,0.6517,0.018312
DQN,deceptive_grid,3,451,41107,-30.25,48,1,0.6513,0.017805
DQN,deceptive_grid,3,452,41278,-162.12,171,1,0.6499,0.018703
DQN,deceptive_grid,3,453,41310,-27.58,32,1,0.6496,0.017326
DQN,deceptive_grid,3,454,41319,4.6,9,1,0.6495,0.015418
DQN,deceptive_grid,3,455,41389,-60.675,70,1,0.6489,0.015922
DQN,deceptive_grid,3,456,41432,-29.715,43,1,0.6486,0.015633
DQN,deceptive_grid,3,457,41472,-26.27,40,1,0.6482,0.014147
DQN,deceptive_grid,3,458,41544,-73.94,72,1,0.6476,0.02094
DQN,deceptive_grid,3,459,41572,-18.085,28,1,0.6474,0.017173
DQN,deceptive_grid,3,460,41629,-54.585,57,1,0.6469,0.02031
DQN,deceptive_grid,3,461,41686,-65.75,57,1,0.6464,0.017211
DQN,deceptive_grid,3,462,41767,-79.075,81,1,0.6457,0.015975
DQN,deceptive_grid,3,463,41835,-55.76,68,1,0.6451,0.016563
DQN,deceptive_grid,3,464,41859,-15.24,24,1,0.6449,0.015319
DQN,deceptive_grid,3,465,41883,-23.235,24,1,0.6447,0.018441
DQN,deceptive_grid,3,466,41928,-49.53,45,1,0.6444,0.023055
DQN,deceptive_grid,3,467,41959,-45.445,31,1,0.6441,0.018073
DQN,deceptive_grid,3,468,41996,-28.08,37,1,0.6438,0.017022
DQN,deceptive_grid,3,469,42058,-47.88,62,1,0.6433,0.023842
DQN,deceptive_grid,3,470,42105,-37.235,47,1,0.6429,0.019138
DQN,deceptive_grid,3,471,42162,-60.37,57,1,0.6424,0.020923
DQN,deceptive_grid,3,472,42190,-11.26,28,1,0.6421,0.018296
DQN,deceptive_grid,3,473,42222,-13.98,32,1,0.6419,0.018375
DQN,deceptive_grid,3,474,42235,-7.335,13,1,0.6418,0.018161
DQN,deceptive_grid,3,475,42245,3.155,10,1,0.6417,0.020312
DQN,deceptive_grid,3,476,42274,-11.65,29,1,0.6414,0.018103
DQN,deceptive_grid,3,477,42364,-87.57,90,1,0.6407,0.017089
DQN,deceptive_grid,3,478,42425,-43.165,61,1,0.6401,0.012159
DQN,deceptive_grid,3,479,42476,-37.66,51,1,0.6397,0.015612
DQN,deceptive_grid,3,480,42550,-62.895,74,1,0.6391,0.020539
DQN,deceptive_grid,3,481,42626,-63.67,76,1,0.6384,0.019102
DQN,deceptive_grid,3,482,42700,-72.445,74,1,0.6378,0.01851
DQN,deceptive_grid,3,483,42726,-9.375,26,1,0.6376,0.014831
DQN,deceptive_grid,3,484,42811,-71.88,85,1,0.6369,0.015814
DQN,deceptive_grid,3,485,42874,-54.73,63,1,0.6363,0.014694
DQN,deceptive_grid,3,486,42910,-23.495,36,1,0.636,0.016028
DQN,deceptive_grid,3,487,42965,-41.04,55,1,0.6356,0.016929
DQN,deceptive_grid,3,488,42985,-13.705,20,1,0.6354,0.014106
DQN,deceptive_grid,3,489,43014,-29.36,29,1,0.6351,0.015364
DQN,deceptive_grid,3,490,43058,-35.605,44,1,0.6348,0.020009
DQN,deceptive_grid,3,491,43106,-33.62,48,1,0.6344,0.017656
DQN,deceptive_grid,3,492,43162,-50.245,56,1,0.6339,0.016613
DQN,deceptive_grid,3,493,43207,-33.44,45,1,0.6335,0.017066
DQN,deceptive_grid,3,494,43241,-26.48,34,1,0.6332,0.017302
DQN,deceptive_grid,3,495,43280,-25.705,39,1,0.6329,0.017514
DQN,deceptive_grid,3,496,43295,0.815,15,1,0.6328,0.01494
DQN,deceptive_grid,3,497,43316,-19.655,21,1,0.6326,0.01413
DQN,deceptive_grid,3,498,43364,-46.805,48,1,0.6322,0.017625
DQN,deceptive_grid,3,499,43391,-12.825,27,1,0.632,0.014288
DQN,deceptive_grid,3,500,43471,-85.545,80,1,0.6313,0.014957
DQN,deceptive_grid,3,501,43506,-19.755,35,1,0.631,0.015
DQN,deceptive_grid,3,502,43542,-18.01,36,1,0.6307,0.020483
DQN,deceptive_grid,3,503,43597,-60.095,55,1,0.6302,0.019859
DQN,deceptive_grid,3,504,43678,-76.485,81,1,0.6295,0.020596
DQN,deceptive_grid,3,505,43738,-54.26,60,1,0.629,0.016776
DQN,deceptive_grid,3,506,43772,-20.145,34,1,0.6287,0.014344
DQN,deceptive_grid,3,507,43810,-33.44,38,1,0.6284,0.016397
DQN,deceptive_grid,3,508,43879,-53.35,69,1,0.6278,0.015987
DQN,deceptive_grid,3,509,43912,-22.145,33,1,0.6275,0.013832
DQN,deceptive_grid,3,510,43963,-44.98,51,1,0.6271,0.013068
DQN,deceptive_grid,3,511,44046,-75.405,83,1,0.6264,0.017374
DQN,deceptive_grid,3,512,44051,8.55,5,1,0.6264,0.024892
DQN,deceptive_grid,3,513,44061,4.145,10,1,0.6263,0.019446
DQN,deceptive_grid,3,514,44114,-39.005,53,1,0.6258,0.01972
DQN,deceptive_grid,3,515,44185,-78.69,71,1,0.6252,0.01607
DQN,deceptive_grid,3,516,44224,-24.455,39,1,0.6249,0.013344
DQN,deceptive_grid,3,517,44295,-62.395,71,1,0.6243,0.015661
DQN,deceptive_grid,3,518,44355,-36.22,60,1,0.6238,0.012803
DQN,deceptive_grid,3,519,44388,-18.725,33,1,0.6235,0.011497
DQN,deceptive_grid,3,520,44399,0.645,11,1,0.6234,0.015364
DQN,deceptive_grid,3,521,44456,-41.585,57,1,0.6229,0.01062
DQN,deceptive_grid,3,522,44490,-26.16,34,1,0.6226,0.013396
DQN,deceptive_grid,3,523,44499,3.61,9,1,0.6226,0.01245
DQN,deceptive_grid,3,524,44546,-32.09,47,1,0.6222,0.017328
DQN,deceptive_grid,3,525,44588,-25.74,42,1,0.6218,0.017655
DQN,deceptive_grid,3,526,44654,-55.22,66,1,0.6212,0.017185
DQN,deceptive_grid,3,527,44712,-50.94,58,1,0.6207,0.015056
DQN,deceptive_grid,3,528,44764,-52.68,52,1,0.6203,0.014447
DQN,deceptive_grid,3,529,44781,-2.02,17,1,0.6202,0.014121
DQN,deceptive_grid,3,530,44854,-60.655,73,1,0.6195,0.012256
DQN,deceptive_grid,3,531,44882,-33.005,28,1,0.6193,0.011563
DQN,deceptive_grid,3,532,44900,-0.405,18,1,0.6192,0.014023
DQN,deceptive_grid,3,533,44913,3.87,13,1,0.619,0.010672
DQN,deceptive_grid,3,534,44928,-11.695,15,1,0.6189,0.012652
DQN,deceptive_grid,3,535,44964,-33.21,36,1,0.6186,0.011974
DQN,deceptive_grid,3,536,45014,-30.965,50,1,0.6182,0.013888
DQN,deceptive_grid,3,537,45040,-10.455,26,1,0.618,0.015432
DQN,deceptive_grid,3,538,45076,-23.665,36,1,0.6177,0.017643
DQN,deceptive_grid,3,539,45118,-32.685,42,1,0.6173,0.015531
DQN,deceptive_grid,3,540,45184,-49.435,66,1,0.6167,0.0134
DQN,deceptive_grid,3,541,45213,-25.635,29,1,0.6165,0.013277
DQN,deceptive_grid,3,542,45223,-4.86,10,1,0.6164,0.012144
DQN,deceptive_grid,3,543,45236,-2.815,13,1,0.6163,0.015955
DQN,deceptive_grid,3,544,45253,-4.22,17,1,0.6162,0.011626
DQN,deceptive_grid,3,545,45303,-46.175,50,1,0.6157,0.011414
DQN,deceptive_grid,3,546,45308,7.53,5,1,0.6157,0.010712
DQN,deceptive_grid,3,547,45354,-45.985,46,1,0.6153,0.012487
DQN,deceptive_grid,3,548,45451,-90.115,97,1,0.6145,0.013897
DQN,deceptive_grid,3,549,45488,-18.35,37,1,0.6142,0.011689
DQN,deceptive_grid,3,550,45504,-0.7,16,1,0.614,0.015937
DQN,deceptive_grid,3,551,45614,-105.36,110,1,0.6131,0.016836
DQN,deceptive_grid,3,552,45668,-60.34,54,1,0.6126,0.01725
DQN,deceptive_grid,3,553,45729,-47.32,61,1,0.6121,0.015099
DQN,deceptive_grid,3,554,45766,-20.405,37,1,0.6118,0.014915
DQN,deceptive_grid,3,555,45798,-29.165,32,1,0.6115,0.011532
DQN,deceptive_grid,3,556,45866,-58.855,68,1,0.611,0.014079
DQN,deceptive_grid,3,557,45916,-43.67,50,1,0.6105,0.011816
DQN,deceptive_grid,3,558,45937,-26.5,21,1,0.6104,0.014381
DQN,deceptive_grid,3,559,45970,-22.28,33,1,0.6101,0.010278
DQN,deceptive_grid,3,560,45975,7.53,5,1,0.61,0.013354
DQN,deceptive_grid,3,561,46018,-29.67,43,1,0.6097,0.011967
DQN,deceptive_grid,3,562,46060,-32.785,42,1,0.6093,0.015318
DQN,deceptive_grid,3,563,46084,-15.26,24,1,0.6091,0.019456
DQN,deceptive_grid,3,564,46094,0.655,10,1,0.609,0.014154
DQN,deceptive_grid,3,565,46139,-47.02,45,1,0.6086,0.012988
DQN,deceptive_grid,3,566,46174,-21.56,35,1,0.6083,0.013435
DQN,deceptive_grid,3,567,46180,7.065,6,1,0.6083,0.013623
DQN,deceptive_grid,3,568,46233,-48.615,53,1,0.6078,0.015241
DQN,deceptive_grid,3,569,46249,1.46,16,1,0.6077,0.013289
DQN,deceptive_grid,3,570,46316,-50.55,67,1,0.6071,0.011439
DQN,deceptive_grid,3,571,46366,-43.535,50,1,0.6067,0.01192
DQN,deceptive_grid,3,572,46367,10.5,1,1,0.6067,0.005342
DQN,deceptive_grid,3,573,46428,-40.07,61,1,0.6062,0.011521
DQN,deceptive_grid,3,574,46444,-5.18,16,1,0.6061,0.013914
DQN,deceptive_grid,3,575,46489,-55.29,45,1,0.6057,0.012492
DQN,deceptive_grid,3,576,46567,-85.57,78,1,0.605,0.015432
DQN,deceptive_grid,3,577,46642,-75.5,75,1,0.6044,0.014378
DQN,deceptive_grid,3,578,46721,-63.935,79,1,0.6037,0.015256
DQN,deceptive_grid,3,579,46745,-13.045,24,1,0.6035,0.012645
DQN,deceptive_grid,3,580,46866,-119.64,121,1,0.6025,0.012176
DQN,deceptive_grid,3,581,46904,-19.275,38,1,0.6022,0.015632
DQN,deceptive_grid,3,582,46921,-5.62,17,1,0.602,0.011178
DQN,deceptive_grid,3,583,46925,8.03,4,1,0.602,0.012758
DQN,deceptive_grid,3,584,46958,-26.68,33,1,0.6017,0.014943
DQN,deceptive_grid,3,585,47006,-57.27,48,1,0.6013,0.011982
DQN,deceptive_grid,3,586,47083,-68.23,77,1,0.6006,0.013913
DQN,deceptive_grid,3,587,47146,-52.76,63,1,0.6001,0.013688
DQN,deceptive_grid,3,588,47193,-27.865,47,1,0.5997,0.013439
DQN,deceptive_grid,3,589,47249,-71.825,56,1,0.5992,0.010561
DQN,deceptive_grid,3,590,47254,8.55,5,1,0.5992,0.011737
DQN,deceptive_grid,3,591,47296,-37.12,42,1,0.5988,0.011044
DQN,deceptive_grid,3,592,47343,-42.51,47,1,0.5984,0.01153
DQN,deceptive_grid,3,593,47351,2.62,8,1,0.5984,0.009057
DQN,deceptive_grid,3,594,47399,-52.69,48,1,0.598,0.012309
DQN,deceptive_grid,3,595,47425,-10.285,26,1,0.5977,0.012244
DQN,deceptive_grid,3,596,47433,6.1,8,1,0.5977,0.012058
DQN,deceptive_grid,3,597,47468,-22.635,35,1,0.5974,0.011679
DQN,deceptive_grid,3,598,47506,-25.735,38,1,0.597,0.011088
DQN,deceptive_grid,3,599,47535,-6.9,29,1,0.5968,0.013196
DQN,deceptive_grid,3,600,47610,-65.725,75,1,0.5962,0.015517
DQN,deceptive_grid,3,601,47683,-62.095,73,1,0.5955,0.013403
DQN,deceptive_grid,3,602,47723,-24.27,40,1,0.5952,0.012583
DQN,deceptive_grid,3,603,47776,-58.42,53,1,0.5948,0.009965
DQN,deceptive_grid,3,604,47814,-24.085,38,1,0.5944,0.008947
DQN,deceptive_grid,3,605,47819,6.54,5,1,0.5944,0.009639
DQN,deceptive_grid,3,606,47867,-30.27,48,1,0.594,0.014399
DQN,deceptive_grid,3,607,47900,-24.59,33,1,0.5937,0.011755
DQN,deceptive_grid,3,608,47919,-6.635,19,1,0.5935,0.013053
DQN,deceptive_grid,3,609,47979,-52.92,60,1,0.593,0.010762
DQN,deceptive_grid,3,610,48019,-16.69,40,1,0.5927,0.012854
DQN,deceptive_grid,3,611,48078,-44.955,59,1,0.5922,0.014001
DQN,deceptive_grid,3,612,48097,-36.105,19,1,0.592,0.013317
DQN,deceptive_grid,3,613,48136,-18.995,39,1,0.5917,0.011042
DQN,deceptive_grid,3,614,48154,-6.015,18,1,0.5916,0.010405
DQN,deceptive_grid,3,615,48186,-34.64,32,1,0.5913,0.013162
DQN,deceptive_grid,3,616,48250,-92.32,64,1,0.5907,0.01137
DQN,deceptive_grid,3,617,48252,5.505,2,1,0.5907,0.008249
DQN,deceptive_grid,3,618,48359,-113.51,107,1,0.5898,0.011618
DQN,deceptive_grid,3,619,48381,-5.365,22,1,0.5896,0.012019
DQN,deceptive_grid,3,620,48417,-17.31,36,1,0.5893,0.011272
DQN,deceptive_grid,3,621,48454,-25.55,37,1,0.589,0.010291
DQN,deceptive_grid,3,622,48539,-69.13,85,1,0.5883,0.013235
DQN,deceptive_grid,3,623,48540,10.5,1,1,0.5883,0.010367
DQN,deceptive_grid,3,624,48566,-8.145,26,1,0.5881,0.014149
DQN,deceptive_grid,3,625,48623,-57.46,57,1,0.5876,0.013471
DQN,deceptive_grid,3,626,48649,-8.065,26,1,0.5874,0.011707
DQN,deceptive_grid,3,627,48690,-22.135,41,1,0.587,0.012876
DQN,deceptive_grid,3,628,48719,-23.03,29,1,0.5868,0.009847
DQN,deceptive_grid,3,629,48759,-36.715,40,1,0.5864,0.01069
DQN,deceptive_grid,3,630,48832,-51.935,73,1,0.5858,0.011773
DQN,deceptive_grid,3,631,48864,-19.685,32,1,0.5855,0.009705
DQN,deceptive_grid,3,632,48881,-0.09,17,1,0.5854,0.008958
DQN,deceptive_grid,3,633,48933,-61.905,52,1,0.5849,0.009596
DQN,deceptive_grid,3,634,48996,-52.55,63,1,0.5844,0.010755
DQN,deceptive_grid,3,635,49006,4.135,10,1,0.5843,0.014085
DQN,deceptive_grid,3,636,49047,-27.73,41,1,0.584,0.012437
DQN,deceptive_grid,3,637,49098,-45.41,51,1,0.5835,0.011515
DQN,deceptive_grid,3,638,49143,-51.14,45,1,0.5832,0.009346
DQN,deceptive_grid,3,639,49180,-14.93,37,1,0.5828,0.010104
DQN,deceptive_grid,3,640,49195,-2.6,15,1,0.5827,0.010241
DQN,deceptive_grid,3,641,49237,-30.76,42,1,0.5824,0.010961
DQN,deceptive_grid,3,642,49304,-48.58,67,1,0.5818,0.010398
DQN,deceptive_grid,3,643,49316,-3.37,12,1,0.5817,0.010193
DQN,deceptive_grid,3,644,49379,-49.305,63,1,0.5812,0.008915
DQN,deceptive_grid,3,645,49427,-50.03,48,1,0.5808,0.009967
DQN,deceptive_grid,3,646,49456,-11.71,29,1,0.5805,0.010025
DQN,deceptive_grid,3,647,49521,-75.505,65,1,0.58,0.01034
DQN,deceptive_grid,3,648,49552,-29.545,31,1,0.5797,0.014127
DQN,deceptive_grid,3,649,49587,-17.255,35,1,0.5794,0.012571
DQN,deceptive_grid,3,650,49598,-1.89,11,1,0.5793,0.013459
DQN,deceptive_grid,3,651,49635,-30.78,37,1,0.579,0.01241
DQN,deceptive_grid,3,652,49684,-32.46,49,1,0.5786,0.014178
DQN,deceptive_grid,3,653,49704,-10.31,20,1,0.5784,0.011831
DQN,deceptive_grid,3,654,49769,-61.275,65,1,0.5779,0.011867
DQN,deceptive_grid,3,655,49799,-24.62,30,1,0.5776,0.013418
DQN,deceptive_grid,3,656,49814,0.935,15,1,0.5775,0.014324
DQN,deceptive_grid,3,657,49869,-50.345,55,1,0.577,0.013087
DQN,deceptive_grid,3,658,49957,-68.98,88,1,0.5763,0.011047
DQN,deceptive_grid,3,659,49997,-39.52,40,1,0.5759,0.010095
DQN,deceptive_grid,3,660,50005,6.13,8,1,0.5759,0.015062
DQN,deceptive_grid,3,661,50025,-4.54,20,1,0.5757,0.016413
DQN,deceptive_grid,3,662,50064,-26.85,39,1,0.5754,0.014642
DQN,deceptive_grid,3,663,50081,-1.16,17,1,0.5752,0.013358
DQN,deceptive_grid,3,664,50155,-67.955,74,1,0.5746,0.013425
DQN,deceptive_grid,3,665,50202,-34.61,47,1,0.5742,0.011568
DQN,deceptive_grid,3,666,50257,-37.69,55,1,0.5737,0.011051
DQN,deceptive_grid,3,667,50299,-29.36,42,1,0.5734,0.009997
DQN,deceptive_grid,3,668,50348,-43.015,49,1,0.5729,0.011982
DQN,deceptive_grid,3,669,50414,-50.86,66,1,0.5724,0.012151
DQN,deceptive_grid,3,670,50456,-31.52,42,1,0.572,0.01111
DQN,deceptive_grid,3,671,50501,-45.05,45,1,0.5716,0.011513
DQN,deceptive_grid,3,672,50545,-22.98,44,1,0.5713,0.013508
DQN,deceptive_grid,3,673,50571,-9.035,26,1,0.571,0.011108
DQN,deceptive_grid,3,674,50612,-28.565,41,1,0.5707,0.012714
DQN,deceptive_grid,3,675,50720,-118.605,108,1,0.5698,0.010831
DQN,deceptive_grid,3,676,50751,-16.825,31,1,0.5695,0.010958
DQN,deceptive_grid,3,677,50791,-21.805,40,1,0.5692,0.012765
DQN,deceptive_grid,3,678,50819,-11.3,28,1,0.5689,0.012063
DQN,deceptive_grid,3,679,50851,-12.83,32,1,0.5687,0.00909
DQN,deceptive_grid,3,680,50901,-42.42,50,1,0.5683,0.01022
DQN,deceptive_grid,3,681,50945,-39.215,44,1,0.5679,0.009511
DQN,deceptive_grid,3,682,50952,6.605,7,1,0.5678,0.008743
DQN,deceptive_grid,3,683,51016,-79.86,64,1,0.5673,0.009685
DQN,deceptive_grid,3,684,51096,-101.275,80,1,0.5666,0.010393
DQN,deceptive_grid,3,685,51100,9.03,4,1,0.5666,0.008999
DQN,deceptive_grid,3,686,51160,-69.12,60,1,0.5661,0.011317
DQN,deceptive_grid,3,687,51195,-26.44,35,1,0.5658,0.010382
DQN,deceptive_grid,3,688,51244,-32.12,49,1,0.5653,0.009681
DQN,deceptive_grid,3,689,51318,-54.765,74,1,0.5647,0.008454
DQN,deceptive_grid,3,690,51358,-21.45,40,1,0.5644,0.008613
DQN,deceptive_grid,3,691,51410,-42.235,52,1,0.5639,0.008085
DQN,deceptive_grid,3,692,51461,-36.835,51,1,0.5635,0.008973
DQN,deceptive_grid,3,693,51489,-10.06,28,1,0.5633,0.008559
DQN,deceptive_grid,3,694,51540,-62.94,51,1,0.5628,0.012167
DQN,deceptive_grid,3,695,51609,-62.465,69,1,0.5622,0.010456
DQN,deceptive_grid,3,696,51657,-30.61,48,1,0.5618,0.010973
DQN,deceptive_grid,3,697,51689,-17.515,32,1,0.5616,0.008644
DQN,deceptive_grid,3,698,51723,-20.8,34,1,0.5613,0.008114
DQN,deceptive_grid,3,699,51752,-22.62,29,1,0.561,0.009107
DQN,deceptive_grid,3,700,51790,-21.665,38,1,0.5607,0.0105
DQN,deceptive_grid,3,701,51856,-49.78,66,1,0.5601,0.00966
DQN,deceptive_grid,3,702,51872,-7.26,16,1,0.56,0.010281
DQN,deceptive_grid,3,703,51905,-12.74,33,1,0.5597,0.009187
DQN,deceptive_grid,3,704,51912,7.605,7,1,0.5597,0.007984
DQN,deceptive_grid,3,705,51935,-8.965,23,1,0.5595,0.007837
DQN,deceptive_grid,3,706,51983,-47.64,48,1,0.5591,0.010319
DQN,deceptive_grid,3,707,51999,-5.205,16,1,0.5589,0.010452
DQN,deceptive_grid,3,708,52046,-24.335,47,1,0.5585,0.01401
DQN,deceptive_grid,3,709,52071,-16.515,25,1,0.5583,0.012196
DQN,deceptive_grid,3,710,52089,-2.615,18,1,0.5582,0.014355
DQN,deceptive_grid,3,711,52117,-24.68,28,1,0.5579,0.011082
DQN,deceptive_grid,3,712,52194,-67.325,77,1,0.5573,0.009512
DQN,deceptive_grid,3,713,52238,-28.98,44,1,0.5569,0.010483
DQN,deceptive_grid,3,714,52273,-24.245,35,1,0.5566,0.009083
DQN,deceptive_grid,3,715,52301,-14.71,28,1,0.5564,0.0075
DQN,deceptive_grid,3,716,52321,-11.52,20,1,0.5562,0.007861
DQN,deceptive_grid,3,717,52382,-48.935,61,1,0.5557,0.008278
DQN,deceptive_grid,3,718,52398,-8.645,16,1,0.5556,0.009487
DQN,deceptive_grid,3,719,52452,-51.61,54,1,0.5551,0.00851
DQN,deceptive_grid,3,720,52496,-33.73,44,1,0.5547,0.010121
DQN,deceptive_grid,3,721,52498,10.005,2,1,0.5547,0.005039
DQN,deceptive_grid,3,722,52514,-9.645,16,1,0.5546,0.013613
DQN,deceptive_grid,3,723,52533,-7.62,19,1,0.5544,0.011368
DQN,deceptive_grid,3,724,52544,-4.3,11,1,0.5543,0.014234
DQN,deceptive_grid,3,725,52546,10.005,2,1,0.5543,0.010399
DQN,deceptive_grid,3,726,52570,-8.475,24,1,0.5541,0.011722
DQN,deceptive_grid,3,727,52599,-18.195,29,1,0.5538,0.009877
DQN,deceptive_grid,3,728,52685,-83.795,86,1,0.5531,0.009311
DQN,deceptive_grid,3,729,52698,-2.74,13,1,0.553,0.007956
DQN,deceptive_grid,3,730,52757,-59.835,59,1,0.5525,0.00806
DQN,deceptive_grid,3,731,52807,-43.425,50,1,0.5521,0.007777
DQN,deceptive_grid,3,732,52832,-13.565,25,1,0.5519,0.008193
DQN,deceptive_grid,3,733,52856,-11.92,24,1,0.5517,0.009479
DQN,deceptive_grid,3,734,52891,-17.315,35,1,0.5514,0.009594
DQN,deceptive_grid,3,735,52936,-42.83,45,1,0.551,0.00752
DQN,deceptive_grid,3,736,52968,-13.85,32,1,0.5507,0.011473
DQN,deceptive_grid,3,737,52989,-7.17,21,1,0.5505,0.009067
DQN,deceptive_grid,3,738,53005,-2.81,16,1,0.5504,0.008971
DQN,deceptive_grid,3,739,53054,-41.515,49,1,0.55,0.009655
DQN,deceptive_grid,3,740,53084,-21.885,30,1,0.5497,0.008787
DQN,deceptive_grid,3,741,53137,-33.285,53,1,0.5493,0.008564
DQN,deceptive_grid,3,742,53156,-2.955,19,1,0.5491,0.00725
DQN,deceptive_grid,3,743,53211,-40.78,55,1,0.5487,0.007741
DQN,deceptive_grid,3,744,53256,-30.185,45,1,0.5483,0.007202
DQN,deceptive_grid,3,745,53275,-3.085,19,1,0.5481,0.007844
DQN,deceptive_grid,3,746,53302,-9.735,27,1,0.5479,0.007318
DQN,deceptive_grid,3,747,53338,-25.235,36,1,0.5476,0.006695
DQN,deceptive_grid,3,748,53387,-34.365,49,1,0.5472,0.007308
DQN,deceptive_grid,3,749,53414,-20.96,27,1,0.5469,0.006685
DQN,deceptive_grid,3,750,53457,-31.86,43,1,0.5466,0.008133
DQN,deceptive_grid,3,751,53517,-52.975,60,1,0.5461,0.008257
DQN,deceptive_grid,3,752,53533,-0.57,16,1,0.5459,0.012692
DQN,deceptive_grid,3,753,53548,-5.815,15,1,0.5458,0.008866
DQN,deceptive_grid,3,754,53593,-27.91,45,1,0.5454,0.009866
DQN,deceptive_grid,3,755,53639,-36.65,46,1,0.545,0.011898
DQN,deceptive_grid,3,756,53692,-40.98,53,1,0.5446,0.007798
DQN,deceptive_grid,3,757,53698,7.055,6,1,0.5445,0.010933
DQN,deceptive_grid,3,758,53759,-51.325,61,1,0.544,0.008423
DQN,deceptive_grid,3,759,53801,-29.99,42,1,0.5437,0.008004
DQN,deceptive_grid,3,760,53802,10.5,1,1,0.5436,0.008137
DQN,deceptive_grid,3,761,53836,-19.455,34,1,0.5434,0.007454
DQN,deceptive_grid,3,762,53888,-37.58,52,1,0.5429,0.007027
DQN,deceptive_grid,3,763,53936,-34.845,48,1,0.5425,0.007715
DQN,deceptive_grid,3,764,53989,-40.0,53,1,0.5421,0.007302
DQN,deceptive_grid,3,765,54024,-45.065,35,1,0.5418,0.010172
DQN,deceptive_grid,3,766,54046,-25.0,22,1,0.5416,0.012108
DQN,deceptive_grid,3,767,54064,-1.435,18,1,0.5414,0.015917
DQN,deceptive_grid,3,768,54081,-11.275,17,1,0.5413,0.012175
DQN,deceptive_grid,3,769,54124,-35.915,43,1,0.5409,0.008324
DQN,deceptive_grid,3,770,54162,-27.62,38,1,0.5406,0.010636
DQN,deceptive_grid,3,771,54180,-15.065,18,1,0.5404,0.009958
DQN,deceptive_grid,3,772,54225,-23.91,45,1,0.5401,0.009624
DQN,deceptive_grid,3,773,54284,-54.885,59,1,0.5396,0.008982
DQN,deceptive_grid,3,774,54291,6.605,7,1,0.5395,0.00965
DQN,deceptive_grid,3,775,54326,-28.84,35,1,0.5392,0.006628
DQN,deceptive_grid,3,776,54343,-12.34,17,1,0.5391,0.005787
DQN,deceptive_grid,3,777,54366,-1.495,23,1,0.5389,0.005574
DQN,deceptive_grid,3,778,54389,-22.875,23,1,0.5387,0.007614
DQN,deceptive_grid,3,779,54393,9.03,4,1,0.5386,0.006693
DQN,deceptive_grid,3,780,54420,-16.745,27,1,0.5384,0.008124
DQN,deceptive_grid,3,781,54458,-21.645,38,1,0.5381,0.00766
DQN,deceptive_grid,3,782,54486,-9.18,28,1,0.5378,0.006894
DQN,deceptive_grid,3,783,54507,-17.53,21,1,0.5377,0.008365
DQN,deceptive_grid,3,784,54518,2.605,11,1,0.5376,0.011048
DQN,deceptive_grid,3,785,54527,3.62,9,1,0.5375,0.010283
DQN,deceptive_grid,3,786,54569,-30.45,42,1,0.5371,0.009427
DQN,deceptive_grid,3,787,54637,-56.2,68,1,0.5366,0.008522
DQN,deceptive_grid,3,788,54666,-17.395,29,1,0.5363,0.008818
DQN,deceptive_grid,3,789,54720,-49.435,54,1,0.5359,0.008194
DQN,deceptive_grid,3,790,54755,-17.5,35,1,0.5356,0.007299
DQN,deceptive_grid,3,791,54773,-12.81,18,1,0.5354,0.00646
DQN,deceptive_grid,3,792,54809,-25.37,36,1,0.5351,0.006085
DQN,deceptive_grid,3,793,54817,2.64,8,1,0.535,0.00916
DQN,deceptive_grid,3,794,54860,-34.235,43,1,0.5347,0.006861
DQN,deceptive_grid,3,795,54891,-29.58,31,1,0.5344,0.006078
DQN,deceptive_grid,3,796,54916,-7.62,25,1,0.5342,0.006864
DQN,deceptive_grid,3,797,54951,-32.1,35,1,0.5339,0.005874
DQN,deceptive_grid,3,798,54959,6.14,8,1,0.5338,0.005725
DQN,deceptive_grid,3,799,54984,-16.695,25,1,0.5336,0.006625
DQN,deceptive_grid,3,800,55038,-55.84,54,1,0.5332,0.008615
DuelingDQN,deceptive_grid,3,1,200,-301.65,200,0,0.9983,
DuelingDQN,deceptive_grid,3,2,400,-309.97,200,0,0.9966,
DuelingDQN,deceptive_grid,3,3,600,-217.055,200,0,0.9949,
DuelingDQN,deceptive_grid,3,4,800,-240.035,200,0,0.9932,
DuelingDQN,deceptive_grid,3,5,1000,-308.5,200,0,0.9915,0.886267
DuelingDQN,deceptive_grid,3,6,1200,-245.12,200,0,0.9898,0.162117
DuelingDQN,deceptive_grid,3,7,1361,-242.935,161,1,0.9885,0.013356
DuelingDQN,deceptive_grid,3,8,1561,-253.05,200,0,0.9868,0.017832
DuelingDQN,deceptive_grid,3,9,1761,-270.375,200,0,0.9851,0.012177
DuelingDQN,deceptive_grid,3,10,1961,-259.025,200,0,0.9834,0.008062
DuelingDQN,deceptive_grid,3,11,2161,-310.97,200,0,0.9817,0.017644
DuelingDQN,deceptive_grid,3,12,2361,-212.915,200,0,0.98,0.00225
DuelingDQN,deceptive_grid,3,13,2561,-255.09,200,0,0.9783,0.013854
DuelingDQN,deceptive_grid,3,14,2761,-309.405,200,0,0.9766,0.006002
DuelingDQN,deceptive_grid,3,15,2961,-272.92,200,0,0.9749,0.005116
DuelingDQN,deceptive_grid,3,16,3161,-212.99,200,0,0.9732,0.025479
DuelingDQN,deceptive_grid,3,17,3361,-296.68,200,0,0.9715,0.008865
DuelingDQN,deceptive_grid,3,18,3561,-253.945,200,0,0.9698,0.022066
DuelingDQN,deceptive_grid,3,19,3761,-277.185,200,0,0.9681,0.011507
DuelingDQN,deceptive_grid,3,20,3961,-245.48,200,0,0.9664,0.007722
DuelingDQN,deceptive_grid,3,21,4161,-248.525,200,0,0.9647,0.036751
DuelingDQN,deceptive_grid,3,22,4361,-218.625,200,0,0.963,0.012816
DuelingDQN,deceptive_grid,3,23,4561,-238.585,200,0,0.9613,0.04197
DuelingDQN,deceptive_grid,3,24,4761,-243.78,200,0,0.9596,0.024945
DuelingDQN,deceptive_grid,3,25,4961,-211.005,200,0,0.9579,0.007926
DuelingDQN,deceptive_grid,3,26,5161,-275.23,200,0,0.9562,0.057289
DuelingDQN,deceptive_grid,3,27,5361,-238.7,200,0,0.9545,0.013292
DuelingDQN,deceptive_grid,3,28,5561,-217.08,200,0,0.9528,0.045529
DuelingDQN,deceptive_grid,3,29,5761,-222.755,200,0,0.9511,0.028266
DuelingDQN,deceptive_grid,3,30,5961,-264.61,200,0,0.9494,0.008097
DuelingDQN,deceptive_grid,3,31,6161,-254.585,200,0,0.9477,0.077114
DuelingDQN,deceptive_grid,3,32,6361,-250.12,200,0,0.9461,0.014411
DuelingDQN,deceptive_grid,3,33,6561,-313.86,200,0,0.9444,0.058356
DuelingDQN,deceptive_grid,3,34,6712,-162.815,151,1,0.9431,0.034522
DuelingDQN,deceptive_grid,3,35,6912,-234.32,200,0,0.9414,0.014033
DuelingDQN,deceptive_grid,3,36,7112,-250.795,200,0,0.9397,0.072498
DuelingDQN,deceptive_grid,3,37,7312,-393.145,200,0,0.938,0.020838
DuelingDQN,deceptive_grid,3,38,7512,-255.15,200,0,0.9363,0.025559
DuelingDQN,deceptive_grid,3,39,7530,-3.625,18,1,0.9361,0.205275
DuelingDQN,deceptive_grid,3,40,7730,-219.45,200,0,0.9344,0.040901
DuelingDQN,deceptive_grid,3,41,7925,-262.11,195,1,0.9328,0.0118
DuelingDQN,deceptive_grid,3,42,8125,-218.35,200,0,0.9311,0.063605
DuelingDQN,deceptive_grid,3,43,8325,-231.63,200,0,0.9294,0.018678
DuelingDQN,deceptive_grid,3,44,8385,-82.26,60,1,0.9289,0.009711
DuelingDQN,deceptive_grid,3,45,8450,-66.58,65,1,0.9283,0.007664
DuelingDQN,deceptive_grid,3,46,8650,-219.405,200,0,0.9266,0.064554
DuelingDQN,deceptive_grid,3,47,8747,-87.065,97,1,0.9258,0.02493
DuelingDQN,deceptive_grid,3,48,8854,-105.87,107,1,0.9249,0.014992
DuelingDQN,deceptive_grid,3,49,9054,-269.725,200,0,0.9232,0.054961
DuelingDQN,deceptive_grid,3,50,9084,-14.465,30,1,0.923,0.092348
DuelingDQN,deceptive_grid,3,51,9284,-276.025,200,0,0.9213,0.026694
DuelingDQN,deceptive_grid,3,52,9484,-251.135,200,0,0.9196,0.010016
DuelingDQN,deceptive_grid,3,53,9620,-149.335,136,1,0.9184,0.117106
DuelingDQN,deceptive_grid,3,54,9820,-229.925,200,0,0.9167,0.028981
DuelingDQN,deceptive_grid,3,55,10020,-277.39,200,0,0.915,0.032586
DuelingDQN,deceptive_grid,3,56,10039,-4.125,19,1,0.9149,0.140077
DuelingDQN,deceptive_grid,3,57,10239,-202.945,200,0,0.9132,0.044263
DuelingDQN,deceptive_grid,3,58,10419,-206.785,180,1,0.9116,0.010131
DuelingDQN,deceptive_grid,3,59,10619,-203.84,200,0,0.9099,0.073857
DuelingDQN,deceptive_grid,3,60,10819,-270.99,200,0,0.9082,0.024958
DuelingDQN,deceptive_grid,3,61,10953,-171.44,134,1,0.9071,0.009638
DuelingDQN,deceptive_grid,3,62,11153,-228.725,200,0,0.9054,0.082068
DuelingDQN,deceptive_grid,3,63,11353,-235.445,200,0,0.9037,0.016941
DuelingDQN,deceptive_grid,3,64,11553,-238.795,200,0,0.902,0.064597
DuelingDQN,deceptive_grid,3,65,11594,-28.68,41,1,0.9017,0.063332
DuelingDQN,deceptive_grid,3,66,11744,-190.675,150,1,0.9004,0.019756
DuelingDQN,deceptive_grid,3,67,11930,-211.805,186,1,0.8988,0.009978
DuelingDQN,deceptive_grid,3,68,11986,-79.185,56,1,0.8983,0.004366
DuelingDQN,deceptive_grid,3,69,12113,-133.055,127,1,0.8973,0.084337
DuelingDQN,deceptive_grid,3,70,12313,-217.82,200,0,0.8956,0.014138
DuelingDQN,deceptive_grid,3,71,12513,-275.905,200,0,0.8939,0.020918
DuelingDQN,deceptive_grid,3,72,12713,-218.07,200,0,0.8922,0.039693
DuelingDQN,deceptive_grid,3,73,12913,-239.18,200,0,0.8905,0.008424
DuelingDQN,deceptive_grid,3,74,13113,-225.845,200,0,0.8888,0.037898
DuelingDQN,deceptive_grid,3,75,13313,-223.09,200,0,0.8871,0.013434
DuelingDQN,deceptive_grid,3,76,13384,-70.31,71,1,0.8865,0.004621
DuelingDQN,deceptive_grid,3,77,13584,-228.985,200,0,0.8848,0.030597
DuelingDQN,deceptive_grid,3,78,13634,-49.415,50,1,0.8844,0.02097
DuelingDQN,deceptive_grid,3,79,13834,-250.65,200,0,0.8827,0.006263
DuelingDQN,deceptive_grid,3,80,14034,-198.915,200,0,0.881,0.013542
DuelingDQN,deceptive_grid,3,81,14234,-214.215,200,0,0.8793,0.013634
DuelingDQN,deceptive_grid,3,82,14260,-10.365,26,1,0.8791,0.004285
DuelingDQN,deceptive_grid,3,83,14333,-78.21,73,1,0.8784,0.003768
DuelingDQN,deceptive_grid,3,84,14458,-144.09,125,1,0.8774,0.002986
DuelingDQN,deceptive_grid,3,85,14658,-279.53,200,0,0.8757,0.022516
DuelingDQN,deceptive_grid,3,86,14796,-149.265,138,1,0.8745,0.007644
DuelingDQN,deceptive_grid,3,87,14996,-222.41,200,0,0.8728,0.002916
DuelingDQN,deceptive_grid,3,88,15115,-128.45,119,1,0.8718,0.039287
DuelingDQN,deceptive_grid,3,89,15143,-15.51,28,1,0.8716,0.013906
DuelingDQN,deceptive_grid,3,90,15330,-246.03,187,1,0.87,0.006256
DuelingDQN,deceptive_grid,3,91,15363,-29.175,33,1,0.8697,0.003014
DuelingDQN,deceptive_grid,3,92,15372,5.65,9,1,0.8696,0.003235
DuelingDQN,deceptive_grid,3,93,15572,-284.02,200,0,0.8679,0.014373
DuelingDQN,deceptive_grid,3,94,15603,-22.97,31,1,0.8677,0.018405
DuelingDQN,deceptive_grid,3,95,15803,-239.995,200,0,0.866,0.007313
DuelingDQN,deceptive_grid,3,96,16003,-206.12,200,0,0.8643,0.004769
DuelingDQN,deceptive_grid,3,97,16203,-301.19,200,0,0.8626,0.022421
DuelingDQN,deceptive_grid,3,98,16205,10.005,2,1,0.8626,0.004569
DuelingDQN,deceptive_grid,3,99,16340,-136.5,135,1,0.8614,0.004035
DuelingDQN,deceptive_grid,3,100,16540,-206.865,200,0,0.8597,0.010663
DuelingDQN,deceptive_grid,3,101,16581,-42.825,41,1,0.8594,0.01816
DuelingDQN,deceptive_grid,3,102,16621,-40.945,40,1,0.859,0.010936
DuelingDQN,deceptive_grid,3,103,16796,-181.03,175,1,0.8575,0.004579
DuelingDQN,deceptive_grid,3,104,16996,-319.1,200,0,0.8558,0.002037
DuelingDQN,deceptive_grid,3,105,17146,-163.35,150,1,0.8546,0.025439
DuelingDQN,deceptive_grid,3,106,17346,-260.83,200,0,0.8529,0.003212
DuelingDQN,deceptive_grid,3,107,17359,-12.9,13,1,0.8528,0.001816
DuelingDQN,deceptive_grid,3,108,17455,-112.165,96,1,0.852,0.001595
DuelingDQN,deceptive_grid,3,109,17501,-39.49,46,1,0.8516,0.00598
DuelingDQN,deceptive_grid,3,110,17521,-5.55,20,1,0.8514,0.040549
DuelingDQN,deceptive_grid,3,111,17721,-223.015,200,0,0.8497,0.011903
DuelingDQN,deceptive_grid,3,112,17847,-138.56,126,1,0.8486,0.00312
DuelingDQN,deceptive_grid,3,113,17934,-93.19,87,1,0.8479,0.001595
DuelingDQN,deceptive_grid,3,114,18019,-98.11,85,1,0.8472,0.01053
DuelingDQN,deceptive_grid,3,115,18089,-66.73,70,1,0.8466,0.021738
DuelingDQN,deceptive_grid,3,116,18162,-77.15,73,1,0.846,0.008669
DuelingDQN,deceptive_grid,3,117,18337,-195.395,175,1,0.8445,0.004553
DuelingDQN,deceptive_grid,3,118,18399,-56.485,62,1,0.8439,0.002257
DuelingDQN,deceptive_grid,3,119,18422,-11.34,23,1,0.8438,0.001901
DuelingDQN,deceptive_grid,3,120,18517,-83.965,95,1,0.8429,0.008617
DuelingDQN,deceptive_grid,3,121,18520,8.515,3,1,0.8429,0.027481
DuelingDQN,deceptive_grid,3,122,18677,-151.665,157,1,0.8416,0.012135
DuelingDQN,deceptive_grid,3,123,18793,-122.82,116,1,0.8406,0.003816
DuelingDQN,deceptive_grid,3,124,18828,-20.745,35,1,0.8403,0.002705
DuelingDQN,deceptive_grid,3,125,18946,-136.195,118,1,0.8393,0.003246
DuelingDQN,deceptive_grid,3,126,18959,-7.295,13,1,0.8392,0.00427
DuelingDQN,deceptive_grid,3,127,19040,-92.795,81,1,0.8385,0.019725
DuelingDQN,deceptive_grid,3,128,19139,-114.215,99,1,0.8377,0.015595
DuelingDQN,deceptive_grid,3,129,19166,-22.45,27,1,0.8374,0.008082
DuelingDQN,deceptive_grid,3,130,19177,2.615,11,1,0.8373,0.006118
DuelingDQN,deceptive_grid,3,131,19226,-32.985,49,1,0.8369,0.004638
DuelingDQN,deceptive_grid,3,132,19368,-212.87,142,1,0.8357,0.002425
DuelingDQN,deceptive_grid,3,133,19469,-93.775,101,1,0.8349,0.001202
DuelingDQN,deceptive_grid,3,134,19519,-44.63,50,1,0.8344,0.012893
DuelingDQN,deceptive_grid,3,135,19719,-269.61,200,0,0.8327,0.013806
DuelingDQN,deceptive_grid,3,136,19847,-146.135,128,1,0.8317,0.002502
DuelingDQN,deceptive_grid,3,137,19866,-6.345,19,1,0.8315,0.001096
DuelingDQN,deceptive_grid,3,138,19890,-14.12,24,1,0.8313,0.001255
DuelingDQN,deceptive_grid,3,139,19928,-48.49,38,1,0.831,0.001327
DuelingDQN,deceptive_grid,3,140,19984,-53.505,56,1,0.8305,0.001091
DuelingDQN,deceptive_grid,3,141,19992,-2.915,8,1,0.8304,0.001034
DuelingDQN,deceptive_grid,3,142,20192,-262.495,200,0,0.8287,0.012457
DuelingDQN,deceptive_grid,3,143,20392,-232.89,200,0,0.827,0.002858
DuelingDQN,deceptive_grid,3,144,20397,7.53,5,1,0.827,0.001779
DuelingDQN,deceptive_grid,3,145,20536,-156.14,139,1,0.8258,0.005873
DuelingDQN,deceptive_grid,3,146,20593,-51.54,57,1,0.8253,0.011556
DuelingDQN,deceptive_grid,3,147,20720,-118.985,127,1,0.8243,0.004404
DuelingDQN,deceptive_grid,3,148,20781,-84.305,61,1,0.8237,0.002414
DuelingDQN,deceptive_grid,3,149,20800,-6.235,19,1,0.8236,0.002391
DuelingDQN,deceptive_grid,3,150,20880,-81.57,80,1,0.8229,0.001319
DuelingDQN,deceptive_grid,3,151,20979,-87.055,99,1,0.8221,0.000952
DuelingDQN,deceptive_grid,3,152,21157,-160.51,178,1,0.8206,0.008785
DuelingDQN,deceptive_grid,3,153,21330,-211.56,173,1,0.8191,0.002815
DuelingDQN,deceptive_grid,3,154,21530,-231.2,200,0,0.8174,0.002313
DuelingDQN,deceptive_grid,3,155,21583,-42.095,53,1,0.8169,0.007242
DuelingDQN,deceptive_grid,3,156,21783,-251.26,200,0,0.8152,0.003689
DuelingDQN,deceptive_grid,3,157,21840,-65.325,57,1,0.8148,0.001855
DuelingDQN,deceptive_grid,3,158,22012,-183.775,172,1,0.8133,0.002055
DuelingDQN,deceptive_grid,3,159,22124,-113.93,112,1,0.8123,0.006744
DuelingDQN,deceptive_grid,3,160,22161,-32.055,37,1,0.812,0.003824
DuelingDQN,deceptive_grid,3,161,22281,-137.095,120,1,0.811,0.002756
DuelingDQN,deceptive_grid,3,162,22341,-36.18,60,1,0.8105,0.002406
DuelingDQN,deceptive_grid,3,163,22476,-127.035,135,1,0.8094,0.00211
DuelingDQN,deceptive_grid,3,164,22544,-52.935,68,1,0.8088,0.005383
DuelingDQN,deceptive_grid,3,165,22617,-71.525,73,1,0.8082,0.00503
DuelingDQN,deceptive_grid,3,166,22675,-40.625,58,1,0.8077,0.004672
DuelingDQN,deceptive_grid,3,167,22793,-106.105,118,1,0.8067,0.003549
DuelingDQN,deceptive_grid,3,168,22812,-10.715,19,1,0.8065,0.001622
DuelingDQN,deceptive_grid,3,169,22855,-31.975,43,1,0.8061,0.001395
DuelingDQN,deceptive_grid,3,170,22881,-24.045,26,1,0.8059,0.001151
DuelingDQN,deceptive_grid,3,171,23012,-151.0,131,1,0.8048,0.001798
DuelingDQN,deceptive_grid,3,172,23212,-238.105,200,0,0.8031,0.006901
DuelingDQN,deceptive_grid,3,173,23323,-128.45,111,1,0.8022,0.002334
DuelingDQN,deceptive_grid,3,174,23523,-235.495,200,0,0.8005,0.001622
DuelingDQN,deceptive_grid,3,175,23569,-34.675,46,1,0.8001,0.006409
DuelingDQN,deceptive_grid,3,176,23627,-82.065,58,1,0.7996,0.004398
DuelingDQN,deceptive_grid,3,177,23671,-38.46,44,1,0.7992,0.003372
DuelingDQN,deceptive_grid,3,178,23754,-80.295,83,1,0.7985,0.002071
DuelingDQN,deceptive_grid,3,179,23777,-19.39,23,1,0.7983,0.001262
DuelingDQN,deceptive_grid,3,180,23896,-152.385,119,1,0.7973,0.000853
DuelingDQN,deceptive_grid,3,181,23947,-64.795,51,1,0.7969,0.00063
DuelingDQN,deceptive_grid,3,182,23975,-11.08,28,1,0.7966,0.000615
DuelingDQN,deceptive_grid,3,183,24076,-101.405,101,1,0.7958,0.006112
DuelingDQN,deceptive_grid,3,184,24194,-99.625,118,1,0.7948,0.005681
DuelingDQN,deceptive_grid,3,185,24339,-130.705,145,1,0.7936,0.003022
DuelingDQN,deceptive_grid,3,186,24376,-25.105,37,1,0.7932,0.001675
DuelingDQN,deceptive_grid,3,187,24446,-65.15,70,1,0.7927,0.001141
DuelingDQN,deceptive_grid,3,188,24490,-47.34,44,1,0.7923,0.001159
DuelingDQN,deceptive_grid,3,189,24531,-40.18,41,1,0.7919,0.004754
DuelingDQN,deceptive_grid,3,190,24690,-161.59,159,1,0.7906,0.00378
DuelingDQN,deceptive_grid,3,191,24747,-41.405,57,1,0.7901,0.003104
DuelingDQN,deceptive_grid,3,192,24853,-115.59,106,1,0.7892,0.003379
DuelingDQN,deceptive_grid,3,193,24922,-56.08,69,1,0.7886,0.001789
DuelingDQN,deceptive_grid,3,194,25092,-157.84,170,1,0.7872,0.003995
DuelingDQN,deceptive_grid,3,195,25155,-48.91,63,1,0.7866,0.003355
DuelingDQN,deceptive_grid,3,196,25278,-132.4,123,1,0.7856,0.002076
DuelingDQN,deceptive_grid,3,197,25357,-71.78,79,1,0.7849,0.001687
DuelingDQN,deceptive_grid,3,198,25416,-50.42,59,1,0.7844,0.000819
DuelingDQN,deceptive_grid,3,199,25451,-25.62,35,1,0.7841,0.000646
DuelingDQN,deceptive_grid,3,200,25581,-122.2,130,1,0.783,0.003052
DuelingDQN,deceptive_grid,3,201,25612,-25.02,31,1,0.7828,0.003666
DuelingDQN,deceptive_grid,3,202,25655,-31.56,43,1,0.7824,0.00299
DuelingDQN,deceptive_grid,3,203,25714,-56.405,59,1,0.7819,0.003755
DuelingDQN,deceptive_grid,3,204,25805,-78.9,91,1,0.7811,0.002392
DuelingDQN,deceptive_grid,3,205,25823,-9.575,18,1,0.781,0.001413
DuelingDQN,deceptive_grid,3,206,25869,-50.415,46,1,0.7806,0.001939
DuelingDQN,deceptive_grid,3,207,25916,-39.14,47,1,0.7802,0.001919
DuelingDQN,deceptive_grid,3,208,26005,-100.425,89,1,0.7794,0.002392
DuelingDQN,deceptive_grid,3,209,26031,-13.9,26,1,0.7792,0.009178
DuelingDQN,deceptive_grid,3,210,26077,-31.705,46,1,0.7788,0.006666
DuelingDQN,deceptive_grid,3,211,26107,-16.32,30,1,0.7786,0.005146
DuelingDQN,deceptive_grid,3,212,26289,-174.905,182,1,0.777,0.00233
DuelingDQN,deceptive_grid,3,213,26381,-82.02,92,1,0.7762,0.001398
DuelingDQN,deceptive_grid,3,214,26426,-26.77,45,1,0.7759,0.000932
DuelingDQN,deceptive_grid,3,215,26592,-174.73,166,1,0.7745,0.003868
DuelingDQN,deceptive_grid,3,216,26684,-78.855,92,1,0.7737,0.005425
DuelingDQN,deceptive_grid,3,217,26750,-68.335,66,1,0.7731,0.003101
DuelingDQN,deceptive_grid,3,218,26805,-53.18,55,1,0.7726,0.002054
DuelingDQN,deceptive_grid,3,219,26820,-11.735,15,1,0.7725,0.00133
DuelingDQN,deceptive_grid,3,220,26938,-118.075,118,1,0.7715,0.00087
DuelingDQN,deceptive_grid,3,221,27014,-58.82,76,1,0.7709,0.001651
DuelingDQN,deceptive_grid,3,222,27030,-15.355,16,1,0.7707,0.004048
DuelingDQN,deceptive_grid,3,223,27170,-113.97,140,1,0.7695,0.003708
DuelingDQN,deceptive_grid,3,224,27226,-49.46,56,1,0.7691,0.003051
DuelingDQN,deceptive_grid,3,225,27426,-229.455,200,0,0.7674,0.001606
DuelingDQN,deceptive_grid,3,226,27492,-52.82,66,1,0.7668,0.000779
DuelingDQN,deceptive_grid,3,227,27546,-67.95,54,1,0.7664,0.002941
DuelingDQN,deceptive_grid,3,228,27661,-128.025,115,1,0.7654,0.002065
DuelingDQN,deceptive_grid,3,229,27702,-36.67,41,1,0.765,0.001335
DuelingDQN,deceptive_grid,3,230,27830,-126.29,128,1,0.764,0.000915
DuelingDQN,deceptive_grid,3,231,27898,-65.315,68,1,0.7634,0.000897
DuelingDQN,deceptive_grid,3,232,28071,-211.985,173,1,0.7619,0.002894
DuelingDQN,deceptive_grid,3,233,28126,-41.51,55,1,0.7614,0.003773
DuelingDQN,deceptive_grid,3,234,28257,-132.595,131,1,0.7603,0.00271
DuelingDQN,deceptive_grid,3,235,28335,-74.11,78,1,0.7597,0.001844
DuelingDQN,deceptive_grid,3,236,28365,-36.035,30,1,0.7594,0.001037
DuelingDQN,deceptive_grid,3,237,28373,4.07,8,1,0.7593,0.000971
DuelingDQN,deceptive_grid,3,238,28438,-69.755,65,1,0.7588,0.001016
DuelingDQN,deceptive_grid,3,239,28531,-93.605,93,1,0.758,0.002639
DuelingDQN,deceptive_grid,3,240,28625,-102.08,94,1,0.7572,0.007089
DuelingDQN,deceptive_grid,3,241,28712,-84.78,87,1,0.7565,0.003788
DuelingDQN,deceptive_grid,3,242,28743,-29.845,31,1,0.7562,0.002429
DuelingDQN,deceptive_grid,3,243,28851,-93.495,108,1,0.7553,0.001192
DuelingDQN,deceptive_grid,3,244,28865,-0.855,14,1,0.7552,0.001237
DuelingDQN,deceptive_grid,3,245,28894,-21.7,29,1,0.7549,0.001146
DuelingDQN,deceptive_grid,3,246,29034,-185.47,140,1,0.7537,0.002027
DuelingDQN,deceptive_grid,3,247,29079,-44.18,45,1,0.7534,0.003921
DuelingDQN,deceptive_grid,3,248,29099,-5.6,20,1,0.7532,0.00243
DuelingDQN,deceptive_grid,3,249,29136,-26.34,37,1,0.7529,0.002976
DuelingDQN,deceptive_grid,3,250,29333,-227.545,197,1,0.7512,0.002546
DuelingDQN,deceptive_grid,3,251,29372,-23.945,39,1,0.7509,0.001358
DuelingDQN,deceptive_grid,3,252,29471,-80.58,99,1,0.75,0.001287
DuelingDQN,deceptive_grid,3,253,29555,-86.12,84,1,0.7493,0.004406
DuelingDQN,deceptive_grid,3,254,29605,-30.975,50,1,0.7489,0.004877
DuelingDQN,deceptive_grid,3,255,29613,6.14,8,1,0.7488,0.004154
DuelingDQN,deceptive_grid,3,256,29679,-53.905,66,1,0.7483,0.002776
DuelingDQN,deceptive_grid,3,257,29720,-24.195,41,1,0.7479,0.002592
DuelingDQN,deceptive_grid,3,258,29920,-199.655,200,0,0.7462,0.001185
DuelingDQN,deceptive_grid,3,259,30002,-79.265,82,1,0.7455,0.00065
DuelingDQN,deceptive_grid,3,260,30051,-46.145,49,1,0.7451,0.004331
DuelingDQN,deceptive_grid,3,261,30099,-37.885,48,1,0.7447,0.004604
DuelingDQN,deceptive_grid,3,262,30179,-80.575,80,1,0.744,0.003478
DuelingDQN,deceptive_grid,3,263,30240,-61.72,61,1,0.7435,0.003124
DuelingDQN,deceptive_grid,3,264,30326,-94.365,86,1,0.7428,0.001905
DuelingDQN,deceptive_grid,3,265,30380,-47.325,54,1,0.7423,0.001386
DuelingDQN,deceptive_grid,3,266,30470,-78.49,90,1,0.7416,0.00116
DuelingDQN,deceptive_grid,3,267,30655,-195.985,185,1,0.74,0.003376
DuelingDQN,deceptive_grid,3,268,30755,-99.78,100,1,0.7391,0.00235
DuelingDQN,deceptive_grid,3,269,30858,-113.555,103,1,0.7383,0.001286
DuelingDQN,deceptive_grid,3,270,30949,-80.67,91,1,0.7375,0.001315
DuelingDQN,deceptive_grid,3,271,30991,-34.15,42,1,0.7371,0.001234
DuelingDQN,deceptive_grid,3,272,31043,-49.96,52,1,0.7367,0.00347
DuelingDQN,deceptive_grid,3,273,31104,-61.29,61,1,0.7362,0.003615
DuelingDQN,deceptive_grid,3,274,31243,-145.38,139,1,0.735,0.001968
DuelingDQN,deceptive_grid,3,275,31309,-82.325,66,1,0.7344,0.001329
DuelingDQN,deceptive_grid,3,276,31351,-29.715,42,1,0.7341,0.00114
DuelingDQN,deceptive_grid,3,277,31436,-68.525,85,1,0.7334,0.001482
DuelingDQN,deceptive_grid,3,278,31486,-38.615,50,1,0.7329,0.001914
DuelingDQN,deceptive_grid,3,279,31535,-49.33,49,1,0.7325,0.003739
DuelingDQN,deceptive_grid,3,280,31589,-47.405,54,1,0.7321,0.004682
DuelingDQN,deceptive_grid,3,281,31644,-43.815,55,1,0.7316,0.002549
DuelingDQN,deceptive_grid,3,282,31746,-111.92,102,1,0.7307,0.002106
DuelingDQN,deceptive_grid,3,283,31786,-26.51,40,1,0.7304,0.002089
DuelingDQN,deceptive_grid,3,284,31808,-6.565,22,1,0.7302,0.001776
DuelingDQN,deceptive_grid,3,285,31876,-52.85,68,1,0.7296,0.001534
DuelingDQN,deceptive_grid,3,286,31937,-50.52,61,1,0.7291,0.001312
DuelingDQN,deceptive_grid,3,287,31985,-56.195,48,1,0.7287,0.002398
DuelingDQN,deceptive_grid,3,288,32054,-60.41,69,1,0.7281,0.005285
DuelingDQN,deceptive_grid,3,289,32079,-28.05,25,1,0.7279,0.004447
DuelingDQN,deceptive_grid,3,290,32102,-11.48,23,1,0.7277,0.002966
DuelingDQN,deceptive_grid,3,291,32117,-6.09,15,1,0.7276,0.002778
DuelingDQN,deceptive_grid,3,292,32212,-86.9,95,1,0.7268,0.00276
DuelingDQN,deceptive_grid,3,293,32238,-14.98,26,1,0.7266,0.001521
DuelingDQN,deceptive_grid,3,294,32318,-67.545,80,1,0.7259,0.001124
DuelingDQN,deceptive_grid,3,295,32367,-28.06,49,1,0.7255,0.001228
DuelingDQN,deceptive_grid,3,296,32448,-87.905,81,1,0.7248,0.000796
DuelingDQN,deceptive_grid,3,297,32526,-72.155,78,1,0.7241,0.001664
DuelingDQN,deceptive_grid,3,298,32592,-58.305,66,1,0.7236,0.005221
DuelingDQN,deceptive_grid,3,299,32626,-23.03,34,1,0.7233,0.003158
DuelingDQN,deceptive_grid,3,300,32672,-37.045,46,1,0.7229,0.002143
DuelingDQN,deceptive_grid,3,301,32723,-44.725,51,1,0.7224,0.001385
DuelingDQN,deceptive_grid,3,302,32741,-5.065,18,1,0.7223,0.001215
DuelingDQN,deceptive_grid,3,303,32805,-68.53,64,1,0.7218,0.001165
DuelingDQN,deceptive_grid,3,304,32847,-44.97,42,1,0.7214,0.001041
DuelingDQN,deceptive_grid,3,305,32874,-18.68,27,1,0.7212,0.000734
DuelingDQN,deceptive_grid,3,306,32945,-51.465,71,1,0.7206,0.000704
DuelingDQN,deceptive_grid,3,307,32954,-0.94,9,1,0.7205,0.000702
DuelingDQN,deceptive_grid,3,308,33016,-55.63,62,1,0.72,0.001318
DuelingDQN,deceptive_grid,3,309,33048,-24.105,32,1,0.7197,0.003553
DuelingDQN,deceptive_grid,3,310,33164,-141.11,116,1,0.7187,0.00239
DuelingDQN,deceptive_grid,3,311,33247,-89.165,83,1,0.718,0.001818
DuelingDQN,deceptive_grid,3,312,33265,-1.545,18,1,0.7179,0.001918
DuelingDQN,deceptive_grid,3,313,33327,-62.41,62,1,0.7173,0.001296
DuelingDQN,deceptive_grid,3,314,33353,-12.895,26,1,0.7171,0.001059
DuelingDQN,deceptive_grid,3,315,33462,-125.96,109,1,0.7162,0.001518
DuelingDQN,deceptive_grid,3,316,33528,-65.555,66,1,0.7156,0.003417
DuelingDQN,deceptive_grid,3,317,33559,-26.165,31,1,0.7154,0.007196
DuelingDQN,deceptive_grid,3,318,33637,-86.72,78,1,0.7147,0.004925
DuelingDQN,deceptive_grid,3,319,33724,-81.23,87,1,0.714,0.003012
DuelingDQN,deceptive_grid,3,320,33779,-44.99,55,1,0.7135,0.001893
DuelingDQN,deceptive_grid,3,321,33841,-66.49,62,1,0.713,0.001291
DuelingDQN,deceptive_grid,3,322,33921,-81.41,80,1,0.7123,0.001036
DuelingDQN,deceptive_grid,3,323,33928,5.555,7,1,0.7122,0.001304
DuelingDQN,deceptive_grid,3,324,33958,-22.51,30,1,0.712,0.001557
DuelingDQN,deceptive_grid,3,325,34043,-82.59,85,1,0.7113,0.003098
DuelingDQN,deceptive_grid,3,326,34167,-105.38,124,1,0.7102,0.002782
DuelingDQN,deceptive_grid,3,327,34192,-8.79,25,1,0.71,0.001495
DuelingDQN,deceptive_grid,3,328,34235,-42.325,43,1,0.7096,0.001208
DuelingDQN,deceptive_grid,3,329,34262,-20.975,27,1,0.7094,0.001037
DuelingDQN,deceptive_grid,3,330,34282,-3.4,20,1,0.7092,0.001189
DuelingDQN,deceptive_grid,3,331,34361,-84.52,79,1,0.7086,0.000845
DuelingDQN,deceptive_grid,3,332,34381,-19.475,20,1,0.7084,0.001021
DuelingDQN,deceptive_grid,3,333,34439,-54.76,58,1,0.7079,0.001272
DuelingDQN,deceptive_grid,3,334,34532,-81.91,93,1,0.7071,0.00283
DuelingDQN,deceptive_grid,3,335,34660,-119.095,128,1,0.706,0.003539
DuelingDQN,deceptive_grid,3,336,34707,-55.48,47,1,0.7056,0.002833
DuelingDQN,deceptive_grid,3,337,34782,-74.065,75,1,0.705,0.001729
DuelingDQN,deceptive_grid,3,338,34818,-23.645,36,1,0.7047,0.001013
DuelingDQN,deceptive_grid,3,339,34823,7.54,5,1,0.7046,0.000901
DuelingDQN,deceptive_grid,3,340,34836,-0.34,13,1,0.7045,0.001135
DuelingDQN,deceptive_grid,3,341,34887,-68.03,51,1,0.7041,0.001118
DuelingDQN,deceptive_grid,3,342,34974,-85.39,87,1,0.7034,0.00097
DuelingDQN,deceptive_grid,3,343,35014,-26.05,40,1,0.703,0.002021
DuelingDQN,deceptive_grid,3,344,35097,-79.76,83,1,0.7023,0.0037
DuelingDQN,deceptive_grid,3,345,35153,-50.88,56,1,0.7018,0.002014
DuelingDQN,deceptive_grid,3,346,35177,-5.27,24,1,0.7016,0.001629
DuelingDQN,deceptive_grid,3,347,35265,-102.78,88,1,0.7009,0.001103
DuelingDQN,deceptive_grid,3,348,35304,-25.71,39,1,0.7006,0.000745
DuelingDQN,deceptive_grid,3,349,35320,-0.73,16,1,0.7004,0.000749
DuelingDQN,deceptive_grid,3,350,35389,-66.59,69,1,0.6998,0.000787
DuelingDQN,deceptive_grid,3,351,35472,-98.675,83,1,0.6991,0.001078
DuelingDQN,deceptive_grid,3,352,35527,-46.495,55,1,0.6987,0.002886
DuelingDQN,deceptive_grid,3,353,35532,7.54,5,1,0.6986,0.003293
DuelingDQN,deceptive_grid,3,354,35580,-29.59,48,1,0.6982,0.003813
DuelingDQN,deceptive_grid,3,355,35618,-49.28,38,1,0.6979,0.005842
DuelingDQN,deceptive_grid,3,356,35668,-37.06,50,1,0.6975,0.004857
DuelingDQN,deceptive_grid,3,357,35712,-31.355,44,1,0.6971,0.00338
DuelingDQN,deceptive_grid,3,358,35803,-97.445,91,1,0.6963,0.001789
DuelingDQN,deceptive_grid,3,359,35857,-52.565,54,1,0.6959,0.00157
DuelingDQN,deceptive_grid,3,360,35915,-51.89,58,1,0.6954,0.000876
DuelingDQN,deceptive_grid,3,361,35990,-60.975,75,1,0.6947,0.000554
DuelingDQN,deceptive_grid,3,362,36033,-44.82,43,1,0.6944,0.002674
DuelingDQN,deceptive_grid,3,363,36100,-54.29,67,1,0.6938,0.002906
DuelingDQN,deceptive_grid,3,364,36136,-15.42,36,1,0.6935,0.002318
DuelingDQN,deceptive_grid,3,365,36175,-37.285,39,1,0.6932,0.001521
DuelingDQN,deceptive_grid,3,366,36228,-52.695,53,1,0.6927,0.001313
DuelingDQN,deceptive_grid,3,367,36327,-89.355,99,1,0.6919,0.000963
DuelingDQN,deceptive_grid,3,368,36377,-38.69,50,1,0.6915,0.000857
DuelingDQN,deceptive_grid,3,369,36507,-134.54,130,1,0.6904,0.000983
DuelingDQN,deceptive_grid,3,370,36627,-131.18,120,1,0.6893,0.002653
DuelingDQN,deceptive_grid,3,371,36694,-74.205,67,1,0.6888,0.00193
DuelingDQN,deceptive_grid,3,372,36703,4.62,9,1,0.6887,0.001858
DuelingDQN,deceptive_grid,3,373,36744,-20.75,41,1,0.6883,0.001621
DuelingDQN,deceptive_grid,3,374,36848,-110.73,104,1,0.6875,0.001434
DuelingDQN,deceptive_grid,3,375,36898,-44.85,50,1,0.687,0.002704
DuelingDQN,deceptive_grid,3,376,36956,-53.855,58,1,0.6865,0.001596
DuelingDQN,deceptive_grid,3,377,37056,-94.765,100,1,0.6857,0.00198
DuelingDQN,deceptive_grid,3,378,37078,-14.53,22,1,0.6855,0.001891
DuelingDQN,deceptive_grid,3,379,37091,-2.84,13,1,0.6854,0.001813
DuelingDQN,deceptive_grid,3,380,37114,-7.055,23,1,0.6852,0.001918
DuelingDQN,deceptive_grid,3,381,37213,-99.14,99,1,0.6844,0.001879
DuelingDQN,deceptive_grid,3,382,37246,-19.83,33,1,0.6841,0.00159
DuelingDQN,deceptive_grid,3,383,37266,-2.38,20,1,0.6839,0.001823
DuelingDQN,deceptive_grid,3,384,37292,-18.3,26,1,0.6837,0.001268
DuelingDQN,deceptive_grid,3,385,37319,-16.43,27,1,0.6835,0.001376
DuelingDQN,deceptive_grid,3,386,37331,3.26,12,1,0.6834,0.001266
DuelingDQN,deceptive_grid,3,387,37336,-0.475,5,1,0.6833,0.001424
DuelingDQN,deceptive_grid,3,388,37349,2.79,13,1,0.6832,0.001099
DuelingDQN,deceptive_grid,3,389,37420,-88.56,71,1,0.6826,0.000894
DuelingDQN,deceptive_grid,3,390,37467,-43.15,47,1,0.6822,0.000842
DuelingDQN,deceptive_grid,3,391,37544,-87.915,77,1,0.6816,0.002711
DuelingDQN,deceptive_grid,3,392,37561,-8.065,17,1,0.6814,0.003107
DuelingDQN,deceptive_grid,3,393,37593,-34.855,32,1,0.6811,0.002637
DuelingDQN,deceptive_grid,3,394,37693,-121.685,100,1,0.6803,0.002116
DuelingDQN,deceptive_grid,3,395,37783,-85.32,90,1,0.6795,0.001555
DuelingDQN,deceptive_grid,3,396,37845,-55.775,62,1,0.679,0.00107
DuelingDQN,deceptive_grid,3,397,37880,-38.0,35,1,0.6787,0.000809
DuelingDQN,deceptive_grid,3,398,37911,-22.215,31,1,0.6784,0.000999
DuelingDQN,deceptive_grid,3,399,37953,-25.045,42,1,0.6781,0.000737
DuelingDQN,deceptive_grid,3,400,37965,4.27,12,1,0.678,0.000538
DuelingDQN,deceptive_grid,3,401,38061,-100.935,96,1,0.6772,0.003007
DuelingDQN,deceptive_grid,3,402,38074,-8.36,13,1,0.6771,0.003969
DuelingDQN,deceptive_grid,3,403,38193,-128.66,119,1,0.6761,0.002571
DuelingDQN,deceptive_grid,3,404,38225,-25.635,32,1,0.6758,0.002061
DuelingDQN,deceptive_grid,3,405,38301,-77.165,76,1,0.6751,0.001564
DuelingDQN,deceptive_grid,3,406,38369,-58.09,68,1,0.6746,0.001013
DuelingDQN,deceptive_grid,3,407,38422,-41.78,53,1,0.6741,0.001298
DuelingDQN,deceptive_grid,3,408,38523,-79.69,101,1,0.6733,0.001491
DuelingDQN,deceptive_grid,3,409,38600,-76.6,77,1,0.6726,0.002379
DuelingDQN,deceptive_grid,3,410,38605,-4.98,5,1,0.6726,0.002838
DuelingDQN,deceptive_grid,3,411,38673,-68.515,68,1,0.672,0.001989
DuelingDQN,deceptive_grid,3,412,38686,-9.735,13,1,0.6719,0.001404
DuelingDQN,deceptive_grid,3,413,38751,-66.58,65,1,0.6713,0.001204
DuelingDQN,deceptive_grid,3,414,38801,-37.55,50,1,0.6709,0.000962
DuelingDQN,deceptive_grid,3,415,38883,-64.41,82,1,0.6702,0.001567
DuelingDQN,deceptive_grid,3,416,38915,-14.69,32,1,0.6699,0.002575
DuelingDQN,deceptive_grid,3,417,39054,-160.29,139,1,0.6687,0.005122
DuelingDQN,deceptive_grid,3,418,39146,-86.49,92,1,0.668,0.00554
DuelingDQN,deceptive_grid,3,419,39181,-15.275,35,1,0.6677,0.001871
DuelingDQN,deceptive_grid,3,420,39202,-21.94,21,1,0.6675,0.001432
DuelingDQN,deceptive_grid,3,421,39223,-3.88,21,1,0.6673,0.001156
DuelingDQN,deceptive_grid,3,422,39301,-59.07,78,1,0.6667,0.000744
DuelingDQN,deceptive_grid,3,423,39371,-51.245,70,1,0.6661,0.000624
DuelingDQN,deceptive_grid,3,424,39380,4.65,9,1,0.666,0.000659
DuelingDQN,deceptive_grid,3,425,39436,-45.255,56,1,0.6655,0.000564
DuelingDQN,deceptive_grid,3,426,39455,-7.5,19,1,0.6653,0.000512
DuelingDQN,deceptive_grid,3,427,39560,-101.48,105,1,0.6645,0.002104
DuelingDQN,deceptive_grid,3,428,39584,-25.65,24,1,0.6643,0.003188
DuelingDQN,deceptive_grid,3,429,39648,-57.885,64,1,0.6637,0.0021
DuelingDQN,deceptive_grid,3,430,39697,-28.59,49,1,0.6633,0.001397
DuelingDQN,deceptive_grid,3,431,39720,-20.745,23,1,0.6631,0.000896
DuelingDQN,deceptive_grid,3,432,39761,-33.48,41,1,0.6627,0.000781
DuelingDQN,deceptive_grid,3,433,39821,-46.5,60,1,0.6622,0.000676
DuelingDQN,deceptive_grid,3,434,39851,-30.155,30,1,0.662,0.00056
DuelingDQN,deceptive_grid,3,435,39945,-72.195,94,1,0.6612,0.000534
DuelingDQN,deceptive_grid,3,436,39966,-11.025,21,1,0.661,0.0004
DuelingDQN,deceptive_grid,3,437,39996,-22.29,30,1,0.6608,0.000418
DuelingDQN,deceptive_grid,3,438,40043,-28.745,47,1,0.6604,0.002723
DuelingDQN,deceptive_grid,3,439,40139,-108.975,96,1,0.6595,0.003508
DuelingDQN,deceptive_grid,3,440,40171,-19.455,32,1,0.6593,0.004351
DuelingDQN,deceptive_grid,3,441,40204,-16.5,33,1,0.659,0.003367
DuelingDQN,deceptive_grid,3,442,40271,-66.53,67,1,0.6584,0.001768
DuelingDQN,deceptive_grid,3,443,40315,-22.39,44,1,0.6581,0.000975
DuelingDQN,deceptive_grid,3,444,40368,-35.04,53,1,0.6576,0.001114
DuelingDQN,deceptive_grid,3,445,40435,-69.065,67,1,0.657,0.000947
DuelingDQN,deceptive_grid,3,446,40448,-4.205,13,1,0.6569,0.000596
DuelingDQN,deceptive_grid,3,447,40478,-10.865,30,1,0.6567,0.000483
DuelingDQN,deceptive_grid,3,448,40577,-121.86,99,1,0.6558,0.002913
DuelingDQN,deceptive_grid,3,449,40680,-97.115,103,1,0.655,0.0025
DuelingDQN,deceptive_grid,3,450,40699,-7.61,19,1,0.6548,0.001512
DuelingDQN,deceptive_grid,3,451,40729,-13.165,30,1,0.6545,0.001332
DuelingDQN,deceptive_grid,3,452,40792,-50.66,63,1,0.654,0.000994
DuelingDQN,deceptive_grid,3,453,40845,-35.93,53,1,0.6536,0.000686
DuelingDQN,deceptive_grid,3,454,40854,4.59,9,1,0.6535,0.000537
DuelingDQN,deceptive_grid,3,455,40920,-48.51,66,1,0.6529,0.000574
DuelingDQN,deceptive_grid,3,456,40973,-47.285,53,1,0.6525,0.000405
DuelingDQN,deceptive_grid,3,457,41032,-48.375,59,1,0.652,0.001493
DuelingDQN,deceptive_grid,3,458,41071,-38.065,39,1,0.6516,0.00305
DuelingDQN,deceptive_grid,3,459,41125,-82.89,54,1,0.6512,0.002294
DuelingDQN,deceptive_grid,3,460,41150,-7.88,25,1,0.651,0.002128
DuelingDQN,deceptive_grid,3,461,41221,-86.67,71,1,0.6504,0.00385
DuelingDQN,deceptive_grid,3,462,41313,-76.92,92,1,0.6496,0.002523
DuelingDQN,deceptive_grid,3,463,41400,-62.765,87,1,0.6488,0.001229
DuelingDQN,deceptive_grid,3,464,41421,-16.45,21,1,0.6487,0.000717
DuelingDQN,deceptive_grid,3,465,41488,-93.395,67,1,0.6481,0.000578
DuelingDQN,deceptive_grid,3,466,41540,-36.185,52,1,0.6477,0.001844
DuelingDQN,deceptive_grid,3,467,41592,-62.37,52,1,0.6472,0.00198
DuelingDQN,deceptive_grid,3,468,41632,-35.22,40,1,0.6469,0.001646
DuelingDQN,deceptive_grid,3,469,41665,-16.15,33,1,0.6466,0.001543
DuelingDQN,deceptive_grid,3,470,41726,-42.05,61,1,0.6461,0.001277
DuelingDQN,deceptive_grid,3,471,41813,-72.6,87,1,0.6453,0.000777
DuelingDQN,deceptive_grid,3,472,41837,-23.405,24,1,0.6451,0.000489
DuelingDQN,deceptive_grid,3,473,41859,-4.475,22,1,0.645,0.000455
DuelingDQN,deceptive_grid,3,474,41866,6.605,7,1,0.6449,0.000514
DuelingDQN,deceptive_grid,3,475,41870,9.03,4,1,0.6449,0.000443
DuelingDQN,deceptive_grid,3,476,41902,-50.34,32,1,0.6446,0.000654
DuelingDQN,deceptive_grid,3,477,41966,-54.555,64,1,0.644,0.000818
DuelingDQN,deceptive_grid,3,478,42008,-29.485,42,1,0.6437,0.001043
DuelingDQN,deceptive_grid,3,479,42023,-3.63,15,1,0.6436,0.002654
DuelingDQN,deceptive_grid,3,480,42046,-9.42,23,1,0.6434,0.002852
DuelingDQN,deceptive_grid,3,481,42143,-87.56,97,1,0.6425,0.001843
DuelingDQN,deceptive_grid,3,482,42173,-22.54,30,1,0.6423,0.001796
DuelingDQN,deceptive_grid,3,483,42211,-20.935,38,1,0.642,0.001623
DuelingDQN,deceptive_grid,3,484,42267,-39.33,56,1,0.6415,0.001713
DuelingDQN,deceptive_grid,3,485,42341,-86.355,74,1,0.6409,0.001042
DuelingDQN,deceptive_grid,3,486,42398,-39.075,57,1,0.6404,0.000621
DuelingDQN,deceptive_grid,3,487,42449,-37.93,51,1,0.64,0.00059
DuelingDQN,deceptive_grid,3,488,42469,-13.52,20,1,0.6398,0.000782
DuelingDQN,deceptive_grid,3,489,42547,-80.67,78,1,0.6391,0.001902
DuelingDQN,deceptive_grid,3,490,42578,-19.29,31,1,0.6389,0.002029
DuelingDQN,deceptive_grid,3,491,42636,-43.755,58,1,0.6384,0.002019
DuelingDQN,deceptive_grid,3,492,42658,-9.795,22,1,0.6382,0.002816
DuelingDQN,deceptive_grid,3,493,42730,-55.105,72,1,0.6376,0.00237
DuelingDQN,deceptive_grid,3,494,42759,-41.18,29,1,0.6373,0.002375
DuelingDQN,deceptive_grid,3,495,42796,-23.665,37,1,0.637,0.00146
DuelingDQN,deceptive_grid,3,496,42850,-49.435,54,1,0.6365,0.000949
DuelingDQN,deceptive_grid,3,497,42862,1.11,12,1,0.6364,0.000789
DuelingDQN,deceptive_grid,3,498,42892,-13.345,30,1,0.6362,0.000843
DuelingDQN,deceptive_grid,3,499,42897,8.55,5,1,0.6361,0.000746
DuelingDQN,deceptive_grid,3,500,42977,-84.855,80,1,0.6355,0.000821
DuelingDQN,deceptive_grid,3,501,42993,-5.235,16,1,0.6353,0.000895
DuelingDQN,deceptive_grid,3,502,43013,-2.34,20,1,0.6352,0.002372
DuelingDQN,deceptive_grid,3,503,43115,-84.02,102,1,0.6343,0.003056
DuelingDQN,deceptive_grid,3,504,43167,-69.435,52,1,0.6339,0.00341
DuelingDQN,deceptive_grid,3,505,43236,-51.165,69,1,0.6333,0.002967
DuelingDQN,deceptive_grid,3,506,43267,-21.36,31,1,0.633,0.00236
DuelingDQN,deceptive_grid,3,507,43305,-25.645,38,1,0.6327,0.001334
DuelingDQN,deceptive_grid,3,508,43380,-75.365,75,1,0.6321,0.000898
DuelingDQN,deceptive_grid,3,509,43431,-32.015,51,1,0.6316,0.00066
DuelingDQN,deceptive_grid,3,510,43482,-37.47,51,1,0.6312,0.000664
DuelingDQN,deceptive_grid,3,511,43524,-24.265,42,1,0.6308,0.002054
DuelingDQN,deceptive_grid,3,512,43531,6.575,7,1,0.6308,0.00342
DuelingDQN,deceptive_grid,3,513,43550,-16.705,19,1,0.6306,0.003805
DuelingDQN,deceptive_grid,3,514,43610,-57.85,60,1,0.6301,0.004653
DuelingDQN,deceptive_grid,3,515,43647,-21.76,37,1,0.6298,0.002736
DuelingDQN,deceptive_grid,3,516,43679,-21.805,32,1,0.6295,0.002074
DuelingDQN,deceptive_grid,3,517,43722,-20.855,43,1,0.6292,0.00119
DuelingDQN,deceptive_grid,3,518,43788,-41.875,66,1,0.6286,0.000875
DuelingDQN,deceptive_grid,3,519,43845,-50.675,57,1,0.6281,0.000745
DuelingDQN,deceptive_grid,3,520,43881,-27.955,36,1,0.6278,0.000823
DuelingDQN,deceptive_grid,3,521,43938,-41.595,57,1,0.6273,0.000757
DuelingDQN,deceptive_grid,3,522,43947,2.145,9,1,0.6272,0.000769
DuelingDQN,deceptive_grid,3,523,43975,-18.955,28,1,0.627,0.00067
DuelingDQN,deceptive_grid,3,524,44017,-32.04,42,1,0.6266,0.001409
DuelingDQN,deceptive_grid,3,525,44088,-64.88,71,1,0.626,0.001816
DuelingDQN,deceptive_grid,3,526,44129,-27.18,41,1,0.6257,0.00131
DuelingDQN,deceptive_grid,3,527,44191,-45.94,62,1,0.6252,0.00133
DuelingDQN,deceptive_grid,3,528,44241,-34.175,50,1,0.6248,0.000756
DuelingDQN,deceptive_grid,3,529,44252,3.745,11,1,0.6247,0.000692
DuelingDQN,deceptive_grid,3,530,44282,-23.88,30,1,0.6244,0.00071
DuelingDQN,deceptive_grid,3,531,44303,-14.165,21,1,0.6242,0.001037
DuelingDQN,deceptive_grid,3,532,44373,-88.86,70,1,0.6236,0.002234
DuelingDQN,deceptive_grid,3,533,44481,-98.49,108,1,0.6227,0.001971
DuelingDQN,deceptive_grid,3,534,44535,-45.395,54,1,0.6223,0.00362
DuelingDQN,deceptive_grid,3,535,44595,-64.635,60,1,0.6217,0.003143
DuelingDQN,deceptive_grid,3,536,44625,-19.56,30,1,0.6215,0.002167
DuelingDQN,deceptive_grid,3,537,44646,-9.44,21,1,0.6213,0.001677
DuelingDQN,deceptive_grid,3,538,44666,-8.07,20,1,0.6211,0.001235
DuelingDQN,deceptive_grid,3,539,44728,-76.47,62,1,0.6206,0.000865
DuelingDQN,deceptive_grid,3,540,44776,-40.815,48,1,0.6202,0.00059
DuelingDQN,deceptive_grid,3,541,44790,-6.745,14,1,0.6201,0.000679
DuelingDQN,deceptive_grid,3,542,44809,-9.8,19,1,0.6199,0.000551
DuelingDQN,deceptive_grid,3,543,44824,-4.735,15,1,0.6198,0.00056
DuelingDQN,deceptive_grid,3,544,44831,5.585,7,1,0.6197,0.000453
DuelingDQN,deceptive_grid,3,545,44860,-29.9,29,1,0.6195,0.000458
DuelingDQN,deceptive_grid,3,546,44871,-6.395,11,1,0.6194,0.000401
DuelingDQN,deceptive_grid,3,547,44956,-94.9,85,1,0.6187,0.000456
DuelingDQN,deceptive_grid,3,548,44999,-31.625,43,1,0.6183,0.000423
DuelingDQN,deceptive_grid,3,549,45056,-53.795,57,1,0.6178,0.003231
DuelingDQN,deceptive_grid,3,550,45074,-2.615,18,1,0.6177,0.002689
DuelingDQN,deceptive_grid,3,551,45116,-30.885,42,1,0.6173,0.002594
DuelingDQN,deceptive_grid,3,552,45142,-17.35,26,1,0.6171,0.002
DuelingDQN,deceptive_grid,3,553,45192,-32.945,50,1,0.6167,0.001556
DuelingDQN,deceptive_grid,3,554,45284,-85.2,92,1,0.6159,0.00105
DuelingDQN,deceptive_grid,3,555,45323,-31.81,39,1,0.6156,0.000896
DuelingDQN,deceptive_grid,3,556,45362,-43.775,39,1,0.6152,0.001151
DuelingDQN,deceptive_grid,3,557,45424,-54.75,62,1,0.6147,0.00152
DuelingDQN,deceptive_grid,3,558,45455,-20.31,31,1,0.6145,0.001016
DuelingDQN,deceptive_grid,3,559,45550,-81.34,95,1,0.6136,0.003073
DuelingDQN,deceptive_grid,3,560,45553,9.515,3,1,0.6136,0.003885
DuelingDQN,deceptive_grid,3,561,45583,-21.16,30,1,0.6134,0.004368
DuelingDQN,deceptive_grid,3,562,45646,-56.115,63,1,0.6128,0.003474
DuelingDQN,deceptive_grid,3,563,45727,-73.865,81,1,0.6121,0.001686
DuelingDQN,deceptive_grid,3,564,45756,-21.885,29,1,0.6119,0.001081
DuelingDQN,deceptive_grid,3,565,45812,-37.98,56,1,0.6114,0.000749
DuelingDQN,deceptive_grid,3,566,45857,-31.61,45,1,0.611,0.000583
DuelingDQN,deceptive_grid,3,567,45867,3.095,10,1,0.611,0.000405
DuelingDQN,deceptive_grid,3,568,45922,-58.46,55,1,0.6105,0.000657
DuelingDQN,deceptive_grid,3,569,45962,-22.17,40,1,0.6102,0.000866
DuelingDQN,deceptive_grid,3,570,46010,-28.53,48,1,0.6097,0.000944
DuelingDQN,deceptive_grid,3,571,46042,-34.78,32,1,0.6095,0.002476
DuelingDQN,deceptive_grid,3,572,46043,10.5,1,1,0.6095,0.003659
DuelingDQN,deceptive_grid,3,573,46093,-26.365,50,1,0.609,0.00184
DuelingDQN,deceptive_grid,3,574,46102,5.64,9,1,0.609,0.00171
DuelingDQN,deceptive_grid,3,575,46156,-43.945,54,1,0.6085,0.001533
DuelingDQN,deceptive_grid,3,576,46192,-20.765,36,1,0.6082,0.000962
DuelingDQN,deceptive_grid,3,577,46239,-41.08,47,1,0.6078,0.000976
DuelingDQN,deceptive_grid,3,578,46273,-25.82,34,1,0.6075,0.000748
DuelingDQN,deceptive_grid,3,579,46298,-10.09,25,1,0.6073,0.000543
DuelingDQN,deceptive_grid,3,580,46333,-29.92,35,1,0.607,0.000421
DuelingDQN,deceptive_grid,3,581,46413,-67.855,80,1,0.6063,0.000363
DuelingDQN,deceptive_grid,3,582,46436,-11.51,23,1,0.6061,0.000463
DuelingDQN,deceptive_grid,3,583,46438,10.005,2,1,0.6061,0.000496
DuelingDQN,deceptive_grid,3,584,46459,-15.135,21,1,0.6059,0.000525
DuelingDQN,deceptive_grid,3,585,46564,-131.725,105,1,0.605,0.001648
DuelingDQN,deceptive_grid,3,586,46612,-35.505,48,1,0.6046,0.002119
DuelingDQN,deceptive_grid,3,587,46681,-50.305,69,1,0.6041,0.001151
DuelingDQN,deceptive_grid,3,588,46708,-16.58,27,1,0.6038,0.001584
DuelingDQN,deceptive_grid,3,589,46746,-22.185,38,1,0.6035,0.001214
DuelingDQN,deceptive_grid,3,590,46759,0.79,13,1,0.6034,0.001334
DuelingDQN,deceptive_grid,3,591,46852,-82.13,93,1,0.6026,0.000976
DuelingDQN,deceptive_grid,3,592,46892,-39.825,40,1,0.6023,0.000735
DuelingDQN,deceptive_grid,3,593,46916,-12.985,24,1,0.6021,0.000683
DuelingDQN,deceptive_grid,3,594,46949,-34.55,33,1,0.6018,0.000772
DuelingDQN,deceptive_grid,3,595,46982,-21.315,33,1,0.6015,0.000715
DuelingDQN,deceptive_grid,3,596,47005,-20.515,23,1,0.6013,0.001498
DuelingDQN,deceptive_grid,3,597,47037,-16.04,32,1,0.601,0.004351
DuelingDQN,deceptive_grid,3,598,47054,-1.07,17,1,0.6009,0.006573
DuelingDQN,deceptive_grid,3,599,47102,-29.07,48,1,0.6005,0.004969
DuelingDQN,deceptive_grid,3,600,47134,-19.46,32,1,0.6002,0.00445
DuelingDQN,deceptive_grid,3,601,47156,-1.175,22,1,0.6,0.003394
DuelingDQN,deceptive_grid,3,602,47219,-58.455,63,1,0.5995,0.002296
DuelingDQN,deceptive_grid,3,603,47310,-103.61,91,1,0.5987,0.001474
DuelingDQN,deceptive_grid,3,604,47341,-21.88,31,1,0.5985,0.000815
DuelingDQN,deceptive_grid,3,605,47342,10.5,1,1,0.5984,0.000523
DuelingDQN,deceptive_grid,3,606,47409,-60.67,67,1,0.5979,0.000772
DuelingDQN,deceptive_grid,3,607,47430,-5.12,21,1,0.5977,0.000542
DuelingDQN,deceptive_grid,3,608,47466,-27.095,36,1,0.5974,0.000405
DuelingDQN,deceptive_grid,3,609,47511,-42.56,45,1,0.597,0.001013
DuelingDQN,deceptive_grid,3,610,47550,-36.035,39,1,0.5967,0.00252
DuelingDQN,deceptive_grid,3,611,47569,-6.445,19,1,0.5965,0.002029
DuelingDQN,deceptive_grid,3,612,47582,1.69,13,1,0.5964,0.002266
DuelingDQN,deceptive_grid,3,613,47640,-41.13,58,1,0.5959,0.001843
DuelingDQN,deceptive_grid,3,614,47663,-14.825,23,1,0.5957,0.001212
DuelingDQN,deceptive_grid,3,615,47696,-15.74,33,1,0.5954,0.001069
DuelingDQN,deceptive_grid,3,616,47763,-42.825,67,1,0.5949,0.000879
DuelingDQN,deceptive_grid,3,617,47764,10.5,1,1,0.5949,0.001407
DuelingDQN,deceptive_grid,3,618,47823,-51.86,59,1,0.5944,0.000952
DuelingDQN,deceptive_grid,3,619,47836,-0.725,13,1,0.5943,0.000963
DuelingDQN,deceptive_grid,3,620,47913,-77.305,77,1,0.5936,0.000728
DuelingDQN,deceptive_grid,3,621,47964,-55.62,51,1,0.5932,0.000448
DuelingDQN,deceptive_grid,3,622,48036,-69.485,72,1,0.5926,0.001459
DuelingDQN,deceptive_grid,3,623,48039,8.515,3,1,0.5925,0.002942
DuelingDQN,deceptive_grid,3,624,48069,-20.005,30,1,0.5923,0.001797
DuelingDQN,deceptive_grid,3,625,48121,-48.735,52,1,0.5918,0.001494
DuelingDQN,deceptive_grid,3,626,48151,-28.06,30,1,0.5916,0.001565
DuelingDQN,deceptive_grid,3,627,48207,-48.32,56,1,0.5911,0.001817
DuelingDQN,deceptive_grid,3,628,48237,-20.2,30,1,0.5909,0.001511
DuelingDQN,deceptive_grid,3,629,48286,-40.87,49,1,0.5904,0.000916
DuelingDQN,deceptive_grid,3,630,48349,-43.055,63,1,0.5899,0.000749
DuelingDQN,deceptive_grid,3,631,48411,-48.43,62,1,0.5894,0.000754
DuelingDQN,deceptive_grid,3,632,48428,-0.1,17,1,0.5892,0.000623
DuelingDQN,deceptive_grid,3,633,48464,-30.04,36,1,0.5889,0.000681
DuelingDQN,deceptive_grid,3,634,48501,-19.07,37,1,0.5886,0.000715
DuelingDQN,deceptive_grid,3,635,48522,-10.725,21,1,0.5884,0.002201
DuelingDQN,deceptive_grid,3,636,48537,-2.6,15,1,0.5883,0.00247
DuelingDQN,deceptive_grid,3,637,48558,-8.455,21,1,0.5881,0.002849
DuelingDQN,deceptive_grid,3,638,48592,-28.27,34,1,0.5878,0.002613
DuelingDQN,deceptive_grid,3,639,48650,-46.715,58,1,0.5874,0.001734
DuelingDQN,deceptive_grid,3,640,48686,-18.92,36,1,0.587,0.00092
DuelingDQN,deceptive_grid,3,641,48722,-16.52,36,1,0.5867,0.00121
DuelingDQN,deceptive_grid,3,642,48757,-10.325,35,1,0.5864,0.001288
DuelingDQN,deceptive_grid,3,643,48778,-8.21,21,1,0.5863,0.00216
DuelingDQN,deceptive_grid,3,644,48811,-20.88,33,1,0.586,0.001925
DuelingDQN,deceptive_grid,3,645,48859,-49.64,48,1,0.5856,0.002491
DuelingDQN,deceptive_grid,3,646,48874,1.875,15,1,0.5855,0.003163
DuelingDQN,deceptive_grid,3,647,48919,-32.625,45,1,0.5851,0.002484
DuelingDQN,deceptive_grid,3,648,48986,-57.235,67,1,0.5845,0.0013
DuelingDQN,deceptive_grid,3,649,49032,-32.37,46,1,0.5841,0.003204
DuelingDQN,deceptive_grid,3,650,49040,5.11,8,1,0.584,0.004414
DuelingDQN,deceptive_grid,3,651,49056,-6.525,16,1,0.5839,0.003564
DuelingDQN,deceptive_grid,3,652,49113,-40.6,57,1,0.5834,0.003064
DuelingDQN,deceptive_grid,3,653,49143,-28.01,30,1,0.5832,0.002087
DuelingDQN,deceptive_grid,3,654,49159,-2.07,16,1,0.583,0.001617
DuelingDQN,deceptive_grid,3,655,49197,-40.64,38,1,0.5827,0.001452
DuelingDQN,deceptive_grid,3,656,49211,-2.235,14,1,0.5826,0.001176
DuelingDQN,deceptive_grid,3,657,49258,-26.695,47,1,0.5822,0.001352
DuelingDQN,deceptive_grid,3,658,49323,-59.665,65,1,0.5816,0.000716
DuelingDQN,deceptive_grid,3,659,49378,-42.305,55,1,0.5812,0.000567
DuelingDQN,deceptive_grid,3,660,49410,-25.315,32,1,0.5809,0.000483
DuelingDQN,deceptive_grid,3,661,49429,-7.575,19,1,0.5807,0.000533
DuelingDQN,deceptive_grid,3,662,49470,-21.14,41,1,0.5804,0.000677
DuelingDQN,deceptive_grid,3,663,49487,-9.185,17,1,0.5803,0.000715
DuelingDQN,deceptive_grid,3,664,49539,-30.56,52,1,0.5798,0.002817
DuelingDQN,deceptive_grid,3,665,49615,-66.325,76,1,0.5792,0.00266
DuelingDQN,deceptive_grid,3,666,49652,-20.25,37,1,0.5789,0.001739
DuelingDQN,deceptive_grid,3,667,49704,-39.065,52,1,0.5784,0.001632
DuelingDQN,deceptive_grid,3,668,49767,-64.31,63,1,0.5779,0.001199
DuelingDQN,deceptive_grid,3,669,49840,-69.77,73,1,0.5773,0.000901
DuelingDQN,deceptive_grid,3,670,49877,-14.85,37,1,0.5769,0.000806
DuelingDQN,deceptive_grid,3,671,49891,-3.295,14,1,0.5768,0.001252
DuelingDQN,deceptive_grid,3,672,49933,-37.295,42,1,0.5765,0.000861
DuelingDQN,deceptive_grid,3,673,49970,-32.195,37,1,0.5762,0.000599
DuelingDQN,deceptive_grid,3,674,50007,-17.42,37,1,0.5758,0.00096
DuelingDQN,deceptive_grid,3,675,50043,-33.635,36,1,0.5755,0.00324
DuelingDQN,deceptive_grid,3,676,50092,-42.29,49,1,0.5751,0.003579
DuelingDQN,deceptive_grid,3,677,50133,-35.13,41,1,0.5748,0.004628
DuelingDQN,deceptive_grid,3,678,50168,-29.88,35,1,0.5745,0.003689
DuelingDQN,deceptive_grid,3,679,50194,-7.175,26,1,0.5743,0.002378
DuelingDQN,deceptive_grid,3,680,50231,-33.915,37,1,0.5739,0.001532
DuelingDQN,deceptive_grid,3,681,50293,-48.045,62,1,0.5734,0.001314
DuelingDQN,deceptive_grid,3,682,50306,0.65,13,1,0.5733,0.001078
DuelingDQN,deceptive_grid,3,683,50345,-27.8,39,1,0.573,0.00065
DuelingDQN,deceptive_grid,3,684,50412,-84.42,67,1,0.5724,0.000629
DuelingDQN,deceptive_grid,3,685,50416,9.03,4,1,0.5724,0.000499
DuelingDQN,deceptive_grid,3,686,50474,-51.53,58,1,0.5719,0.000463
DuelingDQN,deceptive_grid,3,687,50505,-14.275,31,1,0.5716,0.000926
DuelingDQN,deceptive_grid,3,688,50565,-62.49,60,1,0.5711,0.001783
DuelingDQN,deceptive_grid,3,689,50611,-43.385,46,1,0.5707,0.001188
DuelingDQN,deceptive_grid,3,690,50638,-5.195,27,1,0.5705,0.000842
DuelingDQN,deceptive_grid,3,691,50676,-28.72,38,1,0.5702,0.000693
DuelingDQN,deceptive_grid,3,692,50721,-23.33,45,1,0.5698,0.000945
DuelingDQN,deceptive_grid,3,693,50782,-45.23,61,1,0.5693,0.00129
DuelingDQN,deceptive_grid,3,694,50870,-94.63,88,1,0.5685,0.000881
DuelingDQN,deceptive_grid,3,695,50884,2.405,14,1,0.5684,0.000499
DuelingDQN,deceptive_grid,3,696,50913,-24.42,29,1,0.5682,0.000483
DuelingDQN,deceptive_grid,3,697,50945,-17.28,32,1,0.5679,0.000631
DuelingDQN,deceptive_grid,3,698,50983,-24.385,38,1,0.5676,0.000522
DuelingDQN,deceptive_grid,3,699,51044,-45.62,61,1,0.567,0.001337
DuelingDQN,deceptive_grid,3,700,51083,-26.62,39,1,0.5667,0.001254
DuelingDQN,deceptive_grid,3,701,51146,-59.3,63,1,0.5662,0.001025
DuelingDQN,deceptive_grid,3,702,51155,-4.425,9,1,0.5661,0.00078
DuelingDQN,deceptive_grid,3,703,51186,-19.295,31,1,0.5658,0.000849
DuelingDQN,deceptive_grid,3,704,51202,-13.265,16,1,0.5657,0.000693
DuelingDQN,deceptive_grid,3,705,51222,-18.24,20,1,0.5655,0.000746
DuelingDQN,deceptive_grid,3,706,51273,-38.405,51,1,0.5651,0.000928
DuelingDQN,deceptive_grid,3,707,51289,-5.16,16,1,0.565,0.000663
DuelingDQN,deceptive_grid,3,708,51351,-42.89,62,1,0.5644,0.000591
DuelingDQN,deceptive_grid,3,709,51376,-24.755,25,1,0.5642,0.000659
DuelingDQN,deceptive_grid,3,710,51390,1.235,14,1,0.5641,0.000574
DuelingDQN,deceptive_grid,3,711,51416,-7.235,26,1,0.5639,0.000475
DuelingDQN,deceptive_grid,3,712,51470,-41.52,54,1,0.5634,0.000468
DuelingDQN,deceptive_grid,3,713,51522,-28.01,52,1,0.563,0.001081
DuelingDQN,deceptive_grid,3,714,51552,-23.25,30,1,0.5627,0.002081
DuelingDQN,deceptive_grid,3,715,51633,-70.42,81,1,0.562,0.002138
DuelingDQN,deceptive_grid,3,716,51649,0.38,16,1,0.5619,0.00266
DuelingDQN,deceptive_grid,3,717,51684,-23.895,35,1,0.5616,0.003831
DuelingDQN,deceptive_grid,3,718,51696,3.23,12,1,0.5615,0.002924
DuelingDQN,deceptive_grid,3,719,51714,-8.455,18,1,0.5614,0.00426
DuelingDQN,deceptive_grid,3,720,51754,-21.09,40,1,0.561,0.003104
DuelingDQN,deceptive_grid,3,721,51756,10.005,2,1,0.561,0.003522
DuelingDQN,deceptive_grid,3,722,51767,-0.855,11,1,0.5609,0.001387
DuelingDQN,deceptive_grid,3,723,51784,-5.725,17,1,0.5608,0.001427
DuelingDQN,deceptive_grid,3,724,51808,-13.11,24,1,0.5606,0.001476
DuelingDQN,deceptive_grid,3,725,51810,10.005,2,1,0.5605,0.001705
DuelingDQN,deceptive_grid,3,726,51834,-8.625,24,1,0.5603,0.001249
DuelingDQN,deceptive_grid,3,727,51844,4.155,10,1,0.5603,0.001101
DuelingDQN,deceptive_grid,3,728,51872,-12.5,28,1,0.56,0.001159
DuelingDQN,deceptive_grid,3,729,51880,6.12,8,1,0.56,0.001172
DuelingDQN,deceptive_grid,3,730,51951,-70.86,71,1,0.5594,0.000714
DuelingDQN,deceptive_grid,3,731,51976,-14.67,25,1,0.5591,0.000428
DuelingDQN,deceptive_grid,3,732,52012,-20.07,36,1,0.5588,0.000978
DuelingDQN,deceptive_grid,3,733,52024,-0.28,12,1,0.5587,0.001346
DuelingDQN,deceptive_grid,3,734,52081,-54.11,57,1,0.5583,0.001408
DuelingDQN,deceptive_grid,3,735,52130,-31.185,49,1,0.5578,0.001236
DuelingDQN,deceptive_grid,3,736,52175,-30.805,45,1,0.5575,0.00117
DuelingDQN,deceptive_grid,3,737,52191,-6.16,16,1,0.5573,0.001059
DuelingDQN,deceptive_grid,3,738,52195,9.03,4,1,0.5573,0.000702
DuelingDQN,deceptive_grid,3,739,52221,-15.115,26,1,0.5571,0.000766
DuelingDQN,deceptive_grid,3,740,52267,-37.485,46,1,0.5567,0.000533
DuelingDQN,deceptive_grid,3,741,52308,-29.785,41,1,0.5563,0.000451
DuelingDQN,deceptive_grid,3,742,52352,-47.46,44,1,0.556,0.000492
DuelingDQN,deceptive_grid,3,743,52391,-25.275,39,1,0.5556,0.000652
DuelingDQN,deceptive_grid,3,744,52431,-29.43,40,1,0.5553,0.000457
DuelingDQN,deceptive_grid,3,745,52450,-11.1,19,1,0.5551,0.000441
DuelingDQN,deceptive_grid,3,746,52467,-8.08,17,1,0.555,0.000401
DuelingDQN,deceptive_grid,3,747,52517,-62.91,50,1,0.5546,0.000862
DuelingDQN,deceptive_grid,3,748,52587,-57.84,70,1,0.554,0.001662
DuelingDQN,deceptive_grid,3,749,52596,4.59,9,1,0.5539,0.001423
DuelingDQN,deceptive_grid,3,750,52631,-32.1,35,1,0.5536,0.001094
DuelingDQN,deceptive_grid,3,751,52752,-124.29,121,1,0.5526,0.000583
DuelingDQN,deceptive_grid,3,752,52770,-10.695,18,1,0.5524,0.000443
DuelingDQN,deceptive_grid,3,753,52800,-40.505,30,1,0.5522,0.000463
DuelingDQN,deceptive_grid,3,754,52838,-25.27,38,1,0.5518,0.000428
DuelingDQN,deceptive_grid,3,755,52884,-36.015,46,1,0.5514,0.000335
DuelingDQN,deceptive_grid,3,756,52933,-37.655,49,1,0.551,0.000526
DuelingDQN,deceptive_grid,3,757,52951,-12.805,18,1,0.5509,0.000633
DuelingDQN,deceptive_grid,3,758,52991,-20.32,40,1,0.5505,0.000812
DuelingDQN,deceptive_grid,3,759,53034,-18.745,43,1,0.5502,0.002137
DuelingDQN,deceptive_grid,3,760,53035,10.5,1,1,0.5502,0.004344
DuelingDQN,deceptive_grid,3,761,53086,-39.4,51,1,0.5497,0.001993
DuelingDQN,deceptive_grid,3,762,53126,-18.31,40,1,0.5494,0.001509
DuelingDQN,deceptive_grid,3,763,53155,-20.36,29,1,0.5491,0.001134
DuelingDQN,deceptive_grid,3,764,53210,-50.05,55,1,0.5487,0.001232
DuelingDQN,deceptive_grid,3,765,53236,-8.135,26,1,0.5485,0.000859
DuelingDQN,deceptive_grid,3,766,53269,-23.455,33,1,0.5482,0.000829
DuelingDQN,deceptive_grid,3,767,53291,-29.495,22,1,0.548,0.000799
DuelingDQN,deceptive_grid,3,768,53297,3.555,6,1,0.5479,0.000668
DuelingDQN,deceptive_grid,3,769,53354,-65.76,57,1,0.5475,0.000649
DuelingDQN,deceptive_grid,3,770,53372,-0.535,18,1,0.5473,0.000755
DuelingDQN,deceptive_grid,3,771,53379,7.605,7,1,0.5472,0.000679
DuelingDQN,deceptive_grid,3,772,53424,-32.665,45,1,0.5469,0.001056
DuelingDQN,deceptive_grid,3,773,53478,-30.335,54,1,0.5464,0.001012
DuelingDQN,deceptive_grid,3,774,53489,2.615,11,1,0.5463,0.000906
DuelingDQN,deceptive_grid,3,775,53506,-11.49,17,1,0.5462,0.001383
DuelingDQN,deceptive_grid,3,776,53509,9.515,3,1,0.5461,0.002121
DuelingDQN,deceptive_grid,3,777,53549,-37.68,40,1,0.5458,0.002498
DuelingDQN,deceptive_grid,3,778,53564,0.795,15,1,0.5457,0.0016
DuelingDQN,deceptive_grid,3,779,53583,-9.71,19,1,0.5455,0.001656
DuelingDQN,deceptive_grid,3,780,53621,-23.365,38,1,0.5452,0.002629
DuelingDQN,deceptive_grid,3,781,53684,-42.01,63,1,0.5447,0.002644
DuelingDQN,deceptive_grid,3,782,53715,-15.865,31,1,0.5444,0.002386
DuelingDQN,deceptive_grid,3,783,53733,-2.665,18,1,0.5442,0.002916
DuelingDQN,deceptive_grid,3,784,53746,-7.345,13,1,0.5441,0.002611
DuelingDQN,deceptive_grid,3,785,53755,3.59,9,1,0.5441,0.002386
DuelingDQN,deceptive_grid,3,786,53802,-31.465,47,1,0.5437,0.001855
DuelingDQN,deceptive_grid,3,787,53847,-31.395,45,1,0.5433,0.00165
DuelingDQN,deceptive_grid,3,788,53910,-50.1,63,1,0.5427,0.00126
DuelingDQN,deceptive_grid,3,789,53962,-39.525,52,1,0.5423,0.001446
DuelingDQN,deceptive_grid,3,790,54002,-18.08,40,1,0.542,0.000891
DuelingDQN,deceptive_grid,3,791,54008,7.075,6,1,0.5419,0.001943
DuelingDQN,deceptive_grid,3,792,54052,-40.845,44,1,0.5415,0.001788
DuelingDQN,deceptive_grid,3,793,54069,-2.14,17,1,0.5414,0.001408
DuelingDQN,deceptive_grid,3,794,54082,2.83,13,1,0.5413,0.001272
DuelingDQN,deceptive_grid,3,795,54107,-15.715,25,1,0.5411,0.001154
DuelingDQN,deceptive_grid,3,796,54125,-5.16,18,1,0.5409,0.001189
DuelingDQN,deceptive_grid,3,797,54148,-12.585,23,1,0.5407,0.000989
DuelingDQN,deceptive_grid,3,798,54156,6.09,8,1,0.5406,0.001066
DuelingDQN,deceptive_grid,3,799,54180,-27.7,24,1,0.5404,0.000777
DuelingDQN,deceptive_grid,3,800,54207,-10.085,27,1,0.5402,0.0007
DQN,deceptive_grid,4,1,200,-292.58,200,0,0.9983,
DQN,deceptive_grid,4,2,400,-248.225,200,0,0.9966,
DQN,deceptive_grid,4,3,433,-23.45,33,1,0.9963,
DQN,deceptive_grid,4,4,529,-124.19,96,1,0.9955,
DQN,deceptive_grid,4,5,729,-263.305,200,0,0.9938,
DQN,deceptive_grid,4,6,929,-291.0,200,0,0.9921,
DQN,deceptive_grid,4,7,1129,-275.94,200,0,0.9904,0.497657
DQN,deceptive_grid,4,8,1329,-273.135,200,0,0.9887,0.328509
DQN,deceptive_grid,4,9,1500,-183.835,171,1,0.9873,0.278342
DQN,deceptive_grid,4,10,1700,-224.505,200,0,0.9856,0.260688
DQN,deceptive_grid,4,11,1900,-206.285,200,0,0.9839,0.21849
DQN,deceptive_grid,4,12,2100,-267.78,200,0,0.9822,0.218493
DQN,deceptive_grid,4,13,2160,-65.205,60,1,0.9817,0.201919
DQN,deceptive_grid,4,14,2189,-28.26,29,1,0.9814,0.232803
DQN,deceptive_grid,4,15,2389,-258.95,200,0,0.9797,0.201745
DQN,deceptive_grid,4,16,2560,-176.92,171,1,0.9783,0.169043
DQN,deceptive_grid,4,17,2760,-264.335,200,0,0.9766,0.174963
DQN,deceptive_grid,4,18,2960,-299.2,200,0,0.9749,0.153598
DQN,deceptive_grid,4,19,3160,-218.305,200,0,0.9732,0.169019
DQN,deceptive_grid,4,20,3360,-265.99,200,0,0.9715,0.137655
DQN,deceptive_grid,4,21,3538,-221.92,178,1,0.97,0.126699
DQN,deceptive_grid,4,22,3738,-219.3,200,0,0.9683,0.125225
DQN,deceptive_grid,4,23,3938,-263.02,200,0,0.9666,0.129213
DQN,deceptive_grid,4,24,4138,-304.17,200,0,0.9649,0.114174
DQN,deceptive_grid,4,25,4338,-233.765,200,0,0.9632,0.10091
DQN,deceptive_grid,4,26,4538,-309.735,200,0,0.9615,0.11567
DQN,deceptive_grid,4,27,4738,-212.655,200,0,0.9598,0.107098
DQN,deceptive_grid,4,28,4740,10.005,2,1,0.9598,0.050663
DQN,deceptive_grid,4,29,4819,-79.02,79,1,0.9591,0.086288
DQN,deceptive_grid,4,30,4844,-18.11,25,1,0.9589,0.105246
DQN,deceptive_grid,4,31,5017,-222.6,173,1,0.9574,0.112518
DQN,deceptive_grid,4,32,5120,-102.645,103,1,0.9566,0.101307
DQN,deceptive_grid,4,33,5320,-254.35,200,0,0.9549,0.090766
DQN,deceptive_grid,4,34,5520,-301.43,200,0,0.9532,0.089833
DQN,deceptive_grid,4,35,5703,-206.23,183,1,0.9516,0.097196
DQN,deceptive_grid,4,36,5800,-96.705,97,1,0.9508,0.086926
DQN,deceptive_grid,4,37,6000,-226.995,200,0,0.9491,0.08925
DQN,deceptive_grid,4,38,6200,-210.175,200,0,0.9474,0.09357
DQN,deceptive_grid,4,39,6400,-196.81,200,0,0.9457,0.088105
DQN,deceptive_grid,4,40,6600,-273.485,200,0,0.944,0.091374
DQN,deceptive_grid,4,41,6800,-222.3,200,0,0.9423,0.07124
DQN,deceptive_grid,4,42,7000,-376.07,200,0,0.9406,0.076832
DQN,deceptive_grid,4,43,7200,-237.805,200,0,0.9389,0.087627
DQN,deceptive_grid,4,44,7400,-232.84,200,0,0.9372,0.068769
DQN,deceptive_grid,4,45,7600,-240.195,200,0,0.9355,0.068678
DQN,deceptive_grid,4,46,7800,-252.09,200,0,0.9338,0.069972
DQN,deceptive_grid,4,47,8000,-263.585,200,0,0.9321,0.091891
DQN,deceptive_grid,4,48,8200,-242.17,200,0,0.9304,0.073324
DQN,deceptive_grid,4,49,8400,-270.02,200,0,0.9287,0.06942
DQN,deceptive_grid,4,50,8600,-344.98,200,0,0.9271,0.072091
DQN,deceptive_grid,4,51,8800,-291.505,200,0,0.9254,0.086094
DQN,deceptive_grid,4,52,9000,-240.83,200,0,0.9237,0.075587
DQN,deceptive_grid,4,53,9003,5.01,3,1,0.9236,0.373278
DQN,deceptive_grid,4,54,9203,-259.54,200,0,0.9219,0.089478
DQN,deceptive_grid,4,55,9403,-189.705,200,0,0.9202,0.066786
DQN,deceptive_grid,4,56,9416,-6.325,13,1,0.9201,0.08206
DQN,deceptive_grid,4,57,9616,-246.76,200,0,0.9184,0.074249
DQN,deceptive_grid,4,58,9816,-275.985,200,0,0.9167,0.076063
DQN,deceptive_grid,4,59,10016,-216.685,200,0,0.915,0.070648
DQN,deceptive_grid,4,60,10216,-273.37,200,0,0.9133,0.075353
DQN,deceptive_grid,4,61,10416,-222.45,200,0,0.9116,0.081721
DQN,deceptive_grid,4,62,10616,-247.575,200,0,0.91,0.081454
DQN,deceptive_grid,4,63,10738,-140.915,122,1,0.9089,0.074684
DQN,deceptive_grid,4,64,10900,-217.78,162,1,0.9075,0.091369
DQN,deceptive_grid,4,65,11100,-207.055,200,0,0.9058,0.075766
DQN,deceptive_grid,4,66,11113,-0.655,13,1,0.9057,0.055066
DQN,deceptive_grid,4,67,11210,-88.41,97,1,0.9049,0.081667
DQN,deceptive_grid,4,68,11410,-215.15,200,0,0.9032,0.066891
DQN,deceptive_grid,4,69,11610,-294.92,200,0,0.9015,0.073006
DQN,deceptive_grid,4,70,11810,-286.31,200,0,0.8998,0.082553
DQN,deceptive_grid,4,71,11937,-134.305,127,1,0.8987,0.076919
DQN,deceptive_grid,4,72,11971,-22.765,34,1,0.8985,0.090362
DQN,deceptive_grid,4,73,12171,-285.015,200,0,0.8968,0.078397
DQN,deceptive_grid,4,74,12371,-280.03,200,0,0.8951,0.09151
DQN,deceptive_grid,4,75,12571,-277.545,200,0,0.8934,0.073863
DQN,deceptive_grid,4,76,12707,-183.635,136,1,0.8922,0.082633
DQN,deceptive_grid,4,77,12907,-229.86,200,0,0.8905,0.09243
DQN,deceptive_grid,4,78,13107,-235.02,200,0,0.8888,0.084221
DQN,deceptive_grid,4,79,13307,-193.125,200,0,0.8871,0.065838
DQN,deceptive_grid,4,80,13368,-44.33,61,1,0.8866,0.073144
DQN,deceptive_grid,4,81,13452,-119.14,84,1,0.8859,0.074108
DQN,deceptive_grid,4,82,13473,-6.07,21,1,0.8857,0.125919
DQN,deceptive_grid,4,83,13673,-252.585,200,0,0.884,0.079162
DQN,deceptive_grid,4,84,13798,-132.61,125,1,0.883,0.063656
DQN,deceptive_grid,4,85,13986,-217.635,188,1,0.8814,0.068888
DQN,deceptive_grid,4,86,14186,-236.025,200,0,0.8797,0.080006
DQN,deceptive_grid,4,87,14275,-103.075,89,1,0.8789,0.062643
DQN,deceptive_grid,4,88,14475,-247.205,200,0,0.8772,0.064219
DQN,deceptive_grid,4,89,14630,-187.115,155,1,0.8759,0.078876
DQN,deceptive_grid,4,90,14808,-186.545,178,1,0.8744,0.075745
DQN,deceptive_grid,4,91,14924,-163.415,116,1,0.8734,0.089175
DQN,deceptive_grid,4,92,15056,-134.215,132,1,0.8723,0.098405
DQN,deceptive_grid,4,93,15187,-162.63,131,1,0.8712,0.051457
DQN,deceptive_grid,4,94,15384,-185.48,197,1,0.8695,0.078904
DQN,deceptive_grid,4,95,15495,-144.2,111,1,0.8686,0.100364
DQN,deceptive_grid,4,96,15561,-66.285,66,1,0.868,0.125435
DQN,deceptive_grid,4,97,15761,-202.785,200,0,0.8663,0.100503
DQN,deceptive_grid,4,98,15816,-52.795,55,1,0.8658,0.087457
DQN,deceptive_grid,4,99,16016,-242.86,200,0,0.8641,0.079107
DQN,deceptive_grid,4,100,16216,-266.74,200,0,0.8625,0.082969
DQN,deceptive_grid,4,101,16348,-172.905,132,1,0.8613,0.095459
DQN,deceptive_grid,4,102,16372,-12.805,24,1,0.8611,0.099122
DQN,deceptive_grid,4,103,16572,-226.275,200,0,0.8594,0.102063
DQN,deceptive_grid,4,104,16756,-199.15,184,1,0.8579,0.098211
DQN,deceptive_grid,4,105,16937,-177.98,181,1,0.8563,0.092192
DQN,deceptive_grid,4,106,16970,-27.93,33,1,0.8561,0.064837
DQN,deceptive_grid,4,107,17143,-192.105,173,1,0.8546,0.103561
DQN,deceptive_grid,4,108,17241,-121.06,98,1,0.8538,0.101726
DQN,deceptive_grid,4,109,17441,-208.015,200,0,0.8521,0.076094
DQN,deceptive_grid,4,110,17493,-59.455,52,1,0.8516,0.097501
DQN,deceptive_grid,4,111,17517,-20.985,24,1,0.8514,0.109494
DQN,deceptive_grid,4,112,17717,-241.73,200,0,0.8497,0.097197
DQN,deceptive_grid,4,113,17719,10.005,2,1,0.8497,0.029671
DQN,deceptive_grid,4,114,17860,-168.21,141,1,0.8485,0.112254
DQN,deceptive_grid,4,115,18011,-158.735,151,1,0.8472,0.120469
DQN,deceptive_grid,4,116,18093,-91.835,82,1,0.8465,0.115097
DQN,deceptive_grid,4,117,18180,-92.955,87,1,0.8458,0.088472
DQN,deceptive_grid,4,118,18216,-42.825,36,1,0.8455,0.071438
DQN,deceptive_grid,4,119,18416,-224.99,200,0,0.8438,0.131238
DQN,deceptive_grid,4,120,18563,-150.255,147,1,0.8425,0.129027
DQN,deceptive_grid,4,121,18684,-145.69,121,1,0.8415,0.100745
DQN,deceptive_grid,4,122,18728,-36.775,44,1,0.8411,0.11236
DQN,deceptive_grid,4,123,18928,-228.345,200,0,0.8395,0.121861
DQN,deceptive_grid,4,124,18950,-14.495,22,1,0.8393,0.124256
DQN,deceptive_grid,4,125,18964,-9.835,14,1,0.8391,0.10903
DQN,deceptive_grid,4,126,18987,-9.095,23,1,0.8389,0.119461
DQN,deceptive_grid,4,127,19187,-204.825,200,0,0.8373,0.128342
DQN,deceptive_grid,4,128,19248,-57.99,61,1,0.8367,0.134068
DQN,deceptive_grid,4,129,19340,-94.725,92,1,0.836,0.126739
DQN,deceptive_grid,4,130,19506,-181.71,166,1,0.8345,0.141194
DQN,deceptive_grid,4,131,19626,-100.99,120,1,0.8335,0.139661
DQN,deceptive_grid,4,132,19675,-46.875,49,1,0.8331,0.156867
DQN,deceptive_grid,4,133,19705,-14.135,30,1,0.8329,0.161257
DQN,deceptive_grid,4,134,19905,-246.24,200,0,0.8312,0.120024
DQN,deceptive_grid,4,135,20105,-221.525,200,0,0.8295,0.131406
DQN,deceptive_grid,4,136,20247,-143.055,142,1,0.8283,0.145608
DQN,deceptive_grid,4,137,20254,-2.46,7,1,0.8282,0.117446
DQN,deceptive_grid,4,138,20375,-113.84,121,1,0.8272,0.141508
DQN,deceptive_grid,4,139,20519,-148.415,144,1,0.826,0.159412
DQN,deceptive_grid,4,140,20540,-11.76,21,1,0.8258,0.146363
DQN,deceptive_grid,4,141,20604,-81.515,64,1,0.8252,0.171007
DQN,deceptive_grid,4,142,20650,-26.6,46,1,0.8248,0.169903
DQN,deceptive_grid,4,143,20657,6.595,7,1,0.8248,0.090841
DQN,deceptive_grid,4,144,20834,-180.86,177,1,0.8233,0.135245
DQN,deceptive_grid,4,145,20938,-103.275,104,1,0.8224,0.158183
DQN,deceptive_grid,4,146,20950,-3.395,12,1,0.8223,0.098543
DQN,deceptive_grid,4,147,21036,-80.33,86,1,0.8216,0.179616
DQN,deceptive_grid,4,148,21106,-74.48,70,1,0.821,0.176058
DQN,deceptive_grid,4,149,21169,-58.715,63,1,0.8204,0.171068
DQN,deceptive_grid,4,150,21349,-216.695,180,1,0.8189,0.162264
DQN,deceptive_grid,4,151,21475,-118.025,126,1,0.8178,0.130834
DQN,deceptive_grid,4,152,21675,-341.135,200,0,0.8161,0.185351
DQN,deceptive_grid,4,153,21798,-106.95,123,1,0.8151,0.191395
DQN,deceptive_grid,4,154,21879,-56.26,81,1,0.8144,0.16926
DQN,deceptive_grid,4,155,21941,-85.405,62,1,0.8139,0.164429
DQN,deceptive_grid,4,156,22141,-247.595,200,0,0.8122,0.194282
DQN,deceptive_grid,4,157,22330,-220.06,189,1,0.8106,0.183098
DQN,deceptive_grid,4,158,22388,-54.705,58,1,0.8101,0.14455
DQN,deceptive_grid,4,159,22410,-12.175,22,1,0.8099,0.157796
DQN,deceptive_grid,4,160,22545,-169.825,135,1,0.8088,0.206188
DQN,deceptive_grid,4,161,22657,-146.14,112,1,0.8078,0.208998
DQN,deceptive_grid,4,162,22828,-165.3,171,1,0.8064,0.207249
DQN,deceptive_grid,4,163,22942,-100.59,114,1,0.8054,0.212457
DQN,deceptive_grid,4,164,23142,-303.17,200,0,0.8037,0.243526
DQN,deceptive_grid,4,165,23232,-93.025,90,1,0.8029,0.246912
DQN,deceptive_grid,4,166,23323,-90.29,91,1,0.8022,0.225641
DQN,deceptive_grid,4,167,23437,-106.155,114,1,0.8012,0.223569
DQN,deceptive_grid,4,168,23532,-114.175,95,1,0.8004,0.269154
DQN,deceptive_grid,4,169,23547,-5.85,15,1,0.8003,0.249525
DQN,deceptive_grid,4,170,23747,-212.22,200,0,0.7986,0.269273
DQN,deceptive_grid,4,171,23947,-282.745,200,0,0.7969,0.230339
DQN,deceptive_grid,4,172,24062,-119.79,115,1,0.7959,0.273902
DQN,deceptive_grid,4,173,24126,-62.525,64,1,0.7954,0.31735
DQN,deceptive_grid,4,174,24210,-107.42,84,1,0.7946,0.297252
DQN,deceptive_grid,4,175,24253,-42.25,43,1,0.7943,0.273803
DQN,deceptive_grid,4,176,24368,-114.39,115,1,0.7933,0.25767
DQN,deceptive_grid,4,177,24427,-56.005,59,1,0.7928,0.260635
DQN,deceptive_grid,4,178,24527,-91.73,100,1,0.792,0.28134
DQN,deceptive_grid,4,179,24714,-217.165,187,1,0.7904,0.300375
DQN,deceptive_grid,4,180,24836,-181.92,122,1,0.7893,0.281806
DQN,deceptive_grid,4,181,24938,-135.345,102,1,0.7885,0.281335
DQN,deceptive_grid,4,182,25021,-66.505,83,1,0.7878,0.331706
DQN,deceptive_grid,4,183,25096,-67.37,75,1,0.7871,0.324248
DQN,deceptive_grid,4,184,25160,-62.55,64,1,0.7866,0.308252
DQN,deceptive_grid,4,185,25188,-25.875,28,1,0.7864,0.299141
DQN,deceptive_grid,4,186,25236,-32.655,48,1,0.7859,0.285915
DQN,deceptive_grid,4,187,25348,-111.475,112,1,0.785,0.295191
DQN,deceptive_grid,4,188,25497,-151.815,149,1,0.7837,0.273666
DQN,deceptive_grid,4,189,25511,-4.275,14,1,0.7836,0.41278
DQN,deceptive_grid,4,190,25542,-14.585,31,1,0.7833,0.342242
DQN,deceptive_grid,4,191,25639,-102.35,97,1,0.7825,0.305286
DQN,deceptive_grid,4,192,25705,-75.355,66,1,0.782,0.312838
DQN,deceptive_grid,4,193,25746,-23.05,41,1,0.7816,0.279231
DQN,deceptive_grid,4,194,25944,-224.82,198,1,0.7799,0.286353
DQN,deceptive_grid,4,195,26060,-117.685,116,1,0.779,0.320853
DQN,deceptive_grid,4,196,26211,-168.715,151,1,0.7777,0.292728
DQN,deceptive_grid,4,197,26293,-63.125,82,1,0.777,0.259705
DQN,deceptive_grid,4,198,26493,-229.28,200,0,0.7753,0.282351
DQN,deceptive_grid,4,199,26561,-57.795,68,1,0.7747,0.355107
DQN,deceptive_grid,4,200,26578,-13.625,17,1,0.7746,0.313242
DQN,deceptive_grid,4,201,26650,-74.625,72,1,0.774,0.264444
DQN,deceptive_grid,4,202,26745,-87.525,95,1,0.7731,0.280193
DQN,deceptive_grid,4,203,26842,-125.25,97,1,0.7723,0.265255
DQN,deceptive_grid,4,204,27041,-200.71,199,1,0.7706,0.274864
DQN,deceptive_grid,4,205,27073,-20.72,32,1,0.7704,0.293952
DQN,deceptive_grid,4,206,27105,-25.455,32,1,0.7701,0.281465
DQN,deceptive_grid,4,207,27208,-97.865,103,1,0.7692,0.291026
DQN,deceptive_grid,4,208,27273,-66.09,65,1,0.7687,0.244562
DQN,deceptive_grid,4,209,27321,-46.41,48,1,0.7683,0.246242
DQN,deceptive_grid,4,210,27395,-66.545,74,1,0.7676,0.239031
DQN,deceptive_grid,4,211,27540,-144.74,145,1,0.7664,0.26768
DQN,deceptive_grid,4,212,27589,-43.95,49,1,0.766,0.274826
DQN,deceptive_grid,4,213,27632,-30.6,43,1,0.7656,0.277635
DQN,deceptive_grid,4,214,27769,-133.055,137,1,0.7645,0.246433
DQN,deceptive_grid,4,215,27832,-79.53,63,1,0.7639,0.227445
DQN,deceptive_grid,4,216,27841,-2.38,9,1,0.7638,0.243858
DQN,deceptive_grid,4,217,27860,-3.065,19,1,0.7637,0.271625
DQN,deceptive_grid,4,218,28025,-221.75,165,1,0.7623,0.268872
DQN,deceptive_grid,4,219,28045,-5.6,20,1,0.7621,0.315387
DQN,deceptive_grid,4,220,28100,-38.045,55,1,0.7617,0.288247
DQN,deceptive_grid,4,221,28176,-71.785,76,1,0.761,0.263678
DQN,deceptive_grid,4,222,28308,-139.73,132,1,0.7599,0.243977
DQN,deceptive_grid,4,223,28432,-127.125,124,1,0.7588,0.246321
DQN,deceptive_grid,4,224,28572,-130.515,140,1,0.7576,0.271912
DQN,deceptive_grid,4,225,28642,-70.11,70,1,0.7571,0.259539
DQN,deceptive_grid,4,226,28656,-8.9,14,1,0.7569,0.25437
DQN,deceptive_grid,4,227,28695,-32.565,39,1,0.7566,0.267277
DQN,deceptive_grid,4,228,28709,0.305,14,1,0.7565,0.252588
DQN,deceptive_grid,4,229,28795,-94.99,86,1,0.7558,0.249582
DQN,deceptive_grid,4,230,28844,-52.92,49,1,0.7553,0.241831
DQN,deceptive_grid,4,231,28974,-160.78,130,1,0.7542,0.212329
DQN,deceptive_grid,4,232,29048,-63.645,74,1,0.7536,0.312703
DQN,deceptive_grid,4,233,29091,-31.06,43,1,0.7532,0.292578
DQN,deceptive_grid,4,234,29147,-51.81,56,1,0.7528,0.260396
DQN,deceptive_grid,4,235,29331,-217.965,184,1,0.7512,0.26217
DQN,deceptive_grid,4,236,29365,-21.765,34,1,0.7509,0.26333
DQN,deceptive_grid,4,237,29556,-253.5,191,1,0.7493,0.262135
DQN,deceptive_grid,4,238,29655,-96.765,99,1,0.7485,0.276407
DQN,deceptive_grid,4,239,29737,-66.38,82,1,0.7478,0.265506
DQN,deceptive_grid,4,240,29749,2.17,12,1,0.7477,0.253394
DQN,deceptive_grid,4,241,29776,-12.675,27,1,0.7474,0.240579
DQN,deceptive_grid,4,242,29803,-11.915,27,1,0.7472,0.253454
DQN,deceptive_grid,4,243,29865,-60.305,62,1,0.7467,0.266476
DQN,deceptive_grid,4,244,29960,-101.54,95,1,0.7459,0.237233
DQN,deceptive_grid,4,245,29977,-4.615,17,1,0.7457,0.248354
DQN,deceptive_grid,4,246,29995,-21.785,18,1,0.7456,0.216207
DQN,deceptive_grid,4,247,30102,-87.235,107,1,0.7447,0.319949
DQN,deceptive_grid,4,248,30164,-41.285,62,1,0.7441,0.280405
DQN,deceptive_grid,4,249,30230,-47.315,66,1,0.7436,0.250015
DQN,deceptive_grid,4,250,30248,-8.205,18,1,0.7434,0.24791
DQN,deceptive_grid,4,251,30305,-53.505,57,1,0.7429,0.250725
DQN,deceptive_grid,4,252,30407,-96.645,102,1,0.7421,0.244878
DQN,deceptive_grid,4,253,30425,-2.635,18,1,0.7419,0.242209
DQN,deceptive_grid,4,254,30475,-29.825,50,1,0.7415,0.230807
DQN,deceptive_grid,4,255,30523,-52.255,48,1,0.7411,0.303748
DQN,deceptive_grid,4,256,30543,-6.925,20,1,0.7409,0.267131
DQN,deceptive_grid,4,257,30643,-136.355,100,1,0.7401,0.264672
DQN,deceptive_grid,4,258,30713,-74.655,70,1,0.7395,0.246446
DQN,deceptive_grid,4,259,30773,-39.89,60,1,0.739,0.239044
DQN,deceptive_grid,4,260,30894,-125.995,121,1,0.738,0.22431
DQN,deceptive_grid,4,261,30943,-39.115,49,1,0.7375,0.232514
DQN,deceptive_grid,4,262,30956,1.72,13,1,0.7374,0.215318
DQN,deceptive_grid,4,263,30991,-27.705,35,1,0.7371,0.225616
DQN,deceptive_grid,4,264,31009,-4.795,18,1,0.737,0.327711
DQN,deceptive_grid,4,265,31129,-165.115,120,1,0.736,0.253271
DQN,deceptive_grid,4,266,31213,-95.98,84,1,0.7352,0.228857
DQN,deceptive_grid,4,267,31235,-7.515,22,1,0.7351,0.220842
DQN,deceptive_grid,4,268,31331,-92.77,96,1,0.7342,0.217778
DQN,deceptive_grid,4,269,31496,-177.16,165,1,0.7328,0.205015
DQN,deceptive_grid,4,270,31550,-40.505,54,1,0.7324,0.300347
DQN,deceptive_grid,4,271,31564,1.325,14,1,0.7323,0.26223
DQN,deceptive_grid,4,272,31603,-26.725,39,1,0.7319,0.207851
DQN,deceptive_grid,4,273,31637,-20.445,34,1,0.7317,0.198457
DQN,deceptive_grid,4,274,31716,-89.015,79,1,0.731,0.188049
DQN,deceptive_grid,4,275,31813,-92.28,97,1,0.7302,0.194708
DQN,deceptive_grid,4,276,31818,3.04,5,1,0.7301,0.162448
DQN,deceptive_grid,4,277,31898,-66.715,80,1,0.7294,0.178265
DQN,deceptive_grid,4,278,31988,-87.855,90,1,0.7287,0.180998
DQN,deceptive_grid,4,279,32176,-238.225,188,1,0.7271,0.222311
DQN,deceptive_grid,4,280,32216,-30.755,40,1,0.7267,0.180239
DQN,deceptive_grid,4,281,32235,-10.95,19,1,0.7266,0.201097
DQN,deceptive_grid,4,282,32324,-89.34,89,1,0.7258,0.173552
DQN,deceptive_grid,4,283,32347,-25.26,23,1,0.7256,0.177336
DQN,deceptive_grid,4,284,32370,-12.605,23,1,0.7254,0.175075
DQN,deceptive_grid,4,285,32469,-117.955,99,1,0.7246,0.182184
DQN,deceptive_grid,4,286,32531,-66.625,62,1,0.7241,0.213446
DQN,deceptive_grid,4,287,32570,-22.7,39,1,0.7237,0.189673
DQN,deceptive_grid,4,288,32611,-31.445,41,1,0.7234,0.209273
DQN,deceptive_grid,4,289,32630,-8.66,19,1,0.7232,0.198763
DQN,deceptive_grid,4,290,32676,-37.78,46,1,0.7228,0.175503
DQN,deceptive_grid,4,291,32745,-58.54,69,1,0.7223,0.173994
DQN,deceptive_grid,4,292,32771,-18.245,26,1,0.722,0.163593
DQN,deceptive_grid,4,293,32856,-66.225,85,1,0.7213,0.174496
DQN,deceptive_grid,4,294,32935,-92.855,79,1,0.7206,0.159635
DQN,deceptive_grid,4,295,33071,-123.95,136,1,0.7195,0.18927
DQN,deceptive_grid,4,296,33089,-7.165,18,1,0.7193,0.172349
DQN,deceptive_grid,4,297,33108,-13.14,19,1,0.7192,0.153866
DQN,deceptive_grid,4,298,33186,-82.295,78,1,0.7185,0.163498
DQN,deceptive_grid,4,299,33261,-66.105,75,1,0.7179,0.156702
DQN,deceptive_grid,4,300,33356,-110.715,95,1,0.7171,0.142366
DQN,deceptive_grid,4,301,33387,-25.245,31,1,0.7168,0.15498
DQN,deceptive_grid,4,302,33423,-27.475,36,1,0.7165,0.143079
DQN,deceptive_grid,4,303,33501,-82.27,78,1,0.7158,0.152222
DQN,deceptive_grid,4,304,33510,5.65,9,1,0.7158,0.254922
DQN,deceptive_grid,4,305,33568,-58.095,58,1,0.7153,0.189556
DQN,deceptive_grid,4,306,33581,1.72,13,1,0.7152,0.144237
DQN,deceptive_grid,4,307,33646,-57.64,65,1,0.7146,0.166141
DQN,deceptive_grid,4,308,33705,-60.58,59,1,0.7141,0.159504
DQN,deceptive_grid,4,309,33772,-62.89,67,1,0.7135,0.146732
DQN,deceptive_grid,4,310,33907,-160.68,135,1,0.7124,0.147197
DQN,deceptive_grid,4,311,34019,-97.475,112,1,0.7114,0.170876
DQN,deceptive_grid,4,312,34111,-89.425,92,1,0.7107,0.156595
DQN,deceptive_grid,4,313,34178,-49.99,67,1,0.7101,0.152042
DQN,deceptive_grid,4,314,34196,-3.625,18,1,0.7099,0.152243
DQN,deceptive_grid,4,315,34281,-74.705,85,1,0.7092,0.147915
DQN,deceptive_grid,4,316,34294,-2.725,13,1,0.7091,0.134532
DQN,deceptive_grid,4,317,34330,-25.235,36,1,0.7088,0.13285
DQN,deceptive_grid,4,318,34386,-53.44,56,1,0.7083,0.148777
DQN,deceptive_grid,4,319,34406,-3.44,20,1,0.7082,0.136281
DQN,deceptive_grid,4,320,34500,-93.51,94,1,0.7074,0.137706
DQN,deceptive_grid,4,321,34532,-14.03,32,1,0.7071,0.255595
DQN,deceptive_grid,4,322,34545,-3.825,13,1,0.707,0.171874
DQN,deceptive_grid,4,323,34635,-80.145,90,1,0.7062,0.152313
DQN,deceptive_grid,4,324,34676,-22.97,41,1,0.7059,0.154122
DQN,deceptive_grid,4,325,34717,-25.51,41,1,0.7055,0.13063
DQN,deceptive_grid,4,326,34764,-41.545,47,1,0.7051,0.126333
DQN,deceptive_grid,4,327,34826,-57.795,62,1,0.7046,0.124598
DQN,deceptive_grid,4,328,34884,-44.82,58,1,0.7041,0.121669
DQN,deceptive_grid,4,329,34932,-39.435,48,1,0.7037,0.113231
DQN,deceptive_grid,4,330,34987,-44.19,55,1,0.7032,0.114792
DQN,deceptive_grid,4,331,35023,-21.27,36,1,0.7029,0.170406
DQN,deceptive_grid,4,332,35111,-91.4,88,1,0.7022,0.142401
DQN,deceptive_grid,4,333,35154,-42.235,43,1,0.7018,0.117848
DQN,deceptive_grid,4,334,35284,-116.125,130,1,0.7007,0.119302
DQN,deceptive_grid,4,335,35331,-37.2,47,1,0.7003,0.10507
DQN,deceptive_grid,4,336,35402,-59.7,71,1,0.6997,0.109213
DQN,deceptive_grid,4,337,35554,-147.865,152,1,0.6984,0.127424
DQN,deceptive_grid,4,338,35576,-27.22,22,1,0.6982,0.119196
DQN,deceptive_grid,4,339,35617,-32.57,41,1,0.6979,0.121466
DQN,deceptive_grid,4,340,35629,-9.295,12,1,0.6978,0.105669
DQN,deceptive_grid,4,341,35651,-8.78,22,1,0.6976,0.12353
DQN,deceptive_grid,4,342,35663,4.28,12,1,0.6975,0.125117
DQN,deceptive_grid,4,343,35703,-21.3,40,1,0.6972,0.123809
DQN,deceptive_grid,4,344,35710,5.565,7,1,0.6971,0.101138
DQN,deceptive_grid,4,345,35840,-156.1,130,1,0.696,0.109535
DQN,deceptive_grid,4,346,35868,-22.72,28,1,0.6958,0.106989
DQN,deceptive_grid,4,347,35915,-40.16,47,1,0.6954,0.112415
DQN,deceptive_grid,4,348,36018,-126.675,103,1,0.6945,0.119288
DQN,deceptive_grid,4,349,36065,-30.985,47,1,0.6941,0.129673
DQN,deceptive_grid,4,350,36135,-52.0,70,1,0.6935,0.113706
DQN,deceptive_grid,4,351,36176,-52.765,41,1,0.6931,0.099282
DQN,deceptive_grid,4,352,36242,-62.395,66,1,0.6926,0.097312
DQN,deceptive_grid,4,353,36278,-45.98,36,1,0.6923,0.102178
DQN,deceptive_grid,4,354,36328,-40.275,50,1,0.6919,0.092677
DQN,deceptive_grid,4,355,36386,-57.615,58,1,0.6914,0.093055
DQN,deceptive_grid,4,356,36419,-15.54,33,1,0.6911,0.082058
DQN,deceptive_grid,4,357,36471,-43.57,52,1,0.6906,0.091162
DQN,deceptive_grid,4,358,36504,-23.715,33,1,0.6904,0.120277
DQN,deceptive_grid,4,359,36575,-80.2,71,1,0.6898,0.126022
DQN,deceptive_grid,4,360,36606,-34.355,31,1,0.6895,0.087269
DQN,deceptive_grid,4,361,36628,-14.515,22,1,0.6893,0.096235
DQN,deceptive_grid,4,362,36685,-44.15,57,1,0.6888,0.091041
DQN,deceptive_grid,4,363,36728,-25.9,43,1,0.6885,0.089108
DQN,deceptive_grid,4,364,36841,-98.435,113,1,0.6875,0.089169
DQN,deceptive_grid,4,365,36904,-72.735,63,1,0.687,0.080986
DQN,deceptive_grid,4,366,36912,1.58,8,1,0.6869,0.097952
DQN,deceptive_grid,4,367,36981,-62.02,69,1,0.6863,0.086893
DQN,deceptive_grid,4,368,37063,-69.275,82,1,0.6856,0.117119
DQN,deceptive_grid,4,369,37097,-34.375,34,1,0.6853,0.085185
DQN,deceptive_grid,4,370,37132,-28.935,35,1,0.685,0.092346
DQN,deceptive_grid,4,371,37217,-63.88,85,1,0.6843,0.086806
DQN,deceptive_grid,4,372,37287,-76.125,70,1,0.6837,0.077182
DQN,deceptive_grid,4,373,37380,-81.16,93,1,0.6829,0.080451
DQN,deceptive_grid,4,374,37446,-50.4,66,1,0.6824,0.074649
DQN,deceptive_grid,4,375,37500,-44.545,54,1,0.6819,0.072508
DQN,deceptive_grid,4,376,37555,-37.465,55,1,0.6815,0.107434
DQN,deceptive_grid,4,377,37612,-33.91,57,1,0.681,0.086781
DQN,deceptive_grid,4,378,37695,-88.945,83,1,0.6803,0.069494
DQN,deceptive_grid,4,379,37754,-49.185,59,1,0.6798,0.074622
DQN,deceptive_grid,4,380,37776,-11.935,22,1,0.6796,0.068213
DQN,deceptive_grid,4,381,37800,-7.48,24,1,0.6794,0.072897
DQN,deceptive_grid,4,382,37830,-19.83,30,1,0.6791,0.067847
DQN,deceptive_grid,4,383,37845,1.885,15,1,0.679,0.077837
DQN,deceptive_grid,4,384,37919,-54.05,74,1,0.6784,0.069566
DQN,deceptive_grid,4,385,37948,-17.585,29,1,0.6781,0.075371
DQN,deceptive_grid,4,386,37976,-26.3,28,1,0.6779,0.062359
DQN,deceptive_grid,4,387,37996,-16.905,20,1,0.6777,0.060963
DQN,deceptive_grid,4,388,38080,-72.09,84,1,0.677,0.084254
DQN,deceptive_grid,4,389,38177,-112.54,97,1,0.6762,0.069347
DQN,deceptive_grid,4,390,38191,-3.2,14,1,0.6761,0.064856
DQN,deceptive_grid,4,391,38240,-42.66,49,1,0.6756,0.067507
DQN,deceptive_grid,4,392,38273,-16.465,33,1,0.6754,0.06057
DQN,deceptive_grid,4,393,38340,-64.55,67,1,0.6748,0.061765
DQN,deceptive_grid,4,394,38375,-31.075,35,1,0.6745,0.051222
DQN,deceptive_grid,4,395,38434,-39.125,59,1,0.674,0.053079
DQN,deceptive_grid,4,396,38445,4.775,11,1,0.6739,0.049236
DQN,deceptive_grid,4,397,38509,-57.345,64,1,0.6734,0.063109
DQN,deceptive_grid,4,398,38561,-58.825,52,1,0.6729,0.073003
DQN,deceptive_grid,4,399,38622,-64.49,61,1,0.6724,0.063222
DQN,deceptive_grid,4,400,38674,-50.925,52,1,0.672,0.066491
DQN,deceptive_grid,4,401,38728,-47.765,54,1,0.6715,0.059438
DQN,deceptive_grid,4,402,38744,-14.28,16,1,0.6714,0.05892
DQN,deceptive_grid,4,403,38772,-17.925,28,1,0.6711,0.064068
DQN,deceptive_grid,4,404,38827,-72.37,55,1,0.6707,0.055418
DQN,deceptive_grid,4,405,38847,-7.835,20,1,0.6705,0.052281
DQN,deceptive_grid,4,406,38868,-8.51,21,1,0.6703,0.04974
DQN,deceptive_grid,4,407,39002,-136.08,134,1,0.6692,0.053016
DQN,deceptive_grid,4,408,39065,-78.005,63,1,0.6686,0.070406
DQN,deceptive_grid,4,409,39124,-37.005,59,1,0.6681,0.054493
DQN,deceptive_grid,4,410,39129,7.53,5,1,0.6681,0.053786
DQN,deceptive_grid,4,411,39141,1.15,12,1,0.668,0.054354
DQN,deceptive_grid,4,412,39185,-31.995,44,1,0.6676,0.050518
DQN,deceptive_grid,4,413,39215,-25.83,30,1,0.6674,0.04587
DQN,deceptive_grid,4,414,39222,5.595,7,1,0.6673,0.047877
DQN,deceptive_grid,4,415,39264,-29.86,42,1,0.667,0.048697
DQN,deceptive_grid,4,416,39331,-71.865,67,1,0.6664,0.045498
DQN,deceptive_grid,4,417,39395,-53.965,64,1,0.6658,0.042595
DQN,deceptive_grid,4,418,39413,-14.14,18,1,0.6657,0.050374
DQN,deceptive_grid,4,419,39528,-103.355,115,1,0.6647,0.050623
DQN,deceptive_grid,4,420,39552,-12.09,24,1,0.6645,0.054428
DQN,deceptive_grid,4,421,39568,-2.83,16,1,0.6644,0.050873
DQN,deceptive_grid,4,422,39671,-93.95,103,1,0.6635,0.044719
DQN,deceptive_grid,4,423,39689,-5.755,18,1,0.6634,0.045712
DQN,deceptive_grid,4,424,39699,4.155,10,1,0.6633,0.047075
DQN,deceptive_grid,4,425,39774,-56.26,75,1,0.6626,0.04159
DQN,deceptive_grid,4,426,39819,-43.22,45,1,0.6622,0.039038
DQN,deceptive_grid,4,427,39899,-90.74,80,1,0.6616,0.037482
DQN,deceptive_grid,4,428,39960,-55.985,61,1,0.6611,0.036491
DQN,deceptive_grid,4,429,40017,-45.14,57,1,0.6606,0.04547
DQN,deceptive_grid,4,430,40076,-74.045,59,1,0.6601,0.048707
DQN,deceptive_grid,4,431,40175,-75.08,99,1,0.6592,0.044926
DQN,deceptive_grid,4,432,40195,-1.33,20,1,0.6591,0.035275
DQN,deceptive_grid,4,433,40311,-118.97,116,1,0.6581,0.03793
DQN,deceptive_grid,4,434,40349,-18.325,38,1,0.6578,0.03746
DQN,deceptive_grid,4,435,40384,-13.875,35,1,0.6575,0.030727
DQN,deceptive_grid,4,436,40407,-21.685,23,1,0.6573,0.034693
DQN,deceptive_grid,4,437,40419,3.24,12,1,0.6572,0.035631
DQN,deceptive_grid,4,438,40473,-31.585,54,1,0.6567,0.032831
DQN,deceptive_grid,4,439,40534,-53.45,61,1,0.6562,0.044534
DQN,deceptive_grid,4,440,40578,-36.22,44,1,0.6558,0.045918
DQN,deceptive_grid,4,441,40629,-37.845,51,1,0.6554,0.03614
DQN,deceptive_grid,4,442,40630,10.5,1,1,0.6554,0.045529
DQN,deceptive_grid,4,443,40644,-3.285,14,1,0.6553,0.039702
DQN,deceptive_grid,4,444,40679,-21.03,35,1,0.655,0.036763
DQN,deceptive_grid,4,445,40714,-31.07,35,1,0.6547,0.034099
DQN,deceptive_grid,4,446,40746,-23.06,32,1,0.6544,0.035323
DQN,deceptive_grid,4,447,40788,-22.365,42,1,0.654,0.033679
DQN,deceptive_grid,4,448,40808,-11.36,20,1,0.6539,0.030223
DQN,deceptive_grid,4,449,40832,-17.62,24,1,0.6537,0.029646
DQN,deceptive_grid,4,450,40863,-33.23,31,1,0.6534,0.029871
DQN,deceptive_grid,4,451,40892,-10.18,29,1,0.6531,0.028202
DQN,deceptive_grid,4,452,40935,-30.99,43,1,0.6528,0.030312
DQN,deceptive_grid,4,453,41023,-77.7,88,1,0.652,0.03453
DQN,deceptive_grid,4,454,41044,-16.4,21,1,0.6519,0.040761
DQN,deceptive_grid,4,455,41099,-46.955,55,1,0.6514,0.038453
DQN,deceptive_grid,4,456,41143,-61.61,44,1,0.651,0.037934
DQN,deceptive_grid,4,457,41196,-31.985,53,1,0.6506,0.032408
DQN,deceptive_grid,4,458,41265,-72.98,69,1,0.65,0.029809
DQN,deceptive_grid,4,459,41305,-25.325,40,1,0.6496,0.030167
DQN,deceptive_grid,4,460,41337,-17.345,32,1,0.6494,0.032607
DQN,deceptive_grid,4,461,41376,-24.7,39,1,0.649,0.031254
DQN,deceptive_grid,4,462,41430,-44.24,54,1,0.6486,0.02751
DQN,deceptive_grid,4,463,41486,-41.57,56,1,0.6481,0.026526
DQN,deceptive_grid,4,464,41517,-28.455,31,1,0.6478,0.038295
DQN,deceptive_grid,4,465,41560,-32.36,43,1,0.6475,0.041424
DQN,deceptive_grid,4,466,41601,-28.96,41,1,0.6471,0.036582
DQN,deceptive_grid,4,467,41654,-50.65,53,1,0.6467,0.032385
DQN,deceptive_grid,4,468,41708,-54.54,54,1,0.6462,0.029409
DQN,deceptive_grid,4,469,41761,-53.115,53,1,0.6458,0.029278
DQN,deceptive_grid,4,470,41810,-32.76,49,1,0.6454,0.029696
DQN,deceptive_grid,4,471,41918,-96.155,108,1,0.6444,0.027735
DQN,deceptive_grid,4,472,41977,-52.195,59,1,0.6439,0.027341
DQN,deceptive_grid,4,473,41989,-2.31,12,1,0.6438,0.024699
DQN,deceptive_grid,4,474,42047,-41.295,58,1,0.6434,0.036215
DQN,deceptive_grid,4,475,42064,-3.505,17,1,0.6432,0.032696
DQN,deceptive_grid,4,476,42103,-45.8,39,1,0.6429,0.032953
DQN,deceptive_grid,4,477,42141,-19.325,38,1,0.6426,0.033585
DQN,deceptive_grid,4,478,42196,-60.575,55,1,0.6421,0.027744
DQN,deceptive_grid,4,479,42234,-17.325,38,1,0.6418,0.029597
DQN,deceptive_grid,4,480,42240,8.075,6,1,0.6417,0.028746
DQN,deceptive_grid,4,481,42276,-33.705,36,1,0.6414,0.027007
DQN,deceptive_grid,4,482,42328,-38.625,52,1,0.641,0.025875
DQN,deceptive_grid,4,483,42347,-13.155,19,1,0.6408,0.029409
DQN,deceptive_grid,4,484,42376,-18.355,29,1,0.6406,0.028401
DQN,deceptive_grid,4,485,42411,-20.58,35,1,0.6403,0.029062
DQN,deceptive_grid,4,486,42505,-77.26,94,1,0.6395,0.028265
DQN,deceptive_grid,4,487,42591,-71.59,86,1,0.6387,0.034136
DQN,deceptive_grid,4,488,42651,-42.63,60,1,0.6382,0.028983
DQN,deceptive_grid,4,489,42707,-45.14,56,1,0.6378,0.03236
DQN,deceptive_grid,4,490,42842,-127.175,135,1,0.6366,0.027737
DQN,deceptive_grid,4,491,42896,-42.0,54,1,0.6361,0.02505
DQN,deceptive_grid,4,492,42939,-27.485,43,1,0.6358,0.024769
DQN,deceptive_grid,4,493,42971,-20.02,32,1,0.6355,0.023368
DQN,deceptive_grid,4,494,43044,-73.49,73,1,0.6349,0.031063
DQN,deceptive_grid,4,495,43099,-43.345,55,1,0.6344,0.028708
DQN,deceptive_grid,4,496,43170,-57.255,71,1,0.6338,0.027646
DQN,deceptive_grid,4,497,43239,-92.73,69,1,0.6332,0.027331
DQN,deceptive_grid,4,498,43273,-25.215,34,1,0.633,0.028512
DQN,deceptive_grid,4,499,43278,4.05,5,1,0.6329,0.023441
DQN,deceptive_grid,4,500,43305,-7.345,27,1,0.6327,0.025118
DQN,deceptive_grid,4,501,43335,-21.96,30,1,0.6324,0.02677
DQN,deceptive_grid,4,502,43357,-19.04,22,1,0.6322,0.031001
DQN,deceptive_grid,4,503,43388,-25.775,31,1,0.632,0.026677
DQN,deceptive_grid,4,504,43459,-74.595,71,1,0.6314,0.024906
DQN,deceptive_grid,4,505,43476,-12.28,17,1,0.6312,0.025459
DQN,deceptive_grid,4,506,43520,-35.89,44,1,0.6309,0.032224
DQN,deceptive_grid,4,507,43558,-25.45,38,1,0.6305,0.035484
DQN,deceptive_grid,4,508,43591,-25.675,33,1,0.6303,0.027767
DQN,deceptive_grid,4,509,43613,-8.95,22,1,0.6301,0.035007
DQN,deceptive_grid,4,510,43655,-20.985,42,1,0.6297,0.030156
DQN,deceptive_grid,4,511,43678,-8.925,23,1,0.6295,0.029931
DQN,deceptive_grid,4,512,43718,-35.235,40,1,0.6292,0.026164
DQN,deceptive_grid,4,513,43734,-8.68,16,1,0.629,0.023616
DQN,deceptive_grid,4,514,43764,-17.455,30,1,0.6288,0.025273
DQN,deceptive_grid,4,515,43798,-13.475,34,1,0.6285,0.026221
DQN,deceptive_grid,4,516,43813,0.835,15,1,0.6284,0.024359
DQN,deceptive_grid,4,517,43841,-16.025,28,1,0.6281,0.023608
DQN,deceptive_grid,4,518,43891,-48.635,50,1,0.6277,0.024631
DQN,deceptive_grid,4,519,43919,-19.185,28,1,0.6275,0.024798
DQN,deceptive_grid,4,520,43965,-33.45,46,1,0.6271,0.024065
DQN,deceptive_grid,4,521,43990,-23.66,25,1,0.6269,0.023922
DQN,deceptive_grid,4,522,44055,-46.845,65,1,0.6263,0.03442
DQN,deceptive_grid,4,523,44076,-3.98,21,1,0.6261,0.031866
DQN,deceptive_grid,4,524,44134,-43.73,58,1,0.6256,0.026806
DQN,deceptive_grid,4,525,44185,-37.61,51,1,0.6252,0.026798
DQN,deceptive_grid,4,526,44255,-57.75,70,1,0.6246,0.024298
DQN,deceptive_grid,4,527,44292,-36.825,37,1,0.6243,0.024004
DQN,deceptive_grid,4,528,44332,-27.09,40,1,0.624,0.022144
DQN,deceptive_grid,4,529,44363,-20.25,31,1,0.6237,0.022161
DQN,deceptive_grid,4,530,44407,-32.41,44,1,0.6233,0.022201
DQN,deceptive_grid,4,531,44424,-5.6,17,1,0.6232,0.024663
DQN,deceptive_grid,4,532,44430,8.075,6,1,0.6231,0.023279
DQN,deceptive_grid,4,533,44494,-44.0,64,1,0.6226,0.021744
DQN,deceptive_grid,4,534,44526,-17.395,32,1,0.6223,0.036409
DQN,deceptive_grid,4,535,44570,-19.63,44,1,0.622,0.035143
DQN,deceptive_grid,4,536,44595,-26.27,25,1,0.6217,0.028502
DQN,deceptive_grid,4,537,44627,-15.93,32,1,0.6215,0.025558
DQN,deceptive_grid,4,538,44682,-46.66,55,1,0.621,0.023871
DQN,deceptive_grid,4,539,44771,-88.795,89,1,0.6202,0.025083
DQN,deceptive_grid,4,540,44780,5.67,9,1,0.6202,0.02652
DQN,deceptive_grid,4,541,44859,-77.805,79,1,0.6195,0.022234
DQN,deceptive_grid,4,542,44867,6.14,8,1,0.6194,0.022318
DQN,deceptive_grid,4,543,44918,-43.205,51,1,0.619,0.025142
DQN,deceptive_grid,4,544,44941,-11.615,23,1,0.6188,0.024991
DQN,deceptive_grid,4,545,45011,-65.4,70,1,0.6182,0.022517
DQN,deceptive_grid,4,546,45032,-5.07,21,1,0.618,0.032274
DQN,deceptive_grid,4,547,45080,-35.29,48,1,0.6176,0.025209
DQN,deceptive_grid,4,548,45093,3.88,13,1,0.6175,0.025794
DQN,deceptive_grid,4,549,45155,-43.285,62,1,0.617,0.02344
DQN,deceptive_grid,4,550,45204,-42.83,49,1,0.6166,0.02258
DQN,deceptive_grid,4,551,45274,-54.69,70,1,0.616,0.022235
DQN,deceptive_grid,4,552,45295,-7.15,21,1,0.6158,0.020819
DQN,deceptive_grid,4,553,45351,-41.66,56,1,0.6153,0.020619
DQN,deceptive_grid,4,554,45409,-44.055,58,1,0.6148,0.018522
DQN,deceptive_grid,4,555,45423,-3.23,14,1,0.6147,0.019303
DQN,deceptive_grid,4,556,45442,-4.045,19,1,0.6146,0.022556
DQN,deceptive_grid,4,557,45514,-63.975,72,1,0.6139,0.023354
DQN,deceptive_grid,4,558,45547,-17.61,33,1,0.6137,0.031101
DQN,deceptive_grid,4,559,45583,-16.29,36,1,0.6134,0.023296
DQN,deceptive_grid,4,560,45616,-15.61,33,1,0.6131,0.0213
DQN,deceptive_grid,4,561,45646,-24.735,30,1,0.6128,0.018953
DQN,deceptive_grid,4,562,45661,-9.24,15,1,0.6127,0.018915
DQN,deceptive_grid,4,563,45669,1.63,8,1,0.6126,0.01992
DQN,deceptive_grid,4,564,45693,-18.685,24,1,0.6124,0.019864
DQN,deceptive_grid,4,565,45702,4.61,9,1,0.6123,0.020121
DQN,deceptive_grid,4,566,45747,-24.25,45,1,0.612,0.021116
DQN,deceptive_grid,4,567,45773,-4.715,26,1,0.6117,0.019692
DQN,deceptive_grid,4,568,45847,-73.49,74,1,0.6111,0.020707
DQN,deceptive_grid,4,569,45939,-90.23,92,1,0.6103,0.020354
DQN,deceptive_grid,4,570,46006,-57.05,67,1,0.6098,0.018233
DQN,deceptive_grid,4,571,46038,-15.28,32,1,0.6095,0.02546
DQN,deceptive_grid,4,572,46075,-29.27,37,1,0.6092,0.023513
DQN,deceptive_grid,4,573,46121,-36.47,46,1,0.6088,0.023369
DQN,deceptive_grid,4,574,46125,9.03,4,1,0.6088,0.022116
DQN,deceptive_grid,4,575,46164,-21.225,39,1,0.6084,0.020002
DQN,deceptive_grid,4,576,46230,-71.14,66,1,0.6079,0.0202
DQN,deceptive_grid,4,577,46239,4.66,9,1,0.6078,0.020572
DQN,deceptive_grid,4,578,46265,-17.62,26,1,0.6076,0.020394
DQN,deceptive_grid,4,579,46337,-55.56,72,1,0.607,0.019097
DQN,deceptive_grid,4,580,46355,-3.645,18,1,0.6068,0.020226
DQN,deceptive_grid,4,581,46400,-26.71,45,1,0.6064,0.018943
DQN,deceptive_grid,4,582,46406,6.035,6,1,0.6064,0.020921
DQN,deceptive_grid,4,583,46448,-31.28,42,1,0.606,0.018173
DQN,deceptive_grid,4,584,46455,6.565,7,1,0.606,0.016088
DQN,deceptive_grid,4,585,46491,-14.51,36,1,0.6057,0.015527
DQN,deceptive_grid,4,586,46513,-21.365,22,1,0.6055,0.025644
DQN,deceptive_grid,4,587,46575,-53.86,62,1,0.6049,0.022516
DQN,deceptive_grid,4,588,46599,-20.82,24,1,0.6047,0.020305
DQN,deceptive_grid,4,589,46617,-2.745,18,1,0.6046,0.019585
DQN,deceptive_grid,4,590,46666,-60.445,49,1,0.6042,0.021528
DQN,deceptive_grid,4,591,46696,-13.255,30,1,0.6039,0.016942
DQN,deceptive_grid,4,592,46713,-5.43,17,1,0.6038,0.019359
DQN,deceptive_grid,4,593,46727,0.225,14,1,0.6037,0.01781
DQN,deceptive_grid,4,594,46790,-80.61,63,1,0.6031,0.016277
DQN,deceptive_grid,4,595,46792,10.005,2,1,0.6031,0.014364
DQN,deceptive_grid,4,596,46812,-15.835,20,1,0.6029,0.015858
DQN,deceptive_grid,4,597,46882,-74.37,70,1,0.6023,0.015872
DQN,deceptive_grid,4,598,46928,-27.845,46,1,0.6019,0.015252
DQN,deceptive_grid,4,599,46988,-52.415,60,1,0.6014,0.01777
DQN,deceptive_grid,4,600,47033,-30.445,45,1,0.6011,0.024339
DQN,deceptive_grid,4,601,47039,6.065,6,1,0.601,0.021773
DQN,deceptive_grid,4,602,47117,-70.32,78,1,0.6003,0.019305
DQN,deceptive_grid,4,603,47167,-63.04,50,1,0.5999,0.015143
DQN,deceptive_grid,4,604,47203,-47.59,36,1,0.5996,0.01637
DQN,deceptive_grid,4,605,47241,-30.22,38,1,0.5993,0.01517
DQN,deceptive_grid,4,606,47293,-39.99,52,1,0.5989,0.013662
DQN,deceptive_grid,4,607,47342,-30.53,49,1,0.5984,0.013866
DQN,deceptive_grid,4,608,47378,-46.325,36,1,0.5981,0.013878
DQN,deceptive_grid,4,609,47427,-37.805,49,1,0.5977,0.015359
DQN,deceptive_grid,4,610,47450,-8.075,23,1,0.5975,0.013155
DQN,deceptive_grid,4,611,47469,-8.735,19,1,0.5974,0.012904
DQN,deceptive_grid,4,612,47509,-23.525,40,1,0.597,0.013699
DQN,deceptive_grid,4,613,47547,-25.415,38,1,0.5967,0.01886
DQN,deceptive_grid,4,614,47586,-38.035,39,1,0.5964,0.014206
DQN,deceptive_grid,4,615,47623,-23.665,37,1,0.5961,0.012908
DQN,deceptive_grid,4,616,47663,-34.035,40,1,0.5957,0.012857
DQN,deceptive_grid,4,617,47759,-79.905,96,1,0.5949,0.014166
DQN,deceptive_grid,4,618,47830,-59.9,71,1,0.5943,0.012113
DQN,deceptive_grid,4,619,47905,-57.835,75,1,0.5937,0.011269
DQN,deceptive_grid,4,620,47924,-5.165,19,1,0.5935,0.012079
DQN,deceptive_grid,4,621,47956,-14.89,32,1,0.5932,0.012058
DQN,deceptive_grid,4,622,48013,-59.14,57,1,0.5927,0.013098
DQN,deceptive_grid,4,623,48038,-7.8,25,1,0.5925,0.017254
DQN,deceptive_grid,4,624,48048,4.135,10,1,0.5925,0.013828
DQN,deceptive_grid,4,625,48073,-6.59,25,1,0.5922,0.015303
DQN,deceptive_grid,4,626,48091,-15.21,18,1,0.5921,0.015247
DQN,deceptive_grid,4,627,48115,-14.205,24,1,0.5919,0.016333
DQN,deceptive_grid,4,628,48164,-40.065,49,1,0.5915,0.014364
DQN,deceptive_grid,4,629,48202,-16.025,38,1,0.5911,0.013931
DQN,deceptive_grid,4,630,48211,5.65,9,1,0.5911,0.017031
DQN,deceptive_grid,4,631,48277,-48.86,66,1,0.5905,0.013372
DQN,deceptive_grid,4,632,48316,-19.255,39,1,0.5902,0.012189
DQN,deceptive_grid,4,633,48337,-18.73,21,1,0.59,0.011616
DQN,deceptive_grid,4,634,48397,-65.855,60,1,0.5895,0.012517
DQN,deceptive_grid,4,635,48412,-10.58,15,1,0.5894,0.010311
DQN,deceptive_grid,4,636,48413,10.5,1,1,0.5894,0.012781
DQN,deceptive_grid,4,637,48459,-54.705,46,1,0.589,0.011026
DQN,deceptive_grid,4,638,48536,-67.13,77,1,0.5883,0.013464
DQN,deceptive_grid,4,639,48547,0.2,11,1,0.5882,0.014039
DQN,deceptive_grid,4,640,48570,-19.24,23,1,0.588,0.012327
DQN,deceptive_grid,4,641,48573,9.515,3,1,0.588,0.01044
DQN,deceptive_grid,4,642,48636,-45.935,63,1,0.5875,0.011454
DQN,deceptive_grid,4,643,48683,-34.03,47,1,0.5871,0.0139
DQN,deceptive_grid,4,644,48742,-67.36,59,1,0.5866,0.010689
DQN,deceptive_grid,4,645,48790,-46.26,48,1,0.5862,0.012623
DQN,deceptive_grid,4,646,48811,-8.36,21,1,0.586,0.011785
DQN,deceptive_grid,4,647,48822,1.605,11,1,0.5859,0.009501
DQN,deceptive_grid,4,648,48870,-38.755,48,1,0.5855,0.010239
DQN,deceptive_grid,4,649,48935,-64.58,65,1,0.5849,0.011996
DQN,deceptive_grid,4,650,48980,-43.945,45,1,0.5845,0.011433
DQN,deceptive_grid,4,651,49034,-65.32,54,1,0.5841,0.014711
DQN,deceptive_grid,4,652,49051,-2.2,17,1,0.5839,0.015431
DQN,deceptive_grid,4,653,49061,-8.405,10,1,0.5839,0.016748
DQN,deceptive_grid,4,654,49130,-55.845,69,1,0.5833,0.013763
DQN,deceptive_grid,4,655,49181,-61.79,51,1,0.5828,0.011668
DQN,deceptive_grid,4,656,49217,-18.79,36,1,0.5825,0.012149
DQN,deceptive_grid,4,657,49244,-8.835,27,1,0.5823,0.014353
DQN,deceptive_grid,4,658,49258,-5.335,14,1,0.5822,0.013928
DQN,deceptive_grid,4,659,49295,-25.095,37,1,0.5819,0.01403
DQN,deceptive_grid,4,660,49357,-70.105,62,1,0.5813,0.012678
DQN,deceptive_grid,4,661,49413,-43.105,56,1,0.5809,0.010786
DQN,deceptive_grid,4,662,49454,-36.76,41,1,0.5805,0.011058
DQN,deceptive_grid,4,663,49536,-72.21,82,1,0.5798,0.011659
DQN,deceptive_grid,4,664,49565,-11.6,29,1,0.5796,0.012846
DQN,deceptive_grid,4,665,49622,-35.36,57,1,0.5791,0.013112
DQN,deceptive_grid,4,666,49627,7.53,5,1,0.5791,0.016513
DQN,deceptive_grid,4,667,49672,-28.58,45,1,0.5787,0.014303
DQN,deceptive_grid,4,668,49735,-47.58,63,1,0.5781,0.01408
DQN,deceptive_grid,4,669,49768,-32.465,33,1,0.5779,0.013237
DQN,deceptive_grid,4,670,49772,9.03,4,1,0.5778,0.010667
DQN,deceptive_grid,4,671,49787,1.905,15,1,0.5777,0.012282
DQN,deceptive_grid,4,672,49848,-47.19,61,1,0.5772,0.011714
DQN,deceptive_grid,4,673,49849,10.5,1,1,0.5772,0.009739
DQN,deceptive_grid,4,674,49880,-19.405,31,1,0.5769,0.010735
DQN,deceptive_grid,4,675,49898,-9.13,18,1,0.5768,0.011335
DQN,deceptive_grid,4,676,49917,-7.64,19,1,0.5766,0.010765
DQN,deceptive_grid,4,677,49965,-26.05,48,1,0.5762,0.009908
DQN,deceptive_grid,4,678,50012,-32.125,47,1,0.5758,0.0118
DQN,deceptive_grid,4,679,50039,-16.345,27,1,0.5756,0.013484
DQN,deceptive_grid,4,680,50072,-11.88,33,1,0.5753,0.012193
DQN,deceptive_grid,4,681,50089,-1.03,17,1,0.5751,0.012501
DQN,deceptive_grid,4,682,50145,-42.91,56,1,0.5747,0.013002
DQN,deceptive_grid,4,683,50158,0.69,13,1,0.5746,0.012388
DQN,deceptive_grid,4,684,50175,-7.96,17,1,0.5744,0.013376
DQN,deceptive_grid,4,685,50232,-50.445,57,1,0.5739,0.01101
DQN,deceptive_grid,4,686,50268,-19.76,36,1,0.5736,0.010719
DQN,deceptive_grid,4,687,50285,-6.78,17,1,0.5735,0.010893
DQN,deceptive_grid,4,688,50306,-7.46,21,1,0.5733,0.011734
DQN,deceptive_grid,4,689,50346,-33.495,40,1,0.573,0.010082
DQN,deceptive_grid,4,690,50418,-66.29,72,1,0.5723,0.008986
DQN,deceptive_grid,4,691,50464,-24.525,46,1,0.572,0.009334
DQN,deceptive_grid,4,692,50497,-29.455,33,1,0.5717,0.008813
DQN,deceptive_grid,4,693,50536,-20.795,39,1,0.5713,0.011435
DQN,deceptive_grid,4,694,50573,-25.88,37,1,0.571,0.012288
DQN,deceptive_grid,4,695,50657,-60.99,84,1,0.5703,0.010569
DQN,deceptive_grid,4,696,50669,3.22,12,1,0.5702,0.010053
DQN,deceptive_grid,4,697,50670,10.5,1,1,0.5702,0.009962
DQN,deceptive_grid,4,698,50708,-22.665,38,1,0.5699,0.011101
DQN,deceptive_grid,4,699,50774,-53.26,66,1,0.5693,0.010033
DQN,deceptive_grid,4,700,50793,-7.68,19,1,0.5692,0.008757
DQN,deceptive_grid,4,701,50842,-45.34,49,1,0.5688,0.008577
DQN,deceptive_grid,4,702,50887,-29.265,45,1,0.5684,0.009372
DQN,deceptive_grid,4,703,50910,-15.065,23,1,0.5682,0.00939
DQN,deceptive_grid,4,704,50956,-36.145,46,1,0.5678,0.012503
DQN,deceptive_grid,4,705,50970,-3.29,14,1,0.5677,0.011777
DQN,deceptive_grid,4,706,51003,-35.595,33,1,0.5674,0.010763
DQN,deceptive_grid,4,707,51046,-34.57,43,1,0.567,0.011737
DQN,deceptive_grid,4,708,51081,-19.205,35,1,0.5667,0.013707
DQN,deceptive_grid,4,709,51164,-59.085,83,1,0.566,0.010597
DQN,deceptive_grid,4,710,51177,-7.29,13,1,0.5659,0.007968
DQN,deceptive_grid,4,711,51217,-16.86,40,1,0.5656,0.008471
DQN,deceptive_grid,4,712,51251,-14.515,34,1,0.5653,0.008572
DQN,deceptive_grid,4,713,51275,-13.115,24,1,0.5651,0.007461
DQN,deceptive_grid,4,714,51291,-9.695,16,1,0.5649,0.00791
DQN,deceptive_grid,4,715,51326,-32.465,35,1,0.5646,0.009936
DQN,deceptive_grid,4,716,51333,1.07,7,1,0.5646,0.009531
DQN,deceptive_grid,4,717,51351,-11.545,18,1,0.5644,0.009991
DQN,deceptive_grid,4,718,51384,-20.88,33,1,0.5642,0.010543
DQN,deceptive_grid,4,719,51455,-50.685,71,1,0.5636,0.008165
DQN,deceptive_grid,4,720,51525,-62.315,70,1,0.563,0.008525
DQN,deceptive_grid,4,721,51565,-24.895,40,1,0.5626,0.012519
DQN,deceptive_grid,4,722,51599,-22.64,34,1,0.5623,0.010644
DQN,deceptive_grid,4,723,51628,-19.735,29,1,0.5621,0.012025
DQN,deceptive_grid,4,724,51642,1.305,14,1,0.562,0.009138
DQN,deceptive_grid,4,725,51677,-21.965,35,1,0.5617,0.008173
DQN,deceptive_grid,4,726,51720,-26.285,43,1,0.5613,0.01025
DQN,deceptive_grid,4,727,51756,-16.24,36,1,0.561,0.009
DQN,deceptive_grid,4,728,51779,-18.55,23,1,0.5608,0.007567
DQN,deceptive_grid,4,729,51793,0.325,14,1,0.5607,0.007463
DQN,deceptive_grid,4,730,51822,-13.78,29,1,0.5604,0.008096
DQN,deceptive_grid,4,731,51872,-53.015,50,1,0.56,0.008917
DQN,deceptive_grid,4,732,51891,-15.685,19,1,0.5599,0.008077
DQN,deceptive_grid,4,733,51940,-28.35,49,1,0.5594,0.010892
DQN,deceptive_grid,4,734,52006,-48.95,66,1,0.5589,0.008324
DQN,deceptive_grid,4,735,52089,-87.41,83,1,0.5582,0.010727
DQN,deceptive_grid,4,736,52114,-5.66,25,1,0.558,0.009159
DQN,deceptive_grid,4,737,52138,-15.385,24,1,0.5578,0.009518
DQN,deceptive_grid,4,738,52177,-25.77,39,1,0.5574,0.008313
DQN,deceptive_grid,4,739,52199,-5.505,22,1,0.5572,0.009788
DQN,deceptive_grid,4,740,52232,-14.48,33,1,0.557,0.0095
DQN,deceptive_grid,4,741,52247,-4.7,15,1,0.5568,0.007727
DQN,deceptive_grid,4,742,52263,0.36,16,1,0.5567,0.008293
DQN,deceptive_grid,4,743,52304,-30.54,41,1,0.5564,0.008726
DQN,deceptive_grid,4,744,52377,-64.685,73,1,0.5557,0.00903
DQN,deceptive_grid,4,745,52447,-63.985,70,1,0.5551,0.00811
DQN,deceptive_grid,4,746,52484,-27.36,37,1,0.5548,0.010185
DQN,deceptive_grid,4,747,52516,-34.605,32,1,0.5546,0.010765
DQN,deceptive_grid,4,748,52538,-10.07,22,1,0.5544,0.011826
DQN,deceptive_grid,4,749,52578,-35.26,40,1,0.554,0.012591
DQN,deceptive_grid,4,750,52621,-38.155,43,1,0.5537,0.01235
DQN,deceptive_grid,4,751,52631,3.095,10,1,0.5536,0.01212
DQN,deceptive_grid,4,752,52645,-1.885,14,1,0.5535,0.013075
DQN,deceptive_grid,4,753,52683,-21.885,38,1,0.5531,0.012985
DQN,deceptive_grid,4,754,52737,-50.13,54,1,0.5527,0.011133
DQN,deceptive_grid,4,755,52774,-32.91,37,1,0.5524,0.009571
DQN,deceptive_grid,4,756,52826,-34.6,52,1,0.5519,0.00843
DQN,deceptive_grid,4,757,52901,-68.0,75,1,0.5513,0.009475
DQN,deceptive_grid,4,758,52925,-6.45,24,1,0.5511,0.009514
DQN,deceptive_grid,4,759,52938,-4.205,13,1,0.551,0.0094
DQN,deceptive_grid,4,760,52972,-16.985,34,1,0.5507,0.008759
DQN,deceptive_grid,4,761,53024,-33.66,52,1,0.5502,0.010037
DQN,deceptive_grid,4,762,53027,9.515,3,1,0.5502,0.011079
DQN,deceptive_grid,4,763,53048,-9.625,21,1,0.55,0.010966
DQN,deceptive_grid,4,764,53090,-20.275,42,1,0.5497,0.009321
DQN,deceptive_grid,4,765,53091,10.5,1,1,0.5497,0.007682
DQN,deceptive_grid,4,766,53167,-90.915,76,1,0.549,0.008384
DQN,deceptive_grid,4,767,53212,-34.355,45,1,0.5486,0.009349
DQN,deceptive_grid,4,768,53243,-21.015,31,1,0.5484,0.009605
DQN,deceptive_grid,4,769,53260,-10.255,17,1,0.5482,0.011245
DQN,deceptive_grid,4,770,53283,-15.825,23,1,0.548,0.009138
DQN,deceptive_grid,4,771,53311,-19.175,28,1,0.5478,0.011465
DQN,deceptive_grid,4,772,53358,-34.46,47,1,0.5474,0.00985
DQN,deceptive_grid,4,773,53395,-27.585,37,1,0.5471,0.009029
DQN,deceptive_grid,4,774,53448,-49.785,53,1,0.5466,0.007875
DQN,deceptive_grid,4,775,53492,-36.67,44,1,0.5463,0.007389
DQN,deceptive_grid,4,776,53545,-47.22,53,1,0.5458,0.013979
DQN,deceptive_grid,4,777,53565,-2.28,20,1,0.5457,0.016132
DQN,deceptive_grid,4,778,53626,-42.22,61,1,0.5451,0.011028
DQN,deceptive_grid,4,779,53640,-8.85,14,1,0.545,0.01027
DQN,deceptive_grid,4,780,53652,1.2,12,1,0.5449,0.009494
DQN,deceptive_grid,4,781,53683,-34.19,31,1,0.5447,0.009079
DQN,deceptive_grid,4,782,53711,-17.865,28,1,0.5444,0.007923
DQN,deceptive_grid,4,783,53738,-11.965,27,1,0.5442,0.008106
DQN,deceptive_grid,4,784,53772,-15.925,34,1,0.5439,0.009217
DQN,deceptive_grid,4,785,53777,4.035,5,1,0.5439,0.009795
DQN,deceptive_grid,4,786,53810,-22.2,33,1,0.5436,0.008115
DQN,deceptive_grid,4,787,53838,-9.01,28,1,0.5433,0.006769
DQN,deceptive_grid,4,788,53842,9.03,4,1,0.5433,0.007972
DQN,deceptive_grid,4,789,53857,-0.215,15,1,0.5432,0.008256
DQN,deceptive_grid,4,790,53859,10.005,2,1,0.5432,0.007416
DQN,deceptive_grid,4,791,53877,-7.455,18,1,0.543,0.007926
DQN,deceptive_grid,4,792,53890,-2.755,13,1,0.5429,0.008133
DQN,deceptive_grid,4,793,53929,-30.565,39,1,0.5426,0.007959
DQN,deceptive_grid,4,794,53930,10.5,1,1,0.5426,0.005442
DQN,deceptive_grid,4,795,53973,-21.325,43,1,0.5422,0.008483
DQN,deceptive_grid,4,796,54000,-20.12,27,1,0.542,0.008761
DQN,deceptive_grid,4,797,54034,-25.975,34,1,0.5417,0.012727
DQN,deceptive_grid,4,798,54062,-10.81,28,1,0.5414,0.008794
DQN,deceptive_grid,4,799,54075,1.78,13,1,0.5413,0.010391
DQN,deceptive_grid,4,800,54105,-17.62,30,1,0.5411,0.009311
DuelingDQN,deceptive_grid,4,1,200,-280.28,200,0,0.9983,
DuelingDQN,deceptive_grid,4,2,400,-210.07,200,0,0.9966,
DuelingDQN,deceptive_grid,4,3,600,-326.26,200,0,0.9949,
DuelingDQN,deceptive_grid,4,4,800,-244.325,200,0,0.9932,
DuelingDQN,deceptive_grid,4,5,849,-59.155,49,1,0.9928,
DuelingDQN,deceptive_grid,4,6,1049,-257.15,200,0,0.9911,0.383732
DuelingDQN,deceptive_grid,4,7,1249,-265.905,200,0,0.9894,0.05535
DuelingDQN,deceptive_grid,4,8,1449,-245.335,200,0,0.9877,0.00985
DuelingDQN,deceptive_grid,4,9,1649,-278.05,200,0,0.986,0.011357
DuelingDQN,deceptive_grid,4,10,1822,-211.42,173,1,0.9846,0.010355
DuelingDQN,deceptive_grid,4,11,2022,-259.26,200,0,0.9829,0.02667
DuelingDQN,deceptive_grid,4,12,2222,-307.43,200,0,0.9812,0.023218
DuelingDQN,deceptive_grid,4,13,2422,-300.24,200,0,0.9795,0.004839
DuelingDQN,deceptive_grid,4,14,2622,-261.34,200,0,0.9778,0.032279
DuelingDQN,deceptive_grid,4,15,2720,-142.48,98,1,0.9769,0.019017
DuelingDQN,deceptive_grid,4,16,2920,-253.235,200,0,0.9752,0.017344
DuelingDQN,deceptive_grid,4,17,3013,-104.285,93,1,0.9745,0.031983
DuelingDQN,deceptive_grid,4,18,3213,-279.625,200,0,0.9728,0.045143
DuelingDQN,deceptive_grid,4,19,3413,-300.16,200,0,0.9711,0.012954
DuelingDQN,deceptive_grid,4,20,3613,-231.085,200,0,0.9694,0.056789
DuelingDQN,deceptive_grid,4,21,3813,-211.99,200,0,0.9677,0.027702
DuelingDQN,deceptive_grid,4,22,3818,8.55,5,1,0.9676,0.028931
DuelingDQN,deceptive_grid,4,23,4018,-258.145,200,0,0.9659,0.029482
DuelingDQN,deceptive_grid,4,24,4218,-243.29,200,0,0.9642,0.054098
DuelingDQN,deceptive_grid,4,25,4238,-9.07,20,1,0.9641,0.018319
DuelingDQN,deceptive_grid,4,26,4438,-245.09,200,0,0.9624,0.021535
DuelingDQN,deceptive_grid,4,27,4638,-372.65,200,0,0.9607,0.091957
DuelingDQN,deceptive_grid,4,28,4641,5.015,3,1,0.9606,0.037415
DuelingDQN,deceptive_grid,4,29,4794,-231.88,153,1,0.9593,0.048303
DuelingDQN,deceptive_grid,4,30,4994,-249.19,200,0,0.9576,0.018146
DuelingDQN,deceptive_grid,4,31,5114,-193.11,120,1,0.9566,0.180978
DuelingDQN,deceptive_grid,4,32,5314,-208.43,200,0,0.9549,0.041578
DuelingDQN,deceptive_grid,4,33,5514,-241.815,200,0,0.9532,0.048334
DuelingDQN,deceptive_grid,4,34,5580,-51.935,66,1,0.9527,0.17784
DuelingDQN,deceptive_grid,4,35,5780,-297.525,200,0,0.951,0.043056
DuelingDQN,deceptive_grid,4,36,5855,-106.875,75,1,0.9503,0.017055
DuelingDQN,deceptive_grid,4,37,6055,-230.025,200,0,0.9486,0.090123
DuelingDQN,deceptive_grid,4,38,6255,-224.1,200,0,0.947,0.065429
DuelingDQN,deceptive_grid,4,39,6368,-99.095,113,1,0.946,0.02374
DuelingDQN,deceptive_grid,4,40,6515,-204.585,147,1,0.9447,0.058679
DuelingDQN,deceptive_grid,4,41,6715,-252.3,200,0,0.9431,0.092497
DuelingDQN,deceptive_grid,4,42,6915,-244.93,200,0,0.9414,0.026398
DuelingDQN,deceptive_grid,4,43,7097,-208.99,182,1,0.9398,0.118405
DuelingDQN,deceptive_grid,4,44,7286,-240.71,189,1,0.9382,0.043374
DuelingDQN,deceptive_grid,4,45,7486,-229.88,200,0,0.9365,0.015669
DuelingDQN,deceptive_grid,4,46,7580,-108.995,94,1,0.9357,0.19388
DuelingDQN,deceptive_grid,4,47,7780,-255.215,200,0,0.934,0.041621
DuelingDQN,deceptive_grid,4,48,7980,-248.915,200,0,0.9323,0.010402
DuelingDQN,deceptive_grid,4,49,8072,-114.475,92,1,0.9315,0.18915
DuelingDQN,deceptive_grid,4,50,8272,-299.0,200,0,0.9298,0.053594
DuelingDQN,deceptive_grid,4,51,8472,-240.92,200,0,0.9281,0.015991
DuelingDQN,deceptive_grid,4,52,8672,-260.73,200,0,0.9265,0.109847
DuelingDQN,deceptive_grid,4,53,8773,-131.225,101,1,0.9256,0.029771
DuelingDQN,deceptive_grid,4,54,8973,-234.225,200,0,0.9239,0.012524
DuelingDQN,deceptive_grid,4,55,9145,-194.15,172,1,0.9224,0.11361
DuelingDQN,deceptive_grid,4,56,9177,-44.665,32,1,0.9222,0.04849
DuelingDQN,deceptive_grid,4,57,9272,-99.48,95,1,0.9214,0.024715
DuelingDQN,deceptive_grid,4,58,9441,-206.615,169,1,0.9199,0.015569
DuelingDQN,deceptive_grid,4,59,9641,-221.37,200,0,0.9182,0.093948
DuelingDQN,deceptive_grid,4,60,9708,-64.92,67,1,0.9177,0.04173
DuelingDQN,deceptive_grid,4,61,9908,-217.935,200,0,0.916,0.022152
DuelingDQN,deceptive_grid,4,62,9950,-30.625,42,1,0.9156,0.011783
DuelingDQN,deceptive_grid,4,63,10051,-93.24,101,1,0.9148,0.11074
DuelingDQN,deceptive_grid,4,64,10234,-177.48,183,1,0.9132,0.044741
DuelingDQN,deceptive_grid,4,65,10313,-90.83,79,1,0.9125,0.017234
DuelingDQN,deceptive_grid,4,66,10329,0.41,16,1,0.9124,0.016463
DuelingDQN,deceptive_grid,4,67,10529,-244.065,200,0,0.9107,0.046567
DuelingDQN,deceptive_grid,4,68,10567,-45.24,38,1,0.9104,0.124626
DuelingDQN,deceptive_grid,4,69,10767,-245.91,200,0,0.9087,0.048012
DuelingDQN,deceptive_grid,4,70,10967,-215.885,200,0,0.907,0.015627
DuelingDQN,deceptive_grid,4,71,11013,-52.855,46,1,0.9066,0.0962
DuelingDQN,deceptive_grid,4,72,11043,-26.83,30,1,0.9063,0.171099
DuelingDQN,deceptive_grid,4,73,11243,-248.17,200,0,0.9046,0.061306
DuelingDQN,deceptive_grid,4,74,11342,-108.97,99,1,0.9038,0.026697
DuelingDQN,deceptive_grid,4,75,11542,-238.055,200,0,0.9021,0.055444
DuelingDQN,deceptive_grid,4,76,11600,-75.21,58,1,0.9016,0.087565
DuelingDQN,deceptive_grid,4,77,11800,-206.025,200,0,0.8999,0.033012
DuelingDQN,deceptive_grid,4,78,12000,-226.96,200,0,0.8982,0.014702
DuelingDQN,deceptive_grid,4,79,12200,-223.96,200,0,0.8965,0.073562
DuelingDQN,deceptive_grid,4,80,12400,-217.76,200,0,0.8948,0.018229
DuelingDQN,deceptive_grid,4,81,12438,-27.685,38,1,0.8945,0.010537
DuelingDQN,deceptive_grid,4,82,12638,-260.76,200,0,0.8928,0.048348
DuelingDQN,deceptive_grid,4,83,12838,-224.365,200,0,0.8911,0.016086
DuelingDQN,deceptive_grid,4,84,12971,-125.945,133,1,0.89,0.007914
DuelingDQN,deceptive_grid,4,85,13142,-198.53,171,1,0.8885,0.036994
DuelingDQN,deceptive_grid,4,86,13342,-244.92,200,0,0.8868,0.009722
DuelingDQN,deceptive_grid,4,87,13406,-83.85,64,1,0.8863,0.004842
DuelingDQN,deceptive_grid,4,88,13606,-245.305,200,0,0.8846,0.023112
DuelingDQN,deceptive_grid,4,89,13657,-31.645,51,1,0.8842,0.013032
DuelingDQN,deceptive_grid,4,90,13728,-57.83,71,1,0.8836,0.00983
DuelingDQN,deceptive_grid,4,91,13747,-17.705,19,1,0.8834,0.006826
DuelingDQN,deceptive_grid,4,92,13947,-224.025,200,0,0.8817,0.004198
DuelingDQN,deceptive_grid,4,93,13981,-16.795,34,1,0.8814,0.003061
DuelingDQN,deceptive_grid,4,94,14181,-209.57,200,0,0.8797,0.017775
DuelingDQN,deceptive_grid,4,95,14201,-27.32,20,1,0.8796,0.009647
DuelingDQN,deceptive_grid,4,96,14216,-4.72,15,1,0.8794,0.005949
DuelingDQN,deceptive_grid,4,97,14416,-228.74,200,0,0.8777,0.005176
DuelingDQN,deceptive_grid,4,98,14602,-246.35,186,1,0.8762,0.014348
DuelingDQN,deceptive_grid,4,99,14802,-215.695,200,0,0.8745,0.007714
DuelingDQN,deceptive_grid,4,100,14953,-145.055,151,1,0.8732,0.00313
DuelingDQN,deceptive_grid,4,101,15153,-207.785,200,0,0.8715,0.015527
DuelingDQN,deceptive_grid,4,102,15353,-281.325,200,0,0.8698,0.00606
DuelingDQN,deceptive_grid,4,103,15553,-228.905,200,0,0.8681,0.005189
DuelingDQN,deceptive_grid,4,104,15716,-184.62,163,1,0.8667,0.004697
DuelingDQN,deceptive_grid,4,105,15844,-126.455,128,1,0.8656,0.00285
DuelingDQN,deceptive_grid,4,106,15875,-25.89,31,1,0.8654,0.002753
DuelingDQN,deceptive_grid,4,107,16075,-219.445,200,0,0.8637,0.004804
DuelingDQN,deceptive_grid,4,108,16142,-55.52,67,1,0.8631,0.006839
DuelingDQN,deceptive_grid,4,109,16322,-192.42,180,1,0.8616,0.004024
DuelingDQN,deceptive_grid,4,110,16350,-28.295,28,1,0.8613,0.002766
DuelingDQN,deceptive_grid,4,111,16362,-1.28,12,1,0.8612,0.003137
DuelingDQN,deceptive_grid,4,112,16476,-109.95,114,1,0.8603,0.002773
DuelingDQN,deceptive_grid,4,113,16480,8.03,4,1,0.8602,0.002286
DuelingDQN,deceptive_grid,4,114,16666,-195.43,186,1,0.8586,0.007979
DuelingDQN,deceptive_grid,4,115,16783,-110.715,117,1,0.8577,0.003413
DuelingDQN,deceptive_grid,4,116,16912,-140.095,129,1,0.8566,0.002217
DuelingDQN,deceptive_grid,4,117,16998,-80.63,86,1,0.8558,0.001397
DuelingDQN,deceptive_grid,4,118,17001,9.515,3,1,0.8558,0.005145
DuelingDQN,deceptive_grid,4,119,17162,-195.27,161,1,0.8544,0.004911
DuelingDQN,deceptive_grid,4,120,17362,-203.51,200,0,0.8527,0.003249
DuelingDQN,deceptive_grid,4,121,17505,-156.68,143,1,0.8515,0.004511
DuelingDQN,deceptive_grid,4,122,17705,-239.395,200,0,0.8498,0.005203
DuelingDQN,deceptive_grid,4,123,17905,-204.43,200,0,0.8481,0.002639
DuelingDQN,deceptive_grid,4,124,17984,-82.27,79,1,0.8475,0.002881
DuelingDQN,deceptive_grid,4,125,18050,-68.555,66,1,0.8469,0.007488
DuelingDQN,deceptive_grid,4,126,18067,-3.16,17,1,0.8468,0.009499
DuelingDQN,deceptive_grid,4,127,18267,-198.43,200,0,0.8451,0.00521
DuelingDQN,deceptive_grid,4,128,18382,-117.74,115,1,0.8441,0.001474
DuelingDQN,deceptive_grid,4,129,18582,-283.135,200,0,0.8424,0.003619
DuelingDQN,deceptive_grid,4,130,18745,-174.095,163,1,0.841,0.00544
DuelingDQN,deceptive_grid,4,131,18945,-208.105,200,0,0.8393,0.004007
DuelingDQN,deceptive_grid,4,132,19132,-227.095,187,1,0.8377,0.005876
DuelingDQN,deceptive_grid,4,133,19182,-41.425,50,1,0.8373,0.005032
DuelingDQN,deceptive_grid,4,134,19281,-98.185,99,1,0.8365,0.002743
DuelingDQN,deceptive_grid,4,135,19427,-141.415,146,1,0.8352,0.002153
DuelingDQN,deceptive_grid,4,136,19505,-82.945,78,1,0.8346,0.00177
DuelingDQN,deceptive_grid,4,137,19510,7.53,5,1,0.8345,0.007472
DuelingDQN,deceptive_grid,4,138,19566,-71.565,56,1,0.834,0.007022
DuelingDQN,deceptive_grid,4,139,19766,-237.395,200,0,0.8324,0.003237
DuelingDQN,deceptive_grid,4,140,19772,7.065,6,1,0.8323,0.003006
DuelingDQN,deceptive_grid,4,141,19972,-236.735,200,0,0.8306,0.003015
DuelingDQN,deceptive_grid,4,142,20172,-219.29,200,0,0.8289,0.005354
DuelingDQN,deceptive_grid,4,143,20235,-72.4,63,1,0.8284,0.001907
DuelingDQN,deceptive_grid,4,144,20362,-134.31,127,1,0.8273,0.002046
DuelingDQN,deceptive_grid,4,145,20498,-151.43,136,1,0.8261,0.001589
DuelingDQN,deceptive_grid,4,146,20543,-39.51,45,1,0.8258,0.005794
DuelingDQN,deceptive_grid,4,147,20743,-216.505,200,0,0.8241,0.00538
DuelingDQN,deceptive_grid,4,148,20816,-73.64,73,1,0.8234,0.002179
DuelingDQN,deceptive_grid,4,149,20963,-156.81,147,1,0.8222,0.001473
DuelingDQN,deceptive_grid,4,150,21163,-219.055,200,0,0.8205,0.004761
DuelingDQN,deceptive_grid,4,151,21213,-38.49,50,1,0.8201,0.002687
DuelingDQN,deceptive_grid,4,152,21413,-218.505,200,0,0.8184,0.00161
DuelingDQN,deceptive_grid,4,153,21613,-199.305,200,0,0.8167,0.00397
DuelingDQN,deceptive_grid,4,154,21698,-67.485,85,1,0.816,0.004178
DuelingDQN,deceptive_grid,4,155,21756,-65.855,58,1,0.8155,0.003316
DuelingDQN,deceptive_grid,4,156,21839,-92.195,83,1,0.8148,0.001728
DuelingDQN,deceptive_grid,4,157,21930,-101.045,91,1,0.814,0.000877
DuelingDQN,deceptive_grid,4,158,22041,-116.455,111,1,0.8131,0.00195
DuelingDQN,deceptive_grid,4,159,22062,-7.13,21,1,0.8129,0.002964
DuelingDQN,deceptive_grid,4,160,22252,-202.765,190,1,0.8113,0.003367
DuelingDQN,deceptive_grid,4,161,22373,-142.04,121,1,0.8102,0.001783
DuelingDQN,deceptive_grid,4,162,22573,-255.1,200,0,0.8085,0.002806
DuelingDQN,deceptive_grid,4,163,22698,-115.545,125,1,0.8075,0.002805
DuelingDQN,deceptive_grid,4,164,22898,-298.685,200,0,0.8058,0.003109
DuelingDQN,deceptive_grid,4,165,22924,-14.975,26,1,0.8056,0.004215
DuelingDQN,deceptive_grid,4,166,22993,-85.33,69,1,0.805,0.003314
DuelingDQN,deceptive_grid,4,167,23030,-28.305,37,1,0.8047,0.005308
DuelingDQN,deceptive_grid,4,168,23121,-102.24,91,1,0.8039,0.00441
DuelingDQN,deceptive_grid,4,169,23150,-27.61,29,1,0.8036,0.004801
DuelingDQN,deceptive_grid,4,170,23350,-223.045,200,0,0.802,0.002873
DuelingDQN,deceptive_grid,4,171,23445,-97.49,95,1,0.8011,0.001126
DuelingDQN,deceptive_grid,4,172,23503,-52.68,58,1,0.8007,0.001449
DuelingDQN,deceptive_grid,4,173,23539,-34.645,36,1,0.8003,0.004956
DuelingDQN,deceptive_grid,4,174,23639,-120.57,100,1,0.7995,0.003844
DuelingDQN,deceptive_grid,4,175,23781,-158.545,142,1,0.7983,0.001688
DuelingDQN,deceptive_grid,4,176,23806,-20.34,25,1,0.7981,0.002999
DuelingDQN,deceptive_grid,4,177,23951,-161.05,145,1,0.7969,0.001934
DuelingDQN,deceptive_grid,4,178,24077,-111.36,126,1,0.7958,0.00346
DuelingDQN,deceptive_grid,4,179,24277,-215.635,200,0,0.7941,0.002914
DuelingDQN,deceptive_grid,4,180,24329,-50.07,52,1,0.7936,0.003269
DuelingDQN,deceptive_grid,4,181,24365,-30.695,36,1,0.7933,0.00213
DuelingDQN,deceptive_grid,4,182,24477,-114.005,112,1,0.7924,0.001717
DuelingDQN,deceptive_grid,4,183,24513,-33.775,36,1,0.7921,0.003623
DuelingDQN,deceptive_grid,4,184,24621,-129.425,108,1,0.7912,0.005829
DuelingDQN,deceptive_grid,4,185,24679,-55.635,58,1,0.7907,0.00402
DuelingDQN,deceptive_grid,4,186,24728,-38.06,49,1,0.7903,0.002265
DuelingDQN,deceptive_grid,4,187,24857,-130.6,129,1,0.7892,0.004044
DuelingDQN,deceptive_grid,4,188,24932,-57.655,75,1,0.7885,0.002055
DuelingDQN,deceptive_grid,4,189,25020,-116.105,88,1,0.7878,0.002036
DuelingDQN,deceptive_grid,4,190,25082,-57.0,62,1,0.7873,0.004955
DuelingDQN,deceptive_grid,4,191,25118,-47.755,36,1,0.787,0.002765
DuelingDQN,deceptive_grid,4,192,25186,-61.12,68,1,0.7864,0.001939
DuelingDQN,deceptive_grid,4,193,25219,-15.29,33,1,0.7861,0.001239
DuelingDQN,deceptive_grid,4,194,25288,-64.795,69,1,0.7855,0.001256
DuelingDQN,deceptive_grid,4,195,25329,-32.315,41,1,0.7852,0.001351
DuelingDQN,deceptive_grid,4,196,25529,-247.495,200,0,0.7835,0.001714
DuelingDQN,deceptive_grid,4,197,25645,-128.41,116,1,0.7825,0.007178
DuelingDQN,deceptive_grid,4,198,25663,-6.1,18,1,0.7823,0.006888
DuelingDQN,deceptive_grid,4,199,25725,-68.23,62,1,0.7818,0.004906
DuelingDQN,deceptive_grid,4,200,25766,-28.27,41,1,0.7815,0.002699
DuelingDQN,deceptive_grid,4,201,25843,-59.46,77,1,0.7808,0.004032
DuelingDQN,deceptive_grid,4,202,25949,-111.805,106,1,0.7799,0.001478
DuelingDQN,deceptive_grid,4,203,26088,-150.4,139,1,0.7787,0.00266
DuelingDQN,deceptive_grid,4,204,26179,-80.81,91,1,0.778,0.002053
DuelingDQN,deceptive_grid,4,205,26236,-64.215,57,1,0.7775,0.002068
DuelingDQN,deceptive_grid,4,206,26262,-27.555,26,1,0.7773,0.002645
DuelingDQN,deceptive_grid,4,207,26421,-175.89,159,1,0.7759,0.001745
DuelingDQN,deceptive_grid,4,208,26508,-71.125,87,1,0.7752,0.0013
DuelingDQN,deceptive_grid,4,209,26589,-90.475,81,1,0.7745,0.003834
DuelingDQN,deceptive_grid,4,210,26621,-25.38,32,1,0.7742,0.00286
DuelingDQN,deceptive_grid,4,211,26717,-71.59,96,1,0.7734,0.002468
DuelingDQN,deceptive_grid,4,212,26758,-59.705,41,1,0.773,0.001379
DuelingDQN,deceptive_grid,4,213,26834,-74.92,76,1,0.7724,0.002635
DuelingDQN,deceptive_grid,4,214,26939,-93.405,105,1,0.7715,0.002113
DuelingDQN,deceptive_grid,4,215,27045,-100.13,106,1,0.7706,0.002663
DuelingDQN,deceptive_grid,4,216,27094,-41.83,49,1,0.7702,0.003214
DuelingDQN,deceptive_grid,4,217,27195,-122.76,101,1,0.7693,0.001607
DuelingDQN,deceptive_grid,4,218,27307,-102.45,112,1,0.7684,0.001119
DuelingDQN,deceptive_grid,4,219,27313,8.075,6,1,0.7683,0.001113
DuelingDQN,deceptive_grid,4,220,27433,-127.395,120,1,0.7673,0.000915
DuelingDQN,deceptive_grid,4,221,27508,-66.75,75,1,0.7667,0.00119
DuelingDQN,deceptive_grid,4,222,27554,-31.575,46,1,0.7663,0.004528
DuelingDQN,deceptive_grid,4,223,27678,-119.43,124,1,0.7652,0.00283
DuelingDQN,deceptive_grid,4,224,27743,-71.265,65,1,0.7647,0.002066
DuelingDQN,deceptive_grid,4,225,27816,-76.46,73,1,0.7641,0.001905
DuelingDQN,deceptive_grid,4,226,27821,4.04,5,1,0.764,0.002287
DuelingDQN,deceptive_grid,4,227,27945,-134.625,124,1,0.763,0.00252
DuelingDQN,deceptive_grid,4,228,28015,-61.975,70,1,0.7624,0.002377
DuelingDQN,deceptive_grid,4,229,28105,-88.555,90,1,0.7616,0.004525
DuelingDQN,deceptive_grid,4,230,28174,-80.325,69,1,0.761,0.002702
DuelingDQN,deceptive_grid,4,231,28266,-82.835,92,1,0.7603,0.002008
DuelingDQN,deceptive_grid,4,232,28318,-50.545,52,1,0.7598,0.001495
DuelingDQN,deceptive_grid,4,233,28359,-28.695,41,1,0.7595,0.001422
DuelingDQN,deceptive_grid,4,234,28407,-36.095,48,1,0.7591,0.001563
DuelingDQN,deceptive_grid,4,235,28534,-133.055,127,1,0.758,0.002439
DuelingDQN,deceptive_grid,4,236,28652,-134.905,118,1,0.757,0.008439
DuelingDQN,deceptive_grid,4,237,28700,-45.965,48,1,0.7566,0.005565
DuelingDQN,deceptive_grid,4,238,28772,-74.8,72,1,0.756,0.003398
DuelingDQN,deceptive_grid,4,239,28816,-29.93,44,1,0.7556,0.003218
DuelingDQN,deceptive_grid,4,240,28831,-4.71,15,1,0.7555,0.002095
DuelingDQN,deceptive_grid,4,241,28882,-52.835,51,1,0.755,0.002
DuelingDQN,deceptive_grid,4,242,29025,-148.96,143,1,0.7538,0.001572
DuelingDQN,deceptive_grid,4,243,29065,-38.635,40,1,0.7535,0.00304
DuelingDQN,deceptive_grid,4,244,29210,-149.07,145,1,0.7522,0.002008
DuelingDQN,deceptive_grid,4,245,29258,-54.59,48,1,0.7518,0.001316
DuelingDQN,deceptive_grid,4,246,29268,2.095,10,1,0.7518,0.001156
DuelingDQN,deceptive_grid,4,247,29387,-131.425,119,1,0.7507,0.000753
DuelingDQN,deceptive_grid,4,248,29406,-4.375,19,1,0.7506,0.000626
DuelingDQN,deceptive_grid,4,249,29461,-40.395,55,1,0.7501,0.000635
DuelingDQN,deceptive_grid,4,250,29470,4.67,9,1,0.75,0.000549
DuelingDQN,deceptive_grid,4,251,29533,-59.265,63,1,0.7495,0.002357
DuelingDQN,deceptive_grid,4,252,29620,-78.11,87,1,0.7488,0.003687
DuelingDQN,deceptive_grid,4,253,29659,-34.805,39,1,0.7484,0.004741
DuelingDQN,deceptive_grid,4,254,29687,-9.18,28,1,0.7482,0.004159
DuelingDQN,deceptive_grid,4,255,29728,-25.38,41,1,0.7479,0.003087
DuelingDQN,deceptive_grid,4,256,29753,-7.79,25,1,0.7476,0.00258
DuelingDQN,deceptive_grid,4,257,29896,-189.59,143,1,0.7464,0.00112
DuelingDQN,deceptive_grid,4,258,29992,-92.245,96,1,0.7456,0.00053
DuelingDQN,deceptive_grid,4,259,30081,-73.12,89,1,0.7449,0.002705
DuelingDQN,deceptive_grid,4,260,30137,-59.15,56,1,0.7444,0.002747
DuelingDQN,deceptive_grid,4,261,30270,-135.55,133,1,0.7433,0.001532
DuelingDQN,deceptive_grid,4,262,30282,-9.26,12,1,0.7432,0.001569
DuelingDQN,deceptive_grid,4,263,30338,-52.07,56,1,0.7427,0.001464
DuelingDQN,deceptive_grid,4,264,30404,-83.43,66,1,0.7421,0.002913
DuelingDQN,deceptive_grid,4,265,30486,-89.535,82,1,0.7414,0.00379
DuelingDQN,deceptive_grid,4,266,30593,-113.68,107,1,0.7405,0.005096
DuelingDQN,deceptive_grid,4,267,30633,-40.935,40,1,0.7402,0.003324
DuelingDQN,deceptive_grid,4,268,30763,-117.62,130,1,0.7391,0.001818
DuelingDQN,deceptive_grid,4,269,30853,-101.595,90,1,0.7383,0.001187
DuelingDQN,deceptive_grid,4,270,30909,-59.16,56,1,0.7378,0.000721
DuelingDQN,deceptive_grid,4,271,30931,-14.665,22,1,0.7376,0.000523
DuelingDQN,deceptive_grid,4,272,30957,-10.355,26,1,0.7374,0.000591
DuelingDQN,deceptive_grid,4,273,31028,-83.6,71,1,0.7368,0.00206
DuelingDQN,deceptive_grid,4,274,31067,-18.94,39,1,0.7365,0.004025
DuelingDQN,deceptive_grid,4,275,31138,-75.01,71,1,0.7359,0.002696
DuelingDQN,deceptive_grid,4,276,31140,10.005,2,1,0.7359,0.001975
DuelingDQN,deceptive_grid,4,277,31233,-82.1,93,1,0.7351,0.002332
DuelingDQN,deceptive_grid,4,278,31332,-98.95,99,1,0.7342,0.001281
DuelingDQN,deceptive_grid,4,279,31353,-14.075,21,1,0.7341,0.000783
DuelingDQN,deceptive_grid,4,280,31374,-8.435,21,1,0.7339,0.000628
DuelingDQN,deceptive_grid,4,281,31403,-20.805,29,1,0.7336,0.000794
DuelingDQN,deceptive_grid,4,282,31496,-86.025,93,1,0.7329,0.000613
DuelingDQN,deceptive_grid,4,283,31539,-52.935,43,1,0.7325,0.00311
DuelingDQN,deceptive_grid,4,284,31560,-10.575,21,1,0.7323,0.003213
DuelingDQN,deceptive_grid,4,285,31587,-32.31,27,1,0.7321,0.002259
DuelingDQN,deceptive_grid,4,286,31622,-28.815,35,1,0.7318,0.003533
DuelingDQN,deceptive_grid,4,287,31705,-64.905,83,1,0.7311,0.004736
DuelingDQN,deceptive_grid,4,288,31741,-22.45,36,1,0.7308,0.003548
DuelingDQN,deceptive_grid,4,289,31773,-17.02,32,1,0.7305,0.001786
DuelingDQN,deceptive_grid,4,290,31799,-18.46,26,1,0.7303,0.002501
DuelingDQN,deceptive_grid,4,291,31847,-26.83,48,1,0.7299,0.001916
DuelingDQN,deceptive_grid,4,292,31873,-34.465,26,1,0.7297,0.001472
DuelingDQN,deceptive_grid,4,293,31935,-50.01,62,1,0.7291,0.000998
DuelingDQN,deceptive_grid,4,294,32102,-191.635,167,1,0.7277,0.002261
DuelingDQN,deceptive_grid,4,295,32224,-119.945,122,1,0.7267,0.002482
DuelingDQN,deceptive_grid,4,296,32267,-27.335,43,1,0.7263,0.001711
DuelingDQN,deceptive_grid,4,297,32307,-37.565,40,1,0.726,0.002069
DuelingDQN,deceptive_grid,4,298,32402,-78.985,95,1,0.7252,0.001426
DuelingDQN,deceptive_grid,4,299,32601,-216.1,199,1,0.7235,0.001829
DuelingDQN,deceptive_grid,4,300,32624,-9.095,23,1,0.7233,0.002071
DuelingDQN,deceptive_grid,4,301,32664,-29.985,40,1,0.7229,0.001815
DuelingDQN,deceptive_grid,4,302,32780,-112.82,116,1,0.722,0.001676
DuelingDQN,deceptive_grid,4,303,32837,-50.32,57,1,0.7215,0.001509
DuelingDQN,deceptive_grid,4,304,32854,-2.09,17,1,0.7213,0.001724
DuelingDQN,deceptive_grid,4,305,32961,-101.645,107,1,0.7204,0.001568
DuelingDQN,deceptive_grid,4,306,33057,-105.385,96,1,0.7196,0.002257
DuelingDQN,deceptive_grid,4,307,33191,-135.87,134,1,0.7185,0.002079
DuelingDQN,deceptive_grid,4,308,33251,-65.99,60,1,0.718,0.001898
DuelingDQN,deceptive_grid,4,309,33290,-27.88,39,1,0.7176,0.001297
DuelingDQN,deceptive_grid,4,310,33334,-29.88,44,1,0.7173,0.001048
DuelingDQN,deceptive_grid,4,311,33398,-43.48,64,1,0.7167,0.000804
DuelingDQN,deceptive_grid,4,312,33502,-94.185,104,1,0.7158,0.0006
DuelingDQN,deceptive_grid,4,313,33586,-62.38,84,1,0.7151,0.002792
DuelingDQN,deceptive_grid,4,314,33598,2.28,12,1,0.715,0.002444
DuelingDQN,deceptive_grid,4,315,33670,-58.135,72,1,0.7144,0.002192
DuelingDQN,deceptive_grid,4,316,33735,-60.89,65,1,0.7139,0.002099
DuelingDQN,deceptive_grid,4,317,33770,-20.835,35,1,0.7136,0.0021
DuelingDQN,deceptive_grid,4,318,33871,-118.315,101,1,0.7127,0.001566
DuelingDQN,deceptive_grid,4,319,33940,-71.795,69,1,0.7121,0.001204
DuelingDQN,deceptive_grid,4,320,34096,-161.57,156,1,0.7108,0.001655
DuelingDQN,deceptive_grid,4,321,34158,-51.225,62,1,0.7103,0.001619
DuelingDQN,deceptive_grid,4,322,34184,-12.485,26,1,0.7101,0.001758
DuelingDQN,deceptive_grid,4,323,34274,-80.055,90,1,0.7093,0.001411
DuelingDQN,deceptive_grid,4,324,34324,-68.545,50,1,0.7089,0.001125
DuelingDQN,deceptive_grid,4,325,34368,-32.475,44,1,0.7085,0.001035
DuelingDQN,deceptive_grid,4,326,34407,-26.125,39,1,0.7082,0.000872
DuelingDQN,deceptive_grid,4,327,34448,-32.96,41,1,0.7078,0.000845
DuelingDQN,deceptive_grid,4,328,34518,-72.975,70,1,0.7072,0.001585
DuelingDQN,deceptive_grid,4,329,34575,-68.45,57,1,0.7067,0.004703
DuelingDQN,deceptive_grid,4,330,34647,-56.905,72,1,0.7061,0.002924
DuelingDQN,deceptive_grid,4,331,34711,-72.285,64,1,0.7056,0.004674
DuelingDQN,deceptive_grid,4,332,34760,-42.555,49,1,0.7052,0.003795
DuelingDQN,deceptive_grid,4,333,34830,-56.37,70,1,0.7046,0.002346
DuelingDQN,deceptive_grid,4,334,34873,-22.415,43,1,0.7042,0.001332
DuelingDQN,deceptive_grid,4,335,34964,-87.595,91,1,0.7034,0.001069
DuelingDQN,deceptive_grid,4,336,35003,-28.01,39,1,0.7031,0.000924
DuelingDQN,deceptive_grid,4,337,35117,-120.08,114,1,0.7021,0.002019
DuelingDQN,deceptive_grid,4,338,35183,-85.385,66,1,0.7016,0.001446
DuelingDQN,deceptive_grid,4,339,35228,-36.29,45,1,0.7012,0.001138
DuelingDQN,deceptive_grid,4,340,35241,1.81,13,1,0.7011,0.000745
DuelingDQN,deceptive_grid,4,341,35335,-111.145,94,1,0.7003,0.000721
DuelingDQN,deceptive_grid,4,342,35380,-39.715,45,1,0.6999,0.000568
DuelingDQN,deceptive_grid,4,343,35436,-52.875,56,1,0.6994,0.000563
DuelingDQN,deceptive_grid,4,344,35455,-14.34,19,1,0.6993,0.000519
DuelingDQN,deceptive_grid,4,345,35516,-69.375,61,1,0.6988,0.001021
DuelingDQN,deceptive_grid,4,346,35522,7.045,6,1,0.6987,0.00264
DuelingDQN,deceptive_grid,4,347,35722,-246.7,200,0,0.697,0.003585
DuelingDQN,deceptive_grid,4,348,35849,-165.27,127,1,0.6959,0.001519
DuelingDQN,deceptive_grid,4,349,35923,-61.105,74,1,0.6953,0.001182
DuelingDQN,deceptive_grid,4,350,36018,-79.935,95,1,0.6945,0.000996
DuelingDQN,deceptive_grid,4,351,36019,10.5,1,1,0.6945,0.004418
DuelingDQN,deceptive_grid,4,352,36050,-25.165,31,1,0.6942,0.001931
DuelingDQN,deceptive_grid,4,353,36061,-1.8,11,1,0.6941,0.002362
DuelingDQN,deceptive_grid,4,354,36164,-77.815,103,1,0.6933,0.001846
DuelingDQN,deceptive_grid,4,355,36278,-103.08,114,1,0.6923,0.001446
DuelingDQN,deceptive_grid,4,356,36313,-25.62,35,1,0.692,0.000883
DuelingDQN,deceptive_grid,4,357,36359,-29.37,46,1,0.6916,0.001121
DuelingDQN,deceptive_grid,4,358,36414,-53.055,55,1,0.6911,0.001078
DuelingDQN,deceptive_grid,4,359,36453,-32.72,39,1,0.6908,0.001531
DuelingDQN,deceptive_grid,4,360,36477,-7.55,24,1,0.6906,0.002057
DuelingDQN,deceptive_grid,4,361,36553,-83.165,76,1,0.69,0.004222
DuelingDQN,deceptive_grid,4,362,36570,-5.545,17,1,0.6898,0.003514
DuelingDQN,deceptive_grid,4,363,36602,-19.6,32,1,0.6895,0.005295
DuelingDQN,deceptive_grid,4,364,36687,-72.505,85,1,0.6888,0.003521
DuelingDQN,deceptive_grid,4,365,36782,-119.205,95,1,0.688,0.001677
DuelingDQN,deceptive_grid,4,366,36838,-53.485,56,1,0.6875,0.000872
DuelingDQN,deceptive_grid,4,367,36884,-44.61,46,1,0.6872,0.000712
DuelingDQN,deceptive_grid,4,368,36939,-39.59,55,1,0.6867,0.000631
DuelingDQN,deceptive_grid,4,369,37024,-87.28,85,1,0.686,0.001952
DuelingDQN,deceptive_grid,4,370,37032,1.59,8,1,0.6859,0.003079
DuelingDQN,deceptive_grid,4,371,37087,-44.215,55,1,0.6854,0.005609
DuelingDQN,deceptive_grid,4,372,37123,-34.83,36,1,0.6851,0.003209
DuelingDQN,deceptive_grid,4,373,37187,-58.12,64,1,0.6846,0.002151
DuelingDQN,deceptive_grid,4,374,37307,-134.835,120,1,0.6836,0.001256
DuelingDQN,deceptive_grid,4,375,37379,-69.88,72,1,0.683,0.001105
DuelingDQN,deceptive_grid,4,376,37447,-54.655,68,1,0.6824,0.000834
DuelingDQN,deceptive_grid,4,377,37500,-37.65,53,1,0.6819,0.001114
DuelingDQN,deceptive_grid,4,378,37578,-78.575,78,1,0.6813,0.00273
DuelingDQN,deceptive_grid,4,379,37662,-85.055,84,1,0.6806,0.001948
DuelingDQN,deceptive_grid,4,380,37724,-58.95,62,1,0.68,0.001431
DuelingDQN,deceptive_grid,4,381,37764,-22.63,40,1,0.6797,0.001112
DuelingDQN,deceptive_grid,4,382,37772,1.61,8,1,0.6796,0.001993
DuelingDQN,deceptive_grid,4,383,37797,-7.67,25,1,0.6794,0.001186
DuelingDQN,deceptive_grid,4,384,37904,-98.1,107,1,0.6785,0.001146
DuelingDQN,deceptive_grid,4,385,37920,-0.64,16,1,0.6784,0.001129
DuelingDQN,deceptive_grid,4,386,37950,-20.12,30,1,0.6781,0.000937
DuelingDQN,deceptive_grid,4,387,37985,-27.935,35,1,0.6778,0.00073
DuelingDQN,deceptive_grid,4,388,38147,-169.325,162,1,0.6764,0.001766
DuelingDQN,deceptive_grid,4,389,38187,-36.57,40,1,0.6761,0.001292
DuelingDQN,deceptive_grid,4,390,38243,-51.855,56,1,0.6756,0.000999
DuelingDQN,deceptive_grid,4,391,38300,-41.835,57,1,0.6751,0.000838
DuelingDQN,deceptive_grid,4,392,38334,-13.695,34,1,0.6749,0.00075
DuelingDQN,deceptive_grid,4,393,38418,-83.4,84,1,0.6741,0.000786
DuelingDQN,deceptive_grid,4,394,38439,-17.52,21,1,0.674,0.001085
DuelingDQN,deceptive_grid,4,395,38518,-66.54,79,1,0.6733,0.001428
DuelingDQN,deceptive_grid,4,396,38534,-4.075,16,1,0.6732,0.00326
DuelingDQN,deceptive_grid,4,397,38590,-49.46,56,1,0.6727,0.003176
DuelingDQN,deceptive_grid,4,398,38608,-1.565,18,1,0.6725,0.003647
DuelingDQN,deceptive_grid,4,399,38648,-40.205,40,1,0.6722,0.003175
DuelingDQN,deceptive_grid,4,400,38672,-15.445,24,1,0.672,0.003278
DuelingDQN,deceptive_grid,4,401,38756,-76.33,84,1,0.6713,0.002768
DuelingDQN,deceptive_grid,4,402,38789,-26.89,33,1,0.671,0.001867
DuelingDQN,deceptive_grid,4,403,38821,-21.51,32,1,0.6707,0.002773
DuelingDQN,deceptive_grid,4,404,38893,-60.94,72,1,0.6701,0.002287
DuelingDQN,deceptive_grid,4,405,38948,-46.38,55,1,0.6696,0.002533
DuelingDQN,deceptive_grid,4,406,38995,-41.525,47,1,0.6692,0.001753
DuelingDQN,deceptive_grid,4,407,39056,-54.785,61,1,0.6687,0.003113
DuelingDQN,deceptive_grid,4,408,39175,-107.95,119,1,0.6677,0.00176
DuelingDQN,deceptive_grid,4,409,39277,-113.665,102,1,0.6669,0.00132
DuelingDQN,deceptive_grid,4,410,39304,-22.115,27,1,0.6666,0.00157
DuelingDQN,deceptive_grid,4,411,39316,-6.8,12,1,0.6665,0.001188
DuelingDQN,deceptive_grid,4,412,39413,-87.24,97,1,0.6657,0.000683
DuelingDQN,deceptive_grid,4,413,39430,-9.21,17,1,0.6656,0.000647
DuelingDQN,deceptive_grid,4,414,39448,-9.295,18,1,0.6654,0.000532
DuelingDQN,deceptive_grid,4,415,39525,-67.475,77,1,0.6648,0.001463
DuelingDQN,deceptive_grid,4,416,39568,-48.73,43,1,0.6644,0.002872
DuelingDQN,deceptive_grid,4,417,39614,-44.375,46,1,0.664,0.001361
DuelingDQN,deceptive_grid,4,418,39706,-85.555,92,1,0.6632,0.00102
DuelingDQN,deceptive_grid,4,419,39774,-63.23,68,1,0.6626,0.001077
DuelingDQN,deceptive_grid,4,420,39816,-29.235,42,1,0.6623,0.000722
DuelingDQN,deceptive_grid,4,421,39845,-19.57,29,1,0.662,0.000745
DuelingDQN,deceptive_grid,4,422,39946,-90.91,101,1,0.6612,0.000644
DuelingDQN,deceptive_grid,4,423,39969,-14.685,23,1,0.661,0.001224
DuelingDQN,deceptive_grid,4,424,39986,-6.715,17,1,0.6608,0.002113
DuelingDQN,deceptive_grid,4,425,40031,-28.165,45,1,0.6605,0.003777
DuelingDQN,deceptive_grid,4,426,40070,-29.38,39,1,0.6601,0.003474
DuelingDQN,deceptive_grid,4,427,40122,-55.57,52,1,0.6597,0.003081
DuelingDQN,deceptive_grid,4,428,40140,-2.605,18,1,0.6595,0.002097
DuelingDQN,deceptive_grid,4,429,40279,-123.455,139,1,0.6584,0.001962
DuelingDQN,deceptive_grid,4,430,40314,-26.95,35,1,0.6581,0.004107
DuelingDQN,deceptive_grid,4,431,40374,-50.18,60,1,0.6576,0.00319
DuelingDQN,deceptive_grid,4,432,40408,-38.595,34,1,0.6573,0.003054
DuelingDQN,deceptive_grid,4,433,40520,-122.785,112,1,0.6563,0.002643
DuelingDQN,deceptive_grid,4,434,40586,-60.875,66,1,0.6558,0.00431
DuelingDQN,deceptive_grid,4,435,40652,-71.435,66,1,0.6552,0.003502
DuelingDQN,deceptive_grid,4,436,40658,7.065,6,1,0.6551,0.00341
DuelingDQN,deceptive_grid,4,437,40674,-0.6,16,1,0.655,0.00313
DuelingDQN,deceptive_grid,4,438,40738,-56.68,64,1,0.6545,0.002007
DuelingDQN,deceptive_grid,4,439,40804,-62.225,66,1,0.6539,0.00149
DuelingDQN,deceptive_grid,4,440,40840,-28.095,36,1,0.6536,0.001066
DuelingDQN,deceptive_grid,4,441,40887,-25.355,47,1,0.6532,0.00091
DuelingDQN,deceptive_grid,4,442,40888,10.5,1,1,0.6532,0.001138
DuelingDQN,deceptive_grid,4,443,40905,-2.13,17,1,0.653,0.001063
DuelingDQN,deceptive_grid,4,444,40960,-55.69,55,1,0.6526,0.000853
DuelingDQN,deceptive_grid,4,445,40986,-18.54,26,1,0.6524,0.000496
DuelingDQN,deceptive_grid,4,446,41007,-8.355,21,1,0.6522,0.001535
DuelingDQN,deceptive_grid,4,447,41048,-25.485,41,1,0.6518,0.00371
DuelingDQN,deceptive_grid,4,448,41153,-114.37,105,1,0.6509,0.002116
DuelingDQN,deceptive_grid,4,449,41165,-5.765,12,1,0.6508,0.001965
DuelingDQN,deceptive_grid,4,450,41179,-4.65,14,1,0.6507,0.003438
DuelingDQN,deceptive_grid,4,451,41232,-50.045,53,1,0.6503,0.002527
DuelingDQN,deceptive_grid,4,452,41278,-37.68,46,1,0.6499,0.001505
DuelingDQN,deceptive_grid,4,453,41335,-52.99,57,1,0.6494,0.001232
DuelingDQN,deceptive_grid,4,454,41360,-28.19,25,1,0.6492,0.001315
DuelingDQN,deceptive_grid,4,455,41400,-28.74,40,1,0.6488,0.001245
DuelingDQN,deceptive_grid,4,456,41458,-59.45,58,1,0.6484,0.001108
DuelingDQN,deceptive_grid,4,457,41509,-30.275,51,1,0.6479,0.00114
DuelingDQN,deceptive_grid,4,458,41544,-24.355,35,1,0.6476,0.002146
DuelingDQN,deceptive_grid,4,459,41589,-41.93,45,1,0.6472,0.002207
DuelingDQN,deceptive_grid,4,460,41640,-31.405,51,1,0.6468,0.001482
DuelingDQN,deceptive_grid,4,461,41699,-43.585,59,1,0.6463,0.001235
DuelingDQN,deceptive_grid,4,462,41733,-25.11,34,1,0.646,0.000864
DuelingDQN,deceptive_grid,4,463,41755,-16.825,22,1,0.6458,0.000904
DuelingDQN,deceptive_grid,4,464,41761,8.075,6,1,0.6458,0.000667
DuelingDQN,deceptive_grid,4,465,41784,-4.695,23,1,0.6456,0.00122
DuelingDQN,deceptive_grid,4,466,41863,-65.65,79,1,0.6449,0.001109
DuelingDQN,deceptive_grid,4,467,41963,-83.225,100,1,0.6441,0.001053
DuelingDQN,deceptive_grid,4,468,42011,-40.305,48,1,0.6437,0.001649
DuelingDQN,deceptive_grid,4,469,42079,-62.76,68,1,0.6431,0.002312
DuelingDQN,deceptive_grid,4,470,42112,-17.715,33,1,0.6428,0.002214
DuelingDQN,deceptive_grid,4,471,42157,-31.29,45,1,0.6424,0.002213
DuelingDQN,deceptive_grid,4,472,42197,-29.07,40,1,0.6421,0.002119
DuelingDQN,deceptive_grid,4,473,42204,6.565,7,1,0.642,0.001816
DuelingDQN,deceptive_grid,4,474,42244,-32.005,40,1,0.6417,0.001676
DuelingDQN,deceptive_grid,4,475,42338,-97.63,94,1,0.6409,0.001614
DuelingDQN,deceptive_grid,4,476,42397,-48.5,59,1,0.6404,0.001573
DuelingDQN,deceptive_grid,4,477,42491,-88.1,94,1,0.6396,0.001015
DuelingDQN,deceptive_grid,4,478,42560,-65.4,69,1,0.639,0.001989
DuelingDQN,deceptive_grid,4,479,42608,-51.455,48,1,0.6386,0.001507
DuelingDQN,deceptive_grid,4,480,42614,8.075,6,1,0.6386,0.002063
DuelingDQN,deceptive_grid,4,481,42661,-47.79,47,1,0.6382,0.001491
DuelingDQN,deceptive_grid,4,482,42686,-17.065,25,1,0.6379,0.001318
DuelingDQN,deceptive_grid,4,483,42701,-1.295,15,1,0.6378,0.001226
DuelingDQN,deceptive_grid,4,484,42763,-62.895,62,1,0.6373,0.00119
DuelingDQN,deceptive_grid,4,485,42804,-34.405,41,1,0.6369,0.001254
DuelingDQN,deceptive_grid,4,486,42860,-41.055,56,1,0.6365,0.001053
DuelingDQN,deceptive_grid,4,487,42936,-86.485,76,1,0.6358,0.000541
DuelingDQN,deceptive_grid,4,488,42992,-46.475,56,1,0.6353,0.000673
DuelingDQN,deceptive_grid,4,489,43044,-41.09,52,1,0.6349,0.004591
DuelingDQN,deceptive_grid,4,490,43119,-68.195,75,1,0.6343,0.003564
DuelingDQN,deceptive_grid,4,491,43168,-32.995,49,1,0.6339,0.001861
DuelingDQN,deceptive_grid,4,492,43192,-13.035,24,1,0.6336,0.001579
DuelingDQN,deceptive_grid,4,493,43234,-37.15,42,1,0.6333,0.001051
DuelingDQN,deceptive_grid,4,494,43308,-62.625,74,1,0.6327,0.000744
DuelingDQN,deceptive_grid,4,495,43359,-47.075,51,1,0.6322,0.000669
DuelingDQN,deceptive_grid,4,496,43416,-52.635,57,1,0.6317,0.000658
DuelingDQN,deceptive_grid,4,497,43435,-5.38,19,1,0.6316,0.000901
DuelingDQN,deceptive_grid,4,498,43449,-5.72,14,1,0.6315,0.000877
DuelingDQN,deceptive_grid,4,499,43460,-1.89,11,1,0.6314,0.001017
DuelingDQN,deceptive_grid,4,500,43491,-11.365,31,1,0.6311,0.001573
DuelingDQN,deceptive_grid,4,501,43569,-75.465,78,1,0.6304,0.002518
DuelingDQN,deceptive_grid,4,502,43588,-3.965,19,1,0.6303,0.002813
DuelingDQN,deceptive_grid,4,503,43655,-68.325,67,1,0.6297,0.00164
DuelingDQN,deceptive_grid,4,504,43703,-72.41,48,1,0.6293,0.001072
DuelingDQN,deceptive_grid,4,505,43719,-15.31,16,1,0.6292,0.001045
DuelingDQN,deceptive_grid,4,506,43776,-59.21,57,1,0.6287,0.001204
DuelingDQN,deceptive_grid,4,507,43807,-15.05,31,1,0.6284,0.000975
DuelingDQN,deceptive_grid,4,508,43826,-12.13,19,1,0.6283,0.001029
DuelingDQN,deceptive_grid,4,509,43849,-21.875,23,1,0.6281,0.000739
DuelingDQN,deceptive_grid,4,510,43920,-68.295,71,1,0.6275,0.00061
DuelingDQN,deceptive_grid,4,511,43942,-28.05,22,1,0.6273,0.000732
DuelingDQN,deceptive_grid,4,512,43966,-19.665,24,1,0.6271,0.000639
DuelingDQN,deceptive_grid,4,513,43976,5.205,10,1,0.627,0.000881
DuelingDQN,deceptive_grid,4,514,44035,-57.36,59,1,0.6265,0.002302
DuelingDQN,deceptive_grid,4,515,44084,-31.9,49,1,0.6261,0.003029
DuelingDQN,deceptive_grid,4,516,44119,-18.585,35,1,0.6258,0.003152
DuelingDQN,deceptive_grid,4,517,44144,-8.88,25,1,0.6256,0.003047
DuelingDQN,deceptive_grid,4,518,44173,-16.345,29,1,0.6253,0.002548
DuelingDQN,deceptive_grid,4,519,44188,-2.63,15,1,0.6252,0.00214
DuelingDQN,deceptive_grid,4,520,44226,-25.465,38,1,0.6249,0.00223
DuelingDQN,deceptive_grid,4,521,44252,-20.81,26,1,0.6247,0.001713
DuelingDQN,deceptive_grid,4,522,44281,-20.625,29,1,0.6244,0.001331
DuelingDQN,deceptive_grid,4,523,44371,-83.545,90,1,0.6236,0.000713
DuelingDQN,deceptive_grid,4,524,44460,-98.605,89,1,0.6229,0.000608
DuelingDQN,deceptive_grid,4,525,44488,-19.245,28,1,0.6227,0.000644
DuelingDQN,deceptive_grid,4,526,44613,-147.735,125,1,0.6216,0.001999
DuelingDQN,deceptive_grid,4,527,44630,-1.18,17,1,0.6215,0.001782
DuelingDQN,deceptive_grid,4,528,44651,-12.88,21,1,0.6213,0.001554
DuelingDQN,deceptive_grid,4,529,44693,-50.93,42,1,0.6209,0.00143
DuelingDQN,deceptive_grid,4,530,44714,-6.06,21,1,0.6207,0.001297
DuelingDQN,deceptive_grid,4,531,44728,1.245,14,1,0.6206,0.001101
DuelingDQN,deceptive_grid,4,532,44743,-4.805,15,1,0.6205,0.000901
DuelingDQN,deceptive_grid,4,533,44777,-15.885,34,1,0.6202,0.000848
DuelingDQN,deceptive_grid,4,534,44811,-27.295,34,1,0.6199,0.000755
DuelingDQN,deceptive_grid,4,535,44860,-44.18,49,1,0.6195,0.001354
DuelingDQN,deceptive_grid,4,536,44912,-40.205,52,1,0.6191,0.00199
DuelingDQN,deceptive_grid,4,537,45015,-78.635,103,1,0.6182,0.002312
DuelingDQN,deceptive_grid,4,538,45072,-40.505,57,1,0.6177,0.00435
DuelingDQN,deceptive_grid,4,539,45138,-46.065,66,1,0.6171,0.003654
DuelingDQN,deceptive_grid,4,540,45163,-9.99,25,1,0.6169,0.001765
DuelingDQN,deceptive_grid,4,541,45175,0.15,12,1,0.6168,0.001293
DuelingDQN,deceptive_grid,4,542,45195,-13.62,20,1,0.6167,0.001477
DuelingDQN,deceptive_grid,4,543,45225,-26.99,30,1,0.6164,0.001156
DuelingDQN,deceptive_grid,4,544,45244,-7.655,19,1,0.6162,0.001146
DuelingDQN,deceptive_grid,4,545,45287,-36.715,43,1,0.6159,0.001006
DuelingDQN,deceptive_grid,4,546,45314,-10.825,27,1,0.6156,0.000696
DuelingDQN,deceptive_grid,4,547,45350,-23.52,36,1,0.6153,0.000608
DuelingDQN,deceptive_grid,4,548,45385,-25.33,35,1,0.615,0.000729
DuelingDQN,deceptive_grid,4,549,45437,-42.645,52,1,0.6146,0.000846
DuelingDQN,deceptive_grid,4,550,45478,-26.795,41,1,0.6143,0.000917
DuelingDQN,deceptive_grid,4,551,45541,-68.41,63,1,0.6137,0.001549
DuelingDQN,deceptive_grid,4,552,45550,4.63,9,1,0.6136,0.001499
DuelingDQN,deceptive_grid,4,553,45573,-5.715,23,1,0.6135,0.001567
DuelingDQN,deceptive_grid,4,554,45646,-54.1,73,1,0.6128,0.001143
DuelingDQN,deceptive_grid,4,555,45674,-33.0,28,1,0.6126,0.001025
DuelingDQN,deceptive_grid,4,556,45691,-2.25,17,1,0.6125,0.001187
DuelingDQN,deceptive_grid,4,557,45727,-21.79,36,1,0.6121,0.001114
DuelingDQN,deceptive_grid,4,558,45744,-2.06,17,1,0.612,0.00122
DuelingDQN,deceptive_grid,4,559,45807,-46.255,63,1,0.6115,0.001188
DuelingDQN,deceptive_grid,4,560,45848,-23.26,41,1,0.6111,0.001082
DuelingDQN,deceptive_grid,4,561,45869,-11.9,21,1,0.6109,0.000879
DuelingDQN,deceptive_grid,4,562,45900,-16.845,31,1,0.6107,0.000749
DuelingDQN,deceptive_grid,4,563,45909,4.64,9,1,0.6106,0.00062
DuelingDQN,deceptive_grid,4,564,45923,-1.105,14,1,0.6105,0.000633
DuelingDQN,deceptive_grid,4,565,45928,8.55,5,1,0.6104,0.000647
DuelingDQN,deceptive_grid,4,566,45976,-63.54,48,1,0.61,0.000707
DuelingDQN,deceptive_grid,4,567,46051,-64.105,75,1,0.6094,0.002542
DuelingDQN,deceptive_grid,4,568,46109,-42.375,58,1,0.6089,0.002122
DuelingDQN,deceptive_grid,4,569,46162,-56.85,53,1,0.6085,0.002083
DuelingDQN,deceptive_grid,4,570,46222,-61.85,60,1,0.6079,0.001934
DuelingDQN,deceptive_grid,4,571,46252,-21.165,30,1,0.6077,0.002176
DuelingDQN,deceptive_grid,4,572,46298,-41.555,46,1,0.6073,0.001912
DuelingDQN,deceptive_grid,4,573,46323,-12.265,25,1,0.6071,0.001823
DuelingDQN,deceptive_grid,4,574,46329,7.055,6,1,0.607,0.001829
DuelingDQN,deceptive_grid,4,575,46352,-5.605,23,1,0.6068,0.001884
DuelingDQN,deceptive_grid,4,576,46392,-29.8,40,1,0.6065,0.000884
DuelingDQN,deceptive_grid,4,577,46419,-12.875,27,1,0.6063,0.000909
DuelingDQN,deceptive_grid,4,578,46458,-41.81,39,1,0.6059,0.000687
DuelingDQN,deceptive_grid,4,579,46492,-12.285,34,1,0.6057,0.00061
DuelingDQN,deceptive_grid,4,580,46513,-10.605,21,1,0.6055,0.001884
DuelingDQN,deceptive_grid,4,581,46573,-45.34,60,1,0.605,0.002487
DuelingDQN,deceptive_grid,4,582,46577,8.02,4,1,0.6049,0.00186
DuelingDQN,deceptive_grid,4,583,46635,-46.245,58,1,0.6044,0.001894
DuelingDQN,deceptive_grid,4,584,46645,-0.355,10,1,0.6044,0.001427
DuelingDQN,deceptive_grid,4,585,46753,-99.335,108,1,0.6034,0.001228
DuelingDQN,deceptive_grid,4,586,46789,-19.12,36,1,0.6031,0.001003
DuelingDQN,deceptive_grid,4,587,46848,-62.47,59,1,0.6026,0.000718
DuelingDQN,deceptive_grid,4,588,46859,3.715,11,1,0.6025,0.000613
DuelingDQN,deceptive_grid,4,589,46904,-40.63,45,1,0.6022,0.000468
DuelingDQN,deceptive_grid,4,590,46945,-45.25,41,1,0.6018,0.000325
DuelingDQN,deceptive_grid,4,591,46978,-28.305,33,1,0.6015,0.000317
DuelingDQN,deceptive_grid,4,592,47037,-53.37,59,1,0.601,0.00154
DuelingDQN,deceptive_grid,4,593,47045,6.11,8,1,0.601,0.002111
DuelingDQN,deceptive_grid,4,594,47145,-104.16,100,1,0.6001,0.00173
DuelingDQN,deceptive_grid,4,595,47149,8.03,4,1,0.6001,0.001162
DuelingDQN,deceptive_grid,4,596,47165,-4.095,16,1,0.5999,0.001235
DuelingDQN,deceptive_grid,4,597,47191,-32.305,26,1,0.5997,0.00104
DuelingDQN,deceptive_grid,4,598,47264,-66.52,73,1,0.5991,0.000998
DuelingDQN,deceptive_grid,4,599,47319,-42.965,55,1,0.5986,0.000689
DuelingDQN,deceptive_grid,4,600,47367,-29.04,48,1,0.5982,0.000673
DuelingDQN,deceptive_grid,4,601,47377,-5.915,10,1,0.5981,0.000796
DuelingDQN,deceptive_grid,4,602,47397,-5.8,20,1,0.598,0.0007
DuelingDQN,deceptive_grid,4,603,47460,-55.285,63,1,0.5974,0.000587
DuelingDQN,deceptive_grid,4,604,47487,-10.855,27,1,0.5972,0.000386
DuelingDQN,deceptive_grid,4,605,47509,-14.27,22,1,0.597,0.001138
DuelingDQN,deceptive_grid,4,606,47529,-1.34,20,1,0.5969,0.001642
DuelingDQN,deceptive_grid,4,607,47594,-46.465,65,1,0.5963,0.00185
DuelingDQN,deceptive_grid,4,608,47629,-25.14,35,1,0.596,0.00254
DuelingDQN,deceptive_grid,4,609,47657,-13.525,28,1,0.5958,0.002053
DuelingDQN,deceptive_grid,4,610,47667,0.675,10,1,0.5957,0.002111
DuelingDQN,deceptive_grid,4,611,47698,-28.32,31,1,0.5954,0.002029
DuelingDQN,deceptive_grid,4,612,47737,-42.65,39,1,0.5951,0.001571
DuelingDQN,deceptive_grid,4,613,47766,-21.035,29,1,0.5949,0.001148
DuelingDQN,deceptive_grid,4,614,47787,-4.72,21,1,0.5947,0.001098
DuelingDQN,deceptive_grid,4,615,47827,-22.68,40,1,0.5943,0.002904
DuelingDQN,deceptive_grid,4,616,47911,-76.355,84,1,0.5936,0.003277
DuelingDQN,deceptive_grid,4,617,47971,-47.495,60,1,0.5931,0.0027
DuelingDQN,deceptive_grid,4,618,47988,0.04,17,1,0.593,0.002432
DuelingDQN,deceptive_grid,4,619,48040,-32.4,52,1,0.5925,0.00299
DuelingDQN,deceptive_grid,4,620,48045,8.55,5,1,0.5925,0.006483
DuelingDQN,deceptive_grid,4,621,48061,0.47,16,1,0.5923,0.003888
DuelingDQN,deceptive_grid,4,622,48101,-30.64,40,1,0.592,0.002495
DuelingDQN,deceptive_grid,4,623,48142,-31.005,41,1,0.5917,0.001575
DuelingDQN,deceptive_grid,4,624,48151,1.105,9,1,0.5916,0.001227
DuelingDQN,deceptive_grid,4,625,48191,-32.8,40,1,0.5912,0.001289
DuelingDQN,deceptive_grid,4,626,48204,1.72,13,1,0.5911,0.000925
DuelingDQN,deceptive_grid,4,627,48239,-28.9,35,1,0.5908,0.00077
DuelingDQN,deceptive_grid,4,628,48314,-63.55,75,1,0.5902,0.000765
DuelingDQN,deceptive_grid,4,629,48370,-41.47,56,1,0.5897,0.000746
DuelingDQN,deceptive_grid,4,630,48384,-11.255,14,1,0.5896,0.000748
DuelingDQN,deceptive_grid,4,631,48429,-40.95,45,1,0.5892,0.000759
DuelingDQN,deceptive_grid,4,632,48470,-21.72,41,1,0.5889,0.00107
DuelingDQN,deceptive_grid,4,633,48480,4.175,10,1,0.5888,0.001729
DuelingDQN,deceptive_grid,4,634,48494,2.445,14,1,0.5887,0.000894
DuelingDQN,deceptive_grid,4,635,48522,-19.23,28,1,0.5884,0.002761
DuelingDQN,deceptive_grid,4,636,48539,-13.335,17,1,0.5883,0.0023
DuelingDQN,deceptive_grid,4,637,48592,-57.0,53,1,0.5878,0.002839
DuelingDQN,deceptive_grid,4,638,48630,-25.29,38,1,0.5875,0.002413
DuelingDQN,deceptive_grid,4,639,48649,-15.635,19,1,0.5874,0.001654
DuelingDQN,deceptive_grid,4,640,48685,-28.265,36,1,0.5871,0.001283
DuelingDQN,deceptive_grid,4,641,48694,3.56,9,1,0.587,0.001102
DuelingDQN,deceptive_grid,4,642,48720,-5.835,26,1,0.5868,0.00091
DuelingDQN,deceptive_grid,4,643,48773,-39.56,53,1,0.5863,0.000796
DuelingDQN,deceptive_grid,4,644,48820,-40.23,47,1,0.5859,0.000702
DuelingDQN,deceptive_grid,4,645,48847,-13.795,27,1,0.5857,0.000751
DuelingDQN,deceptive_grid,4,646,48864,-4.635,17,1,0.5855,0.000485
DuelingDQN,deceptive_grid,4,647,48867,9.515,3,1,0.5855,0.000458
DuelingDQN,deceptive_grid,4,648,48896,-24.09,29,1,0.5853,0.000713
DuelingDQN,deceptive_grid,4,649,48930,-31.435,34,1,0.585,0.000839
DuelingDQN,deceptive_grid,4,650,48960,-17.29,30,1,0.5847,0.000892
DuelingDQN,deceptive_grid,4,651,49000,-35.95,40,1,0.5844,0.000886
DuelingDQN,deceptive_grid,4,652,49013,1.69,13,1,0.5843,0.002446
DuelingDQN,deceptive_grid,4,653,49032,-5.155,19,1,0.5841,0.003196
DuelingDQN,deceptive_grid,4,654,49080,-39.07,48,1,0.5837,0.002117
DuelingDQN,deceptive_grid,4,655,49112,-24.24,32,1,0.5834,0.001695
DuelingDQN,deceptive_grid,4,656,49196,-72.915,84,1,0.5827,0.001472
DuelingDQN,deceptive_grid,4,657,49240,-29.43,44,1,0.5823,0.001251
DuelingDQN,deceptive_grid,4,658,49247,5.565,7,1,0.5823,0.000997
DuelingDQN,deceptive_grid,4,659,49281,-18.15,34,1,0.582,0.001045
DuelingDQN,deceptive_grid,4,660,49315,-18.545,34,1,0.5817,0.000594
DuelingDQN,deceptive_grid,4,661,49359,-32.045,44,1,0.5813,0.000619
DuelingDQN,deceptive_grid,4,662,49405,-29.215,46,1,0.5809,0.001108
DuelingDQN,deceptive_grid,4,663,49433,-13.65,28,1,0.5807,0.000642
DuelingDQN,deceptive_grid,4,664,49467,-20.425,34,1,0.5804,0.000687
DuelingDQN,deceptive_grid,4,665,49502,-15.415,35,1,0.5801,0.000857
DuelingDQN,deceptive_grid,4,666,49509,5.575,7,1,0.5801,0.002609
DuelingDQN,deceptive_grid,4,667,49600,-79.995,91,1,0.5793,0.002513
DuelingDQN,deceptive_grid,4,668,49639,-24.475,39,1,0.579,0.00219
DuelingDQN,deceptive_grid,4,669,49680,-24.405,41,1,0.5786,0.001907
DuelingDQN,deceptive_grid,4,670,49696,-2.82,16,1,0.5785,0.00157
DuelingDQN,deceptive_grid,4,671,49730,-28.415,34,1,0.5782,0.000989
DuelingDQN,deceptive_grid,4,672,49791,-55.97,61,1,0.5777,0.000809
DuelingDQN,deceptive_grid,4,673,49793,5.505,2,1,0.5777,0.000529
DuelingDQN,deceptive_grid,4,674,49824,-19.475,31,1,0.5774,0.000788
DuelingDQN,deceptive_grid,4,675,49829,7.55,5,1,0.5774,0.001449
DuelingDQN,deceptive_grid,4,676,49859,-30.565,30,1,0.5771,0.000935
DuelingDQN,deceptive_grid,4,677,49939,-79.715,80,1,0.5764,0.000754
DuelingDQN,deceptive_grid,4,678,50019,-68.015,80,1,0.5757,0.001149
DuelingDQN,deceptive_grid,4,679,50030,-0.835,11,1,0.5756,0.001999
DuelingDQN,deceptive_grid,4,680,50078,-30.265,48,1,0.5752,0.001813
DuelingDQN,deceptive_grid,4,681,50101,-14.945,23,1,0.575,0.001935
DuelingDQN,deceptive_grid,4,682,50177,-61.28,76,1,0.5744,0.001678
DuelingDQN,deceptive_grid,4,683,50184,6.595,7,1,0.5743,0.001756
DuelingDQN,deceptive_grid,4,684,50204,-6.9,20,1,0.5742,0.001568
DuelingDQN,deceptive_grid,4,685,50256,-49.83,52,1,0.5737,0.001038
DuelingDQN,deceptive_grid,4,686,50288,-23.97,32,1,0.5735,0.00101
DuelingDQN,deceptive_grid,4,687,50301,-10.79,13,1,0.5733,0.000862
DuelingDQN,deceptive_grid,4,688,50336,-21.1,35,1,0.5731,0.000915
DuelingDQN,deceptive_grid,4,689,50361,-30.52,25,1,0.5728,0.000994
DuelingDQN,deceptive_grid,4,690,50426,-47.46,65,1,0.5723,0.000942
DuelingDQN,deceptive_grid,4,691,50500,-59.745,74,1,0.5717,0.000873
DuelingDQN,deceptive_grid,4,692,50539,-26.6,39,1,0.5713,0.002376
DuelingDQN,deceptive_grid,4,693,50615,-84.45,76,1,0.5707,0.002306
DuelingDQN,deceptive_grid,4,694,50729,-95.36,114,1,0.5697,0.000987
DuelingDQN,deceptive_grid,4,695,50791,-47.43,62,1,0.5692,0.000857
DuelingDQN,deceptive_grid,4,696,50801,5.205,10,1,0.5691,0.000804
DuelingDQN,deceptive_grid,4,697,50802,10.5,1,1,0.5691,0.002216
DuelingDQN,deceptive_grid,4,698,50848,-38.49,46,1,0.5687,0.000737
DuelingDQN,deceptive_grid,4,699,50887,-31.115,39,1,0.5684,0.001319
DuelingDQN,deceptive_grid,4,700,50903,-0.77,16,1,0.5682,0.001723
DuelingDQN,deceptive_grid,4,701,50975,-95.665,72,1,0.5676,0.001044
DuelingDQN,deceptive_grid,4,702,51015,-28.1,40,1,0.5673,0.002047
DuelingDQN,deceptive_grid,4,703,51037,-2.085,22,1,0.5671,0.003084
DuelingDQN,deceptive_grid,4,704,51068,-25.56,31,1,0.5668,0.003083
DuelingDQN,deceptive_grid,4,705,51094,-15.09,26,1,0.5666,0.002178
DuelingDQN,deceptive_grid,4,706,51112,-9.58,18,1,0.5665,0.001331
DuelingDQN,deceptive_grid,4,707,51126,-2.2,14,1,0.5664,0.001455
DuelingDQN,deceptive_grid,4,708,51177,-50.455,51,1,0.5659,0.001927
DuelingDQN,deceptive_grid,4,709,51233,-36.595,56,1,0.5654,0.001221
DuelingDQN,deceptive_grid,4,710,51252,-13.01,19,1,0.5653,0.000841
DuelingDQN,deceptive_grid,4,711,51314,-77.995,62,1,0.5648,0.000784
DuelingDQN,deceptive_grid,4,712,51350,-24.84,36,1,0.5645,0.000587
DuelingDQN,deceptive_grid,4,713,51380,-27.255,30,1,0.5642,0.000657
DuelingDQN,deceptive_grid,4,714,51396,-9.695,16,1,0.5641,0.000896
DuelingDQN,deceptive_grid,4,715,51455,-39.505,59,1,0.5636,0.000873
DuelingDQN,deceptive_grid,4,716,51461,6.065,6,1,0.5635,0.000792
DuelingDQN,deceptive_grid,4,717,51472,-0.79,11,1,0.5634,0.000641
DuelingDQN,deceptive_grid,4,718,51492,-12.555,20,1,0.5632,0.001578
DuelingDQN,deceptive_grid,4,719,51521,-26.655,29,1,0.563,0.003547
DuelingDQN,deceptive_grid,4,720,51568,-44.23,47,1,0.5626,0.003642
DuelingDQN,deceptive_grid,4,721,51600,-25.285,32,1,0.5623,0.002631
DuelingDQN,deceptive_grid,4,722,51628,-16.8,28,1,0.5621,0.001979
DuelingDQN,deceptive_grid,4,723,51643,-6.175,15,1,0.562,0.001753
DuelingDQN,deceptive_grid,4,724,51669,-10.295,26,1,0.5617,0.001329
DuelingDQN,deceptive_grid,4,725,51707,-20.565,38,1,0.5614,0.001553
DuelingDQN,deceptive_grid,4,726,51747,-26.95,40,1,0.5611,0.001018
DuelingDQN,deceptive_grid,4,727,51808,-68.645,61,1,0.5606,0.000769
DuelingDQN,deceptive_grid,4,728,51829,-8.51,21,1,0.5604,0.000669
DuelingDQN,deceptive_grid,4,729,51862,-22.415,33,1,0.5601,0.000658
DuelingDQN,deceptive_grid,4,730,51888,-7.085,26,1,0.5599,0.000448
DuelingDQN,deceptive_grid,4,731,51973,-90.57,85,1,0.5592,0.000515
DuelingDQN,deceptive_grid,4,732,52003,-14.335,30,1,0.5589,0.000855
DuelingDQN,deceptive_grid,4,733,52037,-17.8,34,1,0.5586,0.002235
DuelingDQN,deceptive_grid,4,734,52122,-87.15,85,1,0.5579,0.002136
DuelingDQN,deceptive_grid,4,735,52209,-99.425,87,1,0.5572,0.001139
DuelingDQN,deceptive_grid,4,736,52250,-28.97,41,1,0.5568,0.000829
DuelingDQN,deceptive_grid,4,737,52270,-3.59,20,1,0.5566,0.000833
DuelingDQN,deceptive_grid,4,738,52328,-48.03,58,1,0.5562,0.000633
DuelingDQN,deceptive_grid,4,739,52360,-31.17,32,1,0.5559,0.000785
DuelingDQN,deceptive_grid,4,740,52384,-9.78,24,1,0.5557,0.000541
DuelingDQN,deceptive_grid,4,741,52392,6.11,8,1,0.5556,0.000608
DuelingDQN,deceptive_grid,4,742,52414,-5.435,22,1,0.5554,0.000701
DuelingDQN,deceptive_grid,4,743,52472,-50.995,58,1,0.5549,0.000642
DuelingDQN,deceptive_grid,4,744,52527,-55.82,55,1,0.5545,0.001401
DuelingDQN,deceptive_grid,4,745,52579,-37.795,52,1,0.554,0.002098
DuelingDQN,deceptive_grid,4,746,52617,-23.955,38,1,0.5537,0.001754
DuelingDQN,deceptive_grid,4,747,52635,-4.995,18,1,0.5536,0.002667
DuelingDQN,deceptive_grid,4,748,52651,-4.145,16,1,0.5534,0.002528
DuelingDQN,deceptive_grid,4,749,52690,-22.55,39,1,0.5531,0.002019
DuelingDQN,deceptive_grid,4,750,52738,-30.31,48,1,0.5527,0.001079
DuelingDQN,deceptive_grid,4,751,52742,9.03,4,1,0.5526,0.000775
DuelingDQN,deceptive_grid,4,752,52746,8.03,4,1,0.5526,0.000791
DuelingDQN,deceptive_grid,4,753,52767,-9.615,21,1,0.5524,0.001162
DuelingDQN,deceptive_grid,4,754,52797,-12.12,30,1,0.5522,0.001211
DuelingDQN,deceptive_grid,4,755,52822,-21.08,25,1,0.552,0.00099
DuelingDQN,deceptive_grid,4,756,52877,-42.62,55,1,0.5515,0.000759
DuelingDQN,deceptive_grid,4,757,52905,-10.97,28,1,0.5513,0.000715
DuelingDQN,deceptive_grid,4,758,52978,-72.76,73,1,0.5506,0.000655
DuelingDQN,deceptive_grid,4,759,53003,-23.91,25,1,0.5504,0.000852
DuelingDQN,deceptive_grid,4,760,53050,-41.745,47,1,0.55,0.002973
DuelingDQN,deceptive_grid,4,761,53112,-91.055,62,1,0.5495,0.002002
DuelingDQN,deceptive_grid,4,762,53127,-2.315,15,1,0.5494,0.002517
DuelingDQN,deceptive_grid,4,763,53160,-21.295,33,1,0.5491,0.002038
DuelingDQN,deceptive_grid,4,764,53192,-26.47,32,1,0.5488,0.001424
DuelingDQN,deceptive_grid,4,765,53193,10.5,1,1,0.5488,0.000991
DuelingDQN,deceptive_grid,4,766,53246,-40.755,53,1,0.5484,0.000909
DuelingDQN,deceptive_grid,4,767,53264,-3.96,18,1,0.5482,0.001162
DuelingDQN,deceptive_grid,4,768,53302,-39.645,38,1,0.5479,0.001099
DuelingDQN,deceptive_grid,4,769,53319,-18.255,17,1,0.5477,0.001075
DuelingDQN,deceptive_grid,4,770,53364,-29.21,45,1,0.5474,0.000662
DuelingDQN,deceptive_grid,4,771,53378,2.385,14,1,0.5472,0.000645
DuelingDQN,deceptive_grid,4,772,53424,-22.175,46,1,0.5469,0.000507
DuelingDQN,deceptive_grid,4,773,53482,-50.815,58,1,0.5464,0.000398
DuelingDQN,deceptive_grid,4,774,53525,-32.16,43,1,0.546,0.001459
DuelingDQN,deceptive_grid,4,775,53606,-76.545,81,1,0.5453,0.001995
DuelingDQN,deceptive_grid,4,776,53663,-43.01,57,1,0.5448,0.001259
DuelingDQN,deceptive_grid,4,777,53694,-16.87,31,1,0.5446,0.001208
DuelingDQN,deceptive_grid,4,778,53728,-12.355,34,1,0.5443,0.000813
DuelingDQN,deceptive_grid,4,779,53732,9.03,4,1,0.5442,0.000631
DuelingDQN,deceptive_grid,4,780,53738,7.045,6,1,0.5442,0.000593
DuelingDQN,deceptive_grid,4,781,53750,-3.755,12,1,0.5441,0.00082
DuelingDQN,deceptive_grid,4,782,53787,-30.5,37,1,0.5438,0.000839
DuelingDQN,deceptive_grid,4,783,53817,-10.625,30,1,0.5435,0.000748
DuelingDQN,deceptive_grid,4,784,53862,-38.275,45,1,0.5431,0.000633
DuelingDQN,deceptive_grid,4,785,53868,7.075,6,1,0.5431,0.000473
DuelingDQN,deceptive_grid,4,786,53931,-58.77,63,1,0.5426,0.000537
DuelingDQN,deceptive_grid,4,787,53998,-50.43,67,1,0.542,0.000401
DuelingDQN,deceptive_grid,4,788,54005,2.065,7,1,0.5419,0.001998
DuelingDQN,deceptive_grid,4,789,54014,5.62,9,1,0.5419,0.002479
DuelingDQN,deceptive_grid,4,790,54016,10.005,2,1,0.5418,0.002035
DuelingDQN,deceptive_grid,4,791,54050,-22.95,34,1,0.5415,0.002178
DuelingDQN,deceptive_grid,4,792,54065,-4.765,15,1,0.5414,0.002105
DuelingDQN,deceptive_grid,4,793,54096,-15.01,31,1,0.5412,0.001815
DuelingDQN,deceptive_grid,4,794,54097,10.5,1,1,0.5412,0.002406
DuelingDQN,deceptive_grid,4,795,54149,-34.26,52,1,0.5407,0.002153
DuelingDQN,deceptive_grid,4,796,54176,-12.23,27,1,0.5405,0.001374
DuelingDQN,deceptive_grid,4,797,54188,3.24,12,1,0.5404,0.001677
DuelingDQN,deceptive_grid,4,798,54209,-8.43,21,1,0.5402,0.001503
DuelingDQN,deceptive_grid,4,799,54240,-15.835,31,1,0.5399,0.00165
DuelingDQN,deceptive_grid,4,800,54278,-25.67,38,1,0.5396,0.001743
