algo,grid,seed,episode,global_step,episode_return,episode_length,success,epsilon,mean_loss
DQN,deceptive_grid,0,1,200,-304.0,200,0,0.9977,
DQN,deceptive_grid,0,2,400,-246.0,200,0,0.9955,
DQN,deceptive_grid,0,3,600,-262.0,200,0,0.9932,
DQN,deceptive_grid,0,4,800,-218.0,200,0,0.991,
DQN,deceptive_grid,0,5,1000,-258.0,200,0,0.9887,1.502539
DQN,deceptive_grid,0,6,1200,-244.0,200,0,0.9864,0.776027
DQN,deceptive_grid,0,7,1400,-248.0,200,0,0.9842,0.433684
DQN,deceptive_grid,0,8,1600,-256.0,200,0,0.9819,0.354557
DQN,deceptive_grid,0,9,1800,-228.0,200,0,0.9796,0.301123
DQN,deceptive_grid,0,10,1875,-72.0,75,1,0.9788,0.310232
DQN,deceptive_grid,0,11,2075,-362.0,200,0,0.9765,0.382596
DQN,deceptive_grid,0,12,2077,13.0,2,1,0.9765,0.363274
DQN,deceptive_grid,0,13,2277,-268.0,200,0,0.9742,0.396059
DQN,deceptive_grid,0,14,2477,-302.0,200,0,0.972,0.376947
DQN,deceptive_grid,0,15,2524,-46.0,47,1,0.9715,0.444953
DQN,deceptive_grid,0,16,2724,-244.0,200,0,0.9692,0.394953
DQN,deceptive_grid,0,17,2924,-288.0,200,0,0.9669,0.361435
DQN,deceptive_grid,0,18,2965,-44.0,41,1,0.9665,0.35606
DQN,deceptive_grid,0,19,3165,-244.0,200,0,0.9642,0.37933
DQN,deceptive_grid,0,20,3365,-306.0,200,0,0.9619,0.355394
DQN,deceptive_grid,0,21,3565,-248.0,200,0,0.9597,0.346447
DQN,deceptive_grid,0,22,3765,-298.0,200,0,0.9574,0.345162
DQN,deceptive_grid,0,23,3965,-262.0,200,0,0.9552,0.322279
DQN,deceptive_grid,0,24,4165,-228.0,200,0,0.9529,0.330774
DQN,deceptive_grid,0,25,4365,-336.0,200,0,0.9506,0.326304
DQN,deceptive_grid,0,26,4377,3.0,12,1,0.9505,0.30214
DQN,deceptive_grid,0,27,4577,-238.0,200,0,0.9482,0.312778
DQN,deceptive_grid,0,28,4777,-276.0,200,0,0.946,0.317249
DQN,deceptive_grid,0,29,4977,-302.0,200,0,0.9437,0.300259
DQN,deceptive_grid,0,30,5177,-270.0,200,0,0.9415,0.295059
DQN,deceptive_grid,0,31,5184,10.0,7,1,0.9414,0.226859
DQN,deceptive_grid,0,32,5382,-195.0,198,1,0.9391,0.265063
DQN,deceptive_grid,0,33,5582,-234.0,200,0,0.9369,0.261439
DQN,deceptive_grid,0,34,5616,-15.0,34,1,0.9365,0.263765
DQN,deceptive_grid,0,35,5816,-280.0,200,0,0.9342,0.232849
DQN,deceptive_grid,0,36,6016,-258.0,200,0,0.932,0.221432
DQN,deceptive_grid,0,37,6216,-312.0,200,0,0.9297,0.235741
DQN,deceptive_grid,0,38,6416,-240.0,200,0,0.9274,0.210904
DQN,deceptive_grid,0,39,6600,-231.0,184,1,0.9254,0.210812
DQN,deceptive_grid,0,40,6800,-304.0,200,0,0.9231,0.197183
DQN,deceptive_grid,0,41,6908,-109.0,108,1,0.9219,0.18814
DQN,deceptive_grid,0,42,7108,-292.0,200,0,0.9196,0.190019
DQN,deceptive_grid,0,43,7308,-232.0,200,0,0.9173,0.187841
DQN,deceptive_grid,0,44,7508,-200.0,200,0,0.9151,0.174822
DQN,deceptive_grid,0,45,7708,-196.0,200,0,0.9128,0.181752
DQN,deceptive_grid,0,46,7803,-92.0,95,1,0.9118,0.167164
DQN,deceptive_grid,0,47,8000,-202.0,197,1,0.9095,0.163731
DQN,deceptive_grid,0,48,8200,-296.0,200,0,0.9073,0.178983
DQN,deceptive_grid,0,49,8400,-270.0,200,0,0.905,0.155649
DQN,deceptive_grid,0,50,8527,-156.0,127,1,0.9036,0.168167
DQN,deceptive_grid,0,51,8561,-9.0,34,1,0.9032,0.176998
DQN,deceptive_grid,0,52,8761,-230.0,200,0,0.9009,0.167781
DQN,deceptive_grid,0,53,8961,-270.0,200,0,0.8987,0.163992
DQN,deceptive_grid,0,54,9161,-234.0,200,0,0.8964,0.169459
DQN,deceptive_grid,0,55,9178,-8.0,17,1,0.8962,0.158378
DQN,deceptive_grid,0,56,9269,-128.0,91,1,0.8952,0.152182
DQN,deceptive_grid,0,57,9396,-108.0,127,1,0.8937,0.158411
DQN,deceptive_grid,0,58,9596,-240.0,200,0,0.8915,0.162857
DQN,deceptive_grid,0,59,9627,-20.0,31,1,0.8911,0.141608
DQN,deceptive_grid,0,60,9827,-238.0,200,0,0.8889,0.157197
DQN,deceptive_grid,0,61,9892,-76.0,65,1,0.8881,0.148884
DQN,deceptive_grid,0,62,10058,-179.0,166,1,0.8862,0.168166
DQN,deceptive_grid,0,63,10258,-266.0,200,0,0.884,0.150145
DQN,deceptive_grid,0,64,10458,-254.0,200,0,0.8817,0.150512
DQN,deceptive_grid,0,65,10523,-74.0,65,1,0.881,0.177849
DQN,deceptive_grid,0,66,10723,-188.0,200,0,0.8787,0.178956
DQN,deceptive_grid,0,67,10923,-208.0,200,0,0.8765,0.155109
DQN,deceptive_grid,0,68,11123,-276.0,200,0,0.8742,0.174486
DQN,deceptive_grid,0,69,11177,-57.0,54,1,0.8736,0.177301
DQN,deceptive_grid,0,70,11254,-82.0,77,1,0.8727,0.162997
DQN,deceptive_grid,0,71,11423,-192.0,169,1,0.8708,0.156812
DQN,deceptive_grid,0,72,11623,-260.0,200,0,0.8685,0.167633
DQN,deceptive_grid,0,73,11691,-51.0,68,1,0.8678,0.173628
DQN,deceptive_grid,0,74,11891,-234.0,200,0,0.8655,0.169475
DQN,deceptive_grid,0,75,12091,-278.0,200,0,0.8633,0.167489
DQN,deceptive_grid,0,76,12216,-128.0,125,1,0.8618,0.166531
DQN,deceptive_grid,0,77,12403,-184.0,187,1,0.8597,0.159602
DQN,deceptive_grid,0,78,12493,-89.0,90,1,0.8587,0.148314
DQN,deceptive_grid,0,79,12552,-38.0,59,1,0.858,0.197747
DQN,deceptive_grid,0,80,12734,-219.0,182,1,0.856,0.179712
DQN,deceptive_grid,0,81,12780,-23.0,46,1,0.8555,0.1669
DQN,deceptive_grid,0,82,12824,-19.0,44,1,0.855,0.160656
DQN,deceptive_grid,0,83,12863,-10.0,39,1,0.8545,0.176999
DQN,deceptive_grid,0,84,13005,-143.0,142,1,0.8529,0.173478
DQN,deceptive_grid,0,85,13165,-165.0,160,1,0.8511,0.208753
DQN,deceptive_grid,0,86,13253,-95.0,88,1,0.8501,0.181031
DQN,deceptive_grid,0,87,13453,-338.0,200,0,0.8479,0.180837
DQN,deceptive_grid,0,88,13498,-16.0,45,1,0.8473,0.183793
DQN,deceptive_grid,0,89,13553,-40.0,55,1,0.8467,0.214678
DQN,deceptive_grid,0,90,13753,-262.0,200,0,0.8445,0.18194
DQN,deceptive_grid,0,91,13910,-146.0,157,1,0.8427,0.172744
DQN,deceptive_grid,0,92,13937,-6.0,27,1,0.8424,0.155916
DQN,deceptive_grid,0,93,14061,-135.0,124,1,0.841,0.191164
DQN,deceptive_grid,0,94,14148,-58.0,87,1,0.84,0.198341
DQN,deceptive_grid,0,95,14203,-44.0,55,1,0.8394,0.179085
DQN,deceptive_grid,0,96,14336,-126.0,133,1,0.8379,0.180404
DQN,deceptive_grid,0,97,14536,-258.0,200,0,0.8356,0.183844
DQN,deceptive_grid,0,98,14639,-94.0,103,1,0.8344,0.188332
DQN,deceptive_grid,0,99,14738,-72.0,99,1,0.8333,0.17601
DQN,deceptive_grid,0,100,14839,-124.0,101,1,0.8322,0.168689
DQN,deceptive_grid,0,101,14975,-135.0,136,1,0.8306,0.159731
DQN,deceptive_grid,0,102,14982,2.0,7,1,0.8306,0.139569
DQN,deceptive_grid,0,103,15165,-200.0,183,1,0.8285,0.197889
DQN,deceptive_grid,0,104,15342,-158.0,177,1,0.8265,0.167511
DQN,deceptive_grid,0,105,15403,-90.0,61,1,0.8258,0.165689
DQN,deceptive_grid,0,106,15524,-170.0,121,1,0.8244,0.165073
DQN,deceptive_grid,0,107,15664,-121.0,140,1,0.8228,0.177594
DQN,deceptive_grid,0,108,15864,-238.0,200,0,0.8206,0.156799
DQN,deceptive_grid,0,109,15916,-37.0,52,1,0.82,0.154031
DQN,deceptive_grid,0,110,15977,-30.0,61,1,0.8193,0.150159
DQN,deceptive_grid,0,111,16125,-163.0,148,1,0.8176,0.183285
DQN,deceptive_grid,0,112,16198,-52.0,73,1,0.8168,0.178472
DQN,deceptive_grid,0,113,16203,12.0,5,1,0.8168,0.171969
DQN,deceptive_grid,0,114,16265,-45.0,62,1,0.8161,0.161195
DQN,deceptive_grid,0,115,16392,-174.0,127,1,0.8146,0.156902
DQN,deceptive_grid,0,116,16402,-1.0,10,1,0.8145,0.170973
DQN,deceptive_grid,0,117,16602,-264.0,200,0,0.8122,0.169073
DQN,deceptive_grid,0,118,16716,-91.0,114,1,0.811,0.169945
DQN,deceptive_grid,0,119,16743,2.0,27,1,0.8106,0.175366
DQN,deceptive_grid,0,120,16841,-95.0,98,1,0.8095,0.15315
DQN,deceptive_grid,0,121,16997,-155.0,156,1,0.8078,0.151935
DQN,deceptive_grid,0,122,17071,-51.0,74,1,0.8069,0.170841
DQN,deceptive_grid,0,123,17269,-255.0,198,1,0.8047,0.158498
DQN,deceptive_grid,0,124,17377,-91.0,108,1,0.8035,0.149173
DQN,deceptive_grid,0,125,17432,-30.0,55,1,0.8029,0.149613
DQN,deceptive_grid,0,126,17539,-104.0,107,1,0.8016,0.17637
DQN,deceptive_grid,0,127,17629,-71.0,90,1,0.8006,0.177347
DQN,deceptive_grid,0,128,17767,-141.0,138,1,0.7991,0.158315
DQN,deceptive_grid,0,129,17840,-62.0,73,1,0.7982,0.143525
DQN,deceptive_grid,0,130,17906,-33.0,66,1,0.7975,0.14617
DQN,deceptive_grid,0,131,17961,-58.0,55,1,0.7969,0.148903
DQN,deceptive_grid,0,132,18039,-63.0,78,1,0.796,0.169848
DQN,deceptive_grid,0,133,18116,-72.0,77,1,0.7951,0.171457
DQN,deceptive_grid,0,134,18264,-123.0,148,1,0.7934,0.146724
DQN,deceptive_grid,0,135,18302,-17.0,38,1,0.793,0.148636
DQN,deceptive_grid,0,136,18471,-202.0,169,1,0.7911,0.138752
DQN,deceptive_grid,0,137,18544,-40.0,73,1,0.7903,0.171428
DQN,deceptive_grid,0,138,18671,-116.0,127,1,0.7888,0.165883
DQN,deceptive_grid,0,139,18868,-224.0,197,1,0.7866,0.146859
DQN,deceptive_grid,0,140,18968,-69.0,100,1,0.7855,0.142141
DQN,deceptive_grid,0,141,19016,-41.0,48,1,0.7849,0.177167
DQN,deceptive_grid,0,142,19125,-92.0,109,1,0.7837,0.178261
DQN,deceptive_grid,0,143,19176,-30.0,51,1,0.7831,0.161993
DQN,deceptive_grid,0,144,19196,3.0,20,1,0.7829,0.139667
DQN,deceptive_grid,0,145,19273,-46.0,77,1,0.782,0.151718
DQN,deceptive_grid,0,146,19335,-43.0,62,1,0.7813,0.147364
DQN,deceptive_grid,0,147,19389,-49.0,54,1,0.7807,0.143672
DQN,deceptive_grid,0,148,19405,11.0,16,1,0.7805,0.127136
DQN,deceptive_grid,0,149,19601,-213.0,196,1,0.7783,0.157458
DQN,deceptive_grid,0,150,19635,-35.0,34,1,0.7779,0.155864
DQN,deceptive_grid,0,151,19761,-83.0,126,1,0.7765,0.153604
DQN,deceptive_grid,0,152,19819,-41.0,58,1,0.7759,0.140189
DQN,deceptive_grid,0,153,19865,-41.0,46,1,0.7753,0.146772
DQN,deceptive_grid,0,154,19952,-78.0,87,1,0.7744,0.134223
DQN,deceptive_grid,0,155,20012,-33.0,60,1,0.7737,0.150973
DQN,deceptive_grid,0,156,20052,-25.0,40,1,0.7732,0.207991
DQN,deceptive_grid,0,157,20250,-237.0,198,1,0.771,0.165714
DQN,deceptive_grid,0,158,20354,-89.0,104,1,0.7698,0.151038
DQN,deceptive_grid,0,159,20444,-61.0,90,1,0.7688,0.155607
DQN,deceptive_grid,0,160,20497,-30.0,53,1,0.7682,0.153079
DQN,deceptive_grid,0,161,20667,-181.0,170,1,0.7663,0.186701
DQN,deceptive_grid,0,162,20682,10.0,15,1,0.7661,0.144552
DQN,deceptive_grid,0,163,20718,-7.0,36,1,0.7657,0.176597
DQN,deceptive_grid,0,164,20851,-124.0,133,1,0.7642,0.151037
DQN,deceptive_grid,0,165,21017,-135.0,166,1,0.7623,0.155885
DQN,deceptive_grid,0,166,21215,-205.0,198,1,0.7601,0.190298
DQN,deceptive_grid,0,167,21290,-48.0,75,1,0.7592,0.165237
DQN,deceptive_grid,0,168,21293,14.0,3,1,0.7592,0.15492
DQN,deceptive_grid,0,169,21423,-121.0,130,1,0.7577,0.158388
DQN,deceptive_grid,0,170,21606,-184.0,183,1,0.7556,0.184204
DQN,deceptive_grid,0,171,21707,-100.0,101,1,0.7545,0.169193
DQN,deceptive_grid,0,172,21773,-57.0,66,1,0.7538,0.172558
DQN,deceptive_grid,0,173,21841,-67.0,68,1,0.753,0.163594
DQN,deceptive_grid,0,174,21974,-174.0,133,1,0.7515,0.163085
DQN,deceptive_grid,0,175,21998,-9.0,24,1,0.7512,0.148783
DQN,deceptive_grid,0,176,22065,-60.0,67,1,0.7505,0.2024
DQN,deceptive_grid,0,177,22243,-195.0,178,1,0.7484,0.155299
DQN,deceptive_grid,0,178,22410,-146.0,167,1,0.7466,0.146263
DQN,deceptive_grid,0,179,22470,-25.0,60,1,0.7459,0.14287
DQN,deceptive_grid,0,180,22662,-201.0,192,1,0.7437,0.154488
DQN,deceptive_grid,0,181,22676,-1.0,14,1,0.7435,0.13934
DQN,deceptive_grid,0,182,22711,-26.0,35,1,0.7431,0.123365
DQN,deceptive_grid,0,183,22760,-20.0,49,1,0.7426,0.129515
DQN,deceptive_grid,0,184,22775,0.0,15,1,0.7424,0.120628
DQN,deceptive_grid,0,185,22804,-18.0,29,1,0.7421,0.137754
DQN,deceptive_grid,0,186,22890,-73.0,86,1,0.7411,0.139778
DQN,deceptive_grid,0,187,22973,-68.0,83,1,0.7402,0.1303
DQN,deceptive_grid,0,188,22999,-15.0,26,1,0.7399,0.128421
DQN,deceptive_grid,0,189,23161,-143.0,162,1,0.7381,0.151316
DQN,deceptive_grid,0,190,23175,9.0,14,1,0.7379,0.148285
DQN,deceptive_grid,0,191,23188,16.0,13,1,0.7378,0.136424
DQN,deceptive_grid,0,192,23200,9.0,12,1,0.7376,0.143883
DQN,deceptive_grid,0,193,23331,-106.0,131,1,0.7361,0.123103
DQN,deceptive_grid,0,194,23480,-128.0,149,1,0.7345,0.118523
DQN,deceptive_grid,0,195,23534,-27.0,54,1,0.7338,0.158282
DQN,deceptive_grid,0,196,23561,-18.0,27,1,0.7335,0.148694
DQN,deceptive_grid,0,197,23659,-89.0,98,1,0.7324,0.135437
DQN,deceptive_grid,0,198,23726,-38.0,67,1,0.7317,0.116657
DQN,deceptive_grid,0,199,23789,-40.0,63,1,0.731,0.113309
DQN,deceptive_grid,0,200,23855,-43.0,66,1,0.7302,0.109433
DQN,deceptive_grid,0,201,23944,-54.0,89,1,0.7292,0.106523
DQN,deceptive_grid,0,202,23976,-7.0,32,1,0.7288,0.104568
DQN,deceptive_grid,0,203,24120,-153.0,144,1,0.7272,0.129721
DQN,deceptive_grid,0,204,24170,-13.0,50,1,0.7266,0.114014
DQN,deceptive_grid,0,205,24205,-28.0,35,1,0.7263,0.107136
DQN,deceptive_grid,0,206,24217,-5.0,12,1,0.7261,0.098189
DQN,deceptive_grid,0,207,24315,-59.0,98,1,0.725,0.110378
DQN,deceptive_grid,0,208,24326,10.0,11,1,0.7249,0.113194
DQN,deceptive_grid,0,209,24335,8.0,9,1,0.7248,0.101834
DQN,deceptive_grid,0,210,24392,-30.0,57,1,0.7241,0.106653
DQN,deceptive_grid,0,211,24428,-17.0,36,1,0.7237,0.1023
DQN,deceptive_grid,0,212,24530,-87.0,102,1,0.7226,0.109447
DQN,deceptive_grid,0,213,24623,-112.0,93,1,0.7215,0.109453
DQN,deceptive_grid,0,214,24674,-50.0,51,1,0.7209,0.103778
DQN,deceptive_grid,0,215,24745,-42.0,71,1,0.7201,0.108806
DQN,deceptive_grid,0,216,24785,-13.0,40,1,0.7197,0.103524
DQN,deceptive_grid,0,217,24804,-2.0,19,1,0.7195,0.096622
DQN,deceptive_grid,0,218,24849,0.0,45,1,0.719,0.088413
DQN,deceptive_grid,0,219,24913,-41.0,64,1,0.7182,0.086653
DQN,deceptive_grid,0,220,24946,-6.0,33,1,0.7179,0.080948
DQN,deceptive_grid,0,221,24989,-16.0,43,1,0.7174,0.09542
DQN,deceptive_grid,0,222,25035,-31.0,46,1,0.7169,0.128063
DQN,deceptive_grid,0,223,25145,-97.0,110,1,0.7156,0.09674
DQN,deceptive_grid,0,224,25263,-89.0,118,1,0.7143,0.08657
DQN,deceptive_grid,0,225,25285,-1.0,22,1,0.714,0.096994
DQN,deceptive_grid,0,226,25304,6.0,19,1,0.7138,0.089804
DQN,deceptive_grid,0,227,25387,-56.0,83,1,0.7129,0.089182
DQN,deceptive_grid,0,228,25447,-23.0,60,1,0.7122,0.080648
DQN,deceptive_grid,0,229,25592,-134.0,145,1,0.7106,0.103952
DQN,deceptive_grid,0,230,25627,-18.0,35,1,0.7102,0.087517
DQN,deceptive_grid,0,231,25692,-36.0,65,1,0.7094,0.092704
DQN,deceptive_grid,0,232,25753,-28.0,61,1,0.7087,0.078979
DQN,deceptive_grid,0,233,25822,-82.0,69,1,0.708,0.080463
DQN,deceptive_grid,0,234,25849,-10.0,27,1,0.7077,0.087643
DQN,deceptive_grid,0,235,26008,-174.0,159,1,0.7059,0.085525
DQN,deceptive_grid,0,236,26071,-40.0,63,1,0.7051,0.103154
DQN,deceptive_grid,0,237,26131,-49.0,60,1,0.7045,0.080949
DQN,deceptive_grid,0,238,26153,-13.0,22,1,0.7042,0.075
DQN,deceptive_grid,0,239,26223,-83.0,70,1,0.7034,0.084977
DQN,deceptive_grid,0,240,26368,-106.0,145,1,0.7018,0.072996
DQN,deceptive_grid,0,241,26416,-35.0,48,1,0.7012,0.069634
DQN,deceptive_grid,0,242,26524,-95.0,108,1,0.7,0.078809
DQN,deceptive_grid,0,243,26596,-31.0,72,1,0.6992,0.084913
DQN,deceptive_grid,0,244,26621,0.0,25,1,0.6989,0.073461
DQN,deceptive_grid,0,245,26635,7.0,14,1,0.6988,0.074422
DQN,deceptive_grid,0,246,26645,7.0,10,1,0.6987,0.059615
DQN,deceptive_grid,0,247,26754,-74.0,109,1,0.6974,0.071092
DQN,deceptive_grid,0,248,26774,9.0,20,1,0.6972,0.068475
DQN,deceptive_grid,0,249,26802,-1.0,28,1,0.6969,0.06767
DQN,deceptive_grid,0,250,26865,-32.0,63,1,0.6962,0.066625
DQN,deceptive_grid,0,251,26928,-32.0,63,1,0.6955,0.073747
DQN,deceptive_grid,0,252,26993,-44.0,65,1,0.6947,0.06353
DQN,deceptive_grid,0,253,27046,-30.0,53,1,0.6941,0.087805
DQN,deceptive_grid,0,254,27068,3.0,22,1,0.6939,0.079028
DQN,deceptive_grid,0,255,27168,-63.0,100,1,0.6927,0.074127
DQN,deceptive_grid,0,256,27228,-27.0,60,1,0.6921,0.069887
DQN,deceptive_grid,0,257,27312,-69.0,84,1,0.6911,0.069274
DQN,deceptive_grid,0,258,27384,-27.0,72,1,0.6903,0.062643
DQN,deceptive_grid,0,259,27420,-13.0,36,1,0.6899,0.060246
DQN,deceptive_grid,0,260,27518,-57.0,98,1,0.6888,0.076841
DQN,deceptive_grid,0,261,27524,9.0,6,1,0.6887,0.065747
DQN,deceptive_grid,0,262,27555,-10.0,31,1,0.6884,0.076782
DQN,deceptive_grid,0,263,27586,-22.0,31,1,0.688,0.073664
DQN,deceptive_grid,0,264,27634,-57.0,48,1,0.6875,0.074089
DQN,deceptive_grid,0,265,27664,-5.0,30,1,0.6871,0.061557
DQN,deceptive_grid,0,266,27689,-4.0,25,1,0.6869,0.059732
DQN,deceptive_grid,0,267,27865,-153.0,176,1,0.6849,0.059918
DQN,deceptive_grid,0,268,27897,-9.0,32,1,0.6845,0.054443
DQN,deceptive_grid,0,269,27959,-55.0,62,1,0.6838,0.059048
DQN,deceptive_grid,0,270,28159,-240.0,200,0,0.6815,0.076795
DQN,deceptive_grid,0,271,28254,-76.0,95,1,0.6805,0.067443
DQN,deceptive_grid,0,272,28323,-30.0,69,1,0.6797,0.063084
DQN,deceptive_grid,0,273,28492,-162.0,169,1,0.6778,0.061641
DQN,deceptive_grid,0,274,28516,-3.0,24,1,0.6775,0.084968
DQN,deceptive_grid,0,275,28533,12.0,17,1,0.6773,0.084731
DQN,deceptive_grid,0,276,28561,-1.0,28,1,0.677,0.08056
DQN,deceptive_grid,0,277,28683,-135.0,122,1,0.6756,0.070705
DQN,deceptive_grid,0,278,28693,3.0,10,1,0.6755,0.060705
DQN,deceptive_grid,0,279,28735,-25.0,42,1,0.675,0.063769
DQN,deceptive_grid,0,280,28845,-77.0,110,1,0.6738,0.062297
DQN,deceptive_grid,0,281,28983,-95.0,138,1,0.6722,0.061206
DQN,deceptive_grid,0,282,29183,-236.0,200,0,0.67,0.068184
DQN,deceptive_grid,0,283,29214,10.0,31,1,0.6696,0.063328
DQN,deceptive_grid,0,284,29312,-147.0,98,1,0.6685,0.05915
DQN,deceptive_grid,0,285,29466,-135.0,154,1,0.6668,0.054725
DQN,deceptive_grid,0,286,29468,13.0,2,1,0.6667,0.039041
DQN,deceptive_grid,0,287,29489,12.0,21,1,0.6665,0.049439
DQN,deceptive_grid,0,288,29655,-171.0,166,1,0.6646,0.06512
DQN,deceptive_grid,0,289,29684,-6.0,29,1,0.6643,0.060785
DQN,deceptive_grid,0,290,29745,-36.0,61,1,0.6636,0.054571
DQN,deceptive_grid,0,291,29825,-63.0,80,1,0.6627,0.058695
DQN,deceptive_grid,0,292,29841,-3.0,16,1,0.6625,0.058505
DQN,deceptive_grid,0,293,29913,-45.0,72,1,0.6617,0.051605
DQN,deceptive_grid,0,294,29951,-7.0,38,1,0.6613,0.057515
DQN,deceptive_grid,0,295,30054,-100.0,103,1,0.6601,0.057871
DQN,deceptive_grid,0,296,30093,-20.0,39,1,0.6597,0.06132
DQN,deceptive_grid,0,297,30095,13.0,2,1,0.6596,0.075808
DQN,deceptive_grid,0,298,30136,-2.0,41,1,0.6592,0.056723
DQN,deceptive_grid,0,299,30151,-6.0,15,1,0.659,0.054633
DQN,deceptive_grid,0,300,30178,-12.0,27,1,0.6587,0.053131
DQN,deceptive_grid,0,301,30245,-46.0,67,1,0.6579,0.050503
DQN,deceptive_grid,0,302,30305,-33.0,60,1,0.6573,0.050902
DQN,deceptive_grid,0,303,30360,-10.0,55,1,0.6566,0.045138
DQN,deceptive_grid,0,304,30447,-76.0,87,1,0.6557,0.047132
DQN,deceptive_grid,0,305,30563,-89.0,116,1,0.6543,0.055775
DQN,deceptive_grid,0,306,30608,0.0,45,1,0.6538,0.055803
DQN,deceptive_grid,0,307,30808,-189.0,200,1,0.6516,0.048691
DQN,deceptive_grid,0,308,30875,-58.0,67,1,0.6508,0.04508
DQN,deceptive_grid,0,309,30920,-26.0,45,1,0.6503,0.044596
DQN,deceptive_grid,0,310,31009,-74.0,89,1,0.6493,0.046562
DQN,deceptive_grid,0,311,31023,9.0,14,1,0.6491,0.07166
DQN,deceptive_grid,0,312,31162,-146.0,139,1,0.6476,0.054518
DQN,deceptive_grid,0,313,31196,-9.0,34,1,0.6472,0.049287
DQN,deceptive_grid,0,314,31233,-14.0,37,1,0.6468,0.046778
DQN,deceptive_grid,0,315,31253,-23.0,20,1,0.6465,0.050719
DQN,deceptive_grid,0,316,31307,-7.0,54,1,0.6459,0.047548
DQN,deceptive_grid,0,317,31375,-41.0,68,1,0.6452,0.046194
DQN,deceptive_grid,0,318,31396,-8.0,21,1,0.6449,0.045541
DQN,deceptive_grid,0,319,31433,4.0,37,1,0.6445,0.045686
DQN,deceptive_grid,0,320,31504,-36.0,71,1,0.6437,0.043829
DQN,deceptive_grid,0,321,31532,-5.0,28,1,0.6434,0.064918
DQN,deceptive_grid,0,322,31636,-87.0,104,1,0.6422,0.056788
DQN,deceptive_grid,0,323,31728,-71.0,92,1,0.6412,0.049229
DQN,deceptive_grid,0,324,31774,-41.0,46,1,0.6407,0.044166
DQN,deceptive_grid,0,325,31822,-13.0,48,1,0.6401,0.042961
DQN,deceptive_grid,0,326,31879,-54.0,57,1,0.6395,0.044969
DQN,deceptive_grid,0,327,31905,-3.0,26,1,0.6392,0.040086
DQN,deceptive_grid,0,328,31914,6.0,9,1,0.6391,0.03527
DQN,deceptive_grid,0,329,31927,12.0,13,1,0.6389,0.034203
DQN,deceptive_grid,0,330,31943,7.0,16,1,0.6387,0.039085
DQN,deceptive_grid,0,331,31994,2.0,51,1,0.6382,0.042372
DQN,deceptive_grid,0,332,32072,-47.0,78,1,0.6373,0.055536
DQN,deceptive_grid,0,333,32091,6.0,19,1,0.6371,0.042778
DQN,deceptive_grid,0,334,32176,-60.0,85,1,0.6361,0.045682
DQN,deceptive_grid,0,335,32194,13.0,18,1,0.6359,0.042547
DQN,deceptive_grid,0,336,32210,3.0,16,1,0.6357,0.0416
DQN,deceptive_grid,0,337,32231,-14.0,21,1,0.6355,0.041063
DQN,deceptive_grid,0,338,32278,-22.0,47,1,0.635,0.040287
DQN,deceptive_grid,0,339,32363,-48.0,85,1,0.634,0.045651
DQN,deceptive_grid,0,340,32384,6.0,21,1,0.6338,0.03911
DQN,deceptive_grid,0,341,32407,6.0,23,1,0.6335,0.039067
DQN,deceptive_grid,0,342,32466,-26.0,59,1,0.6328,0.042486
DQN,deceptive_grid,0,343,32498,-7.0,32,1,0.6325,0.035491
DQN,deceptive_grid,0,344,32514,15.0,16,1,0.6323,0.064628
DQN,deceptive_grid,0,345,32556,-15.0,42,1,0.6318,0.063254
DQN,deceptive_grid,0,346,32605,-26.0,49,1,0.6313,0.05099
DQN,deceptive_grid,0,347,32674,-32.0,69,1,0.6305,0.04991
DQN,deceptive_grid,0,348,32742,-29.0,68,1,0.6297,0.047767
DQN,deceptive_grid,0,349,32861,-104.0,119,1,0.6284,0.045603
DQN,deceptive_grid,0,350,32905,-19.0,44,1,0.6279,0.042381
DQN,deceptive_grid,0,351,32994,-74.0,89,1,0.6269,0.040227
DQN,deceptive_grid,0,352,33000,17.0,6,1,0.6268,0.033092
DQN,deceptive_grid,0,353,33091,-60.0,91,1,0.6258,0.062298
DQN,deceptive_grid,0,354,33128,-32.0,37,1,0.6253,0.057211
DQN,deceptive_grid,0,355,33155,8.0,27,1,0.625,0.05496
DQN,deceptive_grid,0,356,33192,-12.0,37,1,0.6246,0.052557
DQN,deceptive_grid,0,357,33215,8.0,23,1,0.6244,0.052981
DQN,deceptive_grid,0,358,33235,-5.0,20,1,0.6241,0.055538
DQN,deceptive_grid,0,359,33248,6.0,13,1,0.624,0.046897
DQN,deceptive_grid,0,360,33275,-14.0,27,1,0.6237,0.053639
DQN,deceptive_grid,0,361,33312,-12.0,37,1,0.6233,0.053452
DQN,deceptive_grid,0,362,33315,14.0,3,1,0.6232,0.048387
DQN,deceptive_grid,0,363,33345,1.0,30,1,0.6229,0.044634
DQN,deceptive_grid,0,364,33403,-15.0,58,1,0.6222,0.045339
DQN,deceptive_grid,0,365,33431,1.0,28,1,0.6219,0.045909
DQN,deceptive_grid,0,366,33490,-40.0,59,1,0.6212,0.050193
DQN,deceptive_grid,0,367,33579,-62.0,89,1,0.6202,0.069282
DQN,deceptive_grid,0,368,33605,5.0,26,1,0.6199,0.065305
DQN,deceptive_grid,0,369,33684,-54.0,79,1,0.619,0.050463
DQN,deceptive_grid,0,370,33714,-15.0,30,1,0.6187,0.054793
DQN,deceptive_grid,0,371,33738,3.0,24,1,0.6184,0.050539
DQN,deceptive_grid,0,372,33800,-31.0,62,1,0.6177,0.051661
DQN,deceptive_grid,0,373,33816,15.0,16,1,0.6176,0.046272
DQN,deceptive_grid,0,374,33863,-22.0,47,1,0.617,0.051077
DQN,deceptive_grid,0,375,33880,6.0,17,1,0.6168,0.043517
DQN,deceptive_grid,0,376,33887,10.0,7,1,0.6168,0.045939
DQN,deceptive_grid,0,377,33921,1.0,34,1,0.6164,0.046697
DQN,deceptive_grid,0,378,33957,-23.0,36,1,0.616,0.047132
DQN,deceptive_grid,0,379,34084,-144.0,127,1,0.6145,0.061251
DQN,deceptive_grid,0,380,34122,-17.0,38,1,0.6141,0.055524
DQN,deceptive_grid,0,381,34144,1.0,22,1,0.6138,0.052789
DQN,deceptive_grid,0,382,34194,-13.0,50,1,0.6133,0.047478
DQN,deceptive_grid,0,383,34244,-41.0,50,1,0.6127,0.050544
DQN,deceptive_grid,0,384,34294,-11.0,50,1,0.6122,0.052125
DQN,deceptive_grid,0,385,34347,-48.0,53,1,0.6116,0.04708
DQN,deceptive_grid,0,386,34385,-7.0,38,1,0.6111,0.047718
DQN,deceptive_grid,0,387,34422,4.0,37,1,0.6107,0.053232
DQN,deceptive_grid,0,388,34452,1.0,30,1,0.6104,0.055694
DQN,deceptive_grid,0,389,34473,6.0,21,1,0.6101,0.049821
DQN,deceptive_grid,0,390,34502,-10.0,29,1,0.6098,0.045956
DQN,deceptive_grid,0,391,34558,-27.0,56,1,0.6092,0.051915
DQN,deceptive_grid,0,392,34588,-5.0,30,1,0.6088,0.057302
DQN,deceptive_grid,0,393,34674,-75.0,86,1,0.6079,0.057485
DQN,deceptive_grid,0,394,34759,-34.0,85,1,0.6069,0.045938
DQN,deceptive_grid,0,395,34794,-22.0,35,1,0.6065,0.03651
DQN,deceptive_grid,0,396,34824,-9.0,30,1,0.6062,0.038856
DQN,deceptive_grid,0,397,34850,-5.0,26,1,0.6059,0.037893
DQN,deceptive_grid,0,398,34886,-27.0,36,1,0.6055,0.041026
DQN,deceptive_grid,0,399,34915,8.0,29,1,0.6051,0.046411
DQN,deceptive_grid,0,400,34931,3.0,16,1,0.6049,0.045858
DQN,deceptive_grid,0,401,34947,1.0,16,1,0.6048,0.043422
DQN,deceptive_grid,0,402,34975,1.0,28,1,0.6044,0.040108
DQN,deceptive_grid,0,403,34976,12.0,1,1,0.6044,0.04749
DQN,deceptive_grid,0,404,35030,-21.0,54,1,0.6038,0.043098
DQN,deceptive_grid,0,405,35069,-6.0,39,1,0.6034,0.046929
DQN,deceptive_grid,0,406,35081,19.0,12,1,0.6033,0.039198
DQN,deceptive_grid,0,407,35150,-52.0,69,1,0.6025,0.032609
DQN,deceptive_grid,0,408,35189,-4.0,39,1,0.602,0.036979
DQN,deceptive_grid,0,409,35243,-69.0,54,1,0.6014,0.034821
DQN,deceptive_grid,0,410,35267,5.0,24,1,0.6011,0.033115
DQN,deceptive_grid,0,411,35273,5.0,6,1,0.6011,0.031177
DQN,deceptive_grid,0,412,35349,-83.0,76,1,0.6002,0.033473
DQN,deceptive_grid,0,413,35377,1.0,28,1,0.5999,0.030242
DQN,deceptive_grid,0,414,35385,15.0,8,1,0.5998,0.036887
DQN,deceptive_grid,0,415,35455,-47.0,70,1,0.599,0.035913
DQN,deceptive_grid,0,416,35532,-36.0,77,1,0.5981,0.036219
DQN,deceptive_grid,0,417,35579,-22.0,47,1,0.5976,0.041317
DQN,deceptive_grid,0,418,35607,-29.0,28,1,0.5973,0.037459
DQN,deceptive_grid,0,419,35635,-11.0,28,1,0.597,0.033906
DQN,deceptive_grid,0,420,35646,8.0,11,1,0.5969,0.026106
DQN,deceptive_grid,0,421,35676,-3.0,30,1,0.5965,0.034323
DQN,deceptive_grid,0,422,35717,6.0,41,1,0.5961,0.030415
DQN,deceptive_grid,0,423,35738,6.0,21,1,0.5958,0.033518
DQN,deceptive_grid,0,424,35779,-12.0,41,1,0.5954,0.031216
DQN,deceptive_grid,0,425,35792,12.0,13,1,0.5952,0.033205
DQN,deceptive_grid,0,426,35851,-14.0,59,1,0.5945,0.036529
DQN,deceptive_grid,0,427,35931,-83.0,80,1,0.5936,0.033732
DQN,deceptive_grid,0,428,35958,2.0,27,1,0.5933,0.03378
DQN,deceptive_grid,0,429,36009,-20.0,51,1,0.5928,0.034282
DQN,deceptive_grid,0,430,36077,-29.0,68,1,0.592,0.030121
DQN,deceptive_grid,0,431,36113,-15.0,36,1,0.5916,0.02762
DQN,deceptive_grid,0,432,36130,16.0,17,1,0.5914,0.023261
DQN,deceptive_grid,0,433,36152,-5.0,22,1,0.5911,0.024441
DQN,deceptive_grid,0,434,36168,5.0,16,1,0.591,0.024428
DQN,deceptive_grid,0,435,36204,1.0,36,1,0.5906,0.028496
DQN,deceptive_grid,0,436,36241,4.0,37,1,0.5901,0.032134
DQN,deceptive_grid,0,437,36305,-61.0,64,1,0.5894,0.026147
DQN,deceptive_grid,0,438,36315,5.0,10,1,0.5893,0.020527
DQN,deceptive_grid,0,439,36375,-33.0,60,1,0.5886,0.026018
DQN,deceptive_grid,0,440,36390,14.0,15,1,0.5884,0.024848
DQN,deceptive_grid,0,441,36432,-35.0,42,1,0.588,0.023948
DQN,deceptive_grid,0,442,36443,-2.0,11,1,0.5878,0.024966
DQN,deceptive_grid,0,443,36470,10.0,27,1,0.5875,0.021129
DQN,deceptive_grid,0,444,36561,-48.0,91,1,0.5865,0.031131
DQN,deceptive_grid,0,445,36655,-87.0,94,1,0.5854,0.024685
DQN,deceptive_grid,0,446,36695,7.0,40,1,0.585,0.024526
DQN,deceptive_grid,0,447,36732,0.0,37,1,0.5846,0.020774
DQN,deceptive_grid,0,448,36826,-65.0,94,1,0.5835,0.022271
DQN,deceptive_grid,0,449,36880,-27.0,54,1,0.5829,0.022799
DQN,deceptive_grid,0,450,36897,2.0,17,1,0.5827,0.017396
DQN,deceptive_grid,0,451,36921,-1.0,24,1,0.5824,0.020692
DQN,deceptive_grid,0,452,36948,2.0,27,1,0.5821,0.02041
DQN,deceptive_grid,0,453,36984,-31.0,36,1,0.5817,0.020966
DQN,deceptive_grid,0,454,37032,-43.0,48,1,0.5812,0.025923
DQN,deceptive_grid,0,455,37073,-4.0,41,1,0.5807,0.022683
DQN,deceptive_grid,0,456,37134,-24.0,61,1,0.58,0.02099
DQN,deceptive_grid,0,457,37198,-45.0,64,1,0.5793,0.024011
DQN,deceptive_grid,0,458,37217,6.0,19,1,0.5791,0.027423
DQN,deceptive_grid,0,459,37241,11.0,24,1,0.5788,0.024068
DQN,deceptive_grid,0,460,37275,-13.0,34,1,0.5784,0.021668
DQN,deceptive_grid,0,461,37309,17.0,34,1,0.5781,0.020184
DQN,deceptive_grid,0,462,37406,-114.0,97,1,0.577,0.022245
DQN,deceptive_grid,0,463,37446,-21.0,40,1,0.5765,0.020055
DQN,deceptive_grid,0,464,37492,-27.0,46,1,0.576,0.019923
DQN,deceptive_grid,0,465,37508,7.0,16,1,0.5758,0.020454
DQN,deceptive_grid,0,466,37576,-73.0,68,1,0.575,0.022805
DQN,deceptive_grid,0,467,37595,4.0,19,1,0.5748,0.023511
DQN,deceptive_grid,0,468,37598,8.0,3,1,0.5748,0.017042
DQN,deceptive_grid,0,469,37640,-1.0,42,1,0.5743,0.020983
DQN,deceptive_grid,0,470,37696,-19.0,56,1,0.5737,0.019486
DQN,deceptive_grid,0,471,37750,-7.0,54,1,0.5731,0.021392
DQN,deceptive_grid,0,472,37780,-1.0,30,1,0.5727,0.020039
DQN,deceptive_grid,0,473,37812,-9.0,32,1,0.5724,0.018312
DQN,deceptive_grid,0,474,37837,10.0,25,1,0.5721,0.020679
DQN,deceptive_grid,0,475,37864,2.0,27,1,0.5718,0.020006
DQN,deceptive_grid,0,476,37878,-3.0,14,1,0.5716,0.021301
DQN,deceptive_grid,0,477,37906,-1.0,28,1,0.5713,0.021726
DQN,deceptive_grid,0,478,37946,-17.0,40,1,0.5708,0.01725
DQN,deceptive_grid,0,479,37977,-4.0,31,1,0.5705,0.01644
DQN,deceptive_grid,0,480,37991,5.0,14,1,0.5703,0.022519
DQN,deceptive_grid,0,481,38047,-43.0,56,1,0.5697,0.023562
DQN,deceptive_grid,0,482,38080,10.0,33,1,0.5693,0.02325
DQN,deceptive_grid,0,483,38138,-33.0,58,1,0.5687,0.020563
DQN,deceptive_grid,0,484,38156,-3.0,18,1,0.5685,0.017737
DQN,deceptive_grid,0,485,38228,-41.0,72,1,0.5677,0.018445
DQN,deceptive_grid,0,486,38231,8.0,3,1,0.5676,0.022364
DQN,deceptive_grid,0,487,38256,-10.0,25,1,0.5673,0.020564
DQN,deceptive_grid,0,488,38280,1.0,24,1,0.5671,0.018395
DQN,deceptive_grid,0,489,38300,1.0,20,1,0.5668,0.016567
DQN,deceptive_grid,0,490,38323,-4.0,23,1,0.5666,0.017355
DQN,deceptive_grid,0,491,38358,-20.0,35,1,0.5662,0.017731
DQN,deceptive_grid,0,492,38390,-23.0,32,1,0.5658,0.021687
DQN,deceptive_grid,0,493,38408,7.0,18,1,0.5656,0.015499
DQN,deceptive_grid,0,494,38472,-61.0,64,1,0.5649,0.017471
DQN,deceptive_grid,0,495,38521,-40.0,49,1,0.5643,0.021721
DQN,deceptive_grid,0,496,38525,11.0,4,1,0.5643,0.027318
DQN,deceptive_grid,0,497,38552,-2.0,27,1,0.564,0.028124
DQN,deceptive_grid,0,498,38628,-27.0,76,1,0.5631,0.026332
DQN,deceptive_grid,0,499,38685,-46.0,57,1,0.5625,0.017416
DQN,deceptive_grid,0,500,38701,7.0,16,1,0.5623,0.016796
DQN,deceptive_grid,0,501,38774,-40.0,73,1,0.5615,0.020657
DQN,deceptive_grid,0,502,38802,-11.0,28,1,0.5612,0.024911
DQN,deceptive_grid,0,503,38839,-10.0,37,1,0.5607,0.020447
DQN,deceptive_grid,0,504,38890,-22.0,51,1,0.5602,0.021305
DQN,deceptive_grid,0,505,38905,-4.0,15,1,0.56,0.016762
DQN,deceptive_grid,0,506,38947,-19.0,42,1,0.5595,0.016413
DQN,deceptive_grid,0,507,38985,1.0,38,1,0.5591,0.017796
DQN,deceptive_grid,0,508,39002,4.0,17,1,0.5589,0.017423
DQN,deceptive_grid,0,509,39067,-28.0,65,1,0.5582,0.025191
DQN,deceptive_grid,0,510,39086,-2.0,19,1,0.558,0.023042
DQN,deceptive_grid,0,511,39145,-16.0,59,1,0.5573,0.021064
DQN,deceptive_grid,0,512,39171,7.0,26,1,0.557,0.021337
DQN,deceptive_grid,0,513,39208,4.0,37,1,0.5566,0.021285
DQN,deceptive_grid,0,514,39230,5.0,22,1,0.5563,0.023777
DQN,deceptive_grid,0,515,39239,6.0,9,1,0.5562,0.019137
DQN,deceptive_grid,0,516,39270,4.0,31,1,0.5559,0.021037
DQN,deceptive_grid,0,517,39303,-8.0,33,1,0.5555,0.022357
DQN,deceptive_grid,0,518,39364,-76.0,61,1,0.5548,0.023447
DQN,deceptive_grid,0,519,39388,11.0,24,1,0.5545,0.026431
DQN,deceptive_grid,0,520,39396,7.0,8,1,0.5545,0.021648
DQN,deceptive_grid,0,521,39406,13.0,10,1,0.5543,0.019716
DQN,deceptive_grid,0,522,39415,2.0,9,1,0.5542,0.017447
DQN,deceptive_grid,0,523,39429,-1.0,14,1,0.5541,0.020371
DQN,deceptive_grid,0,524,39509,-49.0,80,1,0.5532,0.020254
DQN,deceptive_grid,0,525,39567,-51.0,58,1,0.5525,0.024965
DQN,deceptive_grid,0,526,39568,12.0,1,1,0.5525,0.020433
DQN,deceptive_grid,0,527,39574,17.0,6,1,0.5524,0.02699
DQN,deceptive_grid,0,528,39600,15.0,26,1,0.5521,0.026894
DQN,deceptive_grid,0,529,39645,-6.0,45,1,0.5516,0.021064
DQN,deceptive_grid,0,530,39675,-1.0,30,1,0.5513,0.024963
DQN,deceptive_grid,0,531,39691,-1.0,16,1,0.5511,0.025661
DQN,deceptive_grid,0,532,39722,10.0,31,1,0.5508,0.025611
DQN,deceptive_grid,0,533,39749,0.0,27,1,0.5505,0.020832
DQN,deceptive_grid,0,534,39797,-23.0,48,1,0.5499,0.016678
DQN,deceptive_grid,0,535,39824,6.0,27,1,0.5496,0.018749
DQN,deceptive_grid,0,536,39856,9.0,32,1,0.5492,0.019492
DQN,deceptive_grid,0,537,39886,-15.0,30,1,0.5489,0.017757
DQN,deceptive_grid,0,538,39919,8.0,33,1,0.5485,0.020671
DQN,deceptive_grid,0,539,39974,-8.0,55,1,0.5479,0.02084
DQN,deceptive_grid,0,540,40027,-4.0,53,1,0.5473,0.020421
DQN,deceptive_grid,0,541,40054,0.0,27,1,0.547,0.016379
DQN,deceptive_grid,0,542,40072,5.0,18,1,0.5468,0.023704
DQN,deceptive_grid,0,543,40116,3.0,44,1,0.5463,0.018784
DQN,deceptive_grid,0,544,40119,10.0,3,1,0.5463,0.021139
DQN,deceptive_grid,0,545,40165,-13.0,46,1,0.5458,0.018586
DQN,deceptive_grid,0,546,40208,-8.0,43,1,0.5453,0.018153
DQN,deceptive_grid,0,547,40244,-5.0,36,1,0.5449,0.017449
DQN,deceptive_grid,0,548,40294,-59.0,50,1,0.5443,0.017462
DQN,deceptive_grid,0,549,40334,1.0,40,1,0.5438,0.02273
DQN,deceptive_grid,0,550,40357,-8.0,23,1,0.5436,0.020137
DQN,deceptive_grid,0,551,40396,6.0,39,1,0.5431,0.019274
DQN,deceptive_grid,0,552,40402,17.0,6,1,0.5431,0.018562
DQN,deceptive_grid,0,553,40458,-19.0,56,1,0.5424,0.01678
DQN,deceptive_grid,0,554,40470,7.0,12,1,0.5423,0.016158
DQN,deceptive_grid,0,555,40524,1.0,54,1,0.5417,0.019516
DQN,deceptive_grid,0,556,40555,-10.0,31,1,0.5413,0.019226
DQN,deceptive_grid,0,557,40588,2.0,33,1,0.541,0.015939
DQN,deceptive_grid,0,558,40596,9.0,8,1,0.5409,0.015877
DQN,deceptive_grid,0,559,40633,-22.0,37,1,0.5405,0.017947
DQN,deceptive_grid,0,560,40643,9.0,10,1,0.5403,0.015215
DQN,deceptive_grid,0,561,40675,11.0,32,1,0.54,0.014698
DQN,deceptive_grid,0,562,40717,-21.0,42,1,0.5395,0.016779
DQN,deceptive_grid,0,563,40768,-34.0,51,1,0.5389,0.017184
DQN,deceptive_grid,0,564,40780,11.0,12,1,0.5388,0.016453
DQN,deceptive_grid,0,565,40801,6.0,21,1,0.5386,0.016691
DQN,deceptive_grid,0,566,40811,5.0,10,1,0.5384,0.015882
DQN,deceptive_grid,0,567,40859,-19.0,48,1,0.5379,0.016015
DQN,deceptive_grid,0,568,40881,9.0,22,1,0.5377,0.014413
DQN,deceptive_grid,0,569,40932,-12.0,51,1,0.5371,0.016413
DQN,deceptive_grid,0,570,40943,4.0,11,1,0.537,0.017466
DQN,deceptive_grid,0,571,40982,-6.0,39,1,0.5365,0.016438
DQN,deceptive_grid,0,572,41028,-41.0,46,1,0.536,0.021023
DQN,deceptive_grid,0,573,41032,11.0,4,1,0.5359,0.017574
DQN,deceptive_grid,0,574,41132,-53.0,100,1,0.5348,0.02259
DQN,deceptive_grid,0,575,41148,23.0,16,1,0.5346,0.015583
DQN,deceptive_grid,0,576,41159,18.0,11,1,0.5345,0.01628
DQN,deceptive_grid,0,577,41211,-53.0,52,1,0.5339,0.017914
DQN,deceptive_grid,0,578,41258,-10.0,47,1,0.5334,0.014678
DQN,deceptive_grid,0,579,41273,18.0,15,1,0.5332,0.018042
DQN,deceptive_grid,0,580,41324,-10.0,51,1,0.5326,0.01645
DQN,deceptive_grid,0,581,41375,-28.0,51,1,0.5321,0.01505
DQN,deceptive_grid,0,582,41412,-10.0,37,1,0.5316,0.016509
DQN,deceptive_grid,0,583,41423,6.0,11,1,0.5315,0.015268
DQN,deceptive_grid,0,584,41523,-61.0,100,1,0.5304,0.018979
DQN,deceptive_grid,0,585,41553,1.0,30,1,0.5301,0.029335
DQN,deceptive_grid,0,586,41592,-12.0,39,1,0.5296,0.024011
DQN,deceptive_grid,0,587,41630,7.0,38,1,0.5292,0.018492
DQN,deceptive_grid,0,588,41662,-5.0,32,1,0.5288,0.021892
DQN,deceptive_grid,0,589,41720,-47.0,58,1,0.5282,0.015646
DQN,deceptive_grid,0,590,41753,4.0,33,1,0.5278,0.021131
DQN,deceptive_grid,0,591,41796,-10.0,43,1,0.5273,0.01977
DQN,deceptive_grid,0,592,41819,6.0,23,1,0.527,0.016235
DQN,deceptive_grid,0,593,41831,11.0,12,1,0.5269,0.014455
DQN,deceptive_grid,0,594,41868,4.0,37,1,0.5265,0.012415
DQN,deceptive_grid,0,595,41917,-18.0,49,1,0.5259,0.015675
DQN,deceptive_grid,0,596,41925,19.0,8,1,0.5258,0.014003
DQN,deceptive_grid,0,597,41957,15.0,32,1,0.5255,0.015079
DQN,deceptive_grid,0,598,41977,5.0,20,1,0.5253,0.015365
DQN,deceptive_grid,0,599,42014,0.0,37,1,0.5248,0.017832
DQN,deceptive_grid,0,600,42047,-6.0,33,1,0.5245,0.025732
DQN,deceptive_grid,1,1,200,-256.0,200,0,0.9977,
DQN,deceptive_grid,1,2,400,-232.0,200,0,0.9955,
DQN,deceptive_grid,1,3,600,-324.0,200,0,0.9932,
DQN,deceptive_grid,1,4,800,-322.0,200,0,0.991,
DQN,deceptive_grid,1,5,1000,-272.0,200,0,0.9887,1.885316
DQN,deceptive_grid,1,6,1200,-254.0,200,0,0.9864,0.856777
DQN,deceptive_grid,1,7,1400,-246.0,200,0,0.9842,0.415831
DQN,deceptive_grid,1,8,1434,-35.0,34,1,0.9838,0.387577
DQN,deceptive_grid,1,9,1634,-220.0,200,0,0.9815,0.411827
DQN,deceptive_grid,1,10,1834,-256.0,200,0,0.9793,0.369465
DQN,deceptive_grid,1,11,2034,-278.0,200,0,0.977,0.351172
DQN,deceptive_grid,1,12,2234,-278.0,200,0,0.9747,0.346704
DQN,deceptive_grid,1,13,2434,-374.0,200,0,0.9725,0.331649
DQN,deceptive_grid,1,14,2634,-268.0,200,0,0.9702,0.372214
DQN,deceptive_grid,1,15,2834,-202.0,200,0,0.9679,0.352991
DQN,deceptive_grid,1,16,3034,-240.0,200,0,0.9657,0.360973
DQN,deceptive_grid,1,17,3234,-328.0,200,0,0.9634,0.355102
DQN,deceptive_grid,1,18,3434,-402.0,200,0,0.9612,0.340824
DQN,deceptive_grid,1,19,3634,-256.0,200,0,0.9589,0.347809
DQN,deceptive_grid,1,20,3834,-238.0,200,0,0.9566,0.32222
DQN,deceptive_grid,1,21,4034,-244.0,200,0,0.9544,0.305026
DQN,deceptive_grid,1,22,4234,-246.0,200,0,0.9521,0.305872
DQN,deceptive_grid,1,23,4394,-209.0,160,1,0.9503,0.277176
DQN,deceptive_grid,1,24,4571,-182.0,177,1,0.9483,0.296141
DQN,deceptive_grid,1,25,4771,-282.0,200,0,0.946,0.279645
DQN,deceptive_grid,1,26,4971,-302.0,200,0,0.9438,0.25515
DQN,deceptive_grid,1,27,5171,-210.0,200,0,0.9415,0.258681
DQN,deceptive_grid,1,28,5195,-19.0,24,1,0.9412,0.239564
DQN,deceptive_grid,1,29,5395,-230.0,200,0,0.939,0.223708
DQN,deceptive_grid,1,30,5595,-264.0,200,0,0.9367,0.225641
DQN,deceptive_grid,1,31,5795,-218.0,200,0,0.9345,0.201321
DQN,deceptive_grid,1,32,5995,-210.0,200,0,0.9322,0.188747
DQN,deceptive_grid,1,33,6029,-25.0,34,1,0.9318,0.219973
DQN,deceptive_grid,1,34,6229,-274.0,200,0,0.9296,0.186561
DQN,deceptive_grid,1,35,6429,-268.0,200,0,0.9273,0.184016
DQN,deceptive_grid,1,36,6629,-270.0,200,0,0.925,0.202568
DQN,deceptive_grid,1,37,6641,5.0,12,1,0.9249,0.187887
DQN,deceptive_grid,1,38,6841,-312.0,200,0,0.9226,0.184077
DQN,deceptive_grid,1,39,7041,-330.0,200,0,0.9204,0.179041
DQN,deceptive_grid,1,40,7241,-270.0,200,0,0.9181,0.17672
DQN,deceptive_grid,1,41,7441,-200.0,200,0,0.9158,0.173713
DQN,deceptive_grid,1,42,7475,-25.0,34,1,0.9155,0.151411
DQN,deceptive_grid,1,43,7572,-102.0,97,1,0.9144,0.176917
DQN,deceptive_grid,1,44,7772,-224.0,200,0,0.9121,0.173016
DQN,deceptive_grid,1,45,7972,-236.0,200,0,0.9098,0.165638
DQN,deceptive_grid,1,46,8172,-272.0,200,0,0.9076,0.173127
DQN,deceptive_grid,1,47,8372,-216.0,200,0,0.9053,0.163171
DQN,deceptive_grid,1,48,8400,-13.0,28,1,0.905,0.155413
DQN,deceptive_grid,1,49,8600,-290.0,200,0,0.9027,0.168553
DQN,deceptive_grid,1,50,8800,-272.0,200,0,0.9005,0.167318
DQN,deceptive_grid,1,51,8980,-173.0,180,1,0.8984,0.159501
DQN,deceptive_grid,1,52,9009,0.0,29,1,0.8981,0.174602
DQN,deceptive_grid,1,53,9138,-126.0,129,1,0.8967,0.169878
DQN,deceptive_grid,1,54,9282,-161.0,144,1,0.895,0.169967
DQN,deceptive_grid,1,55,9357,-72.0,75,1,0.8942,0.161639
DQN,deceptive_grid,1,56,9557,-260.0,200,0,0.8919,0.159849
DQN,deceptive_grid,1,57,9654,-116.0,97,1,0.8908,0.166357
DQN,deceptive_grid,1,58,9802,-137.0,148,1,0.8891,0.16391
DQN,deceptive_grid,1,59,10002,-238.0,200,0,0.8869,0.152284
DQN,deceptive_grid,1,60,10202,-248.0,200,0,0.8846,0.171129
DQN,deceptive_grid,1,61,10402,-248.0,200,0,0.8824,0.162094
DQN,deceptive_grid,1,62,10602,-250.0,200,0,0.8801,0.168351
DQN,deceptive_grid,1,63,10659,-14.0,57,1,0.8795,0.173331
DQN,deceptive_grid,1,64,10859,-268.0,200,0,0.8772,0.15903
DQN,deceptive_grid,1,65,10906,-10.0,47,1,0.8767,0.150557
DQN,deceptive_grid,1,66,11095,-222.0,189,1,0.8745,0.166628
DQN,deceptive_grid,1,67,11157,-41.0,62,1,0.8738,0.167997
DQN,deceptive_grid,1,68,11218,-58.0,61,1,0.8731,0.164213
DQN,deceptive_grid,1,69,11410,-227.0,192,1,0.871,0.168758
DQN,deceptive_grid,1,70,11487,-72.0,77,1,0.8701,0.162185
DQN,deceptive_grid,1,71,11627,-191.0,140,1,0.8685,0.171684
DQN,deceptive_grid,1,72,11646,-18.0,19,1,0.8683,0.184865
DQN,deceptive_grid,1,73,11721,-68.0,75,1,0.8674,0.17269
DQN,deceptive_grid,1,74,11921,-262.0,200,0,0.8652,0.161207
DQN,deceptive_grid,1,75,12052,-146.0,131,1,0.8637,0.163367
DQN,deceptive_grid,1,76,12115,-66.0,63,1,0.863,0.166541
DQN,deceptive_grid,1,77,12159,-31.0,44,1,0.8625,0.15231
DQN,deceptive_grid,1,78,12359,-230.0,200,0,0.8602,0.171226
DQN,deceptive_grid,1,79,12462,-90.0,103,1,0.8591,0.154087
DQN,deceptive_grid,1,80,12549,-68.0,87,1,0.8581,0.171885
DQN,deceptive_grid,1,81,12718,-168.0,169,1,0.8562,0.167346
DQN,deceptive_grid,1,82,12918,-278.0,200,0,0.8539,0.164013
DQN,deceptive_grid,1,83,12963,-38.0,45,1,0.8534,0.161309
DQN,deceptive_grid,1,84,12975,-3.0,12,1,0.8533,0.164773
DQN,deceptive_grid,1,85,13096,-142.0,121,1,0.8519,0.177551
DQN,deceptive_grid,1,86,13296,-290.0,200,0,0.8496,0.169194
DQN,deceptive_grid,1,87,13327,-30.0,31,1,0.8493,0.144049
DQN,deceptive_grid,1,88,13379,-25.0,52,1,0.8487,0.176564
DQN,deceptive_grid,1,89,13543,-159.0,164,1,0.8468,0.161835
DQN,deceptive_grid,1,90,13569,-17.0,26,1,0.8465,0.174414
DQN,deceptive_grid,1,91,13607,-23.0,38,1,0.8461,0.187768
DQN,deceptive_grid,1,92,13807,-238.0,200,0,0.8438,0.173612
DQN,deceptive_grid,1,93,14007,-256.0,200,0,0.8416,0.155417
DQN,deceptive_grid,1,94,14207,-280.0,200,0,0.8393,0.181675
DQN,deceptive_grid,1,95,14285,-87.0,78,1,0.8384,0.170732
DQN,deceptive_grid,1,96,14397,-129.0,112,1,0.8372,0.170421
DQN,deceptive_grid,1,97,14549,-159.0,152,1,0.8355,0.174259
DQN,deceptive_grid,1,98,14650,-110.0,101,1,0.8343,0.17709
DQN,deceptive_grid,1,99,14833,-260.0,183,1,0.8322,0.16592
DQN,deceptive_grid,1,100,14935,-107.0,102,1,0.8311,0.168031
DQN,deceptive_grid,1,101,14993,-39.0,58,1,0.8304,0.156935
DQN,deceptive_grid,1,102,15174,-224.0,181,1,0.8284,0.19956
DQN,deceptive_grid,1,103,15242,-65.0,68,1,0.8276,0.186285
DQN,deceptive_grid,1,104,15311,-68.0,69,1,0.8268,0.171645
DQN,deceptive_grid,1,105,15388,-68.0,77,1,0.826,0.172329
DQN,deceptive_grid,1,106,15488,-71.0,100,1,0.8248,0.169735
DQN,deceptive_grid,1,107,15617,-124.0,129,1,0.8234,0.196718
DQN,deceptive_grid,1,108,15647,-33.0,30,1,0.823,0.190746
DQN,deceptive_grid,1,109,15786,-116.0,139,1,0.8215,0.182986
DQN,deceptive_grid,1,110,15870,-49.0,84,1,0.8205,0.16458
DQN,deceptive_grid,1,111,15995,-120.0,125,1,0.8191,0.168197
DQN,deceptive_grid,1,112,16195,-214.0,200,0,0.8168,0.193974
DQN,deceptive_grid,1,113,16385,-177.0,190,1,0.8147,0.169694
DQN,deceptive_grid,1,114,16387,13.0,2,1,0.8147,0.127186
DQN,deceptive_grid,1,115,16509,-129.0,122,1,0.8133,0.166413
DQN,deceptive_grid,1,116,16564,-54.0,55,1,0.8127,0.20328
DQN,deceptive_grid,1,117,16583,2.0,19,1,0.8125,0.180693
DQN,deceptive_grid,1,118,16608,-2.0,25,1,0.8122,0.181397
DQN,deceptive_grid,1,119,16719,-98.0,111,1,0.8109,0.179168
DQN,deceptive_grid,1,120,16905,-205.0,186,1,0.8088,0.162607
DQN,deceptive_grid,1,121,16964,-34.0,59,1,0.8081,0.163008
DQN,deceptive_grid,1,122,17120,-147.0,156,1,0.8064,0.176952
DQN,deceptive_grid,1,123,17173,-54.0,53,1,0.8058,0.181009
DQN,deceptive_grid,1,124,17367,-225.0,194,1,0.8036,0.163678
DQN,deceptive_grid,1,125,17393,-3.0,26,1,0.8033,0.165888
DQN,deceptive_grid,1,126,17593,-282.0,200,0,0.801,0.17754
DQN,deceptive_grid,1,127,17678,-66.0,85,1,0.8001,0.173279
DQN,deceptive_grid,1,128,17701,0.0,23,1,0.7998,0.173275
DQN,deceptive_grid,1,129,17739,5.0,38,1,0.7994,0.155622
DQN,deceptive_grid,1,130,17747,15.0,8,1,0.7993,0.140436
DQN,deceptive_grid,1,131,17784,-12.0,37,1,0.7989,0.156417
DQN,deceptive_grid,1,132,17850,-29.0,66,1,0.7981,0.154767
DQN,deceptive_grid,1,133,17939,-64.0,89,1,0.7971,0.153175
DQN,deceptive_grid,1,134,18036,-86.0,97,1,0.796,0.165825
DQN,deceptive_grid,1,135,18070,-21.0,34,1,0.7956,0.157036
DQN,deceptive_grid,1,136,18152,-79.0,82,1,0.7947,0.152036
DQN,deceptive_grid,1,137,18166,5.0,14,1,0.7946,0.143627
DQN,deceptive_grid,1,138,18194,-15.0,28,1,0.7942,0.147305
DQN,deceptive_grid,1,139,18210,1.0,16,1,0.7941,0.142857
DQN,deceptive_grid,1,140,18286,-77.0,76,1,0.7932,0.145277
DQN,deceptive_grid,1,141,18315,-4.0,29,1,0.7929,0.132209
DQN,deceptive_grid,1,142,18443,-111.0,128,1,0.7914,0.135501
DQN,deceptive_grid,1,143,18545,-69.0,102,1,0.7903,0.150515
DQN,deceptive_grid,1,144,18662,-110.0,117,1,0.7889,0.152016
DQN,deceptive_grid,1,145,18812,-145.0,150,1,0.7872,0.13066
DQN,deceptive_grid,1,146,18839,-10.0,27,1,0.7869,0.12397
DQN,deceptive_grid,1,147,18841,7.0,2,1,0.7869,0.081552
DQN,deceptive_grid,1,148,18982,-136.0,141,1,0.7853,0.12704
DQN,deceptive_grid,1,149,19030,-21.0,48,1,0.7848,0.145472
DQN,deceptive_grid,1,150,19060,-11.0,30,1,0.7844,0.142516
DQN,deceptive_grid,1,151,19149,-68.0,89,1,0.7834,0.134685
DQN,deceptive_grid,1,152,19242,-54.0,93,1,0.7824,0.127031
DQN,deceptive_grid,1,153,19380,-139.0,138,1,0.7808,0.115298
DQN,deceptive_grid,1,154,19404,-3.0,24,1,0.7805,0.098263
DQN,deceptive_grid,1,155,19486,-67.0,82,1,0.7796,0.107647
DQN,deceptive_grid,1,156,19495,6.0,9,1,0.7795,0.106541
DQN,deceptive_grid,1,157,19547,-35.0,52,1,0.7789,0.155358
DQN,deceptive_grid,1,158,19568,0.0,21,1,0.7787,0.134893
DQN,deceptive_grid,1,159,19600,1.0,32,1,0.7783,0.12771
DQN,deceptive_grid,1,160,19626,-19.0,26,1,0.778,0.136614
DQN,deceptive_grid,1,161,19691,-30.0,65,1,0.7773,0.109473
DQN,deceptive_grid,1,162,19733,-29.0,42,1,0.7768,0.114232
DQN,deceptive_grid,1,163,19816,-74.0,83,1,0.7759,0.112486
DQN,deceptive_grid,1,164,19894,-35.0,78,1,0.775,0.109127
DQN,deceptive_grid,1,165,20008,-117.0,114,1,0.7737,0.103789
DQN,deceptive_grid,1,166,20208,-204.0,200,0,0.7715,0.11564
DQN,deceptive_grid,1,167,20231,-2.0,23,1,0.7712,0.108691
DQN,deceptive_grid,1,168,20431,-252.0,200,0,0.7689,0.100789
DQN,deceptive_grid,1,169,20514,-74.0,83,1,0.768,0.11387
DQN,deceptive_grid,1,170,20528,5.0,14,1,0.7678,0.129324
DQN,deceptive_grid,1,171,20617,-74.0,89,1,0.7668,0.118064
DQN,deceptive_grid,1,172,20717,-59.0,100,1,0.7657,0.095278
DQN,deceptive_grid,1,173,20764,-32.0,47,1,0.7652,0.091646
DQN,deceptive_grid,1,174,20823,-46.0,59,1,0.7645,0.088623
DQN,deceptive_grid,1,175,20869,-11.0,46,1,0.764,0.089478
DQN,deceptive_grid,1,176,20936,-30.0,67,1,0.7632,0.087997
DQN,deceptive_grid,1,177,21025,-58.0,89,1,0.7622,0.095757
DQN,deceptive_grid,1,178,21111,-73.0,86,1,0.7612,0.093343
DQN,deceptive_grid,1,179,21129,3.0,18,1,0.761,0.09656
DQN,deceptive_grid,1,180,21202,-42.0,73,1,0.7602,0.090001
DQN,deceptive_grid,1,181,21334,-133.0,132,1,0.7587,0.084433
DQN,deceptive_grid,1,182,21359,-8.0,25,1,0.7584,0.09094
DQN,deceptive_grid,1,183,21373,1.0,14,1,0.7583,0.092338
DQN,deceptive_grid,1,184,21460,-38.0,87,1,0.7573,0.084478
DQN,deceptive_grid,1,185,21510,-27.0,50,1,0.7567,0.090946
DQN,deceptive_grid,1,186,21659,-150.0,149,1,0.755,0.089828
DQN,deceptive_grid,1,187,21816,-154.0,157,1,0.7533,0.085433
DQN,deceptive_grid,1,188,21887,-36.0,71,1,0.7525,0.079755
DQN,deceptive_grid,1,189,21900,16.0,13,1,0.7523,0.076366
DQN,deceptive_grid,1,190,21977,-52.0,77,1,0.7515,0.081218
DQN,deceptive_grid,1,191,22042,-46.0,65,1,0.7507,0.098356
DQN,deceptive_grid,1,192,22120,-47.0,78,1,0.7498,0.091627
DQN,deceptive_grid,1,193,22136,11.0,16,1,0.7497,0.088649
DQN,deceptive_grid,1,194,22257,-120.0,121,1,0.7483,0.088736
DQN,deceptive_grid,1,195,22330,-46.0,73,1,0.7475,0.080853
DQN,deceptive_grid,1,196,22427,-94.0,97,1,0.7464,0.080974
DQN,deceptive_grid,1,197,22513,-77.0,86,1,0.7454,0.086646
DQN,deceptive_grid,1,198,22596,-70.0,83,1,0.7445,0.102353
DQN,deceptive_grid,1,199,22697,-78.0,101,1,0.7433,0.077766
DQN,deceptive_grid,1,200,22727,-5.0,30,1,0.743,0.073244
DQN,deceptive_grid,1,201,22805,-65.0,78,1,0.7421,0.079627
DQN,deceptive_grid,1,202,23005,-268.0,200,0,0.7398,0.075064
DQN,deceptive_grid,1,203,23049,-17.0,44,1,0.7393,0.092486
DQN,deceptive_grid,1,204,23147,-93.0,98,1,0.7382,0.08144
DQN,deceptive_grid,1,205,23187,-19.0,40,1,0.7378,0.081002
DQN,deceptive_grid,1,206,23211,-15.0,24,1,0.7375,0.066676
DQN,deceptive_grid,1,207,23258,-24.0,47,1,0.737,0.074395
DQN,deceptive_grid,1,208,23296,-7.0,38,1,0.7365,0.082259
DQN,deceptive_grid,1,209,23372,-47.0,76,1,0.7357,0.076253
DQN,deceptive_grid,1,210,23385,8.0,13,1,0.7355,0.074392
DQN,deceptive_grid,1,211,23440,-30.0,55,1,0.7349,0.070324
DQN,deceptive_grid,1,212,23492,-21.0,52,1,0.7343,0.062977
DQN,deceptive_grid,1,213,23499,14.0,7,1,0.7342,0.069214
DQN,deceptive_grid,1,214,23565,-57.0,66,1,0.7335,0.096503
DQN,deceptive_grid,1,215,23679,-117.0,114,1,0.7322,0.081336
DQN,deceptive_grid,1,216,23754,-64.0,75,1,0.7314,0.073415
DQN,deceptive_grid,1,217,23789,-18.0,35,1,0.731,0.067589
DQN,deceptive_grid,1,218,23812,4.0,23,1,0.7307,0.066858
DQN,deceptive_grid,1,219,23919,-70.0,107,1,0.7295,0.069821
DQN,deceptive_grid,1,220,24003,-83.0,84,1,0.7285,0.072507
DQN,deceptive_grid,1,221,24094,-60.0,91,1,0.7275,0.099102
DQN,deceptive_grid,1,222,24171,-48.0,77,1,0.7266,0.082307
DQN,deceptive_grid,1,223,24256,-72.0,85,1,0.7257,0.079752
DQN,deceptive_grid,1,224,24331,-32.0,75,1,0.7248,0.081285
DQN,deceptive_grid,1,225,24350,0.0,19,1,0.7246,0.065254
DQN,deceptive_grid,1,226,24480,-135.0,130,1,0.7231,0.072834
DQN,deceptive_grid,1,227,24491,10.0,11,1,0.723,0.071778
DQN,deceptive_grid,1,228,24544,-56.0,53,1,0.7224,0.100531
DQN,deceptive_grid,1,229,24660,-97.0,116,1,0.7211,0.091298
DQN,deceptive_grid,1,230,24819,-160.0,159,1,0.7193,0.083767
DQN,deceptive_grid,1,231,24828,16.0,9,1,0.7192,0.069058
DQN,deceptive_grid,1,232,24890,-23.0,62,1,0.7185,0.076828
DQN,deceptive_grid,1,233,24954,-31.0,64,1,0.7178,0.071997
DQN,deceptive_grid,1,234,25068,-99.0,114,1,0.7165,0.092321
DQN,deceptive_grid,1,235,25160,-65.0,92,1,0.7155,0.093828
DQN,deceptive_grid,1,236,25246,-63.0,86,1,0.7145,0.082636
DQN,deceptive_grid,1,237,25325,-50.0,79,1,0.7136,0.080655
DQN,deceptive_grid,1,238,25368,-20.0,43,1,0.7131,0.07722
DQN,deceptive_grid,1,239,25414,-13.0,46,1,0.7126,0.078735
DQN,deceptive_grid,1,240,25470,-43.0,56,1,0.7119,0.076345
DQN,deceptive_grid,1,241,25589,-94.0,119,1,0.7106,0.089716
DQN,deceptive_grid,1,242,25625,-27.0,36,1,0.7102,0.078845
DQN,deceptive_grid,1,243,25692,-40.0,67,1,0.7094,0.083895
DQN,deceptive_grid,1,244,25729,-24.0,37,1,0.709,0.084905
DQN,deceptive_grid,1,245,25806,-94.0,77,1,0.7081,0.074506
DQN,deceptive_grid,1,246,25859,-34.0,53,1,0.7075,0.072328
DQN,deceptive_grid,1,247,25882,6.0,23,1,0.7073,0.072233
DQN,deceptive_grid,1,248,25923,-6.0,41,1,0.7068,0.07165
DQN,deceptive_grid,1,249,26105,-169.0,182,1,0.7048,0.090592
DQN,deceptive_grid,1,250,26167,-43.0,62,1,0.7041,0.090048
DQN,deceptive_grid,1,251,26224,-28.0,57,1,0.7034,0.091885
DQN,deceptive_grid,1,252,26278,-37.0,54,1,0.7028,0.07649
DQN,deceptive_grid,1,253,26367,-82.0,89,1,0.7018,0.078226
DQN,deceptive_grid,1,254,26564,-174.0,197,1,0.6996,0.091461
DQN,deceptive_grid,1,255,26647,-48.0,83,1,0.6986,0.087144
DQN,deceptive_grid,1,256,26698,-36.0,51,1,0.6981,0.089082
DQN,deceptive_grid,1,257,26739,0.0,41,1,0.6976,0.076573
DQN,deceptive_grid,1,258,26776,4.0,37,1,0.6972,0.083955
DQN,deceptive_grid,1,259,26834,-31.0,58,1,0.6965,0.081069
DQN,deceptive_grid,1,260,26916,-63.0,82,1,0.6956,0.077122
DQN,deceptive_grid,1,261,26965,-30.0,49,1,0.695,0.066609
DQN,deceptive_grid,1,262,27002,-8.0,37,1,0.6946,0.071353
DQN,deceptive_grid,1,263,27021,-4.0,19,1,0.6944,0.111818
DQN,deceptive_grid,1,264,27062,-26.0,41,1,0.6939,0.095436
DQN,deceptive_grid,1,265,27108,-9.0,46,1,0.6934,0.088178
DQN,deceptive_grid,1,266,27120,-7.0,12,1,0.6933,0.095749
DQN,deceptive_grid,1,267,27176,-35.0,56,1,0.6927,0.08632
DQN,deceptive_grid,1,268,27237,-52.0,61,1,0.692,0.073316
DQN,deceptive_grid,1,269,27362,-108.0,125,1,0.6905,0.073123
DQN,deceptive_grid,1,270,27377,-28.0,15,1,0.6904,0.067447
DQN,deceptive_grid,1,271,27474,-136.0,97,1,0.6893,0.067345
DQN,deceptive_grid,1,272,27500,1.0,26,1,0.689,0.071936
DQN,deceptive_grid,1,273,27563,-48.0,63,1,0.6883,0.09521
DQN,deceptive_grid,1,274,27615,-43.0,52,1,0.6877,0.073681
DQN,deceptive_grid,1,275,27693,-63.0,78,1,0.6868,0.074001
DQN,deceptive_grid,1,276,27710,-2.0,17,1,0.6866,0.07405
DQN,deceptive_grid,1,277,27757,-44.0,47,1,0.6861,0.072811
DQN,deceptive_grid,1,278,27816,-36.0,59,1,0.6854,0.067829
DQN,deceptive_grid,1,279,27843,12.0,27,1,0.6851,0.073031
DQN,deceptive_grid,1,280,27940,-86.0,97,1,0.684,0.063167
DQN,deceptive_grid,1,281,28020,-81.0,80,1,0.6831,0.070159
DQN,deceptive_grid,1,282,28079,-22.0,59,1,0.6824,0.071222
DQN,deceptive_grid,1,283,28194,-120.0,115,1,0.6811,0.061764
DQN,deceptive_grid,1,284,28265,-76.0,71,1,0.6803,0.053775
DQN,deceptive_grid,1,285,28297,-11.0,32,1,0.68,0.056291
DQN,deceptive_grid,1,286,28396,-78.0,99,1,0.6789,0.056411
DQN,deceptive_grid,1,287,28455,-42.0,59,1,0.6782,0.049969
DQN,deceptive_grid,1,288,28507,-9.0,52,1,0.6776,0.06491
DQN,deceptive_grid,1,289,28527,-7.0,20,1,0.6774,0.069175
DQN,deceptive_grid,1,290,28616,-90.0,89,1,0.6764,0.062855
DQN,deceptive_grid,1,291,28643,10.0,27,1,0.6761,0.058055
DQN,deceptive_grid,1,292,28650,8.0,7,1,0.676,0.058949
DQN,deceptive_grid,1,293,28666,5.0,16,1,0.6758,0.065931
DQN,deceptive_grid,1,294,28733,-24.0,67,1,0.675,0.057696
DQN,deceptive_grid,1,295,28770,-18.0,37,1,0.6746,0.049269
DQN,deceptive_grid,1,296,28801,-2.0,31,1,0.6743,0.055457
DQN,deceptive_grid,1,297,28802,12.0,1,1,0.6743,0.056822
DQN,deceptive_grid,1,298,28831,6.0,29,1,0.6739,0.056374
DQN,deceptive_grid,1,299,28847,-3.0,16,1,0.6738,0.055821
DQN,deceptive_grid,1,300,28932,-64.0,85,1,0.6728,0.050938
DQN,deceptive_grid,1,301,29017,-66.0,85,1,0.6718,0.058043
DQN,deceptive_grid,1,302,29030,8.0,13,1,0.6717,0.070041
DQN,deceptive_grid,1,303,29084,-55.0,54,1,0.6711,0.06026
DQN,deceptive_grid,1,304,29123,-10.0,39,1,0.6706,0.049071
DQN,deceptive_grid,1,305,29159,-13.0,36,1,0.6702,0.053034
DQN,deceptive_grid,1,306,29201,-3.0,42,1,0.6698,0.053357
DQN,deceptive_grid,1,307,29233,-13.0,32,1,0.6694,0.050072
DQN,deceptive_grid,1,308,29270,-20.0,37,1,0.669,0.051927
DQN,deceptive_grid,1,309,29277,10.0,7,1,0.6689,0.049902
DQN,deceptive_grid,1,310,29341,-27.0,64,1,0.6682,0.047965
DQN,deceptive_grid,1,311,29351,9.0,10,1,0.6681,0.044268
DQN,deceptive_grid,1,312,29372,8.0,21,1,0.6678,0.051281
DQN,deceptive_grid,1,313,29434,-67.0,62,1,0.6671,0.049066
DQN,deceptive_grid,1,314,29534,-59.0,100,1,0.666,0.050787
DQN,deceptive_grid,1,315,29549,6.0,15,1,0.6658,0.051598
DQN,deceptive_grid,1,316,29611,-39.0,62,1,0.6651,0.050179
DQN,deceptive_grid,1,317,29670,-36.0,59,1,0.6644,0.042429
DQN,deceptive_grid,1,318,29745,-42.0,75,1,0.6636,0.043751
DQN,deceptive_grid,1,319,29837,-55.0,92,1,0.6626,0.044669
DQN,deceptive_grid,1,320,29845,9.0,8,1,0.6625,0.034558
DQN,deceptive_grid,1,321,29889,-45.0,44,1,0.662,0.041186
DQN,deceptive_grid,1,322,29932,-32.0,43,1,0.6615,0.038954
DQN,deceptive_grid,1,323,29948,3.0,16,1,0.6613,0.043002
DQN,deceptive_grid,1,324,29954,13.0,6,1,0.6612,0.054338
DQN,deceptive_grid,1,325,30023,-38.0,69,1,0.6605,0.049864
DQN,deceptive_grid,1,326,30078,-48.0,55,1,0.6598,0.043367
DQN,deceptive_grid,1,327,30086,11.0,8,1,0.6597,0.035673
DQN,deceptive_grid,1,328,30108,-15.0,22,1,0.6595,0.038653
DQN,deceptive_grid,1,329,30211,-90.0,103,1,0.6583,0.034278
DQN,deceptive_grid,1,330,30240,6.0,29,1,0.658,0.03827
DQN,deceptive_grid,1,331,30276,-1.0,36,1,0.6576,0.036834
DQN,deceptive_grid,1,332,30336,-37.0,60,1,0.6569,0.033765
DQN,deceptive_grid,1,333,30417,-52.0,81,1,0.656,0.036689
DQN,deceptive_grid,1,334,30444,-2.0,27,1,0.6557,0.034753
DQN,deceptive_grid,1,335,30496,-45.0,52,1,0.6551,0.034554
DQN,deceptive_grid,1,336,30522,1.0,26,1,0.6548,0.044902
DQN,deceptive_grid,1,337,30536,9.0,14,1,0.6547,0.046127
DQN,deceptive_grid,1,338,30573,-8.0,37,1,0.6542,0.036871
DQN,deceptive_grid,1,339,30666,-58.0,93,1,0.6532,0.037936
DQN,deceptive_grid,1,340,30676,17.0,10,1,0.6531,0.036063
DQN,deceptive_grid,1,341,30735,-32.0,59,1,0.6524,0.034892
DQN,deceptive_grid,1,342,30752,8.0,17,1,0.6522,0.036181
DQN,deceptive_grid,1,343,30767,4.0,15,1,0.652,0.030635
DQN,deceptive_grid,1,344,30813,-17.0,46,1,0.6515,0.030517
DQN,deceptive_grid,1,345,30837,-31.0,24,1,0.6512,0.037348
DQN,deceptive_grid,1,346,30866,-4.0,29,1,0.6509,0.029914
DQN,deceptive_grid,1,347,30899,-24.0,33,1,0.6505,0.031875
DQN,deceptive_grid,1,348,30955,-39.0,56,1,0.6499,0.030593
DQN,deceptive_grid,1,349,31012,-24.0,57,1,0.6493,0.031867
DQN,deceptive_grid,1,350,31072,-35.0,60,1,0.6486,0.036351
DQN,deceptive_grid,1,351,31100,-13.0,28,1,0.6483,0.038186
DQN,deceptive_grid,1,352,31155,-30.0,55,1,0.6477,0.030606
DQN,deceptive_grid,1,353,31193,-5.0,38,1,0.6472,0.032448
DQN,deceptive_grid,1,354,31243,-19.0,50,1,0.6467,0.03191
DQN,deceptive_grid,1,355,31270,6.0,27,1,0.6464,0.032507
DQN,deceptive_grid,1,356,31333,-56.0,63,1,0.6456,0.029516
DQN,deceptive_grid,1,357,31417,-81.0,84,1,0.6447,0.031777
DQN,deceptive_grid,1,358,31454,-20.0,37,1,0.6443,0.028188
DQN,deceptive_grid,1,359,31479,-4.0,25,1,0.644,0.026564
DQN,deceptive_grid,1,360,31513,9.0,34,1,0.6436,0.032769
DQN,deceptive_grid,1,361,31533,9.0,20,1,0.6434,0.031307
DQN,deceptive_grid,1,362,31568,-22.0,35,1,0.643,0.03403
DQN,deceptive_grid,1,363,31605,-18.0,37,1,0.6426,0.028676
DQN,deceptive_grid,1,364,31648,-18.0,43,1,0.6421,0.029841
DQN,deceptive_grid,1,365,31670,-7.0,22,1,0.6418,0.034079
DQN,deceptive_grid,1,366,31706,-1.0,36,1,0.6414,0.034499
DQN,deceptive_grid,1,367,31729,8.0,23,1,0.6412,0.032054
DQN,deceptive_grid,1,368,31746,-2.0,17,1,0.641,0.028227
DQN,deceptive_grid,1,369,31818,-55.0,72,1,0.6402,0.028458
DQN,deceptive_grid,1,370,31868,-3.0,50,1,0.6396,0.025736
DQN,deceptive_grid,1,371,31873,6.0,5,1,0.6395,0.025931
DQN,deceptive_grid,1,372,31938,-34.0,65,1,0.6388,0.024806
DQN,deceptive_grid,1,373,31954,9.0,16,1,0.6386,0.026727
DQN,deceptive_grid,1,374,31974,9.0,20,1,0.6384,0.022208
DQN,deceptive_grid,1,375,32050,-67.0,76,1,0.6375,0.031795
DQN,deceptive_grid,1,376,32095,-20.0,45,1,0.637,0.030959
DQN,deceptive_grid,1,377,32152,-16.0,57,1,0.6364,0.029845
DQN,deceptive_grid,1,378,32163,0.0,11,1,0.6363,0.031569
DQN,deceptive_grid,1,379,32214,-24.0,51,1,0.6357,0.026737
DQN,deceptive_grid,1,380,32281,-64.0,67,1,0.6349,0.029241
DQN,deceptive_grid,1,381,32357,-39.0,76,1,0.6341,0.029763
DQN,deceptive_grid,1,382,32372,0.0,15,1,0.6339,0.034327
DQN,deceptive_grid,1,383,32413,-48.0,41,1,0.6334,0.029568
DQN,deceptive_grid,1,384,32436,10.0,23,1,0.6332,0.026791
DQN,deceptive_grid,1,385,32475,-10.0,39,1,0.6327,0.027522
DQN,deceptive_grid,1,386,32512,-4.0,37,1,0.6323,0.028632
DQN,deceptive_grid,1,387,32559,-28.0,47,1,0.6318,0.033209
DQN,deceptive_grid,1,388,32581,-3.0,22,1,0.6315,0.03186
DQN,deceptive_grid,1,389,32624,-16.0,43,1,0.631,0.029124
DQN,deceptive_grid,1,390,32689,-24.0,65,1,0.6303,0.028095
DQN,deceptive_grid,1,391,32762,-38.0,73,1,0.6295,0.025802
DQN,deceptive_grid,1,392,32798,-25.0,36,1,0.6291,0.026485
DQN,deceptive_grid,1,393,32845,-24.0,47,1,0.6285,0.028304
DQN,deceptive_grid,1,394,32884,-16.0,39,1,0.6281,0.024007
DQN,deceptive_grid,1,395,32894,11.0,10,1,0.628,0.022347
DQN,deceptive_grid,1,396,32924,9.0,30,1,0.6276,0.026286
DQN,deceptive_grid,1,397,32925,12.0,1,1,0.6276,0.017426
DQN,deceptive_grid,1,398,32980,-20.0,55,1,0.627,0.02286
DQN,deceptive_grid,1,399,33033,-44.0,53,1,0.6264,0.030008
DQN,deceptive_grid,1,400,33083,-7.0,50,1,0.6258,0.029948
DQN,deceptive_grid,1,401,33132,-20.0,49,1,0.6253,0.028241
DQN,deceptive_grid,1,402,33152,9.0,20,1,0.6251,0.027069
DQN,deceptive_grid,1,403,33240,-73.0,88,1,0.6241,0.027991
DQN,deceptive_grid,1,404,33281,-28.0,41,1,0.6236,0.027277
DQN,deceptive_grid,1,405,33302,8.0,21,1,0.6234,0.034089
DQN,deceptive_grid,1,406,33307,6.0,5,1,0.6233,0.04059
DQN,deceptive_grid,1,407,33324,10.0,17,1,0.6231,0.025761
DQN,deceptive_grid,1,408,33385,-58.0,61,1,0.6224,0.026837
DQN,deceptive_grid,1,409,33428,-16.0,43,1,0.6219,0.0231
DQN,deceptive_grid,1,410,33436,5.0,8,1,0.6219,0.021594
DQN,deceptive_grid,1,411,33495,-24.0,59,1,0.6212,0.024238
DQN,deceptive_grid,1,412,33519,-9.0,24,1,0.6209,0.036605
DQN,deceptive_grid,1,413,33544,10.0,25,1,0.6206,0.033059
DQN,deceptive_grid,1,414,33649,-108.0,105,1,0.6194,0.026155
DQN,deceptive_grid,1,415,33702,-18.0,53,1,0.6188,0.030836
DQN,deceptive_grid,1,416,33767,-28.0,65,1,0.6181,0.027825
DQN,deceptive_grid,1,417,33821,-41.0,54,1,0.6175,0.024213
DQN,deceptive_grid,1,418,33851,-11.0,30,1,0.6172,0.025736
DQN,deceptive_grid,1,419,33856,6.0,5,1,0.6171,0.017826
DQN,deceptive_grid,1,420,33900,-13.0,44,1,0.6166,0.021541
DQN,deceptive_grid,1,421,33928,3.0,28,1,0.6163,0.024083
DQN,deceptive_grid,1,422,33994,-35.0,66,1,0.6155,0.026596
DQN,deceptive_grid,1,423,34031,-8.0,37,1,0.6151,0.042069
DQN,deceptive_grid,1,424,34049,-3.0,18,1,0.6149,0.037077
DQN,deceptive_grid,1,425,34070,20.0,21,1,0.6147,0.03236
DQN,deceptive_grid,1,426,34097,0.0,27,1,0.6144,0.027515
DQN,deceptive_grid,1,427,34134,-4.0,37,1,0.614,0.028003
DQN,deceptive_grid,1,428,34156,-9.0,22,1,0.6137,0.024295
DQN,deceptive_grid,1,429,34200,-7.0,44,1,0.6132,0.02849
DQN,deceptive_grid,1,430,34236,-3.0,36,1,0.6128,0.023475
DQN,deceptive_grid,1,431,34258,-11.0,22,1,0.6126,0.022535
DQN,deceptive_grid,1,432,34315,-36.0,57,1,0.6119,0.024265
DQN,deceptive_grid,1,433,34354,-26.0,39,1,0.6115,0.027447
DQN,deceptive_grid,1,434,34408,-33.0,54,1,0.6109,0.024181
DQN,deceptive_grid,1,435,34418,13.0,10,1,0.6107,0.031331
DQN,deceptive_grid,1,436,34457,6.0,39,1,0.6103,0.027141
DQN,deceptive_grid,1,437,34512,-26.0,55,1,0.6097,0.026573
DQN,deceptive_grid,1,438,34539,-10.0,27,1,0.6094,0.033351
DQN,deceptive_grid,1,439,34565,9.0,26,1,0.6091,0.031589
DQN,deceptive_grid,1,440,34586,8.0,21,1,0.6088,0.032044
DQN,deceptive_grid,1,441,34628,-23.0,42,1,0.6084,0.027002
DQN,deceptive_grid,1,442,34676,-13.0,48,1,0.6078,0.024099
DQN,deceptive_grid,1,443,34731,-22.0,55,1,0.6072,0.024009
DQN,deceptive_grid,1,444,34764,-4.0,33,1,0.6068,0.024698
DQN,deceptive_grid,1,445,34796,-23.0,32,1,0.6065,0.026761
DQN,deceptive_grid,1,446,34872,-37.0,76,1,0.6056,0.028095
DQN,deceptive_grid,1,447,34901,-10.0,29,1,0.6053,0.019427
DQN,deceptive_grid,1,448,34932,-12.0,31,1,0.6049,0.02869
DQN,deceptive_grid,1,449,34988,-53.0,56,1,0.6043,0.02493
DQN,deceptive_grid,1,450,35011,-2.0,23,1,0.604,0.037282
DQN,deceptive_grid,1,451,35065,-49.0,54,1,0.6034,0.029741
DQN,deceptive_grid,1,452,35123,-45.0,58,1,0.6028,0.025235
DQN,deceptive_grid,1,453,35143,9.0,20,1,0.6025,0.032179
DQN,deceptive_grid,1,454,35167,9.0,24,1,0.6023,0.029583
DQN,deceptive_grid,1,455,35204,-20.0,37,1,0.6019,0.027595
DQN,deceptive_grid,1,456,35269,-26.0,65,1,0.6011,0.023295
DQN,deceptive_grid,1,457,35338,-20.0,69,1,0.6003,0.023888
DQN,deceptive_grid,1,458,35442,-81.0,104,1,0.5992,0.024291
DQN,deceptive_grid,1,459,35498,-39.0,56,1,0.5985,0.023926
DQN,deceptive_grid,1,460,35568,-67.0,70,1,0.5977,0.032263
DQN,deceptive_grid,1,461,35639,-54.0,71,1,0.5969,0.026213
DQN,deceptive_grid,1,462,35697,-21.0,58,1,0.5963,0.027648
DQN,deceptive_grid,1,463,35718,10.0,21,1,0.596,0.027386
DQN,deceptive_grid,1,464,35737,6.0,19,1,0.5958,0.022541
DQN,deceptive_grid,1,465,35796,-42.0,59,1,0.5952,0.024424
DQN,deceptive_grid,1,466,35843,-18.0,47,1,0.5946,0.022203
DQN,deceptive_grid,1,467,35866,2.0,23,1,0.5944,0.022759
DQN,deceptive_grid,1,468,35875,16.0,9,1,0.5943,0.026723
DQN,deceptive_grid,1,469,35931,-31.0,56,1,0.5936,0.027186
DQN,deceptive_grid,1,470,35960,-6.0,29,1,0.5933,0.027682
DQN,deceptive_grid,1,471,35998,-17.0,38,1,0.5929,0.021737
DQN,deceptive_grid,1,472,35999,12.0,1,1,0.5929,0.021882
DQN,deceptive_grid,1,473,36018,22.0,19,1,0.5927,0.036444
DQN,deceptive_grid,1,474,36040,9.0,22,1,0.5924,0.032293
DQN,deceptive_grid,1,475,36079,-38.0,39,1,0.592,0.031036
DQN,deceptive_grid,1,476,36082,14.0,3,1,0.5919,0.030546
DQN,deceptive_grid,1,477,36157,-54.0,75,1,0.5911,0.030589
DQN,deceptive_grid,1,478,36196,-20.0,39,1,0.5906,0.024697
DQN,deceptive_grid,1,479,36249,-24.0,53,1,0.59,0.024357
DQN,deceptive_grid,1,480,36293,-11.0,44,1,0.5895,0.024227
DQN,deceptive_grid,1,481,36337,-11.0,44,1,0.589,0.023661
DQN,deceptive_grid,1,482,36375,11.0,38,1,0.5886,0.023902
DQN,deceptive_grid,1,483,36459,-83.0,84,1,0.5877,0.022372
DQN,deceptive_grid,1,484,36486,14.0,27,1,0.5874,0.025045
DQN,deceptive_grid,1,485,36551,-46.0,65,1,0.5866,0.028805
DQN,deceptive_grid,1,486,36611,-23.0,60,1,0.5859,0.026467
DQN,deceptive_grid,1,487,36628,-8.0,17,1,0.5858,0.022563
DQN,deceptive_grid,1,488,36677,-34.0,49,1,0.5852,0.028715
DQN,deceptive_grid,1,489,36766,-80.0,89,1,0.5842,0.022285
DQN,deceptive_grid,1,490,36828,-35.0,62,1,0.5835,0.022845
DQN,deceptive_grid,1,491,36894,-81.0,66,1,0.5827,0.019108
DQN,deceptive_grid,1,492,36943,-38.0,49,1,0.5822,0.02178
DQN,deceptive_grid,1,493,36968,4.0,25,1,0.5819,0.018941
DQN,deceptive_grid,1,494,37013,-8.0,45,1,0.5814,0.026066
DQN,deceptive_grid,1,495,37027,17.0,14,1,0.5812,0.026972
DQN,deceptive_grid,1,496,37081,-27.0,54,1,0.5806,0.025245
DQN,deceptive_grid,1,497,37093,5.0,12,1,0.5805,0.021606
DQN,deceptive_grid,1,498,37107,7.0,14,1,0.5803,0.023735
DQN,deceptive_grid,1,499,37171,-41.0,64,1,0.5796,0.022782
DQN,deceptive_grid,1,500,37226,-38.0,55,1,0.579,0.017903
DQN,deceptive_grid,1,501,37287,-24.0,61,1,0.5783,0.018729
DQN,deceptive_grid,1,502,37363,-77.0,76,1,0.5774,0.020498
DQN,deceptive_grid,1,503,37387,5.0,24,1,0.5772,0.01699
DQN,deceptive_grid,1,504,37445,-37.0,58,1,0.5765,0.018117
DQN,deceptive_grid,1,505,37496,-26.0,51,1,0.5759,0.018747
DQN,deceptive_grid,1,506,37550,-25.0,54,1,0.5753,0.022209
DQN,deceptive_grid,1,507,37587,-14.0,37,1,0.5749,0.025237
DQN,deceptive_grid,1,508,37617,-13.0,30,1,0.5746,0.022563
DQN,deceptive_grid,1,509,37644,20.0,27,1,0.5743,0.017831
DQN,deceptive_grid,1,510,37698,-25.0,54,1,0.5737,0.021168
DQN,deceptive_grid,1,511,37725,-10.0,27,1,0.5733,0.024352
DQN,deceptive_grid,1,512,37802,-62.0,77,1,0.5725,0.022641
DQN,deceptive_grid,1,513,37847,-12.0,45,1,0.572,0.01948
DQN,deceptive_grid,1,514,37902,-18.0,55,1,0.5713,0.016256
DQN,deceptive_grid,1,515,37963,-36.0,61,1,0.5707,0.017108
DQN,deceptive_grid,1,516,38016,-14.0,53,1,0.5701,0.018342
DQN,deceptive_grid,1,517,38055,-10.0,39,1,0.5696,0.024362
DQN,deceptive_grid,1,518,38109,-31.0,54,1,0.569,0.017861
DQN,deceptive_grid,1,519,38150,-20.0,41,1,0.5685,0.019282
DQN,deceptive_grid,1,520,38191,-2.0,41,1,0.5681,0.018286
DQN,deceptive_grid,1,521,38247,-13.0,56,1,0.5674,0.019588
DQN,deceptive_grid,1,522,38270,14.0,23,1,0.5672,0.017494
DQN,deceptive_grid,1,523,38275,12.0,5,1,0.5671,0.017829
DQN,deceptive_grid,1,524,38306,-4.0,31,1,0.5668,0.017922
DQN,deceptive_grid,1,525,38359,-18.0,53,1,0.5662,0.017904
DQN,deceptive_grid,1,526,38390,0.0,31,1,0.5658,0.0167
DQN,deceptive_grid,1,527,38438,-45.0,48,1,0.5653,0.018813
DQN,deceptive_grid,1,528,38509,-42.0,71,1,0.5645,0.020436
DQN,deceptive_grid,1,529,38572,-34.0,63,1,0.5638,0.023262
DQN,deceptive_grid,1,530,38587,14.0,15,1,0.5636,0.017809
DQN,deceptive_grid,1,531,38592,12.0,5,1,0.5635,0.02046
DQN,deceptive_grid,1,532,38635,0.0,43,1,0.5631,0.020397
DQN,deceptive_grid,1,533,38695,-27.0,60,1,0.5624,0.021598
DQN,deceptive_grid,1,534,38747,-15.0,52,1,0.5618,0.01818
DQN,deceptive_grid,1,535,38791,-39.0,44,1,0.5613,0.019448
DQN,deceptive_grid,1,536,38803,11.0,12,1,0.5612,0.020472
DQN,deceptive_grid,1,537,38808,8.0,5,1,0.5611,0.016241
DQN,deceptive_grid,1,538,38854,-39.0,46,1,0.5606,0.017199
DQN,deceptive_grid,1,539,38880,-11.0,26,1,0.5603,0.01725
DQN,deceptive_grid,1,540,38906,7.0,26,1,0.56,0.015439
DQN,deceptive_grid,1,541,38913,14.0,7,1,0.5599,0.01476
DQN,deceptive_grid,1,542,38968,-16.0,55,1,0.5593,0.015043
DQN,deceptive_grid,1,543,39028,-31.0,60,1,0.5586,0.021661
DQN,deceptive_grid,1,544,39076,-23.0,48,1,0.5581,0.023032
DQN,deceptive_grid,1,545,39091,16.0,15,1,0.5579,0.018276
DQN,deceptive_grid,1,546,39122,-2.0,31,1,0.5575,0.017012
DQN,deceptive_grid,1,547,39203,-56.0,81,1,0.5566,0.019008
DQN,deceptive_grid,1,548,39214,14.0,11,1,0.5565,0.01739
DQN,deceptive_grid,1,549,39241,2.0,27,1,0.5562,0.017083
DQN,deceptive_grid,1,550,39295,-17.0,54,1,0.5556,0.016429
DQN,deceptive_grid,1,551,39319,3.0,24,1,0.5553,0.016913
DQN,deceptive_grid,1,552,39359,-5.0,40,1,0.5549,0.013809
DQN,deceptive_grid,1,553,39373,13.0,14,1,0.5547,0.01422
DQN,deceptive_grid,1,554,39379,17.0,6,1,0.5546,0.019816
DQN,deceptive_grid,1,555,39430,-6.0,51,1,0.5541,0.017088
DQN,deceptive_grid,1,556,39448,9.0,18,1,0.5539,0.017788
DQN,deceptive_grid,1,557,39481,-6.0,33,1,0.5535,0.018288
DQN,deceptive_grid,1,558,39546,-12.0,65,1,0.5528,0.020524
DQN,deceptive_grid,1,559,39616,-61.0,70,1,0.552,0.021811
DQN,deceptive_grid,1,560,39648,17.0,32,1,0.5516,0.021167
DQN,deceptive_grid,1,561,39655,8.0,7,1,0.5515,0.019476
DQN,deceptive_grid,1,562,39674,16.0,19,1,0.5513,0.01811
DQN,deceptive_grid,1,563,39687,12.0,13,1,0.5512,0.014676
DQN,deceptive_grid,1,564,39759,-57.0,72,1,0.5503,0.014884
DQN,deceptive_grid,1,565,39773,13.0,14,1,0.5502,0.014321
DQN,deceptive_grid,1,566,39794,6.0,21,1,0.5499,0.012747
DQN,deceptive_grid,1,567,39827,0.0,33,1,0.5496,0.016174
DQN,deceptive_grid,1,568,39869,-27.0,42,1,0.5491,0.014434
DQN,deceptive_grid,1,569,39928,-24.0,59,1,0.5484,0.014215
DQN,deceptive_grid,1,570,39978,-19.0,50,1,0.5479,0.012685
DQN,deceptive_grid,1,571,40002,5.0,24,1,0.5476,0.017504
DQN,deceptive_grid,1,572,40012,9.0,10,1,0.5475,0.023229
DQN,deceptive_grid,1,573,40029,2.0,17,1,0.5473,0.026385
DQN,deceptive_grid,1,574,40034,12.0,5,1,0.5472,0.024011
DQN,deceptive_grid,1,575,40074,-13.0,40,1,0.5468,0.020093
DQN,deceptive_grid,1,576,40079,12.0,5,1,0.5467,0.020473
DQN,deceptive_grid,1,577,40147,-39.0,68,1,0.546,0.019476
DQN,deceptive_grid,1,578,40171,-9.0,24,1,0.5457,0.016247
DQN,deceptive_grid,1,579,40204,-8.0,33,1,0.5453,0.02079
DQN,deceptive_grid,1,580,40228,-3.0,24,1,0.545,0.014147
DQN,deceptive_grid,1,581,40256,-5.0,28,1,0.5447,0.013451
DQN,deceptive_grid,1,582,40301,-8.0,45,1,0.5442,0.015209
DQN,deceptive_grid,1,583,40318,-4.0,17,1,0.544,0.014388
DQN,deceptive_grid,1,584,40357,-8.0,39,1,0.5436,0.017052
DQN,deceptive_grid,1,585,40383,9.0,26,1,0.5433,0.015634
DQN,deceptive_grid,1,586,40424,4.0,41,1,0.5428,0.01574
DQN,deceptive_grid,1,587,40484,-25.0,60,1,0.5421,0.013997
DQN,deceptive_grid,1,588,40494,-9.0,10,1,0.542,0.01063
DQN,deceptive_grid,1,589,40526,5.0,32,1,0.5417,0.020518
DQN,deceptive_grid,1,590,40562,-19.0,36,1,0.5413,0.018108
DQN,deceptive_grid,1,591,40598,-11.0,36,1,0.5409,0.014593
DQN,deceptive_grid,1,592,40629,-6.0,31,1,0.5405,0.015221
DQN,deceptive_grid,1,593,40669,-9.0,40,1,0.5401,0.016134
DQN,deceptive_grid,1,594,40693,19.0,24,1,0.5398,0.013418
DQN,deceptive_grid,1,595,40705,19.0,12,1,0.5396,0.017195
DQN,deceptive_grid,1,596,40729,-1.0,24,1,0.5394,0.011354
DQN,deceptive_grid,1,597,40753,15.0,24,1,0.5391,0.010262
DQN,deceptive_grid,1,598,40784,22.0,31,1,0.5388,0.015894
DQN,deceptive_grid,1,599,40812,-17.0,28,1,0.5384,0.020129
DQN,deceptive_grid,1,600,40849,6.0,37,1,0.538,0.016668
DQN,deceptive_grid,2,1,200,-260.0,200,0,0.9977,
DQN,deceptive_grid,2,2,400,-246.0,200,0,0.9955,
DQN,deceptive_grid,2,3,600,-264.0,200,0,0.9932,
DQN,deceptive_grid,2,4,800,-232.0,200,0,0.991,
DQN,deceptive_grid,2,5,1000,-232.0,200,0,0.9887,1.513055
DQN,deceptive_grid,2,6,1121,-198.0,121,1,0.9873,1.072027
DQN,deceptive_grid,2,7,1321,-274.0,200,0,0.9851,0.551925
DQN,deceptive_grid,2,8,1521,-232.0,200,0,0.9828,0.438253
DQN,deceptive_grid,2,9,1721,-270.0,200,0,0.9805,0.445083
DQN,deceptive_grid,2,10,1921,-346.0,200,0,0.9783,0.423399
DQN,deceptive_grid,2,11,1932,8.0,11,1,0.9781,0.417749
DQN,deceptive_grid,2,12,2132,-278.0,200,0,0.9759,0.448346
DQN,deceptive_grid,2,13,2159,-14.0,27,1,0.9756,0.427108
DQN,deceptive_grid,2,14,2359,-258.0,200,0,0.9733,0.386443
DQN,deceptive_grid,2,15,2559,-276.0,200,0,0.9711,0.398692
DQN,deceptive_grid,2,16,2759,-264.0,200,0,0.9688,0.36589
DQN,deceptive_grid,2,17,2959,-302.0,200,0,0.9665,0.356211
DQN,deceptive_grid,2,18,3159,-224.0,200,0,0.9643,0.339311
DQN,deceptive_grid,2,19,3359,-218.0,200,0,0.962,0.316145
DQN,deceptive_grid,2,20,3559,-342.0,200,0,0.9597,0.319795
DQN,deceptive_grid,2,21,3759,-268.0,200,0,0.9575,0.295587
DQN,deceptive_grid,2,22,3959,-218.0,200,0,0.9552,0.292215
DQN,deceptive_grid,2,23,4159,-320.0,200,0,0.953,0.304717
DQN,deceptive_grid,2,24,4359,-234.0,200,0,0.9507,0.284171
DQN,deceptive_grid,2,25,4475,-115.0,116,1,0.9494,0.265275
DQN,deceptive_grid,2,26,4675,-296.0,200,0,0.9471,0.300648
DQN,deceptive_grid,2,27,4810,-158.0,135,1,0.9456,0.275815
DQN,deceptive_grid,2,28,4915,-92.0,105,1,0.9444,0.275873
DQN,deceptive_grid,2,29,5115,-296.0,200,0,0.9422,0.291999
DQN,deceptive_grid,2,30,5315,-266.0,200,0,0.9399,0.286738
DQN,deceptive_grid,2,31,5515,-198.0,200,0,0.9376,0.272988
DQN,deceptive_grid,2,32,5706,-188.0,191,1,0.9355,0.265351
DQN,deceptive_grid,2,33,5737,-10.0,31,1,0.9351,0.257813
DQN,deceptive_grid,2,34,5937,-260.0,200,0,0.9329,0.250808
DQN,deceptive_grid,2,35,5969,-15.0,32,1,0.9325,0.265187
DQN,deceptive_grid,2,36,6003,-19.0,34,1,0.9321,0.27352
DQN,deceptive_grid,2,37,6203,-302.0,200,0,0.9298,0.269888
DQN,deceptive_grid,2,38,6403,-246.0,200,0,0.9276,0.248621
DQN,deceptive_grid,2,39,6603,-238.0,200,0,0.9253,0.238589
DQN,deceptive_grid,2,40,6803,-204.0,200,0,0.9231,0.2304
DQN,deceptive_grid,2,41,6979,-179.0,176,1,0.9211,0.215343
DQN,deceptive_grid,2,42,7179,-250.0,200,0,0.9188,0.223728
DQN,deceptive_grid,2,43,7379,-236.0,200,0,0.9165,0.207968
DQN,deceptive_grid,2,44,7412,-6.0,33,1,0.9162,0.213281
DQN,deceptive_grid,2,45,7584,-191.0,172,1,0.9142,0.220158
DQN,deceptive_grid,2,46,7784,-264.0,200,0,0.912,0.205295
DQN,deceptive_grid,2,47,7827,-36.0,43,1,0.9115,0.2089
DQN,deceptive_grid,2,48,8027,-260.0,200,0,0.9092,0.194548
DQN,deceptive_grid,2,49,8224,-254.0,197,1,0.907,0.19812
DQN,deceptive_grid,2,50,8424,-210.0,200,0,0.9047,0.187808
DQN,deceptive_grid,2,51,8624,-270.0,200,0,0.9025,0.190743
DQN,deceptive_grid,2,52,8692,-69.0,68,1,0.9017,0.203554
DQN,deceptive_grid,2,53,8892,-192.0,200,0,0.8994,0.181901
DQN,deceptive_grid,2,54,9055,-178.0,163,1,0.8976,0.183873
DQN,deceptive_grid,2,55,9139,-91.0,84,1,0.8966,0.188811
DQN,deceptive_grid,2,56,9287,-189.0,148,1,0.895,0.186434
DQN,deceptive_grid,2,57,9487,-274.0,200,0,0.8927,0.182878
DQN,deceptive_grid,2,58,9658,-170.0,171,1,0.8908,0.195912
DQN,deceptive_grid,2,59,9756,-107.0,98,1,0.8897,0.197097
DQN,deceptive_grid,2,60,9956,-260.0,200,0,0.8874,0.170056
DQN,deceptive_grid,2,61,9986,-17.0,30,1,0.8871,0.182528
DQN,deceptive_grid,2,62,10143,-150.0,157,1,0.8853,0.188937
DQN,deceptive_grid,2,63,10343,-218.0,200,0,0.883,0.18392
DQN,deceptive_grid,2,64,10419,-95.0,76,1,0.8822,0.183409
DQN,deceptive_grid,2,65,10619,-230.0,200,0,0.8799,0.185821
DQN,deceptive_grid,2,66,10723,-99.0,104,1,0.8787,0.19438
DQN,deceptive_grid,2,67,10923,-250.0,200,0,0.8765,0.182167
DQN,deceptive_grid,2,68,11059,-177.0,136,1,0.8749,0.181738
DQN,deceptive_grid,2,69,11221,-179.0,162,1,0.8731,0.183477
DQN,deceptive_grid,2,70,11421,-354.0,200,0,0.8708,0.174998
DQN,deceptive_grid,2,71,11621,-292.0,200,0,0.8686,0.184616
DQN,deceptive_grid,2,72,11783,-157.0,162,1,0.8667,0.182265
DQN,deceptive_grid,2,73,11983,-286.0,200,0,0.8645,0.16754
DQN,deceptive_grid,2,74,12159,-189.0,176,1,0.8625,0.198635
DQN,deceptive_grid,2,75,12175,3.0,16,1,0.8623,0.198689
DQN,deceptive_grid,2,76,12247,-73.0,72,1,0.8615,0.174067
DQN,deceptive_grid,2,77,12441,-205.0,194,1,0.8593,0.173381
DQN,deceptive_grid,2,78,12457,-5.0,16,1,0.8591,0.158717
DQN,deceptive_grid,2,79,12608,-154.0,151,1,0.8574,0.179156
DQN,deceptive_grid,2,80,12808,-262.0,200,0,0.8551,0.175599
DQN,deceptive_grid,2,81,12963,-122.0,155,1,0.8534,0.160364
DQN,deceptive_grid,2,82,12997,-15.0,34,1,0.853,0.145457
DQN,deceptive_grid,2,83,13095,-111.0,98,1,0.8519,0.191073
DQN,deceptive_grid,2,84,13143,-39.0,48,1,0.8514,0.185877
DQN,deceptive_grid,2,85,13330,-174.0,187,1,0.8492,0.168162
DQN,deceptive_grid,2,86,13441,-128.0,111,1,0.848,0.158652
DQN,deceptive_grid,2,87,13641,-272.0,200,0,0.8457,0.178631
DQN,deceptive_grid,2,88,13841,-214.0,200,0,0.8435,0.162728
DQN,deceptive_grid,2,89,14041,-264.0,200,0,0.8412,0.164834
DQN,deceptive_grid,2,90,14120,-70.0,79,1,0.8403,0.178347
DQN,deceptive_grid,2,91,14248,-121.0,128,1,0.8389,0.161224
DQN,deceptive_grid,2,92,14369,-100.0,121,1,0.8375,0.159585
DQN,deceptive_grid,2,93,14408,-16.0,39,1,0.8371,0.156885
DQN,deceptive_grid,2,94,14503,-68.0,95,1,0.836,0.155005
DQN,deceptive_grid,2,95,14575,-49.0,72,1,0.8352,0.187109
DQN,deceptive_grid,2,96,14712,-118.0,137,1,0.8336,0.167931
DQN,deceptive_grid,2,97,14859,-148.0,147,1,0.832,0.161179
DQN,deceptive_grid,2,98,15035,-159.0,176,1,0.83,0.160539
DQN,deceptive_grid,2,99,15235,-270.0,200,0,0.8277,0.175414
DQN,deceptive_grid,2,100,15350,-108.0,115,1,0.8264,0.154342
DQN,deceptive_grid,2,101,15396,-15.0,46,1,0.8259,0.143345
DQN,deceptive_grid,2,102,15596,-268.0,200,0,0.8236,0.17936
DQN,deceptive_grid,2,103,15693,-104.0,97,1,0.8225,0.181613
DQN,deceptive_grid,2,104,15893,-256.0,200,0,0.8203,0.169219
DQN,deceptive_grid,2,105,15978,-60.0,85,1,0.8193,0.163429
DQN,deceptive_grid,2,106,16147,-174.0,169,1,0.8174,0.189593
DQN,deceptive_grid,2,107,16347,-234.0,200,0,0.8151,0.168919
DQN,deceptive_grid,2,108,16379,-9.0,32,1,0.8148,0.174699
DQN,deceptive_grid,2,109,16503,-135.0,124,1,0.8134,0.166837
DQN,deceptive_grid,2,110,16703,-252.0,200,0,0.8111,0.193102
DQN,deceptive_grid,2,111,16731,-21.0,28,1,0.8108,0.170222
DQN,deceptive_grid,2,112,16754,-8.0,23,1,0.8105,0.18164
DQN,deceptive_grid,2,113,16759,12.0,5,1,0.8105,0.214061
DQN,deceptive_grid,2,114,16941,-215.0,182,1,0.8084,0.184021
DQN,deceptive_grid,2,115,17089,-127.0,148,1,0.8067,0.193405
DQN,deceptive_grid,2,116,17153,-39.0,64,1,0.806,0.198592
DQN,deceptive_grid,2,117,17175,-9.0,22,1,0.8058,0.184672
DQN,deceptive_grid,2,118,17249,-53.0,74,1,0.8049,0.16829
DQN,deceptive_grid,2,119,17316,-34.0,67,1,0.8042,0.173069
DQN,deceptive_grid,2,120,17516,-226.0,200,0,0.8019,0.169971
DQN,deceptive_grid,2,121,17535,0.0,19,1,0.8017,0.188751
DQN,deceptive_grid,2,122,17605,-43.0,70,1,0.8009,0.180829
DQN,deceptive_grid,2,123,17706,-110.0,101,1,0.7998,0.174945
DQN,deceptive_grid,2,124,17906,-192.0,200,0,0.7975,0.166256
DQN,deceptive_grid,2,125,17914,5.0,8,1,0.7974,0.188294
DQN,deceptive_grid,2,126,18114,-250.0,200,0,0.7951,0.171338
DQN,deceptive_grid,2,127,18220,-77.0,106,1,0.7939,0.170616
DQN,deceptive_grid,2,128,18337,-112.0,117,1,0.7926,0.165399
DQN,deceptive_grid,2,129,18409,-51.0,72,1,0.7918,0.161266
DQN,deceptive_grid,2,130,18568,-130.0,159,1,0.79,0.170805
DQN,deceptive_grid,2,131,18578,5.0,10,1,0.7899,0.178781
DQN,deceptive_grid,2,132,18676,-85.0,98,1,0.7888,0.165084
DQN,deceptive_grid,2,133,18862,-179.0,186,1,0.7867,0.165955
DQN,deceptive_grid,2,134,18984,-105.0,122,1,0.7853,0.154105
DQN,deceptive_grid,2,135,19152,-145.0,168,1,0.7834,0.184622
DQN,deceptive_grid,2,136,19323,-166.0,171,1,0.7815,0.171645
DQN,deceptive_grid,2,137,19440,-106.0,117,1,0.7801,0.160936
DQN,deceptive_grid,2,138,19459,8.0,19,1,0.7799,0.178919
DQN,deceptive_grid,2,139,19480,12.0,21,1,0.7797,0.171535
DQN,deceptive_grid,2,140,19661,-196.0,181,1,0.7776,0.178238
DQN,deceptive_grid,2,141,19713,-25.0,52,1,0.7771,0.173183
DQN,deceptive_grid,2,142,19752,-30.0,39,1,0.7766,0.17074
DQN,deceptive_grid,2,143,19870,-115.0,118,1,0.7753,0.169039
DQN,deceptive_grid,2,144,19967,-86.0,97,1,0.7742,0.156541
DQN,deceptive_grid,2,145,20064,-98.0,97,1,0.7731,0.17943
DQN,deceptive_grid,2,146,20076,5.0,12,1,0.773,0.194732
DQN,deceptive_grid,2,147,20221,-124.0,145,1,0.7713,0.177812
DQN,deceptive_grid,2,148,20259,-19.0,38,1,0.7709,0.160477
DQN,deceptive_grid,2,149,20288,4.0,29,1,0.7706,0.163522
DQN,deceptive_grid,2,150,20322,-5.0,34,1,0.7702,0.164067
DQN,deceptive_grid,2,151,20361,-6.0,39,1,0.7697,0.163071
DQN,deceptive_grid,2,152,20457,-109.0,96,1,0.7686,0.157673
DQN,deceptive_grid,2,153,20599,-173.0,142,1,0.767,0.171072
DQN,deceptive_grid,2,154,20611,5.0,12,1,0.7669,0.152667
DQN,deceptive_grid,2,155,20665,-45.0,54,1,0.7663,0.15453
DQN,deceptive_grid,2,156,20852,-214.0,187,1,0.7642,0.149276
DQN,deceptive_grid,2,157,21033,-190.0,181,1,0.7621,0.156904
DQN,deceptive_grid,2,158,21069,-17.0,36,1,0.7617,0.148507
DQN,deceptive_grid,2,159,21078,8.0,9,1,0.7616,0.156349
DQN,deceptive_grid,2,160,21116,-21.0,38,1,0.7612,0.15992
DQN,deceptive_grid,2,161,21240,-129.0,124,1,0.7598,0.155893
DQN,deceptive_grid,2,162,21306,-25.0,66,1,0.759,0.145715
DQN,deceptive_grid,2,163,21380,-57.0,74,1,0.7582,0.144023
DQN,deceptive_grid,2,164,21453,-46.0,73,1,0.7574,0.145163
DQN,deceptive_grid,2,165,21476,8.0,23,1,0.7571,0.139115
DQN,deceptive_grid,2,166,21529,-42.0,53,1,0.7565,0.165163
DQN,deceptive_grid,2,167,21635,-91.0,106,1,0.7553,0.151492
DQN,deceptive_grid,2,168,21675,-29.0,40,1,0.7549,0.143441
DQN,deceptive_grid,2,169,21756,-48.0,81,1,0.754,0.143157
DQN,deceptive_grid,2,170,21817,-30.0,61,1,0.7533,0.145764
DQN,deceptive_grid,2,171,21993,-147.0,176,1,0.7513,0.129289
DQN,deceptive_grid,2,172,22099,-67.0,106,1,0.7501,0.147798
DQN,deceptive_grid,2,173,22197,-89.0,98,1,0.749,0.134257
DQN,deceptive_grid,2,174,22311,-105.0,114,1,0.7477,0.131192
DQN,deceptive_grid,2,175,22346,-14.0,35,1,0.7473,0.136565
DQN,deceptive_grid,2,176,22386,-23.0,40,1,0.7468,0.130664
DQN,deceptive_grid,2,177,22423,-22.0,37,1,0.7464,0.128236
DQN,deceptive_grid,2,178,22483,-25.0,60,1,0.7457,0.121703
DQN,deceptive_grid,2,179,22551,-77.0,68,1,0.745,0.153016
DQN,deceptive_grid,2,180,22669,-95.0,118,1,0.7436,0.12571
DQN,deceptive_grid,2,181,22759,-91.0,90,1,0.7426,0.118216
DQN,deceptive_grid,2,182,22793,-27.0,34,1,0.7422,0.098689
DQN,deceptive_grid,2,183,22852,-34.0,59,1,0.7416,0.117444
DQN,deceptive_grid,2,184,22946,-107.0,94,1,0.7405,0.11244
DQN,deceptive_grid,2,185,23023,-50.0,77,1,0.7396,0.125416
DQN,deceptive_grid,2,186,23088,-72.0,65,1,0.7389,0.124208
DQN,deceptive_grid,2,187,23169,-46.0,81,1,0.738,0.114449
DQN,deceptive_grid,2,188,23265,-75.0,96,1,0.7369,0.111216
DQN,deceptive_grid,2,189,23314,-50.0,49,1,0.7363,0.105331
DQN,deceptive_grid,2,190,23386,-49.0,72,1,0.7355,0.115719
DQN,deceptive_grid,2,191,23412,3.0,26,1,0.7352,0.107258
DQN,deceptive_grid,2,192,23482,-47.0,70,1,0.7344,0.099415
DQN,deceptive_grid,2,193,23496,-3.0,14,1,0.7343,0.102931
DQN,deceptive_grid,2,194,23516,11.0,20,1,0.734,0.152035
DQN,deceptive_grid,2,195,23553,-14.0,37,1,0.7336,0.119156
DQN,deceptive_grid,2,196,23656,-66.0,103,1,0.7325,0.106568
DQN,deceptive_grid,2,197,23701,-34.0,45,1,0.732,0.094271
DQN,deceptive_grid,2,198,23788,-64.0,87,1,0.731,0.095144
DQN,deceptive_grid,2,199,23811,-4.0,23,1,0.7307,0.096583
DQN,deceptive_grid,2,200,23867,-29.0,56,1,0.7301,0.093725
DQN,deceptive_grid,2,201,23922,-34.0,55,1,0.7295,0.096128
DQN,deceptive_grid,2,202,24003,-58.0,81,1,0.7285,0.089685
DQN,deceptive_grid,2,203,24116,-106.0,113,1,0.7273,0.103397
DQN,deceptive_grid,2,204,24190,-31.0,74,1,0.7264,0.090186
DQN,deceptive_grid,2,205,24240,-47.0,50,1,0.7259,0.089277
DQN,deceptive_grid,2,206,24295,-42.0,55,1,0.7252,0.082495
DQN,deceptive_grid,2,207,24358,-20.0,63,1,0.7245,0.081325
DQN,deceptive_grid,2,208,24401,-20.0,43,1,0.724,0.083966
DQN,deceptive_grid,2,209,24501,-87.0,100,1,0.7229,0.072841
DQN,deceptive_grid,2,210,24504,14.0,3,1,0.7229,0.152727
DQN,deceptive_grid,2,211,24532,3.0,28,1,0.7226,0.102126
DQN,deceptive_grid,2,212,24561,-10.0,29,1,0.7222,0.093087
DQN,deceptive_grid,2,213,24677,-91.0,116,1,0.7209,0.081457
DQN,deceptive_grid,2,214,24732,-20.0,55,1,0.7203,0.094614
DQN,deceptive_grid,2,215,24748,7.0,16,1,0.7201,0.087603
DQN,deceptive_grid,2,216,24899,-136.0,151,1,0.7184,0.07519
DQN,deceptive_grid,2,217,24934,-36.0,35,1,0.718,0.084586
DQN,deceptive_grid,2,218,24950,13.0,16,1,0.7178,0.06982
DQN,deceptive_grid,2,219,24973,-4.0,23,1,0.7176,0.074475
DQN,deceptive_grid,2,220,25015,-15.0,42,1,0.7171,0.086131
DQN,deceptive_grid,2,221,25039,3.0,24,1,0.7168,0.086741
DQN,deceptive_grid,2,222,25187,-147.0,148,1,0.7151,0.075524
DQN,deceptive_grid,2,223,25196,12.0,9,1,0.715,0.068496
DQN,deceptive_grid,2,224,25254,-11.0,58,1,0.7144,0.072684
DQN,deceptive_grid,2,225,25322,-45.0,68,1,0.7136,0.068239
DQN,deceptive_grid,2,226,25361,-14.0,39,1,0.7132,0.065408
DQN,deceptive_grid,2,227,25394,14.0,33,1,0.7128,0.063554
DQN,deceptive_grid,2,228,25421,2.0,27,1,0.7125,0.055746
DQN,deceptive_grid,2,229,25435,9.0,14,1,0.7123,0.064959
DQN,deceptive_grid,2,230,25455,-3.0,20,1,0.7121,0.057692
DQN,deceptive_grid,2,231,25470,4.0,15,1,0.7119,0.062329
DQN,deceptive_grid,2,232,25477,6.0,7,1,0.7119,0.051508
DQN,deceptive_grid,2,233,25515,-3.0,38,1,0.7114,0.076404
DQN,deceptive_grid,2,234,25540,-20.0,25,1,0.7112,0.067106
DQN,deceptive_grid,2,235,25683,-126.0,143,1,0.7095,0.06847
DQN,deceptive_grid,2,236,25778,-64.0,95,1,0.7085,0.058535
DQN,deceptive_grid,2,237,25814,-9.0,36,1,0.7081,0.0599
DQN,deceptive_grid,2,238,25842,-17.0,28,1,0.7077,0.055501
DQN,deceptive_grid,2,239,25868,-25.0,26,1,0.7074,0.053888
DQN,deceptive_grid,2,240,25886,5.0,18,1,0.7072,0.0545
DQN,deceptive_grid,2,241,25908,-9.0,22,1,0.707,0.056049
DQN,deceptive_grid,2,242,26014,-75.0,106,1,0.7058,0.055825
DQN,deceptive_grid,2,243,26112,-77.0,98,1,0.7047,0.061972
DQN,deceptive_grid,2,244,26193,-44.0,81,1,0.7038,0.057467
DQN,deceptive_grid,2,245,26265,-35.0,72,1,0.703,0.056757
DQN,deceptive_grid,2,246,26308,-20.0,43,1,0.7025,0.04996
DQN,deceptive_grid,2,247,26431,-110.0,123,1,0.7011,0.044755
DQN,deceptive_grid,2,248,26529,-95.0,98,1,0.7,0.051893
DQN,deceptive_grid,2,249,26557,-15.0,28,1,0.6997,0.065209
DQN,deceptive_grid,2,250,26590,-18.0,33,1,0.6993,0.051795
DQN,deceptive_grid,2,251,26655,-60.0,65,1,0.6985,0.053477
DQN,deceptive_grid,2,252,26660,12.0,5,1,0.6985,0.046206
DQN,deceptive_grid,2,253,26698,-23.0,38,1,0.6981,0.051456
DQN,deceptive_grid,2,254,26735,-18.0,37,1,0.6976,0.049084
DQN,deceptive_grid,2,255,26760,-6.0,25,1,0.6974,0.051493
DQN,deceptive_grid,2,256,26817,-46.0,57,1,0.6967,0.055892
DQN,deceptive_grid,2,257,26882,-70.0,65,1,0.696,0.044563
DQN,deceptive_grid,2,258,26889,-2.0,7,1,0.6959,0.055996
DQN,deceptive_grid,2,259,26956,-50.0,67,1,0.6951,0.047257
DQN,deceptive_grid,2,260,26988,5.0,32,1,0.6948,0.046165
DQN,deceptive_grid,2,261,27055,-68.0,67,1,0.694,0.065705
DQN,deceptive_grid,2,262,27072,-2.0,17,1,0.6938,0.062422
DQN,deceptive_grid,2,263,27175,-76.0,103,1,0.6927,0.055006
DQN,deceptive_grid,2,264,27252,-58.0,77,1,0.6918,0.055574
DQN,deceptive_grid,2,265,27340,-41.0,88,1,0.6908,0.046233
DQN,deceptive_grid,2,266,27354,-3.0,14,1,0.6906,0.044921
DQN,deceptive_grid,2,267,27410,-39.0,56,1,0.69,0.046803
DQN,deceptive_grid,2,268,27484,-35.0,74,1,0.6892,0.048589
DQN,deceptive_grid,2,269,27532,-33.0,48,1,0.6886,0.061081
DQN,deceptive_grid,2,270,27580,-27.0,48,1,0.6881,0.057125
DQN,deceptive_grid,2,271,27624,-19.0,44,1,0.6876,0.050237
DQN,deceptive_grid,2,272,27713,-94.0,89,1,0.6866,0.051209
DQN,deceptive_grid,2,273,27785,-39.0,72,1,0.6858,0.047445
DQN,deceptive_grid,2,274,27857,-57.0,72,1,0.685,0.045561
DQN,deceptive_grid,2,275,27891,-7.0,34,1,0.6846,0.050811
DQN,deceptive_grid,2,276,27953,-25.0,62,1,0.6839,0.049615
DQN,deceptive_grid,2,277,28009,-31.0,56,1,0.6832,0.050059
DQN,deceptive_grid,2,278,28124,-134.0,115,1,0.6819,0.053383
DQN,deceptive_grid,2,279,28176,-45.0,52,1,0.6813,0.045123
DQN,deceptive_grid,2,280,28258,-49.0,82,1,0.6804,0.047325
DQN,deceptive_grid,2,281,28292,-11.0,34,1,0.68,0.048013
DQN,deceptive_grid,2,282,28346,-7.0,54,1,0.6794,0.0472
DQN,deceptive_grid,2,283,28376,-13.0,30,1,0.6791,0.053777
DQN,deceptive_grid,2,284,28440,-11.0,64,1,0.6784,0.046286
DQN,deceptive_grid,2,285,28508,-35.0,68,1,0.6776,0.050336
DQN,deceptive_grid,2,286,28522,5.0,14,1,0.6774,0.06372
DQN,deceptive_grid,2,287,28552,1.0,30,1,0.6771,0.056608
DQN,deceptive_grid,2,288,28580,-5.0,28,1,0.6768,0.052825
DQN,deceptive_grid,2,289,28629,-14.0,49,1,0.6762,0.049554
DQN,deceptive_grid,2,290,28703,-45.0,74,1,0.6754,0.045462
DQN,deceptive_grid,2,291,28762,-26.0,59,1,0.6747,0.043097
DQN,deceptive_grid,2,292,28849,-56.0,87,1,0.6737,0.043982
DQN,deceptive_grid,2,293,28920,-48.0,71,1,0.6729,0.046269
DQN,deceptive_grid,2,294,28966,-23.0,46,1,0.6724,0.044608
DQN,deceptive_grid,2,295,29004,-15.0,38,1,0.672,0.045266
DQN,deceptive_grid,2,296,29040,-15.0,36,1,0.6716,0.048032
DQN,deceptive_grid,2,297,29124,-79.0,84,1,0.6706,0.047853
DQN,deceptive_grid,2,298,29248,-83.0,124,1,0.6692,0.046377
DQN,deceptive_grid,2,299,29289,-20.0,41,1,0.6688,0.040668
DQN,deceptive_grid,2,300,29305,3.0,16,1,0.6686,0.039387
DQN,deceptive_grid,2,301,29369,-45.0,64,1,0.6679,0.045557
DQN,deceptive_grid,2,302,29398,-4.0,29,1,0.6675,0.047476
DQN,deceptive_grid,2,303,29429,-2.0,31,1,0.6672,0.044534
DQN,deceptive_grid,2,304,29525,-69.0,96,1,0.6661,0.049017
DQN,deceptive_grid,2,305,29575,-45.0,50,1,0.6655,0.059363
DQN,deceptive_grid,2,306,29583,13.0,8,1,0.6654,0.054996
DQN,deceptive_grid,2,307,29674,-124.0,91,1,0.6644,0.045951
DQN,deceptive_grid,2,308,29730,-19.0,56,1,0.6638,0.045816
DQN,deceptive_grid,2,309,29829,-78.0,99,1,0.6626,0.043833
DQN,deceptive_grid,2,310,29884,-56.0,55,1,0.662,0.043517
DQN,deceptive_grid,2,311,29916,-9.0,32,1,0.6617,0.043074
DQN,deceptive_grid,2,312,29980,-33.0,64,1,0.6609,0.041276
DQN,deceptive_grid,2,313,29996,11.0,16,1,0.6608,0.041549
DQN,deceptive_grid,2,314,30025,12.0,29,1,0.6604,0.050095
DQN,deceptive_grid,2,315,30028,14.0,3,1,0.6604,0.03813
DQN,deceptive_grid,2,316,30060,-13.0,32,1,0.66,0.044036
DQN,deceptive_grid,2,317,30144,-65.0,84,1,0.6591,0.042854
DQN,deceptive_grid,2,318,30212,-49.0,68,1,0.6583,0.039605
DQN,deceptive_grid,2,319,30287,-60.0,75,1,0.6575,0.043003
DQN,deceptive_grid,2,320,30299,9.0,12,1,0.6573,0.034682
DQN,deceptive_grid,2,321,30415,-105.0,116,1,0.656,0.04163
DQN,deceptive_grid,2,322,30450,-20.0,35,1,0.6556,0.038961
DQN,deceptive_grid,2,323,30487,-34.0,37,1,0.6552,0.043526
DQN,deceptive_grid,2,324,30551,-23.0,64,1,0.6545,0.047625
DQN,deceptive_grid,2,325,30579,-11.0,28,1,0.6542,0.038036
DQN,deceptive_grid,2,326,30656,-42.0,77,1,0.6533,0.039951
DQN,deceptive_grid,2,327,30664,11.0,8,1,0.6532,0.045762
DQN,deceptive_grid,2,328,30711,-20.0,47,1,0.6527,0.043632
DQN,deceptive_grid,2,329,30742,-2.0,31,1,0.6523,0.038498
DQN,deceptive_grid,2,330,30791,-20.0,49,1,0.6518,0.04258
DQN,deceptive_grid,2,331,30840,-4.0,49,1,0.6512,0.041944
DQN,deceptive_grid,2,332,30856,7.0,16,1,0.651,0.045118
DQN,deceptive_grid,2,333,30859,14.0,3,1,0.651,0.045557
DQN,deceptive_grid,2,334,30921,-59.0,62,1,0.6503,0.041889
DQN,deceptive_grid,2,335,30979,-17.0,58,1,0.6496,0.041887
DQN,deceptive_grid,2,336,31025,-19.0,46,1,0.6491,0.041104
DQN,deceptive_grid,2,337,31056,-20.0,31,1,0.6488,0.044418
DQN,deceptive_grid,2,338,31061,12.0,5,1,0.6487,0.029337
DQN,deceptive_grid,2,339,31077,7.0,16,1,0.6485,0.034485
DQN,deceptive_grid,2,340,31115,-17.0,38,1,0.6481,0.04131
DQN,deceptive_grid,2,341,31191,-59.0,76,1,0.6472,0.036257
DQN,deceptive_grid,2,342,31243,-17.0,52,1,0.6467,0.043154
DQN,deceptive_grid,2,343,31264,6.0,21,1,0.6464,0.039749
DQN,deceptive_grid,2,344,31376,-87.0,112,1,0.6452,0.039681
DQN,deceptive_grid,2,345,31473,-84.0,97,1,0.6441,0.040832
DQN,deceptive_grid,2,346,31519,1.0,46,1,0.6435,0.045739
DQN,deceptive_grid,2,347,31569,-35.0,50,1,0.643,0.047491
DQN,deceptive_grid,2,348,31633,-59.0,64,1,0.6422,0.038967
DQN,deceptive_grid,2,349,31688,-8.0,55,1,0.6416,0.041633
DQN,deceptive_grid,2,350,31749,-40.0,61,1,0.6409,0.046415
DQN,deceptive_grid,2,351,31821,-19.0,72,1,0.6401,0.036591
DQN,deceptive_grid,2,352,31897,-69.0,76,1,0.6393,0.037768
DQN,deceptive_grid,2,353,31941,7.0,44,1,0.6388,0.038234
DQN,deceptive_grid,2,354,31971,-11.0,30,1,0.6384,0.037677
DQN,deceptive_grid,2,355,32010,-12.0,39,1,0.638,0.038069
DQN,deceptive_grid,2,356,32060,-21.0,50,1,0.6374,0.039131
DQN,deceptive_grid,2,357,32113,-36.0,53,1,0.6368,0.041528
DQN,deceptive_grid,2,358,32188,-76.0,75,1,0.636,0.035606
DQN,deceptive_grid,2,359,32220,-3.0,32,1,0.6356,0.03698
DQN,deceptive_grid,2,360,32224,11.0,4,1,0.6356,0.026565
DQN,deceptive_grid,2,361,32289,-74.0,65,1,0.6348,0.029698
DQN,deceptive_grid,2,362,32350,-46.0,61,1,0.6341,0.031259
DQN,deceptive_grid,2,363,32398,-23.0,48,1,0.6336,0.033649
DQN,deceptive_grid,2,364,32431,-8.0,33,1,0.6332,0.035019
DQN,deceptive_grid,2,365,32439,9.0,8,1,0.6331,0.023581
DQN,deceptive_grid,2,366,32533,-75.0,94,1,0.6321,0.032256
DQN,deceptive_grid,2,367,32594,-44.0,61,1,0.6314,0.031488
DQN,deceptive_grid,2,368,32665,-52.0,71,1,0.6306,0.029088
DQN,deceptive_grid,2,369,32701,15.0,36,1,0.6302,0.032688
DQN,deceptive_grid,2,370,32759,-17.0,58,1,0.6295,0.026102
DQN,deceptive_grid,2,371,32768,12.0,9,1,0.6294,0.033141
DQN,deceptive_grid,2,372,32796,-17.0,28,1,0.6291,0.02825
DQN,deceptive_grid,2,373,32835,-12.0,39,1,0.6287,0.033974
DQN,deceptive_grid,2,374,32843,15.0,8,1,0.6286,0.033097
DQN,deceptive_grid,2,375,32874,-20.0,31,1,0.6282,0.023606
DQN,deceptive_grid,2,376,32922,-11.0,48,1,0.6277,0.026051
DQN,deceptive_grid,2,377,32950,-7.0,28,1,0.6274,0.025196
DQN,deceptive_grid,2,378,32959,2.0,9,1,0.6272,0.029661
DQN,deceptive_grid,2,379,32985,-1.0,26,1,0.627,0.024954
DQN,deceptive_grid,2,380,33023,-15.0,38,1,0.6265,0.029319
DQN,deceptive_grid,2,381,33062,-18.0,39,1,0.6261,0.035493
DQN,deceptive_grid,2,382,33071,8.0,9,1,0.626,0.045149
DQN,deceptive_grid,2,383,33084,6.0,13,1,0.6258,0.039422
DQN,deceptive_grid,2,384,33127,-18.0,43,1,0.6253,0.038406
DQN,deceptive_grid,2,385,33177,-15.0,50,1,0.6248,0.032779
DQN,deceptive_grid,2,386,33204,-16.0,27,1,0.6245,0.028512
DQN,deceptive_grid,2,387,33258,-17.0,54,1,0.6239,0.028949
DQN,deceptive_grid,2,388,33312,-17.0,54,1,0.6233,0.025804
DQN,deceptive_grid,2,389,33367,-50.0,55,1,0.6226,0.029844
DQN,deceptive_grid,2,390,33425,-25.0,58,1,0.622,0.026349
DQN,deceptive_grid,2,391,33501,-55.0,76,1,0.6211,0.028286
DQN,deceptive_grid,2,392,33531,-15.0,30,1,0.6208,0.028157
DQN,deceptive_grid,2,393,33564,-8.0,33,1,0.6204,0.028009
DQN,deceptive_grid,2,394,33622,-25.0,58,1,0.6198,0.025137
DQN,deceptive_grid,2,395,33653,-10.0,31,1,0.6194,0.025877
DQN,deceptive_grid,2,396,33702,-34.0,49,1,0.6188,0.029431
DQN,deceptive_grid,2,397,33723,6.0,21,1,0.6186,0.030477
DQN,deceptive_grid,2,398,33781,-21.0,58,1,0.618,0.028677
DQN,deceptive_grid,2,399,33828,-14.0,47,1,0.6174,0.025048
DQN,deceptive_grid,2,400,33872,-15.0,44,1,0.6169,0.026396
DQN,deceptive_grid,2,401,33924,-9.0,52,1,0.6163,0.02545
DQN,deceptive_grid,2,402,33935,12.0,11,1,0.6162,0.024634
DQN,deceptive_grid,2,403,33943,13.0,8,1,0.6161,0.02345
DQN,deceptive_grid,2,404,33971,-3.0,28,1,0.6158,0.025867
DQN,deceptive_grid,2,405,34022,-40.0,51,1,0.6152,0.029242
DQN,deceptive_grid,2,406,34056,5.0,34,1,0.6148,0.034544
DQN,deceptive_grid,2,407,34132,-53.0,76,1,0.614,0.031255
DQN,deceptive_grid,2,408,34205,-44.0,73,1,0.6132,0.02364
DQN,deceptive_grid,2,409,34211,13.0,6,1,0.6131,0.02722
DQN,deceptive_grid,2,410,34277,-31.0,66,1,0.6123,0.025927
DQN,deceptive_grid,2,411,34330,-12.0,53,1,0.6117,0.027509
DQN,deceptive_grid,2,412,34367,4.0,37,1,0.6113,0.024323
DQN,deceptive_grid,2,413,34413,-15.0,46,1,0.6108,0.025174
DQN,deceptive_grid,2,414,34454,2.0,41,1,0.6103,0.024351
DQN,deceptive_grid,2,415,34467,10.0,13,1,0.6102,0.027913
DQN,deceptive_grid,2,416,34472,6.0,5,1,0.6101,0.01736
DQN,deceptive_grid,2,417,34498,1.0,26,1,0.6098,0.021301
DQN,deceptive_grid,2,418,34535,-18.0,37,1,0.6094,0.028157
DQN,deceptive_grid,2,419,34553,-1.0,18,1,0.6092,0.024977
DQN,deceptive_grid,2,420,34607,-17.0,54,1,0.6086,0.032048
DQN,deceptive_grid,2,421,34634,14.0,27,1,0.6083,0.026478
DQN,deceptive_grid,2,422,34649,-6.0,15,1,0.6081,0.024629
DQN,deceptive_grid,2,423,34705,-25.0,56,1,0.6075,0.025749
DQN,deceptive_grid,2,424,34747,-5.0,42,1,0.607,0.021749
DQN,deceptive_grid,2,425,34802,-14.0,55,1,0.6064,0.021764
DQN,deceptive_grid,2,426,34828,5.0,26,1,0.6061,0.022379
DQN,deceptive_grid,2,427,34833,16.0,5,1,0.6061,0.024025
DQN,deceptive_grid,2,428,34860,2.0,27,1,0.6058,0.022447
DQN,deceptive_grid,2,429,34874,5.0,14,1,0.6056,0.022769
DQN,deceptive_grid,2,430,34906,-9.0,32,1,0.6052,0.026121
DQN,deceptive_grid,2,431,35029,-92.0,123,1,0.6038,0.024691
DQN,deceptive_grid,2,432,35115,-51.0,86,1,0.6029,0.031097
DQN,deceptive_grid,2,433,35165,-13.0,50,1,0.6023,0.027481
DQN,deceptive_grid,2,434,35181,3.0,16,1,0.6021,0.026785
DQN,deceptive_grid,2,435,35236,-28.0,55,1,0.6015,0.026435
DQN,deceptive_grid,2,436,35266,-3.0,30,1,0.6012,0.026054
DQN,deceptive_grid,2,437,35349,-64.0,83,1,0.6002,0.027668
DQN,deceptive_grid,2,438,35396,-6.0,47,1,0.5997,0.026129
DQN,deceptive_grid,2,439,35423,-4.0,27,1,0.5994,0.023876
DQN,deceptive_grid,2,440,35488,-38.0,65,1,0.5986,0.020944
DQN,deceptive_grid,2,441,35553,-46.0,65,1,0.5979,0.032532
DQN,deceptive_grid,2,442,35596,-16.0,43,1,0.5974,0.027911
DQN,deceptive_grid,2,443,35659,-34.0,63,1,0.5967,0.032361
DQN,deceptive_grid,2,444,35695,-33.0,36,1,0.5963,0.026621
DQN,deceptive_grid,2,445,35722,-8.0,27,1,0.596,0.027568
DQN,deceptive_grid,2,446,35732,17.0,10,1,0.5959,0.024892
DQN,deceptive_grid,2,447,35741,12.0,9,1,0.5958,0.021
DQN,deceptive_grid,2,448,35790,-38.0,49,1,0.5952,0.021908
DQN,deceptive_grid,2,449,35804,5.0,14,1,0.5951,0.023126
DQN,deceptive_grid,2,450,35830,-7.0,26,1,0.5948,0.024015
DQN,deceptive_grid,2,451,35866,-13.0,36,1,0.5944,0.021911
DQN,deceptive_grid,2,452,35890,19.0,24,1,0.5941,0.022989
DQN,deceptive_grid,2,453,35903,10.0,13,1,0.594,0.018409
DQN,deceptive_grid,2,454,35962,-52.0,59,1,0.5933,0.023442
DQN,deceptive_grid,2,455,35981,10.0,19,1,0.5931,0.021957
DQN,deceptive_grid,2,456,36020,-26.0,39,1,0.5926,0.029257
DQN,deceptive_grid,2,457,36070,-7.0,50,1,0.5921,0.032751
DQN,deceptive_grid,2,458,36115,4.0,45,1,0.5916,0.030983
DQN,deceptive_grid,2,459,36163,-1.0,48,1,0.591,0.026921
DQN,deceptive_grid,2,460,36199,5.0,36,1,0.5906,0.027123
DQN,deceptive_grid,2,461,36257,-23.0,58,1,0.59,0.029417
DQN,deceptive_grid,2,462,36307,-5.0,50,1,0.5894,0.024274
DQN,deceptive_grid,2,463,36373,-37.0,66,1,0.5886,0.028504
DQN,deceptive_grid,2,464,36421,-13.0,48,1,0.5881,0.025751
DQN,deceptive_grid,2,465,36437,7.0,16,1,0.5879,0.02956
DQN,deceptive_grid,2,466,36500,-28.0,63,1,0.5872,0.021178
DQN,deceptive_grid,2,467,36535,8.0,35,1,0.5868,0.029885
DQN,deceptive_grid,2,468,36581,-21.0,46,1,0.5863,0.025884
DQN,deceptive_grid,2,469,36648,-40.0,67,1,0.5855,0.030803
DQN,deceptive_grid,2,470,36720,-41.0,72,1,0.5847,0.025462
DQN,deceptive_grid,2,471,36733,6.0,13,1,0.5846,0.025131
DQN,deceptive_grid,2,472,36763,-3.0,30,1,0.5842,0.030964
DQN,deceptive_grid,2,473,36824,-24.0,61,1,0.5835,0.023513
DQN,deceptive_grid,2,474,36860,-25.0,36,1,0.5831,0.023021
DQN,deceptive_grid,2,475,36900,-3.0,40,1,0.5827,0.022554
DQN,deceptive_grid,2,476,36980,-47.0,80,1,0.5818,0.021769
DQN,deceptive_grid,2,477,37044,-33.0,64,1,0.5811,0.023449
DQN,deceptive_grid,2,478,37074,1.0,30,1,0.5807,0.025666
DQN,deceptive_grid,2,479,37098,-1.0,24,1,0.5804,0.025035
DQN,deceptive_grid,2,480,37119,8.0,21,1,0.5802,0.021556
DQN,deceptive_grid,2,481,37133,3.0,14,1,0.58,0.024801
DQN,deceptive_grid,2,482,37197,-71.0,64,1,0.5793,0.01898
DQN,deceptive_grid,2,483,37211,9.0,14,1,0.5792,0.01875
DQN,deceptive_grid,2,484,37231,-1.0,20,1,0.5789,0.018126
DQN,deceptive_grid,2,485,37260,14.0,29,1,0.5786,0.018798
DQN,deceptive_grid,2,486,37341,-44.0,81,1,0.5777,0.018186
DQN,deceptive_grid,2,487,37344,14.0,3,1,0.5777,0.027479
DQN,deceptive_grid,2,488,37396,-35.0,52,1,0.5771,0.02208
DQN,deceptive_grid,2,489,37445,-34.0,49,1,0.5765,0.023264
DQN,deceptive_grid,2,490,37494,-8.0,49,1,0.576,0.023892
DQN,deceptive_grid,2,491,37527,0.0,33,1,0.5756,0.023969
DQN,deceptive_grid,2,492,37559,-1.0,32,1,0.5752,0.031446
DQN,deceptive_grid,2,493,37610,-44.0,51,1,0.5746,0.023885
DQN,deceptive_grid,2,494,37638,-7.0,28,1,0.5743,0.029908
DQN,deceptive_grid,2,495,37675,-20.0,37,1,0.5739,0.021381
DQN,deceptive_grid,2,496,37725,-7.0,50,1,0.5733,0.018219
DQN,deceptive_grid,2,497,37742,-8.0,17,1,0.5732,0.02311
DQN,deceptive_grid,2,498,37769,2.0,27,1,0.5729,0.023625
DQN,deceptive_grid,2,499,37785,7.0,16,1,0.5727,0.019217
DQN,deceptive_grid,2,500,37819,-7.0,34,1,0.5723,0.018627
DQN,deceptive_grid,2,501,37860,-42.0,41,1,0.5718,0.017149
DQN,deceptive_grid,2,502,37917,-24.0,57,1,0.5712,0.019121
DQN,deceptive_grid,2,503,37932,-2.0,15,1,0.571,0.019519
DQN,deceptive_grid,2,504,37971,2.0,39,1,0.5706,0.019715
DQN,deceptive_grid,2,505,37995,3.0,24,1,0.5703,0.016873
DQN,deceptive_grid,2,506,38022,-8.0,27,1,0.57,0.023433
DQN,deceptive_grid,2,507,38061,-2.0,39,1,0.5695,0.02709
DQN,deceptive_grid,2,508,38084,2.0,23,1,0.5693,0.024411
DQN,deceptive_grid,2,509,38105,8.0,21,1,0.5691,0.021635
DQN,deceptive_grid,2,510,38157,-27.0,52,1,0.5685,0.018734
DQN,deceptive_grid,2,511,38175,5.0,18,1,0.5683,0.020054
DQN,deceptive_grid,2,512,38197,15.0,22,1,0.568,0.017728
DQN,deceptive_grid,2,513,38262,-46.0,65,1,0.5673,0.019515
DQN,deceptive_grid,2,514,38332,-41.0,70,1,0.5665,0.019883
DQN,deceptive_grid,2,515,38371,-10.0,39,1,0.566,0.019428
DQN,deceptive_grid,2,516,38402,-18.0,31,1,0.5657,0.021214
DQN,deceptive_grid,2,517,38422,19.0,20,1,0.5655,0.01906
DQN,deceptive_grid,2,518,38466,11.0,44,1,0.565,0.020511
DQN,deceptive_grid,2,519,38477,10.0,11,1,0.5648,0.021894
DQN,deceptive_grid,2,520,38518,-12.0,41,1,0.5644,0.019616
DQN,deceptive_grid,2,521,38586,-27.0,68,1,0.5636,0.025648
DQN,deceptive_grid,2,522,38642,-41.0,56,1,0.563,0.023876
DQN,deceptive_grid,2,523,38673,0.0,31,1,0.5626,0.021084
DQN,deceptive_grid,2,524,38720,-4.0,47,1,0.5621,0.017976
DQN,deceptive_grid,2,525,38728,9.0,8,1,0.562,0.022906
DQN,deceptive_grid,2,526,38738,17.0,10,1,0.5619,0.024391
DQN,deceptive_grid,2,527,38787,-44.0,49,1,0.5613,0.018992
DQN,deceptive_grid,2,528,38832,-12.0,45,1,0.5608,0.017218
DQN,deceptive_grid,2,529,38860,-1.0,28,1,0.5605,0.014591
DQN,deceptive_grid,2,530,38882,21.0,22,1,0.5603,0.014524
DQN,deceptive_grid,2,531,38914,-1.0,32,1,0.5599,0.018451
DQN,deceptive_grid,2,532,38990,-37.0,76,1,0.559,0.021698
DQN,deceptive_grid,2,533,39005,4.0,15,1,0.5589,0.027767
DQN,deceptive_grid,2,534,39019,9.0,14,1,0.5587,0.026589
DQN,deceptive_grid,2,535,39036,16.0,17,1,0.5585,0.026707
DQN,deceptive_grid,2,536,39081,-10.0,45,1,0.558,0.025307
DQN,deceptive_grid,2,537,39143,-43.0,62,1,0.5573,0.03657
DQN,deceptive_grid,2,538,39193,-39.0,50,1,0.5567,0.022319
DQN,deceptive_grid,2,539,39222,-14.0,29,1,0.5564,0.022093
DQN,deceptive_grid,2,540,39256,-3.0,34,1,0.556,0.021411
DQN,deceptive_grid,2,541,39291,0.0,35,1,0.5556,0.022418
DQN,deceptive_grid,2,542,39360,-32.0,69,1,0.5549,0.019638
DQN,deceptive_grid,2,543,39401,-12.0,41,1,0.5544,0.017587
DQN,deceptive_grid,2,544,39435,-11.0,34,1,0.554,0.018019
DQN,deceptive_grid,2,545,39464,-14.0,29,1,0.5537,0.016768
DQN,deceptive_grid,2,546,39473,12.0,9,1,0.5536,0.016877
DQN,deceptive_grid,2,547,39542,-36.0,69,1,0.5528,0.02106
DQN,deceptive_grid,2,548,39552,13.0,10,1,0.5527,0.030756
DQN,deceptive_grid,2,549,39586,1.0,34,1,0.5523,0.021941
DQN,deceptive_grid,2,550,39624,5.0,38,1,0.5519,0.023745
DQN,deceptive_grid,2,551,39650,1.0,26,1,0.5516,0.019615
DQN,deceptive_grid,2,552,39659,8.0,9,1,0.5515,0.025221
DQN,deceptive_grid,2,553,39704,4.0,45,1,0.551,0.024241
DQN,deceptive_grid,2,554,39740,15.0,36,1,0.5506,0.022626
DQN,deceptive_grid,2,555,39796,-29.0,56,1,0.5499,0.018688
DQN,deceptive_grid,2,556,39857,-26.0,61,1,0.5492,0.016845
DQN,deceptive_grid,2,557,39918,-24.0,61,1,0.5485,0.021954
DQN,deceptive_grid,2,558,39968,-33.0,50,1,0.548,0.01972
DQN,deceptive_grid,2,559,40028,-25.0,60,1,0.5473,0.032865
DQN,deceptive_grid,2,560,40066,-27.0,38,1,0.5469,0.032115
DQN,deceptive_grid,2,561,40099,0.0,33,1,0.5465,0.027517
DQN,deceptive_grid,2,562,40135,-1.0,36,1,0.5461,0.02722
DQN,deceptive_grid,2,563,40165,-5.0,30,1,0.5458,0.028507
DQN,deceptive_grid,2,564,40191,1.0,26,1,0.5455,0.022243
DQN,deceptive_grid,2,565,40225,5.0,34,1,0.5451,0.02494
DQN,deceptive_grid,2,566,40247,13.0,22,1,0.5448,0.024421
DQN,deceptive_grid,2,567,40252,6.0,5,1,0.5448,0.019828
DQN,deceptive_grid,2,568,40274,7.0,22,1,0.5445,0.027852
DQN,deceptive_grid,2,569,40292,5.0,18,1,0.5443,0.025629
DQN,deceptive_grid,2,570,40350,-15.0,58,1,0.5437,0.025006
DQN,deceptive_grid,2,571,40382,-5.0,32,1,0.5433,0.02072
DQN,deceptive_grid,2,572,40436,-33.0,54,1,0.5427,0.019347
DQN,deceptive_grid,2,573,40477,-10.0,41,1,0.5422,0.022551
DQN,deceptive_grid,2,574,40523,-25.0,46,1,0.5417,0.026072
DQN,deceptive_grid,2,575,40541,11.0,18,1,0.5415,0.028704
DQN,deceptive_grid,2,576,40606,-56.0,65,1,0.5408,0.025007
DQN,deceptive_grid,2,577,40639,2.0,33,1,0.5404,0.017289
DQN,deceptive_grid,2,578,40664,8.0,25,1,0.5401,0.016588
DQN,deceptive_grid,2,579,40696,7.0,32,1,0.5397,0.017225
DQN,deceptive_grid,2,580,40735,-16.0,39,1,0.5393,0.017539
DQN,deceptive_grid,2,581,40765,9.0,30,1,0.539,0.020703
DQN,deceptive_grid,2,582,40816,-10.0,51,1,0.5384,0.018017
DQN,deceptive_grid,2,583,40846,-7.0,30,1,0.5381,0.020834
DQN,deceptive_grid,2,584,40881,-6.0,35,1,0.5377,0.018896
DQN,deceptive_grid,2,585,40907,11.0,26,1,0.5374,0.016111
DQN,deceptive_grid,2,586,40967,-43.0,60,1,0.5367,0.020332
DQN,deceptive_grid,2,587,40989,-3.0,22,1,0.5364,0.017231
DQN,deceptive_grid,2,588,41032,6.0,43,1,0.5359,0.02473
DQN,deceptive_grid,2,589,41069,-2.0,37,1,0.5355,0.020358
DQN,deceptive_grid,2,590,41118,-12.0,49,1,0.535,0.019991
DQN,deceptive_grid,2,591,41131,16.0,13,1,0.5348,0.026865
DQN,deceptive_grid,2,592,41165,11.0,34,1,0.5344,0.017877
DQN,deceptive_grid,2,593,41216,-28.0,51,1,0.5339,0.020081
DQN,deceptive_grid,2,594,41242,21.0,26,1,0.5336,0.018238
DQN,deceptive_grid,2,595,41293,-14.0,51,1,0.533,0.022097
DQN,deceptive_grid,2,596,41332,8.0,39,1,0.5326,0.020848
DQN,deceptive_grid,2,597,41359,-2.0,27,1,0.5322,0.016774
DQN,deceptive_grid,2,598,41377,5.0,18,1,0.532,0.014574
DQN,deceptive_grid,2,599,41421,-41.0,44,1,0.5315,0.017305
DQN,deceptive_grid,2,600,41435,13.0,14,1,0.5314,0.016354
