algo,grid,seed,episode,global_step,episode_return,episode_length,success,epsilon,mean_loss
DQN,deceptive_grid,0,1,200,-280.89,200,0,0.9977,
DQN,deceptive_grid,0,2,400,-227.12,200,0,0.9955,
DQN,deceptive_grid,0,3,600,-221.12,200,0,0.9932,
DQN,deceptive_grid,0,4,800,-197.29,200,0,0.991,
DQN,deceptive_grid,0,5,1000,-234.9,200,0,0.9887,0.682163
DQN,deceptive_grid,0,6,1200,-221.24,200,0,0.9864,0.379432
DQN,deceptive_grid,0,7,1400,-229.93,200,0,0.9842,0.231382
DQN,deceptive_grid,0,8,1600,-228.15,200,0,0.9819,0.213462
DQN,deceptive_grid,0,9,1800,-206.01,200,0,0.9796,0.194589
DQN,deceptive_grid,0,10,1875,-72.87,75,1,0.9788,0.20454
DQN,deceptive_grid,0,11,2075,-329.09,200,0,0.9765,0.237222
DQN,deceptive_grid,0,12,2077,11.01,2,1,0.9765,0.196002
DQN,deceptive_grid,0,13,2277,-247.0,200,0,0.9742,0.243308
DQN,deceptive_grid,0,14,2477,-267.71,200,0,0.972,0.226065
DQN,deceptive_grid,0,15,2491,-3.77,14,1,0.9718,0.312059
DQN,deceptive_grid,0,16,2691,-230.85,200,0,0.9696,0.226417
DQN,deceptive_grid,0,17,2891,-275.6,200,0,0.9673,0.20674
DQN,deceptive_grid,0,18,3091,-227.25,200,0,0.965,0.199015
DQN,deceptive_grid,0,19,3291,-237.7,200,0,0.9628,0.19395
DQN,deceptive_grid,0,20,3371,-113.59,80,1,0.9619,0.190759
DQN,deceptive_grid,0,21,3571,-200.31,200,0,0.9596,0.179769
DQN,deceptive_grid,0,22,3771,-274.48,200,0,0.9574,0.175717
DQN,deceptive_grid,0,23,3971,-234.55,200,0,0.9551,0.169876
DQN,deceptive_grid,0,24,4171,-241.32,200,0,0.9528,0.161751
DQN,deceptive_grid,0,25,4371,-320.66,200,0,0.9506,0.164589
DQN,deceptive_grid,0,26,4373,11.01,2,1,0.9505,0.13744
DQN,deceptive_grid,0,27,4573,-200.33,200,0,0.9483,0.159597
DQN,deceptive_grid,0,28,4773,-245.85,200,0,0.946,0.161438
DQN,deceptive_grid,0,29,4973,-296.63,200,0,0.9438,0.149666
DQN,deceptive_grid,0,30,5167,-219.24,194,1,0.9416,0.151636
DQN,deceptive_grid,0,31,5170,11.03,3,1,0.9415,0.135123
DQN,deceptive_grid,0,32,5370,-193.22,200,0,0.9393,0.147995
DQN,deceptive_grid,0,33,5570,-212.01,200,0,0.937,0.135068
DQN,deceptive_grid,0,34,5616,-29.31,46,1,0.9365,0.14158
DQN,deceptive_grid,0,35,5816,-247.75,200,0,0.9342,0.138635
DQN,deceptive_grid,0,36,6016,-228.62,200,0,0.932,0.129382
DQN,deceptive_grid,0,37,6216,-302.07,200,0,0.9297,0.13222
DQN,deceptive_grid,0,38,6416,-245.57,200,0,0.9274,0.129614
DQN,deceptive_grid,0,39,6600,-225.57,184,1,0.9254,0.120649
DQN,deceptive_grid,0,40,6800,-285.93,200,0,0.9231,0.117751
DQN,deceptive_grid,0,41,6904,-109.22,104,1,0.9219,0.102502
DQN,deceptive_grid,0,42,7104,-276.37,200,0,0.9197,0.126957
DQN,deceptive_grid,0,43,7304,-213.27,200,0,0.9174,0.119204
DQN,deceptive_grid,0,44,7504,-182.53,200,0,0.9151,0.103036
DQN,deceptive_grid,0,45,7704,-208.19,200,0,0.9129,0.107911
DQN,deceptive_grid,0,46,7805,-85.37,101,1,0.9117,0.117438
DQN,deceptive_grid,0,47,7999,-250.76,194,1,0.9095,0.107504
DQN,deceptive_grid,0,48,8199,-290.57,200,0,0.9073,0.106285
DQN,deceptive_grid,0,49,8399,-249.63,200,0,0.905,0.099628
DQN,deceptive_grid,0,50,8532,-180.11,133,1,0.9035,0.098633
DQN,deceptive_grid,0,51,8566,-24.62,34,1,0.9031,0.086802
DQN,deceptive_grid,0,52,8766,-221.47,200,0,0.9009,0.102626
DQN,deceptive_grid,0,53,8966,-284.66,200,0,0.8986,0.112158
DQN,deceptive_grid,0,54,9013,-46.71,47,1,0.8981,0.102557
DQN,deceptive_grid,0,55,9213,-260.64,200,0,0.8958,0.11196
DQN,deceptive_grid,0,56,9269,-76.78,56,1,0.8952,0.098801
DQN,deceptive_grid,0,57,9396,-99.09,127,1,0.8937,0.119259
DQN,deceptive_grid,0,58,9529,-116.5,133,1,0.8922,0.10378
DQN,deceptive_grid,0,59,9566,-17.54,37,1,0.8918,0.148697
DQN,deceptive_grid,0,60,9766,-237.37,200,0,0.8896,0.11067
DQN,deceptive_grid,0,61,9772,6.11,6,1,0.8895,0.065627
DQN,deceptive_grid,0,62,9950,-230.31,178,1,0.8875,0.125009
DQN,deceptive_grid,0,63,10150,-272.48,200,0,0.8852,0.108366
DQN,deceptive_grid,0,64,10298,-152.53,148,1,0.8835,0.111188
DQN,deceptive_grid,0,65,10317,-11.1,19,1,0.8833,0.099216
DQN,deceptive_grid,0,66,10517,-210.4,200,0,0.8811,0.114193
DQN,deceptive_grid,0,67,10717,-244.95,200,0,0.8788,0.121181
DQN,deceptive_grid,0,68,10778,-59.17,61,1,0.8781,0.126902
DQN,deceptive_grid,0,69,10783,9.08,5,1,0.878,0.201307
DQN,deceptive_grid,0,70,10983,-249.67,200,0,0.8758,0.106824
DQN,deceptive_grid,0,71,11183,-210.04,200,0,0.8735,0.132963
DQN,deceptive_grid,0,72,11254,-73.94,71,1,0.8727,0.099869
DQN,deceptive_grid,0,73,11454,-277.53,200,0,0.8705,0.113072
DQN,deceptive_grid,0,74,11654,-215.82,200,0,0.8682,0.130196
DQN,deceptive_grid,0,75,11854,-295.49,200,0,0.8659,0.134621
DQN,deceptive_grid,0,76,12054,-254.41,200,0,0.8637,0.123767
DQN,deceptive_grid,0,77,12254,-226.42,200,0,0.8614,0.123051
DQN,deceptive_grid,0,78,12296,-32.11,42,1,0.8609,0.132273
DQN,deceptive_grid,0,79,12393,-98.44,97,1,0.8598,0.144682
DQN,deceptive_grid,0,80,12512,-109.54,119,1,0.8585,0.129294
DQN,deceptive_grid,0,81,12569,-44.66,57,1,0.8579,0.174325
DQN,deceptive_grid,0,82,12738,-191.08,169,1,0.8559,0.137702
DQN,deceptive_grid,0,83,12864,-118.33,126,1,0.8545,0.126383
DQN,deceptive_grid,0,84,13064,-227.2,200,0,0.8523,0.150207
DQN,deceptive_grid,0,85,13165,-94.17,101,1,0.8511,0.1554
DQN,deceptive_grid,0,86,13365,-304.27,200,0,0.8488,0.150487
DQN,deceptive_grid,0,87,13523,-202.37,158,1,0.8471,0.148381
DQN,deceptive_grid,0,88,13723,-235.71,200,0,0.8448,0.169838
DQN,deceptive_grid,0,89,13739,-4.43,16,1,0.8446,0.150891
DQN,deceptive_grid,0,90,13906,-144.06,167,1,0.8427,0.17016
DQN,deceptive_grid,0,91,14106,-294.52,200,0,0.8405,0.166755
DQN,deceptive_grid,0,92,14131,-3.68,25,1,0.8402,0.145194
DQN,deceptive_grid,0,93,14331,-302.33,200,0,0.8379,0.170654
DQN,deceptive_grid,0,94,14469,-114.76,138,1,0.8364,0.162342
DQN,deceptive_grid,0,95,14484,-9.55,15,1,0.8362,0.150825
DQN,deceptive_grid,0,96,14613,-164.77,129,1,0.8347,0.168253
DQN,deceptive_grid,0,97,14734,-128.07,121,1,0.8334,0.167138
DQN,deceptive_grid,0,98,14934,-196.22,200,0,0.8311,0.150235
DQN,deceptive_grid,0,99,15134,-292.25,200,0,0.8288,0.178558
DQN,deceptive_grid,0,100,15166,-16.18,32,1,0.8285,0.176249
DQN,deceptive_grid,0,101,15341,-183.43,175,1,0.8265,0.167877
DQN,deceptive_grid,0,102,15403,-105.16,62,1,0.8258,0.152492
DQN,deceptive_grid,0,103,15527,-130.65,124,1,0.8244,0.164088
DQN,deceptive_grid,0,104,15648,-99.47,121,1,0.823,0.192668
DQN,deceptive_grid,0,105,15661,-3.68,13,1,0.8229,0.159409
DQN,deceptive_grid,0,106,15714,-42.42,53,1,0.8223,0.154813
DQN,deceptive_grid,0,107,15823,-101.82,109,1,0.821,0.167711
DQN,deceptive_grid,0,108,15903,-78.03,80,1,0.8201,0.185628
DQN,deceptive_grid,0,109,15968,-69.39,65,1,0.8194,0.159656
DQN,deceptive_grid,0,110,16159,-212.33,191,1,0.8172,0.19363
DQN,deceptive_grid,0,111,16190,-5.25,31,1,0.8169,0.198965
DQN,deceptive_grid,0,112,16390,-248.13,200,0,0.8146,0.18034
DQN,deceptive_grid,0,113,16403,-6.72,13,1,0.8145,0.178417
DQN,deceptive_grid,0,114,16603,-228.16,200,0,0.8122,0.186199
DQN,deceptive_grid,0,115,16649,-30.44,46,1,0.8117,0.20443
DQN,deceptive_grid,0,116,16652,1.02,3,1,0.8117,0.196652
DQN,deceptive_grid,0,117,16852,-269.19,200,0,0.8094,0.181735
DQN,deceptive_grid,0,118,16921,-44.87,69,1,0.8086,0.18255
DQN,deceptive_grid,0,119,17001,-97.5,80,1,0.8077,0.183598
DQN,deceptive_grid,0,120,17102,-79.57,101,1,0.8066,0.194808
DQN,deceptive_grid,0,121,17171,-97.18,69,1,0.8058,0.181719
DQN,deceptive_grid,0,122,17348,-175.98,177,1,0.8038,0.167122
DQN,deceptive_grid,0,123,17431,-85.84,83,1,0.8029,0.165578
DQN,deceptive_grid,0,124,17545,-113.48,114,1,0.8016,0.198679
DQN,deceptive_grid,0,125,17631,-79.76,86,1,0.8006,0.197049
DQN,deceptive_grid,0,126,17784,-169.91,153,1,0.7989,0.175522
DQN,deceptive_grid,0,127,17954,-194.19,170,1,0.7969,0.162011
DQN,deceptive_grid,0,128,18015,-33.98,61,1,0.7963,0.193963
DQN,deceptive_grid,0,129,18054,-32.51,39,1,0.7958,0.203979
DQN,deceptive_grid,0,130,18120,-44.12,66,1,0.7951,0.172864
DQN,deceptive_grid,0,131,18133,3.46,13,1,0.7949,0.171606
DQN,deceptive_grid,0,132,18180,-34.56,47,1,0.7944,0.158157
DQN,deceptive_grid,0,133,18263,-79.91,83,1,0.7935,0.153805
DQN,deceptive_grid,0,134,18463,-173.17,200,0,0.7912,0.137531
DQN,deceptive_grid,0,135,18502,-27.29,39,1,0.7908,0.157549
DQN,deceptive_grid,0,136,18538,-35.36,36,1,0.7903,0.210631
DQN,deceptive_grid,0,137,18616,-51.31,78,1,0.7895,0.17232
DQN,deceptive_grid,0,138,18816,-228.1,200,0,0.7872,0.148533
DQN,deceptive_grid,0,139,18856,-21.51,40,1,0.7867,0.14126
DQN,deceptive_grid,0,140,18973,-94.99,117,1,0.7854,0.131529
DQN,deceptive_grid,0,141,19117,-143.3,144,1,0.7838,0.171754
DQN,deceptive_grid,0,142,19149,-20.12,32,1,0.7834,0.158715
DQN,deceptive_grid,0,143,19196,-23.91,47,1,0.7829,0.141391
DQN,deceptive_grid,0,144,19211,-9.6,15,1,0.7827,0.156743
DQN,deceptive_grid,0,145,19272,-48.72,61,1,0.782,0.144529
DQN,deceptive_grid,0,146,19472,-270.54,200,0,0.7798,0.130964
DQN,deceptive_grid,0,147,19580,-102.08,108,1,0.7786,0.178249
DQN,deceptive_grid,0,148,19597,-1.27,17,1,0.7784,0.133007
DQN,deceptive_grid,0,149,19770,-141.52,173,1,0.7764,0.160297
DQN,deceptive_grid,0,150,19865,-99.4,95,1,0.7753,0.138067
DQN,deceptive_grid,0,151,19962,-58.4,97,1,0.7742,0.139713
DQN,deceptive_grid,0,152,20001,-20.69,39,1,0.7738,0.160354
DQN,deceptive_grid,0,153,20051,-45.34,50,1,0.7732,0.199231
DQN,deceptive_grid,0,154,20217,-168.1,166,1,0.7714,0.151812
DQN,deceptive_grid,0,155,20256,-20.66,39,1,0.7709,0.144601
DQN,deceptive_grid,0,156,20281,-7.01,25,1,0.7706,0.135071
DQN,deceptive_grid,0,157,20410,-118.02,129,1,0.7692,0.135762
DQN,deceptive_grid,0,158,20422,1.63,12,1,0.769,0.134892
DQN,deceptive_grid,0,159,20622,-195.77,200,0,0.7668,0.15636
DQN,deceptive_grid,0,160,20699,-62.73,77,1,0.7659,0.155061
DQN,deceptive_grid,0,161,20721,-7.26,22,1,0.7657,0.132155
DQN,deceptive_grid,0,162,20755,-26.05,34,1,0.7653,0.139391
DQN,deceptive_grid,0,163,20825,-49.49,70,1,0.7645,0.135457
DQN,deceptive_grid,0,164,20928,-84.97,103,1,0.7633,0.124061
DQN,deceptive_grid,0,165,21016,-56.88,88,1,0.7623,0.140553
DQN,deceptive_grid,0,166,21115,-83.73,99,1,0.7612,0.145881
DQN,deceptive_grid,0,167,21153,-21.93,38,1,0.7608,0.136236
DQN,deceptive_grid,0,168,21162,-2.83,9,1,0.7607,0.13948
DQN,deceptive_grid,0,169,21233,-37.75,71,1,0.7599,0.126903
DQN,deceptive_grid,0,170,21275,-11.19,42,1,0.7594,0.128355
DQN,deceptive_grid,0,171,21359,-62.83,84,1,0.7584,0.12018
DQN,deceptive_grid,0,172,21378,-6.06,19,1,0.7582,0.114112
DQN,deceptive_grid,0,173,21487,-102.94,109,1,0.757,0.1135
DQN,deceptive_grid,0,174,21626,-162.25,139,1,0.7554,0.134865
DQN,deceptive_grid,0,175,21707,-72.17,81,1,0.7545,0.122046
DQN,deceptive_grid,0,176,21777,-47.67,70,1,0.7537,0.102909
DQN,deceptive_grid,0,177,21850,-58.12,73,1,0.7529,0.104713
DQN,deceptive_grid,0,178,21965,-106.53,115,1,0.7516,0.107809
DQN,deceptive_grid,0,179,22051,-75.21,86,1,0.7506,0.125057
DQN,deceptive_grid,0,180,22097,-30.28,46,1,0.7501,0.126868
DQN,deceptive_grid,0,181,22105,-5.78,8,1,0.75,0.121543
DQN,deceptive_grid,0,182,22120,-4.33,15,1,0.7498,0.109559
DQN,deceptive_grid,0,183,22243,-134.73,123,1,0.7484,0.111966
DQN,deceptive_grid,0,184,22254,0.28,11,1,0.7483,0.094974
DQN,deceptive_grid,0,185,22373,-129.85,119,1,0.747,0.108087
DQN,deceptive_grid,0,186,22415,-20.12,42,1,0.7465,0.097452
DQN,deceptive_grid,0,187,22526,-74.01,111,1,0.7452,0.116696
DQN,deceptive_grid,0,188,22536,5.23,10,1,0.7451,0.132165
DQN,deceptive_grid,0,189,22609,-75.53,73,1,0.7443,0.122627
DQN,deceptive_grid,0,190,22644,-28.32,35,1,0.7439,0.11331
DQN,deceptive_grid,0,191,22752,-109.7,108,1,0.7427,0.105272
DQN,deceptive_grid,0,192,22808,-55.88,56,1,0.7421,0.101846
DQN,deceptive_grid,0,193,22846,-29.67,38,1,0.7416,0.10026
DQN,deceptive_grid,0,194,22999,-147.54,153,1,0.7399,0.099018
DQN,deceptive_grid,0,195,23075,-71.32,76,1,0.739,0.150233
DQN,deceptive_grid,0,196,23083,2.14,8,1,0.7389,0.111562
DQN,deceptive_grid,0,197,23160,-55.77,77,1,0.7381,0.106634
DQN,deceptive_grid,0,198,23182,-4.75,22,1,0.7378,0.097558
DQN,deceptive_grid,0,199,23313,-150.45,131,1,0.7363,0.093354
DQN,deceptive_grid,0,200,23347,-19.06,34,1,0.736,0.100685
DQN,deceptive_grid,0,201,23463,-115.62,116,1,0.7346,0.089447
DQN,deceptive_grid,0,202,23486,-5.88,23,1,0.7344,0.080185
DQN,deceptive_grid,0,203,23533,-33.83,47,1,0.7339,0.157682
DQN,deceptive_grid,0,204,23641,-102.1,108,1,0.7326,0.110794
DQN,deceptive_grid,0,205,23669,-23.96,28,1,0.7323,0.099988
DQN,deceptive_grid,0,206,23672,6.03,3,1,0.7323,0.099332
DQN,deceptive_grid,0,207,23738,-42.48,66,1,0.7315,0.093226
DQN,deceptive_grid,0,208,23747,7.28,9,1,0.7314,0.086281
DQN,deceptive_grid,0,209,23752,9.1,5,1,0.7314,0.070457
DQN,deceptive_grid,0,210,23836,-96.32,84,1,0.7304,0.086402
DQN,deceptive_grid,0,211,23882,-43.73,46,1,0.7299,0.093683
DQN,deceptive_grid,0,212,23906,-9.79,24,1,0.7296,0.085481
DQN,deceptive_grid,0,213,24048,-193.11,142,1,0.728,0.116673
DQN,deceptive_grid,0,214,24153,-96.08,105,1,0.7268,0.104795
DQN,deceptive_grid,0,215,24224,-58.24,71,1,0.726,0.089775
DQN,deceptive_grid,0,216,24249,-8.85,25,1,0.7258,0.086448
DQN,deceptive_grid,0,217,24316,-78.86,67,1,0.725,0.085698
DQN,deceptive_grid,0,218,24390,-57.95,74,1,0.7242,0.08345
DQN,deceptive_grid,0,219,24424,-39.69,34,1,0.7238,0.084435
DQN,deceptive_grid,0,220,24436,1.49,12,1,0.7236,0.079266
DQN,deceptive_grid,0,221,24530,-85.85,94,1,0.7226,0.107489
DQN,deceptive_grid,0,222,24606,-66.53,76,1,0.7217,0.100088
DQN,deceptive_grid,0,223,24661,-41.09,55,1,0.7211,0.102803
DQN,deceptive_grid,0,224,24718,-41.63,57,1,0.7205,0.09215
DQN,deceptive_grid,0,225,24734,-1.34,16,1,0.7203,0.091297
DQN,deceptive_grid,0,226,24769,-23.81,35,1,0.7199,0.093296
DQN,deceptive_grid,0,227,24815,-25.55,46,1,0.7194,0.080195
DQN,deceptive_grid,0,228,24913,-81.14,98,1,0.7182,0.083055
DQN,deceptive_grid,0,229,25008,-74.52,95,1,0.7172,0.09279
DQN,deceptive_grid,0,230,25040,-16.26,32,1,0.7168,0.163176
DQN,deceptive_grid,0,231,25166,-108.18,126,1,0.7154,0.10008
DQN,deceptive_grid,0,232,25226,-37.78,60,1,0.7147,0.094253
DQN,deceptive_grid,0,233,25264,-27.32,38,1,0.7143,0.094273
DQN,deceptive_grid,0,234,25293,-17.95,29,1,0.7139,0.082117
DQN,deceptive_grid,0,235,25415,-111.81,122,1,0.7126,0.084804
DQN,deceptive_grid,0,236,25462,-15.68,47,1,0.712,0.077107
DQN,deceptive_grid,0,237,25591,-128.62,129,1,0.7106,0.117712
DQN,deceptive_grid,0,238,25616,-7.76,25,1,0.7103,0.103554
DQN,deceptive_grid,0,239,25640,0.28,24,1,0.71,0.090287
DQN,deceptive_grid,0,240,25684,-17.04,44,1,0.7095,0.090503
DQN,deceptive_grid,0,241,25739,-44.34,55,1,0.7089,0.097736
DQN,deceptive_grid,0,242,25759,3.25,20,1,0.7087,0.088029
DQN,deceptive_grid,0,243,25886,-99.54,127,1,0.7072,0.088746
DQN,deceptive_grid,0,244,25972,-118.46,86,1,0.7063,0.083976
DQN,deceptive_grid,0,245,26010,-22.06,38,1,0.7058,0.11736
DQN,deceptive_grid,0,246,26055,-50.81,45,1,0.7053,0.116705
DQN,deceptive_grid,0,247,26137,-58.45,82,1,0.7044,0.094636
DQN,deceptive_grid,0,248,26287,-170.1,150,1,0.7027,0.085841
DQN,deceptive_grid,0,249,26295,11.28,8,1,0.7026,0.098641
DQN,deceptive_grid,0,250,26367,-41.94,72,1,0.7018,0.081547
DQN,deceptive_grid,0,251,26457,-77.15,90,1,0.7008,0.078895
DQN,deceptive_grid,0,252,26536,-76.95,79,1,0.6999,0.111516
DQN,deceptive_grid,0,253,26595,-34.04,59,1,0.6992,0.092861
DQN,deceptive_grid,0,254,26632,-39.72,37,1,0.6988,0.094083
DQN,deceptive_grid,0,255,26728,-62.2,96,1,0.6977,0.085521
DQN,deceptive_grid,0,256,26774,-16.73,46,1,0.6972,0.087557
DQN,deceptive_grid,0,257,26823,-19.37,49,1,0.6966,0.079027
DQN,deceptive_grid,0,258,26877,-23.4,54,1,0.696,0.080965
DQN,deceptive_grid,0,259,26926,-50.34,49,1,0.6955,0.081481
DQN,deceptive_grid,0,260,26967,-9.02,41,1,0.695,0.071596
DQN,deceptive_grid,0,261,26971,1.04,4,1,0.695,0.067739
DQN,deceptive_grid,0,262,27045,-69.94,74,1,0.6941,0.104272
DQN,deceptive_grid,0,263,27052,-0.92,7,1,0.6941,0.083184
DQN,deceptive_grid,0,264,27149,-100.37,97,1,0.693,0.083479
DQN,deceptive_grid,0,265,27180,-25.33,31,1,0.6926,0.071359
DQN,deceptive_grid,0,266,27201,-4.36,21,1,0.6924,0.07269
DQN,deceptive_grid,0,267,27261,-28.75,60,1,0.6917,0.072634
DQN,deceptive_grid,0,268,27313,-36.41,52,1,0.6911,0.07122
DQN,deceptive_grid,0,269,27355,-34.4,42,1,0.6906,0.07588
DQN,deceptive_grid,0,270,27392,-13.58,37,1,0.6902,0.0691
DQN,deceptive_grid,0,271,27435,-23.51,43,1,0.6897,0.065418
DQN,deceptive_grid,0,272,27493,-50.76,58,1,0.6891,0.061469
DQN,deceptive_grid,0,273,27532,-29.28,39,1,0.6886,0.11571
DQN,deceptive_grid,0,274,27586,-37.65,54,1,0.688,0.074449
DQN,deceptive_grid,0,275,27638,-41.27,52,1,0.6874,0.068653
DQN,deceptive_grid,0,276,27664,-1.65,26,1,0.6871,0.065847
DQN,deceptive_grid,0,277,27804,-127.88,140,1,0.6855,0.063494
DQN,deceptive_grid,0,278,27862,-48.28,58,1,0.6849,0.056827
DQN,deceptive_grid,0,279,27890,-18.36,28,1,0.6846,0.05512
DQN,deceptive_grid,0,280,27975,-62.2,85,1,0.6836,0.055839
DQN,deceptive_grid,0,281,28041,-48.79,66,1,0.6829,0.084384
DQN,deceptive_grid,0,282,28127,-79.61,86,1,0.6819,0.061627
DQN,deceptive_grid,0,283,28211,-76.33,84,1,0.6809,0.060748
DQN,deceptive_grid,0,284,28254,-50.98,43,1,0.6805,0.056922
DQN,deceptive_grid,0,285,28336,-55.95,82,1,0.6795,0.053158
DQN,deceptive_grid,0,286,28338,11.01,2,1,0.6795,0.041779
DQN,deceptive_grid,0,287,28368,-18.62,30,1,0.6792,0.053656
DQN,deceptive_grid,0,288,28446,-56.53,78,1,0.6783,0.054169
DQN,deceptive_grid,0,289,28485,-22.04,39,1,0.6778,0.048536
DQN,deceptive_grid,0,290,28528,-21.47,43,1,0.6774,0.086799
DQN,deceptive_grid,0,291,28603,-49.0,75,1,0.6765,0.060062
DQN,deceptive_grid,0,292,28614,3.21,11,1,0.6764,0.061684
DQN,deceptive_grid,0,293,28673,-67.71,59,1,0.6757,0.054813
DQN,deceptive_grid,0,294,28736,-31.05,63,1,0.675,0.054935
DQN,deceptive_grid,0,295,28820,-85.48,84,1,0.6741,0.050776
DQN,deceptive_grid,0,296,28850,-7.49,30,1,0.6737,0.049221
DQN,deceptive_grid,0,297,28852,11.01,2,1,0.6737,0.049343
DQN,deceptive_grid,0,298,28927,-53.49,75,1,0.6728,0.045519
DQN,deceptive_grid,0,299,28930,11.03,3,1,0.6728,0.043264
DQN,deceptive_grid,0,300,28951,-5.11,21,1,0.6726,0.050991
DQN,deceptive_grid,0,301,29030,-64.48,79,1,0.6717,0.060361
DQN,deceptive_grid,0,302,29113,-47.75,83,1,0.6707,0.056503
DQN,deceptive_grid,0,303,29184,-36.11,71,1,0.6699,0.048868
DQN,deceptive_grid,0,304,29208,-5.57,24,1,0.6697,0.051312
DQN,deceptive_grid,0,305,29285,-58.77,77,1,0.6688,0.046118
DQN,deceptive_grid,0,306,29342,-37.98,57,1,0.6682,0.041901
DQN,deceptive_grid,0,307,29400,-39.22,58,1,0.6675,0.038402
DQN,deceptive_grid,0,308,29492,-107.08,92,1,0.6665,0.040255
DQN,deceptive_grid,0,309,29523,-15.88,31,1,0.6661,0.075406
DQN,deceptive_grid,0,310,29600,-50.94,77,1,0.6652,0.055572
DQN,deceptive_grid,0,311,29623,-4.54,23,1,0.665,0.050596
DQN,deceptive_grid,0,312,29692,-66.58,69,1,0.6642,0.048872
DQN,deceptive_grid,0,313,29736,-49.79,44,1,0.6637,0.04186
DQN,deceptive_grid,0,314,29790,-51.65,54,1,0.6631,0.039436
DQN,deceptive_grid,0,315,29795,9.06,5,1,0.663,0.046197
DQN,deceptive_grid,0,316,29845,-16.39,50,1,0.6625,0.039106
DQN,deceptive_grid,0,317,29918,-59.87,73,1,0.6616,0.038272
DQN,deceptive_grid,0,318,29950,-18.49,32,1,0.6613,0.045186
DQN,deceptive_grid,0,319,30002,-25.63,52,1,0.6607,0.039908
DQN,deceptive_grid,0,320,30069,-47.39,67,1,0.6599,0.059017
DQN,deceptive_grid,0,321,30133,-58.04,64,1,0.6592,0.044318
DQN,deceptive_grid,0,322,30212,-59.09,79,1,0.6583,0.043276
DQN,deceptive_grid,0,323,30278,-42.13,66,1,0.6576,0.038799
DQN,deceptive_grid,0,324,30329,-49.73,51,1,0.657,0.035826
DQN,deceptive_grid,0,325,30368,-25.14,39,1,0.6566,0.041766
DQN,deceptive_grid,0,326,30416,-40.19,48,1,0.656,0.0374
DQN,deceptive_grid,0,327,30476,-42.6,60,1,0.6553,0.034814
DQN,deceptive_grid,0,328,30488,3.3,12,1,0.6552,0.043703
DQN,deceptive_grid,0,329,30503,3.71,15,1,0.655,0.046881
DQN,deceptive_grid,0,330,30525,-3.99,22,1,0.6548,0.053921
DQN,deceptive_grid,0,331,30579,-28.71,54,1,0.6542,0.042349
DQN,deceptive_grid,0,332,30609,-1.83,30,1,0.6538,0.038402
DQN,deceptive_grid,0,333,30652,-46.83,43,1,0.6533,0.041837
DQN,deceptive_grid,0,334,30732,-54.64,80,1,0.6524,0.038633
DQN,deceptive_grid,0,335,30754,0.35,22,1,0.6522,0.036642
DQN,deceptive_grid,0,336,30760,9.15,6,1,0.6521,0.03561
DQN,deceptive_grid,0,337,30805,-44.01,45,1,0.6516,0.037416
DQN,deceptive_grid,0,338,30820,7.71,15,1,0.6514,0.03817
DQN,deceptive_grid,0,339,30877,-31.39,57,1,0.6508,0.035816
DQN,deceptive_grid,0,340,30912,-23.58,35,1,0.6504,0.038744
DQN,deceptive_grid,0,341,30961,-42.01,49,1,0.6498,0.032619
DQN,deceptive_grid,0,342,30997,-10.38,36,1,0.6494,0.034589
DQN,deceptive_grid,0,343,31023,-4.43,26,1,0.6491,0.050607
DQN,deceptive_grid,0,344,31059,-21.12,36,1,0.6487,0.041313
DQN,deceptive_grid,0,345,31090,-22.9,31,1,0.6484,0.041395
DQN,deceptive_grid,0,346,31169,-67.66,79,1,0.6475,0.038387
DQN,deceptive_grid,0,347,31237,-39.84,68,1,0.6467,0.036324
DQN,deceptive_grid,0,348,31324,-59.58,87,1,0.6457,0.036691
DQN,deceptive_grid,0,349,31381,-32.76,57,1,0.6451,0.030676
DQN,deceptive_grid,0,350,31400,-5.95,19,1,0.6449,0.028345
DQN,deceptive_grid,0,351,31476,-55.99,76,1,0.644,0.034404
DQN,deceptive_grid,0,352,31496,-2.16,20,1,0.6438,0.035898
DQN,deceptive_grid,0,353,31588,-94.28,92,1,0.6428,0.040729
DQN,deceptive_grid,0,354,31602,2.7,14,1,0.6426,0.039281
DQN,deceptive_grid,0,355,31638,-16.83,36,1,0.6422,0.03447
DQN,deceptive_grid,0,356,31728,-79.95,90,1,0.6412,0.031069
DQN,deceptive_grid,0,357,31781,-30.33,53,1,0.6406,0.034317
DQN,deceptive_grid,0,358,31797,1.32,16,1,0.6404,0.027569
DQN,deceptive_grid,0,359,31809,5.3,12,1,0.6403,0.031714
DQN,deceptive_grid,0,360,31832,-14.22,23,1,0.64,0.037932
DQN,deceptive_grid,0,361,31880,-41.65,48,1,0.6395,0.030495
DQN,deceptive_grid,0,362,31897,-2.64,17,1,0.6393,0.030431
DQN,deceptive_grid,0,363,31948,-39.09,51,1,0.6387,0.027326
DQN,deceptive_grid,0,364,31992,-20.95,44,1,0.6382,0.030234
DQN,deceptive_grid,0,365,32032,-35.71,40,1,0.6377,0.033157
DQN,deceptive_grid,0,366,32073,-32.02,41,1,0.6373,0.035852
DQN,deceptive_grid,0,367,32138,-75.85,65,1,0.6365,0.030764
DQN,deceptive_grid,0,368,32171,-14.06,33,1,0.6362,0.032175
DQN,deceptive_grid,0,369,32211,-18.6,40,1,0.6357,0.029793
DQN,deceptive_grid,0,370,32245,-23.48,34,1,0.6353,0.031316
DQN,deceptive_grid,0,371,32266,-13.03,21,1,0.6351,0.025433
DQN,deceptive_grid,0,372,32324,-39.55,58,1,0.6344,0.026248
DQN,deceptive_grid,0,373,32365,-21.21,41,1,0.634,0.02788
DQN,deceptive_grid,0,374,32391,-14.53,26,1,0.6337,0.027548
DQN,deceptive_grid,0,375,32403,-0.49,12,1,0.6335,0.027814
DQN,deceptive_grid,0,376,32409,4.07,6,1,0.6335,0.028076
DQN,deceptive_grid,0,377,32433,-7.69,24,1,0.6332,0.025702
DQN,deceptive_grid,0,378,32466,-8.92,33,1,0.6328,0.026741
DQN,deceptive_grid,0,379,32521,-55.37,55,1,0.6322,0.03009
DQN,deceptive_grid,0,380,32565,-22.61,44,1,0.6317,0.03789
DQN,deceptive_grid,0,381,32586,-15.38,21,1,0.6315,0.031355
DQN,deceptive_grid,0,382,32648,-34.55,62,1,0.6308,0.030078
DQN,deceptive_grid,0,383,32657,7.3,9,1,0.6307,0.032163
DQN,deceptive_grid,0,384,32692,-11.82,35,1,0.6303,0.030766
DQN,deceptive_grid,0,385,32727,-17.33,35,1,0.6299,0.027987
DQN,deceptive_grid,0,386,32749,4.53,22,1,0.6296,0.026076
DQN,deceptive_grid,0,387,32823,-77.95,74,1,0.6288,0.024091
DQN,deceptive_grid,0,388,32930,-94.17,107,1,0.6276,0.024494
DQN,deceptive_grid,0,389,32979,-39.44,49,1,0.627,0.022039
DQN,deceptive_grid,0,390,32998,-13.17,19,1,0.6268,0.027343
DQN,deceptive_grid,0,391,33088,-68.07,90,1,0.6258,0.031397
DQN,deceptive_grid,0,392,33128,-33.53,40,1,0.6253,0.027979
DQN,deceptive_grid,0,393,33196,-60.81,68,1,0.6246,0.024646
DQN,deceptive_grid,0,394,33258,-39.15,62,1,0.6239,0.025647
DQN,deceptive_grid,0,395,33276,-1.2,18,1,0.6237,0.03033
DQN,deceptive_grid,0,396,33308,-16.62,32,1,0.6233,0.026973
DQN,deceptive_grid,0,397,33323,3.65,15,1,0.6231,0.022341
DQN,deceptive_grid,0,398,33346,-14.09,23,1,0.6229,0.021757
DQN,deceptive_grid,0,399,33402,-41.08,56,1,0.6222,0.023784
DQN,deceptive_grid,0,400,33428,-13.57,26,1,0.6219,0.019229
DQN,deceptive_grid,0,401,33443,1.53,15,1,0.6218,0.020356
DQN,deceptive_grid,0,402,33492,-54.83,49,1,0.6212,0.0215
DQN,deceptive_grid,0,403,33513,-24.54,21,1,0.621,0.028267
DQN,deceptive_grid,0,404,33596,-46.63,83,1,0.62,0.030289
DQN,deceptive_grid,0,405,33657,-30.26,61,1,0.6194,0.027488
DQN,deceptive_grid,0,406,33714,-34.99,57,1,0.6187,0.026199
DQN,deceptive_grid,0,407,33750,-15.67,36,1,0.6183,0.025643
DQN,deceptive_grid,0,408,33796,-32.96,46,1,0.6178,0.021851
DQN,deceptive_grid,0,409,33843,-28.83,47,1,0.6173,0.022929
DQN,deceptive_grid,0,410,33866,-7.87,23,1,0.617,0.021283
DQN,deceptive_grid,0,411,33872,9.15,6,1,0.6169,0.01934
DQN,deceptive_grid,0,412,33898,-12.45,26,1,0.6166,0.020123
DQN,deceptive_grid,0,413,33921,0.07,23,1,0.6164,0.018296
DQN,deceptive_grid,0,414,33935,3.39,14,1,0.6162,0.024773
DQN,deceptive_grid,0,415,34003,-37.1,68,1,0.6154,0.020946
DQN,deceptive_grid,0,416,34096,-64.15,93,1,0.6144,0.024515
DQN,deceptive_grid,0,417,34127,-10.77,31,1,0.614,0.021695
DQN,deceptive_grid,0,418,34194,-56.47,67,1,0.6133,0.027073
DQN,deceptive_grid,0,419,34239,-62.27,45,1,0.6128,0.022314
DQN,deceptive_grid,0,420,34249,-0.72,10,1,0.6127,0.021203
DQN,deceptive_grid,0,421,34301,-41.04,52,1,0.6121,0.019759
DQN,deceptive_grid,0,422,34353,-22.44,52,1,0.6115,0.024816
DQN,deceptive_grid,0,423,34406,-32.37,53,1,0.6109,0.02125
DQN,deceptive_grid,0,424,34438,-13.51,32,1,0.6105,0.019195
DQN,deceptive_grid,0,425,34452,0.53,14,1,0.6104,0.0205
DQN,deceptive_grid,0,426,34495,-30.49,43,1,0.6099,0.019411
DQN,deceptive_grid,0,427,34545,-60.28,50,1,0.6093,0.031629
DQN,deceptive_grid,0,428,34560,-2.32,15,1,0.6091,0.032826
DQN,deceptive_grid,0,429,34588,-10.73,28,1,0.6088,0.029679
DQN,deceptive_grid,0,430,34664,-51.47,76,1,0.608,0.025892
DQN,deceptive_grid,0,431,34748,-76.94,84,1,0.607,0.022823
DQN,deceptive_grid,0,432,34795,-37.41,47,1,0.6065,0.020655
DQN,deceptive_grid,0,433,34802,9.15,7,1,0.6064,0.019862
DQN,deceptive_grid,0,434,34809,11.21,7,1,0.6063,0.020017
DQN,deceptive_grid,0,435,34885,-43.72,76,1,0.6055,0.021486
DQN,deceptive_grid,0,436,34916,-10.26,31,1,0.6051,0.022236
DQN,deceptive_grid,0,437,34969,-54.52,53,1,0.6045,0.022047
DQN,deceptive_grid,0,438,34971,11.01,2,1,0.6045,0.012975
DQN,deceptive_grid,0,439,35033,-46.24,62,1,0.6038,0.02617
DQN,deceptive_grid,0,440,35060,-21.71,27,1,0.6035,0.027147
DQN,deceptive_grid,0,441,35068,1.18,8,1,0.6034,0.026247
DQN,deceptive_grid,0,442,35082,-3.69,14,1,0.6032,0.02581
DQN,deceptive_grid,0,443,35134,-35.59,52,1,0.6027,0.023261
DQN,deceptive_grid,0,444,35186,-27.27,52,1,0.6021,0.023813
DQN,deceptive_grid,0,445,35247,-51.73,61,1,0.6014,0.021984
DQN,deceptive_grid,0,446,35298,-29.79,51,1,0.6008,0.025128
DQN,deceptive_grid,0,447,35379,-52.55,81,1,0.5999,0.020971
DQN,deceptive_grid,0,448,35455,-56.93,76,1,0.599,0.0192
DQN,deceptive_grid,0,449,35528,-55.21,73,1,0.5982,0.023536
DQN,deceptive_grid,0,450,35541,0.51,13,1,0.598,0.023597
DQN,deceptive_grid,0,451,35571,-15.01,30,1,0.5977,0.025135
DQN,deceptive_grid,0,452,35594,-1.87,23,1,0.5974,0.022607
DQN,deceptive_grid,0,453,35603,1.29,9,1,0.5973,0.022774
DQN,deceptive_grid,0,454,35630,-14.89,27,1,0.597,0.023499
DQN,deceptive_grid,0,455,35685,-30.43,55,1,0.5964,0.019749
DQN,deceptive_grid,0,456,35724,-16.5,39,1,0.596,0.02007
DQN,deceptive_grid,0,457,35799,-49.72,75,1,0.5951,0.018364
DQN,deceptive_grid,0,458,35816,-2.21,17,1,0.5949,0.018433
DQN,deceptive_grid,0,459,35881,-44.43,65,1,0.5942,0.018565
DQN,deceptive_grid,0,460,35934,-34.41,53,1,0.5936,0.017248
DQN,deceptive_grid,0,461,36003,-43.27,69,1,0.5928,0.018838
DQN,deceptive_grid,0,462,36078,-74.23,75,1,0.592,0.025597
DQN,deceptive_grid,0,463,36132,-29.92,54,1,0.5914,0.025401
DQN,deceptive_grid,0,464,36181,-25.73,49,1,0.5908,0.02086
DQN,deceptive_grid,0,465,36219,-19.49,38,1,0.5904,0.021987
DQN,deceptive_grid,0,466,36271,-38.34,52,1,0.5898,0.018407
DQN,deceptive_grid,0,467,36299,-8.22,28,1,0.5895,0.017723
DQN,deceptive_grid,0,468,36301,11.01,2,1,0.5895,0.016155
DQN,deceptive_grid,0,469,36346,-29.66,45,1,0.5889,0.018475
DQN,deceptive_grid,0,470,36376,-13.64,30,1,0.5886,0.016284
DQN,deceptive_grid,0,471,36430,-38.97,54,1,0.588,0.018706
DQN,deceptive_grid,0,472,36486,-50.13,56,1,0.5874,0.017964
DQN,deceptive_grid,0,473,36568,-60.31,82,1,0.5864,0.025625
DQN,deceptive_grid,0,474,36639,-59.97,71,1,0.5856,0.020487
DQN,deceptive_grid,0,475,36650,9.55,11,1,0.5855,0.019159
DQN,deceptive_grid,0,476,36656,9.15,6,1,0.5854,0.022202
DQN,deceptive_grid,0,477,36668,-0.49,12,1,0.5853,0.021694
DQN,deceptive_grid,0,478,36696,-5.46,28,1,0.585,0.021489
DQN,deceptive_grid,0,479,36725,-6.3,29,1,0.5847,0.017035
DQN,deceptive_grid,0,480,36735,9.35,10,1,0.5845,0.018476
DQN,deceptive_grid,0,481,36817,-77.41,82,1,0.5836,0.017456
DQN,deceptive_grid,0,482,36845,3.64,28,1,0.5833,0.01668
DQN,deceptive_grid,0,483,36893,-23.93,48,1,0.5828,0.015509
DQN,deceptive_grid,0,484,36899,11.15,6,1,0.5827,0.016815
DQN,deceptive_grid,0,485,36984,-62.34,85,1,0.5817,0.016137
DQN,deceptive_grid,0,486,37019,-33.02,35,1,0.5813,0.022129
DQN,deceptive_grid,0,487,37052,-19.87,33,1,0.581,0.024887
DQN,deceptive_grid,0,488,37083,-12.86,31,1,0.5806,0.024207
DQN,deceptive_grid,0,489,37098,-4.2,15,1,0.5804,0.02136
DQN,deceptive_grid,0,490,37133,-20.47,35,1,0.58,0.019388
DQN,deceptive_grid,0,491,37155,-9.52,22,1,0.5798,0.018242
DQN,deceptive_grid,0,492,37211,-39.96,56,1,0.5792,0.015286
DQN,deceptive_grid,0,493,37234,-1.77,23,1,0.5789,0.01876
DQN,deceptive_grid,0,494,37294,-57.57,60,1,0.5782,0.015894
DQN,deceptive_grid,0,495,37311,5.8,17,1,0.578,0.018712
DQN,deceptive_grid,0,496,37336,-15.15,25,1,0.5777,0.016127
DQN,deceptive_grid,0,497,37373,-12.22,37,1,0.5773,0.017547
DQN,deceptive_grid,0,498,37425,-26.85,52,1,0.5767,0.014314
DQN,deceptive_grid,0,499,37488,-52.9,63,1,0.576,0.015364
DQN,deceptive_grid,0,500,37502,3.29,14,1,0.5759,0.01453
DQN,deceptive_grid,0,501,37569,-51.24,67,1,0.5751,0.020404
DQN,deceptive_grid,0,502,37615,-42.2,46,1,0.5746,0.018699
DQN,deceptive_grid,0,503,37655,-25.16,40,1,0.5741,0.017479
DQN,deceptive_grid,0,504,37708,-36.53,53,1,0.5735,0.019125
DQN,deceptive_grid,0,505,37716,9.28,8,1,0.5735,0.019079
DQN,deceptive_grid,0,506,37747,-20.62,31,1,0.5731,0.017127
DQN,deceptive_grid,0,507,37779,-5.32,32,1,0.5727,0.015689
DQN,deceptive_grid,0,508,37784,11.1,5,1,0.5727,0.009782
DQN,deceptive_grid,0,509,37818,-2.03,34,1,0.5723,0.015013
DQN,deceptive_grid,0,510,37836,0.87,18,1,0.5721,0.020999
DQN,deceptive_grid,0,511,37882,-32.09,46,1,0.5716,0.018846
DQN,deceptive_grid,0,512,37920,-23.54,38,1,0.5711,0.014725
DQN,deceptive_grid,0,513,37961,-14.88,41,1,0.5707,0.014045
DQN,deceptive_grid,0,514,37976,0.68,15,1,0.5705,0.014823
DQN,deceptive_grid,0,515,37983,4.17,7,1,0.5704,0.013269
DQN,deceptive_grid,0,516,38057,-41.73,74,1,0.5696,0.021794
DQN,deceptive_grid,0,517,38078,-2.18,21,1,0.5694,0.014881
DQN,deceptive_grid,0,518,38142,-56.99,64,1,0.5686,0.016089
DQN,deceptive_grid,0,519,38194,-28.96,52,1,0.568,0.013648
DQN,deceptive_grid,0,520,38198,9.06,4,1,0.568,0.014802
DQN,deceptive_grid,0,521,38228,-19.8,30,1,0.5677,0.014215
DQN,deceptive_grid,0,522,38233,4.09,5,1,0.5676,0.014075
DQN,deceptive_grid,0,523,38255,-7.33,22,1,0.5674,0.01309
DQN,deceptive_grid,0,524,38287,-8.56,32,1,0.567,0.012832
DQN,deceptive_grid,0,525,38351,-74.56,64,1,0.5663,0.013659
DQN,deceptive_grid,0,526,38354,9.03,3,1,0.5662,0.015774
DQN,deceptive_grid,0,527,38368,-4.46,14,1,0.5661,0.014765
DQN,deceptive_grid,0,528,38413,-29.44,45,1,0.5656,0.016707
DQN,deceptive_grid,0,529,38459,-31.16,46,1,0.565,0.013405
DQN,deceptive_grid,0,530,38521,-51.74,62,1,0.5643,0.015244
DQN,deceptive_grid,0,531,38544,-9.05,23,1,0.5641,0.01505
DQN,deceptive_grid,0,532,38599,-40.98,55,1,0.5635,0.014403
DQN,deceptive_grid,0,533,38646,-38.51,47,1,0.5629,0.014052
DQN,deceptive_grid,0,534,38683,-22.91,37,1,0.5625,0.013464
DQN,deceptive_grid,0,535,38715,-20.0,32,1,0.5622,0.013139
DQN,deceptive_grid,0,536,38781,-32.02,66,1,0.5614,0.014719
DQN,deceptive_grid,0,537,38804,-17.09,23,1,0.5611,0.012193
DQN,deceptive_grid,0,538,38862,-38.86,58,1,0.5605,0.012091
DQN,deceptive_grid,0,539,38905,-20.16,43,1,0.56,0.011274
DQN,deceptive_grid,0,540,38974,-52.82,69,1,0.5592,0.011377
DQN,deceptive_grid,0,541,38992,3.75,18,1,0.559,0.010851
DQN,deceptive_grid,0,542,39006,3.71,14,1,0.5589,0.014494
DQN,deceptive_grid,0,543,39064,-30.55,58,1,0.5582,0.019796
DQN,deceptive_grid,0,544,39065,11.0,1,1,0.5582,0.014943
DQN,deceptive_grid,0,545,39144,-63.89,79,1,0.5573,0.012974
DQN,deceptive_grid,0,546,39180,-15.85,36,1,0.5569,0.011814
DQN,deceptive_grid,0,547,39215,-40.0,35,1,0.5565,0.012093
DQN,deceptive_grid,0,548,39268,-41.38,53,1,0.5559,0.011497
DQN,deceptive_grid,0,549,39306,-19.06,38,1,0.5555,0.010308
DQN,deceptive_grid,0,550,39344,-24.28,38,1,0.555,0.010775
DQN,deceptive_grid,0,551,39384,-19.56,40,1,0.5546,0.010002
DQN,deceptive_grid,0,552,39397,0.38,13,1,0.5544,0.012695
DQN,deceptive_grid,0,553,39463,-43.41,66,1,0.5537,0.011009
DQN,deceptive_grid,0,554,39483,-4.3,20,1,0.5535,0.010211
DQN,deceptive_grid,0,555,39541,-51.12,58,1,0.5528,0.014451
DQN,deceptive_grid,0,556,39561,1.39,20,1,0.5526,0.016875
DQN,deceptive_grid,0,557,39588,-4.24,27,1,0.5523,0.013527
DQN,deceptive_grid,0,558,39598,2.23,10,1,0.5522,0.012801
DQN,deceptive_grid,0,559,39644,-44.31,46,1,0.5516,0.019309
DQN,deceptive_grid,0,560,39650,9.11,6,1,0.5516,0.012819
DQN,deceptive_grid,0,561,39678,1.24,28,1,0.5513,0.012076
DQN,deceptive_grid,0,562,39719,-20.38,41,1,0.5508,0.010744
DQN,deceptive_grid,0,563,39747,-20.36,28,1,0.5505,0.013552
DQN,deceptive_grid,0,564,39769,-12.18,22,1,0.5502,0.012016
DQN,deceptive_grid,0,565,39797,-29.43,28,1,0.5499,0.013336
DQN,deceptive_grid,0,566,39807,3.15,10,1,0.5498,0.011945
DQN,deceptive_grid,0,567,39855,-30.22,48,1,0.5493,0.010529
DQN,deceptive_grid,0,568,39910,-45.67,55,1,0.5486,0.009658
DQN,deceptive_grid,0,569,39962,-20.6,52,1,0.548,0.00894
DQN,deceptive_grid,0,570,39968,9.15,6,1,0.548,0.010255
DQN,deceptive_grid,0,571,40016,-30.32,48,1,0.5474,0.013262
DQN,deceptive_grid,0,572,40073,-47.53,57,1,0.5468,0.021898
DQN,deceptive_grid,0,573,40077,9.06,4,1,0.5467,0.011893
DQN,deceptive_grid,0,574,40120,-14.1,43,1,0.5463,0.015986
DQN,deceptive_grid,0,575,40166,-17.65,46,1,0.5457,0.013291
DQN,deceptive_grid,0,576,40181,-2.32,15,1,0.5456,0.011688
DQN,deceptive_grid,0,577,40211,-11.09,30,1,0.5452,0.011366
DQN,deceptive_grid,0,578,40249,-22.83,38,1,0.5448,0.011539
DQN,deceptive_grid,0,579,40268,4.07,19,1,0.5446,0.012265
DQN,deceptive_grid,0,580,40371,-84.14,103,1,0.5434,0.012099
DQN,deceptive_grid,0,581,40456,-68.18,85,1,0.5425,0.009742
DQN,deceptive_grid,0,582,40501,-25.01,45,1,0.542,0.009395
DQN,deceptive_grid,0,583,40506,9.08,5,1,0.5419,0.015126
DQN,deceptive_grid,0,584,40539,-12.6,33,1,0.5415,0.013757
DQN,deceptive_grid,0,585,40563,-9.29,24,1,0.5413,0.013973
DQN,deceptive_grid,0,586,40594,-7.94,31,1,0.5409,0.013707
DQN,deceptive_grid,0,587,40619,-0.62,25,1,0.5406,0.010713
DQN,deceptive_grid,0,588,40649,-5.27,30,1,0.5403,0.011204
DQN,deceptive_grid,0,589,40681,-22.74,32,1,0.5399,0.009663
DQN,deceptive_grid,0,590,40709,-14.21,28,1,0.5396,0.009961
DQN,deceptive_grid,0,591,40742,-12.7,33,1,0.5392,0.01094
DQN,deceptive_grid,0,592,40769,-13.59,27,1,0.5389,0.010906
DQN,deceptive_grid,0,593,40779,7.27,10,1,0.5388,0.009369
DQN,deceptive_grid,0,594,40815,-7.08,36,1,0.5384,0.009392
DQN,deceptive_grid,0,595,40853,-15.33,38,1,0.538,0.009321
DQN,deceptive_grid,0,596,40871,1.77,18,1,0.5378,0.008515
DQN,deceptive_grid,0,597,40930,-37.21,59,1,0.5371,0.009926
DQN,deceptive_grid,0,598,40966,-25.97,36,1,0.5367,0.010575
DQN,deceptive_grid,0,599,41008,-22.42,42,1,0.5362,0.011506
DQN,deceptive_grid,0,600,41029,-2.68,21,1,0.536,0.014517
DQN,deceptive_grid,1,1,200,-229.45,200,0,0.9977,
DQN,deceptive_grid,1,2,400,-200.91,200,0,0.9955,
DQN,deceptive_grid,1,3,600,-305.47,200,0,0.9932,
DQN,deceptive_grid,1,4,800,-309.38,200,0,0.991,
DQN,deceptive_grid,1,5,1000,-241.19,200,0,0.9887,1.052385
DQN,deceptive_grid,1,6,1200,-231.36,200,0,0.9864,0.438147
DQN,deceptive_grid,1,7,1400,-237.74,200,0,0.9842,0.275013
DQN,deceptive_grid,1,8,1434,-43.26,34,1,0.9838,0.249978
DQN,deceptive_grid,1,9,1634,-202.38,200,0,0.9815,0.261608
DQN,deceptive_grid,1,10,1834,-235.61,200,0,0.9793,0.244188
DQN,deceptive_grid,1,11,2034,-262.34,200,0,0.977,0.237889
DQN,deceptive_grid,1,12,2234,-239.96,200,0,0.9747,0.240824
DQN,deceptive_grid,1,13,2434,-370.78,200,0,0.9725,0.235939
DQN,deceptive_grid,1,14,2634,-244.16,200,0,0.9702,0.245582
DQN,deceptive_grid,1,15,2834,-192.81,200,0,0.9679,0.227063
DQN,deceptive_grid,1,16,3034,-242.5,200,0,0.9657,0.213888
DQN,deceptive_grid,1,17,3234,-290.89,200,0,0.9634,0.21374
DQN,deceptive_grid,1,18,3434,-394.53,200,0,0.9612,0.197273
DQN,deceptive_grid,1,19,3634,-253.56,200,0,0.9589,0.196892
DQN,deceptive_grid,1,20,3834,-225.27,200,0,0.9566,0.191337
DQN,deceptive_grid,1,21,4034,-233.89,200,0,0.9544,0.173947
DQN,deceptive_grid,1,22,4234,-246.66,200,0,0.9521,0.16695
DQN,deceptive_grid,1,23,4394,-204.76,160,1,0.9503,0.155601
DQN,deceptive_grid,1,24,4571,-182.28,177,1,0.9483,0.159922
DQN,deceptive_grid,1,25,4771,-248.05,200,0,0.946,0.144985
DQN,deceptive_grid,1,26,4971,-266.51,200,0,0.9438,0.137511
DQN,deceptive_grid,1,27,5171,-185.02,200,0,0.9415,0.138925
DQN,deceptive_grid,1,28,5195,-21.25,24,1,0.9412,0.123306
DQN,deceptive_grid,1,29,5395,-213.57,200,0,0.939,0.122377
DQN,deceptive_grid,1,30,5595,-260.24,200,0,0.9367,0.123242
DQN,deceptive_grid,1,31,5795,-202.76,200,0,0.9345,0.113686
DQN,deceptive_grid,1,32,5995,-190.46,200,0,0.9322,0.109639
DQN,deceptive_grid,1,33,6024,-20.22,29,1,0.9319,0.118356
DQN,deceptive_grid,1,34,6224,-262.03,200,0,0.9296,0.104871
DQN,deceptive_grid,1,35,6424,-246.8,200,0,0.9273,0.109035
DQN,deceptive_grid,1,36,6624,-219.14,200,0,0.9251,0.104834
DQN,deceptive_grid,1,37,6635,5.27,11,1,0.925,0.113767
DQN,deceptive_grid,1,38,6835,-309.79,200,0,0.9227,0.096463
DQN,deceptive_grid,1,39,7035,-323.05,200,0,0.9204,0.0963
DQN,deceptive_grid,1,40,7235,-272.76,200,0,0.9182,0.103005
DQN,deceptive_grid,1,41,7435,-175.14,200,0,0.9159,0.097982
DQN,deceptive_grid,1,42,7635,-290.51,200,0,0.9137,0.09745
DQN,deceptive_grid,1,43,7835,-211.83,200,0,0.9114,0.086488
DQN,deceptive_grid,1,44,8035,-194.14,200,0,0.9091,0.091707
DQN,deceptive_grid,1,45,8235,-204.85,200,0,0.9069,0.086334
DQN,deceptive_grid,1,46,8435,-270.53,200,0,0.9046,0.07744
DQN,deceptive_grid,1,47,8635,-190.02,200,0,0.9023,0.091445
DQN,deceptive_grid,1,48,8835,-283.6,200,0,0.9001,0.074758
DQN,deceptive_grid,1,49,9007,-244.46,172,1,0.8981,0.074471
DQN,deceptive_grid,1,50,9071,-60.96,64,1,0.8974,0.106228
DQN,deceptive_grid,1,51,9271,-294.54,200,0,0.8951,0.076862
DQN,deceptive_grid,1,52,9426,-163.83,155,1,0.8934,0.088232
DQN,deceptive_grid,1,53,9542,-118.86,116,1,0.8921,0.086249
DQN,deceptive_grid,1,54,9650,-122.05,108,1,0.8909,0.086253
DQN,deceptive_grid,1,55,9850,-249.44,200,1,0.8886,0.091662
DQN,deceptive_grid,1,56,10050,-238.2,200,0,0.8863,0.097207
DQN,deceptive_grid,1,57,10136,-80.83,86,1,0.8854,0.088823
DQN,deceptive_grid,1,58,10336,-214.89,200,0,0.8831,0.093309
DQN,deceptive_grid,1,59,10536,-224.45,200,0,0.8808,0.093904
DQN,deceptive_grid,1,60,10545,-5.79,9,1,0.8807,0.098458
DQN,deceptive_grid,1,61,10629,-52.28,84,1,0.8798,0.091285
DQN,deceptive_grid,1,62,10658,-8.2,29,1,0.8795,0.082294
DQN,deceptive_grid,1,63,10858,-223.77,200,0,0.8772,0.096614
DQN,deceptive_grid,1,64,10927,-70.42,69,1,0.8764,0.088266
DQN,deceptive_grid,1,65,11055,-154.61,128,1,0.875,0.10265
DQN,deceptive_grid,1,66,11102,-49.63,47,1,0.8744,0.078243
DQN,deceptive_grid,1,67,11157,-37.69,55,1,0.8738,0.078124
DQN,deceptive_grid,1,68,11357,-276.01,200,0,0.8716,0.091073
DQN,deceptive_grid,1,69,11387,-5.67,30,1,0.8712,0.0931
DQN,deceptive_grid,1,70,11429,-32.4,42,1,0.8707,0.100442
DQN,deceptive_grid,1,71,11505,-65.43,76,1,0.8699,0.093953
DQN,deceptive_grid,1,72,11545,-28.1,40,1,0.8694,0.110341
DQN,deceptive_grid,1,73,11627,-100.3,82,1,0.8685,0.094577
DQN,deceptive_grid,1,74,11827,-202.08,200,0,0.8662,0.093135
DQN,deceptive_grid,1,75,11885,-39.58,58,1,0.8656,0.110335
DQN,deceptive_grid,1,76,11921,-13.01,36,1,0.8652,0.100626
DQN,deceptive_grid,1,77,12052,-154.47,131,1,0.8637,0.10228
DQN,deceptive_grid,1,78,12252,-290.89,200,0,0.8614,0.115359
DQN,deceptive_grid,1,79,12452,-216.01,200,0,0.8592,0.108741
DQN,deceptive_grid,1,80,12549,-80.15,97,1,0.8581,0.108497
DQN,deceptive_grid,1,81,12718,-165.12,169,1,0.8562,0.101127
DQN,deceptive_grid,1,82,12918,-251.6,200,0,0.8539,0.10511
DQN,deceptive_grid,1,83,12961,-40.87,43,1,0.8534,0.093434
DQN,deceptive_grid,1,84,12962,11.0,1,1,0.8534,0.22744
DQN,deceptive_grid,1,85,13162,-215.92,200,0,0.8511,0.130982
DQN,deceptive_grid,1,86,13362,-218.29,200,0,0.8489,0.121325
DQN,deceptive_grid,1,87,13374,-1.72,12,1,0.8487,0.11082
DQN,deceptive_grid,1,88,13574,-212.55,200,0,0.8465,0.132056
DQN,deceptive_grid,1,89,13774,-209.75,200,0,0.8442,0.144422
DQN,deceptive_grid,1,90,13856,-64.41,82,1,0.8433,0.122262
DQN,deceptive_grid,1,91,13951,-81.98,95,1,0.8422,0.117577
DQN,deceptive_grid,1,92,14151,-232.76,200,0,0.84,0.152476
DQN,deceptive_grid,1,93,14261,-113.51,110,1,0.8387,0.133779
DQN,deceptive_grid,1,94,14392,-170.55,131,1,0.8372,0.135697
DQN,deceptive_grid,1,95,14471,-69.91,79,1,0.8363,0.135253
DQN,deceptive_grid,1,96,14550,-69.33,79,1,0.8354,0.166514
DQN,deceptive_grid,1,97,14750,-262.34,200,0,0.8332,0.155973
DQN,deceptive_grid,1,98,14903,-117.8,153,1,0.8315,0.141815
DQN,deceptive_grid,1,99,15103,-284.65,200,0,0.8292,0.162641
DQN,deceptive_grid,1,100,15122,-11.1,19,1,0.829,0.147021
DQN,deceptive_grid,1,101,15215,-80.95,93,1,0.8279,0.168386
DQN,deceptive_grid,1,102,15333,-134.02,118,1,0.8266,0.158373
DQN,deceptive_grid,1,103,15352,-3.16,19,1,0.8264,0.153324
DQN,deceptive_grid,1,104,15500,-160.75,148,1,0.8247,0.137996
DQN,deceptive_grid,1,105,15530,-14.43,30,1,0.8244,0.239957
DQN,deceptive_grid,1,106,15730,-182.87,200,0,0.8221,0.166287
DQN,deceptive_grid,1,107,15779,-58.37,49,1,0.8215,0.156405
DQN,deceptive_grid,1,108,15829,-46.55,50,1,0.821,0.150878
DQN,deceptive_grid,1,109,15901,-45.47,72,1,0.8202,0.143636
DQN,deceptive_grid,1,110,15995,-65.42,94,1,0.8191,0.151999
DQN,deceptive_grid,1,111,16086,-109.71,91,1,0.8181,0.191741
DQN,deceptive_grid,1,112,16223,-122.14,137,1,0.8165,0.168375
DQN,deceptive_grid,1,113,16385,-145.8,162,1,0.8147,0.15433
DQN,deceptive_grid,1,114,16388,6.02,3,1,0.8147,0.097653
DQN,deceptive_grid,1,115,16502,-107.3,114,1,0.8134,0.158053
DQN,deceptive_grid,1,116,16509,7.15,7,1,0.8133,0.251013
DQN,deceptive_grid,1,117,16541,-19.27,32,1,0.8129,0.212351
DQN,deceptive_grid,1,118,16611,-78.52,70,1,0.8121,0.186362
DQN,deceptive_grid,1,119,16647,-21.35,36,1,0.8117,0.171788
DQN,deceptive_grid,1,120,16710,-39.84,63,1,0.811,0.195406
DQN,deceptive_grid,1,121,16846,-162.0,136,1,0.8095,0.168301
DQN,deceptive_grid,1,122,16923,-77.16,77,1,0.8086,0.174568
DQN,deceptive_grid,1,123,16972,-36.39,49,1,0.8081,0.144786
DQN,deceptive_grid,1,124,17172,-198.97,200,0,0.8058,0.198125
DQN,deceptive_grid,1,125,17183,2.3,11,1,0.8057,0.213847
DQN,deceptive_grid,1,126,17307,-158.5,124,1,0.8043,0.167761
DQN,deceptive_grid,1,127,17357,-30.05,50,1,0.8037,0.160836
DQN,deceptive_grid,1,128,17417,-62.37,60,1,0.803,0.162051
DQN,deceptive_grid,1,129,17617,-266.74,200,0,0.8008,0.20277
DQN,deceptive_grid,1,130,17679,-89.42,62,1,0.8001,0.174816
DQN,deceptive_grid,1,131,17703,-20.46,24,1,0.7998,0.192731
DQN,deceptive_grid,1,132,17784,-57.76,81,1,0.7989,0.181956
DQN,deceptive_grid,1,133,17852,-63.9,68,1,0.7981,0.176606
DQN,deceptive_grid,1,134,17936,-68.91,84,1,0.7972,0.171058
DQN,deceptive_grid,1,135,17970,-18.55,34,1,0.7968,0.174968
DQN,deceptive_grid,1,136,18013,-25.43,43,1,0.7963,0.2246
DQN,deceptive_grid,1,137,18046,-20.8,33,1,0.7959,0.239476
DQN,deceptive_grid,1,138,18051,9.1,5,1,0.7959,0.214799
DQN,deceptive_grid,1,139,18072,-12.47,21,1,0.7956,0.204032
DQN,deceptive_grid,1,140,18153,-79.73,81,1,0.7947,0.19747
DQN,deceptive_grid,1,141,18202,-35.81,49,1,0.7941,0.184997
DQN,deceptive_grid,1,142,18387,-175.37,185,1,0.7921,0.177274
DQN,deceptive_grid,1,143,18454,-32.01,67,1,0.7913,0.173908
DQN,deceptive_grid,1,144,18499,-32.12,45,1,0.7908,0.171412
DQN,deceptive_grid,1,145,18544,-22.95,45,1,0.7903,0.248087
DQN,deceptive_grid,1,146,18595,-63.39,51,1,0.7897,0.204257
DQN,deceptive_grid,1,147,18596,11.0,1,1,0.7897,0.132107
DQN,deceptive_grid,1,148,18717,-109.7,121,1,0.7883,0.186826
DQN,deceptive_grid,1,149,18804,-86.81,87,1,0.7873,0.177407
DQN,deceptive_grid,1,150,18840,-22.83,36,1,0.7869,0.160713
DQN,deceptive_grid,1,151,18903,-38.17,63,1,0.7862,0.173415
DQN,deceptive_grid,1,152,18982,-56.8,79,1,0.7853,0.159888
DQN,deceptive_grid,1,153,19029,-51.75,47,1,0.7848,0.228817
DQN,deceptive_grid,1,154,19076,-54.1,47,1,0.7843,0.204942
DQN,deceptive_grid,1,155,19178,-89.14,102,1,0.7831,0.200933
DQN,deceptive_grid,1,156,19190,3.24,12,1,0.783,0.195853
DQN,deceptive_grid,1,157,19241,-51.82,51,1,0.7824,0.178588
DQN,deceptive_grid,1,158,19377,-161.03,136,1,0.7809,0.163727
DQN,deceptive_grid,1,159,19416,-20.1,39,1,0.7804,0.15793
DQN,deceptive_grid,1,160,19438,0.29,22,1,0.7802,0.173461
DQN,deceptive_grid,1,161,19555,-85.19,117,1,0.7788,0.217257
DQN,deceptive_grid,1,162,19613,-40.61,58,1,0.7782,0.211067
DQN,deceptive_grid,1,163,19679,-59.05,66,1,0.7774,0.188005
DQN,deceptive_grid,1,164,19763,-67.08,84,1,0.7765,0.179771
DQN,deceptive_grid,1,165,19788,-9.27,25,1,0.7762,0.174513
DQN,deceptive_grid,1,166,19845,-41.78,57,1,0.7756,0.178589
DQN,deceptive_grid,1,167,19872,-5.93,27,1,0.7753,0.205078
DQN,deceptive_grid,1,168,19954,-78.97,82,1,0.7743,0.187774
DQN,deceptive_grid,1,169,20008,-53.33,54,1,0.7737,0.203733
DQN,deceptive_grid,1,170,20208,-198.62,200,0,0.7715,0.202871
DQN,deceptive_grid,1,171,20295,-84.96,87,1,0.7705,0.173842
DQN,deceptive_grid,1,172,20414,-91.39,119,1,0.7691,0.176882
DQN,deceptive_grid,1,173,20489,-71.5,75,1,0.7683,0.163175
DQN,deceptive_grid,1,174,20510,-0.14,21,1,0.768,0.259431
DQN,deceptive_grid,1,175,20614,-112.42,104,1,0.7669,0.214832
DQN,deceptive_grid,1,176,20784,-181.13,170,1,0.7649,0.17865
DQN,deceptive_grid,1,177,20894,-99.25,110,1,0.7637,0.172464
DQN,deceptive_grid,1,178,20935,-24.19,41,1,0.7632,0.166667
DQN,deceptive_grid,1,179,21002,-46.15,67,1,0.7625,0.163667
DQN,deceptive_grid,1,180,21122,-112.92,120,1,0.7611,0.193753
DQN,deceptive_grid,1,181,21213,-101.42,91,1,0.7601,0.172099
DQN,deceptive_grid,1,182,21234,-2.24,21,1,0.7599,0.155556
DQN,deceptive_grid,1,183,21322,-89.92,88,1,0.7589,0.152637
DQN,deceptive_grid,1,184,21454,-110.72,132,1,0.7574,0.144314
DQN,deceptive_grid,1,185,21508,-28.89,54,1,0.7568,0.174033
DQN,deceptive_grid,1,186,21655,-131.14,147,1,0.7551,0.174184
DQN,deceptive_grid,1,187,21816,-142.95,161,1,0.7533,0.150383
DQN,deceptive_grid,1,188,21889,-54.36,73,1,0.7524,0.149736
DQN,deceptive_grid,1,189,21907,-9.35,18,1,0.7522,0.156158
DQN,deceptive_grid,1,190,21973,-41.74,66,1,0.7515,0.138187
DQN,deceptive_grid,1,191,22055,-66.39,82,1,0.7506,0.189673
DQN,deceptive_grid,1,192,22096,-16.43,41,1,0.7501,0.180803
DQN,deceptive_grid,1,193,22136,-43.18,40,1,0.7497,0.162902
DQN,deceptive_grid,1,194,22261,-141.02,125,1,0.7482,0.14131
DQN,deceptive_grid,1,195,22327,-44.62,66,1,0.7475,0.135003
DQN,deceptive_grid,1,196,22460,-131.37,133,1,0.746,0.139953
DQN,deceptive_grid,1,197,22531,-70.69,71,1,0.7452,0.172034
DQN,deceptive_grid,1,198,22697,-163.2,166,1,0.7433,0.160088
DQN,deceptive_grid,1,199,22805,-93.88,108,1,0.7421,0.134936
DQN,deceptive_grid,1,200,22826,-0.12,21,1,0.7418,0.121003
DQN,deceptive_grid,1,201,22950,-139.4,124,1,0.7404,0.129575
DQN,deceptive_grid,1,202,23053,-91.01,103,1,0.7393,0.15673
DQN,deceptive_grid,1,203,23151,-77.1,98,1,0.7382,0.140061
DQN,deceptive_grid,1,204,23193,-28.3,42,1,0.7377,0.12641
DQN,deceptive_grid,1,205,23226,-17.34,33,1,0.7373,0.13287
DQN,deceptive_grid,1,206,23247,-19.95,21,1,0.7371,0.134287
DQN,deceptive_grid,1,207,23296,-25.84,49,1,0.7365,0.120471
DQN,deceptive_grid,1,208,23321,-22.79,25,1,0.7363,0.126724
DQN,deceptive_grid,1,209,23392,-56.14,71,1,0.7354,0.122674
DQN,deceptive_grid,1,210,23404,0.45,12,1,0.7353,0.099151
DQN,deceptive_grid,1,211,23464,-45.71,60,1,0.7346,0.110454
DQN,deceptive_grid,1,212,23531,-56.83,67,1,0.7339,0.154782
DQN,deceptive_grid,1,213,23545,-1.62,14,1,0.7337,0.134923
DQN,deceptive_grid,1,214,23586,-35.32,41,1,0.7333,0.141749
DQN,deceptive_grid,1,215,23679,-110.26,93,1,0.7322,0.137646
DQN,deceptive_grid,1,216,23749,-63.81,70,1,0.7314,0.123494
DQN,deceptive_grid,1,217,23757,6.23,8,1,0.7313,0.115028
DQN,deceptive_grid,1,218,23795,-38.59,38,1,0.7309,0.117258
DQN,deceptive_grid,1,219,23870,-47.66,75,1,0.73,0.11559
DQN,deceptive_grid,1,220,23944,-58.4,74,1,0.7292,0.115386
DQN,deceptive_grid,1,221,24034,-57.87,90,1,0.7282,0.137463
DQN,deceptive_grid,1,222,24089,-42.83,55,1,0.7276,0.135159
DQN,deceptive_grid,1,223,24170,-50.22,81,1,0.7266,0.13409
DQN,deceptive_grid,1,224,24264,-70.12,94,1,0.7256,0.125735
DQN,deceptive_grid,1,225,24307,-27.07,43,1,0.7251,0.120877
DQN,deceptive_grid,1,226,24350,-21.26,43,1,0.7246,0.122815
DQN,deceptive_grid,1,227,24376,-29.01,26,1,0.7243,0.104556
DQN,deceptive_grid,1,228,24453,-69.21,77,1,0.7234,0.110673
DQN,deceptive_grid,1,229,24544,-96.69,91,1,0.7224,0.153215
DQN,deceptive_grid,1,230,24657,-106.19,113,1,0.7211,0.148026
DQN,deceptive_grid,1,231,24693,-20.68,36,1,0.7207,0.12908
DQN,deceptive_grid,1,232,24810,-88.89,117,1,0.7194,0.129927
DQN,deceptive_grid,1,233,24883,-54.76,73,1,0.7186,0.11634
DQN,deceptive_grid,1,234,24908,-6.55,25,1,0.7183,0.121711
DQN,deceptive_grid,1,235,24979,-62.08,71,1,0.7175,0.114873
DQN,deceptive_grid,1,236,25047,-44.32,68,1,0.7167,0.158311
DQN,deceptive_grid,1,237,25128,-59.26,81,1,0.7158,0.147745
DQN,deceptive_grid,1,238,25146,-14.57,18,1,0.7156,0.134877
DQN,deceptive_grid,1,239,25228,-65.17,82,1,0.7147,0.133544
DQN,deceptive_grid,1,240,25262,-22.13,34,1,0.7143,0.139467
DQN,deceptive_grid,1,241,25319,-33.9,57,1,0.7137,0.13659
DQN,deceptive_grid,1,242,25347,-26.52,28,1,0.7133,0.12899
DQN,deceptive_grid,1,243,25401,-53.01,54,1,0.7127,0.115497
DQN,deceptive_grid,1,244,25432,-21.9,31,1,0.7124,0.121389
DQN,deceptive_grid,1,245,25564,-131.11,132,1,0.7109,0.155213
DQN,deceptive_grid,1,246,25583,-1.02,19,1,0.7107,0.149076
DQN,deceptive_grid,1,247,25625,-35.58,42,1,0.7102,0.146525
DQN,deceptive_grid,1,248,25660,-11.87,35,1,0.7098,0.142888
DQN,deceptive_grid,1,249,25722,-59.28,62,1,0.7091,0.14609
DQN,deceptive_grid,1,250,25834,-99.76,112,1,0.7078,0.129696
DQN,deceptive_grid,1,251,25881,-26.63,47,1,0.7073,0.137101
DQN,deceptive_grid,1,252,25938,-38.09,57,1,0.7067,0.11973
DQN,deceptive_grid,1,253,26077,-116.1,139,1,0.7051,0.152865
DQN,deceptive_grid,1,254,26167,-58.55,90,1,0.7041,0.130302
DQN,deceptive_grid,1,255,26236,-45.0,69,1,0.7033,0.134679
DQN,deceptive_grid,1,256,26297,-45.18,61,1,0.7026,0.120866
DQN,deceptive_grid,1,257,26371,-63.13,74,1,0.7018,0.109143
DQN,deceptive_grid,1,258,26552,-159.01,181,1,0.6997,0.131419
DQN,deceptive_grid,1,259,26622,-40.75,70,1,0.6989,0.130592
DQN,deceptive_grid,1,260,26698,-69.97,76,1,0.6981,0.124579
DQN,deceptive_grid,1,261,26731,-18.47,33,1,0.6977,0.11757
DQN,deceptive_grid,1,262,26757,-4.24,26,1,0.6974,0.12836
DQN,deceptive_grid,1,263,26778,-17.58,21,1,0.6972,0.144748
DQN,deceptive_grid,1,264,26805,-13.8,27,1,0.6968,0.12597
DQN,deceptive_grid,1,265,26917,-89.02,112,1,0.6956,0.119922
DQN,deceptive_grid,1,266,26932,-0.67,15,1,0.6954,0.107092
DQN,deceptive_grid,1,267,26981,-31.82,49,1,0.6949,0.110966
DQN,deceptive_grid,1,268,26996,3.65,15,1,0.6947,0.115153
DQN,deceptive_grid,1,269,27041,-30.79,45,1,0.6942,0.171156
DQN,deceptive_grid,1,270,27045,9.04,4,1,0.6941,0.125397
DQN,deceptive_grid,1,271,27109,-65.19,64,1,0.6934,0.127106
DQN,deceptive_grid,1,272,27132,-6.86,23,1,0.6931,0.135239
DQN,deceptive_grid,1,273,27298,-176.74,166,1,0.6913,0.118804
DQN,deceptive_grid,1,274,27400,-106.67,102,1,0.6901,0.114309
DQN,deceptive_grid,1,275,27432,-12.76,32,1,0.6898,0.116015
DQN,deceptive_grid,1,276,27450,-2.59,18,1,0.6896,0.085841
DQN,deceptive_grid,1,277,27462,5.36,12,1,0.6894,0.10035
DQN,deceptive_grid,1,278,27513,-32.4,51,1,0.6888,0.128231
DQN,deceptive_grid,1,279,27551,-7.85,38,1,0.6884,0.115767
DQN,deceptive_grid,1,280,27605,-41.65,54,1,0.6878,0.104179
DQN,deceptive_grid,1,281,27634,-10.53,29,1,0.6875,0.097784
DQN,deceptive_grid,1,282,27705,-44.56,71,1,0.6867,0.094549
DQN,deceptive_grid,1,283,27817,-92.9,112,1,0.6854,0.08464
DQN,deceptive_grid,1,284,27840,-4.82,23,1,0.6851,0.086693
DQN,deceptive_grid,1,285,27871,-7.47,31,1,0.6848,0.085591
DQN,deceptive_grid,1,286,27913,-34.1,42,1,0.6843,0.086597
DQN,deceptive_grid,1,287,27998,-102.99,85,1,0.6834,0.081713
DQN,deceptive_grid,1,288,28039,-30.99,41,1,0.6829,0.115657
DQN,deceptive_grid,1,289,28057,-7.35,18,1,0.6827,0.086885
DQN,deceptive_grid,1,290,28106,-38.13,49,1,0.6821,0.075397
DQN,deceptive_grid,1,291,28292,-183.23,186,1,0.68,0.073847
DQN,deceptive_grid,1,292,28300,-0.85,8,1,0.6799,0.062524
DQN,deceptive_grid,1,293,28319,-7.95,19,1,0.6797,0.07267
DQN,deceptive_grid,1,294,28397,-66.12,78,1,0.6788,0.06923
DQN,deceptive_grid,1,295,28428,-24.92,31,1,0.6785,0.059746
DQN,deceptive_grid,1,296,28457,-22.69,29,1,0.6782,0.071143
DQN,deceptive_grid,1,297,28458,11.0,1,1,0.6782,0.084679
DQN,deceptive_grid,1,298,28506,-27.09,48,1,0.6776,0.080644
DQN,deceptive_grid,1,299,28521,-0.71,15,1,0.6774,0.115283
DQN,deceptive_grid,1,300,28621,-77.96,100,1,0.6763,0.07378
DQN,deceptive_grid,1,301,28666,-28.17,45,1,0.6758,0.065515
DQN,deceptive_grid,1,302,28680,-1.63,14,1,0.6756,0.063983
DQN,deceptive_grid,1,303,28745,-51.06,65,1,0.6749,0.054912
DQN,deceptive_grid,1,304,28780,-8.05,35,1,0.6745,0.062122
DQN,deceptive_grid,1,305,28801,-2.85,21,1,0.6743,0.056696
DQN,deceptive_grid,1,306,28867,-72.64,66,1,0.6735,0.053731
DQN,deceptive_grid,1,307,28882,0.62,15,1,0.6734,0.060858
DQN,deceptive_grid,1,308,28919,-29.49,37,1,0.6729,0.057029
DQN,deceptive_grid,1,309,28949,-18.97,30,1,0.6726,0.05558
DQN,deceptive_grid,1,310,29023,-58.02,74,1,0.6718,0.069782
DQN,deceptive_grid,1,311,29039,-0.56,16,1,0.6716,0.06152
DQN,deceptive_grid,1,312,29084,-46.55,45,1,0.6711,0.062533
DQN,deceptive_grid,1,313,29119,-37.8,35,1,0.6707,0.056337
DQN,deceptive_grid,1,314,29172,-18.78,53,1,0.6701,0.057424
DQN,deceptive_grid,1,315,29185,3.42,13,1,0.6699,0.05262
DQN,deceptive_grid,1,316,29260,-61.84,75,1,0.6691,0.051861
DQN,deceptive_grid,1,317,29290,-21.26,30,1,0.6687,0.048822
DQN,deceptive_grid,1,318,29333,-24.63,43,1,0.6683,0.048863
DQN,deceptive_grid,1,319,29411,-63.53,78,1,0.6674,0.052512
DQN,deceptive_grid,1,320,29420,7.22,9,1,0.6673,0.047724
DQN,deceptive_grid,1,321,29468,-40.04,48,1,0.6667,0.043397
DQN,deceptive_grid,1,322,29537,-47.61,69,1,0.666,0.060747
DQN,deceptive_grid,1,323,29551,1.29,14,1,0.6658,0.070144
DQN,deceptive_grid,1,324,29555,11.06,4,1,0.6657,0.05621
DQN,deceptive_grid,1,325,29657,-96.08,102,1,0.6646,0.04804
DQN,deceptive_grid,1,326,29726,-54.09,69,1,0.6638,0.044651
DQN,deceptive_grid,1,327,29760,-17.85,34,1,0.6634,0.037475
DQN,deceptive_grid,1,328,29836,-80.46,76,1,0.6626,0.040312
DQN,deceptive_grid,1,329,29947,-136.13,111,1,0.6613,0.040876
DQN,deceptive_grid,1,330,29993,-24.82,46,1,0.6608,0.037641
DQN,deceptive_grid,1,331,30020,-6.14,27,1,0.6605,0.069918
DQN,deceptive_grid,1,332,30080,-61.74,60,1,0.6598,0.047121
DQN,deceptive_grid,1,333,30154,-79.9,74,1,0.659,0.042134
DQN,deceptive_grid,1,334,30211,-29.78,57,1,0.6583,0.036212
DQN,deceptive_grid,1,335,30226,-1.61,15,1,0.6582,0.0433
DQN,deceptive_grid,1,336,30271,-32.05,45,1,0.6576,0.036852
DQN,deceptive_grid,1,337,30278,6.2,7,1,0.6576,0.031284
DQN,deceptive_grid,1,338,30336,-48.86,58,1,0.6569,0.036888
DQN,deceptive_grid,1,339,30414,-43.93,78,1,0.656,0.036361
DQN,deceptive_grid,1,340,30442,-15.6,28,1,0.6557,0.035749
DQN,deceptive_grid,1,341,30466,-1.56,24,1,0.6554,0.031901
DQN,deceptive_grid,1,342,30487,-1.84,21,1,0.6552,0.032992
DQN,deceptive_grid,1,343,30517,-10.97,30,1,0.6549,0.047985
DQN,deceptive_grid,1,344,30554,-32.1,37,1,0.6544,0.044403
DQN,deceptive_grid,1,345,30573,-2.43,19,1,0.6542,0.039839
DQN,deceptive_grid,1,346,30621,-55.59,48,1,0.6537,0.041436
DQN,deceptive_grid,1,347,30655,-26.57,34,1,0.6533,0.036788
DQN,deceptive_grid,1,348,30708,-36.83,53,1,0.6527,0.034769
DQN,deceptive_grid,1,349,30781,-65.03,73,1,0.6519,0.035548
DQN,deceptive_grid,1,350,30896,-116.2,115,1,0.6506,0.031562
DQN,deceptive_grid,1,351,30905,4.23,9,1,0.6505,0.044582
DQN,deceptive_grid,1,352,30977,-53.27,72,1,0.6497,0.03376
DQN,deceptive_grid,1,353,31037,-48.07,60,1,0.649,0.037561
DQN,deceptive_grid,1,354,31111,-54.24,74,1,0.6481,0.036497
DQN,deceptive_grid,1,355,31157,-20.19,46,1,0.6476,0.035271
DQN,deceptive_grid,1,356,31241,-91.49,84,1,0.6467,0.031838
DQN,deceptive_grid,1,357,31283,-40.57,42,1,0.6462,0.029145
DQN,deceptive_grid,1,358,31290,7.13,7,1,0.6461,0.024969
DQN,deceptive_grid,1,359,31300,2.18,10,1,0.646,0.028438
DQN,deceptive_grid,1,360,31333,-6.92,33,1,0.6456,0.024776
DQN,deceptive_grid,1,361,31388,-37.11,55,1,0.645,0.027245
DQN,deceptive_grid,1,362,31397,7.3,9,1,0.6449,0.032424
DQN,deceptive_grid,1,363,31429,-9.48,32,1,0.6446,0.028658
DQN,deceptive_grid,1,364,31505,-81.77,76,1,0.6437,0.029862
DQN,deceptive_grid,1,365,31513,9.2,8,1,0.6436,0.044761
DQN,deceptive_grid,1,366,31536,-10.44,23,1,0.6433,0.04131
DQN,deceptive_grid,1,367,31591,-30.94,55,1,0.6427,0.035288
DQN,deceptive_grid,1,368,31604,-1.7,13,1,0.6426,0.036057
DQN,deceptive_grid,1,369,31647,-19.47,43,1,0.6421,0.033907
DQN,deceptive_grid,1,370,31684,-7.73,37,1,0.6417,0.029664
DQN,deceptive_grid,1,371,31689,4.08,5,1,0.6416,0.04366
DQN,deceptive_grid,1,372,31746,-29.63,57,1,0.641,0.033819
DQN,deceptive_grid,1,373,31808,-59.17,62,1,0.6403,0.029565
DQN,deceptive_grid,1,374,31826,1.01,18,1,0.6401,0.027864
DQN,deceptive_grid,1,375,31874,-28.85,48,1,0.6395,0.031548
DQN,deceptive_grid,1,376,31952,-52.71,78,1,0.6386,0.029883
DQN,deceptive_grid,1,377,31992,-26.56,40,1,0.6382,0.028847
DQN,deceptive_grid,1,378,31996,9.04,4,1,0.6381,0.024003
DQN,deceptive_grid,1,379,32081,-63.07,85,1,0.6372,0.034962
DQN,deceptive_grid,1,380,32153,-49.3,72,1,0.6364,0.036763
DQN,deceptive_grid,1,381,32192,-21.72,39,1,0.6359,0.025771
DQN,deceptive_grid,1,382,32214,-14.26,22,1,0.6357,0.026242
DQN,deceptive_grid,1,383,32239,-13.93,25,1,0.6354,0.028914
DQN,deceptive_grid,1,384,32256,-2.12,17,1,0.6352,0.024039
DQN,deceptive_grid,1,385,32284,-13.67,28,1,0.6349,0.026642
DQN,deceptive_grid,1,386,32367,-66.7,83,1,0.6339,0.031965
DQN,deceptive_grid,1,387,32404,-17.65,37,1,0.6335,0.029574
DQN,deceptive_grid,1,388,32427,-6.86,23,1,0.6333,0.032335
DQN,deceptive_grid,1,389,32455,-5.14,28,1,0.6329,0.030117
DQN,deceptive_grid,1,390,32512,-25.44,57,1,0.6323,0.032223
DQN,deceptive_grid,1,391,32569,-25.95,57,1,0.6317,0.031302
DQN,deceptive_grid,1,392,32623,-39.03,54,1,0.631,0.029877
DQN,deceptive_grid,1,393,32649,-1.51,26,1,0.6308,0.0285
DQN,deceptive_grid,1,394,32689,-21.63,40,1,0.6303,0.034037
DQN,deceptive_grid,1,395,32698,9.34,9,1,0.6302,0.027888
DQN,deceptive_grid,1,396,32761,-45.13,63,1,0.6295,0.028299
DQN,deceptive_grid,1,397,32762,11.0,1,1,0.6295,0.03745
DQN,deceptive_grid,1,398,32844,-69.23,82,1,0.6285,0.025823
DQN,deceptive_grid,1,399,32884,-27.83,40,1,0.6281,0.029302
DQN,deceptive_grid,1,400,32933,-21.03,49,1,0.6275,0.023281
DQN,deceptive_grid,1,401,33030,-95.04,97,1,0.6264,0.027371
DQN,deceptive_grid,1,402,33050,-0.87,20,1,0.6262,0.025433
DQN,deceptive_grid,1,403,33103,-27.7,53,1,0.6256,0.02856
DQN,deceptive_grid,1,404,33151,-28.11,48,1,0.6251,0.027433
DQN,deceptive_grid,1,405,33229,-89.81,78,1,0.6242,0.024194
DQN,deceptive_grid,1,406,33240,-1.71,11,1,0.6241,0.024533
DQN,deceptive_grid,1,407,33280,-33.21,40,1,0.6236,0.028683
DQN,deceptive_grid,1,408,33326,-42.19,46,1,0.6231,0.023722
DQN,deceptive_grid,1,409,33386,-33.44,60,1,0.6224,0.022464
DQN,deceptive_grid,1,410,33401,-0.61,15,1,0.6223,0.027417
DQN,deceptive_grid,1,411,33451,-33.47,50,1,0.6217,0.022423
DQN,deceptive_grid,1,412,33476,-14.3,25,1,0.6214,0.022755
DQN,deceptive_grid,1,413,33516,-28.29,40,1,0.621,0.032223
DQN,deceptive_grid,1,414,33622,-110.77,106,1,0.6198,0.025359
DQN,deceptive_grid,1,415,33683,-33.89,61,1,0.6191,0.022862
DQN,deceptive_grid,1,416,33721,-11.11,38,1,0.6186,0.023987
DQN,deceptive_grid,1,417,33768,-25.27,47,1,0.6181,0.024259
DQN,deceptive_grid,1,418,33773,6.07,5,1,0.618,0.021219
DQN,deceptive_grid,1,419,33775,11.01,2,1,0.618,0.023533
DQN,deceptive_grid,1,420,33821,-24.3,46,1,0.6175,0.021772
DQN,deceptive_grid,1,421,33861,-23.5,40,1,0.617,0.020768
DQN,deceptive_grid,1,422,33902,-11.91,41,1,0.6166,0.019622
DQN,deceptive_grid,1,423,33927,-3.5,25,1,0.6163,0.023813
DQN,deceptive_grid,1,424,33935,9.26,8,1,0.6162,0.025814
DQN,deceptive_grid,1,425,33957,-6.54,22,1,0.616,0.023575
DQN,deceptive_grid,1,426,33999,-35.01,42,1,0.6155,0.02081
DQN,deceptive_grid,1,427,34040,-32.26,41,1,0.615,0.024124
DQN,deceptive_grid,1,428,34065,-5.68,25,1,0.6147,0.026859
DQN,deceptive_grid,1,429,34099,-4.89,34,1,0.6144,0.020857
DQN,deceptive_grid,1,430,34134,-9.35,35,1,0.614,0.022937
DQN,deceptive_grid,1,431,34147,-1.49,13,1,0.6138,0.032014
DQN,deceptive_grid,1,432,34180,-27.45,33,1,0.6134,0.022982
DQN,deceptive_grid,1,433,34207,-13.64,27,1,0.6131,0.021845
DQN,deceptive_grid,1,434,34257,-31.43,50,1,0.6126,0.022504
DQN,deceptive_grid,1,435,34316,-42.78,59,1,0.6119,0.020302
DQN,deceptive_grid,1,436,34376,-39.28,60,1,0.6112,0.020422
DQN,deceptive_grid,1,437,34404,-9.71,28,1,0.6109,0.019016
DQN,deceptive_grid,1,438,34431,-11.4,27,1,0.6106,0.023418
DQN,deceptive_grid,1,439,34466,-14.29,35,1,0.6102,0.020083
DQN,deceptive_grid,1,440,34512,-24.08,46,1,0.6097,0.01985
DQN,deceptive_grid,1,441,34536,-3.64,24,1,0.6094,0.022232
DQN,deceptive_grid,1,442,34576,-25.75,40,1,0.609,0.027924
DQN,deceptive_grid,1,443,34640,-29.0,64,1,0.6082,0.022921
DQN,deceptive_grid,1,444,34655,5.51,15,1,0.6081,0.022728
DQN,deceptive_grid,1,445,34664,7.28,9,1,0.608,0.018482
DQN,deceptive_grid,1,446,34723,-32.78,59,1,0.6073,0.021497
DQN,deceptive_grid,1,447,34737,7.65,14,1,0.6071,0.018998
DQN,deceptive_grid,1,448,34796,-55.38,59,1,0.6065,0.021794
DQN,deceptive_grid,1,449,34827,-14.13,31,1,0.6061,0.022989
DQN,deceptive_grid,1,450,34932,-94.75,105,1,0.6049,0.02
DQN,deceptive_grid,1,451,34987,-44.74,55,1,0.6043,0.019235
DQN,deceptive_grid,1,452,34997,4.31,10,1,0.6042,0.017312
DQN,deceptive_grid,1,453,35013,3.06,16,1,0.604,0.02772
DQN,deceptive_grid,1,454,35067,-29.09,54,1,0.6034,0.027802
DQN,deceptive_grid,1,455,35098,-22.75,31,1,0.6031,0.027372
DQN,deceptive_grid,1,456,35146,-25.2,48,1,0.6025,0.020618
DQN,deceptive_grid,1,457,35193,-13.33,47,1,0.602,0.015569
DQN,deceptive_grid,1,458,35252,-36.39,59,1,0.6013,0.015378
DQN,deceptive_grid,1,459,35300,-28.99,48,1,0.6008,0.0172
DQN,deceptive_grid,1,460,35340,-13.31,40,1,0.6003,0.019321
DQN,deceptive_grid,1,461,35383,-38.42,43,1,0.5998,0.016131
DQN,deceptive_grid,1,462,35444,-28.2,61,1,0.5991,0.017649
DQN,deceptive_grid,1,463,35469,-12.42,25,1,0.5989,0.018511
DQN,deceptive_grid,1,464,35484,7.69,15,1,0.5987,0.014474
DQN,deceptive_grid,1,465,35547,-42.88,63,1,0.598,0.018611
DQN,deceptive_grid,1,466,35622,-56.19,75,1,0.5971,0.017017
DQN,deceptive_grid,1,467,35636,4.83,14,1,0.597,0.015376
DQN,deceptive_grid,1,468,35653,-14.55,17,1,0.5968,0.014597
DQN,deceptive_grid,1,469,35695,-26.15,42,1,0.5963,0.018418
DQN,deceptive_grid,1,470,35710,0.57,15,1,0.5961,0.021077
DQN,deceptive_grid,1,471,35738,-3.53,28,1,0.5958,0.02025
DQN,deceptive_grid,1,472,35739,11.0,1,1,0.5958,0.026028
DQN,deceptive_grid,1,473,35791,-32.97,52,1,0.5952,0.0205
DQN,deceptive_grid,1,474,35835,-20.68,44,1,0.5947,0.014131
DQN,deceptive_grid,1,475,35874,-38.79,39,1,0.5943,0.017173
DQN,deceptive_grid,1,476,35896,-11.39,22,1,0.594,0.017765
DQN,deceptive_grid,1,477,35960,-43.44,64,1,0.5933,0.018328
DQN,deceptive_grid,1,478,35973,4.53,13,1,0.5932,0.015248
DQN,deceptive_grid,1,479,35984,1.41,11,1,0.593,0.019168
DQN,deceptive_grid,1,480,36043,-25.97,59,1,0.5924,0.018253
DQN,deceptive_grid,1,481,36080,-14.37,37,1,0.592,0.019046
DQN,deceptive_grid,1,482,36157,-46.24,77,1,0.5911,0.017808
DQN,deceptive_grid,1,483,36219,-53.44,62,1,0.5904,0.015996
DQN,deceptive_grid,1,484,36247,-4.07,28,1,0.5901,0.020171
DQN,deceptive_grid,1,485,36301,-32.29,54,1,0.5895,0.018672
DQN,deceptive_grid,1,486,36364,-47.2,63,1,0.5887,0.013996
DQN,deceptive_grid,1,487,36369,9.1,5,1,0.5887,0.013963
DQN,deceptive_grid,1,488,36451,-84.58,82,1,0.5878,0.017167
DQN,deceptive_grid,1,489,36490,-9.79,39,1,0.5873,0.016481
DQN,deceptive_grid,1,490,36535,-46.77,45,1,0.5868,0.020671
DQN,deceptive_grid,1,491,36626,-84.3,91,1,0.5858,0.017237
DQN,deceptive_grid,1,492,36677,-30.05,51,1,0.5852,0.018665
DQN,deceptive_grid,1,493,36753,-71.83,76,1,0.5843,0.01664
DQN,deceptive_grid,1,494,36779,-7.83,26,1,0.584,0.01576
DQN,deceptive_grid,1,495,36824,-33.35,45,1,0.5835,0.015239
DQN,deceptive_grid,1,496,36898,-40.19,74,1,0.5827,0.01786
DQN,deceptive_grid,1,497,36907,7.32,9,1,0.5826,0.012376
DQN,deceptive_grid,1,498,36939,-24.51,32,1,0.5822,0.015469
DQN,deceptive_grid,1,499,36959,-6.13,20,1,0.582,0.017246
DQN,deceptive_grid,1,500,37004,-27.7,45,1,0.5815,0.017184
DQN,deceptive_grid,1,501,37048,-18.89,44,1,0.581,0.017386
DQN,deceptive_grid,1,502,37122,-67.64,74,1,0.5802,0.017299
DQN,deceptive_grid,1,503,37187,-54.38,65,1,0.5794,0.016975
DQN,deceptive_grid,1,504,37254,-43.5,67,1,0.5787,0.014668
DQN,deceptive_grid,1,505,37319,-57.29,65,1,0.5779,0.015586
DQN,deceptive_grid,1,506,37346,-11.33,27,1,0.5776,0.016527
DQN,deceptive_grid,1,507,37368,-2.07,22,1,0.5774,0.015761
DQN,deceptive_grid,1,508,37380,4.52,12,1,0.5773,0.014052
DQN,deceptive_grid,1,509,37433,-30.41,53,1,0.5767,0.016737
DQN,deceptive_grid,1,510,37482,-35.96,49,1,0.5761,0.017116
DQN,deceptive_grid,1,511,37539,-26.18,57,1,0.5755,0.018425
DQN,deceptive_grid,1,512,37580,-22.73,41,1,0.575,0.021788
DQN,deceptive_grid,1,513,37628,-21.35,48,1,0.5744,0.021661
DQN,deceptive_grid,1,514,37664,-9.5,36,1,0.574,0.018113
DQN,deceptive_grid,1,515,37714,-31.89,50,1,0.5735,0.020459
DQN,deceptive_grid,1,516,37803,-74.01,89,1,0.5725,0.017783
DQN,deceptive_grid,1,517,37849,-29.62,46,1,0.5719,0.018147
DQN,deceptive_grid,1,518,37889,-19.24,40,1,0.5715,0.015731
DQN,deceptive_grid,1,519,37922,-18.55,33,1,0.5711,0.012956
DQN,deceptive_grid,1,520,37964,-28.12,42,1,0.5706,0.015085
DQN,deceptive_grid,1,521,38017,-28.5,53,1,0.57,0.023116
DQN,deceptive_grid,1,522,38071,-39.48,54,1,0.5694,0.022414
DQN,deceptive_grid,1,523,38074,11.03,3,1,0.5694,0.021714
DQN,deceptive_grid,1,524,38100,-12.03,26,1,0.5691,0.019753
DQN,deceptive_grid,1,525,38150,-28.67,50,1,0.5685,0.018656
DQN,deceptive_grid,1,526,38192,-23.42,42,1,0.5681,0.022452
DQN,deceptive_grid,1,527,38247,-41.17,55,1,0.5674,0.017248
DQN,deceptive_grid,1,528,38283,-8.91,36,1,0.567,0.015373
DQN,deceptive_grid,1,529,38327,-20.58,44,1,0.5665,0.016105
DQN,deceptive_grid,1,530,38340,7.6,13,1,0.5664,0.01438
DQN,deceptive_grid,1,531,38347,-0.86,7,1,0.5663,0.013601
DQN,deceptive_grid,1,532,38404,-21.26,57,1,0.5657,0.016356
DQN,deceptive_grid,1,533,38441,-10.38,37,1,0.5653,0.014772
DQN,deceptive_grid,1,534,38480,-9.05,39,1,0.5648,0.013943
DQN,deceptive_grid,1,535,38540,-57.96,60,1,0.5641,0.018754
DQN,deceptive_grid,1,536,38560,-18.32,20,1,0.5639,0.016651
DQN,deceptive_grid,1,537,38567,5.09,7,1,0.5638,0.030897
DQN,deceptive_grid,1,538,38593,-7.75,26,1,0.5635,0.019876
DQN,deceptive_grid,1,539,38613,-2.28,20,1,0.5633,0.016026
DQN,deceptive_grid,1,540,38680,-46.79,67,1,0.5625,0.016565
DQN,deceptive_grid,1,541,38696,-3.5,16,1,0.5624,0.019223
DQN,deceptive_grid,1,542,38752,-24.0,56,1,0.5617,0.016679
DQN,deceptive_grid,1,543,38788,-18.32,36,1,0.5613,0.014086
DQN,deceptive_grid,1,544,38854,-61.73,66,1,0.5606,0.015389
DQN,deceptive_grid,1,545,38899,-31.18,45,1,0.5601,0.015004
DQN,deceptive_grid,1,546,38953,-38.17,54,1,0.5595,0.015171
DQN,deceptive_grid,1,547,38981,-4.38,28,1,0.5591,0.013645
DQN,deceptive_grid,1,548,38991,4.26,10,1,0.559,0.017085
DQN,deceptive_grid,1,549,39029,-14.55,38,1,0.5586,0.021331
DQN,deceptive_grid,1,550,39074,-23.6,45,1,0.5581,0.01834
DQN,deceptive_grid,1,551,39090,3.66,16,1,0.5579,0.016634
DQN,deceptive_grid,1,552,39138,-25.66,48,1,0.5574,0.013677
DQN,deceptive_grid,1,553,39156,-6.2,18,1,0.5572,0.017995
DQN,deceptive_grid,1,554,39177,-15.4,21,1,0.5569,0.018208
DQN,deceptive_grid,1,555,39241,-42.24,64,1,0.5562,0.015507
DQN,deceptive_grid,1,556,39278,-15.42,37,1,0.5558,0.014797
DQN,deceptive_grid,1,557,39298,-6.06,20,1,0.5556,0.013843
DQN,deceptive_grid,1,558,39324,-3.13,26,1,0.5553,0.015647
DQN,deceptive_grid,1,559,39359,-8.27,35,1,0.5549,0.013287
DQN,deceptive_grid,1,560,39395,-20.37,36,1,0.5545,0.013005
DQN,deceptive_grid,1,561,39401,9.09,6,1,0.5544,0.011403
DQN,deceptive_grid,1,562,39429,-9.29,28,1,0.5541,0.013123
DQN,deceptive_grid,1,563,39439,4.3,10,1,0.554,0.015165
DQN,deceptive_grid,1,564,39479,-19.24,40,1,0.5535,0.014527
DQN,deceptive_grid,1,565,39499,-0.06,20,1,0.5533,0.013483
DQN,deceptive_grid,1,566,39541,-18.97,42,1,0.5528,0.015484
DQN,deceptive_grid,1,567,39581,-43.41,40,1,0.5524,0.015601
DQN,deceptive_grid,1,568,39610,-18.24,29,1,0.552,0.016378
DQN,deceptive_grid,1,569,39632,8.79,22,1,0.5518,0.014777
DQN,deceptive_grid,1,570,39673,-16.5,41,1,0.5513,0.016929
DQN,deceptive_grid,1,571,39692,-3.94,19,1,0.5511,0.018066
DQN,deceptive_grid,1,572,39709,-13.65,17,1,0.5509,0.020863
DQN,deceptive_grid,1,573,39732,-16.93,23,1,0.5507,0.015174
DQN,deceptive_grid,1,574,39746,-3.58,14,1,0.5505,0.012854
DQN,deceptive_grid,1,575,39788,-24.32,42,1,0.55,0.013666
DQN,deceptive_grid,1,576,39803,-16.7,15,1,0.5498,0.016219
DQN,deceptive_grid,1,577,39841,-28.6,38,1,0.5494,0.012629
DQN,deceptive_grid,1,578,39859,-12.07,18,1,0.5492,0.013054
DQN,deceptive_grid,1,579,39918,-42.32,59,1,0.5485,0.01388
DQN,deceptive_grid,1,580,39952,-18.77,34,1,0.5482,0.014079
DQN,deceptive_grid,1,581,39976,-5.88,24,1,0.5479,0.011513
DQN,deceptive_grid,1,582,40003,3.21,27,1,0.5476,0.012007
DQN,deceptive_grid,1,583,40012,7.18,9,1,0.5475,0.014778
DQN,deceptive_grid,1,584,40082,-53.25,70,1,0.5467,0.018818
DQN,deceptive_grid,1,585,40135,-31.46,53,1,0.5461,0.013922
DQN,deceptive_grid,1,586,40183,-15.27,48,1,0.5455,0.014376
DQN,deceptive_grid,1,587,40230,-27.48,47,1,0.545,0.013675
DQN,deceptive_grid,1,588,40243,3.3,13,1,0.5449,0.013629
DQN,deceptive_grid,1,589,40278,-14.42,35,1,0.5445,0.009711
DQN,deceptive_grid,1,590,40324,-46.61,46,1,0.544,0.013005
DQN,deceptive_grid,1,591,40339,-10.3,15,1,0.5438,0.013764
DQN,deceptive_grid,1,592,40367,-8.48,28,1,0.5435,0.012555
DQN,deceptive_grid,1,593,40428,-51.66,61,1,0.5428,0.010502
DQN,deceptive_grid,1,594,40460,-18.43,32,1,0.5424,0.01337
DQN,deceptive_grid,1,595,40470,11.45,10,1,0.5423,0.010899
DQN,deceptive_grid,1,596,40484,3.37,14,1,0.5421,0.013498
DQN,deceptive_grid,1,597,40522,-10.11,38,1,0.5417,0.013241
DQN,deceptive_grid,1,598,40555,-6.38,33,1,0.5413,0.01723
DQN,deceptive_grid,1,599,40615,-49.16,60,1,0.5407,0.01392
DQN,deceptive_grid,1,600,40644,-1.38,29,1,0.5403,0.012098
DQN,deceptive_grid,2,1,200,-243.7,200,0,0.9977,
DQN,deceptive_grid,2,2,400,-214.38,200,0,0.9955,
DQN,deceptive_grid,2,3,600,-235.93,200,0,0.9932,
DQN,deceptive_grid,2,4,800,-222.79,200,0,0.991,
DQN,deceptive_grid,2,5,1000,-220.93,200,0,0.9887,0.71952
DQN,deceptive_grid,2,6,1121,-195.25,121,1,0.9873,0.5274
DQN,deceptive_grid,2,7,1321,-235.2,200,0,0.9851,0.313535
DQN,deceptive_grid,2,8,1521,-219.74,200,0,0.9828,0.254732
DQN,deceptive_grid,2,9,1721,-255.77,200,0,0.9805,0.263217
DQN,deceptive_grid,2,10,1921,-336.05,200,0,0.9783,0.263294
DQN,deceptive_grid,2,11,1932,2.32,11,1,0.9781,0.236721
DQN,deceptive_grid,2,12,2132,-264.09,200,0,0.9759,0.277307
DQN,deceptive_grid,2,13,2159,-21.58,27,1,0.9756,0.283151
DQN,deceptive_grid,2,14,2359,-253.35,200,0,0.9733,0.246785
DQN,deceptive_grid,2,15,2559,-277.43,200,0,0.9711,0.246966
DQN,deceptive_grid,2,16,2759,-260.11,200,0,0.9688,0.21971
DQN,deceptive_grid,2,17,2959,-292.92,200,0,0.9665,0.218247
DQN,deceptive_grid,2,18,3159,-193.9,200,0,0.9643,0.206392
DQN,deceptive_grid,2,19,3359,-190.82,200,0,0.962,0.191732
DQN,deceptive_grid,2,20,3559,-334.61,200,0,0.9597,0.189743
DQN,deceptive_grid,2,21,3759,-230.36,200,0,0.9575,0.173257
DQN,deceptive_grid,2,22,3959,-202.95,200,0,0.9552,0.171504
DQN,deceptive_grid,2,23,4159,-323.69,200,0,0.953,0.171983
DQN,deceptive_grid,2,24,4359,-208.47,200,0,0.9507,0.165057
DQN,deceptive_grid,2,25,4475,-114.06,116,1,0.9494,0.152736
DQN,deceptive_grid,2,26,4675,-269.88,200,0,0.9471,0.169045
DQN,deceptive_grid,2,27,4808,-148.48,133,1,0.9456,0.15674
DQN,deceptive_grid,2,28,4916,-101.33,108,1,0.9444,0.147044
DQN,deceptive_grid,2,29,5116,-296.17,200,0,0.9421,0.146049
DQN,deceptive_grid,2,30,5316,-238.76,200,0,0.9399,0.159251
DQN,deceptive_grid,2,31,5516,-175.54,200,0,0.9376,0.136467
DQN,deceptive_grid,2,32,5706,-180.81,190,1,0.9355,0.13682
DQN,deceptive_grid,2,33,5737,-17.65,31,1,0.9351,0.130498
DQN,deceptive_grid,2,34,5937,-253.95,200,0,0.9329,0.125796
DQN,deceptive_grid,2,35,5969,-18.56,32,1,0.9325,0.125348
DQN,deceptive_grid,2,36,6003,-27.11,34,1,0.9321,0.124695
DQN,deceptive_grid,2,37,6203,-304.47,200,0,0.9298,0.133854
DQN,deceptive_grid,2,38,6403,-237.51,200,0,0.9276,0.128248
DQN,deceptive_grid,2,39,6603,-228.33,200,0,0.9253,0.115015
DQN,deceptive_grid,2,40,6803,-188.69,200,0,0.9231,0.11798
DQN,deceptive_grid,2,41,7003,-189.31,200,0,0.9208,0.108603
DQN,deceptive_grid,2,42,7203,-253.65,200,0,0.9185,0.106482
DQN,deceptive_grid,2,43,7403,-226.97,200,0,0.9163,0.107677
DQN,deceptive_grid,2,44,7603,-208.56,200,0,0.914,0.107655
DQN,deceptive_grid,2,45,7803,-286.6,200,0,0.9118,0.108179
DQN,deceptive_grid,2,46,8003,-262.98,200,0,0.9095,0.096674
DQN,deceptive_grid,2,47,8203,-273.99,200,0,0.9072,0.108926
DQN,deceptive_grid,2,48,8239,-36.78,36,1,0.9068,0.105024
DQN,deceptive_grid,2,49,8243,11.06,4,1,0.9068,0.099598
DQN,deceptive_grid,2,50,8443,-259.3,200,0,0.9045,0.101976
DQN,deceptive_grid,2,51,8641,-226.56,198,1,0.9023,0.11499
DQN,deceptive_grid,2,52,8692,-52.16,51,1,0.9017,0.104479
DQN,deceptive_grid,2,53,8866,-142.97,174,1,0.8997,0.094541
DQN,deceptive_grid,2,54,9054,-209.4,188,1,0.8976,0.109075
DQN,deceptive_grid,2,55,9254,-291.4,200,0,0.8953,0.118802
DQN,deceptive_grid,2,56,9436,-236.66,182,1,0.8933,0.103104
DQN,deceptive_grid,2,57,9636,-280.44,200,0,0.891,0.116279
DQN,deceptive_grid,2,58,9836,-221.03,200,0,0.8888,0.107078
DQN,deceptive_grid,2,59,9986,-153.62,150,1,0.8871,0.092034
DQN,deceptive_grid,2,60,10143,-132.39,157,1,0.8853,0.113853
DQN,deceptive_grid,2,61,10163,-5.27,20,1,0.8851,0.130392
DQN,deceptive_grid,2,62,10363,-184.17,200,0,0.8828,0.105646
DQN,deceptive_grid,2,63,10563,-234.72,200,0,0.8805,0.106163
DQN,deceptive_grid,2,64,10602,-29.89,39,1,0.8801,0.130242
DQN,deceptive_grid,2,65,10667,-63.05,65,1,0.8794,0.115836
DQN,deceptive_grid,2,66,10858,-192.81,191,1,0.8772,0.112577
DQN,deceptive_grid,2,67,10949,-87.07,91,1,0.8762,0.102869
DQN,deceptive_grid,2,68,11059,-129.56,110,1,0.8749,0.125051
DQN,deceptive_grid,2,69,11259,-224.81,200,0,0.8727,0.126334
DQN,deceptive_grid,2,70,11459,-337.22,200,0,0.8704,0.111518
DQN,deceptive_grid,2,71,11659,-246.69,200,0,0.8681,0.13354
DQN,deceptive_grid,2,72,11800,-148.57,141,1,0.8665,0.122781
DQN,deceptive_grid,2,73,12000,-226.59,200,0,0.8643,0.111524
DQN,deceptive_grid,2,74,12159,-169.41,159,1,0.8625,0.156734
DQN,deceptive_grid,2,75,12175,-0.38,16,1,0.8623,0.131775
DQN,deceptive_grid,2,76,12247,-82.25,72,1,0.8615,0.1496
DQN,deceptive_grid,2,77,12441,-204.42,194,1,0.8593,0.134691
DQN,deceptive_grid,2,78,12457,-8.61,16,1,0.8591,0.140153
DQN,deceptive_grid,2,79,12608,-158.82,151,1,0.8574,0.156309
DQN,deceptive_grid,2,80,12808,-254.99,200,0,0.8551,0.154849
DQN,deceptive_grid,2,81,12971,-149.07,163,1,0.8533,0.135754
DQN,deceptive_grid,2,82,12998,-18.57,27,1,0.853,0.131582
DQN,deceptive_grid,2,83,13068,-70.92,70,1,0.8522,0.194448
DQN,deceptive_grid,2,84,13143,-65.83,75,1,0.8514,0.171187
DQN,deceptive_grid,2,85,13343,-184.89,200,0,0.8491,0.155463
DQN,deceptive_grid,2,86,13440,-98.52,97,1,0.848,0.140683
DQN,deceptive_grid,2,87,13640,-234.66,200,0,0.8457,0.161254
DQN,deceptive_grid,2,88,13840,-221.31,200,0,0.8435,0.155105
DQN,deceptive_grid,2,89,13980,-132.66,140,1,0.8419,0.156111
DQN,deceptive_grid,2,90,14049,-55.28,69,1,0.8411,0.193752
DQN,deceptive_grid,2,91,14120,-64.77,71,1,0.8403,0.191598
DQN,deceptive_grid,2,92,14234,-83.54,114,1,0.839,0.175522
DQN,deceptive_grid,2,93,14248,5.67,14,1,0.8389,0.154508
DQN,deceptive_grid,2,94,14372,-119.89,124,1,0.8375,0.161504
DQN,deceptive_grid,2,95,14572,-219.24,200,0,0.8352,0.176938
DQN,deceptive_grid,2,96,14712,-125.07,140,1,0.8336,0.181925
DQN,deceptive_grid,2,97,14860,-150.94,148,1,0.8319,0.159951
DQN,deceptive_grid,2,98,15060,-191.65,200,0,0.8297,0.179062
DQN,deceptive_grid,2,99,15260,-274.99,200,0,0.8274,0.172391
DQN,deceptive_grid,2,100,15370,-96.06,110,1,0.8262,0.156174
DQN,deceptive_grid,2,101,15402,-20.46,32,1,0.8258,0.148432
DQN,deceptive_grid,2,102,15602,-249.04,200,0,0.8235,0.18847
DQN,deceptive_grid,2,103,15755,-167.19,153,1,0.8218,0.183168
DQN,deceptive_grid,2,104,15814,-49.98,59,1,0.8212,0.179108
DQN,deceptive_grid,2,105,15981,-169.14,167,1,0.8193,0.158262
DQN,deceptive_grid,2,106,16104,-134.36,123,1,0.8179,0.211348
DQN,deceptive_grid,2,107,16304,-225.69,200,0,0.8156,0.173827
DQN,deceptive_grid,2,108,16362,-54.38,58,1,0.815,0.151813
DQN,deceptive_grid,2,109,16505,-146.01,143,1,0.8133,0.162977
DQN,deceptive_grid,2,110,16687,-194.0,182,1,0.8113,0.207614
DQN,deceptive_grid,2,111,16728,-34.29,41,1,0.8108,0.182117
DQN,deceptive_grid,2,112,16754,-10.33,26,1,0.8105,0.19246
DQN,deceptive_grid,2,113,16759,9.06,5,1,0.8105,0.167466
DQN,deceptive_grid,2,114,16959,-254.31,200,0,0.8082,0.18454
DQN,deceptive_grid,2,115,17086,-99.4,127,1,0.8068,0.200827
DQN,deceptive_grid,2,116,17153,-42.17,67,1,0.806,0.178559
DQN,deceptive_grid,2,117,17175,-11.15,22,1,0.8058,0.203854
DQN,deceptive_grid,2,118,17249,-61.11,74,1,0.8049,0.185244
DQN,deceptive_grid,2,119,17318,-45.22,69,1,0.8041,0.180726
DQN,deceptive_grid,2,120,17518,-212.21,200,0,0.8019,0.173405
DQN,deceptive_grid,2,121,17541,-17.27,23,1,0.8016,0.201053
DQN,deceptive_grid,2,122,17608,-50.11,67,1,0.8009,0.200449
DQN,deceptive_grid,2,123,17706,-96.86,98,1,0.7998,0.173331
DQN,deceptive_grid,2,124,17906,-180.81,200,0,0.7975,0.16892
DQN,deceptive_grid,2,125,17914,2.16,8,1,0.7974,0.158598
DQN,deceptive_grid,2,126,18114,-227.78,200,0,0.7951,0.193531
DQN,deceptive_grid,2,127,18239,-96.43,125,1,0.7937,0.183984
DQN,deceptive_grid,2,128,18330,-65.54,91,1,0.7927,0.183324
DQN,deceptive_grid,2,129,18409,-60.93,79,1,0.7918,0.169725
DQN,deceptive_grid,2,130,18519,-76.09,110,1,0.7906,0.171025
DQN,deceptive_grid,2,131,18547,-14.52,28,1,0.7902,0.184478
DQN,deceptive_grid,2,132,18670,-127.67,123,1,0.7889,0.170948
DQN,deceptive_grid,2,133,18833,-171.76,163,1,0.787,0.163756
DQN,deceptive_grid,2,134,18985,-131.21,152,1,0.7853,0.147601
DQN,deceptive_grid,2,135,19152,-147.44,167,1,0.7834,0.171314
DQN,deceptive_grid,2,136,19323,-169.49,171,1,0.7815,0.153496
DQN,deceptive_grid,2,137,19444,-113.85,121,1,0.7801,0.145026
DQN,deceptive_grid,2,138,19500,-39.59,56,1,0.7795,0.142845
DQN,deceptive_grid,2,139,19536,-23.23,36,1,0.7791,0.191943
DQN,deceptive_grid,2,140,19615,-74.53,79,1,0.7782,0.149821
DQN,deceptive_grid,2,141,19688,-49.18,73,1,0.7773,0.148452
DQN,deceptive_grid,2,142,19818,-148.24,130,1,0.7759,0.127441
DQN,deceptive_grid,2,143,19955,-143.36,137,1,0.7743,0.128943
DQN,deceptive_grid,2,144,19981,-3.69,26,1,0.774,0.113016
DQN,deceptive_grid,2,145,20068,-107.13,87,1,0.773,0.163867
DQN,deceptive_grid,2,146,20099,-29.87,31,1,0.7727,0.131769
DQN,deceptive_grid,2,147,20220,-109.37,121,1,0.7713,0.133368
DQN,deceptive_grid,2,148,20259,-24.91,39,1,0.7709,0.125367
DQN,deceptive_grid,2,149,20288,-5.42,29,1,0.7706,0.125665
DQN,deceptive_grid,2,150,20322,-14.49,34,1,0.7702,0.115108
DQN,deceptive_grid,2,151,20360,-12.85,38,1,0.7697,0.121483
DQN,deceptive_grid,2,152,20455,-107.14,95,1,0.7687,0.118952
DQN,deceptive_grid,2,153,20611,-182.5,156,1,0.7669,0.146113
DQN,deceptive_grid,2,154,20665,-39.84,54,1,0.7663,0.134349
DQN,deceptive_grid,2,155,20789,-158.16,124,1,0.7649,0.138536
DQN,deceptive_grid,2,156,20830,-8.38,41,1,0.7644,0.12663
DQN,deceptive_grid,2,157,20942,-109.21,112,1,0.7632,0.120136
DQN,deceptive_grid,2,158,21010,-53.35,68,1,0.7624,0.138817
DQN,deceptive_grid,2,159,21023,-2.49,13,1,0.7622,0.193164
DQN,deceptive_grid,2,160,21078,-39.87,55,1,0.7616,0.161545
DQN,deceptive_grid,2,161,21151,-51.11,73,1,0.7608,0.138011
DQN,deceptive_grid,2,162,21242,-62.32,91,1,0.7598,0.127139
DQN,deceptive_grid,2,163,21292,-35.91,50,1,0.7592,0.126582
DQN,deceptive_grid,2,164,21359,-41.65,67,1,0.7584,0.115925
DQN,deceptive_grid,2,165,21387,-3.1,28,1,0.7581,0.112707
DQN,deceptive_grid,2,166,21406,-5.24,19,1,0.7579,0.106276
DQN,deceptive_grid,2,167,21463,-39.25,57,1,0.7573,0.119077
DQN,deceptive_grid,2,168,21473,5.27,10,1,0.7572,0.098881
DQN,deceptive_grid,2,169,21546,-56.85,73,1,0.7563,0.133426
DQN,deceptive_grid,2,170,21635,-69.82,89,1,0.7553,0.12313
DQN,deceptive_grid,2,171,21757,-96.13,122,1,0.7539,0.105263
DQN,deceptive_grid,2,172,21805,-38.19,48,1,0.7534,0.109778
DQN,deceptive_grid,2,173,21841,-13.52,36,1,0.753,0.099504
DQN,deceptive_grid,2,174,21981,-123.87,140,1,0.7514,0.099451
DQN,deceptive_grid,2,175,21993,4.44,12,1,0.7513,0.10658
DQN,deceptive_grid,2,176,22013,-3.34,20,1,0.751,0.182567
DQN,deceptive_grid,2,177,22094,-74.42,81,1,0.7501,0.124331
DQN,deceptive_grid,2,178,22287,-182.59,193,1,0.7479,0.102882
DQN,deceptive_grid,2,179,22311,-1.54,24,1,0.7477,0.094557
DQN,deceptive_grid,2,180,22385,-42.28,74,1,0.7468,0.096407
DQN,deceptive_grid,2,181,22422,-17.71,37,1,0.7464,0.085094
DQN,deceptive_grid,2,182,22456,-15.79,34,1,0.746,0.092954
DQN,deceptive_grid,2,183,22547,-84.21,91,1,0.745,0.115201
DQN,deceptive_grid,2,184,22669,-142.28,122,1,0.7436,0.103169
DQN,deceptive_grid,2,185,22735,-42.71,66,1,0.7429,0.094743
DQN,deceptive_grid,2,186,22836,-95.2,101,1,0.7417,0.088057
DQN,deceptive_grid,2,187,22898,-49.51,62,1,0.741,0.088011
DQN,deceptive_grid,2,188,23040,-116.78,142,1,0.7394,0.100723
DQN,deceptive_grid,2,189,23064,-3.92,24,1,0.7392,0.106103
DQN,deceptive_grid,2,190,23171,-86.31,107,1,0.7379,0.089383
DQN,deceptive_grid,2,191,23241,-63.19,70,1,0.7372,0.079314
DQN,deceptive_grid,2,192,23315,-76.0,74,1,0.7363,0.07718
DQN,deceptive_grid,2,193,23332,-13.6,17,1,0.7361,0.070115
DQN,deceptive_grid,2,194,23387,-45.46,55,1,0.7355,0.071991
DQN,deceptive_grid,2,195,23445,-56.26,58,1,0.7348,0.079328
DQN,deceptive_grid,2,196,23553,-86.37,108,1,0.7336,0.095894
DQN,deceptive_grid,2,197,23578,-10.86,25,1,0.7333,0.083466
DQN,deceptive_grid,2,198,23704,-116.36,126,1,0.7319,0.076693
DQN,deceptive_grid,2,199,23725,-23.22,21,1,0.7317,0.079922
DQN,deceptive_grid,2,200,23789,-51.85,64,1,0.731,0.0741
DQN,deceptive_grid,2,201,23843,-51.2,54,1,0.7303,0.078793
DQN,deceptive_grid,2,202,23911,-60.28,68,1,0.7296,0.067258
DQN,deceptive_grid,2,203,23945,-13.17,34,1,0.7292,0.067467
DQN,deceptive_grid,2,204,24116,-170.01,171,1,0.7273,0.080117
DQN,deceptive_grid,2,205,24222,-91.04,106,1,0.7261,0.06063
DQN,deceptive_grid,2,206,24295,-53.57,73,1,0.7252,0.058277
DQN,deceptive_grid,2,207,24358,-36.44,63,1,0.7245,0.067242
DQN,deceptive_grid,2,208,24468,-124.48,110,1,0.7233,0.057654
DQN,deceptive_grid,2,209,24501,-24.24,33,1,0.7229,0.057133
DQN,deceptive_grid,2,210,24504,11.03,3,1,0.7229,0.133031
DQN,deceptive_grid,2,211,24532,-9.1,28,1,0.7226,0.087635
DQN,deceptive_grid,2,212,24566,-15.95,34,1,0.7222,0.067466
DQN,deceptive_grid,2,213,24678,-82.95,112,1,0.7209,0.064666
DQN,deceptive_grid,2,214,24739,-42.17,61,1,0.7202,0.060246
DQN,deceptive_grid,2,215,24774,-32.75,35,1,0.7198,0.067486
DQN,deceptive_grid,2,216,24899,-123.32,125,1,0.7184,0.05326
DQN,deceptive_grid,2,217,24934,-39.17,35,1,0.718,0.04989
DQN,deceptive_grid,2,218,24950,2.9,16,1,0.7178,0.050093
DQN,deceptive_grid,2,219,25024,-70.61,74,1,0.717,0.063541
DQN,deceptive_grid,2,220,25073,-39.75,49,1,0.7164,0.063519
DQN,deceptive_grid,2,221,25091,-6.22,18,1,0.7162,0.054791
DQN,deceptive_grid,2,222,25187,-67.26,96,1,0.7151,0.054772
DQN,deceptive_grid,2,223,25196,7.28,9,1,0.715,0.046847
DQN,deceptive_grid,2,224,25257,-31.03,61,1,0.7144,0.052124
DQN,deceptive_grid,2,225,25322,-45.74,65,1,0.7136,0.05486
DQN,deceptive_grid,2,226,25361,-21.76,39,1,0.7132,0.052809
DQN,deceptive_grid,2,227,25396,-12.1,35,1,0.7128,0.049047
DQN,deceptive_grid,2,228,25421,-3.76,25,1,0.7125,0.04435
DQN,deceptive_grid,2,229,25431,7.25,10,1,0.7124,0.050988
DQN,deceptive_grid,2,230,25443,0.26,12,1,0.7123,0.041126
DQN,deceptive_grid,2,231,25470,-21.33,27,1,0.7119,0.046915
DQN,deceptive_grid,2,232,25475,11.1,5,1,0.7119,0.036377
DQN,deceptive_grid,2,233,25515,-18.31,40,1,0.7114,0.063527
DQN,deceptive_grid,2,234,25520,7.06,5,1,0.7114,0.06859
DQN,deceptive_grid,2,235,25621,-100.11,101,1,0.7102,0.050815
DQN,deceptive_grid,2,236,25789,-154.4,168,1,0.7083,0.043888
DQN,deceptive_grid,2,237,25828,-22.11,39,1,0.7079,0.044011
DQN,deceptive_grid,2,238,25841,-9.5,13,1,0.7078,0.038864
DQN,deceptive_grid,2,239,25849,4.22,8,1,0.7077,0.055802
DQN,deceptive_grid,2,240,25871,-7.7,22,1,0.7074,0.039791
DQN,deceptive_grid,2,241,25893,-7.25,22,1,0.7072,0.050251
DQN,deceptive_grid,2,242,25991,-89.58,98,1,0.7061,0.037234
DQN,deceptive_grid,2,243,26082,-70.23,91,1,0.705,0.052498
DQN,deceptive_grid,2,244,26187,-80.74,105,1,0.7038,0.046221
DQN,deceptive_grid,2,245,26265,-70.17,78,1,0.703,0.04252
DQN,deceptive_grid,2,246,26308,-29.72,43,1,0.7025,0.03825
DQN,deceptive_grid,2,247,26490,-162.07,182,1,0.7004,0.036617
DQN,deceptive_grid,2,248,26579,-83.26,89,1,0.6994,0.046679
DQN,deceptive_grid,2,249,26615,-23.59,36,1,0.699,0.037365
DQN,deceptive_grid,2,250,26694,-65.97,79,1,0.6981,0.038969
DQN,deceptive_grid,2,251,26756,-54.53,62,1,0.6974,0.037937
DQN,deceptive_grid,2,252,26769,1.34,13,1,0.6973,0.039499
DQN,deceptive_grid,2,253,26800,-27.65,31,1,0.6969,0.036116
DQN,deceptive_grid,2,254,26828,-13.61,28,1,0.6966,0.034591
DQN,deceptive_grid,2,255,26873,-30.75,45,1,0.6961,0.033878
DQN,deceptive_grid,2,256,26956,-89.55,83,1,0.6951,0.032128
DQN,deceptive_grid,2,257,27044,-97.51,88,1,0.6941,0.040592
DQN,deceptive_grid,2,258,27045,11.0,1,1,0.6941,0.04872
DQN,deceptive_grid,2,259,27149,-105.28,104,1,0.693,0.039544
DQN,deceptive_grid,2,260,27189,-15.28,40,1,0.6925,0.03329
DQN,deceptive_grid,2,261,27234,-35.49,45,1,0.692,0.036878
DQN,deceptive_grid,2,262,27247,-1.72,13,1,0.6918,0.043723
DQN,deceptive_grid,2,263,27293,-46.29,46,1,0.6913,0.034179
DQN,deceptive_grid,2,264,27371,-81.37,78,1,0.6904,0.033497
DQN,deceptive_grid,2,265,27434,-31.95,63,1,0.6897,0.028614
DQN,deceptive_grid,2,266,27445,0.26,11,1,0.6896,0.034281
DQN,deceptive_grid,2,267,27474,-19.6,29,1,0.6893,0.032377
DQN,deceptive_grid,2,268,27566,-64.05,92,1,0.6882,0.042237
DQN,deceptive_grid,2,269,27664,-101.66,98,1,0.6871,0.033576
DQN,deceptive_grid,2,270,27696,-12.48,32,1,0.6868,0.03418
DQN,deceptive_grid,2,271,27765,-61.32,69,1,0.686,0.02961
DQN,deceptive_grid,2,272,27812,-44.14,47,1,0.6855,0.025216
DQN,deceptive_grid,2,273,27853,-4.92,41,1,0.685,0.029004
DQN,deceptive_grid,2,274,27880,-12.7,27,1,0.6847,0.029169
DQN,deceptive_grid,2,275,27941,-38.47,61,1,0.684,0.029843
DQN,deceptive_grid,2,276,28011,-51.0,70,1,0.6832,0.031938
DQN,deceptive_grid,2,277,28076,-44.25,65,1,0.6825,0.041997
DQN,deceptive_grid,2,278,28176,-121.59,100,1,0.6813,0.032114
DQN,deceptive_grid,2,279,28258,-71.67,82,1,0.6804,0.030178
DQN,deceptive_grid,2,280,28305,-21.97,47,1,0.6799,0.032
DQN,deceptive_grid,2,281,28351,-30.21,46,1,0.6794,0.031068
DQN,deceptive_grid,2,282,28405,-19.53,54,1,0.6788,0.028408
DQN,deceptive_grid,2,283,28424,-6.15,19,1,0.6785,0.027607
DQN,deceptive_grid,2,284,28507,-49.38,83,1,0.6776,0.029877
DQN,deceptive_grid,2,285,28565,-35.44,58,1,0.6769,0.039326
DQN,deceptive_grid,2,286,28575,5.31,10,1,0.6768,0.03977
DQN,deceptive_grid,2,287,28601,-19.42,26,1,0.6765,0.037101
DQN,deceptive_grid,2,288,28652,-39.23,51,1,0.676,0.029909
DQN,deceptive_grid,2,289,28702,-22.11,50,1,0.6754,0.030604
DQN,deceptive_grid,2,290,28766,-55.19,64,1,0.6747,0.027457
DQN,deceptive_grid,2,291,28824,-51.98,58,1,0.674,0.030174
DQN,deceptive_grid,2,292,28866,-23.85,42,1,0.6735,0.02888
DQN,deceptive_grid,2,293,28920,-38.45,54,1,0.6729,0.025747
DQN,deceptive_grid,2,294,28967,-37.96,47,1,0.6724,0.030656
DQN,deceptive_grid,2,295,29012,-29.55,45,1,0.6719,0.033744
DQN,deceptive_grid,2,296,29034,-6.95,22,1,0.6716,0.03209
DQN,deceptive_grid,2,297,29088,-49.57,54,1,0.671,0.041628
DQN,deceptive_grid,2,298,29141,-14.94,53,1,0.6704,0.032063
DQN,deceptive_grid,2,299,29248,-97.38,107,1,0.6692,0.032656
DQN,deceptive_grid,2,300,29304,-62.39,56,1,0.6686,0.027418
DQN,deceptive_grid,2,301,29375,-63.59,71,1,0.6678,0.031698
DQN,deceptive_grid,2,302,29416,-33.27,41,1,0.6673,0.033906
DQN,deceptive_grid,2,303,29439,-2.07,23,1,0.6671,0.030627
DQN,deceptive_grid,2,304,29525,-59.44,86,1,0.6661,0.031166
DQN,deceptive_grid,2,305,29582,-55.57,57,1,0.6654,0.035244
DQN,deceptive_grid,2,306,29617,-23.18,35,1,0.665,0.029196
DQN,deceptive_grid,2,307,29668,-44.12,51,1,0.6645,0.026413
DQN,deceptive_grid,2,308,29730,-40.89,62,1,0.6638,0.025818
DQN,deceptive_grid,2,309,29821,-80.2,91,1,0.6627,0.024134
DQN,deceptive_grid,2,310,29884,-73.12,63,1,0.662,0.025244
DQN,deceptive_grid,2,311,29919,-15.16,35,1,0.6616,0.030621
DQN,deceptive_grid,2,312,30010,-62.24,91,1,0.6606,0.027759
DQN,deceptive_grid,2,313,30027,-1.17,17,1,0.6604,0.030687
DQN,deceptive_grid,2,314,30114,-79.4,87,1,0.6594,0.029776
DQN,deceptive_grid,2,315,30137,-8.41,23,1,0.6592,0.031727
DQN,deceptive_grid,2,316,30161,-19.96,24,1,0.6589,0.037468
DQN,deceptive_grid,2,317,30190,-7.51,29,1,0.6586,0.030219
DQN,deceptive_grid,2,318,30270,-66.73,80,1,0.6577,0.028236
DQN,deceptive_grid,2,319,30299,-12.13,29,1,0.6573,0.029829
DQN,deceptive_grid,2,320,30312,5.68,13,1,0.6572,0.025489
DQN,deceptive_grid,2,321,30415,-102.49,103,1,0.656,0.025927
DQN,deceptive_grid,2,322,30455,-18.8,40,1,0.6556,0.026284
DQN,deceptive_grid,2,323,30491,-36.91,36,1,0.6552,0.025555
DQN,deceptive_grid,2,324,30567,-45.55,76,1,0.6543,0.033803
DQN,deceptive_grid,2,325,30584,-4.09,17,1,0.6541,0.034495
DQN,deceptive_grid,2,326,30658,-57.77,74,1,0.6533,0.031719
DQN,deceptive_grid,2,327,30670,3.34,12,1,0.6531,0.023177
DQN,deceptive_grid,2,328,30718,-30.92,48,1,0.6526,0.025163
DQN,deceptive_grid,2,329,30743,-7.48,25,1,0.6523,0.029205
DQN,deceptive_grid,2,330,30788,-18.78,45,1,0.6518,0.025844
DQN,deceptive_grid,2,331,30840,-23.46,52,1,0.6512,0.029954
DQN,deceptive_grid,2,332,30857,-3.55,17,1,0.651,0.027637
DQN,deceptive_grid,2,333,30860,11.03,3,1,0.651,0.027446
DQN,deceptive_grid,2,334,30939,-86.8,79,1,0.6501,0.025937
DQN,deceptive_grid,2,335,30990,-43.27,51,1,0.6495,0.02591
DQN,deceptive_grid,2,336,31022,-19.63,32,1,0.6492,0.035563
DQN,deceptive_grid,2,337,31047,-22.33,25,1,0.6489,0.03185
DQN,deceptive_grid,2,338,31056,-2.83,9,1,0.6488,0.026324
DQN,deceptive_grid,2,339,31073,-11.6,17,1,0.6486,0.028044
DQN,deceptive_grid,2,340,31115,-21.06,42,1,0.6481,0.027085
DQN,deceptive_grid,2,341,31183,-42.07,68,1,0.6473,0.024638
DQN,deceptive_grid,2,342,31243,-32.66,60,1,0.6467,0.025378
DQN,deceptive_grid,2,343,31264,-2.99,21,1,0.6464,0.023912
DQN,deceptive_grid,2,344,31413,-138.2,149,1,0.6447,0.024282
DQN,deceptive_grid,2,345,31461,-44.28,48,1,0.6442,0.024897
DQN,deceptive_grid,2,346,31518,-25.63,57,1,0.6435,0.026104
DQN,deceptive_grid,2,347,31588,-57.05,70,1,0.6428,0.026778
DQN,deceptive_grid,2,348,31650,-55.71,62,1,0.6421,0.026441
DQN,deceptive_grid,2,349,31751,-70.52,101,1,0.6409,0.024936
DQN,deceptive_grid,2,350,31769,-1.47,18,1,0.6407,0.023419
DQN,deceptive_grid,2,351,31845,-60.12,76,1,0.6398,0.022969
DQN,deceptive_grid,2,352,31948,-80.29,103,1,0.6387,0.020282
DQN,deceptive_grid,2,353,32002,-25.39,54,1,0.6381,0.023052
DQN,deceptive_grid,2,354,32022,4.24,20,1,0.6378,0.035875
DQN,deceptive_grid,2,355,32062,-16.42,40,1,0.6374,0.031644
DQN,deceptive_grid,2,356,32087,-1.74,25,1,0.6371,0.030069
DQN,deceptive_grid,2,357,32189,-93.72,102,1,0.636,0.026572
DQN,deceptive_grid,2,358,32214,-7.92,25,1,0.6357,0.025195
DQN,deceptive_grid,2,359,32259,-52.19,45,1,0.6352,0.022932
DQN,deceptive_grid,2,360,32313,-54.42,54,1,0.6346,0.023737
DQN,deceptive_grid,2,361,32379,-49.62,66,1,0.6338,0.022563
DQN,deceptive_grid,2,362,32400,-5.17,21,1,0.6336,0.025046
DQN,deceptive_grid,2,363,32443,-35.87,43,1,0.6331,0.024641
DQN,deceptive_grid,2,364,32495,-47.23,52,1,0.6325,0.022497
DQN,deceptive_grid,2,365,32515,-7.35,20,1,0.6323,0.029405
DQN,deceptive_grid,2,366,32609,-100.33,94,1,0.6312,0.024407
DQN,deceptive_grid,2,367,32683,-66.64,74,1,0.6304,0.020623
DQN,deceptive_grid,2,368,32727,-23.51,44,1,0.6299,0.019583
DQN,deceptive_grid,2,369,32775,-12.1,48,1,0.6293,0.018829
DQN,deceptive_grid,2,370,32834,-20.61,59,1,0.6287,0.018554
DQN,deceptive_grid,2,371,32841,9.15,7,1,0.6286,0.020161
DQN,deceptive_grid,2,372,32861,-0.12,20,1,0.6284,0.019538
DQN,deceptive_grid,2,373,32889,-13.41,28,1,0.628,0.021023
DQN,deceptive_grid,2,374,32917,-10.14,28,1,0.6277,0.018459
DQN,deceptive_grid,2,375,32961,-33.21,44,1,0.6272,0.019723
DQN,deceptive_grid,2,376,33054,-54.42,93,1,0.6262,0.019279
DQN,deceptive_grid,2,377,33082,-8.47,28,1,0.6259,0.01879
DQN,deceptive_grid,2,378,33089,2.15,7,1,0.6258,0.019736
DQN,deceptive_grid,2,379,33112,-1.65,23,1,0.6255,0.024312
DQN,deceptive_grid,2,380,33128,5.86,16,1,0.6253,0.016731
DQN,deceptive_grid,2,381,33149,-8.09,21,1,0.6251,0.020003
DQN,deceptive_grid,2,382,33156,7.19,7,1,0.625,0.018355
DQN,deceptive_grid,2,383,33173,-3.46,17,1,0.6248,0.022489
DQN,deceptive_grid,2,384,33235,-47.56,62,1,0.6241,0.021497
DQN,deceptive_grid,2,385,33310,-49.45,75,1,0.6233,0.020373
DQN,deceptive_grid,2,386,33322,5.42,12,1,0.6231,0.019768
DQN,deceptive_grid,2,387,33366,-14.27,44,1,0.6226,0.016814
DQN,deceptive_grid,2,388,33409,-9.61,43,1,0.6222,0.016082
DQN,deceptive_grid,2,389,33474,-68.72,65,1,0.6214,0.017231
DQN,deceptive_grid,2,390,33532,-28.65,58,1,0.6208,0.020665
DQN,deceptive_grid,2,391,33586,-35.2,54,1,0.6202,0.019348
DQN,deceptive_grid,2,392,33625,-24.34,39,1,0.6197,0.020684
DQN,deceptive_grid,2,393,33661,-44.69,36,1,0.6193,0.018655
DQN,deceptive_grid,2,394,33719,-27.6,58,1,0.6187,0.017275
DQN,deceptive_grid,2,395,33740,-0.08,21,1,0.6184,0.020283
DQN,deceptive_grid,2,396,33789,-35.04,49,1,0.6179,0.015695
DQN,deceptive_grid,2,397,33828,-19.73,39,1,0.6174,0.01519
DQN,deceptive_grid,2,398,33877,-35.81,49,1,0.6169,0.01638
DQN,deceptive_grid,2,399,33943,-54.44,66,1,0.6161,0.015063
DQN,deceptive_grid,2,400,33960,6.06,17,1,0.6159,0.01375
DQN,deceptive_grid,2,401,34040,-38.46,80,1,0.615,0.017707
DQN,deceptive_grid,2,402,34055,0.44,15,1,0.6149,0.018007
DQN,deceptive_grid,2,403,34076,-10.24,21,1,0.6146,0.024068
DQN,deceptive_grid,2,404,34132,-25.97,56,1,0.614,0.016722
DQN,deceptive_grid,2,405,34159,-8.41,27,1,0.6137,0.017778
DQN,deceptive_grid,2,406,34204,-28.89,45,1,0.6132,0.019058
DQN,deceptive_grid,2,407,34249,-53.41,45,1,0.6127,0.019535
DQN,deceptive_grid,2,408,34316,-48.86,67,1,0.6119,0.016593
DQN,deceptive_grid,2,409,34330,1.49,14,1,0.6117,0.01204
DQN,deceptive_grid,2,410,34390,-36.99,60,1,0.6111,0.013768
DQN,deceptive_grid,2,411,34438,-24.35,48,1,0.6105,0.01383
DQN,deceptive_grid,2,412,34474,-19.11,36,1,0.6101,0.012813
DQN,deceptive_grid,2,413,34504,-10.86,30,1,0.6098,0.015417
DQN,deceptive_grid,2,414,34556,-25.85,52,1,0.6092,0.019085
DQN,deceptive_grid,2,415,34581,-8.97,25,1,0.6089,0.016285
DQN,deceptive_grid,2,416,34583,11.01,2,1,0.6089,0.021725
DQN,deceptive_grid,2,417,34610,-10.88,27,1,0.6086,0.019325
DQN,deceptive_grid,2,418,34630,1.9,20,1,0.6084,0.0162
DQN,deceptive_grid,2,419,34635,11.1,5,1,0.6083,0.017006
DQN,deceptive_grid,2,420,34692,-26.14,57,1,0.6077,0.016986
DQN,deceptive_grid,2,421,34759,-46.6,67,1,0.6069,0.016698
DQN,deceptive_grid,2,422,34766,7.13,7,1,0.6068,0.016201
DQN,deceptive_grid,2,423,34822,-31.8,56,1,0.6062,0.01522
DQN,deceptive_grid,2,424,34882,-33.28,60,1,0.6055,0.016119
DQN,deceptive_grid,2,425,34926,-14.32,44,1,0.605,0.014539
DQN,deceptive_grid,2,426,35004,-67.45,78,1,0.6041,0.013121
DQN,deceptive_grid,2,427,35018,-1.58,14,1,0.604,0.020881
DQN,deceptive_grid,2,428,35082,-43.46,64,1,0.6032,0.015923
DQN,deceptive_grid,2,429,35086,11.06,4,1,0.6032,0.011799
DQN,deceptive_grid,2,430,35131,-23.68,45,1,0.6027,0.01443
DQN,deceptive_grid,2,431,35160,-3.56,29,1,0.6024,0.015264
DQN,deceptive_grid,2,432,35182,11.01,22,1,0.6021,0.013457
DQN,deceptive_grid,2,433,35236,-26.97,54,1,0.6015,0.013152
DQN,deceptive_grid,2,434,35266,-9.85,30,1,0.6012,0.014922
DQN,deceptive_grid,2,435,35312,-12.71,46,1,0.6006,0.015008
DQN,deceptive_grid,2,436,35358,-24.55,46,1,0.6001,0.01375
DQN,deceptive_grid,2,437,35396,-17.86,38,1,0.5997,0.012834
DQN,deceptive_grid,2,438,35431,-9.58,35,1,0.5993,0.012507
DQN,deceptive_grid,2,439,35488,-49.13,57,1,0.5986,0.011212
DQN,deceptive_grid,2,440,35581,-72.49,93,1,0.5976,0.015226
DQN,deceptive_grid,2,441,35657,-61.09,76,1,0.5967,0.013069
DQN,deceptive_grid,2,442,35691,-10.63,34,1,0.5964,0.011791
DQN,deceptive_grid,2,443,35729,-10.53,38,1,0.5959,0.011868
DQN,deceptive_grid,2,444,35768,-32.86,39,1,0.5955,0.011762
DQN,deceptive_grid,2,445,35783,-1.45,15,1,0.5953,0.011428
DQN,deceptive_grid,2,446,35794,4.36,11,1,0.5952,0.010841
DQN,deceptive_grid,2,447,35801,9.19,7,1,0.5951,0.013728
DQN,deceptive_grid,2,448,35819,-0.55,18,1,0.5949,0.0123
DQN,deceptive_grid,2,449,35829,9.37,10,1,0.5948,0.009912
DQN,deceptive_grid,2,450,35845,3.56,16,1,0.5946,0.012123
DQN,deceptive_grid,2,451,35879,-5.97,34,1,0.5942,0.013096
DQN,deceptive_grid,2,452,35925,-22.85,46,1,0.5937,0.011497
DQN,deceptive_grid,2,453,35939,5.61,14,1,0.5935,0.011537
DQN,deceptive_grid,2,454,35987,-30.06,48,1,0.593,0.00986
DQN,deceptive_grid,2,455,36014,-5.31,27,1,0.5927,0.012471
DQN,deceptive_grid,2,456,36071,-32.38,57,1,0.5921,0.013651
DQN,deceptive_grid,2,457,36127,-39.53,56,1,0.5914,0.012652
DQN,deceptive_grid,2,458,36185,-35.41,58,1,0.5908,0.012428
DQN,deceptive_grid,2,459,36247,-27.95,62,1,0.5901,0.011888
DQN,deceptive_grid,2,460,36299,-19.45,52,1,0.5895,0.01203
DQN,deceptive_grid,2,461,36351,-38.14,52,1,0.5889,0.011173
DQN,deceptive_grid,2,462,36429,-52.16,78,1,0.588,0.01042
DQN,deceptive_grid,2,463,36489,-44.61,60,1,0.5873,0.011172
DQN,deceptive_grid,2,464,36521,-2.36,32,1,0.587,0.012736
DQN,deceptive_grid,2,465,36543,0.07,22,1,0.5867,0.015546
DQN,deceptive_grid,2,466,36618,-71.06,75,1,0.5859,0.01437
DQN,deceptive_grid,2,467,36677,-43.27,59,1,0.5852,0.012932
DQN,deceptive_grid,2,468,36747,-51.34,70,1,0.5844,0.0142
DQN,deceptive_grid,2,469,36805,-27.31,58,1,0.5838,0.01272
DQN,deceptive_grid,2,470,36853,-23.11,48,1,0.5832,0.012872
DQN,deceptive_grid,2,471,36863,7.21,10,1,0.5831,0.010411
DQN,deceptive_grid,2,472,36902,-17.56,39,1,0.5827,0.011849
DQN,deceptive_grid,2,473,36945,-27.97,43,1,0.5822,0.011438
DQN,deceptive_grid,2,474,37038,-79.33,93,1,0.5811,0.012782
DQN,deceptive_grid,2,475,37104,-37.33,66,1,0.5804,0.012421
DQN,deceptive_grid,2,476,37140,-17.12,36,1,0.58,0.009945
DQN,deceptive_grid,2,477,37175,-16.22,35,1,0.5796,0.011242
DQN,deceptive_grid,2,478,37237,-41.08,62,1,0.5789,0.01151
DQN,deceptive_grid,2,479,37247,7.35,10,1,0.5788,0.010295
DQN,deceptive_grid,2,480,37303,-31.48,56,1,0.5781,0.010951
DQN,deceptive_grid,2,481,37313,2.21,10,1,0.578,0.010396
DQN,deceptive_grid,2,482,37357,-29.61,44,1,0.5775,0.010602
DQN,deceptive_grid,2,483,37371,3.43,14,1,0.5774,0.007737
DQN,deceptive_grid,2,484,37394,-6.62,23,1,0.5771,0.009151
DQN,deceptive_grid,2,485,37441,-17.66,47,1,0.5766,0.010791
DQN,deceptive_grid,2,486,37473,-12.62,32,1,0.5762,0.010547
DQN,deceptive_grid,2,487,37487,-3.65,14,1,0.576,0.012278
DQN,deceptive_grid,2,488,37531,-36.77,44,1,0.5755,0.015363
DQN,deceptive_grid,2,489,37571,-9.24,40,1,0.5751,0.014758
DQN,deceptive_grid,2,490,37598,0.99,27,1,0.5748,0.012317
DQN,deceptive_grid,2,491,37648,-24.75,50,1,0.5742,0.012971
DQN,deceptive_grid,2,492,37674,-19.38,26,1,0.5739,0.011811
DQN,deceptive_grid,2,493,37740,-54.38,66,1,0.5732,0.010926
DQN,deceptive_grid,2,494,37781,-24.41,41,1,0.5727,0.01448
DQN,deceptive_grid,2,495,37794,5.52,13,1,0.5726,0.012026
DQN,deceptive_grid,2,496,37835,-30.34,41,1,0.5721,0.010516
DQN,deceptive_grid,2,497,37840,9.1,5,1,0.572,0.011562
DQN,deceptive_grid,2,498,37875,-8.29,35,1,0.5717,0.010199
DQN,deceptive_grid,2,499,37895,2.16,20,1,0.5714,0.009379
DQN,deceptive_grid,2,500,37973,-60.13,78,1,0.5705,0.010855
DQN,deceptive_grid,2,501,38022,-43.39,49,1,0.57,0.014125
DQN,deceptive_grid,2,502,38074,-21.3,52,1,0.5694,0.015553
DQN,deceptive_grid,2,503,38081,9.13,7,1,0.5693,0.017148
DQN,deceptive_grid,2,504,38131,-24.22,50,1,0.5688,0.014491
DQN,deceptive_grid,2,505,38144,2.63,13,1,0.5686,0.010052
DQN,deceptive_grid,2,506,38160,5.74,16,1,0.5684,0.012555
DQN,deceptive_grid,2,507,38191,-8.69,31,1,0.5681,0.010337
DQN,deceptive_grid,2,508,38211,-1.16,20,1,0.5679,0.01262
DQN,deceptive_grid,2,509,38242,-25.55,31,1,0.5675,0.013409
DQN,deceptive_grid,2,510,38313,-55.84,71,1,0.5667,0.011249
DQN,deceptive_grid,2,511,38337,-1.7,24,1,0.5664,0.010153
DQN,deceptive_grid,2,512,38366,-9.32,29,1,0.5661,0.009442
DQN,deceptive_grid,2,513,38420,-23.67,54,1,0.5655,0.009351
DQN,deceptive_grid,2,514,38456,-24.02,36,1,0.5651,0.008289
DQN,deceptive_grid,2,515,38507,-38.15,51,1,0.5645,0.009852
DQN,deceptive_grid,2,516,38555,-37.98,48,1,0.564,0.011908
DQN,deceptive_grid,2,517,38585,-3.19,30,1,0.5636,0.011282
DQN,deceptive_grid,2,518,38648,-43.61,63,1,0.5629,0.010218
DQN,deceptive_grid,2,519,38661,3.36,13,1,0.5628,0.010285
DQN,deceptive_grid,2,520,38691,-3.6,30,1,0.5624,0.010548
DQN,deceptive_grid,2,521,38719,-1.47,28,1,0.5621,0.009306
DQN,deceptive_grid,2,522,38746,-7.87,27,1,0.5618,0.009754
DQN,deceptive_grid,2,523,38789,-28.48,43,1,0.5613,0.008668
DQN,deceptive_grid,2,524,38846,-27.53,57,1,0.5607,0.009352
DQN,deceptive_grid,2,525,38855,7.26,9,1,0.5606,0.011441
DQN,deceptive_grid,2,526,38873,1.55,18,1,0.5604,0.010788
DQN,deceptive_grid,2,527,38911,-39.81,38,1,0.5599,0.009021
DQN,deceptive_grid,2,528,38973,-38.57,62,1,0.5592,0.008052
DQN,deceptive_grid,2,529,38990,-9.44,17,1,0.559,0.007848
DQN,deceptive_grid,2,530,39019,-3.84,29,1,0.5587,0.010755
DQN,deceptive_grid,2,531,39047,-12.93,28,1,0.5584,0.011439
DQN,deceptive_grid,2,532,39081,3.25,34,1,0.558,0.010054
DQN,deceptive_grid,2,533,39098,-11.17,17,1,0.5578,0.009327
DQN,deceptive_grid,2,534,39116,-16.55,18,1,0.5576,0.008839
DQN,deceptive_grid,2,535,39131,7.75,15,1,0.5574,0.009609
DQN,deceptive_grid,2,536,39157,-7.58,26,1,0.5572,0.011296
DQN,deceptive_grid,2,537,39208,-48.63,51,1,0.5566,0.012652
DQN,deceptive_grid,2,538,39244,-26.68,36,1,0.5562,0.011985
DQN,deceptive_grid,2,539,39291,-36.73,47,1,0.5556,0.010286
DQN,deceptive_grid,2,540,39359,-36.74,68,1,0.5549,0.008933
DQN,deceptive_grid,2,541,39401,-22.01,42,1,0.5544,0.010883
DQN,deceptive_grid,2,542,39438,-5.24,37,1,0.554,0.008297
DQN,deceptive_grid,2,543,39464,-24.78,26,1,0.5537,0.007999
DQN,deceptive_grid,2,544,39532,-49.76,68,1,0.5529,0.010746
DQN,deceptive_grid,2,545,39564,-15.19,32,1,0.5526,0.011463
DQN,deceptive_grid,2,546,39573,7.32,9,1,0.5524,0.010362
DQN,deceptive_grid,2,547,39610,-19.91,37,1,0.552,0.009995
DQN,deceptive_grid,2,548,39620,7.23,10,1,0.5519,0.009776
DQN,deceptive_grid,2,549,39636,7.8,16,1,0.5517,0.012565
DQN,deceptive_grid,2,550,39670,-12.08,34,1,0.5514,0.012838
DQN,deceptive_grid,2,551,39705,-13.98,35,1,0.551,0.010282
DQN,deceptive_grid,2,552,39708,11.03,3,1,0.5509,0.016494
DQN,deceptive_grid,2,553,39738,-0.95,30,1,0.5506,0.011104
DQN,deceptive_grid,2,554,39792,-18.09,54,1,0.55,0.010117
DQN,deceptive_grid,2,555,39845,-36.08,53,1,0.5494,0.008407
DQN,deceptive_grid,2,556,39895,-30.03,50,1,0.5488,0.009194
DQN,deceptive_grid,2,557,39957,-37.59,62,1,0.5481,0.008236
DQN,deceptive_grid,2,558,40027,-43.64,70,1,0.5473,0.010668
DQN,deceptive_grid,2,559,40058,-18.13,31,1,0.547,0.013211
DQN,deceptive_grid,2,560,40096,-24.55,38,1,0.5465,0.012011
DQN,deceptive_grid,2,561,40145,-23.76,49,1,0.546,0.010207
DQN,deceptive_grid,2,562,40181,-13.58,36,1,0.5456,0.011198
DQN,deceptive_grid,2,563,40214,-6.6,33,1,0.5452,0.011947
DQN,deceptive_grid,2,564,40228,5.67,14,1,0.545,0.007606
DQN,deceptive_grid,2,565,40273,-15.92,45,1,0.5445,0.010064
DQN,deceptive_grid,2,566,40316,-23.97,43,1,0.544,0.008727
DQN,deceptive_grid,2,567,40321,4.09,5,1,0.544,0.008171
DQN,deceptive_grid,2,568,40352,-23.25,31,1,0.5436,0.00895
DQN,deceptive_grid,2,569,40366,3.45,14,1,0.5435,0.008469
DQN,deceptive_grid,2,570,40438,-58.2,72,1,0.5427,0.008375
DQN,deceptive_grid,2,571,40477,-36.87,39,1,0.5422,0.008944
DQN,deceptive_grid,2,572,40505,-24.23,28,1,0.5419,0.009669
DQN,deceptive_grid,2,573,40560,-22.87,55,1,0.5413,0.012953
DQN,deceptive_grid,2,574,40611,-37.03,51,1,0.5407,0.012665
DQN,deceptive_grid,2,575,40626,7.87,15,1,0.5405,0.009994
DQN,deceptive_grid,2,576,40659,-17.14,33,1,0.5402,0.011497
DQN,deceptive_grid,2,577,40706,-37.26,47,1,0.5396,0.011484
DQN,deceptive_grid,2,578,40732,-18.36,26,1,0.5393,0.011606
DQN,deceptive_grid,2,579,40772,-12.08,40,1,0.5389,0.008864
DQN,deceptive_grid,2,580,40816,-46.06,44,1,0.5384,0.007976
DQN,deceptive_grid,2,581,40856,-6.7,40,1,0.5379,0.008191
DQN,deceptive_grid,2,582,40901,-18.51,45,1,0.5374,0.009273
DQN,deceptive_grid,2,583,40966,-53.9,65,1,0.5367,0.008363
DQN,deceptive_grid,2,584,41002,-21.7,36,1,0.5363,0.007883
DQN,deceptive_grid,2,585,41033,-2.45,31,1,0.5359,0.011842
DQN,deceptive_grid,2,586,41044,9.45,11,1,0.5358,0.012556
DQN,deceptive_grid,2,587,41070,-0.97,26,1,0.5355,0.012166
DQN,deceptive_grid,2,588,41144,-48.27,74,1,0.5347,0.010233
DQN,deceptive_grid,2,589,41165,1.18,21,1,0.5344,0.008904
DQN,deceptive_grid,2,590,41192,-9.73,27,1,0.5341,0.007667
DQN,deceptive_grid,2,591,41210,-1.17,18,1,0.5339,0.008828
DQN,deceptive_grid,2,592,41250,-17.95,40,1,0.5335,0.00999
DQN,deceptive_grid,2,593,41316,-48.57,66,1,0.5327,0.008368
DQN,deceptive_grid,2,594,41354,-5.09,38,1,0.5323,0.006702
DQN,deceptive_grid,2,595,41414,-41.63,60,1,0.5316,0.007549
DQN,deceptive_grid,2,596,41444,-3.46,30,1,0.5313,0.00809
DQN,deceptive_grid,2,597,41492,-38.41,48,1,0.5307,0.008881
DQN,deceptive_grid,2,598,41516,-5.96,24,1,0.5305,0.011894
DQN,deceptive_grid,2,599,41548,-18.64,32,1,0.5301,0.010621
DQN,deceptive_grid,2,600,41565,-9.38,17,1,0.5299,0.010834
