algo,grid,seed,episode,global_step,episode_return,episode_length,success,epsilon,mean_loss
DQN,deceptive_grid,0,1,200,-288.0,200,0,0.9983,
DQN,deceptive_grid,0,2,400,-252.0,200,0,0.9966,
DQN,deceptive_grid,0,3,600,-268.0,200,0,0.9949,
DQN,deceptive_grid,0,4,800,-284.0,200,0,0.9932,
DQN,deceptive_grid,0,5,1000,-252.0,200,0,0.9915,0.547429
DQN,deceptive_grid,0,6,1200,-252.0,200,0,0.9898,0.294993
DQN,deceptive_grid,0,7,1400,-272.0,200,0,0.9881,0.212131
DQN,deceptive_grid,0,8,1600,-292.0,200,0,0.9864,0.201594
DQN,deceptive_grid,0,9,1800,-244.0,200,0,0.9847,0.162303
DQN,deceptive_grid,0,10,2000,-328.0,200,0,0.983,0.130913
DQN,deceptive_grid,0,11,2200,-244.0,200,0,0.9813,0.137669
DQN,deceptive_grid,0,12,2217,-26.0,17,1,0.9812,0.113854
DQN,deceptive_grid,0,13,2417,-284.0,200,0,0.9795,0.116989
DQN,deceptive_grid,0,14,2617,-276.0,200,0,0.9778,0.124581
DQN,deceptive_grid,0,15,2817,-288.0,200,0,0.9761,0.096794
DQN,deceptive_grid,0,16,3017,-256.0,200,0,0.9744,0.09311
DQN,deceptive_grid,0,17,3217,-224.0,200,0,0.9727,0.068823
DQN,deceptive_grid,0,18,3417,-232.0,200,0,0.971,0.069348
DQN,deceptive_grid,0,19,3617,-268.0,200,0,0.9693,0.06715
DQN,deceptive_grid,0,20,3817,-308.0,200,0,0.9676,0.064638
DQN,deceptive_grid,0,21,4017,-280.0,200,0,0.9659,0.058295
DQN,deceptive_grid,0,22,4201,-241.0,184,1,0.9644,0.056244
DQN,deceptive_grid,0,23,4401,-276.0,200,0,0.9627,0.060399
DQN,deceptive_grid,0,24,4601,-284.0,200,0,0.961,0.054402
DQN,deceptive_grid,0,25,4801,-360.0,200,0,0.9593,0.040622
DQN,deceptive_grid,0,26,4816,-8.0,15,1,0.9591,0.065747
DQN,deceptive_grid,0,27,5016,-300.0,200,0,0.9575,0.05938
DQN,deceptive_grid,0,28,5216,-252.0,200,0,0.9558,0.0498
DQN,deceptive_grid,0,29,5273,-54.0,57,1,0.9553,0.038457
DQN,deceptive_grid,0,30,5473,-280.0,200,0,0.9536,0.050165
DQN,deceptive_grid,0,31,5514,-46.0,41,1,0.9532,0.086109
DQN,deceptive_grid,0,32,5714,-264.0,200,0,0.9515,0.05352
DQN,deceptive_grid,0,33,5914,-256.0,200,0,0.9498,0.048473
DQN,deceptive_grid,0,34,5944,-43.0,30,1,0.9496,0.040204
DQN,deceptive_grid,0,35,6144,-260.0,200,0,0.9479,0.054863
DQN,deceptive_grid,0,36,6344,-232.0,200,0,0.9462,0.040904
DQN,deceptive_grid,0,37,6544,-232.0,200,0,0.9445,0.050412
DQN,deceptive_grid,0,38,6744,-256.0,200,0,0.9428,0.048129
DQN,deceptive_grid,0,39,6944,-288.0,200,0,0.9411,0.041516
DQN,deceptive_grid,0,40,7144,-260.0,200,0,0.9394,0.055749
DQN,deceptive_grid,0,41,7344,-240.0,200,0,0.9377,0.052643
DQN,deceptive_grid,0,42,7544,-224.0,200,0,0.936,0.047737
DQN,deceptive_grid,0,43,7744,-220.0,200,0,0.9343,0.036262
DQN,deceptive_grid,0,44,7944,-260.0,200,0,0.9326,0.035197
DQN,deceptive_grid,0,45,8144,-272.0,200,0,0.9309,0.037023
DQN,deceptive_grid,0,46,8344,-272.0,200,0,0.9292,0.044899
DQN,deceptive_grid,0,47,8423,-104.0,79,1,0.9286,0.038815
DQN,deceptive_grid,0,48,8623,-288.0,200,0,0.9269,0.049138
DQN,deceptive_grid,0,49,8823,-248.0,200,0,0.9252,0.037912
DQN,deceptive_grid,0,50,9023,-260.0,200,0,0.9235,0.043127
DQN,deceptive_grid,0,51,9069,-39.0,46,1,0.9231,0.040504
DQN,deceptive_grid,0,52,9250,-214.0,181,1,0.9215,0.03084
DQN,deceptive_grid,0,53,9450,-224.0,200,0,0.9198,0.040046
DQN,deceptive_grid,0,54,9650,-264.0,200,0,0.9181,0.044691
DQN,deceptive_grid,0,55,9850,-284.0,200,0,0.9165,0.049381
DQN,deceptive_grid,0,56,9863,-6.0,13,1,0.9163,0.077074
DQN,deceptive_grid,0,57,10063,-220.0,200,0,0.9146,0.040929
DQN,deceptive_grid,0,58,10147,-101.0,84,1,0.9139,0.031234
DQN,deceptive_grid,0,59,10286,-228.0,139,1,0.9128,0.039223
DQN,deceptive_grid,0,60,10486,-328.0,200,0,0.9111,0.041626
DQN,deceptive_grid,0,61,10495,2.0,9,1,0.911,0.051424
DQN,deceptive_grid,0,62,10695,-240.0,200,0,0.9093,0.044064
DQN,deceptive_grid,0,63,10895,-308.0,200,0,0.9076,0.050445
DQN,deceptive_grid,0,64,11095,-284.0,200,0,0.9059,0.054154
DQN,deceptive_grid,0,65,11295,-288.0,200,0,0.9042,0.048244
DQN,deceptive_grid,0,66,11495,-288.0,200,0,0.9025,0.037096
DQN,deceptive_grid,0,67,11695,-236.0,200,0,0.9008,0.063569
DQN,deceptive_grid,0,68,11895,-296.0,200,0,0.8991,0.054348
DQN,deceptive_grid,0,69,12095,-324.0,200,0,0.8974,0.043401
DQN,deceptive_grid,0,70,12295,-252.0,200,0,0.8957,0.054097
DQN,deceptive_grid,0,71,12495,-268.0,200,0,0.894,0.048521
DQN,deceptive_grid,0,72,12695,-336.0,200,0,0.8923,0.056188
DQN,deceptive_grid,0,73,12895,-300.0,200,0,0.8906,0.038627
DQN,deceptive_grid,0,74,13095,-252.0,200,0,0.8889,0.04474
DQN,deceptive_grid,0,75,13295,-296.0,200,0,0.8872,0.055036
DQN,deceptive_grid,0,76,13355,-77.0,60,1,0.8867,0.045656
DQN,deceptive_grid,0,77,13555,-260.0,200,0,0.885,0.048442
DQN,deceptive_grid,0,78,13755,-224.0,200,0,0.8833,0.059305
DQN,deceptive_grid,0,79,13955,-224.0,200,0,0.8816,0.038945
DQN,deceptive_grid,0,80,14155,-248.0,200,0,0.8799,0.067025
DQN,deceptive_grid,0,81,14339,-229.0,184,1,0.8784,0.041064
DQN,deceptive_grid,0,82,14534,-240.0,195,1,0.8767,0.058055
DQN,deceptive_grid,0,83,14734,-228.0,200,0,0.875,0.044203
DQN,deceptive_grid,0,84,14934,-236.0,200,0,0.8733,0.033436
DQN,deceptive_grid,0,85,15134,-220.0,200,0,0.8716,0.0511
DQN,deceptive_grid,0,86,15334,-272.0,200,0,0.8699,0.052217
DQN,deceptive_grid,0,87,15534,-240.0,200,0,0.8682,0.061637
DQN,deceptive_grid,0,88,15734,-292.0,200,0,0.8665,0.045399
DQN,deceptive_grid,0,89,15851,-166.0,117,1,0.8655,0.045046
DQN,deceptive_grid,0,90,16051,-232.0,200,0,0.8639,0.060373
DQN,deceptive_grid,0,91,16251,-264.0,200,0,0.8622,0.0513
DQN,deceptive_grid,0,92,16380,-150.0,129,1,0.8611,0.044158
DQN,deceptive_grid,0,93,16580,-248.0,200,0,0.8594,0.064051
DQN,deceptive_grid,0,94,16780,-276.0,200,0,0.8577,0.067028
DQN,deceptive_grid,0,95,16851,-72.0,71,1,0.8571,0.041202
DQN,deceptive_grid,0,96,17051,-300.0,200,0,0.8554,0.072998
DQN,deceptive_grid,0,97,17251,-264.0,200,0,0.8537,0.060559
DQN,deceptive_grid,0,98,17451,-240.0,200,0,0.852,0.051392
DQN,deceptive_grid,0,99,17651,-288.0,200,0,0.8503,0.072783
DQN,deceptive_grid,0,100,17676,-22.0,25,1,0.8501,0.12989
DQN,deceptive_grid,0,101,17797,-142.0,121,1,0.849,0.056454
DQN,deceptive_grid,0,102,17899,-143.0,102,1,0.8482,0.062818
DQN,deceptive_grid,0,103,18099,-236.0,200,0,0.8465,0.086601
DQN,deceptive_grid,0,104,18299,-276.0,200,0,0.8448,0.091606
DQN,deceptive_grid,0,105,18347,-53.0,48,1,0.8444,0.083096
DQN,deceptive_grid,0,106,18406,-76.0,59,1,0.8439,0.070839
DQN,deceptive_grid,0,107,18606,-316.0,200,0,0.8422,0.076944
DQN,deceptive_grid,0,108,18806,-252.0,200,0,0.8405,0.075653
DQN,deceptive_grid,0,109,18849,-36.0,43,1,0.8401,0.148104
DQN,deceptive_grid,0,110,19049,-256.0,200,0,0.8384,0.073052
DQN,deceptive_grid,0,111,19198,-178.0,149,1,0.8372,0.105387
DQN,deceptive_grid,0,112,19398,-220.0,200,0,0.8355,0.08238
DQN,deceptive_grid,0,113,19441,-64.0,43,1,0.8351,0.07879
DQN,deceptive_grid,0,114,19618,-198.0,177,1,0.8336,0.094345
DQN,deceptive_grid,0,115,19713,-124.0,95,1,0.8328,0.090052
DQN,deceptive_grid,0,116,19714,10.0,1,1,0.8328,0.44337
DQN,deceptive_grid,0,117,19914,-268.0,200,0,0.8311,0.085534
DQN,deceptive_grid,0,118,20114,-212.0,200,0,0.8294,0.105582
DQN,deceptive_grid,0,119,20146,-41.0,32,1,0.8291,0.081001
DQN,deceptive_grid,0,120,20346,-248.0,200,0,0.8274,0.113214
DQN,deceptive_grid,0,121,20546,-256.0,200,0,0.8257,0.083747
DQN,deceptive_grid,0,122,20746,-256.0,200,0,0.824,0.114276
DQN,deceptive_grid,0,123,20881,-176.0,135,1,0.8229,0.104887
DQN,deceptive_grid,0,124,21081,-228.0,200,0,0.8212,0.123371
DQN,deceptive_grid,0,125,21170,-86.0,89,1,0.8204,0.117563
DQN,deceptive_grid,0,126,21370,-272.0,200,0,0.8187,0.13345
DQN,deceptive_grid,0,127,21405,-36.0,35,1,0.8184,0.105517
DQN,deceptive_grid,0,128,21441,-45.0,36,1,0.8181,0.118223
DQN,deceptive_grid,0,129,21470,-30.0,29,1,0.8179,0.084213
DQN,deceptive_grid,0,130,21562,-109.0,92,1,0.8171,0.158367
DQN,deceptive_grid,0,131,21602,-41.0,40,1,0.8168,0.14705
DQN,deceptive_grid,0,132,21625,-16.0,23,1,0.8166,0.128825
DQN,deceptive_grid,0,133,21674,-62.0,49,1,0.8162,0.119676
DQN,deceptive_grid,0,134,21874,-244.0,200,0,0.8145,0.131473
DQN,deceptive_grid,0,135,21949,-104.0,75,1,0.8138,0.162925
DQN,deceptive_grid,0,136,22031,-111.0,82,1,0.8131,0.170432
DQN,deceptive_grid,0,137,22231,-236.0,200,0,0.8114,0.162617
DQN,deceptive_grid,0,138,22431,-228.0,200,0,0.8097,0.164526
DQN,deceptive_grid,0,139,22539,-141.0,108,1,0.8088,0.14919
DQN,deceptive_grid,0,140,22739,-244.0,200,0,0.8071,0.154022
DQN,deceptive_grid,0,141,22939,-236.0,200,0,0.8054,0.153019
DQN,deceptive_grid,0,142,23020,-78.0,81,1,0.8047,0.143394
DQN,deceptive_grid,0,143,23059,-36.0,39,1,0.8044,0.183103
DQN,deceptive_grid,0,144,23135,-81.0,76,1,0.8038,0.152639
DQN,deceptive_grid,0,145,23246,-136.0,111,1,0.8028,0.191689
DQN,deceptive_grid,0,146,23446,-240.0,200,0,0.8011,0.183662
DQN,deceptive_grid,0,147,23561,-136.0,115,1,0.8002,0.194041
DQN,deceptive_grid,0,148,23604,-52.0,43,1,0.7998,0.226179
DQN,deceptive_grid,0,149,23804,-308.0,200,0,0.7981,0.193976
DQN,deceptive_grid,0,150,24004,-308.0,200,0,0.7964,0.179608
DQN,deceptive_grid,0,151,24204,-248.0,200,0,0.7947,0.23674
DQN,deceptive_grid,0,152,24404,-320.0,200,0,0.793,0.213651
DQN,deceptive_grid,0,153,24441,-34.0,37,1,0.7927,0.212943
DQN,deceptive_grid,0,154,24535,-95.0,94,1,0.7919,0.209741
DQN,deceptive_grid,0,155,24702,-192.0,167,1,0.7905,0.249187
DQN,deceptive_grid,0,156,24877,-200.0,175,1,0.789,0.253102
DQN,deceptive_grid,0,157,25077,-296.0,200,0,0.7873,0.236596
DQN,deceptive_grid,0,158,25108,-48.0,31,1,0.787,0.310878
DQN,deceptive_grid,0,159,25308,-276.0,200,0,0.7853,0.244734
DQN,deceptive_grid,0,160,25346,-35.0,38,1,0.785,0.227245
DQN,deceptive_grid,0,161,25374,-21.0,28,1,0.7848,0.230644
DQN,deceptive_grid,0,162,25389,-4.0,15,1,0.7846,0.28495
DQN,deceptive_grid,0,163,25589,-256.0,200,0,0.783,0.231364
DQN,deceptive_grid,0,164,25789,-268.0,200,0,0.7813,0.239417
DQN,deceptive_grid,0,165,25989,-260.0,200,0,0.7796,0.28645
DQN,deceptive_grid,0,166,26056,-64.0,67,1,0.779,0.306722
DQN,deceptive_grid,0,167,26256,-312.0,200,0,0.7773,0.333373
DQN,deceptive_grid,0,168,26270,-15.0,14,1,0.7772,0.27574
DQN,deceptive_grid,0,169,26470,-252.0,200,0,0.7755,0.290014
DQN,deceptive_grid,0,170,26579,-118.0,109,1,0.7746,0.349856
DQN,deceptive_grid,0,171,26779,-296.0,200,0,0.7729,0.30359
DQN,deceptive_grid,0,172,26837,-67.0,58,1,0.7724,0.30838
DQN,deceptive_grid,0,173,26874,-26.0,37,1,0.7721,0.317459
DQN,deceptive_grid,0,174,27074,-296.0,200,0,0.7704,0.315319
DQN,deceptive_grid,0,175,27127,-62.0,53,1,0.7699,0.299937
DQN,deceptive_grid,0,176,27162,-28.0,35,1,0.7696,0.389791
DQN,deceptive_grid,0,177,27362,-248.0,200,0,0.7679,0.339973
DQN,deceptive_grid,0,178,27562,-280.0,200,0,0.7662,0.33805
DQN,deceptive_grid,0,179,27762,-284.0,200,0,0.7645,0.376353
DQN,deceptive_grid,0,180,27842,-93.0,80,1,0.7638,0.351792
DQN,deceptive_grid,0,181,27870,-29.0,28,1,0.7636,0.392316
DQN,deceptive_grid,0,182,27893,-20.0,23,1,0.7634,0.297314
DQN,deceptive_grid,0,183,27928,-48.0,35,1,0.7631,0.481037
DQN,deceptive_grid,0,184,27952,-13.0,24,1,0.7629,0.35223
DQN,deceptive_grid,0,185,27958,5.0,6,1,0.7629,0.275417
DQN,deceptive_grid,0,186,28158,-216.0,200,0,0.7612,0.427346
DQN,deceptive_grid,0,187,28358,-312.0,200,0,0.7595,0.41684
DQN,deceptive_grid,0,188,28408,-47.0,50,1,0.759,0.323854
DQN,deceptive_grid,0,189,28608,-272.0,200,0,0.7573,0.427936
DQN,deceptive_grid,0,190,28648,-45.0,40,1,0.757,0.399226
DQN,deceptive_grid,0,191,28702,-55.0,54,1,0.7565,0.422874
DQN,deceptive_grid,0,192,28778,-93.0,76,1,0.7559,0.431962
DQN,deceptive_grid,0,193,28827,-46.0,49,1,0.7555,0.435241
DQN,deceptive_grid,0,194,29027,-316.0,200,0,0.7538,0.430743
DQN,deceptive_grid,0,195,29192,-182.0,165,1,0.7524,0.46832
DQN,deceptive_grid,0,196,29209,-14.0,17,1,0.7522,0.489958
DQN,deceptive_grid,0,197,29238,-18.0,29,1,0.752,0.410834
DQN,deceptive_grid,0,198,29301,-76.0,63,1,0.7515,0.423507
DQN,deceptive_grid,0,199,29501,-296.0,200,0,0.7498,0.410867
DQN,deceptive_grid,0,200,29522,-14.0,21,1,0.7496,0.62397
DQN,deceptive_grid,0,201,29597,-92.0,75,1,0.749,0.502809
DQN,deceptive_grid,0,202,29632,-32.0,35,1,0.7487,0.451196
DQN,deceptive_grid,0,203,29832,-312.0,200,0,0.747,0.458515
DQN,deceptive_grid,0,204,29898,-67.0,66,1,0.7464,0.521895
DQN,deceptive_grid,0,205,29917,-12.0,19,1,0.7462,0.429361
DQN,deceptive_grid,0,206,29921,-1.0,4,1,0.7462,0.481736
DQN,deceptive_grid,0,207,30121,-308.0,200,0,0.7445,0.522312
DQN,deceptive_grid,0,208,30159,-31.0,38,1,0.7442,0.481642
DQN,deceptive_grid,0,209,30164,6.0,5,1,0.7441,0.604294
DQN,deceptive_grid,0,210,30364,-360.0,200,0,0.7424,0.473243
DQN,deceptive_grid,0,211,30511,-180.0,147,1,0.7412,0.479411
DQN,deceptive_grid,0,212,30579,-57.0,68,1,0.7406,0.517294
DQN,deceptive_grid,0,213,30779,-336.0,200,0,0.7389,0.525761
DQN,deceptive_grid,0,214,30979,-336.0,200,0,0.7372,0.472804
DQN,deceptive_grid,0,215,31101,-115.0,122,1,0.7362,0.541833
DQN,deceptive_grid,0,216,31133,-29.0,32,1,0.7359,0.418641
DQN,deceptive_grid,0,217,31190,-62.0,57,1,0.7354,0.524456
DQN,deceptive_grid,0,218,31256,-75.0,66,1,0.7349,0.472183
DQN,deceptive_grid,0,219,31288,-29.0,32,1,0.7346,0.486966
DQN,deceptive_grid,0,220,31325,-30.0,37,1,0.7343,0.504305
DQN,deceptive_grid,0,221,31381,-61.0,56,1,0.7338,0.534716
DQN,deceptive_grid,0,222,31406,-18.0,25,1,0.7336,0.469839
DQN,deceptive_grid,0,223,31606,-328.0,200,0,0.7319,0.507123
DQN,deceptive_grid,0,224,31806,-268.0,200,0,0.7302,0.50966
DQN,deceptive_grid,0,225,31821,-4.0,15,1,0.7301,0.565296
DQN,deceptive_grid,0,226,31945,-133.0,124,1,0.729,0.498052
DQN,deceptive_grid,0,227,32016,-64.0,71,1,0.7284,0.511973
DQN,deceptive_grid,0,228,32083,-80.0,67,1,0.7279,0.501997
DQN,deceptive_grid,0,229,32283,-296.0,200,0,0.7262,0.510722
DQN,deceptive_grid,0,230,32389,-115.0,106,1,0.7253,0.506934
DQN,deceptive_grid,0,231,32589,-284.0,200,0,0.7236,0.568991
DQN,deceptive_grid,0,232,32613,-17.0,24,1,0.7234,0.519031
DQN,deceptive_grid,0,233,32626,-6.0,13,1,0.7233,0.626845
DQN,deceptive_grid,0,234,32668,-35.0,42,1,0.7229,0.527982
DQN,deceptive_grid,0,235,32868,-272.0,200,0,0.7212,0.529295
DQN,deceptive_grid,0,236,32943,-68.0,75,1,0.7206,0.55059
DQN,deceptive_grid,0,237,32983,-29.0,40,1,0.7202,0.550244
DQN,deceptive_grid,0,238,33047,-57.0,64,1,0.7197,0.566795
DQN,deceptive_grid,0,239,33092,-38.0,45,1,0.7193,0.566975
DQN,deceptive_grid,0,240,33163,-72.0,71,1,0.7187,0.548755
DQN,deceptive_grid,0,241,33363,-300.0,200,0,0.717,0.531674
DQN,deceptive_grid,0,242,33404,-38.0,41,1,0.7167,0.617285
DQN,deceptive_grid,0,243,33504,-125.0,100,1,0.7158,0.540722
DQN,deceptive_grid,0,244,33605,-106.0,101,1,0.715,0.549742
DQN,deceptive_grid,0,245,33641,-37.0,36,1,0.7147,0.494832
DQN,deceptive_grid,0,246,33658,-14.0,17,1,0.7145,0.599915
DQN,deceptive_grid,0,247,33763,-114.0,105,1,0.7136,0.500157
DQN,deceptive_grid,0,248,33816,-50.0,53,1,0.7132,0.506816
DQN,deceptive_grid,0,249,33886,-75.0,70,1,0.7126,0.541562
DQN,deceptive_grid,0,250,34022,-149.0,136,1,0.7114,0.523828
DQN,deceptive_grid,0,251,34096,-63.0,74,1,0.7108,0.551726
DQN,deceptive_grid,0,252,34161,-54.0,65,1,0.7102,0.575964
DQN,deceptive_grid,0,253,34271,-131.0,110,1,0.7093,0.544581
DQN,deceptive_grid,0,254,34326,-60.0,55,1,0.7088,0.526233
DQN,deceptive_grid,0,255,34413,-84.0,87,1,0.7081,0.581506
DQN,deceptive_grid,0,256,34488,-72.0,75,1,0.7075,0.594259
DQN,deceptive_grid,0,257,34584,-93.0,96,1,0.7067,0.585182
DQN,deceptive_grid,0,258,34756,-197.0,172,1,0.7052,0.559048
DQN,deceptive_grid,0,259,34831,-76.0,75,1,0.7046,0.576202
DQN,deceptive_grid,0,260,34919,-97.0,88,1,0.7038,0.591212
DQN,deceptive_grid,0,261,34956,-38.0,37,1,0.7035,0.478458
DQN,deceptive_grid,0,262,34977,-10.0,21,1,0.7033,0.485903
DQN,deceptive_grid,0,263,35117,-157.0,140,1,0.7021,0.591181
DQN,deceptive_grid,0,264,35168,-44.0,51,1,0.7017,0.549345
DQN,deceptive_grid,0,265,35206,-31.0,38,1,0.7014,0.57961
DQN,deceptive_grid,0,266,35219,-2.0,13,1,0.7013,0.5016
DQN,deceptive_grid,0,267,35370,-176.0,151,1,0.7,0.562131
DQN,deceptive_grid,0,268,35465,-88.0,95,1,0.6992,0.536597
DQN,deceptive_grid,0,269,35565,-113.0,100,1,0.6983,0.561256
DQN,deceptive_grid,0,270,35694,-142.0,129,1,0.6972,0.593461
DQN,deceptive_grid,0,271,35764,-91.0,70,1,0.6966,0.6185
DQN,deceptive_grid,0,272,35872,-153.0,108,1,0.6957,0.559641
DQN,deceptive_grid,0,273,36025,-186.0,153,1,0.6944,0.609271
DQN,deceptive_grid,0,274,36094,-74.0,69,1,0.6938,0.60431
DQN,deceptive_grid,0,275,36158,-73.0,64,1,0.6933,0.603051
DQN,deceptive_grid,0,276,36245,-88.0,87,1,0.6926,0.58154
DQN,deceptive_grid,0,277,36445,-260.0,200,0,0.6909,0.56635
DQN,deceptive_grid,0,278,36488,-48.0,43,1,0.6905,0.539515
DQN,deceptive_grid,0,279,36569,-78.0,81,1,0.6898,0.587373
DQN,deceptive_grid,0,280,36646,-74.0,77,1,0.6892,0.530882
DQN,deceptive_grid,0,281,36811,-198.0,165,1,0.6878,0.512974
DQN,deceptive_grid,0,282,36990,-228.0,179,1,0.6862,0.544653
DQN,deceptive_grid,0,283,37098,-133.0,108,1,0.6853,0.571702
DQN,deceptive_grid,0,284,37188,-87.0,90,1,0.6846,0.5975
DQN,deceptive_grid,0,285,37313,-134.0,125,1,0.6835,0.536774
DQN,deceptive_grid,0,286,37337,-21.0,24,1,0.6833,0.518977
DQN,deceptive_grid,0,287,37406,-74.0,69,1,0.6827,0.578271
DQN,deceptive_grid,0,288,37489,-76.0,83,1,0.682,0.547202
DQN,deceptive_grid,0,289,37572,-92.0,83,1,0.6813,0.564827
DQN,deceptive_grid,0,290,37654,-83.0,82,1,0.6806,0.516096
DQN,deceptive_grid,0,291,37783,-142.0,129,1,0.6795,0.50284
DQN,deceptive_grid,0,292,37893,-119.0,110,1,0.6786,0.530716
DQN,deceptive_grid,0,293,37937,-49.0,44,1,0.6782,0.519396
DQN,deceptive_grid,0,294,38069,-145.0,132,1,0.6771,0.541971
DQN,deceptive_grid,0,295,38176,-116.0,107,1,0.6762,0.513022
DQN,deceptive_grid,0,296,38355,-212.0,179,1,0.6747,0.490244
DQN,deceptive_grid,0,297,38381,-23.0,26,1,0.6744,0.468409
DQN,deceptive_grid,0,298,38465,-81.0,84,1,0.6737,0.502963
DQN,deceptive_grid,0,299,38518,-42.0,53,1,0.6733,0.577013
DQN,deceptive_grid,0,300,38598,-85.0,80,1,0.6726,0.525895
DQN,deceptive_grid,0,301,38695,-118.0,97,1,0.6718,0.485566
DQN,deceptive_grid,0,302,38843,-185.0,148,1,0.6705,0.487958
DQN,deceptive_grid,0,303,38898,-52.0,55,1,0.6701,0.465916
DQN,deceptive_grid,0,304,39039,-182.0,141,1,0.6689,0.502353
DQN,deceptive_grid,0,305,39107,-57.0,68,1,0.6683,0.498214
DQN,deceptive_grid,0,306,39190,-72.0,83,1,0.6676,0.492821
DQN,deceptive_grid,0,307,39332,-139.0,142,1,0.6664,0.481615
DQN,deceptive_grid,0,308,39458,-151.0,126,1,0.6653,0.472967
DQN,deceptive_grid,0,309,39527,-78.0,69,1,0.6647,0.487453
DQN,deceptive_grid,0,310,39596,-70.0,69,1,0.6641,0.483765
DQN,deceptive_grid,0,311,39640,-33.0,44,1,0.6638,0.460434
DQN,deceptive_grid,0,312,39734,-127.0,94,1,0.663,0.478241
DQN,deceptive_grid,0,313,39789,-52.0,55,1,0.6625,0.45608
DQN,deceptive_grid,0,314,39836,-40.0,47,1,0.6621,0.46281
DQN,deceptive_grid,0,315,39899,-68.0,63,1,0.6616,0.48774
DQN,deceptive_grid,0,316,39953,-51.0,54,1,0.6611,0.415575
DQN,deceptive_grid,0,317,40060,-116.0,107,1,0.6602,0.471549
DQN,deceptive_grid,0,318,40076,-9.0,16,1,0.6601,0.442257
DQN,deceptive_grid,0,319,40107,-20.0,31,1,0.6598,0.507856
DQN,deceptive_grid,0,320,40287,-193.0,180,1,0.6583,0.437096
DQN,deceptive_grid,0,321,40366,-72.0,79,1,0.6576,0.439486
DQN,deceptive_grid,0,322,40475,-114.0,109,1,0.6567,0.449235
DQN,deceptive_grid,0,323,40520,-34.0,45,1,0.6563,0.513212
DQN,deceptive_grid,0,324,40632,-113.0,112,1,0.6554,0.471514
DQN,deceptive_grid,0,325,40690,-55.0,58,1,0.6549,0.464486
DQN,deceptive_grid,0,326,40804,-111.0,114,1,0.6539,0.432934
DQN,deceptive_grid,0,327,40914,-107.0,110,1,0.653,0.43245
DQN,deceptive_grid,0,328,40941,-28.0,27,1,0.6527,0.400606
DQN,deceptive_grid,0,329,41003,-63.0,62,1,0.6522,0.447091
DQN,deceptive_grid,0,330,41050,-56.0,47,1,0.6518,0.479384
DQN,deceptive_grid,0,331,41103,-50.0,53,1,0.6514,0.497438
DQN,deceptive_grid,0,332,41238,-152.0,135,1,0.6502,0.429753
DQN,deceptive_grid,0,333,41258,-13.0,20,1,0.65,0.449677
DQN,deceptive_grid,0,334,41303,-34.0,45,1,0.6497,0.429007
DQN,deceptive_grid,0,335,41376,-82.0,73,1,0.649,0.422862
DQN,deceptive_grid,0,336,41394,-7.0,18,1,0.6489,0.446787
DQN,deceptive_grid,0,337,41445,-44.0,51,1,0.6485,0.390245
DQN,deceptive_grid,0,338,41486,-30.0,41,1,0.6481,0.428561
DQN,deceptive_grid,0,339,41562,-69.0,76,1,0.6475,0.48703
DQN,deceptive_grid,0,340,41629,-68.0,67,1,0.6469,0.44896
DQN,deceptive_grid,0,341,41692,-52.0,63,1,0.6464,0.398842
DQN,deceptive_grid,0,342,41765,-86.0,73,1,0.6457,0.441129
DQN,deceptive_grid,0,343,41864,-112.0,99,1,0.6449,0.413482
DQN,deceptive_grid,0,344,41907,-60.0,43,1,0.6445,0.440058
DQN,deceptive_grid,0,345,41939,-29.0,32,1,0.6443,0.38536
DQN,deceptive_grid,0,346,42018,-72.0,79,1,0.6436,0.450496
DQN,deceptive_grid,0,347,42077,-48.0,59,1,0.6431,0.487699
DQN,deceptive_grid,0,348,42141,-61.0,64,1,0.6426,0.440023
DQN,deceptive_grid,0,349,42262,-130.0,121,1,0.6415,0.433399
DQN,deceptive_grid,0,350,42283,-10.0,21,1,0.6413,0.421873
DQN,deceptive_grid,0,351,42337,-51.0,54,1,0.6409,0.42909
DQN,deceptive_grid,0,352,42348,-4.0,11,1,0.6408,0.368149
DQN,deceptive_grid,0,353,42406,-47.0,58,1,0.6403,0.397239
DQN,deceptive_grid,0,354,42500,-95.0,94,1,0.6395,0.411483
DQN,deceptive_grid,0,355,42550,-47.0,50,1,0.6391,0.494281
DQN,deceptive_grid,0,356,42558,-1.0,8,1,0.639,0.48453
DQN,deceptive_grid,0,357,42582,-13.0,24,1,0.6388,0.371401
DQN,deceptive_grid,0,358,42602,-17.0,20,1,0.6386,0.460154
DQN,deceptive_grid,0,359,42615,-6.0,13,1,0.6385,0.441356
DQN,deceptive_grid,0,360,42645,-23.0,30,1,0.6383,0.427878
DQN,deceptive_grid,0,361,42671,-19.0,26,1,0.6381,0.383018
DQN,deceptive_grid,0,362,42680,2.0,9,1,0.638,0.322821
DQN,deceptive_grid,0,363,42712,-37.0,32,1,0.6377,0.427602
DQN,deceptive_grid,0,364,42761,-42.0,49,1,0.6373,0.480853
DQN,deceptive_grid,0,365,42838,-74.0,77,1,0.6366,0.411052
DQN,deceptive_grid,0,366,42958,-109.0,120,1,0.6356,0.424205
DQN,deceptive_grid,0,367,43042,-81.0,84,1,0.6349,0.465545
DQN,deceptive_grid,0,368,43096,-67.0,54,1,0.6345,0.415997
DQN,deceptive_grid,0,369,43198,-103.0,102,1,0.6336,0.415194
DQN,deceptive_grid,0,370,43225,-20.0,27,1,0.6334,0.397434
DQN,deceptive_grid,0,371,43241,-5.0,16,1,0.6332,0.490093
DQN,deceptive_grid,0,372,43301,-65.0,60,1,0.6327,0.394112
DQN,deceptive_grid,0,373,43322,-22.0,21,1,0.6325,0.448869
DQN,deceptive_grid,0,374,43392,-63.0,70,1,0.6319,0.39914
DQN,deceptive_grid,0,375,43417,-26.0,25,1,0.6317,0.37906
DQN,deceptive_grid,0,376,43428,0.0,11,1,0.6316,0.475307
DQN,deceptive_grid,0,377,43475,-48.0,47,1,0.6312,0.35383
DQN,deceptive_grid,0,378,43548,-62.0,73,1,0.6306,0.473659
DQN,deceptive_grid,0,379,43642,-115.0,94,1,0.6298,0.423755
DQN,deceptive_grid,0,380,43658,-9.0,16,1,0.6297,0.454348
DQN,deceptive_grid,0,381,43673,-8.0,15,1,0.6296,0.456994
DQN,deceptive_grid,0,382,43770,-86.0,97,1,0.6287,0.4211
DQN,deceptive_grid,0,383,43812,-43.0,42,1,0.6284,0.43665
DQN,deceptive_grid,0,384,43847,-28.0,35,1,0.6281,0.360204
DQN,deceptive_grid,0,385,43858,0.0,11,1,0.628,0.51394
DQN,deceptive_grid,0,386,43894,-25.0,36,1,0.6277,0.360647
DQN,deceptive_grid,0,387,43947,-42.0,53,1,0.6272,0.393861
DQN,deceptive_grid,0,388,44017,-67.0,70,1,0.6266,0.410839
DQN,deceptive_grid,0,389,44072,-56.0,55,1,0.6262,0.404561
DQN,deceptive_grid,0,390,44080,3.0,8,1,0.6261,0.442231
DQN,deceptive_grid,0,391,44133,-66.0,53,1,0.6257,0.420604
DQN,deceptive_grid,0,392,44166,-22.0,33,1,0.6254,0.441367
DQN,deceptive_grid,0,393,44277,-128.0,111,1,0.6244,0.402789
DQN,deceptive_grid,0,394,44356,-80.0,79,1,0.6238,0.391798
DQN,deceptive_grid,0,395,44384,-21.0,28,1,0.6235,0.429075
DQN,deceptive_grid,0,396,44411,-16.0,27,1,0.6233,0.39117
DQN,deceptive_grid,0,397,44432,-10.0,21,1,0.6231,0.404692
DQN,deceptive_grid,0,398,44437,6.0,5,1,0.6231,0.329434
DQN,deceptive_grid,0,399,44471,-27.0,34,1,0.6228,0.368867
DQN,deceptive_grid,0,400,44485,-3.0,14,1,0.6227,0.355608
DQN,deceptive_grid,0,401,44494,2.0,9,1,0.6226,0.36874
DQN,deceptive_grid,0,402,44568,-67.0,74,1,0.622,0.423515
DQN,deceptive_grid,0,403,44571,0.0,3,1,0.6219,0.418742
DQN,deceptive_grid,0,404,44600,-18.0,29,1,0.6217,0.361053
DQN,deceptive_grid,0,405,44629,-18.0,29,1,0.6215,0.390776
DQN,deceptive_grid,0,406,44680,-60.0,51,1,0.621,0.377932
DQN,deceptive_grid,0,407,44707,-24.0,27,1,0.6208,0.500215
DQN,deceptive_grid,0,408,44769,-59.0,62,1,0.6203,0.390028
DQN,deceptive_grid,0,409,44872,-108.0,103,1,0.6194,0.394631
DQN,deceptive_grid,0,410,44899,-16.0,27,1,0.6192,0.380459
DQN,deceptive_grid,0,411,44911,-9.0,12,1,0.6191,0.398731
DQN,deceptive_grid,0,412,44958,-36.0,47,1,0.6187,0.397508
DQN,deceptive_grid,0,413,44996,-39.0,38,1,0.6183,0.401236
DQN,deceptive_grid,0,414,45004,3.0,8,1,0.6183,0.483852
DQN,deceptive_grid,0,415,45048,-33.0,44,1,0.6179,0.379846
DQN,deceptive_grid,0,416,45101,-58.0,53,1,0.6174,0.41284
DQN,deceptive_grid,0,417,45149,-49.0,48,1,0.617,0.411456
DQN,deceptive_grid,0,418,45193,-49.0,44,1,0.6167,0.412033
DQN,deceptive_grid,0,419,45220,-16.0,27,1,0.6164,0.387139
DQN,deceptive_grid,0,420,45237,-10.0,17,1,0.6163,0.383794
DQN,deceptive_grid,0,421,45358,-122.0,121,1,0.6153,0.379136
DQN,deceptive_grid,0,422,45419,-62.0,61,1,0.6147,0.415582
DQN,deceptive_grid,0,423,45459,-29.0,40,1,0.6144,0.361126
DQN,deceptive_grid,0,424,45539,-89.0,80,1,0.6137,0.387164
DQN,deceptive_grid,0,425,45574,-32.0,35,1,0.6134,0.389038
DQN,deceptive_grid,0,426,45644,-63.0,70,1,0.6128,0.357882
DQN,deceptive_grid,0,427,45701,-46.0,57,1,0.6124,0.377928
DQN,deceptive_grid,0,428,45744,-48.0,43,1,0.612,0.403477
DQN,deceptive_grid,0,429,45823,-80.0,79,1,0.6113,0.388025
DQN,deceptive_grid,0,430,45891,-65.0,68,1,0.6107,0.396737
DQN,deceptive_grid,0,431,45961,-63.0,70,1,0.6102,0.361605
DQN,deceptive_grid,0,432,46013,-45.0,52,1,0.6097,0.461305
DQN,deceptive_grid,0,433,46018,6.0,5,1,0.6097,0.52429
DQN,deceptive_grid,0,434,46025,4.0,7,1,0.6096,0.530907
DQN,deceptive_grid,0,435,46086,-66.0,61,1,0.6091,0.403052
DQN,deceptive_grid,0,436,46121,-24.0,35,1,0.6088,0.376019
DQN,deceptive_grid,0,437,46187,-63.0,66,1,0.6082,0.380279
DQN,deceptive_grid,0,438,46189,9.0,2,1,0.6082,0.274362
DQN,deceptive_grid,0,439,46239,-47.0,50,1,0.6078,0.38578
DQN,deceptive_grid,0,440,46272,-30.0,33,1,0.6075,0.363401
DQN,deceptive_grid,0,441,46281,-2.0,9,1,0.6074,0.393594
DQN,deceptive_grid,0,442,46284,8.0,3,1,0.6074,0.420585
DQN,deceptive_grid,0,443,46361,-74.0,77,1,0.6068,0.363807
DQN,deceptive_grid,0,444,46404,-36.0,43,1,0.6064,0.346995
DQN,deceptive_grid,0,445,46482,-75.0,78,1,0.6057,0.359805
DQN,deceptive_grid,0,446,46538,-45.0,56,1,0.6053,0.394935
DQN,deceptive_grid,0,447,46580,-43.0,42,1,0.6049,0.411747
DQN,deceptive_grid,0,448,46654,-67.0,74,1,0.6043,0.381946
DQN,deceptive_grid,0,449,46727,-82.0,73,1,0.6037,0.377397
DQN,deceptive_grid,0,450,46739,-1.0,12,1,0.6036,0.378891
DQN,deceptive_grid,0,451,46765,-15.0,26,1,0.6033,0.404274
DQN,deceptive_grid,0,452,46786,-10.0,21,1,0.6032,0.396596
DQN,deceptive_grid,0,453,46803,-6.0,17,1,0.603,0.352438
DQN,deceptive_grid,0,454,46881,-87.0,78,1,0.6023,0.332236
DQN,deceptive_grid,0,455,46938,-54.0,57,1,0.6019,0.389857
DQN,deceptive_grid,0,456,47026,-97.0,88,1,0.6011,0.353173
DQN,deceptive_grid,0,457,47111,-86.0,85,1,0.6004,0.345614
DQN,deceptive_grid,0,458,47139,-29.0,28,1,0.6002,0.413431
DQN,deceptive_grid,0,459,47199,-49.0,60,1,0.5997,0.346101
DQN,deceptive_grid,0,460,47242,-32.0,43,1,0.5993,0.345949
DQN,deceptive_grid,0,461,47312,-75.0,70,1,0.5987,0.334883
DQN,deceptive_grid,0,462,47397,-102.0,85,1,0.598,0.326462
DQN,deceptive_grid,0,463,47447,-55.0,50,1,0.5975,0.30017
DQN,deceptive_grid,0,464,47475,-17.0,28,1,0.5973,0.441208
DQN,deceptive_grid,0,465,47507,-21.0,32,1,0.597,0.396475
DQN,deceptive_grid,0,466,47535,-25.0,28,1,0.5968,0.335175
DQN,deceptive_grid,0,467,47649,-119.0,114,1,0.5958,0.329742
DQN,deceptive_grid,0,468,47651,9.0,2,1,0.5958,0.312877
DQN,deceptive_grid,0,469,47686,-24.0,35,1,0.5955,0.305355
DQN,deceptive_grid,0,470,47757,-68.0,71,1,0.5949,0.296844
DQN,deceptive_grid,0,471,47807,-39.0,50,1,0.5945,0.32645
DQN,deceptive_grid,0,472,47847,-41.0,40,1,0.5942,0.322944
DQN,deceptive_grid,0,473,47882,-28.0,35,1,0.5939,0.288433
DQN,deceptive_grid,0,474,47943,-54.0,61,1,0.5933,0.306674
DQN,deceptive_grid,0,475,48037,-95.0,94,1,0.5925,0.332945
DQN,deceptive_grid,0,476,48065,-17.0,28,1,0.5923,0.358154
DQN,deceptive_grid,0,477,48084,-12.0,19,1,0.5921,0.285906
DQN,deceptive_grid,0,478,48136,-49.0,52,1,0.5917,0.314827
DQN,deceptive_grid,0,479,48165,-22.0,29,1,0.5915,0.292649
DQN,deceptive_grid,0,480,48175,-7.0,10,1,0.5914,0.285204
DQN,deceptive_grid,0,481,48230,-52.0,55,1,0.5909,0.286413
DQN,deceptive_grid,0,482,48277,-40.0,47,1,0.5905,0.287167
DQN,deceptive_grid,0,483,48338,-50.0,61,1,0.59,0.28659
DQN,deceptive_grid,0,484,48352,-11.0,14,1,0.5899,0.288082
DQN,deceptive_grid,0,485,48408,-45.0,56,1,0.5894,0.271995
DQN,deceptive_grid,0,486,48420,-1.0,12,1,0.5893,0.238953
DQN,deceptive_grid,0,487,48488,-65.0,68,1,0.5887,0.245375
DQN,deceptive_grid,0,488,48523,-24.0,35,1,0.5884,0.308404
DQN,deceptive_grid,0,489,48561,-39.0,38,1,0.5881,0.292302
DQN,deceptive_grid,0,490,48577,-5.0,16,1,0.588,0.254068
DQN,deceptive_grid,0,491,48631,-51.0,54,1,0.5875,0.261952
DQN,deceptive_grid,0,492,48689,-67.0,58,1,0.587,0.262541
DQN,deceptive_grid,0,493,48712,-12.0,23,1,0.5868,0.248611
DQN,deceptive_grid,0,494,48766,-51.0,54,1,0.5864,0.25521
DQN,deceptive_grid,0,495,48785,-8.0,19,1,0.5862,0.250707
DQN,deceptive_grid,0,496,48787,9.0,2,1,0.5862,0.267865
DQN,deceptive_grid,0,497,48841,-55.0,54,1,0.5857,0.257359
DQN,deceptive_grid,0,498,48886,-34.0,45,1,0.5853,0.264349
DQN,deceptive_grid,0,499,48964,-75.0,78,1,0.5847,0.250852
DQN,deceptive_grid,0,500,48978,-3.0,14,1,0.5846,0.248859
DQN,deceptive_grid,0,501,49043,-62.0,65,1,0.584,0.256415
DQN,deceptive_grid,0,502,49114,-68.0,71,1,0.5834,0.241674
DQN,deceptive_grid,0,503,49190,-81.0,76,1,0.5828,0.22701
DQN,deceptive_grid,0,504,49260,-63.0,70,1,0.5822,0.219009
DQN,deceptive_grid,0,505,49277,-10.0,17,1,0.582,0.267724
DQN,deceptive_grid,0,506,49297,-9.0,20,1,0.5819,0.204462
DQN,deceptive_grid,0,507,49343,-43.0,46,1,0.5815,0.216994
DQN,deceptive_grid,0,508,49368,-14.0,25,1,0.5813,0.200912
DQN,deceptive_grid,0,509,49435,-64.0,67,1,0.5807,0.224249
DQN,deceptive_grid,0,510,49458,-20.0,23,1,0.5805,0.192338
DQN,deceptive_grid,0,511,49510,-41.0,52,1,0.58,0.255665
DQN,deceptive_grid,0,512,49558,-41.0,48,1,0.5796,0.239531
DQN,deceptive_grid,0,513,49614,-57.0,56,1,0.5792,0.200318
DQN,deceptive_grid,0,514,49639,-18.0,25,1,0.579,0.213815
DQN,deceptive_grid,0,515,49647,3.0,8,1,0.5789,0.191687
DQN,deceptive_grid,0,516,49734,-88.0,87,1,0.5781,0.18452
DQN,deceptive_grid,0,517,49757,-12.0,23,1,0.578,0.181075
DQN,deceptive_grid,0,518,49840,-88.0,83,1,0.5773,0.198761
DQN,deceptive_grid,0,519,49878,-27.0,38,1,0.5769,0.187588
DQN,deceptive_grid,0,520,49887,-2.0,9,1,0.5769,0.203375
DQN,deceptive_grid,0,521,49899,-1.0,12,1,0.5767,0.186984
DQN,deceptive_grid,0,522,49905,5.0,6,1,0.5767,0.16903
DQN,deceptive_grid,0,523,49925,-13.0,20,1,0.5765,0.189565
DQN,deceptive_grid,0,524,49989,-61.0,64,1,0.576,0.191379
DQN,deceptive_grid,0,525,50051,-59.0,62,1,0.5755,0.229338
DQN,deceptive_grid,0,526,50052,10.0,1,1,0.5755,0.126477
DQN,deceptive_grid,0,527,50081,-46.0,29,1,0.5752,0.155876
DQN,deceptive_grid,0,528,50144,-52.0,63,1,0.5747,0.165089
DQN,deceptive_grid,0,529,50179,-28.0,35,1,0.5744,0.155536
DQN,deceptive_grid,0,530,50249,-71.0,70,1,0.5738,0.161023
DQN,deceptive_grid,0,531,50259,-7.0,10,1,0.5737,0.179108
DQN,deceptive_grid,0,532,50315,-57.0,56,1,0.5732,0.152946
DQN,deceptive_grid,0,533,50347,-21.0,32,1,0.5729,0.167583
DQN,deceptive_grid,0,534,50367,-13.0,20,1,0.5728,0.148167
DQN,deceptive_grid,0,535,50410,-40.0,43,1,0.5724,0.15487
DQN,deceptive_grid,0,536,50451,-38.0,41,1,0.5721,0.148795
DQN,deceptive_grid,0,537,50457,5.0,6,1,0.572,0.140642
DQN,deceptive_grid,0,538,50497,-33.0,40,1,0.5717,0.13753
DQN,deceptive_grid,0,539,50531,-31.0,34,1,0.5714,0.197623
DQN,deceptive_grid,0,540,50593,-63.0,62,1,0.5709,0.15436
DQN,deceptive_grid,0,541,50639,-51.0,46,1,0.5705,0.1282
DQN,deceptive_grid,0,542,50689,-39.0,50,1,0.57,0.129078
DQN,deceptive_grid,0,543,50731,-39.0,42,1,0.5697,0.131572
DQN,deceptive_grid,0,544,50736,6.0,5,1,0.5696,0.130297
DQN,deceptive_grid,0,545,50786,-43.0,50,1,0.5692,0.11219
DQN,deceptive_grid,0,546,50843,-50.0,57,1,0.5687,0.123809
DQN,deceptive_grid,0,547,50877,-23.0,34,1,0.5685,0.112604
DQN,deceptive_grid,0,548,50943,-55.0,66,1,0.5679,0.11319
DQN,deceptive_grid,0,549,50990,-52.0,47,1,0.5675,0.122863
DQN,deceptive_grid,0,550,51012,-19.0,22,1,0.5673,0.169521
DQN,deceptive_grid,0,551,51075,-52.0,63,1,0.5668,0.140694
DQN,deceptive_grid,0,552,51087,-9.0,12,1,0.5667,0.138039
DQN,deceptive_grid,0,553,51125,-31.0,38,1,0.5664,0.118275
DQN,deceptive_grid,0,554,51139,-3.0,14,1,0.5662,0.103694
DQN,deceptive_grid,0,555,51177,-27.0,38,1,0.5659,0.120924
DQN,deceptive_grid,0,556,51200,-12.0,23,1,0.5657,0.106971
DQN,deceptive_grid,0,557,51226,-15.0,26,1,0.5655,0.111091
DQN,deceptive_grid,0,558,51235,2.0,9,1,0.5654,0.132446
DQN,deceptive_grid,0,559,51316,-90.0,81,1,0.5647,0.104362
DQN,deceptive_grid,0,560,51342,-23.0,26,1,0.5645,0.096843
DQN,deceptive_grid,0,561,51414,-61.0,72,1,0.5639,0.113712
DQN,deceptive_grid,0,562,51481,-88.0,67,1,0.5633,0.115898
DQN,deceptive_grid,0,563,51523,-59.0,42,1,0.563,0.138814
DQN,deceptive_grid,0,564,51547,-29.0,24,1,0.5628,0.105912
DQN,deceptive_grid,0,565,51567,-17.0,20,1,0.5626,0.114452
DQN,deceptive_grid,0,566,51571,7.0,4,1,0.5626,0.123591
DQN,deceptive_grid,0,567,51611,-41.0,40,1,0.5622,0.098958
DQN,deceptive_grid,0,568,51644,-34.0,33,1,0.5619,0.08843
DQN,deceptive_grid,0,569,51731,-80.0,87,1,0.5612,0.095762
DQN,deceptive_grid,0,570,51741,1.0,10,1,0.5611,0.083615
DQN,deceptive_grid,0,571,51794,-42.0,53,1,0.5607,0.077695
DQN,deceptive_grid,0,572,51875,-94.0,81,1,0.56,0.083886
DQN,deceptive_grid,0,573,51886,-4.0,11,1,0.5599,0.087633
DQN,deceptive_grid,0,574,51953,-68.0,67,1,0.5593,0.087752
DQN,deceptive_grid,0,575,51988,-36.0,35,1,0.559,0.0871
DQN,deceptive_grid,0,576,52002,-7.0,14,1,0.5589,0.085081
DQN,deceptive_grid,0,577,52061,-52.0,59,1,0.5584,0.097451
DQN,deceptive_grid,0,578,52104,-32.0,43,1,0.558,0.084221
DQN,deceptive_grid,0,579,52128,-25.0,24,1,0.5578,0.082354
DQN,deceptive_grid,0,580,52160,-25.0,32,1,0.5576,0.076353
DQN,deceptive_grid,0,581,52198,-27.0,38,1,0.5572,0.081082
DQN,deceptive_grid,0,582,52235,-38.0,37,1,0.5569,0.074662
DQN,deceptive_grid,0,583,52238,8.0,3,1,0.5569,0.069522
DQN,deceptive_grid,0,584,52300,-59.0,62,1,0.5564,0.083187
DQN,deceptive_grid,0,585,52332,-37.0,32,1,0.5561,0.073613
DQN,deceptive_grid,0,586,52408,-65.0,76,1,0.5555,0.079326
DQN,deceptive_grid,0,587,52453,-42.0,45,1,0.5551,0.075649
DQN,deceptive_grid,0,588,52505,-49.0,52,1,0.5546,0.072128
DQN,deceptive_grid,0,589,52557,-49.0,52,1,0.5542,0.082502
DQN,deceptive_grid,0,590,52587,-23.0,30,1,0.5539,0.078571
DQN,deceptive_grid,0,591,52620,-22.0,33,1,0.5537,0.079602
DQN,deceptive_grid,0,592,52663,-32.0,43,1,0.5533,0.074655
DQN,deceptive_grid,0,593,52690,-20.0,27,1,0.5531,0.06903
DQN,deceptive_grid,0,594,52739,-38.0,49,1,0.5527,0.067921
DQN,deceptive_grid,0,595,52771,-21.0,32,1,0.5524,0.071566
DQN,deceptive_grid,0,596,52798,-28.0,27,1,0.5522,0.063473
DQN,deceptive_grid,0,597,52832,-31.0,34,1,0.5519,0.059878
DQN,deceptive_grid,0,598,52882,-43.0,50,1,0.5514,0.066297
DQN,deceptive_grid,0,599,52926,-45.0,44,1,0.5511,0.064051
DQN,deceptive_grid,0,600,52954,-25.0,28,1,0.5508,0.067513
DQN,deceptive_grid,0,601,52975,-10.0,21,1,0.5507,0.071646
DQN,deceptive_grid,0,602,52990,-4.0,15,1,0.5505,0.068846
DQN,deceptive_grid,0,603,53031,-34.0,41,1,0.5502,0.085186
DQN,deceptive_grid,0,604,53053,-11.0,22,1,0.55,0.075163
DQN,deceptive_grid,0,605,53100,-40.0,47,1,0.5496,0.077684
DQN,deceptive_grid,0,606,53147,-36.0,47,1,0.5492,0.072156
DQN,deceptive_grid,0,607,53199,-57.0,52,1,0.5488,0.071214
DQN,deceptive_grid,0,608,53227,-17.0,28,1,0.5485,0.072912
DQN,deceptive_grid,0,609,53258,-24.0,31,1,0.5483,0.071024
DQN,deceptive_grid,0,610,53287,-18.0,29,1,0.548,0.063032
DQN,deceptive_grid,0,611,53322,-24.0,35,1,0.5477,0.068404
DQN,deceptive_grid,0,612,53333,0.0,11,1,0.5476,0.057848
DQN,deceptive_grid,0,613,53334,10.0,1,1,0.5476,0.078601
DQN,deceptive_grid,0,614,53364,-19.0,30,1,0.5474,0.063771
DQN,deceptive_grid,0,615,53407,-32.0,43,1,0.547,0.066055
DQN,deceptive_grid,0,616,53428,-14.0,21,1,0.5468,0.0646
DQN,deceptive_grid,0,617,53466,-27.0,38,1,0.5465,0.068259
DQN,deceptive_grid,0,618,53502,-29.0,36,1,0.5462,0.066215
DQN,deceptive_grid,0,619,53584,-83.0,82,1,0.5455,0.083536
DQN,deceptive_grid,0,620,53627,-40.0,43,1,0.5451,0.06747
DQN,deceptive_grid,0,621,53633,1.0,6,1,0.5451,0.074077
DQN,deceptive_grid,0,622,53698,-70.0,65,1,0.5445,0.060636
DQN,deceptive_grid,0,623,53761,-80.0,63,1,0.544,0.058761
DQN,deceptive_grid,0,624,53807,-43.0,46,1,0.5436,0.051527
DQN,deceptive_grid,0,625,53847,-37.0,40,1,0.5433,0.064578
DQN,deceptive_grid,0,626,53877,-19.0,30,1,0.543,0.054939
DQN,deceptive_grid,0,627,53880,8.0,3,1,0.543,0.06937
DQN,deceptive_grid,0,628,53933,-54.0,53,1,0.5425,0.057583
DQN,deceptive_grid,0,629,53959,-15.0,26,1,0.5423,0.056284
DQN,deceptive_grid,0,630,54039,-77.0,80,1,0.5416,0.068248
DQN,deceptive_grid,0,631,54071,-29.0,32,1,0.5414,0.058303
DQN,deceptive_grid,0,632,54113,-39.0,42,1,0.541,0.061446
DQN,deceptive_grid,0,633,54175,-55.0,62,1,0.5405,0.057769
DQN,deceptive_grid,0,634,54201,-15.0,26,1,0.5403,0.066062
DQN,deceptive_grid,0,635,54290,-82.0,89,1,0.5395,0.056177
DQN,deceptive_grid,0,636,54332,-31.0,42,1,0.5391,0.055757
DQN,deceptive_grid,0,637,54353,-18.0,21,1,0.539,0.066998
DQN,deceptive_grid,0,638,54412,-52.0,59,1,0.5385,0.057606
DQN,deceptive_grid,0,639,54431,-8.0,19,1,0.5383,0.05113
DQN,deceptive_grid,0,640,54448,-18.0,17,1,0.5382,0.044176
DQN,deceptive_grid,0,641,54485,-34.0,37,1,0.5379,0.055413
DQN,deceptive_grid,0,642,54509,-13.0,24,1,0.5376,0.053965
DQN,deceptive_grid,0,643,54586,-66.0,77,1,0.537,0.058759
DQN,deceptive_grid,0,644,54611,-18.0,25,1,0.5368,0.061154
DQN,deceptive_grid,0,645,54621,1.0,10,1,0.5367,0.049182
DQN,deceptive_grid,0,646,54633,-1.0,12,1,0.5366,0.066556
DQN,deceptive_grid,0,647,54646,-6.0,13,1,0.5365,0.069566
DQN,deceptive_grid,0,648,54719,-66.0,73,1,0.5359,0.052767
DQN,deceptive_grid,0,649,54756,-26.0,37,1,0.5356,0.050944
DQN,deceptive_grid,0,650,54800,-33.0,44,1,0.5352,0.05952
DQN,deceptive_grid,0,651,54845,-34.0,45,1,0.5348,0.055138
DQN,deceptive_grid,0,652,54894,-42.0,49,1,0.5344,0.052102
DQN,deceptive_grid,0,653,54933,-28.0,39,1,0.5341,0.050378
DQN,deceptive_grid,0,654,54999,-71.0,66,1,0.5335,0.049012
DQN,deceptive_grid,0,655,55030,-32.0,31,1,0.5332,0.077296
DQN,deceptive_grid,0,656,55045,-4.0,15,1,0.5331,0.062755
DQN,deceptive_grid,0,657,55123,-71.0,78,1,0.5324,0.056529
DQN,deceptive_grid,0,658,55147,-17.0,24,1,0.5322,0.055173
DQN,deceptive_grid,0,659,55226,-88.0,79,1,0.5316,0.057067
DQN,deceptive_grid,0,660,55272,-35.0,46,1,0.5312,0.058792
DQN,deceptive_grid,0,661,55300,-17.0,28,1,0.5309,0.059901
DQN,deceptive_grid,0,662,55327,-20.0,27,1,0.5307,0.050501
DQN,deceptive_grid,0,663,55364,-30.0,37,1,0.5304,0.049292
DQN,deceptive_grid,0,664,55445,-78.0,81,1,0.5297,0.048392
DQN,deceptive_grid,0,665,55473,-17.0,28,1,0.5295,0.051233
DQN,deceptive_grid,0,666,55558,-98.0,85,1,0.5287,0.056004
DQN,deceptive_grid,0,667,55583,-22.0,25,1,0.5285,0.060041
DQN,deceptive_grid,0,668,55624,-34.0,41,1,0.5282,0.057906
DQN,deceptive_grid,0,669,55643,-16.0,19,1,0.528,0.059971
DQN,deceptive_grid,0,670,55694,-48.0,51,1,0.5276,0.057363
DQN,deceptive_grid,0,671,55753,-56.0,59,1,0.5271,0.047996
DQN,deceptive_grid,0,672,55785,-25.0,32,1,0.5268,0.050768
DQN,deceptive_grid,0,673,55830,-34.0,45,1,0.5264,0.049909
DQN,deceptive_grid,0,674,55842,-1.0,12,1,0.5263,0.046399
DQN,deceptive_grid,0,675,55873,-20.0,31,1,0.5261,0.048908
DQN,deceptive_grid,0,676,55883,-3.0,10,1,0.526,0.048976
DQN,deceptive_grid,0,677,55904,-10.0,21,1,0.5258,0.053525
DQN,deceptive_grid,0,678,55934,-27.0,30,1,0.5256,0.052223
DQN,deceptive_grid,0,679,55945,0.0,11,1,0.5255,0.052018
DQN,deceptive_grid,0,680,55965,-21.0,20,1,0.5253,0.058527
DQN,deceptive_grid,0,681,55994,-18.0,29,1,0.5251,0.057334
DQN,deceptive_grid,0,682,56033,-40.0,39,1,0.5247,0.067585
DQN,deceptive_grid,0,683,56058,-18.0,25,1,0.5245,0.069243
DQN,deceptive_grid,0,684,56071,-6.0,13,1,0.5244,0.058631
DQN,deceptive_grid,0,685,56145,-75.0,74,1,0.5238,0.063731
DQN,deceptive_grid,0,686,56174,-34.0,29,1,0.5235,0.063491
DQN,deceptive_grid,0,687,56198,-21.0,24,1,0.5233,0.055543
DQN,deceptive_grid,0,688,56246,-65.0,48,1,0.5229,0.049795
DQN,deceptive_grid,0,689,56256,-3.0,10,1,0.5228,0.053886
DQN,deceptive_grid,0,690,56272,-9.0,16,1,0.5227,0.051902
DQN,deceptive_grid,0,691,56311,-36.0,39,1,0.5224,0.053141
DQN,deceptive_grid,0,692,56361,-39.0,50,1,0.5219,0.055007
DQN,deceptive_grid,0,693,56401,-33.0,40,1,0.5216,0.044578
DQN,deceptive_grid,0,694,56455,-59.0,54,1,0.5211,0.044903
DQN,deceptive_grid,0,695,56497,-39.0,42,1,0.5208,0.050036
DQN,deceptive_grid,0,696,56520,-16.0,23,1,0.5206,0.067262
DQN,deceptive_grid,0,697,56546,-23.0,26,1,0.5204,0.055298
DQN,deceptive_grid,0,698,56584,-39.0,38,1,0.52,0.053589
DQN,deceptive_grid,0,699,56643,-48.0,59,1,0.5195,0.053628
DQN,deceptive_grid,0,700,56665,-15.0,22,1,0.5194,0.054157
DQN,deceptive_grid,0,701,56698,-22.0,33,1,0.5191,0.054138
DQN,deceptive_grid,0,702,56707,2.0,9,1,0.519,0.059205
DQN,deceptive_grid,0,703,56775,-65.0,68,1,0.5184,0.050584
DQN,deceptive_grid,0,704,56814,-32.0,39,1,0.5181,0.046109
DQN,deceptive_grid,0,705,56866,-49.0,52,1,0.5177,0.052499
DQN,deceptive_grid,0,706,56897,-24.0,31,1,0.5174,0.048337
DQN,deceptive_grid,0,707,56905,3.0,8,1,0.5173,0.048616
DQN,deceptive_grid,0,708,56919,-3.0,14,1,0.5172,0.04742
DQN,deceptive_grid,0,709,56945,-15.0,26,1,0.517,0.046086
DQN,deceptive_grid,0,710,57001,-57.0,56,1,0.5165,0.049572
DQN,deceptive_grid,0,711,57026,-14.0,25,1,0.5163,0.067704
DQN,deceptive_grid,0,712,57059,-30.0,33,1,0.516,0.055741
DQN,deceptive_grid,0,713,57091,-29.0,32,1,0.5157,0.060851
DQN,deceptive_grid,0,714,57110,-20.0,19,1,0.5156,0.065654
DQN,deceptive_grid,0,715,57155,-38.0,45,1,0.5152,0.055008
DQN,deceptive_grid,0,716,57161,1.0,6,1,0.5152,0.042803
DQN,deceptive_grid,0,717,57212,-40.0,51,1,0.5147,0.045292
DQN,deceptive_grid,0,718,57246,-23.0,34,1,0.5144,0.049689
DQN,deceptive_grid,0,719,57305,-64.0,59,1,0.5139,0.050541
DQN,deceptive_grid,0,720,57356,-44.0,51,1,0.5135,0.047906
DQN,deceptive_grid,0,721,57365,2.0,9,1,0.5134,0.046766
DQN,deceptive_grid,0,722,57383,-7.0,18,1,0.5133,0.046751
DQN,deceptive_grid,0,723,57413,-19.0,30,1,0.513,0.046294
DQN,deceptive_grid,0,724,57440,-24.0,27,1,0.5128,0.049518
DQN,deceptive_grid,0,725,57458,-11.0,18,1,0.5126,0.051317
DQN,deceptive_grid,0,726,57515,-66.0,57,1,0.5121,0.051281
DQN,deceptive_grid,0,727,57524,2.0,9,1,0.5121,0.063597
DQN,deceptive_grid,0,728,57563,-28.0,39,1,0.5117,0.055959
DQN,deceptive_grid,0,729,57598,-32.0,35,1,0.5114,0.056842
DQN,deceptive_grid,0,730,57650,-49.0,52,1,0.511,0.052294
DQN,deceptive_grid,0,731,57672,-11.0,22,1,0.5108,0.044384
DQN,deceptive_grid,0,732,57717,-38.0,45,1,0.5104,0.04669
DQN,deceptive_grid,0,733,57741,-13.0,24,1,0.5102,0.050184
DQN,deceptive_grid,0,734,57758,-6.0,17,1,0.5101,0.053176
DQN,deceptive_grid,0,735,57785,-20.0,27,1,0.5099,0.052406
DQN,deceptive_grid,0,736,57823,-35.0,38,1,0.5095,0.051691
DQN,deceptive_grid,0,737,57837,-7.0,14,1,0.5094,0.040829
DQN,deceptive_grid,0,738,57841,7.0,4,1,0.5094,0.046032
DQN,deceptive_grid,0,739,57851,1.0,10,1,0.5093,0.046914
DQN,deceptive_grid,0,740,57896,-50.0,45,1,0.5089,0.047546
DQN,deceptive_grid,0,741,57906,1.0,10,1,0.5088,0.039954
DQN,deceptive_grid,0,742,57965,-56.0,59,1,0.5083,0.045537
DQN,deceptive_grid,0,743,57991,-15.0,26,1,0.5081,0.047954
DQN,deceptive_grid,0,744,58014,-20.0,23,1,0.5079,0.054265
DQN,deceptive_grid,0,745,58038,-13.0,24,1,0.5077,0.054488
DQN,deceptive_grid,0,746,58107,-74.0,69,1,0.5071,0.05036
DQN,deceptive_grid,0,747,58137,-31.0,30,1,0.5069,0.049771
DQN,deceptive_grid,0,748,58164,-24.0,27,1,0.5066,0.050607
DQN,deceptive_grid,0,749,58222,-63.0,58,1,0.5062,0.041644
DQN,deceptive_grid,0,750,58276,-47.0,54,1,0.5057,0.047957
DQN,deceptive_grid,0,751,58327,-48.0,51,1,0.5053,0.046244
DQN,deceptive_grid,0,752,58336,2.0,9,1,0.5052,0.03616
DQN,deceptive_grid,0,753,58374,-39.0,38,1,0.5049,0.048273
DQN,deceptive_grid,0,754,58422,-41.0,48,1,0.5045,0.045069
DQN,deceptive_grid,0,755,58460,-27.0,38,1,0.5041,0.043754
DQN,deceptive_grid,0,756,58523,-60.0,63,1,0.5036,0.048199
DQN,deceptive_grid,0,757,58549,-19.0,26,1,0.5034,0.047719
DQN,deceptive_grid,0,758,58597,-49.0,48,1,0.503,0.056132
DQN,deceptive_grid,0,759,58611,-15.0,14,1,0.5029,0.061265
DQN,deceptive_grid,0,760,58653,-39.0,42,1,0.5025,0.050654
DQN,deceptive_grid,0,761,58678,-18.0,25,1,0.5023,0.051074
DQN,deceptive_grid,0,762,58726,-49.0,48,1,0.5019,0.045726
DQN,deceptive_grid,0,763,58758,-33.0,32,1,0.5016,0.046517
DQN,deceptive_grid,0,764,58806,-41.0,48,1,0.5012,0.048452
DQN,deceptive_grid,0,765,58851,-34.0,45,1,0.5008,0.042714
DQN,deceptive_grid,0,766,58864,-2.0,13,1,0.5007,0.047427
DQN,deceptive_grid,0,767,58890,-15.0,26,1,0.5005,0.044306
DQN,deceptive_grid,0,768,58912,-15.0,22,1,0.5003,0.042973
DQN,deceptive_grid,0,769,58971,-56.0,59,1,0.4998,0.041558
DQN,deceptive_grid,0,770,58972,10.0,1,1,0.4998,0.065661
DQN,deceptive_grid,0,771,59029,-46.0,57,1,0.4993,0.048812
DQN,deceptive_grid,0,772,59046,-10.0,17,1,0.4992,0.053713
DQN,deceptive_grid,0,773,59053,4.0,7,1,0.4991,0.050797
DQN,deceptive_grid,0,774,59084,-24.0,31,1,0.4988,0.048806
DQN,deceptive_grid,0,775,59124,-33.0,40,1,0.4985,0.051507
DQN,deceptive_grid,0,776,59184,-49.0,60,1,0.498,0.046085
DQN,deceptive_grid,0,777,59238,-55.0,54,1,0.4975,0.049396
DQN,deceptive_grid,0,778,59259,-14.0,21,1,0.4974,0.042835
DQN,deceptive_grid,0,779,59306,-48.0,47,1,0.497,0.044957
DQN,deceptive_grid,0,780,59327,-14.0,21,1,0.4968,0.052862
DQN,deceptive_grid,0,781,59357,-23.0,30,1,0.4965,0.048145
DQN,deceptive_grid,0,782,59373,-5.0,16,1,0.4964,0.055556
DQN,deceptive_grid,0,783,59424,-44.0,51,1,0.496,0.046753
DQN,deceptive_grid,0,784,59441,-6.0,17,1,0.4958,0.036662
DQN,deceptive_grid,0,785,59445,7.0,4,1,0.4958,0.056142
DQN,deceptive_grid,0,786,59462,-6.0,17,1,0.4956,0.050102
DQN,deceptive_grid,0,787,59485,-12.0,23,1,0.4954,0.0437
DQN,deceptive_grid,0,788,59491,5.0,6,1,0.4954,0.037551
DQN,deceptive_grid,0,789,59514,-12.0,23,1,0.4952,0.046228
DQN,deceptive_grid,0,790,59594,-77.0,80,1,0.4945,0.049418
DQN,deceptive_grid,0,791,59658,-69.0,64,1,0.494,0.046862
DQN,deceptive_grid,0,792,59689,-20.0,31,1,0.4937,0.038967
DQN,deceptive_grid,0,793,59718,-22.0,29,1,0.4935,0.042956
DQN,deceptive_grid,0,794,59725,4.0,7,1,0.4934,0.038966
DQN,deceptive_grid,0,795,59742,-6.0,17,1,0.4933,0.041697
DQN,deceptive_grid,0,796,59783,-34.0,41,1,0.4929,0.045482
DQN,deceptive_grid,0,797,59788,6.0,5,1,0.4929,0.036049
DQN,deceptive_grid,0,798,59808,-9.0,20,1,0.4927,0.048785
DQN,deceptive_grid,0,799,59818,1.0,10,1,0.4926,0.052981
DQN,deceptive_grid,0,800,59873,-48.0,55,1,0.4921,0.046799
DuelingDQN,deceptive_grid,0,1,14,-3.0,14,1,0.9999,
DuelingDQN,deceptive_grid,0,2,214,-268.0,200,0,0.9982,
DuelingDQN,deceptive_grid,0,3,414,-260.0,200,0,0.9965,
DuelingDQN,deceptive_grid,0,4,565,-140.0,151,1,0.9952,
DuelingDQN,deceptive_grid,0,5,765,-316.0,200,0,0.9935,
DuelingDQN,deceptive_grid,0,6,965,-224.0,200,0,0.9918,
DuelingDQN,deceptive_grid,0,7,1165,-292.0,200,0,0.9901,0.140269
DuelingDQN,deceptive_grid,0,8,1365,-232.0,200,0,0.9884,0.024882
DuelingDQN,deceptive_grid,0,9,1565,-292.0,200,0,0.9867,0.037257
DuelingDQN,deceptive_grid,0,10,1765,-296.0,200,0,0.985,0.012692
DuelingDQN,deceptive_grid,0,11,1965,-320.0,200,0,0.9833,0.018769
DuelingDQN,deceptive_grid,0,12,1977,-1.0,12,1,0.9832,0.002687
DuelingDQN,deceptive_grid,0,13,2177,-316.0,200,0,0.9815,0.036721
DuelingDQN,deceptive_grid,0,14,2377,-312.0,200,0,0.9798,0.010764
DuelingDQN,deceptive_grid,0,15,2383,1.0,6,1,0.9798,0.035631
DuelingDQN,deceptive_grid,0,16,2514,-196.0,131,1,0.9787,0.026574
DuelingDQN,deceptive_grid,0,17,2598,-105.0,84,1,0.978,0.053681
DuelingDQN,deceptive_grid,0,18,2798,-240.0,200,0,0.9763,0.026784
DuelingDQN,deceptive_grid,0,19,2998,-288.0,200,0,0.9746,0.009269
DuelingDQN,deceptive_grid,0,20,3198,-264.0,200,0,0.9729,0.067194
DuelingDQN,deceptive_grid,0,21,3398,-304.0,200,0,0.9712,0.028258
DuelingDQN,deceptive_grid,0,22,3598,-280.0,200,0,0.9695,0.057388
DuelingDQN,deceptive_grid,0,23,3798,-260.0,200,0,0.9678,0.026818
DuelingDQN,deceptive_grid,0,24,3998,-244.0,200,0,0.9661,0.020171
DuelingDQN,deceptive_grid,0,25,4198,-224.0,200,0,0.9644,0.057533
DuelingDQN,deceptive_grid,0,26,4214,-5.0,16,1,0.9643,0.038057
DuelingDQN,deceptive_grid,0,27,4414,-224.0,200,0,0.9626,0.019128
DuelingDQN,deceptive_grid,0,28,4614,-236.0,200,0,0.9609,0.057268
DuelingDQN,deceptive_grid,0,29,4791,-246.0,177,1,0.9594,0.035363
DuelingDQN,deceptive_grid,0,30,4930,-188.0,139,1,0.9582,0.030048
DuelingDQN,deceptive_grid,0,31,4938,-1.0,8,1,0.9581,0.036065
DuelingDQN,deceptive_grid,0,32,5138,-216.0,200,0,0.9564,0.080519
DuelingDQN,deceptive_grid,0,33,5338,-328.0,200,0,0.9547,0.040062
DuelingDQN,deceptive_grid,0,34,5538,-228.0,200,0,0.953,0.057068
DuelingDQN,deceptive_grid,0,35,5738,-260.0,200,0,0.9513,0.039403
DuelingDQN,deceptive_grid,0,36,5938,-232.0,200,0,0.9496,0.02298
DuelingDQN,deceptive_grid,0,37,6138,-276.0,200,0,0.9479,0.069035
DuelingDQN,deceptive_grid,0,38,6338,-224.0,200,0,0.9462,0.03323
DuelingDQN,deceptive_grid,0,39,6538,-228.0,200,0,0.9446,0.058056
DuelingDQN,deceptive_grid,0,40,6738,-232.0,200,0,0.9429,0.05118
DuelingDQN,deceptive_grid,0,41,6938,-244.0,200,0,0.9412,0.023254
DuelingDQN,deceptive_grid,0,42,7138,-248.0,200,0,0.9395,0.077582
DuelingDQN,deceptive_grid,0,43,7338,-268.0,200,0,0.9378,0.028916
DuelingDQN,deceptive_grid,0,44,7538,-256.0,200,0,0.9361,0.055978
DuelingDQN,deceptive_grid,0,45,7738,-228.0,200,0,0.9344,0.043618
DuelingDQN,deceptive_grid,0,46,7938,-284.0,200,0,0.9327,0.024194
DuelingDQN,deceptive_grid,0,47,8138,-284.0,200,0,0.931,0.089287
DuelingDQN,deceptive_grid,0,48,8338,-324.0,200,0,0.9293,0.029552
DuelingDQN,deceptive_grid,0,49,8538,-208.0,200,0,0.9276,0.056712
DuelingDQN,deceptive_grid,0,50,8738,-268.0,200,0,0.9259,0.056429
DuelingDQN,deceptive_grid,0,51,8803,-86.0,65,1,0.9253,0.024911
DuelingDQN,deceptive_grid,0,52,9003,-308.0,200,0,0.9236,0.030574
DuelingDQN,deceptive_grid,0,53,9203,-256.0,200,0,0.9219,0.08704
DuelingDQN,deceptive_grid,0,54,9380,-278.0,177,1,0.9204,0.024585
DuelingDQN,deceptive_grid,0,55,9397,-6.0,17,1,0.9203,0.016227
DuelingDQN,deceptive_grid,0,56,9439,-63.0,42,1,0.9199,0.019781
DuelingDQN,deceptive_grid,0,57,9639,-204.0,200,0,0.9182,0.099223
DuelingDQN,deceptive_grid,0,58,9724,-114.0,85,1,0.9175,0.041114
DuelingDQN,deceptive_grid,0,59,9924,-240.0,200,0,0.9158,0.025939
DuelingDQN,deceptive_grid,0,60,10124,-284.0,200,0,0.9141,0.107627
DuelingDQN,deceptive_grid,0,61,10268,-185.0,144,1,0.9129,0.028704
DuelingDQN,deceptive_grid,0,62,10366,-95.0,98,1,0.9121,0.01536
DuelingDQN,deceptive_grid,0,63,10566,-356.0,200,0,0.9104,0.092677
DuelingDQN,deceptive_grid,0,64,10766,-336.0,200,0,0.9087,0.048745
DuelingDQN,deceptive_grid,0,65,10966,-260.0,200,0,0.907,0.01321
DuelingDQN,deceptive_grid,0,66,11166,-224.0,200,0,0.9053,0.132936
DuelingDQN,deceptive_grid,0,67,11328,-179.0,162,1,0.9039,0.022375
DuelingDQN,deceptive_grid,0,68,11528,-264.0,200,0,0.9022,0.085375
DuelingDQN,deceptive_grid,0,69,11531,8.0,3,1,0.9022,0.226627
DuelingDQN,deceptive_grid,0,70,11731,-232.0,200,0,0.9005,0.086619
DuelingDQN,deceptive_grid,0,71,11931,-296.0,200,0,0.8988,0.017793
DuelingDQN,deceptive_grid,0,72,12045,-123.0,114,1,0.8978,0.168014
DuelingDQN,deceptive_grid,0,73,12245,-284.0,200,0,0.8961,0.064956
DuelingDQN,deceptive_grid,0,74,12331,-103.0,86,1,0.8954,0.016368
DuelingDQN,deceptive_grid,0,75,12363,-25.0,32,1,0.8951,0.011379
DuelingDQN,deceptive_grid,0,76,12472,-130.0,109,1,0.8942,0.009216
DuelingDQN,deceptive_grid,0,77,12663,-208.0,191,1,0.8926,0.15624
DuelingDQN,deceptive_grid,0,78,12727,-81.0,64,1,0.8921,0.026596
DuelingDQN,deceptive_grid,0,79,12927,-248.0,200,0,0.8904,0.011941
DuelingDQN,deceptive_grid,0,80,13127,-220.0,200,0,0.8887,0.122629
DuelingDQN,deceptive_grid,0,81,13327,-236.0,200,0,0.887,0.023563
DuelingDQN,deceptive_grid,0,82,13527,-212.0,200,0,0.8853,0.064916
DuelingDQN,deceptive_grid,0,83,13727,-232.0,200,0,0.8836,0.052722
DuelingDQN,deceptive_grid,0,84,13903,-221.0,176,1,0.8821,0.008443
DuelingDQN,deceptive_grid,0,85,13985,-95.0,82,1,0.8814,0.004603
DuelingDQN,deceptive_grid,0,86,14184,-276.0,199,1,0.8797,0.081694
DuelingDQN,deceptive_grid,0,87,14384,-248.0,200,0,0.878,0.013488
DuelingDQN,deceptive_grid,0,88,14584,-228.0,200,0,0.8763,0.052518
DuelingDQN,deceptive_grid,0,89,14654,-75.0,70,1,0.8757,0.028361
DuelingDQN,deceptive_grid,0,90,14754,-121.0,100,1,0.8749,0.017464
DuelingDQN,deceptive_grid,0,91,14883,-130.0,129,1,0.8738,0.008185
DuelingDQN,deceptive_grid,0,92,14935,-53.0,52,1,0.8733,0.006288
DuelingDQN,deceptive_grid,0,93,15135,-236.0,200,0,0.8716,0.042607
DuelingDQN,deceptive_grid,0,94,15335,-272.0,200,0,0.8699,0.009636
DuelingDQN,deceptive_grid,0,95,15381,-59.0,46,1,0.8695,0.003914
DuelingDQN,deceptive_grid,0,96,15542,-194.0,161,1,0.8682,0.025118
DuelingDQN,deceptive_grid,0,97,15742,-248.0,200,0,0.8665,0.015893
DuelingDQN,deceptive_grid,0,98,15942,-232.0,200,0,0.8648,0.004365
DuelingDQN,deceptive_grid,0,99,16067,-126.0,125,1,0.8637,0.022661
DuelingDQN,deceptive_grid,0,100,16144,-74.0,77,1,0.8631,0.011764
DuelingDQN,deceptive_grid,0,101,16250,-131.0,106,1,0.8622,0.006641
DuelingDQN,deceptive_grid,0,102,16266,-9.0,16,1,0.862,0.00444
DuelingDQN,deceptive_grid,0,103,16340,-79.0,74,1,0.8614,0.003654
DuelingDQN,deceptive_grid,0,104,16540,-232.0,200,0,0.8597,0.010879
DuelingDQN,deceptive_grid,0,105,16556,-21.0,16,1,0.8596,0.023807
DuelingDQN,deceptive_grid,0,106,16633,-94.0,77,1,0.8589,0.011768
DuelingDQN,deceptive_grid,0,107,16833,-240.0,200,0,0.8572,0.003828
DuelingDQN,deceptive_grid,0,108,16967,-163.0,134,1,0.8561,0.00211
DuelingDQN,deceptive_grid,0,109,16994,-20.0,27,1,0.8559,0.001849
DuelingDQN,deceptive_grid,0,110,17194,-248.0,200,0,0.8542,0.013487
DuelingDQN,deceptive_grid,0,111,17316,-115.0,122,1,0.8531,0.002427
DuelingDQN,deceptive_grid,0,112,17442,-151.0,126,1,0.8521,0.001664
DuelingDQN,deceptive_grid,0,113,17446,3.0,4,1,0.852,0.0018
DuelingDQN,deceptive_grid,0,114,17646,-268.0,200,0,0.8503,0.011586
DuelingDQN,deceptive_grid,0,115,17846,-228.0,200,0,0.8486,0.0045
DuelingDQN,deceptive_grid,0,116,17847,10.0,1,1,0.8486,0.00257
DuelingDQN,deceptive_grid,0,117,17909,-99.0,62,1,0.8481,0.002149
DuelingDQN,deceptive_grid,0,118,18109,-292.0,200,0,0.8464,0.009728
DuelingDQN,deceptive_grid,0,119,18233,-133.0,124,1,0.8454,0.005337
DuelingDQN,deceptive_grid,0,120,18433,-236.0,200,0,0.8437,0.002938
DuelingDQN,deceptive_grid,0,121,18511,-87.0,78,1,0.843,0.003897
DuelingDQN,deceptive_grid,0,122,18557,-43.0,46,1,0.8426,0.016991
DuelingDQN,deceptive_grid,0,123,18743,-223.0,186,1,0.841,0.008373
DuelingDQN,deceptive_grid,0,124,18837,-95.0,94,1,0.8402,0.002737
DuelingDQN,deceptive_grid,0,125,18927,-107.0,90,1,0.8395,0.001479
DuelingDQN,deceptive_grid,0,126,19127,-204.0,200,0,0.8378,0.008992
DuelingDQN,deceptive_grid,0,127,19171,-65.0,44,1,0.8374,0.004776
DuelingDQN,deceptive_grid,0,128,19206,-24.0,35,1,0.8371,0.003668
DuelingDQN,deceptive_grid,0,129,19218,-1.0,12,1,0.837,0.003222
DuelingDQN,deceptive_grid,0,130,19418,-236.0,200,0,0.8353,0.002623
DuelingDQN,deceptive_grid,0,131,19455,-42.0,37,1,0.835,0.001729
DuelingDQN,deceptive_grid,0,132,19494,-40.0,39,1,0.8347,0.002237
DuelingDQN,deceptive_grid,0,133,19605,-148.0,111,1,0.8337,0.010615
DuelingDQN,deceptive_grid,0,134,19785,-205.0,180,1,0.8322,0.005651
DuelingDQN,deceptive_grid,0,135,19881,-137.0,96,1,0.8314,0.002877
DuelingDQN,deceptive_grid,0,136,20081,-264.0,200,0,0.8297,0.00608
DuelingDQN,deceptive_grid,0,137,20281,-260.0,200,0,0.828,0.007292
DuelingDQN,deceptive_grid,0,138,20379,-103.0,98,1,0.8272,0.003456
DuelingDQN,deceptive_grid,0,139,20486,-112.0,107,1,0.8262,0.003052
DuelingDQN,deceptive_grid,0,140,20616,-143.0,130,1,0.8251,0.011181
DuelingDQN,deceptive_grid,0,141,20666,-63.0,50,1,0.8247,0.00667
DuelingDQN,deceptive_grid,0,142,20741,-104.0,75,1,0.8241,0.003692
DuelingDQN,deceptive_grid,0,143,20941,-272.0,200,0,0.8224,0.002387
DuelingDQN,deceptive_grid,0,144,20987,-43.0,46,1,0.822,0.001467
DuelingDQN,deceptive_grid,0,145,21046,-68.0,59,1,0.8215,0.009879
DuelingDQN,deceptive_grid,0,146,21179,-166.0,133,1,0.8204,0.009191
DuelingDQN,deceptive_grid,0,147,21271,-125.0,92,1,0.8196,0.006595
DuelingDQN,deceptive_grid,0,148,21316,-38.0,45,1,0.8192,0.004141
DuelingDQN,deceptive_grid,0,149,21381,-66.0,65,1,0.8187,0.003042
DuelingDQN,deceptive_grid,0,150,21581,-240.0,200,0,0.817,0.005155
DuelingDQN,deceptive_grid,0,151,21781,-236.0,200,0,0.8153,0.004262
DuelingDQN,deceptive_grid,0,152,21958,-230.0,177,1,0.8138,0.00318
DuelingDQN,deceptive_grid,0,153,22090,-189.0,132,1,0.8126,0.006856
DuelingDQN,deceptive_grid,0,154,22119,-50.0,29,1,0.8124,0.005933
DuelingDQN,deceptive_grid,0,155,22209,-87.0,90,1,0.8116,0.003571
DuelingDQN,deceptive_grid,0,156,22272,-88.0,63,1,0.8111,0.00356
DuelingDQN,deceptive_grid,0,157,22430,-215.0,158,1,0.8098,0.003432
DuelingDQN,deceptive_grid,0,158,22455,-18.0,25,1,0.8095,0.002523
DuelingDQN,deceptive_grid,0,159,22628,-218.0,173,1,0.8081,0.007163
DuelingDQN,deceptive_grid,0,160,22679,-44.0,51,1,0.8076,0.004877
DuelingDQN,deceptive_grid,0,161,22707,-29.0,28,1,0.8074,0.003903
DuelingDQN,deceptive_grid,0,162,22834,-172.0,127,1,0.8063,0.003874
DuelingDQN,deceptive_grid,0,163,22976,-159.0,142,1,0.8051,0.002247
DuelingDQN,deceptive_grid,0,164,23083,-128.0,107,1,0.8042,0.009124
DuelingDQN,deceptive_grid,0,165,23138,-64.0,55,1,0.8037,0.006663
DuelingDQN,deceptive_grid,0,166,23181,-40.0,43,1,0.8034,0.005245
DuelingDQN,deceptive_grid,0,167,23269,-101.0,88,1,0.8026,0.003641
DuelingDQN,deceptive_grid,0,168,23328,-48.0,59,1,0.8021,0.002286
DuelingDQN,deceptive_grid,0,169,23443,-120.0,115,1,0.8012,0.001477
DuelingDQN,deceptive_grid,0,170,23545,-107.0,102,1,0.8003,0.005405
DuelingDQN,deceptive_grid,0,171,23678,-162.0,133,1,0.7992,0.007357
DuelingDQN,deceptive_grid,0,172,23878,-280.0,200,0,0.7975,0.002478
DuelingDQN,deceptive_grid,0,173,23903,-22.0,25,1,0.7973,0.001669
DuelingDQN,deceptive_grid,0,174,24002,-116.0,99,1,0.7964,0.0016
DuelingDQN,deceptive_grid,0,175,24039,-30.0,37,1,0.7961,0.012113
DuelingDQN,deceptive_grid,0,176,24086,-64.0,47,1,0.7957,0.010454
DuelingDQN,deceptive_grid,0,177,24230,-149.0,144,1,0.7945,0.007959
DuelingDQN,deceptive_grid,0,178,24398,-209.0,168,1,0.7931,0.001512
DuelingDQN,deceptive_grid,0,179,24543,-154.0,145,1,0.7918,0.00278
DuelingDQN,deceptive_grid,0,180,24679,-141.0,136,1,0.7907,0.004326
DuelingDQN,deceptive_grid,0,181,24710,-28.0,31,1,0.7904,0.002626
DuelingDQN,deceptive_grid,0,182,24832,-179.0,122,1,0.7894,0.002498
DuelingDQN,deceptive_grid,0,183,24888,-65.0,56,1,0.7889,0.001771
DuelingDQN,deceptive_grid,0,184,24919,-40.0,31,1,0.7886,0.00178
DuelingDQN,deceptive_grid,0,185,24936,-10.0,17,1,0.7885,0.0015
DuelingDQN,deceptive_grid,0,186,25033,-134.0,97,1,0.7877,0.003258
DuelingDQN,deceptive_grid,0,187,25072,-40.0,39,1,0.7873,0.007428
DuelingDQN,deceptive_grid,0,188,25090,-7.0,18,1,0.7872,0.007126
DuelingDQN,deceptive_grid,0,189,25171,-90.0,81,1,0.7865,0.006942
DuelingDQN,deceptive_grid,0,190,25268,-114.0,97,1,0.7857,0.003963
DuelingDQN,deceptive_grid,0,191,25289,-10.0,21,1,0.7855,0.004344
DuelingDQN,deceptive_grid,0,192,25313,-17.0,24,1,0.7853,0.003526
DuelingDQN,deceptive_grid,0,193,25393,-113.0,80,1,0.7846,0.002642
DuelingDQN,deceptive_grid,0,194,25487,-103.0,94,1,0.7838,0.001321
DuelingDQN,deceptive_grid,0,195,25682,-228.0,195,1,0.7822,0.004977
DuelingDQN,deceptive_grid,0,196,25690,-1.0,8,1,0.7821,0.004401
DuelingDQN,deceptive_grid,0,197,25809,-148.0,119,1,0.7811,0.003875
DuelingDQN,deceptive_grid,0,198,25852,-40.0,43,1,0.7807,0.004806
DuelingDQN,deceptive_grid,0,199,25977,-142.0,125,1,0.7797,0.002918
DuelingDQN,deceptive_grid,0,200,26073,-109.0,96,1,0.7789,0.004763
DuelingDQN,deceptive_grid,0,201,26180,-108.0,107,1,0.7779,0.003705
DuelingDQN,deceptive_grid,0,202,26238,-51.0,58,1,0.7775,0.002721
DuelingDQN,deceptive_grid,0,203,26351,-106.0,113,1,0.7765,0.003092
DuelingDQN,deceptive_grid,0,204,26432,-102.0,81,1,0.7758,0.002398
DuelingDQN,deceptive_grid,0,205,26460,-25.0,28,1,0.7756,0.001695
DuelingDQN,deceptive_grid,0,206,26464,7.0,4,1,0.7755,0.001626
DuelingDQN,deceptive_grid,0,207,26545,-82.0,81,1,0.7749,0.004085
DuelingDQN,deceptive_grid,0,208,26593,-65.0,48,1,0.7744,0.005696
DuelingDQN,deceptive_grid,0,209,26631,-39.0,38,1,0.7741,0.004533
DuelingDQN,deceptive_grid,0,210,26726,-96.0,95,1,0.7733,0.003108
DuelingDQN,deceptive_grid,0,211,26788,-67.0,62,1,0.7728,0.005834
DuelingDQN,deceptive_grid,0,212,26861,-82.0,73,1,0.7722,0.004854
DuelingDQN,deceptive_grid,0,213,26961,-133.0,100,1,0.7713,0.002525
DuelingDQN,deceptive_grid,0,214,27025,-65.0,64,1,0.7708,0.005205
DuelingDQN,deceptive_grid,0,215,27139,-115.0,114,1,0.7698,0.005711
DuelingDQN,deceptive_grid,0,216,27194,-64.0,55,1,0.7693,0.003949
DuelingDQN,deceptive_grid,0,217,27256,-71.0,62,1,0.7688,0.003216
DuelingDQN,deceptive_grid,0,218,27329,-86.0,73,1,0.7682,0.002919
DuelingDQN,deceptive_grid,0,219,27420,-92.0,91,1,0.7674,0.002257
DuelingDQN,deceptive_grid,0,220,27620,-244.0,200,0,0.7657,0.00424
DuelingDQN,deceptive_grid,0,221,27655,-36.0,35,1,0.7654,0.003026
DuelingDQN,deceptive_grid,0,222,27709,-51.0,54,1,0.765,0.002015
DuelingDQN,deceptive_grid,0,223,27803,-103.0,94,1,0.7642,0.002147
DuelingDQN,deceptive_grid,0,224,27867,-57.0,64,1,0.7636,0.001682
DuelingDQN,deceptive_grid,0,225,27893,-27.0,26,1,0.7634,0.001337
DuelingDQN,deceptive_grid,0,226,27928,-40.0,35,1,0.7631,0.001278
DuelingDQN,deceptive_grid,0,227,27978,-55.0,50,1,0.7627,0.001141
DuelingDQN,deceptive_grid,0,228,28110,-141.0,132,1,0.7616,0.004997
DuelingDQN,deceptive_grid,0,229,28189,-80.0,79,1,0.7609,0.008436
DuelingDQN,deceptive_grid,0,230,28335,-163.0,146,1,0.7597,0.00361
DuelingDQN,deceptive_grid,0,231,28535,-232.0,200,0,0.758,0.002011
DuelingDQN,deceptive_grid,0,232,28561,-27.0,26,1,0.7578,0.006653
DuelingDQN,deceptive_grid,0,233,28587,-23.0,26,1,0.7575,0.007766
DuelingDQN,deceptive_grid,0,234,28659,-89.0,72,1,0.7569,0.007666
DuelingDQN,deceptive_grid,0,235,28797,-139.0,138,1,0.7557,0.0027
DuelingDQN,deceptive_grid,0,236,28970,-198.0,173,1,0.7543,0.001135
DuelingDQN,deceptive_grid,0,237,29062,-97.0,92,1,0.7535,0.003246
DuelingDQN,deceptive_grid,0,238,29081,-8.0,19,1,0.7533,0.00341
DuelingDQN,deceptive_grid,0,239,29159,-91.0,78,1,0.7527,0.002284
DuelingDQN,deceptive_grid,0,240,29326,-192.0,167,1,0.7513,0.001514
DuelingDQN,deceptive_grid,0,241,29479,-190.0,153,1,0.75,0.001601
DuelingDQN,deceptive_grid,0,242,29608,-134.0,129,1,0.7489,0.005225
DuelingDQN,deceptive_grid,0,243,29658,-51.0,50,1,0.7484,0.002529
DuelingDQN,deceptive_grid,0,244,29730,-65.0,72,1,0.7478,0.002441
DuelingDQN,deceptive_grid,0,245,29836,-123.0,106,1,0.7469,0.001565
DuelingDQN,deceptive_grid,0,246,29852,-9.0,16,1,0.7468,0.00176
DuelingDQN,deceptive_grid,0,247,29931,-80.0,79,1,0.7461,0.001403
DuelingDQN,deceptive_grid,0,248,30131,-228.0,200,0,0.7444,0.003804
DuelingDQN,deceptive_grid,0,249,30163,-21.0,32,1,0.7442,0.003505
DuelingDQN,deceptive_grid,0,250,30225,-75.0,62,1,0.7436,0.002447
DuelingDQN,deceptive_grid,0,251,30278,-46.0,53,1,0.7432,0.00153
DuelingDQN,deceptive_grid,0,252,30336,-59.0,58,1,0.7427,0.001994
DuelingDQN,deceptive_grid,0,253,30428,-97.0,92,1,0.7419,0.002462
DuelingDQN,deceptive_grid,0,254,30466,-39.0,38,1,0.7416,0.002943
DuelingDQN,deceptive_grid,0,255,30526,-53.0,60,1,0.7411,0.003995
DuelingDQN,deceptive_grid,0,256,30625,-112.0,99,1,0.7402,0.005722
DuelingDQN,deceptive_grid,0,257,30685,-57.0,60,1,0.7397,0.004136
DuelingDQN,deceptive_grid,0,258,30781,-89.0,96,1,0.7389,0.003538
DuelingDQN,deceptive_grid,0,259,30814,-26.0,33,1,0.7386,0.002913
DuelingDQN,deceptive_grid,0,260,30845,-20.0,31,1,0.7384,0.002243
DuelingDQN,deceptive_grid,0,261,30866,-22.0,21,1,0.7382,0.001757
DuelingDQN,deceptive_grid,0,262,30881,-12.0,15,1,0.7381,0.001859
DuelingDQN,deceptive_grid,0,263,30893,-5.0,12,1,0.738,0.001719
DuelingDQN,deceptive_grid,0,264,30973,-77.0,80,1,0.7373,0.001305
DuelingDQN,deceptive_grid,0,265,31000,-16.0,27,1,0.7371,0.001737
DuelingDQN,deceptive_grid,0,266,31008,-1.0,8,1,0.737,0.00415
DuelingDQN,deceptive_grid,0,267,31123,-124.0,115,1,0.736,0.004019
DuelingDQN,deceptive_grid,0,268,31170,-56.0,47,1,0.7356,0.002644
DuelingDQN,deceptive_grid,0,269,31290,-165.0,120,1,0.7346,0.002752
DuelingDQN,deceptive_grid,0,270,31336,-39.0,46,1,0.7342,0.003893
DuelingDQN,deceptive_grid,0,271,31413,-86.0,77,1,0.7336,0.002677
DuelingDQN,deceptive_grid,0,272,31482,-70.0,69,1,0.733,0.002018
DuelingDQN,deceptive_grid,0,273,31645,-244.0,163,1,0.7316,0.003142
DuelingDQN,deceptive_grid,0,274,31687,-43.0,42,1,0.7312,0.002028
DuelingDQN,deceptive_grid,0,275,31702,-4.0,15,1,0.7311,0.002028
DuelingDQN,deceptive_grid,0,276,31737,-52.0,35,1,0.7308,0.00174
DuelingDQN,deceptive_grid,0,277,31817,-93.0,80,1,0.7301,0.001867
DuelingDQN,deceptive_grid,0,278,31853,-29.0,36,1,0.7298,0.001882
DuelingDQN,deceptive_grid,0,279,31891,-47.0,38,1,0.7295,0.001676
DuelingDQN,deceptive_grid,0,280,31968,-82.0,77,1,0.7289,0.001245
DuelingDQN,deceptive_grid,0,281,32024,-53.0,56,1,0.7284,0.003357
DuelingDQN,deceptive_grid,0,282,32088,-69.0,64,1,0.7278,0.007012
DuelingDQN,deceptive_grid,0,283,32139,-40.0,51,1,0.7274,0.00354
DuelingDQN,deceptive_grid,0,284,32254,-148.0,115,1,0.7264,0.002861
DuelingDQN,deceptive_grid,0,285,32367,-130.0,113,1,0.7255,0.001648
DuelingDQN,deceptive_grid,0,286,32404,-38.0,37,1,0.7252,0.001454
DuelingDQN,deceptive_grid,0,287,32445,-46.0,41,1,0.7248,0.001478
DuelingDQN,deceptive_grid,0,288,32522,-78.0,77,1,0.7242,0.002034
DuelingDQN,deceptive_grid,0,289,32547,-26.0,25,1,0.7239,0.003893
DuelingDQN,deceptive_grid,0,290,32599,-61.0,52,1,0.7235,0.003298
DuelingDQN,deceptive_grid,0,291,32799,-256.0,200,0,0.7218,0.002857
DuelingDQN,deceptive_grid,0,292,32804,6.0,5,1,0.7218,0.002596
DuelingDQN,deceptive_grid,0,293,32854,-63.0,50,1,0.7213,0.002615
DuelingDQN,deceptive_grid,0,294,32966,-133.0,112,1,0.7204,0.002203
DuelingDQN,deceptive_grid,0,295,33040,-87.0,74,1,0.7198,0.002772
DuelingDQN,deceptive_grid,0,296,33110,-83.0,70,1,0.7192,0.003461
DuelingDQN,deceptive_grid,0,297,33112,9.0,2,1,0.7191,0.002394
DuelingDQN,deceptive_grid,0,298,33147,-28.0,35,1,0.7189,0.003008
DuelingDQN,deceptive_grid,0,299,33150,8.0,3,1,0.7188,0.003909
DuelingDQN,deceptive_grid,0,300,33264,-111.0,114,1,0.7179,0.002926
DuelingDQN,deceptive_grid,0,301,33320,-57.0,56,1,0.7174,0.001898
DuelingDQN,deceptive_grid,0,302,33388,-65.0,68,1,0.7168,0.001464
DuelingDQN,deceptive_grid,0,303,33467,-76.0,79,1,0.7161,0.001844
DuelingDQN,deceptive_grid,0,304,33505,-27.0,38,1,0.7158,0.001855
DuelingDQN,deceptive_grid,0,305,33557,-49.0,52,1,0.7154,0.005098
DuelingDQN,deceptive_grid,0,306,33636,-84.0,79,1,0.7147,0.005356
DuelingDQN,deceptive_grid,0,307,33693,-50.0,57,1,0.7142,0.003243
DuelingDQN,deceptive_grid,0,308,33777,-101.0,84,1,0.7135,0.002299
DuelingDQN,deceptive_grid,0,309,33820,-44.0,43,1,0.7131,0.001816
DuelingDQN,deceptive_grid,0,310,33883,-80.0,63,1,0.7126,0.001711
DuelingDQN,deceptive_grid,0,311,33903,-17.0,20,1,0.7124,0.001623
DuelingDQN,deceptive_grid,0,312,33990,-108.0,87,1,0.7117,0.00109
DuelingDQN,deceptive_grid,0,313,34009,-8.0,19,1,0.7115,0.002923
DuelingDQN,deceptive_grid,0,314,34040,-40.0,31,1,0.7113,0.003961
DuelingDQN,deceptive_grid,0,315,34057,-14.0,17,1,0.7111,0.004692
DuelingDQN,deceptive_grid,0,316,34180,-140.0,123,1,0.7101,0.00364
DuelingDQN,deceptive_grid,0,317,34276,-125.0,96,1,0.7093,0.003166
DuelingDQN,deceptive_grid,0,318,34300,-17.0,24,1,0.7091,0.002755
DuelingDQN,deceptive_grid,0,319,34372,-81.0,72,1,0.7085,0.001985
DuelingDQN,deceptive_grid,0,320,34462,-95.0,90,1,0.7077,0.001028
DuelingDQN,deceptive_grid,0,321,34501,-32.0,39,1,0.7074,0.001139
DuelingDQN,deceptive_grid,0,322,34664,-168.0,163,1,0.706,0.003796
DuelingDQN,deceptive_grid,0,323,34706,-43.0,42,1,0.7056,0.003017
DuelingDQN,deceptive_grid,0,324,34750,-53.0,44,1,0.7053,0.002068
DuelingDQN,deceptive_grid,0,325,34791,-34.0,41,1,0.7049,0.00105
DuelingDQN,deceptive_grid,0,326,34828,-38.0,37,1,0.7046,0.000907
DuelingDQN,deceptive_grid,0,327,34868,-29.0,40,1,0.7043,0.00084
DuelingDQN,deceptive_grid,0,328,34880,-9.0,12,1,0.7042,0.000622
DuelingDQN,deceptive_grid,0,329,34916,-29.0,36,1,0.7038,0.000635
DuelingDQN,deceptive_grid,0,330,34939,-16.0,23,1,0.7037,0.000484
DuelingDQN,deceptive_grid,0,331,35096,-162.0,157,1,0.7023,0.002791
DuelingDQN,deceptive_grid,0,332,35214,-115.0,118,1,0.7013,0.003468
DuelingDQN,deceptive_grid,0,333,35254,-41.0,40,1,0.701,0.001898
DuelingDQN,deceptive_grid,0,334,35290,-37.0,36,1,0.7007,0.002237
DuelingDQN,deceptive_grid,0,335,35312,-11.0,22,1,0.7005,0.002618
DuelingDQN,deceptive_grid,0,336,35324,-1.0,12,1,0.7004,0.00257
DuelingDQN,deceptive_grid,0,337,35355,-40.0,31,1,0.7001,0.003405
DuelingDQN,deceptive_grid,0,338,35396,-46.0,41,1,0.6998,0.002202
DuelingDQN,deceptive_grid,0,339,35482,-95.0,86,1,0.699,0.001688
DuelingDQN,deceptive_grid,0,340,35536,-51.0,54,1,0.6986,0.003011
DuelingDQN,deceptive_grid,0,341,35552,-9.0,16,1,0.6985,0.003562
DuelingDQN,deceptive_grid,0,342,35626,-75.0,74,1,0.6978,0.002387
DuelingDQN,deceptive_grid,0,343,35676,-75.0,50,1,0.6974,0.0015
DuelingDQN,deceptive_grid,0,344,35718,-55.0,42,1,0.697,0.001135
DuelingDQN,deceptive_grid,0,345,35732,-3.0,14,1,0.6969,0.001032
DuelingDQN,deceptive_grid,0,346,35766,-23.0,34,1,0.6966,0.000849
DuelingDQN,deceptive_grid,0,347,35848,-83.0,82,1,0.6959,0.000991
DuelingDQN,deceptive_grid,0,348,35928,-77.0,80,1,0.6953,0.00099
DuelingDQN,deceptive_grid,0,349,35991,-72.0,63,1,0.6947,0.001204
DuelingDQN,deceptive_grid,0,350,36055,-65.0,64,1,0.6942,0.003945
DuelingDQN,deceptive_grid,0,351,36169,-111.0,114,1,0.6932,0.008272
DuelingDQN,deceptive_grid,0,352,36204,-36.0,35,1,0.6929,0.005278
DuelingDQN,deceptive_grid,0,353,36320,-121.0,116,1,0.6919,0.003063
DuelingDQN,deceptive_grid,0,354,36339,-8.0,19,1,0.6918,0.002083
DuelingDQN,deceptive_grid,0,355,36427,-109.0,88,1,0.691,0.001627
DuelingDQN,deceptive_grid,0,356,36438,0.0,11,1,0.6909,0.00105
DuelingDQN,deceptive_grid,0,357,36467,-22.0,29,1,0.6907,0.000769
DuelingDQN,deceptive_grid,0,358,36484,-18.0,17,1,0.6905,0.000822
DuelingDQN,deceptive_grid,0,359,36492,3.0,8,1,0.6905,0.000724
DuelingDQN,deceptive_grid,0,360,36524,-25.0,32,1,0.6902,0.003445
DuelingDQN,deceptive_grid,0,361,36555,-20.0,31,1,0.6899,0.003443
DuelingDQN,deceptive_grid,0,362,36558,8.0,3,1,0.6899,0.002504
DuelingDQN,deceptive_grid,0,363,36580,-19.0,22,1,0.6897,0.003141
DuelingDQN,deceptive_grid,0,364,36623,-52.0,43,1,0.6894,0.002091
DuelingDQN,deceptive_grid,0,365,36684,-66.0,61,1,0.6888,0.003054
DuelingDQN,deceptive_grid,0,366,36763,-80.0,79,1,0.6882,0.001804
DuelingDQN,deceptive_grid,0,367,36879,-137.0,116,1,0.6872,0.000986
DuelingDQN,deceptive_grid,0,368,36934,-64.0,55,1,0.6867,0.000611
DuelingDQN,deceptive_grid,0,369,37009,-80.0,75,1,0.6861,0.000871
DuelingDQN,deceptive_grid,0,370,37021,-1.0,12,1,0.686,0.0035
DuelingDQN,deceptive_grid,0,371,37038,-10.0,17,1,0.6858,0.005525
DuelingDQN,deceptive_grid,0,372,37092,-43.0,54,1,0.6854,0.004045
DuelingDQN,deceptive_grid,0,373,37131,-40.0,39,1,0.6851,0.00284
DuelingDQN,deceptive_grid,0,374,37235,-113.0,104,1,0.6842,0.0018
DuelingDQN,deceptive_grid,0,375,37292,-66.0,57,1,0.6837,0.00185
DuelingDQN,deceptive_grid,0,376,37295,8.0,3,1,0.6837,0.002187
DuelingDQN,deceptive_grid,0,377,37319,-13.0,24,1,0.6835,0.002388
DuelingDQN,deceptive_grid,0,378,37457,-139.0,138,1,0.6823,0.001605
DuelingDQN,deceptive_grid,0,379,37533,-81.0,76,1,0.6816,0.002881
DuelingDQN,deceptive_grid,0,380,37614,-78.0,81,1,0.681,0.005721
DuelingDQN,deceptive_grid,0,381,37632,-15.0,18,1,0.6808,0.007342
DuelingDQN,deceptive_grid,0,382,37701,-66.0,69,1,0.6802,0.005394
DuelingDQN,deceptive_grid,0,383,37710,-6.0,9,1,0.6801,0.003616
DuelingDQN,deceptive_grid,0,384,37760,-63.0,50,1,0.6797,0.002432
DuelingDQN,deceptive_grid,0,385,37811,-48.0,51,1,0.6793,0.001526
DuelingDQN,deceptive_grid,0,386,37855,-49.0,44,1,0.6789,0.00132
DuelingDQN,deceptive_grid,0,387,37895,-33.0,40,1,0.6786,0.001102
DuelingDQN,deceptive_grid,0,388,37971,-73.0,76,1,0.6779,0.000939
DuelingDQN,deceptive_grid,0,389,38014,-36.0,43,1,0.6776,0.00199
DuelingDQN,deceptive_grid,0,390,38068,-51.0,54,1,0.6771,0.003515
DuelingDQN,deceptive_grid,0,391,38164,-113.0,96,1,0.6763,0.002163
DuelingDQN,deceptive_grid,0,392,38224,-53.0,60,1,0.6758,0.002173
DuelingDQN,deceptive_grid,0,393,38304,-85.0,80,1,0.6751,0.002509
DuelingDQN,deceptive_grid,0,394,38393,-98.0,89,1,0.6744,0.002522
DuelingDQN,deceptive_grid,0,395,38444,-48.0,51,1,0.6739,0.001292
DuelingDQN,deceptive_grid,0,396,38477,-22.0,33,1,0.6736,0.001045
DuelingDQN,deceptive_grid,0,397,38502,-22.0,25,1,0.6734,0.001633
DuelingDQN,deceptive_grid,0,398,38517,-4.0,15,1,0.6733,0.004112
DuelingDQN,deceptive_grid,0,399,38635,-119.0,118,1,0.6723,0.003137
DuelingDQN,deceptive_grid,0,400,38692,-50.0,57,1,0.6718,0.001916
DuelingDQN,deceptive_grid,0,401,38745,-74.0,53,1,0.6714,0.001919
DuelingDQN,deceptive_grid,0,402,38780,-40.0,35,1,0.6711,0.002438
DuelingDQN,deceptive_grid,0,403,38805,-14.0,25,1,0.6709,0.002687
DuelingDQN,deceptive_grid,0,404,38863,-51.0,58,1,0.6704,0.002341
DuelingDQN,deceptive_grid,0,405,38896,-22.0,33,1,0.6701,0.002453
DuelingDQN,deceptive_grid,0,406,38929,-34.0,33,1,0.6698,0.00163
DuelingDQN,deceptive_grid,0,407,38959,-31.0,30,1,0.6696,0.001277
DuelingDQN,deceptive_grid,0,408,38986,-20.0,27,1,0.6693,0.00114
DuelingDQN,deceptive_grid,0,409,39031,-66.0,45,1,0.6689,0.003162
DuelingDQN,deceptive_grid,0,410,39064,-30.0,33,1,0.6687,0.003862
DuelingDQN,deceptive_grid,0,411,39068,7.0,4,1,0.6686,0.002674
DuelingDQN,deceptive_grid,0,412,39121,-50.0,53,1,0.6682,0.002819
DuelingDQN,deceptive_grid,0,413,39149,-29.0,28,1,0.6679,0.002989
DuelingDQN,deceptive_grid,0,414,39167,-31.0,18,1,0.6678,0.002751
DuelingDQN,deceptive_grid,0,415,39211,-41.0,44,1,0.6674,0.002538
DuelingDQN,deceptive_grid,0,416,39312,-114.0,101,1,0.6666,0.001633
DuelingDQN,deceptive_grid,0,417,39369,-78.0,57,1,0.6661,0.001277
DuelingDQN,deceptive_grid,0,418,39423,-59.0,54,1,0.6656,0.001538
DuelingDQN,deceptive_grid,0,419,39458,-24.0,35,1,0.6653,0.001268
DuelingDQN,deceptive_grid,0,420,39468,1.0,10,1,0.6652,0.001238
DuelingDQN,deceptive_grid,0,421,39517,-58.0,49,1,0.6648,0.002225
DuelingDQN,deceptive_grid,0,422,39591,-79.0,74,1,0.6642,0.003616
DuelingDQN,deceptive_grid,0,423,39623,-21.0,32,1,0.6639,0.003748
DuelingDQN,deceptive_grid,0,424,39672,-70.0,49,1,0.6635,0.004342
DuelingDQN,deceptive_grid,0,425,39683,0.0,11,1,0.6634,0.003284
DuelingDQN,deceptive_grid,0,426,39769,-103.0,86,1,0.6627,0.002143
DuelingDQN,deceptive_grid,0,427,39837,-77.0,68,1,0.6621,0.001412
DuelingDQN,deceptive_grid,0,428,39904,-80.0,67,1,0.6615,0.00093
DuelingDQN,deceptive_grid,0,429,39964,-57.0,60,1,0.661,0.000608
DuelingDQN,deceptive_grid,0,430,40101,-162.0,137,1,0.6599,0.002633
DuelingDQN,deceptive_grid,0,431,40146,-34.0,45,1,0.6595,0.003476
DuelingDQN,deceptive_grid,0,432,40212,-67.0,66,1,0.6589,0.004223
DuelingDQN,deceptive_grid,0,433,40221,-6.0,9,1,0.6588,0.002871
DuelingDQN,deceptive_grid,0,434,40245,-17.0,24,1,0.6586,0.002374
DuelingDQN,deceptive_grid,0,435,40296,-64.0,51,1,0.6582,0.001468
DuelingDQN,deceptive_grid,0,436,40359,-68.0,63,1,0.6577,0.001741
DuelingDQN,deceptive_grid,0,437,40436,-78.0,77,1,0.657,0.001802
DuelingDQN,deceptive_grid,0,438,40442,5.0,6,1,0.657,0.001107
DuelingDQN,deceptive_grid,0,439,40580,-183.0,138,1,0.6558,0.00295
DuelingDQN,deceptive_grid,0,440,40620,-33.0,40,1,0.6555,0.003452
DuelingDQN,deceptive_grid,0,441,40652,-21.0,32,1,0.6552,0.002959
DuelingDQN,deceptive_grid,0,442,40665,-2.0,13,1,0.6551,0.002966
DuelingDQN,deceptive_grid,0,443,40718,-50.0,53,1,0.6546,0.002357
DuelingDQN,deceptive_grid,0,444,40778,-65.0,60,1,0.6541,0.003203
DuelingDQN,deceptive_grid,0,445,40856,-91.0,78,1,0.6535,0.002104
DuelingDQN,deceptive_grid,0,446,40911,-48.0,55,1,0.653,0.001367
DuelingDQN,deceptive_grid,0,447,40963,-53.0,52,1,0.6526,0.001083
DuelingDQN,deceptive_grid,0,448,41031,-69.0,68,1,0.652,0.002448
DuelingDQN,deceptive_grid,0,449,41166,-144.0,135,1,0.6508,0.003932
DuelingDQN,deceptive_grid,0,450,41179,-6.0,13,1,0.6507,0.002373
DuelingDQN,deceptive_grid,0,451,41222,-36.0,43,1,0.6504,0.001749
DuelingDQN,deceptive_grid,0,452,41300,-119.0,78,1,0.6497,0.001494
DuelingDQN,deceptive_grid,0,453,41317,-6.0,17,1,0.6496,0.000958
DuelingDQN,deceptive_grid,0,454,41370,-58.0,53,1,0.6491,0.000806
DuelingDQN,deceptive_grid,0,455,41428,-51.0,58,1,0.6486,0.000647
DuelingDQN,deceptive_grid,0,456,41470,-51.0,42,1,0.6483,0.000624
DuelingDQN,deceptive_grid,0,457,41540,-67.0,70,1,0.6477,0.002349
DuelingDQN,deceptive_grid,0,458,41562,-15.0,22,1,0.6475,0.00323
DuelingDQN,deceptive_grid,0,459,41596,-23.0,34,1,0.6472,0.003189
DuelingDQN,deceptive_grid,0,460,41657,-66.0,61,1,0.6467,0.002795
DuelingDQN,deceptive_grid,0,461,41758,-126.0,101,1,0.6458,0.002995
DuelingDQN,deceptive_grid,0,462,41877,-120.0,119,1,0.6448,0.001926
DuelingDQN,deceptive_grid,0,463,41933,-53.0,56,1,0.6443,0.001344
DuelingDQN,deceptive_grid,0,464,41965,-37.0,32,1,0.6441,0.000933
DuelingDQN,deceptive_grid,0,465,41977,-1.0,12,1,0.644,0.000992
DuelingDQN,deceptive_grid,0,466,42037,-65.0,60,1,0.6434,0.003803
DuelingDQN,deceptive_grid,0,467,42063,-23.0,26,1,0.6432,0.006674
DuelingDQN,deceptive_grid,0,468,42068,2.0,5,1,0.6432,0.007193
DuelingDQN,deceptive_grid,0,469,42123,-44.0,55,1,0.6427,0.004761
DuelingDQN,deceptive_grid,0,470,42241,-111.0,118,1,0.6417,0.002471
DuelingDQN,deceptive_grid,0,471,42299,-71.0,58,1,0.6412,0.001296
DuelingDQN,deceptive_grid,0,472,42350,-48.0,51,1,0.6408,0.000822
DuelingDQN,deceptive_grid,0,473,42396,-35.0,46,1,0.6404,0.000913
DuelingDQN,deceptive_grid,0,474,42427,-24.0,31,1,0.6401,0.001084
DuelingDQN,deceptive_grid,0,475,42455,-21.0,28,1,0.6399,0.000837
DuelingDQN,deceptive_grid,0,476,42463,3.0,8,1,0.6398,0.000839
DuelingDQN,deceptive_grid,0,477,42477,-3.0,14,1,0.6397,0.000866
DuelingDQN,deceptive_grid,0,478,42524,-56.0,47,1,0.6393,0.002479
DuelingDQN,deceptive_grid,0,479,42580,-61.0,56,1,0.6388,0.004078
DuelingDQN,deceptive_grid,0,480,42590,1.0,10,1,0.6388,0.003522
DuelingDQN,deceptive_grid,0,481,42652,-71.0,62,1,0.6382,0.003524
DuelingDQN,deceptive_grid,0,482,42740,-85.0,88,1,0.6375,0.003274
DuelingDQN,deceptive_grid,0,483,42762,-15.0,22,1,0.6373,0.002816
DuelingDQN,deceptive_grid,0,484,42788,-15.0,26,1,0.6371,0.002727
DuelingDQN,deceptive_grid,0,485,42830,-39.0,42,1,0.6367,0.001993
DuelingDQN,deceptive_grid,0,486,42855,-18.0,25,1,0.6365,0.001632
DuelingDQN,deceptive_grid,0,487,42903,-45.0,48,1,0.6361,0.001184
DuelingDQN,deceptive_grid,0,488,42970,-72.0,67,1,0.6355,0.001046
DuelingDQN,deceptive_grid,0,489,43013,-40.0,43,1,0.6352,0.002202
DuelingDQN,deceptive_grid,0,490,43033,-17.0,20,1,0.635,0.004302
DuelingDQN,deceptive_grid,0,491,43080,-40.0,47,1,0.6346,0.004795
DuelingDQN,deceptive_grid,0,492,43148,-69.0,68,1,0.634,0.003107
DuelingDQN,deceptive_grid,0,493,43167,-16.0,19,1,0.6339,0.002455
DuelingDQN,deceptive_grid,0,494,43250,-100.0,83,1,0.6332,0.001845
DuelingDQN,deceptive_grid,0,495,43302,-69.0,52,1,0.6327,0.00221
DuelingDQN,deceptive_grid,0,496,43327,-18.0,25,1,0.6325,0.001704
DuelingDQN,deceptive_grid,0,497,43341,-7.0,14,1,0.6324,0.001484
DuelingDQN,deceptive_grid,0,498,43409,-85.0,68,1,0.6318,0.001249
DuelingDQN,deceptive_grid,0,499,43519,-107.0,110,1,0.6309,0.001372
DuelingDQN,deceptive_grid,0,500,43543,-13.0,24,1,0.6307,0.003418
DuelingDQN,deceptive_grid,0,501,43615,-65.0,72,1,0.6301,0.002616
DuelingDQN,deceptive_grid,0,502,43665,-59.0,50,1,0.6296,0.001969
DuelingDQN,deceptive_grid,0,503,43706,-42.0,41,1,0.6293,0.002139
DuelingDQN,deceptive_grid,0,504,43751,-34.0,45,1,0.6289,0.002006
DuelingDQN,deceptive_grid,0,505,43759,-5.0,8,1,0.6288,0.001447
DuelingDQN,deceptive_grid,0,506,43792,-26.0,33,1,0.6286,0.001563
DuelingDQN,deceptive_grid,0,507,43826,-47.0,34,1,0.6283,0.001561
DuelingDQN,deceptive_grid,0,508,43837,0.0,11,1,0.6282,0.001292
DuelingDQN,deceptive_grid,0,509,43868,-28.0,31,1,0.6279,0.001066
DuelingDQN,deceptive_grid,0,510,43889,-10.0,21,1,0.6277,0.00144
DuelingDQN,deceptive_grid,0,511,43973,-105.0,84,1,0.627,0.00151
DuelingDQN,deceptive_grid,0,512,44002,-26.0,29,1,0.6268,0.001398
DuelingDQN,deceptive_grid,0,513,44083,-94.0,81,1,0.6261,0.005141
DuelingDQN,deceptive_grid,0,514,44112,-22.0,29,1,0.6258,0.00391
DuelingDQN,deceptive_grid,0,515,44129,-10.0,17,1,0.6257,0.003435
DuelingDQN,deceptive_grid,0,516,44193,-61.0,64,1,0.6252,0.004311
DuelingDQN,deceptive_grid,0,517,44216,-12.0,23,1,0.625,0.004213
DuelingDQN,deceptive_grid,0,518,44260,-53.0,44,1,0.6246,0.003748
DuelingDQN,deceptive_grid,0,519,44308,-37.0,48,1,0.6242,0.003107
DuelingDQN,deceptive_grid,0,520,44310,9.0,2,1,0.6242,0.00256
DuelingDQN,deceptive_grid,0,521,44337,-44.0,27,1,0.6239,0.002086
DuelingDQN,deceptive_grid,0,522,44340,4.0,3,1,0.6239,0.001365
DuelingDQN,deceptive_grid,0,523,44382,-35.0,42,1,0.6236,0.001492
DuelingDQN,deceptive_grid,0,524,44440,-55.0,58,1,0.6231,0.001022
DuelingDQN,deceptive_grid,0,525,44567,-136.0,127,1,0.622,0.002104
DuelingDQN,deceptive_grid,0,526,44568,10.0,1,1,0.622,0.0032
DuelingDQN,deceptive_grid,0,527,44580,-1.0,12,1,0.6219,0.004058
DuelingDQN,deceptive_grid,0,528,44651,-76.0,71,1,0.6213,0.002573
DuelingDQN,deceptive_grid,0,529,44695,-49.0,44,1,0.6209,0.002266
DuelingDQN,deceptive_grid,0,530,44764,-58.0,69,1,0.6203,0.001457
DuelingDQN,deceptive_grid,0,531,44794,-35.0,30,1,0.6201,0.001072
DuelingDQN,deceptive_grid,0,532,44846,-45.0,52,1,0.6196,0.001037
DuelingDQN,deceptive_grid,0,533,44892,-35.0,46,1,0.6192,0.001205
DuelingDQN,deceptive_grid,0,534,44926,-35.0,34,1,0.6189,0.000813
DuelingDQN,deceptive_grid,0,535,44970,-37.0,44,1,0.6186,0.000666
DuelingDQN,deceptive_grid,0,536,45008,-47.0,38,1,0.6182,0.001182
DuelingDQN,deceptive_grid,0,537,45018,1.0,10,1,0.6182,0.003298
DuelingDQN,deceptive_grid,0,538,45080,-71.0,62,1,0.6176,0.004354
DuelingDQN,deceptive_grid,0,539,45118,-35.0,38,1,0.6173,0.002852
DuelingDQN,deceptive_grid,0,540,45220,-111.0,102,1,0.6164,0.002605
DuelingDQN,deceptive_grid,0,541,45252,-37.0,32,1,0.6162,0.001701
DuelingDQN,deceptive_grid,0,542,45283,-32.0,31,1,0.6159,0.00148
DuelingDQN,deceptive_grid,0,543,45329,-43.0,46,1,0.6155,0.001349
DuelingDQN,deceptive_grid,0,544,45330,10.0,1,1,0.6155,0.001476
DuelingDQN,deceptive_grid,0,545,45398,-85.0,68,1,0.6149,0.001006
DuelingDQN,deceptive_grid,0,546,45487,-98.0,89,1,0.6142,0.001103
DuelingDQN,deceptive_grid,0,547,45530,-60.0,43,1,0.6138,0.002878
DuelingDQN,deceptive_grid,0,548,45583,-70.0,53,1,0.6134,0.002848
DuelingDQN,deceptive_grid,0,549,45657,-67.0,74,1,0.6127,0.002532
DuelingDQN,deceptive_grid,0,550,45678,-14.0,21,1,0.6126,0.001857
DuelingDQN,deceptive_grid,0,551,45717,-28.0,39,1,0.6122,0.001273
DuelingDQN,deceptive_grid,0,552,45735,-15.0,18,1,0.6121,0.001173
DuelingDQN,deceptive_grid,0,553,45823,-97.0,88,1,0.6113,0.001176
DuelingDQN,deceptive_grid,0,554,45836,-6.0,13,1,0.6112,0.000967
DuelingDQN,deceptive_grid,0,555,45938,-115.0,102,1,0.6104,0.001093
DuelingDQN,deceptive_grid,0,556,45975,-26.0,37,1,0.61,0.00098
DuelingDQN,deceptive_grid,0,557,46007,-21.0,32,1,0.6098,0.002052
DuelingDQN,deceptive_grid,0,558,46014,4.0,7,1,0.6097,0.003868
DuelingDQN,deceptive_grid,0,559,46065,-44.0,51,1,0.6093,0.004438
DuelingDQN,deceptive_grid,0,560,46088,-24.0,23,1,0.6091,0.004445
DuelingDQN,deceptive_grid,0,561,46171,-100.0,83,1,0.6084,0.006155
DuelingDQN,deceptive_grid,0,562,46221,-43.0,50,1,0.608,0.002643
DuelingDQN,deceptive_grid,0,563,46253,-25.0,32,1,0.6077,0.002428
DuelingDQN,deceptive_grid,0,564,46265,-1.0,12,1,0.6076,0.001619
DuelingDQN,deceptive_grid,0,565,46319,-59.0,54,1,0.6071,0.001478
DuelingDQN,deceptive_grid,0,566,46323,7.0,4,1,0.6071,0.000823
DuelingDQN,deceptive_grid,0,567,46400,-114.0,77,1,0.6064,0.00072
DuelingDQN,deceptive_grid,0,568,46431,-24.0,31,1,0.6062,0.000629
DuelingDQN,deceptive_grid,0,569,46489,-55.0,58,1,0.6057,0.000529
DuelingDQN,deceptive_grid,0,570,46493,7.0,4,1,0.6056,0.000508
DuelingDQN,deceptive_grid,0,571,46554,-58.0,61,1,0.6051,0.003248
DuelingDQN,deceptive_grid,0,572,46639,-106.0,85,1,0.6044,0.004555
DuelingDQN,deceptive_grid,0,573,46643,7.0,4,1,0.6044,0.003417
DuelingDQN,deceptive_grid,0,574,46711,-65.0,68,1,0.6038,0.003551
DuelingDQN,deceptive_grid,0,575,46758,-40.0,47,1,0.6034,0.002049
DuelingDQN,deceptive_grid,0,576,46776,-11.0,18,1,0.6032,0.001811
DuelingDQN,deceptive_grid,0,577,46873,-98.0,97,1,0.6024,0.001736
DuelingDQN,deceptive_grid,0,578,46926,-58.0,53,1,0.602,0.000973
DuelingDQN,deceptive_grid,0,579,46954,-21.0,28,1,0.6017,0.000724
DuelingDQN,deceptive_grid,0,580,47004,-51.0,50,1,0.6013,0.000729
DuelingDQN,deceptive_grid,0,581,47041,-38.0,37,1,0.601,0.002598
DuelingDQN,deceptive_grid,0,582,47080,-32.0,39,1,0.6007,0.002491
DuelingDQN,deceptive_grid,0,583,47087,4.0,7,1,0.6006,0.001899
DuelingDQN,deceptive_grid,0,584,47212,-142.0,125,1,0.5995,0.001605
DuelingDQN,deceptive_grid,0,585,47243,-32.0,31,1,0.5993,0.001013
DuelingDQN,deceptive_grid,0,586,47263,-9.0,20,1,0.5991,0.001163
DuelingDQN,deceptive_grid,0,587,47392,-150.0,129,1,0.598,0.000739
DuelingDQN,deceptive_grid,0,588,47417,-18.0,25,1,0.5978,0.000538
DuelingDQN,deceptive_grid,0,589,47477,-49.0,60,1,0.5973,0.000601
DuelingDQN,deceptive_grid,0,590,47528,-48.0,51,1,0.5969,0.002521
DuelingDQN,deceptive_grid,0,591,47559,-36.0,31,1,0.5966,0.00326
DuelingDQN,deceptive_grid,0,592,47589,-47.0,30,1,0.5964,0.003617
DuelingDQN,deceptive_grid,0,593,47595,5.0,6,1,0.5963,0.003632
DuelingDQN,deceptive_grid,0,594,47632,-34.0,37,1,0.596,0.002489
DuelingDQN,deceptive_grid,0,595,47664,-21.0,32,1,0.5957,0.002281
DuelingDQN,deceptive_grid,0,596,47676,-1.0,12,1,0.5956,0.004283
DuelingDQN,deceptive_grid,0,597,47716,-29.0,40,1,0.5953,0.003439
DuelingDQN,deceptive_grid,0,598,47737,-18.0,21,1,0.5951,0.00225
DuelingDQN,deceptive_grid,0,599,47774,-26.0,37,1,0.5948,0.001825
DuelingDQN,deceptive_grid,0,600,47788,-3.0,14,1,0.5947,0.001477
DuelingDQN,deceptive_grid,0,601,47820,-41.0,32,1,0.5944,0.001177
DuelingDQN,deceptive_grid,0,602,47835,-4.0,15,1,0.5943,0.001236
DuelingDQN,deceptive_grid,0,603,47856,-14.0,21,1,0.5941,0.001066
DuelingDQN,deceptive_grid,0,604,47900,-33.0,44,1,0.5937,0.000927
DuelingDQN,deceptive_grid,0,605,47912,-1.0,12,1,0.5936,0.000779
DuelingDQN,deceptive_grid,0,606,47962,-43.0,50,1,0.5932,0.000755
DuelingDQN,deceptive_grid,0,607,48064,-99.0,102,1,0.5923,0.00207
DuelingDQN,deceptive_grid,0,608,48140,-89.0,76,1,0.5917,0.001992
DuelingDQN,deceptive_grid,0,609,48163,-16.0,23,1,0.5915,0.001282
DuelingDQN,deceptive_grid,0,610,48200,-34.0,37,1,0.5912,0.001445
DuelingDQN,deceptive_grid,0,611,48257,-54.0,57,1,0.5907,0.001386
DuelingDQN,deceptive_grid,0,612,48272,-4.0,15,1,0.5906,0.001191
DuelingDQN,deceptive_grid,0,613,48277,6.0,5,1,0.5905,0.001359
DuelingDQN,deceptive_grid,0,614,48313,-33.0,36,1,0.5902,0.001101
DuelingDQN,deceptive_grid,0,615,48362,-46.0,49,1,0.5898,0.000938
DuelingDQN,deceptive_grid,0,616,48383,-14.0,21,1,0.5896,0.0008
DuelingDQN,deceptive_grid,0,617,48405,-11.0,22,1,0.5894,0.000631
DuelingDQN,deceptive_grid,0,618,48440,-32.0,35,1,0.5891,0.000658
DuelingDQN,deceptive_grid,0,619,48471,-20.0,31,1,0.5889,0.000652
DuelingDQN,deceptive_grid,0,620,48500,-34.0,29,1,0.5886,0.000835
DuelingDQN,deceptive_grid,0,621,48510,-3.0,10,1,0.5885,0.002769
DuelingDQN,deceptive_grid,0,622,48587,-98.0,77,1,0.5879,0.002498
DuelingDQN,deceptive_grid,0,623,48615,-33.0,28,1,0.5876,0.003134
DuelingDQN,deceptive_grid,0,624,48640,-18.0,25,1,0.5874,0.002994
DuelingDQN,deceptive_grid,0,625,48654,-3.0,14,1,0.5873,0.002863
DuelingDQN,deceptive_grid,0,626,48660,5.0,6,1,0.5873,0.002647
DuelingDQN,deceptive_grid,0,627,48673,-2.0,13,1,0.5872,0.002807
DuelingDQN,deceptive_grid,0,628,48716,-36.0,43,1,0.5868,0.002953
DuelingDQN,deceptive_grid,0,629,48754,-27.0,38,1,0.5865,0.002271
DuelingDQN,deceptive_grid,0,630,48805,-52.0,51,1,0.586,0.002346
DuelingDQN,deceptive_grid,0,631,48825,-9.0,20,1,0.5859,0.001802
DuelingDQN,deceptive_grid,0,632,48886,-54.0,61,1,0.5854,0.00165
DuelingDQN,deceptive_grid,0,633,48922,-45.0,36,1,0.585,0.001944
DuelingDQN,deceptive_grid,0,634,48958,-33.0,36,1,0.5847,0.001495
DuelingDQN,deceptive_grid,0,635,49034,-73.0,76,1,0.5841,0.002375
DuelingDQN,deceptive_grid,0,636,49064,-27.0,30,1,0.5838,0.004137
DuelingDQN,deceptive_grid,0,637,49073,2.0,9,1,0.5838,0.004228
DuelingDQN,deceptive_grid,0,638,49115,-39.0,42,1,0.5834,0.004638
DuelingDQN,deceptive_grid,0,639,49132,-6.0,17,1,0.5833,0.002826
DuelingDQN,deceptive_grid,0,640,49136,7.0,4,1,0.5832,0.001976
DuelingDQN,deceptive_grid,0,641,49178,-43.0,42,1,0.5829,0.002217
DuelingDQN,deceptive_grid,0,642,49216,-35.0,38,1,0.5826,0.001474
DuelingDQN,deceptive_grid,0,643,49248,-25.0,32,1,0.5823,0.001529
DuelingDQN,deceptive_grid,0,644,49270,-11.0,22,1,0.5821,0.001432
DuelingDQN,deceptive_grid,0,645,49297,-20.0,27,1,0.5819,0.001396
DuelingDQN,deceptive_grid,0,646,49326,-22.0,29,1,0.5816,0.001214
DuelingDQN,deceptive_grid,0,647,49336,1.0,10,1,0.5815,0.00099
DuelingDQN,deceptive_grid,0,648,49394,-55.0,58,1,0.581,0.001163
DuelingDQN,deceptive_grid,0,649,49440,-39.0,46,1,0.5807,0.001312
DuelingDQN,deceptive_grid,0,650,49465,-18.0,25,1,0.5804,0.000957
DuelingDQN,deceptive_grid,0,651,49548,-96.0,83,1,0.5797,0.002298
DuelingDQN,deceptive_grid,0,652,49602,-51.0,54,1,0.5793,0.002103
DuelingDQN,deceptive_grid,0,653,49636,-27.0,34,1,0.579,0.002072
DuelingDQN,deceptive_grid,0,654,49692,-45.0,56,1,0.5785,0.00201
DuelingDQN,deceptive_grid,0,655,49727,-36.0,35,1,0.5782,0.001599
DuelingDQN,deceptive_grid,0,656,49768,-38.0,41,1,0.5779,0.001892
DuelingDQN,deceptive_grid,0,657,49813,-42.0,45,1,0.5775,0.001334
DuelingDQN,deceptive_grid,0,658,49864,-56.0,51,1,0.5771,0.000927
DuelingDQN,deceptive_grid,0,659,49942,-91.0,78,1,0.5764,0.000629
DuelingDQN,deceptive_grid,0,660,49978,-33.0,36,1,0.5761,0.000504
DuelingDQN,deceptive_grid,0,661,50021,-36.0,43,1,0.5757,0.001548
DuelingDQN,deceptive_grid,0,662,50043,-19.0,22,1,0.5755,0.002458
DuelingDQN,deceptive_grid,0,663,50078,-28.0,35,1,0.5752,0.002683
DuelingDQN,deceptive_grid,0,664,50130,-53.0,52,1,0.5748,0.002753
DuelingDQN,deceptive_grid,0,665,50171,-34.0,41,1,0.5745,0.002075
DuelingDQN,deceptive_grid,0,666,50199,-21.0,28,1,0.5742,0.001602
DuelingDQN,deceptive_grid,0,667,50212,-10.0,13,1,0.5741,0.001367
DuelingDQN,deceptive_grid,0,668,50245,-26.0,33,1,0.5738,0.001574
DuelingDQN,deceptive_grid,0,669,50255,-3.0,10,1,0.5737,0.001301
DuelingDQN,deceptive_grid,0,670,50324,-66.0,69,1,0.5732,0.001468
DuelingDQN,deceptive_grid,0,671,50362,-31.0,38,1,0.5728,0.001003
DuelingDQN,deceptive_grid,0,672,50393,-28.0,31,1,0.5726,0.001138
DuelingDQN,deceptive_grid,0,673,50457,-57.0,64,1,0.572,0.000903
DuelingDQN,deceptive_grid,0,674,50459,9.0,2,1,0.572,0.000534
DuelingDQN,deceptive_grid,0,675,50490,-20.0,31,1,0.5717,0.00125
DuelingDQN,deceptive_grid,0,676,50509,-24.0,19,1,0.5716,0.003803
DuelingDQN,deceptive_grid,0,677,50522,-10.0,13,1,0.5715,0.004824
DuelingDQN,deceptive_grid,0,678,50555,-26.0,33,1,0.5712,0.003921
DuelingDQN,deceptive_grid,0,679,50561,1.0,6,1,0.5711,0.003435
DuelingDQN,deceptive_grid,0,680,50612,-48.0,51,1,0.5707,0.002262
DuelingDQN,deceptive_grid,0,681,50663,-56.0,51,1,0.5703,0.002071
DuelingDQN,deceptive_grid,0,682,50725,-67.0,62,1,0.5698,0.002089
DuelingDQN,deceptive_grid,0,683,50773,-45.0,48,1,0.5693,0.001407
DuelingDQN,deceptive_grid,0,684,50795,-19.0,22,1,0.5692,0.001378
DuelingDQN,deceptive_grid,0,685,50838,-32.0,43,1,0.5688,0.000894
DuelingDQN,deceptive_grid,0,686,50851,-2.0,13,1,0.5687,0.000907
DuelingDQN,deceptive_grid,0,687,50859,3.0,8,1,0.5686,0.000791
DuelingDQN,deceptive_grid,0,688,50920,-82.0,61,1,0.5681,0.001357
DuelingDQN,deceptive_grid,0,689,50933,-2.0,13,1,0.568,0.001732
DuelingDQN,deceptive_grid,0,690,50948,-4.0,15,1,0.5679,0.001351
DuelingDQN,deceptive_grid,0,691,50999,-56.0,51,1,0.5674,0.001759
DuelingDQN,deceptive_grid,0,692,51029,-27.0,30,1,0.5672,0.004456
DuelingDQN,deceptive_grid,0,693,51051,-23.0,22,1,0.567,0.005328
DuelingDQN,deceptive_grid,0,694,51099,-53.0,48,1,0.5666,0.004833
DuelingDQN,deceptive_grid,0,695,51151,-49.0,52,1,0.5661,0.003499
DuelingDQN,deceptive_grid,0,696,51172,-22.0,21,1,0.566,0.001962
DuelingDQN,deceptive_grid,0,697,51203,-40.0,31,1,0.5657,0.001855
DuelingDQN,deceptive_grid,0,698,51249,-47.0,46,1,0.5653,0.001467
DuelingDQN,deceptive_grid,0,699,51265,-9.0,16,1,0.5652,0.0011
DuelingDQN,deceptive_grid,0,700,51276,-8.0,11,1,0.5651,0.000776
DuelingDQN,deceptive_grid,0,701,51300,-17.0,24,1,0.5649,0.000753
DuelingDQN,deceptive_grid,0,702,51318,-11.0,18,1,0.5647,0.001124
DuelingDQN,deceptive_grid,0,703,51370,-41.0,52,1,0.5643,0.001113
DuelingDQN,deceptive_grid,0,704,51418,-53.0,48,1,0.5639,0.001103
DuelingDQN,deceptive_grid,0,705,51458,-45.0,40,1,0.5635,0.000879
DuelingDQN,deceptive_grid,0,706,51467,-2.0,9,1,0.5635,0.001256
DuelingDQN,deceptive_grid,0,707,51485,-7.0,18,1,0.5633,0.000928
DuelingDQN,deceptive_grid,0,708,51495,1.0,10,1,0.5632,0.000883
DuelingDQN,deceptive_grid,0,709,51504,-2.0,9,1,0.5631,0.00233
DuelingDQN,deceptive_grid,0,710,51573,-82.0,69,1,0.5626,0.002782
DuelingDQN,deceptive_grid,0,711,51596,-12.0,23,1,0.5624,0.002247
DuelingDQN,deceptive_grid,0,712,51626,-23.0,30,1,0.5621,0.001812
DuelingDQN,deceptive_grid,0,713,51717,-100.0,91,1,0.5613,0.001765
DuelingDQN,deceptive_grid,0,714,51724,0.0,7,1,0.5613,0.001899
DuelingDQN,deceptive_grid,0,715,51760,-25.0,36,1,0.561,0.001764
DuelingDQN,deceptive_grid,0,716,51769,2.0,9,1,0.5609,0.001507
DuelingDQN,deceptive_grid,0,717,51812,-32.0,43,1,0.5605,0.001136
DuelingDQN,deceptive_grid,0,718,51852,-37.0,40,1,0.5602,0.000961
DuelingDQN,deceptive_grid,0,719,51911,-48.0,59,1,0.5597,0.00067
DuelingDQN,deceptive_grid,0,720,51946,-36.0,35,1,0.5594,0.000721
DuelingDQN,deceptive_grid,0,721,51977,-28.0,31,1,0.5591,0.000647
DuelingDQN,deceptive_grid,0,722,51991,-3.0,14,1,0.559,0.000706
DuelingDQN,deceptive_grid,0,723,52017,-23.0,26,1,0.5588,0.00238
DuelingDQN,deceptive_grid,0,724,52038,-10.0,21,1,0.5586,0.004144
DuelingDQN,deceptive_grid,0,725,52054,-9.0,16,1,0.5585,0.003931
DuelingDQN,deceptive_grid,0,726,52075,-14.0,21,1,0.5583,0.002733
DuelingDQN,deceptive_grid,0,727,52082,4.0,7,1,0.5582,0.002363
DuelingDQN,deceptive_grid,0,728,52130,-41.0,48,1,0.5578,0.002156
DuelingDQN,deceptive_grid,0,729,52174,-45.0,44,1,0.5575,0.00215
DuelingDQN,deceptive_grid,0,730,52217,-36.0,43,1,0.5571,0.001921
DuelingDQN,deceptive_grid,0,731,52259,-39.0,42,1,0.5567,0.001755
DuelingDQN,deceptive_grid,0,732,52326,-60.0,67,1,0.5562,0.001372
DuelingDQN,deceptive_grid,0,733,52365,-32.0,39,1,0.5558,0.001503
DuelingDQN,deceptive_grid,0,734,52424,-48.0,59,1,0.5553,0.001933
DuelingDQN,deceptive_grid,0,735,52477,-62.0,53,1,0.5549,0.001372
DuelingDQN,deceptive_grid,0,736,52510,-34.0,33,1,0.5546,0.002402
DuelingDQN,deceptive_grid,0,737,52554,-37.0,44,1,0.5542,0.003354
DuelingDQN,deceptive_grid,0,738,52560,5.0,6,1,0.5542,0.003198
DuelingDQN,deceptive_grid,0,739,52574,-3.0,14,1,0.5541,0.00367
DuelingDQN,deceptive_grid,0,740,52616,-43.0,42,1,0.5537,0.003223
DuelingDQN,deceptive_grid,0,741,52630,-19.0,14,1,0.5536,0.002514
DuelingDQN,deceptive_grid,0,742,52656,-19.0,26,1,0.5534,0.001851
DuelingDQN,deceptive_grid,0,743,52695,-32.0,39,1,0.553,0.001281
DuelingDQN,deceptive_grid,0,744,52719,-25.0,24,1,0.5528,0.000872
DuelingDQN,deceptive_grid,0,745,52730,-4.0,11,1,0.5527,0.000725
DuelingDQN,deceptive_grid,0,746,52774,-37.0,44,1,0.5524,0.000675
DuelingDQN,deceptive_grid,0,747,52825,-56.0,51,1,0.5519,0.000632
DuelingDQN,deceptive_grid,0,748,52836,-8.0,11,1,0.5518,0.000658
DuelingDQN,deceptive_grid,0,749,52864,-17.0,28,1,0.5516,0.000658
DuelingDQN,deceptive_grid,0,750,52916,-45.0,52,1,0.5512,0.000573
DuelingDQN,deceptive_grid,0,751,52954,-31.0,38,1,0.5508,0.000531
DuelingDQN,deceptive_grid,0,752,52984,-23.0,30,1,0.5506,0.000413
DuelingDQN,deceptive_grid,0,753,53011,-16.0,27,1,0.5504,0.001627
DuelingDQN,deceptive_grid,0,754,53063,-45.0,52,1,0.5499,0.002845
DuelingDQN,deceptive_grid,0,755,53098,-28.0,35,1,0.5496,0.00245
DuelingDQN,deceptive_grid,0,756,53157,-72.0,59,1,0.5491,0.002139
DuelingDQN,deceptive_grid,0,757,53192,-32.0,35,1,0.5488,0.001608
DuelingDQN,deceptive_grid,0,758,53230,-31.0,38,1,0.5485,0.002477
DuelingDQN,deceptive_grid,0,759,53240,-3.0,10,1,0.5484,0.0023
DuelingDQN,deceptive_grid,0,760,53268,-17.0,28,1,0.5482,0.001711
DuelingDQN,deceptive_grid,0,761,53304,-41.0,36,1,0.5479,0.001272
DuelingDQN,deceptive_grid,0,762,53336,-25.0,32,1,0.5476,0.001216
DuelingDQN,deceptive_grid,0,763,53398,-63.0,62,1,0.5471,0.001483
DuelingDQN,deceptive_grid,0,764,53424,-19.0,26,1,0.5469,0.000861
DuelingDQN,deceptive_grid,0,765,53485,-82.0,61,1,0.5463,0.000629
DuelingDQN,deceptive_grid,0,766,53507,-15.0,22,1,0.5462,0.001572
DuelingDQN,deceptive_grid,0,767,53544,-38.0,37,1,0.5458,0.003053
DuelingDQN,deceptive_grid,0,768,53575,-20.0,31,1,0.5456,0.002936
DuelingDQN,deceptive_grid,0,769,53648,-70.0,73,1,0.545,0.003638
DuelingDQN,deceptive_grid,0,770,53655,4.0,7,1,0.5449,0.008178
DuelingDQN,deceptive_grid,0,771,53717,-71.0,62,1,0.5444,0.003685
DuelingDQN,deceptive_grid,0,772,53746,-38.0,29,1,0.5441,0.002319
DuelingDQN,deceptive_grid,0,773,53764,-11.0,18,1,0.544,0.001477
DuelingDQN,deceptive_grid,0,774,53806,-39.0,42,1,0.5436,0.001571
DuelingDQN,deceptive_grid,0,775,53842,-29.0,36,1,0.5433,0.00164
DuelingDQN,deceptive_grid,0,776,53889,-48.0,47,1,0.5429,0.00116
DuelingDQN,deceptive_grid,0,777,53944,-60.0,55,1,0.5424,0.000676
DuelingDQN,deceptive_grid,0,778,53972,-25.0,28,1,0.5422,0.000583
DuelingDQN,deceptive_grid,0,779,54020,-53.0,48,1,0.5418,0.001512
DuelingDQN,deceptive_grid,0,780,54049,-22.0,29,1,0.5416,0.002616
DuelingDQN,deceptive_grid,0,781,54071,-15.0,22,1,0.5414,0.00323
DuelingDQN,deceptive_grid,0,782,54077,5.0,6,1,0.5413,0.003338
DuelingDQN,deceptive_grid,0,783,54124,-56.0,47,1,0.5409,0.00344
DuelingDQN,deceptive_grid,0,784,54191,-80.0,67,1,0.5404,0.001729
DuelingDQN,deceptive_grid,0,785,54204,-6.0,13,1,0.5402,0.001214
DuelingDQN,deceptive_grid,0,786,54225,-18.0,21,1,0.5401,0.00125
DuelingDQN,deceptive_grid,0,787,54255,-31.0,30,1,0.5398,0.001081
DuelingDQN,deceptive_grid,0,788,54259,7.0,4,1,0.5398,0.000923
DuelingDQN,deceptive_grid,0,789,54271,-5.0,12,1,0.5397,0.001004
DuelingDQN,deceptive_grid,0,790,54328,-50.0,57,1,0.5392,0.001044
DuelingDQN,deceptive_grid,0,791,54382,-51.0,54,1,0.5387,0.000837
DuelingDQN,deceptive_grid,0,792,54419,-26.0,37,1,0.5384,0.000758
DuelingDQN,deceptive_grid,0,793,54447,-17.0,28,1,0.5382,0.000568
DuelingDQN,deceptive_grid,0,794,54455,-9.0,8,1,0.5381,0.000821
DuelingDQN,deceptive_grid,0,795,54476,-10.0,21,1,0.5379,0.000703
DuelingDQN,deceptive_grid,0,796,54512,-33.0,36,1,0.5376,0.001643
DuelingDQN,deceptive_grid,0,797,54518,1.0,6,1,0.5376,0.003798
DuelingDQN,deceptive_grid,0,798,54538,-9.0,20,1,0.5374,0.00401
DuelingDQN,deceptive_grid,0,799,54569,-40.0,31,1,0.5371,0.004158
DuelingDQN,deceptive_grid,0,800,54609,-29.0,40,1,0.5368,0.003257
DQN,deceptive_grid,1,1,200,-264.0,200,0,0.9983,
DQN,deceptive_grid,1,2,400,-224.0,200,0,0.9966,
DQN,deceptive_grid,1,3,600,-320.0,200,0,0.9949,
DQN,deceptive_grid,1,4,800,-332.0,200,0,0.9932,
DQN,deceptive_grid,1,5,1000,-264.0,200,0,0.9915,0.736201
DQN,deceptive_grid,1,6,1200,-220.0,200,0,0.9898,0.325382
DQN,deceptive_grid,1,7,1400,-264.0,200,0,0.9881,0.24508
DQN,deceptive_grid,1,8,1600,-284.0,200,0,0.9864,0.203074
DQN,deceptive_grid,1,9,1800,-316.0,200,0,0.9847,0.16662
DQN,deceptive_grid,1,10,2000,-312.0,200,0,0.983,0.148715
DQN,deceptive_grid,1,11,2087,-136.0,87,1,0.9823,0.145069
DQN,deceptive_grid,1,12,2287,-268.0,200,0,0.9806,0.106352
DQN,deceptive_grid,1,13,2487,-240.0,200,0,0.9789,0.096955
DQN,deceptive_grid,1,14,2687,-292.0,200,0,0.9772,0.085893
DQN,deceptive_grid,1,15,2887,-236.0,200,0,0.9755,0.067645
DQN,deceptive_grid,1,16,3087,-216.0,200,0,0.9738,0.068628
DQN,deceptive_grid,1,17,3287,-332.0,200,0,0.9721,0.054209
DQN,deceptive_grid,1,18,3487,-396.0,200,0,0.9704,0.059261
DQN,deceptive_grid,1,19,3687,-236.0,200,0,0.9687,0.068147
DQN,deceptive_grid,1,20,3887,-284.0,200,0,0.967,0.050154
DQN,deceptive_grid,1,21,4087,-268.0,200,0,0.9653,0.054071
DQN,deceptive_grid,1,22,4287,-236.0,200,0,0.9636,0.048711
DQN,deceptive_grid,1,23,4487,-284.0,200,0,0.9619,0.046338
DQN,deceptive_grid,1,24,4687,-264.0,200,0,0.9602,0.052424
DQN,deceptive_grid,1,25,4887,-276.0,200,0,0.9585,0.038663
DQN,deceptive_grid,1,26,5087,-244.0,200,0,0.9569,0.057655
DQN,deceptive_grid,1,27,5287,-292.0,200,0,0.9552,0.035474
DQN,deceptive_grid,1,28,5487,-244.0,200,0,0.9535,0.037569
DQN,deceptive_grid,1,29,5687,-220.0,200,0,0.9518,0.048513
DQN,deceptive_grid,1,30,5887,-220.0,200,0,0.9501,0.030893
DQN,deceptive_grid,1,31,6087,-232.0,200,0,0.9484,0.045953
DQN,deceptive_grid,1,32,6287,-244.0,200,0,0.9467,0.028001
DQN,deceptive_grid,1,33,6487,-324.0,200,0,0.945,0.028086
DQN,deceptive_grid,1,34,6687,-232.0,200,0,0.9433,0.042932
DQN,deceptive_grid,1,35,6887,-248.0,200,0,0.9416,0.030397
DQN,deceptive_grid,1,36,7087,-284.0,200,0,0.9399,0.043196
DQN,deceptive_grid,1,37,7287,-340.0,200,0,0.9382,0.032758
DQN,deceptive_grid,1,38,7487,-260.0,200,0,0.9365,0.029953
DQN,deceptive_grid,1,39,7687,-324.0,200,0,0.9348,0.039027
DQN,deceptive_grid,1,40,7887,-228.0,200,0,0.9331,0.031405
DQN,deceptive_grid,1,41,8087,-276.0,200,0,0.9314,0.041736
DQN,deceptive_grid,1,42,8287,-280.0,200,0,0.9297,0.023166
DQN,deceptive_grid,1,43,8487,-268.0,200,0,0.928,0.023394
DQN,deceptive_grid,1,44,8687,-248.0,200,0,0.9263,0.032313
DQN,deceptive_grid,1,45,8887,-228.0,200,0,0.9246,0.025951
DQN,deceptive_grid,1,46,9087,-248.0,200,0,0.9229,0.034811
DQN,deceptive_grid,1,47,9287,-240.0,200,0,0.9212,0.023676
DQN,deceptive_grid,1,48,9487,-292.0,200,0,0.9195,0.020388
DQN,deceptive_grid,1,49,9687,-288.0,200,0,0.9178,0.035928
DQN,deceptive_grid,1,50,9887,-264.0,200,0,0.9161,0.023398
DQN,deceptive_grid,1,51,10087,-244.0,200,0,0.9144,0.031532
DQN,deceptive_grid,1,52,10287,-260.0,200,0,0.9127,0.021583
DQN,deceptive_grid,1,53,10487,-284.0,200,0,0.911,0.020965
DQN,deceptive_grid,1,54,10576,-106.0,89,1,0.9103,0.051034
DQN,deceptive_grid,1,55,10607,-40.0,31,1,0.91,0.020179
DQN,deceptive_grid,1,56,10807,-272.0,200,0,0.9083,0.021258
DQN,deceptive_grid,1,57,11007,-284.0,200,0,0.9066,0.031847
DQN,deceptive_grid,1,58,11207,-216.0,200,0,0.9049,0.033548
DQN,deceptive_grid,1,59,11407,-288.0,200,0,0.9032,0.034762
DQN,deceptive_grid,1,60,11415,-5.0,8,1,0.9032,0.007
DQN,deceptive_grid,1,61,11615,-308.0,200,0,0.9015,0.049452
DQN,deceptive_grid,1,62,11815,-248.0,200,0,0.8998,0.027311
DQN,deceptive_grid,1,63,12015,-336.0,200,0,0.8981,0.032055
DQN,deceptive_grid,1,64,12215,-240.0,200,0,0.8964,0.030926
DQN,deceptive_grid,1,65,12415,-308.0,200,0,0.8947,0.026011
DQN,deceptive_grid,1,66,12501,-107.0,86,1,0.894,0.026181
DQN,deceptive_grid,1,67,12701,-268.0,200,0,0.8923,0.037791
DQN,deceptive_grid,1,68,12901,-244.0,200,0,0.8906,0.021115
DQN,deceptive_grid,1,69,13101,-260.0,200,0,0.8889,0.035189
DQN,deceptive_grid,1,70,13301,-236.0,200,0,0.8872,0.033284
DQN,deceptive_grid,1,71,13501,-264.0,200,0,0.8855,0.032121
DQN,deceptive_grid,1,72,13701,-208.0,200,0,0.8838,0.03527
DQN,deceptive_grid,1,73,13901,-264.0,200,0,0.8821,0.024785
DQN,deceptive_grid,1,74,14101,-312.0,200,0,0.8804,0.044759
DQN,deceptive_grid,1,75,14216,-136.0,115,1,0.8794,0.025877
DQN,deceptive_grid,1,76,14416,-292.0,200,0,0.8777,0.038271
DQN,deceptive_grid,1,77,14485,-90.0,69,1,0.8771,0.03012
DQN,deceptive_grid,1,78,14685,-216.0,200,0,0.8754,0.040774
DQN,deceptive_grid,1,79,14885,-272.0,200,0,0.8737,0.035027
DQN,deceptive_grid,1,80,15085,-288.0,200,0,0.872,0.023221
DQN,deceptive_grid,1,81,15285,-280.0,200,0,0.8704,0.025302
DQN,deceptive_grid,1,82,15485,-280.0,200,0,0.8687,0.037381
DQN,deceptive_grid,1,83,15685,-328.0,200,0,0.867,0.044154
DQN,deceptive_grid,1,84,15698,-2.0,13,1,0.8668,0.016161
DQN,deceptive_grid,1,85,15837,-164.0,139,1,0.8657,0.04087
DQN,deceptive_grid,1,86,16037,-308.0,200,0,0.864,0.038812
DQN,deceptive_grid,1,87,16129,-109.0,92,1,0.8632,0.035533
DQN,deceptive_grid,1,88,16329,-256.0,200,0,0.8615,0.036515
DQN,deceptive_grid,1,89,16529,-272.0,200,0,0.8598,0.03692
DQN,deceptive_grid,1,90,16729,-272.0,200,0,0.8581,0.029768
DQN,deceptive_grid,1,91,16929,-260.0,200,0,0.8564,0.03354
DQN,deceptive_grid,1,92,17129,-224.0,200,0,0.8547,0.051529
DQN,deceptive_grid,1,93,17329,-264.0,200,0,0.853,0.033238
DQN,deceptive_grid,1,94,17385,-61.0,56,1,0.8525,0.047831
DQN,deceptive_grid,1,95,17585,-408.0,200,0,0.8508,0.035093
DQN,deceptive_grid,1,96,17625,-61.0,40,1,0.8505,0.044774
DQN,deceptive_grid,1,97,17825,-312.0,200,0,0.8488,0.047787
DQN,deceptive_grid,1,98,18025,-256.0,200,0,0.8471,0.045761
DQN,deceptive_grid,1,99,18225,-300.0,200,0,0.8454,0.03256
DQN,deceptive_grid,1,100,18425,-280.0,200,0,0.8437,0.046716
DQN,deceptive_grid,1,101,18625,-280.0,200,0,0.842,0.041346
DQN,deceptive_grid,1,102,18825,-264.0,200,0,0.8403,0.029949
DQN,deceptive_grid,1,103,19025,-264.0,200,0,0.8386,0.048838
DQN,deceptive_grid,1,104,19225,-260.0,200,0,0.8369,0.04862
DQN,deceptive_grid,1,105,19338,-118.0,113,1,0.836,0.037155
DQN,deceptive_grid,1,106,19538,-244.0,200,0,0.8343,0.046682
DQN,deceptive_grid,1,107,19738,-244.0,200,0,0.8326,0.037005
DQN,deceptive_grid,1,108,19837,-96.0,99,1,0.8317,0.039312
DQN,deceptive_grid,1,109,20037,-252.0,200,0,0.83,0.053362
DQN,deceptive_grid,1,110,20237,-220.0,200,0,0.8283,0.042551
DQN,deceptive_grid,1,111,20437,-288.0,200,0,0.8267,0.042374
DQN,deceptive_grid,1,112,20637,-236.0,200,0,0.825,0.049966
DQN,deceptive_grid,1,113,20837,-252.0,200,0,0.8233,0.047684
DQN,deceptive_grid,1,114,21037,-232.0,200,0,0.8216,0.043674
DQN,deceptive_grid,1,115,21237,-244.0,200,0,0.8199,0.038079
DQN,deceptive_grid,1,116,21242,6.0,5,1,0.8198,0.009909
DQN,deceptive_grid,1,117,21442,-272.0,200,0,0.8181,0.054571
DQN,deceptive_grid,1,118,21470,-33.0,28,1,0.8179,0.038279
DQN,deceptive_grid,1,119,21590,-129.0,120,1,0.8169,0.060541
DQN,deceptive_grid,1,120,21790,-232.0,200,0,0.8152,0.056419
DQN,deceptive_grid,1,121,21990,-232.0,200,0,0.8135,0.040576
DQN,deceptive_grid,1,122,22190,-396.0,200,0,0.8118,0.052447
DQN,deceptive_grid,1,123,22211,-14.0,21,1,0.8116,0.018284
DQN,deceptive_grid,1,124,22411,-244.0,200,0,0.8099,0.047714
DQN,deceptive_grid,1,125,22611,-268.0,200,0,0.8082,0.064768
DQN,deceptive_grid,1,126,22811,-240.0,200,0,0.8065,0.041913
DQN,deceptive_grid,1,127,23011,-232.0,200,0,0.8048,0.073747
DQN,deceptive_grid,1,128,23211,-228.0,200,0,0.8031,0.061149
DQN,deceptive_grid,1,129,23411,-208.0,200,0,0.8014,0.042455
DQN,deceptive_grid,1,130,23611,-268.0,200,0,0.7997,0.050941
DQN,deceptive_grid,1,131,23759,-213.0,148,1,0.7985,0.040533
DQN,deceptive_grid,1,132,23959,-272.0,200,0,0.7968,0.040741
DQN,deceptive_grid,1,133,24061,-135.0,102,1,0.7959,0.085513
DQN,deceptive_grid,1,134,24261,-308.0,200,0,0.7942,0.035488
DQN,deceptive_grid,1,135,24461,-260.0,200,0,0.7925,0.044906
DQN,deceptive_grid,1,136,24645,-237.0,184,1,0.791,0.0731
DQN,deceptive_grid,1,137,24845,-244.0,200,0,0.7893,0.042246
DQN,deceptive_grid,1,138,24879,-27.0,34,1,0.789,0.039408
DQN,deceptive_grid,1,139,25042,-208.0,163,1,0.7876,0.064099
DQN,deceptive_grid,1,140,25183,-174.0,141,1,0.7864,0.062756
DQN,deceptive_grid,1,141,25284,-106.0,101,1,0.7855,0.077363
DQN,deceptive_grid,1,142,25484,-224.0,200,0,0.7838,0.092666
DQN,deceptive_grid,1,143,25684,-252.0,200,0,0.7821,0.068459
DQN,deceptive_grid,1,144,25746,-83.0,62,1,0.7816,0.066454
DQN,deceptive_grid,1,145,25946,-336.0,200,0,0.7799,0.040246
DQN,deceptive_grid,1,146,25971,-22.0,25,1,0.7797,0.147233
DQN,deceptive_grid,1,147,26020,-46.0,49,1,0.7793,0.054768
DQN,deceptive_grid,1,148,26220,-224.0,200,0,0.7776,0.056073
DQN,deceptive_grid,1,149,26420,-228.0,200,0,0.7759,0.065521
DQN,deceptive_grid,1,150,26620,-280.0,200,0,0.7742,0.095548
DQN,deceptive_grid,1,151,26652,-25.0,32,1,0.7739,0.120897
DQN,deceptive_grid,1,152,26775,-148.0,123,1,0.7729,0.120245
DQN,deceptive_grid,1,153,26975,-308.0,200,0,0.7712,0.102703
DQN,deceptive_grid,1,154,27063,-105.0,88,1,0.7704,0.106358
DQN,deceptive_grid,1,155,27263,-288.0,200,0,0.7688,0.093989
DQN,deceptive_grid,1,156,27314,-52.0,51,1,0.7683,0.088117
DQN,deceptive_grid,1,157,27405,-96.0,91,1,0.7675,0.077244
DQN,deceptive_grid,1,158,27472,-112.0,67,1,0.767,0.094115
DQN,deceptive_grid,1,159,27543,-76.0,71,1,0.7664,0.109755
DQN,deceptive_grid,1,160,27589,-35.0,46,1,0.766,0.164504
DQN,deceptive_grid,1,161,27789,-324.0,200,0,0.7643,0.102961
DQN,deceptive_grid,1,162,27886,-142.0,97,1,0.7635,0.092047
DQN,deceptive_grid,1,163,28086,-272.0,200,0,0.7618,0.090965
DQN,deceptive_grid,1,164,28286,-236.0,200,0,0.7601,0.111613
DQN,deceptive_grid,1,165,28411,-122.0,125,1,0.759,0.083789
DQN,deceptive_grid,1,166,28517,-131.0,106,1,0.7581,0.107114
DQN,deceptive_grid,1,167,28596,-108.0,79,1,0.7574,0.105946
DQN,deceptive_grid,1,168,28735,-168.0,139,1,0.7563,0.118245
DQN,deceptive_grid,1,169,28815,-89.0,80,1,0.7556,0.100272
DQN,deceptive_grid,1,170,28864,-58.0,49,1,0.7552,0.098562
DQN,deceptive_grid,1,171,29064,-244.0,200,0,0.7535,0.119621
DQN,deceptive_grid,1,172,29264,-252.0,200,0,0.7518,0.133756
DQN,deceptive_grid,1,173,29385,-138.0,121,1,0.7508,0.11999
DQN,deceptive_grid,1,174,29422,-50.0,37,1,0.7504,0.103524
DQN,deceptive_grid,1,175,29622,-232.0,200,0,0.7487,0.131206
DQN,deceptive_grid,1,176,29822,-240.0,200,0,0.747,0.143489
DQN,deceptive_grid,1,177,30022,-240.0,200,0,0.7453,0.134659
DQN,deceptive_grid,1,178,30222,-268.0,200,0,0.7437,0.152031
DQN,deceptive_grid,1,179,30233,0.0,11,1,0.7436,0.075454
DQN,deceptive_grid,1,180,30433,-224.0,200,0,0.7419,0.126446
DQN,deceptive_grid,1,181,30633,-208.0,200,0,0.7402,0.174902
DQN,deceptive_grid,1,182,30680,-44.0,47,1,0.7398,0.159619
DQN,deceptive_grid,1,183,30696,-13.0,16,1,0.7396,0.104481
DQN,deceptive_grid,1,184,30896,-268.0,200,0,0.7379,0.166139
DQN,deceptive_grid,1,185,30938,-39.0,42,1,0.7376,0.180971
DQN,deceptive_grid,1,186,31138,-284.0,200,0,0.7359,0.178265
DQN,deceptive_grid,1,187,31338,-316.0,200,0,0.7342,0.194137
DQN,deceptive_grid,1,188,31538,-336.0,200,0,0.7325,0.190193
DQN,deceptive_grid,1,189,31556,-11.0,18,1,0.7323,0.222925
DQN,deceptive_grid,1,190,31756,-280.0,200,0,0.7306,0.223347
DQN,deceptive_grid,1,191,31956,-264.0,200,0,0.7289,0.171152
DQN,deceptive_grid,1,192,32024,-65.0,68,1,0.7284,0.195073
DQN,deceptive_grid,1,193,32103,-112.0,79,1,0.7277,0.220535
DQN,deceptive_grid,1,194,32303,-272.0,200,0,0.726,0.212324
DQN,deceptive_grid,1,195,32389,-91.0,86,1,0.7253,0.182079
DQN,deceptive_grid,1,196,32494,-98.0,105,1,0.7244,0.233818
DQN,deceptive_grid,1,197,32515,-10.0,21,1,0.7242,0.202132
DQN,deceptive_grid,1,198,32715,-268.0,200,0,0.7225,0.270599
DQN,deceptive_grid,1,199,32915,-260.0,200,0,0.7208,0.230812
DQN,deceptive_grid,1,200,33053,-179.0,138,1,0.7196,0.237047
DQN,deceptive_grid,1,201,33253,-312.0,200,0,0.7179,0.286593
DQN,deceptive_grid,1,202,33453,-256.0,200,0,0.7162,0.286132
DQN,deceptive_grid,1,203,33653,-256.0,200,0,0.7146,0.307225
DQN,deceptive_grid,1,204,33715,-71.0,62,1,0.714,0.252139
DQN,deceptive_grid,1,205,33752,-34.0,37,1,0.7137,0.342045
DQN,deceptive_grid,1,206,33766,-7.0,14,1,0.7136,0.365543
DQN,deceptive_grid,1,207,33884,-123.0,118,1,0.7126,0.302798
DQN,deceptive_grid,1,208,33925,-34.0,41,1,0.7122,0.242919
DQN,deceptive_grid,1,209,34125,-244.0,200,0,0.7105,0.355587
DQN,deceptive_grid,1,210,34179,-47.0,54,1,0.7101,0.273745
DQN,deceptive_grid,1,211,34379,-280.0,200,0,0.7084,0.304799
DQN,deceptive_grid,1,212,34516,-178.0,137,1,0.7072,0.337608
DQN,deceptive_grid,1,213,34546,-23.0,30,1,0.707,0.39712
DQN,deceptive_grid,1,214,34611,-86.0,65,1,0.7064,0.372588
DQN,deceptive_grid,1,215,34664,-50.0,53,1,0.706,0.365572
DQN,deceptive_grid,1,216,34864,-216.0,200,0,0.7043,0.375036
DQN,deceptive_grid,1,217,34899,-24.0,35,1,0.704,0.436972
DQN,deceptive_grid,1,218,34972,-74.0,73,1,0.7034,0.415408
DQN,deceptive_grid,1,219,35172,-276.0,200,0,0.7017,0.412703
DQN,deceptive_grid,1,220,35372,-240.0,200,0,0.7,0.425922
DQN,deceptive_grid,1,221,35572,-304.0,200,0,0.6983,0.444858
DQN,deceptive_grid,1,222,35772,-296.0,200,0,0.6966,0.427512
DQN,deceptive_grid,1,223,35829,-54.0,57,1,0.6961,0.442207
DQN,deceptive_grid,1,224,36029,-264.0,200,0,0.6944,0.425582
DQN,deceptive_grid,1,225,36063,-31.0,34,1,0.6941,0.455007
DQN,deceptive_grid,1,226,36211,-185.0,148,1,0.6929,0.464559
DQN,deceptive_grid,1,227,36240,-26.0,29,1,0.6926,0.466343
DQN,deceptive_grid,1,228,36253,-2.0,13,1,0.6925,0.501955
DQN,deceptive_grid,1,229,36321,-73.0,68,1,0.6919,0.427381
DQN,deceptive_grid,1,230,36521,-288.0,200,0,0.6902,0.44695
DQN,deceptive_grid,1,231,36552,-20.0,31,1,0.69,0.486766
DQN,deceptive_grid,1,232,36752,-304.0,200,0,0.6883,0.476682
DQN,deceptive_grid,1,233,36815,-52.0,63,1,0.6877,0.468644
DQN,deceptive_grid,1,234,37015,-324.0,200,0,0.686,0.473939
DQN,deceptive_grid,1,235,37215,-260.0,200,0,0.6843,0.492723
DQN,deceptive_grid,1,236,37291,-73.0,76,1,0.6837,0.500503
DQN,deceptive_grid,1,237,37352,-82.0,61,1,0.6832,0.516868
DQN,deceptive_grid,1,238,37366,-11.0,14,1,0.6831,0.351047
DQN,deceptive_grid,1,239,37388,-15.0,22,1,0.6829,0.358725
DQN,deceptive_grid,1,240,37588,-268.0,200,0,0.6812,0.521061
DQN,deceptive_grid,1,241,37654,-75.0,66,1,0.6806,0.585373
DQN,deceptive_grid,1,242,37767,-134.0,113,1,0.6797,0.55325
DQN,deceptive_grid,1,243,37967,-276.0,200,0,0.678,0.479174
DQN,deceptive_grid,1,244,37988,-18.0,21,1,0.6778,0.586611
DQN,deceptive_grid,1,245,38188,-292.0,200,0,0.6761,0.578764
DQN,deceptive_grid,1,246,38275,-88.0,87,1,0.6753,0.497779
DQN,deceptive_grid,1,247,38335,-61.0,60,1,0.6748,0.541236
DQN,deceptive_grid,1,248,38436,-110.0,101,1,0.674,0.526346
DQN,deceptive_grid,1,249,38559,-144.0,123,1,0.6729,0.596776
DQN,deceptive_grid,1,250,38759,-272.0,200,0,0.6712,0.613688
DQN,deceptive_grid,1,251,38792,-30.0,33,1,0.671,0.580253
DQN,deceptive_grid,1,252,38840,-41.0,48,1,0.6706,0.59873
DQN,deceptive_grid,1,253,39040,-264.0,200,0,0.6689,0.597901
DQN,deceptive_grid,1,254,39077,-38.0,37,1,0.6685,0.601737
DQN,deceptive_grid,1,255,39277,-300.0,200,0,0.6668,0.603201
DQN,deceptive_grid,1,256,39477,-288.0,200,0,0.6652,0.569979
DQN,deceptive_grid,1,257,39525,-41.0,48,1,0.6647,0.57192
DQN,deceptive_grid,1,258,39570,-34.0,45,1,0.6644,0.715984
DQN,deceptive_grid,1,259,39646,-97.0,76,1,0.6637,0.59218
DQN,deceptive_grid,1,260,39846,-284.0,200,0,0.662,0.642517
DQN,deceptive_grid,1,261,39891,-46.0,45,1,0.6616,0.633338
DQN,deceptive_grid,1,262,39945,-63.0,54,1,0.6612,0.581329
DQN,deceptive_grid,1,263,39966,-22.0,21,1,0.661,0.614532
DQN,deceptive_grid,1,264,40027,-70.0,61,1,0.6605,0.62031
DQN,deceptive_grid,1,265,40105,-87.0,78,1,0.6598,0.651412
DQN,deceptive_grid,1,266,40116,0.0,11,1,0.6597,0.552348
DQN,deceptive_grid,1,267,40153,-26.0,37,1,0.6594,0.661964
DQN,deceptive_grid,1,268,40176,-12.0,23,1,0.6592,0.562241
DQN,deceptive_grid,1,269,40376,-280.0,200,0,0.6575,0.599828
DQN,deceptive_grid,1,270,40381,2.0,5,1,0.6575,0.574961
DQN,deceptive_grid,1,271,40581,-260.0,200,0,0.6558,0.606131
DQN,deceptive_grid,1,272,40636,-48.0,55,1,0.6553,0.644336
DQN,deceptive_grid,1,273,40836,-284.0,200,0,0.6536,0.625461
DQN,deceptive_grid,1,274,41036,-312.0,200,0,0.6519,0.611437
DQN,deceptive_grid,1,275,41097,-62.0,61,1,0.6514,0.647331
DQN,deceptive_grid,1,276,41101,7.0,4,1,0.6514,0.714224
DQN,deceptive_grid,1,277,41110,-2.0,9,1,0.6513,0.510058
DQN,deceptive_grid,1,278,41142,-29.0,32,1,0.651,0.630472
DQN,deceptive_grid,1,279,41186,-33.0,44,1,0.6507,0.65821
DQN,deceptive_grid,1,280,41386,-292.0,200,0,0.649,0.622107
DQN,deceptive_grid,1,281,41400,-3.0,14,1,0.6488,0.714872
DQN,deceptive_grid,1,282,41600,-244.0,200,0,0.6471,0.632527
DQN,deceptive_grid,1,283,41800,-240.0,200,0,0.6454,0.62422
DQN,deceptive_grid,1,284,42000,-232.0,200,0,0.6438,0.591772
DQN,deceptive_grid,1,285,42019,-8.0,19,1,0.6436,0.786983
DQN,deceptive_grid,1,286,42064,-34.0,45,1,0.6432,0.62172
DQN,deceptive_grid,1,287,42264,-252.0,200,0,0.6415,0.626568
DQN,deceptive_grid,1,288,42464,-244.0,200,0,0.6398,0.609311
DQN,deceptive_grid,1,289,42467,8.0,3,1,0.6398,0.466119
DQN,deceptive_grid,1,290,42587,-125.0,120,1,0.6388,0.64492
DQN,deceptive_grid,1,291,42787,-264.0,200,0,0.6371,0.567321
DQN,deceptive_grid,1,292,42807,-25.0,20,1,0.6369,0.634904
DQN,deceptive_grid,1,293,42825,-11.0,18,1,0.6368,0.649261
DQN,deceptive_grid,1,294,42883,-71.0,58,1,0.6363,0.61082
DQN,deceptive_grid,1,295,42937,-59.0,54,1,0.6358,0.590086
DQN,deceptive_grid,1,296,42980,-40.0,43,1,0.6354,0.61392
DQN,deceptive_grid,1,297,42981,10.0,1,1,0.6354,0.615569
DQN,deceptive_grid,1,298,43019,-27.0,38,1,0.6351,0.679575
DQN,deceptive_grid,1,299,43024,6.0,5,1,0.6351,0.570634
DQN,deceptive_grid,1,300,43224,-300.0,200,0,0.6334,0.657399
DQN,deceptive_grid,1,301,43424,-272.0,200,0,0.6317,0.621464
DQN,deceptive_grid,1,302,43437,-2.0,13,1,0.6316,0.533429
DQN,deceptive_grid,1,303,43532,-104.0,95,1,0.6308,0.677493
DQN,deceptive_grid,1,304,43621,-102.0,89,1,0.63,0.617551
DQN,deceptive_grid,1,305,43651,-27.0,30,1,0.6297,0.606008
DQN,deceptive_grid,1,306,43701,-39.0,50,1,0.6293,0.565462
DQN,deceptive_grid,1,307,43732,-24.0,31,1,0.6291,0.644445
DQN,deceptive_grid,1,308,43750,-11.0,18,1,0.6289,0.705858
DQN,deceptive_grid,1,309,43757,4.0,7,1,0.6288,0.507718
DQN,deceptive_grid,1,310,43825,-61.0,68,1,0.6283,0.626541
DQN,deceptive_grid,1,311,43874,-50.0,49,1,0.6279,0.609337
DQN,deceptive_grid,1,312,43911,-26.0,37,1,0.6275,0.581643
DQN,deceptive_grid,1,313,44111,-292.0,200,0,0.6258,0.653042
DQN,deceptive_grid,1,314,44180,-66.0,69,1,0.6253,0.6167
DQN,deceptive_grid,1,315,44193,-2.0,13,1,0.6251,0.656594
DQN,deceptive_grid,1,316,44266,-74.0,73,1,0.6245,0.622607
DQN,deceptive_grid,1,317,44285,-12.0,19,1,0.6244,0.727599
DQN,deceptive_grid,1,318,44328,-40.0,43,1,0.624,0.649107
DQN,deceptive_grid,1,319,44444,-125.0,116,1,0.623,0.630281
DQN,deceptive_grid,1,320,44457,-2.0,13,1,0.6229,0.610017
DQN,deceptive_grid,1,321,44509,-41.0,52,1,0.6225,0.633105
DQN,deceptive_grid,1,322,44563,-67.0,54,1,0.622,0.741059
DQN,deceptive_grid,1,323,44616,-46.0,53,1,0.6216,0.643138
DQN,deceptive_grid,1,324,44622,5.0,6,1,0.6215,0.740273
DQN,deceptive_grid,1,325,44670,-37.0,48,1,0.6211,0.663695
DQN,deceptive_grid,1,326,44711,-34.0,41,1,0.6208,0.683647
DQN,deceptive_grid,1,327,44725,-3.0,14,1,0.6206,0.666508
DQN,deceptive_grid,1,328,44752,-20.0,27,1,0.6204,0.671914
DQN,deceptive_grid,1,329,44817,-62.0,65,1,0.6199,0.674558
DQN,deceptive_grid,1,330,44835,-7.0,18,1,0.6197,0.669415
DQN,deceptive_grid,1,331,44865,-19.0,30,1,0.6194,0.630058
DQN,deceptive_grid,1,332,44897,-29.0,32,1,0.6192,0.675193
DQN,deceptive_grid,1,333,44980,-80.0,83,1,0.6185,0.607188
DQN,deceptive_grid,1,334,45073,-106.0,93,1,0.6177,0.738512
DQN,deceptive_grid,1,335,45116,-36.0,43,1,0.6173,0.70614
DQN,deceptive_grid,1,336,45136,-17.0,20,1,0.6171,0.629647
DQN,deceptive_grid,1,337,45149,-6.0,13,1,0.617,0.791983
DQN,deceptive_grid,1,338,45240,-88.0,91,1,0.6163,0.67509
DQN,deceptive_grid,1,339,45334,-115.0,94,1,0.6155,0.635279
DQN,deceptive_grid,1,340,45374,-37.0,40,1,0.6151,0.563149
DQN,deceptive_grid,1,341,45393,-12.0,19,1,0.615,0.657735
DQN,deceptive_grid,1,342,45409,-9.0,16,1,0.6148,0.566727
DQN,deceptive_grid,1,343,45442,-26.0,33,1,0.6146,0.712164
DQN,deceptive_grid,1,344,45529,-84.0,87,1,0.6138,0.722752
DQN,deceptive_grid,1,345,45562,-30.0,33,1,0.6135,0.78496
DQN,deceptive_grid,1,346,45583,-10.0,21,1,0.6134,0.731614
DQN,deceptive_grid,1,347,45596,-10.0,13,1,0.6132,0.611208
DQN,deceptive_grid,1,348,45669,-62.0,73,1,0.6126,0.690338
DQN,deceptive_grid,1,349,45722,-42.0,53,1,0.6122,0.644193
DQN,deceptive_grid,1,350,45776,-47.0,54,1,0.6117,0.629865
DQN,deceptive_grid,1,351,45837,-54.0,61,1,0.6112,0.6614
DQN,deceptive_grid,1,352,45884,-44.0,47,1,0.6108,0.573941
DQN,deceptive_grid,1,353,46021,-150.0,137,1,0.6096,0.666783
DQN,deceptive_grid,1,354,46073,-41.0,52,1,0.6092,0.695173
DQN,deceptive_grid,1,355,46130,-46.0,57,1,0.6087,0.615163
DQN,deceptive_grid,1,356,46195,-66.0,65,1,0.6082,0.693484
DQN,deceptive_grid,1,357,46395,-264.0,200,0,0.6065,0.623932
DQN,deceptive_grid,1,358,46398,8.0,3,1,0.6064,0.624952
DQN,deceptive_grid,1,359,46427,-18.0,29,1,0.6062,0.696698
DQN,deceptive_grid,1,360,46459,-21.0,32,1,0.6059,0.576652
DQN,deceptive_grid,1,361,46497,-31.0,38,1,0.6056,0.593314
DQN,deceptive_grid,1,362,46532,-24.0,35,1,0.6053,0.755696
DQN,deceptive_grid,1,363,46546,-3.0,14,1,0.6052,0.720389
DQN,deceptive_grid,1,364,46607,-66.0,61,1,0.6047,0.645514
DQN,deceptive_grid,1,365,46623,-5.0,16,1,0.6045,0.599983
DQN,deceptive_grid,1,366,46686,-64.0,63,1,0.604,0.596031
DQN,deceptive_grid,1,367,46704,-7.0,18,1,0.6038,0.683964
DQN,deceptive_grid,1,368,46714,1.0,10,1,0.6038,0.666854
DQN,deceptive_grid,1,369,46751,-26.0,37,1,0.6035,0.593421
DQN,deceptive_grid,1,370,46841,-95.0,90,1,0.6027,0.598152
DQN,deceptive_grid,1,371,46858,-10.0,17,1,0.6025,0.554889
DQN,deceptive_grid,1,372,46971,-114.0,113,1,0.6016,0.582402
DQN,deceptive_grid,1,373,47027,-49.0,56,1,0.6011,0.702743
DQN,deceptive_grid,1,374,47050,-28.0,23,1,0.6009,0.719629
DQN,deceptive_grid,1,375,47077,-16.0,27,1,0.6007,0.704403
DQN,deceptive_grid,1,376,47118,-30.0,41,1,0.6003,0.624789
DQN,deceptive_grid,1,377,47156,-39.0,38,1,0.6,0.652402
DQN,deceptive_grid,1,378,47199,-52.0,43,1,0.5997,0.727605
DQN,deceptive_grid,1,379,47242,-36.0,43,1,0.5993,0.631021
DQN,deceptive_grid,1,380,47442,-264.0,200,0,0.5976,0.625141
DQN,deceptive_grid,1,381,47562,-121.0,120,1,0.5966,0.690647
DQN,deceptive_grid,1,382,47590,-25.0,28,1,0.5963,0.644081
DQN,deceptive_grid,1,383,47659,-74.0,69,1,0.5957,0.640938
DQN,deceptive_grid,1,384,47693,-27.0,34,1,0.5955,0.644969
DQN,deceptive_grid,1,385,47714,-18.0,21,1,0.5953,0.530057
DQN,deceptive_grid,1,386,47828,-107.0,114,1,0.5943,0.585217
DQN,deceptive_grid,1,387,47860,-29.0,32,1,0.594,0.649289
DQN,deceptive_grid,1,388,47976,-129.0,116,1,0.5931,0.584119
DQN,deceptive_grid,1,389,48037,-62.0,61,1,0.5925,0.708124
DQN,deceptive_grid,1,390,48124,-84.0,87,1,0.5918,0.667026
DQN,deceptive_grid,1,391,48204,-69.0,80,1,0.5911,0.67473
DQN,deceptive_grid,1,392,48255,-60.0,51,1,0.5907,0.599175
DQN,deceptive_grid,1,393,48305,-47.0,50,1,0.5903,0.6243
DQN,deceptive_grid,1,394,48325,-9.0,20,1,0.5901,0.659377
DQN,deceptive_grid,1,395,48338,-2.0,13,1,0.59,0.555962
DQN,deceptive_grid,1,396,48424,-99.0,86,1,0.5893,0.64308
DQN,deceptive_grid,1,397,48426,5.0,2,1,0.5892,0.558771
DQN,deceptive_grid,1,398,48484,-55.0,58,1,0.5888,0.636299
DQN,deceptive_grid,1,399,48629,-158.0,145,1,0.5875,0.670387
DQN,deceptive_grid,1,400,48757,-141.0,128,1,0.5864,0.63499
DQN,deceptive_grid,1,401,48901,-145.0,144,1,0.5852,0.631667
DQN,deceptive_grid,1,402,48973,-73.0,72,1,0.5846,0.576239
DQN,deceptive_grid,1,403,49050,-78.0,77,1,0.584,0.689714
DQN,deceptive_grid,1,404,49082,-25.0,32,1,0.5837,0.649614
DQN,deceptive_grid,1,405,49144,-71.0,62,1,0.5832,0.629494
DQN,deceptive_grid,1,406,49189,-46.0,45,1,0.5828,0.615952
DQN,deceptive_grid,1,407,49274,-86.0,85,1,0.5821,0.595506
DQN,deceptive_grid,1,408,49359,-78.0,85,1,0.5813,0.596238
DQN,deceptive_grid,1,409,49442,-84.0,83,1,0.5806,0.593397
DQN,deceptive_grid,1,410,49502,-61.0,60,1,0.5801,0.621644
DQN,deceptive_grid,1,411,49562,-57.0,60,1,0.5796,0.736815
DQN,deceptive_grid,1,412,49618,-53.0,56,1,0.5791,0.676792
DQN,deceptive_grid,1,413,49686,-57.0,68,1,0.5786,0.644707
DQN,deceptive_grid,1,414,49739,-58.0,53,1,0.5781,0.617848
DQN,deceptive_grid,1,415,49801,-51.0,62,1,0.5776,0.626165
DQN,deceptive_grid,1,416,49888,-84.0,87,1,0.5768,0.603187
DQN,deceptive_grid,1,417,49919,-20.0,31,1,0.5766,0.593722
DQN,deceptive_grid,1,418,49935,-5.0,16,1,0.5764,0.581335
DQN,deceptive_grid,1,419,49970,-28.0,35,1,0.5761,0.540446
DQN,deceptive_grid,1,420,50021,-52.0,51,1,0.5757,0.672041
DQN,deceptive_grid,1,421,50081,-65.0,60,1,0.5752,0.628881
DQN,deceptive_grid,1,422,50135,-43.0,54,1,0.5747,0.654324
DQN,deceptive_grid,1,423,50162,-24.0,27,1,0.5745,0.63162
DQN,deceptive_grid,1,424,50198,-41.0,36,1,0.5742,0.5985
DQN,deceptive_grid,1,425,50352,-203.0,154,1,0.5729,0.610841
DQN,deceptive_grid,1,426,50396,-49.0,44,1,0.5725,0.565992
DQN,deceptive_grid,1,427,50438,-43.0,42,1,0.5722,0.635051
DQN,deceptive_grid,1,428,50451,-2.0,13,1,0.5721,0.586084
DQN,deceptive_grid,1,429,50557,-99.0,106,1,0.5712,0.653715
DQN,deceptive_grid,1,430,50622,-54.0,65,1,0.5706,0.641796
DQN,deceptive_grid,1,431,50661,-32.0,39,1,0.5703,0.653843
DQN,deceptive_grid,1,432,50859,-239.0,198,1,0.5686,0.590852
DQN,deceptive_grid,1,433,50890,-20.0,31,1,0.5683,0.616119
DQN,deceptive_grid,1,434,51014,-141.0,124,1,0.5673,0.586721
DQN,deceptive_grid,1,435,51024,1.0,10,1,0.5672,0.608618
DQN,deceptive_grid,1,436,51114,-99.0,90,1,0.5664,0.600484
DQN,deceptive_grid,1,437,51155,-46.0,41,1,0.5661,0.593629
DQN,deceptive_grid,1,438,51182,-16.0,27,1,0.5659,0.570571
DQN,deceptive_grid,1,439,51230,-37.0,48,1,0.5655,0.590389
DQN,deceptive_grid,1,440,51257,-16.0,27,1,0.5652,0.580454
DQN,deceptive_grid,1,441,51275,-7.0,18,1,0.5651,0.557004
DQN,deceptive_grid,1,442,51349,-63.0,74,1,0.5645,0.557754
DQN,deceptive_grid,1,443,51467,-127.0,118,1,0.5634,0.56824
DQN,deceptive_grid,1,444,51667,-256.0,200,0,0.5618,0.596028
DQN,deceptive_grid,1,445,51754,-76.0,87,1,0.561,0.541483
DQN,deceptive_grid,1,446,51954,-232.0,200,0,0.5593,0.527633
DQN,deceptive_grid,1,447,52018,-61.0,64,1,0.5588,0.61066
DQN,deceptive_grid,1,448,52081,-56.0,63,1,0.5582,0.56815
DQN,deceptive_grid,1,449,52124,-36.0,43,1,0.5579,0.554114
DQN,deceptive_grid,1,450,52324,-212.0,200,0,0.5562,0.530046
DQN,deceptive_grid,1,451,52394,-63.0,70,1,0.5556,0.511626
DQN,deceptive_grid,1,452,52442,-41.0,48,1,0.5552,0.492469
DQN,deceptive_grid,1,453,52484,-43.0,42,1,0.5548,0.502298
DQN,deceptive_grid,1,454,52684,-216.0,200,0,0.5531,0.556468
DQN,deceptive_grid,1,455,52725,-30.0,41,1,0.5528,0.522079
DQN,deceptive_grid,1,456,52787,-59.0,62,1,0.5523,0.524491
DQN,deceptive_grid,1,457,52856,-82.0,69,1,0.5517,0.502729
DQN,deceptive_grid,1,458,52912,-45.0,56,1,0.5512,0.511182
DQN,deceptive_grid,1,459,53001,-86.0,89,1,0.5504,0.507163
DQN,deceptive_grid,1,460,53083,-71.0,82,1,0.5497,0.59704
DQN,deceptive_grid,1,461,53104,-10.0,21,1,0.5496,0.504818
DQN,deceptive_grid,1,462,53143,-28.0,39,1,0.5492,0.538854
DQN,deceptive_grid,1,463,53203,-49.0,60,1,0.5487,0.491269
DQN,deceptive_grid,1,464,53238,-24.0,35,1,0.5484,0.499861
DQN,deceptive_grid,1,465,53305,-64.0,67,1,0.5479,0.494887
DQN,deceptive_grid,1,466,53381,-77.0,76,1,0.5472,0.525881
DQN,deceptive_grid,1,467,53413,-33.0,32,1,0.5469,0.488411
DQN,deceptive_grid,1,468,53422,2.0,9,1,0.5469,0.452209
DQN,deceptive_grid,1,469,53464,-43.0,42,1,0.5465,0.478513
DQN,deceptive_grid,1,470,53472,3.0,8,1,0.5464,0.50413
DQN,deceptive_grid,1,471,53558,-95.0,86,1,0.5457,0.496742
DQN,deceptive_grid,1,472,53565,4.0,7,1,0.5457,0.471622
DQN,deceptive_grid,1,473,53658,-106.0,93,1,0.5449,0.467834
DQN,deceptive_grid,1,474,53681,-16.0,23,1,0.5447,0.473713
DQN,deceptive_grid,1,475,53771,-107.0,90,1,0.5439,0.462338
DQN,deceptive_grid,1,476,53778,4.0,7,1,0.5438,0.549453
DQN,deceptive_grid,1,477,53819,-30.0,41,1,0.5435,0.410449
DQN,deceptive_grid,1,478,53846,-20.0,27,1,0.5433,0.482832
DQN,deceptive_grid,1,479,53858,-5.0,12,1,0.5432,0.466924
DQN,deceptive_grid,1,480,53900,-35.0,42,1,0.5428,0.483166
DQN,deceptive_grid,1,481,53946,-39.0,46,1,0.5424,0.466303
DQN,deceptive_grid,1,482,54092,-179.0,146,1,0.5412,0.491248
DQN,deceptive_grid,1,483,54166,-67.0,74,1,0.5406,0.465129
DQN,deceptive_grid,1,484,54232,-59.0,66,1,0.54,0.405605
DQN,deceptive_grid,1,485,54338,-111.0,106,1,0.5391,0.404042
DQN,deceptive_grid,1,486,54376,-31.0,38,1,0.5388,0.373204
DQN,deceptive_grid,1,487,54379,8.0,3,1,0.5387,0.469541
DQN,deceptive_grid,1,488,54419,-29.0,40,1,0.5384,0.41853
DQN,deceptive_grid,1,489,54504,-82.0,85,1,0.5377,0.391456
DQN,deceptive_grid,1,490,54567,-56.0,63,1,0.5372,0.491115
DQN,deceptive_grid,1,491,54631,-81.0,64,1,0.5366,0.397981
DQN,deceptive_grid,1,492,54680,-42.0,49,1,0.5362,0.373919
DQN,deceptive_grid,1,493,54707,-16.0,27,1,0.536,0.387376
DQN,deceptive_grid,1,494,54765,-51.0,58,1,0.5355,0.387217
DQN,deceptive_grid,1,495,54796,-32.0,31,1,0.5352,0.347338
DQN,deceptive_grid,1,496,54837,-34.0,41,1,0.5349,0.384829
DQN,deceptive_grid,1,497,54854,-6.0,17,1,0.5347,0.349985
DQN,deceptive_grid,1,498,54889,-24.0,35,1,0.5344,0.368575
DQN,deceptive_grid,1,499,54909,-9.0,20,1,0.5343,0.327012
DQN,deceptive_grid,1,500,54970,-58.0,61,1,0.5337,0.349433
DQN,deceptive_grid,1,501,55009,-36.0,39,1,0.5334,0.46468
DQN,deceptive_grid,1,502,55105,-101.0,96,1,0.5326,0.379765
DQN,deceptive_grid,1,503,55150,-34.0,45,1,0.5322,0.358951
DQN,deceptive_grid,1,504,55218,-61.0,68,1,0.5316,0.359196
DQN,deceptive_grid,1,505,55280,-55.0,62,1,0.5311,0.334215
DQN,deceptive_grid,1,506,55321,-38.0,41,1,0.5308,0.327575
DQN,deceptive_grid,1,507,55396,-68.0,75,1,0.5301,0.33348
DQN,deceptive_grid,1,508,55418,-15.0,22,1,0.5299,0.299764
DQN,deceptive_grid,1,509,55450,-21.0,32,1,0.5297,0.320251
DQN,deceptive_grid,1,510,55518,-61.0,68,1,0.5291,0.399554
DQN,deceptive_grid,1,511,55597,-76.0,79,1,0.5284,0.338192
DQN,deceptive_grid,1,512,55699,-99.0,102,1,0.5276,0.310602
DQN,deceptive_grid,1,513,55780,-70.0,81,1,0.5269,0.294856
DQN,deceptive_grid,1,514,55843,-60.0,63,1,0.5263,0.298091
DQN,deceptive_grid,1,515,55887,-37.0,44,1,0.526,0.280689
DQN,deceptive_grid,1,516,55919,-21.0,32,1,0.5257,0.31932
DQN,deceptive_grid,1,517,55951,-25.0,32,1,0.5254,0.309784
DQN,deceptive_grid,1,518,56011,-57.0,60,1,0.5249,0.341055
DQN,deceptive_grid,1,519,56058,-36.0,47,1,0.5245,0.312631
DQN,deceptive_grid,1,520,56104,-35.0,46,1,0.5241,0.303664
DQN,deceptive_grid,1,521,56153,-50.0,49,1,0.5237,0.263655
DQN,deceptive_grid,1,522,56200,-36.0,47,1,0.5233,0.259542
DQN,deceptive_grid,1,523,56205,6.0,5,1,0.5233,0.336623
DQN,deceptive_grid,1,524,56235,-27.0,30,1,0.523,0.246734
DQN,deceptive_grid,1,525,56291,-53.0,56,1,0.5225,0.251628
DQN,deceptive_grid,1,526,56322,-24.0,31,1,0.5223,0.246388
DQN,deceptive_grid,1,527,56382,-65.0,60,1,0.5218,0.257426
DQN,deceptive_grid,1,528,56425,-32.0,43,1,0.5214,0.221346
DQN,deceptive_grid,1,529,56460,-24.0,35,1,0.5211,0.255902
DQN,deceptive_grid,1,530,56475,-4.0,15,1,0.521,0.228697
DQN,deceptive_grid,1,531,56481,1.0,6,1,0.5209,0.25962
DQN,deceptive_grid,1,532,56525,-33.0,44,1,0.5205,0.375602
DQN,deceptive_grid,1,533,56584,-56.0,59,1,0.52,0.231536
DQN,deceptive_grid,1,534,56656,-73.0,72,1,0.5194,0.238773
DQN,deceptive_grid,1,535,56699,-32.0,43,1,0.5191,0.233384
DQN,deceptive_grid,1,536,56718,-12.0,19,1,0.5189,0.257623
DQN,deceptive_grid,1,537,56721,8.0,3,1,0.5189,0.244351
DQN,deceptive_grid,1,538,56746,-18.0,25,1,0.5187,0.235913
DQN,deceptive_grid,1,539,56758,-1.0,12,1,0.5186,0.226497
DQN,deceptive_grid,1,540,56860,-111.0,102,1,0.5177,0.225672
DQN,deceptive_grid,1,541,56869,2.0,9,1,0.5176,0.198796
DQN,deceptive_grid,1,542,56899,-19.0,30,1,0.5174,0.227089
DQN,deceptive_grid,1,543,56945,-39.0,46,1,0.517,0.213785
DQN,deceptive_grid,1,544,56991,-39.0,46,1,0.5166,0.220627
DQN,deceptive_grid,1,545,57036,-46.0,45,1,0.5162,0.371956
DQN,deceptive_grid,1,546,57075,-36.0,39,1,0.5159,0.212255
DQN,deceptive_grid,1,547,57102,-16.0,27,1,0.5157,0.275057
DQN,deceptive_grid,1,548,57109,4.0,7,1,0.5156,0.229637
DQN,deceptive_grid,1,549,57140,-20.0,31,1,0.5153,0.218762
DQN,deceptive_grid,1,550,57208,-61.0,68,1,0.5148,0.209744
DQN,deceptive_grid,1,551,57222,-3.0,14,1,0.5146,0.241626
DQN,deceptive_grid,1,552,57258,-25.0,36,1,0.5143,0.219748
DQN,deceptive_grid,1,553,57286,-25.0,28,1,0.5141,0.201044
DQN,deceptive_grid,1,554,57307,-14.0,21,1,0.5139,0.228065
DQN,deceptive_grid,1,555,57364,-46.0,57,1,0.5134,0.220194
DQN,deceptive_grid,1,556,57425,-54.0,61,1,0.5129,0.213845
DQN,deceptive_grid,1,557,57436,-4.0,11,1,0.5128,0.215652
DQN,deceptive_grid,1,558,57487,-40.0,51,1,0.5124,0.192067
DQN,deceptive_grid,1,559,57542,-44.0,55,1,0.5119,0.29625
DQN,deceptive_grid,1,560,57598,-57.0,56,1,0.5114,0.214988
DQN,deceptive_grid,1,561,57605,0.0,7,1,0.5114,0.200967
DQN,deceptive_grid,1,562,57685,-69.0,80,1,0.5107,0.188326
DQN,deceptive_grid,1,563,57702,-14.0,17,1,0.5106,0.193428
DQN,deceptive_grid,1,564,57742,-29.0,40,1,0.5102,0.170976
DQN,deceptive_grid,1,565,57774,-29.0,32,1,0.51,0.177159
DQN,deceptive_grid,1,566,57796,-11.0,22,1,0.5098,0.191388
DQN,deceptive_grid,1,567,57834,-31.0,38,1,0.5094,0.175758
DQN,deceptive_grid,1,568,57918,-89.0,84,1,0.5087,0.168633
DQN,deceptive_grid,1,569,57959,-34.0,41,1,0.5084,0.169304
DQN,deceptive_grid,1,570,58026,-60.0,67,1,0.5078,0.25428
DQN,deceptive_grid,1,571,58061,-24.0,35,1,0.5075,0.190568
DQN,deceptive_grid,1,572,58069,-5.0,8,1,0.5075,0.171251
DQN,deceptive_grid,1,573,58095,-23.0,26,1,0.5072,0.170717
DQN,deceptive_grid,1,574,58107,-5.0,12,1,0.5071,0.172511
DQN,deceptive_grid,1,575,58127,-9.0,20,1,0.507,0.169902
DQN,deceptive_grid,1,576,58134,4.0,7,1,0.5069,0.196261
DQN,deceptive_grid,1,577,58180,-47.0,46,1,0.5065,0.165866
DQN,deceptive_grid,1,578,58219,-32.0,39,1,0.5062,0.153218
DQN,deceptive_grid,1,579,58277,-59.0,58,1,0.5057,0.153624
DQN,deceptive_grid,1,580,58307,-31.0,30,1,0.5054,0.134572
DQN,deceptive_grid,1,581,58325,-7.0,18,1,0.5053,0.149152
DQN,deceptive_grid,1,582,58405,-73.0,80,1,0.5046,0.151789
DQN,deceptive_grid,1,583,58410,6.0,5,1,0.5046,0.135907
DQN,deceptive_grid,1,584,58448,-35.0,38,1,0.5042,0.143917
DQN,deceptive_grid,1,585,58476,-17.0,28,1,0.504,0.14
DQN,deceptive_grid,1,586,58507,-20.0,31,1,0.5037,0.244343
DQN,deceptive_grid,1,587,58535,-17.0,28,1,0.5035,0.243931
DQN,deceptive_grid,1,588,58546,0.0,11,1,0.5034,0.179256
DQN,deceptive_grid,1,589,58585,-36.0,39,1,0.5031,0.151207
DQN,deceptive_grid,1,590,58616,-20.0,31,1,0.5028,0.149172
DQN,deceptive_grid,1,591,58639,-12.0,23,1,0.5026,0.14135
DQN,deceptive_grid,1,592,58656,-14.0,17,1,0.5025,0.130268
DQN,deceptive_grid,1,593,58720,-53.0,64,1,0.5019,0.128836
DQN,deceptive_grid,1,594,58750,-19.0,30,1,0.5017,0.138346
DQN,deceptive_grid,1,595,58775,-26.0,25,1,0.5015,0.121388
DQN,deceptive_grid,1,596,58787,-1.0,12,1,0.5014,0.114869
DQN,deceptive_grid,1,597,58835,-37.0,48,1,0.501,0.136467
DQN,deceptive_grid,1,598,58889,-47.0,54,1,0.5005,0.137312
DQN,deceptive_grid,1,599,58942,-46.0,53,1,0.5,0.127102
DQN,deceptive_grid,1,600,58981,-40.0,39,1,0.4997,0.142308
DQN,deceptive_grid,1,601,58985,7.0,4,1,0.4997,0.131286
DQN,deceptive_grid,1,602,59016,-20.0,31,1,0.4994,0.217615
DQN,deceptive_grid,1,603,59054,-27.0,38,1,0.4991,0.13981
DQN,deceptive_grid,1,604,59099,-42.0,45,1,0.4987,0.132516
DQN,deceptive_grid,1,605,59130,-24.0,31,1,0.4985,0.125434
DQN,deceptive_grid,1,606,59173,-32.0,43,1,0.4981,0.121412
DQN,deceptive_grid,1,607,59177,7.0,4,1,0.4981,0.119206
DQN,deceptive_grid,1,608,59241,-53.0,64,1,0.4975,0.106361
DQN,deceptive_grid,1,609,59290,-38.0,49,1,0.4971,0.105002
DQN,deceptive_grid,1,610,59309,-8.0,19,1,0.4969,0.094854
DQN,deceptive_grid,1,611,59326,-6.0,17,1,0.4968,0.100193
DQN,deceptive_grid,1,612,59356,-19.0,30,1,0.4965,0.097873
DQN,deceptive_grid,1,613,59394,-31.0,38,1,0.4962,0.09722
DQN,deceptive_grid,1,614,59414,-13.0,20,1,0.496,0.092618
DQN,deceptive_grid,1,615,59438,-13.0,24,1,0.4958,0.092533
DQN,deceptive_grid,1,616,59462,-17.0,24,1,0.4956,0.098485
DQN,deceptive_grid,1,617,59477,-4.0,15,1,0.4955,0.101002
DQN,deceptive_grid,1,618,59493,-5.0,16,1,0.4954,0.083365
DQN,deceptive_grid,1,619,59515,-11.0,22,1,0.4952,0.234637
DQN,deceptive_grid,1,620,59569,-47.0,54,1,0.4947,0.142618
DQN,deceptive_grid,1,621,59597,-29.0,28,1,0.4945,0.105046
DQN,deceptive_grid,1,622,59648,-44.0,51,1,0.4941,0.097312
DQN,deceptive_grid,1,623,59654,5.0,6,1,0.494,0.103037
DQN,deceptive_grid,1,624,59668,-11.0,14,1,0.4939,0.098008
DQN,deceptive_grid,1,625,59706,-35.0,38,1,0.4936,0.098194
DQN,deceptive_grid,1,626,59747,-38.0,41,1,0.4932,0.10129
DQN,deceptive_grid,1,627,59788,-38.0,41,1,0.4929,0.095403
DQN,deceptive_grid,1,628,59816,-21.0,28,1,0.4926,0.091742
DQN,deceptive_grid,1,629,59837,-10.0,21,1,0.4925,0.087356
DQN,deceptive_grid,1,630,59879,-31.0,42,1,0.4921,0.094465
DQN,deceptive_grid,1,631,59898,-12.0,19,1,0.4919,0.08174
DQN,deceptive_grid,1,632,59915,-6.0,17,1,0.4918,0.105849
DQN,deceptive_grid,1,633,59957,-39.0,42,1,0.4914,0.092031
DQN,deceptive_grid,1,634,60013,-45.0,56,1,0.491,0.125694
DQN,deceptive_grid,1,635,60042,-18.0,29,1,0.4907,0.132227
DQN,deceptive_grid,1,636,60064,-15.0,22,1,0.4905,0.101584
DQN,deceptive_grid,1,637,60122,-47.0,58,1,0.49,0.105189
DQN,deceptive_grid,1,638,60165,-32.0,43,1,0.4897,0.086944
DQN,deceptive_grid,1,639,60219,-47.0,54,1,0.4892,0.094671
DQN,deceptive_grid,1,640,60269,-39.0,50,1,0.4888,0.090107
DQN,deceptive_grid,1,641,60273,7.0,4,1,0.4888,0.100133
DQN,deceptive_grid,1,642,60315,-43.0,42,1,0.4884,0.077646
DQN,deceptive_grid,1,643,60317,9.0,2,1,0.4884,0.114937
DQN,deceptive_grid,1,644,60360,-32.0,43,1,0.488,0.077281
DQN,deceptive_grid,1,645,60394,-31.0,34,1,0.4877,0.087053
DQN,deceptive_grid,1,646,60401,4.0,7,1,0.4877,0.079603
DQN,deceptive_grid,1,647,60449,-45.0,48,1,0.4873,0.073379
DQN,deceptive_grid,1,648,60502,-42.0,53,1,0.4868,0.086536
DQN,deceptive_grid,1,649,60537,-24.0,35,1,0.4865,0.149369
DQN,deceptive_grid,1,650,60563,-31.0,26,1,0.4863,0.093136
DQN,deceptive_grid,1,651,60588,-14.0,25,1,0.4861,0.089183
DQN,deceptive_grid,1,652,60620,-29.0,32,1,0.4858,0.087415
DQN,deceptive_grid,1,653,60667,-40.0,47,1,0.4854,0.079676
DQN,deceptive_grid,1,654,60697,-19.0,30,1,0.4852,0.080594
DQN,deceptive_grid,1,655,60750,-46.0,53,1,0.4847,0.085822
DQN,deceptive_grid,1,656,60789,-28.0,39,1,0.4844,0.087041
DQN,deceptive_grid,1,657,60826,-30.0,37,1,0.4841,0.08603
DQN,deceptive_grid,1,658,60863,-30.0,37,1,0.4838,0.081448
DQN,deceptive_grid,1,659,60927,-53.0,64,1,0.4832,0.078766
DQN,deceptive_grid,1,660,60961,-23.0,34,1,0.4829,0.078194
DQN,deceptive_grid,1,661,60977,-5.0,16,1,0.4828,0.07952
DQN,deceptive_grid,1,662,61015,-35.0,38,1,0.4825,0.095647
DQN,deceptive_grid,1,663,61025,1.0,10,1,0.4824,0.107535
DQN,deceptive_grid,1,664,61048,-16.0,23,1,0.4822,0.093991
DQN,deceptive_grid,1,665,61083,-32.0,35,1,0.4819,0.088661
DQN,deceptive_grid,1,666,61093,1.0,10,1,0.4818,0.077332
DQN,deceptive_grid,1,667,61143,-43.0,50,1,0.4814,0.078798
DQN,deceptive_grid,1,668,61233,-79.0,90,1,0.4806,0.078284
DQN,deceptive_grid,1,669,61283,-39.0,50,1,0.4802,0.074304
DQN,deceptive_grid,1,670,61338,-44.0,55,1,0.4797,0.068812
DQN,deceptive_grid,1,671,61364,-15.0,26,1,0.4795,0.075412
DQN,deceptive_grid,1,672,61384,-9.0,20,1,0.4793,0.068036
DQN,deceptive_grid,1,673,61403,-8.0,19,1,0.4792,0.073498
DQN,deceptive_grid,1,674,61412,2.0,9,1,0.4791,0.078017
DQN,deceptive_grid,1,675,61422,-3.0,10,1,0.479,0.059584
DQN,deceptive_grid,1,676,61463,-34.0,41,1,0.4787,0.070001
DQN,deceptive_grid,1,677,61494,-24.0,31,1,0.4784,0.065982
DQN,deceptive_grid,1,678,61500,-3.0,6,1,0.4783,0.096659
DQN,deceptive_grid,1,679,61562,-55.0,62,1,0.4778,0.089738
DQN,deceptive_grid,1,680,61572,1.0,10,1,0.4777,0.063112
DQN,deceptive_grid,1,681,61581,-2.0,9,1,0.4777,0.069864
DQN,deceptive_grid,1,682,61609,-17.0,28,1,0.4774,0.075917
DQN,deceptive_grid,1,683,61674,-54.0,65,1,0.4769,0.069046
DQN,deceptive_grid,1,684,61695,-22.0,21,1,0.4767,0.076346
DQN,deceptive_grid,1,685,61728,-22.0,33,1,0.4764,0.078678
DQN,deceptive_grid,1,686,61793,-58.0,65,1,0.4759,0.077706
DQN,deceptive_grid,1,687,61797,7.0,4,1,0.4758,0.066389
DQN,deceptive_grid,1,688,61822,-14.0,25,1,0.4756,0.071268
DQN,deceptive_grid,1,689,61879,-66.0,57,1,0.4751,0.065489
DQN,deceptive_grid,1,690,61916,-38.0,37,1,0.4748,0.065435
DQN,deceptive_grid,1,691,61950,-23.0,34,1,0.4745,0.074202
DQN,deceptive_grid,1,692,61966,-5.0,16,1,0.4744,0.061777
DQN,deceptive_grid,1,693,61988,-11.0,22,1,0.4742,0.072744
DQN,deceptive_grid,1,694,62005,-6.0,17,1,0.4741,0.072769
DQN,deceptive_grid,1,695,62028,-12.0,23,1,0.4739,0.092563
DQN,deceptive_grid,1,696,62059,-24.0,31,1,0.4736,0.087988
DQN,deceptive_grid,1,697,62069,-3.0,10,1,0.4735,0.074291
DQN,deceptive_grid,1,698,62108,-36.0,39,1,0.4732,0.079603
DQN,deceptive_grid,1,699,62133,-14.0,25,1,0.473,0.089738
DQN,deceptive_grid,1,700,62157,-13.0,24,1,0.4728,0.076859
DQN,deceptive_grid,1,701,62160,8.0,3,1,0.4728,0.06129
DQN,deceptive_grid,1,702,62189,-22.0,29,1,0.4725,0.077177
DQN,deceptive_grid,1,703,62208,-12.0,19,1,0.4723,0.079891
DQN,deceptive_grid,1,704,62212,7.0,4,1,0.4723,0.064879
DQN,deceptive_grid,1,705,62234,-11.0,22,1,0.4721,0.071355
DQN,deceptive_grid,1,706,62259,-18.0,25,1,0.4719,0.076407
DQN,deceptive_grid,1,707,62269,1.0,10,1,0.4718,0.08332
DQN,deceptive_grid,1,708,62312,-32.0,43,1,0.4715,0.06649
DQN,deceptive_grid,1,709,62350,-35.0,38,1,0.4711,0.063976
DQN,deceptive_grid,1,710,62391,-42.0,41,1,0.4708,0.065724
DQN,deceptive_grid,1,711,62408,-10.0,17,1,0.4706,0.061484
DQN,deceptive_grid,1,712,62464,-57.0,56,1,0.4702,0.066506
DQN,deceptive_grid,1,713,62498,-27.0,34,1,0.4699,0.064118
DQN,deceptive_grid,1,714,62522,-21.0,24,1,0.4697,0.081211
DQN,deceptive_grid,1,715,62540,-7.0,18,1,0.4695,0.076538
DQN,deceptive_grid,1,716,62560,-9.0,20,1,0.4694,0.076557
DQN,deceptive_grid,1,717,62574,-3.0,14,1,0.4692,0.065071
DQN,deceptive_grid,1,718,62591,-10.0,17,1,0.4691,0.079231
DQN,deceptive_grid,1,719,62623,-21.0,32,1,0.4688,0.078582
DQN,deceptive_grid,1,720,62662,-32.0,39,1,0.4685,0.075189
DQN,deceptive_grid,1,721,62692,-19.0,30,1,0.4682,0.063043
DQN,deceptive_grid,1,722,62701,-6.0,9,1,0.4682,0.052977
DQN,deceptive_grid,1,723,62726,-14.0,25,1,0.4679,0.060676
DQN,deceptive_grid,1,724,62763,-30.0,37,1,0.4676,0.067582
DQN,deceptive_grid,1,725,62804,-42.0,41,1,0.4673,0.065534
DQN,deceptive_grid,1,726,62827,-12.0,23,1,0.4671,0.067116
DQN,deceptive_grid,1,727,62849,-15.0,22,1,0.4669,0.067515
DQN,deceptive_grid,1,728,62860,-4.0,11,1,0.4668,0.066446
DQN,deceptive_grid,1,729,62892,-21.0,32,1,0.4665,0.064652
DQN,deceptive_grid,1,730,62905,-2.0,13,1,0.4664,0.059801
DQN,deceptive_grid,1,731,62940,-28.0,35,1,0.4661,0.055161
DQN,deceptive_grid,1,732,62950,1.0,10,1,0.466,0.069581
DQN,deceptive_grid,1,733,62999,-58.0,49,1,0.4656,0.060018
DQN,deceptive_grid,1,734,63031,-29.0,32,1,0.4654,0.080971
DQN,deceptive_grid,1,735,63062,-48.0,31,1,0.4651,0.084449
DQN,deceptive_grid,1,736,63104,-31.0,42,1,0.4647,0.072423
DQN,deceptive_grid,1,737,63137,-22.0,33,1,0.4645,0.065205
DQN,deceptive_grid,1,738,63174,-30.0,37,1,0.4641,0.07475
DQN,deceptive_grid,1,739,63209,-28.0,35,1,0.4639,0.07073
DQN,deceptive_grid,1,740,63222,-6.0,13,1,0.4637,0.051212
DQN,deceptive_grid,1,741,63246,-17.0,24,1,0.4635,0.062084
DQN,deceptive_grid,1,742,63288,-35.0,42,1,0.4632,0.071504
DQN,deceptive_grid,1,743,63322,-27.0,34,1,0.4629,0.062963
DQN,deceptive_grid,1,744,63347,-14.0,25,1,0.4627,0.068869
DQN,deceptive_grid,1,745,63362,-8.0,15,1,0.4626,0.057566
DQN,deceptive_grid,1,746,63402,-29.0,40,1,0.4622,0.057655
DQN,deceptive_grid,1,747,63429,-16.0,27,1,0.462,0.065422
DQN,deceptive_grid,1,748,63462,-22.0,33,1,0.4617,0.061101
DQN,deceptive_grid,1,749,63473,0.0,11,1,0.4616,0.07027
DQN,deceptive_grid,1,750,63488,-12.0,15,1,0.4615,0.060815
DQN,deceptive_grid,1,751,63551,-64.0,63,1,0.461,0.076164
DQN,deceptive_grid,1,752,63570,-12.0,19,1,0.4608,0.060102
DQN,deceptive_grid,1,753,63576,5.0,6,1,0.4607,0.057837
DQN,deceptive_grid,1,754,63603,-16.0,27,1,0.4605,0.060663
DQN,deceptive_grid,1,755,63628,-14.0,25,1,0.4603,0.063506
DQN,deceptive_grid,1,756,63646,-11.0,18,1,0.4601,0.065474
DQN,deceptive_grid,1,757,63698,-49.0,52,1,0.4597,0.058902
DQN,deceptive_grid,1,758,63719,-10.0,21,1,0.4595,0.058956
DQN,deceptive_grid,1,759,63741,-19.0,22,1,0.4593,0.064845
DQN,deceptive_grid,1,760,63762,-18.0,21,1,0.4592,0.066906
DQN,deceptive_grid,1,761,63765,8.0,3,1,0.4591,0.084428
DQN,deceptive_grid,1,762,63797,-29.0,32,1,0.4589,0.073377
DQN,deceptive_grid,1,763,63817,-9.0,20,1,0.4587,0.070393
DQN,deceptive_grid,1,764,63834,-6.0,17,1,0.4586,0.051367
DQN,deceptive_grid,1,765,63867,-34.0,33,1,0.4583,0.059652
DQN,deceptive_grid,1,766,63877,1.0,10,1,0.4582,0.066812
DQN,deceptive_grid,1,767,63940,-60.0,63,1,0.4577,0.060517
DQN,deceptive_grid,1,768,63949,2.0,9,1,0.4576,0.063632
DQN,deceptive_grid,1,769,63971,-11.0,22,1,0.4574,0.061352
DQN,deceptive_grid,1,770,64030,-60.0,59,1,0.4569,0.070823
DQN,deceptive_grid,1,771,64080,-55.0,50,1,0.4565,0.065417
DQN,deceptive_grid,1,772,64113,-34.0,33,1,0.4562,0.059735
DQN,deceptive_grid,1,773,64150,-26.0,37,1,0.4559,0.055665
DQN,deceptive_grid,1,774,64217,-68.0,67,1,0.4553,0.050568
DQN,deceptive_grid,1,775,64241,-13.0,24,1,0.4551,0.050501
DQN,deceptive_grid,1,776,64259,-7.0,18,1,0.4549,0.060459
DQN,deceptive_grid,1,777,64264,2.0,5,1,0.4549,0.048794
DQN,deceptive_grid,1,778,64295,-36.0,31,1,0.4546,0.048571
DQN,deceptive_grid,1,779,64321,-23.0,26,1,0.4544,0.058876
DQN,deceptive_grid,1,780,64376,-44.0,55,1,0.454,0.05093
DQN,deceptive_grid,1,781,64396,-9.0,20,1,0.4538,0.047966
DQN,deceptive_grid,1,782,64433,-30.0,37,1,0.4535,0.050249
DQN,deceptive_grid,1,783,64482,-50.0,49,1,0.4531,0.049287
DQN,deceptive_grid,1,784,64499,-26.0,17,1,0.4529,0.048884
DQN,deceptive_grid,1,785,64517,-11.0,18,1,0.4528,0.09056
DQN,deceptive_grid,1,786,64548,-32.0,31,1,0.4525,0.067836
DQN,deceptive_grid,1,787,64553,6.0,5,1,0.4525,0.058268
DQN,deceptive_grid,1,788,64563,1.0,10,1,0.4524,0.061692
DQN,deceptive_grid,1,789,64576,-2.0,13,1,0.4523,0.068494
DQN,deceptive_grid,1,790,64611,-24.0,35,1,0.452,0.052191
DQN,deceptive_grid,1,791,64635,-17.0,24,1,0.4518,0.065878
DQN,deceptive_grid,1,792,64685,-43.0,50,1,0.4513,0.06036
DQN,deceptive_grid,1,793,64728,-36.0,43,1,0.451,0.06634
DQN,deceptive_grid,1,794,64744,-5.0,16,1,0.4508,0.059677
DQN,deceptive_grid,1,795,64764,-21.0,20,1,0.4507,0.055433
DQN,deceptive_grid,1,796,64782,-7.0,18,1,0.4505,0.054452
DQN,deceptive_grid,1,797,64807,-18.0,25,1,0.4503,0.054019
DQN,deceptive_grid,1,798,64848,-34.0,41,1,0.45,0.0547
DQN,deceptive_grid,1,799,64876,-25.0,28,1,0.4497,0.049159
DQN,deceptive_grid,1,800,64907,-24.0,31,1,0.4494,0.044797
DuelingDQN,deceptive_grid,1,1,200,-252.0,200,0,0.9983,
DuelingDQN,deceptive_grid,1,2,400,-244.0,200,0,0.9966,
DuelingDQN,deceptive_grid,1,3,481,-98.0,81,1,0.9959,
DuelingDQN,deceptive_grid,1,4,681,-248.0,200,0,0.9942,
DuelingDQN,deceptive_grid,1,5,881,-240.0,200,0,0.9925,
DuelingDQN,deceptive_grid,1,6,1081,-276.0,200,0,0.9908,0.249045
DuelingDQN,deceptive_grid,1,7,1281,-300.0,200,0,0.9891,0.029391
DuelingDQN,deceptive_grid,1,8,1481,-344.0,200,0,0.9874,0.014679
DuelingDQN,deceptive_grid,1,9,1681,-268.0,200,0,0.9858,0.028685
DuelingDQN,deceptive_grid,1,10,1881,-280.0,200,0,0.9841,0.011784
DuelingDQN,deceptive_grid,1,11,2081,-272.0,200,0,0.9824,0.02373
DuelingDQN,deceptive_grid,1,12,2281,-232.0,200,0,0.9807,0.008931
DuelingDQN,deceptive_grid,1,13,2481,-228.0,200,0,0.979,0.004665
DuelingDQN,deceptive_grid,1,14,2586,-110.0,105,1,0.9781,0.0441
DuelingDQN,deceptive_grid,1,15,2786,-240.0,200,0,0.9764,0.017597
DuelingDQN,deceptive_grid,1,16,2986,-292.0,200,0,0.9747,0.013581
DuelingDQN,deceptive_grid,1,17,3186,-268.0,200,0,0.973,0.039158
DuelingDQN,deceptive_grid,1,18,3386,-228.0,200,0,0.9713,0.01316
DuelingDQN,deceptive_grid,1,19,3586,-272.0,200,0,0.9696,0.037125
DuelingDQN,deceptive_grid,1,20,3786,-272.0,200,0,0.9679,0.018559
DuelingDQN,deceptive_grid,1,21,3871,-98.0,85,1,0.9672,0.018241
DuelingDQN,deceptive_grid,1,22,4071,-300.0,200,0,0.9655,0.049448
DuelingDQN,deceptive_grid,1,23,4271,-284.0,200,0,0.9638,0.030474
DuelingDQN,deceptive_grid,1,24,4471,-296.0,200,0,0.9621,0.014852
DuelingDQN,deceptive_grid,1,25,4507,-37.0,36,1,0.9618,0.086556
DuelingDQN,deceptive_grid,1,26,4707,-328.0,200,0,0.9601,0.070028
DuelingDQN,deceptive_grid,1,27,4907,-244.0,200,0,0.9584,0.023084
DuelingDQN,deceptive_grid,1,28,4920,-2.0,13,1,0.9583,0.022469
DuelingDQN,deceptive_grid,1,29,5120,-272.0,200,0,0.9566,0.08491
DuelingDQN,deceptive_grid,1,30,5320,-240.0,200,0,0.9549,0.035969
DuelingDQN,deceptive_grid,1,31,5520,-284.0,200,0,0.9532,0.047781
DuelingDQN,deceptive_grid,1,32,5720,-248.0,200,0,0.9515,0.06226
DuelingDQN,deceptive_grid,1,33,5731,0.0,11,1,0.9514,0.031531
DuelingDQN,deceptive_grid,1,34,5931,-240.0,200,0,0.9497,0.022326
DuelingDQN,deceptive_grid,1,35,6131,-252.0,200,0,0.948,0.087557
DuelingDQN,deceptive_grid,1,36,6331,-232.0,200,0,0.9463,0.031574
DuelingDQN,deceptive_grid,1,37,6531,-260.0,200,0,0.9446,0.052327
DuelingDQN,deceptive_grid,1,38,6731,-256.0,200,0,0.9429,0.073886
DuelingDQN,deceptive_grid,1,39,6931,-264.0,200,0,0.9412,0.028332
DuelingDQN,deceptive_grid,1,40,7131,-228.0,200,0,0.9395,0.104232
DuelingDQN,deceptive_grid,1,41,7331,-260.0,200,0,0.9378,0.034606
DuelingDQN,deceptive_grid,1,42,7531,-276.0,200,0,0.9361,0.068515
DuelingDQN,deceptive_grid,1,43,7731,-280.0,200,0,0.9344,0.073985
DuelingDQN,deceptive_grid,1,44,7931,-204.0,200,0,0.9327,0.029673
DuelingDQN,deceptive_grid,1,45,8131,-228.0,200,0,0.931,0.105402
DuelingDQN,deceptive_grid,1,46,8194,-92.0,63,1,0.9305,0.059141
DuelingDQN,deceptive_grid,1,47,8322,-129.0,128,1,0.9294,0.039988
DuelingDQN,deceptive_grid,1,48,8522,-304.0,200,0,0.9277,0.067021
DuelingDQN,deceptive_grid,1,49,8548,-51.0,26,1,0.9275,0.163326
DuelingDQN,deceptive_grid,1,50,8575,-28.0,27,1,0.9273,0.105627
DuelingDQN,deceptive_grid,1,51,8775,-296.0,200,0,0.9256,0.047977
DuelingDQN,deceptive_grid,1,52,8908,-178.0,133,1,0.9244,0.017962
DuelingDQN,deceptive_grid,1,53,8973,-74.0,65,1,0.9239,0.015381
DuelingDQN,deceptive_grid,1,54,9145,-193.0,172,1,0.9224,0.135006
DuelingDQN,deceptive_grid,1,55,9288,-144.0,143,1,0.9212,0.047839
DuelingDQN,deceptive_grid,1,56,9391,-116.0,103,1,0.9204,0.034519
DuelingDQN,deceptive_grid,1,57,9591,-292.0,200,0,0.9187,0.120337
DuelingDQN,deceptive_grid,1,58,9791,-292.0,200,0,0.917,0.067586
DuelingDQN,deceptive_grid,1,59,9991,-276.0,200,0,0.9153,0.020489
DuelingDQN,deceptive_grid,1,60,10023,-29.0,32,1,0.915,0.356928
DuelingDQN,deceptive_grid,1,61,10223,-232.0,200,0,0.9133,0.104522
DuelingDQN,deceptive_grid,1,62,10423,-232.0,200,0,0.9116,0.020403
DuelingDQN,deceptive_grid,1,63,10623,-300.0,200,0,0.9099,0.128135
DuelingDQN,deceptive_grid,1,64,10823,-252.0,200,0,0.9082,0.03996
DuelingDQN,deceptive_grid,1,65,11001,-219.0,178,1,0.9067,0.02836
DuelingDQN,deceptive_grid,1,66,11201,-284.0,200,0,0.905,0.148257
DuelingDQN,deceptive_grid,1,67,11386,-310.0,185,1,0.9034,0.029639
DuelingDQN,deceptive_grid,1,68,11586,-268.0,200,0,0.9017,0.13934
DuelingDQN,deceptive_grid,1,69,11688,-103.0,102,1,0.9009,0.10318
DuelingDQN,deceptive_grid,1,70,11864,-185.0,176,1,0.8994,0.04462
DuelingDQN,deceptive_grid,1,71,12039,-188.0,175,1,0.8979,0.116496
DuelingDQN,deceptive_grid,1,72,12085,-87.0,46,1,0.8975,0.152782
DuelingDQN,deceptive_grid,1,73,12193,-137.0,108,1,0.8966,0.083007
DuelingDQN,deceptive_grid,1,74,12393,-244.0,200,0,0.8949,0.037006
DuelingDQN,deceptive_grid,1,75,12517,-149.0,124,1,0.8938,0.088371
DuelingDQN,deceptive_grid,1,76,12642,-146.0,125,1,0.8928,0.108561
DuelingDQN,deceptive_grid,1,77,12656,-7.0,14,1,0.8927,0.049703
DuelingDQN,deceptive_grid,1,78,12818,-175.0,162,1,0.8913,0.03645
DuelingDQN,deceptive_grid,1,79,13018,-296.0,200,0,0.8896,0.048375
DuelingDQN,deceptive_grid,1,80,13218,-244.0,200,0,0.8879,0.069432
DuelingDQN,deceptive_grid,1,81,13418,-248.0,200,0,0.8862,0.025887
DuelingDQN,deceptive_grid,1,82,13548,-147.0,130,1,0.8851,0.068654
DuelingDQN,deceptive_grid,1,83,13635,-96.0,87,1,0.8844,0.048777
DuelingDQN,deceptive_grid,1,84,13638,8.0,3,1,0.8843,0.029274
DuelingDQN,deceptive_grid,1,85,13725,-88.0,87,1,0.8836,0.026766
DuelingDQN,deceptive_grid,1,86,13850,-150.0,125,1,0.8825,0.017143
DuelingDQN,deceptive_grid,1,87,13988,-163.0,138,1,0.8814,0.01233
DuelingDQN,deceptive_grid,1,88,14188,-216.0,200,0,0.8797,0.048419
DuelingDQN,deceptive_grid,1,89,14388,-236.0,200,0,0.878,0.011483
DuelingDQN,deceptive_grid,1,90,14588,-292.0,200,0,0.8763,0.026907
DuelingDQN,deceptive_grid,1,91,14633,-38.0,45,1,0.8759,0.018523
DuelingDQN,deceptive_grid,1,92,14686,-70.0,53,1,0.8754,0.01208
DuelingDQN,deceptive_grid,1,93,14823,-198.0,137,1,0.8743,0.008084
DuelingDQN,deceptive_grid,1,94,14962,-148.0,139,1,0.8731,0.005245
DuelingDQN,deceptive_grid,1,95,15043,-114.0,81,1,0.8724,0.026146
DuelingDQN,deceptive_grid,1,96,15073,-27.0,30,1,0.8722,0.021507
DuelingDQN,deceptive_grid,1,97,15273,-252.0,200,0,0.8705,0.010465
DuelingDQN,deceptive_grid,1,98,15471,-251.0,198,1,0.8688,0.004958
DuelingDQN,deceptive_grid,1,99,15671,-220.0,200,0,0.8671,0.015053
DuelingDQN,deceptive_grid,1,100,15706,-52.0,35,1,0.8668,0.007814
DuelingDQN,deceptive_grid,1,101,15906,-224.0,200,0,0.8651,0.005813
DuelingDQN,deceptive_grid,1,102,15920,-7.0,14,1,0.865,0.003935
DuelingDQN,deceptive_grid,1,103,15987,-68.0,67,1,0.8644,0.003637
DuelingDQN,deceptive_grid,1,104,15997,-3.0,10,1,0.8643,0.003436
DuelingDQN,deceptive_grid,1,105,16042,-42.0,45,1,0.8639,0.026284
DuelingDQN,deceptive_grid,1,106,16158,-117.0,116,1,0.863,0.011572
DuelingDQN,deceptive_grid,1,107,16262,-129.0,104,1,0.8621,0.004761
DuelingDQN,deceptive_grid,1,108,16267,6.0,5,1,0.862,0.004501
DuelingDQN,deceptive_grid,1,109,16302,-28.0,35,1,0.8617,0.003682
DuelingDQN,deceptive_grid,1,110,16502,-244.0,200,0,0.86,0.003293
DuelingDQN,deceptive_grid,1,111,16631,-166.0,129,1,0.8589,0.013053
DuelingDQN,deceptive_grid,1,112,16831,-228.0,200,0,0.8572,0.005322
DuelingDQN,deceptive_grid,1,113,17031,-300.0,200,0,0.8555,0.004607
DuelingDQN,deceptive_grid,1,114,17060,-30.0,29,1,0.8553,0.014209
DuelingDQN,deceptive_grid,1,115,17093,-22.0,33,1,0.855,0.013641
DuelingDQN,deceptive_grid,1,116,17161,-77.0,68,1,0.8544,0.011297
DuelingDQN,deceptive_grid,1,117,17172,-8.0,11,1,0.8544,0.007573
DuelingDQN,deceptive_grid,1,118,17212,-37.0,40,1,0.854,0.00725
DuelingDQN,deceptive_grid,1,119,17310,-115.0,98,1,0.8532,0.004506
DuelingDQN,deceptive_grid,1,120,17377,-72.0,67,1,0.8526,0.002764
DuelingDQN,deceptive_grid,1,121,17445,-69.0,68,1,0.852,0.002643
DuelingDQN,deceptive_grid,1,122,17645,-252.0,200,0,0.8503,0.00522
DuelingDQN,deceptive_grid,1,123,17649,7.0,4,1,0.8503,0.0035
DuelingDQN,deceptive_grid,1,124,17849,-260.0,200,0,0.8486,0.003499
DuelingDQN,deceptive_grid,1,125,17954,-122.0,105,1,0.8477,0.002798
DuelingDQN,deceptive_grid,1,126,18131,-254.0,177,1,0.8462,0.00623
DuelingDQN,deceptive_grid,1,127,18222,-84.0,91,1,0.8454,0.00596
DuelingDQN,deceptive_grid,1,128,18285,-88.0,63,1,0.8449,0.00781
DuelingDQN,deceptive_grid,1,129,18458,-198.0,173,1,0.8434,0.004726
DuelingDQN,deceptive_grid,1,130,18473,-8.0,15,1,0.8433,0.002429
DuelingDQN,deceptive_grid,1,131,18554,-110.0,81,1,0.8426,0.006059
DuelingDQN,deceptive_grid,1,132,18754,-200.0,200,0,0.8409,0.005351
DuelingDQN,deceptive_grid,1,133,18954,-260.0,200,0,0.8392,0.002877
DuelingDQN,deceptive_grid,1,134,19103,-166.0,149,1,0.838,0.005923
DuelingDQN,deceptive_grid,1,135,19192,-102.0,89,1,0.8372,0.008359
DuelingDQN,deceptive_grid,1,136,19209,-10.0,17,1,0.8371,0.007166
DuelingDQN,deceptive_grid,1,137,19217,3.0,8,1,0.837,0.006096
DuelingDQN,deceptive_grid,1,138,19305,-97.0,88,1,0.8363,0.008485
DuelingDQN,deceptive_grid,1,139,19356,-48.0,51,1,0.8358,0.009385
DuelingDQN,deceptive_grid,1,140,19414,-87.0,58,1,0.8353,0.004239
DuelingDQN,deceptive_grid,1,141,19551,-142.0,137,1,0.8342,0.004818
DuelingDQN,deceptive_grid,1,142,19721,-195.0,170,1,0.8327,0.005082
DuelingDQN,deceptive_grid,1,143,19921,-284.0,200,0,0.831,0.002464
DuelingDQN,deceptive_grid,1,144,19995,-95.0,74,1,0.8304,0.003341
DuelingDQN,deceptive_grid,1,145,20096,-130.0,101,1,0.8296,0.010114
DuelingDQN,deceptive_grid,1,146,20121,-14.0,25,1,0.8293,0.011551
DuelingDQN,deceptive_grid,1,147,20134,-10.0,13,1,0.8292,0.014046
DuelingDQN,deceptive_grid,1,148,20208,-83.0,74,1,0.8286,0.008326
DuelingDQN,deceptive_grid,1,149,20339,-156.0,131,1,0.8275,0.003368
DuelingDQN,deceptive_grid,1,150,20539,-236.0,200,0,0.8258,0.003609
DuelingDQN,deceptive_grid,1,151,20550,0.0,11,1,0.8257,0.005979
DuelingDQN,deceptive_grid,1,152,20725,-200.0,175,1,0.8242,0.005016
DuelingDQN,deceptive_grid,1,153,20788,-72.0,63,1,0.8237,0.003864
DuelingDQN,deceptive_grid,1,154,20818,-23.0,30,1,0.8234,0.002468
DuelingDQN,deceptive_grid,1,155,20864,-35.0,46,1,0.823,0.002146
DuelingDQN,deceptive_grid,1,156,20880,-13.0,16,1,0.8229,0.002816
DuelingDQN,deceptive_grid,1,157,20901,-18.0,21,1,0.8227,0.001901
DuelingDQN,deceptive_grid,1,158,20960,-56.0,59,1,0.8222,0.001756
DuelingDQN,deceptive_grid,1,159,21030,-71.0,70,1,0.8216,0.003582
DuelingDQN,deceptive_grid,1,160,21061,-32.0,31,1,0.8214,0.00835
DuelingDQN,deceptive_grid,1,161,21261,-244.0,200,0,0.8197,0.005026
DuelingDQN,deceptive_grid,1,162,21285,-25.0,24,1,0.8195,0.002774
DuelingDQN,deceptive_grid,1,163,21437,-177.0,152,1,0.8182,0.003618
DuelingDQN,deceptive_grid,1,164,21501,-69.0,64,1,0.8176,0.003643
DuelingDQN,deceptive_grid,1,165,21551,-43.0,50,1,0.8172,0.005111
DuelingDQN,deceptive_grid,1,166,21606,-60.0,55,1,0.8167,0.004757
DuelingDQN,deceptive_grid,1,167,21638,-33.0,32,1,0.8165,0.004145
DuelingDQN,deceptive_grid,1,168,21838,-212.0,200,0,0.8148,0.004932
DuelingDQN,deceptive_grid,1,169,21883,-58.0,45,1,0.8144,0.002094
DuelingDQN,deceptive_grid,1,170,21922,-40.0,39,1,0.8141,0.001691
DuelingDQN,deceptive_grid,1,171,22089,-200.0,167,1,0.8126,0.004019
DuelingDQN,deceptive_grid,1,172,22174,-82.0,85,1,0.8119,0.004758
DuelingDQN,deceptive_grid,1,173,22228,-51.0,54,1,0.8115,0.002677
DuelingDQN,deceptive_grid,1,174,22365,-166.0,137,1,0.8103,0.002807
DuelingDQN,deceptive_grid,1,175,22435,-83.0,70,1,0.8097,0.002887
DuelingDQN,deceptive_grid,1,176,22550,-112.0,115,1,0.8087,0.004368
DuelingDQN,deceptive_grid,1,177,22649,-124.0,99,1,0.8079,0.006371
DuelingDQN,deceptive_grid,1,178,22722,-70.0,73,1,0.8073,0.005074
DuelingDQN,deceptive_grid,1,179,22796,-67.0,74,1,0.8066,0.008757
DuelingDQN,deceptive_grid,1,180,22954,-211.0,158,1,0.8053,0.006198
DuelingDQN,deceptive_grid,1,181,23042,-77.0,88,1,0.8046,0.003556
DuelingDQN,deceptive_grid,1,182,23109,-72.0,67,1,0.804,0.004772
DuelingDQN,deceptive_grid,1,183,23126,-18.0,17,1,0.8039,0.002657
DuelingDQN,deceptive_grid,1,184,23294,-177.0,168,1,0.8024,0.002001
DuelingDQN,deceptive_grid,1,185,23371,-78.0,77,1,0.8018,0.001482
DuelingDQN,deceptive_grid,1,186,23490,-136.0,119,1,0.8008,0.001825
DuelingDQN,deceptive_grid,1,187,23583,-126.0,93,1,0.8,0.004789
DuelingDQN,deceptive_grid,1,188,23654,-72.0,71,1,0.7994,0.004034
DuelingDQN,deceptive_grid,1,189,23719,-54.0,65,1,0.7988,0.003356
DuelingDQN,deceptive_grid,1,190,23826,-120.0,107,1,0.7979,0.003075
DuelingDQN,deceptive_grid,1,191,23965,-140.0,139,1,0.7967,0.002429
DuelingDQN,deceptive_grid,1,192,24051,-115.0,86,1,0.796,0.003617
DuelingDQN,deceptive_grid,1,193,24229,-231.0,178,1,0.7945,0.003938
DuelingDQN,deceptive_grid,1,194,24321,-101.0,92,1,0.7937,0.002017
DuelingDQN,deceptive_grid,1,195,24405,-81.0,84,1,0.793,0.002181
DuelingDQN,deceptive_grid,1,196,24468,-64.0,63,1,0.7925,0.001397
DuelingDQN,deceptive_grid,1,197,24529,-82.0,61,1,0.792,0.004465
DuelingDQN,deceptive_grid,1,198,24680,-148.0,151,1,0.7907,0.006632
DuelingDQN,deceptive_grid,1,199,24755,-68.0,75,1,0.79,0.004939
DuelingDQN,deceptive_grid,1,200,24784,-26.0,29,1,0.7898,0.002788
DuelingDQN,deceptive_grid,1,201,24935,-212.0,151,1,0.7885,0.001703
DuelingDQN,deceptive_grid,1,202,25075,-177.0,140,1,0.7873,0.003309
DuelingDQN,deceptive_grid,1,203,25187,-109.0,112,1,0.7864,0.004597
DuelingDQN,deceptive_grid,1,204,25299,-153.0,112,1,0.7854,0.003443
DuelingDQN,deceptive_grid,1,205,25365,-91.0,66,1,0.7849,0.00437
DuelingDQN,deceptive_grid,1,206,25446,-110.0,81,1,0.7842,0.003859
DuelingDQN,deceptive_grid,1,207,25557,-136.0,111,1,0.7832,0.004344
DuelingDQN,deceptive_grid,1,208,25664,-124.0,107,1,0.7823,0.003844
DuelingDQN,deceptive_grid,1,209,25864,-212.0,200,0,0.7806,0.001354
DuelingDQN,deceptive_grid,1,210,25975,-124.0,111,1,0.7797,0.00131
DuelingDQN,deceptive_grid,1,211,26037,-63.0,62,1,0.7792,0.005115
DuelingDQN,deceptive_grid,1,212,26214,-202.0,177,1,0.7777,0.006029
DuelingDQN,deceptive_grid,1,213,26259,-42.0,45,1,0.7773,0.004095
DuelingDQN,deceptive_grid,1,214,26325,-59.0,66,1,0.7767,0.002649
DuelingDQN,deceptive_grid,1,215,26398,-78.0,73,1,0.7761,0.002177
DuelingDQN,deceptive_grid,1,216,26558,-189.0,160,1,0.7747,0.00246
DuelingDQN,deceptive_grid,1,217,26597,-36.0,39,1,0.7744,0.003988
DuelingDQN,deceptive_grid,1,218,26627,-27.0,30,1,0.7742,0.003279
DuelingDQN,deceptive_grid,1,219,26827,-240.0,200,0,0.7725,0.003148
DuelingDQN,deceptive_grid,1,220,27006,-208.0,179,1,0.7709,0.001415
DuelingDQN,deceptive_grid,1,221,27044,-35.0,38,1,0.7706,0.005765
DuelingDQN,deceptive_grid,1,222,27157,-126.0,113,1,0.7697,0.007416
DuelingDQN,deceptive_grid,1,223,27279,-147.0,122,1,0.7686,0.003063
DuelingDQN,deceptive_grid,1,224,27330,-52.0,51,1,0.7682,0.001647
DuelingDQN,deceptive_grid,1,225,27348,-23.0,18,1,0.768,0.00181
DuelingDQN,deceptive_grid,1,226,27454,-151.0,106,1,0.7671,0.002378
DuelingDQN,deceptive_grid,1,227,27468,-7.0,14,1,0.767,0.002183
DuelingDQN,deceptive_grid,1,228,27523,-60.0,55,1,0.7666,0.003131
DuelingDQN,deceptive_grid,1,229,27583,-73.0,60,1,0.766,0.004233
DuelingDQN,deceptive_grid,1,230,27650,-60.0,67,1,0.7655,0.005652
DuelingDQN,deceptive_grid,1,231,27684,-27.0,34,1,0.7652,0.00618
DuelingDQN,deceptive_grid,1,232,27767,-92.0,83,1,0.7645,0.00474
DuelingDQN,deceptive_grid,1,233,27930,-200.0,163,1,0.7631,0.003531
DuelingDQN,deceptive_grid,1,234,28063,-198.0,133,1,0.762,0.003151
DuelingDQN,deceptive_grid,1,235,28184,-130.0,121,1,0.7609,0.003159
DuelingDQN,deceptive_grid,1,236,28279,-136.0,95,1,0.7601,0.002114
DuelingDQN,deceptive_grid,1,237,28342,-60.0,63,1,0.7596,0.001627
DuelingDQN,deceptive_grid,1,238,28407,-74.0,65,1,0.7591,0.001359
DuelingDQN,deceptive_grid,1,239,28461,-63.0,54,1,0.7586,0.00159
DuelingDQN,deceptive_grid,1,240,28554,-106.0,93,1,0.7578,0.003577
DuelingDQN,deceptive_grid,1,241,28643,-102.0,89,1,0.7571,0.004756
DuelingDQN,deceptive_grid,1,242,28697,-47.0,54,1,0.7566,0.003449
DuelingDQN,deceptive_grid,1,243,28730,-26.0,33,1,0.7563,0.00271
DuelingDQN,deceptive_grid,1,244,28781,-64.0,51,1,0.7559,0.002346
DuelingDQN,deceptive_grid,1,245,28974,-218.0,193,1,0.7542,0.002365
DuelingDQN,deceptive_grid,1,246,29073,-108.0,99,1,0.7534,0.003392
DuelingDQN,deceptive_grid,1,247,29112,-28.0,39,1,0.7531,0.003824
DuelingDQN,deceptive_grid,1,248,29195,-92.0,83,1,0.7524,0.002784
DuelingDQN,deceptive_grid,1,249,29258,-60.0,63,1,0.7518,0.002344
DuelingDQN,deceptive_grid,1,250,29313,-56.0,55,1,0.7514,0.004071
DuelingDQN,deceptive_grid,1,251,29376,-60.0,63,1,0.7508,0.003643
DuelingDQN,deceptive_grid,1,252,29496,-137.0,120,1,0.7498,0.002962
DuelingDQN,deceptive_grid,1,253,29585,-122.0,89,1,0.7491,0.006657
DuelingDQN,deceptive_grid,1,254,29688,-136.0,103,1,0.7482,0.003358
DuelingDQN,deceptive_grid,1,255,29793,-106.0,105,1,0.7473,0.002246
DuelingDQN,deceptive_grid,1,256,29869,-81.0,76,1,0.7467,0.001603
DuelingDQN,deceptive_grid,1,257,29947,-71.0,78,1,0.746,0.001088
DuelingDQN,deceptive_grid,1,258,30069,-147.0,122,1,0.745,0.004273
DuelingDQN,deceptive_grid,1,259,30217,-177.0,148,1,0.7437,0.003172
DuelingDQN,deceptive_grid,1,260,30338,-122.0,121,1,0.7427,0.00352
DuelingDQN,deceptive_grid,1,261,30366,-17.0,28,1,0.7424,0.003775
DuelingDQN,deceptive_grid,1,262,30452,-95.0,86,1,0.7417,0.001801
DuelingDQN,deceptive_grid,1,263,30493,-42.0,41,1,0.7414,0.001548
DuelingDQN,deceptive_grid,1,264,30577,-81.0,84,1,0.7407,0.003504
DuelingDQN,deceptive_grid,1,265,30618,-30.0,41,1,0.7403,0.003742
DuelingDQN,deceptive_grid,1,266,30672,-47.0,54,1,0.7398,0.003054
DuelingDQN,deceptive_grid,1,267,30700,-29.0,28,1,0.7396,0.002947
DuelingDQN,deceptive_grid,1,268,30792,-93.0,92,1,0.7388,0.002052
DuelingDQN,deceptive_grid,1,269,30925,-130.0,133,1,0.7377,0.001594
DuelingDQN,deceptive_grid,1,270,30935,-7.0,10,1,0.7376,0.001052
DuelingDQN,deceptive_grid,1,271,31022,-92.0,87,1,0.7369,0.001957
DuelingDQN,deceptive_grid,1,272,31032,1.0,10,1,0.7368,0.005044
DuelingDQN,deceptive_grid,1,273,31114,-95.0,82,1,0.7361,0.003808
DuelingDQN,deceptive_grid,1,274,31191,-74.0,77,1,0.7354,0.003217
DuelingDQN,deceptive_grid,1,275,31251,-81.0,60,1,0.7349,0.002164
DuelingDQN,deceptive_grid,1,276,31273,-19.0,22,1,0.7347,0.00175
DuelingDQN,deceptive_grid,1,277,31306,-34.0,33,1,0.7345,0.001345
DuelingDQN,deceptive_grid,1,278,31325,-12.0,19,1,0.7343,0.001209
DuelingDQN,deceptive_grid,1,279,31423,-103.0,98,1,0.7335,0.00112
DuelingDQN,deceptive_grid,1,280,31571,-177.0,148,1,0.7322,0.002374
DuelingDQN,deceptive_grid,1,281,31646,-76.0,75,1,0.7316,0.004249
DuelingDQN,deceptive_grid,1,282,31746,-101.0,100,1,0.7307,0.002558
DuelingDQN,deceptive_grid,1,283,31784,-59.0,38,1,0.7304,0.002676
DuelingDQN,deceptive_grid,1,284,31835,-60.0,51,1,0.73,0.0037
DuelingDQN,deceptive_grid,1,285,31890,-68.0,55,1,0.7295,0.003043
DuelingDQN,deceptive_grid,1,286,32023,-146.0,133,1,0.7284,0.004682
DuelingDQN,deceptive_grid,1,287,32087,-73.0,64,1,0.7278,0.005788
DuelingDQN,deceptive_grid,1,288,32171,-73.0,84,1,0.7271,0.002936
DuelingDQN,deceptive_grid,1,289,32176,6.0,5,1,0.7271,0.002689
DuelingDQN,deceptive_grid,1,290,32281,-106.0,105,1,0.7262,0.002092
DuelingDQN,deceptive_grid,1,291,32375,-95.0,94,1,0.7254,0.00114
DuelingDQN,deceptive_grid,1,292,32395,-9.0,20,1,0.7252,0.001085
DuelingDQN,deceptive_grid,1,293,32414,-16.0,19,1,0.7251,0.001244
DuelingDQN,deceptive_grid,1,294,32459,-46.0,45,1,0.7247,0.001093
DuelingDQN,deceptive_grid,1,295,32514,-48.0,55,1,0.7242,0.002318
DuelingDQN,deceptive_grid,1,296,32551,-42.0,37,1,0.7239,0.004462
DuelingDQN,deceptive_grid,1,297,32574,-20.0,23,1,0.7237,0.005079
DuelingDQN,deceptive_grid,1,298,32643,-78.0,69,1,0.7231,0.00446
DuelingDQN,deceptive_grid,1,299,32664,-18.0,21,1,0.7229,0.003162
DuelingDQN,deceptive_grid,1,300,32744,-81.0,80,1,0.7223,0.00238
DuelingDQN,deceptive_grid,1,301,32853,-134.0,109,1,0.7213,0.001529
DuelingDQN,deceptive_grid,1,302,32863,-11.0,10,1,0.7213,0.001225
DuelingDQN,deceptive_grid,1,303,32896,-34.0,33,1,0.721,0.001724
DuelingDQN,deceptive_grid,1,304,32937,-30.0,41,1,0.7206,0.002136
DuelingDQN,deceptive_grid,1,305,32996,-52.0,59,1,0.7201,0.001609
DuelingDQN,deceptive_grid,1,306,33057,-62.0,61,1,0.7196,0.004758
DuelingDQN,deceptive_grid,1,307,33117,-73.0,60,1,0.7191,0.006128
DuelingDQN,deceptive_grid,1,308,33126,-6.0,9,1,0.719,0.004481
DuelingDQN,deceptive_grid,1,309,33155,-34.0,29,1,0.7188,0.003975
DuelingDQN,deceptive_grid,1,310,33258,-108.0,103,1,0.7179,0.002463
DuelingDQN,deceptive_grid,1,311,33270,-1.0,12,1,0.7178,0.003066
DuelingDQN,deceptive_grid,1,312,33320,-67.0,50,1,0.7174,0.0022
DuelingDQN,deceptive_grid,1,313,33423,-128.0,103,1,0.7165,0.001939
DuelingDQN,deceptive_grid,1,314,33465,-43.0,42,1,0.7162,0.001468
DuelingDQN,deceptive_grid,1,315,33499,-27.0,34,1,0.7159,0.001527
DuelingDQN,deceptive_grid,1,316,33581,-79.0,82,1,0.7152,0.005239
DuelingDQN,deceptive_grid,1,317,33616,-68.0,35,1,0.7149,0.00588
DuelingDQN,deceptive_grid,1,318,33697,-94.0,81,1,0.7142,0.005255
DuelingDQN,deceptive_grid,1,319,33802,-110.0,105,1,0.7133,0.00282
DuelingDQN,deceptive_grid,1,320,33819,-6.0,17,1,0.7132,0.001405
DuelingDQN,deceptive_grid,1,321,33843,-13.0,24,1,0.7129,0.001613
DuelingDQN,deceptive_grid,1,322,33926,-92.0,83,1,0.7122,0.001243
DuelingDQN,deceptive_grid,1,323,33937,-4.0,11,1,0.7122,0.001398
DuelingDQN,deceptive_grid,1,324,33955,-7.0,18,1,0.712,0.00145
DuelingDQN,deceptive_grid,1,325,34002,-56.0,47,1,0.7116,0.002451
DuelingDQN,deceptive_grid,1,326,34058,-77.0,56,1,0.7111,0.004221
DuelingDQN,deceptive_grid,1,327,34087,-30.0,29,1,0.7109,0.003593
DuelingDQN,deceptive_grid,1,328,34144,-82.0,57,1,0.7104,0.003025
DuelingDQN,deceptive_grid,1,329,34204,-53.0,60,1,0.7099,0.002521
DuelingDQN,deceptive_grid,1,330,34265,-78.0,61,1,0.7094,0.002241
DuelingDQN,deceptive_grid,1,331,34349,-89.0,84,1,0.7087,0.003612
DuelingDQN,deceptive_grid,1,332,34412,-56.0,63,1,0.7081,0.005357
DuelingDQN,deceptive_grid,1,333,34472,-53.0,60,1,0.7076,0.002814
DuelingDQN,deceptive_grid,1,334,34549,-74.0,77,1,0.707,0.003565
DuelingDQN,deceptive_grid,1,335,34590,-42.0,41,1,0.7066,0.004014
DuelingDQN,deceptive_grid,1,336,34629,-32.0,39,1,0.7063,0.004232
DuelingDQN,deceptive_grid,1,337,34637,3.0,8,1,0.7062,0.003131
DuelingDQN,deceptive_grid,1,338,34715,-79.0,78,1,0.7056,0.002684
DuelingDQN,deceptive_grid,1,339,34806,-116.0,91,1,0.7048,0.001706
DuelingDQN,deceptive_grid,1,340,34840,-31.0,34,1,0.7045,0.001151
DuelingDQN,deceptive_grid,1,341,34872,-29.0,32,1,0.7042,0.001245
DuelingDQN,deceptive_grid,1,342,34891,-8.0,19,1,0.7041,0.001153
DuelingDQN,deceptive_grid,1,343,34934,-44.0,43,1,0.7037,0.001143
DuelingDQN,deceptive_grid,1,344,34985,-48.0,51,1,0.7033,0.001038
DuelingDQN,deceptive_grid,1,345,34999,-15.0,14,1,0.7031,0.000689
DuelingDQN,deceptive_grid,1,346,35044,-42.0,45,1,0.7028,0.004773
DuelingDQN,deceptive_grid,1,347,35090,-63.0,46,1,0.7024,0.003717
DuelingDQN,deceptive_grid,1,348,35140,-59.0,50,1,0.7019,0.002742
DuelingDQN,deceptive_grid,1,349,35203,-60.0,63,1,0.7014,0.001886
DuelingDQN,deceptive_grid,1,350,35338,-132.0,135,1,0.7003,0.001601
DuelingDQN,deceptive_grid,1,351,35366,-41.0,28,1,0.7,0.002355
DuelingDQN,deceptive_grid,1,352,35433,-56.0,67,1,0.6995,0.001734
DuelingDQN,deceptive_grid,1,353,35502,-74.0,69,1,0.6989,0.001298
DuelingDQN,deceptive_grid,1,354,35628,-155.0,126,1,0.6978,0.005048
DuelingDQN,deceptive_grid,1,355,35680,-61.0,52,1,0.6974,0.003873
DuelingDQN,deceptive_grid,1,356,35711,-24.0,31,1,0.6971,0.002596
DuelingDQN,deceptive_grid,1,357,35809,-151.0,98,1,0.6963,0.002458
DuelingDQN,deceptive_grid,1,358,35813,3.0,4,1,0.6962,0.002366
DuelingDQN,deceptive_grid,1,359,35862,-70.0,49,1,0.6958,0.002038
DuelingDQN,deceptive_grid,1,360,35922,-65.0,60,1,0.6953,0.00213
DuelingDQN,deceptive_grid,1,361,36015,-114.0,93,1,0.6945,0.00237
DuelingDQN,deceptive_grid,1,362,36048,-38.0,33,1,0.6942,0.004953
DuelingDQN,deceptive_grid,1,363,36076,-17.0,28,1,0.694,0.004913
DuelingDQN,deceptive_grid,1,364,36159,-96.0,83,1,0.6933,0.004111
DuelingDQN,deceptive_grid,1,365,36210,-68.0,51,1,0.6929,0.004286
DuelingDQN,deceptive_grid,1,366,36298,-85.0,88,1,0.6921,0.002372
DuelingDQN,deceptive_grid,1,367,36349,-52.0,51,1,0.6917,0.001948
DuelingDQN,deceptive_grid,1,368,36355,5.0,6,1,0.6916,0.001925
DuelingDQN,deceptive_grid,1,369,36399,-37.0,44,1,0.6913,0.001193
DuelingDQN,deceptive_grid,1,370,36507,-97.0,108,1,0.6904,0.001049
DuelingDQN,deceptive_grid,1,371,36527,-17.0,20,1,0.6902,0.002809
DuelingDQN,deceptive_grid,1,372,36661,-147.0,134,1,0.689,0.002943
DuelingDQN,deceptive_grid,1,373,36715,-55.0,54,1,0.6886,0.001924
DuelingDQN,deceptive_grid,1,374,36752,-34.0,37,1,0.6883,0.002043
DuelingDQN,deceptive_grid,1,375,36832,-81.0,80,1,0.6876,0.001862
DuelingDQN,deceptive_grid,1,376,36922,-83.0,90,1,0.6868,0.001145
DuelingDQN,deceptive_grid,1,377,37080,-159.0,158,1,0.6855,0.00153
DuelingDQN,deceptive_grid,1,378,37082,9.0,2,1,0.6855,0.001491
DuelingDQN,deceptive_grid,1,379,37136,-67.0,54,1,0.685,0.002675
DuelingDQN,deceptive_grid,1,380,37234,-135.0,98,1,0.6842,0.003271
DuelingDQN,deceptive_grid,1,381,37373,-152.0,139,1,0.683,0.001849
DuelingDQN,deceptive_grid,1,382,37387,-3.0,14,1,0.6829,0.001039
DuelingDQN,deceptive_grid,1,383,37425,-39.0,38,1,0.6826,0.000938
DuelingDQN,deceptive_grid,1,384,37478,-42.0,53,1,0.6821,0.001004
DuelingDQN,deceptive_grid,1,385,37550,-89.0,72,1,0.6815,0.003494
DuelingDQN,deceptive_grid,1,386,37593,-40.0,43,1,0.6811,0.005073
DuelingDQN,deceptive_grid,1,387,37610,-18.0,17,1,0.681,0.003435
DuelingDQN,deceptive_grid,1,388,37630,-9.0,20,1,0.6808,0.003466
DuelingDQN,deceptive_grid,1,389,37699,-78.0,69,1,0.6802,0.002429
DuelingDQN,deceptive_grid,1,390,37767,-61.0,68,1,0.6797,0.001919
DuelingDQN,deceptive_grid,1,391,37829,-51.0,62,1,0.6791,0.001351
DuelingDQN,deceptive_grid,1,392,37906,-86.0,77,1,0.6785,0.000825
DuelingDQN,deceptive_grid,1,393,37972,-55.0,66,1,0.6779,0.000909
DuelingDQN,deceptive_grid,1,394,37997,-18.0,25,1,0.6777,0.000889
DuelingDQN,deceptive_grid,1,395,38015,-11.0,18,1,0.6776,0.002948
DuelingDQN,deceptive_grid,1,396,38052,-38.0,37,1,0.6772,0.004564
DuelingDQN,deceptive_grid,1,397,38053,10.0,1,1,0.6772,0.003018
DuelingDQN,deceptive_grid,1,398,38093,-29.0,40,1,0.6769,0.005529
DuelingDQN,deceptive_grid,1,399,38165,-81.0,72,1,0.6763,0.005175
DuelingDQN,deceptive_grid,1,400,38265,-105.0,100,1,0.6754,0.002083
DuelingDQN,deceptive_grid,1,401,38361,-105.0,96,1,0.6746,0.001337
DuelingDQN,deceptive_grid,1,402,38386,-14.0,25,1,0.6744,0.000974
DuelingDQN,deceptive_grid,1,403,38436,-39.0,50,1,0.674,0.000817
DuelingDQN,deceptive_grid,1,404,38549,-142.0,113,1,0.673,0.001944
DuelingDQN,deceptive_grid,1,405,38608,-64.0,59,1,0.6725,0.003533
DuelingDQN,deceptive_grid,1,406,38611,4.0,3,1,0.6725,0.002396
DuelingDQN,deceptive_grid,1,407,38628,-10.0,17,1,0.6724,0.002768
DuelingDQN,deceptive_grid,1,408,38694,-79.0,66,1,0.6718,0.002109
DuelingDQN,deceptive_grid,1,409,38756,-59.0,62,1,0.6713,0.002156
DuelingDQN,deceptive_grid,1,410,38794,-47.0,38,1,0.671,0.002227
DuelingDQN,deceptive_grid,1,411,38882,-85.0,88,1,0.6702,0.001651
DuelingDQN,deceptive_grid,1,412,38916,-31.0,34,1,0.6699,0.002052
DuelingDQN,deceptive_grid,1,413,38976,-65.0,60,1,0.6694,0.002306
DuelingDQN,deceptive_grid,1,414,39039,-60.0,63,1,0.6689,0.003528
DuelingDQN,deceptive_grid,1,415,39088,-42.0,49,1,0.6685,0.006088
DuelingDQN,deceptive_grid,1,416,39147,-56.0,59,1,0.668,0.003949
DuelingDQN,deceptive_grid,1,417,39203,-49.0,56,1,0.6675,0.002755
DuelingDQN,deceptive_grid,1,418,39219,-13.0,16,1,0.6673,0.001973
DuelingDQN,deceptive_grid,1,419,39229,-7.0,10,1,0.6673,0.001985
DuelingDQN,deceptive_grid,1,420,39266,-30.0,37,1,0.6669,0.002168
DuelingDQN,deceptive_grid,1,421,39380,-127.0,114,1,0.666,0.001774
DuelingDQN,deceptive_grid,1,422,39481,-94.0,101,1,0.6651,0.001578
DuelingDQN,deceptive_grid,1,423,39509,-21.0,28,1,0.6649,0.003441
DuelingDQN,deceptive_grid,1,424,39521,-1.0,12,1,0.6648,0.005163
DuelingDQN,deceptive_grid,1,425,39560,-44.0,39,1,0.6645,0.00557
DuelingDQN,deceptive_grid,1,426,39595,-28.0,35,1,0.6642,0.005691
DuelingDQN,deceptive_grid,1,427,39647,-45.0,52,1,0.6637,0.003951
DuelingDQN,deceptive_grid,1,428,39664,-6.0,17,1,0.6636,0.003155
DuelingDQN,deceptive_grid,1,429,39748,-85.0,84,1,0.6629,0.002187
DuelingDQN,deceptive_grid,1,430,39781,-22.0,33,1,0.6626,0.002749
DuelingDQN,deceptive_grid,1,431,39785,7.0,4,1,0.6625,0.00195
DuelingDQN,deceptive_grid,1,432,39813,-29.0,28,1,0.6623,0.001917
DuelingDQN,deceptive_grid,1,433,39845,-33.0,32,1,0.662,0.001906
DuelingDQN,deceptive_grid,1,434,39923,-79.0,78,1,0.6614,0.001486
DuelingDQN,deceptive_grid,1,435,39957,-31.0,34,1,0.6611,0.001466
DuelingDQN,deceptive_grid,1,436,39984,-32.0,27,1,0.6609,0.001253
DuelingDQN,deceptive_grid,1,437,40045,-58.0,61,1,0.6603,0.003653
DuelingDQN,deceptive_grid,1,438,40084,-28.0,39,1,0.66,0.003488
DuelingDQN,deceptive_grid,1,439,40121,-38.0,37,1,0.6597,0.002763
DuelingDQN,deceptive_grid,1,440,40165,-53.0,44,1,0.6593,0.002706
DuelingDQN,deceptive_grid,1,441,40230,-66.0,65,1,0.6588,0.001816
DuelingDQN,deceptive_grid,1,442,40350,-141.0,120,1,0.6578,0.001463
DuelingDQN,deceptive_grid,1,443,40421,-76.0,71,1,0.6572,0.000937
DuelingDQN,deceptive_grid,1,444,40443,-15.0,22,1,0.657,0.000894
DuelingDQN,deceptive_grid,1,445,40492,-38.0,49,1,0.6565,0.000872
DuelingDQN,deceptive_grid,1,446,40588,-101.0,96,1,0.6557,0.004099
DuelingDQN,deceptive_grid,1,447,40621,-26.0,33,1,0.6555,0.003472
DuelingDQN,deceptive_grid,1,448,40637,-13.0,16,1,0.6553,0.003566
DuelingDQN,deceptive_grid,1,449,40696,-52.0,59,1,0.6548,0.003872
DuelingDQN,deceptive_grid,1,450,40750,-55.0,54,1,0.6544,0.003918
DuelingDQN,deceptive_grid,1,451,40804,-55.0,54,1,0.6539,0.002266
DuelingDQN,deceptive_grid,1,452,40855,-48.0,51,1,0.6535,0.001202
DuelingDQN,deceptive_grid,1,453,40897,-43.0,42,1,0.6531,0.000835
DuelingDQN,deceptive_grid,1,454,40971,-67.0,74,1,0.6525,0.000787
DuelingDQN,deceptive_grid,1,455,41008,-50.0,37,1,0.6522,0.001837
DuelingDQN,deceptive_grid,1,456,41066,-63.0,58,1,0.6517,0.004451
DuelingDQN,deceptive_grid,1,457,41109,-32.0,43,1,0.6513,0.003497
DuelingDQN,deceptive_grid,1,458,41164,-64.0,55,1,0.6508,0.003479
DuelingDQN,deceptive_grid,1,459,41276,-129.0,112,1,0.6499,0.002396
DuelingDQN,deceptive_grid,1,460,41347,-72.0,71,1,0.6493,0.001608
DuelingDQN,deceptive_grid,1,461,41386,-28.0,39,1,0.649,0.001601
DuelingDQN,deceptive_grid,1,462,41437,-40.0,51,1,0.6485,0.001329
DuelingDQN,deceptive_grid,1,463,41453,-5.0,16,1,0.6484,0.001888
DuelingDQN,deceptive_grid,1,464,41481,-21.0,28,1,0.6482,0.001539
DuelingDQN,deceptive_grid,1,465,41529,-41.0,48,1,0.6478,0.003221
DuelingDQN,deceptive_grid,1,466,41552,-28.0,23,1,0.6476,0.006633
DuelingDQN,deceptive_grid,1,467,41611,-64.0,59,1,0.6471,0.003842
DuelingDQN,deceptive_grid,1,468,41656,-42.0,45,1,0.6467,0.00263
DuelingDQN,deceptive_grid,1,469,41697,-54.0,41,1,0.6463,0.002019
DuelingDQN,deceptive_grid,1,470,41730,-26.0,33,1,0.646,0.002182
DuelingDQN,deceptive_grid,1,471,41801,-76.0,71,1,0.6454,0.002504
DuelingDQN,deceptive_grid,1,472,41804,8.0,3,1,0.6454,0.001231
DuelingDQN,deceptive_grid,1,473,41841,-26.0,37,1,0.6451,0.001453
DuelingDQN,deceptive_grid,1,474,41886,-38.0,45,1,0.6447,0.001092
DuelingDQN,deceptive_grid,1,475,41953,-88.0,67,1,0.6442,0.001398
DuelingDQN,deceptive_grid,1,476,41992,-36.0,39,1,0.6438,0.001601
DuelingDQN,deceptive_grid,1,477,42070,-79.0,78,1,0.6432,0.004081
DuelingDQN,deceptive_grid,1,478,42090,-17.0,20,1,0.643,0.004104
DuelingDQN,deceptive_grid,1,479,42158,-77.0,68,1,0.6424,0.003091
DuelingDQN,deceptive_grid,1,480,42197,-52.0,39,1,0.6421,0.003325
DuelingDQN,deceptive_grid,1,481,42246,-46.0,49,1,0.6417,0.002766
DuelingDQN,deceptive_grid,1,482,42303,-54.0,57,1,0.6412,0.002078
DuelingDQN,deceptive_grid,1,483,42363,-53.0,60,1,0.6407,0.002598
DuelingDQN,deceptive_grid,1,484,42410,-44.0,47,1,0.6403,0.001763
DuelingDQN,deceptive_grid,1,485,42498,-101.0,88,1,0.6395,0.001299
DuelingDQN,deceptive_grid,1,486,42560,-63.0,62,1,0.639,0.003652
DuelingDQN,deceptive_grid,1,487,42571,0.0,11,1,0.6389,0.002159
DuelingDQN,deceptive_grid,1,488,42690,-128.0,119,1,0.6379,0.002245
DuelingDQN,deceptive_grid,1,489,42743,-58.0,53,1,0.6375,0.0014
DuelingDQN,deceptive_grid,1,490,42769,-23.0,26,1,0.6372,0.001509
DuelingDQN,deceptive_grid,1,491,42832,-60.0,63,1,0.6367,0.001441
DuelingDQN,deceptive_grid,1,492,42893,-54.0,61,1,0.6362,0.001548
DuelingDQN,deceptive_grid,1,493,42915,-15.0,22,1,0.636,0.00111
DuelingDQN,deceptive_grid,1,494,42980,-54.0,65,1,0.6354,0.001163
DuelingDQN,deceptive_grid,1,495,42994,-3.0,14,1,0.6353,0.001106
DuelingDQN,deceptive_grid,1,496,43030,-33.0,36,1,0.635,0.003188
DuelingDQN,deceptive_grid,1,497,43052,-15.0,22,1,0.6348,0.004164
DuelingDQN,deceptive_grid,1,498,43063,0.0,11,1,0.6347,0.00294
DuelingDQN,deceptive_grid,1,499,43085,-19.0,22,1,0.6346,0.003332
DuelingDQN,deceptive_grid,1,500,43214,-158.0,129,1,0.6335,0.002097
DuelingDQN,deceptive_grid,1,501,43280,-59.0,66,1,0.6329,0.001361
DuelingDQN,deceptive_grid,1,502,43366,-99.0,86,1,0.6322,0.000998
DuelingDQN,deceptive_grid,1,503,43397,-20.0,31,1,0.6319,0.000919
DuelingDQN,deceptive_grid,1,504,43507,-119.0,110,1,0.631,0.002021
DuelingDQN,deceptive_grid,1,505,43581,-91.0,74,1,0.6303,0.004809
DuelingDQN,deceptive_grid,1,506,43622,-38.0,41,1,0.63,0.00381
DuelingDQN,deceptive_grid,1,507,43684,-75.0,62,1,0.6295,0.004851
DuelingDQN,deceptive_grid,1,508,43703,-16.0,19,1,0.6293,0.003285
DuelingDQN,deceptive_grid,1,509,43741,-43.0,38,1,0.629,0.003242
DuelingDQN,deceptive_grid,1,510,43788,-36.0,47,1,0.6286,0.002447
DuelingDQN,deceptive_grid,1,511,43821,-22.0,33,1,0.6283,0.002026
DuelingDQN,deceptive_grid,1,512,43862,-34.0,41,1,0.628,0.001864
DuelingDQN,deceptive_grid,1,513,43924,-63.0,62,1,0.6274,0.001609
DuelingDQN,deceptive_grid,1,514,43978,-47.0,54,1,0.627,0.001504
DuelingDQN,deceptive_grid,1,515,44043,-62.0,65,1,0.6264,0.003125
DuelingDQN,deceptive_grid,1,516,44088,-54.0,45,1,0.626,0.003074
DuelingDQN,deceptive_grid,1,517,44127,-44.0,39,1,0.6257,0.003406
DuelingDQN,deceptive_grid,1,518,44160,-26.0,33,1,0.6254,0.003368
DuelingDQN,deceptive_grid,1,519,44197,-26.0,37,1,0.6251,0.002698
DuelingDQN,deceptive_grid,1,520,44298,-126.0,101,1,0.6243,0.002037
DuelingDQN,deceptive_grid,1,521,44342,-49.0,44,1,0.6239,0.000955
DuelingDQN,deceptive_grid,1,522,44371,-18.0,29,1,0.6236,0.001034
DuelingDQN,deceptive_grid,1,523,44397,-19.0,26,1,0.6234,0.001068
DuelingDQN,deceptive_grid,1,524,44409,-1.0,12,1,0.6233,0.0008
DuelingDQN,deceptive_grid,1,525,44460,-44.0,51,1,0.6229,0.001041
DuelingDQN,deceptive_grid,1,526,44530,-67.0,70,1,0.6223,0.001825
DuelingDQN,deceptive_grid,1,527,44621,-92.0,91,1,0.6215,0.002402
DuelingDQN,deceptive_grid,1,528,44687,-83.0,66,1,0.621,0.001422
DuelingDQN,deceptive_grid,1,529,44740,-50.0,53,1,0.6205,0.001493
DuelingDQN,deceptive_grid,1,530,44770,-23.0,30,1,0.6203,0.001553
DuelingDQN,deceptive_grid,1,531,44778,-1.0,8,1,0.6202,0.001072
DuelingDQN,deceptive_grid,1,532,44860,-95.0,82,1,0.6195,0.001692
DuelingDQN,deceptive_grid,1,533,44881,-10.0,21,1,0.6193,0.00137
DuelingDQN,deceptive_grid,1,534,44913,-25.0,32,1,0.619,0.00141
DuelingDQN,deceptive_grid,1,535,45016,-148.0,103,1,0.6182,0.001744
DuelingDQN,deceptive_grid,1,536,45054,-27.0,38,1,0.6179,0.004228
DuelingDQN,deceptive_grid,1,537,45061,4.0,7,1,0.6178,0.004179
DuelingDQN,deceptive_grid,1,538,45086,-18.0,25,1,0.6176,0.004119
DuelingDQN,deceptive_grid,1,539,45096,1.0,10,1,0.6175,0.004249
DuelingDQN,deceptive_grid,1,540,45121,-14.0,25,1,0.6173,0.003697
DuelingDQN,deceptive_grid,1,541,45126,6.0,5,1,0.6172,0.003621
DuelingDQN,deceptive_grid,1,542,45160,-39.0,34,1,0.617,0.002148
DuelingDQN,deceptive_grid,1,543,45216,-49.0,56,1,0.6165,0.002497
DuelingDQN,deceptive_grid,1,544,45273,-46.0,57,1,0.616,0.00181
DuelingDQN,deceptive_grid,1,545,45315,-31.0,42,1,0.6156,0.001581
DuelingDQN,deceptive_grid,1,546,45348,-22.0,33,1,0.6154,0.001
DuelingDQN,deceptive_grid,1,547,45407,-56.0,59,1,0.6149,0.000881
DuelingDQN,deceptive_grid,1,548,45421,-7.0,14,1,0.6147,0.001414
DuelingDQN,deceptive_grid,1,549,45445,-17.0,24,1,0.6145,0.001168
DuelingDQN,deceptive_grid,1,550,45466,-18.0,21,1,0.6144,0.000983
DuelingDQN,deceptive_grid,1,551,45528,-59.0,62,1,0.6138,0.001875
DuelingDQN,deceptive_grid,1,552,45582,-51.0,54,1,0.6134,0.00301
DuelingDQN,deceptive_grid,1,553,45599,-10.0,17,1,0.6132,0.001917
DuelingDQN,deceptive_grid,1,554,45608,-10.0,9,1,0.6132,0.002491
DuelingDQN,deceptive_grid,1,555,45698,-99.0,90,1,0.6124,0.001853
DuelingDQN,deceptive_grid,1,556,45724,-31.0,26,1,0.6122,0.001111
DuelingDQN,deceptive_grid,1,557,45791,-84.0,67,1,0.6116,0.000793
DuelingDQN,deceptive_grid,1,558,45826,-24.0,35,1,0.6113,0.00077
DuelingDQN,deceptive_grid,1,559,45896,-63.0,70,1,0.6107,0.000695
DuelingDQN,deceptive_grid,1,560,45958,-55.0,62,1,0.6102,0.000846
DuelingDQN,deceptive_grid,1,561,45970,-1.0,12,1,0.6101,0.001055
DuelingDQN,deceptive_grid,1,562,46034,-61.0,64,1,0.6095,0.002306
DuelingDQN,deceptive_grid,1,563,46053,-8.0,19,1,0.6094,0.002706
DuelingDQN,deceptive_grid,1,564,46081,-25.0,28,1,0.6091,0.002991
DuelingDQN,deceptive_grid,1,565,46103,-11.0,22,1,0.609,0.002391
DuelingDQN,deceptive_grid,1,566,46119,-13.0,16,1,0.6088,0.002171
DuelingDQN,deceptive_grid,1,567,46149,-23.0,30,1,0.6086,0.002277
DuelingDQN,deceptive_grid,1,568,46179,-19.0,30,1,0.6083,0.002394
DuelingDQN,deceptive_grid,1,569,46342,-172.0,163,1,0.6069,0.001938
DuelingDQN,deceptive_grid,1,570,46407,-74.0,65,1,0.6064,0.002322
DuelingDQN,deceptive_grid,1,571,46444,-34.0,37,1,0.6061,0.00221
DuelingDQN,deceptive_grid,1,572,46450,5.0,6,1,0.606,0.002029
DuelingDQN,deceptive_grid,1,573,46460,1.0,10,1,0.6059,0.001786
DuelingDQN,deceptive_grid,1,574,46465,6.0,5,1,0.6059,0.001453
DuelingDQN,deceptive_grid,1,575,46486,-14.0,21,1,0.6057,0.001651
DuelingDQN,deceptive_grid,1,576,46495,2.0,9,1,0.6056,0.001682
DuelingDQN,deceptive_grid,1,577,46581,-103.0,86,1,0.6049,0.002728
DuelingDQN,deceptive_grid,1,578,46601,-9.0,20,1,0.6047,0.002662
DuelingDQN,deceptive_grid,1,579,46625,-17.0,24,1,0.6045,0.002818
DuelingDQN,deceptive_grid,1,580,46636,0.0,11,1,0.6044,0.002093
DuelingDQN,deceptive_grid,1,581,46650,-11.0,14,1,0.6043,0.002141
DuelingDQN,deceptive_grid,1,582,46693,-48.0,43,1,0.604,0.002747
DuelingDQN,deceptive_grid,1,583,46698,6.0,5,1,0.6039,0.001957
DuelingDQN,deceptive_grid,1,584,46754,-69.0,56,1,0.6034,0.002305
DuelingDQN,deceptive_grid,1,585,46803,-58.0,49,1,0.603,0.001664
DuelingDQN,deceptive_grid,1,586,46887,-85.0,84,1,0.6023,0.001672
DuelingDQN,deceptive_grid,1,587,46925,-27.0,38,1,0.602,0.001179
DuelingDQN,deceptive_grid,1,588,46944,-8.0,19,1,0.6018,0.001039
DuelingDQN,deceptive_grid,1,589,46973,-18.0,29,1,0.6016,0.001261
DuelingDQN,deceptive_grid,1,590,47036,-76.0,63,1,0.601,0.001647
DuelingDQN,deceptive_grid,1,591,47059,-12.0,23,1,0.6008,0.003111
DuelingDQN,deceptive_grid,1,592,47096,-26.0,37,1,0.6005,0.00251
DuelingDQN,deceptive_grid,1,593,47143,-40.0,47,1,0.6001,0.002067
DuelingDQN,deceptive_grid,1,594,47229,-91.0,86,1,0.5994,0.002252
DuelingDQN,deceptive_grid,1,595,47244,-16.0,15,1,0.5993,0.001722
DuelingDQN,deceptive_grid,1,596,47278,-23.0,34,1,0.599,0.001692
DuelingDQN,deceptive_grid,1,597,47324,-35.0,46,1,0.5986,0.001162
DuelingDQN,deceptive_grid,1,598,47366,-43.0,42,1,0.5982,0.001129
DuelingDQN,deceptive_grid,1,599,47416,-55.0,50,1,0.5978,0.001073
DuelingDQN,deceptive_grid,1,600,47464,-45.0,48,1,0.5974,0.000873
DuelingDQN,deceptive_grid,1,601,47495,-24.0,31,1,0.5971,0.001263
DuelingDQN,deceptive_grid,1,602,47526,-20.0,31,1,0.5969,0.002384
DuelingDQN,deceptive_grid,1,603,47553,-28.0,27,1,0.5967,0.002754
DuelingDQN,deceptive_grid,1,604,47625,-81.0,72,1,0.596,0.00235
DuelingDQN,deceptive_grid,1,605,47699,-95.0,74,1,0.5954,0.002286
DuelingDQN,deceptive_grid,1,606,47751,-53.0,52,1,0.595,0.002202
DuelingDQN,deceptive_grid,1,607,47762,-12.0,11,1,0.5949,0.001715
DuelingDQN,deceptive_grid,1,608,47815,-54.0,53,1,0.5944,0.001313
DuelingDQN,deceptive_grid,1,609,47866,-40.0,51,1,0.594,0.000975
DuelingDQN,deceptive_grid,1,610,47897,-28.0,31,1,0.5937,0.002479
DuelingDQN,deceptive_grid,1,611,47898,10.0,1,1,0.5937,0.00273
DuelingDQN,deceptive_grid,1,612,47924,-31.0,26,1,0.5935,0.002838
DuelingDQN,deceptive_grid,1,613,47953,-18.0,29,1,0.5933,0.002468
DuelingDQN,deceptive_grid,1,614,47972,-8.0,19,1,0.5931,0.001592
DuelingDQN,deceptive_grid,1,615,48024,-49.0,52,1,0.5927,0.002371
DuelingDQN,deceptive_grid,1,616,48050,-19.0,26,1,0.5924,0.003351
DuelingDQN,deceptive_grid,1,617,48069,-8.0,19,1,0.5923,0.004131
DuelingDQN,deceptive_grid,1,618,48083,-11.0,14,1,0.5922,0.002819
DuelingDQN,deceptive_grid,1,619,48125,-31.0,42,1,0.5918,0.001898
DuelingDQN,deceptive_grid,1,620,48175,-67.0,50,1,0.5914,0.001941
DuelingDQN,deceptive_grid,1,621,48207,-33.0,32,1,0.5911,0.002426
DuelingDQN,deceptive_grid,1,622,48271,-61.0,64,1,0.5906,0.0023
DuelingDQN,deceptive_grid,1,623,48280,-2.0,9,1,0.5905,0.001953
DuelingDQN,deceptive_grid,1,624,48326,-67.0,46,1,0.5901,0.002176
DuelingDQN,deceptive_grid,1,625,48362,-33.0,36,1,0.5898,0.002111
DuelingDQN,deceptive_grid,1,626,48381,-8.0,19,1,0.5896,0.001641
DuelingDQN,deceptive_grid,1,627,48415,-35.0,34,1,0.5893,0.001273
DuelingDQN,deceptive_grid,1,628,48447,-33.0,32,1,0.5891,0.000882
DuelingDQN,deceptive_grid,1,629,48458,0.0,11,1,0.589,0.000775
DuelingDQN,deceptive_grid,1,630,48505,-40.0,47,1,0.5886,0.001021
DuelingDQN,deceptive_grid,1,631,48536,-32.0,31,1,0.5883,0.002173
DuelingDQN,deceptive_grid,1,632,48568,-33.0,32,1,0.588,0.001797
DuelingDQN,deceptive_grid,1,633,48590,-19.0,22,1,0.5879,0.001696
DuelingDQN,deceptive_grid,1,634,48649,-68.0,59,1,0.5874,0.001123
DuelingDQN,deceptive_grid,1,635,48684,-24.0,35,1,0.5871,0.00106
DuelingDQN,deceptive_grid,1,636,48706,-15.0,22,1,0.5869,0.000971
DuelingDQN,deceptive_grid,1,637,48758,-49.0,52,1,0.5864,0.001215
DuelingDQN,deceptive_grid,1,638,48829,-76.0,71,1,0.5858,0.00113
DuelingDQN,deceptive_grid,1,639,48874,-42.0,45,1,0.5855,0.001109
DuelingDQN,deceptive_grid,1,640,48930,-61.0,56,1,0.585,0.00092
DuelingDQN,deceptive_grid,1,641,48939,-2.0,9,1,0.5849,0.000807
DuelingDQN,deceptive_grid,1,642,49001,-71.0,62,1,0.5844,0.000939
DuelingDQN,deceptive_grid,1,643,49003,9.0,2,1,0.5844,0.002093
DuelingDQN,deceptive_grid,1,644,49043,-41.0,40,1,0.584,0.002528
DuelingDQN,deceptive_grid,1,645,49067,-21.0,24,1,0.5838,0.003309
DuelingDQN,deceptive_grid,1,646,49085,-19.0,18,1,0.5837,0.002162
DuelingDQN,deceptive_grid,1,647,49122,-30.0,37,1,0.5833,0.002547
DuelingDQN,deceptive_grid,1,648,49185,-60.0,63,1,0.5828,0.002092
DuelingDQN,deceptive_grid,1,649,49241,-65.0,56,1,0.5823,0.00167
DuelingDQN,deceptive_grid,1,650,49285,-49.0,44,1,0.582,0.001875
DuelingDQN,deceptive_grid,1,651,49316,-20.0,31,1,0.5817,0.001103
DuelingDQN,deceptive_grid,1,652,49355,-40.0,39,1,0.5814,0.00094
DuelingDQN,deceptive_grid,1,653,49416,-70.0,61,1,0.5809,0.001113
DuelingDQN,deceptive_grid,1,654,49428,-1.0,12,1,0.5808,0.001196
DuelingDQN,deceptive_grid,1,655,49481,-78.0,53,1,0.5803,0.001119
DuelingDQN,deceptive_grid,1,656,49526,-42.0,45,1,0.5799,0.002302
DuelingDQN,deceptive_grid,1,657,49587,-78.0,61,1,0.5794,0.002473
DuelingDQN,deceptive_grid,1,658,49616,-22.0,29,1,0.5792,0.00169
DuelingDQN,deceptive_grid,1,659,49660,-49.0,44,1,0.5788,0.001539
DuelingDQN,deceptive_grid,1,660,49698,-35.0,38,1,0.5785,0.00158
DuelingDQN,deceptive_grid,1,661,49725,-28.0,27,1,0.5782,0.001517
DuelingDQN,deceptive_grid,1,662,49765,-37.0,40,1,0.5779,0.001247
DuelingDQN,deceptive_grid,1,663,49775,1.0,10,1,0.5778,0.000885
DuelingDQN,deceptive_grid,1,664,49832,-58.0,57,1,0.5773,0.000975
DuelingDQN,deceptive_grid,1,665,49870,-39.0,38,1,0.577,0.001156
DuelingDQN,deceptive_grid,1,666,49882,-1.0,12,1,0.5769,0.001043
DuelingDQN,deceptive_grid,1,667,49948,-67.0,66,1,0.5763,0.001127
DuelingDQN,deceptive_grid,1,668,50026,-83.0,78,1,0.5757,0.001617
DuelingDQN,deceptive_grid,1,669,50103,-70.0,77,1,0.575,0.003978
DuelingDQN,deceptive_grid,1,670,50159,-73.0,56,1,0.5746,0.003122
DuelingDQN,deceptive_grid,1,671,50223,-77.0,64,1,0.574,0.001875
DuelingDQN,deceptive_grid,1,672,50252,-22.0,29,1,0.5738,0.001338
DuelingDQN,deceptive_grid,1,673,50269,-14.0,17,1,0.5736,0.001113
DuelingDQN,deceptive_grid,1,674,50285,-9.0,16,1,0.5735,0.001071
DuelingDQN,deceptive_grid,1,675,50290,6.0,5,1,0.5734,0.001406
DuelingDQN,deceptive_grid,1,676,50383,-118.0,93,1,0.5727,0.001568
DuelingDQN,deceptive_grid,1,677,50405,-19.0,22,1,0.5725,0.001739
DuelingDQN,deceptive_grid,1,678,50424,-12.0,19,1,0.5723,0.0015
DuelingDQN,deceptive_grid,1,679,50459,-24.0,35,1,0.572,0.002334
DuelingDQN,deceptive_grid,1,680,50496,-30.0,37,1,0.5717,0.002078
DuelingDQN,deceptive_grid,1,681,50502,5.0,6,1,0.5716,0.001872
DuelingDQN,deceptive_grid,1,682,50534,-37.0,32,1,0.5714,0.003386
DuelingDQN,deceptive_grid,1,683,50587,-50.0,53,1,0.5709,0.002709
DuelingDQN,deceptive_grid,1,684,50618,-24.0,31,1,0.5707,0.002415
DuelingDQN,deceptive_grid,1,685,50666,-41.0,48,1,0.5703,0.00225
DuelingDQN,deceptive_grid,1,686,50717,-44.0,51,1,0.5698,0.001447
DuelingDQN,deceptive_grid,1,687,50725,3.0,8,1,0.5698,0.001112
DuelingDQN,deceptive_grid,1,688,50763,-31.0,38,1,0.5694,0.001144
DuelingDQN,deceptive_grid,1,689,50790,-20.0,27,1,0.5692,0.000768
DuelingDQN,deceptive_grid,1,690,50830,-37.0,40,1,0.5689,0.000649
DuelingDQN,deceptive_grid,1,691,50872,-39.0,42,1,0.5685,0.000757
DuelingDQN,deceptive_grid,1,692,50897,-18.0,25,1,0.5683,0.000636
DuelingDQN,deceptive_grid,1,693,50936,-32.0,39,1,0.568,0.000486
DuelingDQN,deceptive_grid,1,694,50974,-31.0,38,1,0.5676,0.000395
DuelingDQN,deceptive_grid,1,695,50993,-8.0,19,1,0.5675,0.000541
DuelingDQN,deceptive_grid,1,696,51029,-33.0,36,1,0.5672,0.002127
DuelingDQN,deceptive_grid,1,697,51036,4.0,7,1,0.5671,0.001999
DuelingDQN,deceptive_grid,1,698,51098,-63.0,62,1,0.5666,0.001958
DuelingDQN,deceptive_grid,1,699,51123,-30.0,25,1,0.5664,0.001868
DuelingDQN,deceptive_grid,1,700,51145,-11.0,22,1,0.5662,0.001938
DuelingDQN,deceptive_grid,1,701,51154,2.0,9,1,0.5661,0.001195
DuelingDQN,deceptive_grid,1,702,51194,-53.0,40,1,0.5658,0.001822
DuelingDQN,deceptive_grid,1,703,51215,-14.0,21,1,0.5656,0.001524
DuelingDQN,deceptive_grid,1,704,51217,9.0,2,1,0.5656,0.001925
DuelingDQN,deceptive_grid,1,705,51267,-47.0,50,1,0.5652,0.001242
DuelingDQN,deceptive_grid,1,706,51297,-19.0,30,1,0.5649,0.000989
DuelingDQN,deceptive_grid,1,707,51335,-27.0,38,1,0.5646,0.001071
DuelingDQN,deceptive_grid,1,708,51382,-36.0,47,1,0.5642,0.000925
DuelingDQN,deceptive_grid,1,709,51405,-16.0,23,1,0.564,0.001109
DuelingDQN,deceptive_grid,1,710,51457,-49.0,52,1,0.5635,0.001071
DuelingDQN,deceptive_grid,1,711,51502,-46.0,45,1,0.5632,0.000942
DuelingDQN,deceptive_grid,1,712,51526,-33.0,24,1,0.563,0.002368
DuelingDQN,deceptive_grid,1,713,51552,-19.0,26,1,0.5627,0.003208
DuelingDQN,deceptive_grid,1,714,51588,-33.0,36,1,0.5624,0.002782
DuelingDQN,deceptive_grid,1,715,51608,-25.0,20,1,0.5623,0.002274
DuelingDQN,deceptive_grid,1,716,51633,-18.0,25,1,0.562,0.002275
DuelingDQN,deceptive_grid,1,717,51645,-1.0,12,1,0.5619,0.002128
DuelingDQN,deceptive_grid,1,718,51695,-55.0,50,1,0.5615,0.003028
DuelingDQN,deceptive_grid,1,719,51772,-86.0,77,1,0.5609,0.002723
DuelingDQN,deceptive_grid,1,720,51812,-53.0,40,1,0.5605,0.002018
DuelingDQN,deceptive_grid,1,721,51851,-32.0,39,1,0.5602,0.001814
DuelingDQN,deceptive_grid,1,722,51860,2.0,9,1,0.5601,0.001826
DuelingDQN,deceptive_grid,1,723,51902,-35.0,42,1,0.5598,0.002274
DuelingDQN,deceptive_grid,1,724,51963,-54.0,61,1,0.5593,0.001785
DuelingDQN,deceptive_grid,1,725,52003,-37.0,40,1,0.5589,0.001826
DuelingDQN,deceptive_grid,1,726,52023,-13.0,20,1,0.5587,0.002539
DuelingDQN,deceptive_grid,1,727,52050,-24.0,27,1,0.5585,0.003122
DuelingDQN,deceptive_grid,1,728,52066,-5.0,16,1,0.5584,0.003024
DuelingDQN,deceptive_grid,1,729,52121,-56.0,55,1,0.5579,0.003024
DuelingDQN,deceptive_grid,1,730,52126,6.0,5,1,0.5579,0.002234
DuelingDQN,deceptive_grid,1,731,52179,-62.0,53,1,0.5574,0.002455
DuelingDQN,deceptive_grid,1,732,52195,-5.0,16,1,0.5573,0.002491
DuelingDQN,deceptive_grid,1,733,52222,-28.0,27,1,0.5571,0.002112
DuelingDQN,deceptive_grid,1,734,52257,-28.0,35,1,0.5568,0.001542
DuelingDQN,deceptive_grid,1,735,52305,-53.0,48,1,0.5564,0.001103
DuelingDQN,deceptive_grid,1,736,52342,-38.0,37,1,0.556,0.001065
DuelingDQN,deceptive_grid,1,737,52379,-34.0,37,1,0.5557,0.000801
DuelingDQN,deceptive_grid,1,738,52401,-11.0,22,1,0.5555,0.000671
DuelingDQN,deceptive_grid,1,739,52454,-54.0,53,1,0.5551,0.00083
DuelingDQN,deceptive_grid,1,740,52474,-9.0,20,1,0.5549,0.000825
DuelingDQN,deceptive_grid,1,741,52500,-35.0,26,1,0.5547,0.001186
DuelingDQN,deceptive_grid,1,742,52534,-27.0,34,1,0.5544,0.003819
DuelingDQN,deceptive_grid,1,743,52569,-32.0,35,1,0.5541,0.00301
DuelingDQN,deceptive_grid,1,744,52592,-12.0,23,1,0.5539,0.002971
DuelingDQN,deceptive_grid,1,745,52608,-5.0,16,1,0.5538,0.002704
DuelingDQN,deceptive_grid,1,746,52660,-65.0,52,1,0.5533,0.002123
DuelingDQN,deceptive_grid,1,747,52706,-39.0,46,1,0.5529,0.001536
DuelingDQN,deceptive_grid,1,748,52730,-17.0,24,1,0.5527,0.001512
DuelingDQN,deceptive_grid,1,749,52745,-12.0,15,1,0.5526,0.001379
DuelingDQN,deceptive_grid,1,750,52789,-37.0,44,1,0.5522,0.001241
DuelingDQN,deceptive_grid,1,751,52848,-52.0,59,1,0.5517,0.000859
DuelingDQN,deceptive_grid,1,752,52881,-42.0,33,1,0.5515,0.000614
DuelingDQN,deceptive_grid,1,753,52889,3.0,8,1,0.5514,0.000907
DuelingDQN,deceptive_grid,1,754,52933,-37.0,44,1,0.551,0.001172
DuelingDQN,deceptive_grid,1,755,52963,-31.0,30,1,0.5508,0.001002
DuelingDQN,deceptive_grid,1,756,52970,4.0,7,1,0.5507,0.000758
DuelingDQN,deceptive_grid,1,757,53035,-66.0,65,1,0.5502,0.001774
DuelingDQN,deceptive_grid,1,758,53068,-22.0,33,1,0.5499,0.002559
DuelingDQN,deceptive_grid,1,759,53107,-40.0,39,1,0.5495,0.002373
DuelingDQN,deceptive_grid,1,760,53129,-15.0,22,1,0.5494,0.002276
DuelingDQN,deceptive_grid,1,761,53132,8.0,3,1,0.5493,0.001529
DuelingDQN,deceptive_grid,1,762,53164,-21.0,32,1,0.5491,0.002379
DuelingDQN,deceptive_grid,1,763,53198,-31.0,34,1,0.5488,0.002848
DuelingDQN,deceptive_grid,1,764,53215,-6.0,17,1,0.5486,0.001861
DuelingDQN,deceptive_grid,1,765,53258,-44.0,43,1,0.5483,0.001638
DuelingDQN,deceptive_grid,1,766,53278,-9.0,20,1,0.5481,0.001438
DuelingDQN,deceptive_grid,1,767,53335,-62.0,57,1,0.5476,0.001004
DuelingDQN,deceptive_grid,1,768,53344,2.0,9,1,0.5475,0.001081
DuelingDQN,deceptive_grid,1,769,53381,-38.0,37,1,0.5472,0.00091
DuelingDQN,deceptive_grid,1,770,53421,-37.0,40,1,0.5469,0.000737
DuelingDQN,deceptive_grid,1,771,53504,-108.0,83,1,0.5462,0.000761
DuelingDQN,deceptive_grid,1,772,53530,-15.0,26,1,0.546,0.002624
DuelingDQN,deceptive_grid,1,773,53553,-12.0,23,1,0.5458,0.002202
DuelingDQN,deceptive_grid,1,774,53587,-23.0,34,1,0.5455,0.001991
DuelingDQN,deceptive_grid,1,775,53621,-23.0,34,1,0.5452,0.002125
DuelingDQN,deceptive_grid,1,776,53659,-27.0,38,1,0.5449,0.002415
DuelingDQN,deceptive_grid,1,777,53671,-1.0,12,1,0.5448,0.002948
DuelingDQN,deceptive_grid,1,778,53705,-27.0,34,1,0.5445,0.002168
DuelingDQN,deceptive_grid,1,779,53719,-3.0,14,1,0.5444,0.001821
DuelingDQN,deceptive_grid,1,780,53772,-50.0,53,1,0.5439,0.001615
DuelingDQN,deceptive_grid,1,781,53816,-41.0,44,1,0.5435,0.001097
DuelingDQN,deceptive_grid,1,782,53842,-23.0,26,1,0.5433,0.000828
DuelingDQN,deceptive_grid,1,783,53887,-46.0,45,1,0.5429,0.001004
DuelingDQN,deceptive_grid,1,784,53900,-6.0,13,1,0.5428,0.000656
DuelingDQN,deceptive_grid,1,785,53923,-12.0,23,1,0.5426,0.000735
DuelingDQN,deceptive_grid,1,786,53961,-27.0,38,1,0.5423,0.000999
DuelingDQN,deceptive_grid,1,787,53967,1.0,6,1,0.5423,0.00087
DuelingDQN,deceptive_grid,1,788,53981,-11.0,14,1,0.5421,0.000967
DuelingDQN,deceptive_grid,1,789,53998,-6.0,17,1,0.542,0.001516
DuelingDQN,deceptive_grid,1,790,54031,-22.0,33,1,0.5417,0.002962
DuelingDQN,deceptive_grid,1,791,54060,-18.0,29,1,0.5415,0.002669
DuelingDQN,deceptive_grid,1,792,54093,-46.0,33,1,0.5412,0.002789
DuelingDQN,deceptive_grid,1,793,54136,-36.0,43,1,0.5408,0.00282
DuelingDQN,deceptive_grid,1,794,54174,-27.0,38,1,0.5405,0.001958
DuelingDQN,deceptive_grid,1,795,54190,-9.0,16,1,0.5404,0.001956
DuelingDQN,deceptive_grid,1,796,54218,-17.0,28,1,0.5401,0.002454
DuelingDQN,deceptive_grid,1,797,54258,-45.0,40,1,0.5398,0.002588
DuelingDQN,deceptive_grid,1,798,54293,-44.0,35,1,0.5395,0.001569
DuelingDQN,deceptive_grid,1,799,54367,-71.0,74,1,0.5389,0.000804
DuelingDQN,deceptive_grid,1,800,54413,-35.0,46,1,0.5385,0.000822
DQN,deceptive_grid,2,1,200,-256.0,200,0,0.9983,
DQN,deceptive_grid,2,2,400,-228.0,200,0,0.9966,
DQN,deceptive_grid,2,3,600,-272.0,200,0,0.9949,
DQN,deceptive_grid,2,4,800,-292.0,200,0,0.9932,
DQN,deceptive_grid,2,5,1000,-320.0,200,0,0.9915,0.612521
DQN,deceptive_grid,2,6,1200,-332.0,200,0,0.9898,0.351253
DQN,deceptive_grid,2,7,1400,-212.0,200,0,0.9881,0.24864
DQN,deceptive_grid,2,8,1600,-252.0,200,0,0.9864,0.197037
DQN,deceptive_grid,2,9,1800,-224.0,200,0,0.9847,0.142782
DQN,deceptive_grid,2,10,2000,-320.0,200,0,0.983,0.138096
DQN,deceptive_grid,2,11,2200,-256.0,200,0,0.9813,0.135973
DQN,deceptive_grid,2,12,2400,-332.0,200,0,0.9796,0.126815
DQN,deceptive_grid,2,13,2600,-268.0,200,0,0.9779,0.13422
DQN,deceptive_grid,2,14,2762,-163.0,162,1,0.9766,0.106721
DQN,deceptive_grid,2,15,2901,-192.0,139,1,0.9754,0.11124
DQN,deceptive_grid,2,16,3101,-260.0,200,0,0.9737,0.11075
DQN,deceptive_grid,2,17,3301,-248.0,200,0,0.972,0.092131
DQN,deceptive_grid,2,18,3501,-308.0,200,0,0.9703,0.088566
DQN,deceptive_grid,2,19,3701,-228.0,200,0,0.9686,0.09281
DQN,deceptive_grid,2,20,3901,-244.0,200,0,0.9669,0.077448
DQN,deceptive_grid,2,21,4101,-264.0,200,0,0.9652,0.072776
DQN,deceptive_grid,2,22,4282,-258.0,181,1,0.9637,0.067171
DQN,deceptive_grid,2,23,4482,-324.0,200,0,0.962,0.058481
DQN,deceptive_grid,2,24,4682,-256.0,200,0,0.9603,0.069301
DQN,deceptive_grid,2,25,4732,-67.0,50,1,0.9599,0.058899
DQN,deceptive_grid,2,26,4932,-272.0,200,0,0.9582,0.060636
DQN,deceptive_grid,2,27,5132,-284.0,200,0,0.9565,0.068833
DQN,deceptive_grid,2,28,5332,-284.0,200,0,0.9548,0.055461
DQN,deceptive_grid,2,29,5532,-244.0,200,0,0.9531,0.059306
DQN,deceptive_grid,2,30,5732,-252.0,200,0,0.9514,0.049072
DQN,deceptive_grid,2,31,5932,-240.0,200,0,0.9497,0.048858
DQN,deceptive_grid,2,32,6067,-184.0,135,1,0.9485,0.058581
DQN,deceptive_grid,2,33,6125,-67.0,58,1,0.948,0.039619
DQN,deceptive_grid,2,34,6325,-236.0,200,0,0.9464,0.045798
DQN,deceptive_grid,2,35,6408,-104.0,83,1,0.9456,0.039914
DQN,deceptive_grid,2,36,6608,-228.0,200,0,0.9439,0.053007
DQN,deceptive_grid,2,37,6808,-276.0,200,0,0.9423,0.037749
DQN,deceptive_grid,2,38,7008,-256.0,200,0,0.9406,0.043231
DQN,deceptive_grid,2,39,7208,-240.0,200,0,0.9389,0.042536
DQN,deceptive_grid,2,40,7408,-260.0,200,0,0.9372,0.031365
DQN,deceptive_grid,2,41,7608,-316.0,200,0,0.9355,0.057159
DQN,deceptive_grid,2,42,7730,-131.0,122,1,0.9344,0.052839
DQN,deceptive_grid,2,43,7930,-244.0,200,0,0.9327,0.043887
DQN,deceptive_grid,2,44,8130,-260.0,200,0,0.931,0.048019
DQN,deceptive_grid,2,45,8204,-115.0,74,1,0.9304,0.036714
DQN,deceptive_grid,2,46,8404,-260.0,200,0,0.9287,0.041334
DQN,deceptive_grid,2,47,8456,-49.0,52,1,0.9283,0.029438
DQN,deceptive_grid,2,48,8656,-268.0,200,0,0.9266,0.062016
DQN,deceptive_grid,2,49,8727,-80.0,71,1,0.926,0.078204
DQN,deceptive_grid,2,50,8927,-248.0,200,0,0.9243,0.046165
DQN,deceptive_grid,2,51,8943,-5.0,16,1,0.9241,0.073682
DQN,deceptive_grid,2,52,8968,-34.0,25,1,0.9239,0.078276
DQN,deceptive_grid,2,53,9168,-288.0,200,0,0.9222,0.065541
DQN,deceptive_grid,2,54,9368,-268.0,200,0,0.9205,0.065886
DQN,deceptive_grid,2,55,9568,-252.0,200,0,0.9188,0.05755
DQN,deceptive_grid,2,56,9677,-142.0,109,1,0.9179,0.078082
DQN,deceptive_grid,2,57,9877,-292.0,200,0,0.9162,0.050635
DQN,deceptive_grid,2,58,10077,-300.0,200,0,0.9145,0.063338
DQN,deceptive_grid,2,59,10277,-236.0,200,0,0.9128,0.060331
DQN,deceptive_grid,2,60,10477,-296.0,200,0,0.9111,0.0678
DQN,deceptive_grid,2,61,10539,-63.0,62,1,0.9106,0.106212
DQN,deceptive_grid,2,62,10739,-220.0,200,0,0.9089,0.05354
DQN,deceptive_grid,2,63,10939,-256.0,200,0,0.9072,0.044372
DQN,deceptive_grid,2,64,11139,-260.0,200,0,0.9055,0.084261
DQN,deceptive_grid,2,65,11339,-236.0,200,0,0.9038,0.064634
DQN,deceptive_grid,2,66,11539,-240.0,200,0,0.9021,0.063586
DQN,deceptive_grid,2,67,11739,-252.0,200,0,0.9004,0.061595
DQN,deceptive_grid,2,68,11939,-264.0,200,0,0.8987,0.052711
DQN,deceptive_grid,2,69,12139,-272.0,200,0,0.897,0.078989
DQN,deceptive_grid,2,70,12339,-256.0,200,0,0.8953,0.05431
DQN,deceptive_grid,2,71,12539,-252.0,200,0,0.8936,0.066332
DQN,deceptive_grid,2,72,12739,-268.0,200,0,0.8919,0.055952
DQN,deceptive_grid,2,73,12939,-224.0,200,0,0.8902,0.058905
DQN,deceptive_grid,2,74,13139,-240.0,200,0,0.8886,0.063797
DQN,deceptive_grid,2,75,13185,-51.0,46,1,0.8882,0.032823
DQN,deceptive_grid,2,76,13385,-288.0,200,0,0.8865,0.049192
DQN,deceptive_grid,2,77,13569,-233.0,184,1,0.8849,0.075175
DQN,deceptive_grid,2,78,13698,-154.0,129,1,0.8838,0.06246
DQN,deceptive_grid,2,79,13898,-236.0,200,0,0.8821,0.059952
DQN,deceptive_grid,2,80,14098,-256.0,200,0,0.8804,0.060033
DQN,deceptive_grid,2,81,14298,-244.0,200,0,0.8787,0.079794
DQN,deceptive_grid,2,82,14498,-268.0,200,0,0.877,0.05163
DQN,deceptive_grid,2,83,14698,-228.0,200,0,0.8753,0.082897
DQN,deceptive_grid,2,84,14823,-146.0,125,1,0.8743,0.045081
DQN,deceptive_grid,2,85,15023,-280.0,200,0,0.8726,0.078636
DQN,deceptive_grid,2,86,15186,-244.0,163,1,0.8712,0.095512
DQN,deceptive_grid,2,87,15337,-188.0,151,1,0.8699,0.058656
DQN,deceptive_grid,2,88,15537,-276.0,200,0,0.8682,0.086451
DQN,deceptive_grid,2,89,15737,-240.0,200,0,0.8665,0.082617
DQN,deceptive_grid,2,90,15847,-151.0,110,1,0.8656,0.077874
DQN,deceptive_grid,2,91,16047,-260.0,200,0,0.8639,0.0851
DQN,deceptive_grid,2,92,16247,-284.0,200,0,0.8622,0.082464
DQN,deceptive_grid,2,93,16419,-185.0,172,1,0.8607,0.074719
DQN,deceptive_grid,2,94,16544,-150.0,125,1,0.8597,0.104517
DQN,deceptive_grid,2,95,16744,-272.0,200,0,0.858,0.068709
DQN,deceptive_grid,2,96,16944,-312.0,200,0,0.8563,0.08192
DQN,deceptive_grid,2,97,17144,-244.0,200,0,0.8546,0.07658
DQN,deceptive_grid,2,98,17344,-352.0,200,0,0.8529,0.071382
DQN,deceptive_grid,2,99,17544,-268.0,200,0,0.8512,0.089243
DQN,deceptive_grid,2,100,17744,-240.0,200,0,0.8495,0.072422
DQN,deceptive_grid,2,101,17944,-280.0,200,0,0.8478,0.068688
DQN,deceptive_grid,2,102,18144,-280.0,200,0,0.8461,0.088309
DQN,deceptive_grid,2,103,18261,-194.0,117,1,0.8451,0.08759
DQN,deceptive_grid,2,104,18461,-268.0,200,0,0.8434,0.079777
DQN,deceptive_grid,2,105,18661,-280.0,200,0,0.8417,0.071748
DQN,deceptive_grid,2,106,18695,-31.0,34,1,0.8414,0.063057
DQN,deceptive_grid,2,107,18895,-240.0,200,0,0.8397,0.074954
DQN,deceptive_grid,2,108,18985,-127.0,90,1,0.839,0.046244
DQN,deceptive_grid,2,109,19185,-240.0,200,0,0.8373,0.097658
DQN,deceptive_grid,2,110,19385,-264.0,200,0,0.8356,0.064338
DQN,deceptive_grid,2,111,19430,-54.0,45,1,0.8352,0.081645
DQN,deceptive_grid,2,112,19434,7.0,4,1,0.8352,0.042597
DQN,deceptive_grid,2,113,19447,-2.0,13,1,0.835,0.032691
DQN,deceptive_grid,2,114,19647,-284.0,200,0,0.8334,0.100036
DQN,deceptive_grid,2,115,19847,-248.0,200,0,0.8317,0.07905
DQN,deceptive_grid,2,116,19962,-136.0,115,1,0.8307,0.084456
DQN,deceptive_grid,2,117,20040,-79.0,78,1,0.83,0.084084
DQN,deceptive_grid,2,118,20240,-240.0,200,0,0.8283,0.086646
DQN,deceptive_grid,2,119,20440,-256.0,200,0,0.8266,0.071733
DQN,deceptive_grid,2,120,20640,-232.0,200,0,0.8249,0.073757
DQN,deceptive_grid,2,121,20660,-9.0,20,1,0.8248,0.041864
DQN,deceptive_grid,2,122,20860,-276.0,200,0,0.8231,0.104822
DQN,deceptive_grid,2,123,21060,-304.0,200,0,0.8214,0.086726
DQN,deceptive_grid,2,124,21260,-248.0,200,0,0.8197,0.096177
DQN,deceptive_grid,2,125,21375,-136.0,115,1,0.8187,0.093325
DQN,deceptive_grid,2,126,21575,-296.0,200,0,0.817,0.122936
DQN,deceptive_grid,2,127,21775,-252.0,200,0,0.8153,0.084115
DQN,deceptive_grid,2,128,21975,-244.0,200,0,0.8136,0.103366
DQN,deceptive_grid,2,129,22175,-256.0,200,0,0.8119,0.09884
DQN,deceptive_grid,2,130,22375,-268.0,200,0,0.8102,0.077652
DQN,deceptive_grid,2,131,22377,9.0,2,1,0.8102,0.347889
DQN,deceptive_grid,2,132,22402,-30.0,25,1,0.81,0.133143
DQN,deceptive_grid,2,133,22602,-256.0,200,0,0.8083,0.079058
DQN,deceptive_grid,2,134,22802,-236.0,200,0,0.8066,0.09186
DQN,deceptive_grid,2,135,23002,-228.0,200,0,0.8049,0.098807
DQN,deceptive_grid,2,136,23202,-320.0,200,0,0.8032,0.083621
DQN,deceptive_grid,2,137,23271,-78.0,69,1,0.8026,0.065129
DQN,deceptive_grid,2,138,23356,-86.0,85,1,0.8019,0.121239
DQN,deceptive_grid,2,139,23434,-127.0,78,1,0.8012,0.055283
DQN,deceptive_grid,2,140,23506,-97.0,72,1,0.8006,0.065293
DQN,deceptive_grid,2,141,23637,-188.0,131,1,0.7995,0.107219
DQN,deceptive_grid,2,142,23813,-241.0,176,1,0.798,0.116037
DQN,deceptive_grid,2,143,24013,-264.0,200,0,0.7963,0.092233
DQN,deceptive_grid,2,144,24058,-38.0,45,1,0.7959,0.13706
DQN,deceptive_grid,2,145,24083,-18.0,25,1,0.7957,0.057856
DQN,deceptive_grid,2,146,24213,-139.0,130,1,0.7946,0.116303
DQN,deceptive_grid,2,147,24383,-203.0,170,1,0.7932,0.09276
DQN,deceptive_grid,2,148,24418,-28.0,35,1,0.7929,0.101896
DQN,deceptive_grid,2,149,24484,-59.0,66,1,0.7923,0.117523
DQN,deceptive_grid,2,150,24620,-201.0,136,1,0.7912,0.104404
DQN,deceptive_grid,2,151,24820,-280.0,200,0,0.7895,0.113751
DQN,deceptive_grid,2,152,25020,-304.0,200,0,0.7878,0.098874
DQN,deceptive_grid,2,153,25220,-312.0,200,0,0.7861,0.100693
DQN,deceptive_grid,2,154,25352,-157.0,132,1,0.785,0.114199
DQN,deceptive_grid,2,155,25552,-264.0,200,0,0.7833,0.08371
DQN,deceptive_grid,2,156,25752,-212.0,200,0,0.7816,0.120197
DQN,deceptive_grid,2,157,25952,-252.0,200,0,0.7799,0.120532
DQN,deceptive_grid,2,158,26076,-145.0,124,1,0.7788,0.139474
DQN,deceptive_grid,2,159,26184,-133.0,108,1,0.7779,0.140809
DQN,deceptive_grid,2,160,26251,-80.0,67,1,0.7773,0.125898
DQN,deceptive_grid,2,161,26350,-92.0,99,1,0.7765,0.123672
DQN,deceptive_grid,2,162,26550,-312.0,200,0,0.7748,0.12917
DQN,deceptive_grid,2,163,26572,-15.0,22,1,0.7746,0.171963
DQN,deceptive_grid,2,164,26638,-71.0,66,1,0.7741,0.105322
DQN,deceptive_grid,2,165,26720,-87.0,82,1,0.7734,0.121807
DQN,deceptive_grid,2,166,26826,-135.0,106,1,0.7725,0.096431
DQN,deceptive_grid,2,167,26873,-48.0,47,1,0.7721,0.132419
DQN,deceptive_grid,2,168,26881,-5.0,8,1,0.772,0.05601
DQN,deceptive_grid,2,169,27014,-146.0,133,1,0.7709,0.148493
DQN,deceptive_grid,2,170,27214,-248.0,200,0,0.7692,0.116812
DQN,deceptive_grid,2,171,27355,-194.0,141,1,0.768,0.120242
DQN,deceptive_grid,2,172,27432,-70.0,77,1,0.7673,0.171149
DQN,deceptive_grid,2,173,27454,-15.0,22,1,0.7671,0.130282
DQN,deceptive_grid,2,174,27575,-134.0,121,1,0.7661,0.148975
DQN,deceptive_grid,2,175,27703,-137.0,128,1,0.765,0.133557
DQN,deceptive_grid,2,176,27738,-24.0,35,1,0.7647,0.105921
DQN,deceptive_grid,2,177,27938,-268.0,200,0,0.763,0.118113
DQN,deceptive_grid,2,178,28000,-59.0,62,1,0.7625,0.141171
DQN,deceptive_grid,2,179,28045,-38.0,45,1,0.7621,0.122159
DQN,deceptive_grid,2,180,28149,-101.0,104,1,0.7612,0.186454
DQN,deceptive_grid,2,181,28239,-119.0,90,1,0.7605,0.133527
DQN,deceptive_grid,2,182,28246,0.0,7,1,0.7604,0.128358
DQN,deceptive_grid,2,183,28307,-58.0,61,1,0.7599,0.1335
DQN,deceptive_grid,2,184,28463,-201.0,156,1,0.7586,0.147041
DQN,deceptive_grid,2,185,28663,-280.0,200,0,0.7569,0.158805
DQN,deceptive_grid,2,186,28863,-292.0,200,0,0.7552,0.149848
DQN,deceptive_grid,2,187,28919,-61.0,56,1,0.7547,0.128464
DQN,deceptive_grid,2,188,28967,-41.0,48,1,0.7543,0.144256
DQN,deceptive_grid,2,189,29021,-59.0,54,1,0.7538,0.193443
DQN,deceptive_grid,2,190,29221,-236.0,200,0,0.7521,0.166107
DQN,deceptive_grid,2,191,29288,-64.0,67,1,0.7516,0.153119
DQN,deceptive_grid,2,192,29386,-111.0,98,1,0.7507,0.131767
DQN,deceptive_grid,2,193,29414,-17.0,28,1,0.7505,0.103138
DQN,deceptive_grid,2,194,29501,-88.0,87,1,0.7498,0.182283
DQN,deceptive_grid,2,195,29554,-54.0,53,1,0.7493,0.195006
DQN,deceptive_grid,2,196,29754,-292.0,200,0,0.7476,0.176007
DQN,deceptive_grid,2,197,29820,-63.0,66,1,0.7471,0.128356
DQN,deceptive_grid,2,198,30020,-296.0,200,0,0.7454,0.147537
DQN,deceptive_grid,2,199,30062,-47.0,42,1,0.745,0.199595
DQN,deceptive_grid,2,200,30262,-240.0,200,0,0.7433,0.175437
DQN,deceptive_grid,2,201,30323,-66.0,61,1,0.7428,0.206609
DQN,deceptive_grid,2,202,30523,-268.0,200,0,0.7411,0.175015
DQN,deceptive_grid,2,203,30541,-7.0,18,1,0.7409,0.34143
DQN,deceptive_grid,2,204,30604,-56.0,63,1,0.7404,0.191347
DQN,deceptive_grid,2,205,30804,-252.0,200,0,0.7387,0.210715
DQN,deceptive_grid,2,206,30854,-59.0,50,1,0.7383,0.199417
DQN,deceptive_grid,2,207,30962,-129.0,108,1,0.7374,0.174405
DQN,deceptive_grid,2,208,31082,-141.0,120,1,0.7364,0.197071
DQN,deceptive_grid,2,209,31173,-120.0,91,1,0.7356,0.194998
DQN,deceptive_grid,2,210,31210,-26.0,37,1,0.7353,0.237835
DQN,deceptive_grid,2,211,31295,-102.0,85,1,0.7346,0.187529
DQN,deceptive_grid,2,212,31309,-3.0,14,1,0.7344,0.240347
DQN,deceptive_grid,2,213,31396,-92.0,87,1,0.7337,0.19546
DQN,deceptive_grid,2,214,31463,-84.0,67,1,0.7331,0.197647
DQN,deceptive_grid,2,215,31523,-65.0,60,1,0.7326,0.19606
DQN,deceptive_grid,2,216,31592,-62.0,69,1,0.732,0.230874
DQN,deceptive_grid,2,217,31601,-2.0,9,1,0.732,0.200845
DQN,deceptive_grid,2,218,31700,-104.0,99,1,0.7311,0.204212
DQN,deceptive_grid,2,219,31801,-118.0,101,1,0.7303,0.218071
DQN,deceptive_grid,2,220,31866,-66.0,65,1,0.7297,0.195281
DQN,deceptive_grid,2,221,31893,-28.0,27,1,0.7295,0.198092
DQN,deceptive_grid,2,222,32093,-292.0,200,0,0.7278,0.197147
DQN,deceptive_grid,2,223,32117,-25.0,24,1,0.7276,0.175268
DQN,deceptive_grid,2,224,32251,-147.0,134,1,0.7264,0.235582
DQN,deceptive_grid,2,225,32329,-83.0,78,1,0.7258,0.232989
DQN,deceptive_grid,2,226,32418,-118.0,89,1,0.725,0.248511
DQN,deceptive_grid,2,227,32480,-75.0,62,1,0.7245,0.22975
DQN,deceptive_grid,2,228,32533,-58.0,53,1,0.7241,0.248307
DQN,deceptive_grid,2,229,32541,-5.0,8,1,0.724,0.147585
DQN,deceptive_grid,2,230,32576,-32.0,35,1,0.7237,0.25353
DQN,deceptive_grid,2,231,32619,-36.0,43,1,0.7233,0.233778
DQN,deceptive_grid,2,232,32627,-1.0,8,1,0.7233,0.211705
DQN,deceptive_grid,2,233,32708,-74.0,81,1,0.7226,0.251796
DQN,deceptive_grid,2,234,32713,6.0,5,1,0.7225,0.403195
DQN,deceptive_grid,2,235,32787,-67.0,74,1,0.7219,0.215678
DQN,deceptive_grid,2,236,32887,-105.0,100,1,0.721,0.239649
DQN,deceptive_grid,2,237,32936,-42.0,49,1,0.7206,0.236427
DQN,deceptive_grid,2,238,32942,5.0,6,1,0.7206,0.229834
DQN,deceptive_grid,2,239,32963,-10.0,21,1,0.7204,0.313783
DQN,deceptive_grid,2,240,32995,-21.0,32,1,0.7201,0.228134
DQN,deceptive_grid,2,241,33007,-5.0,12,1,0.72,0.31573
DQN,deceptive_grid,2,242,33065,-55.0,58,1,0.7195,0.280342
DQN,deceptive_grid,2,243,33177,-113.0,112,1,0.7186,0.260321
DQN,deceptive_grid,2,244,33214,-50.0,37,1,0.7183,0.287568
DQN,deceptive_grid,2,245,33288,-67.0,74,1,0.7176,0.258787
DQN,deceptive_grid,2,246,33354,-63.0,66,1,0.7171,0.245351
DQN,deceptive_grid,2,247,33487,-154.0,133,1,0.716,0.281245
DQN,deceptive_grid,2,248,33543,-61.0,56,1,0.7155,0.276662
DQN,deceptive_grid,2,249,33658,-128.0,115,1,0.7145,0.268938
DQN,deceptive_grid,2,250,33858,-244.0,200,0,0.7128,0.246407
DQN,deceptive_grid,2,251,34058,-244.0,200,0,0.7111,0.259166
DQN,deceptive_grid,2,252,34061,8.0,3,1,0.7111,0.145561
DQN,deceptive_grid,2,253,34103,-39.0,42,1,0.7107,0.240821
DQN,deceptive_grid,2,254,34141,-35.0,38,1,0.7104,0.28434
DQN,deceptive_grid,2,255,34175,-31.0,34,1,0.7101,0.230812
DQN,deceptive_grid,2,256,34375,-272.0,200,0,0.7084,0.254685
DQN,deceptive_grid,2,257,34470,-104.0,95,1,0.7076,0.244594
DQN,deceptive_grid,2,258,34487,-14.0,17,1,0.7075,0.204602
DQN,deceptive_grid,2,259,34529,-43.0,42,1,0.7071,0.304003
DQN,deceptive_grid,2,260,34632,-108.0,103,1,0.7062,0.303635
DQN,deceptive_grid,2,261,34746,-119.0,114,1,0.7053,0.255893
DQN,deceptive_grid,2,262,34761,-8.0,15,1,0.7052,0.294454
DQN,deceptive_grid,2,263,34840,-80.0,79,1,0.7045,0.313536
DQN,deceptive_grid,2,264,35040,-276.0,200,0,0.7028,0.295224
DQN,deceptive_grid,2,265,35145,-122.0,105,1,0.7019,0.33377
DQN,deceptive_grid,2,266,35164,-20.0,19,1,0.7017,0.297972
DQN,deceptive_grid,2,267,35180,-9.0,16,1,0.7016,0.317093
DQN,deceptive_grid,2,268,35273,-94.0,93,1,0.7008,0.307334
DQN,deceptive_grid,2,269,35473,-332.0,200,0,0.6991,0.310336
DQN,deceptive_grid,2,270,35490,-14.0,17,1,0.699,0.315541
DQN,deceptive_grid,2,271,35509,-8.0,19,1,0.6988,0.393317
DQN,deceptive_grid,2,272,35554,-38.0,45,1,0.6984,0.362422
DQN,deceptive_grid,2,273,35641,-116.0,87,1,0.6977,0.333041
DQN,deceptive_grid,2,274,35660,-20.0,19,1,0.6975,0.284658
DQN,deceptive_grid,2,275,35689,-22.0,29,1,0.6973,0.348416
DQN,deceptive_grid,2,276,35889,-312.0,200,0,0.6956,0.331487
DQN,deceptive_grid,2,277,35964,-96.0,75,1,0.6949,0.355232
DQN,deceptive_grid,2,278,36083,-124.0,119,1,0.6939,0.404666
DQN,deceptive_grid,2,279,36139,-53.0,56,1,0.6935,0.393483
DQN,deceptive_grid,2,280,36176,-34.0,37,1,0.6931,0.324676
DQN,deceptive_grid,2,281,36216,-45.0,40,1,0.6928,0.395438
DQN,deceptive_grid,2,282,36289,-66.0,73,1,0.6922,0.324139
DQN,deceptive_grid,2,283,36356,-56.0,67,1,0.6916,0.352878
DQN,deceptive_grid,2,284,36505,-178.0,149,1,0.6904,0.368381
DQN,deceptive_grid,2,285,36608,-108.0,103,1,0.6895,0.443899
DQN,deceptive_grid,2,286,36615,0.0,7,1,0.6894,0.366133
DQN,deceptive_grid,2,287,36627,-1.0,12,1,0.6893,0.387946
DQN,deceptive_grid,2,288,36649,-19.0,22,1,0.6891,0.41272
DQN,deceptive_grid,2,289,36677,-25.0,28,1,0.6889,0.365541
DQN,deceptive_grid,2,290,36760,-80.0,83,1,0.6882,0.380714
DQN,deceptive_grid,2,291,36792,-25.0,32,1,0.6879,0.39165
DQN,deceptive_grid,2,292,36863,-72.0,71,1,0.6873,0.3729
DQN,deceptive_grid,2,293,36922,-68.0,59,1,0.6868,0.402667
DQN,deceptive_grid,2,294,36988,-55.0,66,1,0.6863,0.382438
DQN,deceptive_grid,2,295,37016,-17.0,28,1,0.686,0.531461
DQN,deceptive_grid,2,296,37035,-16.0,19,1,0.6859,0.537494
DQN,deceptive_grid,2,297,37107,-73.0,72,1,0.6853,0.469259
DQN,deceptive_grid,2,298,37228,-126.0,121,1,0.6842,0.402403
DQN,deceptive_grid,2,299,37309,-86.0,81,1,0.6835,0.402114
DQN,deceptive_grid,2,300,37313,7.0,4,1,0.6835,0.47329
DQN,deceptive_grid,2,301,37423,-107.0,110,1,0.6826,0.416387
DQN,deceptive_grid,2,302,37519,-113.0,96,1,0.6818,0.456726
DQN,deceptive_grid,2,303,37559,-33.0,40,1,0.6814,0.485176
DQN,deceptive_grid,2,304,37640,-90.0,81,1,0.6807,0.42307
DQN,deceptive_grid,2,305,37655,-4.0,15,1,0.6806,0.439327
DQN,deceptive_grid,2,306,37664,-6.0,9,1,0.6805,0.529681
DQN,deceptive_grid,2,307,37795,-140.0,131,1,0.6794,0.447989
DQN,deceptive_grid,2,308,37903,-117.0,108,1,0.6785,0.429477
DQN,deceptive_grid,2,309,37973,-87.0,70,1,0.6779,0.419012
DQN,deceptive_grid,2,310,38143,-239.0,170,1,0.6765,0.496296
DQN,deceptive_grid,2,311,38176,-26.0,33,1,0.6762,0.463154
DQN,deceptive_grid,2,312,38226,-39.0,50,1,0.6758,0.511491
DQN,deceptive_grid,2,313,38325,-108.0,99,1,0.6749,0.446206
DQN,deceptive_grid,2,314,38389,-73.0,64,1,0.6744,0.44345
DQN,deceptive_grid,2,315,38396,4.0,7,1,0.6743,0.543059
DQN,deceptive_grid,2,316,38442,-43.0,46,1,0.6739,0.413439
DQN,deceptive_grid,2,317,38509,-68.0,67,1,0.6734,0.477302
DQN,deceptive_grid,2,318,38551,-47.0,42,1,0.673,0.557917
DQN,deceptive_grid,2,319,38636,-86.0,85,1,0.6723,0.480764
DQN,deceptive_grid,2,320,38653,-6.0,17,1,0.6721,0.452994
DQN,deceptive_grid,2,321,38714,-54.0,61,1,0.6716,0.498836
DQN,deceptive_grid,2,322,38776,-67.0,62,1,0.6711,0.453964
DQN,deceptive_grid,2,323,38890,-135.0,114,1,0.6701,0.435118
DQN,deceptive_grid,2,324,38956,-75.0,66,1,0.6696,0.420288
DQN,deceptive_grid,2,325,39026,-79.0,70,1,0.669,0.510455
DQN,deceptive_grid,2,326,39082,-61.0,56,1,0.6685,0.471865
DQN,deceptive_grid,2,327,39148,-87.0,66,1,0.6679,0.462727
DQN,deceptive_grid,2,328,39224,-65.0,76,1,0.6673,0.460695
DQN,deceptive_grid,2,329,39292,-69.0,68,1,0.6667,0.454388
DQN,deceptive_grid,2,330,39369,-98.0,77,1,0.6661,0.476516
DQN,deceptive_grid,2,331,39473,-97.0,104,1,0.6652,0.46837
DQN,deceptive_grid,2,332,39489,-13.0,16,1,0.665,0.513129
DQN,deceptive_grid,2,333,39501,-5.0,12,1,0.6649,0.534931
DQN,deceptive_grid,2,334,39603,-99.0,102,1,0.6641,0.520375
DQN,deceptive_grid,2,335,39676,-62.0,73,1,0.6635,0.451312
DQN,deceptive_grid,2,336,39740,-77.0,64,1,0.6629,0.456269
DQN,deceptive_grid,2,337,39814,-79.0,74,1,0.6623,0.453373
DQN,deceptive_grid,2,338,39845,-36.0,31,1,0.662,0.415592
DQN,deceptive_grid,2,339,39868,-16.0,23,1,0.6618,0.488443
DQN,deceptive_grid,2,340,39939,-60.0,71,1,0.6612,0.416721
DQN,deceptive_grid,2,341,40020,-70.0,81,1,0.6605,0.51528
DQN,deceptive_grid,2,342,40084,-61.0,64,1,0.66,0.470631
DQN,deceptive_grid,2,343,40120,-25.0,36,1,0.6597,0.502087
DQN,deceptive_grid,2,344,40182,-55.0,62,1,0.6592,0.426711
DQN,deceptive_grid,2,345,40290,-109.0,108,1,0.6583,0.435849
DQN,deceptive_grid,2,346,40351,-54.0,61,1,0.6577,0.421287
DQN,deceptive_grid,2,347,40404,-54.0,53,1,0.6573,0.410464
DQN,deceptive_grid,2,348,40538,-159.0,134,1,0.6562,0.454868
DQN,deceptive_grid,2,349,40594,-53.0,56,1,0.6557,0.449287
DQN,deceptive_grid,2,350,40617,-12.0,23,1,0.6555,0.395971
DQN,deceptive_grid,2,351,40672,-44.0,55,1,0.655,0.43295
DQN,deceptive_grid,2,352,40746,-71.0,74,1,0.6544,0.415104
DQN,deceptive_grid,2,353,40794,-37.0,48,1,0.654,0.420388
DQN,deceptive_grid,2,354,40826,-21.0,32,1,0.6537,0.389441
DQN,deceptive_grid,2,355,40854,-17.0,28,1,0.6535,0.414625
DQN,deceptive_grid,2,356,40891,-26.0,37,1,0.6532,0.415407
DQN,deceptive_grid,2,357,40959,-61.0,68,1,0.6526,0.409761
DQN,deceptive_grid,2,358,41118,-192.0,159,1,0.6512,0.467195
DQN,deceptive_grid,2,359,41156,-31.0,38,1,0.6509,0.411605
DQN,deceptive_grid,2,360,41165,-2.0,9,1,0.6508,0.418405
DQN,deceptive_grid,2,361,41222,-58.0,57,1,0.6503,0.428758
DQN,deceptive_grid,2,362,41298,-73.0,76,1,0.6497,0.427267
DQN,deceptive_grid,2,363,41365,-56.0,67,1,0.6491,0.417864
DQN,deceptive_grid,2,364,41406,-30.0,41,1,0.6488,0.423984
DQN,deceptive_grid,2,365,41475,-58.0,69,1,0.6482,0.366784
DQN,deceptive_grid,2,366,41607,-129.0,132,1,0.6471,0.487907
DQN,deceptive_grid,2,367,41715,-109.0,108,1,0.6462,0.459262
DQN,deceptive_grid,2,368,41794,-80.0,79,1,0.6455,0.437061
DQN,deceptive_grid,2,369,41861,-68.0,67,1,0.6449,0.412952
DQN,deceptive_grid,2,370,41908,-36.0,47,1,0.6445,0.435201
DQN,deceptive_grid,2,371,41936,-21.0,28,1,0.6443,0.39559
DQN,deceptive_grid,2,372,41994,-47.0,58,1,0.6438,0.397186
DQN,deceptive_grid,2,373,42075,-74.0,81,1,0.6431,0.500448
DQN,deceptive_grid,2,374,42089,-3.0,14,1,0.643,0.398717
DQN,deceptive_grid,2,375,42148,-60.0,59,1,0.6425,0.412817
DQN,deceptive_grid,2,376,42247,-104.0,99,1,0.6417,0.415956
DQN,deceptive_grid,2,377,42325,-79.0,78,1,0.641,0.384998
DQN,deceptive_grid,2,378,42341,-5.0,16,1,0.6409,0.396253
DQN,deceptive_grid,2,379,42382,-30.0,41,1,0.6405,0.395387
DQN,deceptive_grid,2,380,42448,-71.0,66,1,0.64,0.384499
DQN,deceptive_grid,2,381,42462,-7.0,14,1,0.6398,0.346366
DQN,deceptive_grid,2,382,42471,-6.0,9,1,0.6398,0.443511
DQN,deceptive_grid,2,383,42489,-7.0,18,1,0.6396,0.368772
DQN,deceptive_grid,2,384,42580,-80.0,91,1,0.6388,0.506066
DQN,deceptive_grid,2,385,42658,-75.0,78,1,0.6382,0.456378
DQN,deceptive_grid,2,386,42699,-34.0,41,1,0.6378,0.447581
DQN,deceptive_grid,2,387,42747,-41.0,48,1,0.6374,0.380218
DQN,deceptive_grid,2,388,42805,-59.0,58,1,0.6369,0.371174
DQN,deceptive_grid,2,389,42899,-95.0,94,1,0.6361,0.378115
DQN,deceptive_grid,2,390,42970,-84.0,71,1,0.6355,0.375762
DQN,deceptive_grid,2,391,43037,-56.0,67,1,0.635,0.45956
DQN,deceptive_grid,2,392,43043,5.0,6,1,0.6349,0.441614
DQN,deceptive_grid,2,393,43084,-38.0,41,1,0.6346,0.452311
DQN,deceptive_grid,2,394,43139,-52.0,55,1,0.6341,0.392227
DQN,deceptive_grid,2,395,43188,-46.0,49,1,0.6337,0.408111
DQN,deceptive_grid,2,396,43325,-162.0,137,1,0.6325,0.387233
DQN,deceptive_grid,2,397,43374,-58.0,49,1,0.6321,0.374406
DQN,deceptive_grid,2,398,43449,-72.0,75,1,0.6315,0.368473
DQN,deceptive_grid,2,399,43542,-82.0,93,1,0.6307,0.452569
DQN,deceptive_grid,2,400,43594,-61.0,52,1,0.6302,0.451073
DQN,deceptive_grid,2,401,43653,-68.0,59,1,0.6297,0.397984
DQN,deceptive_grid,2,402,43785,-129.0,132,1,0.6286,0.383165
DQN,deceptive_grid,2,403,43825,-41.0,40,1,0.6283,0.389907
DQN,deceptive_grid,2,404,43897,-89.0,72,1,0.6277,0.411616
DQN,deceptive_grid,2,405,43931,-39.0,34,1,0.6274,0.386624
DQN,deceptive_grid,2,406,43980,-42.0,49,1,0.627,0.364477
DQN,deceptive_grid,2,407,44090,-107.0,110,1,0.626,0.457213
DQN,deceptive_grid,2,408,44163,-78.0,73,1,0.6254,0.412187
DQN,deceptive_grid,2,409,44172,-2.0,9,1,0.6253,0.417921
DQN,deceptive_grid,2,410,44238,-55.0,66,1,0.6248,0.419382
DQN,deceptive_grid,2,411,44297,-64.0,59,1,0.6243,0.376328
DQN,deceptive_grid,2,412,44345,-41.0,48,1,0.6239,0.385616
DQN,deceptive_grid,2,413,44377,-21.0,32,1,0.6236,0.412644
DQN,deceptive_grid,2,414,44420,-36.0,43,1,0.6232,0.36065
DQN,deceptive_grid,2,415,44430,1.0,10,1,0.6231,0.35305
DQN,deceptive_grid,2,416,44453,-16.0,23,1,0.6229,0.411051
DQN,deceptive_grid,2,417,44472,-12.0,19,1,0.6228,0.434032
DQN,deceptive_grid,2,418,44503,-24.0,31,1,0.6225,0.40865
DQN,deceptive_grid,2,419,44513,-3.0,10,1,0.6224,0.497999
DQN,deceptive_grid,2,420,44552,-28.0,39,1,0.6221,0.459077
DQN,deceptive_grid,2,421,44590,-31.0,38,1,0.6218,0.394771
DQN,deceptive_grid,2,422,44606,-17.0,16,1,0.6216,0.422267
DQN,deceptive_grid,2,423,44673,-76.0,67,1,0.6211,0.411899
DQN,deceptive_grid,2,424,44719,-39.0,46,1,0.6207,0.390399
DQN,deceptive_grid,2,425,44788,-58.0,69,1,0.6201,0.391885
DQN,deceptive_grid,2,426,44820,-37.0,32,1,0.6198,0.367872
DQN,deceptive_grid,2,427,44831,0.0,11,1,0.6197,0.406982
DQN,deceptive_grid,2,428,44855,-17.0,24,1,0.6195,0.335163
DQN,deceptive_grid,2,429,44874,-12.0,19,1,0.6194,0.358896
DQN,deceptive_grid,2,430,44915,-34.0,41,1,0.619,0.371803
DQN,deceptive_grid,2,431,44953,-27.0,38,1,0.6187,0.377403
DQN,deceptive_grid,2,432,45010,-50.0,57,1,0.6182,0.394394
DQN,deceptive_grid,2,433,45120,-127.0,110,1,0.6173,0.435057
DQN,deceptive_grid,2,434,45162,-39.0,42,1,0.6169,0.386237
DQN,deceptive_grid,2,435,45228,-63.0,66,1,0.6164,0.391112
DQN,deceptive_grid,2,436,45274,-43.0,46,1,0.616,0.402163
DQN,deceptive_grid,2,437,45372,-103.0,98,1,0.6151,0.378112
DQN,deceptive_grid,2,438,45479,-104.0,107,1,0.6142,0.382648
DQN,deceptive_grid,2,439,45573,-107.0,94,1,0.6134,0.428432
DQN,deceptive_grid,2,440,45668,-96.0,95,1,0.6126,0.411426
DQN,deceptive_grid,2,441,45775,-108.0,107,1,0.6117,0.379188
DQN,deceptive_grid,2,442,45828,-62.0,53,1,0.6113,0.403903
DQN,deceptive_grid,2,443,45888,-69.0,60,1,0.6108,0.355755
DQN,deceptive_grid,2,444,45980,-97.0,92,1,0.61,0.375214
DQN,deceptive_grid,2,445,45998,-23.0,18,1,0.6098,0.351556
DQN,deceptive_grid,2,446,46065,-60.0,67,1,0.6093,0.459448
DQN,deceptive_grid,2,447,46081,-9.0,16,1,0.6091,0.402667
DQN,deceptive_grid,2,448,46140,-60.0,59,1,0.6086,0.429365
DQN,deceptive_grid,2,449,46148,3.0,8,1,0.6086,0.418399
DQN,deceptive_grid,2,450,46161,-14.0,13,1,0.6085,0.413051
DQN,deceptive_grid,2,451,46216,-56.0,55,1,0.608,0.385226
DQN,deceptive_grid,2,452,46303,-88.0,87,1,0.6073,0.375291
DQN,deceptive_grid,2,453,46315,-1.0,12,1,0.6071,0.412129
DQN,deceptive_grid,2,454,46418,-112.0,103,1,0.6063,0.365361
DQN,deceptive_grid,2,455,46460,-51.0,42,1,0.6059,0.356574
DQN,deceptive_grid,2,456,46504,-37.0,44,1,0.6055,0.400695
DQN,deceptive_grid,2,457,46549,-38.0,45,1,0.6052,0.451188
DQN,deceptive_grid,2,458,46609,-61.0,60,1,0.6047,0.426038
DQN,deceptive_grid,2,459,46690,-82.0,81,1,0.604,0.382397
DQN,deceptive_grid,2,460,46730,-33.0,40,1,0.6036,0.397769
DQN,deceptive_grid,2,461,46792,-51.0,62,1,0.6031,0.387465
DQN,deceptive_grid,2,462,46846,-47.0,54,1,0.6026,0.355008
DQN,deceptive_grid,2,463,46920,-75.0,74,1,0.602,0.37762
DQN,deceptive_grid,2,464,46989,-78.0,69,1,0.6014,0.395345
DQN,deceptive_grid,2,465,47037,-45.0,48,1,0.601,0.425925
DQN,deceptive_grid,2,466,47124,-80.0,87,1,0.6003,0.391894
DQN,deceptive_grid,2,467,47192,-57.0,68,1,0.5997,0.379536
DQN,deceptive_grid,2,468,47240,-65.0,48,1,0.5993,0.373092
DQN,deceptive_grid,2,469,47288,-53.0,48,1,0.5989,0.365342
DQN,deceptive_grid,2,470,47347,-60.0,59,1,0.5984,0.373254
DQN,deceptive_grid,2,471,47401,-59.0,54,1,0.5979,0.357565
DQN,deceptive_grid,2,472,47443,-39.0,42,1,0.5976,0.351005
DQN,deceptive_grid,2,473,47491,-41.0,48,1,0.5972,0.349552
DQN,deceptive_grid,2,474,47553,-51.0,62,1,0.5966,0.383806
DQN,deceptive_grid,2,475,47625,-65.0,72,1,0.596,0.353364
DQN,deceptive_grid,2,476,47655,-23.0,30,1,0.5958,0.302839
DQN,deceptive_grid,2,477,47710,-48.0,55,1,0.5953,0.344847
DQN,deceptive_grid,2,478,47759,-42.0,49,1,0.5949,0.338575
DQN,deceptive_grid,2,479,47768,-2.0,9,1,0.5948,0.341796
DQN,deceptive_grid,2,480,47809,-46.0,41,1,0.5945,0.349681
DQN,deceptive_grid,2,481,47854,-50.0,45,1,0.5941,0.376887
DQN,deceptive_grid,2,482,47923,-74.0,69,1,0.5935,0.321928
DQN,deceptive_grid,2,483,47943,-9.0,20,1,0.5933,0.339112
DQN,deceptive_grid,2,484,47966,-16.0,23,1,0.5931,0.310047
DQN,deceptive_grid,2,485,48001,-28.0,35,1,0.5928,0.314766
DQN,deceptive_grid,2,486,48046,-34.0,45,1,0.5925,0.380561
DQN,deceptive_grid,2,487,48076,-23.0,30,1,0.5922,0.361383
DQN,deceptive_grid,2,488,48132,-57.0,56,1,0.5917,0.356743
DQN,deceptive_grid,2,489,48162,-19.0,30,1,0.5915,0.348895
DQN,deceptive_grid,2,490,48261,-104.0,99,1,0.5906,0.344881
DQN,deceptive_grid,2,491,48304,-32.0,43,1,0.5903,0.344849
DQN,deceptive_grid,2,492,48331,-28.0,27,1,0.59,0.364616
DQN,deceptive_grid,2,493,48385,-51.0,54,1,0.5896,0.33337
DQN,deceptive_grid,2,494,48437,-45.0,52,1,0.5892,0.320267
DQN,deceptive_grid,2,495,48513,-77.0,76,1,0.5885,0.337317
DQN,deceptive_grid,2,496,48565,-41.0,52,1,0.5881,0.327945
DQN,deceptive_grid,2,497,48572,4.0,7,1,0.588,0.348589
DQN,deceptive_grid,2,498,48621,-38.0,49,1,0.5876,0.320477
DQN,deceptive_grid,2,499,48635,-11.0,14,1,0.5875,0.290943
DQN,deceptive_grid,2,500,48687,-49.0,52,1,0.587,0.293672
DQN,deceptive_grid,2,501,48750,-56.0,63,1,0.5865,0.311387
DQN,deceptive_grid,2,502,48808,-59.0,58,1,0.586,0.307723
DQN,deceptive_grid,2,503,48820,-5.0,12,1,0.5859,0.280792
DQN,deceptive_grid,2,504,48881,-50.0,61,1,0.5854,0.292927
DQN,deceptive_grid,2,505,48920,-32.0,39,1,0.5851,0.310795
DQN,deceptive_grid,2,506,48957,-30.0,37,1,0.5847,0.298516
DQN,deceptive_grid,2,507,48997,-33.0,40,1,0.5844,0.301775
DQN,deceptive_grid,2,508,49077,-89.0,80,1,0.5837,0.365712
DQN,deceptive_grid,2,509,49108,-20.0,31,1,0.5835,0.27035
DQN,deceptive_grid,2,510,49175,-56.0,67,1,0.5829,0.275139
DQN,deceptive_grid,2,511,49234,-52.0,59,1,0.5824,0.314548
DQN,deceptive_grid,2,512,49279,-34.0,45,1,0.582,0.269944
DQN,deceptive_grid,2,513,49349,-59.0,70,1,0.5814,0.28068
DQN,deceptive_grid,2,514,49436,-76.0,87,1,0.5807,0.276544
DQN,deceptive_grid,2,515,49485,-46.0,49,1,0.5803,0.319387
DQN,deceptive_grid,2,516,49502,-6.0,17,1,0.5801,0.33008
DQN,deceptive_grid,2,517,49532,-27.0,30,1,0.5799,0.371012
DQN,deceptive_grid,2,518,49595,-72.0,63,1,0.5793,0.297496
DQN,deceptive_grid,2,519,49603,-1.0,8,1,0.5793,0.279266
DQN,deceptive_grid,2,520,49645,-35.0,42,1,0.5789,0.288553
DQN,deceptive_grid,2,521,49758,-102.0,113,1,0.5779,0.26159
DQN,deceptive_grid,2,522,49813,-48.0,55,1,0.5775,0.256346
DQN,deceptive_grid,2,523,49890,-70.0,77,1,0.5768,0.224841
DQN,deceptive_grid,2,524,49938,-37.0,48,1,0.5764,0.259363
DQN,deceptive_grid,2,525,49945,4.0,7,1,0.5764,0.253754
DQN,deceptive_grid,2,526,49957,-1.0,12,1,0.5763,0.233585
DQN,deceptive_grid,2,527,50023,-67.0,66,1,0.5757,0.27087
DQN,deceptive_grid,2,528,50061,-31.0,38,1,0.5754,0.325036
DQN,deceptive_grid,2,529,50086,-18.0,25,1,0.5752,0.285428
DQN,deceptive_grid,2,530,50143,-50.0,57,1,0.5747,0.25545
DQN,deceptive_grid,2,531,50183,-29.0,40,1,0.5743,0.275365
DQN,deceptive_grid,2,532,50264,-82.0,81,1,0.5737,0.22056
DQN,deceptive_grid,2,533,50274,1.0,10,1,0.5736,0.246219
DQN,deceptive_grid,2,534,50294,-9.0,20,1,0.5734,0.231859
DQN,deceptive_grid,2,535,50348,-47.0,54,1,0.5729,0.230325
DQN,deceptive_grid,2,536,50382,-23.0,34,1,0.5727,0.234809
DQN,deceptive_grid,2,537,50423,-34.0,41,1,0.5723,0.21338
DQN,deceptive_grid,2,538,50457,-23.0,34,1,0.572,0.259985
DQN,deceptive_grid,2,539,50523,-63.0,66,1,0.5715,0.288036
DQN,deceptive_grid,2,540,50564,-34.0,41,1,0.5711,0.276008
DQN,deceptive_grid,2,541,50584,-9.0,20,1,0.5709,0.246065
DQN,deceptive_grid,2,542,50659,-72.0,75,1,0.5703,0.258582
DQN,deceptive_grid,2,543,50757,-91.0,98,1,0.5695,0.226697
DQN,deceptive_grid,2,544,50851,-99.0,94,1,0.5687,0.220724
DQN,deceptive_grid,2,545,50949,-87.0,98,1,0.5678,0.213064
DQN,deceptive_grid,2,546,50976,-16.0,27,1,0.5676,0.22785
DQN,deceptive_grid,2,547,51033,-46.0,57,1,0.5671,0.284544
DQN,deceptive_grid,2,548,51087,-59.0,54,1,0.5667,0.221852
DQN,deceptive_grid,2,549,51117,-27.0,30,1,0.5664,0.202255
DQN,deceptive_grid,2,550,51183,-71.0,66,1,0.5659,0.206961
DQN,deceptive_grid,2,551,51212,-22.0,29,1,0.5656,0.202191
DQN,deceptive_grid,2,552,51215,8.0,3,1,0.5656,0.164236
DQN,deceptive_grid,2,553,51289,-83.0,74,1,0.565,0.202627
DQN,deceptive_grid,2,554,51378,-90.0,89,1,0.5642,0.19667
DQN,deceptive_grid,2,555,51430,-41.0,52,1,0.5638,0.186833
DQN,deceptive_grid,2,556,51471,-34.0,41,1,0.5634,0.206955
DQN,deceptive_grid,2,557,51525,-47.0,54,1,0.563,0.246649
DQN,deceptive_grid,2,558,51573,-41.0,48,1,0.5626,0.222898
DQN,deceptive_grid,2,559,51621,-37.0,48,1,0.5621,0.213748
DQN,deceptive_grid,2,560,51697,-73.0,76,1,0.5615,0.190593
DQN,deceptive_grid,2,561,51733,-37.0,36,1,0.5612,0.186918
DQN,deceptive_grid,2,562,51765,-21.0,32,1,0.5609,0.182739
DQN,deceptive_grid,2,563,51798,-22.0,33,1,0.5606,0.17723
DQN,deceptive_grid,2,564,51814,-13.0,16,1,0.5605,0.203244
DQN,deceptive_grid,2,565,51866,-57.0,52,1,0.5601,0.19545
DQN,deceptive_grid,2,566,51890,-13.0,24,1,0.5599,0.204578
DQN,deceptive_grid,2,567,51904,-11.0,14,1,0.5597,0.17869
DQN,deceptive_grid,2,568,51927,-12.0,23,1,0.5595,0.191304
DQN,deceptive_grid,2,569,51933,5.0,6,1,0.5595,0.198132
DQN,deceptive_grid,2,570,51993,-49.0,60,1,0.559,0.172907
DQN,deceptive_grid,2,571,52079,-83.0,86,1,0.5583,0.223353
DQN,deceptive_grid,2,572,52123,-37.0,44,1,0.5579,0.181069
DQN,deceptive_grid,2,573,52176,-46.0,53,1,0.5574,0.185504
DQN,deceptive_grid,2,574,52270,-103.0,94,1,0.5566,0.170561
DQN,deceptive_grid,2,575,52288,-11.0,18,1,0.5565,0.157673
DQN,deceptive_grid,2,576,52332,-45.0,44,1,0.5561,0.154445
DQN,deceptive_grid,2,577,52369,-30.0,37,1,0.5558,0.145692
DQN,deceptive_grid,2,578,52389,-13.0,20,1,0.5556,0.146995
DQN,deceptive_grid,2,579,52464,-76.0,75,1,0.555,0.162684
DQN,deceptive_grid,2,580,52542,-75.0,78,1,0.5543,0.185709
DQN,deceptive_grid,2,581,52690,-185.0,148,1,0.5531,0.166244
DQN,deceptive_grid,2,582,52730,-33.0,40,1,0.5527,0.165789
DQN,deceptive_grid,2,583,52758,-25.0,28,1,0.5525,0.152121
DQN,deceptive_grid,2,584,52816,-51.0,58,1,0.552,0.161938
DQN,deceptive_grid,2,585,52874,-59.0,58,1,0.5515,0.145802
DQN,deceptive_grid,2,586,52928,-47.0,54,1,0.5511,0.146082
DQN,deceptive_grid,2,587,52948,-9.0,20,1,0.5509,0.145341
DQN,deceptive_grid,2,588,52996,-49.0,48,1,0.5505,0.160063
DQN,deceptive_grid,2,589,53053,-50.0,57,1,0.55,0.166281
DQN,deceptive_grid,2,590,53114,-58.0,61,1,0.5495,0.132683
DQN,deceptive_grid,2,591,53133,-8.0,19,1,0.5493,0.135622
DQN,deceptive_grid,2,592,53182,-38.0,49,1,0.5489,0.136887
DQN,deceptive_grid,2,593,53238,-45.0,56,1,0.5484,0.139245
DQN,deceptive_grid,2,594,53292,-43.0,54,1,0.548,0.134038
DQN,deceptive_grid,2,595,53352,-61.0,60,1,0.5475,0.121248
DQN,deceptive_grid,2,596,53398,-35.0,46,1,0.5471,0.110785
DQN,deceptive_grid,2,597,53542,-177.0,144,1,0.5458,0.131658
DQN,deceptive_grid,2,598,53554,-1.0,12,1,0.5457,0.101262
DQN,deceptive_grid,2,599,53678,-137.0,124,1,0.5447,0.114948
DQN,deceptive_grid,2,600,53686,3.0,8,1,0.5446,0.115942
DQN,deceptive_grid,2,601,53731,-50.0,45,1,0.5442,0.115755
DQN,deceptive_grid,2,602,53767,-33.0,36,1,0.5439,0.118382
DQN,deceptive_grid,2,603,53809,-55.0,42,1,0.5436,0.109547
DQN,deceptive_grid,2,604,53831,-19.0,22,1,0.5434,0.111028
DQN,deceptive_grid,2,605,53847,-5.0,16,1,0.5433,0.117898
DQN,deceptive_grid,2,606,53885,-27.0,38,1,0.5429,0.103607
DQN,deceptive_grid,2,607,53900,-4.0,15,1,0.5428,0.090053
DQN,deceptive_grid,2,608,54100,-264.0,200,0,0.5411,0.108842
DQN,deceptive_grid,2,609,54146,-51.0,46,1,0.5407,0.096786
DQN,deceptive_grid,2,610,54149,8.0,3,1,0.5407,0.108497
DQN,deceptive_grid,2,611,54164,-8.0,15,1,0.5406,0.102599
DQN,deceptive_grid,2,612,54172,3.0,8,1,0.5405,0.085395
DQN,deceptive_grid,2,613,54372,-268.0,200,0,0.5388,0.092498
DQN,deceptive_grid,2,614,54407,-28.0,35,1,0.5385,0.090164
DQN,deceptive_grid,2,615,54477,-67.0,70,1,0.5379,0.083463
DQN,deceptive_grid,2,616,54615,-163.0,138,1,0.5367,0.090841
DQN,deceptive_grid,2,617,54631,-5.0,16,1,0.5366,0.0891
DQN,deceptive_grid,2,618,54704,-66.0,73,1,0.536,0.07869
DQN,deceptive_grid,2,619,54880,-225.0,176,1,0.5345,0.080145
DQN,deceptive_grid,2,620,54899,-16.0,19,1,0.5343,0.088564
DQN,deceptive_grid,2,621,54912,-10.0,13,1,0.5342,0.083232
DQN,deceptive_grid,2,622,55002,-103.0,90,1,0.5335,0.075441
DQN,deceptive_grid,2,623,55053,-48.0,51,1,0.533,0.102006
DQN,deceptive_grid,2,624,55069,-5.0,16,1,0.5329,0.100392
DQN,deceptive_grid,2,625,55071,9.0,2,1,0.5329,0.115321
DQN,deceptive_grid,2,626,55179,-121.0,108,1,0.532,0.076098
DQN,deceptive_grid,2,627,55232,-54.0,53,1,0.5315,0.080876
DQN,deceptive_grid,2,628,55256,-13.0,24,1,0.5313,0.077022
DQN,deceptive_grid,2,629,55295,-32.0,39,1,0.531,0.070311
DQN,deceptive_grid,2,630,55340,-42.0,45,1,0.5306,0.073903
DQN,deceptive_grid,2,631,55446,-103.0,106,1,0.5297,0.068355
DQN,deceptive_grid,2,632,55479,-38.0,33,1,0.5294,0.072698
DQN,deceptive_grid,2,633,55480,10.0,1,1,0.5294,0.071513
DQN,deceptive_grid,2,634,55494,-3.0,14,1,0.5293,0.065644
DQN,deceptive_grid,2,635,55522,-25.0,28,1,0.5291,0.100489
DQN,deceptive_grid,2,636,55563,-30.0,41,1,0.5287,0.088977
DQN,deceptive_grid,2,637,55597,-27.0,34,1,0.5284,0.081032
DQN,deceptive_grid,2,638,55622,-18.0,25,1,0.5282,0.074672
DQN,deceptive_grid,2,639,55651,-26.0,29,1,0.528,0.067799
DQN,deceptive_grid,2,640,55659,3.0,8,1,0.5279,0.064767
DQN,deceptive_grid,2,641,55671,-1.0,12,1,0.5278,0.065391
DQN,deceptive_grid,2,642,55704,-22.0,33,1,0.5275,0.064618
DQN,deceptive_grid,2,643,55731,-16.0,27,1,0.5273,0.071273
DQN,deceptive_grid,2,644,55773,-31.0,42,1,0.5269,0.071737
DQN,deceptive_grid,2,645,55811,-39.0,38,1,0.5266,0.069383
DQN,deceptive_grid,2,646,55824,-2.0,13,1,0.5265,0.060993
DQN,deceptive_grid,2,647,55850,-19.0,26,1,0.5263,0.066577
DQN,deceptive_grid,2,648,55881,-28.0,31,1,0.526,0.066829
DQN,deceptive_grid,2,649,55902,-14.0,21,1,0.5258,0.065525
DQN,deceptive_grid,2,650,55962,-53.0,60,1,0.5253,0.067498
DQN,deceptive_grid,2,651,56008,-39.0,46,1,0.5249,0.068491
DQN,deceptive_grid,2,652,56034,-19.0,26,1,0.5247,0.082607
DQN,deceptive_grid,2,653,56051,-10.0,17,1,0.5246,0.066249
DQN,deceptive_grid,2,654,56053,9.0,2,1,0.5246,0.062131
DQN,deceptive_grid,2,655,56087,-43.0,34,1,0.5243,0.071523
DQN,deceptive_grid,2,656,56110,-20.0,23,1,0.5241,0.072357
DQN,deceptive_grid,2,657,56144,-31.0,34,1,0.5238,0.062282
DQN,deceptive_grid,2,658,56169,-30.0,25,1,0.5236,0.059562
DQN,deceptive_grid,2,659,56176,4.0,7,1,0.5235,0.055617
DQN,deceptive_grid,2,660,56182,1.0,6,1,0.5235,0.060253
DQN,deceptive_grid,2,661,56246,-81.0,64,1,0.5229,0.066448
DQN,deceptive_grid,2,662,56314,-69.0,68,1,0.5223,0.060703
DQN,deceptive_grid,2,663,56377,-64.0,63,1,0.5218,0.065315
DQN,deceptive_grid,2,664,56442,-58.0,65,1,0.5213,0.063425
DQN,deceptive_grid,2,665,56518,-97.0,76,1,0.5206,0.063466
DQN,deceptive_grid,2,666,56523,6.0,5,1,0.5206,0.083713
DQN,deceptive_grid,2,667,56533,-11.0,10,1,0.5205,0.077401
DQN,deceptive_grid,2,668,56564,-20.0,31,1,0.5202,0.076753
DQN,deceptive_grid,2,669,56577,-10.0,13,1,0.5201,0.070905
DQN,deceptive_grid,2,670,56612,-40.0,35,1,0.5198,0.070909
DQN,deceptive_grid,2,671,56630,-7.0,18,1,0.5197,0.078401
DQN,deceptive_grid,2,672,56674,-37.0,44,1,0.5193,0.077601
DQN,deceptive_grid,2,673,56722,-37.0,48,1,0.5189,0.06805
DQN,deceptive_grid,2,674,56751,-22.0,29,1,0.5186,0.064728
DQN,deceptive_grid,2,675,56779,-17.0,28,1,0.5184,0.057877
DQN,deceptive_grid,2,676,56800,-14.0,21,1,0.5182,0.064292
DQN,deceptive_grid,2,677,56830,-19.0,30,1,0.518,0.064519
DQN,deceptive_grid,2,678,56878,-49.0,48,1,0.5176,0.062501
DQN,deceptive_grid,2,679,56900,-11.0,22,1,0.5174,0.058598
DQN,deceptive_grid,2,680,56908,3.0,8,1,0.5173,0.056507
DQN,deceptive_grid,2,681,56933,-18.0,25,1,0.5171,0.054628
DQN,deceptive_grid,2,682,56958,-18.0,25,1,0.5169,0.056796
DQN,deceptive_grid,2,683,56961,8.0,3,1,0.5168,0.064794
DQN,deceptive_grid,2,684,56974,-2.0,13,1,0.5167,0.054737
DQN,deceptive_grid,2,685,57019,-38.0,45,1,0.5164,0.069928
DQN,deceptive_grid,2,686,57068,-42.0,49,1,0.5159,0.067472
DQN,deceptive_grid,2,687,57081,-2.0,13,1,0.5158,0.078245
DQN,deceptive_grid,2,688,57098,-6.0,17,1,0.5157,0.069204
DQN,deceptive_grid,2,689,57134,-29.0,36,1,0.5154,0.071962
DQN,deceptive_grid,2,690,57164,-23.0,30,1,0.5151,0.064015
DQN,deceptive_grid,2,691,57174,-3.0,10,1,0.515,0.06165
DQN,deceptive_grid,2,692,57202,-21.0,28,1,0.5148,0.060645
DQN,deceptive_grid,2,693,57204,9.0,2,1,0.5148,0.072726
DQN,deceptive_grid,2,694,57245,-42.0,41,1,0.5144,0.065127
DQN,deceptive_grid,2,695,57268,-12.0,23,1,0.5142,0.067372
DQN,deceptive_grid,2,696,57355,-84.0,87,1,0.5135,0.060797
DQN,deceptive_grid,2,697,57390,-24.0,35,1,0.5132,0.059647
DQN,deceptive_grid,2,698,57433,-40.0,43,1,0.5128,0.061781
DQN,deceptive_grid,2,699,57453,-25.0,20,1,0.5127,0.05648
DQN,deceptive_grid,2,700,57531,-67.0,78,1,0.512,0.07073
DQN,deceptive_grid,2,701,57536,6.0,5,1,0.512,0.05948
DQN,deceptive_grid,2,702,57559,-12.0,23,1,0.5118,0.071462
DQN,deceptive_grid,2,703,57605,-51.0,46,1,0.5114,0.067515
DQN,deceptive_grid,2,704,57630,-14.0,25,1,0.5112,0.067473
DQN,deceptive_grid,2,705,57667,-38.0,37,1,0.5109,0.067508
DQN,deceptive_grid,2,706,57715,-49.0,48,1,0.5105,0.061167
DQN,deceptive_grid,2,707,57731,-9.0,16,1,0.5103,0.056979
DQN,deceptive_grid,2,708,57740,2.0,9,1,0.5102,0.06739
DQN,deceptive_grid,2,709,57775,-24.0,35,1,0.5099,0.056263
DQN,deceptive_grid,2,710,57787,-1.0,12,1,0.5098,0.054757
DQN,deceptive_grid,2,711,57852,-74.0,65,1,0.5093,0.056106
DQN,deceptive_grid,2,712,57877,-26.0,25,1,0.5091,0.057697
DQN,deceptive_grid,2,713,57896,-8.0,19,1,0.5089,0.054314
DQN,deceptive_grid,2,714,57928,-25.0,32,1,0.5086,0.055335
DQN,deceptive_grid,2,715,57946,-11.0,18,1,0.5085,0.052543
DQN,deceptive_grid,2,716,57967,-18.0,21,1,0.5083,0.046778
DQN,deceptive_grid,2,717,57982,-12.0,15,1,0.5082,0.048999
DQN,deceptive_grid,2,718,58002,-9.0,20,1,0.508,0.049945
DQN,deceptive_grid,2,719,58019,-10.0,17,1,0.5079,0.078034
DQN,deceptive_grid,2,720,58045,-19.0,26,1,0.5077,0.074815
DQN,deceptive_grid,2,721,58057,-1.0,12,1,0.5076,0.079422
DQN,deceptive_grid,2,722,58066,-2.0,9,1,0.5075,0.069165
DQN,deceptive_grid,2,723,58086,-9.0,20,1,0.5073,0.061559
DQN,deceptive_grid,2,724,58133,-40.0,47,1,0.5069,0.058532
DQN,deceptive_grid,2,725,58174,-38.0,41,1,0.5066,0.070457
DQN,deceptive_grid,2,726,58178,3.0,4,1,0.5065,0.060235
DQN,deceptive_grid,2,727,58195,-6.0,17,1,0.5064,0.063177
DQN,deceptive_grid,2,728,58210,-4.0,15,1,0.5063,0.063344
DQN,deceptive_grid,2,729,58252,-31.0,42,1,0.5059,0.061117
DQN,deceptive_grid,2,730,58335,-88.0,83,1,0.5052,0.055946
DQN,deceptive_grid,2,731,58379,-33.0,44,1,0.5048,0.04899
DQN,deceptive_grid,2,732,58395,-13.0,16,1,0.5047,0.050505
DQN,deceptive_grid,2,733,58407,-9.0,12,1,0.5046,0.04382
DQN,deceptive_grid,2,734,58423,-9.0,16,1,0.5044,0.051447
DQN,deceptive_grid,2,735,58438,-8.0,15,1,0.5043,0.060573
DQN,deceptive_grid,2,736,58449,0.0,11,1,0.5042,0.05144
DQN,deceptive_grid,2,737,58461,-1.0,12,1,0.5041,0.048166
DQN,deceptive_grid,2,738,58465,7.0,4,1,0.5041,0.069463
DQN,deceptive_grid,2,739,58498,-22.0,33,1,0.5038,0.05192
DQN,deceptive_grid,2,740,58529,-20.0,31,1,0.5035,0.092977
DQN,deceptive_grid,2,741,58547,-11.0,18,1,0.5034,0.080063
DQN,deceptive_grid,2,742,58590,-48.0,43,1,0.503,0.072674
DQN,deceptive_grid,2,743,58600,1.0,10,1,0.5029,0.071789
DQN,deceptive_grid,2,744,58607,4.0,7,1,0.5029,0.056334
DQN,deceptive_grid,2,745,58609,9.0,2,1,0.5029,0.044627
DQN,deceptive_grid,2,746,58643,-23.0,34,1,0.5026,0.060484
DQN,deceptive_grid,2,747,58693,-43.0,50,1,0.5022,0.058272
DQN,deceptive_grid,2,748,58720,-20.0,27,1,0.5019,0.060727
DQN,deceptive_grid,2,749,58749,-18.0,29,1,0.5017,0.058443
DQN,deceptive_grid,2,750,58753,3.0,4,1,0.5016,0.048788
DQN,deceptive_grid,2,751,58766,-14.0,13,1,0.5015,0.052472
DQN,deceptive_grid,2,752,58781,-4.0,15,1,0.5014,0.072084
DQN,deceptive_grid,2,753,58795,-3.0,14,1,0.5013,0.062075
DQN,deceptive_grid,2,754,58807,-1.0,12,1,0.5012,0.058326
DQN,deceptive_grid,2,755,58826,-20.0,19,1,0.501,0.059427
DQN,deceptive_grid,2,756,58843,-10.0,17,1,0.5009,0.054632
DQN,deceptive_grid,2,757,58867,-13.0,24,1,0.5007,0.059944
DQN,deceptive_grid,2,758,58904,-34.0,37,1,0.5004,0.050542
DQN,deceptive_grid,2,759,58950,-39.0,46,1,0.5,0.054107
DQN,deceptive_grid,2,760,58966,-5.0,16,1,0.4998,0.0578
DQN,deceptive_grid,2,761,59016,-39.0,50,1,0.4994,0.063558
DQN,deceptive_grid,2,762,59040,-13.0,24,1,0.4992,0.089338
DQN,deceptive_grid,2,763,59083,-44.0,43,1,0.4988,0.067722
DQN,deceptive_grid,2,764,59112,-18.0,29,1,0.4986,0.067554
DQN,deceptive_grid,2,765,59182,-71.0,70,1,0.498,0.065777
DQN,deceptive_grid,2,766,59226,-33.0,44,1,0.4976,0.064791
DQN,deceptive_grid,2,767,59235,2.0,9,1,0.4976,0.067031
DQN,deceptive_grid,2,768,59299,-53.0,64,1,0.497,0.062289
DQN,deceptive_grid,2,769,59338,-28.0,39,1,0.4967,0.064445
DQN,deceptive_grid,2,770,59375,-26.0,37,1,0.4964,0.06094
DQN,deceptive_grid,2,771,59405,-27.0,30,1,0.4961,0.05297
DQN,deceptive_grid,2,772,59413,3.0,8,1,0.4961,0.068491
DQN,deceptive_grid,2,773,59445,-33.0,32,1,0.4958,0.066506
DQN,deceptive_grid,2,774,59485,-41.0,40,1,0.4954,0.054479
DQN,deceptive_grid,2,775,59527,-35.0,42,1,0.4951,0.072344
DQN,deceptive_grid,2,776,59567,-33.0,40,1,0.4947,0.072218
DQN,deceptive_grid,2,777,59576,2.0,9,1,0.4947,0.065601
DQN,deceptive_grid,2,778,59623,-48.0,47,1,0.4943,0.064511
DQN,deceptive_grid,2,779,59647,-13.0,24,1,0.4941,0.056833
DQN,deceptive_grid,2,780,59685,-27.0,38,1,0.4937,0.061651
DQN,deceptive_grid,2,781,59729,-45.0,44,1,0.4934,0.063837
DQN,deceptive_grid,2,782,59791,-59.0,62,1,0.4928,0.064039
DQN,deceptive_grid,2,783,59807,-9.0,16,1,0.4927,0.048874
DQN,deceptive_grid,2,784,59822,-8.0,15,1,0.4926,0.052695
DQN,deceptive_grid,2,785,59859,-34.0,37,1,0.4923,0.05665
DQN,deceptive_grid,2,786,59863,7.0,4,1,0.4922,0.036413
DQN,deceptive_grid,2,787,59904,-38.0,41,1,0.4919,0.064087
DQN,deceptive_grid,2,788,59956,-41.0,52,1,0.4914,0.055975
DQN,deceptive_grid,2,789,59990,-31.0,34,1,0.4912,0.05034
DQN,deceptive_grid,2,790,59993,8.0,3,1,0.4911,0.046984
DQN,deceptive_grid,2,791,60007,-15.0,14,1,0.491,0.075475
DQN,deceptive_grid,2,792,60027,-13.0,20,1,0.4908,0.083703
DQN,deceptive_grid,2,793,60036,-2.0,9,1,0.4908,0.091239
DQN,deceptive_grid,2,794,60068,-29.0,32,1,0.4905,0.081647
DQN,deceptive_grid,2,795,60125,-46.0,57,1,0.49,0.072278
DQN,deceptive_grid,2,796,60160,-24.0,35,1,0.4897,0.072704
DQN,deceptive_grid,2,797,60161,10.0,1,1,0.4897,0.047498
DQN,deceptive_grid,2,798,60177,-9.0,16,1,0.4896,0.07347
DQN,deceptive_grid,2,799,60208,-20.0,31,1,0.4893,0.059631
DQN,deceptive_grid,2,800,60231,-16.0,23,1,0.4891,0.068761
DuelingDQN,deceptive_grid,2,1,200,-296.0,200,0,0.9983,
DuelingDQN,deceptive_grid,2,2,400,-296.0,200,0,0.9966,
DuelingDQN,deceptive_grid,2,3,600,-288.0,200,0,0.9949,
DuelingDQN,deceptive_grid,2,4,800,-244.0,200,0,0.9932,
DuelingDQN,deceptive_grid,2,5,1000,-280.0,200,0,0.9915,0.808021
DuelingDQN,deceptive_grid,2,6,1200,-300.0,200,0,0.9898,0.125236
DuelingDQN,deceptive_grid,2,7,1400,-248.0,200,0,0.9881,0.00776
DuelingDQN,deceptive_grid,2,8,1600,-240.0,200,0,0.9864,0.018411
DuelingDQN,deceptive_grid,2,9,1800,-220.0,200,0,0.9847,0.001327
DuelingDQN,deceptive_grid,2,10,2000,-284.0,200,0,0.983,0.004862
DuelingDQN,deceptive_grid,2,11,2198,-275.0,198,1,0.9814,0.017739
DuelingDQN,deceptive_grid,2,12,2398,-244.0,200,0,0.9797,0.006473
DuelingDQN,deceptive_grid,2,13,2440,-51.0,42,1,0.9793,0.005777
DuelingDQN,deceptive_grid,2,14,2640,-276.0,200,0,0.9776,0.028408
DuelingDQN,deceptive_grid,2,15,2840,-316.0,200,0,0.9759,0.012919
DuelingDQN,deceptive_grid,2,16,3040,-256.0,200,0,0.9742,0.02516
DuelingDQN,deceptive_grid,2,17,3240,-232.0,200,0,0.9725,0.015718
DuelingDQN,deceptive_grid,2,18,3440,-276.0,200,0,0.9708,0.011958
DuelingDQN,deceptive_grid,2,19,3640,-276.0,200,0,0.9691,0.026857
DuelingDQN,deceptive_grid,2,20,3840,-276.0,200,0,0.9674,0.007163
DuelingDQN,deceptive_grid,2,21,4040,-232.0,200,0,0.9657,0.026978
DuelingDQN,deceptive_grid,2,22,4236,-253.0,196,1,0.9641,0.013072
DuelingDQN,deceptive_grid,2,23,4436,-268.0,200,0,0.9624,0.010288
DuelingDQN,deceptive_grid,2,24,4636,-312.0,200,0,0.9607,0.03259
DuelingDQN,deceptive_grid,2,25,4836,-284.0,200,0,0.959,0.016224
DuelingDQN,deceptive_grid,2,26,5036,-280.0,200,0,0.9573,0.029039
DuelingDQN,deceptive_grid,2,27,5236,-284.0,200,0,0.9556,0.030454
DuelingDQN,deceptive_grid,2,28,5436,-272.0,200,0,0.9539,0.016722
DuelingDQN,deceptive_grid,2,29,5636,-300.0,200,0,0.9522,0.050005
DuelingDQN,deceptive_grid,2,30,5836,-232.0,200,0,0.9505,0.027666
DuelingDQN,deceptive_grid,2,31,6036,-256.0,200,0,0.9488,0.039872
DuelingDQN,deceptive_grid,2,32,6236,-244.0,200,0,0.9471,0.038601
DuelingDQN,deceptive_grid,2,33,6385,-210.0,149,1,0.9458,0.02256
DuelingDQN,deceptive_grid,2,34,6482,-114.0,97,1,0.945,0.028096
DuelingDQN,deceptive_grid,2,35,6492,-11.0,10,1,0.9449,0.047396
DuelingDQN,deceptive_grid,2,36,6681,-222.0,189,1,0.9433,0.114355
DuelingDQN,deceptive_grid,2,37,6881,-232.0,200,0,0.9416,0.028484
DuelingDQN,deceptive_grid,2,38,7081,-236.0,200,0,0.9399,0.079881
DuelingDQN,deceptive_grid,2,39,7281,-268.0,200,0,0.9383,0.032512
DuelingDQN,deceptive_grid,2,40,7481,-260.0,200,0,0.9366,0.014478
DuelingDQN,deceptive_grid,2,41,7681,-264.0,200,0,0.9349,0.119744
DuelingDQN,deceptive_grid,2,42,7881,-268.0,200,0,0.9332,0.030981
DuelingDQN,deceptive_grid,2,43,8054,-210.0,173,1,0.9317,0.11427
DuelingDQN,deceptive_grid,2,44,8254,-332.0,200,0,0.93,0.055372
DuelingDQN,deceptive_grid,2,45,8454,-248.0,200,0,0.9283,0.022124
DuelingDQN,deceptive_grid,2,46,8654,-240.0,200,0,0.9266,0.128272
DuelingDQN,deceptive_grid,2,47,8854,-272.0,200,0,0.9249,0.035381
DuelingDQN,deceptive_grid,2,48,8897,-32.0,43,1,0.9245,0.015787
DuelingDQN,deceptive_grid,2,49,8952,-48.0,55,1,0.9241,0.015611
DuelingDQN,deceptive_grid,2,50,9152,-236.0,200,0,0.9224,0.119451
DuelingDQN,deceptive_grid,2,51,9185,-34.0,33,1,0.9221,0.041134
DuelingDQN,deceptive_grid,2,52,9385,-260.0,200,0,0.9204,0.020741
DuelingDQN,deceptive_grid,2,53,9585,-204.0,200,0,0.9187,0.102271
DuelingDQN,deceptive_grid,2,54,9785,-268.0,200,0,0.917,0.043477
DuelingDQN,deceptive_grid,2,55,9985,-248.0,200,0,0.9153,0.014187
DuelingDQN,deceptive_grid,2,56,10048,-64.0,63,1,0.9148,0.196005
DuelingDQN,deceptive_grid,2,57,10248,-344.0,200,0,0.9131,0.057742
DuelingDQN,deceptive_grid,2,58,10448,-244.0,200,0,0.9114,0.034708
DuelingDQN,deceptive_grid,2,59,10589,-174.0,141,1,0.9102,0.137092
DuelingDQN,deceptive_grid,2,60,10789,-220.0,200,0,0.9085,0.059383
DuelingDQN,deceptive_grid,2,61,10880,-96.0,91,1,0.9077,0.025729
DuelingDQN,deceptive_grid,2,62,11080,-280.0,200,0,0.906,0.110259
DuelingDQN,deceptive_grid,2,63,11280,-232.0,200,0,0.9043,0.068158
DuelingDQN,deceptive_grid,2,64,11390,-135.0,110,1,0.9034,0.024506
DuelingDQN,deceptive_grid,2,65,11590,-288.0,200,0,0.9017,0.119768
DuelingDQN,deceptive_grid,2,66,11790,-244.0,200,0,0.9,0.075322
DuelingDQN,deceptive_grid,2,67,11990,-348.0,200,0,0.8983,0.037122
DuelingDQN,deceptive_grid,2,68,12023,-26.0,33,1,0.898,0.385598
DuelingDQN,deceptive_grid,2,69,12223,-372.0,200,0,0.8963,0.119895
DuelingDQN,deceptive_grid,2,70,12423,-268.0,200,0,0.8946,0.039655
DuelingDQN,deceptive_grid,2,71,12623,-256.0,200,0,0.8929,0.154989
DuelingDQN,deceptive_grid,2,72,12810,-224.0,187,1,0.8914,0.066232
DuelingDQN,deceptive_grid,2,73,13010,-360.0,200,0,0.8897,0.063779
DuelingDQN,deceptive_grid,2,74,13210,-244.0,200,0,0.888,0.141146
DuelingDQN,deceptive_grid,2,75,13246,-33.0,36,1,0.8877,0.04975
DuelingDQN,deceptive_grid,2,76,13446,-252.0,200,0,0.886,0.045126
DuelingDQN,deceptive_grid,2,77,13646,-320.0,200,0,0.8843,0.158036
DuelingDQN,deceptive_grid,2,78,13680,-31.0,34,1,0.884,0.079002
DuelingDQN,deceptive_grid,2,79,13880,-240.0,200,0,0.8823,0.045964
DuelingDQN,deceptive_grid,2,80,14052,-181.0,172,1,0.8808,0.13103
DuelingDQN,deceptive_grid,2,81,14252,-240.0,200,0,0.8791,0.114446
DuelingDQN,deceptive_grid,2,82,14303,-44.0,51,1,0.8787,0.052579
DuelingDQN,deceptive_grid,2,83,14425,-151.0,122,1,0.8777,0.046982
DuelingDQN,deceptive_grid,2,84,14524,-136.0,99,1,0.8768,0.133271
DuelingDQN,deceptive_grid,2,85,14724,-284.0,200,0,0.8751,0.136536
DuelingDQN,deceptive_grid,2,86,14858,-171.0,134,1,0.874,0.052644
DuelingDQN,deceptive_grid,2,87,14913,-52.0,55,1,0.8735,0.036286
DuelingDQN,deceptive_grid,2,88,15085,-205.0,172,1,0.8721,0.121596
DuelingDQN,deceptive_grid,2,89,15285,-280.0,200,0,0.8704,0.059333
DuelingDQN,deceptive_grid,2,90,15422,-150.0,137,1,0.8692,0.033427
DuelingDQN,deceptive_grid,2,91,15472,-47.0,50,1,0.8688,0.026114
DuelingDQN,deceptive_grid,2,92,15672,-248.0,200,0,0.8671,0.095377
DuelingDQN,deceptive_grid,2,93,15707,-36.0,35,1,0.8668,0.048446
DuelingDQN,deceptive_grid,2,94,15907,-284.0,200,0,0.8651,0.02781
DuelingDQN,deceptive_grid,2,95,16014,-132.0,107,1,0.8642,0.040844
DuelingDQN,deceptive_grid,2,96,16214,-264.0,200,0,0.8625,0.063759
DuelingDQN,deceptive_grid,2,97,16414,-260.0,200,0,0.8608,0.019397
DuelingDQN,deceptive_grid,2,98,16614,-320.0,200,0,0.8591,0.040817
DuelingDQN,deceptive_grid,2,99,16716,-131.0,102,1,0.8582,0.024565
DuelingDQN,deceptive_grid,2,100,16896,-201.0,180,1,0.8567,0.013588
DuelingDQN,deceptive_grid,2,101,17058,-207.0,162,1,0.8553,0.027851
DuelingDQN,deceptive_grid,2,102,17197,-160.0,139,1,0.8541,0.019619
DuelingDQN,deceptive_grid,2,103,17326,-142.0,129,1,0.853,0.0087
DuelingDQN,deceptive_grid,2,104,17442,-149.0,116,1,0.8521,0.005173
DuelingDQN,deceptive_grid,2,105,17642,-228.0,200,0,0.8504,0.021753
DuelingDQN,deceptive_grid,2,106,17659,-26.0,17,1,0.8502,0.010831
DuelingDQN,deceptive_grid,2,107,17792,-150.0,133,1,0.8491,0.006834
DuelingDQN,deceptive_grid,2,108,17807,-8.0,15,1,0.849,0.004872
DuelingDQN,deceptive_grid,2,109,18007,-220.0,200,0,0.8473,0.0047
DuelingDQN,deceptive_grid,2,110,18193,-223.0,186,1,0.8457,0.018722
DuelingDQN,deceptive_grid,2,111,18231,-35.0,38,1,0.8454,0.007005
DuelingDQN,deceptive_grid,2,112,18286,-64.0,55,1,0.8449,0.005066
DuelingDQN,deceptive_grid,2,113,18486,-260.0,200,0,0.8432,0.003641
DuelingDQN,deceptive_grid,2,114,18622,-189.0,136,1,0.8421,0.018968
DuelingDQN,deceptive_grid,2,115,18822,-220.0,200,0,0.8404,0.004547
DuelingDQN,deceptive_grid,2,116,18860,-39.0,38,1,0.84,0.002558
DuelingDQN,deceptive_grid,2,117,19025,-210.0,165,1,0.8386,0.005201
DuelingDQN,deceptive_grid,2,118,19087,-71.0,62,1,0.8381,0.014547
DuelingDQN,deceptive_grid,2,119,19160,-78.0,73,1,0.8375,0.009839
DuelingDQN,deceptive_grid,2,120,19340,-209.0,180,1,0.836,0.003471
DuelingDQN,deceptive_grid,2,121,19387,-56.0,47,1,0.8356,0.00252
DuelingDQN,deceptive_grid,2,122,19502,-132.0,115,1,0.8346,0.002339
DuelingDQN,deceptive_grid,2,123,19646,-157.0,144,1,0.8334,0.008686
DuelingDQN,deceptive_grid,2,124,19753,-112.0,107,1,0.8325,0.004785
DuelingDQN,deceptive_grid,2,125,19953,-244.0,200,0,0.8308,0.002685
DuelingDQN,deceptive_grid,2,126,20148,-224.0,195,1,0.8291,0.007705
DuelingDQN,deceptive_grid,2,127,20348,-280.0,200,0,0.8274,0.003802
DuelingDQN,deceptive_grid,2,128,20490,-191.0,142,1,0.8262,0.002702
DuelingDQN,deceptive_grid,2,129,20681,-268.0,191,1,0.8246,0.010084
DuelingDQN,deceptive_grid,2,130,20822,-154.0,141,1,0.8234,0.003403
DuelingDQN,deceptive_grid,2,131,20826,7.0,4,1,0.8234,0.00295
DuelingDQN,deceptive_grid,2,132,20861,-24.0,35,1,0.8231,0.002304
DuelingDQN,deceptive_grid,2,133,21001,-153.0,140,1,0.8219,0.001838
DuelingDQN,deceptive_grid,2,134,21056,-76.0,55,1,0.8214,0.007516
DuelingDQN,deceptive_grid,2,135,21139,-84.0,83,1,0.8207,0.006278
DuelingDQN,deceptive_grid,2,136,21271,-165.0,132,1,0.8196,0.003459
DuelingDQN,deceptive_grid,2,137,21313,-39.0,42,1,0.8192,0.002279
DuelingDQN,deceptive_grid,2,138,21343,-27.0,30,1,0.819,0.002022
DuelingDQN,deceptive_grid,2,139,21405,-63.0,62,1,0.8184,0.002998
DuelingDQN,deceptive_grid,2,140,21466,-58.0,61,1,0.8179,0.002902
DuelingDQN,deceptive_grid,2,141,21498,-21.0,32,1,0.8177,0.003275
DuelingDQN,deceptive_grid,2,142,21681,-212.0,183,1,0.8161,0.006487
DuelingDQN,deceptive_grid,2,143,21881,-276.0,200,0,0.8144,0.002727
DuelingDQN,deceptive_grid,2,144,21915,-39.0,34,1,0.8141,0.005705
DuelingDQN,deceptive_grid,2,145,21995,-109.0,80,1,0.8134,0.004117
DuelingDQN,deceptive_grid,2,146,22007,-13.0,12,1,0.8133,0.006567
DuelingDQN,deceptive_grid,2,147,22172,-194.0,165,1,0.8119,0.011779
DuelingDQN,deceptive_grid,2,148,22203,-24.0,31,1,0.8117,0.004859
DuelingDQN,deceptive_grid,2,149,22280,-98.0,77,1,0.811,0.00311
DuelingDQN,deceptive_grid,2,150,22425,-174.0,145,1,0.8098,0.001985
DuelingDQN,deceptive_grid,2,151,22560,-148.0,135,1,0.8087,0.003955
DuelingDQN,deceptive_grid,2,152,22611,-68.0,51,1,0.8082,0.005467
DuelingDQN,deceptive_grid,2,153,22811,-348.0,200,0,0.8065,0.002339
DuelingDQN,deceptive_grid,2,154,22887,-77.0,76,1,0.8059,0.001964
DuelingDQN,deceptive_grid,2,155,22990,-140.0,103,1,0.805,0.003062
DuelingDQN,deceptive_grid,2,156,23131,-162.0,141,1,0.8038,0.006845
DuelingDQN,deceptive_grid,2,157,23331,-260.0,200,0,0.8021,0.005471
DuelingDQN,deceptive_grid,2,158,23382,-52.0,51,1,0.8017,0.004703
DuelingDQN,deceptive_grid,2,159,23447,-70.0,65,1,0.8011,0.002313
DuelingDQN,deceptive_grid,2,160,23537,-91.0,90,1,0.8004,0.005441
DuelingDQN,deceptive_grid,2,161,23720,-224.0,183,1,0.7988,0.005656
DuelingDQN,deceptive_grid,2,162,23850,-147.0,130,1,0.7977,0.002727
DuelingDQN,deceptive_grid,2,163,23917,-80.0,67,1,0.7971,0.002133
DuelingDQN,deceptive_grid,2,164,24063,-167.0,146,1,0.7959,0.003713
DuelingDQN,deceptive_grid,2,165,24106,-52.0,43,1,0.7955,0.00605
DuelingDQN,deceptive_grid,2,166,24186,-77.0,80,1,0.7949,0.005431
DuelingDQN,deceptive_grid,2,167,24288,-123.0,102,1,0.794,0.005011
DuelingDQN,deceptive_grid,2,168,24306,-7.0,18,1,0.7938,0.002123
DuelingDQN,deceptive_grid,2,169,24430,-133.0,124,1,0.7928,0.00155
DuelingDQN,deceptive_grid,2,170,24595,-198.0,165,1,0.7914,0.005754
DuelingDQN,deceptive_grid,2,171,24729,-175.0,134,1,0.7903,0.00508
DuelingDQN,deceptive_grid,2,172,24786,-74.0,57,1,0.7898,0.002707
DuelingDQN,deceptive_grid,2,173,24937,-212.0,151,1,0.7885,0.003037
DuelingDQN,deceptive_grid,2,174,25026,-102.0,89,1,0.7877,0.003593
DuelingDQN,deceptive_grid,2,175,25065,-28.0,39,1,0.7874,0.006091
DuelingDQN,deceptive_grid,2,176,25179,-123.0,114,1,0.7864,0.004378
DuelingDQN,deceptive_grid,2,177,25257,-75.0,78,1,0.7858,0.003082
DuelingDQN,deceptive_grid,2,178,25345,-77.0,88,1,0.785,0.001971
DuelingDQN,deceptive_grid,2,179,25395,-63.0,50,1,0.7846,0.002461
DuelingDQN,deceptive_grid,2,180,25499,-133.0,104,1,0.7837,0.002705
DuelingDQN,deceptive_grid,2,181,25616,-134.0,117,1,0.7827,0.009433
DuelingDQN,deceptive_grid,2,182,25645,-38.0,29,1,0.7825,0.007635
DuelingDQN,deceptive_grid,2,183,25845,-248.0,200,0,0.7808,0.003537
DuelingDQN,deceptive_grid,2,184,26045,-260.0,200,0,0.7791,0.003573
DuelingDQN,deceptive_grid,2,185,26245,-204.0,200,0,0.7774,0.004768
DuelingDQN,deceptive_grid,2,186,26353,-101.0,108,1,0.7765,0.002654
DuelingDQN,deceptive_grid,2,187,26396,-44.0,43,1,0.7761,0.00135
DuelingDQN,deceptive_grid,2,188,26504,-157.0,108,1,0.7752,0.001673
DuelingDQN,deceptive_grid,2,189,26648,-173.0,144,1,0.774,0.006502
DuelingDQN,deceptive_grid,2,190,26706,-63.0,58,1,0.7735,0.004944
DuelingDQN,deceptive_grid,2,191,26814,-165.0,108,1,0.7726,0.003013
DuelingDQN,deceptive_grid,2,192,26854,-37.0,40,1,0.7722,0.00277
DuelingDQN,deceptive_grid,2,193,26868,-3.0,14,1,0.7721,0.00249
DuelingDQN,deceptive_grid,2,194,26954,-115.0,86,1,0.7714,0.003877
DuelingDQN,deceptive_grid,2,195,27003,-50.0,49,1,0.771,0.004155
DuelingDQN,deceptive_grid,2,196,27084,-102.0,81,1,0.7703,0.008245
DuelingDQN,deceptive_grid,2,197,27101,-10.0,17,1,0.7701,0.007057
DuelingDQN,deceptive_grid,2,198,27248,-172.0,147,1,0.7689,0.005029
DuelingDQN,deceptive_grid,2,199,27296,-45.0,48,1,0.7685,0.00308
DuelingDQN,deceptive_grid,2,200,27437,-142.0,141,1,0.7673,0.001581
DuelingDQN,deceptive_grid,2,201,27470,-30.0,33,1,0.767,0.001083
DuelingDQN,deceptive_grid,2,202,27536,-79.0,66,1,0.7664,0.006089
DuelingDQN,deceptive_grid,2,203,27580,-49.0,44,1,0.7661,0.009658
DuelingDQN,deceptive_grid,2,204,27701,-138.0,121,1,0.765,0.00454
DuelingDQN,deceptive_grid,2,205,27823,-135.0,122,1,0.764,0.002044
DuelingDQN,deceptive_grid,2,206,27884,-74.0,61,1,0.7635,0.001432
DuelingDQN,deceptive_grid,2,207,27962,-91.0,78,1,0.7628,0.001412
DuelingDQN,deceptive_grid,2,208,28054,-89.0,92,1,0.7621,0.004738
DuelingDQN,deceptive_grid,2,209,28070,-9.0,16,1,0.7619,0.005822
DuelingDQN,deceptive_grid,2,210,28118,-57.0,48,1,0.7615,0.003949
DuelingDQN,deceptive_grid,2,211,28249,-124.0,131,1,0.7604,0.002294
DuelingDQN,deceptive_grid,2,212,28268,-12.0,19,1,0.7602,0.002065
DuelingDQN,deceptive_grid,2,213,28362,-119.0,94,1,0.7594,0.002055
DuelingDQN,deceptive_grid,2,214,28409,-48.0,47,1,0.759,0.002975
DuelingDQN,deceptive_grid,2,215,28436,-28.0,27,1,0.7588,0.002363
DuelingDQN,deceptive_grid,2,216,28498,-59.0,62,1,0.7583,0.002267
DuelingDQN,deceptive_grid,2,217,28513,-16.0,15,1,0.7582,0.006892
DuelingDQN,deceptive_grid,2,218,28550,-26.0,37,1,0.7578,0.008637
DuelingDQN,deceptive_grid,2,219,28564,-3.0,14,1,0.7577,0.008278
DuelingDQN,deceptive_grid,2,220,28607,-36.0,43,1,0.7574,0.008183
DuelingDQN,deceptive_grid,2,221,28642,-36.0,35,1,0.7571,0.006634
DuelingDQN,deceptive_grid,2,222,28712,-63.0,70,1,0.7565,0.007775
DuelingDQN,deceptive_grid,2,223,28743,-20.0,31,1,0.7562,0.004626
DuelingDQN,deceptive_grid,2,224,28824,-90.0,81,1,0.7555,0.003467
DuelingDQN,deceptive_grid,2,225,29022,-235.0,198,1,0.7538,0.002382
DuelingDQN,deceptive_grid,2,226,29040,-11.0,18,1,0.7537,0.006226
DuelingDQN,deceptive_grid,2,227,29135,-96.0,95,1,0.7529,0.004613
DuelingDQN,deceptive_grid,2,228,29264,-150.0,129,1,0.7518,0.002409
DuelingDQN,deceptive_grid,2,229,29291,-20.0,27,1,0.7516,0.002991
DuelingDQN,deceptive_grid,2,230,29298,4.0,7,1,0.7515,0.002722
DuelingDQN,deceptive_grid,2,231,29307,-2.0,9,1,0.7514,0.002262
DuelingDQN,deceptive_grid,2,232,29326,-8.0,19,1,0.7513,0.002215
DuelingDQN,deceptive_grid,2,233,29416,-87.0,90,1,0.7505,0.001876
DuelingDQN,deceptive_grid,2,234,29418,5.0,2,1,0.7505,0.001404
DuelingDQN,deceptive_grid,2,235,29474,-81.0,56,1,0.75,0.001431
DuelingDQN,deceptive_grid,2,236,29646,-193.0,172,1,0.7485,0.003718
DuelingDQN,deceptive_grid,2,237,29699,-46.0,53,1,0.7481,0.0032
DuelingDQN,deceptive_grid,2,238,29703,7.0,4,1,0.7481,0.002957
DuelingDQN,deceptive_grid,2,239,29724,-10.0,21,1,0.7479,0.002935
DuelingDQN,deceptive_grid,2,240,29746,-11.0,22,1,0.7477,0.003208
DuelingDQN,deceptive_grid,2,241,29755,2.0,9,1,0.7476,0.002901
DuelingDQN,deceptive_grid,2,242,29839,-97.0,84,1,0.7469,0.001866
DuelingDQN,deceptive_grid,2,243,29945,-115.0,106,1,0.746,0.001946
DuelingDQN,deceptive_grid,2,244,30145,-225.0,200,1,0.7443,0.003346
DuelingDQN,deceptive_grid,2,245,30185,-33.0,40,1,0.744,0.003045
DuelingDQN,deceptive_grid,2,246,30222,-38.0,37,1,0.7437,0.004605
DuelingDQN,deceptive_grid,2,247,30368,-155.0,146,1,0.7424,0.002579
DuelingDQN,deceptive_grid,2,248,30458,-103.0,90,1,0.7417,0.002102
DuelingDQN,deceptive_grid,2,249,30523,-86.0,65,1,0.7411,0.003451
DuelingDQN,deceptive_grid,2,250,30580,-50.0,57,1,0.7406,0.006197
DuelingDQN,deceptive_grid,2,251,30698,-143.0,118,1,0.7396,0.004071
DuelingDQN,deceptive_grid,2,252,30799,-122.0,101,1,0.7388,0.003482
DuelingDQN,deceptive_grid,2,253,30828,-30.0,29,1,0.7385,0.00221
DuelingDQN,deceptive_grid,2,254,30852,-13.0,24,1,0.7383,0.002159
DuelingDQN,deceptive_grid,2,255,30911,-52.0,59,1,0.7378,0.001775
DuelingDQN,deceptive_grid,2,256,30976,-90.0,65,1,0.7373,0.001333
DuelingDQN,deceptive_grid,2,257,31109,-126.0,133,1,0.7361,0.004567
DuelingDQN,deceptive_grid,2,258,31110,10.0,1,1,0.7361,0.002909
DuelingDQN,deceptive_grid,2,259,31209,-104.0,99,1,0.7353,0.003021
DuelingDQN,deceptive_grid,2,260,31319,-127.0,110,1,0.7344,0.002456
DuelingDQN,deceptive_grid,2,261,31369,-39.0,50,1,0.7339,0.002712
DuelingDQN,deceptive_grid,2,262,31389,-9.0,20,1,0.7338,0.002168
DuelingDQN,deceptive_grid,2,263,31467,-67.0,78,1,0.7331,0.002297
DuelingDQN,deceptive_grid,2,264,31626,-224.0,159,1,0.7318,0.005556
DuelingDQN,deceptive_grid,2,265,31710,-89.0,84,1,0.731,0.002443
DuelingDQN,deceptive_grid,2,266,31729,-12.0,19,1,0.7309,0.001924
DuelingDQN,deceptive_grid,2,267,31754,-14.0,25,1,0.7307,0.001593
DuelingDQN,deceptive_grid,2,268,31826,-93.0,72,1,0.7301,0.001834
DuelingDQN,deceptive_grid,2,269,31925,-108.0,99,1,0.7292,0.002366
DuelingDQN,deceptive_grid,2,270,31943,-11.0,18,1,0.7291,0.003223
DuelingDQN,deceptive_grid,2,271,32007,-73.0,64,1,0.7285,0.003817
DuelingDQN,deceptive_grid,2,272,32107,-121.0,100,1,0.7277,0.005053
DuelingDQN,deceptive_grid,2,273,32178,-68.0,71,1,0.7271,0.003301
DuelingDQN,deceptive_grid,2,274,32205,-28.0,27,1,0.7268,0.002373
DuelingDQN,deceptive_grid,2,275,32249,-41.0,44,1,0.7265,0.002439
DuelingDQN,deceptive_grid,2,276,32384,-132.0,135,1,0.7253,0.001627
DuelingDQN,deceptive_grid,2,277,32476,-101.0,92,1,0.7245,0.000941
DuelingDQN,deceptive_grid,2,278,32568,-109.0,92,1,0.7238,0.002997
DuelingDQN,deceptive_grid,2,279,32616,-53.0,48,1,0.7234,0.004311
DuelingDQN,deceptive_grid,2,280,32679,-68.0,63,1,0.7228,0.005162
DuelingDQN,deceptive_grid,2,281,32703,-13.0,24,1,0.7226,0.003653
DuelingDQN,deceptive_grid,2,282,32857,-159.0,154,1,0.7213,0.005424
DuelingDQN,deceptive_grid,2,283,32913,-57.0,56,1,0.7208,0.0044
DuelingDQN,deceptive_grid,2,284,33052,-176.0,139,1,0.7197,0.002855
DuelingDQN,deceptive_grid,2,285,33130,-71.0,78,1,0.719,0.003425
DuelingDQN,deceptive_grid,2,286,33136,5.0,6,1,0.7189,0.002482
DuelingDQN,deceptive_grid,2,287,33184,-53.0,48,1,0.7185,0.002351
DuelingDQN,deceptive_grid,2,288,33229,-38.0,45,1,0.7182,0.00201
DuelingDQN,deceptive_grid,2,289,33272,-36.0,43,1,0.7178,0.00212
DuelingDQN,deceptive_grid,2,290,33379,-120.0,107,1,0.7169,0.001407
DuelingDQN,deceptive_grid,2,291,33433,-47.0,54,1,0.7164,0.001248
DuelingDQN,deceptive_grid,2,292,33526,-110.0,93,1,0.7156,0.001859
DuelingDQN,deceptive_grid,2,293,33585,-52.0,59,1,0.7151,0.003074
DuelingDQN,deceptive_grid,2,294,33621,-33.0,36,1,0.7148,0.003174
DuelingDQN,deceptive_grid,2,295,33676,-56.0,55,1,0.7144,0.004143
DuelingDQN,deceptive_grid,2,296,33702,-19.0,26,1,0.7141,0.002889
DuelingDQN,deceptive_grid,2,297,33734,-25.0,32,1,0.7139,0.002162
DuelingDQN,deceptive_grid,2,298,33798,-65.0,64,1,0.7133,0.002201
DuelingDQN,deceptive_grid,2,299,33869,-76.0,71,1,0.7127,0.001293
DuelingDQN,deceptive_grid,2,300,33913,-65.0,44,1,0.7124,0.000965
DuelingDQN,deceptive_grid,2,301,33965,-41.0,52,1,0.7119,0.001196
DuelingDQN,deceptive_grid,2,302,33990,-22.0,25,1,0.7117,0.001231
DuelingDQN,deceptive_grid,2,303,34051,-66.0,61,1,0.7112,0.004101
DuelingDQN,deceptive_grid,2,304,34113,-51.0,62,1,0.7107,0.003743
DuelingDQN,deceptive_grid,2,305,34173,-61.0,60,1,0.7101,0.002565
DuelingDQN,deceptive_grid,2,306,34207,-27.0,34,1,0.7099,0.002055
DuelingDQN,deceptive_grid,2,307,34286,-88.0,79,1,0.7092,0.002164
DuelingDQN,deceptive_grid,2,308,34341,-60.0,55,1,0.7087,0.002033
DuelingDQN,deceptive_grid,2,309,34485,-161.0,144,1,0.7075,0.003417
DuelingDQN,deceptive_grid,2,310,34581,-125.0,96,1,0.7067,0.005619
DuelingDQN,deceptive_grid,2,311,34616,-44.0,35,1,0.7064,0.007249
DuelingDQN,deceptive_grid,2,312,34687,-64.0,71,1,0.7058,0.00345
DuelingDQN,deceptive_grid,2,313,34725,-35.0,38,1,0.7055,0.00213
DuelingDQN,deceptive_grid,2,314,34770,-50.0,45,1,0.7051,0.001422
DuelingDQN,deceptive_grid,2,315,34785,-20.0,15,1,0.705,0.00138
DuelingDQN,deceptive_grid,2,316,34809,-37.0,24,1,0.7048,0.001148
DuelingDQN,deceptive_grid,2,317,34839,-19.0,30,1,0.7045,0.001008
DuelingDQN,deceptive_grid,2,318,34885,-43.0,46,1,0.7041,0.001208
DuelingDQN,deceptive_grid,2,319,34927,-47.0,42,1,0.7038,0.000846
DuelingDQN,deceptive_grid,2,320,34978,-56.0,51,1,0.7033,0.000819
DuelingDQN,deceptive_grid,2,321,35052,-71.0,74,1,0.7027,0.002814
DuelingDQN,deceptive_grid,2,322,35093,-42.0,41,1,0.7023,0.003378
DuelingDQN,deceptive_grid,2,323,35145,-57.0,52,1,0.7019,0.003083
DuelingDQN,deceptive_grid,2,324,35207,-71.0,62,1,0.7014,0.002368
DuelingDQN,deceptive_grid,2,325,35228,-10.0,21,1,0.7012,0.001681
DuelingDQN,deceptive_grid,2,326,35307,-80.0,79,1,0.7005,0.001393
DuelingDQN,deceptive_grid,2,327,35333,-23.0,26,1,0.7003,0.001409
DuelingDQN,deceptive_grid,2,328,35411,-99.0,78,1,0.6996,0.001506
DuelingDQN,deceptive_grid,2,329,35440,-18.0,29,1,0.6994,0.001903
DuelingDQN,deceptive_grid,2,330,35496,-73.0,56,1,0.6989,0.002505
DuelingDQN,deceptive_grid,2,331,35558,-63.0,62,1,0.6984,0.006364
DuelingDQN,deceptive_grid,2,332,35577,-12.0,19,1,0.6982,0.005429
DuelingDQN,deceptive_grid,2,333,35580,8.0,3,1,0.6982,0.005312
DuelingDQN,deceptive_grid,2,334,35647,-92.0,67,1,0.6976,0.004916
DuelingDQN,deceptive_grid,2,335,35791,-153.0,144,1,0.6964,0.003013
DuelingDQN,deceptive_grid,2,336,35821,-19.0,30,1,0.6962,0.00252
DuelingDQN,deceptive_grid,2,337,35892,-72.0,71,1,0.6956,0.001777
DuelingDQN,deceptive_grid,2,338,35931,-36.0,39,1,0.6952,0.00134
DuelingDQN,deceptive_grid,2,339,35944,-14.0,13,1,0.6951,0.001306
DuelingDQN,deceptive_grid,2,340,36091,-160.0,147,1,0.6939,0.002419
DuelingDQN,deceptive_grid,2,341,36156,-62.0,65,1,0.6933,0.004485
DuelingDQN,deceptive_grid,2,342,36206,-47.0,50,1,0.6929,0.005524
DuelingDQN,deceptive_grid,2,343,36244,-27.0,38,1,0.6926,0.004973
DuelingDQN,deceptive_grid,2,344,36287,-32.0,43,1,0.6922,0.003609
DuelingDQN,deceptive_grid,2,345,36363,-77.0,76,1,0.6916,0.002079
DuelingDQN,deceptive_grid,2,346,36457,-91.0,94,1,0.6908,0.001655
DuelingDQN,deceptive_grid,2,347,36478,-14.0,21,1,0.6906,0.001597
DuelingDQN,deceptive_grid,2,348,36522,-37.0,44,1,0.6902,0.003173
DuelingDQN,deceptive_grid,2,349,36700,-175.0,178,1,0.6887,0.00447
DuelingDQN,deceptive_grid,2,350,36732,-25.0,32,1,0.6884,0.002005
DuelingDQN,deceptive_grid,2,351,36838,-131.0,106,1,0.6875,0.001415
DuelingDQN,deceptive_grid,2,352,36938,-97.0,100,1,0.6867,0.000907
DuelingDQN,deceptive_grid,2,353,36983,-38.0,45,1,0.6863,0.000739
DuelingDQN,deceptive_grid,2,354,37026,-36.0,43,1,0.6859,0.002184
DuelingDQN,deceptive_grid,2,355,37089,-72.0,63,1,0.6854,0.002703
DuelingDQN,deceptive_grid,2,356,37185,-121.0,96,1,0.6846,0.002601
DuelingDQN,deceptive_grid,2,357,37241,-57.0,56,1,0.6841,0.002323
DuelingDQN,deceptive_grid,2,358,37331,-103.0,90,1,0.6834,0.002767
DuelingDQN,deceptive_grid,2,359,37425,-95.0,94,1,0.6826,0.001948
DuelingDQN,deceptive_grid,2,360,37439,-3.0,14,1,0.6824,0.001289
DuelingDQN,deceptive_grid,2,361,37485,-43.0,46,1,0.6821,0.001112
DuelingDQN,deceptive_grid,2,362,37508,-16.0,23,1,0.6819,0.002112
DuelingDQN,deceptive_grid,2,363,37533,-22.0,25,1,0.6816,0.004043
DuelingDQN,deceptive_grid,2,364,37561,-21.0,28,1,0.6814,0.003611
DuelingDQN,deceptive_grid,2,365,37585,-25.0,24,1,0.6812,0.004798
DuelingDQN,deceptive_grid,2,366,37686,-110.0,101,1,0.6804,0.003518
DuelingDQN,deceptive_grid,2,367,37798,-105.0,112,1,0.6794,0.002242
DuelingDQN,deceptive_grid,2,368,37839,-34.0,41,1,0.6791,0.001716
DuelingDQN,deceptive_grid,2,369,37912,-74.0,73,1,0.6784,0.001175
DuelingDQN,deceptive_grid,2,370,37991,-84.0,79,1,0.6778,0.001548
DuelingDQN,deceptive_grid,2,371,38002,0.0,11,1,0.6777,0.002445
DuelingDQN,deceptive_grid,2,372,38024,-11.0,22,1,0.6775,0.004466
DuelingDQN,deceptive_grid,2,373,38038,-3.0,14,1,0.6774,0.00422
DuelingDQN,deceptive_grid,2,374,38047,-2.0,9,1,0.6773,0.003758
DuelingDQN,deceptive_grid,2,375,38068,-14.0,21,1,0.6771,0.00416
DuelingDQN,deceptive_grid,2,376,38140,-81.0,72,1,0.6765,0.004352
DuelingDQN,deceptive_grid,2,377,38173,-30.0,33,1,0.6762,0.003412
DuelingDQN,deceptive_grid,2,378,38177,7.0,4,1,0.6762,0.003566
DuelingDQN,deceptive_grid,2,379,38234,-70.0,57,1,0.6757,0.002897
DuelingDQN,deceptive_grid,2,380,38270,-41.0,36,1,0.6754,0.002175
DuelingDQN,deceptive_grid,2,381,38290,-21.0,20,1,0.6752,0.001231
DuelingDQN,deceptive_grid,2,382,38305,-4.0,15,1,0.6751,0.001252
DuelingDQN,deceptive_grid,2,383,38350,-54.0,45,1,0.6747,0.001219
DuelingDQN,deceptive_grid,2,384,38417,-88.0,67,1,0.6742,0.000875
DuelingDQN,deceptive_grid,2,385,38564,-180.0,147,1,0.6729,0.001833
DuelingDQN,deceptive_grid,2,386,38599,-36.0,35,1,0.6726,0.002921
DuelingDQN,deceptive_grid,2,387,38684,-106.0,85,1,0.6719,0.002463
DuelingDQN,deceptive_grid,2,388,38743,-56.0,59,1,0.6714,0.001687
DuelingDQN,deceptive_grid,2,389,38807,-73.0,64,1,0.6708,0.002088
DuelingDQN,deceptive_grid,2,390,38935,-137.0,128,1,0.6698,0.00314
DuelingDQN,deceptive_grid,2,391,39025,-91.0,90,1,0.669,0.003472
DuelingDQN,deceptive_grid,2,392,39040,-8.0,15,1,0.6689,0.004208
DuelingDQN,deceptive_grid,2,393,39083,-48.0,43,1,0.6685,0.004617
DuelingDQN,deceptive_grid,2,394,39146,-68.0,63,1,0.668,0.004811
DuelingDQN,deceptive_grid,2,395,39165,-8.0,19,1,0.6678,0.004372
DuelingDQN,deceptive_grid,2,396,39250,-110.0,85,1,0.6671,0.004448
DuelingDQN,deceptive_grid,2,397,39278,-33.0,28,1,0.6668,0.00214
DuelingDQN,deceptive_grid,2,398,39342,-65.0,64,1,0.6663,0.002132
DuelingDQN,deceptive_grid,2,399,39423,-86.0,81,1,0.6656,0.001074
DuelingDQN,deceptive_grid,2,400,39437,-7.0,14,1,0.6655,0.000728
DuelingDQN,deceptive_grid,2,401,39538,-118.0,101,1,0.6646,0.001748
DuelingDQN,deceptive_grid,2,402,39563,-34.0,25,1,0.6644,0.003653
DuelingDQN,deceptive_grid,2,403,39592,-18.0,29,1,0.6642,0.003355
DuelingDQN,deceptive_grid,2,404,39652,-53.0,60,1,0.6637,0.002103
DuelingDQN,deceptive_grid,2,405,39676,-13.0,24,1,0.6635,0.001777
DuelingDQN,deceptive_grid,2,406,39707,-24.0,31,1,0.6632,0.00215
DuelingDQN,deceptive_grid,2,407,39747,-37.0,40,1,0.6629,0.001911
DuelingDQN,deceptive_grid,2,408,39793,-39.0,46,1,0.6625,0.001695
DuelingDQN,deceptive_grid,2,409,39804,-4.0,11,1,0.6624,0.001611
DuelingDQN,deceptive_grid,2,410,39864,-57.0,60,1,0.6619,0.001935
DuelingDQN,deceptive_grid,2,411,39899,-24.0,35,1,0.6616,0.002269
DuelingDQN,deceptive_grid,2,412,39945,-55.0,46,1,0.6612,0.001767
DuelingDQN,deceptive_grid,2,413,39987,-31.0,42,1,0.6608,0.001503
DuelingDQN,deceptive_grid,2,414,40034,-48.0,47,1,0.6604,0.002888
DuelingDQN,deceptive_grid,2,415,40052,-15.0,18,1,0.6603,0.003333
DuelingDQN,deceptive_grid,2,416,40062,1.0,10,1,0.6602,0.003656
DuelingDQN,deceptive_grid,2,417,40110,-37.0,48,1,0.6598,0.003441
DuelingDQN,deceptive_grid,2,418,40144,-23.0,34,1,0.6595,0.004159
DuelingDQN,deceptive_grid,2,419,40153,2.0,9,1,0.6594,0.003394
DuelingDQN,deceptive_grid,2,420,40184,-20.0,31,1,0.6592,0.002378
DuelingDQN,deceptive_grid,2,421,40281,-102.0,97,1,0.6583,0.002019
DuelingDQN,deceptive_grid,2,422,40296,-4.0,15,1,0.6582,0.002211
DuelingDQN,deceptive_grid,2,423,40352,-61.0,56,1,0.6577,0.001834
DuelingDQN,deceptive_grid,2,424,40436,-85.0,84,1,0.657,0.001784
DuelingDQN,deceptive_grid,2,425,40486,-51.0,50,1,0.6566,0.001161
DuelingDQN,deceptive_grid,2,426,40559,-98.0,73,1,0.656,0.004357
DuelingDQN,deceptive_grid,2,427,40566,4.0,7,1,0.6559,0.004609
DuelingDQN,deceptive_grid,2,428,40582,-9.0,16,1,0.6558,0.004857
DuelingDQN,deceptive_grid,2,429,40597,-8.0,15,1,0.6557,0.003614
DuelingDQN,deceptive_grid,2,430,40640,-44.0,43,1,0.6553,0.00218
DuelingDQN,deceptive_grid,2,431,40718,-75.0,78,1,0.6546,0.002556
DuelingDQN,deceptive_grid,2,432,40812,-115.0,94,1,0.6538,0.001857
DuelingDQN,deceptive_grid,2,433,40893,-94.0,81,1,0.6531,0.001404
DuelingDQN,deceptive_grid,2,434,40924,-56.0,31,1,0.6529,0.001425
DuelingDQN,deceptive_grid,2,435,40982,-55.0,58,1,0.6524,0.001012
DuelingDQN,deceptive_grid,2,436,41002,-17.0,20,1,0.6522,0.001391
DuelingDQN,deceptive_grid,2,437,41060,-63.0,58,1,0.6517,0.004199
DuelingDQN,deceptive_grid,2,438,41099,-36.0,39,1,0.6514,0.002749
DuelingDQN,deceptive_grid,2,439,41174,-68.0,75,1,0.6508,0.002035
DuelingDQN,deceptive_grid,2,440,41260,-83.0,86,1,0.65,0.001318
DuelingDQN,deceptive_grid,2,441,41323,-64.0,63,1,0.6495,0.001504
DuelingDQN,deceptive_grid,2,442,41369,-51.0,46,1,0.6491,0.001924
DuelingDQN,deceptive_grid,2,443,41469,-101.0,100,1,0.6483,0.001951
DuelingDQN,deceptive_grid,2,444,41520,-52.0,51,1,0.6478,0.002566
DuelingDQN,deceptive_grid,2,445,41529,-2.0,9,1,0.6478,0.004029
DuelingDQN,deceptive_grid,2,446,41567,-43.0,38,1,0.6474,0.003434
DuelingDQN,deceptive_grid,2,447,41582,-4.0,15,1,0.6473,0.003415
DuelingDQN,deceptive_grid,2,448,41607,-26.0,25,1,0.6471,0.003379
DuelingDQN,deceptive_grid,2,449,41627,-9.0,20,1,0.6469,0.003929
DuelingDQN,deceptive_grid,2,450,41637,1.0,10,1,0.6468,0.004648
DuelingDQN,deceptive_grid,2,451,41663,-15.0,26,1,0.6466,0.003872
DuelingDQN,deceptive_grid,2,452,41707,-41.0,44,1,0.6462,0.004151
DuelingDQN,deceptive_grid,2,453,41744,-30.0,37,1,0.6459,0.002553
DuelingDQN,deceptive_grid,2,454,41822,-75.0,78,1,0.6453,0.001583
DuelingDQN,deceptive_grid,2,455,41852,-23.0,30,1,0.645,0.001283
DuelingDQN,deceptive_grid,2,456,41903,-56.0,51,1,0.6446,0.001585
DuelingDQN,deceptive_grid,2,457,41958,-56.0,55,1,0.6441,0.001139
DuelingDQN,deceptive_grid,2,458,42025,-72.0,67,1,0.6435,0.00287
DuelingDQN,deceptive_grid,2,459,42133,-113.0,108,1,0.6426,0.004384
DuelingDQN,deceptive_grid,2,460,42188,-68.0,55,1,0.6422,0.003371
DuelingDQN,deceptive_grid,2,461,42245,-50.0,57,1,0.6417,0.002271
DuelingDQN,deceptive_grid,2,462,42293,-57.0,48,1,0.6413,0.00214
DuelingDQN,deceptive_grid,2,463,42348,-44.0,55,1,0.6408,0.002486
DuelingDQN,deceptive_grid,2,464,42392,-33.0,44,1,0.6404,0.00219
DuelingDQN,deceptive_grid,2,465,42472,-69.0,80,1,0.6398,0.001768
DuelingDQN,deceptive_grid,2,466,42536,-61.0,64,1,0.6392,0.002671
DuelingDQN,deceptive_grid,2,467,42583,-48.0,47,1,0.6388,0.002701
DuelingDQN,deceptive_grid,2,468,42625,-43.0,42,1,0.6385,0.002397
DuelingDQN,deceptive_grid,2,469,42651,-15.0,26,1,0.6382,0.002452
DuelingDQN,deceptive_grid,2,470,42711,-57.0,60,1,0.6377,0.002224
DuelingDQN,deceptive_grid,2,471,42722,-4.0,11,1,0.6376,0.001919
DuelingDQN,deceptive_grid,2,472,42806,-81.0,84,1,0.6369,0.001536
DuelingDQN,deceptive_grid,2,473,42861,-44.0,55,1,0.6365,0.001097
DuelingDQN,deceptive_grid,2,474,42953,-97.0,92,1,0.6357,0.000989
DuelingDQN,deceptive_grid,2,475,43030,-82.0,77,1,0.635,0.001551
DuelingDQN,deceptive_grid,2,476,43067,-26.0,37,1,0.6347,0.002426
DuelingDQN,deceptive_grid,2,477,43100,-34.0,33,1,0.6344,0.002722
DuelingDQN,deceptive_grid,2,478,43121,-14.0,21,1,0.6342,0.002194
DuelingDQN,deceptive_grid,2,479,43132,-4.0,11,1,0.6342,0.002036
DuelingDQN,deceptive_grid,2,480,43199,-56.0,67,1,0.6336,0.002947
DuelingDQN,deceptive_grid,2,481,43223,-17.0,24,1,0.6334,0.003407
DuelingDQN,deceptive_grid,2,482,43279,-57.0,56,1,0.6329,0.001974
DuelingDQN,deceptive_grid,2,483,43295,-5.0,16,1,0.6328,0.001691
DuelingDQN,deceptive_grid,2,484,43309,-3.0,14,1,0.6327,0.001793
DuelingDQN,deceptive_grid,2,485,43375,-71.0,66,1,0.6321,0.002055
DuelingDQN,deceptive_grid,2,486,43421,-55.0,46,1,0.6317,0.001504
DuelingDQN,deceptive_grid,2,487,43425,3.0,4,1,0.6317,0.001139
DuelingDQN,deceptive_grid,2,488,43469,-45.0,44,1,0.6313,0.001039
DuelingDQN,deceptive_grid,2,489,43599,-135.0,130,1,0.6302,0.003374
DuelingDQN,deceptive_grid,2,490,43658,-56.0,59,1,0.6297,0.004361
DuelingDQN,deceptive_grid,2,491,43732,-83.0,74,1,0.6291,0.002643
DuelingDQN,deceptive_grid,2,492,43779,-48.0,47,1,0.6287,0.001973
DuelingDQN,deceptive_grid,2,493,43846,-68.0,67,1,0.6281,0.001799
DuelingDQN,deceptive_grid,2,494,43876,-39.0,30,1,0.6278,0.000885
DuelingDQN,deceptive_grid,2,495,43936,-53.0,60,1,0.6273,0.000575
DuelingDQN,deceptive_grid,2,496,44014,-83.0,78,1,0.6267,0.000856
DuelingDQN,deceptive_grid,2,497,44019,6.0,5,1,0.6266,0.002897
DuelingDQN,deceptive_grid,2,498,44053,-35.0,34,1,0.6263,0.002416
DuelingDQN,deceptive_grid,2,499,44072,-12.0,19,1,0.6262,0.00234
DuelingDQN,deceptive_grid,2,500,44106,-23.0,34,1,0.6259,0.002689
DuelingDQN,deceptive_grid,2,501,44181,-76.0,75,1,0.6253,0.002455
DuelingDQN,deceptive_grid,2,502,44241,-61.0,60,1,0.6248,0.001864
DuelingDQN,deceptive_grid,2,503,44252,0.0,11,1,0.6247,0.001683
DuelingDQN,deceptive_grid,2,504,44345,-106.0,93,1,0.6239,0.001567
DuelingDQN,deceptive_grid,2,505,44383,-27.0,38,1,0.6235,0.001058
DuelingDQN,deceptive_grid,2,506,44404,-14.0,21,1,0.6234,0.001009
DuelingDQN,deceptive_grid,2,507,44438,-27.0,34,1,0.6231,0.00096
DuelingDQN,deceptive_grid,2,508,44480,-35.0,42,1,0.6227,0.001289
DuelingDQN,deceptive_grid,2,509,44499,-8.0,19,1,0.6226,0.001168
DuelingDQN,deceptive_grid,2,510,44554,-52.0,55,1,0.6221,0.003131
DuelingDQN,deceptive_grid,2,511,44596,-47.0,42,1,0.6217,0.002191
DuelingDQN,deceptive_grid,2,512,44662,-83.0,66,1,0.6212,0.002212
DuelingDQN,deceptive_grid,2,513,44736,-79.0,74,1,0.6206,0.001476
DuelingDQN,deceptive_grid,2,514,44793,-54.0,57,1,0.6201,0.001286
DuelingDQN,deceptive_grid,2,515,44863,-79.0,70,1,0.6195,0.001075
DuelingDQN,deceptive_grid,2,516,44923,-53.0,60,1,0.619,0.000812
DuelingDQN,deceptive_grid,2,517,44972,-58.0,49,1,0.6185,0.000641
DuelingDQN,deceptive_grid,2,518,45055,-76.0,83,1,0.6178,0.001899
DuelingDQN,deceptive_grid,2,519,45077,-15.0,22,1,0.6177,0.001917
DuelingDQN,deceptive_grid,2,520,45139,-63.0,62,1,0.6171,0.002252
DuelingDQN,deceptive_grid,2,521,45192,-58.0,53,1,0.6167,0.003304
DuelingDQN,deceptive_grid,2,522,45227,-36.0,35,1,0.6164,0.004255
DuelingDQN,deceptive_grid,2,523,45258,-24.0,31,1,0.6161,0.00312
DuelingDQN,deceptive_grid,2,524,45285,-28.0,27,1,0.6159,0.002252
DuelingDQN,deceptive_grid,2,525,45291,1.0,6,1,0.6158,0.001736
DuelingDQN,deceptive_grid,2,526,45339,-45.0,48,1,0.6154,0.001905
DuelingDQN,deceptive_grid,2,527,45377,-39.0,38,1,0.6151,0.001601
DuelingDQN,deceptive_grid,2,528,45418,-46.0,41,1,0.6148,0.00145
DuelingDQN,deceptive_grid,2,529,45442,-13.0,24,1,0.6146,0.001175
DuelingDQN,deceptive_grid,2,530,45476,-23.0,34,1,0.6143,0.00123
DuelingDQN,deceptive_grid,2,531,45515,-32.0,39,1,0.6139,0.002355
DuelingDQN,deceptive_grid,2,532,45579,-77.0,64,1,0.6134,0.002464
DuelingDQN,deceptive_grid,2,533,45608,-30.0,29,1,0.6132,0.001959
DuelingDQN,deceptive_grid,2,534,45643,-44.0,35,1,0.6129,0.001999
DuelingDQN,deceptive_grid,2,535,45661,-11.0,18,1,0.6127,0.001978
DuelingDQN,deceptive_grid,2,536,45686,-18.0,25,1,0.6125,0.001874
DuelingDQN,deceptive_grid,2,537,45732,-35.0,46,1,0.6121,0.003005
DuelingDQN,deceptive_grid,2,538,45773,-42.0,41,1,0.6118,0.003197
DuelingDQN,deceptive_grid,2,539,45827,-51.0,54,1,0.6113,0.002249
DuelingDQN,deceptive_grid,2,540,45868,-42.0,41,1,0.6109,0.001697
DuelingDQN,deceptive_grid,2,541,45933,-66.0,65,1,0.6104,0.001256
DuelingDQN,deceptive_grid,2,542,45982,-46.0,49,1,0.61,0.00087
DuelingDQN,deceptive_grid,2,543,46005,-20.0,23,1,0.6098,0.001469
DuelingDQN,deceptive_grid,2,544,46037,-29.0,32,1,0.6095,0.002952
DuelingDQN,deceptive_grid,2,545,46075,-43.0,38,1,0.6092,0.003246
DuelingDQN,deceptive_grid,2,546,46082,4.0,7,1,0.6091,0.0051
DuelingDQN,deceptive_grid,2,547,46112,-31.0,30,1,0.6089,0.005285
DuelingDQN,deceptive_grid,2,548,46142,-19.0,30,1,0.6086,0.003828
DuelingDQN,deceptive_grid,2,549,46193,-60.0,51,1,0.6082,0.002337
DuelingDQN,deceptive_grid,2,550,46238,-46.0,45,1,0.6078,0.002136
DuelingDQN,deceptive_grid,2,551,46258,-9.0,20,1,0.6076,0.002144
DuelingDQN,deceptive_grid,2,552,46267,2.0,9,1,0.6076,0.001882
DuelingDQN,deceptive_grid,2,553,46355,-89.0,88,1,0.6068,0.001561
DuelingDQN,deceptive_grid,2,554,46411,-53.0,56,1,0.6063,0.000768
DuelingDQN,deceptive_grid,2,555,46442,-32.0,31,1,0.6061,0.000677
DuelingDQN,deceptive_grid,2,556,46493,-60.0,51,1,0.6056,0.000898
DuelingDQN,deceptive_grid,2,557,46527,-27.0,34,1,0.6054,0.002621
DuelingDQN,deceptive_grid,2,558,46574,-36.0,47,1,0.605,0.00266
DuelingDQN,deceptive_grid,2,559,46616,-31.0,42,1,0.6046,0.002955
DuelingDQN,deceptive_grid,2,560,46692,-73.0,76,1,0.604,0.002304
DuelingDQN,deceptive_grid,2,561,46727,-24.0,35,1,0.6037,0.002224
DuelingDQN,deceptive_grid,2,562,46789,-67.0,62,1,0.6031,0.002764
DuelingDQN,deceptive_grid,2,563,46811,-15.0,22,1,0.603,0.002754
DuelingDQN,deceptive_grid,2,564,46835,-13.0,24,1,0.6027,0.002734
DuelingDQN,deceptive_grid,2,565,46907,-93.0,72,1,0.6021,0.002736
DuelingDQN,deceptive_grid,2,566,46971,-53.0,64,1,0.6016,0.002763
DuelingDQN,deceptive_grid,2,567,46981,-7.0,10,1,0.6015,0.001868
DuelingDQN,deceptive_grid,2,568,47031,-51.0,50,1,0.6011,0.00336
DuelingDQN,deceptive_grid,2,569,47060,-22.0,29,1,0.6008,0.003559
DuelingDQN,deceptive_grid,2,570,47124,-69.0,64,1,0.6003,0.002449
DuelingDQN,deceptive_grid,2,571,47148,-13.0,24,1,0.6001,0.001386
DuelingDQN,deceptive_grid,2,572,47175,-24.0,27,1,0.5999,0.001313
DuelingDQN,deceptive_grid,2,573,47243,-65.0,68,1,0.5993,0.001592
DuelingDQN,deceptive_grid,2,574,47287,-45.0,44,1,0.5989,0.001192
DuelingDQN,deceptive_grid,2,575,47311,-25.0,24,1,0.5987,0.001329
DuelingDQN,deceptive_grid,2,576,47398,-92.0,87,1,0.598,0.000929
DuelingDQN,deceptive_grid,2,577,47446,-61.0,48,1,0.5976,0.000798
DuelingDQN,deceptive_grid,2,578,47491,-34.0,45,1,0.5972,0.000615
DuelingDQN,deceptive_grid,2,579,47549,-55.0,58,1,0.5967,0.00319
DuelingDQN,deceptive_grid,2,580,47573,-21.0,24,1,0.5965,0.00382
DuelingDQN,deceptive_grid,2,581,47636,-56.0,63,1,0.596,0.003006
DuelingDQN,deceptive_grid,2,582,47691,-52.0,55,1,0.5955,0.003954
DuelingDQN,deceptive_grid,2,583,47716,-26.0,25,1,0.5953,0.002509
DuelingDQN,deceptive_grid,2,584,47739,-20.0,23,1,0.5951,0.002323
DuelingDQN,deceptive_grid,2,585,47814,-80.0,75,1,0.5944,0.001628
DuelingDQN,deceptive_grid,2,586,47829,-4.0,15,1,0.5943,0.001708
DuelingDQN,deceptive_grid,2,587,47862,-26.0,33,1,0.594,0.001346
DuelingDQN,deceptive_grid,2,588,47941,-92.0,79,1,0.5934,0.00121
DuelingDQN,deceptive_grid,2,589,47990,-42.0,49,1,0.593,0.001413
DuelingDQN,deceptive_grid,2,590,48019,-18.0,29,1,0.5927,0.002766
DuelingDQN,deceptive_grid,2,591,48035,-9.0,16,1,0.5926,0.004152
DuelingDQN,deceptive_grid,2,592,48077,-35.0,42,1,0.5922,0.002515
DuelingDQN,deceptive_grid,2,593,48121,-33.0,44,1,0.5918,0.002637
DuelingDQN,deceptive_grid,2,594,48198,-78.0,77,1,0.5912,0.003112
DuelingDQN,deceptive_grid,2,595,48262,-65.0,64,1,0.5906,0.002943
DuelingDQN,deceptive_grid,2,596,48310,-37.0,48,1,0.5902,0.004568
DuelingDQN,deceptive_grid,2,597,48357,-36.0,47,1,0.5898,0.003133
DuelingDQN,deceptive_grid,2,598,48365,3.0,8,1,0.5898,0.002504
DuelingDQN,deceptive_grid,2,599,48419,-59.0,54,1,0.5893,0.0016
DuelingDQN,deceptive_grid,2,600,48427,3.0,8,1,0.5892,0.001084
DuelingDQN,deceptive_grid,2,601,48473,-39.0,46,1,0.5889,0.001103
DuelingDQN,deceptive_grid,2,602,48521,-53.0,48,1,0.5884,0.001751
DuelingDQN,deceptive_grid,2,603,48568,-40.0,47,1,0.588,0.002419
DuelingDQN,deceptive_grid,2,604,48618,-47.0,50,1,0.5876,0.002259
DuelingDQN,deceptive_grid,2,605,48632,-11.0,14,1,0.5875,0.001938
DuelingDQN,deceptive_grid,2,606,48662,-19.0,30,1,0.5873,0.001417
DuelingDQN,deceptive_grid,2,607,48682,-13.0,20,1,0.5871,0.001134
DuelingDQN,deceptive_grid,2,608,48717,-32.0,35,1,0.5868,0.000862
DuelingDQN,deceptive_grid,2,609,48788,-64.0,71,1,0.5862,0.000629
DuelingDQN,deceptive_grid,2,610,48820,-25.0,32,1,0.5859,0.000446
DuelingDQN,deceptive_grid,2,611,48824,7.0,4,1,0.5859,0.000514
DuelingDQN,deceptive_grid,2,612,48828,7.0,4,1,0.5858,0.000447
DuelingDQN,deceptive_grid,2,613,48871,-40.0,43,1,0.5855,0.000763
DuelingDQN,deceptive_grid,2,614,48900,-22.0,29,1,0.5852,0.000603
DuelingDQN,deceptive_grid,2,615,48965,-58.0,65,1,0.5847,0.000488
DuelingDQN,deceptive_grid,2,616,49016,-56.0,51,1,0.5842,0.001044
DuelingDQN,deceptive_grid,2,617,49031,-16.0,15,1,0.5841,0.002785
DuelingDQN,deceptive_grid,2,618,49083,-41.0,52,1,0.5837,0.003966
DuelingDQN,deceptive_grid,2,619,49169,-87.0,86,1,0.583,0.003076
DuelingDQN,deceptive_grid,2,620,49213,-37.0,44,1,0.5826,0.001624
DuelingDQN,deceptive_grid,2,621,49223,-3.0,10,1,0.5825,0.001573
DuelingDQN,deceptive_grid,2,622,49269,-51.0,46,1,0.5821,0.001164
DuelingDQN,deceptive_grid,2,623,49306,-34.0,37,1,0.5818,0.001357
DuelingDQN,deceptive_grid,2,624,49325,-12.0,19,1,0.5816,0.001526
DuelingDQN,deceptive_grid,2,625,49330,2.0,5,1,0.5816,0.00209
DuelingDQN,deceptive_grid,2,626,49369,-32.0,39,1,0.5813,0.001559
DuelingDQN,deceptive_grid,2,627,49417,-53.0,48,1,0.5808,0.001288
DuelingDQN,deceptive_grid,2,628,49433,-5.0,16,1,0.5807,0.001518
DuelingDQN,deceptive_grid,2,629,49453,-17.0,20,1,0.5805,0.001176
DuelingDQN,deceptive_grid,2,630,49503,-67.0,50,1,0.5801,0.002095
DuelingDQN,deceptive_grid,2,631,49546,-36.0,43,1,0.5798,0.003635
DuelingDQN,deceptive_grid,2,632,49557,0.0,11,1,0.5797,0.00465
DuelingDQN,deceptive_grid,2,633,49558,10.0,1,1,0.5797,0.002594
DuelingDQN,deceptive_grid,2,634,49583,-18.0,25,1,0.5794,0.004556
DuelingDQN,deceptive_grid,2,635,49598,-8.0,15,1,0.5793,0.005851
DuelingDQN,deceptive_grid,2,636,49634,-29.0,36,1,0.579,0.006224
DuelingDQN,deceptive_grid,2,637,49663,-18.0,29,1,0.5788,0.004419
DuelingDQN,deceptive_grid,2,638,49669,5.0,6,1,0.5787,0.00378
DuelingDQN,deceptive_grid,2,639,49747,-87.0,78,1,0.578,0.002481
DuelingDQN,deceptive_grid,2,640,49754,0.0,7,1,0.578,0.001419
DuelingDQN,deceptive_grid,2,641,49763,-2.0,9,1,0.5779,0.001677
DuelingDQN,deceptive_grid,2,642,49786,-12.0,23,1,0.5777,0.001587
DuelingDQN,deceptive_grid,2,643,49851,-62.0,65,1,0.5772,0.001103
DuelingDQN,deceptive_grid,2,644,49869,-7.0,18,1,0.577,0.000827
DuelingDQN,deceptive_grid,2,645,49910,-38.0,41,1,0.5767,0.000781
DuelingDQN,deceptive_grid,2,646,49993,-80.0,83,1,0.576,0.00097
DuelingDQN,deceptive_grid,2,647,50010,-6.0,17,1,0.5758,0.002474
DuelingDQN,deceptive_grid,2,648,50079,-74.0,69,1,0.5752,0.002731
DuelingDQN,deceptive_grid,2,649,50106,-20.0,27,1,0.575,0.001619
DuelingDQN,deceptive_grid,2,650,50153,-52.0,47,1,0.5746,0.00151
DuelingDQN,deceptive_grid,2,651,50194,-38.0,41,1,0.5743,0.001301
DuelingDQN,deceptive_grid,2,652,50232,-39.0,38,1,0.5739,0.001151
DuelingDQN,deceptive_grid,2,653,50282,-55.0,50,1,0.5735,0.001372
DuelingDQN,deceptive_grid,2,654,50291,-2.0,9,1,0.5734,0.00119
DuelingDQN,deceptive_grid,2,655,50311,-13.0,20,1,0.5733,0.001223
DuelingDQN,deceptive_grid,2,656,50379,-77.0,68,1,0.5727,0.001096
DuelingDQN,deceptive_grid,2,657,50403,-21.0,24,1,0.5725,0.000917
DuelingDQN,deceptive_grid,2,658,50414,0.0,11,1,0.5724,0.00084
DuelingDQN,deceptive_grid,2,659,50439,-14.0,25,1,0.5722,0.000996
DuelingDQN,deceptive_grid,2,660,50449,-3.0,10,1,0.5721,0.000917
DuelingDQN,deceptive_grid,2,661,50513,-57.0,64,1,0.5716,0.001667
DuelingDQN,deceptive_grid,2,662,50596,-80.0,83,1,0.5708,0.002832
DuelingDQN,deceptive_grid,2,663,50653,-58.0,57,1,0.5704,0.001883
DuelingDQN,deceptive_grid,2,664,50712,-52.0,59,1,0.5699,0.00123
DuelingDQN,deceptive_grid,2,665,50747,-44.0,35,1,0.5696,0.001138
DuelingDQN,deceptive_grid,2,666,50752,6.0,5,1,0.5695,0.001492
DuelingDQN,deceptive_grid,2,667,50761,2.0,9,1,0.5694,0.001129
DuelingDQN,deceptive_grid,2,668,50807,-39.0,46,1,0.5691,0.001226
DuelingDQN,deceptive_grid,2,669,50840,-22.0,33,1,0.5688,0.00132
DuelingDQN,deceptive_grid,2,670,50851,0.0,11,1,0.5687,0.001275
DuelingDQN,deceptive_grid,2,671,50869,-7.0,18,1,0.5685,0.001042
DuelingDQN,deceptive_grid,2,672,50920,-48.0,51,1,0.5681,0.001031
DuelingDQN,deceptive_grid,2,673,50972,-57.0,52,1,0.5677,0.001176
DuelingDQN,deceptive_grid,2,674,51021,-42.0,49,1,0.5672,0.00292
DuelingDQN,deceptive_grid,2,675,51060,-32.0,39,1,0.5669,0.004547
DuelingDQN,deceptive_grid,2,676,51076,-5.0,16,1,0.5668,0.004643
DuelingDQN,deceptive_grid,2,677,51095,-12.0,19,1,0.5666,0.003684
DuelingDQN,deceptive_grid,2,678,51148,-42.0,53,1,0.5662,0.003347
DuelingDQN,deceptive_grid,2,679,51178,-35.0,30,1,0.5659,0.002651
DuelingDQN,deceptive_grid,2,680,51203,-18.0,25,1,0.5657,0.002281
DuelingDQN,deceptive_grid,2,681,51227,-29.0,24,1,0.5655,0.002351
DuelingDQN,deceptive_grid,2,682,51255,-25.0,28,1,0.5653,0.002612
DuelingDQN,deceptive_grid,2,683,51258,8.0,3,1,0.5652,0.002285
DuelingDQN,deceptive_grid,2,684,51275,-22.0,17,1,0.5651,0.002237
DuelingDQN,deceptive_grid,2,685,51344,-62.0,69,1,0.5645,0.002472
DuelingDQN,deceptive_grid,2,686,51402,-55.0,58,1,0.564,0.001919
DuelingDQN,deceptive_grid,2,687,51424,-15.0,22,1,0.5638,0.001738
DuelingDQN,deceptive_grid,2,688,51458,-27.0,34,1,0.5635,0.001887
DuelingDQN,deceptive_grid,2,689,51495,-26.0,37,1,0.5632,0.00134
DuelingDQN,deceptive_grid,2,690,51548,-50.0,53,1,0.5628,0.003204
DuelingDQN,deceptive_grid,2,691,51581,-22.0,33,1,0.5625,0.003636
DuelingDQN,deceptive_grid,2,692,51618,-26.0,37,1,0.5622,0.003368
DuelingDQN,deceptive_grid,2,693,51620,9.0,2,1,0.5622,0.00394
DuelingDQN,deceptive_grid,2,694,51630,1.0,10,1,0.5621,0.003223
DuelingDQN,deceptive_grid,2,695,51657,-16.0,27,1,0.5618,0.00352
DuelingDQN,deceptive_grid,2,696,51700,-32.0,43,1,0.5615,0.002564
DuelingDQN,deceptive_grid,2,697,51766,-59.0,66,1,0.5609,0.001523
DuelingDQN,deceptive_grid,2,698,51794,-21.0,28,1,0.5607,0.0012
DuelingDQN,deceptive_grid,2,699,51829,-36.0,35,1,0.5604,0.00134
DuelingDQN,deceptive_grid,2,700,51871,-31.0,42,1,0.56,0.001304
DuelingDQN,deceptive_grid,2,701,51876,6.0,5,1,0.56,0.001262
DuelingDQN,deceptive_grid,2,702,51918,-35.0,42,1,0.5596,0.00107
DuelingDQN,deceptive_grid,2,703,52042,-121.0,124,1,0.5586,0.001739
DuelingDQN,deceptive_grid,2,704,52076,-35.0,34,1,0.5583,0.002764
DuelingDQN,deceptive_grid,2,705,52113,-30.0,37,1,0.558,0.002653
DuelingDQN,deceptive_grid,2,706,52146,-22.0,33,1,0.5577,0.002334
DuelingDQN,deceptive_grid,2,707,52155,2.0,9,1,0.5576,0.002342
DuelingDQN,deceptive_grid,2,708,52178,-12.0,23,1,0.5574,0.002317
DuelingDQN,deceptive_grid,2,709,52209,-36.0,31,1,0.5572,0.001747
DuelingDQN,deceptive_grid,2,710,52216,0.0,7,1,0.5571,0.002031
DuelingDQN,deceptive_grid,2,711,52276,-81.0,60,1,0.5566,0.001893
DuelingDQN,deceptive_grid,2,712,52303,-28.0,27,1,0.5564,0.001661
DuelingDQN,deceptive_grid,2,713,52326,-20.0,23,1,0.5562,0.001115
DuelingDQN,deceptive_grid,2,714,52363,-26.0,37,1,0.5559,0.000968
DuelingDQN,deceptive_grid,2,715,52403,-33.0,40,1,0.5555,0.000952
DuelingDQN,deceptive_grid,2,716,52415,-5.0,12,1,0.5554,0.000754
DuelingDQN,deceptive_grid,2,717,52432,-14.0,17,1,0.5553,0.000587
DuelingDQN,deceptive_grid,2,718,52484,-41.0,52,1,0.5548,0.000676
DuelingDQN,deceptive_grid,2,719,52499,-8.0,15,1,0.5547,0.000534
DuelingDQN,deceptive_grid,2,720,52533,-27.0,34,1,0.5544,0.002612
DuelingDQN,deceptive_grid,2,721,52547,-11.0,14,1,0.5543,0.002953
DuelingDQN,deceptive_grid,2,722,52566,-20.0,19,1,0.5541,0.002847
DuelingDQN,deceptive_grid,2,723,52584,-7.0,18,1,0.554,0.002411
DuelingDQN,deceptive_grid,2,724,52626,-31.0,42,1,0.5536,0.002333
DuelingDQN,deceptive_grid,2,725,52656,-23.0,30,1,0.5534,0.001954
DuelingDQN,deceptive_grid,2,726,52679,-12.0,23,1,0.5532,0.001419
DuelingDQN,deceptive_grid,2,727,52706,-24.0,27,1,0.5529,0.001399
DuelingDQN,deceptive_grid,2,728,52744,-39.0,38,1,0.5526,0.001087
DuelingDQN,deceptive_grid,2,729,52793,-42.0,49,1,0.5522,0.000816
DuelingDQN,deceptive_grid,2,730,52866,-70.0,73,1,0.5516,0.000886
DuelingDQN,deceptive_grid,2,731,52925,-68.0,59,1,0.5511,0.001297
DuelingDQN,deceptive_grid,2,732,52955,-27.0,30,1,0.5508,0.001299
DuelingDQN,deceptive_grid,2,733,52977,-11.0,22,1,0.5507,0.001105
DuelingDQN,deceptive_grid,2,734,53001,-17.0,24,1,0.5504,0.001411
DuelingDQN,deceptive_grid,2,735,53028,-20.0,27,1,0.5502,0.003561
DuelingDQN,deceptive_grid,2,736,53043,-4.0,15,1,0.5501,0.003525
DuelingDQN,deceptive_grid,2,737,53065,-11.0,22,1,0.5499,0.003255
DuelingDQN,deceptive_grid,2,738,53069,7.0,4,1,0.5499,0.004257
DuelingDQN,deceptive_grid,2,739,53098,-50.0,29,1,0.5496,0.002961
DuelingDQN,deceptive_grid,2,740,53127,-18.0,29,1,0.5494,0.003054
DuelingDQN,deceptive_grid,2,741,53151,-17.0,24,1,0.5492,0.00223
DuelingDQN,deceptive_grid,2,742,53190,-28.0,39,1,0.5488,0.003215
DuelingDQN,deceptive_grid,2,743,53196,5.0,6,1,0.5488,0.004992
DuelingDQN,deceptive_grid,2,744,53205,2.0,9,1,0.5487,0.004988
DuelingDQN,deceptive_grid,2,745,53210,2.0,5,1,0.5487,0.003938
DuelingDQN,deceptive_grid,2,746,53271,-62.0,61,1,0.5482,0.002966
DuelingDQN,deceptive_grid,2,747,53345,-67.0,74,1,0.5475,0.001472
DuelingDQN,deceptive_grid,2,748,53374,-30.0,29,1,0.5473,0.001058
DuelingDQN,deceptive_grid,2,749,53413,-44.0,39,1,0.547,0.001166
DuelingDQN,deceptive_grid,2,750,53419,1.0,6,1,0.5469,0.001276
DuelingDQN,deceptive_grid,2,751,53432,-6.0,13,1,0.5468,0.001194
DuelingDQN,deceptive_grid,2,752,53443,0.0,11,1,0.5467,0.001291
DuelingDQN,deceptive_grid,2,753,53479,-41.0,36,1,0.5464,0.001098
DuelingDQN,deceptive_grid,2,754,53484,2.0,5,1,0.5463,0.00084
DuelingDQN,deceptive_grid,2,755,53517,-34.0,33,1,0.5461,0.001698
DuelingDQN,deceptive_grid,2,756,53540,-16.0,23,1,0.5459,0.002236
DuelingDQN,deceptive_grid,2,757,53572,-21.0,32,1,0.5456,0.002103
DuelingDQN,deceptive_grid,2,758,53635,-68.0,63,1,0.5451,0.001691
DuelingDQN,deceptive_grid,2,759,53682,-52.0,47,1,0.5447,0.002293
DuelingDQN,deceptive_grid,2,760,53696,-3.0,14,1,0.5446,0.00245
DuelingDQN,deceptive_grid,2,761,53744,-45.0,48,1,0.5441,0.002057
DuelingDQN,deceptive_grid,2,762,53774,-27.0,30,1,0.5439,0.001874
DuelingDQN,deceptive_grid,2,763,53806,-21.0,32,1,0.5436,0.001535
DuelingDQN,deceptive_grid,2,764,53829,-12.0,23,1,0.5434,0.001619
DuelingDQN,deceptive_grid,2,765,53883,-47.0,54,1,0.543,0.001259
DuelingDQN,deceptive_grid,2,766,53933,-55.0,50,1,0.5425,0.001056
DuelingDQN,deceptive_grid,2,767,53949,-9.0,16,1,0.5424,0.001209
DuelingDQN,deceptive_grid,2,768,53995,-35.0,46,1,0.542,0.00099
DuelingDQN,deceptive_grid,2,769,54049,-47.0,54,1,0.5416,0.002695
DuelingDQN,deceptive_grid,2,770,54097,-49.0,48,1,0.5412,0.002635
DuelingDQN,deceptive_grid,2,771,54123,-15.0,26,1,0.5409,0.001907
DuelingDQN,deceptive_grid,2,772,54131,3.0,8,1,0.5409,0.001728
DuelingDQN,deceptive_grid,2,773,54185,-55.0,54,1,0.5404,0.002236
DuelingDQN,deceptive_grid,2,774,54218,-22.0,33,1,0.5401,0.001859
DuelingDQN,deceptive_grid,2,775,54284,-91.0,66,1,0.5396,0.001751
DuelingDQN,deceptive_grid,2,776,54315,-28.0,31,1,0.5393,0.002323
DuelingDQN,deceptive_grid,2,777,54316,10.0,1,1,0.5393,0.003557
DuelingDQN,deceptive_grid,2,778,54346,-19.0,30,1,0.539,0.002086
DuelingDQN,deceptive_grid,2,779,54374,-17.0,28,1,0.5388,0.002351
DuelingDQN,deceptive_grid,2,780,54436,-75.0,62,1,0.5383,0.00154
DuelingDQN,deceptive_grid,2,781,54467,-20.0,31,1,0.538,0.000811
DuelingDQN,deceptive_grid,2,782,54525,-55.0,58,1,0.5375,0.001196
DuelingDQN,deceptive_grid,2,783,54542,-6.0,17,1,0.5374,0.001673
DuelingDQN,deceptive_grid,2,784,54577,-36.0,35,1,0.5371,0.002672
DuelingDQN,deceptive_grid,2,785,54602,-14.0,25,1,0.5369,0.002586
DuelingDQN,deceptive_grid,2,786,54610,3.0,8,1,0.5368,0.002122
DuelingDQN,deceptive_grid,2,787,54642,-25.0,32,1,0.5365,0.001733
DuelingDQN,deceptive_grid,2,788,54712,-67.0,70,1,0.5359,0.001968
DuelingDQN,deceptive_grid,2,789,54733,-14.0,21,1,0.5358,0.001444
DuelingDQN,deceptive_grid,2,790,54747,-7.0,14,1,0.5356,0.001225
DuelingDQN,deceptive_grid,2,791,54763,-9.0,16,1,0.5355,0.000922
DuelingDQN,deceptive_grid,2,792,54789,-27.0,26,1,0.5353,0.001131
DuelingDQN,deceptive_grid,2,793,54797,3.0,8,1,0.5352,0.0015
DuelingDQN,deceptive_grid,2,794,54820,-24.0,23,1,0.535,0.001098
DuelingDQN,deceptive_grid,2,795,54859,-28.0,39,1,0.5347,0.000731
DuelingDQN,deceptive_grid,2,796,54911,-53.0,52,1,0.5342,0.000762
DuelingDQN,deceptive_grid,2,797,54913,5.0,2,1,0.5342,0.000591
DuelingDQN,deceptive_grid,2,798,54938,-22.0,25,1,0.534,0.000596
DuelingDQN,deceptive_grid,2,799,54947,2.0,9,1,0.5339,0.000547
DuelingDQN,deceptive_grid,2,800,54967,-17.0,20,1,0.5338,0.000617
DQN,deceptive_grid,3,1,97,-110.0,97,1,0.9992,
DQN,deceptive_grid,3,2,297,-252.0,200,0,0.9975,
DQN,deceptive_grid,3,3,497,-240.0,200,0,0.9958,
DQN,deceptive_grid,3,4,697,-276.0,200,0,0.9941,
DQN,deceptive_grid,3,5,897,-252.0,200,0,0.9924,
DQN,deceptive_grid,3,6,900,4.0,3,1,0.9924,
DQN,deceptive_grid,3,7,1100,-296.0,200,0,0.9907,0.337906
DQN,deceptive_grid,3,8,1227,-152.0,127,1,0.9896,0.277146
DQN,deceptive_grid,3,9,1427,-340.0,200,0,0.9879,0.261838
DQN,deceptive_grid,3,10,1627,-232.0,200,0,0.9862,0.23646
DQN,deceptive_grid,3,11,1827,-296.0,200,0,0.9845,0.174782
DQN,deceptive_grid,3,12,2027,-288.0,200,0,0.9828,0.149644
DQN,deceptive_grid,3,13,2192,-222.0,165,1,0.9814,0.105906
DQN,deceptive_grid,3,14,2392,-260.0,200,0,0.9797,0.100775
DQN,deceptive_grid,3,15,2592,-216.0,200,0,0.978,0.083993
DQN,deceptive_grid,3,16,2792,-224.0,200,0,0.9763,0.062848
DQN,deceptive_grid,3,17,2813,-10.0,21,1,0.9761,0.041862
DQN,deceptive_grid,3,18,3013,-260.0,200,0,0.9744,0.059914
DQN,deceptive_grid,3,19,3213,-252.0,200,0,0.9727,0.060647
DQN,deceptive_grid,3,20,3413,-292.0,200,0,0.9711,0.05113
DQN,deceptive_grid,3,21,3613,-292.0,200,0,0.9694,0.066048
DQN,deceptive_grid,3,22,3813,-260.0,200,0,0.9677,0.048722
DQN,deceptive_grid,3,23,3870,-78.0,57,1,0.9672,0.042038
DQN,deceptive_grid,3,24,4070,-244.0,200,0,0.9655,0.066846
DQN,deceptive_grid,3,25,4270,-240.0,200,0,0.9638,0.054808
DQN,deceptive_grid,3,26,4470,-292.0,200,0,0.9621,0.05046
DQN,deceptive_grid,3,27,4508,-35.0,38,1,0.9618,0.095683
DQN,deceptive_grid,3,28,4708,-260.0,200,0,0.9601,0.064653
DQN,deceptive_grid,3,29,4850,-211.0,142,1,0.9589,0.051323
DQN,deceptive_grid,3,30,5050,-288.0,200,0,0.9572,0.065326
DQN,deceptive_grid,3,31,5250,-260.0,200,0,0.9555,0.054512
DQN,deceptive_grid,3,32,5268,-7.0,18,1,0.9553,0.055181
DQN,deceptive_grid,3,33,5468,-280.0,200,0,0.9536,0.059413
DQN,deceptive_grid,3,34,5668,-260.0,200,0,0.9519,0.063735
DQN,deceptive_grid,3,35,5868,-228.0,200,0,0.9502,0.058958
DQN,deceptive_grid,3,36,6068,-300.0,200,0,0.9485,0.069412
DQN,deceptive_grid,3,37,6268,-328.0,200,0,0.9468,0.052871
DQN,deceptive_grid,3,38,6468,-256.0,200,0,0.9451,0.057319
DQN,deceptive_grid,3,39,6668,-232.0,200,0,0.9434,0.071434
DQN,deceptive_grid,3,40,6868,-272.0,200,0,0.9417,0.052999
DQN,deceptive_grid,3,41,6929,-78.0,61,1,0.9412,0.036497
DQN,deceptive_grid,3,42,7102,-234.0,173,1,0.9398,0.070792
DQN,deceptive_grid,3,43,7302,-248.0,200,0,0.9381,0.052806
DQN,deceptive_grid,3,44,7305,8.0,3,1,0.938,0.03565
DQN,deceptive_grid,3,45,7377,-77.0,72,1,0.9374,0.080587
DQN,deceptive_grid,3,46,7577,-224.0,200,0,0.9357,0.060685
DQN,deceptive_grid,3,47,7777,-240.0,200,0,0.934,0.068675
DQN,deceptive_grid,3,48,7977,-272.0,200,0,0.9323,0.054043
DQN,deceptive_grid,3,49,8177,-200.0,200,0,0.9306,0.074811
DQN,deceptive_grid,3,50,8200,-32.0,23,1,0.9304,0.052494
DQN,deceptive_grid,3,51,8369,-270.0,169,1,0.929,0.072468
DQN,deceptive_grid,3,52,8569,-280.0,200,0,0.9273,0.085317
DQN,deceptive_grid,3,53,8769,-268.0,200,0,0.9256,0.073478
DQN,deceptive_grid,3,54,8969,-248.0,200,0,0.9239,0.061694
DQN,deceptive_grid,3,55,9169,-236.0,200,0,0.9222,0.077731
DQN,deceptive_grid,3,56,9369,-244.0,200,0,0.9205,0.08446
DQN,deceptive_grid,3,57,9569,-220.0,200,0,0.9188,0.075312
DQN,deceptive_grid,3,58,9769,-316.0,200,0,0.9171,0.071159
DQN,deceptive_grid,3,59,9969,-252.0,200,0,0.9154,0.075246
DQN,deceptive_grid,3,60,10164,-232.0,195,1,0.9138,0.082222
DQN,deceptive_grid,3,61,10364,-236.0,200,0,0.9121,0.078313
DQN,deceptive_grid,3,62,10564,-212.0,200,0,0.9104,0.087264
DQN,deceptive_grid,3,63,10764,-292.0,200,0,0.9087,0.095244
DQN,deceptive_grid,3,64,10964,-228.0,200,0,0.907,0.077595
DQN,deceptive_grid,3,65,11159,-236.0,195,1,0.9053,0.109069
DQN,deceptive_grid,3,66,11274,-176.0,115,1,0.9044,0.09141
DQN,deceptive_grid,3,67,11448,-215.0,174,1,0.9029,0.092069
DQN,deceptive_grid,3,68,11552,-133.0,104,1,0.902,0.108685
DQN,deceptive_grid,3,69,11752,-284.0,200,0,0.9003,0.123759
DQN,deceptive_grid,3,70,11952,-244.0,200,0,0.8986,0.115961
DQN,deceptive_grid,3,71,11978,-31.0,26,1,0.8984,0.110913
DQN,deceptive_grid,3,72,12156,-227.0,178,1,0.8969,0.146334
DQN,deceptive_grid,3,73,12356,-248.0,200,0,0.8952,0.12227
DQN,deceptive_grid,3,74,12556,-272.0,200,0,0.8935,0.146793
DQN,deceptive_grid,3,75,12742,-227.0,186,1,0.8919,0.160415
DQN,deceptive_grid,3,76,12942,-312.0,200,0,0.8902,0.165036
DQN,deceptive_grid,3,77,13142,-224.0,200,0,0.8885,0.172838
DQN,deceptive_grid,3,78,13251,-158.0,109,1,0.8876,0.163718
DQN,deceptive_grid,3,79,13451,-288.0,200,0,0.8859,0.182234
DQN,deceptive_grid,3,80,13651,-284.0,200,0,0.8842,0.199001
DQN,deceptive_grid,3,81,13851,-240.0,200,0,0.8825,0.161068
DQN,deceptive_grid,3,82,13942,-100.0,91,1,0.8817,0.17888
DQN,deceptive_grid,3,83,13946,7.0,4,1,0.8817,0.111283
DQN,deceptive_grid,3,84,14146,-404.0,200,0,0.88,0.192742
DQN,deceptive_grid,3,85,14322,-205.0,176,1,0.8785,0.203522
DQN,deceptive_grid,3,86,14376,-59.0,54,1,0.8781,0.190436
DQN,deceptive_grid,3,87,14576,-268.0,200,0,0.8764,0.199384
DQN,deceptive_grid,3,88,14679,-152.0,103,1,0.8755,0.207796
DQN,deceptive_grid,3,89,14691,-1.0,12,1,0.8754,0.18191
DQN,deceptive_grid,3,90,14891,-256.0,200,0,0.8737,0.195565
DQN,deceptive_grid,3,91,14908,-10.0,17,1,0.8735,0.221386
DQN,deceptive_grid,3,92,14950,-43.0,42,1,0.8732,0.234933
DQN,deceptive_grid,3,93,15150,-216.0,200,0,0.8715,0.228331
DQN,deceptive_grid,3,94,15217,-88.0,67,1,0.8709,0.211842
DQN,deceptive_grid,3,95,15322,-98.0,105,1,0.87,0.227379
DQN,deceptive_grid,3,96,15489,-200.0,167,1,0.8686,0.229106
DQN,deceptive_grid,3,97,15689,-272.0,200,0,0.8669,0.222779
DQN,deceptive_grid,3,98,15693,7.0,4,1,0.8669,0.133061
DQN,deceptive_grid,3,99,15893,-240.0,200,0,0.8652,0.237537
DQN,deceptive_grid,3,100,16040,-160.0,147,1,0.8639,0.214907
DQN,deceptive_grid,3,101,16045,6.0,5,1,0.8639,0.147035
DQN,deceptive_grid,3,102,16245,-248.0,200,0,0.8622,0.227874
DQN,deceptive_grid,3,103,16445,-272.0,200,0,0.8605,0.242793
DQN,deceptive_grid,3,104,16645,-264.0,200,0,0.8588,0.249221
DQN,deceptive_grid,3,105,16745,-125.0,100,1,0.858,0.253902
DQN,deceptive_grid,3,106,16945,-336.0,200,0,0.8563,0.226724
DQN,deceptive_grid,3,107,16952,0.0,7,1,0.8562,0.253863
DQN,deceptive_grid,3,108,17152,-232.0,200,0,0.8545,0.26858
DQN,deceptive_grid,3,109,17250,-99.0,98,1,0.8537,0.255501
DQN,deceptive_grid,3,110,17421,-204.0,171,1,0.8522,0.251283
DQN,deceptive_grid,3,111,17621,-256.0,200,0,0.8505,0.2825
DQN,deceptive_grid,3,112,17719,-107.0,98,1,0.8497,0.252808
DQN,deceptive_grid,3,113,17919,-244.0,200,0,0.848,0.260794
DQN,deceptive_grid,3,114,18094,-236.0,175,1,0.8465,0.275775
DQN,deceptive_grid,3,115,18294,-284.0,200,0,0.8448,0.272079
DQN,deceptive_grid,3,116,18449,-208.0,155,1,0.8435,0.283763
DQN,deceptive_grid,3,117,18649,-244.0,200,0,0.8418,0.268417
DQN,deceptive_grid,3,118,18700,-56.0,51,1,0.8414,0.254604
DQN,deceptive_grid,3,119,18746,-59.0,46,1,0.841,0.282362
DQN,deceptive_grid,3,120,18946,-260.0,200,0,0.8393,0.270489
DQN,deceptive_grid,3,121,18968,-23.0,22,1,0.8391,0.321912
DQN,deceptive_grid,3,122,19168,-232.0,200,0,0.8374,0.291748
DQN,deceptive_grid,3,123,19368,-228.0,200,0,0.8357,0.269827
DQN,deceptive_grid,3,124,19427,-48.0,59,1,0.8352,0.249303
DQN,deceptive_grid,3,125,19627,-276.0,200,0,0.8335,0.274744
DQN,deceptive_grid,3,126,19660,-30.0,33,1,0.8332,0.310305
DQN,deceptive_grid,3,127,19860,-288.0,200,0,0.8315,0.262856
DQN,deceptive_grid,3,128,19982,-167.0,122,1,0.8305,0.268096
DQN,deceptive_grid,3,129,20034,-49.0,52,1,0.8301,0.330261
DQN,deceptive_grid,3,130,20157,-160.0,123,1,0.829,0.291411
DQN,deceptive_grid,3,131,20221,-93.0,64,1,0.8285,0.276422
DQN,deceptive_grid,3,132,20421,-232.0,200,0,0.8268,0.290947
DQN,deceptive_grid,3,133,20621,-256.0,200,0,0.8251,0.286311
DQN,deceptive_grid,3,134,20623,9.0,2,1,0.8251,0.207533
DQN,deceptive_grid,3,135,20818,-236.0,195,1,0.8234,0.298139
DQN,deceptive_grid,3,136,21016,-287.0,198,1,0.8217,0.28634
DQN,deceptive_grid,3,137,21108,-105.0,92,1,0.821,0.311999
DQN,deceptive_grid,3,138,21204,-113.0,96,1,0.8201,0.295753
DQN,deceptive_grid,3,139,21210,5.0,6,1,0.8201,0.324813
DQN,deceptive_grid,3,140,21289,-88.0,79,1,0.8194,0.331408
DQN,deceptive_grid,3,141,21304,-8.0,15,1,0.8193,0.312803
DQN,deceptive_grid,3,142,21504,-284.0,200,0,0.8176,0.324007
DQN,deceptive_grid,3,143,21704,-328.0,200,0,0.8159,0.365247
DQN,deceptive_grid,3,144,21723,-8.0,19,1,0.8157,0.333241
DQN,deceptive_grid,3,145,21923,-320.0,200,0,0.814,0.33431
DQN,deceptive_grid,3,146,21968,-58.0,45,1,0.8137,0.324369
DQN,deceptive_grid,3,147,22033,-70.0,65,1,0.8131,0.366717
DQN,deceptive_grid,3,148,22039,5.0,6,1,0.8131,0.26007
DQN,deceptive_grid,3,149,22062,-12.0,23,1,0.8129,0.400556
DQN,deceptive_grid,3,150,22210,-189.0,148,1,0.8116,0.364479
DQN,deceptive_grid,3,151,22288,-79.0,78,1,0.811,0.374588
DQN,deceptive_grid,3,152,22339,-48.0,51,1,0.8105,0.350424
DQN,deceptive_grid,3,153,22539,-312.0,200,0,0.8088,0.361896
DQN,deceptive_grid,3,154,22712,-202.0,173,1,0.8074,0.391919
DQN,deceptive_grid,3,155,22832,-129.0,120,1,0.8063,0.412101
DQN,deceptive_grid,3,156,22905,-70.0,73,1,0.8057,0.391833
DQN,deceptive_grid,3,157,23099,-227.0,194,1,0.8041,0.404128
DQN,deceptive_grid,3,158,23299,-308.0,200,0,0.8024,0.384978
DQN,deceptive_grid,3,159,23394,-112.0,95,1,0.8016,0.371866
DQN,deceptive_grid,3,160,23421,-32.0,27,1,0.8013,0.413444
DQN,deceptive_grid,3,161,23621,-240.0,200,0,0.7996,0.433423
DQN,deceptive_grid,3,162,23709,-101.0,88,1,0.7989,0.405617
DQN,deceptive_grid,3,163,23795,-91.0,86,1,0.7982,0.410348
DQN,deceptive_grid,3,164,23976,-214.0,181,1,0.7966,0.42421
DQN,deceptive_grid,3,165,24043,-76.0,67,1,0.7961,0.405681
DQN,deceptive_grid,3,166,24243,-268.0,200,0,0.7944,0.412053
DQN,deceptive_grid,3,167,24294,-64.0,51,1,0.7939,0.397201
DQN,deceptive_grid,3,168,24298,7.0,4,1,0.7939,0.350631
DQN,deceptive_grid,3,169,24466,-217.0,168,1,0.7925,0.407415
DQN,deceptive_grid,3,170,24473,4.0,7,1,0.7924,0.382638
DQN,deceptive_grid,3,171,24503,-39.0,30,1,0.7922,0.44443
DQN,deceptive_grid,3,172,24641,-163.0,138,1,0.791,0.449439
DQN,deceptive_grid,3,173,24755,-123.0,114,1,0.79,0.446797
DQN,deceptive_grid,3,174,24915,-161.0,160,1,0.7887,0.440769
DQN,deceptive_grid,3,175,25115,-244.0,200,0,0.787,0.455012
DQN,deceptive_grid,3,176,25244,-130.0,129,1,0.7859,0.41009
DQN,deceptive_grid,3,177,25270,-27.0,26,1,0.7857,0.448221
DQN,deceptive_grid,3,178,25470,-272.0,200,0,0.784,0.423878
DQN,deceptive_grid,3,179,25524,-59.0,54,1,0.7835,0.448875
DQN,deceptive_grid,3,180,25687,-164.0,163,1,0.7821,0.436561
DQN,deceptive_grid,3,181,25887,-264.0,200,0,0.7804,0.419455
DQN,deceptive_grid,3,182,25966,-72.0,79,1,0.7798,0.44542
DQN,deceptive_grid,3,183,25983,-10.0,17,1,0.7796,0.384887
DQN,deceptive_grid,3,184,26054,-68.0,71,1,0.779,0.454698
DQN,deceptive_grid,3,185,26153,-108.0,99,1,0.7782,0.429907
DQN,deceptive_grid,3,186,26251,-111.0,98,1,0.7773,0.441626
DQN,deceptive_grid,3,187,26341,-103.0,90,1,0.7766,0.426022
DQN,deceptive_grid,3,188,26377,-29.0,36,1,0.7763,0.474822
DQN,deceptive_grid,3,189,26381,-1.0,4,1,0.7762,0.546764
DQN,deceptive_grid,3,190,26456,-72.0,75,1,0.7756,0.406487
DQN,deceptive_grid,3,191,26540,-85.0,84,1,0.7749,0.41233
DQN,deceptive_grid,3,192,26740,-244.0,200,0,0.7732,0.429409
DQN,deceptive_grid,3,193,26854,-163.0,114,1,0.7722,0.400616
DQN,deceptive_grid,3,194,26992,-203.0,138,1,0.7711,0.390965
DQN,deceptive_grid,3,195,27081,-98.0,89,1,0.7703,0.428495
DQN,deceptive_grid,3,196,27152,-76.0,71,1,0.7697,0.391811
DQN,deceptive_grid,3,197,27272,-145.0,120,1,0.7687,0.412657
DQN,deceptive_grid,3,198,27346,-75.0,74,1,0.768,0.422046
DQN,deceptive_grid,3,199,27390,-37.0,44,1,0.7677,0.397839
DQN,deceptive_grid,3,200,27453,-76.0,63,1,0.7671,0.410059
DQN,deceptive_grid,3,201,27469,-9.0,16,1,0.767,0.422301
DQN,deceptive_grid,3,202,27495,-19.0,26,1,0.7668,0.388529
DQN,deceptive_grid,3,203,27543,-45.0,48,1,0.7664,0.439839
DQN,deceptive_grid,3,204,27703,-201.0,160,1,0.765,0.395135
DQN,deceptive_grid,3,205,27726,-24.0,23,1,0.7648,0.400176
DQN,deceptive_grid,3,206,27801,-88.0,75,1,0.7642,0.4051
DQN,deceptive_grid,3,207,28001,-228.0,200,0,0.7625,0.399839
DQN,deceptive_grid,3,208,28195,-259.0,194,1,0.7608,0.407494
DQN,deceptive_grid,3,209,28285,-107.0,90,1,0.7601,0.408291
DQN,deceptive_grid,3,210,28391,-103.0,106,1,0.7592,0.410161
DQN,deceptive_grid,3,211,28505,-123.0,114,1,0.7582,0.386892
DQN,deceptive_grid,3,212,28558,-70.0,53,1,0.7578,0.409544
DQN,deceptive_grid,3,213,28684,-143.0,126,1,0.7567,0.398684
DQN,deceptive_grid,3,214,28853,-182.0,169,1,0.7553,0.377414
DQN,deceptive_grid,3,215,28999,-163.0,146,1,0.754,0.396134
DQN,deceptive_grid,3,216,29081,-75.0,82,1,0.7533,0.42205
DQN,deceptive_grid,3,217,29141,-77.0,60,1,0.7528,0.396842
DQN,deceptive_grid,3,218,29194,-58.0,53,1,0.7524,0.396969
DQN,deceptive_grid,3,219,29208,-11.0,14,1,0.7523,0.345771
DQN,deceptive_grid,3,220,29300,-101.0,92,1,0.7515,0.387327
DQN,deceptive_grid,3,221,29395,-108.0,95,1,0.7507,0.336835
DQN,deceptive_grid,3,222,29400,6.0,5,1,0.7506,0.352884
DQN,deceptive_grid,3,223,29584,-221.0,184,1,0.7491,0.395501
DQN,deceptive_grid,3,224,29622,-31.0,38,1,0.7487,0.366062
DQN,deceptive_grid,3,225,29727,-98.0,105,1,0.7479,0.362662
DQN,deceptive_grid,3,226,29792,-66.0,65,1,0.7473,0.363297
DQN,deceptive_grid,3,227,29937,-178.0,145,1,0.7461,0.354989
DQN,deceptive_grid,3,228,30027,-95.0,90,1,0.7453,0.394205
DQN,deceptive_grid,3,229,30146,-136.0,119,1,0.7443,0.375504
DQN,deceptive_grid,3,230,30256,-151.0,110,1,0.7434,0.352732
DQN,deceptive_grid,3,231,30395,-180.0,139,1,0.7422,0.339879
DQN,deceptive_grid,3,232,30581,-211.0,186,1,0.7406,0.345833
DQN,deceptive_grid,3,233,30703,-131.0,122,1,0.7396,0.335125
DQN,deceptive_grid,3,234,30781,-83.0,78,1,0.7389,0.319894
DQN,deceptive_grid,3,235,30865,-101.0,84,1,0.7382,0.348743
DQN,deceptive_grid,3,236,30875,-3.0,10,1,0.7381,0.316926
DQN,deceptive_grid,3,237,30881,5.0,6,1,0.7381,0.389354
DQN,deceptive_grid,3,238,30975,-95.0,94,1,0.7373,0.316909
DQN,deceptive_grid,3,239,31020,-46.0,45,1,0.7369,0.357061
DQN,deceptive_grid,3,240,31036,-5.0,16,1,0.7367,0.380635
DQN,deceptive_grid,3,241,31140,-105.0,104,1,0.7359,0.331106
DQN,deceptive_grid,3,242,31236,-113.0,96,1,0.7351,0.32277
DQN,deceptive_grid,3,243,31296,-69.0,60,1,0.7345,0.33482
DQN,deceptive_grid,3,244,31302,5.0,6,1,0.7345,0.311307
DQN,deceptive_grid,3,245,31338,-37.0,36,1,0.7342,0.30061
DQN,deceptive_grid,3,246,31357,-12.0,19,1,0.734,0.329244
DQN,deceptive_grid,3,247,31464,-116.0,107,1,0.7331,0.301289
DQN,deceptive_grid,3,248,31492,-33.0,28,1,0.7329,0.296692
DQN,deceptive_grid,3,249,31512,-9.0,20,1,0.7327,0.373104
DQN,deceptive_grid,3,250,31550,-27.0,38,1,0.7324,0.33278
DQN,deceptive_grid,3,251,31646,-97.0,96,1,0.7316,0.302711
DQN,deceptive_grid,3,252,31781,-128.0,135,1,0.7304,0.324189
DQN,deceptive_grid,3,253,31881,-101.0,100,1,0.7296,0.292918
DQN,deceptive_grid,3,254,31966,-86.0,85,1,0.7289,0.286883
DQN,deceptive_grid,3,255,31999,-42.0,33,1,0.7286,0.295651
DQN,deceptive_grid,3,256,32055,-61.0,56,1,0.7281,0.353523
DQN,deceptive_grid,3,257,32093,-43.0,38,1,0.7278,0.296418
DQN,deceptive_grid,3,258,32180,-124.0,87,1,0.727,0.316958
DQN,deceptive_grid,3,259,32234,-59.0,54,1,0.7266,0.288481
DQN,deceptive_grid,3,260,32289,-52.0,55,1,0.7261,0.30149
DQN,deceptive_grid,3,261,32381,-97.0,92,1,0.7253,0.292674
DQN,deceptive_grid,3,262,32438,-54.0,57,1,0.7249,0.295412
DQN,deceptive_grid,3,263,32546,-101.0,108,1,0.7239,0.297572
DQN,deceptive_grid,3,264,32583,-42.0,37,1,0.7236,0.310858
DQN,deceptive_grid,3,265,32641,-63.0,58,1,0.7231,0.289041
DQN,deceptive_grid,3,266,32712,-80.0,71,1,0.7225,0.286973
DQN,deceptive_grid,3,267,32912,-236.0,200,0,0.7208,0.275035
DQN,deceptive_grid,3,268,33020,-129.0,108,1,0.7199,0.26412
DQN,deceptive_grid,3,269,33078,-51.0,58,1,0.7194,0.27243
DQN,deceptive_grid,3,270,33152,-67.0,74,1,0.7188,0.260207
DQN,deceptive_grid,3,271,33235,-76.0,83,1,0.7181,0.282502
DQN,deceptive_grid,3,272,33302,-68.0,67,1,0.7175,0.265973
DQN,deceptive_grid,3,273,33361,-68.0,59,1,0.717,0.25278
DQN,deceptive_grid,3,274,33457,-89.0,96,1,0.7162,0.268342
DQN,deceptive_grid,3,275,33490,-42.0,33,1,0.7159,0.244293
DQN,deceptive_grid,3,276,33558,-65.0,68,1,0.7154,0.298121
DQN,deceptive_grid,3,277,33683,-130.0,125,1,0.7143,0.280152
DQN,deceptive_grid,3,278,33794,-108.0,111,1,0.7134,0.258469
DQN,deceptive_grid,3,279,33853,-68.0,59,1,0.7129,0.276098
DQN,deceptive_grid,3,280,33939,-87.0,86,1,0.7121,0.261837
DQN,deceptive_grid,3,281,33997,-51.0,58,1,0.7116,0.261462
DQN,deceptive_grid,3,282,34110,-106.0,113,1,0.7107,0.278846
DQN,deceptive_grid,3,283,34155,-66.0,45,1,0.7103,0.247292
DQN,deceptive_grid,3,284,34175,-9.0,20,1,0.7101,0.234494
DQN,deceptive_grid,3,285,34329,-159.0,154,1,0.7088,0.255303
DQN,deceptive_grid,3,286,34446,-138.0,117,1,0.7078,0.244953
DQN,deceptive_grid,3,287,34483,-26.0,37,1,0.7075,0.264859
DQN,deceptive_grid,3,288,34576,-110.0,93,1,0.7067,0.283317
DQN,deceptive_grid,3,289,34579,8.0,3,1,0.7067,0.303384
DQN,deceptive_grid,3,290,34611,-21.0,32,1,0.7064,0.250669
DQN,deceptive_grid,3,291,34682,-76.0,71,1,0.7058,0.234981
DQN,deceptive_grid,3,292,34729,-52.0,47,1,0.7054,0.226173
DQN,deceptive_grid,3,293,34754,-22.0,25,1,0.7052,0.234696
DQN,deceptive_grid,3,294,34888,-179.0,134,1,0.7041,0.228189
DQN,deceptive_grid,3,295,34973,-98.0,85,1,0.7034,0.23184
DQN,deceptive_grid,3,296,35023,-39.0,50,1,0.7029,0.236423
DQN,deceptive_grid,3,297,35066,-36.0,43,1,0.7026,0.253488
DQN,deceptive_grid,3,298,35196,-123.0,130,1,0.7015,0.226074
DQN,deceptive_grid,3,299,35246,-39.0,50,1,0.701,0.227427
DQN,deceptive_grid,3,300,35299,-50.0,53,1,0.7006,0.208444
DQN,deceptive_grid,3,301,35344,-46.0,45,1,0.7002,0.235718
DQN,deceptive_grid,3,302,35501,-178.0,157,1,0.6989,0.213543
DQN,deceptive_grid,3,303,35619,-135.0,118,1,0.6979,0.215365
DQN,deceptive_grid,3,304,35661,-35.0,42,1,0.6975,0.197832
DQN,deceptive_grid,3,305,35711,-51.0,50,1,0.6971,0.203073
DQN,deceptive_grid,3,306,35820,-134.0,109,1,0.6962,0.201686
DQN,deceptive_grid,3,307,35822,9.0,2,1,0.6962,0.173114
DQN,deceptive_grid,3,308,35860,-43.0,38,1,0.6958,0.206499
DQN,deceptive_grid,3,309,35881,-22.0,21,1,0.6957,0.176729
DQN,deceptive_grid,3,310,35936,-60.0,55,1,0.6952,0.220813
DQN,deceptive_grid,3,311,36015,-76.0,79,1,0.6945,0.209815
DQN,deceptive_grid,3,312,36033,-15.0,18,1,0.6944,0.196297
DQN,deceptive_grid,3,313,36083,-39.0,50,1,0.6939,0.197061
DQN,deceptive_grid,3,314,36114,-20.0,31,1,0.6937,0.189834
DQN,deceptive_grid,3,315,36233,-128.0,119,1,0.6927,0.196181
DQN,deceptive_grid,3,316,36326,-98.0,93,1,0.6919,0.195045
DQN,deceptive_grid,3,317,36357,-24.0,31,1,0.6916,0.184378
DQN,deceptive_grid,3,318,36394,-34.0,37,1,0.6913,0.173816
DQN,deceptive_grid,3,319,36488,-87.0,94,1,0.6905,0.191963
DQN,deceptive_grid,3,320,36522,-35.0,34,1,0.6902,0.239322
DQN,deceptive_grid,3,321,36575,-58.0,53,1,0.6898,0.194494
DQN,deceptive_grid,3,322,36672,-102.0,97,1,0.6889,0.202274
DQN,deceptive_grid,3,323,36679,4.0,7,1,0.6889,0.158058
DQN,deceptive_grid,3,324,36736,-66.0,57,1,0.6884,0.198667
DQN,deceptive_grid,3,325,36804,-57.0,68,1,0.6878,0.17978
DQN,deceptive_grid,3,326,36875,-72.0,71,1,0.6872,0.180002
DQN,deceptive_grid,3,327,36987,-121.0,112,1,0.6863,0.180852
DQN,deceptive_grid,3,328,37026,-44.0,39,1,0.6859,0.203785
DQN,deceptive_grid,3,329,37044,-11.0,18,1,0.6858,0.213136
DQN,deceptive_grid,3,330,37086,-39.0,42,1,0.6854,0.185683
DQN,deceptive_grid,3,331,37151,-66.0,65,1,0.6849,0.182583
DQN,deceptive_grid,3,332,37174,-16.0,23,1,0.6847,0.178715
DQN,deceptive_grid,3,333,37234,-57.0,60,1,0.6842,0.182979
DQN,deceptive_grid,3,334,37327,-90.0,93,1,0.6834,0.187653
DQN,deceptive_grid,3,335,37382,-60.0,55,1,0.6829,0.17155
DQN,deceptive_grid,3,336,37489,-112.0,107,1,0.682,0.172547
DQN,deceptive_grid,3,337,37579,-99.0,90,1,0.6812,0.175554
DQN,deceptive_grid,3,338,37625,-43.0,46,1,0.6809,0.158912
DQN,deceptive_grid,3,339,37643,-11.0,18,1,0.6807,0.159396
DQN,deceptive_grid,3,340,37646,8.0,3,1,0.6807,0.150727
DQN,deceptive_grid,3,341,37766,-121.0,120,1,0.6797,0.160688
DQN,deceptive_grid,3,342,37896,-147.0,130,1,0.6786,0.163449
DQN,deceptive_grid,3,343,37940,-33.0,44,1,0.6782,0.141699
DQN,deceptive_grid,3,344,37979,-28.0,39,1,0.6779,0.156937
DQN,deceptive_grid,3,345,38038,-80.0,59,1,0.6774,0.168427
DQN,deceptive_grid,3,346,38127,-90.0,89,1,0.6766,0.160327
DQN,deceptive_grid,3,347,38183,-49.0,56,1,0.6761,0.14456
DQN,deceptive_grid,3,348,38271,-93.0,88,1,0.6754,0.150958
DQN,deceptive_grid,3,349,38310,-32.0,39,1,0.675,0.170424
DQN,deceptive_grid,3,350,38448,-151.0,138,1,0.6739,0.148321
DQN,deceptive_grid,3,351,38488,-29.0,40,1,0.6735,0.158596
DQN,deceptive_grid,3,352,38613,-134.0,125,1,0.6725,0.159246
DQN,deceptive_grid,3,353,38616,8.0,3,1,0.6725,0.155221
DQN,deceptive_grid,3,354,38686,-59.0,70,1,0.6719,0.148867
DQN,deceptive_grid,3,355,38764,-87.0,78,1,0.6712,0.146532
DQN,deceptive_grid,3,356,38827,-60.0,63,1,0.6707,0.140614
DQN,deceptive_grid,3,357,38899,-77.0,72,1,0.6701,0.123896
DQN,deceptive_grid,3,358,38980,-78.0,81,1,0.6694,0.132823
DQN,deceptive_grid,3,359,39060,-89.0,80,1,0.6687,0.174779
DQN,deceptive_grid,3,360,39067,0.0,7,1,0.6686,0.126272
DQN,deceptive_grid,3,361,39177,-119.0,110,1,0.6677,0.142571
DQN,deceptive_grid,3,362,39214,-38.0,37,1,0.6674,0.133874
DQN,deceptive_grid,3,363,39352,-143.0,138,1,0.6662,0.135514
DQN,deceptive_grid,3,364,39400,-37.0,48,1,0.6658,0.122864
DQN,deceptive_grid,3,365,39449,-42.0,49,1,0.6654,0.137138
DQN,deceptive_grid,3,366,39533,-85.0,84,1,0.6647,0.131327
DQN,deceptive_grid,3,367,39625,-85.0,92,1,0.6639,0.143369
DQN,deceptive_grid,3,368,39648,-20.0,23,1,0.6637,0.11608
DQN,deceptive_grid,3,369,39748,-125.0,100,1,0.6629,0.128543
DQN,deceptive_grid,3,370,39792,-41.0,44,1,0.6625,0.101981
DQN,deceptive_grid,3,371,39882,-87.0,90,1,0.6617,0.124123
DQN,deceptive_grid,3,372,39913,-36.0,31,1,0.6615,0.125741
DQN,deceptive_grid,3,373,39953,-33.0,40,1,0.6611,0.140999
DQN,deceptive_grid,3,374,40053,-117.0,100,1,0.6603,0.126563
DQN,deceptive_grid,3,375,40094,-34.0,41,1,0.6599,0.11566
DQN,deceptive_grid,3,376,40130,-25.0,36,1,0.6596,0.11664
DQN,deceptive_grid,3,377,40187,-54.0,57,1,0.6591,0.1094
DQN,deceptive_grid,3,378,40208,-14.0,21,1,0.659,0.121397
DQN,deceptive_grid,3,379,40253,-46.0,45,1,0.6586,0.117211
DQN,deceptive_grid,3,380,40283,-31.0,30,1,0.6583,0.120683
DQN,deceptive_grid,3,381,40312,-18.0,29,1,0.6581,0.106861
DQN,deceptive_grid,3,382,40330,-7.0,18,1,0.6579,0.102477
DQN,deceptive_grid,3,383,40374,-33.0,44,1,0.6575,0.111298
DQN,deceptive_grid,3,384,40441,-76.0,67,1,0.657,0.113674
DQN,deceptive_grid,3,385,40453,-1.0,12,1,0.6569,0.102327
DQN,deceptive_grid,3,386,40470,-10.0,17,1,0.6567,0.129726
DQN,deceptive_grid,3,387,40484,-15.0,14,1,0.6566,0.113588
DQN,deceptive_grid,3,388,40519,-24.0,35,1,0.6563,0.133942
DQN,deceptive_grid,3,389,40547,-17.0,28,1,0.6561,0.12004
DQN,deceptive_grid,3,390,40605,-71.0,58,1,0.6556,0.114942
DQN,deceptive_grid,3,391,40720,-116.0,115,1,0.6546,0.114217
DQN,deceptive_grid,3,392,40767,-36.0,47,1,0.6542,0.113082
DQN,deceptive_grid,3,393,40809,-35.0,42,1,0.6539,0.118149
DQN,deceptive_grid,3,394,40844,-28.0,35,1,0.6536,0.124199
DQN,deceptive_grid,3,395,40939,-96.0,95,1,0.6527,0.115154
DQN,deceptive_grid,3,396,41024,-90.0,85,1,0.652,0.12478
DQN,deceptive_grid,3,397,41080,-69.0,56,1,0.6516,0.127566
DQN,deceptive_grid,3,398,41099,-8.0,19,1,0.6514,0.110512
DQN,deceptive_grid,3,399,41274,-196.0,175,1,0.6499,0.111127
DQN,deceptive_grid,3,400,41315,-34.0,41,1,0.6496,0.095081
DQN,deceptive_grid,3,401,41381,-67.0,66,1,0.649,0.104504
DQN,deceptive_grid,3,402,41389,-1.0,8,1,0.6489,0.090619
DQN,deceptive_grid,3,403,41476,-96.0,87,1,0.6482,0.103227
DQN,deceptive_grid,3,404,41550,-67.0,74,1,0.6476,0.108784
DQN,deceptive_grid,3,405,41632,-95.0,82,1,0.6469,0.096357
DQN,deceptive_grid,3,406,41679,-36.0,47,1,0.6465,0.09318
DQN,deceptive_grid,3,407,41813,-131.0,134,1,0.6453,0.092011
DQN,deceptive_grid,3,408,41855,-35.0,42,1,0.645,0.069014
DQN,deceptive_grid,3,409,41881,-15.0,26,1,0.6448,0.07656
DQN,deceptive_grid,3,410,41883,9.0,2,1,0.6447,0.125507
DQN,deceptive_grid,3,411,41988,-106.0,105,1,0.6439,0.081894
DQN,deceptive_grid,3,412,42058,-75.0,70,1,0.6433,0.106007
DQN,deceptive_grid,3,413,42132,-87.0,74,1,0.6426,0.098681
DQN,deceptive_grid,3,414,42150,-11.0,18,1,0.6425,0.086401
DQN,deceptive_grid,3,415,42224,-75.0,74,1,0.6419,0.09768
DQN,deceptive_grid,3,416,42300,-65.0,76,1,0.6412,0.091189
DQN,deceptive_grid,3,417,42393,-86.0,93,1,0.6404,0.089264
DQN,deceptive_grid,3,418,42509,-121.0,116,1,0.6394,0.087013
DQN,deceptive_grid,3,419,42567,-51.0,58,1,0.6389,0.107517
DQN,deceptive_grid,3,420,42584,-6.0,17,1,0.6388,0.086305
DQN,deceptive_grid,3,421,42709,-138.0,125,1,0.6377,0.088118
DQN,deceptive_grid,3,422,42778,-74.0,69,1,0.6372,0.089349
DQN,deceptive_grid,3,423,42897,-116.0,119,1,0.6361,0.083816
DQN,deceptive_grid,3,424,42915,-19.0,18,1,0.636,0.078756
DQN,deceptive_grid,3,425,42929,-7.0,14,1,0.6359,0.087561
DQN,deceptive_grid,3,426,42960,-24.0,31,1,0.6356,0.090146
DQN,deceptive_grid,3,427,43058,-115.0,98,1,0.6348,0.086085
DQN,deceptive_grid,3,428,43070,-1.0,12,1,0.6347,0.078677
DQN,deceptive_grid,3,429,43114,-33.0,44,1,0.6343,0.082804
DQN,deceptive_grid,3,430,43180,-67.0,66,1,0.6337,0.080516
DQN,deceptive_grid,3,431,43215,-28.0,35,1,0.6334,0.078644
DQN,deceptive_grid,3,432,43276,-50.0,61,1,0.6329,0.076383
DQN,deceptive_grid,3,433,43330,-51.0,54,1,0.6325,0.078482
DQN,deceptive_grid,3,434,43370,-29.0,40,1,0.6321,0.076394
DQN,deceptive_grid,3,435,43428,-67.0,58,1,0.6316,0.083135
DQN,deceptive_grid,3,436,43449,-10.0,21,1,0.6315,0.073536
DQN,deceptive_grid,3,437,43471,-11.0,22,1,0.6313,0.082059
DQN,deceptive_grid,3,438,43550,-68.0,79,1,0.6306,0.074047
DQN,deceptive_grid,3,439,43635,-82.0,85,1,0.6299,0.088097
DQN,deceptive_grid,3,440,43683,-41.0,48,1,0.6295,0.079704
DQN,deceptive_grid,3,441,43739,-73.0,56,1,0.629,0.080911
DQN,deceptive_grid,3,442,43781,-43.0,42,1,0.6286,0.078623
DQN,deceptive_grid,3,443,43824,-36.0,43,1,0.6283,0.083952
DQN,deceptive_grid,3,444,43881,-58.0,57,1,0.6278,0.077369
DQN,deceptive_grid,3,445,43999,-123.0,118,1,0.6268,0.076127
DQN,deceptive_grid,3,446,44048,-38.0,49,1,0.6264,0.092364
DQN,deceptive_grid,3,447,44100,-49.0,52,1,0.6259,0.074994
DQN,deceptive_grid,3,448,44200,-117.0,100,1,0.6251,0.072174
DQN,deceptive_grid,3,449,44236,-33.0,36,1,0.6248,0.073658
DQN,deceptive_grid,3,450,44292,-45.0,56,1,0.6243,0.061445
DQN,deceptive_grid,3,451,44322,-27.0,30,1,0.6241,0.067743
DQN,deceptive_grid,3,452,44387,-58.0,65,1,0.6235,0.06642
DQN,deceptive_grid,3,453,44410,-20.0,23,1,0.6233,0.07975
DQN,deceptive_grid,3,454,44432,-15.0,22,1,0.6231,0.076612
DQN,deceptive_grid,3,455,44515,-80.0,83,1,0.6224,0.072081
DQN,deceptive_grid,3,456,44534,-12.0,19,1,0.6223,0.069357
DQN,deceptive_grid,3,457,44565,-20.0,31,1,0.622,0.077529
DQN,deceptive_grid,3,458,44616,-64.0,51,1,0.6216,0.074834
DQN,deceptive_grid,3,459,44653,-30.0,37,1,0.6212,0.064239
DQN,deceptive_grid,3,460,44694,-38.0,41,1,0.6209,0.068783
DQN,deceptive_grid,3,461,44780,-87.0,86,1,0.6202,0.078196
DQN,deceptive_grid,3,462,44852,-69.0,72,1,0.6196,0.068657
DQN,deceptive_grid,3,463,44906,-47.0,54,1,0.6191,0.079719
DQN,deceptive_grid,3,464,44963,-50.0,57,1,0.6186,0.065507
DQN,deceptive_grid,3,465,45000,-38.0,37,1,0.6183,0.059162
DQN,deceptive_grid,3,466,45031,-28.0,31,1,0.618,0.069306
DQN,deceptive_grid,3,467,45076,-42.0,45,1,0.6177,0.073282
DQN,deceptive_grid,3,468,45112,-45.0,36,1,0.6174,0.056109
DQN,deceptive_grid,3,469,45195,-88.0,83,1,0.6166,0.063294
DQN,deceptive_grid,3,470,45253,-47.0,58,1,0.6162,0.061978
DQN,deceptive_grid,3,471,45339,-83.0,86,1,0.6154,0.058275
DQN,deceptive_grid,3,472,45370,-32.0,31,1,0.6152,0.057975
DQN,deceptive_grid,3,473,45442,-77.0,72,1,0.6146,0.060286
DQN,deceptive_grid,3,474,45451,-6.0,9,1,0.6145,0.058623
DQN,deceptive_grid,3,475,45457,5.0,6,1,0.6144,0.046307
DQN,deceptive_grid,3,476,45490,-38.0,33,1,0.6141,0.057073
DQN,deceptive_grid,3,477,45545,-56.0,55,1,0.6137,0.068466
DQN,deceptive_grid,3,478,45632,-96.0,87,1,0.6129,0.064662
DQN,deceptive_grid,3,479,45673,-50.0,41,1,0.6126,0.058341
DQN,deceptive_grid,3,480,45717,-33.0,44,1,0.6122,0.058337
DQN,deceptive_grid,3,481,45759,-31.0,42,1,0.6119,0.062503
DQN,deceptive_grid,3,482,45771,-1.0,12,1,0.6118,0.051506
DQN,deceptive_grid,3,483,45815,-41.0,44,1,0.6114,0.05715
DQN,deceptive_grid,3,484,45901,-79.0,86,1,0.6107,0.062257
DQN,deceptive_grid,3,485,45971,-71.0,70,1,0.6101,0.057586
DQN,deceptive_grid,3,486,46035,-53.0,64,1,0.6095,0.066329
DQN,deceptive_grid,3,487,46056,-14.0,21,1,0.6093,0.064942
DQN,deceptive_grid,3,488,46068,-1.0,12,1,0.6092,0.054482
DQN,deceptive_grid,3,489,46127,-56.0,59,1,0.6087,0.062193
DQN,deceptive_grid,3,490,46149,-11.0,22,1,0.6086,0.059081
DQN,deceptive_grid,3,491,46181,-33.0,32,1,0.6083,0.063965
DQN,deceptive_grid,3,492,46215,-27.0,34,1,0.608,0.055034
DQN,deceptive_grid,3,493,46267,-53.0,52,1,0.6076,0.059146
DQN,deceptive_grid,3,494,46307,-29.0,40,1,0.6072,0.059087
DQN,deceptive_grid,3,495,46393,-115.0,86,1,0.6065,0.055688
DQN,deceptive_grid,3,496,46413,-13.0,20,1,0.6063,0.048603
DQN,deceptive_grid,3,497,46417,7.0,4,1,0.6063,0.099743
DQN,deceptive_grid,3,498,46440,-20.0,23,1,0.6061,0.058805
DQN,deceptive_grid,3,499,46497,-62.0,57,1,0.6056,0.066272
DQN,deceptive_grid,3,500,46567,-79.0,70,1,0.605,0.069966
DQN,deceptive_grid,3,501,46589,-15.0,22,1,0.6048,0.077931
DQN,deceptive_grid,3,502,46637,-45.0,48,1,0.6044,0.065956
DQN,deceptive_grid,3,503,46724,-76.0,87,1,0.6037,0.067998
DQN,deceptive_grid,3,504,46825,-142.0,101,1,0.6028,0.060105
DQN,deceptive_grid,3,505,46855,-19.0,30,1,0.6026,0.05897
DQN,deceptive_grid,3,506,46903,-49.0,48,1,0.6022,0.060684
DQN,deceptive_grid,3,507,46953,-51.0,50,1,0.6017,0.057132
DQN,deceptive_grid,3,508,47007,-43.0,54,1,0.6013,0.057683
DQN,deceptive_grid,3,509,47041,-27.0,34,1,0.601,0.066486
DQN,deceptive_grid,3,510,47089,-45.0,48,1,0.6006,0.06168
DQN,deceptive_grid,3,511,47161,-61.0,72,1,0.6,0.055356
DQN,deceptive_grid,3,512,47168,4.0,7,1,0.5999,0.058155
DQN,deceptive_grid,3,513,47192,-13.0,24,1,0.5997,0.057662
DQN,deceptive_grid,3,514,47238,-39.0,46,1,0.5993,0.068367
DQN,deceptive_grid,3,515,47280,-39.0,42,1,0.599,0.06179
DQN,deceptive_grid,3,516,47336,-45.0,56,1,0.5985,0.059951
DQN,deceptive_grid,3,517,47394,-51.0,58,1,0.598,0.054193
DQN,deceptive_grid,3,518,47428,-23.0,34,1,0.5977,0.055659
DQN,deceptive_grid,3,519,47486,-55.0,58,1,0.5972,0.057167
DQN,deceptive_grid,3,520,47500,-7.0,14,1,0.5971,0.055747
DQN,deceptive_grid,3,521,47533,-26.0,33,1,0.5968,0.072525
DQN,deceptive_grid,3,522,47579,-43.0,46,1,0.5964,0.073215
DQN,deceptive_grid,3,523,47584,6.0,5,1,0.5964,0.047038
DQN,deceptive_grid,3,524,47638,-63.0,54,1,0.5959,0.065821
DQN,deceptive_grid,3,525,47719,-82.0,81,1,0.5952,0.063294
DQN,deceptive_grid,3,526,47771,-57.0,52,1,0.5948,0.051885
DQN,deceptive_grid,3,527,47822,-40.0,51,1,0.5944,0.053189
DQN,deceptive_grid,3,528,47893,-68.0,71,1,0.5938,0.061655
DQN,deceptive_grid,3,529,47921,-21.0,28,1,0.5935,0.057467
DQN,deceptive_grid,3,530,47996,-68.0,75,1,0.5929,0.057826
DQN,deceptive_grid,3,531,48013,-6.0,17,1,0.5927,0.065255
DQN,deceptive_grid,3,532,48059,-35.0,46,1,0.5924,0.060318
DQN,deceptive_grid,3,533,48128,-82.0,69,1,0.5918,0.055002
DQN,deceptive_grid,3,534,48154,-15.0,26,1,0.5916,0.059819
DQN,deceptive_grid,3,535,48247,-122.0,93,1,0.5908,0.057545
DQN,deceptive_grid,3,536,48358,-112.0,111,1,0.5898,0.057253
DQN,deceptive_grid,3,537,48389,-32.0,31,1,0.5896,0.058315
DQN,deceptive_grid,3,538,48416,-24.0,27,1,0.5893,0.056959
DQN,deceptive_grid,3,539,48443,-20.0,27,1,0.5891,0.056476
DQN,deceptive_grid,3,540,48474,-28.0,31,1,0.5888,0.055574
DQN,deceptive_grid,3,541,48492,-7.0,18,1,0.5887,0.054331
DQN,deceptive_grid,3,542,48531,-32.0,39,1,0.5884,0.068945
DQN,deceptive_grid,3,543,48557,-15.0,26,1,0.5881,0.062805
DQN,deceptive_grid,3,544,48563,1.0,6,1,0.5881,0.060885
DQN,deceptive_grid,3,545,48603,-29.0,40,1,0.5877,0.061198
DQN,deceptive_grid,3,546,48622,-16.0,19,1,0.5876,0.057392
DQN,deceptive_grid,3,547,48679,-46.0,57,1,0.5871,0.061616
DQN,deceptive_grid,3,548,48732,-46.0,53,1,0.5866,0.060622
DQN,deceptive_grid,3,549,48770,-39.0,38,1,0.5863,0.049975
DQN,deceptive_grid,3,550,48817,-48.0,47,1,0.5859,0.060724
DQN,deceptive_grid,3,551,48891,-91.0,74,1,0.5853,0.055231
DQN,deceptive_grid,3,552,48927,-57.0,36,1,0.585,0.056629
DQN,deceptive_grid,3,553,48982,-48.0,55,1,0.5845,0.052936
DQN,deceptive_grid,3,554,49020,-27.0,38,1,0.5842,0.060575
DQN,deceptive_grid,3,555,49054,-39.0,34,1,0.5839,0.05692
DQN,deceptive_grid,3,556,49101,-40.0,47,1,0.5835,0.056104
DQN,deceptive_grid,3,557,49162,-50.0,61,1,0.583,0.062378
DQN,deceptive_grid,3,558,49180,-7.0,18,1,0.5828,0.06321
DQN,deceptive_grid,3,559,49223,-40.0,43,1,0.5825,0.063126
DQN,deceptive_grid,3,560,49226,8.0,3,1,0.5825,0.043604
DQN,deceptive_grid,3,561,49242,-5.0,16,1,0.5823,0.056426
DQN,deceptive_grid,3,562,49324,-75.0,82,1,0.5816,0.050113
DQN,deceptive_grid,3,563,49360,-25.0,36,1,0.5813,0.059815
DQN,deceptive_grid,3,564,49379,-8.0,19,1,0.5812,0.04741
DQN,deceptive_grid,3,565,49453,-75.0,74,1,0.5805,0.056666
DQN,deceptive_grid,3,566,49522,-110.0,69,1,0.5799,0.059333
DQN,deceptive_grid,3,567,49540,-15.0,18,1,0.5798,0.075618
DQN,deceptive_grid,3,568,49587,-36.0,47,1,0.5794,0.057334
DQN,deceptive_grid,3,569,49614,-20.0,27,1,0.5792,0.058556
DQN,deceptive_grid,3,570,49695,-82.0,81,1,0.5785,0.061628
DQN,deceptive_grid,3,571,49722,-16.0,27,1,0.5783,0.049039
DQN,deceptive_grid,3,572,49725,8.0,3,1,0.5782,0.044113
DQN,deceptive_grid,3,573,49805,-93.0,80,1,0.5775,0.05225
DQN,deceptive_grid,3,574,49830,-14.0,25,1,0.5773,0.051026
DQN,deceptive_grid,3,575,49864,-31.0,34,1,0.577,0.053831
DQN,deceptive_grid,3,576,49889,-14.0,25,1,0.5768,0.049017
DQN,deceptive_grid,3,577,49960,-60.0,71,1,0.5762,0.051905
DQN,deceptive_grid,3,578,50002,-31.0,42,1,0.5759,0.051994
DQN,deceptive_grid,3,579,50023,-18.0,21,1,0.5757,0.069861
DQN,deceptive_grid,3,580,50062,-40.0,39,1,0.5754,0.062157
DQN,deceptive_grid,3,581,50109,-36.0,47,1,0.575,0.060085
DQN,deceptive_grid,3,582,50131,-19.0,22,1,0.5748,0.049617
DQN,deceptive_grid,3,583,50133,9.0,2,1,0.5748,0.031207
DQN,deceptive_grid,3,584,50150,-14.0,17,1,0.5746,0.053797
DQN,deceptive_grid,3,585,50225,-76.0,75,1,0.574,0.050242
DQN,deceptive_grid,3,586,50265,-33.0,40,1,0.5736,0.051477
DQN,deceptive_grid,3,587,50331,-63.0,66,1,0.5731,0.051266
DQN,deceptive_grid,3,588,50380,-46.0,49,1,0.5727,0.049469
DQN,deceptive_grid,3,589,50430,-43.0,50,1,0.5722,0.042891
DQN,deceptive_grid,3,590,50443,-2.0,13,1,0.5721,0.058618
DQN,deceptive_grid,3,591,50509,-79.0,66,1,0.5716,0.053537
DQN,deceptive_grid,3,592,50578,-70.0,69,1,0.571,0.055757
DQN,deceptive_grid,3,593,50591,-10.0,13,1,0.5709,0.063793
DQN,deceptive_grid,3,594,50654,-52.0,63,1,0.5703,0.048957
DQN,deceptive_grid,3,595,50672,-7.0,18,1,0.5702,0.04977
DQN,deceptive_grid,3,596,50718,-35.0,46,1,0.5698,0.049468
DQN,deceptive_grid,3,597,50749,-24.0,31,1,0.5695,0.058839
DQN,deceptive_grid,3,598,50766,-6.0,17,1,0.5694,0.04596
DQN,deceptive_grid,3,599,50816,-43.0,50,1,0.569,0.054038
DQN,deceptive_grid,3,600,50832,-9.0,16,1,0.5688,0.061307
DQN,deceptive_grid,3,601,50864,-29.0,32,1,0.5686,0.048136
DQN,deceptive_grid,3,602,50920,-61.0,56,1,0.5681,0.052727
DQN,deceptive_grid,3,603,50990,-75.0,70,1,0.5675,0.04638
DQN,deceptive_grid,3,604,51065,-76.0,75,1,0.5669,0.048531
DQN,deceptive_grid,3,605,51068,8.0,3,1,0.5668,0.069246
DQN,deceptive_grid,3,606,51135,-64.0,67,1,0.5663,0.057214
DQN,deceptive_grid,3,607,51162,-16.0,27,1,0.566,0.051117
DQN,deceptive_grid,3,608,51190,-25.0,28,1,0.5658,0.052834
DQN,deceptive_grid,3,609,51249,-76.0,59,1,0.5653,0.047459
DQN,deceptive_grid,3,610,51278,-22.0,29,1,0.5651,0.051175
DQN,deceptive_grid,3,611,51297,-20.0,19,1,0.5649,0.055315
DQN,deceptive_grid,3,612,51325,-21.0,28,1,0.5647,0.052357
DQN,deceptive_grid,3,613,51367,-35.0,42,1,0.5643,0.049571
DQN,deceptive_grid,3,614,51397,-23.0,30,1,0.564,0.060687
DQN,deceptive_grid,3,615,51410,-2.0,13,1,0.5639,0.051141
DQN,deceptive_grid,3,616,51472,-63.0,62,1,0.5634,0.04983
DQN,deceptive_grid,3,617,51473,10.0,1,1,0.5634,0.054312
DQN,deceptive_grid,3,618,51516,-32.0,43,1,0.563,0.053101
DQN,deceptive_grid,3,619,51554,-43.0,38,1,0.5627,0.05109
DQN,deceptive_grid,3,620,51584,-43.0,30,1,0.5625,0.053656
DQN,deceptive_grid,3,621,51666,-75.0,82,1,0.5618,0.056104
DQN,deceptive_grid,3,622,51698,-37.0,32,1,0.5615,0.042114
DQN,deceptive_grid,3,623,51699,10.0,1,1,0.5615,0.056994
DQN,deceptive_grid,3,624,51735,-25.0,36,1,0.5612,0.043487
DQN,deceptive_grid,3,625,51788,-50.0,53,1,0.5607,0.049669
DQN,deceptive_grid,3,626,51819,-24.0,31,1,0.5605,0.045988
DQN,deceptive_grid,3,627,51878,-52.0,59,1,0.56,0.05102
DQN,deceptive_grid,3,628,51903,-18.0,25,1,0.5598,0.058502
DQN,deceptive_grid,3,629,51941,-39.0,38,1,0.5594,0.053945
DQN,deceptive_grid,3,630,51984,-36.0,43,1,0.5591,0.050422
DQN,deceptive_grid,3,631,52020,-25.0,36,1,0.5588,0.054247
DQN,deceptive_grid,3,632,52050,-23.0,30,1,0.5585,0.060744
DQN,deceptive_grid,3,633,52084,-35.0,34,1,0.5582,0.052508
DQN,deceptive_grid,3,634,52131,-56.0,47,1,0.5578,0.049933
DQN,deceptive_grid,3,635,52139,3.0,8,1,0.5577,0.04883
DQN,deceptive_grid,3,636,52168,-22.0,29,1,0.5575,0.054211
DQN,deceptive_grid,3,637,52200,-21.0,32,1,0.5572,0.048304
DQN,deceptive_grid,3,638,52244,-53.0,44,1,0.5569,0.0456
DQN,deceptive_grid,3,639,52294,-43.0,50,1,0.5564,0.045329
DQN,deceptive_grid,3,640,52326,-37.0,32,1,0.5562,0.052723
DQN,deceptive_grid,3,641,52387,-66.0,61,1,0.5556,0.053778
DQN,deceptive_grid,3,642,52478,-88.0,91,1,0.5549,0.046985
DQN,deceptive_grid,3,643,52493,-4.0,15,1,0.5547,0.041957
DQN,deceptive_grid,3,644,52546,-46.0,53,1,0.5543,0.064425
DQN,deceptive_grid,3,645,52570,-17.0,24,1,0.5541,0.059252
DQN,deceptive_grid,3,646,52620,-43.0,50,1,0.5537,0.047375
DQN,deceptive_grid,3,647,52693,-86.0,73,1,0.5531,0.049076
DQN,deceptive_grid,3,648,52733,-49.0,40,1,0.5527,0.048088
DQN,deceptive_grid,3,649,52777,-33.0,44,1,0.5523,0.048587
DQN,deceptive_grid,3,650,52814,-30.0,37,1,0.552,0.049963
DQN,deceptive_grid,3,651,52861,-56.0,47,1,0.5516,0.048886
DQN,deceptive_grid,3,652,52892,-24.0,31,1,0.5514,0.042194
DQN,deceptive_grid,3,653,52941,-50.0,49,1,0.5509,0.048932
DQN,deceptive_grid,3,654,52995,-55.0,54,1,0.5505,0.045161
DQN,deceptive_grid,3,655,53020,-14.0,25,1,0.5503,0.042066
DQN,deceptive_grid,3,656,53059,-28.0,39,1,0.5499,0.050402
DQN,deceptive_grid,3,657,53096,-34.0,37,1,0.5496,0.063909
DQN,deceptive_grid,3,658,53135,-28.0,39,1,0.5493,0.046343
DQN,deceptive_grid,3,659,53165,-19.0,30,1,0.549,0.048915
DQN,deceptive_grid,3,660,53201,-33.0,36,1,0.5487,0.042134
DQN,deceptive_grid,3,661,53215,-3.0,14,1,0.5486,0.056179
DQN,deceptive_grid,3,662,53254,-28.0,39,1,0.5483,0.047272
DQN,deceptive_grid,3,663,53281,-16.0,27,1,0.5481,0.045368
DQN,deceptive_grid,3,664,53313,-37.0,32,1,0.5478,0.045788
DQN,deceptive_grid,3,665,53340,-16.0,27,1,0.5476,0.044904
DQN,deceptive_grid,3,666,53386,-43.0,46,1,0.5472,0.045124
DQN,deceptive_grid,3,667,53438,-49.0,52,1,0.5467,0.042377
DQN,deceptive_grid,3,668,53513,-80.0,75,1,0.5461,0.044267
DQN,deceptive_grid,3,669,53555,-31.0,42,1,0.5457,0.045966
DQN,deceptive_grid,3,670,53597,-43.0,42,1,0.5454,0.042412
DQN,deceptive_grid,3,671,53615,-11.0,18,1,0.5452,0.037952
DQN,deceptive_grid,3,672,53666,-44.0,51,1,0.5448,0.042089
DQN,deceptive_grid,3,673,53698,-29.0,32,1,0.5445,0.037513
DQN,deceptive_grid,3,674,53751,-50.0,53,1,0.5441,0.043836
DQN,deceptive_grid,3,675,53795,-33.0,44,1,0.5437,0.038833
DQN,deceptive_grid,3,676,53816,-14.0,21,1,0.5435,0.04106
DQN,deceptive_grid,3,677,53852,-29.0,36,1,0.5432,0.043124
DQN,deceptive_grid,3,678,53871,-12.0,19,1,0.5431,0.042059
DQN,deceptive_grid,3,679,53893,-11.0,22,1,0.5429,0.037585
DQN,deceptive_grid,3,680,53930,-38.0,37,1,0.5426,0.032771
DQN,deceptive_grid,3,681,53982,-53.0,52,1,0.5421,0.037209
DQN,deceptive_grid,3,682,53997,-4.0,15,1,0.542,0.041163
DQN,deceptive_grid,3,683,54081,-105.0,84,1,0.5413,0.045353
DQN,deceptive_grid,3,684,54140,-64.0,59,1,0.5408,0.041484
DQN,deceptive_grid,3,685,54146,5.0,6,1,0.5407,0.041017
DQN,deceptive_grid,3,686,54176,-27.0,30,1,0.5405,0.039815
DQN,deceptive_grid,3,687,54206,-47.0,30,1,0.5402,0.043067
DQN,deceptive_grid,3,688,54230,-17.0,24,1,0.54,0.049631
DQN,deceptive_grid,3,689,54284,-55.0,54,1,0.5396,0.050524
DQN,deceptive_grid,3,690,54327,-32.0,43,1,0.5392,0.042624
DQN,deceptive_grid,3,691,54357,-19.0,30,1,0.5389,0.048077
DQN,deceptive_grid,3,692,54401,-37.0,44,1,0.5386,0.042059
DQN,deceptive_grid,3,693,54479,-79.0,78,1,0.5379,0.036907
DQN,deceptive_grid,3,694,54540,-70.0,61,1,0.5374,0.040467
DQN,deceptive_grid,3,695,54573,-34.0,33,1,0.5371,0.044743
DQN,deceptive_grid,3,696,54605,-29.0,32,1,0.5368,0.03946
DQN,deceptive_grid,3,697,54643,-31.0,38,1,0.5365,0.041642
DQN,deceptive_grid,3,698,54667,-13.0,24,1,0.5363,0.04831
DQN,deceptive_grid,3,699,54727,-85.0,60,1,0.5358,0.036351
DQN,deceptive_grid,3,700,54762,-24.0,35,1,0.5355,0.038124
DQN,deceptive_grid,3,701,54812,-55.0,50,1,0.5351,0.042243
DQN,deceptive_grid,3,702,54815,8.0,3,1,0.5351,0.051076
DQN,deceptive_grid,3,703,54864,-38.0,49,1,0.5346,0.045924
DQN,deceptive_grid,3,704,54871,4.0,7,1,0.5346,0.033214
DQN,deceptive_grid,3,705,54891,-21.0,20,1,0.5344,0.039382
DQN,deceptive_grid,3,706,54932,-30.0,41,1,0.5341,0.042342
DQN,deceptive_grid,3,707,54950,-11.0,18,1,0.5339,0.04813
DQN,deceptive_grid,3,708,54981,-28.0,31,1,0.5336,0.039842
DQN,deceptive_grid,3,709,55030,-62.0,49,1,0.5332,0.046384
DQN,deceptive_grid,3,710,55075,-38.0,45,1,0.5328,0.04841
DQN,deceptive_grid,3,711,55119,-33.0,44,1,0.5325,0.047861
DQN,deceptive_grid,3,712,55194,-72.0,75,1,0.5318,0.047618
DQN,deceptive_grid,3,713,55236,-31.0,42,1,0.5315,0.038784
DQN,deceptive_grid,3,714,55264,-21.0,28,1,0.5312,0.043153
DQN,deceptive_grid,3,715,55280,-9.0,16,1,0.5311,0.037587
DQN,deceptive_grid,3,716,55304,-13.0,24,1,0.5309,0.036847
DQN,deceptive_grid,3,717,55357,-62.0,53,1,0.5305,0.04024
DQN,deceptive_grid,3,718,55388,-24.0,31,1,0.5302,0.038691
DQN,deceptive_grid,3,719,55421,-34.0,33,1,0.5299,0.041976
DQN,deceptive_grid,3,720,55448,-16.0,27,1,0.5297,0.038359
DQN,deceptive_grid,3,721,55450,9.0,2,1,0.5297,0.051806
DQN,deceptive_grid,3,722,55456,5.0,6,1,0.5296,0.034797
DQN,deceptive_grid,3,723,55482,-15.0,26,1,0.5294,0.040899
DQN,deceptive_grid,3,724,55489,4.0,7,1,0.5293,0.044691
DQN,deceptive_grid,3,725,55491,9.0,2,1,0.5293,0.034749
DQN,deceptive_grid,3,726,55512,-10.0,21,1,0.5291,0.051044
DQN,deceptive_grid,3,727,55535,-16.0,23,1,0.5289,0.053062
DQN,deceptive_grid,3,728,55589,-47.0,54,1,0.5285,0.049075
DQN,deceptive_grid,3,729,55599,1.0,10,1,0.5284,0.047621
DQN,deceptive_grid,3,730,55626,-20.0,27,1,0.5282,0.042776
DQN,deceptive_grid,3,731,55650,-17.0,24,1,0.528,0.039736
DQN,deceptive_grid,3,732,55688,-27.0,38,1,0.5276,0.044338
DQN,deceptive_grid,3,733,55710,-23.0,22,1,0.5275,0.038559
DQN,deceptive_grid,3,734,55749,-28.0,39,1,0.5271,0.038905
DQN,deceptive_grid,3,735,55780,-24.0,31,1,0.5269,0.04208
DQN,deceptive_grid,3,736,55823,-36.0,43,1,0.5265,0.040191
DQN,deceptive_grid,3,737,55832,2.0,9,1,0.5264,0.045229
DQN,deceptive_grid,3,738,55838,5.0,6,1,0.5264,0.04235
DQN,deceptive_grid,3,739,55873,-36.0,35,1,0.5261,0.035139
DQN,deceptive_grid,3,740,55905,-21.0,32,1,0.5258,0.041107
DQN,deceptive_grid,3,741,55939,-31.0,34,1,0.5255,0.036865
DQN,deceptive_grid,3,742,55950,0.0,11,1,0.5254,0.038753
DQN,deceptive_grid,3,743,56000,-47.0,50,1,0.525,0.038926
DQN,deceptive_grid,3,744,56048,-49.0,48,1,0.5246,0.046839
DQN,deceptive_grid,3,745,56081,-22.0,33,1,0.5243,0.042157
DQN,deceptive_grid,3,746,56099,-11.0,18,1,0.5242,0.051364
DQN,deceptive_grid,3,747,56132,-38.0,33,1,0.5239,0.048043
DQN,deceptive_grid,3,748,56166,-27.0,34,1,0.5236,0.046123
DQN,deceptive_grid,3,749,56173,4.0,7,1,0.5235,0.048975
DQN,deceptive_grid,3,750,56211,-31.0,38,1,0.5232,0.043015
DQN,deceptive_grid,3,751,56262,-44.0,51,1,0.5228,0.043073
DQN,deceptive_grid,3,752,56274,-1.0,12,1,0.5227,0.047265
DQN,deceptive_grid,3,753,56278,7.0,4,1,0.5226,0.034651
DQN,deceptive_grid,3,754,56311,-26.0,33,1,0.5224,0.044148
DQN,deceptive_grid,3,755,56345,-35.0,34,1,0.5221,0.03877
DQN,deceptive_grid,3,756,56382,-30.0,37,1,0.5218,0.03852
DQN,deceptive_grid,3,757,56396,-3.0,14,1,0.5216,0.051106
DQN,deceptive_grid,3,758,56446,-47.0,50,1,0.5212,0.038856
DQN,deceptive_grid,3,759,56486,-41.0,40,1,0.5209,0.047521
DQN,deceptive_grid,3,760,56493,4.0,7,1,0.5208,0.050813
DQN,deceptive_grid,3,761,56540,-40.0,47,1,0.5204,0.043707
DQN,deceptive_grid,3,762,56574,-31.0,34,1,0.5201,0.048936
DQN,deceptive_grid,3,763,56647,-70.0,73,1,0.5195,0.037829
DQN,deceptive_grid,3,764,56686,-32.0,39,1,0.5192,0.049943
DQN,deceptive_grid,3,765,56715,-22.0,29,1,0.5189,0.04389
DQN,deceptive_grid,3,766,56753,-31.0,38,1,0.5186,0.047481
DQN,deceptive_grid,3,767,56783,-35.0,30,1,0.5184,0.04085
DQN,deceptive_grid,3,768,56794,0.0,11,1,0.5183,0.034376
DQN,deceptive_grid,3,769,56848,-55.0,54,1,0.5178,0.040025
DQN,deceptive_grid,3,770,56898,-47.0,50,1,0.5174,0.037565
DQN,deceptive_grid,3,771,56916,-11.0,18,1,0.5172,0.040022
DQN,deceptive_grid,3,772,56945,-26.0,29,1,0.517,0.039654
DQN,deceptive_grid,3,773,56985,-37.0,40,1,0.5166,0.043553
DQN,deceptive_grid,3,774,56990,6.0,5,1,0.5166,0.046722
DQN,deceptive_grid,3,775,57015,-18.0,25,1,0.5164,0.050519
DQN,deceptive_grid,3,776,57020,6.0,5,1,0.5163,0.038494
DQN,deceptive_grid,3,777,57070,-43.0,50,1,0.5159,0.040434
DQN,deceptive_grid,3,778,57086,-9.0,16,1,0.5158,0.047332
DQN,deceptive_grid,3,779,57090,7.0,4,1,0.5158,0.046708
DQN,deceptive_grid,3,780,57158,-69.0,68,1,0.5152,0.03661
DQN,deceptive_grid,3,781,57208,-63.0,50,1,0.5148,0.033663
DQN,deceptive_grid,3,782,57234,-15.0,26,1,0.5145,0.042747
DQN,deceptive_grid,3,783,57246,-1.0,12,1,0.5144,0.033271
DQN,deceptive_grid,3,784,57251,6.0,5,1,0.5144,0.042511
DQN,deceptive_grid,3,785,57267,-17.0,16,1,0.5143,0.043854
DQN,deceptive_grid,3,786,57304,-30.0,37,1,0.5139,0.034981
DQN,deceptive_grid,3,787,57333,-18.0,29,1,0.5137,0.035091
DQN,deceptive_grid,3,788,57361,-21.0,28,1,0.5135,0.039406
DQN,deceptive_grid,3,789,57388,-24.0,27,1,0.5132,0.041505
DQN,deceptive_grid,3,790,57448,-57.0,60,1,0.5127,0.039221
DQN,deceptive_grid,3,791,57458,1.0,10,1,0.5126,0.033302
DQN,deceptive_grid,3,792,57498,-33.0,40,1,0.5123,0.032265
DQN,deceptive_grid,3,793,57527,-26.0,29,1,0.512,0.040402
DQN,deceptive_grid,3,794,57552,-14.0,25,1,0.5118,0.03723
DQN,deceptive_grid,3,795,57575,-28.0,23,1,0.5116,0.043191
DQN,deceptive_grid,3,796,57601,-19.0,26,1,0.5114,0.0391
DQN,deceptive_grid,3,797,57648,-36.0,47,1,0.511,0.041133
DQN,deceptive_grid,3,798,57662,-3.0,14,1,0.5109,0.036645
DQN,deceptive_grid,3,799,57698,-37.0,36,1,0.5106,0.040889
DQN,deceptive_grid,3,800,57726,-17.0,28,1,0.5104,0.036277
DuelingDQN,deceptive_grid,3,1,200,-308.0,200,0,0.9983,
DuelingDQN,deceptive_grid,3,2,400,-324.0,200,0,0.9966,
DuelingDQN,deceptive_grid,3,3,600,-232.0,200,0,0.9949,
DuelingDQN,deceptive_grid,3,4,800,-260.0,200,0,0.9932,
DuelingDQN,deceptive_grid,3,5,1000,-324.0,200,0,0.9915,0.844502
DuelingDQN,deceptive_grid,3,6,1200,-244.0,200,0,0.9898,0.147873
DuelingDQN,deceptive_grid,3,7,1400,-296.0,200,0,0.9881,0.006005
DuelingDQN,deceptive_grid,3,8,1482,-111.0,82,1,0.9874,0.002011
DuelingDQN,deceptive_grid,3,9,1682,-284.0,200,0,0.9857,0.022492
DuelingDQN,deceptive_grid,3,10,1882,-220.0,200,0,0.984,0.007663
DuelingDQN,deceptive_grid,3,11,2082,-268.0,200,0,0.9823,0.024183
DuelingDQN,deceptive_grid,3,12,2282,-236.0,200,0,0.9807,0.008845
DuelingDQN,deceptive_grid,3,13,2482,-276.0,200,0,0.979,0.009719
DuelingDQN,deceptive_grid,3,14,2598,-157.0,116,1,0.978,0.040353
DuelingDQN,deceptive_grid,3,15,2798,-248.0,200,0,0.9763,0.011062
DuelingDQN,deceptive_grid,3,16,2998,-272.0,200,0,0.9746,0.008463
DuelingDQN,deceptive_grid,3,17,3198,-272.0,200,0,0.9729,0.025086
DuelingDQN,deceptive_grid,3,18,3398,-332.0,200,0,0.9712,0.005492
DuelingDQN,deceptive_grid,3,19,3598,-236.0,200,0,0.9695,0.026956
DuelingDQN,deceptive_grid,3,20,3798,-348.0,200,0,0.9678,0.015856
DuelingDQN,deceptive_grid,3,21,3998,-252.0,200,0,0.9661,0.006851
DuelingDQN,deceptive_grid,3,22,4198,-248.0,200,0,0.9644,0.027615
DuelingDQN,deceptive_grid,3,23,4398,-268.0,200,0,0.9627,0.00757
DuelingDQN,deceptive_grid,3,24,4598,-232.0,200,0,0.961,0.033823
DuelingDQN,deceptive_grid,3,25,4798,-232.0,200,0,0.9593,0.018752
DuelingDQN,deceptive_grid,3,26,4998,-264.0,200,0,0.9576,0.013444
DuelingDQN,deceptive_grid,3,27,5098,-113.0,100,1,0.9568,0.085335
DuelingDQN,deceptive_grid,3,28,5298,-244.0,200,0,0.9551,0.04711
DuelingDQN,deceptive_grid,3,29,5498,-280.0,200,0,0.9534,0.032039
DuelingDQN,deceptive_grid,3,30,5698,-240.0,200,0,0.9517,0.066925
DuelingDQN,deceptive_grid,3,31,5886,-245.0,188,1,0.9501,0.030979
DuelingDQN,deceptive_grid,3,32,6086,-300.0,200,0,0.9484,0.067967
DuelingDQN,deceptive_grid,3,33,6105,-24.0,19,1,0.9482,0.038929
DuelingDQN,deceptive_grid,3,34,6305,-276.0,200,0,0.9465,0.050649
DuelingDQN,deceptive_grid,3,35,6505,-256.0,200,0,0.9448,0.053406
DuelingDQN,deceptive_grid,3,36,6705,-332.0,200,0,0.9431,0.060194
DuelingDQN,deceptive_grid,3,37,6905,-312.0,200,0,0.9414,0.019775
DuelingDQN,deceptive_grid,3,38,7044,-164.0,139,1,0.9403,0.055264
DuelingDQN,deceptive_grid,3,39,7244,-240.0,200,0,0.9386,0.053396
DuelingDQN,deceptive_grid,3,40,7444,-264.0,200,0,0.9369,0.024526
DuelingDQN,deceptive_grid,3,41,7529,-134.0,85,1,0.9361,0.097011
DuelingDQN,deceptive_grid,3,42,7729,-248.0,200,0,0.9345,0.057996
DuelingDQN,deceptive_grid,3,43,7929,-272.0,200,0,0.9328,0.021471
DuelingDQN,deceptive_grid,3,44,8048,-172.0,119,1,0.9317,0.097278
DuelingDQN,deceptive_grid,3,45,8248,-260.0,200,0,0.93,0.053771
DuelingDQN,deceptive_grid,3,46,8448,-216.0,200,0,0.9284,0.015983
DuelingDQN,deceptive_grid,3,47,8648,-220.0,200,0,0.9267,0.097551
DuelingDQN,deceptive_grid,3,48,8848,-304.0,200,0,0.925,0.031867
DuelingDQN,deceptive_grid,3,49,9048,-252.0,200,0,0.9233,0.074948
DuelingDQN,deceptive_grid,3,50,9084,-33.0,36,1,0.923,0.115614
DuelingDQN,deceptive_grid,3,51,9284,-288.0,200,0,0.9213,0.051608
DuelingDQN,deceptive_grid,3,52,9484,-252.0,200,0,0.9196,0.026633
DuelingDQN,deceptive_grid,3,53,9684,-276.0,200,0,0.9179,0.104998
DuelingDQN,deceptive_grid,3,54,9884,-260.0,200,0,0.9162,0.029451
DuelingDQN,deceptive_grid,3,55,10084,-236.0,200,0,0.9145,0.105429
DuelingDQN,deceptive_grid,3,56,10284,-212.0,200,0,0.9128,0.03867
DuelingDQN,deceptive_grid,3,57,10406,-163.0,122,1,0.9117,0.013847
DuelingDQN,deceptive_grid,3,58,10606,-248.0,200,0,0.91,0.096009
DuelingDQN,deceptive_grid,3,59,10806,-212.0,200,0,0.9084,0.031611
DuelingDQN,deceptive_grid,3,60,11006,-368.0,200,0,0.9067,0.028297
DuelingDQN,deceptive_grid,3,61,11195,-282.0,189,1,0.9051,0.077882
DuelingDQN,deceptive_grid,3,62,11395,-216.0,200,0,0.9034,0.017544
DuelingDQN,deceptive_grid,3,63,11595,-260.0,200,0,0.9017,0.08668
DuelingDQN,deceptive_grid,3,64,11717,-151.0,122,1,0.9006,0.034519
DuelingDQN,deceptive_grid,3,65,11866,-174.0,149,1,0.8994,0.020899
DuelingDQN,deceptive_grid,3,66,11921,-60.0,55,1,0.8989,0.012887
DuelingDQN,deceptive_grid,3,67,12014,-130.0,93,1,0.8981,0.071058
DuelingDQN,deceptive_grid,3,68,12047,-26.0,33,1,0.8978,0.176594
DuelingDQN,deceptive_grid,3,69,12151,-121.0,104,1,0.8969,0.05898
DuelingDQN,deceptive_grid,3,70,12279,-161.0,128,1,0.8959,0.02746
DuelingDQN,deceptive_grid,3,71,12309,-59.0,30,1,0.8956,0.023484
DuelingDQN,deceptive_grid,3,72,12509,-260.0,200,0,0.8939,0.044802
DuelingDQN,deceptive_grid,3,73,12709,-244.0,200,0,0.8922,0.093696
DuelingDQN,deceptive_grid,3,74,12909,-304.0,200,0,0.8905,0.026861
DuelingDQN,deceptive_grid,3,75,12993,-117.0,84,1,0.8898,0.011179
DuelingDQN,deceptive_grid,3,76,13017,-17.0,24,1,0.8896,0.300446
DuelingDQN,deceptive_grid,3,77,13127,-115.0,110,1,0.8887,0.11991
DuelingDQN,deceptive_grid,3,78,13266,-180.0,139,1,0.8875,0.032416
DuelingDQN,deceptive_grid,3,79,13466,-284.0,200,0,0.8858,0.01564
DuelingDQN,deceptive_grid,3,80,13588,-163.0,122,1,0.8848,0.133564
DuelingDQN,deceptive_grid,3,81,13788,-260.0,200,0,0.8831,0.041972
DuelingDQN,deceptive_grid,3,82,13878,-103.0,90,1,0.8823,0.021148
DuelingDQN,deceptive_grid,3,83,13884,5.0,6,1,0.8822,0.017444
DuelingDQN,deceptive_grid,3,84,14047,-224.0,163,1,0.8809,0.091956
DuelingDQN,deceptive_grid,3,85,14247,-260.0,200,0,0.8792,0.053981
DuelingDQN,deceptive_grid,3,86,14322,-100.0,75,1,0.8785,0.022465
DuelingDQN,deceptive_grid,3,87,14522,-268.0,200,0,0.8768,0.063123
DuelingDQN,deceptive_grid,3,88,14545,-24.0,23,1,0.8766,0.210289
DuelingDQN,deceptive_grid,3,89,14553,3.0,8,1,0.8766,0.158744
DuelingDQN,deceptive_grid,3,90,14685,-177.0,132,1,0.8754,0.074806
DuelingDQN,deceptive_grid,3,91,14696,-4.0,11,1,0.8754,0.035414
DuelingDQN,deceptive_grid,3,92,14896,-264.0,200,0,0.8737,0.027278
DuelingDQN,deceptive_grid,3,93,15038,-167.0,142,1,0.8725,0.090624
DuelingDQN,deceptive_grid,3,94,15077,-68.0,39,1,0.8721,0.131184
DuelingDQN,deceptive_grid,3,95,15277,-284.0,200,0,0.8704,0.057093
DuelingDQN,deceptive_grid,3,96,15361,-73.0,84,1,0.8697,0.018699
DuelingDQN,deceptive_grid,3,97,15551,-251.0,190,1,0.8681,0.082246
DuelingDQN,deceptive_grid,3,98,15568,-10.0,17,1,0.868,0.097393
DuelingDQN,deceptive_grid,3,99,15712,-189.0,144,1,0.8667,0.064903
DuelingDQN,deceptive_grid,3,100,15912,-248.0,200,0,0.865,0.023321
DuelingDQN,deceptive_grid,3,101,16029,-130.0,117,1,0.864,0.071343
DuelingDQN,deceptive_grid,3,102,16125,-97.0,96,1,0.8632,0.079183
DuelingDQN,deceptive_grid,3,103,16325,-244.0,200,0,0.8615,0.024601
DuelingDQN,deceptive_grid,3,104,16525,-260.0,200,0,0.8598,0.03856
DuelingDQN,deceptive_grid,3,105,16638,-150.0,113,1,0.8589,0.059351
DuelingDQN,deceptive_grid,3,106,16838,-304.0,200,0,0.8572,0.017468
DuelingDQN,deceptive_grid,3,107,16840,9.0,2,1,0.8572,0.013869
DuelingDQN,deceptive_grid,3,108,17024,-253.0,184,1,0.8556,0.028474
DuelingDQN,deceptive_grid,3,109,17224,-233.0,200,1,0.8539,0.025649
DuelingDQN,deceptive_grid,3,110,17242,-7.0,18,1,0.8538,0.008571
DuelingDQN,deceptive_grid,3,111,17442,-232.0,200,0,0.8521,0.008157
DuelingDQN,deceptive_grid,3,112,17533,-112.0,91,1,0.8513,0.036914
DuelingDQN,deceptive_grid,3,113,17597,-69.0,64,1,0.8507,0.033168
DuelingDQN,deceptive_grid,3,114,17797,-260.0,200,0,0.8491,0.009284
DuelingDQN,deceptive_grid,3,115,17937,-185.0,140,1,0.8479,0.004265
DuelingDQN,deceptive_grid,3,116,18058,-142.0,121,1,0.8468,0.01965
DuelingDQN,deceptive_grid,3,117,18167,-138.0,109,1,0.8459,0.01044
DuelingDQN,deceptive_grid,3,118,18228,-90.0,61,1,0.8454,0.005785
DuelingDQN,deceptive_grid,3,119,18281,-62.0,53,1,0.8449,0.005562
DuelingDQN,deceptive_grid,3,120,18344,-72.0,63,1,0.8444,0.003961
DuelingDQN,deceptive_grid,3,121,18357,-2.0,13,1,0.8443,0.003458
DuelingDQN,deceptive_grid,3,122,18448,-88.0,91,1,0.8435,0.002815
DuelingDQN,deceptive_grid,3,123,18648,-252.0,200,0,0.8418,0.014968
DuelingDQN,deceptive_grid,3,124,18711,-60.0,63,1,0.8413,0.00603
DuelingDQN,deceptive_grid,3,125,18911,-232.0,200,0,0.8396,0.00352
DuelingDQN,deceptive_grid,3,126,18919,-1.0,8,1,0.8395,0.00231
DuelingDQN,deceptive_grid,3,127,19051,-173.0,132,1,0.8384,0.01517
DuelingDQN,deceptive_grid,3,128,19133,-87.0,82,1,0.8377,0.016244
DuelingDQN,deceptive_grid,3,129,19192,-60.0,59,1,0.8372,0.007
DuelingDQN,deceptive_grid,3,130,19201,2.0,9,1,0.8371,0.00714
DuelingDQN,deceptive_grid,3,131,19257,-53.0,56,1,0.8367,0.005583
DuelingDQN,deceptive_grid,3,132,19337,-89.0,80,1,0.836,0.003161
DuelingDQN,deceptive_grid,3,133,19536,-252.0,199,1,0.8343,0.005111
DuelingDQN,deceptive_grid,3,134,19546,1.0,10,1,0.8342,0.012036
DuelingDQN,deceptive_grid,3,135,19728,-211.0,182,1,0.8327,0.006093
DuelingDQN,deceptive_grid,3,136,19928,-216.0,200,0,0.831,0.002357
DuelingDQN,deceptive_grid,3,137,19958,-19.0,30,1,0.8307,0.001944
DuelingDQN,deceptive_grid,3,138,19985,-24.0,27,1,0.8305,0.001746
DuelingDQN,deceptive_grid,3,139,20017,-37.0,32,1,0.8302,0.010505
DuelingDQN,deceptive_grid,3,140,20063,-51.0,46,1,0.8298,0.012966
DuelingDQN,deceptive_grid,3,141,20086,-24.0,23,1,0.8296,0.009386
DuelingDQN,deceptive_grid,3,142,20152,-87.0,66,1,0.8291,0.007693
DuelingDQN,deceptive_grid,3,143,20263,-128.0,111,1,0.8281,0.005452
DuelingDQN,deceptive_grid,3,144,20283,-13.0,20,1,0.828,0.002893
DuelingDQN,deceptive_grid,3,145,20427,-197.0,144,1,0.8267,0.00206
DuelingDQN,deceptive_grid,3,146,20530,-108.0,103,1,0.8259,0.006805
DuelingDQN,deceptive_grid,3,147,20719,-194.0,189,1,0.8243,0.0078
DuelingDQN,deceptive_grid,3,148,20760,-58.0,41,1,0.8239,0.00383
DuelingDQN,deceptive_grid,3,149,20778,-19.0,18,1,0.8238,0.003774
DuelingDQN,deceptive_grid,3,150,20910,-165.0,132,1,0.8226,0.004701
DuelingDQN,deceptive_grid,3,151,21110,-244.0,200,0,0.821,0.006445
DuelingDQN,deceptive_grid,3,152,21152,-51.0,42,1,0.8206,0.004477
DuelingDQN,deceptive_grid,3,153,21326,-195.0,174,1,0.8191,0.002762
DuelingDQN,deceptive_grid,3,154,21526,-252.0,200,0,0.8174,0.004041
DuelingDQN,deceptive_grid,3,155,21633,-168.0,107,1,0.8165,0.008428
DuelingDQN,deceptive_grid,3,156,21673,-49.0,40,1,0.8162,0.004884
DuelingDQN,deceptive_grid,3,157,21685,-5.0,12,1,0.8161,0.004253
DuelingDQN,deceptive_grid,3,158,21768,-88.0,83,1,0.8154,0.005152
DuelingDQN,deceptive_grid,3,159,21878,-107.0,110,1,0.8144,0.003992
DuelingDQN,deceptive_grid,3,160,21902,-17.0,24,1,0.8142,0.004119
DuelingDQN,deceptive_grid,3,161,22005,-108.0,103,1,0.8134,0.003636
DuelingDQN,deceptive_grid,3,162,22120,-140.0,115,1,0.8124,0.012383
DuelingDQN,deceptive_grid,3,163,22213,-110.0,93,1,0.8116,0.005405
DuelingDQN,deceptive_grid,3,164,22297,-97.0,84,1,0.8109,0.003189
DuelingDQN,deceptive_grid,3,165,22369,-61.0,72,1,0.8103,0.003519
DuelingDQN,deceptive_grid,3,166,22465,-125.0,96,1,0.8095,0.004046
DuelingDQN,deceptive_grid,3,167,22613,-181.0,148,1,0.8082,0.009663
DuelingDQN,deceptive_grid,3,168,22615,9.0,2,1,0.8082,0.008671
DuelingDQN,deceptive_grid,3,169,22685,-79.0,70,1,0.8076,0.004428
DuelingDQN,deceptive_grid,3,170,22724,-36.0,39,1,0.8073,0.002901
DuelingDQN,deceptive_grid,3,171,22889,-202.0,165,1,0.8059,0.001845
DuelingDQN,deceptive_grid,3,172,23089,-248.0,200,0,0.8042,0.004802
DuelingDQN,deceptive_grid,3,173,23264,-196.0,175,1,0.8027,0.007431
DuelingDQN,deceptive_grid,3,174,23327,-60.0,63,1,0.8021,0.004724
DuelingDQN,deceptive_grid,3,175,23338,0.0,11,1,0.8021,0.003093
DuelingDQN,deceptive_grid,3,176,23480,-179.0,142,1,0.8008,0.001855
DuelingDQN,deceptive_grid,3,177,23531,-96.0,51,1,0.8004,0.004801
DuelingDQN,deceptive_grid,3,178,23623,-121.0,92,1,0.7996,0.006746
DuelingDQN,deceptive_grid,3,179,23662,-32.0,39,1,0.7993,0.007349
DuelingDQN,deceptive_grid,3,180,23742,-85.0,80,1,0.7986,0.004107
DuelingDQN,deceptive_grid,3,181,23795,-54.0,53,1,0.7982,0.00231
DuelingDQN,deceptive_grid,3,182,23910,-124.0,115,1,0.7972,0.001303
DuelingDQN,deceptive_grid,3,183,23928,-15.0,18,1,0.797,0.001377
DuelingDQN,deceptive_grid,3,184,23964,-29.0,36,1,0.7967,0.001349
DuelingDQN,deceptive_grid,3,185,24036,-85.0,72,1,0.7961,0.005267
DuelingDQN,deceptive_grid,3,186,24083,-72.0,47,1,0.7957,0.009557
DuelingDQN,deceptive_grid,3,187,24239,-169.0,156,1,0.7944,0.006383
DuelingDQN,deceptive_grid,3,188,24345,-107.0,106,1,0.7935,0.003138
DuelingDQN,deceptive_grid,3,189,24385,-37.0,40,1,0.7932,0.001973
DuelingDQN,deceptive_grid,3,190,24438,-50.0,53,1,0.7927,0.001425
DuelingDQN,deceptive_grid,3,191,24545,-112.0,107,1,0.7918,0.003803
DuelingDQN,deceptive_grid,3,192,24686,-150.0,141,1,0.7906,0.003849
DuelingDQN,deceptive_grid,3,193,24726,-41.0,40,1,0.7903,0.002192
DuelingDQN,deceptive_grid,3,194,24843,-186.0,117,1,0.7893,0.00236
DuelingDQN,deceptive_grid,3,195,24915,-77.0,72,1,0.7887,0.003418
DuelingDQN,deceptive_grid,3,196,25067,-153.0,152,1,0.7874,0.005496
DuelingDQN,deceptive_grid,3,197,25238,-200.0,171,1,0.7859,0.004807
DuelingDQN,deceptive_grid,3,198,25438,-288.0,200,0,0.7842,0.002681
DuelingDQN,deceptive_grid,3,199,25486,-57.0,48,1,0.7838,0.003352
DuelingDQN,deceptive_grid,3,200,25592,-131.0,106,1,0.7829,0.007249
DuelingDQN,deceptive_grid,3,201,25707,-136.0,115,1,0.782,0.004057
DuelingDQN,deceptive_grid,3,202,25840,-154.0,133,1,0.7808,0.002635
DuelingDQN,deceptive_grid,3,203,25849,-2.0,9,1,0.7808,0.001872
DuelingDQN,deceptive_grid,3,204,25915,-59.0,66,1,0.7802,0.001572
DuelingDQN,deceptive_grid,3,205,25970,-56.0,55,1,0.7797,0.001998
DuelingDQN,deceptive_grid,3,206,26043,-86.0,73,1,0.7791,0.005846
DuelingDQN,deceptive_grid,3,207,26243,-244.0,200,0,0.7774,0.006489
DuelingDQN,deceptive_grid,3,208,26345,-119.0,102,1,0.7765,0.002046
DuelingDQN,deceptive_grid,3,209,26415,-79.0,70,1,0.776,0.001667
DuelingDQN,deceptive_grid,3,210,26562,-140.0,147,1,0.7747,0.002628
DuelingDQN,deceptive_grid,3,211,26628,-59.0,66,1,0.7741,0.00757
DuelingDQN,deceptive_grid,3,212,26748,-133.0,120,1,0.7731,0.003377
DuelingDQN,deceptive_grid,3,213,26937,-218.0,189,1,0.7715,0.002754
DuelingDQN,deceptive_grid,3,214,27011,-75.0,74,1,0.7709,0.002642
DuelingDQN,deceptive_grid,3,215,27199,-221.0,188,1,0.7693,0.004645
DuelingDQN,deceptive_grid,3,216,27237,-47.0,38,1,0.769,0.00397
DuelingDQN,deceptive_grid,3,217,27323,-95.0,86,1,0.7683,0.002964
DuelingDQN,deceptive_grid,3,218,27435,-113.0,112,1,0.7673,0.001342
DuelingDQN,deceptive_grid,3,219,27493,-71.0,58,1,0.7668,0.001405
DuelingDQN,deceptive_grid,3,220,27631,-155.0,138,1,0.7656,0.005931
DuelingDQN,deceptive_grid,3,221,27656,-30.0,25,1,0.7654,0.003896
DuelingDQN,deceptive_grid,3,222,27661,6.0,5,1,0.7654,0.003041
DuelingDQN,deceptive_grid,3,223,27702,-50.0,41,1,0.765,0.002581
DuelingDQN,deceptive_grid,3,224,27795,-106.0,93,1,0.7642,0.00177
DuelingDQN,deceptive_grid,3,225,27895,-105.0,100,1,0.7634,0.00123
DuelingDQN,deceptive_grid,3,226,28015,-165.0,120,1,0.7624,0.00171
DuelingDQN,deceptive_grid,3,227,28082,-68.0,67,1,0.7618,0.005297
DuelingDQN,deceptive_grid,3,228,28129,-40.0,47,1,0.7614,0.003367
DuelingDQN,deceptive_grid,3,229,28183,-51.0,54,1,0.761,0.004099
DuelingDQN,deceptive_grid,3,230,28330,-160.0,147,1,0.7597,0.003642
DuelingDQN,deceptive_grid,3,231,28527,-206.0,197,1,0.758,0.003923
DuelingDQN,deceptive_grid,3,232,28644,-138.0,117,1,0.757,0.007127
DuelingDQN,deceptive_grid,3,233,28695,-56.0,51,1,0.7566,0.003929
DuelingDQN,deceptive_grid,3,234,28766,-96.0,71,1,0.756,0.003059
DuelingDQN,deceptive_grid,3,235,28885,-148.0,119,1,0.755,0.001714
DuelingDQN,deceptive_grid,3,236,28910,-22.0,25,1,0.7548,0.00133
DuelingDQN,deceptive_grid,3,237,28915,2.0,5,1,0.7547,0.001343
DuelingDQN,deceptive_grid,3,238,29090,-172.0,175,1,0.7533,0.005612
DuelingDQN,deceptive_grid,3,239,29155,-66.0,65,1,0.7527,0.005925
DuelingDQN,deceptive_grid,3,240,29166,-4.0,11,1,0.7526,0.004393
DuelingDQN,deceptive_grid,3,241,29266,-141.0,100,1,0.7518,0.003687
DuelingDQN,deceptive_grid,3,242,29334,-85.0,68,1,0.7512,0.00267
DuelingDQN,deceptive_grid,3,243,29455,-142.0,121,1,0.7502,0.001167
DuelingDQN,deceptive_grid,3,244,29463,3.0,8,1,0.7501,0.000871
DuelingDQN,deceptive_grid,3,245,29546,-96.0,83,1,0.7494,0.004205
DuelingDQN,deceptive_grid,3,246,29603,-50.0,57,1,0.7489,0.005053
DuelingDQN,deceptive_grid,3,247,29682,-88.0,79,1,0.7482,0.004263
DuelingDQN,deceptive_grid,3,248,29722,-45.0,40,1,0.7479,0.002727
DuelingDQN,deceptive_grid,3,249,29738,-13.0,16,1,0.7478,0.002243
DuelingDQN,deceptive_grid,3,250,29764,-23.0,26,1,0.7475,0.002183
DuelingDQN,deceptive_grid,3,251,29781,-14.0,17,1,0.7474,0.001922
DuelingDQN,deceptive_grid,3,252,29890,-126.0,109,1,0.7465,0.001309
DuelingDQN,deceptive_grid,3,253,29928,-39.0,38,1,0.7462,0.001138
DuelingDQN,deceptive_grid,3,254,30000,-77.0,72,1,0.7455,0.001017
DuelingDQN,deceptive_grid,3,255,30018,-7.0,18,1,0.7454,0.006602
DuelingDQN,deceptive_grid,3,256,30061,-52.0,43,1,0.745,0.007963
DuelingDQN,deceptive_grid,3,257,30137,-89.0,76,1,0.7444,0.006763
DuelingDQN,deceptive_grid,3,258,30206,-82.0,69,1,0.7438,0.003401
DuelingDQN,deceptive_grid,3,259,30279,-106.0,73,1,0.7432,0.002106
DuelingDQN,deceptive_grid,3,260,30323,-53.0,44,1,0.7428,0.001941
DuelingDQN,deceptive_grid,3,261,30453,-191.0,130,1,0.7417,0.001802
DuelingDQN,deceptive_grid,3,262,30645,-241.0,192,1,0.7401,0.005954
DuelingDQN,deceptive_grid,3,263,30693,-49.0,48,1,0.7397,0.006364
DuelingDQN,deceptive_grid,3,264,30742,-46.0,49,1,0.7393,0.004564
DuelingDQN,deceptive_grid,3,265,30917,-192.0,175,1,0.7378,0.001852
DuelingDQN,deceptive_grid,3,266,30950,-26.0,33,1,0.7375,0.000889
DuelingDQN,deceptive_grid,3,267,31131,-202.0,181,1,0.736,0.003638
DuelingDQN,deceptive_grid,3,268,31245,-119.0,114,1,0.735,0.00268
DuelingDQN,deceptive_grid,3,269,31313,-93.0,68,1,0.7344,0.001777
DuelingDQN,deceptive_grid,3,270,31349,-29.0,36,1,0.7341,0.001144
DuelingDQN,deceptive_grid,3,271,31363,-3.0,14,1,0.734,0.001068
DuelingDQN,deceptive_grid,3,272,31435,-69.0,72,1,0.7334,0.001566
DuelingDQN,deceptive_grid,3,273,31524,-98.0,89,1,0.7326,0.002688
DuelingDQN,deceptive_grid,3,274,31598,-91.0,74,1,0.732,0.01039
DuelingDQN,deceptive_grid,3,275,31624,-23.0,26,1,0.7318,0.007847
DuelingDQN,deceptive_grid,3,276,31780,-169.0,156,1,0.7304,0.003798
DuelingDQN,deceptive_grid,3,277,31827,-68.0,47,1,0.73,0.001371
DuelingDQN,deceptive_grid,3,278,31880,-58.0,53,1,0.7296,0.001058
DuelingDQN,deceptive_grid,3,279,31993,-114.0,113,1,0.7286,0.000742
DuelingDQN,deceptive_grid,3,280,32085,-93.0,92,1,0.7279,0.003572
DuelingDQN,deceptive_grid,3,281,32131,-47.0,46,1,0.7275,0.002517
DuelingDQN,deceptive_grid,3,282,32216,-94.0,85,1,0.7267,0.001656
DuelingDQN,deceptive_grid,3,283,32239,-12.0,23,1,0.7266,0.001239
DuelingDQN,deceptive_grid,3,284,32276,-38.0,37,1,0.7262,0.001132
DuelingDQN,deceptive_grid,3,285,32328,-57.0,52,1,0.7258,0.001336
DuelingDQN,deceptive_grid,3,286,32358,-31.0,30,1,0.7255,0.001848
DuelingDQN,deceptive_grid,3,287,32434,-69.0,76,1,0.7249,0.001323
DuelingDQN,deceptive_grid,3,288,32520,-83.0,86,1,0.7242,0.002093
DuelingDQN,deceptive_grid,3,289,32541,-10.0,21,1,0.724,0.004862
DuelingDQN,deceptive_grid,3,290,32602,-94.0,61,1,0.7235,0.005267
DuelingDQN,deceptive_grid,3,291,32629,-32.0,27,1,0.7232,0.003801
DuelingDQN,deceptive_grid,3,292,32714,-98.0,85,1,0.7225,0.00326
DuelingDQN,deceptive_grid,3,293,32746,-33.0,32,1,0.7223,0.002201
DuelingDQN,deceptive_grid,3,294,32839,-102.0,93,1,0.7215,0.001555
DuelingDQN,deceptive_grid,3,295,32887,-41.0,48,1,0.7211,0.001226
DuelingDQN,deceptive_grid,3,296,32951,-85.0,64,1,0.7205,0.001199
DuelingDQN,deceptive_grid,3,297,33046,-112.0,95,1,0.7197,0.003776
DuelingDQN,deceptive_grid,3,298,33083,-26.0,37,1,0.7194,0.005392
DuelingDQN,deceptive_grid,3,299,33117,-23.0,34,1,0.7191,0.00471
DuelingDQN,deceptive_grid,3,300,33223,-115.0,106,1,0.7182,0.003713
DuelingDQN,deceptive_grid,3,301,33275,-73.0,52,1,0.7178,0.002397
DuelingDQN,deceptive_grid,3,302,33426,-156.0,151,1,0.7165,0.001974
DuelingDQN,deceptive_grid,3,303,33507,-110.0,81,1,0.7158,0.001937
DuelingDQN,deceptive_grid,3,304,33563,-57.0,56,1,0.7153,0.00484
DuelingDQN,deceptive_grid,3,305,33658,-124.0,95,1,0.7145,0.004045
DuelingDQN,deceptive_grid,3,306,33724,-63.0,66,1,0.714,0.003321
DuelingDQN,deceptive_grid,3,307,33729,-6.0,5,1,0.7139,0.002782
DuelingDQN,deceptive_grid,3,308,33781,-49.0,52,1,0.7135,0.002567
DuelingDQN,deceptive_grid,3,309,33870,-130.0,89,1,0.7127,0.002237
DuelingDQN,deceptive_grid,3,310,33906,-29.0,36,1,0.7124,0.001373
DuelingDQN,deceptive_grid,3,311,33943,-34.0,37,1,0.7121,0.00231
DuelingDQN,deceptive_grid,3,312,34107,-185.0,164,1,0.7107,0.003849
DuelingDQN,deceptive_grid,3,313,34120,-6.0,13,1,0.7106,0.002749
DuelingDQN,deceptive_grid,3,314,34168,-41.0,48,1,0.7102,0.002852
DuelingDQN,deceptive_grid,3,315,34273,-122.0,105,1,0.7093,0.00166
DuelingDQN,deceptive_grid,3,316,34422,-186.0,149,1,0.708,0.000767
DuelingDQN,deceptive_grid,3,317,34445,-16.0,23,1,0.7078,0.000619
DuelingDQN,deceptive_grid,3,318,34517,-81.0,72,1,0.7072,0.001569
DuelingDQN,deceptive_grid,3,319,34674,-178.0,157,1,0.7059,0.005372
DuelingDQN,deceptive_grid,3,320,34687,-2.0,13,1,0.7058,0.003383
DuelingDQN,deceptive_grid,3,321,34782,-92.0,95,1,0.705,0.002893
DuelingDQN,deceptive_grid,3,322,34854,-65.0,72,1,0.7044,0.001966
DuelingDQN,deceptive_grid,3,323,34859,6.0,5,1,0.7043,0.001684
DuelingDQN,deceptive_grid,3,324,34875,-13.0,16,1,0.7042,0.001821
DuelingDQN,deceptive_grid,3,325,34977,-107.0,102,1,0.7033,0.001301
DuelingDQN,deceptive_grid,3,326,35093,-129.0,116,1,0.7023,0.004167
DuelingDQN,deceptive_grid,3,327,35152,-72.0,59,1,0.7018,0.00467
DuelingDQN,deceptive_grid,3,328,35177,-14.0,25,1,0.7016,0.004275
DuelingDQN,deceptive_grid,3,329,35184,4.0,7,1,0.7016,0.003934
DuelingDQN,deceptive_grid,3,330,35235,-44.0,51,1,0.7011,0.002678
DuelingDQN,deceptive_grid,3,331,35305,-75.0,70,1,0.7005,0.001711
DuelingDQN,deceptive_grid,3,332,35367,-67.0,62,1,0.7,0.000986
DuelingDQN,deceptive_grid,3,333,35430,-80.0,63,1,0.6995,0.00065
DuelingDQN,deceptive_grid,3,334,35480,-43.0,50,1,0.6991,0.000582
DuelingDQN,deceptive_grid,3,335,35526,-63.0,46,1,0.6987,0.002315
DuelingDQN,deceptive_grid,3,336,35585,-72.0,59,1,0.6982,0.004331
DuelingDQN,deceptive_grid,3,337,35652,-64.0,67,1,0.6976,0.003714
DuelingDQN,deceptive_grid,3,338,35699,-48.0,47,1,0.6972,0.00287
DuelingDQN,deceptive_grid,3,339,35704,6.0,5,1,0.6972,0.003386
DuelingDQN,deceptive_grid,3,340,35723,-16.0,19,1,0.697,0.002584
DuelingDQN,deceptive_grid,3,341,35765,-35.0,42,1,0.6966,0.002215
DuelingDQN,deceptive_grid,3,342,35853,-81.0,88,1,0.6959,0.001625
DuelingDQN,deceptive_grid,3,343,35922,-102.0,69,1,0.6953,0.001165
DuelingDQN,deceptive_grid,3,344,35953,-20.0,31,1,0.695,0.000825
DuelingDQN,deceptive_grid,3,345,36020,-80.0,67,1,0.6945,0.002007
DuelingDQN,deceptive_grid,3,346,36068,-53.0,48,1,0.6941,0.003902
DuelingDQN,deceptive_grid,3,347,36113,-58.0,45,1,0.6937,0.002971
DuelingDQN,deceptive_grid,3,348,36188,-76.0,75,1,0.6931,0.002671
DuelingDQN,deceptive_grid,3,349,36224,-33.0,36,1,0.6928,0.002741
DuelingDQN,deceptive_grid,3,350,36306,-71.0,82,1,0.6921,0.003023
DuelingDQN,deceptive_grid,3,351,36381,-76.0,75,1,0.6914,0.002215
DuelingDQN,deceptive_grid,3,352,36480,-132.0,99,1,0.6906,0.001202
DuelingDQN,deceptive_grid,3,353,36493,-2.0,13,1,0.6905,0.000949
DuelingDQN,deceptive_grid,3,354,36538,-54.0,45,1,0.6901,0.003333
DuelingDQN,deceptive_grid,3,355,36669,-144.0,131,1,0.689,0.002861
DuelingDQN,deceptive_grid,3,356,36684,-4.0,15,1,0.6888,0.001808
DuelingDQN,deceptive_grid,3,357,36732,-53.0,48,1,0.6884,0.001346
DuelingDQN,deceptive_grid,3,358,36822,-123.0,90,1,0.6877,0.001191
DuelingDQN,deceptive_grid,3,359,36896,-91.0,74,1,0.6871,0.000883
DuelingDQN,deceptive_grid,3,360,36927,-24.0,31,1,0.6868,0.000705
DuelingDQN,deceptive_grid,3,361,36971,-53.0,44,1,0.6864,0.000966
DuelingDQN,deceptive_grid,3,362,37012,-42.0,41,1,0.6861,0.002094
DuelingDQN,deceptive_grid,3,363,37115,-136.0,103,1,0.6852,0.004758
DuelingDQN,deceptive_grid,3,364,37214,-100.0,99,1,0.6844,0.002399
DuelingDQN,deceptive_grid,3,365,37269,-48.0,55,1,0.6839,0.003471
DuelingDQN,deceptive_grid,3,366,37321,-61.0,52,1,0.6834,0.0035
DuelingDQN,deceptive_grid,3,367,37371,-43.0,50,1,0.683,0.001792
DuelingDQN,deceptive_grid,3,368,37421,-51.0,50,1,0.6826,0.002841
DuelingDQN,deceptive_grid,3,369,37454,-30.0,33,1,0.6823,0.003234
DuelingDQN,deceptive_grid,3,370,37509,-48.0,55,1,0.6819,0.002105
DuelingDQN,deceptive_grid,3,371,37579,-59.0,70,1,0.6813,0.004431
DuelingDQN,deceptive_grid,3,372,37594,-12.0,15,1,0.6811,0.003484
DuelingDQN,deceptive_grid,3,373,37721,-132.0,127,1,0.6801,0.002615
DuelingDQN,deceptive_grid,3,374,37799,-87.0,78,1,0.6794,0.001662
DuelingDQN,deceptive_grid,3,375,37855,-61.0,56,1,0.6789,0.001169
DuelingDQN,deceptive_grid,3,376,37913,-47.0,58,1,0.6784,0.001115
DuelingDQN,deceptive_grid,3,377,37972,-80.0,59,1,0.6779,0.000826
DuelingDQN,deceptive_grid,3,378,38006,-31.0,34,1,0.6776,0.001712
DuelingDQN,deceptive_grid,3,379,38018,-17.0,12,1,0.6775,0.005175
DuelingDQN,deceptive_grid,3,380,38049,-28.0,31,1,0.6773,0.005552
DuelingDQN,deceptive_grid,3,381,38086,-34.0,37,1,0.677,0.00428
DuelingDQN,deceptive_grid,3,382,38169,-84.0,83,1,0.6763,0.003531
DuelingDQN,deceptive_grid,3,383,38268,-108.0,99,1,0.6754,0.003134
DuelingDQN,deceptive_grid,3,384,38307,-32.0,39,1,0.6751,0.00279
DuelingDQN,deceptive_grid,3,385,38315,3.0,8,1,0.675,0.001773
DuelingDQN,deceptive_grid,3,386,38376,-78.0,61,1,0.6745,0.00124
DuelingDQN,deceptive_grid,3,387,38380,3.0,4,1,0.6745,0.001008
DuelingDQN,deceptive_grid,3,388,38422,-35.0,42,1,0.6741,0.000961
DuelingDQN,deceptive_grid,3,389,38481,-60.0,59,1,0.6736,0.000743
DuelingDQN,deceptive_grid,3,390,38538,-50.0,57,1,0.6731,0.003397
DuelingDQN,deceptive_grid,3,391,38608,-67.0,70,1,0.6725,0.00364
DuelingDQN,deceptive_grid,3,392,38622,-7.0,14,1,0.6724,0.003463
DuelingDQN,deceptive_grid,3,393,38727,-110.0,105,1,0.6715,0.002505
DuelingDQN,deceptive_grid,3,394,38757,-35.0,30,1,0.6713,0.001592
DuelingDQN,deceptive_grid,3,395,38805,-45.0,48,1,0.6709,0.001305
DuelingDQN,deceptive_grid,3,396,38842,-34.0,37,1,0.6705,0.001511
DuelingDQN,deceptive_grid,3,397,38896,-51.0,54,1,0.6701,0.001531
DuelingDQN,deceptive_grid,3,398,38916,-13.0,20,1,0.6699,0.001332
DuelingDQN,deceptive_grid,3,399,38940,-17.0,24,1,0.6697,0.001241
DuelingDQN,deceptive_grid,3,400,38995,-48.0,55,1,0.6692,0.000945
DuelingDQN,deceptive_grid,3,401,39078,-104.0,83,1,0.6685,0.003678
DuelingDQN,deceptive_grid,3,402,39090,-5.0,12,1,0.6684,0.002811
DuelingDQN,deceptive_grid,3,403,39224,-147.0,134,1,0.6673,0.002515
DuelingDQN,deceptive_grid,3,404,39294,-79.0,70,1,0.6667,0.00208
DuelingDQN,deceptive_grid,3,405,39343,-58.0,49,1,0.6663,0.001622
DuelingDQN,deceptive_grid,3,406,39449,-107.0,106,1,0.6654,0.001304
DuelingDQN,deceptive_grid,3,407,39518,-78.0,69,1,0.6648,0.002204
DuelingDQN,deceptive_grid,3,408,39562,-53.0,44,1,0.6644,0.00327
DuelingDQN,deceptive_grid,3,409,39608,-43.0,46,1,0.664,0.003528
DuelingDQN,deceptive_grid,3,410,39612,7.0,4,1,0.664,0.001884
DuelingDQN,deceptive_grid,3,411,39674,-67.0,62,1,0.6635,0.00197
DuelingDQN,deceptive_grid,3,412,39711,-30.0,37,1,0.6632,0.001678
DuelingDQN,deceptive_grid,3,413,39744,-26.0,33,1,0.6629,0.001523
DuelingDQN,deceptive_grid,3,414,39775,-28.0,31,1,0.6626,0.002211
DuelingDQN,deceptive_grid,3,415,39851,-69.0,76,1,0.662,0.001513
DuelingDQN,deceptive_grid,3,416,39934,-84.0,83,1,0.6613,0.00106
DuelingDQN,deceptive_grid,3,417,39967,-26.0,33,1,0.661,0.001034
DuelingDQN,deceptive_grid,3,418,39996,-22.0,29,1,0.6608,0.001544
DuelingDQN,deceptive_grid,3,419,40045,-38.0,49,1,0.6603,0.004509
DuelingDQN,deceptive_grid,3,420,40141,-113.0,96,1,0.6595,0.006241
DuelingDQN,deceptive_grid,3,421,40178,-34.0,37,1,0.6592,0.003897
DuelingDQN,deceptive_grid,3,422,40227,-54.0,49,1,0.6588,0.002193
DuelingDQN,deceptive_grid,3,423,40318,-88.0,91,1,0.658,0.001692
DuelingDQN,deceptive_grid,3,424,40327,-6.0,9,1,0.6579,0.001238
DuelingDQN,deceptive_grid,3,425,40333,1.0,6,1,0.6579,0.001218
DuelingDQN,deceptive_grid,3,426,40380,-40.0,47,1,0.6575,0.001113
DuelingDQN,deceptive_grid,3,427,40475,-108.0,95,1,0.6567,0.00129
DuelingDQN,deceptive_grid,3,428,40484,-2.0,9,1,0.6566,0.000952
DuelingDQN,deceptive_grid,3,429,40556,-61.0,72,1,0.656,0.004048
DuelingDQN,deceptive_grid,3,430,40628,-97.0,72,1,0.6554,0.002676
DuelingDQN,deceptive_grid,3,431,40640,-9.0,12,1,0.6553,0.002396
DuelingDQN,deceptive_grid,3,432,40683,-40.0,43,1,0.6549,0.001729
DuelingDQN,deceptive_grid,3,433,40849,-203.0,166,1,0.6535,0.001784
DuelingDQN,deceptive_grid,3,434,40859,1.0,10,1,0.6534,0.001549
DuelingDQN,deceptive_grid,3,435,40931,-89.0,72,1,0.6528,0.000907
DuelingDQN,deceptive_grid,3,436,40981,-59.0,50,1,0.6524,0.00086
DuelingDQN,deceptive_grid,3,437,41026,-38.0,45,1,0.652,0.002733
DuelingDQN,deceptive_grid,3,438,41080,-55.0,54,1,0.6516,0.004254
DuelingDQN,deceptive_grid,3,439,41157,-90.0,77,1,0.6509,0.002566
DuelingDQN,deceptive_grid,3,440,41203,-47.0,46,1,0.6505,0.001732
DuelingDQN,deceptive_grid,3,441,41224,-10.0,21,1,0.6503,0.001362
DuelingDQN,deceptive_grid,3,442,41315,-112.0,91,1,0.6496,0.001298
DuelingDQN,deceptive_grid,3,443,41367,-41.0,52,1,0.6491,0.000997
DuelingDQN,deceptive_grid,3,444,41407,-37.0,40,1,0.6488,0.000716
DuelingDQN,deceptive_grid,3,445,41432,-26.0,25,1,0.6486,0.000652
DuelingDQN,deceptive_grid,3,446,41477,-34.0,45,1,0.6482,0.000775
DuelingDQN,deceptive_grid,3,447,41509,-37.0,32,1,0.6479,0.001659
DuelingDQN,deceptive_grid,3,448,41601,-117.0,92,1,0.6471,0.004169
DuelingDQN,deceptive_grid,3,449,41658,-58.0,57,1,0.6467,0.003832
DuelingDQN,deceptive_grid,3,450,41674,-5.0,16,1,0.6465,0.002801
DuelingDQN,deceptive_grid,3,451,41699,-26.0,25,1,0.6463,0.002797
DuelingDQN,deceptive_grid,3,452,41796,-122.0,97,1,0.6455,0.002333
DuelingDQN,deceptive_grid,3,453,41826,-23.0,30,1,0.6452,0.002349
DuelingDQN,deceptive_grid,3,454,41836,-3.0,10,1,0.6451,0.001844
DuelingDQN,deceptive_grid,3,455,41871,-32.0,35,1,0.6449,0.001314
DuelingDQN,deceptive_grid,3,456,41904,-26.0,33,1,0.6446,0.001041
DuelingDQN,deceptive_grid,3,457,41932,-21.0,28,1,0.6443,0.000839
DuelingDQN,deceptive_grid,3,458,41979,-68.0,47,1,0.6439,0.000822
DuelingDQN,deceptive_grid,3,459,41998,-12.0,19,1,0.6438,0.000581
DuelingDQN,deceptive_grid,3,460,42035,-26.0,37,1,0.6435,0.002928
DuelingDQN,deceptive_grid,3,461,42087,-61.0,52,1,0.643,0.002496
DuelingDQN,deceptive_grid,3,462,42147,-57.0,60,1,0.6425,0.002579
DuelingDQN,deceptive_grid,3,463,42225,-87.0,78,1,0.6419,0.001808
DuelingDQN,deceptive_grid,3,464,42271,-35.0,46,1,0.6415,0.001418
DuelingDQN,deceptive_grid,3,465,42292,-14.0,21,1,0.6413,0.001012
DuelingDQN,deceptive_grid,3,466,42345,-50.0,53,1,0.6408,0.001061
DuelingDQN,deceptive_grid,3,467,42382,-34.0,37,1,0.6405,0.000939
DuelingDQN,deceptive_grid,3,468,42403,-18.0,21,1,0.6403,0.000665
DuelingDQN,deceptive_grid,3,469,42494,-128.0,91,1,0.6396,0.000632
DuelingDQN,deceptive_grid,3,470,42585,-92.0,91,1,0.6388,0.00352
DuelingDQN,deceptive_grid,3,471,42652,-68.0,67,1,0.6382,0.003658
DuelingDQN,deceptive_grid,3,472,42677,-26.0,25,1,0.638,0.003327
DuelingDQN,deceptive_grid,3,473,42706,-22.0,29,1,0.6378,0.003058
DuelingDQN,deceptive_grid,3,474,42713,4.0,7,1,0.6377,0.003075
DuelingDQN,deceptive_grid,3,475,42718,2.0,5,1,0.6377,0.002398
DuelingDQN,deceptive_grid,3,476,42752,-35.0,34,1,0.6374,0.003132
DuelingDQN,deceptive_grid,3,477,42808,-45.0,56,1,0.6369,0.00249
DuelingDQN,deceptive_grid,3,478,42889,-106.0,81,1,0.6362,0.00105
DuelingDQN,deceptive_grid,3,479,42901,-1.0,12,1,0.6361,0.000901
DuelingDQN,deceptive_grid,3,480,42947,-51.0,46,1,0.6357,0.000786
DuelingDQN,deceptive_grid,3,481,43027,-77.0,80,1,0.635,0.001516
DuelingDQN,deceptive_grid,3,482,43066,-40.0,39,1,0.6347,0.002797
DuelingDQN,deceptive_grid,3,483,43080,-3.0,14,1,0.6346,0.002375
DuelingDQN,deceptive_grid,3,484,43102,-23.0,22,1,0.6344,0.003892
DuelingDQN,deceptive_grid,3,485,43220,-127.0,118,1,0.6334,0.003139
DuelingDQN,deceptive_grid,3,486,43291,-80.0,71,1,0.6328,0.002397
DuelingDQN,deceptive_grid,3,487,43331,-45.0,40,1,0.6325,0.001644
DuelingDQN,deceptive_grid,3,488,43357,-31.0,26,1,0.6322,0.001657
DuelingDQN,deceptive_grid,3,489,43423,-67.0,66,1,0.6317,0.001161
DuelingDQN,deceptive_grid,3,490,43448,-18.0,25,1,0.6315,0.000755
DuelingDQN,deceptive_grid,3,491,43492,-37.0,44,1,0.6311,0.000589
DuelingDQN,deceptive_grid,3,492,43526,-35.0,34,1,0.6308,0.001853
DuelingDQN,deceptive_grid,3,493,43584,-59.0,58,1,0.6303,0.002192
DuelingDQN,deceptive_grid,3,494,43618,-31.0,34,1,0.63,0.002495
DuelingDQN,deceptive_grid,3,495,43657,-32.0,39,1,0.6297,0.001638
DuelingDQN,deceptive_grid,3,496,43680,-12.0,23,1,0.6295,0.001353
DuelingDQN,deceptive_grid,3,497,43687,0.0,7,1,0.6294,0.001252
DuelingDQN,deceptive_grid,3,498,43731,-53.0,44,1,0.6291,0.001417
DuelingDQN,deceptive_grid,3,499,43754,-20.0,23,1,0.6289,0.001282
DuelingDQN,deceptive_grid,3,500,43800,-39.0,46,1,0.6285,0.001005
DuelingDQN,deceptive_grid,3,501,43832,-25.0,32,1,0.6282,0.000928
DuelingDQN,deceptive_grid,3,502,43887,-48.0,55,1,0.6278,0.001506
DuelingDQN,deceptive_grid,3,503,43948,-58.0,61,1,0.6272,0.00168
DuelingDQN,deceptive_grid,3,504,44007,-84.0,59,1,0.6267,0.001663
DuelingDQN,deceptive_grid,3,505,44050,-36.0,43,1,0.6264,0.003267
DuelingDQN,deceptive_grid,3,506,44083,-38.0,33,1,0.6261,0.002852
DuelingDQN,deceptive_grid,3,507,44107,-25.0,24,1,0.6259,0.002986
DuelingDQN,deceptive_grid,3,508,44146,-32.0,39,1,0.6256,0.002802
DuelingDQN,deceptive_grid,3,509,44177,-20.0,31,1,0.6253,0.001709
DuelingDQN,deceptive_grid,3,510,44206,-22.0,29,1,0.625,0.001609
DuelingDQN,deceptive_grid,3,511,44245,-32.0,39,1,0.6247,0.001568
DuelingDQN,deceptive_grid,3,512,44256,0.0,11,1,0.6246,0.002141
DuelingDQN,deceptive_grid,3,513,44262,5.0,6,1,0.6246,0.002523
DuelingDQN,deceptive_grid,3,514,44282,-13.0,20,1,0.6244,0.001708
DuelingDQN,deceptive_grid,3,515,44318,-33.0,36,1,0.6241,0.001726
DuelingDQN,deceptive_grid,3,516,44487,-226.0,169,1,0.6227,0.001384
DuelingDQN,deceptive_grid,3,517,44543,-57.0,56,1,0.6222,0.004941
DuelingDQN,deceptive_grid,3,518,44601,-63.0,58,1,0.6217,0.004414
DuelingDQN,deceptive_grid,3,519,44623,-19.0,22,1,0.6215,0.002667
DuelingDQN,deceptive_grid,3,520,44626,8.0,3,1,0.6215,0.003222
DuelingDQN,deceptive_grid,3,521,44712,-91.0,86,1,0.6208,0.001896
DuelingDQN,deceptive_grid,3,522,44734,-27.0,22,1,0.6206,0.001215
DuelingDQN,deceptive_grid,3,523,44739,6.0,5,1,0.6205,0.001103
DuelingDQN,deceptive_grid,3,524,44797,-51.0,58,1,0.62,0.000908
DuelingDQN,deceptive_grid,3,525,44838,-34.0,41,1,0.6197,0.000886
DuelingDQN,deceptive_grid,3,526,44906,-65.0,68,1,0.6191,0.001075
DuelingDQN,deceptive_grid,3,527,44952,-47.0,46,1,0.6187,0.001271
DuelingDQN,deceptive_grid,3,528,44990,-31.0,38,1,0.6184,0.001376
DuelingDQN,deceptive_grid,3,529,45009,-16.0,19,1,0.6182,0.002558
DuelingDQN,deceptive_grid,3,530,45075,-79.0,66,1,0.6177,0.002971
DuelingDQN,deceptive_grid,3,531,45093,-11.0,18,1,0.6175,0.002354
DuelingDQN,deceptive_grid,3,532,45119,-15.0,26,1,0.6173,0.002187
DuelingDQN,deceptive_grid,3,533,45144,-14.0,25,1,0.6171,0.002588
DuelingDQN,deceptive_grid,3,534,45195,-44.0,51,1,0.6167,0.001928
DuelingDQN,deceptive_grid,3,535,45244,-54.0,49,1,0.6162,0.001657
DuelingDQN,deceptive_grid,3,536,45314,-91.0,70,1,0.6156,0.00115
DuelingDQN,deceptive_grid,3,537,45354,-29.0,40,1,0.6153,0.001153
DuelingDQN,deceptive_grid,3,538,45393,-44.0,39,1,0.615,0.0015
DuelingDQN,deceptive_grid,3,539,45436,-44.0,43,1,0.6146,0.001163
DuelingDQN,deceptive_grid,3,540,45481,-50.0,45,1,0.6142,0.000925
DuelingDQN,deceptive_grid,3,541,45502,-14.0,21,1,0.6141,0.000977
DuelingDQN,deceptive_grid,3,542,45511,-2.0,9,1,0.614,0.002848
DuelingDQN,deceptive_grid,3,543,45521,1.0,10,1,0.6139,0.003051
DuelingDQN,deceptive_grid,3,544,45558,-34.0,37,1,0.6136,0.003084
DuelingDQN,deceptive_grid,3,545,45583,-26.0,25,1,0.6134,0.002927
DuelingDQN,deceptive_grid,3,546,45588,6.0,5,1,0.6133,0.002673
DuelingDQN,deceptive_grid,3,547,45663,-64.0,75,1,0.6127,0.002153
DuelingDQN,deceptive_grid,3,548,45712,-42.0,49,1,0.6123,0.001214
DuelingDQN,deceptive_grid,3,549,45762,-43.0,50,1,0.6118,0.001766
DuelingDQN,deceptive_grid,3,550,45772,-7.0,10,1,0.6118,0.001318
DuelingDQN,deceptive_grid,3,551,45834,-71.0,62,1,0.6112,0.001465
DuelingDQN,deceptive_grid,3,552,45867,-26.0,33,1,0.611,0.001122
DuelingDQN,deceptive_grid,3,553,45921,-59.0,54,1,0.6105,0.00115
DuelingDQN,deceptive_grid,3,554,46018,-98.0,97,1,0.6097,0.00199
DuelingDQN,deceptive_grid,3,555,46055,-30.0,37,1,0.6094,0.004134
DuelingDQN,deceptive_grid,3,556,46102,-56.0,47,1,0.609,0.003363
DuelingDQN,deceptive_grid,3,557,46176,-67.0,74,1,0.6083,0.002512
DuelingDQN,deceptive_grid,3,558,46182,5.0,6,1,0.6083,0.002593
DuelingDQN,deceptive_grid,3,559,46211,-34.0,29,1,0.608,0.002075
DuelingDQN,deceptive_grid,3,560,46214,8.0,3,1,0.608,0.002603
DuelingDQN,deceptive_grid,3,561,46230,-5.0,16,1,0.6079,0.002516
DuelingDQN,deceptive_grid,3,562,46260,-23.0,30,1,0.6076,0.002222
DuelingDQN,deceptive_grid,3,563,46291,-32.0,31,1,0.6074,0.001477
DuelingDQN,deceptive_grid,3,564,46308,-14.0,17,1,0.6072,0.001192
DuelingDQN,deceptive_grid,3,565,46342,-27.0,34,1,0.6069,0.00133
DuelingDQN,deceptive_grid,3,566,46389,-48.0,47,1,0.6065,0.001038
DuelingDQN,deceptive_grid,3,567,46422,-34.0,33,1,0.6063,0.001003
DuelingDQN,deceptive_grid,3,568,46501,-84.0,79,1,0.6056,0.000694
DuelingDQN,deceptive_grid,3,569,46570,-70.0,69,1,0.605,0.004528
DuelingDQN,deceptive_grid,3,570,46640,-67.0,70,1,0.6044,0.004793
DuelingDQN,deceptive_grid,3,571,46725,-98.0,85,1,0.6037,0.002145
DuelingDQN,deceptive_grid,3,572,46726,10.0,1,1,0.6037,0.000855
DuelingDQN,deceptive_grid,3,573,46808,-79.0,82,1,0.603,0.001167
DuelingDQN,deceptive_grid,3,574,46830,-15.0,22,1,0.6028,0.001334
DuelingDQN,deceptive_grid,3,575,46854,-21.0,24,1,0.6026,0.001673
DuelingDQN,deceptive_grid,3,576,46884,-23.0,30,1,0.6023,0.001236
DuelingDQN,deceptive_grid,3,577,46923,-36.0,39,1,0.602,0.001074
DuelingDQN,deceptive_grid,3,578,46957,-23.0,34,1,0.6017,0.00085
DuelingDQN,deceptive_grid,3,579,46990,-22.0,33,1,0.6014,0.000622
DuelingDQN,deceptive_grid,3,580,47022,-29.0,32,1,0.6012,0.002947
DuelingDQN,deceptive_grid,3,581,47076,-55.0,54,1,0.6007,0.004279
DuelingDQN,deceptive_grid,3,582,47099,-16.0,23,1,0.6005,0.003471
DuelingDQN,deceptive_grid,3,583,47101,9.0,2,1,0.6005,0.004684
DuelingDQN,deceptive_grid,3,584,47110,2.0,9,1,0.6004,0.003482
DuelingDQN,deceptive_grid,3,585,47204,-91.0,94,1,0.5996,0.002871
DuelingDQN,deceptive_grid,3,586,47271,-80.0,67,1,0.599,0.002385
DuelingDQN,deceptive_grid,3,587,47322,-76.0,51,1,0.5986,0.001595
DuelingDQN,deceptive_grid,3,588,47395,-78.0,73,1,0.598,0.000996
DuelingDQN,deceptive_grid,3,589,47424,-26.0,29,1,0.5978,0.000803
DuelingDQN,deceptive_grid,3,590,47445,-18.0,21,1,0.5976,0.000818
DuelingDQN,deceptive_grid,3,591,47516,-64.0,71,1,0.597,0.001567
DuelingDQN,deceptive_grid,3,592,47547,-32.0,31,1,0.5967,0.003743
DuelingDQN,deceptive_grid,3,593,47557,-3.0,10,1,0.5966,0.004423
DuelingDQN,deceptive_grid,3,594,47594,-26.0,37,1,0.5963,0.003462
DuelingDQN,deceptive_grid,3,595,47625,-24.0,31,1,0.596,0.003489
DuelingDQN,deceptive_grid,3,596,47637,-1.0,12,1,0.5959,0.005465
DuelingDQN,deceptive_grid,3,597,47675,-27.0,38,1,0.5956,0.003661
DuelingDQN,deceptive_grid,3,598,47706,-28.0,31,1,0.5954,0.002612
DuelingDQN,deceptive_grid,3,599,47778,-65.0,72,1,0.5947,0.001233
DuelingDQN,deceptive_grid,3,600,47795,-14.0,17,1,0.5946,0.000795
DuelingDQN,deceptive_grid,3,601,47839,-49.0,44,1,0.5942,0.000682
DuelingDQN,deceptive_grid,3,602,47895,-69.0,56,1,0.5938,0.000825
DuelingDQN,deceptive_grid,3,603,47951,-61.0,56,1,0.5933,0.000564
DuelingDQN,deceptive_grid,3,604,48002,-52.0,51,1,0.5928,0.000685
DuelingDQN,deceptive_grid,3,605,48005,8.0,3,1,0.5928,0.002967
DuelingDQN,deceptive_grid,3,606,48062,-62.0,57,1,0.5923,0.003148
DuelingDQN,deceptive_grid,3,607,48076,-7.0,14,1,0.5922,0.002125
DuelingDQN,deceptive_grid,3,608,48115,-40.0,39,1,0.5919,0.001784
DuelingDQN,deceptive_grid,3,609,48162,-48.0,47,1,0.5915,0.001386
DuelingDQN,deceptive_grid,3,610,48226,-69.0,64,1,0.5909,0.001246
DuelingDQN,deceptive_grid,3,611,48280,-51.0,54,1,0.5905,0.000882
DuelingDQN,deceptive_grid,3,612,48293,-2.0,13,1,0.5904,0.000795
DuelingDQN,deceptive_grid,3,613,48334,-38.0,41,1,0.59,0.000904
DuelingDQN,deceptive_grid,3,614,48346,-5.0,12,1,0.5899,0.000954
DuelingDQN,deceptive_grid,3,615,48366,-13.0,20,1,0.5898,0.000757
DuelingDQN,deceptive_grid,3,616,48439,-94.0,73,1,0.5891,0.000731
DuelingDQN,deceptive_grid,3,617,48440,10.0,1,1,0.5891,0.000574
DuelingDQN,deceptive_grid,3,618,48497,-54.0,57,1,0.5887,0.00087
DuelingDQN,deceptive_grid,3,619,48552,-48.0,55,1,0.5882,0.003099
DuelingDQN,deceptive_grid,3,620,48585,-26.0,33,1,0.5879,0.003545
DuelingDQN,deceptive_grid,3,621,48652,-80.0,67,1,0.5873,0.003131
DuelingDQN,deceptive_grid,3,622,48696,-33.0,44,1,0.587,0.002508
DuelingDQN,deceptive_grid,3,623,48697,10.0,1,1,0.587,0.00218
DuelingDQN,deceptive_grid,3,624,48721,-13.0,24,1,0.5867,0.002628
DuelingDQN,deceptive_grid,3,625,48763,-35.0,42,1,0.5864,0.002085
DuelingDQN,deceptive_grid,3,626,48785,-19.0,22,1,0.5862,0.001277
DuelingDQN,deceptive_grid,3,627,48838,-54.0,53,1,0.5858,0.001469
DuelingDQN,deceptive_grid,3,628,48883,-54.0,45,1,0.5854,0.001378
DuelingDQN,deceptive_grid,3,629,48954,-60.0,71,1,0.5848,0.001483
DuelingDQN,deceptive_grid,3,630,49025,-88.0,71,1,0.5842,0.002128
DuelingDQN,deceptive_grid,3,631,49064,-40.0,39,1,0.5838,0.003235
DuelingDQN,deceptive_grid,3,632,49091,-16.0,27,1,0.5836,0.003597
DuelingDQN,deceptive_grid,3,633,49128,-26.0,37,1,0.5833,0.003835
DuelingDQN,deceptive_grid,3,634,49203,-84.0,75,1,0.5827,0.002481
DuelingDQN,deceptive_grid,3,635,49244,-34.0,41,1,0.5823,0.001593
DuelingDQN,deceptive_grid,3,636,49263,-12.0,19,1,0.5822,0.001373
DuelingDQN,deceptive_grid,3,637,49294,-24.0,31,1,0.5819,0.001161
DuelingDQN,deceptive_grid,3,638,49351,-46.0,57,1,0.5814,0.000892
DuelingDQN,deceptive_grid,3,639,49400,-38.0,49,1,0.581,0.00073
DuelingDQN,deceptive_grid,3,640,49430,-35.0,30,1,0.5807,0.000858
DuelingDQN,deceptive_grid,3,641,49496,-83.0,66,1,0.5802,0.000477
DuelingDQN,deceptive_grid,3,642,49546,-43.0,50,1,0.5798,0.003163
DuelingDQN,deceptive_grid,3,643,49574,-21.0,28,1,0.5795,0.003525
DuelingDQN,deceptive_grid,3,644,49651,-78.0,77,1,0.5789,0.002922
DuelingDQN,deceptive_grid,3,645,49699,-41.0,48,1,0.5785,0.002714
DuelingDQN,deceptive_grid,3,646,49724,-14.0,25,1,0.5782,0.001876
DuelingDQN,deceptive_grid,3,647,49798,-75.0,74,1,0.5776,0.001404
DuelingDQN,deceptive_grid,3,648,49864,-59.0,66,1,0.5771,0.001311
DuelingDQN,deceptive_grid,3,649,49924,-49.0,60,1,0.5765,0.000789
DuelingDQN,deceptive_grid,3,650,49952,-25.0,28,1,0.5763,0.000653
DuelingDQN,deceptive_grid,3,651,49979,-20.0,27,1,0.5761,0.00082
DuelingDQN,deceptive_grid,3,652,50025,-51.0,46,1,0.5757,0.002101
DuelingDQN,deceptive_grid,3,653,50046,-22.0,21,1,0.5755,0.002921
DuelingDQN,deceptive_grid,3,654,50065,-8.0,19,1,0.5754,0.003084
DuelingDQN,deceptive_grid,3,655,50098,-22.0,33,1,0.5751,0.002207
DuelingDQN,deceptive_grid,3,656,50120,-15.0,22,1,0.5749,0.001608
DuelingDQN,deceptive_grid,3,657,50187,-64.0,67,1,0.5743,0.001663
DuelingDQN,deceptive_grid,3,658,50238,-40.0,51,1,0.5739,0.001289
DuelingDQN,deceptive_grid,3,659,50278,-29.0,40,1,0.5735,0.00088
DuelingDQN,deceptive_grid,3,660,50295,-10.0,17,1,0.5734,0.000755
DuelingDQN,deceptive_grid,3,661,50326,-32.0,31,1,0.5731,0.001104
DuelingDQN,deceptive_grid,3,662,50343,-6.0,17,1,0.573,0.001261
DuelingDQN,deceptive_grid,3,663,50356,-2.0,13,1,0.5729,0.001438
DuelingDQN,deceptive_grid,3,664,50394,-35.0,38,1,0.5726,0.002154
DuelingDQN,deceptive_grid,3,665,50481,-100.0,87,1,0.5718,0.001725
DuelingDQN,deceptive_grid,3,666,50533,-49.0,52,1,0.5714,0.003273
DuelingDQN,deceptive_grid,3,667,50579,-35.0,46,1,0.571,0.003874
DuelingDQN,deceptive_grid,3,668,50619,-33.0,40,1,0.5707,0.00301
DuelingDQN,deceptive_grid,3,669,50651,-21.0,32,1,0.5704,0.001847
DuelingDQN,deceptive_grid,3,670,50723,-65.0,72,1,0.5698,0.001994
DuelingDQN,deceptive_grid,3,671,50743,-13.0,20,1,0.5696,0.001899
DuelingDQN,deceptive_grid,3,672,50817,-87.0,74,1,0.569,0.001526
DuelingDQN,deceptive_grid,3,673,50877,-81.0,60,1,0.5685,0.00108
DuelingDQN,deceptive_grid,3,674,50898,-10.0,21,1,0.5683,0.001352
DuelingDQN,deceptive_grid,3,675,50958,-49.0,60,1,0.5678,0.00137
DuelingDQN,deceptive_grid,3,676,50996,-43.0,38,1,0.5675,0.000933
DuelingDQN,deceptive_grid,3,677,51057,-50.0,61,1,0.5669,0.003058
DuelingDQN,deceptive_grid,3,678,51079,-19.0,22,1,0.5667,0.002729
DuelingDQN,deceptive_grid,3,679,51124,-38.0,45,1,0.5664,0.002094
DuelingDQN,deceptive_grid,3,680,51167,-44.0,43,1,0.566,0.001571
DuelingDQN,deceptive_grid,3,681,51190,-20.0,23,1,0.5658,0.001353
DuelingDQN,deceptive_grid,3,682,51207,-6.0,17,1,0.5657,0.001149
DuelingDQN,deceptive_grid,3,683,51265,-55.0,58,1,0.5652,0.000915
DuelingDQN,deceptive_grid,3,684,51315,-51.0,50,1,0.5647,0.000945
DuelingDQN,deceptive_grid,3,685,51321,5.0,6,1,0.5647,0.00111
DuelingDQN,deceptive_grid,3,686,51373,-49.0,52,1,0.5643,0.000839
DuelingDQN,deceptive_grid,3,687,51402,-26.0,29,1,0.564,0.000785
DuelingDQN,deceptive_grid,3,688,51440,-39.0,38,1,0.5637,0.000861
DuelingDQN,deceptive_grid,3,689,51488,-41.0,48,1,0.5633,0.001047
DuelingDQN,deceptive_grid,3,690,51539,-40.0,51,1,0.5628,0.002391
DuelingDQN,deceptive_grid,3,691,51564,-18.0,25,1,0.5626,0.002937
DuelingDQN,deceptive_grid,3,692,51603,-44.0,39,1,0.5623,0.002631
DuelingDQN,deceptive_grid,3,693,51640,-42.0,37,1,0.562,0.002093
DuelingDQN,deceptive_grid,3,694,51677,-46.0,37,1,0.5617,0.001501
DuelingDQN,deceptive_grid,3,695,51695,-7.0,18,1,0.5615,0.001539
DuelingDQN,deceptive_grid,3,696,51713,-7.0,18,1,0.5614,0.001059
DuelingDQN,deceptive_grid,3,697,51789,-77.0,76,1,0.5607,0.000837
DuelingDQN,deceptive_grid,3,698,51827,-35.0,38,1,0.5604,0.000729
DuelingDQN,deceptive_grid,3,699,51859,-33.0,32,1,0.5601,0.000558
DuelingDQN,deceptive_grid,3,700,51891,-25.0,32,1,0.5599,0.000619
DuelingDQN,deceptive_grid,3,701,51934,-44.0,43,1,0.5595,0.000643
DuelingDQN,deceptive_grid,3,702,51945,-8.0,11,1,0.5594,0.000802
DuelingDQN,deceptive_grid,3,703,52010,-62.0,65,1,0.5589,0.00102
DuelingDQN,deceptive_grid,3,704,52025,-4.0,15,1,0.5587,0.003801
DuelingDQN,deceptive_grid,3,705,52051,-19.0,26,1,0.5585,0.005638
DuelingDQN,deceptive_grid,3,706,52108,-46.0,57,1,0.558,0.005064
DuelingDQN,deceptive_grid,3,707,52128,-13.0,20,1,0.5579,0.003302
DuelingDQN,deceptive_grid,3,708,52183,-52.0,55,1,0.5574,0.00334
DuelingDQN,deceptive_grid,3,709,52212,-18.0,29,1,0.5571,0.002604
DuelingDQN,deceptive_grid,3,710,52227,-16.0,15,1,0.557,0.003171
DuelingDQN,deceptive_grid,3,711,52279,-49.0,52,1,0.5566,0.002074
DuelingDQN,deceptive_grid,3,712,52315,-29.0,36,1,0.5563,0.001294
DuelingDQN,deceptive_grid,3,713,52375,-73.0,60,1,0.5558,0.000893
DuelingDQN,deceptive_grid,3,714,52420,-42.0,45,1,0.5554,0.000839
DuelingDQN,deceptive_grid,3,715,52441,-10.0,21,1,0.5552,0.000912
DuelingDQN,deceptive_grid,3,716,52475,-23.0,34,1,0.5549,0.001081
DuelingDQN,deceptive_grid,3,717,52520,-38.0,45,1,0.5545,0.001545
DuelingDQN,deceptive_grid,3,718,52545,-26.0,25,1,0.5543,0.002279
DuelingDQN,deceptive_grid,3,719,52577,-21.0,32,1,0.554,0.001692
DuelingDQN,deceptive_grid,3,720,52619,-35.0,42,1,0.5537,0.001366
DuelingDQN,deceptive_grid,3,721,52623,-1.0,4,1,0.5537,0.001401
DuelingDQN,deceptive_grid,3,722,52640,-10.0,17,1,0.5535,0.001315
DuelingDQN,deceptive_grid,3,723,52665,-26.0,25,1,0.5533,0.002571
DuelingDQN,deceptive_grid,3,724,52680,-12.0,15,1,0.5532,0.003188
DuelingDQN,deceptive_grid,3,725,52682,9.0,2,1,0.5532,0.00323
DuelingDQN,deceptive_grid,3,726,52735,-42.0,53,1,0.5527,0.002178
DuelingDQN,deceptive_grid,3,727,52757,-11.0,22,1,0.5525,0.001217
DuelingDQN,deceptive_grid,3,728,52786,-18.0,29,1,0.5523,0.001226
DuelingDQN,deceptive_grid,3,729,52795,-2.0,9,1,0.5522,0.001396
DuelingDQN,deceptive_grid,3,730,52841,-43.0,46,1,0.5518,0.001036
DuelingDQN,deceptive_grid,3,731,52872,-28.0,31,1,0.5515,0.000599
DuelingDQN,deceptive_grid,3,732,52897,-18.0,25,1,0.5513,0.000595
DuelingDQN,deceptive_grid,3,733,52934,-34.0,37,1,0.551,0.000614
DuelingDQN,deceptive_grid,3,734,52969,-40.0,35,1,0.5507,0.000563
DuelingDQN,deceptive_grid,3,735,53034,-66.0,65,1,0.5502,0.001369
DuelingDQN,deceptive_grid,3,736,53068,-39.0,34,1,0.5499,0.002645
DuelingDQN,deceptive_grid,3,737,53092,-25.0,24,1,0.5497,0.001651
DuelingDQN,deceptive_grid,3,738,53102,1.0,10,1,0.5496,0.001277
DuelingDQN,deceptive_grid,3,739,53128,-23.0,26,1,0.5494,0.001256
DuelingDQN,deceptive_grid,3,740,53179,-68.0,51,1,0.5489,0.001538
DuelingDQN,deceptive_grid,3,741,53213,-31.0,34,1,0.5486,0.001336
DuelingDQN,deceptive_grid,3,742,53227,-7.0,14,1,0.5485,0.000888
DuelingDQN,deceptive_grid,3,743,53282,-56.0,55,1,0.5481,0.000921
DuelingDQN,deceptive_grid,3,744,53339,-46.0,57,1,0.5476,0.000856
DuelingDQN,deceptive_grid,3,745,53358,-8.0,19,1,0.5474,0.000579
DuelingDQN,deceptive_grid,3,746,53383,-14.0,25,1,0.5472,0.000652
DuelingDQN,deceptive_grid,3,747,53425,-43.0,42,1,0.5469,0.000529
DuelingDQN,deceptive_grid,3,748,53479,-55.0,54,1,0.5464,0.000563
DuelingDQN,deceptive_grid,3,749,53490,0.0,11,1,0.5463,0.000575
DuelingDQN,deceptive_grid,3,750,53533,-40.0,43,1,0.5459,0.001863
DuelingDQN,deceptive_grid,3,751,53588,-56.0,55,1,0.5455,0.001791
DuelingDQN,deceptive_grid,3,752,53612,-21.0,24,1,0.5453,0.001943
DuelingDQN,deceptive_grid,3,753,53654,-39.0,42,1,0.5449,0.00148
DuelingDQN,deceptive_grid,3,754,53685,-32.0,31,1,0.5446,0.001509
DuelingDQN,deceptive_grid,3,755,53715,-23.0,30,1,0.5444,0.001243
DuelingDQN,deceptive_grid,3,756,53773,-71.0,58,1,0.5439,0.001176
DuelingDQN,deceptive_grid,3,757,53781,-5.0,8,1,0.5438,0.001002
DuelingDQN,deceptive_grid,3,758,53825,-49.0,44,1,0.5435,0.001504
DuelingDQN,deceptive_grid,3,759,53889,-57.0,64,1,0.5429,0.0012
DuelingDQN,deceptive_grid,3,760,53890,10.0,1,1,0.5429,0.00379
DuelingDQN,deceptive_grid,3,761,53938,-45.0,48,1,0.5425,0.002545
DuelingDQN,deceptive_grid,3,762,54004,-71.0,66,1,0.5419,0.001653
DuelingDQN,deceptive_grid,3,763,54033,-26.0,29,1,0.5417,0.003473
DuelingDQN,deceptive_grid,3,764,54070,-30.0,37,1,0.5414,0.003684
DuelingDQN,deceptive_grid,3,765,54089,-20.0,19,1,0.5412,0.00277
DuelingDQN,deceptive_grid,3,766,54102,-2.0,13,1,0.5411,0.002602
DuelingDQN,deceptive_grid,3,767,54118,-5.0,16,1,0.541,0.002236
DuelingDQN,deceptive_grid,3,768,54133,-4.0,15,1,0.5408,0.002144
DuelingDQN,deceptive_grid,3,769,54176,-48.0,43,1,0.5405,0.001633
DuelingDQN,deceptive_grid,3,770,54204,-17.0,28,1,0.5402,0.001223
DuelingDQN,deceptive_grid,3,771,54212,-1.0,8,1,0.5402,0.001073
DuelingDQN,deceptive_grid,3,772,54260,-65.0,48,1,0.5398,0.000798
DuelingDQN,deceptive_grid,3,773,54297,-38.0,37,1,0.5395,0.000821
DuelingDQN,deceptive_grid,3,774,54307,-3.0,10,1,0.5394,0.000924
DuelingDQN,deceptive_grid,3,775,54339,-37.0,32,1,0.5391,0.00076
DuelingDQN,deceptive_grid,3,776,54346,4.0,7,1,0.539,0.000707
DuelingDQN,deceptive_grid,3,777,54380,-35.0,34,1,0.5387,0.000682
DuelingDQN,deceptive_grid,3,778,54395,-4.0,15,1,0.5386,0.000622
DuelingDQN,deceptive_grid,3,779,54407,-1.0,12,1,0.5385,0.00063
DuelingDQN,deceptive_grid,3,780,54430,-20.0,23,1,0.5383,0.000642
DuelingDQN,deceptive_grid,3,781,54470,-37.0,40,1,0.538,0.000599
DuelingDQN,deceptive_grid,3,782,54497,-20.0,27,1,0.5378,0.000456
DuelingDQN,deceptive_grid,3,783,54505,3.0,8,1,0.5377,0.00159
DuelingDQN,deceptive_grid,3,784,54512,-4.0,7,1,0.5376,0.001965
DuelingDQN,deceptive_grid,3,785,54530,-11.0,18,1,0.5375,0.002521
DuelingDQN,deceptive_grid,3,786,54560,-27.0,30,1,0.5372,0.002954
DuelingDQN,deceptive_grid,3,787,54593,-22.0,33,1,0.5369,0.002399
DuelingDQN,deceptive_grid,3,788,54669,-77.0,76,1,0.5363,0.002315
DuelingDQN,deceptive_grid,3,789,54695,-19.0,26,1,0.5361,0.001464
DuelingDQN,deceptive_grid,3,790,54736,-42.0,41,1,0.5357,0.001129
DuelingDQN,deceptive_grid,3,791,54744,3.0,8,1,0.5357,0.001309
DuelingDQN,deceptive_grid,3,792,54795,-48.0,51,1,0.5352,0.001244
DuelingDQN,deceptive_grid,3,793,54802,4.0,7,1,0.5352,0.001669
DuelingDQN,deceptive_grid,3,794,54819,-6.0,17,1,0.535,0.00124
DuelingDQN,deceptive_grid,3,795,54848,-18.0,29,1,0.5348,0.001168
DuelingDQN,deceptive_grid,3,796,54871,-12.0,23,1,0.5346,0.001419
DuelingDQN,deceptive_grid,3,797,54894,-12.0,23,1,0.5344,0.001686
DuelingDQN,deceptive_grid,3,798,54905,-4.0,11,1,0.5343,0.003943
DuelingDQN,deceptive_grid,3,799,54944,-44.0,39,1,0.534,0.003043
DuelingDQN,deceptive_grid,3,800,55003,-52.0,59,1,0.5335,0.001383
DQN,deceptive_grid,4,1,200,-308.0,200,0,0.9983,
DQN,deceptive_grid,4,2,400,-260.0,200,0,0.9966,
DQN,deceptive_grid,4,3,433,-30.0,33,1,0.9963,
DQN,deceptive_grid,4,4,529,-133.0,96,1,0.9955,
DQN,deceptive_grid,4,5,729,-272.0,200,0,0.9938,
DQN,deceptive_grid,4,6,929,-296.0,200,0,0.9921,
DQN,deceptive_grid,4,7,1129,-280.0,200,0,0.9904,0.426392
DQN,deceptive_grid,4,8,1329,-292.0,200,0,0.9887,0.337334
DQN,deceptive_grid,4,9,1529,-264.0,200,0,0.987,0.283966
DQN,deceptive_grid,4,10,1729,-256.0,200,0,0.9853,0.225178
DQN,deceptive_grid,4,11,1929,-220.0,200,0,0.9836,0.180889
DQN,deceptive_grid,4,12,2129,-248.0,200,0,0.9819,0.164571
DQN,deceptive_grid,4,13,2162,-26.0,33,1,0.9817,0.132214
DQN,deceptive_grid,4,14,2362,-296.0,200,0,0.98,0.137143
DQN,deceptive_grid,4,15,2562,-252.0,200,0,0.9783,0.114707
DQN,deceptive_grid,4,16,2762,-248.0,200,0,0.9766,0.094761
DQN,deceptive_grid,4,17,2962,-304.0,200,0,0.9749,0.077884
DQN,deceptive_grid,4,18,3001,-44.0,39,1,0.9745,0.097955
DQN,deceptive_grid,4,19,3201,-256.0,200,0,0.9728,0.079656
DQN,deceptive_grid,4,20,3401,-252.0,200,0,0.9712,0.072077
DQN,deceptive_grid,4,21,3601,-244.0,200,0,0.9695,0.059347
DQN,deceptive_grid,4,22,3608,4.0,7,1,0.9694,0.05361
DQN,deceptive_grid,4,23,3808,-280.0,200,0,0.9677,0.056533
DQN,deceptive_grid,4,24,4008,-276.0,200,0,0.966,0.052731
DQN,deceptive_grid,4,25,4076,-85.0,68,1,0.9654,0.046191
DQN,deceptive_grid,4,26,4276,-268.0,200,0,0.9637,0.043335
DQN,deceptive_grid,4,27,4476,-236.0,200,0,0.962,0.045077
DQN,deceptive_grid,4,28,4479,4.0,3,1,0.962,0.022571
DQN,deceptive_grid,4,29,4679,-316.0,200,0,0.9603,0.055266
DQN,deceptive_grid,4,30,4705,-27.0,26,1,0.9601,0.054999
DQN,deceptive_grid,4,31,4819,-139.0,114,1,0.9591,0.04618
DQN,deceptive_grid,4,32,5019,-252.0,200,0,0.9574,0.054775
DQN,deceptive_grid,4,33,5219,-276.0,200,0,0.9557,0.049714
DQN,deceptive_grid,4,34,5247,-25.0,28,1,0.9555,0.058219
DQN,deceptive_grid,4,35,5447,-288.0,200,0,0.9538,0.050763
DQN,deceptive_grid,4,36,5625,-195.0,178,1,0.9523,0.064262
DQN,deceptive_grid,4,37,5703,-99.0,78,1,0.9516,0.076201
DQN,deceptive_grid,4,38,5903,-256.0,200,0,0.9499,0.052168
DQN,deceptive_grid,4,39,6103,-304.0,200,0,0.9482,0.067894
DQN,deceptive_grid,4,40,6303,-228.0,200,0,0.9465,0.042312
DQN,deceptive_grid,4,41,6503,-244.0,200,0,0.9448,0.054903
DQN,deceptive_grid,4,42,6703,-280.0,200,0,0.9431,0.063624
DQN,deceptive_grid,4,43,6903,-272.0,200,0,0.9414,0.043262
DQN,deceptive_grid,4,44,7103,-312.0,200,0,0.9398,0.067812
DQN,deceptive_grid,4,45,7303,-300.0,200,0,0.9381,0.049437
DQN,deceptive_grid,4,46,7417,-127.0,114,1,0.9371,0.057268
DQN,deceptive_grid,4,47,7617,-228.0,200,0,0.9354,0.058651
DQN,deceptive_grid,4,48,7817,-236.0,200,0,0.9337,0.042767
DQN,deceptive_grid,4,49,8017,-268.0,200,0,0.932,0.060962
DQN,deceptive_grid,4,50,8217,-284.0,200,0,0.9303,0.058931
DQN,deceptive_grid,4,51,8417,-248.0,200,0,0.9286,0.053512
DQN,deceptive_grid,4,52,8617,-292.0,200,0,0.9269,0.060554
DQN,deceptive_grid,4,53,8619,9.0,2,1,0.9269,0.024068
DQN,deceptive_grid,4,54,8819,-320.0,200,0,0.9252,0.076608
DQN,deceptive_grid,4,55,9019,-260.0,200,0,0.9235,0.06313
DQN,deceptive_grid,4,56,9219,-256.0,200,0,0.9218,0.054754
DQN,deceptive_grid,4,57,9419,-284.0,200,0,0.9201,0.058036
DQN,deceptive_grid,4,58,9619,-276.0,200,0,0.9184,0.059767
DQN,deceptive_grid,4,59,9819,-252.0,200,0,0.9167,0.049251
DQN,deceptive_grid,4,60,10019,-256.0,200,0,0.915,0.057615
DQN,deceptive_grid,4,61,10219,-340.0,200,0,0.9133,0.055804
DQN,deceptive_grid,4,62,10419,-296.0,200,0,0.9116,0.047883
DQN,deceptive_grid,4,63,10470,-68.0,51,1,0.9112,0.044533
DQN,deceptive_grid,4,64,10670,-244.0,200,0,0.9095,0.0756
DQN,deceptive_grid,4,65,10870,-284.0,200,0,0.9078,0.053917
DQN,deceptive_grid,4,66,11070,-292.0,200,0,0.9061,0.064947
DQN,deceptive_grid,4,67,11270,-256.0,200,0,0.9044,0.046133
DQN,deceptive_grid,4,68,11470,-252.0,200,0,0.9027,0.060502
DQN,deceptive_grid,4,69,11647,-198.0,177,1,0.9012,0.079484
DQN,deceptive_grid,4,70,11847,-240.0,200,0,0.8995,0.050812
DQN,deceptive_grid,4,71,11937,-103.0,90,1,0.8987,0.072433
DQN,deceptive_grid,4,72,11971,-27.0,34,1,0.8985,0.067383
DQN,deceptive_grid,4,73,12171,-260.0,200,0,0.8968,0.08323
DQN,deceptive_grid,4,74,12371,-376.0,200,0,0.8951,0.067873
DQN,deceptive_grid,4,75,12571,-324.0,200,0,0.8934,0.093771
DQN,deceptive_grid,4,76,12771,-228.0,200,0,0.8917,0.083335
DQN,deceptive_grid,4,77,12971,-280.0,200,0,0.89,0.068307
DQN,deceptive_grid,4,78,13171,-248.0,200,0,0.8883,0.08934
DQN,deceptive_grid,4,79,13371,-280.0,200,0,0.8866,0.063156
DQN,deceptive_grid,4,80,13571,-312.0,200,0,0.8849,0.078981
DQN,deceptive_grid,4,81,13643,-89.0,72,1,0.8843,0.08616
DQN,deceptive_grid,4,82,13843,-224.0,200,0,0.8826,0.070642
DQN,deceptive_grid,4,83,14043,-260.0,200,0,0.8809,0.070053
DQN,deceptive_grid,4,84,14146,-120.0,103,1,0.88,0.100977
DQN,deceptive_grid,4,85,14196,-47.0,50,1,0.8796,0.072684
DQN,deceptive_grid,4,86,14396,-224.0,200,0,0.8779,0.075562
DQN,deceptive_grid,4,87,14596,-260.0,200,0,0.8762,0.082116
DQN,deceptive_grid,4,88,14700,-125.0,104,1,0.8753,0.069255
DQN,deceptive_grid,4,89,14900,-236.0,200,0,0.8736,0.102598
DQN,deceptive_grid,4,90,15100,-316.0,200,0,0.8719,0.094341
DQN,deceptive_grid,4,91,15183,-116.0,83,1,0.8712,0.073305
DQN,deceptive_grid,4,92,15383,-252.0,200,0,0.8695,0.086024
DQN,deceptive_grid,4,93,15498,-164.0,115,1,0.8685,0.094769
DQN,deceptive_grid,4,94,15698,-240.0,200,0,0.8668,0.122829
DQN,deceptive_grid,4,95,15726,-29.0,28,1,0.8666,0.127909
DQN,deceptive_grid,4,96,15828,-99.0,102,1,0.8657,0.088956
DQN,deceptive_grid,4,97,16022,-255.0,194,1,0.8641,0.120801
DQN,deceptive_grid,4,98,16087,-70.0,65,1,0.8635,0.136186
DQN,deceptive_grid,4,99,16287,-300.0,200,0,0.8619,0.121711
DQN,deceptive_grid,4,100,16487,-304.0,200,0,0.8602,0.126069
DQN,deceptive_grid,4,101,16687,-264.0,200,0,0.8585,0.125503
DQN,deceptive_grid,4,102,16748,-58.0,61,1,0.8579,0.105972
DQN,deceptive_grid,4,103,16948,-260.0,200,0,0.8562,0.118383
DQN,deceptive_grid,4,104,17148,-252.0,200,0,0.8545,0.137392
DQN,deceptive_grid,4,105,17287,-180.0,139,1,0.8534,0.136516
DQN,deceptive_grid,4,106,17461,-175.0,174,1,0.8519,0.131149
DQN,deceptive_grid,4,107,17661,-240.0,200,0,0.8502,0.181613
DQN,deceptive_grid,4,108,17715,-55.0,54,1,0.8497,0.167288
DQN,deceptive_grid,4,109,17860,-166.0,145,1,0.8485,0.144312
DQN,deceptive_grid,4,110,17971,-128.0,111,1,0.8476,0.156233
DQN,deceptive_grid,4,111,18013,-43.0,42,1,0.8472,0.195679
DQN,deceptive_grid,4,112,18095,-83.0,82,1,0.8465,0.210185
DQN,deceptive_grid,4,113,18101,5.0,6,1,0.8465,0.231679
DQN,deceptive_grid,4,114,18301,-332.0,200,0,0.8448,0.252285
DQN,deceptive_grid,4,115,18365,-73.0,64,1,0.8442,0.193187
DQN,deceptive_grid,4,116,18565,-260.0,200,0,0.8425,0.214916
DQN,deceptive_grid,4,117,18621,-45.0,56,1,0.8421,0.25823
DQN,deceptive_grid,4,118,18684,-84.0,63,1,0.8415,0.226388
DQN,deceptive_grid,4,119,18884,-272.0,200,0,0.8398,0.224026
DQN,deceptive_grid,4,120,19054,-171.0,170,1,0.8384,0.255787
DQN,deceptive_grid,4,121,19115,-70.0,61,1,0.8379,0.268676
DQN,deceptive_grid,4,122,19315,-292.0,200,0,0.8362,0.278896
DQN,deceptive_grid,4,123,19515,-232.0,200,0,0.8345,0.269938
DQN,deceptive_grid,4,124,19575,-73.0,60,1,0.834,0.317963
DQN,deceptive_grid,4,125,19627,-57.0,52,1,0.8335,0.296914
DQN,deceptive_grid,4,126,19637,-3.0,10,1,0.8334,0.335961
DQN,deceptive_grid,4,127,19837,-272.0,200,0,0.8317,0.293379
DQN,deceptive_grid,4,128,20037,-300.0,200,0,0.83,0.328584
DQN,deceptive_grid,4,129,20112,-76.0,75,1,0.8294,0.337311
DQN,deceptive_grid,4,130,20247,-168.0,135,1,0.8283,0.349513
DQN,deceptive_grid,4,131,20447,-244.0,200,0,0.8266,0.321315
DQN,deceptive_grid,4,132,20510,-80.0,63,1,0.826,0.347393
DQN,deceptive_grid,4,133,20589,-80.0,79,1,0.8254,0.409091
DQN,deceptive_grid,4,134,20712,-128.0,123,1,0.8243,0.352786
DQN,deceptive_grid,4,135,20912,-252.0,200,0,0.8226,0.367756
DQN,deceptive_grid,4,136,21112,-256.0,200,0,0.8209,0.418068
DQN,deceptive_grid,4,137,21139,-16.0,27,1,0.8207,0.37215
DQN,deceptive_grid,4,138,21162,-24.0,23,1,0.8205,0.476815
DQN,deceptive_grid,4,139,21362,-304.0,200,0,0.8188,0.406231
DQN,deceptive_grid,4,140,21407,-54.0,45,1,0.8184,0.424649
DQN,deceptive_grid,4,141,21533,-163.0,126,1,0.8174,0.447757
DQN,deceptive_grid,4,142,21677,-185.0,144,1,0.8161,0.469222
DQN,deceptive_grid,4,143,21695,-19.0,18,1,0.816,0.388724
DQN,deceptive_grid,4,144,21800,-134.0,105,1,0.8151,0.424694
DQN,deceptive_grid,4,145,22000,-288.0,200,0,0.8134,0.395743
DQN,deceptive_grid,4,146,22173,-202.0,173,1,0.8119,0.438884
DQN,deceptive_grid,4,147,22313,-185.0,140,1,0.8107,0.437204
DQN,deceptive_grid,4,148,22381,-73.0,68,1,0.8102,0.52236
DQN,deceptive_grid,4,149,22453,-81.0,72,1,0.8096,0.456776
DQN,deceptive_grid,4,150,22628,-212.0,175,1,0.8081,0.469115
DQN,deceptive_grid,4,151,22723,-96.0,95,1,0.8073,0.410216
DQN,deceptive_grid,4,152,22859,-157.0,136,1,0.8061,0.448407
DQN,deceptive_grid,4,153,22948,-94.0,89,1,0.8054,0.406679
DQN,deceptive_grid,4,154,23075,-132.0,127,1,0.8043,0.4264
DQN,deceptive_grid,4,155,23095,-17.0,20,1,0.8041,0.404325
DQN,deceptive_grid,4,156,23295,-288.0,200,0,0.8024,0.411899
DQN,deceptive_grid,4,157,23444,-146.0,149,1,0.8011,0.430112
DQN,deceptive_grid,4,158,23547,-112.0,103,1,0.8003,0.423434
DQN,deceptive_grid,4,159,23592,-58.0,45,1,0.7999,0.471923
DQN,deceptive_grid,4,160,23728,-165.0,136,1,0.7987,0.420236
DQN,deceptive_grid,4,161,23850,-147.0,122,1,0.7977,0.419672
DQN,deceptive_grid,4,162,24050,-300.0,200,0,0.796,0.420467
DQN,deceptive_grid,4,163,24250,-260.0,200,0,0.7943,0.410286
DQN,deceptive_grid,4,164,24450,-312.0,200,0,0.7926,0.385947
DQN,deceptive_grid,4,165,24527,-82.0,77,1,0.792,0.385952
DQN,deceptive_grid,4,166,24727,-284.0,200,0,0.7903,0.373042
DQN,deceptive_grid,4,167,24813,-111.0,86,1,0.7895,0.374409
DQN,deceptive_grid,4,168,25013,-300.0,200,0,0.7878,0.397954
DQN,deceptive_grid,4,169,25025,-1.0,12,1,0.7877,0.408936
DQN,deceptive_grid,4,170,25225,-284.0,200,0,0.786,0.376328
DQN,deceptive_grid,4,171,25425,-280.0,200,0,0.7843,0.36268
DQN,deceptive_grid,4,172,25510,-106.0,85,1,0.7836,0.367415
DQN,deceptive_grid,4,173,25556,-43.0,46,1,0.7832,0.437015
DQN,deceptive_grid,4,174,25639,-104.0,83,1,0.7825,0.373405
DQN,deceptive_grid,4,175,25703,-89.0,64,1,0.782,0.391553
DQN,deceptive_grid,4,176,25790,-104.0,87,1,0.7812,0.339403
DQN,deceptive_grid,4,177,25990,-288.0,200,0,0.7795,0.331451
DQN,deceptive_grid,4,178,26060,-87.0,70,1,0.779,0.414321
DQN,deceptive_grid,4,179,26133,-78.0,73,1,0.7783,0.369366
DQN,deceptive_grid,4,180,26256,-160.0,123,1,0.7773,0.343608
DQN,deceptive_grid,4,181,26288,-33.0,32,1,0.777,0.305685
DQN,deceptive_grid,4,182,26391,-132.0,103,1,0.7761,0.352041
DQN,deceptive_grid,4,183,26483,-121.0,92,1,0.7754,0.320205
DQN,deceptive_grid,4,184,26671,-217.0,188,1,0.7738,0.368189
DQN,deceptive_grid,4,185,26717,-47.0,46,1,0.7734,0.325444
DQN,deceptive_grid,4,186,26836,-156.0,119,1,0.7724,0.329357
DQN,deceptive_grid,4,187,26882,-43.0,46,1,0.772,0.339243
DQN,deceptive_grid,4,188,27048,-215.0,166,1,0.7706,0.352324
DQN,deceptive_grid,4,189,27094,-63.0,46,1,0.7702,0.393641
DQN,deceptive_grid,4,190,27123,-18.0,29,1,0.7699,0.36843
DQN,deceptive_grid,4,191,27168,-74.0,45,1,0.7696,0.37471
DQN,deceptive_grid,4,192,27212,-53.0,44,1,0.7692,0.326506
DQN,deceptive_grid,4,193,27301,-126.0,89,1,0.7684,0.370239
DQN,deceptive_grid,4,194,27501,-252.0,200,0,0.7667,0.35325
DQN,deceptive_grid,4,195,27517,-9.0,16,1,0.7666,0.463988
DQN,deceptive_grid,4,196,27717,-244.0,200,0,0.7649,0.35174
DQN,deceptive_grid,4,197,27832,-180.0,115,1,0.7639,0.337481
DQN,deceptive_grid,4,198,27904,-89.0,72,1,0.7633,0.368642
DQN,deceptive_grid,4,199,27961,-66.0,57,1,0.7628,0.33107
DQN,deceptive_grid,4,200,28046,-118.0,85,1,0.7621,0.382831
DQN,deceptive_grid,4,201,28082,-37.0,36,1,0.7618,0.351301
DQN,deceptive_grid,4,202,28183,-130.0,101,1,0.7609,0.369414
DQN,deceptive_grid,4,203,28234,-40.0,51,1,0.7605,0.354464
DQN,deceptive_grid,4,204,28313,-88.0,79,1,0.7598,0.356284
DQN,deceptive_grid,4,205,28424,-136.0,111,1,0.7589,0.345701
DQN,deceptive_grid,4,206,28444,-25.0,20,1,0.7587,0.394768
DQN,deceptive_grid,4,207,28567,-124.0,123,1,0.7577,0.370405
DQN,deceptive_grid,4,208,28701,-155.0,134,1,0.7566,0.360635
DQN,deceptive_grid,4,209,28779,-99.0,78,1,0.7559,0.338665
DQN,deceptive_grid,4,210,28843,-61.0,64,1,0.7553,0.339342
DQN,deceptive_grid,4,211,28918,-76.0,75,1,0.7547,0.341433
DQN,deceptive_grid,4,212,28989,-72.0,71,1,0.7541,0.320158
DQN,deceptive_grid,4,213,29060,-64.0,71,1,0.7535,0.394279
DQN,deceptive_grid,4,214,29095,-32.0,35,1,0.7532,0.341159
DQN,deceptive_grid,4,215,29211,-133.0,116,1,0.7522,0.375151
DQN,deceptive_grid,4,216,29336,-154.0,125,1,0.7512,0.362807
DQN,deceptive_grid,4,217,29370,-35.0,34,1,0.7509,0.319186
DQN,deceptive_grid,4,218,29431,-54.0,61,1,0.7504,0.324353
DQN,deceptive_grid,4,219,29448,-10.0,17,1,0.7502,0.309373
DQN,deceptive_grid,4,220,29519,-88.0,71,1,0.7496,0.377802
DQN,deceptive_grid,4,221,29573,-67.0,54,1,0.7492,0.38866
DQN,deceptive_grid,4,222,29655,-87.0,82,1,0.7485,0.367945
DQN,deceptive_grid,4,223,29773,-151.0,118,1,0.7475,0.331824
DQN,deceptive_grid,4,224,29844,-80.0,71,1,0.7469,0.373497
DQN,deceptive_grid,4,225,29945,-106.0,101,1,0.746,0.364753
DQN,deceptive_grid,4,226,29965,-17.0,20,1,0.7458,0.34865
DQN,deceptive_grid,4,227,30107,-171.0,142,1,0.7446,0.372149
DQN,deceptive_grid,4,228,30137,-27.0,30,1,0.7444,0.356901
DQN,deceptive_grid,4,229,30182,-34.0,45,1,0.744,0.369281
DQN,deceptive_grid,4,230,30221,-40.0,39,1,0.7437,0.334376
DQN,deceptive_grid,4,231,30421,-280.0,200,0,0.742,0.336001
DQN,deceptive_grid,4,232,30475,-51.0,54,1,0.7415,0.290649
DQN,deceptive_grid,4,233,30524,-58.0,49,1,0.7411,0.425265
DQN,deceptive_grid,4,234,30607,-104.0,83,1,0.7404,0.384277
DQN,deceptive_grid,4,235,30771,-181.0,164,1,0.739,0.353432
DQN,deceptive_grid,4,236,30894,-140.0,123,1,0.738,0.359396
DQN,deceptive_grid,4,237,31094,-328.0,200,0,0.7363,0.363231
DQN,deceptive_grid,4,238,31143,-38.0,49,1,0.7358,0.350023
DQN,deceptive_grid,4,239,31194,-52.0,51,1,0.7354,0.343466
DQN,deceptive_grid,4,240,31213,-12.0,19,1,0.7352,0.370282
DQN,deceptive_grid,4,241,31238,-22.0,25,1,0.735,0.350515
DQN,deceptive_grid,4,242,31298,-57.0,60,1,0.7345,0.343787
DQN,deceptive_grid,4,243,31480,-235.0,182,1,0.733,0.323225
DQN,deceptive_grid,4,244,31625,-158.0,145,1,0.7318,0.362689
DQN,deceptive_grid,4,245,31642,-10.0,17,1,0.7316,0.324052
DQN,deceptive_grid,4,246,31645,4.0,3,1,0.7316,0.352576
DQN,deceptive_grid,4,247,31825,-181.0,180,1,0.7301,0.336521
DQN,deceptive_grid,4,248,31913,-77.0,88,1,0.7293,0.308213
DQN,deceptive_grid,4,249,31972,-88.0,59,1,0.7288,0.307704
DQN,deceptive_grid,4,250,32012,-41.0,40,1,0.7285,0.335321
DQN,deceptive_grid,4,251,32077,-66.0,65,1,0.7279,0.39313
DQN,deceptive_grid,4,252,32168,-112.0,91,1,0.7271,0.347233
DQN,deceptive_grid,4,253,32215,-40.0,47,1,0.7267,0.336327
DQN,deceptive_grid,4,254,32329,-135.0,114,1,0.7258,0.322903
DQN,deceptive_grid,4,255,32348,-16.0,19,1,0.7256,0.332075
DQN,deceptive_grid,4,256,32391,-40.0,43,1,0.7253,0.341006
DQN,deceptive_grid,4,257,32585,-267.0,194,1,0.7236,0.338084
DQN,deceptive_grid,4,258,32624,-32.0,39,1,0.7233,0.317153
DQN,deceptive_grid,4,259,32673,-50.0,49,1,0.7229,0.322336
DQN,deceptive_grid,4,260,32762,-102.0,89,1,0.7221,0.340613
DQN,deceptive_grid,4,261,32831,-74.0,69,1,0.7215,0.295443
DQN,deceptive_grid,4,262,32874,-40.0,43,1,0.7212,0.345107
DQN,deceptive_grid,4,263,32912,-27.0,38,1,0.7208,0.306562
DQN,deceptive_grid,4,264,32929,-10.0,17,1,0.7207,0.319423
DQN,deceptive_grid,4,265,33074,-162.0,145,1,0.7195,0.343879
DQN,deceptive_grid,4,266,33097,-20.0,23,1,0.7193,0.352725
DQN,deceptive_grid,4,267,33108,-4.0,11,1,0.7192,0.363451
DQN,deceptive_grid,4,268,33179,-76.0,71,1,0.7186,0.314452
DQN,deceptive_grid,4,269,33276,-102.0,97,1,0.7177,0.336447
DQN,deceptive_grid,4,270,33309,-30.0,33,1,0.7175,0.29808
DQN,deceptive_grid,4,271,33362,-46.0,53,1,0.717,0.313511
DQN,deceptive_grid,4,272,33389,-20.0,27,1,0.7168,0.331095
DQN,deceptive_grid,4,273,33442,-50.0,53,1,0.7163,0.308598
DQN,deceptive_grid,4,274,33498,-53.0,56,1,0.7159,0.311654
DQN,deceptive_grid,4,275,33569,-88.0,71,1,0.7153,0.3856
DQN,deceptive_grid,4,276,33571,9.0,2,1,0.7152,0.218628
DQN,deceptive_grid,4,277,33643,-61.0,72,1,0.7146,0.344012
DQN,deceptive_grid,4,278,33843,-232.0,200,0,0.7129,0.295687
DQN,deceptive_grid,4,279,33860,-14.0,17,1,0.7128,0.350029
DQN,deceptive_grid,4,280,33876,-5.0,16,1,0.7127,0.312197
DQN,deceptive_grid,4,281,33897,-10.0,21,1,0.7125,0.285982
DQN,deceptive_grid,4,282,33996,-96.0,99,1,0.7116,0.295434
DQN,deceptive_grid,4,283,34019,-24.0,23,1,0.7114,0.407881
DQN,deceptive_grid,4,284,34029,1.0,10,1,0.7114,0.359129
DQN,deceptive_grid,4,285,34162,-158.0,133,1,0.7102,0.315974
DQN,deceptive_grid,4,286,34243,-78.0,81,1,0.7095,0.316116
DQN,deceptive_grid,4,287,34281,-35.0,38,1,0.7092,0.303655
DQN,deceptive_grid,4,288,34329,-41.0,48,1,0.7088,0.276853
DQN,deceptive_grid,4,289,34383,-59.0,54,1,0.7084,0.278003
DQN,deceptive_grid,4,290,34439,-53.0,56,1,0.7079,0.344801
DQN,deceptive_grid,4,291,34515,-65.0,76,1,0.7072,0.325966
DQN,deceptive_grid,4,292,34550,-44.0,35,1,0.7069,0.321796
DQN,deceptive_grid,4,293,34621,-84.0,71,1,0.7063,0.313938
DQN,deceptive_grid,4,294,34692,-64.0,71,1,0.7057,0.325904
DQN,deceptive_grid,4,295,34769,-82.0,77,1,0.7051,0.326891
DQN,deceptive_grid,4,296,34853,-101.0,84,1,0.7044,0.305001
DQN,deceptive_grid,4,297,34885,-33.0,32,1,0.7041,0.261079
DQN,deceptive_grid,4,298,34981,-109.0,96,1,0.7033,0.277491
DQN,deceptive_grid,4,299,35038,-58.0,57,1,0.7028,0.380499
DQN,deceptive_grid,4,300,35045,4.0,7,1,0.7027,0.342833
DQN,deceptive_grid,4,301,35111,-71.0,66,1,0.7022,0.302058
DQN,deceptive_grid,4,302,35285,-171.0,174,1,0.7007,0.287941
DQN,deceptive_grid,4,303,35331,-43.0,46,1,0.7003,0.296916
DQN,deceptive_grid,4,304,35367,-29.0,36,1,0.7,0.342976
DQN,deceptive_grid,4,305,35446,-92.0,79,1,0.6993,0.28224
DQN,deceptive_grid,4,306,35553,-136.0,107,1,0.6984,0.311246
DQN,deceptive_grid,4,307,35637,-81.0,84,1,0.6977,0.315122
DQN,deceptive_grid,4,308,35711,-71.0,74,1,0.6971,0.288845
DQN,deceptive_grid,4,309,35748,-34.0,37,1,0.6968,0.261374
DQN,deceptive_grid,4,310,35844,-101.0,96,1,0.696,0.281206
DQN,deceptive_grid,4,311,35893,-38.0,49,1,0.6956,0.28946
DQN,deceptive_grid,4,312,35969,-73.0,76,1,0.6949,0.258598
DQN,deceptive_grid,4,313,36062,-110.0,93,1,0.6941,0.312216
DQN,deceptive_grid,4,314,36068,5.0,6,1,0.6941,0.31935
DQN,deceptive_grid,4,315,36166,-99.0,98,1,0.6932,0.29668
DQN,deceptive_grid,4,316,36177,-4.0,11,1,0.6931,0.338861
DQN,deceptive_grid,4,317,36241,-73.0,64,1,0.6926,0.282371
DQN,deceptive_grid,4,318,36386,-154.0,145,1,0.6914,0.267327
DQN,deceptive_grid,4,319,36428,-39.0,42,1,0.691,0.280159
DQN,deceptive_grid,4,320,36628,-224.0,200,0,0.6893,0.297327
DQN,deceptive_grid,4,321,36686,-55.0,58,1,0.6888,0.263374
DQN,deceptive_grid,4,322,36696,-7.0,10,1,0.6887,0.305049
DQN,deceptive_grid,4,323,36769,-62.0,73,1,0.6881,0.251598
DQN,deceptive_grid,4,324,36848,-68.0,79,1,0.6875,0.257817
DQN,deceptive_grid,4,325,36881,-22.0,33,1,0.6872,0.233642
DQN,deceptive_grid,4,326,36908,-20.0,27,1,0.6869,0.246406
DQN,deceptive_grid,4,327,37047,-148.0,139,1,0.6858,0.27479
DQN,deceptive_grid,4,328,37125,-83.0,78,1,0.6851,0.232641
DQN,deceptive_grid,4,329,37285,-173.0,160,1,0.6837,0.232924
DQN,deceptive_grid,4,330,37437,-153.0,152,1,0.6825,0.227504
DQN,deceptive_grid,4,331,37555,-119.0,118,1,0.6815,0.246614
DQN,deceptive_grid,4,332,37604,-58.0,49,1,0.681,0.222163
DQN,deceptive_grid,4,333,37634,-23.0,30,1,0.6808,0.21265
DQN,deceptive_grid,4,334,37750,-109.0,116,1,0.6798,0.206788
DQN,deceptive_grid,4,335,37801,-40.0,51,1,0.6794,0.212283
DQN,deceptive_grid,4,336,37853,-45.0,52,1,0.6789,0.200884
DQN,deceptive_grid,4,337,37893,-33.0,40,1,0.6786,0.190438
DQN,deceptive_grid,4,338,37921,-21.0,28,1,0.6783,0.175328
DQN,deceptive_grid,4,339,37974,-46.0,53,1,0.6779,0.193096
DQN,deceptive_grid,4,340,38032,-59.0,58,1,0.6774,0.230708
DQN,deceptive_grid,4,341,38082,-51.0,50,1,0.677,0.19631
DQN,deceptive_grid,4,342,38177,-96.0,95,1,0.6762,0.179905
DQN,deceptive_grid,4,343,38307,-151.0,130,1,0.6751,0.185477
DQN,deceptive_grid,4,344,38314,4.0,7,1,0.675,0.157289
DQN,deceptive_grid,4,345,38476,-195.0,162,1,0.6736,0.17823
DQN,deceptive_grid,4,346,38492,-13.0,16,1,0.6735,0.177546
DQN,deceptive_grid,4,347,38561,-58.0,69,1,0.6729,0.215372
DQN,deceptive_grid,4,348,38674,-126.0,113,1,0.672,0.182244
DQN,deceptive_grid,4,349,38729,-48.0,55,1,0.6715,0.170701
DQN,deceptive_grid,4,350,38830,-106.0,101,1,0.6706,0.159314
DQN,deceptive_grid,4,351,38840,-3.0,10,1,0.6706,0.119009
DQN,deceptive_grid,4,352,38860,-9.0,20,1,0.6704,0.117974
DQN,deceptive_grid,4,353,38868,3.0,8,1,0.6703,0.150512
DQN,deceptive_grid,4,354,38921,-42.0,53,1,0.6699,0.149723
DQN,deceptive_grid,4,355,39016,-96.0,95,1,0.6691,0.177279
DQN,deceptive_grid,4,356,39075,-56.0,59,1,0.6686,0.160139
DQN,deceptive_grid,4,357,39159,-101.0,84,1,0.6678,0.147995
DQN,deceptive_grid,4,358,39197,-47.0,38,1,0.6675,0.14635
DQN,deceptive_grid,4,359,39237,-29.0,40,1,0.6672,0.138479
DQN,deceptive_grid,4,360,39290,-70.0,53,1,0.6667,0.146616
DQN,deceptive_grid,4,361,39333,-36.0,43,1,0.6664,0.144308
DQN,deceptive_grid,4,362,39347,-3.0,14,1,0.6663,0.115677
DQN,deceptive_grid,4,363,39397,-39.0,50,1,0.6658,0.129717
DQN,deceptive_grid,4,364,39498,-102.0,101,1,0.665,0.138494
DQN,deceptive_grid,4,365,39672,-191.0,174,1,0.6635,0.149529
DQN,deceptive_grid,4,366,39688,-9.0,16,1,0.6634,0.162886
DQN,deceptive_grid,4,367,39772,-77.0,84,1,0.6626,0.124346
DQN,deceptive_grid,4,368,39820,-49.0,48,1,0.6622,0.121359
DQN,deceptive_grid,4,369,39846,-19.0,26,1,0.662,0.119507
DQN,deceptive_grid,4,370,39864,-11.0,18,1,0.6619,0.132726
DQN,deceptive_grid,4,371,39911,-52.0,47,1,0.6615,0.120999
DQN,deceptive_grid,4,372,40100,-210.0,189,1,0.6599,0.130292
DQN,deceptive_grid,4,373,40175,-84.0,75,1,0.6592,0.117823
DQN,deceptive_grid,4,374,40257,-91.0,82,1,0.6585,0.109968
DQN,deceptive_grid,4,375,40310,-46.0,53,1,0.6581,0.129385
DQN,deceptive_grid,4,376,40375,-58.0,65,1,0.6575,0.103134
DQN,deceptive_grid,4,377,40421,-47.0,46,1,0.6571,0.104663
DQN,deceptive_grid,4,378,40480,-52.0,59,1,0.6566,0.098812
DQN,deceptive_grid,4,379,40578,-103.0,98,1,0.6558,0.1289
DQN,deceptive_grid,4,380,40604,-19.0,26,1,0.6556,0.113652
DQN,deceptive_grid,4,381,40650,-43.0,46,1,0.6552,0.099009
DQN,deceptive_grid,4,382,40676,-19.0,26,1,0.655,0.102732
DQN,deceptive_grid,4,383,40713,-26.0,37,1,0.6547,0.102521
DQN,deceptive_grid,4,384,40788,-72.0,75,1,0.654,0.098846
DQN,deceptive_grid,4,385,40801,-14.0,13,1,0.6539,0.093245
DQN,deceptive_grid,4,386,40832,-32.0,31,1,0.6537,0.085778
DQN,deceptive_grid,4,387,40862,-23.0,30,1,0.6534,0.085061
DQN,deceptive_grid,4,388,40899,-30.0,37,1,0.6531,0.088783
DQN,deceptive_grid,4,389,40935,-29.0,36,1,0.6528,0.093375
DQN,deceptive_grid,4,390,40946,0.0,11,1,0.6527,0.096898
DQN,deceptive_grid,4,391,41014,-65.0,68,1,0.6521,0.107821
DQN,deceptive_grid,4,392,41076,-51.0,62,1,0.6516,0.109152
DQN,deceptive_grid,4,393,41130,-51.0,54,1,0.6511,0.088178
DQN,deceptive_grid,4,394,41142,-9.0,12,1,0.651,0.087771
DQN,deceptive_grid,4,395,41165,-20.0,23,1,0.6508,0.090415
DQN,deceptive_grid,4,396,41197,-25.0,32,1,0.6506,0.082471
DQN,deceptive_grid,4,397,41278,-74.0,81,1,0.6499,0.085327
DQN,deceptive_grid,4,398,41328,-47.0,50,1,0.6495,0.084407
DQN,deceptive_grid,4,399,41344,-13.0,16,1,0.6493,0.089451
DQN,deceptive_grid,4,400,41394,-39.0,50,1,0.6489,0.078978
DQN,deceptive_grid,4,401,41445,-56.0,51,1,0.6485,0.077862
DQN,deceptive_grid,4,402,41457,-5.0,12,1,0.6484,0.076681
DQN,deceptive_grid,4,403,41486,-34.0,29,1,0.6481,0.067749
DQN,deceptive_grid,4,404,41560,-83.0,74,1,0.6475,0.104174
DQN,deceptive_grid,4,405,41593,-30.0,33,1,0.6472,0.089491
DQN,deceptive_grid,4,406,41613,-9.0,20,1,0.647,0.094237
DQN,deceptive_grid,4,407,41673,-49.0,60,1,0.6465,0.077502
DQN,deceptive_grid,4,408,41722,-42.0,49,1,0.6461,0.075352
DQN,deceptive_grid,4,409,41761,-52.0,39,1,0.6458,0.08011
DQN,deceptive_grid,4,410,41768,4.0,7,1,0.6457,0.080983
DQN,deceptive_grid,4,411,41781,-6.0,13,1,0.6456,0.076228
DQN,deceptive_grid,4,412,41856,-80.0,75,1,0.645,0.073434
DQN,deceptive_grid,4,413,41892,-29.0,36,1,0.6447,0.066189
DQN,deceptive_grid,4,414,41897,6.0,5,1,0.6446,0.062399
DQN,deceptive_grid,4,415,41973,-81.0,76,1,0.644,0.072867
DQN,deceptive_grid,4,416,42028,-56.0,55,1,0.6435,0.092652
DQN,deceptive_grid,4,417,42058,-23.0,30,1,0.6433,0.091138
DQN,deceptive_grid,4,418,42103,-50.0,45,1,0.6429,0.077454
DQN,deceptive_grid,4,419,42154,-52.0,51,1,0.6424,0.076627
DQN,deceptive_grid,4,420,42182,-29.0,28,1,0.6422,0.069648
DQN,deceptive_grid,4,421,42199,-10.0,17,1,0.6421,0.073203
DQN,deceptive_grid,4,422,42263,-57.0,64,1,0.6415,0.069018
DQN,deceptive_grid,4,423,42269,5.0,6,1,0.6415,0.069594
DQN,deceptive_grid,4,424,42288,-12.0,19,1,0.6413,0.065142
DQN,deceptive_grid,4,425,42320,-21.0,32,1,0.641,0.081592
DQN,deceptive_grid,4,426,42377,-58.0,57,1,0.6406,0.067409
DQN,deceptive_grid,4,427,42463,-99.0,86,1,0.6398,0.070005
DQN,deceptive_grid,4,428,42541,-75.0,78,1,0.6392,0.083222
DQN,deceptive_grid,4,429,42580,-40.0,39,1,0.6388,0.074921
DQN,deceptive_grid,4,430,42637,-58.0,57,1,0.6383,0.078966
DQN,deceptive_grid,4,431,42689,-41.0,52,1,0.6379,0.074999
DQN,deceptive_grid,4,432,42721,-29.0,32,1,0.6376,0.071511
DQN,deceptive_grid,4,433,42787,-75.0,66,1,0.6371,0.070959
DQN,deceptive_grid,4,434,42843,-45.0,56,1,0.6366,0.070923
DQN,deceptive_grid,4,435,42939,-113.0,96,1,0.6358,0.072437
DQN,deceptive_grid,4,436,42968,-30.0,29,1,0.6355,0.062668
DQN,deceptive_grid,4,437,42990,-11.0,22,1,0.6354,0.065064
DQN,deceptive_grid,4,438,43049,-76.0,59,1,0.6349,0.086264
DQN,deceptive_grid,4,439,43120,-76.0,71,1,0.6342,0.083537
DQN,deceptive_grid,4,440,43171,-48.0,51,1,0.6338,0.079523
DQN,deceptive_grid,4,441,43245,-67.0,74,1,0.6332,0.079922
DQN,deceptive_grid,4,442,43246,10.0,1,1,0.6332,0.060664
DQN,deceptive_grid,4,443,43277,-20.0,31,1,0.6329,0.072518
DQN,deceptive_grid,4,444,43305,-25.0,28,1,0.6327,0.073158
DQN,deceptive_grid,4,445,43340,-24.0,35,1,0.6324,0.071641
DQN,deceptive_grid,4,446,43373,-34.0,33,1,0.6321,0.068453
DQN,deceptive_grid,4,447,43459,-91.0,86,1,0.6314,0.072013
DQN,deceptive_grid,4,448,43521,-51.0,62,1,0.6308,0.08277
DQN,deceptive_grid,4,449,43535,-3.0,14,1,0.6307,0.089446
DQN,deceptive_grid,4,450,43555,-9.0,20,1,0.6306,0.08376
DQN,deceptive_grid,4,451,43595,-33.0,40,1,0.6302,0.088891
DQN,deceptive_grid,4,452,43641,-51.0,46,1,0.6298,0.084073
DQN,deceptive_grid,4,453,43714,-82.0,73,1,0.6292,0.075678
DQN,deceptive_grid,4,454,43735,-14.0,21,1,0.629,0.081015
DQN,deceptive_grid,4,455,43765,-27.0,30,1,0.6288,0.077429
DQN,deceptive_grid,4,456,43804,-40.0,39,1,0.6284,0.073131
DQN,deceptive_grid,4,457,43856,-41.0,52,1,0.628,0.06603
DQN,deceptive_grid,4,458,43894,-31.0,38,1,0.6277,0.067811
DQN,deceptive_grid,4,459,43936,-35.0,42,1,0.6273,0.06398
DQN,deceptive_grid,4,460,43985,-38.0,49,1,0.6269,0.059544
DQN,deceptive_grid,4,461,44072,-92.0,87,1,0.6262,0.088322
DQN,deceptive_grid,4,462,44118,-43.0,46,1,0.6258,0.080722
DQN,deceptive_grid,4,463,44142,-17.0,24,1,0.6256,0.082954
DQN,deceptive_grid,4,464,44155,-6.0,13,1,0.6255,0.078962
DQN,deceptive_grid,4,465,44206,-40.0,51,1,0.625,0.085913
DQN,deceptive_grid,4,466,44253,-36.0,47,1,0.6246,0.086959
DQN,deceptive_grid,4,467,44284,-24.0,31,1,0.6244,0.068435
DQN,deceptive_grid,4,468,44335,-40.0,51,1,0.6239,0.069914
DQN,deceptive_grid,4,469,44389,-47.0,54,1,0.6235,0.067405
DQN,deceptive_grid,4,470,44441,-41.0,52,1,0.623,0.06437
DQN,deceptive_grid,4,471,44498,-46.0,57,1,0.6226,0.073215
DQN,deceptive_grid,4,472,44532,-31.0,34,1,0.6223,0.080408
DQN,deceptive_grid,4,473,44543,0.0,11,1,0.6222,0.078964
DQN,deceptive_grid,4,474,44574,-28.0,31,1,0.6219,0.073861
DQN,deceptive_grid,4,475,44619,-38.0,45,1,0.6215,0.072911
DQN,deceptive_grid,4,476,44682,-80.0,63,1,0.621,0.067125
DQN,deceptive_grid,4,477,44717,-32.0,35,1,0.6207,0.071065
DQN,deceptive_grid,4,478,44777,-61.0,60,1,0.6202,0.067485
DQN,deceptive_grid,4,479,44829,-57.0,52,1,0.6198,0.063987
DQN,deceptive_grid,4,480,44866,-38.0,37,1,0.6194,0.065035
DQN,deceptive_grid,4,481,44891,-26.0,25,1,0.6192,0.068634
DQN,deceptive_grid,4,482,44934,-36.0,43,1,0.6189,0.062257
DQN,deceptive_grid,4,483,44960,-19.0,26,1,0.6186,0.067476
DQN,deceptive_grid,4,484,44966,5.0,6,1,0.6186,0.064254
DQN,deceptive_grid,4,485,45004,-35.0,38,1,0.6183,0.060587
DQN,deceptive_grid,4,486,45035,-20.0,31,1,0.618,0.068567
DQN,deceptive_grid,4,487,45080,-38.0,45,1,0.6176,0.073508
DQN,deceptive_grid,4,488,45159,-68.0,79,1,0.617,0.06858
DQN,deceptive_grid,4,489,45191,-33.0,32,1,0.6167,0.057568
DQN,deceptive_grid,4,490,45227,-29.0,36,1,0.6164,0.064985
DQN,deceptive_grid,4,491,45306,-92.0,79,1,0.6157,0.065692
DQN,deceptive_grid,4,492,45357,-56.0,51,1,0.6153,0.062869
DQN,deceptive_grid,4,493,45416,-52.0,59,1,0.6148,0.068137
DQN,deceptive_grid,4,494,45452,-29.0,36,1,0.6145,0.060356
DQN,deceptive_grid,4,495,45541,-86.0,89,1,0.6137,0.065606
DQN,deceptive_grid,4,496,45580,-28.0,39,1,0.6134,0.072749
DQN,deceptive_grid,4,497,45616,-25.0,36,1,0.6131,0.061606
DQN,deceptive_grid,4,498,45635,-12.0,19,1,0.6129,0.064092
DQN,deceptive_grid,4,499,45651,-21.0,16,1,0.6128,0.059558
DQN,deceptive_grid,4,500,45686,-24.0,35,1,0.6125,0.06455
DQN,deceptive_grid,4,501,45733,-52.0,47,1,0.6121,0.059607
DQN,deceptive_grid,4,502,45758,-14.0,25,1,0.6119,0.058492
DQN,deceptive_grid,4,503,45849,-92.0,91,1,0.6111,0.057135
DQN,deceptive_grid,4,504,45939,-87.0,90,1,0.6103,0.057241
DQN,deceptive_grid,4,505,45942,8.0,3,1,0.6103,0.059075
DQN,deceptive_grid,4,506,46005,-68.0,63,1,0.6098,0.054679
DQN,deceptive_grid,4,507,46038,-26.0,33,1,0.6095,0.065047
DQN,deceptive_grid,4,508,46051,-2.0,13,1,0.6094,0.044964
DQN,deceptive_grid,4,509,46074,-20.0,23,1,0.6092,0.063117
DQN,deceptive_grid,4,510,46172,-103.0,98,1,0.6084,0.053596
DQN,deceptive_grid,4,511,46206,-35.0,34,1,0.6081,0.056949
DQN,deceptive_grid,4,512,46237,-28.0,31,1,0.6078,0.059738
DQN,deceptive_grid,4,513,46253,-5.0,16,1,0.6077,0.050175
DQN,deceptive_grid,4,514,46335,-83.0,82,1,0.607,0.048657
DQN,deceptive_grid,4,515,46364,-22.0,29,1,0.6067,0.044956
DQN,deceptive_grid,4,516,46395,-28.0,31,1,0.6065,0.046625
DQN,deceptive_grid,4,517,46420,-30.0,25,1,0.6063,0.046269
DQN,deceptive_grid,4,518,46450,-19.0,30,1,0.606,0.047182
DQN,deceptive_grid,4,519,46474,-21.0,24,1,0.6058,0.055961
DQN,deceptive_grid,4,520,46524,-51.0,50,1,0.6054,0.0605
DQN,deceptive_grid,4,521,46567,-48.0,43,1,0.605,0.05462
DQN,deceptive_grid,4,522,46617,-47.0,50,1,0.6046,0.049255
DQN,deceptive_grid,4,523,46668,-56.0,51,1,0.6042,0.05187
DQN,deceptive_grid,4,524,46712,-33.0,44,1,0.6038,0.048328
DQN,deceptive_grid,4,525,46749,-26.0,37,1,0.6035,0.052243
DQN,deceptive_grid,4,526,46791,-47.0,42,1,0.6031,0.042059
DQN,deceptive_grid,4,527,46816,-22.0,25,1,0.6029,0.04
DQN,deceptive_grid,4,528,46836,-13.0,20,1,0.6027,0.045306
DQN,deceptive_grid,4,529,46881,-34.0,45,1,0.6023,0.047874
DQN,deceptive_grid,4,530,46918,-26.0,37,1,0.602,0.047076
DQN,deceptive_grid,4,531,46955,-38.0,37,1,0.6017,0.039328
DQN,deceptive_grid,4,532,46979,-13.0,24,1,0.6015,0.044269
DQN,deceptive_grid,4,533,47039,-49.0,60,1,0.601,0.053028
DQN,deceptive_grid,4,534,47114,-96.0,75,1,0.6004,0.052276
DQN,deceptive_grid,4,535,47167,-54.0,53,1,0.5999,0.04694
DQN,deceptive_grid,4,536,47210,-36.0,43,1,0.5996,0.047433
DQN,deceptive_grid,4,537,47302,-117.0,92,1,0.5988,0.044228
DQN,deceptive_grid,4,538,47352,-47.0,50,1,0.5984,0.049638
DQN,deceptive_grid,4,539,47393,-54.0,41,1,0.598,0.041486
DQN,deceptive_grid,4,540,47417,-25.0,24,1,0.5978,0.043762
DQN,deceptive_grid,4,541,47423,-3.0,6,1,0.5978,0.051172
DQN,deceptive_grid,4,542,47429,5.0,6,1,0.5977,0.036133
DQN,deceptive_grid,4,543,47459,-27.0,30,1,0.5974,0.043162
DQN,deceptive_grid,4,544,47508,-50.0,49,1,0.597,0.047075
DQN,deceptive_grid,4,545,47548,-29.0,40,1,0.5967,0.049691
DQN,deceptive_grid,4,546,47577,-18.0,29,1,0.5964,0.048321
DQN,deceptive_grid,4,547,47599,-23.0,22,1,0.5963,0.042159
DQN,deceptive_grid,4,548,47622,-12.0,23,1,0.5961,0.040513
DQN,deceptive_grid,4,549,47662,-29.0,40,1,0.5957,0.042357
DQN,deceptive_grid,4,550,47729,-84.0,67,1,0.5952,0.041644
DQN,deceptive_grid,4,551,47770,-38.0,41,1,0.5948,0.040779
DQN,deceptive_grid,4,552,47803,-30.0,33,1,0.5945,0.038614
DQN,deceptive_grid,4,553,47863,-69.0,60,1,0.594,0.041695
DQN,deceptive_grid,4,554,47904,-38.0,41,1,0.5937,0.042498
DQN,deceptive_grid,4,555,47939,-24.0,35,1,0.5934,0.040847
DQN,deceptive_grid,4,556,47970,-20.0,31,1,0.5931,0.041274
DQN,deceptive_grid,4,557,48013,-40.0,43,1,0.5927,0.040482
DQN,deceptive_grid,4,558,48038,-14.0,25,1,0.5925,0.041957
DQN,deceptive_grid,4,559,48071,-26.0,33,1,0.5923,0.040743
DQN,deceptive_grid,4,560,48102,-28.0,31,1,0.592,0.041142
DQN,deceptive_grid,4,561,48116,-7.0,14,1,0.5919,0.046948
DQN,deceptive_grid,4,562,48124,-1.0,8,1,0.5918,0.04463
DQN,deceptive_grid,4,563,48144,-29.0,20,1,0.5916,0.041895
DQN,deceptive_grid,4,564,48203,-56.0,59,1,0.5911,0.038586
DQN,deceptive_grid,4,565,48219,-9.0,16,1,0.591,0.040445
DQN,deceptive_grid,4,566,48280,-58.0,61,1,0.5905,0.041374
DQN,deceptive_grid,4,567,48314,-23.0,34,1,0.5902,0.040472
DQN,deceptive_grid,4,568,48412,-95.0,98,1,0.5894,0.040474
DQN,deceptive_grid,4,569,48468,-53.0,56,1,0.5889,0.037444
DQN,deceptive_grid,4,570,48537,-66.0,69,1,0.5883,0.041831
DQN,deceptive_grid,4,571,48577,-49.0,40,1,0.588,0.040627
DQN,deceptive_grid,4,572,48613,-33.0,36,1,0.5877,0.042517
DQN,deceptive_grid,4,573,48641,-17.0,28,1,0.5874,0.043072
DQN,deceptive_grid,4,574,48649,3.0,8,1,0.5874,0.03899
DQN,deceptive_grid,4,575,48686,-34.0,37,1,0.587,0.039285
DQN,deceptive_grid,4,576,48730,-33.0,44,1,0.5867,0.035786
DQN,deceptive_grid,4,577,48741,0.0,11,1,0.5866,0.034151
DQN,deceptive_grid,4,578,48761,-9.0,20,1,0.5864,0.037852
DQN,deceptive_grid,4,579,48794,-26.0,33,1,0.5861,0.03305
DQN,deceptive_grid,4,580,48815,-14.0,21,1,0.5859,0.040005
DQN,deceptive_grid,4,581,48847,-33.0,32,1,0.5857,0.036048
DQN,deceptive_grid,4,582,48855,-5.0,8,1,0.5856,0.036861
DQN,deceptive_grid,4,583,48925,-75.0,70,1,0.585,0.034846
DQN,deceptive_grid,4,584,48945,-13.0,20,1,0.5848,0.032105
DQN,deceptive_grid,4,585,48982,-38.0,37,1,0.5845,0.037234
DQN,deceptive_grid,4,586,49053,-64.0,71,1,0.5839,0.036047
DQN,deceptive_grid,4,587,49119,-79.0,66,1,0.5834,0.036535
DQN,deceptive_grid,4,588,49178,-72.0,59,1,0.5829,0.036757
DQN,deceptive_grid,4,589,49216,-31.0,38,1,0.5825,0.037754
DQN,deceptive_grid,4,590,49229,-6.0,13,1,0.5824,0.026367
DQN,deceptive_grid,4,591,49260,-24.0,31,1,0.5822,0.031621
DQN,deceptive_grid,4,592,49289,-22.0,29,1,0.5819,0.034485
DQN,deceptive_grid,4,593,49299,1.0,10,1,0.5818,0.031817
DQN,deceptive_grid,4,594,49365,-59.0,66,1,0.5813,0.03499
DQN,deceptive_grid,4,595,49395,-27.0,30,1,0.581,0.028699
DQN,deceptive_grid,4,596,49417,-15.0,22,1,0.5808,0.025177
DQN,deceptive_grid,4,597,49433,-5.0,16,1,0.5807,0.028643
DQN,deceptive_grid,4,598,49513,-89.0,80,1,0.58,0.031392
DQN,deceptive_grid,4,599,49548,-28.0,35,1,0.5797,0.036965
DQN,deceptive_grid,4,600,49609,-50.0,61,1,0.5792,0.038435
DQN,deceptive_grid,4,601,49614,2.0,5,1,0.5792,0.034332
DQN,deceptive_grid,4,602,49632,-11.0,18,1,0.579,0.037716
DQN,deceptive_grid,4,603,49680,-65.0,48,1,0.5786,0.036626
DQN,deceptive_grid,4,604,49701,-18.0,21,1,0.5784,0.035482
DQN,deceptive_grid,4,605,49722,-22.0,21,1,0.5783,0.027289
DQN,deceptive_grid,4,606,49765,-44.0,43,1,0.5779,0.036091
DQN,deceptive_grid,4,607,49816,-52.0,51,1,0.5775,0.036625
DQN,deceptive_grid,4,608,49848,-25.0,32,1,0.5772,0.036913
DQN,deceptive_grid,4,609,49875,-16.0,27,1,0.577,0.02949
DQN,deceptive_grid,4,610,49887,-5.0,12,1,0.5769,0.028202
DQN,deceptive_grid,4,611,49901,-3.0,14,1,0.5767,0.030258
DQN,deceptive_grid,4,612,49946,-42.0,45,1,0.5764,0.030651
DQN,deceptive_grid,4,613,50007,-86.0,61,1,0.5758,0.030506
DQN,deceptive_grid,4,614,50047,-49.0,40,1,0.5755,0.034898
DQN,deceptive_grid,4,615,50086,-32.0,39,1,0.5752,0.032294
DQN,deceptive_grid,4,616,50145,-52.0,59,1,0.5747,0.032241
DQN,deceptive_grid,4,617,50176,-20.0,31,1,0.5744,0.036143
DQN,deceptive_grid,4,618,50229,-58.0,53,1,0.574,0.03232
DQN,deceptive_grid,4,619,50267,-31.0,38,1,0.5736,0.031853
DQN,deceptive_grid,4,620,50276,-6.0,9,1,0.5736,0.037124
DQN,deceptive_grid,4,621,50300,-13.0,24,1,0.5733,0.029446
DQN,deceptive_grid,4,622,50347,-40.0,47,1,0.5729,0.028157
DQN,deceptive_grid,4,623,50414,-64.0,67,1,0.5724,0.032865
DQN,deceptive_grid,4,624,50457,-44.0,43,1,0.572,0.034134
DQN,deceptive_grid,4,625,50480,-12.0,23,1,0.5718,0.025833
DQN,deceptive_grid,4,626,50498,-11.0,18,1,0.5717,0.027418
DQN,deceptive_grid,4,627,50518,-17.0,20,1,0.5715,0.038311
DQN,deceptive_grid,4,628,50571,-50.0,53,1,0.571,0.034111
DQN,deceptive_grid,4,629,50620,-50.0,49,1,0.5706,0.031246
DQN,deceptive_grid,4,630,50659,-28.0,39,1,0.5703,0.031337
DQN,deceptive_grid,4,631,50707,-41.0,48,1,0.5699,0.033961
DQN,deceptive_grid,4,632,50761,-47.0,54,1,0.5694,0.02915
DQN,deceptive_grid,4,633,50776,-8.0,15,1,0.5693,0.028421
DQN,deceptive_grid,4,634,50804,-25.0,28,1,0.5691,0.031273
DQN,deceptive_grid,4,635,50838,-23.0,34,1,0.5688,0.027203
DQN,deceptive_grid,4,636,50841,8.0,3,1,0.5688,0.028773
DQN,deceptive_grid,4,637,50893,-57.0,52,1,0.5683,0.028709
DQN,deceptive_grid,4,638,50954,-62.0,61,1,0.5678,0.030911
DQN,deceptive_grid,4,639,50965,-4.0,11,1,0.5677,0.027365
DQN,deceptive_grid,4,640,51016,-52.0,51,1,0.5673,0.034741
DQN,deceptive_grid,4,641,51050,-27.0,34,1,0.567,0.038218
DQN,deceptive_grid,4,642,51120,-59.0,70,1,0.5664,0.030783
DQN,deceptive_grid,4,643,51178,-59.0,58,1,0.5659,0.029242
DQN,deceptive_grid,4,644,51215,-34.0,37,1,0.5656,0.030993
DQN,deceptive_grid,4,645,51255,-41.0,40,1,0.5652,0.031943
DQN,deceptive_grid,4,646,51291,-33.0,36,1,0.5649,0.026617
DQN,deceptive_grid,4,647,51308,-6.0,17,1,0.5648,0.027627
DQN,deceptive_grid,4,648,51331,-16.0,23,1,0.5646,0.031798
DQN,deceptive_grid,4,649,51391,-53.0,60,1,0.5641,0.029346
DQN,deceptive_grid,4,650,51460,-74.0,69,1,0.5635,0.030664
DQN,deceptive_grid,4,651,51517,-54.0,57,1,0.563,0.034114
DQN,deceptive_grid,4,652,51529,-13.0,12,1,0.5629,0.047484
DQN,deceptive_grid,4,653,51540,0.0,11,1,0.5628,0.038047
DQN,deceptive_grid,4,654,51610,-63.0,70,1,0.5622,0.033319
DQN,deceptive_grid,4,655,51646,-29.0,36,1,0.5619,0.032854
DQN,deceptive_grid,4,656,51685,-32.0,39,1,0.5616,0.03485
DQN,deceptive_grid,4,657,51718,-30.0,33,1,0.5613,0.031849
DQN,deceptive_grid,4,658,51756,-39.0,38,1,0.561,0.030166
DQN,deceptive_grid,4,659,51813,-54.0,57,1,0.5605,0.028276
DQN,deceptive_grid,4,660,51855,-39.0,42,1,0.5602,0.029671
DQN,deceptive_grid,4,661,51927,-61.0,72,1,0.5595,0.033285
DQN,deceptive_grid,4,662,51962,-40.0,35,1,0.5593,0.02623
DQN,deceptive_grid,4,663,52017,-48.0,55,1,0.5588,0.029391
DQN,deceptive_grid,4,664,52040,-20.0,23,1,0.5586,0.034262
DQN,deceptive_grid,4,665,52089,-46.0,49,1,0.5582,0.031925
DQN,deceptive_grid,4,666,52100,-8.0,11,1,0.5581,0.037589
DQN,deceptive_grid,4,667,52159,-52.0,59,1,0.5576,0.027872
DQN,deceptive_grid,4,668,52200,-30.0,41,1,0.5572,0.023876
DQN,deceptive_grid,4,669,52276,-81.0,76,1,0.5566,0.029779
DQN,deceptive_grid,4,670,52281,2.0,5,1,0.5565,0.022204
DQN,deceptive_grid,4,671,52305,-17.0,24,1,0.5563,0.024565
DQN,deceptive_grid,4,672,52378,-74.0,73,1,0.5557,0.02738
DQN,deceptive_grid,4,673,52381,8.0,3,1,0.5557,0.023964
DQN,deceptive_grid,4,674,52394,-6.0,13,1,0.5556,0.031394
DQN,deceptive_grid,4,675,52397,8.0,3,1,0.5556,0.022566
DQN,deceptive_grid,4,676,52445,-53.0,48,1,0.5552,0.027904
DQN,deceptive_grid,4,677,52484,-40.0,39,1,0.5548,0.028106
DQN,deceptive_grid,4,678,52538,-67.0,54,1,0.5544,0.029811
DQN,deceptive_grid,4,679,52546,3.0,8,1,0.5543,0.032578
DQN,deceptive_grid,4,680,52590,-37.0,44,1,0.5539,0.031125
DQN,deceptive_grid,4,681,52614,-17.0,24,1,0.5537,0.028218
DQN,deceptive_grid,4,682,52647,-22.0,33,1,0.5534,0.025589
DQN,deceptive_grid,4,683,52672,-14.0,25,1,0.5532,0.026149
DQN,deceptive_grid,4,684,52730,-67.0,58,1,0.5527,0.0271
DQN,deceptive_grid,4,685,52774,-45.0,44,1,0.5524,0.027432
DQN,deceptive_grid,4,686,52830,-61.0,56,1,0.5519,0.024273
DQN,deceptive_grid,4,687,52869,-32.0,39,1,0.5516,0.02853
DQN,deceptive_grid,4,688,52901,-21.0,32,1,0.5513,0.023334
DQN,deceptive_grid,4,689,52907,5.0,6,1,0.5512,0.022548
DQN,deceptive_grid,4,690,52952,-38.0,45,1,0.5509,0.023536
DQN,deceptive_grid,4,691,52987,-28.0,35,1,0.5506,0.025044
DQN,deceptive_grid,4,692,53016,-34.0,29,1,0.5503,0.032067
DQN,deceptive_grid,4,693,53048,-25.0,32,1,0.55,0.033331
DQN,deceptive_grid,4,694,53086,-31.0,38,1,0.5497,0.027198
DQN,deceptive_grid,4,695,53172,-103.0,86,1,0.549,0.023613
DQN,deceptive_grid,4,696,53206,-31.0,34,1,0.5487,0.022763
DQN,deceptive_grid,4,697,53210,3.0,4,1,0.5487,0.026166
DQN,deceptive_grid,4,698,53260,-43.0,50,1,0.5482,0.027836
DQN,deceptive_grid,4,699,53307,-48.0,47,1,0.5478,0.023812
DQN,deceptive_grid,4,700,53347,-45.0,40,1,0.5475,0.022506
DQN,deceptive_grid,4,701,53435,-121.0,88,1,0.5468,0.022584
DQN,deceptive_grid,4,702,53491,-53.0,56,1,0.5463,0.021629
DQN,deceptive_grid,4,703,53544,-62.0,53,1,0.5458,0.030969
DQN,deceptive_grid,4,704,53579,-32.0,35,1,0.5455,0.034817
DQN,deceptive_grid,4,705,53590,-8.0,11,1,0.5454,0.026732
DQN,deceptive_grid,4,706,53640,-55.0,50,1,0.545,0.029372
DQN,deceptive_grid,4,707,53655,-4.0,15,1,0.5449,0.034428
DQN,deceptive_grid,4,708,53698,-40.0,43,1,0.5445,0.02514
DQN,deceptive_grid,4,709,53735,-26.0,37,1,0.5442,0.026748
DQN,deceptive_grid,4,710,53740,6.0,5,1,0.5442,0.025396
DQN,deceptive_grid,4,711,53786,-35.0,46,1,0.5438,0.025524
DQN,deceptive_grid,4,712,53808,-19.0,22,1,0.5436,0.02446
DQN,deceptive_grid,4,713,53834,-15.0,26,1,0.5434,0.024012
DQN,deceptive_grid,4,714,53857,-16.0,23,1,0.5432,0.027077
DQN,deceptive_grid,4,715,53881,-21.0,24,1,0.543,0.023889
DQN,deceptive_grid,4,716,53889,3.0,8,1,0.5429,0.01991
DQN,deceptive_grid,4,717,53911,-11.0,22,1,0.5427,0.022753
DQN,deceptive_grid,4,718,53923,-1.0,12,1,0.5426,0.023219
DQN,deceptive_grid,4,719,53960,-34.0,37,1,0.5423,0.022504
DQN,deceptive_grid,4,720,53992,-29.0,32,1,0.542,0.023261
DQN,deceptive_grid,4,721,54059,-72.0,67,1,0.5415,0.029909
DQN,deceptive_grid,4,722,54072,-2.0,13,1,0.5414,0.027489
DQN,deceptive_grid,4,723,54111,-44.0,39,1,0.541,0.022905
DQN,deceptive_grid,4,724,54131,-9.0,20,1,0.5409,0.02616
DQN,deceptive_grid,4,725,54164,-26.0,33,1,0.5406,0.030221
DQN,deceptive_grid,4,726,54229,-66.0,65,1,0.54,0.025975
DQN,deceptive_grid,4,727,54261,-21.0,32,1,0.5398,0.023942
DQN,deceptive_grid,4,728,54273,-1.0,12,1,0.5396,0.02692
DQN,deceptive_grid,4,729,54301,-17.0,28,1,0.5394,0.022954
DQN,deceptive_grid,4,730,54327,-15.0,26,1,0.5392,0.020473
DQN,deceptive_grid,4,731,54371,-37.0,44,1,0.5388,0.023752
DQN,deceptive_grid,4,732,54379,3.0,8,1,0.5387,0.020923
DQN,deceptive_grid,4,733,54435,-49.0,56,1,0.5383,0.022375
DQN,deceptive_grid,4,734,54483,-45.0,48,1,0.5379,0.024428
DQN,deceptive_grid,4,735,54575,-105.0,92,1,0.5371,0.027433
DQN,deceptive_grid,4,736,54600,-14.0,25,1,0.5369,0.026438
DQN,deceptive_grid,4,737,54615,-8.0,15,1,0.5367,0.027558
DQN,deceptive_grid,4,738,54640,-26.0,25,1,0.5365,0.025056
DQN,deceptive_grid,4,739,54669,-22.0,29,1,0.5363,0.024576
DQN,deceptive_grid,4,740,54732,-52.0,63,1,0.5358,0.023336
DQN,deceptive_grid,4,741,54745,-6.0,13,1,0.5356,0.02028
DQN,deceptive_grid,4,742,54763,-15.0,18,1,0.5355,0.02053
DQN,deceptive_grid,4,743,54816,-70.0,53,1,0.535,0.026754
DQN,deceptive_grid,4,744,54835,-20.0,19,1,0.5349,0.02315
DQN,deceptive_grid,4,745,54879,-41.0,44,1,0.5345,0.026922
DQN,deceptive_grid,4,746,54929,-63.0,50,1,0.5341,0.025264
DQN,deceptive_grid,4,747,54944,-4.0,15,1,0.534,0.027472
DQN,deceptive_grid,4,748,54962,-11.0,18,1,0.5338,0.023589
DQN,deceptive_grid,4,749,54998,-33.0,36,1,0.5335,0.023999
DQN,deceptive_grid,4,750,55042,-37.0,44,1,0.5331,0.034116
DQN,deceptive_grid,4,751,55046,7.0,4,1,0.5331,0.030844
DQN,deceptive_grid,4,752,55050,7.0,4,1,0.5331,0.029689
DQN,deceptive_grid,4,753,55063,-6.0,13,1,0.5329,0.025562
DQN,deceptive_grid,4,754,55147,-93.0,84,1,0.5322,0.023941
DQN,deceptive_grid,4,755,55178,-24.0,31,1,0.532,0.020372
DQN,deceptive_grid,4,756,55221,-44.0,43,1,0.5316,0.021641
DQN,deceptive_grid,4,757,55265,-49.0,44,1,0.5312,0.020221
DQN,deceptive_grid,4,758,55328,-72.0,63,1,0.5307,0.023558
DQN,deceptive_grid,4,759,55346,-11.0,18,1,0.5305,0.027328
DQN,deceptive_grid,4,760,55400,-55.0,54,1,0.5301,0.023146
DQN,deceptive_grid,4,761,55422,-11.0,22,1,0.5299,0.021498
DQN,deceptive_grid,4,762,55430,-1.0,8,1,0.5298,0.024611
DQN,deceptive_grid,4,763,55440,1.0,10,1,0.5297,0.022639
DQN,deceptive_grid,4,764,55475,-36.0,35,1,0.5295,0.02038
DQN,deceptive_grid,4,765,55479,3.0,4,1,0.5294,0.015601
DQN,deceptive_grid,4,766,55528,-50.0,49,1,0.529,0.02806
DQN,deceptive_grid,4,767,55569,-30.0,41,1,0.5287,0.029965
DQN,deceptive_grid,4,768,55608,-32.0,39,1,0.5283,0.028502
DQN,deceptive_grid,4,769,55617,-6.0,9,1,0.5282,0.019376
DQN,deceptive_grid,4,770,55666,-54.0,49,1,0.5278,0.026141
DQN,deceptive_grid,4,771,55689,-16.0,23,1,0.5276,0.024249
DQN,deceptive_grid,4,772,55719,-19.0,30,1,0.5274,0.023119
DQN,deceptive_grid,4,773,55779,-65.0,60,1,0.5269,0.024822
DQN,deceptive_grid,4,774,55806,-32.0,27,1,0.5266,0.020642
DQN,deceptive_grid,4,775,55846,-41.0,40,1,0.5263,0.021703
DQN,deceptive_grid,4,776,55890,-37.0,44,1,0.5259,0.021732
DQN,deceptive_grid,4,777,55938,-37.0,48,1,0.5255,0.021395
DQN,deceptive_grid,4,778,55991,-46.0,53,1,0.5251,0.020664
DQN,deceptive_grid,4,779,55999,-5.0,8,1,0.525,0.023353
DQN,deceptive_grid,4,780,56004,2.0,5,1,0.525,0.037526
DQN,deceptive_grid,4,781,56032,-17.0,28,1,0.5247,0.02971
DQN,deceptive_grid,4,782,56063,-32.0,31,1,0.5245,0.023419
DQN,deceptive_grid,4,783,56120,-50.0,57,1,0.524,0.020509
DQN,deceptive_grid,4,784,56155,-32.0,35,1,0.5237,0.020383
DQN,deceptive_grid,4,785,56160,2.0,5,1,0.5236,0.01746
DQN,deceptive_grid,4,786,56205,-38.0,45,1,0.5233,0.020941
DQN,deceptive_grid,4,787,56271,-75.0,66,1,0.5227,0.019448
DQN,deceptive_grid,4,788,56281,1.0,10,1,0.5226,0.021421
DQN,deceptive_grid,4,789,56292,0.0,11,1,0.5225,0.024119
DQN,deceptive_grid,4,790,56294,9.0,2,1,0.5225,0.019654
DQN,deceptive_grid,4,791,56344,-55.0,50,1,0.5221,0.021343
DQN,deceptive_grid,4,792,56364,-25.0,20,1,0.5219,0.022838
DQN,deceptive_grid,4,793,56411,-48.0,47,1,0.5215,0.02036
DQN,deceptive_grid,4,794,56418,4.0,7,1,0.5215,0.01977
DQN,deceptive_grid,4,795,56471,-58.0,53,1,0.521,0.018613
DQN,deceptive_grid,4,796,56506,-36.0,35,1,0.5207,0.019656
DQN,deceptive_grid,4,797,56524,-7.0,18,1,0.5206,0.026534
DQN,deceptive_grid,4,798,56549,-34.0,25,1,0.5203,0.022623
DQN,deceptive_grid,4,799,56566,-6.0,17,1,0.5202,0.022919
DQN,deceptive_grid,4,800,56581,-4.0,15,1,0.5201,0.017335
DuelingDQN,deceptive_grid,4,1,200,-288.0,200,0,0.9983,
DuelingDQN,deceptive_grid,4,2,400,-216.0,200,0,0.9966,
DuelingDQN,deceptive_grid,4,3,600,-336.0,200,0,0.9949,
DuelingDQN,deceptive_grid,4,4,800,-256.0,200,0,0.9932,
DuelingDQN,deceptive_grid,4,5,849,-66.0,49,1,0.9928,
DuelingDQN,deceptive_grid,4,6,1049,-260.0,200,0,0.9911,0.325802
DuelingDQN,deceptive_grid,4,7,1249,-284.0,200,0,0.9894,0.065107
DuelingDQN,deceptive_grid,4,8,1449,-264.0,200,0,0.9877,0.009594
DuelingDQN,deceptive_grid,4,9,1649,-288.0,200,0,0.986,0.019778
DuelingDQN,deceptive_grid,4,10,1849,-296.0,200,0,0.9843,0.014415
DuelingDQN,deceptive_grid,4,11,2049,-236.0,200,0,0.9826,0.025322
DuelingDQN,deceptive_grid,4,12,2249,-260.0,200,0,0.9809,0.009764
DuelingDQN,deceptive_grid,4,13,2449,-332.0,200,0,0.9792,0.006252
DuelingDQN,deceptive_grid,4,14,2649,-268.0,200,0,0.9775,0.024312
DuelingDQN,deceptive_grid,4,15,2849,-244.0,200,0,0.9758,0.003018
DuelingDQN,deceptive_grid,4,16,3049,-256.0,200,0,0.9741,0.025072
DuelingDQN,deceptive_grid,4,17,3249,-284.0,200,0,0.9725,0.004835
DuelingDQN,deceptive_grid,4,18,3449,-324.0,200,0,0.9708,0.006125
DuelingDQN,deceptive_grid,4,19,3649,-272.0,200,0,0.9691,0.022413
DuelingDQN,deceptive_grid,4,20,3849,-288.0,200,0,0.9674,0.002987
DuelingDQN,deceptive_grid,4,21,4049,-224.0,200,0,0.9657,0.022259
DuelingDQN,deceptive_grid,4,22,4062,-2.0,13,1,0.9656,0.01734
DuelingDQN,deceptive_grid,4,23,4262,-244.0,200,0,0.9639,0.017132
DuelingDQN,deceptive_grid,4,24,4462,-276.0,200,0,0.9622,0.009096
DuelingDQN,deceptive_grid,4,25,4662,-292.0,200,0,0.9605,0.040297
DuelingDQN,deceptive_grid,4,26,4862,-256.0,200,0,0.9588,0.01031
DuelingDQN,deceptive_grid,4,27,5062,-304.0,200,0,0.9571,0.041862
DuelingDQN,deceptive_grid,4,28,5064,9.0,2,1,0.9571,0.025809
DuelingDQN,deceptive_grid,4,29,5186,-163.0,122,1,0.956,0.040977
DuelingDQN,deceptive_grid,4,30,5333,-184.0,147,1,0.9548,0.027611
DuelingDQN,deceptive_grid,4,31,5430,-118.0,97,1,0.954,0.026387
DuelingDQN,deceptive_grid,4,32,5626,-233.0,196,1,0.9523,0.093832
DuelingDQN,deceptive_grid,4,33,5709,-140.0,83,1,0.9516,0.04128
DuelingDQN,deceptive_grid,4,34,5723,-11.0,14,1,0.9515,0.029901
DuelingDQN,deceptive_grid,4,35,5923,-276.0,200,0,0.9498,0.018415
DuelingDQN,deceptive_grid,4,36,5981,-67.0,58,1,0.9493,0.007745
DuelingDQN,deceptive_grid,4,37,6181,-276.0,200,0,0.9476,0.125194
DuelingDQN,deceptive_grid,4,38,6381,-260.0,200,0,0.9459,0.021492
DuelingDQN,deceptive_grid,4,39,6510,-166.0,129,1,0.9448,0.056128
DuelingDQN,deceptive_grid,4,40,6623,-138.0,113,1,0.9438,0.139684
DuelingDQN,deceptive_grid,4,41,6823,-244.0,200,0,0.9421,0.044838
DuelingDQN,deceptive_grid,4,42,7023,-288.0,200,0,0.9404,0.064307
DuelingDQN,deceptive_grid,4,43,7223,-256.0,200,0,0.9387,0.082436
DuelingDQN,deceptive_grid,4,44,7278,-88.0,55,1,0.9383,0.026276
DuelingDQN,deceptive_grid,4,45,7478,-292.0,200,0,0.9366,0.016049
DuelingDQN,deceptive_grid,4,46,7584,-143.0,106,1,0.9357,0.184265
DuelingDQN,deceptive_grid,4,47,7784,-268.0,200,0,0.934,0.037105
DuelingDQN,deceptive_grid,4,48,7984,-264.0,200,0,0.9323,0.010524
DuelingDQN,deceptive_grid,4,49,8184,-320.0,200,0,0.9306,0.123894
DuelingDQN,deceptive_grid,4,50,8384,-236.0,200,0,0.9289,0.025433
DuelingDQN,deceptive_grid,4,51,8584,-288.0,200,0,0.9272,0.101446
DuelingDQN,deceptive_grid,4,52,8784,-232.0,200,0,0.9255,0.050678
DuelingDQN,deceptive_grid,4,53,8927,-200.0,143,1,0.9243,0.019087
DuelingDQN,deceptive_grid,4,54,9127,-300.0,200,0,0.9226,0.121461
DuelingDQN,deceptive_grid,4,55,9327,-256.0,200,0,0.9209,0.053275
DuelingDQN,deceptive_grid,4,56,9356,-18.0,29,1,0.9206,0.025664
DuelingDQN,deceptive_grid,4,57,9404,-57.0,48,1,0.9202,0.018641
DuelingDQN,deceptive_grid,4,58,9604,-236.0,200,0,0.9185,0.112087
DuelingDQN,deceptive_grid,4,59,9728,-133.0,124,1,0.9175,0.043997
DuelingDQN,deceptive_grid,4,60,9886,-211.0,158,1,0.9162,0.026371
DuelingDQN,deceptive_grid,4,61,10086,-220.0,200,0,0.9145,0.104814
DuelingDQN,deceptive_grid,4,62,10250,-217.0,164,1,0.9131,0.053643
DuelingDQN,deceptive_grid,4,63,10450,-336.0,200,0,0.9114,0.020882
DuelingDQN,deceptive_grid,4,64,10560,-143.0,110,1,0.9104,0.13024
DuelingDQN,deceptive_grid,4,65,10592,-37.0,32,1,0.9102,0.092849
DuelingDQN,deceptive_grid,4,66,10625,-34.0,33,1,0.9099,0.067107
DuelingDQN,deceptive_grid,4,67,10825,-220.0,200,0,0.9082,0.032548
DuelingDQN,deceptive_grid,4,68,10874,-42.0,49,1,0.9078,0.020397
DuelingDQN,deceptive_grid,4,69,11074,-292.0,200,0,0.9061,0.095242
DuelingDQN,deceptive_grid,4,70,11274,-336.0,200,0,0.9044,0.063778
DuelingDQN,deceptive_grid,4,71,11335,-86.0,61,1,0.9039,0.034939
DuelingDQN,deceptive_grid,4,72,11535,-288.0,200,0,0.9022,0.068532
DuelingDQN,deceptive_grid,4,73,11735,-284.0,200,0,0.9005,0.078103
DuelingDQN,deceptive_grid,4,74,11821,-107.0,86,1,0.8997,0.034169
DuelingDQN,deceptive_grid,4,75,11878,-62.0,57,1,0.8993,0.026547
DuelingDQN,deceptive_grid,4,76,11977,-112.0,99,1,0.8984,0.026616
DuelingDQN,deceptive_grid,4,77,12177,-264.0,200,0,0.8967,0.135434
DuelingDQN,deceptive_grid,4,78,12377,-244.0,200,0,0.895,0.036796
DuelingDQN,deceptive_grid,4,79,12577,-236.0,200,0,0.8933,0.10731
DuelingDQN,deceptive_grid,4,80,12777,-240.0,200,0,0.8916,0.056691
DuelingDQN,deceptive_grid,4,81,12843,-83.0,66,1,0.8911,0.021259
DuelingDQN,deceptive_grid,4,82,12922,-100.0,79,1,0.8904,0.018496
DuelingDQN,deceptive_grid,4,83,13008,-111.0,86,1,0.8897,0.063096
DuelingDQN,deceptive_grid,4,84,13064,-61.0,56,1,0.8892,0.183066
DuelingDQN,deceptive_grid,4,85,13161,-114.0,97,1,0.8884,0.076003
DuelingDQN,deceptive_grid,4,86,13361,-244.0,200,0,0.8867,0.027022
DuelingDQN,deceptive_grid,4,87,13410,-62.0,49,1,0.8863,0.019391
DuelingDQN,deceptive_grid,4,88,13492,-103.0,82,1,0.8856,0.019305
DuelingDQN,deceptive_grid,4,89,13692,-228.0,200,0,0.8839,0.108812
DuelingDQN,deceptive_grid,4,90,13782,-115.0,90,1,0.8831,0.028447
DuelingDQN,deceptive_grid,4,91,13817,-36.0,35,1,0.8828,0.021293
DuelingDQN,deceptive_grid,4,92,14017,-220.0,200,0,0.8811,0.038716
DuelingDQN,deceptive_grid,4,93,14081,-77.0,64,1,0.8806,0.123875
DuelingDQN,deceptive_grid,4,94,14197,-137.0,116,1,0.8796,0.0485
DuelingDQN,deceptive_grid,4,95,14234,-34.0,37,1,0.8793,0.028512
DuelingDQN,deceptive_grid,4,96,14247,-6.0,13,1,0.8792,0.030652
DuelingDQN,deceptive_grid,4,97,14447,-228.0,200,0,0.8775,0.017518
DuelingDQN,deceptive_grid,4,98,14579,-205.0,132,1,0.8763,0.090717
DuelingDQN,deceptive_grid,4,99,14779,-260.0,200,0,0.8747,0.037884
DuelingDQN,deceptive_grid,4,100,14979,-228.0,200,0,0.873,0.014856
DuelingDQN,deceptive_grid,4,101,15179,-228.0,200,0,0.8713,0.05838
DuelingDQN,deceptive_grid,4,102,15379,-292.0,200,0,0.8696,0.019039
DuelingDQN,deceptive_grid,4,103,15579,-260.0,200,0,0.8679,0.037723
DuelingDQN,deceptive_grid,4,104,15704,-130.0,125,1,0.8668,0.039211
DuelingDQN,deceptive_grid,4,105,15787,-116.0,83,1,0.8661,0.023128
DuelingDQN,deceptive_grid,4,106,15843,-57.0,56,1,0.8656,0.013767
DuelingDQN,deceptive_grid,4,107,16038,-284.0,195,1,0.864,0.02481
DuelingDQN,deceptive_grid,4,108,16116,-79.0,78,1,0.8633,0.032545
DuelingDQN,deceptive_grid,4,109,16316,-244.0,200,0,0.8616,0.016019
DuelingDQN,deceptive_grid,4,110,16335,-12.0,19,1,0.8615,0.007082
DuelingDQN,deceptive_grid,4,111,16477,-175.0,142,1,0.8602,0.007825
DuelingDQN,deceptive_grid,4,112,16677,-208.0,200,0,0.8586,0.027699
DuelingDQN,deceptive_grid,4,113,16685,3.0,8,1,0.8585,0.008916
DuelingDQN,deceptive_grid,4,114,16765,-81.0,80,1,0.8578,0.008841
DuelingDQN,deceptive_grid,4,115,16949,-201.0,184,1,0.8562,0.005126
DuelingDQN,deceptive_grid,4,116,17149,-256.0,200,0,0.8545,0.017929
DuelingDQN,deceptive_grid,4,117,17317,-173.0,168,1,0.8531,0.007513
DuelingDQN,deceptive_grid,4,118,17324,4.0,7,1,0.8531,0.005903
DuelingDQN,deceptive_grid,4,119,17524,-248.0,200,0,0.8514,0.006525
DuelingDQN,deceptive_grid,4,120,17597,-94.0,73,1,0.8507,0.01395
DuelingDQN,deceptive_grid,4,121,17659,-67.0,62,1,0.8502,0.007999
DuelingDQN,deceptive_grid,4,122,17859,-292.0,200,0,0.8485,0.004354
DuelingDQN,deceptive_grid,4,123,18059,-256.0,200,0,0.8468,0.0076
DuelingDQN,deceptive_grid,4,124,18092,-26.0,33,1,0.8465,0.009409
DuelingDQN,deceptive_grid,4,125,18110,-15.0,18,1,0.8464,0.006906
DuelingDQN,deceptive_grid,4,126,18121,0.0,11,1,0.8463,0.006347
DuelingDQN,deceptive_grid,4,127,18321,-228.0,200,0,0.8446,0.004914
DuelingDQN,deceptive_grid,4,128,18521,-224.0,200,0,0.8429,0.004658
DuelingDQN,deceptive_grid,4,129,18611,-95.0,90,1,0.8421,0.010494
DuelingDQN,deceptive_grid,4,130,18761,-163.0,150,1,0.8409,0.005911
DuelingDQN,deceptive_grid,4,131,18961,-228.0,200,0,0.8392,0.002492
DuelingDQN,deceptive_grid,4,132,19001,-45.0,40,1,0.8388,0.002902
DuelingDQN,deceptive_grid,4,133,19063,-75.0,62,1,0.8383,0.018362
DuelingDQN,deceptive_grid,4,134,19263,-232.0,200,0,0.8366,0.007803
DuelingDQN,deceptive_grid,4,135,19463,-228.0,200,0,0.8349,0.002338
DuelingDQN,deceptive_grid,4,136,19652,-230.0,189,1,0.8333,0.007794
DuelingDQN,deceptive_grid,4,137,19680,-29.0,28,1,0.8331,0.006489
DuelingDQN,deceptive_grid,4,138,19706,-15.0,26,1,0.8329,0.004543
DuelingDQN,deceptive_grid,4,139,19868,-159.0,162,1,0.8315,0.002594
DuelingDQN,deceptive_grid,4,140,19974,-119.0,106,1,0.8306,0.002039
DuelingDQN,deceptive_grid,4,141,20164,-243.0,190,1,0.829,0.011002
DuelingDQN,deceptive_grid,4,142,20267,-132.0,103,1,0.8281,0.004041
DuelingDQN,deceptive_grid,4,143,20285,-27.0,18,1,0.8279,0.002921
DuelingDQN,deceptive_grid,4,144,20385,-117.0,100,1,0.8271,0.00267
DuelingDQN,deceptive_grid,4,145,20511,-115.0,126,1,0.826,0.00279
DuelingDQN,deceptive_grid,4,146,20539,-37.0,28,1,0.8258,0.012638
DuelingDQN,deceptive_grid,4,147,20719,-185.0,180,1,0.8243,0.006933
DuelingDQN,deceptive_grid,4,148,20837,-131.0,118,1,0.8233,0.003561
DuelingDQN,deceptive_grid,4,149,20889,-61.0,52,1,0.8228,0.002379
DuelingDQN,deceptive_grid,4,150,20966,-90.0,77,1,0.8222,0.001926
DuelingDQN,deceptive_grid,4,151,21165,-232.0,199,1,0.8205,0.008466
DuelingDQN,deceptive_grid,4,152,21234,-70.0,69,1,0.8199,0.006329
DuelingDQN,deceptive_grid,4,153,21368,-151.0,134,1,0.8188,0.003134
DuelingDQN,deceptive_grid,4,154,21451,-80.0,83,1,0.8181,0.001766
DuelingDQN,deceptive_grid,4,155,21462,-12.0,11,1,0.818,0.002414
DuelingDQN,deceptive_grid,4,156,21632,-195.0,170,1,0.8165,0.008155
DuelingDQN,deceptive_grid,4,157,21766,-143.0,134,1,0.8154,0.004283
DuelingDQN,deceptive_grid,4,158,21796,-19.0,30,1,0.8151,0.003591
DuelingDQN,deceptive_grid,4,159,21807,-8.0,11,1,0.815,0.003094
DuelingDQN,deceptive_grid,4,160,21972,-222.0,165,1,0.8136,0.002319
DuelingDQN,deceptive_grid,4,161,22042,-63.0,70,1,0.813,0.007896
DuelingDQN,deceptive_grid,4,162,22242,-236.0,200,0,0.8113,0.007277
DuelingDQN,deceptive_grid,4,163,22339,-126.0,97,1,0.8105,0.002939
DuelingDQN,deceptive_grid,4,164,22412,-78.0,73,1,0.8099,0.002601
DuelingDQN,deceptive_grid,4,165,22473,-66.0,61,1,0.8094,0.00205
DuelingDQN,deceptive_grid,4,166,22632,-176.0,159,1,0.808,0.009299
DuelingDQN,deceptive_grid,4,167,22701,-66.0,69,1,0.8075,0.00911
DuelingDQN,deceptive_grid,4,168,22811,-147.0,110,1,0.8065,0.004459
DuelingDQN,deceptive_grid,4,169,22835,-21.0,24,1,0.8063,0.002461
DuelingDQN,deceptive_grid,4,170,22877,-39.0,42,1,0.806,0.001687
DuelingDQN,deceptive_grid,4,171,22951,-79.0,74,1,0.8053,0.001785
DuelingDQN,deceptive_grid,4,172,23015,-73.0,64,1,0.8048,0.002768
DuelingDQN,deceptive_grid,4,173,23047,-29.0,32,1,0.8045,0.007633
DuelingDQN,deceptive_grid,4,174,23116,-74.0,69,1,0.8039,0.006147
DuelingDQN,deceptive_grid,4,175,23133,-6.0,17,1,0.8038,0.005133
DuelingDQN,deceptive_grid,4,176,23213,-85.0,80,1,0.8031,0.003245
DuelingDQN,deceptive_grid,4,177,23351,-167.0,138,1,0.8019,0.003589
DuelingDQN,deceptive_grid,4,178,23411,-61.0,60,1,0.8014,0.002165
DuelingDQN,deceptive_grid,4,179,23524,-126.0,113,1,0.8005,0.002532
DuelingDQN,deceptive_grid,4,180,23699,-212.0,175,1,0.799,0.003657
DuelingDQN,deceptive_grid,4,181,23755,-57.0,56,1,0.7985,0.002702
DuelingDQN,deceptive_grid,4,182,23869,-115.0,114,1,0.7975,0.002679
DuelingDQN,deceptive_grid,4,183,23903,-39.0,34,1,0.7973,0.001537
DuelingDQN,deceptive_grid,4,184,23990,-80.0,87,1,0.7965,0.001399
DuelingDQN,deceptive_grid,4,185,24016,-19.0,26,1,0.7963,0.004337
DuelingDQN,deceptive_grid,4,186,24054,-31.0,38,1,0.796,0.005884
DuelingDQN,deceptive_grid,4,187,24235,-206.0,181,1,0.7944,0.005039
DuelingDQN,deceptive_grid,4,188,24345,-119.0,110,1,0.7935,0.001905
DuelingDQN,deceptive_grid,4,189,24389,-45.0,44,1,0.7931,0.001269
DuelingDQN,deceptive_grid,4,190,24426,-34.0,37,1,0.7928,0.001202
DuelingDQN,deceptive_grid,4,191,24448,-15.0,22,1,0.7926,0.000992
DuelingDQN,deceptive_grid,4,192,24503,-52.0,55,1,0.7922,0.001332
DuelingDQN,deceptive_grid,4,193,24587,-85.0,84,1,0.7915,0.004641
DuelingDQN,deceptive_grid,4,194,24698,-152.0,111,1,0.7905,0.004416
DuelingDQN,deceptive_grid,4,195,24728,-23.0,30,1,0.7903,0.003354
DuelingDQN,deceptive_grid,4,196,24811,-100.0,83,1,0.7896,0.003615
DuelingDQN,deceptive_grid,4,197,24983,-209.0,172,1,0.7881,0.00279
DuelingDQN,deceptive_grid,4,198,25022,-28.0,39,1,0.7878,0.00495
DuelingDQN,deceptive_grid,4,199,25050,-17.0,28,1,0.7875,0.007946
DuelingDQN,deceptive_grid,4,200,25074,-29.0,24,1,0.7873,0.009327
DuelingDQN,deceptive_grid,4,201,25104,-39.0,30,1,0.7871,0.006544
DuelingDQN,deceptive_grid,4,202,25203,-96.0,99,1,0.7862,0.003739
DuelingDQN,deceptive_grid,4,203,25229,-19.0,26,1,0.786,0.0053
DuelingDQN,deceptive_grid,4,204,25429,-228.0,200,0,0.7843,0.002695
DuelingDQN,deceptive_grid,4,205,25531,-107.0,102,1,0.7835,0.003181
DuelingDQN,deceptive_grid,4,206,25550,-20.0,19,1,0.7833,0.007779
DuelingDQN,deceptive_grid,4,207,25664,-127.0,114,1,0.7823,0.006623
DuelingDQN,deceptive_grid,4,208,25754,-87.0,90,1,0.7816,0.00289
DuelingDQN,deceptive_grid,4,209,25886,-145.0,132,1,0.7804,0.003613
DuelingDQN,deceptive_grid,4,210,25893,0.0,7,1,0.7804,0.001793
DuelingDQN,deceptive_grid,4,211,26005,-125.0,112,1,0.7794,0.002274
DuelingDQN,deceptive_grid,4,212,26034,-30.0,29,1,0.7792,0.006076
DuelingDQN,deceptive_grid,4,213,26068,-39.0,34,1,0.7789,0.006219
DuelingDQN,deceptive_grid,4,214,26146,-95.0,78,1,0.7782,0.004617
DuelingDQN,deceptive_grid,4,215,26262,-125.0,116,1,0.7773,0.002356
DuelingDQN,deceptive_grid,4,216,26327,-62.0,65,1,0.7767,0.001641
DuelingDQN,deceptive_grid,4,217,26364,-42.0,37,1,0.7764,0.001923
DuelingDQN,deceptive_grid,4,218,26421,-66.0,57,1,0.7759,0.001496
DuelingDQN,deceptive_grid,4,219,26445,-29.0,24,1,0.7757,0.001402
DuelingDQN,deceptive_grid,4,220,26568,-116.0,123,1,0.7747,0.005583
DuelingDQN,deceptive_grid,4,221,26706,-167.0,138,1,0.7735,0.004422
DuelingDQN,deceptive_grid,4,222,26767,-70.0,61,1,0.773,0.002449
DuelingDQN,deceptive_grid,4,223,26877,-119.0,110,1,0.772,0.002038
DuelingDQN,deceptive_grid,4,224,26965,-117.0,88,1,0.7713,0.001507
DuelingDQN,deceptive_grid,4,225,27053,-121.0,88,1,0.7705,0.00479
DuelingDQN,deceptive_grid,4,226,27074,-14.0,21,1,0.7704,0.006017
DuelingDQN,deceptive_grid,4,227,27191,-142.0,117,1,0.7694,0.004198
DuelingDQN,deceptive_grid,4,228,27257,-71.0,66,1,0.7688,0.002547
DuelingDQN,deceptive_grid,4,229,27315,-67.0,58,1,0.7683,0.002188
DuelingDQN,deceptive_grid,4,230,27342,-28.0,27,1,0.7681,0.002027
DuelingDQN,deceptive_grid,4,231,27417,-76.0,75,1,0.7675,0.001664
DuelingDQN,deceptive_grid,4,232,27479,-59.0,62,1,0.7669,0.00132
DuelingDQN,deceptive_grid,4,233,27490,-4.0,11,1,0.7668,0.001521
DuelingDQN,deceptive_grid,4,234,27579,-94.0,89,1,0.7661,0.006476
DuelingDQN,deceptive_grid,4,235,27751,-237.0,172,1,0.7646,0.006699
DuelingDQN,deceptive_grid,4,236,27849,-95.0,98,1,0.7638,0.004393
DuelingDQN,deceptive_grid,4,237,28023,-215.0,174,1,0.7623,0.002813
DuelingDQN,deceptive_grid,4,238,28098,-72.0,75,1,0.7617,0.005356
DuelingDQN,deceptive_grid,4,239,28232,-155.0,134,1,0.7605,0.003203
DuelingDQN,deceptive_grid,4,240,28250,-15.0,18,1,0.7604,0.00204
DuelingDQN,deceptive_grid,4,241,28274,-25.0,24,1,0.7602,0.002153
DuelingDQN,deceptive_grid,4,242,28325,-52.0,51,1,0.7598,0.002183
DuelingDQN,deceptive_grid,4,243,28385,-89.0,60,1,0.7592,0.001639
DuelingDQN,deceptive_grid,4,244,28573,-245.0,188,1,0.7576,0.003096
DuelingDQN,deceptive_grid,4,245,28598,-26.0,25,1,0.7574,0.004295
DuelingDQN,deceptive_grid,4,246,28621,-16.0,23,1,0.7572,0.003867
DuelingDQN,deceptive_grid,4,247,28801,-229.0,180,1,0.7557,0.002375
DuelingDQN,deceptive_grid,4,248,28844,-60.0,43,1,0.7553,0.001549
DuelingDQN,deceptive_grid,4,249,28922,-87.0,78,1,0.7547,0.001479
DuelingDQN,deceptive_grid,4,250,28957,-40.0,35,1,0.7544,0.00187
DuelingDQN,deceptive_grid,4,251,28981,-13.0,24,1,0.7542,0.001704
DuelingDQN,deceptive_grid,4,252,29077,-113.0,96,1,0.7534,0.005109
DuelingDQN,deceptive_grid,4,253,29101,-13.0,24,1,0.7532,0.004219
DuelingDQN,deceptive_grid,4,254,29141,-29.0,40,1,0.7528,0.003198
DuelingDQN,deceptive_grid,4,255,29177,-29.0,36,1,0.7525,0.004208
DuelingDQN,deceptive_grid,4,256,29277,-109.0,100,1,0.7517,0.004131
DuelingDQN,deceptive_grid,4,257,29477,-252.0,200,0,0.75,0.002021
DuelingDQN,deceptive_grid,4,258,29530,-46.0,53,1,0.7495,0.003068
DuelingDQN,deceptive_grid,4,259,29666,-181.0,136,1,0.7484,0.003832
DuelingDQN,deceptive_grid,4,260,29735,-66.0,69,1,0.7478,0.003289
DuelingDQN,deceptive_grid,4,261,29766,-28.0,31,1,0.7475,0.002582
DuelingDQN,deceptive_grid,4,262,29797,-20.0,31,1,0.7473,0.002301
DuelingDQN,deceptive_grid,4,263,29918,-138.0,121,1,0.7462,0.001718
DuelingDQN,deceptive_grid,4,264,29932,-3.0,14,1,0.7461,0.001718
DuelingDQN,deceptive_grid,4,265,30088,-177.0,156,1,0.7448,0.002774
DuelingDQN,deceptive_grid,4,266,30127,-28.0,39,1,0.7445,0.004584
DuelingDQN,deceptive_grid,4,267,30164,-38.0,37,1,0.7442,0.00514
DuelingDQN,deceptive_grid,4,268,30267,-124.0,103,1,0.7433,0.002285
DuelingDQN,deceptive_grid,4,269,30339,-81.0,72,1,0.7427,0.001489
DuelingDQN,deceptive_grid,4,270,30386,-44.0,47,1,0.7423,0.001527
DuelingDQN,deceptive_grid,4,271,30422,-25.0,36,1,0.742,0.001524
DuelingDQN,deceptive_grid,4,272,30493,-72.0,71,1,0.7414,0.00108
DuelingDQN,deceptive_grid,4,273,30542,-54.0,49,1,0.7409,0.003045
DuelingDQN,deceptive_grid,4,274,30596,-67.0,54,1,0.7405,0.003805
DuelingDQN,deceptive_grid,4,275,30697,-118.0,101,1,0.7396,0.002989
DuelingDQN,deceptive_grid,4,276,30702,2.0,5,1,0.7396,0.001703
DuelingDQN,deceptive_grid,4,277,30795,-110.0,93,1,0.7388,0.001802
DuelingDQN,deceptive_grid,4,278,30863,-85.0,68,1,0.7382,0.001903
DuelingDQN,deceptive_grid,4,279,30917,-47.0,54,1,0.7378,0.00122
DuelingDQN,deceptive_grid,4,280,30945,-17.0,28,1,0.7375,0.001769
DuelingDQN,deceptive_grid,4,281,30993,-57.0,48,1,0.7371,0.001517
DuelingDQN,deceptive_grid,4,282,31046,-42.0,53,1,0.7367,0.003948
DuelingDQN,deceptive_grid,4,283,31078,-37.0,32,1,0.7364,0.004404
DuelingDQN,deceptive_grid,4,284,31113,-36.0,35,1,0.7361,0.003766
DuelingDQN,deceptive_grid,4,285,31129,-21.0,16,1,0.736,0.004995
DuelingDQN,deceptive_grid,4,286,31190,-66.0,61,1,0.7355,0.003747
DuelingDQN,deceptive_grid,4,287,31285,-96.0,95,1,0.7346,0.002112
DuelingDQN,deceptive_grid,4,288,31300,-4.0,15,1,0.7345,0.001681
DuelingDQN,deceptive_grid,4,289,31386,-91.0,86,1,0.7338,0.001654
DuelingDQN,deceptive_grid,4,290,31429,-52.0,43,1,0.7334,0.001775
DuelingDQN,deceptive_grid,4,291,31467,-35.0,38,1,0.7331,0.001841
DuelingDQN,deceptive_grid,4,292,31489,-27.0,22,1,0.7329,0.002241
DuelingDQN,deceptive_grid,4,293,31560,-76.0,71,1,0.7323,0.004849
DuelingDQN,deceptive_grid,4,294,31651,-108.0,91,1,0.7315,0.003442
DuelingDQN,deceptive_grid,4,295,31717,-75.0,66,1,0.731,0.003041
DuelingDQN,deceptive_grid,4,296,31731,-7.0,14,1,0.7309,0.00318
DuelingDQN,deceptive_grid,4,297,31828,-118.0,97,1,0.73,0.0037
DuelingDQN,deceptive_grid,4,298,31874,-51.0,46,1,0.7296,0.00277
DuelingDQN,deceptive_grid,4,299,31962,-117.0,88,1,0.7289,0.001335
DuelingDQN,deceptive_grid,4,300,31983,-18.0,21,1,0.7287,0.001309
DuelingDQN,deceptive_grid,4,301,32022,-48.0,39,1,0.7284,0.003658
DuelingDQN,deceptive_grid,4,302,32068,-35.0,46,1,0.728,0.005176
DuelingDQN,deceptive_grid,4,303,32102,-39.0,34,1,0.7277,0.003888
DuelingDQN,deceptive_grid,4,304,32138,-29.0,36,1,0.7274,0.003184
DuelingDQN,deceptive_grid,4,305,32183,-42.0,45,1,0.727,0.003031
DuelingDQN,deceptive_grid,4,306,32197,-7.0,14,1,0.7269,0.002755
DuelingDQN,deceptive_grid,4,307,32299,-131.0,102,1,0.726,0.002
DuelingDQN,deceptive_grid,4,308,32394,-104.0,95,1,0.7252,0.001366
DuelingDQN,deceptive_grid,4,309,32429,-24.0,35,1,0.7249,0.000822
DuelingDQN,deceptive_grid,4,310,32447,-7.0,18,1,0.7248,0.00089
DuelingDQN,deceptive_grid,4,311,32605,-199.0,158,1,0.7234,0.003221
DuelingDQN,deceptive_grid,4,312,32689,-97.0,84,1,0.7227,0.003739
DuelingDQN,deceptive_grid,4,313,32768,-88.0,79,1,0.7221,0.00221
DuelingDQN,deceptive_grid,4,314,32818,-55.0,50,1,0.7216,0.001367
DuelingDQN,deceptive_grid,4,315,32858,-33.0,40,1,0.7213,0.001839
DuelingDQN,deceptive_grid,4,316,32878,-25.0,20,1,0.7211,0.00192
DuelingDQN,deceptive_grid,4,317,32887,2.0,9,1,0.7211,0.001475
DuelingDQN,deceptive_grid,4,318,32982,-88.0,95,1,0.7203,0.001213
DuelingDQN,deceptive_grid,4,319,33025,-60.0,43,1,0.7199,0.002708
DuelingDQN,deceptive_grid,4,320,33185,-205.0,160,1,0.7185,0.003105
DuelingDQN,deceptive_grid,4,321,33236,-44.0,51,1,0.7181,0.001764
DuelingDQN,deceptive_grid,4,322,33270,-23.0,34,1,0.7178,0.00161
DuelingDQN,deceptive_grid,4,323,33314,-45.0,44,1,0.7174,0.001298
DuelingDQN,deceptive_grid,4,324,33354,-41.0,40,1,0.7171,0.001555
DuelingDQN,deceptive_grid,4,325,33401,-44.0,47,1,0.7167,0.001431
DuelingDQN,deceptive_grid,4,326,33452,-60.0,51,1,0.7163,0.002287
DuelingDQN,deceptive_grid,4,327,33593,-174.0,141,1,0.7151,0.003342
DuelingDQN,deceptive_grid,4,328,33687,-91.0,94,1,0.7143,0.002679
DuelingDQN,deceptive_grid,4,329,33788,-102.0,101,1,0.7134,0.002366
DuelingDQN,deceptive_grid,4,330,33836,-41.0,48,1,0.713,0.002348
DuelingDQN,deceptive_grid,4,331,33864,-29.0,28,1,0.7128,0.002199
DuelingDQN,deceptive_grid,4,332,33970,-119.0,106,1,0.7119,0.001731
DuelingDQN,deceptive_grid,4,333,34009,-44.0,39,1,0.7115,0.002026
DuelingDQN,deceptive_grid,4,334,34068,-56.0,59,1,0.711,0.005114
DuelingDQN,deceptive_grid,4,335,34119,-40.0,51,1,0.7106,0.006951
DuelingDQN,deceptive_grid,4,336,34168,-38.0,49,1,0.7102,0.005496
DuelingDQN,deceptive_grid,4,337,34210,-43.0,42,1,0.7098,0.005637
DuelingDQN,deceptive_grid,4,338,34253,-48.0,43,1,0.7095,0.003787
DuelingDQN,deceptive_grid,4,339,34413,-165.0,160,1,0.7081,0.001672
DuelingDQN,deceptive_grid,4,340,34457,-45.0,44,1,0.7077,0.001133
DuelingDQN,deceptive_grid,4,341,34496,-28.0,39,1,0.7074,0.000871
DuelingDQN,deceptive_grid,4,342,34522,-15.0,26,1,0.7072,0.003414
DuelingDQN,deceptive_grid,4,343,34655,-150.0,133,1,0.7061,0.002941
DuelingDQN,deceptive_grid,4,344,34668,-10.0,13,1,0.7059,0.002201
DuelingDQN,deceptive_grid,4,345,34728,-101.0,60,1,0.7054,0.001582
DuelingDQN,deceptive_grid,4,346,34757,-30.0,29,1,0.7052,0.001363
DuelingDQN,deceptive_grid,4,347,34823,-75.0,66,1,0.7046,0.001441
DuelingDQN,deceptive_grid,4,348,34891,-85.0,68,1,0.7041,0.001229
DuelingDQN,deceptive_grid,4,349,34964,-82.0,73,1,0.7034,0.001108
DuelingDQN,deceptive_grid,4,350,35023,-64.0,59,1,0.7029,0.002146
DuelingDQN,deceptive_grid,4,351,35024,10.0,1,1,0.7029,0.003408
DuelingDQN,deceptive_grid,4,352,35060,-33.0,36,1,0.7026,0.003822
DuelingDQN,deceptive_grid,4,353,35082,-11.0,22,1,0.7024,0.003508
DuelingDQN,deceptive_grid,4,354,35148,-59.0,66,1,0.7019,0.00306
DuelingDQN,deceptive_grid,4,355,35225,-94.0,77,1,0.7012,0.002449
DuelingDQN,deceptive_grid,4,356,35259,-35.0,34,1,0.7009,0.001706
DuelingDQN,deceptive_grid,4,357,35303,-53.0,44,1,0.7006,0.001858
DuelingDQN,deceptive_grid,4,358,35340,-50.0,37,1,0.7002,0.001325
DuelingDQN,deceptive_grid,4,359,35375,-36.0,35,1,0.7,0.0013
DuelingDQN,deceptive_grid,4,360,35432,-74.0,57,1,0.6995,0.001369
DuelingDQN,deceptive_grid,4,361,35468,-25.0,36,1,0.6992,0.001416
DuelingDQN,deceptive_grid,4,362,35508,-53.0,40,1,0.6988,0.00237
DuelingDQN,deceptive_grid,4,363,35551,-52.0,43,1,0.6985,0.005084
DuelingDQN,deceptive_grid,4,364,35669,-147.0,118,1,0.6975,0.003569
DuelingDQN,deceptive_grid,4,365,35745,-85.0,76,1,0.6968,0.00326
DuelingDQN,deceptive_grid,4,366,35771,-19.0,26,1,0.6966,0.002303
DuelingDQN,deceptive_grid,4,367,35852,-86.0,81,1,0.6959,0.001637
DuelingDQN,deceptive_grid,4,368,35945,-106.0,93,1,0.6951,0.002107
DuelingDQN,deceptive_grid,4,369,36007,-87.0,62,1,0.6946,0.001747
DuelingDQN,deceptive_grid,4,370,36012,6.0,5,1,0.6945,0.004071
DuelingDQN,deceptive_grid,4,371,36035,-28.0,23,1,0.6944,0.00411
DuelingDQN,deceptive_grid,4,372,36096,-66.0,61,1,0.6938,0.002948
DuelingDQN,deceptive_grid,4,373,36159,-72.0,63,1,0.6933,0.002479
DuelingDQN,deceptive_grid,4,374,36222,-68.0,63,1,0.6928,0.002641
DuelingDQN,deceptive_grid,4,375,36266,-33.0,44,1,0.6924,0.002416
DuelingDQN,deceptive_grid,4,376,36323,-58.0,57,1,0.6919,0.001755
DuelingDQN,deceptive_grid,4,377,36368,-50.0,45,1,0.6915,0.001474
DuelingDQN,deceptive_grid,4,378,36439,-72.0,71,1,0.6909,0.001156
DuelingDQN,deceptive_grid,4,379,36486,-40.0,47,1,0.6905,0.001027
DuelingDQN,deceptive_grid,4,380,36503,-6.0,17,1,0.6904,0.001613
DuelingDQN,deceptive_grid,4,381,36565,-75.0,62,1,0.6899,0.004448
DuelingDQN,deceptive_grid,4,382,36601,-45.0,36,1,0.6896,0.003042
DuelingDQN,deceptive_grid,4,383,36626,-22.0,25,1,0.6893,0.003122
DuelingDQN,deceptive_grid,4,384,36692,-59.0,66,1,0.6888,0.002684
DuelingDQN,deceptive_grid,4,385,36738,-43.0,46,1,0.6884,0.002929
DuelingDQN,deceptive_grid,4,386,36798,-57.0,60,1,0.6879,0.001442
DuelingDQN,deceptive_grid,4,387,36825,-24.0,27,1,0.6877,0.001491
DuelingDQN,deceptive_grid,4,388,36892,-84.0,67,1,0.6871,0.001139
DuelingDQN,deceptive_grid,4,389,36921,-18.0,29,1,0.6868,0.001265
DuelingDQN,deceptive_grid,4,390,36964,-40.0,43,1,0.6865,0.002205
DuelingDQN,deceptive_grid,4,391,37078,-159.0,114,1,0.6855,0.003104
DuelingDQN,deceptive_grid,4,392,37220,-147.0,142,1,0.6843,0.00237
DuelingDQN,deceptive_grid,4,393,37393,-206.0,173,1,0.6828,0.001482
DuelingDQN,deceptive_grid,4,394,37414,-14.0,21,1,0.6827,0.001037
DuelingDQN,deceptive_grid,4,395,37515,-98.0,101,1,0.6818,0.001636
DuelingDQN,deceptive_grid,4,396,37582,-80.0,67,1,0.6812,0.004
DuelingDQN,deceptive_grid,4,397,37680,-103.0,98,1,0.6804,0.005128
DuelingDQN,deceptive_grid,4,398,37706,-23.0,26,1,0.6802,0.003253
DuelingDQN,deceptive_grid,4,399,37763,-66.0,57,1,0.6797,0.002645
DuelingDQN,deceptive_grid,4,400,37799,-25.0,36,1,0.6794,0.002266
DuelingDQN,deceptive_grid,4,401,37843,-45.0,44,1,0.679,0.001199
DuelingDQN,deceptive_grid,4,402,37857,-7.0,14,1,0.6789,0.00092
DuelingDQN,deceptive_grid,4,403,37866,2.0,9,1,0.6788,0.000814
DuelingDQN,deceptive_grid,4,404,37933,-64.0,67,1,0.6783,0.000715
DuelingDQN,deceptive_grid,4,405,38003,-71.0,70,1,0.6777,0.000703
DuelingDQN,deceptive_grid,4,406,38029,-15.0,26,1,0.6774,0.003591
DuelingDQN,deceptive_grid,4,407,38102,-66.0,73,1,0.6768,0.004408
DuelingDQN,deceptive_grid,4,408,38147,-38.0,45,1,0.6764,0.003309
DuelingDQN,deceptive_grid,4,409,38196,-54.0,49,1,0.676,0.001953
DuelingDQN,deceptive_grid,4,410,38212,-25.0,16,1,0.6759,0.002144
DuelingDQN,deceptive_grid,4,411,38219,0.0,7,1,0.6758,0.001699
DuelingDQN,deceptive_grid,4,412,38257,-39.0,38,1,0.6755,0.001272
DuelingDQN,deceptive_grid,4,413,38275,-19.0,18,1,0.6754,0.001454
DuelingDQN,deceptive_grid,4,414,38284,2.0,9,1,0.6753,0.001098
DuelingDQN,deceptive_grid,4,415,38379,-96.0,95,1,0.6745,0.001285
DuelingDQN,deceptive_grid,4,416,38439,-73.0,60,1,0.674,0.00131
DuelingDQN,deceptive_grid,4,417,38524,-106.0,85,1,0.6732,0.001863
DuelingDQN,deceptive_grid,4,418,38549,-14.0,25,1,0.673,0.003931
DuelingDQN,deceptive_grid,4,419,38654,-106.0,105,1,0.6721,0.006823
DuelingDQN,deceptive_grid,4,420,38669,-12.0,15,1,0.672,0.00614
DuelingDQN,deceptive_grid,4,421,38717,-53.0,48,1,0.6716,0.00398
DuelingDQN,deceptive_grid,4,422,38768,-72.0,51,1,0.6712,0.001869
DuelingDQN,deceptive_grid,4,423,38785,-10.0,17,1,0.671,0.001471
DuelingDQN,deceptive_grid,4,424,38844,-60.0,59,1,0.6705,0.001196
DuelingDQN,deceptive_grid,4,425,38915,-72.0,71,1,0.6699,0.000871
DuelingDQN,deceptive_grid,4,426,38977,-67.0,62,1,0.6694,0.000594
DuelingDQN,deceptive_grid,4,427,39097,-133.0,120,1,0.6684,0.002366
DuelingDQN,deceptive_grid,4,428,39136,-32.0,39,1,0.6681,0.001902
DuelingDQN,deceptive_grid,4,429,39204,-81.0,68,1,0.6675,0.002171
DuelingDQN,deceptive_grid,4,430,39305,-126.0,101,1,0.6666,0.001484
DuelingDQN,deceptive_grid,4,431,39373,-81.0,68,1,0.666,0.001524
DuelingDQN,deceptive_grid,4,432,39459,-99.0,86,1,0.6653,0.000881
DuelingDQN,deceptive_grid,4,433,39541,-91.0,82,1,0.6646,0.002972
DuelingDQN,deceptive_grid,4,434,39641,-113.0,100,1,0.6638,0.004232
DuelingDQN,deceptive_grid,4,435,39697,-57.0,56,1,0.6633,0.002419
DuelingDQN,deceptive_grid,4,436,39728,-24.0,31,1,0.663,0.002462
DuelingDQN,deceptive_grid,4,437,39779,-44.0,51,1,0.6626,0.001533
DuelingDQN,deceptive_grid,4,438,39812,-34.0,33,1,0.6623,0.00123
DuelingDQN,deceptive_grid,4,439,39879,-72.0,67,1,0.6617,0.001029
DuelingDQN,deceptive_grid,4,440,39928,-54.0,49,1,0.6613,0.00098
DuelingDQN,deceptive_grid,4,441,40049,-126.0,121,1,0.6603,0.001683
DuelingDQN,deceptive_grid,4,442,40050,10.0,1,1,0.6603,0.003263
DuelingDQN,deceptive_grid,4,443,40097,-44.0,47,1,0.6599,0.002905
DuelingDQN,deceptive_grid,4,444,40122,-34.0,25,1,0.6597,0.002875
DuelingDQN,deceptive_grid,4,445,40167,-58.0,45,1,0.6593,0.002086
DuelingDQN,deceptive_grid,4,446,40194,-20.0,27,1,0.6591,0.001609
DuelingDQN,deceptive_grid,4,447,40241,-48.0,47,1,0.6587,0.001647
DuelingDQN,deceptive_grid,4,448,40266,-18.0,25,1,0.6585,0.001259
DuelingDQN,deceptive_grid,4,449,40300,-31.0,34,1,0.6582,0.001046
DuelingDQN,deceptive_grid,4,450,40320,-17.0,20,1,0.658,0.000871
DuelingDQN,deceptive_grid,4,451,40413,-114.0,93,1,0.6572,0.00101
DuelingDQN,deceptive_grid,4,452,40439,-15.0,26,1,0.657,0.001269
DuelingDQN,deceptive_grid,4,453,40554,-156.0,115,1,0.656,0.001941
DuelingDQN,deceptive_grid,4,454,40581,-20.0,27,1,0.6558,0.003432
DuelingDQN,deceptive_grid,4,455,40612,-40.0,31,1,0.6555,0.0028
DuelingDQN,deceptive_grid,4,456,40761,-198.0,149,1,0.6543,0.002344
DuelingDQN,deceptive_grid,4,457,40808,-56.0,47,1,0.6539,0.001657
DuelingDQN,deceptive_grid,4,458,40841,-22.0,33,1,0.6536,0.001533
DuelingDQN,deceptive_grid,4,459,40880,-36.0,39,1,0.6533,0.001606
DuelingDQN,deceptive_grid,4,460,40980,-101.0,100,1,0.6524,0.001302
DuelingDQN,deceptive_grid,4,461,41058,-79.0,78,1,0.6517,0.002777
DuelingDQN,deceptive_grid,4,462,41080,-19.0,22,1,0.6516,0.002741
DuelingDQN,deceptive_grid,4,463,41102,-15.0,22,1,0.6514,0.002248
DuelingDQN,deceptive_grid,4,464,41132,-35.0,30,1,0.6511,0.002297
DuelingDQN,deceptive_grid,4,465,41249,-146.0,117,1,0.6501,0.001633
DuelingDQN,deceptive_grid,4,466,41348,-120.0,99,1,0.6493,0.000988
DuelingDQN,deceptive_grid,4,467,41425,-78.0,77,1,0.6486,0.001433
DuelingDQN,deceptive_grid,4,468,41445,-13.0,20,1,0.6485,0.001393
DuelingDQN,deceptive_grid,4,469,41536,-80.0,91,1,0.6477,0.002811
DuelingDQN,deceptive_grid,4,470,41567,-32.0,31,1,0.6474,0.003758
DuelingDQN,deceptive_grid,4,471,41620,-42.0,53,1,0.647,0.003729
DuelingDQN,deceptive_grid,4,472,41667,-40.0,47,1,0.6466,0.003606
DuelingDQN,deceptive_grid,4,473,41687,-13.0,20,1,0.6464,0.00182
DuelingDQN,deceptive_grid,4,474,41722,-32.0,35,1,0.6461,0.002195
DuelingDQN,deceptive_grid,4,475,41825,-112.0,103,1,0.6452,0.001827
DuelingDQN,deceptive_grid,4,476,41919,-107.0,94,1,0.6444,0.001379
DuelingDQN,deceptive_grid,4,477,42007,-81.0,88,1,0.6437,0.001404
DuelingDQN,deceptive_grid,4,478,42041,-43.0,34,1,0.6434,0.003927
DuelingDQN,deceptive_grid,4,479,42106,-66.0,65,1,0.6429,0.003231
DuelingDQN,deceptive_grid,4,480,42120,-11.0,14,1,0.6427,0.002547
DuelingDQN,deceptive_grid,4,481,42209,-114.0,89,1,0.642,0.001732
DuelingDQN,deceptive_grid,4,482,42265,-69.0,56,1,0.6415,0.001335
DuelingDQN,deceptive_grid,4,483,42281,-17.0,16,1,0.6414,0.00091
DuelingDQN,deceptive_grid,4,484,42290,-2.0,9,1,0.6413,0.000699
DuelingDQN,deceptive_grid,4,485,42343,-46.0,53,1,0.6408,0.000917
DuelingDQN,deceptive_grid,4,486,42367,-17.0,24,1,0.6406,0.001147
DuelingDQN,deceptive_grid,4,487,42407,-37.0,40,1,0.6403,0.001209
DuelingDQN,deceptive_grid,4,488,42450,-40.0,43,1,0.6399,0.000867
DuelingDQN,deceptive_grid,4,489,42525,-64.0,75,1,0.6393,0.001987
DuelingDQN,deceptive_grid,4,490,42559,-35.0,34,1,0.639,0.004697
DuelingDQN,deceptive_grid,4,491,42661,-103.0,102,1,0.6382,0.002842
DuelingDQN,deceptive_grid,4,492,42692,-28.0,31,1,0.6379,0.002738
DuelingDQN,deceptive_grid,4,493,42733,-34.0,41,1,0.6375,0.002147
DuelingDQN,deceptive_grid,4,494,42771,-31.0,38,1,0.6372,0.001552
DuelingDQN,deceptive_grid,4,495,42827,-73.0,56,1,0.6367,0.002445
DuelingDQN,deceptive_grid,4,496,42949,-131.0,122,1,0.6357,0.001684
DuelingDQN,deceptive_grid,4,497,42968,-20.0,19,1,0.6355,0.001588
DuelingDQN,deceptive_grid,4,498,42989,-14.0,21,1,0.6354,0.00135
DuelingDQN,deceptive_grid,4,499,42993,7.0,4,1,0.6353,0.001369
DuelingDQN,deceptive_grid,4,500,43024,-20.0,31,1,0.6351,0.002997
DuelingDQN,deceptive_grid,4,501,43071,-36.0,47,1,0.6347,0.003663
DuelingDQN,deceptive_grid,4,502,43082,0.0,11,1,0.6346,0.003316
DuelingDQN,deceptive_grid,4,503,43164,-71.0,82,1,0.6339,0.002792
DuelingDQN,deceptive_grid,4,504,43255,-84.0,91,1,0.6331,0.001563
DuelingDQN,deceptive_grid,4,505,43259,3.0,4,1,0.6331,0.000955
DuelingDQN,deceptive_grid,4,506,43369,-119.0,110,1,0.6321,0.000964
DuelingDQN,deceptive_grid,4,507,43401,-21.0,32,1,0.6319,0.000854
DuelingDQN,deceptive_grid,4,508,43412,0.0,11,1,0.6318,0.000951
DuelingDQN,deceptive_grid,4,509,43444,-41.0,32,1,0.6315,0.001216
DuelingDQN,deceptive_grid,4,510,43498,-51.0,54,1,0.6311,0.00123
DuelingDQN,deceptive_grid,4,511,43511,-2.0,13,1,0.6309,0.002796
DuelingDQN,deceptive_grid,4,512,43568,-62.0,57,1,0.6305,0.00311
DuelingDQN,deceptive_grid,4,513,43629,-70.0,61,1,0.6299,0.00291
DuelingDQN,deceptive_grid,4,514,43659,-23.0,30,1,0.6297,0.002544
DuelingDQN,deceptive_grid,4,515,43752,-86.0,93,1,0.6289,0.001418
DuelingDQN,deceptive_grid,4,516,43837,-90.0,85,1,0.6282,0.001171
DuelingDQN,deceptive_grid,4,517,43886,-46.0,49,1,0.6278,0.001203
DuelingDQN,deceptive_grid,4,518,43905,-12.0,19,1,0.6276,0.001272
DuelingDQN,deceptive_grid,4,519,43935,-19.0,30,1,0.6273,0.001142
DuelingDQN,deceptive_grid,4,520,43981,-63.0,46,1,0.627,0.000986
DuelingDQN,deceptive_grid,4,521,44006,-22.0,25,1,0.6267,0.001816
DuelingDQN,deceptive_grid,4,522,44073,-68.0,67,1,0.6262,0.003246
DuelingDQN,deceptive_grid,4,523,44090,-6.0,17,1,0.626,0.002892
DuelingDQN,deceptive_grid,4,524,44120,-27.0,30,1,0.6258,0.00214
DuelingDQN,deceptive_grid,4,525,44169,-54.0,49,1,0.6254,0.002098
DuelingDQN,deceptive_grid,4,526,44207,-27.0,38,1,0.625,0.002001
DuelingDQN,deceptive_grid,4,527,44216,2.0,9,1,0.625,0.001405
DuelingDQN,deceptive_grid,4,528,44235,-8.0,19,1,0.6248,0.001573
DuelingDQN,deceptive_grid,4,529,44313,-71.0,78,1,0.6241,0.001637
DuelingDQN,deceptive_grid,4,530,44323,-3.0,10,1,0.6241,0.002562
DuelingDQN,deceptive_grid,4,531,44341,-7.0,18,1,0.6239,0.002508
DuelingDQN,deceptive_grid,4,532,44359,-7.0,18,1,0.6237,0.001721
DuelingDQN,deceptive_grid,4,533,44423,-53.0,64,1,0.6232,0.001153
DuelingDQN,deceptive_grid,4,534,44510,-92.0,87,1,0.6225,0.001298
DuelingDQN,deceptive_grid,4,535,44648,-191.0,138,1,0.6213,0.003144
DuelingDQN,deceptive_grid,4,536,44678,-19.0,30,1,0.621,0.003063
DuelingDQN,deceptive_grid,4,537,44749,-84.0,71,1,0.6204,0.002687
DuelingDQN,deceptive_grid,4,538,44793,-33.0,44,1,0.6201,0.002287
DuelingDQN,deceptive_grid,4,539,44830,-34.0,37,1,0.6198,0.001375
DuelingDQN,deceptive_grid,4,540,44879,-62.0,49,1,0.6193,0.00091
DuelingDQN,deceptive_grid,4,541,44881,9.0,2,1,0.6193,0.001032
DuelingDQN,deceptive_grid,4,542,44915,-31.0,34,1,0.619,0.002278
DuelingDQN,deceptive_grid,4,543,44974,-52.0,59,1,0.6185,0.003047
DuelingDQN,deceptive_grid,4,544,45013,-40.0,39,1,0.6182,0.004237
DuelingDQN,deceptive_grid,4,545,45063,-47.0,50,1,0.6178,0.00514
DuelingDQN,deceptive_grid,4,546,45089,-19.0,26,1,0.6176,0.006212
DuelingDQN,deceptive_grid,4,547,45115,-19.0,26,1,0.6173,0.004318
DuelingDQN,deceptive_grid,4,548,45138,-12.0,23,1,0.6171,0.00334
DuelingDQN,deceptive_grid,4,549,45160,-11.0,22,1,0.617,0.002785
DuelingDQN,deceptive_grid,4,550,45174,-3.0,14,1,0.6168,0.003216
DuelingDQN,deceptive_grid,4,551,45243,-66.0,69,1,0.6163,0.002006
DuelingDQN,deceptive_grid,4,552,45259,-9.0,16,1,0.6161,0.001535
DuelingDQN,deceptive_grid,4,553,45333,-75.0,74,1,0.6155,0.001334
DuelingDQN,deceptive_grid,4,554,45365,-41.0,32,1,0.6152,0.001083
DuelingDQN,deceptive_grid,4,555,45374,2.0,9,1,0.6151,0.000928
DuelingDQN,deceptive_grid,4,556,45401,-16.0,27,1,0.6149,0.000982
DuelingDQN,deceptive_grid,4,557,45461,-69.0,60,1,0.6144,0.00088
DuelingDQN,deceptive_grid,4,558,45471,-3.0,10,1,0.6143,0.000781
DuelingDQN,deceptive_grid,4,559,45510,-40.0,39,1,0.614,0.001637
DuelingDQN,deceptive_grid,4,560,45563,-50.0,53,1,0.6135,0.003368
DuelingDQN,deceptive_grid,4,561,45579,-17.0,16,1,0.6134,0.003353
DuelingDQN,deceptive_grid,4,562,45588,2.0,9,1,0.6133,0.003105
DuelingDQN,deceptive_grid,4,563,45604,-9.0,16,1,0.6132,0.002557
DuelingDQN,deceptive_grid,4,564,45634,-23.0,30,1,0.6129,0.0022
DuelingDQN,deceptive_grid,4,565,45650,-9.0,16,1,0.6128,0.001771
DuelingDQN,deceptive_grid,4,566,45722,-65.0,72,1,0.6122,0.001306
DuelingDQN,deceptive_grid,4,567,45787,-74.0,65,1,0.6116,0.00094
DuelingDQN,deceptive_grid,4,568,45857,-67.0,70,1,0.611,0.000861
DuelingDQN,deceptive_grid,4,569,45905,-45.0,48,1,0.6106,0.000919
DuelingDQN,deceptive_grid,4,570,45942,-26.0,37,1,0.6103,0.000694
DuelingDQN,deceptive_grid,4,571,45967,-14.0,25,1,0.6101,0.00056
DuelingDQN,deceptive_grid,4,572,46013,-43.0,46,1,0.6097,0.001347
DuelingDQN,deceptive_grid,4,573,46029,-5.0,16,1,0.6096,0.003292
DuelingDQN,deceptive_grid,4,574,46042,-6.0,13,1,0.6095,0.002722
DuelingDQN,deceptive_grid,4,575,46066,-33.0,24,1,0.6093,0.003076
DuelingDQN,deceptive_grid,4,576,46090,-13.0,24,1,0.6091,0.004146
DuelingDQN,deceptive_grid,4,577,46109,-8.0,19,1,0.6089,0.004358
DuelingDQN,deceptive_grid,4,578,46143,-23.0,34,1,0.6086,0.002573
DuelingDQN,deceptive_grid,4,579,46206,-64.0,63,1,0.6081,0.002238
DuelingDQN,deceptive_grid,4,580,46261,-64.0,55,1,0.6076,0.001519
DuelingDQN,deceptive_grid,4,581,46308,-44.0,47,1,0.6072,0.001106
DuelingDQN,deceptive_grid,4,582,46320,-17.0,12,1,0.6071,0.001179
DuelingDQN,deceptive_grid,4,583,46364,-33.0,44,1,0.6067,0.000849
DuelingDQN,deceptive_grid,4,584,46388,-17.0,24,1,0.6065,0.000813
DuelingDQN,deceptive_grid,4,585,46438,-47.0,50,1,0.6061,0.000988
DuelingDQN,deceptive_grid,4,586,46459,-14.0,21,1,0.6059,0.001169
DuelingDQN,deceptive_grid,4,587,46501,-31.0,42,1,0.6056,0.000971
DuelingDQN,deceptive_grid,4,588,46519,-11.0,18,1,0.6054,0.003832
DuelingDQN,deceptive_grid,4,589,46544,-14.0,25,1,0.6052,0.003533
DuelingDQN,deceptive_grid,4,590,46571,-20.0,27,1,0.605,0.003493
DuelingDQN,deceptive_grid,4,591,46613,-39.0,42,1,0.6046,0.002702
DuelingDQN,deceptive_grid,4,592,46687,-71.0,74,1,0.604,0.002185
DuelingDQN,deceptive_grid,4,593,46708,-14.0,21,1,0.6038,0.001412
DuelingDQN,deceptive_grid,4,594,46777,-74.0,69,1,0.6032,0.002174
DuelingDQN,deceptive_grid,4,595,46779,9.0,2,1,0.6032,0.001364
DuelingDQN,deceptive_grid,4,596,46810,-20.0,31,1,0.603,0.00207
DuelingDQN,deceptive_grid,4,597,46838,-25.0,28,1,0.6027,0.001227
DuelingDQN,deceptive_grid,4,598,46891,-50.0,53,1,0.6023,0.001049
DuelingDQN,deceptive_grid,4,599,46953,-59.0,62,1,0.6017,0.001337
DuelingDQN,deceptive_grid,4,600,47034,-78.0,81,1,0.6011,0.002684
DuelingDQN,deceptive_grid,4,601,47065,-24.0,31,1,0.6008,0.005108
DuelingDQN,deceptive_grid,4,602,47088,-20.0,23,1,0.6006,0.003793
DuelingDQN,deceptive_grid,4,603,47192,-105.0,104,1,0.5997,0.002945
DuelingDQN,deceptive_grid,4,604,47215,-12.0,23,1,0.5995,0.001841
DuelingDQN,deceptive_grid,4,605,47250,-28.0,35,1,0.5992,0.001659
DuelingDQN,deceptive_grid,4,606,47294,-41.0,44,1,0.5989,0.001565
DuelingDQN,deceptive_grid,4,607,47368,-71.0,74,1,0.5982,0.001074
DuelingDQN,deceptive_grid,4,608,47466,-115.0,98,1,0.5974,0.000849
DuelingDQN,deceptive_grid,4,609,47490,-17.0,24,1,0.5972,0.000699
DuelingDQN,deceptive_grid,4,610,47512,-15.0,22,1,0.597,0.002276
DuelingDQN,deceptive_grid,4,611,47530,-15.0,18,1,0.5969,0.002739
DuelingDQN,deceptive_grid,4,612,47577,-36.0,47,1,0.5965,0.002654
DuelingDQN,deceptive_grid,4,613,47647,-59.0,70,1,0.5959,0.002489
DuelingDQN,deceptive_grid,4,614,47693,-39.0,46,1,0.5955,0.001712
DuelingDQN,deceptive_grid,4,615,47744,-52.0,51,1,0.595,0.002213
DuelingDQN,deceptive_grid,4,616,47793,-50.0,49,1,0.5946,0.001753
DuelingDQN,deceptive_grid,4,617,47834,-30.0,41,1,0.5943,0.001658
DuelingDQN,deceptive_grid,4,618,47857,-20.0,23,1,0.5941,0.001047
DuelingDQN,deceptive_grid,4,619,47905,-41.0,48,1,0.5937,0.001012
DuelingDQN,deceptive_grid,4,620,47913,-1.0,8,1,0.5936,0.001003
DuelingDQN,deceptive_grid,4,621,47942,-22.0,29,1,0.5934,0.000938
DuelingDQN,deceptive_grid,4,622,47985,-36.0,43,1,0.593,0.000767
DuelingDQN,deceptive_grid,4,623,48025,-41.0,40,1,0.5927,0.002344
DuelingDQN,deceptive_grid,4,624,48041,-5.0,16,1,0.5925,0.003951
DuelingDQN,deceptive_grid,4,625,48079,-31.0,38,1,0.5922,0.003197
DuelingDQN,deceptive_grid,4,626,48092,-2.0,13,1,0.5921,0.002031
DuelingDQN,deceptive_grid,4,627,48108,-5.0,16,1,0.5919,0.002243
DuelingDQN,deceptive_grid,4,628,48146,-31.0,38,1,0.5916,0.002509
DuelingDQN,deceptive_grid,4,629,48182,-25.0,36,1,0.5913,0.001772
DuelingDQN,deceptive_grid,4,630,48208,-35.0,26,1,0.5911,0.001777
DuelingDQN,deceptive_grid,4,631,48243,-32.0,35,1,0.5908,0.001825
DuelingDQN,deceptive_grid,4,632,48273,-31.0,30,1,0.5906,0.001675
DuelingDQN,deceptive_grid,4,633,48281,3.0,8,1,0.5905,0.001549
DuelingDQN,deceptive_grid,4,634,48335,-51.0,54,1,0.59,0.001296
DuelingDQN,deceptive_grid,4,635,48359,-13.0,24,1,0.5898,0.001276
DuelingDQN,deceptive_grid,4,636,48368,2.0,9,1,0.5897,0.00108
DuelingDQN,deceptive_grid,4,637,48411,-52.0,43,1,0.5894,0.000994
DuelingDQN,deceptive_grid,4,638,48446,-36.0,35,1,0.5891,0.001191
DuelingDQN,deceptive_grid,4,639,48480,-31.0,34,1,0.5888,0.001344
DuelingDQN,deceptive_grid,4,640,48516,-41.0,36,1,0.5885,0.002414
DuelingDQN,deceptive_grid,4,641,48523,4.0,7,1,0.5884,0.003301
DuelingDQN,deceptive_grid,4,642,48576,-78.0,53,1,0.588,0.003583
DuelingDQN,deceptive_grid,4,643,48607,-28.0,31,1,0.5877,0.002612
DuelingDQN,deceptive_grid,4,644,48654,-44.0,47,1,0.5873,0.002035
DuelingDQN,deceptive_grid,4,645,48726,-73.0,72,1,0.5867,0.001864
DuelingDQN,deceptive_grid,4,646,48754,-17.0,28,1,0.5865,0.001014
DuelingDQN,deceptive_grid,4,647,48759,-2.0,5,1,0.5864,0.001045
DuelingDQN,deceptive_grid,4,648,48784,-26.0,25,1,0.5862,0.000823
DuelingDQN,deceptive_grid,4,649,48826,-35.0,42,1,0.5859,0.000927
DuelingDQN,deceptive_grid,4,650,48875,-46.0,49,1,0.5854,0.000719
DuelingDQN,deceptive_grid,4,651,48920,-66.0,45,1,0.5851,0.000677
DuelingDQN,deceptive_grid,4,652,48942,-15.0,22,1,0.5849,0.000635
DuelingDQN,deceptive_grid,4,653,48953,-8.0,11,1,0.5848,0.000591
DuelingDQN,deceptive_grid,4,654,48996,-32.0,43,1,0.5844,0.000586
DuelingDQN,deceptive_grid,4,655,49030,-35.0,34,1,0.5841,0.003282
DuelingDQN,deceptive_grid,4,656,49078,-53.0,48,1,0.5837,0.003615
DuelingDQN,deceptive_grid,4,657,49124,-47.0,46,1,0.5833,0.003638
DuelingDQN,deceptive_grid,4,658,49127,8.0,3,1,0.5833,0.004432
DuelingDQN,deceptive_grid,4,659,49168,-38.0,41,1,0.583,0.003974
DuelingDQN,deceptive_grid,4,660,49234,-63.0,66,1,0.5824,0.001986
DuelingDQN,deceptive_grid,4,661,49270,-41.0,36,1,0.5821,0.00107
DuelingDQN,deceptive_grid,4,662,49322,-53.0,52,1,0.5817,0.000933
DuelingDQN,deceptive_grid,4,663,49362,-29.0,40,1,0.5813,0.000619
DuelingDQN,deceptive_grid,4,664,49395,-22.0,33,1,0.581,0.000605
DuelingDQN,deceptive_grid,4,665,49416,-18.0,21,1,0.5809,0.000593
DuelingDQN,deceptive_grid,4,666,49424,-1.0,8,1,0.5808,0.000709
DuelingDQN,deceptive_grid,4,667,49471,-40.0,47,1,0.5804,0.000756
DuelingDQN,deceptive_grid,4,668,49512,-38.0,41,1,0.58,0.001519
DuelingDQN,deceptive_grid,4,669,49546,-31.0,34,1,0.5798,0.003953
DuelingDQN,deceptive_grid,4,670,49555,-2.0,9,1,0.5797,0.004373
DuelingDQN,deceptive_grid,4,671,49603,-57.0,48,1,0.5793,0.002657
DuelingDQN,deceptive_grid,4,672,49650,-56.0,47,1,0.5789,0.002323
DuelingDQN,deceptive_grid,4,673,49653,8.0,3,1,0.5788,0.002253
DuelingDQN,deceptive_grid,4,674,49668,-16.0,15,1,0.5787,0.002228
DuelingDQN,deceptive_grid,4,675,49681,-10.0,13,1,0.5786,0.00293
DuelingDQN,deceptive_grid,4,676,49700,-12.0,19,1,0.5784,0.00218
DuelingDQN,deceptive_grid,4,677,49761,-54.0,61,1,0.5779,0.00198
DuelingDQN,deceptive_grid,4,678,49799,-43.0,38,1,0.5776,0.001131
DuelingDQN,deceptive_grid,4,679,49862,-72.0,63,1,0.5771,0.001182
DuelingDQN,deceptive_grid,4,680,49920,-51.0,58,1,0.5766,0.000834
DuelingDQN,deceptive_grid,4,681,49932,-5.0,12,1,0.5765,0.000736
DuelingDQN,deceptive_grid,4,682,49964,-33.0,32,1,0.5762,0.000743
DuelingDQN,deceptive_grid,4,683,49971,4.0,7,1,0.5761,0.000795
DuelingDQN,deceptive_grid,4,684,49996,-30.0,25,1,0.5759,0.000794
DuelingDQN,deceptive_grid,4,685,50063,-72.0,67,1,0.5754,0.002444
DuelingDQN,deceptive_grid,4,686,50097,-31.0,34,1,0.5751,0.002606
DuelingDQN,deceptive_grid,4,687,50113,-5.0,16,1,0.5749,0.001585
DuelingDQN,deceptive_grid,4,688,50139,-23.0,26,1,0.5747,0.001786
DuelingDQN,deceptive_grid,4,689,50145,5.0,6,1,0.5747,0.001697
DuelingDQN,deceptive_grid,4,690,50222,-70.0,77,1,0.574,0.001418
DuelingDQN,deceptive_grid,4,691,50251,-22.0,29,1,0.5738,0.001416
DuelingDQN,deceptive_grid,4,692,50299,-57.0,48,1,0.5734,0.001233
DuelingDQN,deceptive_grid,4,693,50322,-12.0,23,1,0.5732,0.001301
DuelingDQN,deceptive_grid,4,694,50363,-30.0,41,1,0.5728,0.001008
DuelingDQN,deceptive_grid,4,695,50416,-66.0,53,1,0.5724,0.001126
DuelingDQN,deceptive_grid,4,696,50438,-19.0,22,1,0.5722,0.001125
DuelingDQN,deceptive_grid,4,697,50441,8.0,3,1,0.5722,0.000912
DuelingDQN,deceptive_grid,4,698,50489,-49.0,48,1,0.5718,0.000749
DuelingDQN,deceptive_grid,4,699,50549,-57.0,60,1,0.5712,0.002118
DuelingDQN,deceptive_grid,4,700,50580,-32.0,31,1,0.571,0.002036
DuelingDQN,deceptive_grid,4,701,50615,-40.0,35,1,0.5707,0.001854
DuelingDQN,deceptive_grid,4,702,50674,-60.0,59,1,0.5702,0.002082
DuelingDQN,deceptive_grid,4,703,50748,-79.0,74,1,0.5696,0.001565
DuelingDQN,deceptive_grid,4,704,50834,-87.0,86,1,0.5688,0.001845
DuelingDQN,deceptive_grid,4,705,50842,-1.0,8,1,0.5688,0.001604
DuelingDQN,deceptive_grid,4,706,50877,-36.0,35,1,0.5685,0.001364
DuelingDQN,deceptive_grid,4,707,50912,-24.0,35,1,0.5682,0.000958
DuelingDQN,deceptive_grid,4,708,50954,-43.0,42,1,0.5678,0.000813
DuelingDQN,deceptive_grid,4,709,51006,-61.0,52,1,0.5674,0.001004
DuelingDQN,deceptive_grid,4,710,51015,2.0,9,1,0.5673,0.002247
DuelingDQN,deceptive_grid,4,711,51051,-33.0,36,1,0.567,0.002601
DuelingDQN,deceptive_grid,4,712,51075,-21.0,24,1,0.5668,0.002182
DuelingDQN,deceptive_grid,4,713,51120,-38.0,45,1,0.5664,0.002541
DuelingDQN,deceptive_grid,4,714,51161,-50.0,41,1,0.5661,0.00242
DuelingDQN,deceptive_grid,4,715,51221,-57.0,60,1,0.5655,0.001218
DuelingDQN,deceptive_grid,4,716,51225,7.0,4,1,0.5655,0.000925
DuelingDQN,deceptive_grid,4,717,51245,-33.0,20,1,0.5653,0.00117
DuelingDQN,deceptive_grid,4,718,51279,-23.0,34,1,0.5651,0.000906
DuelingDQN,deceptive_grid,4,719,51325,-55.0,46,1,0.5647,0.000781
DuelingDQN,deceptive_grid,4,720,51362,-54.0,37,1,0.5643,0.001
DuelingDQN,deceptive_grid,4,721,51395,-22.0,33,1,0.5641,0.000865
DuelingDQN,deceptive_grid,4,722,51405,-3.0,10,1,0.564,0.000836
DuelingDQN,deceptive_grid,4,723,51446,-30.0,41,1,0.5636,0.000686
DuelingDQN,deceptive_grid,4,724,51466,-17.0,20,1,0.5635,0.000709
DuelingDQN,deceptive_grid,4,725,51509,-36.0,43,1,0.5631,0.000926
DuelingDQN,deceptive_grid,4,726,51565,-53.0,56,1,0.5626,0.002179
DuelingDQN,deceptive_grid,4,727,51614,-50.0,49,1,0.5622,0.001912
DuelingDQN,deceptive_grid,4,728,51647,-26.0,33,1,0.5619,0.001994
DuelingDQN,deceptive_grid,4,729,51674,-20.0,27,1,0.5617,0.002923
DuelingDQN,deceptive_grid,4,730,51709,-36.0,35,1,0.5614,0.002665
DuelingDQN,deceptive_grid,4,731,51757,-57.0,48,1,0.561,0.001359
DuelingDQN,deceptive_grid,4,732,51782,-18.0,25,1,0.5608,0.001314
DuelingDQN,deceptive_grid,4,733,51811,-26.0,29,1,0.5605,0.001224
DuelingDQN,deceptive_grid,4,734,51893,-103.0,82,1,0.5598,0.001294
DuelingDQN,deceptive_grid,4,735,51938,-38.0,45,1,0.5595,0.000971
DuelingDQN,deceptive_grid,4,736,52017,-84.0,79,1,0.5588,0.001388
DuelingDQN,deceptive_grid,4,737,52039,-11.0,22,1,0.5586,0.002128
DuelingDQN,deceptive_grid,4,738,52082,-36.0,43,1,0.5582,0.002347
DuelingDQN,deceptive_grid,4,739,52112,-27.0,30,1,0.558,0.002268
DuelingDQN,deceptive_grid,4,740,52151,-36.0,39,1,0.5577,0.00207
DuelingDQN,deceptive_grid,4,741,52172,-14.0,21,1,0.5575,0.001709
DuelingDQN,deceptive_grid,4,742,52186,-11.0,14,1,0.5574,0.001373
DuelingDQN,deceptive_grid,4,743,52259,-82.0,73,1,0.5567,0.001326
DuelingDQN,deceptive_grid,4,744,52302,-52.0,43,1,0.5564,0.001136
DuelingDQN,deceptive_grid,4,745,52407,-114.0,105,1,0.5555,0.001007
DuelingDQN,deceptive_grid,4,746,52447,-29.0,40,1,0.5551,0.001002
DuelingDQN,deceptive_grid,4,747,52469,-15.0,22,1,0.555,0.000911
DuelingDQN,deceptive_grid,4,748,52486,-14.0,17,1,0.5548,0.001042
DuelingDQN,deceptive_grid,4,749,52543,-50.0,57,1,0.5543,0.002634
DuelingDQN,deceptive_grid,4,750,52607,-57.0,64,1,0.5538,0.002328
DuelingDQN,deceptive_grid,4,751,52615,3.0,8,1,0.5537,0.002529
DuelingDQN,deceptive_grid,4,752,52619,7.0,4,1,0.5537,0.002126
DuelingDQN,deceptive_grid,4,753,52642,-16.0,23,1,0.5535,0.001926
DuelingDQN,deceptive_grid,4,754,52693,-56.0,51,1,0.5531,0.001505
DuelingDQN,deceptive_grid,4,755,52743,-55.0,50,1,0.5526,0.001775
DuelingDQN,deceptive_grid,4,756,52799,-61.0,56,1,0.5522,0.001913
DuelingDQN,deceptive_grid,4,757,52826,-20.0,27,1,0.5519,0.001559
DuelingDQN,deceptive_grid,4,758,52865,-32.0,39,1,0.5516,0.001502
DuelingDQN,deceptive_grid,4,759,52890,-22.0,25,1,0.5514,0.001318
DuelingDQN,deceptive_grid,4,760,52948,-51.0,58,1,0.5509,0.001493
DuelingDQN,deceptive_grid,4,761,52991,-36.0,43,1,0.5505,0.001267
DuelingDQN,deceptive_grid,4,762,52996,6.0,5,1,0.5505,0.000999
DuelingDQN,deceptive_grid,4,763,53004,3.0,8,1,0.5504,0.002397
DuelingDQN,deceptive_grid,4,764,53050,-43.0,46,1,0.55,0.003169
DuelingDQN,deceptive_grid,4,765,53051,10.0,1,1,0.55,0.004545
DuelingDQN,deceptive_grid,4,766,53110,-60.0,59,1,0.5495,0.003132
DuelingDQN,deceptive_grid,4,767,53131,-18.0,21,1,0.5493,0.002486
DuelingDQN,deceptive_grid,4,768,53164,-34.0,33,1,0.5491,0.002204
DuelingDQN,deceptive_grid,4,769,53189,-22.0,25,1,0.5489,0.002148
DuelingDQN,deceptive_grid,4,770,53222,-30.0,33,1,0.5486,0.002018
DuelingDQN,deceptive_grid,4,771,53239,-18.0,17,1,0.5484,0.001249
DuelingDQN,deceptive_grid,4,772,53296,-58.0,57,1,0.5479,0.001202
DuelingDQN,deceptive_grid,4,773,53319,-16.0,23,1,0.5477,0.001288
DuelingDQN,deceptive_grid,4,774,53341,-15.0,22,1,0.5476,0.001459
DuelingDQN,deceptive_grid,4,775,53401,-53.0,60,1,0.5471,0.000955
DuelingDQN,deceptive_grid,4,776,53428,-16.0,27,1,0.5468,0.001475
DuelingDQN,deceptive_grid,4,777,53446,-7.0,18,1,0.5467,0.001718
DuelingDQN,deceptive_grid,4,778,53529,-76.0,83,1,0.546,0.003038
DuelingDQN,deceptive_grid,4,779,53551,-11.0,22,1,0.5458,0.005366
DuelingDQN,deceptive_grid,4,780,53561,1.0,10,1,0.5457,0.004944
DuelingDQN,deceptive_grid,4,781,53584,-24.0,23,1,0.5455,0.004203
DuelingDQN,deceptive_grid,4,782,53655,-72.0,71,1,0.5449,0.002338
DuelingDQN,deceptive_grid,4,783,53700,-38.0,45,1,0.5445,0.001978
DuelingDQN,deceptive_grid,4,784,53754,-47.0,54,1,0.5441,0.001707
DuelingDQN,deceptive_grid,4,785,53761,0.0,7,1,0.544,0.001219
DuelingDQN,deceptive_grid,4,786,53790,-22.0,29,1,0.5438,0.00147
DuelingDQN,deceptive_grid,4,787,53838,-49.0,48,1,0.5433,0.00119
DuelingDQN,deceptive_grid,4,788,53842,7.0,4,1,0.5433,0.001145
DuelingDQN,deceptive_grid,4,789,53855,-2.0,13,1,0.5432,0.001075
DuelingDQN,deceptive_grid,4,790,53859,7.0,4,1,0.5432,0.001006
DuelingDQN,deceptive_grid,4,791,53883,-21.0,24,1,0.543,0.001267
DuelingDQN,deceptive_grid,4,792,53897,-3.0,14,1,0.5428,0.000956
DuelingDQN,deceptive_grid,4,793,53973,-73.0,76,1,0.5422,0.00116
DuelingDQN,deceptive_grid,4,794,53982,2.0,9,1,0.5421,0.000873
DuelingDQN,deceptive_grid,4,795,54034,-61.0,52,1,0.5417,0.002301
DuelingDQN,deceptive_grid,4,796,54067,-26.0,33,1,0.5414,0.004217
DuelingDQN,deceptive_grid,4,797,54075,3.0,8,1,0.5413,0.003124
DuelingDQN,deceptive_grid,4,798,54105,-19.0,30,1,0.5411,0.002928
DuelingDQN,deceptive_grid,4,799,54134,-18.0,29,1,0.5408,0.002074
DuelingDQN,deceptive_grid,4,800,54159,-14.0,25,1,0.5406,0.001379
