algo,grid,seed,episode,global_step,episode_return,episode_length,success,epsilon,mean_loss
DuelingDQN,deceptive_grid,0,1,14,-3.0,14,1,0.9999,
DuelingDQN,deceptive_grid,0,2,214,-268.0,200,0,0.9982,
DuelingDQN,deceptive_grid,0,3,414,-260.0,200,0,0.9965,
DuelingDQN,deceptive_grid,0,4,565,-140.0,151,1,0.9952,
DuelingDQN,deceptive_grid,0,5,765,-316.0,200,0,0.9935,
DuelingDQN,deceptive_grid,0,6,965,-224.0,200,0,0.9918,
DuelingDQN,deceptive_grid,0,7,1165,-292.0,200,0,0.9901,0.288784
DuelingDQN,deceptive_grid,0,8,1365,-228.0,200,0,0.9884,0.182552
DuelingDQN,deceptive_grid,0,9,1565,-284.0,200,0,0.9867,0.121658
DuelingDQN,deceptive_grid,0,10,1765,-296.0,200,0,0.985,0.079673
DuelingDQN,deceptive_grid,0,11,1965,-328.0,200,0,0.9833,0.099746
DuelingDQN,deceptive_grid,0,12,1977,-1.0,12,1,0.9832,0.074607
DuelingDQN,deceptive_grid,0,13,2177,-316.0,200,0,0.9815,0.108056
DuelingDQN,deceptive_grid,0,14,2377,-316.0,200,0,0.9798,0.079388
DuelingDQN,deceptive_grid,0,15,2577,-332.0,200,0,0.9781,0.108831
DuelingDQN,deceptive_grid,0,16,2777,-264.0,200,0,0.9765,0.086945
DuelingDQN,deceptive_grid,0,17,2977,-232.0,200,0,0.9748,0.071204
DuelingDQN,deceptive_grid,0,18,3177,-212.0,200,0,0.9731,0.082273
DuelingDQN,deceptive_grid,0,19,3231,-75.0,54,1,0.9726,0.061056
DuelingDQN,deceptive_grid,0,20,3282,-48.0,51,1,0.9722,0.044684
DuelingDQN,deceptive_grid,0,21,3482,-252.0,200,0,0.9705,0.055218
DuelingDQN,deceptive_grid,0,22,3682,-280.0,200,0,0.9688,0.072565
DuelingDQN,deceptive_grid,0,23,3882,-208.0,200,0,0.9671,0.060168
DuelingDQN,deceptive_grid,0,24,4082,-236.0,200,0,0.9654,0.055323
DuelingDQN,deceptive_grid,0,25,4282,-216.0,200,0,0.9637,0.056689
DuelingDQN,deceptive_grid,0,26,4284,9.0,2,1,0.9637,0.023451
DuelingDQN,deceptive_grid,0,27,4484,-224.0,200,0,0.962,0.053676
DuelingDQN,deceptive_grid,0,28,4684,-212.0,200,0,0.9603,0.069221
DuelingDQN,deceptive_grid,0,29,4884,-332.0,200,0,0.9586,0.045534
DuelingDQN,deceptive_grid,0,30,4945,-78.0,61,1,0.9581,0.03952
DuelingDQN,deceptive_grid,0,31,5042,-126.0,97,1,0.9572,0.07333
DuelingDQN,deceptive_grid,0,32,5242,-216.0,200,0,0.9555,0.049822
DuelingDQN,deceptive_grid,0,33,5442,-280.0,200,0,0.9538,0.042816
DuelingDQN,deceptive_grid,0,34,5485,-44.0,43,1,0.9535,0.060209
DuelingDQN,deceptive_grid,0,35,5685,-284.0,200,0,0.9518,0.087948
DuelingDQN,deceptive_grid,0,36,5885,-304.0,200,0,0.9501,0.069813
DuelingDQN,deceptive_grid,0,37,6085,-244.0,200,0,0.9484,0.070417
DuelingDQN,deceptive_grid,0,38,6285,-336.0,200,0,0.9467,0.063677
DuelingDQN,deceptive_grid,0,39,6485,-228.0,200,0,0.945,0.055967
DuelingDQN,deceptive_grid,0,40,6685,-232.0,200,0,0.9433,0.059282
DuelingDQN,deceptive_grid,0,41,6885,-268.0,200,0,0.9416,0.053026
DuelingDQN,deceptive_grid,0,42,7085,-264.0,200,0,0.9399,0.06404
DuelingDQN,deceptive_grid,0,43,7285,-248.0,200,0,0.9382,0.051186
DuelingDQN,deceptive_grid,0,44,7485,-220.0,200,0,0.9365,0.040734
DuelingDQN,deceptive_grid,0,45,7685,-256.0,200,0,0.9348,0.060209
DuelingDQN,deceptive_grid,0,46,7885,-292.0,200,0,0.9331,0.060903
DuelingDQN,deceptive_grid,0,47,8085,-248.0,200,0,0.9314,0.064072
DuelingDQN,deceptive_grid,0,48,8285,-284.0,200,0,0.9297,0.050602
DuelingDQN,deceptive_grid,0,49,8485,-228.0,200,0,0.928,0.051594
DuelingDQN,deceptive_grid,0,50,8685,-288.0,200,0,0.9263,0.053529
DuelingDQN,deceptive_grid,0,51,8847,-235.0,162,1,0.925,0.041807
DuelingDQN,deceptive_grid,0,52,9047,-268.0,200,0,0.9233,0.045946
DuelingDQN,deceptive_grid,0,53,9247,-252.0,200,0,0.9216,0.051276
DuelingDQN,deceptive_grid,0,54,9301,-55.0,54,1,0.9211,0.031749
DuelingDQN,deceptive_grid,0,55,9321,-21.0,20,1,0.9209,0.083446
DuelingDQN,deceptive_grid,0,56,9521,-244.0,200,0,0.9193,0.060745
DuelingDQN,deceptive_grid,0,57,9721,-252.0,200,0,0.9176,0.059091
DuelingDQN,deceptive_grid,0,58,9921,-304.0,200,0,0.9159,0.053808
DuelingDQN,deceptive_grid,0,59,9985,-61.0,64,1,0.9153,0.069791
DuelingDQN,deceptive_grid,0,60,10185,-380.0,200,0,0.9136,0.065584
DuelingDQN,deceptive_grid,0,61,10344,-228.0,159,1,0.9123,0.051541
DuelingDQN,deceptive_grid,0,62,10544,-248.0,200,0,0.9106,0.074364
DuelingDQN,deceptive_grid,0,63,10744,-352.0,200,0,0.9089,0.090732
DuelingDQN,deceptive_grid,0,64,10944,-388.0,200,0,0.9072,0.063365
DuelingDQN,deceptive_grid,0,65,11144,-300.0,200,0,0.9055,0.080718
DuelingDQN,deceptive_grid,0,66,11344,-284.0,200,0,0.9038,0.070322
DuelingDQN,deceptive_grid,0,67,11544,-280.0,200,0,0.9021,0.080138
DuelingDQN,deceptive_grid,0,68,11657,-130.0,113,1,0.9011,0.08062
DuelingDQN,deceptive_grid,0,69,11857,-240.0,200,0,0.8994,0.078017
DuelingDQN,deceptive_grid,0,70,12057,-256.0,200,0,0.8977,0.099544
DuelingDQN,deceptive_grid,0,71,12257,-240.0,200,0,0.896,0.110352
DuelingDQN,deceptive_grid,0,72,12368,-132.0,111,1,0.8951,0.101223
DuelingDQN,deceptive_grid,0,73,12465,-126.0,97,1,0.8943,0.110695
DuelingDQN,deceptive_grid,0,74,12665,-228.0,200,0,0.8926,0.120325
DuelingDQN,deceptive_grid,0,75,12714,-54.0,49,1,0.8922,0.104258
DuelingDQN,deceptive_grid,0,76,12892,-203.0,178,1,0.8907,0.110636
DuelingDQN,deceptive_grid,0,77,13092,-252.0,200,0,0.889,0.120901
DuelingDQN,deceptive_grid,0,78,13159,-128.0,67,1,0.8884,0.114495
DuelingDQN,deceptive_grid,0,79,13359,-212.0,200,0,0.8867,0.130224
DuelingDQN,deceptive_grid,0,80,13559,-256.0,200,0,0.885,0.147261
DuelingDQN,deceptive_grid,0,81,13709,-187.0,150,1,0.8837,0.152772
DuelingDQN,deceptive_grid,0,82,13896,-224.0,187,1,0.8821,0.146104
DuelingDQN,deceptive_grid,0,83,14096,-220.0,200,0,0.8804,0.167987
DuelingDQN,deceptive_grid,0,84,14296,-252.0,200,0,0.8787,0.177378
DuelingDQN,deceptive_grid,0,85,14496,-284.0,200,0,0.8771,0.153879
DuelingDQN,deceptive_grid,0,86,14696,-244.0,200,0,0.8754,0.205023
DuelingDQN,deceptive_grid,0,87,14896,-208.0,200,0,0.8737,0.21898
DuelingDQN,deceptive_grid,0,88,15096,-236.0,200,0,0.872,0.218186
DuelingDQN,deceptive_grid,0,89,15296,-260.0,200,0,0.8703,0.226219
DuelingDQN,deceptive_grid,0,90,15496,-212.0,200,0,0.8686,0.219413
DuelingDQN,deceptive_grid,0,91,15696,-256.0,200,0,0.8669,0.27171
DuelingDQN,deceptive_grid,0,92,15781,-130.0,85,1,0.8662,0.234056
DuelingDQN,deceptive_grid,0,93,15981,-220.0,200,0,0.8645,0.232324
DuelingDQN,deceptive_grid,0,94,16181,-280.0,200,0,0.8628,0.268911
DuelingDQN,deceptive_grid,0,95,16381,-264.0,200,0,0.8611,0.229864
DuelingDQN,deceptive_grid,0,96,16581,-264.0,200,0,0.8594,0.233753
DuelingDQN,deceptive_grid,0,97,16781,-236.0,200,0,0.8577,0.209917
DuelingDQN,deceptive_grid,0,98,16981,-260.0,200,0,0.856,0.211515
DuelingDQN,deceptive_grid,0,99,17181,-228.0,200,0,0.8543,0.242003
DuelingDQN,deceptive_grid,0,100,17381,-232.0,200,0,0.8526,0.210511
DuelingDQN,deceptive_grid,0,101,17549,-209.0,168,1,0.8512,0.238558
DuelingDQN,deceptive_grid,0,102,17692,-180.0,143,1,0.8499,0.225116
DuelingDQN,deceptive_grid,0,103,17892,-240.0,200,0,0.8482,0.222393
DuelingDQN,deceptive_grid,0,104,18092,-252.0,200,0,0.8465,0.243854
DuelingDQN,deceptive_grid,0,105,18108,-13.0,16,1,0.8464,0.272582
DuelingDQN,deceptive_grid,0,106,18150,-39.0,42,1,0.8461,0.206656
DuelingDQN,deceptive_grid,0,107,18303,-162.0,153,1,0.8448,0.240756
DuelingDQN,deceptive_grid,0,108,18466,-220.0,163,1,0.8434,0.230914
DuelingDQN,deceptive_grid,0,109,18507,-42.0,41,1,0.843,0.260227
DuelingDQN,deceptive_grid,0,110,18707,-288.0,200,0,0.8413,0.281225
DuelingDQN,deceptive_grid,0,111,18797,-99.0,90,1,0.8406,0.247895
DuelingDQN,deceptive_grid,0,112,18997,-252.0,200,0,0.8389,0.238502
DuelingDQN,deceptive_grid,0,113,19000,8.0,3,1,0.8388,0.333369
DuelingDQN,deceptive_grid,0,114,19200,-292.0,200,0,0.8372,0.263644
DuelingDQN,deceptive_grid,0,115,19271,-84.0,71,1,0.8365,0.224226
DuelingDQN,deceptive_grid,0,116,19303,-41.0,32,1,0.8363,0.202467
DuelingDQN,deceptive_grid,0,117,19503,-324.0,200,0,0.8346,0.222098
DuelingDQN,deceptive_grid,0,118,19677,-187.0,174,1,0.8331,0.239972
DuelingDQN,deceptive_grid,0,119,19708,-28.0,31,1,0.8328,0.229746
DuelingDQN,deceptive_grid,0,120,19887,-236.0,179,1,0.8313,0.219602
DuelingDQN,deceptive_grid,0,121,19928,-46.0,41,1,0.831,0.228661
DuelingDQN,deceptive_grid,0,122,20128,-280.0,200,0,0.8293,0.254518
DuelingDQN,deceptive_grid,0,123,20307,-188.0,179,1,0.8278,0.234539
DuelingDQN,deceptive_grid,0,124,20507,-256.0,200,0,0.8261,0.233424
DuelingDQN,deceptive_grid,0,125,20548,-54.0,41,1,0.8257,0.315693
DuelingDQN,deceptive_grid,0,126,20748,-292.0,200,0,0.824,0.251412
DuelingDQN,deceptive_grid,0,127,20816,-89.0,68,1,0.8234,0.253351
DuelingDQN,deceptive_grid,0,128,20941,-170.0,125,1,0.8224,0.230112
DuelingDQN,deceptive_grid,0,129,20990,-50.0,49,1,0.822,0.222058
DuelingDQN,deceptive_grid,0,130,21080,-123.0,90,1,0.8212,0.27834
DuelingDQN,deceptive_grid,0,131,21129,-38.0,49,1,0.8208,0.256524
DuelingDQN,deceptive_grid,0,132,21174,-38.0,45,1,0.8204,0.257435
DuelingDQN,deceptive_grid,0,133,21300,-151.0,126,1,0.8193,0.246038
DuelingDQN,deceptive_grid,0,134,21500,-288.0,200,0,0.8176,0.23624
DuelingDQN,deceptive_grid,0,135,21524,-17.0,24,1,0.8174,0.344461
DuelingDQN,deceptive_grid,0,136,21553,-22.0,29,1,0.8172,0.238009
DuelingDQN,deceptive_grid,0,137,21635,-91.0,82,1,0.8165,0.231515
DuelingDQN,deceptive_grid,0,138,21835,-268.0,200,0,0.8148,0.240462
DuelingDQN,deceptive_grid,0,139,22035,-264.0,200,0,0.8131,0.23602
DuelingDQN,deceptive_grid,0,140,22121,-131.0,86,1,0.8124,0.288275
DuelingDQN,deceptive_grid,0,141,22202,-82.0,81,1,0.8117,0.25338
DuelingDQN,deceptive_grid,0,142,22251,-46.0,49,1,0.8113,0.225365
DuelingDQN,deceptive_grid,0,143,22274,-12.0,23,1,0.8111,0.248221
DuelingDQN,deceptive_grid,0,144,22304,-27.0,30,1,0.8108,0.247159
DuelingDQN,deceptive_grid,0,145,22381,-70.0,77,1,0.8102,0.236485
DuelingDQN,deceptive_grid,0,146,22581,-300.0,200,0,0.8085,0.275738
DuelingDQN,deceptive_grid,0,147,22660,-100.0,79,1,0.8078,0.269722
DuelingDQN,deceptive_grid,0,148,22686,-23.0,26,1,0.8076,0.273112
DuelingDQN,deceptive_grid,0,149,22849,-180.0,163,1,0.8062,0.273077
DuelingDQN,deceptive_grid,0,150,23049,-332.0,200,0,0.8045,0.255117
DuelingDQN,deceptive_grid,0,151,23150,-142.0,101,1,0.8036,0.275206
DuelingDQN,deceptive_grid,0,152,23204,-55.0,54,1,0.8032,0.237517
DuelingDQN,deceptive_grid,0,153,23290,-87.0,86,1,0.8025,0.245471
DuelingDQN,deceptive_grid,0,154,23384,-103.0,94,1,0.8017,0.221803
DuelingDQN,deceptive_grid,0,155,23512,-133.0,128,1,0.8006,0.264035
DuelingDQN,deceptive_grid,0,156,23605,-118.0,93,1,0.7998,0.25706
DuelingDQN,deceptive_grid,0,157,23767,-187.0,162,1,0.7984,0.229742
DuelingDQN,deceptive_grid,0,158,23829,-83.0,62,1,0.7979,0.234692
DuelingDQN,deceptive_grid,0,159,23978,-154.0,149,1,0.7966,0.22023
DuelingDQN,deceptive_grid,0,160,24029,-44.0,51,1,0.7962,0.277087
DuelingDQN,deceptive_grid,0,161,24064,-40.0,35,1,0.7959,0.24657
DuelingDQN,deceptive_grid,0,162,24219,-168.0,155,1,0.7946,0.228307
DuelingDQN,deceptive_grid,0,163,24263,-45.0,44,1,0.7942,0.237156
DuelingDQN,deceptive_grid,0,164,24463,-284.0,200,0,0.7925,0.205567
DuelingDQN,deceptive_grid,0,165,24544,-90.0,81,1,0.7918,0.26508
DuelingDQN,deceptive_grid,0,166,24670,-127.0,126,1,0.7908,0.226598
DuelingDQN,deceptive_grid,0,167,24801,-180.0,131,1,0.7896,0.217433
DuelingDQN,deceptive_grid,0,168,24822,-26.0,21,1,0.7895,0.220899
DuelingDQN,deceptive_grid,0,169,25007,-198.0,185,1,0.7879,0.215597
DuelingDQN,deceptive_grid,0,170,25113,-111.0,106,1,0.787,0.257107
DuelingDQN,deceptive_grid,0,171,25212,-112.0,99,1,0.7862,0.224394
DuelingDQN,deceptive_grid,0,172,25273,-66.0,61,1,0.7856,0.216634
DuelingDQN,deceptive_grid,0,173,25290,-14.0,17,1,0.7855,0.174567
DuelingDQN,deceptive_grid,0,174,25377,-104.0,87,1,0.7848,0.192101
DuelingDQN,deceptive_grid,0,175,25392,-8.0,15,1,0.7846,0.176392
DuelingDQN,deceptive_grid,0,176,25473,-90.0,81,1,0.7839,0.17405
DuelingDQN,deceptive_grid,0,177,25652,-188.0,179,1,0.7824,0.213995
DuelingDQN,deceptive_grid,0,178,25780,-161.0,128,1,0.7813,0.181983
DuelingDQN,deceptive_grid,0,179,25908,-133.0,128,1,0.7803,0.183695
DuelingDQN,deceptive_grid,0,180,25937,-30.0,29,1,0.78,0.189656
DuelingDQN,deceptive_grid,0,181,25976,-28.0,39,1,0.7797,0.182044
DuelingDQN,deceptive_grid,0,182,26001,-38.0,25,1,0.7795,0.204076
DuelingDQN,deceptive_grid,0,183,26029,-29.0,28,1,0.7792,0.252511
DuelingDQN,deceptive_grid,0,184,26041,-1.0,12,1,0.7791,0.19222
DuelingDQN,deceptive_grid,0,185,26072,-32.0,31,1,0.7789,0.182231
DuelingDQN,deceptive_grid,0,186,26241,-158.0,169,1,0.7774,0.17367
DuelingDQN,deceptive_grid,0,187,26417,-221.0,176,1,0.7759,0.160808
DuelingDQN,deceptive_grid,0,188,26617,-232.0,200,0,0.7742,0.205793
DuelingDQN,deceptive_grid,0,189,26757,-145.0,140,1,0.7731,0.188504
DuelingDQN,deceptive_grid,0,190,26784,-44.0,27,1,0.7728,0.184532
DuelingDQN,deceptive_grid,0,191,26938,-179.0,154,1,0.7715,0.163158
DuelingDQN,deceptive_grid,0,192,26996,-67.0,58,1,0.771,0.174614
DuelingDQN,deceptive_grid,0,193,27060,-57.0,64,1,0.7705,0.223846
DuelingDQN,deceptive_grid,0,194,27134,-67.0,74,1,0.7699,0.18509
DuelingDQN,deceptive_grid,0,195,27175,-50.0,41,1,0.7695,0.172245
DuelingDQN,deceptive_grid,0,196,27203,-21.0,28,1,0.7693,0.186523
DuelingDQN,deceptive_grid,0,197,27314,-116.0,111,1,0.7683,0.167015
DuelingDQN,deceptive_grid,0,198,27373,-64.0,59,1,0.7678,0.163749
DuelingDQN,deceptive_grid,0,199,27491,-155.0,118,1,0.7668,0.162345
DuelingDQN,deceptive_grid,0,200,27580,-90.0,89,1,0.7661,0.216423
DuelingDQN,deceptive_grid,0,201,27633,-70.0,53,1,0.7656,0.213247
DuelingDQN,deceptive_grid,0,202,27718,-82.0,85,1,0.7649,0.179003
DuelingDQN,deceptive_grid,0,203,27845,-128.0,127,1,0.7638,0.185148
DuelingDQN,deceptive_grid,0,204,28002,-186.0,157,1,0.7625,0.158702
DuelingDQN,deceptive_grid,0,205,28041,-40.0,39,1,0.7622,0.22866
DuelingDQN,deceptive_grid,0,206,28050,-2.0,9,1,0.7621,0.180074
DuelingDQN,deceptive_grid,0,207,28116,-55.0,66,1,0.7615,0.182648
DuelingDQN,deceptive_grid,0,208,28134,-11.0,18,1,0.7614,0.160264
DuelingDQN,deceptive_grid,0,209,28147,-2.0,13,1,0.7613,0.17597
DuelingDQN,deceptive_grid,0,210,28215,-73.0,68,1,0.7607,0.171915
DuelingDQN,deceptive_grid,0,211,28299,-97.0,84,1,0.76,0.15634
DuelingDQN,deceptive_grid,0,212,28359,-65.0,60,1,0.7595,0.152763
DuelingDQN,deceptive_grid,0,213,28495,-193.0,136,1,0.7583,0.145791
DuelingDQN,deceptive_grid,0,214,28681,-211.0,186,1,0.7567,0.206162
DuelingDQN,deceptive_grid,0,215,28731,-51.0,50,1,0.7563,0.159118
DuelingDQN,deceptive_grid,0,216,28758,-28.0,27,1,0.7561,0.177995
DuelingDQN,deceptive_grid,0,217,28833,-72.0,75,1,0.7554,0.147783
DuelingDQN,deceptive_grid,0,218,28979,-179.0,146,1,0.7542,0.152942
DuelingDQN,deceptive_grid,0,219,29011,-21.0,32,1,0.7539,0.218518
DuelingDQN,deceptive_grid,0,220,29078,-76.0,67,1,0.7534,0.184801
DuelingDQN,deceptive_grid,0,221,29159,-82.0,81,1,0.7527,0.152656
DuelingDQN,deceptive_grid,0,222,29196,-46.0,37,1,0.7524,0.157063
DuelingDQN,deceptive_grid,0,223,29255,-64.0,59,1,0.7519,0.129923
DuelingDQN,deceptive_grid,0,224,29312,-54.0,57,1,0.7514,0.121904
DuelingDQN,deceptive_grid,0,225,29379,-80.0,67,1,0.7508,0.129179
DuelingDQN,deceptive_grid,0,226,29418,-36.0,39,1,0.7505,0.137679
DuelingDQN,deceptive_grid,0,227,29522,-117.0,104,1,0.7496,0.145181
DuelingDQN,deceptive_grid,0,228,29627,-110.0,105,1,0.7487,0.135769
DuelingDQN,deceptive_grid,0,229,29762,-160.0,135,1,0.7476,0.128379
DuelingDQN,deceptive_grid,0,230,29834,-65.0,72,1,0.747,0.121493
DuelingDQN,deceptive_grid,0,231,29956,-131.0,122,1,0.7459,0.10915
DuelingDQN,deceptive_grid,0,232,29999,-32.0,43,1,0.7456,0.106031
DuelingDQN,deceptive_grid,0,233,30053,-51.0,54,1,0.7451,0.203527
DuelingDQN,deceptive_grid,0,234,30122,-66.0,69,1,0.7445,0.130788
DuelingDQN,deceptive_grid,0,235,30231,-130.0,109,1,0.7436,0.128078
DuelingDQN,deceptive_grid,0,236,30303,-69.0,72,1,0.743,0.111061
DuelingDQN,deceptive_grid,0,237,30356,-54.0,53,1,0.7425,0.116373
DuelingDQN,deceptive_grid,0,238,30377,-10.0,21,1,0.7423,0.106802
DuelingDQN,deceptive_grid,0,239,30413,-41.0,36,1,0.742,0.106669
DuelingDQN,deceptive_grid,0,240,30512,-100.0,99,1,0.7412,0.129625
DuelingDQN,deceptive_grid,0,241,30582,-87.0,70,1,0.7406,0.14403
DuelingDQN,deceptive_grid,0,242,30627,-58.0,45,1,0.7402,0.125269
DuelingDQN,deceptive_grid,0,243,30766,-184.0,139,1,0.739,0.105129
DuelingDQN,deceptive_grid,0,244,30831,-62.0,65,1,0.7385,0.102594
DuelingDQN,deceptive_grid,0,245,30850,-8.0,19,1,0.7383,0.085942
DuelingDQN,deceptive_grid,0,246,30861,-8.0,11,1,0.7382,0.084969
DuelingDQN,deceptive_grid,0,247,30945,-89.0,84,1,0.7375,0.088928
DuelingDQN,deceptive_grid,0,248,30995,-67.0,50,1,0.7371,0.088013
DuelingDQN,deceptive_grid,0,249,31071,-81.0,76,1,0.7365,0.149406
DuelingDQN,deceptive_grid,0,250,31133,-51.0,62,1,0.7359,0.11947
DuelingDQN,deceptive_grid,0,251,31206,-66.0,73,1,0.7353,0.111162
DuelingDQN,deceptive_grid,0,252,31266,-61.0,60,1,0.7348,0.106149
DuelingDQN,deceptive_grid,0,253,31409,-184.0,143,1,0.7336,0.091665
DuelingDQN,deceptive_grid,0,254,31474,-70.0,65,1,0.733,0.094194
DuelingDQN,deceptive_grid,0,255,31535,-58.0,61,1,0.7325,0.135549
DuelingDQN,deceptive_grid,0,256,31621,-103.0,86,1,0.7318,0.10444
DuelingDQN,deceptive_grid,0,257,31669,-53.0,48,1,0.7314,0.089189
DuelingDQN,deceptive_grid,0,258,31747,-87.0,78,1,0.7307,0.085571
DuelingDQN,deceptive_grid,0,259,31769,-19.0,22,1,0.7305,0.071873
DuelingDQN,deceptive_grid,0,260,31877,-101.0,108,1,0.7296,0.078802
DuelingDQN,deceptive_grid,0,261,31879,9.0,2,1,0.7296,0.067685
DuelingDQN,deceptive_grid,0,262,31931,-53.0,52,1,0.7292,0.073526
DuelingDQN,deceptive_grid,0,263,31940,2.0,9,1,0.7291,0.085277
DuelingDQN,deceptive_grid,0,264,32033,-94.0,93,1,0.7283,0.113157
DuelingDQN,deceptive_grid,0,265,32090,-62.0,57,1,0.7278,0.100688
DuelingDQN,deceptive_grid,0,266,32100,-3.0,10,1,0.7277,0.069762
DuelingDQN,deceptive_grid,0,267,32257,-190.0,157,1,0.7264,0.074497
DuelingDQN,deceptive_grid,0,268,32376,-144.0,119,1,0.7254,0.072699
DuelingDQN,deceptive_grid,0,269,32444,-73.0,68,1,0.7248,0.061712
DuelingDQN,deceptive_grid,0,270,32481,-34.0,37,1,0.7245,0.055449
DuelingDQN,deceptive_grid,0,271,32529,-53.0,48,1,0.7241,0.112242
DuelingDQN,deceptive_grid,0,272,32594,-74.0,65,1,0.7235,0.070592
DuelingDQN,deceptive_grid,0,273,32644,-39.0,50,1,0.7231,0.062031
DuelingDQN,deceptive_grid,0,274,32653,2.0,9,1,0.723,0.05218
DuelingDQN,deceptive_grid,0,275,32726,-70.0,73,1,0.7224,0.056622
DuelingDQN,deceptive_grid,0,276,32757,-24.0,31,1,0.7222,0.044429
DuelingDQN,deceptive_grid,0,277,32844,-88.0,87,1,0.7214,0.04843
DuelingDQN,deceptive_grid,0,278,32893,-70.0,49,1,0.721,0.055616
DuelingDQN,deceptive_grid,0,279,32916,-12.0,23,1,0.7208,0.054305
DuelingDQN,deceptive_grid,0,280,32966,-43.0,50,1,0.7204,0.046589
DuelingDQN,deceptive_grid,0,281,33071,-114.0,105,1,0.7195,0.081715
DuelingDQN,deceptive_grid,0,282,33140,-70.0,69,1,0.7189,0.053113
DuelingDQN,deceptive_grid,0,283,33222,-99.0,82,1,0.7182,0.046434
DuelingDQN,deceptive_grid,0,284,33343,-162.0,121,1,0.7172,0.044149
DuelingDQN,deceptive_grid,0,285,33385,-31.0,42,1,0.7168,0.044424
DuelingDQN,deceptive_grid,0,286,33400,-8.0,15,1,0.7167,0.043809
DuelingDQN,deceptive_grid,0,287,33431,-28.0,31,1,0.7164,0.043015
DuelingDQN,deceptive_grid,0,288,33531,-89.0,100,1,0.7156,0.06169
DuelingDQN,deceptive_grid,0,289,33551,-9.0,20,1,0.7154,0.08209
DuelingDQN,deceptive_grid,0,290,33616,-70.0,65,1,0.7149,0.051452
DuelingDQN,deceptive_grid,0,291,33702,-87.0,86,1,0.7141,0.039586
DuelingDQN,deceptive_grid,0,292,33711,2.0,9,1,0.7141,0.049404
DuelingDQN,deceptive_grid,0,293,33726,-8.0,15,1,0.7139,0.036417
DuelingDQN,deceptive_grid,0,294,33806,-93.0,80,1,0.7133,0.038675
DuelingDQN,deceptive_grid,0,295,33936,-143.0,130,1,0.7122,0.036498
DuelingDQN,deceptive_grid,0,296,33986,-55.0,50,1,0.7117,0.034924
DuelingDQN,deceptive_grid,0,297,34008,-11.0,22,1,0.7115,0.075828
DuelingDQN,deceptive_grid,0,298,34071,-72.0,63,1,0.711,0.056161
DuelingDQN,deceptive_grid,0,299,34088,-6.0,17,1,0.7109,0.039774
DuelingDQN,deceptive_grid,0,300,34110,-27.0,22,1,0.7107,0.041504
DuelingDQN,deceptive_grid,0,301,34208,-107.0,98,1,0.7099,0.03709
DuelingDQN,deceptive_grid,0,302,34314,-119.0,106,1,0.709,0.030327
DuelingDQN,deceptive_grid,0,303,34377,-76.0,63,1,0.7084,0.028596
DuelingDQN,deceptive_grid,0,304,34432,-72.0,55,1,0.708,0.032043
DuelingDQN,deceptive_grid,0,305,34518,-107.0,86,1,0.7072,0.04118
DuelingDQN,deceptive_grid,0,306,34577,-56.0,59,1,0.7067,0.052494
DuelingDQN,deceptive_grid,0,307,34649,-69.0,72,1,0.7061,0.036573
DuelingDQN,deceptive_grid,0,308,34764,-120.0,115,1,0.7051,0.032512
DuelingDQN,deceptive_grid,0,309,34803,-48.0,39,1,0.7048,0.035892
DuelingDQN,deceptive_grid,0,310,34846,-60.0,43,1,0.7044,0.034155
DuelingDQN,deceptive_grid,0,311,34876,-35.0,30,1,0.7042,0.029678
DuelingDQN,deceptive_grid,0,312,34990,-139.0,114,1,0.7032,0.03168
DuelingDQN,deceptive_grid,0,313,35008,-11.0,18,1,0.7031,0.044498
DuelingDQN,deceptive_grid,0,314,35044,-41.0,36,1,0.7028,0.053021
DuelingDQN,deceptive_grid,0,315,35048,3.0,4,1,0.7027,0.043521
DuelingDQN,deceptive_grid,0,316,35086,-27.0,38,1,0.7024,0.034396
DuelingDQN,deceptive_grid,0,317,35163,-70.0,77,1,0.7018,0.031123
DuelingDQN,deceptive_grid,0,318,35189,-19.0,26,1,0.7015,0.024285
DuelingDQN,deceptive_grid,0,319,35267,-87.0,78,1,0.7009,0.031184
DuelingDQN,deceptive_grid,0,320,35325,-71.0,58,1,0.7004,0.030257
DuelingDQN,deceptive_grid,0,321,35369,-41.0,44,1,0.7,0.030381
DuelingDQN,deceptive_grid,0,322,35405,-37.0,36,1,0.6997,0.022243
DuelingDQN,deceptive_grid,0,323,35440,-32.0,35,1,0.6994,0.029896
DuelingDQN,deceptive_grid,0,324,35467,-16.0,27,1,0.6992,0.026326
DuelingDQN,deceptive_grid,0,325,35548,-74.0,81,1,0.6985,0.035533
DuelingDQN,deceptive_grid,0,326,35629,-82.0,81,1,0.6978,0.031194
DuelingDQN,deceptive_grid,0,327,35728,-116.0,99,1,0.697,0.025576
DuelingDQN,deceptive_grid,0,328,35738,-7.0,10,1,0.6969,0.023515
DuelingDQN,deceptive_grid,0,329,35763,-22.0,25,1,0.6967,0.024999
DuelingDQN,deceptive_grid,0,330,35773,1.0,10,1,0.6966,0.03082
DuelingDQN,deceptive_grid,0,331,35858,-98.0,85,1,0.6959,0.025919
DuelingDQN,deceptive_grid,0,332,35902,-57.0,44,1,0.6955,0.026917
DuelingDQN,deceptive_grid,0,333,35976,-91.0,74,1,0.6949,0.023146
DuelingDQN,deceptive_grid,0,334,36053,-66.0,77,1,0.6942,0.029802
DuelingDQN,deceptive_grid,0,335,36163,-131.0,110,1,0.6933,0.024767
DuelingDQN,deceptive_grid,0,336,36175,-1.0,12,1,0.6932,0.020203
DuelingDQN,deceptive_grid,0,337,36217,-39.0,42,1,0.6928,0.019233
DuelingDQN,deceptive_grid,0,338,36258,-46.0,41,1,0.6925,0.019349
DuelingDQN,deceptive_grid,0,339,36335,-66.0,77,1,0.6918,0.018986
DuelingDQN,deceptive_grid,0,340,36388,-54.0,53,1,0.6914,0.017944
DuelingDQN,deceptive_grid,0,341,36402,-7.0,14,1,0.6912,0.016139
DuelingDQN,deceptive_grid,0,342,36451,-38.0,49,1,0.6908,0.015509
DuelingDQN,deceptive_grid,0,343,36472,-10.0,21,1,0.6906,0.016939
DuelingDQN,deceptive_grid,0,344,36516,-65.0,44,1,0.6903,0.030644
DuelingDQN,deceptive_grid,0,345,36535,-12.0,19,1,0.6901,0.043789
DuelingDQN,deceptive_grid,0,346,36704,-186.0,169,1,0.6887,0.025802
DuelingDQN,deceptive_grid,0,347,36795,-96.0,91,1,0.6879,0.025982
DuelingDQN,deceptive_grid,0,348,36847,-57.0,52,1,0.6875,0.019624
DuelingDQN,deceptive_grid,0,349,36928,-82.0,81,1,0.6868,0.020015
DuelingDQN,deceptive_grid,0,350,36948,-13.0,20,1,0.6866,0.018583
DuelingDQN,deceptive_grid,0,351,37006,-63.0,58,1,0.6861,0.021415
DuelingDQN,deceptive_grid,0,352,37019,-6.0,13,1,0.686,0.036478
DuelingDQN,deceptive_grid,0,353,37059,-37.0,40,1,0.6857,0.031061
DuelingDQN,deceptive_grid,0,354,37157,-107.0,98,1,0.6848,0.02924
DuelingDQN,deceptive_grid,0,355,37225,-89.0,68,1,0.6843,0.028032
DuelingDQN,deceptive_grid,0,356,37246,-18.0,21,1,0.6841,0.02256
DuelingDQN,deceptive_grid,0,357,37264,-7.0,18,1,0.6839,0.023141
DuelingDQN,deceptive_grid,0,358,37293,-22.0,29,1,0.6837,0.019646
DuelingDQN,deceptive_grid,0,359,37308,-8.0,15,1,0.6836,0.021872
DuelingDQN,deceptive_grid,0,360,37319,0.0,11,1,0.6835,0.016882
DuelingDQN,deceptive_grid,0,361,37374,-52.0,55,1,0.683,0.020964
DuelingDQN,deceptive_grid,0,362,37384,-3.0,10,1,0.6829,0.018056
DuelingDQN,deceptive_grid,0,363,37404,-9.0,20,1,0.6827,0.021069
DuelingDQN,deceptive_grid,0,364,37482,-83.0,78,1,0.6821,0.018781
DuelingDQN,deceptive_grid,0,365,37523,-38.0,41,1,0.6817,0.025142
DuelingDQN,deceptive_grid,0,366,37636,-122.0,113,1,0.6808,0.025786
DuelingDQN,deceptive_grid,0,367,37713,-102.0,77,1,0.6801,0.018013
DuelingDQN,deceptive_grid,0,368,37759,-51.0,46,1,0.6797,0.018597
DuelingDQN,deceptive_grid,0,369,37820,-82.0,61,1,0.6792,0.01609
DuelingDQN,deceptive_grid,0,370,37885,-66.0,65,1,0.6787,0.017105
DuelingDQN,deceptive_grid,0,371,37911,-15.0,26,1,0.6784,0.020745
DuelingDQN,deceptive_grid,0,372,37967,-45.0,56,1,0.678,0.016429
DuelingDQN,deceptive_grid,0,373,37987,-9.0,20,1,0.6778,0.015182
DuelingDQN,deceptive_grid,0,374,38030,-40.0,43,1,0.6774,0.025784
DuelingDQN,deceptive_grid,0,375,38044,-3.0,14,1,0.6773,0.02526
DuelingDQN,deceptive_grid,0,376,38058,-7.0,14,1,0.6772,0.02262
DuelingDQN,deceptive_grid,0,377,38077,-12.0,19,1,0.677,0.022328
DuelingDQN,deceptive_grid,0,378,38129,-53.0,52,1,0.6766,0.022461
DuelingDQN,deceptive_grid,0,379,38242,-146.0,113,1,0.6756,0.023202
DuelingDQN,deceptive_grid,0,380,38271,-18.0,29,1,0.6754,0.021258
DuelingDQN,deceptive_grid,0,381,38281,1.0,10,1,0.6753,0.021574
DuelingDQN,deceptive_grid,0,382,38350,-74.0,69,1,0.6747,0.022502
DuelingDQN,deceptive_grid,0,383,38365,-4.0,15,1,0.6746,0.020434
DuelingDQN,deceptive_grid,0,384,38441,-81.0,76,1,0.6739,0.017684
DuelingDQN,deceptive_grid,0,385,38497,-49.0,56,1,0.6735,0.016278
DuelingDQN,deceptive_grid,0,386,38518,-14.0,21,1,0.6733,0.024856
DuelingDQN,deceptive_grid,0,387,38581,-52.0,63,1,0.6728,0.024605
DuelingDQN,deceptive_grid,0,388,38690,-110.0,109,1,0.6718,0.021699
DuelingDQN,deceptive_grid,0,389,38729,-32.0,39,1,0.6715,0.015406
DuelingDQN,deceptive_grid,0,390,38739,1.0,10,1,0.6714,0.014267
DuelingDQN,deceptive_grid,0,391,38802,-68.0,63,1,0.6709,0.015926
DuelingDQN,deceptive_grid,0,392,38863,-58.0,61,1,0.6704,0.0167
DuelingDQN,deceptive_grid,0,393,38900,-46.0,37,1,0.6701,0.012739
DuelingDQN,deceptive_grid,0,394,38973,-66.0,73,1,0.6694,0.014037
DuelingDQN,deceptive_grid,0,395,38986,-10.0,13,1,0.6693,0.013209
DuelingDQN,deceptive_grid,0,396,38998,-5.0,12,1,0.6692,0.012546
DuelingDQN,deceptive_grid,0,397,39051,-66.0,53,1,0.6688,0.02219
DuelingDQN,deceptive_grid,0,398,39082,-28.0,31,1,0.6685,0.019106
DuelingDQN,deceptive_grid,0,399,39115,-38.0,33,1,0.6682,0.023362
DuelingDQN,deceptive_grid,0,400,39138,-24.0,23,1,0.668,0.019329
DuelingDQN,deceptive_grid,0,401,39145,4.0,7,1,0.668,0.015645
DuelingDQN,deceptive_grid,0,402,39187,-43.0,42,1,0.6676,0.018873
DuelingDQN,deceptive_grid,0,403,39189,5.0,2,1,0.6676,0.02156
DuelingDQN,deceptive_grid,0,404,39261,-81.0,72,1,0.667,0.013819
DuelingDQN,deceptive_grid,0,405,39309,-41.0,48,1,0.6666,0.015255
DuelingDQN,deceptive_grid,0,406,39368,-60.0,59,1,0.6661,0.01701
DuelingDQN,deceptive_grid,0,407,39429,-66.0,61,1,0.6656,0.013078
DuelingDQN,deceptive_grid,0,408,39508,-72.0,79,1,0.6649,0.01421
DuelingDQN,deceptive_grid,0,409,39582,-83.0,74,1,0.6643,0.023358
DuelingDQN,deceptive_grid,0,410,39638,-49.0,56,1,0.6638,0.016956
DuelingDQN,deceptive_grid,0,411,39651,-6.0,13,1,0.6637,0.015735
DuelingDQN,deceptive_grid,0,412,39719,-61.0,68,1,0.6631,0.014302
DuelingDQN,deceptive_grid,0,413,39804,-98.0,85,1,0.6624,0.013158
DuelingDQN,deceptive_grid,0,414,39813,-2.0,9,1,0.6623,0.011022
DuelingDQN,deceptive_grid,0,415,39859,-35.0,46,1,0.6619,0.013256
DuelingDQN,deceptive_grid,0,416,39899,-49.0,40,1,0.6616,0.011758
DuelingDQN,deceptive_grid,0,417,39949,-67.0,50,1,0.6612,0.013931
DuelingDQN,deceptive_grid,0,418,39986,-38.0,37,1,0.6608,0.014978
DuelingDQN,deceptive_grid,0,419,40053,-72.0,67,1,0.6603,0.021293
DuelingDQN,deceptive_grid,0,420,40085,-29.0,32,1,0.66,0.021907
DuelingDQN,deceptive_grid,0,421,40137,-41.0,52,1,0.6596,0.022428
DuelingDQN,deceptive_grid,0,422,40206,-70.0,69,1,0.659,0.014883
DuelingDQN,deceptive_grid,0,423,40256,-47.0,50,1,0.6586,0.013036
DuelingDQN,deceptive_grid,0,424,40318,-63.0,62,1,0.658,0.012747
DuelingDQN,deceptive_grid,0,425,40347,-26.0,29,1,0.6578,0.015819
DuelingDQN,deceptive_grid,0,426,40406,-64.0,59,1,0.6573,0.016647
DuelingDQN,deceptive_grid,0,427,40480,-75.0,74,1,0.6567,0.011165
DuelingDQN,deceptive_grid,0,428,40489,2.0,9,1,0.6566,0.008913
DuelingDQN,deceptive_grid,0,429,40562,-74.0,73,1,0.656,0.019103
DuelingDQN,deceptive_grid,0,430,40638,-73.0,76,1,0.6553,0.015867
DuelingDQN,deceptive_grid,0,431,40705,-72.0,67,1,0.6547,0.012935
DuelingDQN,deceptive_grid,0,432,40764,-48.0,59,1,0.6542,0.010701
DuelingDQN,deceptive_grid,0,433,40783,-16.0,19,1,0.6541,0.011635
DuelingDQN,deceptive_grid,0,434,40790,4.0,7,1,0.654,0.010868
DuelingDQN,deceptive_grid,0,435,40853,-68.0,63,1,0.6535,0.012119
DuelingDQN,deceptive_grid,0,436,40876,-12.0,23,1,0.6533,0.011587
DuelingDQN,deceptive_grid,0,437,40930,-51.0,54,1,0.6528,0.010624
DuelingDQN,deceptive_grid,0,438,40932,9.0,2,1,0.6528,0.009512
DuelingDQN,deceptive_grid,0,439,41015,-92.0,83,1,0.6521,0.013744
DuelingDQN,deceptive_grid,0,440,41074,-56.0,59,1,0.6516,0.021762
DuelingDQN,deceptive_grid,0,441,41127,-46.0,53,1,0.6512,0.021155
DuelingDQN,deceptive_grid,0,442,41132,-2.0,5,1,0.6511,0.017669
DuelingDQN,deceptive_grid,0,443,41177,-42.0,45,1,0.6507,0.013181
DuelingDQN,deceptive_grid,0,444,41230,-46.0,53,1,0.6503,0.015278
DuelingDQN,deceptive_grid,0,445,41267,-30.0,37,1,0.65,0.012528
DuelingDQN,deceptive_grid,0,446,41336,-78.0,69,1,0.6494,0.013598
DuelingDQN,deceptive_grid,0,447,41378,-43.0,42,1,0.649,0.010463
DuelingDQN,deceptive_grid,0,448,41424,-39.0,46,1,0.6486,0.009559
DuelingDQN,deceptive_grid,0,449,41493,-62.0,69,1,0.6481,0.010136
DuelingDQN,deceptive_grid,0,450,41505,-1.0,12,1,0.648,0.018477
DuelingDQN,deceptive_grid,0,451,41537,-37.0,32,1,0.6477,0.032987
DuelingDQN,deceptive_grid,0,452,41558,-10.0,21,1,0.6475,0.031515
DuelingDQN,deceptive_grid,0,453,41575,-6.0,17,1,0.6474,0.023664
DuelingDQN,deceptive_grid,0,454,41635,-53.0,60,1,0.6469,0.021075
DuelingDQN,deceptive_grid,0,455,41726,-96.0,91,1,0.6461,0.015241
DuelingDQN,deceptive_grid,0,456,41809,-88.0,83,1,0.6454,0.011998
DuelingDQN,deceptive_grid,0,457,41890,-82.0,81,1,0.6447,0.01088
DuelingDQN,deceptive_grid,0,458,41944,-47.0,54,1,0.6442,0.010871
DuelingDQN,deceptive_grid,0,459,42016,-61.0,72,1,0.6436,0.012292
DuelingDQN,deceptive_grid,0,460,42086,-63.0,70,1,0.643,0.017519
DuelingDQN,deceptive_grid,0,461,42142,-61.0,56,1,0.6426,0.015562
DuelingDQN,deceptive_grid,0,462,42214,-69.0,72,1,0.6419,0.013907
DuelingDQN,deceptive_grid,0,463,42298,-89.0,84,1,0.6412,0.015629
DuelingDQN,deceptive_grid,0,464,42336,-51.0,38,1,0.6409,0.015034
DuelingDQN,deceptive_grid,0,465,42422,-83.0,86,1,0.6402,0.012834
DuelingDQN,deceptive_grid,0,466,42469,-56.0,47,1,0.6398,0.011027
DuelingDQN,deceptive_grid,0,467,42491,-11.0,22,1,0.6396,0.009483
DuelingDQN,deceptive_grid,0,468,42497,5.0,6,1,0.6395,0.010472
DuelingDQN,deceptive_grid,0,469,42553,-65.0,56,1,0.6391,0.016566
DuelingDQN,deceptive_grid,0,470,42619,-75.0,66,1,0.6385,0.014018
DuelingDQN,deceptive_grid,0,471,42671,-57.0,52,1,0.6381,0.015019
DuelingDQN,deceptive_grid,0,472,42748,-74.0,77,1,0.6374,0.012044
DuelingDQN,deceptive_grid,0,473,42817,-70.0,69,1,0.6368,0.011047
DuelingDQN,deceptive_grid,0,474,42917,-97.0,100,1,0.636,0.009655
DuelingDQN,deceptive_grid,0,475,42961,-37.0,44,1,0.6356,0.008308
DuelingDQN,deceptive_grid,0,476,43029,-57.0,68,1,0.635,0.013466
DuelingDQN,deceptive_grid,0,477,43042,-6.0,13,1,0.6349,0.021677
DuelingDQN,deceptive_grid,0,478,43102,-57.0,60,1,0.6344,0.015219
DuelingDQN,deceptive_grid,0,479,43171,-70.0,69,1,0.6338,0.01437
DuelingDQN,deceptive_grid,0,480,43201,-19.0,30,1,0.6336,0.010705
DuelingDQN,deceptive_grid,0,481,43267,-91.0,66,1,0.633,0.012498
DuelingDQN,deceptive_grid,0,482,43336,-70.0,69,1,0.6324,0.009931
DuelingDQN,deceptive_grid,0,483,43409,-94.0,73,1,0.6318,0.009426
DuelingDQN,deceptive_grid,0,484,43417,3.0,8,1,0.6317,0.008897
DuelingDQN,deceptive_grid,0,485,43462,-38.0,45,1,0.6314,0.008192
DuelingDQN,deceptive_grid,0,486,43484,-11.0,22,1,0.6312,0.008467
DuelingDQN,deceptive_grid,0,487,43572,-93.0,88,1,0.6304,0.021488
DuelingDQN,deceptive_grid,0,488,43619,-44.0,47,1,0.63,0.014241
DuelingDQN,deceptive_grid,0,489,43628,2.0,9,1,0.6299,0.015862
DuelingDQN,deceptive_grid,0,490,43641,-6.0,13,1,0.6298,0.013095
DuelingDQN,deceptive_grid,0,491,43670,-22.0,29,1,0.6296,0.011774
DuelingDQN,deceptive_grid,0,492,43712,-43.0,42,1,0.6292,0.010951
DuelingDQN,deceptive_grid,0,493,43730,-11.0,18,1,0.6291,0.011007
DuelingDQN,deceptive_grid,0,494,43833,-128.0,103,1,0.6282,0.011053
DuelingDQN,deceptive_grid,0,495,43852,-8.0,19,1,0.628,0.010386
DuelingDQN,deceptive_grid,0,496,43887,-36.0,35,1,0.6278,0.010313
DuelingDQN,deceptive_grid,0,497,43915,-37.0,28,1,0.6275,0.008606
DuelingDQN,deceptive_grid,0,498,43955,-33.0,40,1,0.6272,0.00831
DuelingDQN,deceptive_grid,0,499,44016,-62.0,61,1,0.6267,0.01194
DuelingDQN,deceptive_grid,0,500,44034,-7.0,18,1,0.6265,0.017349
DuelingDQN,deceptive_grid,0,501,44104,-79.0,70,1,0.6259,0.011139
DuelingDQN,deceptive_grid,0,502,44159,-68.0,55,1,0.6254,0.010454
DuelingDQN,deceptive_grid,0,503,44198,-32.0,39,1,0.6251,0.010752
DuelingDQN,deceptive_grid,0,504,44251,-50.0,53,1,0.6247,0.010088
DuelingDQN,deceptive_grid,0,505,44271,-17.0,20,1,0.6245,0.00781
DuelingDQN,deceptive_grid,0,506,44295,-13.0,24,1,0.6243,0.00776
DuelingDQN,deceptive_grid,0,507,44315,-9.0,20,1,0.6241,0.008677
DuelingDQN,deceptive_grid,0,508,44329,-7.0,14,1,0.624,0.007427
DuelingDQN,deceptive_grid,0,509,44375,-47.0,46,1,0.6236,0.007986
DuelingDQN,deceptive_grid,0,510,44420,-42.0,45,1,0.6232,0.007312
DuelingDQN,deceptive_grid,0,511,44494,-71.0,74,1,0.6226,0.008002
DuelingDQN,deceptive_grid,0,512,44546,-45.0,52,1,0.6222,0.017051
DuelingDQN,deceptive_grid,0,513,44617,-68.0,71,1,0.6216,0.011737
DuelingDQN,deceptive_grid,0,514,44654,-38.0,37,1,0.6212,0.01244
DuelingDQN,deceptive_grid,0,515,44660,5.0,6,1,0.6212,0.010239
DuelingDQN,deceptive_grid,0,516,44735,-68.0,75,1,0.6206,0.007876
DuelingDQN,deceptive_grid,0,517,44751,-17.0,16,1,0.6204,0.00727
DuelingDQN,deceptive_grid,0,518,44803,-45.0,52,1,0.62,0.007448
DuelingDQN,deceptive_grid,0,519,44866,-64.0,63,1,0.6194,0.007786
DuelingDQN,deceptive_grid,0,520,44869,4.0,3,1,0.6194,0.00969
DuelingDQN,deceptive_grid,0,521,44882,-6.0,13,1,0.6193,0.00709
DuelingDQN,deceptive_grid,0,522,44884,9.0,2,1,0.6193,0.008115
DuelingDQN,deceptive_grid,0,523,44904,-13.0,20,1,0.6191,0.007753
DuelingDQN,deceptive_grid,0,524,44938,-23.0,34,1,0.6188,0.006166
DuelingDQN,deceptive_grid,0,525,44974,-33.0,36,1,0.6185,0.006564
DuelingDQN,deceptive_grid,0,526,44983,2.0,9,1,0.6185,0.006909
DuelingDQN,deceptive_grid,0,527,45000,-10.0,17,1,0.6183,0.007201
DuelingDQN,deceptive_grid,0,528,45044,-45.0,44,1,0.6179,0.015079
DuelingDQN,deceptive_grid,0,529,45070,-39.0,26,1,0.6177,0.015595
DuelingDQN,deceptive_grid,0,530,45138,-61.0,68,1,0.6171,0.011011
DuelingDQN,deceptive_grid,0,531,45177,-32.0,39,1,0.6168,0.008906
DuelingDQN,deceptive_grid,0,532,45211,-27.0,34,1,0.6165,0.007633
DuelingDQN,deceptive_grid,0,533,45259,-37.0,48,1,0.6161,0.009356
DuelingDQN,deceptive_grid,0,534,45289,-31.0,30,1,0.6159,0.007699
DuelingDQN,deceptive_grid,0,535,45334,-34.0,45,1,0.6155,0.007174
DuelingDQN,deceptive_grid,0,536,45406,-81.0,72,1,0.6149,0.006277
DuelingDQN,deceptive_grid,0,537,45426,-9.0,20,1,0.6147,0.006814
DuelingDQN,deceptive_grid,0,538,45454,-21.0,28,1,0.6145,0.007312
DuelingDQN,deceptive_grid,0,539,45484,-35.0,30,1,0.6142,0.009836
DuelingDQN,deceptive_grid,0,540,45554,-71.0,70,1,0.6136,0.014414
DuelingDQN,deceptive_grid,0,541,45584,-19.0,30,1,0.6134,0.017526
DuelingDQN,deceptive_grid,0,542,45623,-40.0,39,1,0.613,0.013566
DuelingDQN,deceptive_grid,0,543,45674,-44.0,51,1,0.6126,0.012074
DuelingDQN,deceptive_grid,0,544,45675,10.0,1,1,0.6126,0.011097
DuelingDQN,deceptive_grid,0,545,45753,-95.0,78,1,0.6119,0.008187
DuelingDQN,deceptive_grid,0,546,45877,-137.0,124,1,0.6109,0.007721
DuelingDQN,deceptive_grid,0,547,45898,-14.0,21,1,0.6107,0.009728
DuelingDQN,deceptive_grid,0,548,45996,-127.0,98,1,0.6099,0.009463
DuelingDQN,deceptive_grid,0,549,46061,-78.0,65,1,0.6093,0.01428
DuelingDQN,deceptive_grid,0,550,46086,-18.0,25,1,0.6091,0.011033
DuelingDQN,deceptive_grid,0,551,46148,-55.0,62,1,0.6086,0.012537
DuelingDQN,deceptive_grid,0,552,46178,-19.0,30,1,0.6083,0.010884
DuelingDQN,deceptive_grid,0,553,46250,-73.0,72,1,0.6077,0.008874
DuelingDQN,deceptive_grid,0,554,46257,0.0,7,1,0.6077,0.005936
DuelingDQN,deceptive_grid,0,555,46322,-74.0,65,1,0.6071,0.007268
DuelingDQN,deceptive_grid,0,556,46363,-54.0,41,1,0.6068,0.006866
DuelingDQN,deceptive_grid,0,557,46421,-63.0,58,1,0.6063,0.007109
DuelingDQN,deceptive_grid,0,558,46441,-13.0,20,1,0.6061,0.005492
DuelingDQN,deceptive_grid,0,559,46517,-97.0,76,1,0.6054,0.010781
DuelingDQN,deceptive_grid,0,560,46538,-14.0,21,1,0.6053,0.019247
DuelingDQN,deceptive_grid,0,561,46596,-79.0,58,1,0.6048,0.018002
DuelingDQN,deceptive_grid,0,562,46631,-40.0,35,1,0.6045,0.011673
DuelingDQN,deceptive_grid,0,563,46674,-32.0,43,1,0.6041,0.012521
DuelingDQN,deceptive_grid,0,564,46698,-13.0,24,1,0.6039,0.011819
DuelingDQN,deceptive_grid,0,565,46779,-106.0,81,1,0.6032,0.007889
DuelingDQN,deceptive_grid,0,566,46781,9.0,2,1,0.6032,0.007195
DuelingDQN,deceptive_grid,0,567,46811,-23.0,30,1,0.603,0.008971
DuelingDQN,deceptive_grid,0,568,46849,-27.0,38,1,0.6026,0.008653
DuelingDQN,deceptive_grid,0,569,46894,-46.0,45,1,0.6022,0.008614
DuelingDQN,deceptive_grid,0,570,46902,3.0,8,1,0.6022,0.009157
DuelingDQN,deceptive_grid,0,571,46929,-16.0,27,1,0.6019,0.007465
DuelingDQN,deceptive_grid,0,572,46964,-32.0,35,1,0.6017,0.007689
DuelingDQN,deceptive_grid,0,573,46966,9.0,2,1,0.6016,0.0062
DuelingDQN,deceptive_grid,0,574,47004,-27.0,38,1,0.6013,0.008159
DuelingDQN,deceptive_grid,0,575,47050,-43.0,46,1,0.6009,0.01282
DuelingDQN,deceptive_grid,0,576,47067,-6.0,17,1,0.6008,0.010238
DuelingDQN,deceptive_grid,0,577,47116,-66.0,49,1,0.6004,0.010069
DuelingDQN,deceptive_grid,0,578,47153,-34.0,37,1,0.6,0.008652
DuelingDQN,deceptive_grid,0,579,47183,-23.0,30,1,0.5998,0.00655
DuelingDQN,deceptive_grid,0,580,47223,-41.0,40,1,0.5995,0.00711
DuelingDQN,deceptive_grid,0,581,47250,-20.0,27,1,0.5992,0.00711
DuelingDQN,deceptive_grid,0,582,47319,-62.0,69,1,0.5986,0.007665
DuelingDQN,deceptive_grid,0,583,47322,8.0,3,1,0.5986,0.007068
DuelingDQN,deceptive_grid,0,584,47376,-59.0,54,1,0.5982,0.005767
DuelingDQN,deceptive_grid,0,585,47405,-22.0,29,1,0.5979,0.004948
DuelingDQN,deceptive_grid,0,586,47438,-26.0,33,1,0.5976,0.006782
DuelingDQN,deceptive_grid,0,587,47517,-68.0,79,1,0.597,0.007061
DuelingDQN,deceptive_grid,0,588,47545,-25.0,28,1,0.5967,0.013583
DuelingDQN,deceptive_grid,0,589,47577,-37.0,32,1,0.5965,0.013332
DuelingDQN,deceptive_grid,0,590,47617,-33.0,40,1,0.5961,0.011676
DuelingDQN,deceptive_grid,0,591,47670,-42.0,53,1,0.5957,0.008392
DuelingDQN,deceptive_grid,0,592,47695,-14.0,25,1,0.5955,0.009343
DuelingDQN,deceptive_grid,0,593,47709,-11.0,14,1,0.5953,0.007544
DuelingDQN,deceptive_grid,0,594,47744,-24.0,35,1,0.595,0.008719
DuelingDQN,deceptive_grid,0,595,47812,-65.0,68,1,0.5945,0.008748
DuelingDQN,deceptive_grid,0,596,47848,-33.0,36,1,0.5942,0.006701
DuelingDQN,deceptive_grid,0,597,47878,-27.0,30,1,0.5939,0.006172
DuelingDQN,deceptive_grid,0,598,47898,-13.0,20,1,0.5937,0.005721
DuelingDQN,deceptive_grid,0,599,47926,-21.0,28,1,0.5935,0.007057
DuelingDQN,deceptive_grid,0,600,47969,-44.0,43,1,0.5931,0.006583
DuelingDQN,deceptive_grid,0,601,47996,-16.0,27,1,0.5929,0.005373
DuelingDQN,deceptive_grid,0,602,48005,2.0,9,1,0.5928,0.007204
DuelingDQN,deceptive_grid,0,603,48023,-15.0,18,1,0.5927,0.008318
DuelingDQN,deceptive_grid,0,604,48055,-21.0,32,1,0.5924,0.00825
DuelingDQN,deceptive_grid,0,605,48097,-47.0,42,1,0.592,0.008116
DuelingDQN,deceptive_grid,0,606,48193,-113.0,96,1,0.5912,0.008074
DuelingDQN,deceptive_grid,0,607,48227,-23.0,34,1,0.5909,0.00791
DuelingDQN,deceptive_grid,0,608,48283,-61.0,56,1,0.5905,0.007029
DuelingDQN,deceptive_grid,0,609,48325,-31.0,42,1,0.5901,0.008326
DuelingDQN,deceptive_grid,0,610,48363,-31.0,38,1,0.5898,0.007013
DuelingDQN,deceptive_grid,0,611,48416,-58.0,53,1,0.5893,0.006178
DuelingDQN,deceptive_grid,0,612,48446,-23.0,30,1,0.5891,0.006457
DuelingDQN,deceptive_grid,0,613,48447,10.0,1,1,0.5891,0.005058
DuelingDQN,deceptive_grid,0,614,48478,-24.0,31,1,0.5888,0.006993
DuelingDQN,deceptive_grid,0,615,48566,-113.0,88,1,0.5881,0.01213
DuelingDQN,deceptive_grid,0,616,48588,-11.0,22,1,0.5879,0.009761
DuelingDQN,deceptive_grid,0,617,48615,-36.0,27,1,0.5876,0.00826
DuelingDQN,deceptive_grid,0,618,48638,-20.0,23,1,0.5875,0.007994
DuelingDQN,deceptive_grid,0,619,48669,-28.0,31,1,0.5872,0.009159
DuelingDQN,deceptive_grid,0,620,48757,-105.0,88,1,0.5864,0.008967
DuelingDQN,deceptive_grid,0,621,48760,8.0,3,1,0.5864,0.006371
DuelingDQN,deceptive_grid,0,622,48807,-44.0,47,1,0.586,0.007093
DuelingDQN,deceptive_grid,0,623,48835,-17.0,28,1,0.5858,0.006569
DuelingDQN,deceptive_grid,0,624,48858,-16.0,23,1,0.5856,0.005398
DuelingDQN,deceptive_grid,0,625,48885,-20.0,27,1,0.5854,0.005739
DuelingDQN,deceptive_grid,0,626,48897,-1.0,12,1,0.5853,0.005756
DuelingDQN,deceptive_grid,0,627,48904,4.0,7,1,0.5852,0.004767
DuelingDQN,deceptive_grid,0,628,48987,-76.0,83,1,0.5845,0.004463
DuelingDQN,deceptive_grid,0,629,49002,-8.0,15,1,0.5844,0.004683
DuelingDQN,deceptive_grid,0,630,49015,-14.0,13,1,0.5843,0.008771
DuelingDQN,deceptive_grid,0,631,49034,-12.0,19,1,0.5841,0.009248
DuelingDQN,deceptive_grid,0,632,49076,-39.0,42,1,0.5837,0.008075
DuelingDQN,deceptive_grid,0,633,49121,-34.0,45,1,0.5834,0.007756
DuelingDQN,deceptive_grid,0,634,49142,-14.0,21,1,0.5832,0.006065
DuelingDQN,deceptive_grid,0,635,49179,-30.0,37,1,0.5829,0.005795
DuelingDQN,deceptive_grid,0,636,49229,-63.0,50,1,0.5824,0.005457
DuelingDQN,deceptive_grid,0,637,49237,-1.0,8,1,0.5824,0.005239
DuelingDQN,deceptive_grid,0,638,49283,-43.0,46,1,0.582,0.004807
DuelingDQN,deceptive_grid,0,639,49305,-47.0,22,1,0.5818,0.005407
DuelingDQN,deceptive_grid,0,640,49327,-11.0,22,1,0.5816,0.005695
DuelingDQN,deceptive_grid,0,641,49407,-89.0,80,1,0.5809,0.007126
DuelingDQN,deceptive_grid,0,642,49439,-21.0,32,1,0.5807,0.006728
DuelingDQN,deceptive_grid,0,643,49482,-48.0,43,1,0.5803,0.004864
DuelingDQN,deceptive_grid,0,644,49512,-19.0,30,1,0.58,0.006142
DuelingDQN,deceptive_grid,0,645,49531,-20.0,19,1,0.5799,0.010482
DuelingDQN,deceptive_grid,0,646,49539,3.0,8,1,0.5798,0.009182
DuelingDQN,deceptive_grid,0,647,49549,1.0,10,1,0.5797,0.009612
DuelingDQN,deceptive_grid,0,648,49586,-46.0,37,1,0.5794,0.010007
DuelingDQN,deceptive_grid,0,649,49636,-59.0,50,1,0.579,0.009459
DuelingDQN,deceptive_grid,0,650,49643,0.0,7,1,0.5789,0.008649
DuelingDQN,deceptive_grid,0,651,49684,-46.0,41,1,0.5786,0.009853
DuelingDQN,deceptive_grid,0,652,49713,-22.0,29,1,0.5783,0.007923
DuelingDQN,deceptive_grid,0,653,49734,-18.0,21,1,0.5782,0.008343
DuelingDQN,deceptive_grid,0,654,49790,-45.0,56,1,0.5777,0.008182
DuelingDQN,deceptive_grid,0,655,49830,-45.0,40,1,0.5773,0.007564
DuelingDQN,deceptive_grid,0,656,49856,-19.0,26,1,0.5771,0.005693
DuelingDQN,deceptive_grid,0,657,49927,-76.0,71,1,0.5765,0.004572
DuelingDQN,deceptive_grid,0,658,49960,-30.0,33,1,0.5762,0.004896
DuelingDQN,deceptive_grid,0,659,50014,-67.0,54,1,0.5758,0.00658
DuelingDQN,deceptive_grid,0,660,50058,-33.0,44,1,0.5754,0.009897
DuelingDQN,deceptive_grid,0,661,50112,-51.0,54,1,0.575,0.006906
DuelingDQN,deceptive_grid,0,662,50141,-22.0,29,1,0.5747,0.005398
DuelingDQN,deceptive_grid,0,663,50175,-31.0,34,1,0.5744,0.005413
DuelingDQN,deceptive_grid,0,664,50205,-23.0,30,1,0.5742,0.005015
DuelingDQN,deceptive_grid,0,665,50258,-62.0,53,1,0.5737,0.005204
DuelingDQN,deceptive_grid,0,666,50282,-17.0,24,1,0.5735,0.006579
DuelingDQN,deceptive_grid,0,667,50328,-39.0,46,1,0.5731,0.006435
DuelingDQN,deceptive_grid,0,668,50389,-54.0,61,1,0.5726,0.004509
DuelingDQN,deceptive_grid,0,669,50415,-19.0,26,1,0.5724,0.006501
DuelingDQN,deceptive_grid,0,670,50444,-26.0,29,1,0.5721,0.005523
DuelingDQN,deceptive_grid,0,671,50465,-10.0,21,1,0.572,0.004613
DuelingDQN,deceptive_grid,0,672,50488,-20.0,23,1,0.5718,0.004152
DuelingDQN,deceptive_grid,0,673,50514,-19.0,26,1,0.5715,0.007601
DuelingDQN,deceptive_grid,0,674,50517,4.0,3,1,0.5715,0.014472
DuelingDQN,deceptive_grid,0,675,50603,-87.0,86,1,0.5708,0.010087
DuelingDQN,deceptive_grid,0,676,50646,-48.0,43,1,0.5704,0.008693
DuelingDQN,deceptive_grid,0,677,50666,-21.0,20,1,0.5703,0.007262
DuelingDQN,deceptive_grid,0,678,50724,-55.0,58,1,0.5698,0.007183
DuelingDQN,deceptive_grid,0,679,50740,-9.0,16,1,0.5696,0.008894
DuelingDQN,deceptive_grid,0,680,50760,-21.0,20,1,0.5695,0.008471
DuelingDQN,deceptive_grid,0,681,50790,-23.0,30,1,0.5692,0.008111
DuelingDQN,deceptive_grid,0,682,50829,-32.0,39,1,0.5689,0.005442
DuelingDQN,deceptive_grid,0,683,50902,-74.0,73,1,0.5683,0.004644
DuelingDQN,deceptive_grid,0,684,50908,5.0,6,1,0.5682,0.006492
DuelingDQN,deceptive_grid,0,685,50949,-38.0,41,1,0.5679,0.006389
DuelingDQN,deceptive_grid,0,686,50962,-2.0,13,1,0.5677,0.005085
DuelingDQN,deceptive_grid,0,687,50968,5.0,6,1,0.5677,0.00475
DuelingDQN,deceptive_grid,0,688,51004,-37.0,36,1,0.5674,0.005672
DuelingDQN,deceptive_grid,0,689,51034,-23.0,30,1,0.5671,0.008906
DuelingDQN,deceptive_grid,0,690,51056,-23.0,22,1,0.5669,0.009866
DuelingDQN,deceptive_grid,0,691,51102,-55.0,46,1,0.5666,0.008011
DuelingDQN,deceptive_grid,0,692,51143,-42.0,41,1,0.5662,0.007811
DuelingDQN,deceptive_grid,0,693,51169,-19.0,26,1,0.566,0.006263
DuelingDQN,deceptive_grid,0,694,51222,-62.0,53,1,0.5655,0.00529
DuelingDQN,deceptive_grid,0,695,51274,-57.0,52,1,0.5651,0.004038
DuelingDQN,deceptive_grid,0,696,51302,-25.0,28,1,0.5649,0.004714
DuelingDQN,deceptive_grid,0,697,51320,-15.0,18,1,0.5647,0.004336
DuelingDQN,deceptive_grid,0,698,51363,-40.0,43,1,0.5643,0.005132
DuelingDQN,deceptive_grid,0,699,51383,-13.0,20,1,0.5642,0.003907
DuelingDQN,deceptive_grid,0,700,51413,-23.0,30,1,0.5639,0.004566
DuelingDQN,deceptive_grid,0,701,51446,-22.0,33,1,0.5636,0.004494
DuelingDQN,deceptive_grid,0,702,51457,0.0,11,1,0.5635,0.003355
DuelingDQN,deceptive_grid,0,703,51511,-51.0,54,1,0.5631,0.004868
DuelingDQN,deceptive_grid,0,704,51553,-39.0,42,1,0.5627,0.007827
DuelingDQN,deceptive_grid,0,705,51583,-19.0,30,1,0.5625,0.008618
DuelingDQN,deceptive_grid,0,706,51597,-19.0,14,1,0.5624,0.00862
DuelingDQN,deceptive_grid,0,707,51625,-25.0,28,1,0.5621,0.006796
DuelingDQN,deceptive_grid,0,708,51675,-47.0,50,1,0.5617,0.006574
DuelingDQN,deceptive_grid,0,709,51685,1.0,10,1,0.5616,0.005533
DuelingDQN,deceptive_grid,0,710,51724,-28.0,39,1,0.5613,0.004223
DuelingDQN,deceptive_grid,0,711,51771,-44.0,47,1,0.5609,0.006
DuelingDQN,deceptive_grid,0,712,51814,-32.0,43,1,0.5605,0.004248
DuelingDQN,deceptive_grid,0,713,51870,-61.0,56,1,0.56,0.005428
DuelingDQN,deceptive_grid,0,714,51876,5.0,6,1,0.56,0.00599
DuelingDQN,deceptive_grid,0,715,51920,-33.0,44,1,0.5596,0.005124
DuelingDQN,deceptive_grid,0,716,51945,-22.0,25,1,0.5594,0.004498
DuelingDQN,deceptive_grid,0,717,51972,-16.0,27,1,0.5592,0.005303
DuelingDQN,deceptive_grid,0,718,51998,-15.0,26,1,0.559,0.005836
DuelingDQN,deceptive_grid,0,719,52025,-16.0,27,1,0.5587,0.009134
DuelingDQN,deceptive_grid,0,720,52070,-38.0,45,1,0.5583,0.008477
DuelingDQN,deceptive_grid,0,721,52087,-6.0,17,1,0.5582,0.00766
DuelingDQN,deceptive_grid,0,722,52123,-49.0,36,1,0.5579,0.0059
DuelingDQN,deceptive_grid,0,723,52155,-21.0,32,1,0.5576,0.005648
DuelingDQN,deceptive_grid,0,724,52196,-54.0,41,1,0.5573,0.007172
DuelingDQN,deceptive_grid,0,725,52223,-24.0,27,1,0.557,0.007185
DuelingDQN,deceptive_grid,0,726,52289,-71.0,66,1,0.5565,0.007565
DuelingDQN,deceptive_grid,0,727,52300,0.0,11,1,0.5564,0.005723
DuelingDQN,deceptive_grid,0,728,52345,-50.0,45,1,0.556,0.006501
DuelingDQN,deceptive_grid,0,729,52411,-67.0,66,1,0.5555,0.005664
DuelingDQN,deceptive_grid,0,730,52454,-36.0,43,1,0.5551,0.00569
DuelingDQN,deceptive_grid,0,731,52501,-48.0,47,1,0.5547,0.005525
DuelingDQN,deceptive_grid,0,732,52549,-45.0,48,1,0.5543,0.008664
DuelingDQN,deceptive_grid,0,733,52621,-69.0,72,1,0.5537,0.007789
DuelingDQN,deceptive_grid,0,734,52636,-20.0,15,1,0.5535,0.011118
DuelingDQN,deceptive_grid,0,735,52671,-28.0,35,1,0.5532,0.010257
DuelingDQN,deceptive_grid,0,736,52781,-115.0,110,1,0.5523,0.006676
DuelingDQN,deceptive_grid,0,737,52820,-28.0,39,1,0.552,0.007015
DuelingDQN,deceptive_grid,0,738,52826,5.0,6,1,0.5519,0.005081
DuelingDQN,deceptive_grid,0,739,52842,-13.0,16,1,0.5518,0.005597
DuelingDQN,deceptive_grid,0,740,52879,-34.0,37,1,0.5515,0.005022
DuelingDQN,deceptive_grid,0,741,52900,-14.0,21,1,0.5513,0.004136
DuelingDQN,deceptive_grid,0,742,52931,-28.0,31,1,0.551,0.00516
DuelingDQN,deceptive_grid,0,743,52979,-45.0,48,1,0.5506,0.00402
DuelingDQN,deceptive_grid,0,744,53012,-22.0,33,1,0.5504,0.00678
DuelingDQN,deceptive_grid,0,745,53024,-1.0,12,1,0.5503,0.008027
DuelingDQN,deceptive_grid,0,746,53061,-34.0,37,1,0.5499,0.006822
DuelingDQN,deceptive_grid,0,747,53107,-55.0,46,1,0.5495,0.007159
DuelingDQN,deceptive_grid,0,748,53116,2.0,9,1,0.5495,0.00634
DuelingDQN,deceptive_grid,0,749,53141,-18.0,25,1,0.5493,0.007129
DuelingDQN,deceptive_grid,0,750,53165,-25.0,24,1,0.5491,0.006219
DuelingDQN,deceptive_grid,0,751,53200,-32.0,35,1,0.5488,0.005594
DuelingDQN,deceptive_grid,0,752,53231,-36.0,31,1,0.5485,0.006102
DuelingDQN,deceptive_grid,0,753,53310,-84.0,79,1,0.5478,0.005158
DuelingDQN,deceptive_grid,0,754,53354,-37.0,44,1,0.5475,0.004706
DuelingDQN,deceptive_grid,0,755,53408,-51.0,54,1,0.547,0.004387
DuelingDQN,deceptive_grid,0,756,53443,-48.0,35,1,0.5467,0.004656
DuelingDQN,deceptive_grid,0,757,53494,-64.0,51,1,0.5463,0.003959
DuelingDQN,deceptive_grid,0,758,53529,-32.0,35,1,0.546,0.006618
DuelingDQN,deceptive_grid,0,759,53539,-3.0,10,1,0.5459,0.006378
DuelingDQN,deceptive_grid,0,760,53575,-41.0,36,1,0.5456,0.006503
DuelingDQN,deceptive_grid,0,761,53603,-17.0,28,1,0.5453,0.005938
DuelingDQN,deceptive_grid,0,762,53668,-62.0,65,1,0.5448,0.005162
DuelingDQN,deceptive_grid,0,763,53717,-62.0,49,1,0.5444,0.004849
DuelingDQN,deceptive_grid,0,764,53797,-73.0,80,1,0.5437,0.004182
DuelingDQN,deceptive_grid,0,765,53825,-29.0,28,1,0.5435,0.004182
DuelingDQN,deceptive_grid,0,766,53836,0.0,11,1,0.5434,0.004101
DuelingDQN,deceptive_grid,0,767,53900,-69.0,64,1,0.5428,0.00501
DuelingDQN,deceptive_grid,0,768,53974,-75.0,74,1,0.5422,0.006014
DuelingDQN,deceptive_grid,0,769,54005,-36.0,31,1,0.5419,0.005327
DuelingDQN,deceptive_grid,0,770,54006,10.0,1,1,0.5419,0.016049
DuelingDQN,deceptive_grid,0,771,54044,-31.0,38,1,0.5416,0.010305
DuelingDQN,deceptive_grid,0,772,54056,-9.0,12,1,0.5415,0.007321
DuelingDQN,deceptive_grid,0,773,54069,-2.0,13,1,0.5414,0.006828
DuelingDQN,deceptive_grid,0,774,54144,-84.0,75,1,0.5408,0.006044
DuelingDQN,deceptive_grid,0,775,54201,-54.0,57,1,0.5403,0.005673
DuelingDQN,deceptive_grid,0,776,54227,-15.0,26,1,0.54,0.005362
DuelingDQN,deceptive_grid,0,777,54303,-69.0,76,1,0.5394,0.004524
DuelingDQN,deceptive_grid,0,778,54326,-24.0,23,1,0.5392,0.004843
DuelingDQN,deceptive_grid,0,779,54371,-38.0,45,1,0.5388,0.006166
DuelingDQN,deceptive_grid,0,780,54383,-1.0,12,1,0.5387,0.005084
DuelingDQN,deceptive_grid,0,781,54403,-13.0,20,1,0.5386,0.004518
DuelingDQN,deceptive_grid,0,782,54413,-7.0,10,1,0.5385,0.003904
DuelingDQN,deceptive_grid,0,783,54450,-30.0,37,1,0.5382,0.004792
DuelingDQN,deceptive_grid,0,784,54457,4.0,7,1,0.5381,0.006852
DuelingDQN,deceptive_grid,0,785,54461,7.0,4,1,0.5381,0.005326
DuelingDQN,deceptive_grid,0,786,54472,0.0,11,1,0.538,0.004547
DuelingDQN,deceptive_grid,0,787,54493,-10.0,21,1,0.5378,0.005525
DuelingDQN,deceptive_grid,0,788,54501,3.0,8,1,0.5377,0.005721
DuelingDQN,deceptive_grid,0,789,54523,-15.0,22,1,0.5375,0.009206
DuelingDQN,deceptive_grid,0,790,54549,-15.0,26,1,0.5373,0.008794
DuelingDQN,deceptive_grid,0,791,54586,-38.0,37,1,0.537,0.00807
DuelingDQN,deceptive_grid,0,792,54649,-68.0,63,1,0.5365,0.00685
DuelingDQN,deceptive_grid,0,793,54691,-31.0,42,1,0.5361,0.004657
DuelingDQN,deceptive_grid,0,794,54700,-6.0,9,1,0.536,0.004263
DuelingDQN,deceptive_grid,0,795,54718,-11.0,18,1,0.5359,0.00485
DuelingDQN,deceptive_grid,0,796,54766,-45.0,48,1,0.5355,0.004566
DuelingDQN,deceptive_grid,0,797,54787,-10.0,21,1,0.5353,0.005861
DuelingDQN,deceptive_grid,0,798,54819,-29.0,32,1,0.535,0.005976
DuelingDQN,deceptive_grid,0,799,54833,-11.0,14,1,0.5349,0.006084
DuelingDQN,deceptive_grid,0,800,54847,-11.0,14,1,0.5348,0.007399
DuelingDQN,deceptive_grid,1,1,200,-252.0,200,0,0.9983,
DuelingDQN,deceptive_grid,1,2,400,-244.0,200,0,0.9966,
DuelingDQN,deceptive_grid,1,3,482,-103.0,82,1,0.9959,
DuelingDQN,deceptive_grid,1,4,682,-244.0,200,0,0.9942,
DuelingDQN,deceptive_grid,1,5,882,-252.0,200,0,0.9925,
DuelingDQN,deceptive_grid,1,6,1082,-244.0,200,0,0.9908,0.27333
DuelingDQN,deceptive_grid,1,7,1282,-304.0,200,0,0.9891,0.20705
DuelingDQN,deceptive_grid,1,8,1482,-348.0,200,0,0.9874,0.192351
DuelingDQN,deceptive_grid,1,9,1682,-272.0,200,0,0.9857,0.159569
DuelingDQN,deceptive_grid,1,10,1882,-264.0,200,0,0.984,0.104935
DuelingDQN,deceptive_grid,1,11,1916,-47.0,34,1,0.9838,0.080976
DuelingDQN,deceptive_grid,1,12,2116,-304.0,200,0,0.9821,0.096375
DuelingDQN,deceptive_grid,1,13,2316,-276.0,200,0,0.9804,0.062866
DuelingDQN,deceptive_grid,1,14,2516,-236.0,200,0,0.9787,0.064235
DuelingDQN,deceptive_grid,1,15,2716,-228.0,200,0,0.977,0.049378
DuelingDQN,deceptive_grid,1,16,2916,-220.0,200,0,0.9753,0.042277
DuelingDQN,deceptive_grid,1,17,3116,-276.0,200,0,0.9736,0.052856
DuelingDQN,deceptive_grid,1,18,3316,-252.0,200,0,0.9719,0.037321
DuelingDQN,deceptive_grid,1,19,3516,-252.0,200,0,0.9702,0.044679
DuelingDQN,deceptive_grid,1,20,3716,-280.0,200,0,0.9685,0.034454
DuelingDQN,deceptive_grid,1,21,3742,-27.0,26,1,0.9683,0.032687
DuelingDQN,deceptive_grid,1,22,3942,-304.0,200,0,0.9666,0.041843
DuelingDQN,deceptive_grid,1,23,4142,-292.0,200,0,0.9649,0.051684
DuelingDQN,deceptive_grid,1,24,4342,-288.0,200,0,0.9632,0.035661
DuelingDQN,deceptive_grid,1,25,4507,-282.0,165,1,0.9618,0.045872
DuelingDQN,deceptive_grid,1,26,4707,-308.0,200,0,0.9601,0.052554
DuelingDQN,deceptive_grid,1,27,4907,-240.0,200,0,0.9584,0.031975
DuelingDQN,deceptive_grid,1,28,4920,-2.0,13,1,0.9583,0.039104
DuelingDQN,deceptive_grid,1,29,5120,-280.0,200,0,0.9566,0.049352
DuelingDQN,deceptive_grid,1,30,5320,-232.0,200,0,0.9549,0.027302
DuelingDQN,deceptive_grid,1,31,5520,-256.0,200,0,0.9532,0.042685
DuelingDQN,deceptive_grid,1,32,5720,-244.0,200,0,0.9515,0.03655
DuelingDQN,deceptive_grid,1,33,5731,0.0,11,1,0.9514,0.01998
DuelingDQN,deceptive_grid,1,34,5931,-256.0,200,0,0.9497,0.028649
DuelingDQN,deceptive_grid,1,35,6131,-240.0,200,0,0.948,0.058051
DuelingDQN,deceptive_grid,1,36,6331,-232.0,200,0,0.9463,0.046067
DuelingDQN,deceptive_grid,1,37,6395,-73.0,64,1,0.9458,0.02849
DuelingDQN,deceptive_grid,1,38,6595,-316.0,200,0,0.9441,0.053755
DuelingDQN,deceptive_grid,1,39,6795,-216.0,200,0,0.9424,0.050865
DuelingDQN,deceptive_grid,1,40,6995,-260.0,200,0,0.9407,0.059782
DuelingDQN,deceptive_grid,1,41,7195,-264.0,200,0,0.939,0.082879
DuelingDQN,deceptive_grid,1,42,7395,-308.0,200,0,0.9373,0.06244
DuelingDQN,deceptive_grid,1,43,7595,-256.0,200,0,0.9356,0.09262
DuelingDQN,deceptive_grid,1,44,7795,-232.0,200,0,0.9339,0.089046
DuelingDQN,deceptive_grid,1,45,7995,-296.0,200,0,0.9322,0.073653
DuelingDQN,deceptive_grid,1,46,8195,-224.0,200,0,0.9305,0.112275
DuelingDQN,deceptive_grid,1,47,8395,-236.0,200,0,0.9288,0.096333
DuelingDQN,deceptive_grid,1,48,8409,-3.0,14,1,0.9287,0.091704
DuelingDQN,deceptive_grid,1,49,8609,-300.0,200,0,0.927,0.129964
DuelingDQN,deceptive_grid,1,50,8766,-182.0,157,1,0.9257,0.13793
DuelingDQN,deceptive_grid,1,51,8966,-260.0,200,0,0.924,0.139197
DuelingDQN,deceptive_grid,1,52,9166,-320.0,200,0,0.9223,0.17723
DuelingDQN,deceptive_grid,1,53,9366,-268.0,200,0,0.9206,0.176716
DuelingDQN,deceptive_grid,1,54,9566,-228.0,200,0,0.9189,0.161414
DuelingDQN,deceptive_grid,1,55,9766,-232.0,200,0,0.9172,0.189641
DuelingDQN,deceptive_grid,1,56,9966,-224.0,200,0,0.9155,0.148899
DuelingDQN,deceptive_grid,1,57,10166,-256.0,200,0,0.9138,0.165378
DuelingDQN,deceptive_grid,1,58,10366,-272.0,200,0,0.9121,0.179276
DuelingDQN,deceptive_grid,1,59,10566,-236.0,200,0,0.9104,0.161715
DuelingDQN,deceptive_grid,1,60,10570,7.0,4,1,0.9104,0.145142
DuelingDQN,deceptive_grid,1,61,10770,-208.0,200,0,0.9087,0.151636
DuelingDQN,deceptive_grid,1,62,10970,-280.0,200,0,0.907,0.14084
DuelingDQN,deceptive_grid,1,63,11170,-240.0,200,0,0.9053,0.152207
DuelingDQN,deceptive_grid,1,64,11370,-228.0,200,0,0.9036,0.13656
DuelingDQN,deceptive_grid,1,65,11570,-208.0,200,0,0.9019,0.161543
DuelingDQN,deceptive_grid,1,66,11696,-147.0,126,1,0.9008,0.156842
DuelingDQN,deceptive_grid,1,67,11896,-236.0,200,0,0.8991,0.155356
DuelingDQN,deceptive_grid,1,68,12096,-256.0,200,0,0.8974,0.163361
DuelingDQN,deceptive_grid,1,69,12296,-244.0,200,0,0.8957,0.150085
DuelingDQN,deceptive_grid,1,70,12496,-252.0,200,0,0.894,0.154592
DuelingDQN,deceptive_grid,1,71,12601,-94.0,105,1,0.8931,0.214946
DuelingDQN,deceptive_grid,1,72,12623,-23.0,22,1,0.8929,0.195186
DuelingDQN,deceptive_grid,1,73,12823,-220.0,200,0,0.8912,0.200781
DuelingDQN,deceptive_grid,1,74,13023,-224.0,200,0,0.8895,0.200255
DuelingDQN,deceptive_grid,1,75,13058,-24.0,35,1,0.8892,0.254783
DuelingDQN,deceptive_grid,1,76,13258,-248.0,200,0,0.8876,0.20085
DuelingDQN,deceptive_grid,1,77,13277,-16.0,19,1,0.8874,0.247901
DuelingDQN,deceptive_grid,1,78,13477,-236.0,200,0,0.8857,0.175073
DuelingDQN,deceptive_grid,1,79,13677,-208.0,200,0,0.884,0.209305
DuelingDQN,deceptive_grid,1,80,13877,-244.0,200,0,0.8823,0.175343
DuelingDQN,deceptive_grid,1,81,14077,-280.0,200,0,0.8806,0.192812
DuelingDQN,deceptive_grid,1,82,14105,-21.0,28,1,0.8804,0.168441
DuelingDQN,deceptive_grid,1,83,14254,-214.0,149,1,0.8791,0.199664
DuelingDQN,deceptive_grid,1,84,14255,10.0,1,1,0.8791,0.166215
DuelingDQN,deceptive_grid,1,85,14455,-268.0,200,0,0.8774,0.167255
DuelingDQN,deceptive_grid,1,86,14655,-300.0,200,0,0.8757,0.230239
DuelingDQN,deceptive_grid,1,87,14704,-54.0,49,1,0.8753,0.194123
DuelingDQN,deceptive_grid,1,88,14904,-280.0,200,0,0.8736,0.19044
DuelingDQN,deceptive_grid,1,89,15104,-296.0,200,0,0.8719,0.210046
DuelingDQN,deceptive_grid,1,90,15304,-248.0,200,0,0.8702,0.208376
DuelingDQN,deceptive_grid,1,91,15343,-32.0,39,1,0.8699,0.189985
DuelingDQN,deceptive_grid,1,92,15386,-44.0,43,1,0.8695,0.219471
DuelingDQN,deceptive_grid,1,93,15586,-252.0,200,0,0.8678,0.221566
DuelingDQN,deceptive_grid,1,94,15786,-256.0,200,0,0.8661,0.206419
DuelingDQN,deceptive_grid,1,95,15822,-33.0,36,1,0.8658,0.234139
DuelingDQN,deceptive_grid,1,96,15949,-128.0,127,1,0.8647,0.220069
DuelingDQN,deceptive_grid,1,97,16149,-256.0,200,0,0.863,0.235381
DuelingDQN,deceptive_grid,1,98,16349,-272.0,200,0,0.8613,0.224153
DuelingDQN,deceptive_grid,1,99,16549,-316.0,200,0,0.8596,0.238136
DuelingDQN,deceptive_grid,1,100,16749,-268.0,200,0,0.8579,0.223483
DuelingDQN,deceptive_grid,1,101,16949,-292.0,200,0,0.8562,0.208275
DuelingDQN,deceptive_grid,1,102,16974,-30.0,25,1,0.856,0.183579
DuelingDQN,deceptive_grid,1,103,17112,-191.0,138,1,0.8549,0.251406
DuelingDQN,deceptive_grid,1,104,17312,-236.0,200,0,0.8532,0.204425
DuelingDQN,deceptive_grid,1,105,17323,0.0,11,1,0.8531,0.179755
DuelingDQN,deceptive_grid,1,106,17523,-276.0,200,0,0.8514,0.219714
DuelingDQN,deceptive_grid,1,107,17576,-58.0,53,1,0.8509,0.275332
DuelingDQN,deceptive_grid,1,108,17589,-18.0,13,1,0.8508,0.232041
DuelingDQN,deceptive_grid,1,109,17789,-240.0,200,0,0.8491,0.20652
DuelingDQN,deceptive_grid,1,110,17989,-280.0,200,0,0.8474,0.18863
DuelingDQN,deceptive_grid,1,111,18189,-236.0,200,0,0.8457,0.245722
DuelingDQN,deceptive_grid,1,112,18389,-212.0,200,0,0.844,0.208644
DuelingDQN,deceptive_grid,1,113,18589,-312.0,200,0,0.8423,0.260973
DuelingDQN,deceptive_grid,1,114,18618,-38.0,29,1,0.8421,0.242874
DuelingDQN,deceptive_grid,1,115,18684,-67.0,66,1,0.8415,0.269746
DuelingDQN,deceptive_grid,1,116,18691,4.0,7,1,0.8415,0.265121
DuelingDQN,deceptive_grid,1,117,18705,-7.0,14,1,0.8414,0.236994
DuelingDQN,deceptive_grid,1,118,18713,3.0,8,1,0.8413,0.226995
DuelingDQN,deceptive_grid,1,119,18913,-216.0,200,0,0.8396,0.248205
DuelingDQN,deceptive_grid,1,120,19036,-136.0,123,1,0.8385,0.273545
DuelingDQN,deceptive_grid,1,121,19236,-252.0,200,0,0.8368,0.262893
DuelingDQN,deceptive_grid,1,122,19436,-216.0,200,0,0.8351,0.208774
DuelingDQN,deceptive_grid,1,123,19451,-8.0,15,1,0.835,0.250681
DuelingDQN,deceptive_grid,1,124,19543,-101.0,92,1,0.8342,0.268952
DuelingDQN,deceptive_grid,1,125,19560,-26.0,17,1,0.8341,0.267931
DuelingDQN,deceptive_grid,1,126,19760,-284.0,200,0,0.8324,0.222614
DuelingDQN,deceptive_grid,1,127,19960,-248.0,200,0,0.8307,0.206357
DuelingDQN,deceptive_grid,1,128,20160,-268.0,200,0,0.829,0.219398
DuelingDQN,deceptive_grid,1,129,20243,-92.0,83,1,0.8283,0.196226
DuelingDQN,deceptive_grid,1,130,20443,-288.0,200,0,0.8266,0.172173
DuelingDQN,deceptive_grid,1,131,20505,-63.0,62,1,0.8261,0.19786
DuelingDQN,deceptive_grid,1,132,20628,-136.0,123,1,0.825,0.21762
DuelingDQN,deceptive_grid,1,133,20708,-81.0,80,1,0.8244,0.177681
DuelingDQN,deceptive_grid,1,134,20908,-252.0,200,0,0.8227,0.163819
DuelingDQN,deceptive_grid,1,135,21021,-118.0,113,1,0.8217,0.192032
DuelingDQN,deceptive_grid,1,136,21077,-45.0,56,1,0.8212,0.219386
DuelingDQN,deceptive_grid,1,137,21095,-23.0,18,1,0.8211,0.194664
DuelingDQN,deceptive_grid,1,138,21134,-36.0,39,1,0.8207,0.185327
DuelingDQN,deceptive_grid,1,139,21151,-6.0,17,1,0.8206,0.178924
DuelingDQN,deceptive_grid,1,140,21197,-51.0,46,1,0.8202,0.178408
DuelingDQN,deceptive_grid,1,141,21230,-46.0,33,1,0.8199,0.193292
DuelingDQN,deceptive_grid,1,142,21348,-127.0,118,1,0.8189,0.153689
DuelingDQN,deceptive_grid,1,143,21548,-244.0,200,0,0.8172,0.188374
DuelingDQN,deceptive_grid,1,144,21733,-218.0,185,1,0.8157,0.187369
DuelingDQN,deceptive_grid,1,145,21770,-34.0,37,1,0.8154,0.147456
DuelingDQN,deceptive_grid,1,146,21970,-240.0,200,0,0.8137,0.154475
DuelingDQN,deceptive_grid,1,147,21971,10.0,1,1,0.8136,0.103338
DuelingDQN,deceptive_grid,1,148,22092,-142.0,121,1,0.8126,0.215838
DuelingDQN,deceptive_grid,1,149,22165,-74.0,73,1,0.812,0.200834
DuelingDQN,deceptive_grid,1,150,22308,-152.0,143,1,0.8108,0.178955
DuelingDQN,deceptive_grid,1,151,22334,-19.0,26,1,0.8106,0.180618
DuelingDQN,deceptive_grid,1,152,22474,-153.0,140,1,0.8094,0.160467
DuelingDQN,deceptive_grid,1,153,22506,-37.0,32,1,0.8091,0.196723
DuelingDQN,deceptive_grid,1,154,22533,-24.0,27,1,0.8089,0.23658
DuelingDQN,deceptive_grid,1,155,22694,-194.0,161,1,0.8075,0.174835
DuelingDQN,deceptive_grid,1,156,22744,-63.0,50,1,0.8071,0.158326
DuelingDQN,deceptive_grid,1,157,22842,-91.0,98,1,0.8063,0.147545
DuelingDQN,deceptive_grid,1,158,22901,-56.0,59,1,0.8058,0.142238
DuelingDQN,deceptive_grid,1,159,22999,-131.0,98,1,0.8049,0.131687
DuelingDQN,deceptive_grid,1,160,23030,-32.0,31,1,0.8047,0.278497
DuelingDQN,deceptive_grid,1,161,23130,-97.0,100,1,0.8038,0.187127
DuelingDQN,deceptive_grid,1,162,23156,-19.0,26,1,0.8036,0.146577
DuelingDQN,deceptive_grid,1,163,23356,-276.0,200,0,0.8019,0.133554
DuelingDQN,deceptive_grid,1,164,23434,-91.0,78,1,0.8012,0.122939
DuelingDQN,deceptive_grid,1,165,23487,-50.0,53,1,0.8008,0.122303
DuelingDQN,deceptive_grid,1,166,23529,-43.0,42,1,0.8004,0.258422
DuelingDQN,deceptive_grid,1,167,23556,-16.0,27,1,0.8002,0.200614
DuelingDQN,deceptive_grid,1,168,23648,-85.0,92,1,0.7994,0.16894
DuelingDQN,deceptive_grid,1,169,23668,-29.0,20,1,0.7993,0.16905
DuelingDQN,deceptive_grid,1,170,23697,-30.0,29,1,0.799,0.160178
DuelingDQN,deceptive_grid,1,171,23728,-32.0,31,1,0.7987,0.154303
DuelingDQN,deceptive_grid,1,172,23771,-40.0,43,1,0.7984,0.145866
DuelingDQN,deceptive_grid,1,173,23791,-9.0,20,1,0.7982,0.155062
DuelingDQN,deceptive_grid,1,174,23872,-94.0,81,1,0.7975,0.140856
DuelingDQN,deceptive_grid,1,175,23950,-83.0,78,1,0.7969,0.122136
DuelingDQN,deceptive_grid,1,176,24150,-240.0,200,0,0.7952,0.176353
DuelingDQN,deceptive_grid,1,177,24350,-232.0,200,0,0.7935,0.137194
DuelingDQN,deceptive_grid,1,178,24389,-36.0,39,1,0.7931,0.12221
DuelingDQN,deceptive_grid,1,179,24478,-118.0,89,1,0.7924,0.112681
DuelingDQN,deceptive_grid,1,180,24594,-129.0,116,1,0.7914,0.164735
DuelingDQN,deceptive_grid,1,181,24729,-160.0,135,1,0.7903,0.141168
DuelingDQN,deceptive_grid,1,182,24777,-49.0,48,1,0.7898,0.124887
DuelingDQN,deceptive_grid,1,183,24829,-41.0,52,1,0.7894,0.116597
DuelingDQN,deceptive_grid,1,184,24984,-192.0,155,1,0.7881,0.110759
DuelingDQN,deceptive_grid,1,185,25026,-47.0,42,1,0.7877,0.18987
DuelingDQN,deceptive_grid,1,186,25059,-42.0,33,1,0.7875,0.149276
DuelingDQN,deceptive_grid,1,187,25189,-167.0,130,1,0.7864,0.132088
DuelingDQN,deceptive_grid,1,188,25359,-223.0,170,1,0.7849,0.104784
DuelingDQN,deceptive_grid,1,189,25433,-91.0,74,1,0.7843,0.10037
DuelingDQN,deceptive_grid,1,190,25524,-96.0,91,1,0.7835,0.121739
DuelingDQN,deceptive_grid,1,191,25683,-240.0,159,1,0.7822,0.119872
DuelingDQN,deceptive_grid,1,192,25758,-76.0,75,1,0.7815,0.106914
DuelingDQN,deceptive_grid,1,193,25812,-59.0,54,1,0.7811,0.090129
DuelingDQN,deceptive_grid,1,194,25922,-111.0,110,1,0.7801,0.083774
DuelingDQN,deceptive_grid,1,195,26047,-126.0,125,1,0.7791,0.107561
DuelingDQN,deceptive_grid,1,196,26127,-77.0,80,1,0.7784,0.098602
DuelingDQN,deceptive_grid,1,197,26202,-80.0,75,1,0.7778,0.091544
DuelingDQN,deceptive_grid,1,198,26336,-127.0,134,1,0.7766,0.082031
DuelingDQN,deceptive_grid,1,199,26400,-61.0,64,1,0.7761,0.075887
DuelingDQN,deceptive_grid,1,200,26516,-133.0,116,1,0.7751,0.085422
DuelingDQN,deceptive_grid,1,201,26630,-123.0,114,1,0.7741,0.086743
DuelingDQN,deceptive_grid,1,202,26817,-220.0,187,1,0.7725,0.067337
DuelingDQN,deceptive_grid,1,203,26964,-196.0,147,1,0.7713,0.05506
DuelingDQN,deceptive_grid,1,204,26996,-33.0,32,1,0.771,0.056828
DuelingDQN,deceptive_grid,1,205,27083,-92.0,87,1,0.7703,0.079291
DuelingDQN,deceptive_grid,1,206,27106,-20.0,23,1,0.7701,0.06747
DuelingDQN,deceptive_grid,1,207,27235,-130.0,129,1,0.769,0.061554
DuelingDQN,deceptive_grid,1,208,27274,-32.0,39,1,0.7687,0.046287
DuelingDQN,deceptive_grid,1,209,27432,-199.0,158,1,0.7673,0.045005
DuelingDQN,deceptive_grid,1,210,27453,-10.0,21,1,0.7671,0.044194
DuelingDQN,deceptive_grid,1,211,27653,-252.0,200,0,0.7655,0.054526
DuelingDQN,deceptive_grid,1,212,27768,-132.0,115,1,0.7645,0.042257
DuelingDQN,deceptive_grid,1,213,27773,6.0,5,1,0.7644,0.039369
DuelingDQN,deceptive_grid,1,214,27854,-102.0,81,1,0.7637,0.038071
DuelingDQN,deceptive_grid,1,215,27871,-6.0,17,1,0.7636,0.029801
DuelingDQN,deceptive_grid,1,216,27951,-85.0,80,1,0.7629,0.032051
DuelingDQN,deceptive_grid,1,217,28026,-88.0,75,1,0.7623,0.044577
DuelingDQN,deceptive_grid,1,218,28058,-21.0,32,1,0.762,0.044071
DuelingDQN,deceptive_grid,1,219,28239,-234.0,181,1,0.7605,0.039652
DuelingDQN,deceptive_grid,1,220,28387,-197.0,148,1,0.7592,0.029533
DuelingDQN,deceptive_grid,1,221,28447,-65.0,60,1,0.7587,0.027256
DuelingDQN,deceptive_grid,1,222,28548,-106.0,101,1,0.7579,0.04052
DuelingDQN,deceptive_grid,1,223,28610,-55.0,62,1,0.7573,0.040677
DuelingDQN,deceptive_grid,1,224,28691,-82.0,81,1,0.7566,0.034277
DuelingDQN,deceptive_grid,1,225,28722,-24.0,31,1,0.7564,0.031801
DuelingDQN,deceptive_grid,1,226,28818,-93.0,96,1,0.7556,0.028265
DuelingDQN,deceptive_grid,1,227,28829,-8.0,11,1,0.7555,0.032756
DuelingDQN,deceptive_grid,1,228,28844,-4.0,15,1,0.7553,0.026419
DuelingDQN,deceptive_grid,1,229,28901,-58.0,57,1,0.7549,0.026868
DuelingDQN,deceptive_grid,1,230,28989,-133.0,88,1,0.7541,0.024978
DuelingDQN,deceptive_grid,1,231,29069,-81.0,80,1,0.7534,0.03919
DuelingDQN,deceptive_grid,1,232,29146,-70.0,77,1,0.7528,0.029705
DuelingDQN,deceptive_grid,1,233,29231,-90.0,85,1,0.7521,0.024744
DuelingDQN,deceptive_grid,1,234,29342,-128.0,111,1,0.7511,0.027212
DuelingDQN,deceptive_grid,1,235,29453,-112.0,111,1,0.7502,0.022239
DuelingDQN,deceptive_grid,1,236,29587,-139.0,134,1,0.749,0.031048
DuelingDQN,deceptive_grid,1,237,29633,-47.0,46,1,0.7487,0.030842
DuelingDQN,deceptive_grid,1,238,29668,-44.0,35,1,0.7484,0.025385
DuelingDQN,deceptive_grid,1,239,29773,-118.0,105,1,0.7475,0.023249
DuelingDQN,deceptive_grid,1,240,29861,-105.0,88,1,0.7467,0.020227
DuelingDQN,deceptive_grid,1,241,29938,-74.0,77,1,0.7461,0.025389
DuelingDQN,deceptive_grid,1,242,29979,-38.0,41,1,0.7457,0.019826
DuelingDQN,deceptive_grid,1,243,30009,-27.0,30,1,0.7455,0.022208
DuelingDQN,deceptive_grid,1,244,30024,-12.0,15,1,0.7453,0.028104
DuelingDQN,deceptive_grid,1,245,30194,-215.0,170,1,0.7439,0.024285
DuelingDQN,deceptive_grid,1,246,30279,-86.0,85,1,0.7432,0.020879
DuelingDQN,deceptive_grid,1,247,30333,-55.0,54,1,0.7427,0.02156
DuelingDQN,deceptive_grid,1,248,30365,-29.0,32,1,0.7424,0.024862
DuelingDQN,deceptive_grid,1,249,30416,-56.0,51,1,0.742,0.021838
DuelingDQN,deceptive_grid,1,250,30473,-50.0,57,1,0.7415,0.015037
DuelingDQN,deceptive_grid,1,251,30504,-20.0,31,1,0.7413,0.02111
DuelingDQN,deceptive_grid,1,252,30587,-80.0,83,1,0.7406,0.023142
DuelingDQN,deceptive_grid,1,253,30675,-109.0,88,1,0.7398,0.019524
DuelingDQN,deceptive_grid,1,254,30739,-77.0,64,1,0.7393,0.016862
DuelingDQN,deceptive_grid,1,255,30814,-68.0,75,1,0.7386,0.017245
DuelingDQN,deceptive_grid,1,256,30912,-111.0,98,1,0.7378,0.016732
DuelingDQN,deceptive_grid,1,257,30951,-28.0,39,1,0.7375,0.016547
DuelingDQN,deceptive_grid,1,258,31017,-67.0,66,1,0.7369,0.01942
DuelingDQN,deceptive_grid,1,259,31068,-52.0,51,1,0.7365,0.031015
DuelingDQN,deceptive_grid,1,260,31177,-142.0,109,1,0.7356,0.023462
DuelingDQN,deceptive_grid,1,261,31189,-1.0,12,1,0.7355,0.026156
DuelingDQN,deceptive_grid,1,262,31227,-31.0,38,1,0.7351,0.023189
DuelingDQN,deceptive_grid,1,263,31235,-5.0,8,1,0.7351,0.023935
DuelingDQN,deceptive_grid,1,264,31250,-8.0,15,1,0.7349,0.018855
DuelingDQN,deceptive_grid,1,265,31309,-56.0,59,1,0.7344,0.015467
DuelingDQN,deceptive_grid,1,266,31314,6.0,5,1,0.7344,0.013288
DuelingDQN,deceptive_grid,1,267,31345,-20.0,31,1,0.7341,0.014822
DuelingDQN,deceptive_grid,1,268,31408,-84.0,63,1,0.7336,0.016452
DuelingDQN,deceptive_grid,1,269,31608,-252.0,200,0,0.7319,0.018827
DuelingDQN,deceptive_grid,1,270,31616,3.0,8,1,0.7318,0.018532
DuelingDQN,deceptive_grid,1,271,31751,-188.0,135,1,0.7307,0.015929
DuelingDQN,deceptive_grid,1,272,31783,-29.0,32,1,0.7304,0.014523
DuelingDQN,deceptive_grid,1,273,31910,-144.0,127,1,0.7293,0.016553
DuelingDQN,deceptive_grid,1,274,31983,-78.0,73,1,0.7287,0.016907
DuelingDQN,deceptive_grid,1,275,32041,-63.0,58,1,0.7282,0.026275
DuelingDQN,deceptive_grid,1,276,32066,-18.0,25,1,0.728,0.029686
DuelingDQN,deceptive_grid,1,277,32092,-23.0,26,1,0.7278,0.021834
DuelingDQN,deceptive_grid,1,278,32173,-74.0,81,1,0.7271,0.02358
DuelingDQN,deceptive_grid,1,279,32268,-104.0,95,1,0.7263,0.018315
DuelingDQN,deceptive_grid,1,280,32306,-35.0,38,1,0.726,0.017365
DuelingDQN,deceptive_grid,1,281,32330,-21.0,24,1,0.7258,0.017261
DuelingDQN,deceptive_grid,1,282,32394,-73.0,64,1,0.7252,0.016255
DuelingDQN,deceptive_grid,1,283,32511,-118.0,117,1,0.7242,0.018445
DuelingDQN,deceptive_grid,1,284,32560,-58.0,49,1,0.7238,0.018159
DuelingDQN,deceptive_grid,1,285,32671,-124.0,111,1,0.7229,0.015432
DuelingDQN,deceptive_grid,1,286,32775,-121.0,104,1,0.722,0.01334
DuelingDQN,deceptive_grid,1,287,32823,-41.0,48,1,0.7216,0.011889
DuelingDQN,deceptive_grid,1,288,32880,-66.0,57,1,0.7211,0.013536
DuelingDQN,deceptive_grid,1,289,32885,6.0,5,1,0.7211,0.011329
DuelingDQN,deceptive_grid,1,290,32992,-140.0,107,1,0.7202,0.011351
DuelingDQN,deceptive_grid,1,291,33096,-129.0,104,1,0.7193,0.020465
DuelingDQN,deceptive_grid,1,292,33105,-10.0,9,1,0.7192,0.014576
DuelingDQN,deceptive_grid,1,293,33208,-124.0,103,1,0.7183,0.014299
DuelingDQN,deceptive_grid,1,294,33261,-46.0,53,1,0.7179,0.011572
DuelingDQN,deceptive_grid,1,295,33271,1.0,10,1,0.7178,0.012257
DuelingDQN,deceptive_grid,1,296,33332,-66.0,61,1,0.7173,0.013496
DuelingDQN,deceptive_grid,1,297,33333,10.0,1,1,0.7173,0.013183
DuelingDQN,deceptive_grid,1,298,33351,-7.0,18,1,0.7171,0.014376
DuelingDQN,deceptive_grid,1,299,33368,-14.0,17,1,0.717,0.012958
DuelingDQN,deceptive_grid,1,300,33418,-43.0,50,1,0.7166,0.011177
DuelingDQN,deceptive_grid,1,301,33602,-221.0,184,1,0.715,0.013396
DuelingDQN,deceptive_grid,1,302,33619,-6.0,17,1,0.7148,0.013525
DuelingDQN,deceptive_grid,1,303,33702,-76.0,83,1,0.7141,0.016263
DuelingDQN,deceptive_grid,1,304,33753,-40.0,51,1,0.7137,0.010374
DuelingDQN,deceptive_grid,1,305,33790,-30.0,37,1,0.7134,0.009433
DuelingDQN,deceptive_grid,1,306,33902,-109.0,112,1,0.7124,0.011338
DuelingDQN,deceptive_grid,1,307,33917,-8.0,15,1,0.7123,0.0113
DuelingDQN,deceptive_grid,1,308,33946,-18.0,29,1,0.7121,0.010227
DuelingDQN,deceptive_grid,1,309,33955,2.0,9,1,0.712,0.009015
DuelingDQN,deceptive_grid,1,310,34001,-39.0,46,1,0.7116,0.010073
DuelingDQN,deceptive_grid,1,311,34007,5.0,6,1,0.7116,0.017359
DuelingDQN,deceptive_grid,1,312,34067,-53.0,60,1,0.711,0.017894
DuelingDQN,deceptive_grid,1,313,34155,-125.0,88,1,0.7103,0.015567
DuelingDQN,deceptive_grid,1,314,34291,-161.0,136,1,0.7091,0.014776
DuelingDQN,deceptive_grid,1,315,34302,0.0,11,1,0.7091,0.009949
DuelingDQN,deceptive_grid,1,316,34421,-144.0,119,1,0.708,0.012199
DuelingDQN,deceptive_grid,1,317,34441,-9.0,20,1,0.7079,0.011681
DuelingDQN,deceptive_grid,1,318,34533,-93.0,92,1,0.7071,0.016592
DuelingDQN,deceptive_grid,1,319,34603,-87.0,70,1,0.7065,0.018963
DuelingDQN,deceptive_grid,1,320,34657,-63.0,54,1,0.706,0.014425
DuelingDQN,deceptive_grid,1,321,34759,-107.0,102,1,0.7052,0.015974
DuelingDQN,deceptive_grid,1,322,34800,-42.0,41,1,0.7048,0.014561
DuelingDQN,deceptive_grid,1,323,34809,-2.0,9,1,0.7048,0.01128
DuelingDQN,deceptive_grid,1,324,34818,-2.0,9,1,0.7047,0.008728
DuelingDQN,deceptive_grid,1,325,34874,-53.0,56,1,0.7042,0.012565
DuelingDQN,deceptive_grid,1,326,34923,-42.0,49,1,0.7038,0.012036
DuelingDQN,deceptive_grid,1,327,34939,-5.0,16,1,0.7037,0.01244
DuelingDQN,deceptive_grid,1,328,34977,-51.0,38,1,0.7033,0.012614
DuelingDQN,deceptive_grid,1,329,35050,-102.0,73,1,0.7027,0.018615
DuelingDQN,deceptive_grid,1,330,35142,-81.0,92,1,0.7019,0.0143
DuelingDQN,deceptive_grid,1,331,35229,-112.0,87,1,0.7012,0.012717
DuelingDQN,deceptive_grid,1,332,35262,-34.0,33,1,0.7009,0.014302
DuelingDQN,deceptive_grid,1,333,35344,-83.0,82,1,0.7002,0.012672
DuelingDQN,deceptive_grid,1,334,35386,-35.0,42,1,0.6999,0.011569
DuelingDQN,deceptive_grid,1,335,35393,0.0,7,1,0.6998,0.008214
DuelingDQN,deceptive_grid,1,336,35411,-7.0,18,1,0.6996,0.007714
DuelingDQN,deceptive_grid,1,337,35425,-3.0,14,1,0.6995,0.007275
DuelingDQN,deceptive_grid,1,338,35489,-73.0,64,1,0.699,0.009026
DuelingDQN,deceptive_grid,1,339,35582,-118.0,93,1,0.6982,0.013628
DuelingDQN,deceptive_grid,1,340,35644,-91.0,62,1,0.6977,0.011636
DuelingDQN,deceptive_grid,1,341,35662,-15.0,18,1,0.6975,0.010196
DuelingDQN,deceptive_grid,1,342,35724,-55.0,62,1,0.697,0.010592
DuelingDQN,deceptive_grid,1,343,35746,-11.0,22,1,0.6968,0.00953
DuelingDQN,deceptive_grid,1,344,35843,-126.0,97,1,0.696,0.009327
DuelingDQN,deceptive_grid,1,345,35869,-19.0,26,1,0.6958,0.007947
DuelingDQN,deceptive_grid,1,346,35912,-32.0,43,1,0.6954,0.006923
DuelingDQN,deceptive_grid,1,347,35953,-30.0,41,1,0.695,0.008189
DuelingDQN,deceptive_grid,1,348,36023,-63.0,70,1,0.6945,0.010279
DuelingDQN,deceptive_grid,1,349,36123,-101.0,100,1,0.6936,0.011452
DuelingDQN,deceptive_grid,1,350,36162,-28.0,39,1,0.6933,0.012618
DuelingDQN,deceptive_grid,1,351,36178,-13.0,16,1,0.6931,0.013973
DuelingDQN,deceptive_grid,1,352,36260,-91.0,82,1,0.6924,0.008026
DuelingDQN,deceptive_grid,1,353,36375,-144.0,115,1,0.6915,0.008045
DuelingDQN,deceptive_grid,1,354,36460,-86.0,85,1,0.6907,0.009462
DuelingDQN,deceptive_grid,1,355,36527,-64.0,67,1,0.6902,0.01065
DuelingDQN,deceptive_grid,1,356,36620,-86.0,93,1,0.6894,0.014723
DuelingDQN,deceptive_grid,1,357,36707,-120.0,87,1,0.6887,0.009711
DuelingDQN,deceptive_grid,1,358,36718,0.0,11,1,0.6886,0.007353
DuelingDQN,deceptive_grid,1,359,36744,-19.0,26,1,0.6883,0.008459
DuelingDQN,deceptive_grid,1,360,36821,-70.0,77,1,0.6877,0.008594
DuelingDQN,deceptive_grid,1,361,36846,-14.0,25,1,0.6875,0.0086
DuelingDQN,deceptive_grid,1,362,36901,-52.0,55,1,0.687,0.007124
DuelingDQN,deceptive_grid,1,363,36921,-9.0,20,1,0.6868,0.010743
DuelingDQN,deceptive_grid,1,364,36958,-42.0,37,1,0.6865,0.008164
DuelingDQN,deceptive_grid,1,365,36973,-8.0,15,1,0.6864,0.006091
DuelingDQN,deceptive_grid,1,366,37058,-86.0,85,1,0.6857,0.014542
DuelingDQN,deceptive_grid,1,367,37119,-70.0,61,1,0.6852,0.015926
DuelingDQN,deceptive_grid,1,368,37134,-8.0,15,1,0.685,0.012295
DuelingDQN,deceptive_grid,1,369,37222,-105.0,88,1,0.6843,0.010092
DuelingDQN,deceptive_grid,1,370,37302,-77.0,80,1,0.6836,0.008767
DuelingDQN,deceptive_grid,1,371,37317,-16.0,15,1,0.6835,0.010156
DuelingDQN,deceptive_grid,1,372,37359,-39.0,42,1,0.6831,0.009643
DuelingDQN,deceptive_grid,1,373,37432,-102.0,73,1,0.6825,0.009855
DuelingDQN,deceptive_grid,1,374,37459,-32.0,27,1,0.6823,0.008794
DuelingDQN,deceptive_grid,1,375,37570,-108.0,111,1,0.6813,0.016975
DuelingDQN,deceptive_grid,1,376,37626,-57.0,56,1,0.6809,0.017216
DuelingDQN,deceptive_grid,1,377,37678,-77.0,52,1,0.6804,0.010644
DuelingDQN,deceptive_grid,1,378,37686,3.0,8,1,0.6804,0.008994
DuelingDQN,deceptive_grid,1,379,37738,-41.0,52,1,0.6799,0.009569
DuelingDQN,deceptive_grid,1,380,37798,-73.0,60,1,0.6794,0.010159
DuelingDQN,deceptive_grid,1,381,37899,-98.0,101,1,0.6785,0.008238
DuelingDQN,deceptive_grid,1,382,37909,-7.0,10,1,0.6785,0.007408
DuelingDQN,deceptive_grid,1,383,37921,-13.0,12,1,0.6784,0.006059
DuelingDQN,deceptive_grid,1,384,37968,-52.0,47,1,0.678,0.006895
DuelingDQN,deceptive_grid,1,385,38017,-54.0,49,1,0.6775,0.013383
DuelingDQN,deceptive_grid,1,386,38088,-68.0,71,1,0.6769,0.019712
DuelingDQN,deceptive_grid,1,387,38124,-41.0,36,1,0.6766,0.01303
DuelingDQN,deceptive_grid,1,388,38151,-28.0,27,1,0.6764,0.010948
DuelingDQN,deceptive_grid,1,389,38232,-82.0,81,1,0.6757,0.010971
DuelingDQN,deceptive_grid,1,390,38292,-69.0,60,1,0.6752,0.009599
DuelingDQN,deceptive_grid,1,391,38380,-85.0,88,1,0.6745,0.010408
DuelingDQN,deceptive_grid,1,392,38461,-74.0,81,1,0.6738,0.012513
DuelingDQN,deceptive_grid,1,393,38617,-161.0,156,1,0.6725,0.01682
DuelingDQN,deceptive_grid,1,394,38657,-45.0,40,1,0.6721,0.0119
DuelingDQN,deceptive_grid,1,395,38668,0.0,11,1,0.672,0.010094
DuelingDQN,deceptive_grid,1,396,38794,-147.0,126,1,0.671,0.010378
DuelingDQN,deceptive_grid,1,397,38799,-10.0,5,1,0.6709,0.006397
DuelingDQN,deceptive_grid,1,398,38863,-61.0,64,1,0.6704,0.006425
DuelingDQN,deceptive_grid,1,399,38933,-71.0,70,1,0.6698,0.005926
DuelingDQN,deceptive_grid,1,400,38979,-51.0,46,1,0.6694,0.005861
DuelingDQN,deceptive_grid,1,401,39052,-70.0,73,1,0.6688,0.01148
DuelingDQN,deceptive_grid,1,402,39083,-20.0,31,1,0.6685,0.011265
DuelingDQN,deceptive_grid,1,403,39123,-37.0,40,1,0.6682,0.009789
DuelingDQN,deceptive_grid,1,404,39215,-85.0,92,1,0.6674,0.008574
DuelingDQN,deceptive_grid,1,405,39268,-58.0,53,1,0.6669,0.011999
DuelingDQN,deceptive_grid,1,406,39280,-9.0,12,1,0.6668,0.010804
DuelingDQN,deceptive_grid,1,407,39294,-3.0,14,1,0.6667,0.008457
DuelingDQN,deceptive_grid,1,408,39386,-105.0,92,1,0.6659,0.00609
DuelingDQN,deceptive_grid,1,409,39444,-47.0,58,1,0.6654,0.006595
DuelingDQN,deceptive_grid,1,410,39476,-33.0,32,1,0.6652,0.007293
DuelingDQN,deceptive_grid,1,411,39557,-74.0,81,1,0.6645,0.01161
DuelingDQN,deceptive_grid,1,412,39644,-80.0,87,1,0.6637,0.012606
DuelingDQN,deceptive_grid,1,413,39684,-37.0,40,1,0.6634,0.009789
DuelingDQN,deceptive_grid,1,414,39733,-46.0,49,1,0.663,0.008435
DuelingDQN,deceptive_grid,1,415,39783,-39.0,50,1,0.6626,0.007414
DuelingDQN,deceptive_grid,1,416,39825,-35.0,42,1,0.6622,0.007743
DuelingDQN,deceptive_grid,1,417,39893,-69.0,68,1,0.6616,0.008053
DuelingDQN,deceptive_grid,1,418,39905,-1.0,12,1,0.6615,0.006992
DuelingDQN,deceptive_grid,1,419,39909,7.0,4,1,0.6615,0.007724
DuelingDQN,deceptive_grid,1,420,40022,-130.0,113,1,0.6605,0.007999
DuelingDQN,deceptive_grid,1,421,40141,-128.0,119,1,0.6595,0.009544
DuelingDQN,deceptive_grid,1,422,40188,-48.0,47,1,0.6591,0.006828
DuelingDQN,deceptive_grid,1,423,40236,-41.0,48,1,0.6587,0.00838
DuelingDQN,deceptive_grid,1,424,40251,-8.0,15,1,0.6586,0.0096
DuelingDQN,deceptive_grid,1,425,40302,-56.0,51,1,0.6582,0.007185
DuelingDQN,deceptive_grid,1,426,40348,-35.0,46,1,0.6578,0.007453
DuelingDQN,deceptive_grid,1,427,40377,-18.0,29,1,0.6575,0.005778
DuelingDQN,deceptive_grid,1,428,40388,0.0,11,1,0.6574,0.005828
DuelingDQN,deceptive_grid,1,429,40459,-76.0,71,1,0.6568,0.006388
DuelingDQN,deceptive_grid,1,430,40480,-10.0,21,1,0.6567,0.005639
DuelingDQN,deceptive_grid,1,431,40485,2.0,5,1,0.6566,0.005506
DuelingDQN,deceptive_grid,1,432,40550,-62.0,65,1,0.6561,0.008942
DuelingDQN,deceptive_grid,1,433,40590,-41.0,40,1,0.6557,0.010341
DuelingDQN,deceptive_grid,1,434,40677,-108.0,87,1,0.655,0.008839
DuelingDQN,deceptive_grid,1,435,40691,-11.0,14,1,0.6549,0.009013
DuelingDQN,deceptive_grid,1,436,40777,-87.0,86,1,0.6541,0.009137
DuelingDQN,deceptive_grid,1,437,40835,-75.0,58,1,0.6536,0.006854
DuelingDQN,deceptive_grid,1,438,40919,-85.0,84,1,0.6529,0.005456
DuelingDQN,deceptive_grid,1,439,40956,-38.0,37,1,0.6526,0.00497
DuelingDQN,deceptive_grid,1,440,40983,-24.0,27,1,0.6524,0.005633
DuelingDQN,deceptive_grid,1,441,41000,-10.0,17,1,0.6522,0.006229
DuelingDQN,deceptive_grid,1,442,41032,-29.0,32,1,0.652,0.017365
DuelingDQN,deceptive_grid,1,443,41100,-69.0,68,1,0.6514,0.014294
DuelingDQN,deceptive_grid,1,444,41123,-20.0,23,1,0.6512,0.010357
DuelingDQN,deceptive_grid,1,445,41142,-8.0,19,1,0.651,0.00918
DuelingDQN,deceptive_grid,1,446,41213,-88.0,71,1,0.6504,0.00777
DuelingDQN,deceptive_grid,1,447,41236,-16.0,23,1,0.6502,0.00698
DuelingDQN,deceptive_grid,1,448,41284,-37.0,48,1,0.6498,0.006888
DuelingDQN,deceptive_grid,1,449,41328,-33.0,44,1,0.6495,0.006284
DuelingDQN,deceptive_grid,1,450,41394,-75.0,66,1,0.6489,0.006905
DuelingDQN,deceptive_grid,1,451,41466,-81.0,72,1,0.6483,0.005594
DuelingDQN,deceptive_grid,1,452,41486,-21.0,20,1,0.6481,0.005758
DuelingDQN,deceptive_grid,1,453,41546,-61.0,60,1,0.6476,0.011277
DuelingDQN,deceptive_grid,1,454,41626,-89.0,80,1,0.6469,0.010018
DuelingDQN,deceptive_grid,1,455,41677,-64.0,51,1,0.6465,0.007526
DuelingDQN,deceptive_grid,1,456,41759,-103.0,82,1,0.6458,0.006112
DuelingDQN,deceptive_grid,1,457,41846,-100.0,87,1,0.6451,0.005848
DuelingDQN,deceptive_grid,1,458,41886,-45.0,40,1,0.6447,0.005553
DuelingDQN,deceptive_grid,1,459,41922,-29.0,36,1,0.6444,0.005074
DuelingDQN,deceptive_grid,1,460,41967,-46.0,45,1,0.644,0.004606
DuelingDQN,deceptive_grid,1,461,41996,-26.0,29,1,0.6438,0.004487
DuelingDQN,deceptive_grid,1,462,42097,-106.0,101,1,0.6429,0.01191
DuelingDQN,deceptive_grid,1,463,42129,-21.0,32,1,0.6427,0.009409
DuelingDQN,deceptive_grid,1,464,42170,-46.0,41,1,0.6423,0.009159
DuelingDQN,deceptive_grid,1,465,42243,-62.0,73,1,0.6417,0.007734
DuelingDQN,deceptive_grid,1,466,42309,-91.0,66,1,0.6411,0.00662
DuelingDQN,deceptive_grid,1,467,42418,-170.0,109,1,0.6402,0.005523
DuelingDQN,deceptive_grid,1,468,42438,-13.0,20,1,0.64,0.004794
DuelingDQN,deceptive_grid,1,469,42519,-70.0,81,1,0.6394,0.009219
DuelingDQN,deceptive_grid,1,470,42532,-6.0,13,1,0.6392,0.011258
DuelingDQN,deceptive_grid,1,471,42595,-60.0,63,1,0.6387,0.014303
DuelingDQN,deceptive_grid,1,472,42596,10.0,1,1,0.6387,0.00868
DuelingDQN,deceptive_grid,1,473,42626,-23.0,30,1,0.6384,0.010679
DuelingDQN,deceptive_grid,1,474,42652,-15.0,26,1,0.6382,0.009259
DuelingDQN,deceptive_grid,1,475,42696,-45.0,44,1,0.6379,0.00979
DuelingDQN,deceptive_grid,1,476,42699,8.0,3,1,0.6378,0.009492
DuelingDQN,deceptive_grid,1,477,42740,-38.0,41,1,0.6375,0.008676
DuelingDQN,deceptive_grid,1,478,42769,-22.0,29,1,0.6372,0.007393
DuelingDQN,deceptive_grid,1,479,42870,-146.0,101,1,0.6364,0.00598
DuelingDQN,deceptive_grid,1,480,42911,-46.0,41,1,0.636,0.006037
DuelingDQN,deceptive_grid,1,481,42977,-67.0,66,1,0.6355,0.005967
DuelingDQN,deceptive_grid,1,482,43067,-107.0,90,1,0.6347,0.01004
DuelingDQN,deceptive_grid,1,483,43165,-131.0,98,1,0.6339,0.007906
DuelingDQN,deceptive_grid,1,484,43194,-26.0,29,1,0.6336,0.006008
DuelingDQN,deceptive_grid,1,485,43239,-38.0,45,1,0.6332,0.006836
DuelingDQN,deceptive_grid,1,486,43296,-54.0,57,1,0.6328,0.005914
DuelingDQN,deceptive_grid,1,487,43306,-3.0,10,1,0.6327,0.004334
DuelingDQN,deceptive_grid,1,488,43350,-49.0,44,1,0.6323,0.006193
DuelingDQN,deceptive_grid,1,489,43414,-65.0,64,1,0.6318,0.004341
DuelingDQN,deceptive_grid,1,490,43472,-63.0,58,1,0.6313,0.004135
DuelingDQN,deceptive_grid,1,491,43506,-35.0,34,1,0.631,0.005341
DuelingDQN,deceptive_grid,1,492,43594,-85.0,88,1,0.6302,0.011311
DuelingDQN,deceptive_grid,1,493,43629,-32.0,35,1,0.6299,0.008209
DuelingDQN,deceptive_grid,1,494,43675,-39.0,46,1,0.6296,0.006436
DuelingDQN,deceptive_grid,1,495,43697,-11.0,22,1,0.6294,0.00572
DuelingDQN,deceptive_grid,1,496,43725,-25.0,28,1,0.6291,0.005269
DuelingDQN,deceptive_grid,1,497,43737,-5.0,12,1,0.629,0.005809
DuelingDQN,deceptive_grid,1,498,43752,-4.0,15,1,0.6289,0.005611
DuelingDQN,deceptive_grid,1,499,43779,-28.0,27,1,0.6287,0.005259
DuelingDQN,deceptive_grid,1,500,43843,-73.0,64,1,0.6281,0.004863
DuelingDQN,deceptive_grid,1,501,43909,-67.0,66,1,0.6276,0.004607
DuelingDQN,deceptive_grid,1,502,43959,-39.0,50,1,0.6271,0.004062
DuelingDQN,deceptive_grid,1,503,43987,-37.0,28,1,0.6269,0.003662
DuelingDQN,deceptive_grid,1,504,44068,-78.0,81,1,0.6262,0.011542
DuelingDQN,deceptive_grid,1,505,44143,-88.0,75,1,0.6256,0.01059
DuelingDQN,deceptive_grid,1,506,44162,-8.0,19,1,0.6254,0.008354
DuelingDQN,deceptive_grid,1,507,44181,-20.0,19,1,0.6253,0.007725
DuelingDQN,deceptive_grid,1,508,44214,-22.0,33,1,0.625,0.00725
DuelingDQN,deceptive_grid,1,509,44248,-23.0,34,1,0.6247,0.006917
DuelingDQN,deceptive_grid,1,510,44292,-37.0,44,1,0.6243,0.005475
DuelingDQN,deceptive_grid,1,511,44350,-51.0,58,1,0.6238,0.00532
DuelingDQN,deceptive_grid,1,512,44385,-36.0,35,1,0.6235,0.004627
DuelingDQN,deceptive_grid,1,513,44458,-70.0,73,1,0.6229,0.003469
DuelingDQN,deceptive_grid,1,514,44522,-65.0,64,1,0.6224,0.005391
DuelingDQN,deceptive_grid,1,515,44550,-29.0,28,1,0.6221,0.011284
DuelingDQN,deceptive_grid,1,516,44617,-60.0,67,1,0.6216,0.009758
DuelingDQN,deceptive_grid,1,517,44693,-69.0,76,1,0.6209,0.007575
DuelingDQN,deceptive_grid,1,518,44788,-112.0,95,1,0.6201,0.007245
DuelingDQN,deceptive_grid,1,519,44849,-50.0,61,1,0.6196,0.005581
DuelingDQN,deceptive_grid,1,520,44896,-48.0,47,1,0.6192,0.005602
DuelingDQN,deceptive_grid,1,521,44957,-78.0,61,1,0.6187,0.003833
DuelingDQN,deceptive_grid,1,522,45006,-46.0,49,1,0.6183,0.005055
DuelingDQN,deceptive_grid,1,523,45048,-35.0,42,1,0.6179,0.010739
DuelingDQN,deceptive_grid,1,524,45071,-16.0,23,1,0.6177,0.011069
DuelingDQN,deceptive_grid,1,525,45137,-71.0,66,1,0.6171,0.009043
DuelingDQN,deceptive_grid,1,526,45173,-41.0,36,1,0.6168,0.007815
DuelingDQN,deceptive_grid,1,527,45217,-57.0,44,1,0.6165,0.006961
DuelingDQN,deceptive_grid,1,528,45288,-92.0,71,1,0.6159,0.005867
DuelingDQN,deceptive_grid,1,529,45363,-64.0,75,1,0.6152,0.005242
DuelingDQN,deceptive_grid,1,530,45380,-14.0,17,1,0.6151,0.005011
DuelingDQN,deceptive_grid,1,531,45423,-32.0,43,1,0.6147,0.003721
DuelingDQN,deceptive_grid,1,532,45469,-35.0,46,1,0.6143,0.004321
DuelingDQN,deceptive_grid,1,533,45498,-18.0,29,1,0.6141,0.003916
DuelingDQN,deceptive_grid,1,534,45600,-111.0,102,1,0.6132,0.008776
DuelingDQN,deceptive_grid,1,535,45679,-84.0,79,1,0.6126,0.006497
DuelingDQN,deceptive_grid,1,536,45690,-4.0,11,1,0.6125,0.006922
DuelingDQN,deceptive_grid,1,537,45691,10.0,1,1,0.6125,0.007596
DuelingDQN,deceptive_grid,1,538,45714,-24.0,23,1,0.6123,0.005622
DuelingDQN,deceptive_grid,1,539,45720,5.0,6,1,0.6122,0.005427
DuelingDQN,deceptive_grid,1,540,45749,-26.0,29,1,0.612,0.005965
DuelingDQN,deceptive_grid,1,541,45757,-1.0,8,1,0.6119,0.004876
DuelingDQN,deceptive_grid,1,542,45793,-41.0,36,1,0.6116,0.004859
DuelingDQN,deceptive_grid,1,543,45836,-32.0,43,1,0.6112,0.004264
DuelingDQN,deceptive_grid,1,544,45887,-72.0,51,1,0.6108,0.003669
DuelingDQN,deceptive_grid,1,545,45911,-21.0,24,1,0.6106,0.003142
DuelingDQN,deceptive_grid,1,546,45953,-35.0,42,1,0.6102,0.003011
DuelingDQN,deceptive_grid,1,547,46008,-52.0,55,1,0.6098,0.005264
DuelingDQN,deceptive_grid,1,548,46023,-4.0,15,1,0.6096,0.011047
DuelingDQN,deceptive_grid,1,549,46044,-10.0,21,1,0.6095,0.010363
DuelingDQN,deceptive_grid,1,550,46093,-46.0,49,1,0.609,0.009285
DuelingDQN,deceptive_grid,1,551,46141,-53.0,48,1,0.6086,0.00669
DuelingDQN,deceptive_grid,1,552,46182,-42.0,41,1,0.6083,0.007543
DuelingDQN,deceptive_grid,1,553,46226,-33.0,44,1,0.6079,0.004514
DuelingDQN,deceptive_grid,1,554,46253,-20.0,27,1,0.6077,0.005282
DuelingDQN,deceptive_grid,1,555,46311,-59.0,58,1,0.6072,0.004568
DuelingDQN,deceptive_grid,1,556,46337,-15.0,26,1,0.607,0.005258
DuelingDQN,deceptive_grid,1,557,46373,-33.0,36,1,0.6067,0.003866
DuelingDQN,deceptive_grid,1,558,46431,-67.0,58,1,0.6062,0.003044
DuelingDQN,deceptive_grid,1,559,46493,-71.0,62,1,0.6056,0.003457
DuelingDQN,deceptive_grid,1,560,46538,-42.0,45,1,0.6053,0.007179
DuelingDQN,deceptive_grid,1,561,46542,7.0,4,1,0.6052,0.00736
DuelingDQN,deceptive_grid,1,562,46562,-17.0,20,1,0.6051,0.006892
DuelingDQN,deceptive_grid,1,563,46586,-17.0,24,1,0.6049,0.00744
DuelingDQN,deceptive_grid,1,564,46624,-35.0,38,1,0.6045,0.005807
DuelingDQN,deceptive_grid,1,565,46638,-3.0,14,1,0.6044,0.006194
DuelingDQN,deceptive_grid,1,566,46663,-18.0,25,1,0.6042,0.005652
DuelingDQN,deceptive_grid,1,567,46694,-20.0,31,1,0.6039,0.003995
DuelingDQN,deceptive_grid,1,568,46722,-33.0,28,1,0.6037,0.004643
DuelingDQN,deceptive_grid,1,569,46764,-31.0,42,1,0.6033,0.008091
DuelingDQN,deceptive_grid,1,570,46815,-44.0,51,1,0.6029,0.005627
DuelingDQN,deceptive_grid,1,571,46835,-13.0,20,1,0.6027,0.005252
DuelingDQN,deceptive_grid,1,572,46840,2.0,5,1,0.6027,0.004981
DuelingDQN,deceptive_grid,1,573,46851,-4.0,11,1,0.6026,0.004834
DuelingDQN,deceptive_grid,1,574,46856,-2.0,5,1,0.6026,0.005398
DuelingDQN,deceptive_grid,1,575,46888,-21.0,32,1,0.6023,0.004389
DuelingDQN,deceptive_grid,1,576,46902,-7.0,14,1,0.6022,0.005148
DuelingDQN,deceptive_grid,1,577,46996,-87.0,94,1,0.6014,0.004473
DuelingDQN,deceptive_grid,1,578,47024,-17.0,28,1,0.6011,0.007202
DuelingDQN,deceptive_grid,1,579,47054,-23.0,30,1,0.6009,0.006884
DuelingDQN,deceptive_grid,1,580,47063,2.0,9,1,0.6008,0.007113
DuelingDQN,deceptive_grid,1,581,47073,1.0,10,1,0.6007,0.007018
DuelingDQN,deceptive_grid,1,582,47140,-64.0,67,1,0.6002,0.006733
DuelingDQN,deceptive_grid,1,583,47155,-4.0,15,1,0.6,0.006026
DuelingDQN,deceptive_grid,1,584,47220,-74.0,65,1,0.5995,0.00675
DuelingDQN,deceptive_grid,1,585,47239,-12.0,19,1,0.5993,0.005513
DuelingDQN,deceptive_grid,1,586,47302,-52.0,63,1,0.5988,0.00501
DuelingDQN,deceptive_grid,1,587,47330,-17.0,28,1,0.5985,0.003971
DuelingDQN,deceptive_grid,1,588,47354,-17.0,24,1,0.5983,0.004421
DuelingDQN,deceptive_grid,1,589,47397,-56.0,43,1,0.598,0.004282
DuelingDQN,deceptive_grid,1,590,47500,-156.0,103,1,0.5971,0.004814
DuelingDQN,deceptive_grid,1,591,47521,-10.0,21,1,0.5969,0.010497
DuelingDQN,deceptive_grid,1,592,47532,0.0,11,1,0.5968,0.01259
DuelingDQN,deceptive_grid,1,593,47589,-58.0,57,1,0.5964,0.010934
DuelingDQN,deceptive_grid,1,594,47623,-31.0,34,1,0.5961,0.008493
DuelingDQN,deceptive_grid,1,595,47639,-5.0,16,1,0.5959,0.006921
DuelingDQN,deceptive_grid,1,596,47684,-46.0,45,1,0.5955,0.005528
DuelingDQN,deceptive_grid,1,597,47718,-31.0,34,1,0.5953,0.007204
DuelingDQN,deceptive_grid,1,598,47803,-82.0,85,1,0.5945,0.005143
DuelingDQN,deceptive_grid,1,599,47860,-58.0,57,1,0.5941,0.003451
DuelingDQN,deceptive_grid,1,600,47920,-81.0,60,1,0.5935,0.002979
DuelingDQN,deceptive_grid,1,601,47928,3.0,8,1,0.5935,0.003325
DuelingDQN,deceptive_grid,1,602,48000,-81.0,72,1,0.5929,0.002973
DuelingDQN,deceptive_grid,1,603,48043,-36.0,43,1,0.5925,0.010085
DuelingDQN,deceptive_grid,1,604,48106,-60.0,63,1,0.592,0.010581
DuelingDQN,deceptive_grid,1,605,48142,-33.0,36,1,0.5917,0.008405
DuelingDQN,deceptive_grid,1,606,48170,-21.0,28,1,0.5914,0.007816
DuelingDQN,deceptive_grid,1,607,48196,-15.0,26,1,0.5912,0.007567
DuelingDQN,deceptive_grid,1,608,48227,-32.0,31,1,0.5909,0.005413
DuelingDQN,deceptive_grid,1,609,48250,-28.0,23,1,0.5907,0.004948
DuelingDQN,deceptive_grid,1,610,48267,-6.0,17,1,0.5906,0.005047
DuelingDQN,deceptive_grid,1,611,48272,6.0,5,1,0.5906,0.005764
DuelingDQN,deceptive_grid,1,612,48306,-23.0,34,1,0.5903,0.005307
DuelingDQN,deceptive_grid,1,613,48367,-50.0,61,1,0.5898,0.005194
DuelingDQN,deceptive_grid,1,614,48374,4.0,7,1,0.5897,0.003794
DuelingDQN,deceptive_grid,1,615,48408,-39.0,34,1,0.5894,0.004052
DuelingDQN,deceptive_grid,1,616,48434,-19.0,26,1,0.5892,0.003969
DuelingDQN,deceptive_grid,1,617,48460,-27.0,26,1,0.589,0.003522
DuelingDQN,deceptive_grid,1,618,48472,-1.0,12,1,0.5889,0.003384
DuelingDQN,deceptive_grid,1,619,48508,-33.0,36,1,0.5886,0.004916
DuelingDQN,deceptive_grid,1,620,48545,-26.0,37,1,0.5882,0.010816
DuelingDQN,deceptive_grid,1,621,48575,-23.0,30,1,0.588,0.008866
DuelingDQN,deceptive_grid,1,622,48618,-36.0,43,1,0.5876,0.006132
DuelingDQN,deceptive_grid,1,623,48622,7.0,4,1,0.5876,0.005549
DuelingDQN,deceptive_grid,1,624,48644,-11.0,22,1,0.5874,0.00572
DuelingDQN,deceptive_grid,1,625,48665,-14.0,21,1,0.5872,0.005442
DuelingDQN,deceptive_grid,1,626,48708,-40.0,43,1,0.5869,0.00544
DuelingDQN,deceptive_grid,1,627,48765,-54.0,57,1,0.5864,0.005523
DuelingDQN,deceptive_grid,1,628,48812,-36.0,47,1,0.586,0.005143
DuelingDQN,deceptive_grid,1,629,48832,-13.0,20,1,0.5858,0.00842
DuelingDQN,deceptive_grid,1,630,48865,-34.0,33,1,0.5855,0.006135
DuelingDQN,deceptive_grid,1,631,48889,-21.0,24,1,0.5853,0.00588
DuelingDQN,deceptive_grid,1,632,48906,-6.0,17,1,0.5852,0.00531
DuelingDQN,deceptive_grid,1,633,48949,-44.0,43,1,0.5848,0.004575
DuelingDQN,deceptive_grid,1,634,48993,-49.0,44,1,0.5844,0.003658
DuelingDQN,deceptive_grid,1,635,49035,-35.0,42,1,0.5841,0.008514
DuelingDQN,deceptive_grid,1,636,49049,-7.0,14,1,0.584,0.009426
DuelingDQN,deceptive_grid,1,637,49083,-23.0,34,1,0.5837,0.009141
DuelingDQN,deceptive_grid,1,638,49147,-65.0,64,1,0.5831,0.008266
DuelingDQN,deceptive_grid,1,639,49188,-38.0,41,1,0.5828,0.008271
DuelingDQN,deceptive_grid,1,640,49244,-45.0,56,1,0.5823,0.004776
DuelingDQN,deceptive_grid,1,641,49251,0.0,7,1,0.5823,0.004383
DuelingDQN,deceptive_grid,1,642,49297,-39.0,46,1,0.5819,0.004021
DuelingDQN,deceptive_grid,1,643,49299,9.0,2,1,0.5818,0.003657
DuelingDQN,deceptive_grid,1,644,49357,-59.0,58,1,0.5814,0.003438
DuelingDQN,deceptive_grid,1,645,49400,-36.0,43,1,0.581,0.002893
DuelingDQN,deceptive_grid,1,646,49422,-15.0,22,1,0.5808,0.003593
DuelingDQN,deceptive_grid,1,647,49474,-41.0,52,1,0.5804,0.004613
DuelingDQN,deceptive_grid,1,648,49573,-104.0,99,1,0.5795,0.006527
DuelingDQN,deceptive_grid,1,649,49630,-54.0,57,1,0.579,0.006121
DuelingDQN,deceptive_grid,1,650,49663,-26.0,33,1,0.5788,0.004726
DuelingDQN,deceptive_grid,1,651,49719,-57.0,56,1,0.5783,0.004096
DuelingDQN,deceptive_grid,1,652,49795,-81.0,76,1,0.5776,0.004187
DuelingDQN,deceptive_grid,1,653,49872,-86.0,77,1,0.577,0.00429
DuelingDQN,deceptive_grid,1,654,49911,-32.0,39,1,0.5767,0.00245
DuelingDQN,deceptive_grid,1,655,49953,-31.0,42,1,0.5763,0.002655
DuelingDQN,deceptive_grid,1,656,50007,-55.0,54,1,0.5758,0.003284
DuelingDQN,deceptive_grid,1,657,50038,-24.0,31,1,0.5756,0.00615
DuelingDQN,deceptive_grid,1,658,50128,-135.0,90,1,0.5748,0.005291
DuelingDQN,deceptive_grid,1,659,50177,-50.0,49,1,0.5744,0.004723
DuelingDQN,deceptive_grid,1,660,50213,-41.0,36,1,0.5741,0.007056
DuelingDQN,deceptive_grid,1,661,50258,-38.0,45,1,0.5737,0.004664
DuelingDQN,deceptive_grid,1,662,50296,-27.0,38,1,0.5734,0.004246
DuelingDQN,deceptive_grid,1,663,50309,-6.0,13,1,0.5733,0.003891
DuelingDQN,deceptive_grid,1,664,50329,-9.0,20,1,0.5731,0.003429
DuelingDQN,deceptive_grid,1,665,50379,-51.0,50,1,0.5727,0.002611
DuelingDQN,deceptive_grid,1,666,50384,2.0,5,1,0.5726,0.002606
DuelingDQN,deceptive_grid,1,667,50450,-67.0,66,1,0.5721,0.00259
DuelingDQN,deceptive_grid,1,668,50496,-51.0,46,1,0.5717,0.002392
DuelingDQN,deceptive_grid,1,669,50551,-48.0,55,1,0.5712,0.005625
DuelingDQN,deceptive_grid,1,670,50588,-26.0,37,1,0.5709,0.005765
DuelingDQN,deceptive_grid,1,671,50639,-52.0,51,1,0.5705,0.005354
DuelingDQN,deceptive_grid,1,672,50661,-11.0,22,1,0.5703,0.005023
DuelingDQN,deceptive_grid,1,673,50708,-44.0,47,1,0.5699,0.005546
DuelingDQN,deceptive_grid,1,674,50715,4.0,7,1,0.5698,0.005435
DuelingDQN,deceptive_grid,1,675,50722,4.0,7,1,0.5698,0.006277
DuelingDQN,deceptive_grid,1,676,50746,-13.0,24,1,0.5696,0.009518
DuelingDQN,deceptive_grid,1,677,50795,-50.0,49,1,0.5692,0.009334
DuelingDQN,deceptive_grid,1,678,50813,-7.0,18,1,0.569,0.005846
DuelingDQN,deceptive_grid,1,679,50858,-42.0,45,1,0.5686,0.004539
DuelingDQN,deceptive_grid,1,680,50868,1.0,10,1,0.5685,0.004118
DuelingDQN,deceptive_grid,1,681,50885,-18.0,17,1,0.5684,0.004009
DuelingDQN,deceptive_grid,1,682,50932,-40.0,47,1,0.568,0.003709
DuelingDQN,deceptive_grid,1,683,51003,-68.0,71,1,0.5674,0.002559
DuelingDQN,deceptive_grid,1,684,51028,-18.0,25,1,0.5672,0.005597
DuelingDQN,deceptive_grid,1,685,51053,-22.0,25,1,0.567,0.005139
DuelingDQN,deceptive_grid,1,686,51082,-22.0,29,1,0.5667,0.004229
DuelingDQN,deceptive_grid,1,687,51094,-1.0,12,1,0.5666,0.003739
DuelingDQN,deceptive_grid,1,688,51153,-48.0,59,1,0.5661,0.003755
DuelingDQN,deceptive_grid,1,689,51196,-44.0,43,1,0.5658,0.003868
DuelingDQN,deceptive_grid,1,690,51220,-29.0,24,1,0.5656,0.004339
DuelingDQN,deceptive_grid,1,691,51260,-37.0,40,1,0.5652,0.00497
DuelingDQN,deceptive_grid,1,692,51295,-28.0,35,1,0.5649,0.004073
DuelingDQN,deceptive_grid,1,693,51345,-47.0,50,1,0.5645,0.003145
DuelingDQN,deceptive_grid,1,694,51370,-22.0,25,1,0.5643,0.002516
DuelingDQN,deceptive_grid,1,695,51399,-18.0,29,1,0.564,0.002356
DuelingDQN,deceptive_grid,1,696,51439,-29.0,40,1,0.5637,0.002646
DuelingDQN,deceptive_grid,1,697,51461,-15.0,22,1,0.5635,0.002946
DuelingDQN,deceptive_grid,1,698,51514,-42.0,53,1,0.5631,0.004885
DuelingDQN,deceptive_grid,1,699,51541,-24.0,27,1,0.5628,0.00669
DuelingDQN,deceptive_grid,1,700,51573,-29.0,32,1,0.5626,0.008682
DuelingDQN,deceptive_grid,1,701,51580,4.0,7,1,0.5625,0.009068
DuelingDQN,deceptive_grid,1,702,51605,-18.0,25,1,0.5623,0.007651
DuelingDQN,deceptive_grid,1,703,51633,-33.0,28,1,0.562,0.00573
DuelingDQN,deceptive_grid,1,704,51637,7.0,4,1,0.562,0.00545
DuelingDQN,deceptive_grid,1,705,51681,-49.0,44,1,0.5616,0.004126
DuelingDQN,deceptive_grid,1,706,51698,-10.0,17,1,0.5615,0.003228
DuelingDQN,deceptive_grid,1,707,51723,-26.0,25,1,0.5613,0.003363
DuelingDQN,deceptive_grid,1,708,51761,-31.0,38,1,0.561,0.003162
DuelingDQN,deceptive_grid,1,709,51792,-32.0,31,1,0.5607,0.003068
DuelingDQN,deceptive_grid,1,710,51847,-48.0,55,1,0.5602,0.003089
DuelingDQN,deceptive_grid,1,711,51877,-35.0,30,1,0.56,0.002779
DuelingDQN,deceptive_grid,1,712,51895,-19.0,18,1,0.5598,0.002844
DuelingDQN,deceptive_grid,1,713,51915,-13.0,20,1,0.5597,0.003087
DuelingDQN,deceptive_grid,1,714,51950,-28.0,35,1,0.5594,0.003231
DuelingDQN,deceptive_grid,1,715,51968,-7.0,18,1,0.5592,0.0032
DuelingDQN,deceptive_grid,1,716,51994,-15.0,26,1,0.559,0.00317
DuelingDQN,deceptive_grid,1,717,52011,-10.0,17,1,0.5588,0.005596
DuelingDQN,deceptive_grid,1,718,52062,-60.0,51,1,0.5584,0.008648
DuelingDQN,deceptive_grid,1,719,52127,-58.0,65,1,0.5579,0.007007
DuelingDQN,deceptive_grid,1,720,52175,-37.0,48,1,0.5575,0.007166
DuelingDQN,deceptive_grid,1,721,52227,-65.0,52,1,0.557,0.009703
DuelingDQN,deceptive_grid,1,722,52244,-6.0,17,1,0.5569,0.012842
DuelingDQN,deceptive_grid,1,723,52284,-41.0,40,1,0.5565,0.008968
DuelingDQN,deceptive_grid,1,724,52317,-26.0,33,1,0.5562,0.007663
DuelingDQN,deceptive_grid,1,725,52355,-27.0,38,1,0.5559,0.005989
DuelingDQN,deceptive_grid,1,726,52379,-25.0,24,1,0.5557,0.003513
DuelingDQN,deceptive_grid,1,727,52398,-8.0,19,1,0.5556,0.003587
DuelingDQN,deceptive_grid,1,728,52404,5.0,6,1,0.5555,0.003719
DuelingDQN,deceptive_grid,1,729,52455,-52.0,51,1,0.5551,0.002922
DuelingDQN,deceptive_grid,1,730,52460,6.0,5,1,0.555,0.002532
DuelingDQN,deceptive_grid,1,731,52500,-29.0,40,1,0.5547,0.002456
DuelingDQN,deceptive_grid,1,732,52515,-8.0,15,1,0.5546,0.00649
DuelingDQN,deceptive_grid,1,733,52582,-84.0,67,1,0.554,0.005598
DuelingDQN,deceptive_grid,1,734,52627,-38.0,45,1,0.5536,0.003922
DuelingDQN,deceptive_grid,1,735,52643,-5.0,16,1,0.5535,0.003627
DuelingDQN,deceptive_grid,1,736,52699,-53.0,56,1,0.553,0.003535
DuelingDQN,deceptive_grid,1,737,52749,-43.0,50,1,0.5526,0.003788
DuelingDQN,deceptive_grid,1,738,52785,-33.0,36,1,0.5523,0.004644
DuelingDQN,deceptive_grid,1,739,52858,-82.0,73,1,0.5517,0.004431
DuelingDQN,deceptive_grid,1,740,52879,-22.0,21,1,0.5515,0.003261
DuelingDQN,deceptive_grid,1,741,52892,-2.0,13,1,0.5514,0.002986
DuelingDQN,deceptive_grid,1,742,52939,-52.0,47,1,0.551,0.003273
DuelingDQN,deceptive_grid,1,743,52999,-77.0,60,1,0.5505,0.004585
DuelingDQN,deceptive_grid,1,744,53042,-32.0,43,1,0.5501,0.006586
DuelingDQN,deceptive_grid,1,745,53060,-7.0,18,1,0.5499,0.007409
DuelingDQN,deceptive_grid,1,746,53097,-30.0,37,1,0.5496,0.006595
DuelingDQN,deceptive_grid,1,747,53157,-77.0,60,1,0.5491,0.004478
DuelingDQN,deceptive_grid,1,748,53185,-21.0,28,1,0.5489,0.003217
DuelingDQN,deceptive_grid,1,749,53200,-12.0,15,1,0.5488,0.003246
DuelingDQN,deceptive_grid,1,750,53232,-25.0,32,1,0.5485,0.002832
DuelingDQN,deceptive_grid,1,751,53284,-57.0,52,1,0.548,0.002388
DuelingDQN,deceptive_grid,1,752,53303,-20.0,19,1,0.5479,0.002174
DuelingDQN,deceptive_grid,1,753,53315,-9.0,12,1,0.5478,0.001509
DuelingDQN,deceptive_grid,1,754,53371,-49.0,56,1,0.5473,0.003128
DuelingDQN,deceptive_grid,1,755,53419,-41.0,48,1,0.5469,0.003169
DuelingDQN,deceptive_grid,1,756,53441,-15.0,22,1,0.5467,0.0023
DuelingDQN,deceptive_grid,1,757,53473,-29.0,32,1,0.5464,0.002578
DuelingDQN,deceptive_grid,1,758,53485,-5.0,12,1,0.5463,0.001823
DuelingDQN,deceptive_grid,1,759,53542,-50.0,57,1,0.5459,0.005771
DuelingDQN,deceptive_grid,1,760,53579,-26.0,37,1,0.5455,0.006575
DuelingDQN,deceptive_grid,1,761,53586,4.0,7,1,0.5455,0.006559
DuelingDQN,deceptive_grid,1,762,53628,-39.0,42,1,0.5451,0.005605
DuelingDQN,deceptive_grid,1,763,53687,-60.0,59,1,0.5446,0.004046
DuelingDQN,deceptive_grid,1,764,53714,-16.0,27,1,0.5444,0.003338
DuelingDQN,deceptive_grid,1,765,53770,-61.0,56,1,0.5439,0.003484
DuelingDQN,deceptive_grid,1,766,53781,-4.0,11,1,0.5438,0.003921
DuelingDQN,deceptive_grid,1,767,53819,-31.0,38,1,0.5435,0.003308
DuelingDQN,deceptive_grid,1,768,53828,2.0,9,1,0.5434,0.003498
DuelingDQN,deceptive_grid,1,769,53855,-28.0,27,1,0.5432,0.003435
DuelingDQN,deceptive_grid,1,770,53884,-22.0,29,1,0.543,0.003811
DuelingDQN,deceptive_grid,1,771,53908,-21.0,24,1,0.5428,0.003003
DuelingDQN,deceptive_grid,1,772,53940,-21.0,32,1,0.5425,0.003472
DuelingDQN,deceptive_grid,1,773,53951,0.0,11,1,0.5424,0.002715
DuelingDQN,deceptive_grid,1,774,53981,-27.0,30,1,0.5421,0.002707
DuelingDQN,deceptive_grid,1,775,54029,-61.0,48,1,0.5417,0.004794
DuelingDQN,deceptive_grid,1,776,54041,-1.0,12,1,0.5416,0.007183
DuelingDQN,deceptive_grid,1,777,54049,3.0,8,1,0.5416,0.005446
DuelingDQN,deceptive_grid,1,778,54067,-11.0,18,1,0.5414,0.007045
DuelingDQN,deceptive_grid,1,779,54090,-16.0,23,1,0.5412,0.006956
DuelingDQN,deceptive_grid,1,780,54128,-39.0,38,1,0.5409,0.005865
DuelingDQN,deceptive_grid,1,781,54168,-45.0,40,1,0.5405,0.004436
DuelingDQN,deceptive_grid,1,782,54222,-51.0,54,1,0.5401,0.004676
DuelingDQN,deceptive_grid,1,783,54291,-78.0,69,1,0.5395,0.004491
DuelingDQN,deceptive_grid,1,784,54331,-45.0,40,1,0.5392,0.004169
DuelingDQN,deceptive_grid,1,785,54350,-16.0,19,1,0.539,0.003278
DuelingDQN,deceptive_grid,1,786,54390,-37.0,40,1,0.5387,0.003828
DuelingDQN,deceptive_grid,1,787,54395,6.0,5,1,0.5386,0.004474
DuelingDQN,deceptive_grid,1,788,54405,1.0,10,1,0.5385,0.004286
DuelingDQN,deceptive_grid,1,789,54422,-6.0,17,1,0.5384,0.00309
DuelingDQN,deceptive_grid,1,790,54462,-33.0,40,1,0.5381,0.002184
DuelingDQN,deceptive_grid,1,791,54498,-29.0,36,1,0.5377,0.001892
DuelingDQN,deceptive_grid,1,792,54532,-35.0,34,1,0.5375,0.004854
DuelingDQN,deceptive_grid,1,793,54576,-33.0,44,1,0.5371,0.005758
DuelingDQN,deceptive_grid,1,794,54586,1.0,10,1,0.537,0.004627
DuelingDQN,deceptive_grid,1,795,54606,-13.0,20,1,0.5368,0.004425
DuelingDQN,deceptive_grid,1,796,54635,-22.0,29,1,0.5366,0.003496
DuelingDQN,deceptive_grid,1,797,54669,-31.0,34,1,0.5363,0.003564
DuelingDQN,deceptive_grid,1,798,54766,-98.0,97,1,0.5355,0.003969
DuelingDQN,deceptive_grid,1,799,54828,-75.0,62,1,0.5349,0.004047
DuelingDQN,deceptive_grid,1,800,54864,-33.0,36,1,0.5346,0.006547
DuelingDQN,deceptive_grid,2,1,200,-296.0,200,0,0.9983,
DuelingDQN,deceptive_grid,2,2,400,-296.0,200,0,0.9966,
DuelingDQN,deceptive_grid,2,3,600,-288.0,200,0,0.9949,
DuelingDQN,deceptive_grid,2,4,800,-244.0,200,0,0.9932,
DuelingDQN,deceptive_grid,2,5,1000,-280.0,200,0,0.9915,0.78852
DuelingDQN,deceptive_grid,2,6,1200,-300.0,200,0,0.9898,0.306553
DuelingDQN,deceptive_grid,2,7,1400,-248.0,200,0,0.9881,0.188246
DuelingDQN,deceptive_grid,2,8,1600,-232.0,200,0,0.9864,0.152535
DuelingDQN,deceptive_grid,2,9,1800,-220.0,200,0,0.9847,0.094874
DuelingDQN,deceptive_grid,2,10,2000,-272.0,200,0,0.983,0.073885
DuelingDQN,deceptive_grid,2,11,2197,-270.0,197,1,0.9814,0.084017
DuelingDQN,deceptive_grid,2,12,2397,-256.0,200,0,0.9797,0.080975
DuelingDQN,deceptive_grid,2,13,2440,-48.0,43,1,0.9793,0.066335
DuelingDQN,deceptive_grid,2,14,2640,-276.0,200,0,0.9776,0.07944
DuelingDQN,deceptive_grid,2,15,2840,-324.0,200,0,0.9759,0.060306
DuelingDQN,deceptive_grid,2,16,3040,-264.0,200,0,0.9742,0.066536
DuelingDQN,deceptive_grid,2,17,3240,-232.0,200,0,0.9725,0.043884
DuelingDQN,deceptive_grid,2,18,3440,-244.0,200,0,0.9708,0.046576
DuelingDQN,deceptive_grid,2,19,3640,-256.0,200,0,0.9691,0.044344
DuelingDQN,deceptive_grid,2,20,3840,-284.0,200,0,0.9674,0.043752
DuelingDQN,deceptive_grid,2,21,4040,-236.0,200,0,0.9657,0.051933
DuelingDQN,deceptive_grid,2,22,4240,-248.0,200,0,0.964,0.04042
DuelingDQN,deceptive_grid,2,23,4440,-260.0,200,0,0.9623,0.033434
DuelingDQN,deceptive_grid,2,24,4640,-312.0,200,0,0.9607,0.045384
DuelingDQN,deceptive_grid,2,25,4840,-248.0,200,0,0.959,0.027142
DuelingDQN,deceptive_grid,2,26,5040,-256.0,200,0,0.9573,0.040802
DuelingDQN,deceptive_grid,2,27,5240,-272.0,200,0,0.9556,0.033939
DuelingDQN,deceptive_grid,2,28,5440,-300.0,200,0,0.9539,0.03373
DuelingDQN,deceptive_grid,2,29,5640,-268.0,200,0,0.9522,0.04073
DuelingDQN,deceptive_grid,2,30,5840,-240.0,200,0,0.9505,0.032474
DuelingDQN,deceptive_grid,2,31,6040,-264.0,200,0,0.9488,0.034668
DuelingDQN,deceptive_grid,2,32,6240,-228.0,200,0,0.9471,0.027828
DuelingDQN,deceptive_grid,2,33,6385,-214.0,145,1,0.9458,0.030085
DuelingDQN,deceptive_grid,2,34,6482,-114.0,97,1,0.945,0.032346
DuelingDQN,deceptive_grid,2,35,6595,-134.0,113,1,0.9441,0.058992
DuelingDQN,deceptive_grid,2,36,6795,-244.0,200,0,0.9424,0.030933
DuelingDQN,deceptive_grid,2,37,6995,-200.0,200,0,0.9407,0.031794
DuelingDQN,deceptive_grid,2,38,7195,-264.0,200,0,0.939,0.045776
DuelingDQN,deceptive_grid,2,39,7395,-240.0,200,0,0.9373,0.042026
DuelingDQN,deceptive_grid,2,40,7558,-176.0,163,1,0.9359,0.054898
DuelingDQN,deceptive_grid,2,41,7758,-260.0,200,0,0.9342,0.033082
DuelingDQN,deceptive_grid,2,42,7896,-187.0,138,1,0.933,0.026313
DuelingDQN,deceptive_grid,2,43,8054,-215.0,158,1,0.9317,0.046837
DuelingDQN,deceptive_grid,2,44,8254,-240.0,200,0,0.93,0.043916
DuelingDQN,deceptive_grid,2,45,8454,-232.0,200,0,0.9283,0.045938
DuelingDQN,deceptive_grid,2,46,8654,-272.0,200,0,0.9266,0.044991
DuelingDQN,deceptive_grid,2,47,8854,-248.0,200,0,0.9249,0.031604
DuelingDQN,deceptive_grid,2,48,8980,-143.0,126,1,0.9238,0.042098
DuelingDQN,deceptive_grid,2,49,9088,-121.0,108,1,0.9229,0.05448
DuelingDQN,deceptive_grid,2,50,9288,-272.0,200,0,0.9212,0.04797
DuelingDQN,deceptive_grid,2,51,9488,-244.0,200,0,0.9195,0.038852
DuelingDQN,deceptive_grid,2,52,9688,-264.0,200,0,0.9178,0.05009
DuelingDQN,deceptive_grid,2,53,9862,-211.0,174,1,0.9164,0.039251
DuelingDQN,deceptive_grid,2,54,10062,-212.0,200,0,0.9147,0.054882
DuelingDQN,deceptive_grid,2,55,10262,-340.0,200,0,0.913,0.038799
DuelingDQN,deceptive_grid,2,56,10462,-252.0,200,0,0.9113,0.050343
DuelingDQN,deceptive_grid,2,57,10662,-292.0,200,0,0.9096,0.065079
DuelingDQN,deceptive_grid,2,58,10862,-272.0,200,0,0.9079,0.048981
DuelingDQN,deceptive_grid,2,59,11062,-248.0,200,0,0.9062,0.056421
DuelingDQN,deceptive_grid,2,60,11257,-260.0,195,1,0.9045,0.053374
DuelingDQN,deceptive_grid,2,61,11404,-232.0,147,1,0.9033,0.050194
DuelingDQN,deceptive_grid,2,62,11604,-312.0,200,0,0.9016,0.063869
DuelingDQN,deceptive_grid,2,63,11804,-220.0,200,0,0.8999,0.050075
DuelingDQN,deceptive_grid,2,64,12004,-280.0,200,0,0.8982,0.056846
DuelingDQN,deceptive_grid,2,65,12204,-272.0,200,0,0.8965,0.062732
DuelingDQN,deceptive_grid,2,66,12404,-216.0,200,0,0.8948,0.038732
DuelingDQN,deceptive_grid,2,67,12604,-332.0,200,0,0.8931,0.0671
DuelingDQN,deceptive_grid,2,68,12720,-209.0,116,1,0.8921,0.058733
DuelingDQN,deceptive_grid,2,69,12920,-336.0,200,0,0.8904,0.0617
DuelingDQN,deceptive_grid,2,70,13120,-364.0,200,0,0.8887,0.072323
DuelingDQN,deceptive_grid,2,71,13320,-216.0,200,0,0.887,0.070432
DuelingDQN,deceptive_grid,2,72,13520,-276.0,200,0,0.8853,0.06464
DuelingDQN,deceptive_grid,2,73,13720,-284.0,200,0,0.8836,0.064965
DuelingDQN,deceptive_grid,2,74,13920,-268.0,200,0,0.8819,0.055035
DuelingDQN,deceptive_grid,2,75,13995,-100.0,75,1,0.8813,0.062702
DuelingDQN,deceptive_grid,2,76,14195,-324.0,200,0,0.8796,0.08443
DuelingDQN,deceptive_grid,2,77,14395,-292.0,200,0,0.8779,0.075699
DuelingDQN,deceptive_grid,2,78,14531,-181.0,136,1,0.8768,0.085198
DuelingDQN,deceptive_grid,2,79,14731,-300.0,200,0,0.8751,0.059397
DuelingDQN,deceptive_grid,2,80,14931,-260.0,200,0,0.8734,0.06834
DuelingDQN,deceptive_grid,2,81,15131,-228.0,200,0,0.8717,0.078406
DuelingDQN,deceptive_grid,2,82,15193,-51.0,62,1,0.8711,0.076233
DuelingDQN,deceptive_grid,2,83,15393,-332.0,200,0,0.8694,0.079589
DuelingDQN,deceptive_grid,2,84,15536,-172.0,143,1,0.8682,0.084006
DuelingDQN,deceptive_grid,2,85,15736,-284.0,200,0,0.8665,0.079541
DuelingDQN,deceptive_grid,2,86,15804,-65.0,68,1,0.866,0.084013
DuelingDQN,deceptive_grid,2,87,16004,-248.0,200,0,0.8643,0.080936
DuelingDQN,deceptive_grid,2,88,16186,-263.0,182,1,0.8627,0.097273
DuelingDQN,deceptive_grid,2,89,16386,-240.0,200,0,0.861,0.096086
DuelingDQN,deceptive_grid,2,90,16420,-27.0,34,1,0.8607,0.0746
DuelingDQN,deceptive_grid,2,91,16465,-46.0,45,1,0.8603,0.100353
DuelingDQN,deceptive_grid,2,92,16631,-207.0,166,1,0.8589,0.11363
DuelingDQN,deceptive_grid,2,93,16695,-77.0,64,1,0.8584,0.097251
DuelingDQN,deceptive_grid,2,94,16895,-304.0,200,0,0.8567,0.121298
DuelingDQN,deceptive_grid,2,95,17095,-252.0,200,0,0.855,0.120966
DuelingDQN,deceptive_grid,2,96,17295,-288.0,200,0,0.8533,0.126016
DuelingDQN,deceptive_grid,2,97,17495,-296.0,200,0,0.8516,0.132881
DuelingDQN,deceptive_grid,2,98,17695,-312.0,200,0,0.8499,0.185648
DuelingDQN,deceptive_grid,2,99,17895,-312.0,200,0,0.8482,0.147521
DuelingDQN,deceptive_grid,2,100,18095,-216.0,200,0,0.8465,0.1606
DuelingDQN,deceptive_grid,2,101,18198,-112.0,103,1,0.8457,0.175744
DuelingDQN,deceptive_grid,2,102,18398,-280.0,200,0,0.844,0.162362
DuelingDQN,deceptive_grid,2,103,18487,-102.0,89,1,0.8432,0.154482
DuelingDQN,deceptive_grid,2,104,18645,-175.0,158,1,0.8419,0.21685
DuelingDQN,deceptive_grid,2,105,18845,-288.0,200,0,0.8402,0.19341
DuelingDQN,deceptive_grid,2,106,18899,-51.0,54,1,0.8397,0.189007
DuelingDQN,deceptive_grid,2,107,19099,-232.0,200,0,0.838,0.209962
DuelingDQN,deceptive_grid,2,108,19111,-1.0,12,1,0.8379,0.176309
DuelingDQN,deceptive_grid,2,109,19311,-260.0,200,0,0.8362,0.201105
DuelingDQN,deceptive_grid,2,110,19511,-260.0,200,0,0.8345,0.210169
DuelingDQN,deceptive_grid,2,111,19606,-120.0,95,1,0.8337,0.287383
DuelingDQN,deceptive_grid,2,112,19610,7.0,4,1,0.8337,0.294033
DuelingDQN,deceptive_grid,2,113,19676,-83.0,66,1,0.8331,0.273572
DuelingDQN,deceptive_grid,2,114,19876,-300.0,200,0,0.8314,0.244252
DuelingDQN,deceptive_grid,2,115,20076,-224.0,200,0,0.8297,0.251772
DuelingDQN,deceptive_grid,2,116,20228,-193.0,152,1,0.8284,0.254535
DuelingDQN,deceptive_grid,2,117,20239,-8.0,11,1,0.8283,0.209894
DuelingDQN,deceptive_grid,2,118,20381,-167.0,142,1,0.8271,0.256613
DuelingDQN,deceptive_grid,2,119,20548,-220.0,167,1,0.8257,0.263262
DuelingDQN,deceptive_grid,2,120,20748,-340.0,200,0,0.824,0.300282
DuelingDQN,deceptive_grid,2,121,20761,-6.0,13,1,0.8239,0.215033
DuelingDQN,deceptive_grid,2,122,20844,-100.0,83,1,0.8232,0.279819
DuelingDQN,deceptive_grid,2,123,20942,-95.0,98,1,0.8224,0.258687
DuelingDQN,deceptive_grid,2,124,21019,-74.0,77,1,0.8217,0.314586
DuelingDQN,deceptive_grid,2,125,21036,-6.0,17,1,0.8216,0.378172
DuelingDQN,deceptive_grid,2,126,21236,-288.0,200,0,0.8199,0.312149
DuelingDQN,deceptive_grid,2,127,21436,-224.0,200,0,0.8182,0.281232
DuelingDQN,deceptive_grid,2,128,21636,-300.0,200,0,0.8165,0.28478
DuelingDQN,deceptive_grid,2,129,21836,-248.0,200,0,0.8148,0.273325
DuelingDQN,deceptive_grid,2,130,22036,-344.0,200,0,0.8131,0.281454
DuelingDQN,deceptive_grid,2,131,22055,-12.0,19,1,0.8129,0.308404
DuelingDQN,deceptive_grid,2,132,22157,-119.0,102,1,0.8121,0.264038
DuelingDQN,deceptive_grid,2,133,22301,-221.0,144,1,0.8108,0.238122
DuelingDQN,deceptive_grid,2,134,22471,-203.0,170,1,0.8094,0.270596
DuelingDQN,deceptive_grid,2,135,22621,-179.0,150,1,0.8081,0.288738
DuelingDQN,deceptive_grid,2,136,22821,-304.0,200,0,0.8064,0.254973
DuelingDQN,deceptive_grid,2,137,22908,-88.0,87,1,0.8057,0.236547
DuelingDQN,deceptive_grid,2,138,22978,-99.0,70,1,0.8051,0.216758
DuelingDQN,deceptive_grid,2,139,23080,-135.0,102,1,0.8042,0.307836
DuelingDQN,deceptive_grid,2,140,23142,-71.0,62,1,0.8037,0.253095
DuelingDQN,deceptive_grid,2,141,23240,-95.0,98,1,0.8029,0.269454
DuelingDQN,deceptive_grid,2,142,23440,-348.0,200,0,0.8012,0.262399
DuelingDQN,deceptive_grid,2,143,23535,-104.0,95,1,0.8004,0.278971
DuelingDQN,deceptive_grid,2,144,23551,-13.0,16,1,0.8002,0.258053
DuelingDQN,deceptive_grid,2,145,23627,-73.0,76,1,0.7996,0.215636
DuelingDQN,deceptive_grid,2,146,23660,-46.0,33,1,0.7993,0.249664
DuelingDQN,deceptive_grid,2,147,23860,-248.0,200,0,0.7976,0.256159
DuelingDQN,deceptive_grid,2,148,23884,-21.0,24,1,0.7974,0.21288
DuelingDQN,deceptive_grid,2,149,23996,-137.0,112,1,0.7965,0.239607
DuelingDQN,deceptive_grid,2,150,24058,-79.0,62,1,0.7959,0.25996
DuelingDQN,deceptive_grid,2,151,24258,-344.0,200,0,0.7942,0.225264
DuelingDQN,deceptive_grid,2,152,24458,-316.0,200,0,0.7926,0.195309
DuelingDQN,deceptive_grid,2,153,24658,-296.0,200,0,0.7909,0.227254
DuelingDQN,deceptive_grid,2,154,24693,-40.0,35,1,0.7906,0.213114
DuelingDQN,deceptive_grid,2,155,24893,-336.0,200,0,0.7889,0.185931
DuelingDQN,deceptive_grid,2,156,25012,-124.0,119,1,0.7879,0.187519
DuelingDQN,deceptive_grid,2,157,25082,-83.0,70,1,0.7873,0.227976
DuelingDQN,deceptive_grid,2,158,25146,-85.0,64,1,0.7867,0.213129
DuelingDQN,deceptive_grid,2,159,25155,2.0,9,1,0.7866,0.226964
DuelingDQN,deceptive_grid,2,160,25225,-79.0,70,1,0.786,0.18112
DuelingDQN,deceptive_grid,2,161,25335,-99.0,110,1,0.7851,0.185515
DuelingDQN,deceptive_grid,2,162,25535,-320.0,200,0,0.7834,0.19749
DuelingDQN,deceptive_grid,2,163,25564,-18.0,29,1,0.7832,0.238729
DuelingDQN,deceptive_grid,2,164,25632,-65.0,68,1,0.7826,0.214252
DuelingDQN,deceptive_grid,2,165,25677,-38.0,45,1,0.7822,0.199919
DuelingDQN,deceptive_grid,2,166,25772,-112.0,95,1,0.7814,0.203477
DuelingDQN,deceptive_grid,2,167,25881,-110.0,109,1,0.7805,0.166378
DuelingDQN,deceptive_grid,2,168,25891,-7.0,10,1,0.7804,0.238036
DuelingDQN,deceptive_grid,2,169,25998,-112.0,107,1,0.7795,0.162587
DuelingDQN,deceptive_grid,2,170,26114,-145.0,116,1,0.7785,0.25996
DuelingDQN,deceptive_grid,2,171,26220,-147.0,106,1,0.7776,0.19374
DuelingDQN,deceptive_grid,2,172,26378,-179.0,158,1,0.7763,0.181279
DuelingDQN,deceptive_grid,2,173,26417,-28.0,39,1,0.7759,0.179834
DuelingDQN,deceptive_grid,2,174,26567,-207.0,150,1,0.7747,0.228826
DuelingDQN,deceptive_grid,2,175,26719,-209.0,152,1,0.7734,0.200421
DuelingDQN,deceptive_grid,2,176,26779,-69.0,60,1,0.7729,0.193292
DuelingDQN,deceptive_grid,2,177,26888,-142.0,109,1,0.7719,0.192263
DuelingDQN,deceptive_grid,2,178,26989,-126.0,101,1,0.7711,0.166805
DuelingDQN,deceptive_grid,2,179,27029,-45.0,40,1,0.7707,0.347175
DuelingDQN,deceptive_grid,2,180,27134,-130.0,105,1,0.7699,0.233197
DuelingDQN,deceptive_grid,2,181,27275,-238.0,141,1,0.7687,0.20303
DuelingDQN,deceptive_grid,2,182,27290,-24.0,15,1,0.7685,0.204024
DuelingDQN,deceptive_grid,2,183,27343,-50.0,53,1,0.7681,0.186785
DuelingDQN,deceptive_grid,2,184,27473,-143.0,130,1,0.767,0.188844
DuelingDQN,deceptive_grid,2,185,27567,-99.0,94,1,0.7662,0.306035
DuelingDQN,deceptive_grid,2,186,27742,-196.0,175,1,0.7647,0.237252
DuelingDQN,deceptive_grid,2,187,27816,-79.0,74,1,0.7641,0.211671
DuelingDQN,deceptive_grid,2,188,27928,-129.0,112,1,0.7631,0.209833
DuelingDQN,deceptive_grid,2,189,27979,-44.0,51,1,0.7627,0.209713
DuelingDQN,deceptive_grid,2,190,28026,-48.0,47,1,0.7623,0.284341
DuelingDQN,deceptive_grid,2,191,28055,-42.0,29,1,0.762,0.26855
DuelingDQN,deceptive_grid,2,192,28215,-181.0,160,1,0.7607,0.234172
DuelingDQN,deceptive_grid,2,193,28293,-75.0,78,1,0.76,0.214105
DuelingDQN,deceptive_grid,2,194,28367,-111.0,74,1,0.7594,0.217138
DuelingDQN,deceptive_grid,2,195,28391,-21.0,24,1,0.7592,0.183493
DuelingDQN,deceptive_grid,2,196,28455,-57.0,64,1,0.7586,0.183444
DuelingDQN,deceptive_grid,2,197,28520,-58.0,65,1,0.7581,0.257845
DuelingDQN,deceptive_grid,2,198,28631,-128.0,111,1,0.7572,0.248423
DuelingDQN,deceptive_grid,2,199,28651,-17.0,20,1,0.757,0.242731
DuelingDQN,deceptive_grid,2,200,28728,-86.0,77,1,0.7563,0.213673
DuelingDQN,deceptive_grid,2,201,28855,-140.0,127,1,0.7553,0.201218
DuelingDQN,deceptive_grid,2,202,28906,-68.0,51,1,0.7548,0.202619
DuelingDQN,deceptive_grid,2,203,28927,-14.0,21,1,0.7546,0.175641
DuelingDQN,deceptive_grid,2,204,28973,-51.0,46,1,0.7543,0.181891
DuelingDQN,deceptive_grid,2,205,29067,-99.0,94,1,0.7535,0.256187
DuelingDQN,deceptive_grid,2,206,29115,-41.0,48,1,0.7531,0.218939
DuelingDQN,deceptive_grid,2,207,29185,-59.0,70,1,0.7525,0.190657
DuelingDQN,deceptive_grid,2,208,29271,-91.0,86,1,0.7517,0.194319
DuelingDQN,deceptive_grid,2,209,29374,-108.0,103,1,0.7509,0.176086
DuelingDQN,deceptive_grid,2,210,29379,6.0,5,1,0.7508,0.187427
DuelingDQN,deceptive_grid,2,211,29461,-87.0,82,1,0.7501,0.166049
DuelingDQN,deceptive_grid,2,212,29516,-72.0,55,1,0.7496,0.22848
DuelingDQN,deceptive_grid,2,213,29573,-70.0,57,1,0.7492,0.243672
DuelingDQN,deceptive_grid,2,214,29658,-118.0,85,1,0.7484,0.195268
DuelingDQN,deceptive_grid,2,215,29758,-121.0,100,1,0.7476,0.183571
DuelingDQN,deceptive_grid,2,216,29870,-117.0,112,1,0.7466,0.183222
DuelingDQN,deceptive_grid,2,217,29896,-23.0,26,1,0.7464,0.181923
DuelingDQN,deceptive_grid,2,218,29931,-40.0,35,1,0.7461,0.174634
DuelingDQN,deceptive_grid,2,219,30018,-88.0,87,1,0.7454,0.208951
DuelingDQN,deceptive_grid,2,220,30068,-47.0,50,1,0.745,0.211409
DuelingDQN,deceptive_grid,2,221,30145,-78.0,77,1,0.7443,0.196102
DuelingDQN,deceptive_grid,2,222,30262,-114.0,117,1,0.7433,0.180748
DuelingDQN,deceptive_grid,2,223,30271,2.0,9,1,0.7432,0.1677
DuelingDQN,deceptive_grid,2,224,30330,-52.0,59,1,0.7427,0.163498
DuelingDQN,deceptive_grid,2,225,30381,-44.0,51,1,0.7423,0.187485
DuelingDQN,deceptive_grid,2,226,30471,-99.0,90,1,0.7415,0.16114
DuelingDQN,deceptive_grid,2,227,30598,-136.0,127,1,0.7405,0.253169
DuelingDQN,deceptive_grid,2,228,30642,-37.0,44,1,0.7401,0.19781
DuelingDQN,deceptive_grid,2,229,30678,-33.0,36,1,0.7398,0.182206
DuelingDQN,deceptive_grid,2,230,30708,-23.0,30,1,0.7395,0.205658
DuelingDQN,deceptive_grid,2,231,30718,-7.0,10,1,0.7395,0.213745
DuelingDQN,deceptive_grid,2,232,30740,-15.0,22,1,0.7393,0.189626
DuelingDQN,deceptive_grid,2,233,30783,-44.0,43,1,0.7389,0.178793
DuelingDQN,deceptive_grid,2,234,30784,10.0,1,1,0.7389,0.185096
DuelingDQN,deceptive_grid,2,235,30828,-37.0,44,1,0.7385,0.187181
DuelingDQN,deceptive_grid,2,236,30935,-116.0,107,1,0.7376,0.182797
DuelingDQN,deceptive_grid,2,237,30981,-35.0,46,1,0.7372,0.202355
DuelingDQN,deceptive_grid,2,238,31040,-68.0,59,1,0.7367,0.288946
DuelingDQN,deceptive_grid,2,239,31081,-38.0,41,1,0.7364,0.203733
DuelingDQN,deceptive_grid,2,240,31123,-55.0,42,1,0.736,0.19896
DuelingDQN,deceptive_grid,2,241,31141,-11.0,18,1,0.7359,0.197663
DuelingDQN,deceptive_grid,2,242,31277,-141.0,136,1,0.7347,0.17608
DuelingDQN,deceptive_grid,2,243,31388,-124.0,111,1,0.7338,0.166425
DuelingDQN,deceptive_grid,2,244,31561,-210.0,173,1,0.7323,0.188946
DuelingDQN,deceptive_grid,2,245,31617,-49.0,56,1,0.7318,0.1803
DuelingDQN,deceptive_grid,2,246,31666,-50.0,49,1,0.7314,0.168796
DuelingDQN,deceptive_grid,2,247,31847,-210.0,181,1,0.7299,0.160652
DuelingDQN,deceptive_grid,2,248,31895,-37.0,48,1,0.7295,0.169024
DuelingDQN,deceptive_grid,2,249,31941,-55.0,46,1,0.7291,0.138511
DuelingDQN,deceptive_grid,2,250,31989,-45.0,48,1,0.7287,0.170203
DuelingDQN,deceptive_grid,2,251,32036,-60.0,47,1,0.7283,0.278828
DuelingDQN,deceptive_grid,2,252,32043,-4.0,7,1,0.7282,0.160141
DuelingDQN,deceptive_grid,2,253,32128,-86.0,85,1,0.7275,0.167927
DuelingDQN,deceptive_grid,2,254,32154,-23.0,26,1,0.7273,0.15964
DuelingDQN,deceptive_grid,2,255,32162,3.0,8,1,0.7272,0.144633
DuelingDQN,deceptive_grid,2,256,32205,-68.0,43,1,0.7268,0.143145
DuelingDQN,deceptive_grid,2,257,32344,-156.0,139,1,0.7257,0.161727
DuelingDQN,deceptive_grid,2,258,32345,10.0,1,1,0.7257,0.112014
DuelingDQN,deceptive_grid,2,259,32470,-130.0,125,1,0.7246,0.165681
DuelingDQN,deceptive_grid,2,260,32505,-32.0,35,1,0.7243,0.199859
DuelingDQN,deceptive_grid,2,261,32558,-62.0,53,1,0.7238,0.214185
DuelingDQN,deceptive_grid,2,262,32569,-12.0,11,1,0.7238,0.209847
DuelingDQN,deceptive_grid,2,263,32619,-39.0,50,1,0.7233,0.176342
DuelingDQN,deceptive_grid,2,264,32725,-127.0,106,1,0.7224,0.14116
DuelingDQN,deceptive_grid,2,265,32777,-49.0,52,1,0.722,0.128925
DuelingDQN,deceptive_grid,2,266,32791,-3.0,14,1,0.7219,0.13481
DuelingDQN,deceptive_grid,2,267,32834,-32.0,43,1,0.7215,0.125738
DuelingDQN,deceptive_grid,2,268,32911,-78.0,77,1,0.7209,0.133524
DuelingDQN,deceptive_grid,2,269,33005,-91.0,94,1,0.7201,0.153247
DuelingDQN,deceptive_grid,2,270,33025,-13.0,20,1,0.7199,0.27968
DuelingDQN,deceptive_grid,2,271,33084,-48.0,59,1,0.7194,0.169478
DuelingDQN,deceptive_grid,2,272,33134,-39.0,50,1,0.719,0.146191
DuelingDQN,deceptive_grid,2,273,33225,-104.0,91,1,0.7182,0.139501
DuelingDQN,deceptive_grid,2,274,33244,-12.0,19,1,0.718,0.157288
DuelingDQN,deceptive_grid,2,275,33302,-47.0,58,1,0.7175,0.129833
DuelingDQN,deceptive_grid,2,276,33409,-112.0,107,1,0.7166,0.140529
DuelingDQN,deceptive_grid,2,277,33532,-136.0,123,1,0.7156,0.155463
DuelingDQN,deceptive_grid,2,278,33732,-256.0,200,0,0.7139,0.129513
DuelingDQN,deceptive_grid,2,279,33754,-11.0,22,1,0.7137,0.13451
DuelingDQN,deceptive_grid,2,280,33860,-115.0,106,1,0.7128,0.120683
DuelingDQN,deceptive_grid,2,281,33878,-7.0,18,1,0.7127,0.114891
DuelingDQN,deceptive_grid,2,282,33950,-69.0,72,1,0.712,0.106811
DuelingDQN,deceptive_grid,2,283,34060,-127.0,110,1,0.7111,0.173798
DuelingDQN,deceptive_grid,2,284,34137,-74.0,77,1,0.7105,0.122956
DuelingDQN,deceptive_grid,2,285,34235,-91.0,98,1,0.7096,0.095337
DuelingDQN,deceptive_grid,2,286,34256,-14.0,21,1,0.7094,0.098737
DuelingDQN,deceptive_grid,2,287,34291,-28.0,35,1,0.7091,0.115015
DuelingDQN,deceptive_grid,2,288,34373,-95.0,82,1,0.7085,0.093012
DuelingDQN,deceptive_grid,2,289,34435,-67.0,62,1,0.7079,0.096223
DuelingDQN,deceptive_grid,2,290,34532,-86.0,97,1,0.7071,0.151642
DuelingDQN,deceptive_grid,2,291,34593,-50.0,61,1,0.7066,0.132968
DuelingDQN,deceptive_grid,2,292,34649,-45.0,56,1,0.7061,0.126221
DuelingDQN,deceptive_grid,2,293,34775,-123.0,126,1,0.705,0.097485
DuelingDQN,deceptive_grid,2,294,34814,-40.0,39,1,0.7047,0.085881
DuelingDQN,deceptive_grid,2,295,34928,-143.0,114,1,0.7037,0.088569
DuelingDQN,deceptive_grid,2,296,34963,-24.0,35,1,0.7034,0.084092
DuelingDQN,deceptive_grid,2,297,35033,-71.0,70,1,0.7029,0.161274
DuelingDQN,deceptive_grid,2,298,35186,-158.0,153,1,0.7016,0.098637
DuelingDQN,deceptive_grid,2,299,35343,-234.0,157,1,0.7002,0.083709
DuelingDQN,deceptive_grid,2,300,35352,-2.0,9,1,0.7001,0.072223
DuelingDQN,deceptive_grid,2,301,35404,-41.0,52,1,0.6997,0.063218
DuelingDQN,deceptive_grid,2,302,35459,-60.0,55,1,0.6992,0.072323
DuelingDQN,deceptive_grid,2,303,35509,-59.0,50,1,0.6988,0.112928
DuelingDQN,deceptive_grid,2,304,35579,-67.0,70,1,0.6982,0.1335
DuelingDQN,deceptive_grid,2,305,35630,-40.0,51,1,0.6978,0.089471
DuelingDQN,deceptive_grid,2,306,35662,-41.0,32,1,0.6975,0.082742
DuelingDQN,deceptive_grid,2,307,35756,-83.0,94,1,0.6967,0.071883
DuelingDQN,deceptive_grid,2,308,35817,-66.0,61,1,0.6962,0.066289
DuelingDQN,deceptive_grid,2,309,35852,-24.0,35,1,0.6959,0.064436
DuelingDQN,deceptive_grid,2,310,35957,-146.0,105,1,0.695,0.061973
DuelingDQN,deceptive_grid,2,311,36031,-71.0,74,1,0.6944,0.11291
DuelingDQN,deceptive_grid,2,312,36093,-59.0,62,1,0.6939,0.082554
DuelingDQN,deceptive_grid,2,313,36154,-62.0,61,1,0.6933,0.05521
DuelingDQN,deceptive_grid,2,314,36240,-95.0,86,1,0.6926,0.051685
DuelingDQN,deceptive_grid,2,315,36253,-2.0,13,1,0.6925,0.054929
DuelingDQN,deceptive_grid,2,316,36299,-51.0,46,1,0.6921,0.050276
DuelingDQN,deceptive_grid,2,317,36336,-38.0,37,1,0.6918,0.04935
DuelingDQN,deceptive_grid,2,318,36391,-48.0,55,1,0.6913,0.045012
DuelingDQN,deceptive_grid,2,319,36472,-90.0,81,1,0.6906,0.047427
DuelingDQN,deceptive_grid,2,320,36520,-41.0,48,1,0.6902,0.089254
DuelingDQN,deceptive_grid,2,321,36665,-154.0,145,1,0.689,0.069236
DuelingDQN,deceptive_grid,2,322,36703,-35.0,38,1,0.6887,0.054465
DuelingDQN,deceptive_grid,2,323,36783,-85.0,80,1,0.688,0.047601
DuelingDQN,deceptive_grid,2,324,36839,-49.0,56,1,0.6875,0.038864
DuelingDQN,deceptive_grid,2,325,36856,-6.0,17,1,0.6874,0.037658
DuelingDQN,deceptive_grid,2,326,36933,-78.0,77,1,0.6867,0.037462
DuelingDQN,deceptive_grid,2,327,36977,-49.0,44,1,0.6864,0.036819
DuelingDQN,deceptive_grid,2,328,37042,-82.0,65,1,0.6858,0.063628
DuelingDQN,deceptive_grid,2,329,37120,-79.0,78,1,0.6852,0.050183
DuelingDQN,deceptive_grid,2,330,37141,-10.0,21,1,0.685,0.046222
DuelingDQN,deceptive_grid,2,331,37225,-85.0,84,1,0.6843,0.042213
DuelingDQN,deceptive_grid,2,332,37254,-30.0,29,1,0.684,0.036226
DuelingDQN,deceptive_grid,2,333,37269,-4.0,15,1,0.6839,0.035061
DuelingDQN,deceptive_grid,2,334,37398,-146.0,129,1,0.6828,0.031036
DuelingDQN,deceptive_grid,2,335,37497,-120.0,99,1,0.682,0.028972
DuelingDQN,deceptive_grid,2,336,37511,-3.0,14,1,0.6818,0.081005
DuelingDQN,deceptive_grid,2,337,37555,-41.0,44,1,0.6815,0.055365
DuelingDQN,deceptive_grid,2,338,37578,-20.0,23,1,0.6813,0.043536
DuelingDQN,deceptive_grid,2,339,37598,-9.0,20,1,0.6811,0.039792
DuelingDQN,deceptive_grid,2,340,37742,-153.0,144,1,0.6799,0.038041
DuelingDQN,deceptive_grid,2,341,37851,-122.0,109,1,0.679,0.030137
DuelingDQN,deceptive_grid,2,342,37952,-94.0,101,1,0.6781,0.025483
DuelingDQN,deceptive_grid,2,343,37969,-10.0,17,1,0.678,0.023178
DuelingDQN,deceptive_grid,2,344,37999,-31.0,30,1,0.6777,0.026133
DuelingDQN,deceptive_grid,2,345,38141,-167.0,142,1,0.6765,0.043776
DuelingDQN,deceptive_grid,2,346,38245,-117.0,104,1,0.6756,0.028786
DuelingDQN,deceptive_grid,2,347,38280,-28.0,35,1,0.6753,0.025594
DuelingDQN,deceptive_grid,2,348,38378,-115.0,98,1,0.6745,0.027834
DuelingDQN,deceptive_grid,2,349,38454,-65.0,76,1,0.6738,0.024492
DuelingDQN,deceptive_grid,2,350,38479,-22.0,25,1,0.6736,0.021833
DuelingDQN,deceptive_grid,2,351,38597,-143.0,118,1,0.6726,0.0377
DuelingDQN,deceptive_grid,2,352,38675,-75.0,78,1,0.672,0.033004
DuelingDQN,deceptive_grid,2,353,38748,-74.0,73,1,0.6713,0.031201
DuelingDQN,deceptive_grid,2,354,38798,-39.0,50,1,0.6709,0.029139
DuelingDQN,deceptive_grid,2,355,38854,-61.0,56,1,0.6704,0.024832
DuelingDQN,deceptive_grid,2,356,38895,-46.0,41,1,0.6701,0.02096
DuelingDQN,deceptive_grid,2,357,38933,-47.0,38,1,0.6698,0.02152
DuelingDQN,deceptive_grid,2,358,38994,-62.0,61,1,0.6693,0.020331
DuelingDQN,deceptive_grid,2,359,39037,-48.0,43,1,0.6689,0.041565
DuelingDQN,deceptive_grid,2,360,39084,-40.0,47,1,0.6685,0.031951
DuelingDQN,deceptive_grid,2,361,39169,-86.0,85,1,0.6678,0.028114
DuelingDQN,deceptive_grid,2,362,39198,-22.0,29,1,0.6675,0.025048
DuelingDQN,deceptive_grid,2,363,39287,-94.0,89,1,0.6668,0.023263
DuelingDQN,deceptive_grid,2,364,39337,-59.0,50,1,0.6663,0.025015
DuelingDQN,deceptive_grid,2,365,39375,-31.0,38,1,0.666,0.02854
DuelingDQN,deceptive_grid,2,366,39441,-79.0,66,1,0.6655,0.023944
DuelingDQN,deceptive_grid,2,367,39508,-80.0,67,1,0.6649,0.024821
DuelingDQN,deceptive_grid,2,368,39556,-45.0,48,1,0.6645,0.038331
DuelingDQN,deceptive_grid,2,369,39616,-57.0,60,1,0.664,0.032768
DuelingDQN,deceptive_grid,2,370,39658,-35.0,42,1,0.6636,0.025922
DuelingDQN,deceptive_grid,2,371,39672,-7.0,14,1,0.6635,0.027898
DuelingDQN,deceptive_grid,2,372,39686,-3.0,14,1,0.6634,0.02981
DuelingDQN,deceptive_grid,2,373,39724,-43.0,38,1,0.6631,0.026524
DuelingDQN,deceptive_grid,2,374,39794,-75.0,70,1,0.6625,0.023569
DuelingDQN,deceptive_grid,2,375,39804,1.0,10,1,0.6624,0.023336
DuelingDQN,deceptive_grid,2,376,39885,-94.0,81,1,0.6617,0.021565
DuelingDQN,deceptive_grid,2,377,39917,-33.0,32,1,0.6614,0.019124
DuelingDQN,deceptive_grid,2,378,39919,9.0,2,1,0.6614,0.022566
DuelingDQN,deceptive_grid,2,379,39972,-58.0,53,1,0.661,0.018545
DuelingDQN,deceptive_grid,2,380,40017,-46.0,45,1,0.6606,0.025672
DuelingDQN,deceptive_grid,2,381,40049,-25.0,32,1,0.6603,0.027989
DuelingDQN,deceptive_grid,2,382,40066,-6.0,17,1,0.6602,0.023429
DuelingDQN,deceptive_grid,2,383,40086,-9.0,20,1,0.66,0.023405
DuelingDQN,deceptive_grid,2,384,40129,-32.0,43,1,0.6596,0.021886
DuelingDQN,deceptive_grid,2,385,40214,-78.0,85,1,0.6589,0.020129
DuelingDQN,deceptive_grid,2,386,40224,-7.0,10,1,0.6588,0.019611
DuelingDQN,deceptive_grid,2,387,40265,-30.0,41,1,0.6585,0.022144
DuelingDQN,deceptive_grid,2,388,40304,-36.0,39,1,0.6581,0.022721
DuelingDQN,deceptive_grid,2,389,40404,-125.0,100,1,0.6573,0.01756
DuelingDQN,deceptive_grid,2,390,40442,-39.0,38,1,0.657,0.016459
DuelingDQN,deceptive_grid,2,391,40579,-182.0,137,1,0.6558,0.026637
DuelingDQN,deceptive_grid,2,392,40603,-13.0,24,1,0.6556,0.02051
DuelingDQN,deceptive_grid,2,393,40633,-23.0,30,1,0.6554,0.019131
DuelingDQN,deceptive_grid,2,394,40711,-87.0,78,1,0.6547,0.018938
DuelingDQN,deceptive_grid,2,395,40746,-40.0,35,1,0.6544,0.016569
DuelingDQN,deceptive_grid,2,396,40857,-128.0,111,1,0.6535,0.016529
DuelingDQN,deceptive_grid,2,397,40899,-39.0,42,1,0.6531,0.016235
DuelingDQN,deceptive_grid,2,398,40970,-84.0,71,1,0.6525,0.016313
DuelingDQN,deceptive_grid,2,399,41020,-59.0,50,1,0.6521,0.025574
DuelingDQN,deceptive_grid,2,400,41083,-68.0,63,1,0.6515,0.02566
DuelingDQN,deceptive_grid,2,401,41177,-123.0,94,1,0.6507,0.020777
DuelingDQN,deceptive_grid,2,402,41200,-16.0,23,1,0.6505,0.017586
DuelingDQN,deceptive_grid,2,403,41209,2.0,9,1,0.6505,0.016453
DuelingDQN,deceptive_grid,2,404,41265,-57.0,56,1,0.65,0.02176
DuelingDQN,deceptive_grid,2,405,41311,-43.0,46,1,0.6496,0.018527
DuelingDQN,deceptive_grid,2,406,41345,-23.0,34,1,0.6493,0.016683
DuelingDQN,deceptive_grid,2,407,41420,-92.0,75,1,0.6487,0.015736
DuelingDQN,deceptive_grid,2,408,41495,-96.0,75,1,0.648,0.013678
DuelingDQN,deceptive_grid,2,409,41531,-33.0,36,1,0.6477,0.028348
DuelingDQN,deceptive_grid,2,410,41630,-92.0,99,1,0.6469,0.025642
DuelingDQN,deceptive_grid,2,411,41678,-41.0,48,1,0.6465,0.017631
DuelingDQN,deceptive_grid,2,412,41760,-75.0,82,1,0.6458,0.01642
DuelingDQN,deceptive_grid,2,413,41811,-44.0,51,1,0.6454,0.014447
DuelingDQN,deceptive_grid,2,414,41881,-75.0,70,1,0.6448,0.013725
DuelingDQN,deceptive_grid,2,415,41928,-40.0,47,1,0.6444,0.012207
DuelingDQN,deceptive_grid,2,416,41932,7.0,4,1,0.6443,0.010524
DuelingDQN,deceptive_grid,2,417,41971,-56.0,39,1,0.644,0.016954
DuelingDQN,deceptive_grid,2,418,42003,-21.0,32,1,0.6437,0.01787
DuelingDQN,deceptive_grid,2,419,42060,-54.0,57,1,0.6432,0.030046
DuelingDQN,deceptive_grid,2,420,42123,-60.0,63,1,0.6427,0.02296
DuelingDQN,deceptive_grid,2,421,42149,-19.0,26,1,0.6425,0.018641
DuelingDQN,deceptive_grid,2,422,42152,8.0,3,1,0.6425,0.01821
DuelingDQN,deceptive_grid,2,423,42236,-97.0,84,1,0.6418,0.024508
DuelingDQN,deceptive_grid,2,424,42299,-52.0,63,1,0.6412,0.016061
DuelingDQN,deceptive_grid,2,425,42333,-27.0,34,1,0.6409,0.015034
DuelingDQN,deceptive_grid,2,426,42380,-40.0,47,1,0.6405,0.015203
DuelingDQN,deceptive_grid,2,427,42402,-23.0,22,1,0.6403,0.014857
DuelingDQN,deceptive_grid,2,428,42434,-33.0,32,1,0.6401,0.016729
DuelingDQN,deceptive_grid,2,429,42453,-12.0,19,1,0.6399,0.017732
DuelingDQN,deceptive_grid,2,430,42525,-69.0,72,1,0.6393,0.019079
DuelingDQN,deceptive_grid,2,431,42581,-53.0,56,1,0.6388,0.019701
DuelingDQN,deceptive_grid,2,432,42632,-44.0,51,1,0.6384,0.017041
DuelingDQN,deceptive_grid,2,433,42739,-112.0,107,1,0.6375,0.014333
DuelingDQN,deceptive_grid,2,434,42768,-30.0,29,1,0.6372,0.010768
DuelingDQN,deceptive_grid,2,435,42815,-40.0,47,1,0.6368,0.011281
DuelingDQN,deceptive_grid,2,436,42866,-52.0,51,1,0.6364,0.01097
DuelingDQN,deceptive_grid,2,437,42909,-36.0,43,1,0.636,0.013343
DuelingDQN,deceptive_grid,2,438,42970,-58.0,61,1,0.6355,0.012012
DuelingDQN,deceptive_grid,2,439,43010,-37.0,40,1,0.6352,0.015584
DuelingDQN,deceptive_grid,2,440,43040,-27.0,30,1,0.6349,0.024391
DuelingDQN,deceptive_grid,2,441,43091,-60.0,51,1,0.6345,0.02337
DuelingDQN,deceptive_grid,2,442,43109,-7.0,18,1,0.6344,0.019708
DuelingDQN,deceptive_grid,2,443,43190,-78.0,81,1,0.6337,0.016674
DuelingDQN,deceptive_grid,2,444,43253,-72.0,63,1,0.6331,0.01279
DuelingDQN,deceptive_grid,2,445,43319,-55.0,66,1,0.6326,0.011936
DuelingDQN,deceptive_grid,2,446,43345,-23.0,26,1,0.6323,0.011732
DuelingDQN,deceptive_grid,2,447,43377,-33.0,32,1,0.6321,0.014787
DuelingDQN,deceptive_grid,2,448,43393,-5.0,16,1,0.6319,0.015127
DuelingDQN,deceptive_grid,2,449,43422,-22.0,29,1,0.6317,0.015792
DuelingDQN,deceptive_grid,2,450,43440,-15.0,18,1,0.6315,0.010911
DuelingDQN,deceptive_grid,2,451,43469,-22.0,29,1,0.6313,0.010224
DuelingDQN,deceptive_grid,2,452,43509,-29.0,40,1,0.631,0.012465
DuelingDQN,deceptive_grid,2,453,43531,-19.0,22,1,0.6308,0.019749
DuelingDQN,deceptive_grid,2,454,43567,-33.0,36,1,0.6305,0.016525
DuelingDQN,deceptive_grid,2,455,43589,-15.0,22,1,0.6303,0.014412
DuelingDQN,deceptive_grid,2,456,43629,-41.0,40,1,0.6299,0.014973
DuelingDQN,deceptive_grid,2,457,43672,-52.0,43,1,0.6296,0.011824
DuelingDQN,deceptive_grid,2,458,43749,-74.0,77,1,0.6289,0.013453
DuelingDQN,deceptive_grid,2,459,43794,-38.0,45,1,0.6285,0.011491
DuelingDQN,deceptive_grid,2,460,43843,-38.0,49,1,0.6281,0.011866
DuelingDQN,deceptive_grid,2,461,43870,-20.0,27,1,0.6279,0.01028
DuelingDQN,deceptive_grid,2,462,43955,-74.0,85,1,0.6272,0.01028
DuelingDQN,deceptive_grid,2,463,43992,-26.0,37,1,0.6269,0.01126
DuelingDQN,deceptive_grid,2,464,44010,-7.0,18,1,0.6267,0.020913
DuelingDQN,deceptive_grid,2,465,44045,-28.0,35,1,0.6264,0.019818
DuelingDQN,deceptive_grid,2,466,44098,-46.0,53,1,0.626,0.020178
DuelingDQN,deceptive_grid,2,467,44136,-35.0,38,1,0.6256,0.019578
DuelingDQN,deceptive_grid,2,468,44229,-114.0,93,1,0.6249,0.013897
DuelingDQN,deceptive_grid,2,469,44276,-48.0,47,1,0.6245,0.011733
DuelingDQN,deceptive_grid,2,470,44357,-82.0,81,1,0.6238,0.010687
DuelingDQN,deceptive_grid,2,471,44365,3.0,8,1,0.6237,0.008509
DuelingDQN,deceptive_grid,2,472,44427,-83.0,62,1,0.6232,0.010525
DuelingDQN,deceptive_grid,2,473,44509,-75.0,82,1,0.6225,0.011679
DuelingDQN,deceptive_grid,2,474,44534,-26.0,25,1,0.6223,0.022063
DuelingDQN,deceptive_grid,2,475,44576,-51.0,42,1,0.6219,0.018494
DuelingDQN,deceptive_grid,2,476,44641,-70.0,65,1,0.6214,0.019311
DuelingDQN,deceptive_grid,2,477,44669,-25.0,28,1,0.6211,0.01653
DuelingDQN,deceptive_grid,2,478,44691,-19.0,22,1,0.6209,0.013993
DuelingDQN,deceptive_grid,2,479,44699,3.0,8,1,0.6209,0.010977
DuelingDQN,deceptive_grid,2,480,44732,-22.0,33,1,0.6206,0.011988
DuelingDQN,deceptive_grid,2,481,44755,-12.0,23,1,0.6204,0.010212
DuelingDQN,deceptive_grid,2,482,44838,-80.0,83,1,0.6197,0.009795
DuelingDQN,deceptive_grid,2,483,44846,3.0,8,1,0.6196,0.009429
DuelingDQN,deceptive_grid,2,484,44854,3.0,8,1,0.6196,0.010002
DuelingDQN,deceptive_grid,2,485,44904,-39.0,50,1,0.6191,0.009336
DuelingDQN,deceptive_grid,2,486,44965,-66.0,61,1,0.6186,0.010202
DuelingDQN,deceptive_grid,2,487,44970,-2.0,5,1,0.6186,0.009034
DuelingDQN,deceptive_grid,2,488,45035,-62.0,65,1,0.618,0.012312
DuelingDQN,deceptive_grid,2,489,45106,-72.0,71,1,0.6174,0.011946
DuelingDQN,deceptive_grid,2,490,45151,-50.0,45,1,0.617,0.014273
DuelingDQN,deceptive_grid,2,491,45201,-43.0,50,1,0.6166,0.011111
DuelingDQN,deceptive_grid,2,492,45223,-19.0,22,1,0.6164,0.011289
DuelingDQN,deceptive_grid,2,493,45260,-30.0,37,1,0.6161,0.009522
DuelingDQN,deceptive_grid,2,494,45296,-37.0,36,1,0.6158,0.008115
DuelingDQN,deceptive_grid,2,495,45307,0.0,11,1,0.6157,0.010084
DuelingDQN,deceptive_grid,2,496,45353,-35.0,46,1,0.6153,0.009059
DuelingDQN,deceptive_grid,2,497,45365,-5.0,12,1,0.6152,0.007473
DuelingDQN,deceptive_grid,2,498,45421,-49.0,56,1,0.6147,0.007208
DuelingDQN,deceptive_grid,2,499,45459,-35.0,38,1,0.6144,0.008527
DuelingDQN,deceptive_grid,2,500,45506,-48.0,47,1,0.614,0.009007
DuelingDQN,deceptive_grid,2,501,45618,-133.0,112,1,0.6131,0.012438
DuelingDQN,deceptive_grid,2,502,45664,-47.0,46,1,0.6127,0.010273
DuelingDQN,deceptive_grid,2,503,45687,-12.0,23,1,0.6125,0.008946
DuelingDQN,deceptive_grid,2,504,45737,-43.0,50,1,0.6121,0.009588
DuelingDQN,deceptive_grid,2,505,45779,-55.0,42,1,0.6117,0.008096
DuelingDQN,deceptive_grid,2,506,45870,-84.0,91,1,0.6109,0.008367
DuelingDQN,deceptive_grid,2,507,45908,-31.0,38,1,0.6106,0.008171
DuelingDQN,deceptive_grid,2,508,45973,-102.0,65,1,0.6101,0.009486
DuelingDQN,deceptive_grid,2,509,46022,-46.0,49,1,0.6096,0.011712
DuelingDQN,deceptive_grid,2,510,46082,-61.0,60,1,0.6091,0.013421
DuelingDQN,deceptive_grid,2,511,46096,-3.0,14,1,0.609,0.013706
DuelingDQN,deceptive_grid,2,512,46155,-56.0,59,1,0.6085,0.013179
DuelingDQN,deceptive_grid,2,513,46187,-21.0,32,1,0.6082,0.014513
DuelingDQN,deceptive_grid,2,514,46278,-88.0,91,1,0.6075,0.009059
DuelingDQN,deceptive_grid,2,515,46313,-24.0,35,1,0.6072,0.007715
DuelingDQN,deceptive_grid,2,516,46341,-21.0,28,1,0.6069,0.00843
DuelingDQN,deceptive_grid,2,517,46368,-28.0,27,1,0.6067,0.006347
DuelingDQN,deceptive_grid,2,518,46434,-71.0,66,1,0.6061,0.007772
DuelingDQN,deceptive_grid,2,519,46443,2.0,9,1,0.6061,0.008793
DuelingDQN,deceptive_grid,2,520,46492,-54.0,49,1,0.6057,0.008444
DuelingDQN,deceptive_grid,2,521,46528,-29.0,36,1,0.6054,0.011616
DuelingDQN,deceptive_grid,2,522,46612,-81.0,84,1,0.6046,0.012683
DuelingDQN,deceptive_grid,2,523,46657,-46.0,45,1,0.6043,0.010171
DuelingDQN,deceptive_grid,2,524,46684,-20.0,27,1,0.604,0.012154
DuelingDQN,deceptive_grid,2,525,46689,6.0,5,1,0.604,0.011245
DuelingDQN,deceptive_grid,2,526,46712,-16.0,23,1,0.6038,0.011686
DuelingDQN,deceptive_grid,2,527,46740,-21.0,28,1,0.6036,0.010261
DuelingDQN,deceptive_grid,2,528,46789,-46.0,49,1,0.6031,0.009094
DuelingDQN,deceptive_grid,2,529,46817,-25.0,28,1,0.6029,0.008568
DuelingDQN,deceptive_grid,2,530,46891,-63.0,74,1,0.6023,0.007446
DuelingDQN,deceptive_grid,2,531,46925,-23.0,34,1,0.602,0.008315
DuelingDQN,deceptive_grid,2,532,46994,-94.0,69,1,0.6014,0.006833
DuelingDQN,deceptive_grid,2,533,47010,-5.0,16,1,0.6013,0.010949
DuelingDQN,deceptive_grid,2,534,47022,-1.0,12,1,0.6012,0.011856
DuelingDQN,deceptive_grid,2,535,47041,-16.0,19,1,0.601,0.011326
DuelingDQN,deceptive_grid,2,536,47083,-31.0,42,1,0.6006,0.011275
DuelingDQN,deceptive_grid,2,537,47136,-46.0,53,1,0.6002,0.010037
DuelingDQN,deceptive_grid,2,538,47233,-114.0,97,1,0.5994,0.009862
DuelingDQN,deceptive_grid,2,539,47271,-43.0,38,1,0.599,0.009379
DuelingDQN,deceptive_grid,2,540,47311,-37.0,40,1,0.5987,0.009135
DuelingDQN,deceptive_grid,2,541,47387,-73.0,76,1,0.5981,0.008401
DuelingDQN,deceptive_grid,2,542,47436,-38.0,49,1,0.5976,0.010582
DuelingDQN,deceptive_grid,2,543,47474,-31.0,38,1,0.5973,0.008305
DuelingDQN,deceptive_grid,2,544,47514,-29.0,40,1,0.597,0.010236
DuelingDQN,deceptive_grid,2,545,47550,-49.0,36,1,0.5967,0.016247
DuelingDQN,deceptive_grid,2,546,47569,-8.0,19,1,0.5965,0.018359
DuelingDQN,deceptive_grid,2,547,47621,-53.0,52,1,0.5961,0.01464
DuelingDQN,deceptive_grid,2,548,47649,-17.0,28,1,0.5958,0.015327
DuelingDQN,deceptive_grid,2,549,47673,-13.0,24,1,0.5956,0.013661
DuelingDQN,deceptive_grid,2,550,47733,-65.0,60,1,0.5951,0.010345
DuelingDQN,deceptive_grid,2,551,47763,-19.0,30,1,0.5949,0.009066
DuelingDQN,deceptive_grid,2,552,47769,1.0,6,1,0.5948,0.008116
DuelingDQN,deceptive_grid,2,553,47831,-55.0,62,1,0.5943,0.009074
DuelingDQN,deceptive_grid,2,554,47886,-56.0,55,1,0.5938,0.006577
DuelingDQN,deceptive_grid,2,555,47947,-62.0,61,1,0.5933,0.007044
DuelingDQN,deceptive_grid,2,556,47971,-21.0,24,1,0.5931,0.007863
DuelingDQN,deceptive_grid,2,557,48019,-57.0,48,1,0.5927,0.009754
DuelingDQN,deceptive_grid,2,558,48077,-51.0,58,1,0.5922,0.01141
DuelingDQN,deceptive_grid,2,559,48113,-33.0,36,1,0.5919,0.010341
DuelingDQN,deceptive_grid,2,560,48157,-57.0,44,1,0.5915,0.01136
DuelingDQN,deceptive_grid,2,561,48183,-27.0,26,1,0.5913,0.008546
DuelingDQN,deceptive_grid,2,562,48229,-35.0,46,1,0.5909,0.009222
DuelingDQN,deceptive_grid,2,563,48285,-49.0,56,1,0.5904,0.008407
DuelingDQN,deceptive_grid,2,564,48297,-9.0,12,1,0.5903,0.007903
DuelingDQN,deceptive_grid,2,565,48340,-44.0,43,1,0.59,0.008355
DuelingDQN,deceptive_grid,2,566,48399,-52.0,59,1,0.5895,0.008524
DuelingDQN,deceptive_grid,2,567,48401,9.0,2,1,0.5895,0.008409
DuelingDQN,deceptive_grid,2,568,48422,-10.0,21,1,0.5893,0.006428
DuelingDQN,deceptive_grid,2,569,48436,-3.0,14,1,0.5892,0.006717
DuelingDQN,deceptive_grid,2,570,48499,-64.0,63,1,0.5886,0.006666
DuelingDQN,deceptive_grid,2,571,48575,-81.0,76,1,0.588,0.012512
DuelingDQN,deceptive_grid,2,572,48597,-15.0,22,1,0.5878,0.011865
DuelingDQN,deceptive_grid,2,573,48673,-81.0,76,1,0.5872,0.009596
DuelingDQN,deceptive_grid,2,574,48783,-111.0,110,1,0.5862,0.008651
DuelingDQN,deceptive_grid,2,575,48807,-17.0,24,1,0.586,0.008753
DuelingDQN,deceptive_grid,2,576,48872,-62.0,65,1,0.5855,0.006384
DuelingDQN,deceptive_grid,2,577,48934,-51.0,62,1,0.5849,0.005208
DuelingDQN,deceptive_grid,2,578,48993,-56.0,59,1,0.5844,0.007472
DuelingDQN,deceptive_grid,2,579,49132,-156.0,139,1,0.5833,0.012079
DuelingDQN,deceptive_grid,2,580,49183,-44.0,51,1,0.5828,0.009687
DuelingDQN,deceptive_grid,2,581,49231,-53.0,48,1,0.5824,0.009572
DuelingDQN,deceptive_grid,2,582,49284,-42.0,53,1,0.582,0.007996
DuelingDQN,deceptive_grid,2,583,49312,-17.0,28,1,0.5817,0.007696
DuelingDQN,deceptive_grid,2,584,49355,-40.0,43,1,0.5814,0.008841
DuelingDQN,deceptive_grid,2,585,49384,-18.0,29,1,0.5811,0.006714
DuelingDQN,deceptive_grid,2,586,49403,-8.0,19,1,0.581,0.006436
DuelingDQN,deceptive_grid,2,587,49439,-33.0,36,1,0.5807,0.005595
DuelingDQN,deceptive_grid,2,588,49509,-71.0,70,1,0.5801,0.006977
DuelingDQN,deceptive_grid,2,589,49526,-10.0,17,1,0.5799,0.013367
DuelingDQN,deceptive_grid,2,590,49555,-26.0,29,1,0.5797,0.01198
DuelingDQN,deceptive_grid,2,591,49578,-20.0,23,1,0.5795,0.010741
DuelingDQN,deceptive_grid,2,592,49653,-80.0,75,1,0.5788,0.009974
DuelingDQN,deceptive_grid,2,593,49700,-48.0,47,1,0.5784,0.007752
DuelingDQN,deceptive_grid,2,594,49757,-58.0,57,1,0.578,0.007156
DuelingDQN,deceptive_grid,2,595,49808,-40.0,51,1,0.5775,0.006621
DuelingDQN,deceptive_grid,2,596,49846,-27.0,38,1,0.5772,0.005723
DuelingDQN,deceptive_grid,2,597,49895,-54.0,49,1,0.5768,0.005538
DuelingDQN,deceptive_grid,2,598,49924,-22.0,29,1,0.5765,0.006136
DuelingDQN,deceptive_grid,2,599,49967,-52.0,43,1,0.5762,0.008093
DuelingDQN,deceptive_grid,2,600,50003,-33.0,36,1,0.5759,0.010315
DuelingDQN,deceptive_grid,2,601,50041,-39.0,38,1,0.5756,0.023656
DuelingDQN,deceptive_grid,2,602,50072,-24.0,31,1,0.5753,0.016643
DuelingDQN,deceptive_grid,2,603,50115,-44.0,43,1,0.5749,0.012809
DuelingDQN,deceptive_grid,2,604,50157,-39.0,42,1,0.5746,0.011461
DuelingDQN,deceptive_grid,2,605,50201,-49.0,44,1,0.5742,0.009031
DuelingDQN,deceptive_grid,2,606,50229,-17.0,28,1,0.574,0.006734
DuelingDQN,deceptive_grid,2,607,50251,-15.0,22,1,0.5738,0.00605
DuelingDQN,deceptive_grid,2,608,50298,-60.0,47,1,0.5734,0.006291
DuelingDQN,deceptive_grid,2,609,50362,-77.0,64,1,0.5728,0.006738
DuelingDQN,deceptive_grid,2,610,50369,4.0,7,1,0.5728,0.005699
DuelingDQN,deceptive_grid,2,611,50373,7.0,4,1,0.5727,0.005614
DuelingDQN,deceptive_grid,2,612,50391,-15.0,18,1,0.5726,0.005746
DuelingDQN,deceptive_grid,2,613,50443,-45.0,52,1,0.5721,0.005014
DuelingDQN,deceptive_grid,2,614,50494,-44.0,51,1,0.5717,0.005714
DuelingDQN,deceptive_grid,2,615,50560,-79.0,66,1,0.5712,0.012514
DuelingDQN,deceptive_grid,2,616,50628,-61.0,68,1,0.5706,0.011303
DuelingDQN,deceptive_grid,2,617,50661,-26.0,33,1,0.5703,0.010014
DuelingDQN,deceptive_grid,2,618,50697,-33.0,36,1,0.57,0.007988
DuelingDQN,deceptive_grid,2,619,50748,-72.0,51,1,0.5696,0.007791
DuelingDQN,deceptive_grid,2,620,50767,-8.0,19,1,0.5694,0.007476
DuelingDQN,deceptive_grid,2,621,50774,4.0,7,1,0.5693,0.008331
DuelingDQN,deceptive_grid,2,622,50810,-33.0,36,1,0.569,0.008323
DuelingDQN,deceptive_grid,2,623,50845,-32.0,35,1,0.5687,0.007022
DuelingDQN,deceptive_grid,2,624,50883,-35.0,38,1,0.5684,0.006633
DuelingDQN,deceptive_grid,2,625,50885,9.0,2,1,0.5684,0.00606
DuelingDQN,deceptive_grid,2,626,50927,-47.0,42,1,0.568,0.006904
DuelingDQN,deceptive_grid,2,627,50950,-16.0,23,1,0.5678,0.006981
DuelingDQN,deceptive_grid,2,628,50960,1.0,10,1,0.5678,0.00666
DuelingDQN,deceptive_grid,2,629,51002,-39.0,42,1,0.5674,0.009797
DuelingDQN,deceptive_grid,2,630,51031,-26.0,29,1,0.5672,0.013648
DuelingDQN,deceptive_grid,2,631,51076,-46.0,45,1,0.5668,0.01104
DuelingDQN,deceptive_grid,2,632,51113,-34.0,37,1,0.5665,0.008115
DuelingDQN,deceptive_grid,2,633,51121,-1.0,8,1,0.5664,0.006195
DuelingDQN,deceptive_grid,2,634,51135,-3.0,14,1,0.5663,0.00665
DuelingDQN,deceptive_grid,2,635,51159,-29.0,24,1,0.5661,0.008365
DuelingDQN,deceptive_grid,2,636,51192,-30.0,33,1,0.5658,0.008537
DuelingDQN,deceptive_grid,2,637,51212,-21.0,20,1,0.5656,0.008832
DuelingDQN,deceptive_grid,2,638,51235,-24.0,23,1,0.5654,0.008917
DuelingDQN,deceptive_grid,2,639,51290,-44.0,55,1,0.565,0.007057
DuelingDQN,deceptive_grid,2,640,51300,-7.0,10,1,0.5649,0.007393
DuelingDQN,deceptive_grid,2,641,51311,-4.0,11,1,0.5648,0.005424
DuelingDQN,deceptive_grid,2,642,51337,-19.0,26,1,0.5646,0.007137
DuelingDQN,deceptive_grid,2,643,51384,-36.0,47,1,0.5642,0.007449
DuelingDQN,deceptive_grid,2,644,51407,-16.0,23,1,0.564,0.006084
DuelingDQN,deceptive_grid,2,645,51474,-64.0,67,1,0.5634,0.005894
DuelingDQN,deceptive_grid,2,646,51510,-37.0,36,1,0.5631,0.00763
DuelingDQN,deceptive_grid,2,647,51544,-27.0,34,1,0.5628,0.010706
DuelingDQN,deceptive_grid,2,648,51568,-17.0,24,1,0.5626,0.008239
DuelingDQN,deceptive_grid,2,649,51588,-9.0,20,1,0.5624,0.009128
DuelingDQN,deceptive_grid,2,650,51626,-39.0,38,1,0.5621,0.009654
DuelingDQN,deceptive_grid,2,651,51661,-24.0,35,1,0.5618,0.010554
DuelingDQN,deceptive_grid,2,652,51692,-36.0,31,1,0.5615,0.010415
DuelingDQN,deceptive_grid,2,653,51738,-35.0,46,1,0.5612,0.008464
DuelingDQN,deceptive_grid,2,654,51742,7.0,4,1,0.5611,0.006637
DuelingDQN,deceptive_grid,2,655,51780,-47.0,38,1,0.5608,0.005476
DuelingDQN,deceptive_grid,2,656,51800,-13.0,20,1,0.5606,0.005895
DuelingDQN,deceptive_grid,2,657,51833,-42.0,33,1,0.5604,0.006509
DuelingDQN,deceptive_grid,2,658,51851,-11.0,18,1,0.5602,0.005884
DuelingDQN,deceptive_grid,2,659,51872,-10.0,21,1,0.56,0.005677
DuelingDQN,deceptive_grid,2,660,51879,4.0,7,1,0.56,0.004542
DuelingDQN,deceptive_grid,2,661,51931,-53.0,52,1,0.5595,0.004636
DuelingDQN,deceptive_grid,2,662,52001,-71.0,70,1,0.5589,0.004885
DuelingDQN,deceptive_grid,2,663,52042,-50.0,41,1,0.5586,0.010187
DuelingDQN,deceptive_grid,2,664,52076,-23.0,34,1,0.5583,0.009606
DuelingDQN,deceptive_grid,2,665,52105,-22.0,29,1,0.558,0.010474
DuelingDQN,deceptive_grid,2,666,52118,-2.0,13,1,0.5579,0.010422
DuelingDQN,deceptive_grid,2,667,52129,0.0,11,1,0.5578,0.00908
DuelingDQN,deceptive_grid,2,668,52172,-40.0,43,1,0.5575,0.008322
DuelingDQN,deceptive_grid,2,669,52183,0.0,11,1,0.5574,0.006531
DuelingDQN,deceptive_grid,2,670,52209,-27.0,26,1,0.5572,0.006684
DuelingDQN,deceptive_grid,2,671,52239,-19.0,30,1,0.5569,0.007546
DuelingDQN,deceptive_grid,2,672,52287,-41.0,48,1,0.5565,0.006872
DuelingDQN,deceptive_grid,2,673,52338,-44.0,51,1,0.5561,0.008606
DuelingDQN,deceptive_grid,2,674,52375,-30.0,37,1,0.5558,0.007088
DuelingDQN,deceptive_grid,2,675,52428,-46.0,53,1,0.5553,0.00823
DuelingDQN,deceptive_grid,2,676,52460,-21.0,32,1,0.555,0.007592
DuelingDQN,deceptive_grid,2,677,52474,-11.0,14,1,0.5549,0.006662
DuelingDQN,deceptive_grid,2,678,52518,-45.0,44,1,0.5545,0.007863
DuelingDQN,deceptive_grid,2,679,52550,-29.0,32,1,0.5543,0.009676
DuelingDQN,deceptive_grid,2,680,52560,1.0,10,1,0.5542,0.007387
DuelingDQN,deceptive_grid,2,681,52623,-56.0,63,1,0.5537,0.006257
DuelingDQN,deceptive_grid,2,682,52670,-48.0,47,1,0.5533,0.006071
DuelingDQN,deceptive_grid,2,683,52675,6.0,5,1,0.5532,0.006752
DuelingDQN,deceptive_grid,2,684,52686,0.0,11,1,0.5531,0.005676
DuelingDQN,deceptive_grid,2,685,52721,-28.0,35,1,0.5528,0.006906
DuelingDQN,deceptive_grid,2,686,52770,-58.0,49,1,0.5524,0.008055
DuelingDQN,deceptive_grid,2,687,52787,-14.0,17,1,0.5523,0.007371
DuelingDQN,deceptive_grid,2,688,52823,-29.0,36,1,0.552,0.006754
DuelingDQN,deceptive_grid,2,689,52880,-70.0,57,1,0.5515,0.006154
DuelingDQN,deceptive_grid,2,690,52914,-27.0,34,1,0.5512,0.004833
DuelingDQN,deceptive_grid,2,691,52926,-5.0,12,1,0.5511,0.004637
DuelingDQN,deceptive_grid,2,692,52958,-25.0,32,1,0.5508,0.006279
DuelingDQN,deceptive_grid,2,693,52960,9.0,2,1,0.5508,0.006046
DuelingDQN,deceptive_grid,2,694,52970,1.0,10,1,0.5507,0.006933
DuelingDQN,deceptive_grid,2,695,52991,-10.0,21,1,0.5505,0.009934
DuelingDQN,deceptive_grid,2,696,53024,-30.0,33,1,0.5503,0.013581
DuelingDQN,deceptive_grid,2,697,53062,-55.0,38,1,0.5499,0.011696
DuelingDQN,deceptive_grid,2,698,53099,-26.0,37,1,0.5496,0.009873
DuelingDQN,deceptive_grid,2,699,53123,-37.0,24,1,0.5494,0.008088
DuelingDQN,deceptive_grid,2,700,53152,-22.0,29,1,0.5492,0.008324
DuelingDQN,deceptive_grid,2,701,53157,6.0,5,1,0.5491,0.007826
DuelingDQN,deceptive_grid,2,702,53172,-4.0,15,1,0.549,0.008543
DuelingDQN,deceptive_grid,2,703,53224,-57.0,52,1,0.5486,0.007036
DuelingDQN,deceptive_grid,2,704,53263,-28.0,39,1,0.5482,0.004907
DuelingDQN,deceptive_grid,2,705,53292,-22.0,29,1,0.548,0.005685
DuelingDQN,deceptive_grid,2,706,53332,-33.0,40,1,0.5476,0.005756
DuelingDQN,deceptive_grid,2,707,53343,-8.0,11,1,0.5475,0.005037
DuelingDQN,deceptive_grid,2,708,53353,-3.0,10,1,0.5475,0.005019
DuelingDQN,deceptive_grid,2,709,53412,-64.0,59,1,0.547,0.00475
DuelingDQN,deceptive_grid,2,710,53424,-1.0,12,1,0.5469,0.005092
DuelingDQN,deceptive_grid,2,711,53464,-53.0,40,1,0.5465,0.004535
DuelingDQN,deceptive_grid,2,712,53515,-52.0,51,1,0.5461,0.008285
DuelingDQN,deceptive_grid,2,713,53564,-38.0,49,1,0.5457,0.0146
DuelingDQN,deceptive_grid,2,714,53588,-25.0,24,1,0.5455,0.012455
DuelingDQN,deceptive_grid,2,715,53628,-41.0,40,1,0.5451,0.011999
DuelingDQN,deceptive_grid,2,716,53641,-2.0,13,1,0.545,0.008068
DuelingDQN,deceptive_grid,2,717,53667,-27.0,26,1,0.5448,0.008147
DuelingDQN,deceptive_grid,2,718,53709,-47.0,42,1,0.5444,0.007606
DuelingDQN,deceptive_grid,2,719,53732,-24.0,23,1,0.5442,0.006831
DuelingDQN,deceptive_grid,2,720,53766,-35.0,34,1,0.544,0.007178
DuelingDQN,deceptive_grid,2,721,53780,-3.0,14,1,0.5438,0.006042
DuelingDQN,deceptive_grid,2,722,53826,-51.0,46,1,0.5434,0.005536
DuelingDQN,deceptive_grid,2,723,53836,1.0,10,1,0.5434,0.005182
DuelingDQN,deceptive_grid,2,724,53898,-59.0,62,1,0.5428,0.004645
DuelingDQN,deceptive_grid,2,725,53943,-42.0,45,1,0.5425,0.004405
DuelingDQN,deceptive_grid,2,726,53951,-1.0,8,1,0.5424,0.003879
DuelingDQN,deceptive_grid,2,727,53972,-10.0,21,1,0.5422,0.004381
DuelingDQN,deceptive_grid,2,728,54003,-28.0,31,1,0.5419,0.005887
DuelingDQN,deceptive_grid,2,729,54037,-23.0,34,1,0.5417,0.0103
DuelingDQN,deceptive_grid,2,730,54085,-41.0,48,1,0.5413,0.00892
DuelingDQN,deceptive_grid,2,731,54119,-23.0,34,1,0.541,0.00979
DuelingDQN,deceptive_grid,2,732,54143,-13.0,24,1,0.5408,0.00888
DuelingDQN,deceptive_grid,2,733,54178,-28.0,35,1,0.5405,0.009055
DuelingDQN,deceptive_grid,2,734,54203,-22.0,25,1,0.5403,0.010096
DuelingDQN,deceptive_grid,2,735,54227,-21.0,24,1,0.54,0.008343
DuelingDQN,deceptive_grid,2,736,54247,-13.0,20,1,0.5399,0.006224
DuelingDQN,deceptive_grid,2,737,54287,-45.0,40,1,0.5395,0.00663
DuelingDQN,deceptive_grid,2,738,54293,5.0,6,1,0.5395,0.006818
DuelingDQN,deceptive_grid,2,739,54313,-21.0,20,1,0.5393,0.004649
DuelingDQN,deceptive_grid,2,740,54366,-50.0,53,1,0.5389,0.004782
DuelingDQN,deceptive_grid,2,741,54376,-3.0,10,1,0.5388,0.00499
DuelingDQN,deceptive_grid,2,742,54427,-56.0,51,1,0.5384,0.005614
DuelingDQN,deceptive_grid,2,743,54451,-13.0,24,1,0.5381,0.005367
DuelingDQN,deceptive_grid,2,744,54465,-7.0,14,1,0.538,0.005623
DuelingDQN,deceptive_grid,2,745,54467,9.0,2,1,0.538,0.004664
DuelingDQN,deceptive_grid,2,746,54522,-56.0,55,1,0.5375,0.008685
DuelingDQN,deceptive_grid,2,747,54556,-27.0,34,1,0.5373,0.010102
DuelingDQN,deceptive_grid,2,748,54622,-71.0,66,1,0.5367,0.009358
DuelingDQN,deceptive_grid,2,749,54689,-64.0,67,1,0.5361,0.009344
DuelingDQN,deceptive_grid,2,750,54692,8.0,3,1,0.5361,0.00688
DuelingDQN,deceptive_grid,2,751,54703,-4.0,11,1,0.536,0.008514
DuelingDQN,deceptive_grid,2,752,54710,4.0,7,1,0.536,0.0076
DuelingDQN,deceptive_grid,2,753,54747,-38.0,37,1,0.5356,0.006066
DuelingDQN,deceptive_grid,2,754,54755,3.0,8,1,0.5356,0.00754
DuelingDQN,deceptive_grid,2,755,54767,-1.0,12,1,0.5355,0.008638
DuelingDQN,deceptive_grid,2,756,54785,-15.0,18,1,0.5353,0.005916
DuelingDQN,deceptive_grid,2,757,54807,-11.0,22,1,0.5351,0.005145
DuelingDQN,deceptive_grid,2,758,54856,-62.0,49,1,0.5347,0.005232
DuelingDQN,deceptive_grid,2,759,54897,-38.0,41,1,0.5344,0.006033
DuelingDQN,deceptive_grid,2,760,54931,-23.0,34,1,0.5341,0.006079
DuelingDQN,deceptive_grid,2,761,54982,-44.0,51,1,0.5336,0.005555
DuelingDQN,deceptive_grid,2,762,54990,3.0,8,1,0.5336,0.00664
DuelingDQN,deceptive_grid,2,763,55014,-13.0,24,1,0.5334,0.010412
DuelingDQN,deceptive_grid,2,764,55039,-22.0,25,1,0.5332,0.011144
DuelingDQN,deceptive_grid,2,765,55088,-54.0,49,1,0.5327,0.009835
DuelingDQN,deceptive_grid,2,766,55140,-49.0,52,1,0.5323,0.006752
DuelingDQN,deceptive_grid,2,767,55162,-15.0,22,1,0.5321,0.005936
DuelingDQN,deceptive_grid,2,768,55205,-44.0,43,1,0.5318,0.005153
DuelingDQN,deceptive_grid,2,769,55264,-72.0,59,1,0.5313,0.005391
DuelingDQN,deceptive_grid,2,770,55310,-39.0,46,1,0.5309,0.00599
DuelingDQN,deceptive_grid,2,771,55345,-44.0,35,1,0.5306,0.006009
DuelingDQN,deceptive_grid,2,772,55350,2.0,5,1,0.5305,0.005982
DuelingDQN,deceptive_grid,2,773,55376,-19.0,26,1,0.5303,0.006214
DuelingDQN,deceptive_grid,2,774,55403,-24.0,27,1,0.5301,0.005381
DuelingDQN,deceptive_grid,2,775,55443,-33.0,40,1,0.5297,0.005047
DuelingDQN,deceptive_grid,2,776,55493,-43.0,50,1,0.5293,0.004388
DuelingDQN,deceptive_grid,2,777,55494,10.0,1,1,0.5293,0.004114
DuelingDQN,deceptive_grid,2,778,55511,-10.0,17,1,0.5292,0.009485
DuelingDQN,deceptive_grid,2,779,55526,-8.0,15,1,0.529,0.01211
DuelingDQN,deceptive_grid,2,780,55597,-72.0,71,1,0.5284,0.010452
DuelingDQN,deceptive_grid,2,781,55628,-20.0,31,1,0.5282,0.0089
DuelingDQN,deceptive_grid,2,782,55686,-63.0,58,1,0.5277,0.009478
DuelingDQN,deceptive_grid,2,783,55711,-22.0,25,1,0.5275,0.007581
DuelingDQN,deceptive_grid,2,784,55727,-5.0,16,1,0.5273,0.005992
DuelingDQN,deceptive_grid,2,785,55805,-103.0,78,1,0.5267,0.006359
DuelingDQN,deceptive_grid,2,786,55813,3.0,8,1,0.5266,0.005136
DuelingDQN,deceptive_grid,2,787,55835,-15.0,22,1,0.5264,0.005881
DuelingDQN,deceptive_grid,2,788,55877,-31.0,42,1,0.5261,0.006186
DuelingDQN,deceptive_grid,2,789,55911,-23.0,34,1,0.5258,0.00563
DuelingDQN,deceptive_grid,2,790,55914,8.0,3,1,0.5257,0.004085
DuelingDQN,deceptive_grid,2,791,55939,-14.0,25,1,0.5255,0.004924
DuelingDQN,deceptive_grid,2,792,55980,-46.0,41,1,0.5252,0.004354
DuelingDQN,deceptive_grid,2,793,55994,-3.0,14,1,0.5251,0.004983
DuelingDQN,deceptive_grid,2,794,56023,-22.0,29,1,0.5248,0.009651
DuelingDQN,deceptive_grid,2,795,56051,-21.0,28,1,0.5246,0.010413
DuelingDQN,deceptive_grid,2,796,56085,-27.0,34,1,0.5243,0.011121
DuelingDQN,deceptive_grid,2,797,56086,10.0,1,1,0.5243,0.010882
DuelingDQN,deceptive_grid,2,798,56113,-16.0,27,1,0.5241,0.01372
DuelingDQN,deceptive_grid,2,799,56130,-6.0,17,1,0.5239,0.015796
DuelingDQN,deceptive_grid,2,800,56163,-26.0,33,1,0.5236,0.008821
DuelingDQN,deceptive_grid,3,1,200,-308.0,200,0,0.9983,
DuelingDQN,deceptive_grid,3,2,400,-256.0,200,0,0.9966,
DuelingDQN,deceptive_grid,3,3,600,-232.0,200,0,0.9949,
DuelingDQN,deceptive_grid,3,4,800,-268.0,200,0,0.9932,
DuelingDQN,deceptive_grid,3,5,1000,-324.0,200,0,0.9915,0.970689
DuelingDQN,deceptive_grid,3,6,1200,-244.0,200,0,0.9898,0.290536
DuelingDQN,deceptive_grid,3,7,1400,-296.0,200,0,0.9881,0.230603
DuelingDQN,deceptive_grid,3,8,1600,-264.0,200,0,0.9864,0.154289
DuelingDQN,deceptive_grid,3,9,1800,-280.0,200,0,0.9847,0.103025
DuelingDQN,deceptive_grid,3,10,2000,-260.0,200,0,0.983,0.067336
DuelingDQN,deceptive_grid,3,11,2106,-139.0,106,1,0.9821,0.078608
DuelingDQN,deceptive_grid,3,12,2306,-232.0,200,0,0.9804,0.05006
DuelingDQN,deceptive_grid,3,13,2506,-268.0,200,0,0.9788,0.051912
DuelingDQN,deceptive_grid,3,14,2598,-93.0,92,1,0.978,0.061966
DuelingDQN,deceptive_grid,3,15,2798,-272.0,200,0,0.9763,0.037985
DuelingDQN,deceptive_grid,3,16,2998,-284.0,200,0,0.9746,0.043475
DuelingDQN,deceptive_grid,3,17,3198,-280.0,200,0,0.9729,0.059419
DuelingDQN,deceptive_grid,3,18,3398,-332.0,200,0,0.9712,0.040489
DuelingDQN,deceptive_grid,3,19,3598,-228.0,200,0,0.9695,0.050095
DuelingDQN,deceptive_grid,3,20,3798,-340.0,200,0,0.9678,0.045379
DuelingDQN,deceptive_grid,3,21,3998,-260.0,200,0,0.9661,0.033341
DuelingDQN,deceptive_grid,3,22,4198,-216.0,200,0,0.9644,0.042115
DuelingDQN,deceptive_grid,3,23,4398,-268.0,200,0,0.9627,0.033534
DuelingDQN,deceptive_grid,3,24,4484,-123.0,86,1,0.962,0.041506
DuelingDQN,deceptive_grid,3,25,4684,-264.0,200,0,0.9603,0.046023
DuelingDQN,deceptive_grid,3,26,4884,-220.0,200,0,0.9586,0.036782
DuelingDQN,deceptive_grid,3,27,5084,-264.0,200,0,0.9569,0.048949
DuelingDQN,deceptive_grid,3,28,5284,-236.0,200,0,0.9552,0.029691
DuelingDQN,deceptive_grid,3,29,5484,-264.0,200,0,0.9535,0.03988
DuelingDQN,deceptive_grid,3,30,5684,-264.0,200,0,0.9518,0.045289
DuelingDQN,deceptive_grid,3,31,5884,-264.0,200,0,0.9501,0.033272
DuelingDQN,deceptive_grid,3,32,6084,-256.0,200,0,0.9484,0.042561
DuelingDQN,deceptive_grid,3,33,6105,-34.0,21,1,0.9482,0.03149
DuelingDQN,deceptive_grid,3,34,6305,-284.0,200,0,0.9465,0.038979
DuelingDQN,deceptive_grid,3,35,6505,-280.0,200,0,0.9448,0.04376
DuelingDQN,deceptive_grid,3,36,6705,-300.0,200,0,0.9431,0.044152
DuelingDQN,deceptive_grid,3,37,6905,-272.0,200,0,0.9414,0.030545
DuelingDQN,deceptive_grid,3,38,7105,-228.0,200,0,0.9397,0.053189
DuelingDQN,deceptive_grid,3,39,7305,-284.0,200,0,0.938,0.039708
DuelingDQN,deceptive_grid,3,40,7505,-228.0,200,0,0.9364,0.039817
DuelingDQN,deceptive_grid,3,41,7705,-264.0,200,0,0.9347,0.05494
DuelingDQN,deceptive_grid,3,42,7905,-276.0,200,0,0.933,0.050533
DuelingDQN,deceptive_grid,3,43,8105,-276.0,200,0,0.9313,0.076372
DuelingDQN,deceptive_grid,3,44,8208,-148.0,103,1,0.9304,0.080269
DuelingDQN,deceptive_grid,3,45,8408,-280.0,200,0,0.9287,0.062554
DuelingDQN,deceptive_grid,3,46,8608,-244.0,200,0,0.927,0.092449
DuelingDQN,deceptive_grid,3,47,8808,-260.0,200,0,0.9253,0.084963
DuelingDQN,deceptive_grid,3,48,9008,-388.0,200,0,0.9236,0.096583
DuelingDQN,deceptive_grid,3,49,9208,-296.0,200,0,0.9219,0.118865
DuelingDQN,deceptive_grid,3,50,9408,-304.0,200,0,0.9202,0.119038
DuelingDQN,deceptive_grid,3,51,9608,-300.0,200,0,0.9185,0.167447
DuelingDQN,deceptive_grid,3,52,9742,-159.0,134,1,0.9174,0.137245
DuelingDQN,deceptive_grid,3,53,9942,-260.0,200,0,0.9157,0.129339
DuelingDQN,deceptive_grid,3,54,10142,-268.0,200,0,0.914,0.167386
DuelingDQN,deceptive_grid,3,55,10342,-244.0,200,0,0.9123,0.164936
DuelingDQN,deceptive_grid,3,56,10474,-165.0,132,1,0.9112,0.136387
DuelingDQN,deceptive_grid,3,57,10674,-244.0,200,0,0.9095,0.190039
DuelingDQN,deceptive_grid,3,58,10874,-264.0,200,0,0.9078,0.165456
DuelingDQN,deceptive_grid,3,59,11074,-248.0,200,0,0.9061,0.146624
DuelingDQN,deceptive_grid,3,60,11274,-268.0,200,0,0.9044,0.13819
DuelingDQN,deceptive_grid,3,61,11474,-260.0,200,0,0.9027,0.135622
DuelingDQN,deceptive_grid,3,62,11674,-288.0,200,0,0.901,0.16134
DuelingDQN,deceptive_grid,3,63,11874,-224.0,200,0,0.8993,0.175047
DuelingDQN,deceptive_grid,3,64,12074,-324.0,200,0,0.8976,0.179659
DuelingDQN,deceptive_grid,3,65,12139,-58.0,65,1,0.897,0.178281
DuelingDQN,deceptive_grid,3,66,12303,-205.0,164,1,0.8957,0.160644
DuelingDQN,deceptive_grid,3,67,12503,-280.0,200,0,0.894,0.19487
DuelingDQN,deceptive_grid,3,68,12574,-104.0,71,1,0.8934,0.24693
DuelingDQN,deceptive_grid,3,69,12611,-50.0,37,1,0.893,0.229555
DuelingDQN,deceptive_grid,3,70,12811,-272.0,200,0,0.8913,0.191251
DuelingDQN,deceptive_grid,3,71,12909,-135.0,98,1,0.8905,0.209897
DuelingDQN,deceptive_grid,3,72,12958,-54.0,49,1,0.8901,0.23004
DuelingDQN,deceptive_grid,3,73,13069,-116.0,111,1,0.8892,0.236269
DuelingDQN,deceptive_grid,3,74,13269,-220.0,200,0,0.8875,0.190399
DuelingDQN,deceptive_grid,3,75,13469,-216.0,200,0,0.8858,0.208523
DuelingDQN,deceptive_grid,3,76,13662,-230.0,193,1,0.8841,0.221034
DuelingDQN,deceptive_grid,3,77,13862,-312.0,200,0,0.8824,0.210174
DuelingDQN,deceptive_grid,3,78,14062,-256.0,200,0,0.8807,0.216602
DuelingDQN,deceptive_grid,3,79,14262,-264.0,200,0,0.879,0.219092
DuelingDQN,deceptive_grid,3,80,14462,-224.0,200,0,0.8773,0.22051
DuelingDQN,deceptive_grid,3,81,14615,-174.0,153,1,0.876,0.222996
DuelingDQN,deceptive_grid,3,82,14689,-71.0,74,1,0.8754,0.209768
DuelingDQN,deceptive_grid,3,83,14721,-37.0,32,1,0.8751,0.254943
DuelingDQN,deceptive_grid,3,84,14921,-284.0,200,0,0.8734,0.231143
DuelingDQN,deceptive_grid,3,85,15121,-264.0,200,0,0.8718,0.243568
DuelingDQN,deceptive_grid,3,86,15200,-112.0,79,1,0.8711,0.235058
DuelingDQN,deceptive_grid,3,87,15400,-264.0,200,0,0.8694,0.225299
DuelingDQN,deceptive_grid,3,88,15522,-151.0,122,1,0.8683,0.197987
DuelingDQN,deceptive_grid,3,89,15555,-34.0,33,1,0.8681,0.234649
DuelingDQN,deceptive_grid,3,90,15713,-187.0,158,1,0.8667,0.228063
DuelingDQN,deceptive_grid,3,91,15913,-296.0,200,0,0.865,0.229197
DuelingDQN,deceptive_grid,3,92,15959,-39.0,46,1,0.8646,0.206877
DuelingDQN,deceptive_grid,3,93,16159,-340.0,200,0,0.8629,0.228745
DuelingDQN,deceptive_grid,3,94,16209,-43.0,50,1,0.8625,0.266529
DuelingDQN,deceptive_grid,3,95,16409,-236.0,200,0,0.8608,0.216595
DuelingDQN,deceptive_grid,3,96,16609,-312.0,200,0,0.8591,0.232638
DuelingDQN,deceptive_grid,3,97,16809,-280.0,200,0,0.8574,0.245566
DuelingDQN,deceptive_grid,3,98,16841,-37.0,32,1,0.8572,0.205325
DuelingDQN,deceptive_grid,3,99,17041,-292.0,200,0,0.8555,0.211996
DuelingDQN,deceptive_grid,3,100,17241,-276.0,200,0,0.8538,0.203879
DuelingDQN,deceptive_grid,3,101,17441,-240.0,200,0,0.8521,0.197499
DuelingDQN,deceptive_grid,3,102,17641,-240.0,200,0,0.8504,0.2144
DuelingDQN,deceptive_grid,3,103,17841,-240.0,200,0,0.8487,0.201861
DuelingDQN,deceptive_grid,3,104,18041,-304.0,200,0,0.847,0.200097
DuelingDQN,deceptive_grid,3,105,18241,-228.0,200,0,0.8453,0.189171
DuelingDQN,deceptive_grid,3,106,18441,-312.0,200,0,0.8436,0.164408
DuelingDQN,deceptive_grid,3,107,18479,-43.0,38,1,0.8433,0.191212
DuelingDQN,deceptive_grid,3,108,18679,-252.0,200,0,0.8416,0.188441
DuelingDQN,deceptive_grid,3,109,18788,-122.0,109,1,0.8406,0.16746
DuelingDQN,deceptive_grid,3,110,18816,-17.0,28,1,0.8404,0.169316
DuelingDQN,deceptive_grid,3,111,19016,-228.0,200,0,0.8387,0.178837
DuelingDQN,deceptive_grid,3,112,19216,-280.0,200,0,0.837,0.174486
DuelingDQN,deceptive_grid,3,113,19416,-224.0,200,0,0.8353,0.149432
DuelingDQN,deceptive_grid,3,114,19468,-53.0,52,1,0.8349,0.131408
DuelingDQN,deceptive_grid,3,115,19668,-264.0,200,0,0.8332,0.180122
DuelingDQN,deceptive_grid,3,116,19784,-117.0,116,1,0.8322,0.133522
DuelingDQN,deceptive_grid,3,117,19984,-224.0,200,0,0.8305,0.139121
DuelingDQN,deceptive_grid,3,118,20184,-232.0,200,0,0.8288,0.170256
DuelingDQN,deceptive_grid,3,119,20212,-17.0,28,1,0.8286,0.146934
DuelingDQN,deceptive_grid,3,120,20412,-224.0,200,0,0.8269,0.134232
DuelingDQN,deceptive_grid,3,121,20413,10.0,1,1,0.8269,0.07965
DuelingDQN,deceptive_grid,3,122,20613,-256.0,200,0,0.8252,0.165462
DuelingDQN,deceptive_grid,3,123,20716,-128.0,103,1,0.8243,0.143498
DuelingDQN,deceptive_grid,3,124,20784,-77.0,68,1,0.8237,0.138125
DuelingDQN,deceptive_grid,3,125,20946,-187.0,162,1,0.8223,0.121822
DuelingDQN,deceptive_grid,3,126,20966,-21.0,20,1,0.8222,0.141717
DuelingDQN,deceptive_grid,3,127,21156,-231.0,190,1,0.8206,0.164615
DuelingDQN,deceptive_grid,3,128,21182,-15.0,26,1,0.8203,0.116046
DuelingDQN,deceptive_grid,3,129,21222,-37.0,40,1,0.82,0.113906
DuelingDQN,deceptive_grid,3,130,21245,-20.0,23,1,0.8198,0.117513
DuelingDQN,deceptive_grid,3,131,21274,-22.0,29,1,0.8196,0.143394
DuelingDQN,deceptive_grid,3,132,21474,-340.0,200,0,0.8179,0.117958
DuelingDQN,deceptive_grid,3,133,21674,-368.0,200,0,0.8162,0.156399
DuelingDQN,deceptive_grid,3,134,21676,9.0,2,1,0.8161,0.107913
DuelingDQN,deceptive_grid,3,135,21755,-96.0,79,1,0.8155,0.118268
DuelingDQN,deceptive_grid,3,136,21825,-79.0,70,1,0.8149,0.126618
DuelingDQN,deceptive_grid,3,137,21847,-11.0,22,1,0.8147,0.131004
DuelingDQN,deceptive_grid,3,138,21853,1.0,6,1,0.8146,0.109785
DuelingDQN,deceptive_grid,3,139,21909,-93.0,56,1,0.8142,0.127764
DuelingDQN,deceptive_grid,3,140,21941,-21.0,32,1,0.8139,0.137298
DuelingDQN,deceptive_grid,3,141,22047,-111.0,106,1,0.813,0.17419
DuelingDQN,deceptive_grid,3,142,22247,-292.0,200,0,0.8113,0.150762
DuelingDQN,deceptive_grid,3,143,22447,-324.0,200,0,0.8096,0.146581
DuelingDQN,deceptive_grid,3,144,22456,-6.0,9,1,0.8095,0.140443
DuelingDQN,deceptive_grid,3,145,22656,-280.0,200,0,0.8078,0.161355
DuelingDQN,deceptive_grid,3,146,22707,-64.0,51,1,0.8074,0.124755
DuelingDQN,deceptive_grid,3,147,22828,-134.0,121,1,0.8064,0.126884
DuelingDQN,deceptive_grid,3,148,22830,9.0,2,1,0.8064,0.14644
DuelingDQN,deceptive_grid,3,149,22866,-45.0,36,1,0.8061,0.12237
DuelingDQN,deceptive_grid,3,150,23066,-232.0,200,0,0.8044,0.153953
DuelingDQN,deceptive_grid,3,151,23119,-42.0,53,1,0.8039,0.164529
DuelingDQN,deceptive_grid,3,152,23243,-165.0,124,1,0.8029,0.144292
DuelingDQN,deceptive_grid,3,153,23443,-276.0,200,0,0.8012,0.13818
DuelingDQN,deceptive_grid,3,154,23540,-94.0,97,1,0.8003,0.206877
DuelingDQN,deceptive_grid,3,155,23740,-332.0,200,0,0.7986,0.161627
DuelingDQN,deceptive_grid,3,156,23862,-131.0,122,1,0.7976,0.12814
DuelingDQN,deceptive_grid,3,157,23898,-29.0,36,1,0.7973,0.137573
DuelingDQN,deceptive_grid,3,158,24017,-116.0,119,1,0.7963,0.148125
DuelingDQN,deceptive_grid,3,159,24097,-85.0,80,1,0.7956,0.172694
DuelingDQN,deceptive_grid,3,160,24115,-11.0,18,1,0.7955,0.167305
DuelingDQN,deceptive_grid,3,161,24236,-150.0,121,1,0.7944,0.134121
DuelingDQN,deceptive_grid,3,162,24436,-300.0,200,0,0.7927,0.115315
DuelingDQN,deceptive_grid,3,163,24537,-102.0,101,1,0.7919,0.160842
DuelingDQN,deceptive_grid,3,164,24628,-108.0,91,1,0.7911,0.151762
DuelingDQN,deceptive_grid,3,165,24758,-151.0,130,1,0.79,0.119192
DuelingDQN,deceptive_grid,3,166,24946,-217.0,188,1,0.7884,0.125446
DuelingDQN,deceptive_grid,3,167,25018,-65.0,72,1,0.7878,0.143384
DuelingDQN,deceptive_grid,3,168,25066,-53.0,48,1,0.7874,0.189522
DuelingDQN,deceptive_grid,3,169,25225,-212.0,159,1,0.786,0.146199
DuelingDQN,deceptive_grid,3,170,25271,-39.0,46,1,0.7857,0.163459
DuelingDQN,deceptive_grid,3,171,25324,-58.0,53,1,0.7852,0.132817
DuelingDQN,deceptive_grid,3,172,25451,-188.0,127,1,0.7841,0.118258
DuelingDQN,deceptive_grid,3,173,25538,-84.0,87,1,0.7834,0.189492
DuelingDQN,deceptive_grid,3,174,25608,-63.0,70,1,0.7828,0.165025
DuelingDQN,deceptive_grid,3,175,25633,-30.0,25,1,0.7826,0.143086
DuelingDQN,deceptive_grid,3,176,25833,-360.0,200,0,0.7809,0.136863
DuelingDQN,deceptive_grid,3,177,25873,-49.0,40,1,0.7805,0.133289
DuelingDQN,deceptive_grid,3,178,26073,-304.0,200,0,0.7789,0.158821
DuelingDQN,deceptive_grid,3,179,26095,-19.0,22,1,0.7787,0.180618
DuelingDQN,deceptive_grid,3,180,26229,-155.0,134,1,0.7775,0.143608
DuelingDQN,deceptive_grid,3,181,26323,-123.0,94,1,0.7767,0.142513
DuelingDQN,deceptive_grid,3,182,26365,-39.0,42,1,0.7764,0.12427
DuelingDQN,deceptive_grid,3,183,26426,-62.0,61,1,0.7759,0.115915
DuelingDQN,deceptive_grid,3,184,26491,-54.0,65,1,0.7753,0.117384
DuelingDQN,deceptive_grid,3,185,26612,-130.0,121,1,0.7743,0.208686
DuelingDQN,deceptive_grid,3,186,26674,-59.0,62,1,0.7738,0.15809
DuelingDQN,deceptive_grid,3,187,26864,-211.0,190,1,0.7721,0.137492
DuelingDQN,deceptive_grid,3,188,26949,-106.0,85,1,0.7714,0.109174
DuelingDQN,deceptive_grid,3,189,27020,-88.0,71,1,0.7708,0.182989
DuelingDQN,deceptive_grid,3,190,27047,-16.0,27,1,0.7706,0.207609
DuelingDQN,deceptive_grid,3,191,27091,-37.0,44,1,0.7702,0.177747
DuelingDQN,deceptive_grid,3,192,27161,-67.0,70,1,0.7696,0.159265
DuelingDQN,deceptive_grid,3,193,27229,-61.0,68,1,0.769,0.150326
DuelingDQN,deceptive_grid,3,194,27283,-63.0,54,1,0.7686,0.138945
DuelingDQN,deceptive_grid,3,195,27323,-29.0,40,1,0.7683,0.13422
DuelingDQN,deceptive_grid,3,196,27401,-103.0,78,1,0.7676,0.117645
DuelingDQN,deceptive_grid,3,197,27500,-96.0,99,1,0.7667,0.105113
DuelingDQN,deceptive_grid,3,198,27568,-61.0,68,1,0.7662,0.205267
DuelingDQN,deceptive_grid,3,199,27667,-112.0,99,1,0.7653,0.160044
DuelingDQN,deceptive_grid,3,200,27728,-66.0,61,1,0.7648,0.120837
DuelingDQN,deceptive_grid,3,201,27740,-5.0,12,1,0.7647,0.115851
DuelingDQN,deceptive_grid,3,202,27780,-33.0,40,1,0.7644,0.108416
DuelingDQN,deceptive_grid,3,203,27808,-25.0,28,1,0.7641,0.107283
DuelingDQN,deceptive_grid,3,204,27887,-76.0,79,1,0.7635,0.103267
DuelingDQN,deceptive_grid,3,205,27974,-112.0,87,1,0.7627,0.109837
DuelingDQN,deceptive_grid,3,206,27991,-6.0,17,1,0.7626,0.09996
DuelingDQN,deceptive_grid,3,207,28071,-73.0,80,1,0.7619,0.196473
DuelingDQN,deceptive_grid,3,208,28146,-72.0,75,1,0.7613,0.156526
DuelingDQN,deceptive_grid,3,209,28253,-120.0,107,1,0.7604,0.129361
DuelingDQN,deceptive_grid,3,210,28310,-50.0,57,1,0.7599,0.112991
DuelingDQN,deceptive_grid,3,211,28355,-50.0,45,1,0.7595,0.088485
DuelingDQN,deceptive_grid,3,212,28420,-82.0,65,1,0.7589,0.094646
DuelingDQN,deceptive_grid,3,213,28573,-166.0,153,1,0.7576,0.165872
DuelingDQN,deceptive_grid,3,214,28707,-143.0,134,1,0.7565,0.141464
DuelingDQN,deceptive_grid,3,215,28805,-107.0,98,1,0.7557,0.132283
DuelingDQN,deceptive_grid,3,216,28911,-107.0,106,1,0.7548,0.121341
DuelingDQN,deceptive_grid,3,217,28943,-33.0,32,1,0.7545,0.113985
DuelingDQN,deceptive_grid,3,218,29052,-122.0,109,1,0.7536,0.185498
DuelingDQN,deceptive_grid,3,219,29076,-29.0,24,1,0.7534,0.1508
DuelingDQN,deceptive_grid,3,220,29139,-60.0,63,1,0.7528,0.134678
DuelingDQN,deceptive_grid,3,221,29223,-85.0,84,1,0.7521,0.123131
DuelingDQN,deceptive_grid,3,222,29237,-7.0,14,1,0.752,0.137778
DuelingDQN,deceptive_grid,3,223,29334,-98.0,97,1,0.7512,0.122153
DuelingDQN,deceptive_grid,3,224,29459,-138.0,125,1,0.7501,0.110175
DuelingDQN,deceptive_grid,3,225,29532,-74.0,73,1,0.7495,0.221987
DuelingDQN,deceptive_grid,3,226,29605,-82.0,73,1,0.7489,0.171501
DuelingDQN,deceptive_grid,3,227,29653,-61.0,48,1,0.7485,0.114589
DuelingDQN,deceptive_grid,3,228,29687,-31.0,34,1,0.7482,0.105351
DuelingDQN,deceptive_grid,3,229,29791,-125.0,104,1,0.7473,0.099956
DuelingDQN,deceptive_grid,3,230,29818,-24.0,27,1,0.7471,0.08653
DuelingDQN,deceptive_grid,3,231,29912,-107.0,94,1,0.7463,0.0935
DuelingDQN,deceptive_grid,3,232,30018,-107.0,106,1,0.7454,0.1332
DuelingDQN,deceptive_grid,3,233,30133,-136.0,115,1,0.7444,0.134587
DuelingDQN,deceptive_grid,3,234,30243,-123.0,110,1,0.7435,0.100953
DuelingDQN,deceptive_grid,3,235,30269,-19.0,26,1,0.7433,0.086356
DuelingDQN,deceptive_grid,3,236,30280,0.0,11,1,0.7432,0.11105
DuelingDQN,deceptive_grid,3,237,30285,-6.0,5,1,0.7431,0.102716
DuelingDQN,deceptive_grid,3,238,30382,-86.0,97,1,0.7423,0.08141
DuelingDQN,deceptive_grid,3,239,30422,-45.0,40,1,0.742,0.064362
DuelingDQN,deceptive_grid,3,240,30445,-16.0,23,1,0.7418,0.065779
DuelingDQN,deceptive_grid,3,241,30607,-171.0,162,1,0.7404,0.137786
DuelingDQN,deceptive_grid,3,242,30630,-12.0,23,1,0.7402,0.093875
DuelingDQN,deceptive_grid,3,243,30759,-134.0,129,1,0.7391,0.081082
DuelingDQN,deceptive_grid,3,244,30781,-11.0,22,1,0.7389,0.076993
DuelingDQN,deceptive_grid,3,245,30806,-22.0,25,1,0.7387,0.065311
DuelingDQN,deceptive_grid,3,246,30819,-6.0,13,1,0.7386,0.075192
DuelingDQN,deceptive_grid,3,247,30926,-100.0,107,1,0.7377,0.06628
DuelingDQN,deceptive_grid,3,248,30969,-36.0,43,1,0.7373,0.057091
DuelingDQN,deceptive_grid,3,249,31032,-64.0,63,1,0.7368,0.124316
DuelingDQN,deceptive_grid,3,250,31056,-13.0,24,1,0.7366,0.090248
DuelingDQN,deceptive_grid,3,251,31083,-16.0,27,1,0.7364,0.079043
DuelingDQN,deceptive_grid,3,252,31204,-146.0,121,1,0.7353,0.068732
DuelingDQN,deceptive_grid,3,253,31234,-31.0,30,1,0.7351,0.057184
DuelingDQN,deceptive_grid,3,254,31267,-34.0,33,1,0.7348,0.048821
DuelingDQN,deceptive_grid,3,255,31294,-20.0,27,1,0.7346,0.055276
DuelingDQN,deceptive_grid,3,256,31384,-95.0,90,1,0.7338,0.049288
DuelingDQN,deceptive_grid,3,257,31480,-117.0,96,1,0.733,0.048132
DuelingDQN,deceptive_grid,3,258,31547,-56.0,67,1,0.7324,0.117484
DuelingDQN,deceptive_grid,3,259,31656,-126.0,109,1,0.7315,0.075332
DuelingDQN,deceptive_grid,3,260,31751,-108.0,95,1,0.7307,0.048657
DuelingDQN,deceptive_grid,3,261,31788,-38.0,37,1,0.7304,0.050887
DuelingDQN,deceptive_grid,3,262,31842,-47.0,54,1,0.7299,0.043867
DuelingDQN,deceptive_grid,3,263,31992,-159.0,150,1,0.7286,0.044005
DuelingDQN,deceptive_grid,3,264,32029,-26.0,37,1,0.7283,0.121729
DuelingDQN,deceptive_grid,3,265,32087,-55.0,58,1,0.7278,0.067214
DuelingDQN,deceptive_grid,3,266,32111,-13.0,24,1,0.7276,0.053009
DuelingDQN,deceptive_grid,3,267,32188,-90.0,77,1,0.727,0.048219
DuelingDQN,deceptive_grid,3,268,32247,-60.0,59,1,0.7265,0.039557
DuelingDQN,deceptive_grid,3,269,32295,-49.0,48,1,0.7261,0.045433
DuelingDQN,deceptive_grid,3,270,32383,-97.0,88,1,0.7253,0.037054
DuelingDQN,deceptive_grid,3,271,32408,-26.0,25,1,0.7251,0.033941
DuelingDQN,deceptive_grid,3,272,32458,-47.0,50,1,0.7247,0.034762
DuelingDQN,deceptive_grid,3,273,32518,-73.0,60,1,0.7242,0.055605
DuelingDQN,deceptive_grid,3,274,32671,-230.0,153,1,0.7229,0.049723
DuelingDQN,deceptive_grid,3,275,32684,-6.0,13,1,0.7228,0.036163
DuelingDQN,deceptive_grid,3,276,32757,-66.0,73,1,0.7222,0.035758
DuelingDQN,deceptive_grid,3,277,32803,-55.0,46,1,0.7218,0.04192
DuelingDQN,deceptive_grid,3,278,32867,-73.0,64,1,0.7212,0.033814
DuelingDQN,deceptive_grid,3,279,32921,-51.0,54,1,0.7208,0.03212
DuelingDQN,deceptive_grid,3,280,32976,-44.0,55,1,0.7203,0.030743
DuelingDQN,deceptive_grid,3,281,33016,-33.0,40,1,0.72,0.049716
DuelingDQN,deceptive_grid,3,282,33077,-54.0,61,1,0.7194,0.054127
DuelingDQN,deceptive_grid,3,283,33112,-40.0,35,1,0.7191,0.046339
DuelingDQN,deceptive_grid,3,284,33157,-46.0,45,1,0.7188,0.0369
DuelingDQN,deceptive_grid,3,285,33201,-41.0,44,1,0.7184,0.03724
DuelingDQN,deceptive_grid,3,286,33235,-35.0,34,1,0.7181,0.035615
DuelingDQN,deceptive_grid,3,287,33294,-56.0,59,1,0.7176,0.03094
DuelingDQN,deceptive_grid,3,288,33350,-45.0,56,1,0.7171,0.026386
DuelingDQN,deceptive_grid,3,289,33353,8.0,3,1,0.7171,0.020355
DuelingDQN,deceptive_grid,3,290,33365,-1.0,12,1,0.717,0.027867
DuelingDQN,deceptive_grid,3,291,33461,-145.0,96,1,0.7162,0.025807
DuelingDQN,deceptive_grid,3,292,33557,-97.0,96,1,0.7154,0.045601
DuelingDQN,deceptive_grid,3,293,33572,-4.0,15,1,0.7152,0.054793
DuelingDQN,deceptive_grid,3,294,33675,-96.0,103,1,0.7144,0.036374
DuelingDQN,deceptive_grid,3,295,33746,-68.0,71,1,0.7138,0.026017
DuelingDQN,deceptive_grid,3,296,33795,-58.0,49,1,0.7134,0.024606
DuelingDQN,deceptive_grid,3,297,33857,-59.0,62,1,0.7128,0.024106
DuelingDQN,deceptive_grid,3,298,33883,-19.0,26,1,0.7126,0.026251
DuelingDQN,deceptive_grid,3,299,33935,-49.0,52,1,0.7122,0.022367
DuelingDQN,deceptive_grid,3,300,33974,-36.0,39,1,0.7118,0.021867
DuelingDQN,deceptive_grid,3,301,33988,-3.0,14,1,0.7117,0.022268
DuelingDQN,deceptive_grid,3,302,34049,-66.0,61,1,0.7112,0.046801
DuelingDQN,deceptive_grid,3,303,34099,-43.0,50,1,0.7108,0.053744
DuelingDQN,deceptive_grid,3,304,34114,-12.0,15,1,0.7106,0.040357
DuelingDQN,deceptive_grid,3,305,34172,-51.0,58,1,0.7102,0.032441
DuelingDQN,deceptive_grid,3,306,34245,-66.0,73,1,0.7095,0.025544
DuelingDQN,deceptive_grid,3,307,34264,-20.0,19,1,0.7094,0.023644
DuelingDQN,deceptive_grid,3,308,34431,-176.0,167,1,0.708,0.024297
DuelingDQN,deceptive_grid,3,309,34464,-42.0,33,1,0.7077,0.024003
DuelingDQN,deceptive_grid,3,310,34497,-38.0,33,1,0.7074,0.01788
DuelingDQN,deceptive_grid,3,311,34569,-81.0,72,1,0.7068,0.045206
DuelingDQN,deceptive_grid,3,312,34625,-61.0,56,1,0.7063,0.037255
DuelingDQN,deceptive_grid,3,313,34680,-48.0,55,1,0.7058,0.03117
DuelingDQN,deceptive_grid,3,314,34691,0.0,11,1,0.7058,0.035362
DuelingDQN,deceptive_grid,3,315,34743,-57.0,52,1,0.7053,0.029621
DuelingDQN,deceptive_grid,3,316,34843,-93.0,100,1,0.7045,0.026111
DuelingDQN,deceptive_grid,3,317,34883,-29.0,40,1,0.7041,0.01998
DuelingDQN,deceptive_grid,3,318,34909,-27.0,26,1,0.7039,0.019523
DuelingDQN,deceptive_grid,3,319,34981,-73.0,72,1,0.7033,0.020994
DuelingDQN,deceptive_grid,3,320,35061,-89.0,80,1,0.7026,0.03867
DuelingDQN,deceptive_grid,3,321,35172,-124.0,111,1,0.7017,0.027541
DuelingDQN,deceptive_grid,3,322,35372,-252.0,200,0,0.7,0.019895
DuelingDQN,deceptive_grid,3,323,35375,8.0,3,1,0.7,0.017303
DuelingDQN,deceptive_grid,3,324,35390,-8.0,15,1,0.6998,0.017786
DuelingDQN,deceptive_grid,3,325,35465,-76.0,75,1,0.6992,0.015957
DuelingDQN,deceptive_grid,3,326,35542,-94.0,77,1,0.6985,0.03046
DuelingDQN,deceptive_grid,3,327,35588,-47.0,46,1,0.6981,0.028664
DuelingDQN,deceptive_grid,3,328,35640,-45.0,52,1,0.6977,0.029474
DuelingDQN,deceptive_grid,3,329,35651,-8.0,11,1,0.6976,0.024312
DuelingDQN,deceptive_grid,3,330,35675,-13.0,24,1,0.6974,0.020258
DuelingDQN,deceptive_grid,3,331,35714,-40.0,39,1,0.6971,0.017357
DuelingDQN,deceptive_grid,3,332,35748,-23.0,34,1,0.6968,0.017155
DuelingDQN,deceptive_grid,3,333,35846,-127.0,98,1,0.696,0.015913
DuelingDQN,deceptive_grid,3,334,35922,-101.0,76,1,0.6953,0.01546
DuelingDQN,deceptive_grid,3,335,35984,-55.0,62,1,0.6948,0.014955
DuelingDQN,deceptive_grid,3,336,36088,-113.0,104,1,0.6939,0.033828
DuelingDQN,deceptive_grid,3,337,36177,-86.0,89,1,0.6931,0.020103
DuelingDQN,deceptive_grid,3,338,36258,-74.0,81,1,0.6925,0.015063
DuelingDQN,deceptive_grid,3,339,36279,-18.0,21,1,0.6923,0.015215
DuelingDQN,deceptive_grid,3,340,36285,1.0,6,1,0.6922,0.014729
DuelingDQN,deceptive_grid,3,341,36327,-43.0,42,1,0.6919,0.014083
DuelingDQN,deceptive_grid,3,342,36388,-66.0,61,1,0.6914,0.013496
DuelingDQN,deceptive_grid,3,343,36469,-90.0,81,1,0.6907,0.015137
DuelingDQN,deceptive_grid,3,344,36488,-8.0,19,1,0.6905,0.015191
DuelingDQN,deceptive_grid,3,345,36516,-21.0,28,1,0.6903,0.031495
DuelingDQN,deceptive_grid,3,346,36598,-87.0,82,1,0.6896,0.022736
DuelingDQN,deceptive_grid,3,347,36686,-81.0,88,1,0.6888,0.01651
DuelingDQN,deceptive_grid,3,348,36747,-54.0,61,1,0.6883,0.016726
DuelingDQN,deceptive_grid,3,349,36788,-58.0,41,1,0.688,0.015722
DuelingDQN,deceptive_grid,3,350,36848,-81.0,60,1,0.6875,0.012053
DuelingDQN,deceptive_grid,3,351,36873,-18.0,25,1,0.6872,0.012824
DuelingDQN,deceptive_grid,3,352,36935,-51.0,62,1,0.6867,0.014129
DuelingDQN,deceptive_grid,3,353,36942,4.0,7,1,0.6867,0.011696
DuelingDQN,deceptive_grid,3,354,37000,-55.0,58,1,0.6862,0.011135
DuelingDQN,deceptive_grid,3,355,37054,-47.0,54,1,0.6857,0.02584
DuelingDQN,deceptive_grid,3,356,37089,-32.0,35,1,0.6854,0.018206
DuelingDQN,deceptive_grid,3,357,37132,-36.0,43,1,0.685,0.016049
DuelingDQN,deceptive_grid,3,358,37167,-40.0,35,1,0.6848,0.015146
DuelingDQN,deceptive_grid,3,359,37253,-103.0,86,1,0.684,0.012216
DuelingDQN,deceptive_grid,3,360,37265,-1.0,12,1,0.6839,0.011659
DuelingDQN,deceptive_grid,3,361,37334,-82.0,69,1,0.6833,0.010733
DuelingDQN,deceptive_grid,3,362,37396,-59.0,62,1,0.6828,0.010201
DuelingDQN,deceptive_grid,3,363,37447,-60.0,51,1,0.6824,0.010362
DuelingDQN,deceptive_grid,3,364,37516,-70.0,69,1,0.6818,0.014225
DuelingDQN,deceptive_grid,3,365,37562,-51.0,46,1,0.6814,0.02126
DuelingDQN,deceptive_grid,3,366,37608,-47.0,46,1,0.681,0.02217
DuelingDQN,deceptive_grid,3,367,37703,-116.0,95,1,0.6802,0.02017
DuelingDQN,deceptive_grid,3,368,37732,-26.0,29,1,0.68,0.012887
DuelingDQN,deceptive_grid,3,369,37774,-43.0,42,1,0.6796,0.015059
DuelingDQN,deceptive_grid,3,370,37802,-41.0,28,1,0.6794,0.0121
DuelingDQN,deceptive_grid,3,371,37961,-168.0,159,1,0.678,0.011301
DuelingDQN,deceptive_grid,3,372,37978,-6.0,17,1,0.6779,0.011944
DuelingDQN,deceptive_grid,3,373,38035,-54.0,57,1,0.6774,0.017831
DuelingDQN,deceptive_grid,3,374,38102,-72.0,67,1,0.6768,0.023092
DuelingDQN,deceptive_grid,3,375,38131,-22.0,29,1,0.6766,0.021952
DuelingDQN,deceptive_grid,3,376,38201,-83.0,70,1,0.676,0.015795
DuelingDQN,deceptive_grid,3,377,38283,-83.0,82,1,0.6753,0.010434
DuelingDQN,deceptive_grid,3,378,38300,-10.0,17,1,0.6751,0.008608
DuelingDQN,deceptive_grid,3,379,38308,3.0,8,1,0.6751,0.009363
DuelingDQN,deceptive_grid,3,380,38318,-3.0,10,1,0.675,0.007761
DuelingDQN,deceptive_grid,3,381,38410,-85.0,92,1,0.6742,0.009097
DuelingDQN,deceptive_grid,3,382,38450,-37.0,40,1,0.6739,0.009656
DuelingDQN,deceptive_grid,3,383,38482,-29.0,32,1,0.6736,0.013012
DuelingDQN,deceptive_grid,3,384,38502,-9.0,20,1,0.6734,0.014902
DuelingDQN,deceptive_grid,3,385,38513,-12.0,11,1,0.6733,0.026245
DuelingDQN,deceptive_grid,3,386,38536,-24.0,23,1,0.6731,0.020958
DuelingDQN,deceptive_grid,3,387,38552,-17.0,16,1,0.673,0.022822
DuelingDQN,deceptive_grid,3,388,38583,-20.0,31,1,0.6727,0.019086
DuelingDQN,deceptive_grid,3,389,38638,-48.0,55,1,0.6723,0.016281
DuelingDQN,deceptive_grid,3,390,38710,-61.0,72,1,0.6717,0.012887
DuelingDQN,deceptive_grid,3,391,38796,-83.0,86,1,0.6709,0.017964
DuelingDQN,deceptive_grid,3,392,38827,-28.0,31,1,0.6707,0.012358
DuelingDQN,deceptive_grid,3,393,38854,-16.0,27,1,0.6704,0.013819
DuelingDQN,deceptive_grid,3,394,38875,-14.0,21,1,0.6703,0.013534
DuelingDQN,deceptive_grid,3,395,38923,-45.0,48,1,0.6699,0.009978
DuelingDQN,deceptive_grid,3,396,38960,-26.0,37,1,0.6695,0.007536
DuelingDQN,deceptive_grid,3,397,38994,-23.0,34,1,0.6693,0.009077
DuelingDQN,deceptive_grid,3,398,39029,-32.0,35,1,0.669,0.018002
DuelingDQN,deceptive_grid,3,399,39119,-99.0,90,1,0.6682,0.020447
DuelingDQN,deceptive_grid,3,400,39166,-40.0,47,1,0.6678,0.010982
DuelingDQN,deceptive_grid,3,401,39207,-46.0,41,1,0.6674,0.012869
DuelingDQN,deceptive_grid,3,402,39210,8.0,3,1,0.6674,0.012277
DuelingDQN,deceptive_grid,3,403,39251,-42.0,41,1,0.6671,0.012025
DuelingDQN,deceptive_grid,3,404,39312,-50.0,61,1,0.6666,0.009605
DuelingDQN,deceptive_grid,3,405,39395,-76.0,83,1,0.6659,0.00891
DuelingDQN,deceptive_grid,3,406,39440,-42.0,45,1,0.6655,0.008202
DuelingDQN,deceptive_grid,3,407,39479,-40.0,39,1,0.6651,0.008769
DuelingDQN,deceptive_grid,3,408,39500,-18.0,21,1,0.665,0.008722
DuelingDQN,deceptive_grid,3,409,39587,-88.0,87,1,0.6642,0.015963
DuelingDQN,deceptive_grid,3,410,39589,9.0,2,1,0.6642,0.015857
DuelingDQN,deceptive_grid,3,411,39648,-52.0,59,1,0.6637,0.010951
DuelingDQN,deceptive_grid,3,412,39673,-18.0,25,1,0.6635,0.011627
DuelingDQN,deceptive_grid,3,413,39724,-52.0,51,1,0.6631,0.013206
DuelingDQN,deceptive_grid,3,414,39739,-4.0,15,1,0.6629,0.00908
DuelingDQN,deceptive_grid,3,415,39849,-103.0,110,1,0.662,0.009255
DuelingDQN,deceptive_grid,3,416,39929,-69.0,80,1,0.6613,0.008206
DuelingDQN,deceptive_grid,3,417,40020,-92.0,91,1,0.6606,0.013908
DuelingDQN,deceptive_grid,3,418,40086,-63.0,66,1,0.66,0.019863
DuelingDQN,deceptive_grid,3,419,40130,-45.0,44,1,0.6596,0.014289
DuelingDQN,deceptive_grid,3,420,40189,-72.0,59,1,0.6591,0.01234
DuelingDQN,deceptive_grid,3,421,40224,-32.0,35,1,0.6588,0.011436
DuelingDQN,deceptive_grid,3,422,40261,-34.0,37,1,0.6585,0.010312
DuelingDQN,deceptive_grid,3,423,40326,-54.0,65,1,0.658,0.009541
DuelingDQN,deceptive_grid,3,424,40368,-43.0,42,1,0.6576,0.008558
DuelingDQN,deceptive_grid,3,425,40374,1.0,6,1,0.6576,0.005501
DuelingDQN,deceptive_grid,3,426,40393,-12.0,19,1,0.6574,0.008496
DuelingDQN,deceptive_grid,3,427,40444,-56.0,51,1,0.657,0.007868
DuelingDQN,deceptive_grid,3,428,40455,-4.0,11,1,0.6569,0.006628
DuelingDQN,deceptive_grid,3,429,40517,-83.0,62,1,0.6563,0.013213
DuelingDQN,deceptive_grid,3,430,40596,-76.0,79,1,0.6557,0.016418
DuelingDQN,deceptive_grid,3,431,40651,-64.0,55,1,0.6552,0.0137
DuelingDQN,deceptive_grid,3,432,40728,-82.0,77,1,0.6545,0.012293
DuelingDQN,deceptive_grid,3,433,40783,-56.0,55,1,0.6541,0.008727
DuelingDQN,deceptive_grid,3,434,40797,-3.0,14,1,0.654,0.007035
DuelingDQN,deceptive_grid,3,435,40837,-41.0,40,1,0.6536,0.008231
DuelingDQN,deceptive_grid,3,436,40919,-107.0,82,1,0.6529,0.009881
DuelingDQN,deceptive_grid,3,437,40947,-41.0,28,1,0.6527,0.010207
DuelingDQN,deceptive_grid,3,438,40974,-16.0,27,1,0.6525,0.007931
DuelingDQN,deceptive_grid,3,439,41029,-60.0,55,1,0.652,0.01558
DuelingDQN,deceptive_grid,3,440,41091,-63.0,62,1,0.6515,0.014931
DuelingDQN,deceptive_grid,3,441,41108,-6.0,17,1,0.6513,0.011242
DuelingDQN,deceptive_grid,3,442,41162,-47.0,54,1,0.6509,0.01054
DuelingDQN,deceptive_grid,3,443,41219,-66.0,57,1,0.6504,0.010211
DuelingDQN,deceptive_grid,3,444,41274,-56.0,55,1,0.6499,0.007332
DuelingDQN,deceptive_grid,3,445,41293,-20.0,19,1,0.6498,0.008332
DuelingDQN,deceptive_grid,3,446,41344,-64.0,51,1,0.6493,0.007537
DuelingDQN,deceptive_grid,3,447,41366,-11.0,22,1,0.6491,0.006432
DuelingDQN,deceptive_grid,3,448,41432,-67.0,66,1,0.6486,0.007079
DuelingDQN,deceptive_grid,3,449,41485,-46.0,53,1,0.6481,0.008551
DuelingDQN,deceptive_grid,3,450,41497,-1.0,12,1,0.648,0.009382
DuelingDQN,deceptive_grid,3,451,41540,-36.0,43,1,0.6477,0.020086
DuelingDQN,deceptive_grid,3,452,41605,-58.0,65,1,0.6471,0.022861
DuelingDQN,deceptive_grid,3,453,41616,0.0,11,1,0.647,0.021403
DuelingDQN,deceptive_grid,3,454,41653,-26.0,37,1,0.6467,0.013501
DuelingDQN,deceptive_grid,3,455,41688,-32.0,35,1,0.6464,0.009694
DuelingDQN,deceptive_grid,3,456,41760,-69.0,72,1,0.6458,0.007957
DuelingDQN,deceptive_grid,3,457,41785,-22.0,25,1,0.6456,0.007283
DuelingDQN,deceptive_grid,3,458,41836,-56.0,51,1,0.6451,0.007024
DuelingDQN,deceptive_grid,3,459,41872,-33.0,36,1,0.6448,0.008181
DuelingDQN,deceptive_grid,3,460,41902,-23.0,30,1,0.6446,0.006632
DuelingDQN,deceptive_grid,3,461,42009,-128.0,107,1,0.6437,0.009118
DuelingDQN,deceptive_grid,3,462,42064,-48.0,55,1,0.6432,0.022267
DuelingDQN,deceptive_grid,3,463,42139,-80.0,75,1,0.6426,0.021626
DuelingDQN,deceptive_grid,3,464,42165,-15.0,26,1,0.6424,0.016983
DuelingDQN,deceptive_grid,3,465,42226,-70.0,61,1,0.6418,0.012764
DuelingDQN,deceptive_grid,3,466,42270,-37.0,44,1,0.6415,0.009365
DuelingDQN,deceptive_grid,3,467,42285,-12.0,15,1,0.6413,0.008156
DuelingDQN,deceptive_grid,3,468,42322,-26.0,37,1,0.641,0.007392
DuelingDQN,deceptive_grid,3,469,42376,-47.0,54,1,0.6406,0.006757
DuelingDQN,deceptive_grid,3,470,42484,-137.0,108,1,0.6397,0.007026
DuelingDQN,deceptive_grid,3,471,42562,-83.0,78,1,0.639,0.017635
DuelingDQN,deceptive_grid,3,472,42595,-34.0,33,1,0.6387,0.01394
DuelingDQN,deceptive_grid,3,473,42660,-66.0,65,1,0.6382,0.010223
DuelingDQN,deceptive_grid,3,474,42686,-27.0,26,1,0.6379,0.008091
DuelingDQN,deceptive_grid,3,475,42744,-63.0,58,1,0.6374,0.007224
DuelingDQN,deceptive_grid,3,476,42785,-46.0,41,1,0.6371,0.007701
DuelingDQN,deceptive_grid,3,477,42860,-76.0,75,1,0.6365,0.006424
DuelingDQN,deceptive_grid,3,478,42902,-39.0,42,1,0.6361,0.006118
DuelingDQN,deceptive_grid,3,479,42930,-25.0,28,1,0.6359,0.008697
DuelingDQN,deceptive_grid,3,480,42971,-34.0,41,1,0.6355,0.007877
DuelingDQN,deceptive_grid,3,481,43053,-79.0,82,1,0.6348,0.012013
DuelingDQN,deceptive_grid,3,482,43099,-51.0,46,1,0.6344,0.01126
DuelingDQN,deceptive_grid,3,483,43113,-3.0,14,1,0.6343,0.011167
DuelingDQN,deceptive_grid,3,484,43165,-45.0,52,1,0.6339,0.00915
DuelingDQN,deceptive_grid,3,485,43231,-75.0,66,1,0.6333,0.015851
DuelingDQN,deceptive_grid,3,486,43321,-103.0,90,1,0.6326,0.008206
DuelingDQN,deceptive_grid,3,487,43351,-19.0,30,1,0.6323,0.008117
DuelingDQN,deceptive_grid,3,488,43368,-10.0,17,1,0.6322,0.007379
DuelingDQN,deceptive_grid,3,489,43441,-86.0,73,1,0.6315,0.005565
DuelingDQN,deceptive_grid,3,490,43455,-3.0,14,1,0.6314,0.00576
DuelingDQN,deceptive_grid,3,491,43482,-16.0,27,1,0.6312,0.004738
DuelingDQN,deceptive_grid,3,492,43552,-79.0,70,1,0.6306,0.011078
DuelingDQN,deceptive_grid,3,493,43610,-59.0,58,1,0.6301,0.010853
DuelingDQN,deceptive_grid,3,494,43628,-7.0,18,1,0.6299,0.008881
DuelingDQN,deceptive_grid,3,495,43723,-96.0,95,1,0.6291,0.009571
DuelingDQN,deceptive_grid,3,496,43743,-21.0,20,1,0.629,0.007931
DuelingDQN,deceptive_grid,3,497,43749,5.0,6,1,0.6289,0.007762
DuelingDQN,deceptive_grid,3,498,43788,-36.0,39,1,0.6286,0.008403
DuelingDQN,deceptive_grid,3,499,43807,-8.0,19,1,0.6284,0.007084
DuelingDQN,deceptive_grid,3,500,43889,-83.0,82,1,0.6277,0.010645
DuelingDQN,deceptive_grid,3,501,43908,-16.0,19,1,0.6276,0.007226
DuelingDQN,deceptive_grid,3,502,43945,-46.0,37,1,0.6273,0.007451
DuelingDQN,deceptive_grid,3,503,44066,-150.0,121,1,0.6262,0.013162
DuelingDQN,deceptive_grid,3,504,44125,-60.0,59,1,0.6257,0.010551
DuelingDQN,deceptive_grid,3,505,44157,-29.0,32,1,0.6255,0.011646
DuelingDQN,deceptive_grid,3,506,44188,-36.0,31,1,0.6252,0.0091
DuelingDQN,deceptive_grid,3,507,44222,-27.0,34,1,0.6249,0.008086
DuelingDQN,deceptive_grid,3,508,44277,-72.0,55,1,0.6244,0.008558
DuelingDQN,deceptive_grid,3,509,44296,-8.0,19,1,0.6243,0.006925
DuelingDQN,deceptive_grid,3,510,44370,-111.0,74,1,0.6237,0.005768
DuelingDQN,deceptive_grid,3,511,44442,-85.0,72,1,0.623,0.005458
DuelingDQN,deceptive_grid,3,512,44455,-10.0,13,1,0.6229,0.006575
DuelingDQN,deceptive_grid,3,513,44473,-7.0,18,1,0.6228,0.005246
DuelingDQN,deceptive_grid,3,514,44535,-71.0,62,1,0.6223,0.010835
DuelingDQN,deceptive_grid,3,515,44576,-42.0,41,1,0.6219,0.011042
DuelingDQN,deceptive_grid,3,516,44640,-61.0,64,1,0.6214,0.010644
DuelingDQN,deceptive_grid,3,517,44708,-61.0,68,1,0.6208,0.009765
DuelingDQN,deceptive_grid,3,518,44758,-47.0,50,1,0.6204,0.0077
DuelingDQN,deceptive_grid,3,519,44778,-9.0,20,1,0.6202,0.008137
DuelingDQN,deceptive_grid,3,520,44787,2.0,9,1,0.6201,0.008924
DuelingDQN,deceptive_grid,3,521,44852,-66.0,65,1,0.6196,0.008283
DuelingDQN,deceptive_grid,3,522,44867,-8.0,15,1,0.6194,0.006225
DuelingDQN,deceptive_grid,3,523,44875,-1.0,8,1,0.6194,0.008556
DuelingDQN,deceptive_grid,3,524,44914,-36.0,39,1,0.619,0.008508
DuelingDQN,deceptive_grid,3,525,44978,-69.0,64,1,0.6185,0.008085
DuelingDQN,deceptive_grid,3,526,45025,-56.0,47,1,0.6181,0.013111
DuelingDQN,deceptive_grid,3,527,45046,-10.0,21,1,0.6179,0.015412
DuelingDQN,deceptive_grid,3,528,45078,-25.0,32,1,0.6177,0.01648
DuelingDQN,deceptive_grid,3,529,45113,-32.0,35,1,0.6174,0.016102
DuelingDQN,deceptive_grid,3,530,45206,-110.0,93,1,0.6166,0.018023
DuelingDQN,deceptive_grid,3,531,45272,-67.0,66,1,0.616,0.009382
DuelingDQN,deceptive_grid,3,532,45340,-89.0,68,1,0.6154,0.006429
DuelingDQN,deceptive_grid,3,533,45365,-30.0,25,1,0.6152,0.00595
DuelingDQN,deceptive_grid,3,534,45396,-32.0,31,1,0.615,0.005863
DuelingDQN,deceptive_grid,3,535,45443,-44.0,47,1,0.6146,0.00864
DuelingDQN,deceptive_grid,3,536,45527,-81.0,84,1,0.6138,0.009475
DuelingDQN,deceptive_grid,3,537,45543,-5.0,16,1,0.6137,0.012375
DuelingDQN,deceptive_grid,3,538,45595,-61.0,52,1,0.6133,0.012639
DuelingDQN,deceptive_grid,3,539,45639,-41.0,44,1,0.6129,0.012006
DuelingDQN,deceptive_grid,3,540,45668,-34.0,29,1,0.6126,0.011183
DuelingDQN,deceptive_grid,3,541,45711,-36.0,43,1,0.6123,0.009663
DuelingDQN,deceptive_grid,3,542,45718,0.0,7,1,0.6122,0.008343
DuelingDQN,deceptive_grid,3,543,45749,-40.0,31,1,0.612,0.007426
DuelingDQN,deceptive_grid,3,544,45752,8.0,3,1,0.6119,0.008758
DuelingDQN,deceptive_grid,3,545,45785,-26.0,33,1,0.6117,0.008311
DuelingDQN,deceptive_grid,3,546,45794,2.0,9,1,0.6116,0.009283
DuelingDQN,deceptive_grid,3,547,45849,-60.0,55,1,0.6111,0.006749
DuelingDQN,deceptive_grid,3,548,45887,-27.0,38,1,0.6108,0.006907
DuelingDQN,deceptive_grid,3,549,45921,-35.0,34,1,0.6105,0.005296
DuelingDQN,deceptive_grid,3,550,45951,-19.0,30,1,0.6102,0.005447
DuelingDQN,deceptive_grid,3,551,46045,-119.0,94,1,0.6094,0.009005
DuelingDQN,deceptive_grid,3,552,46069,-21.0,24,1,0.6092,0.010977
DuelingDQN,deceptive_grid,3,553,46133,-69.0,64,1,0.6087,0.009371
DuelingDQN,deceptive_grid,3,554,46199,-71.0,66,1,0.6081,0.008986
DuelingDQN,deceptive_grid,3,555,46248,-42.0,49,1,0.6077,0.00781
DuelingDQN,deceptive_grid,3,556,46281,-26.0,33,1,0.6074,0.007544
DuelingDQN,deceptive_grid,3,557,46351,-71.0,70,1,0.6069,0.006869
DuelingDQN,deceptive_grid,3,558,46371,-9.0,20,1,0.6067,0.006332
DuelingDQN,deceptive_grid,3,559,46437,-75.0,66,1,0.6061,0.005952
DuelingDQN,deceptive_grid,3,560,46444,4.0,7,1,0.6061,0.004384
DuelingDQN,deceptive_grid,3,561,46472,-25.0,28,1,0.6058,0.004004
DuelingDQN,deceptive_grid,3,562,46568,-105.0,96,1,0.605,0.01009
DuelingDQN,deceptive_grid,3,563,46613,-46.0,45,1,0.6046,0.0106
DuelingDQN,deceptive_grid,3,564,46660,-44.0,47,1,0.6042,0.007554
DuelingDQN,deceptive_grid,3,565,46703,-32.0,43,1,0.6039,0.01053
DuelingDQN,deceptive_grid,3,566,46780,-78.0,77,1,0.6032,0.01013
DuelingDQN,deceptive_grid,3,567,46792,-1.0,12,1,0.6031,0.009689
DuelingDQN,deceptive_grid,3,568,46837,-42.0,45,1,0.6027,0.006699
DuelingDQN,deceptive_grid,3,569,46857,-9.0,20,1,0.6026,0.005336
DuelingDQN,deceptive_grid,3,570,46925,-65.0,68,1,0.602,0.004904
DuelingDQN,deceptive_grid,3,571,46964,-44.0,39,1,0.6017,0.004343
DuelingDQN,deceptive_grid,3,572,46965,10.0,1,1,0.6016,0.004339
DuelingDQN,deceptive_grid,3,573,47024,-68.0,59,1,0.6011,0.007569
DuelingDQN,deceptive_grid,3,574,47033,2.0,9,1,0.6011,0.014708
DuelingDQN,deceptive_grid,3,575,47081,-37.0,48,1,0.6007,0.011041
DuelingDQN,deceptive_grid,3,576,47130,-46.0,49,1,0.6002,0.011337
DuelingDQN,deceptive_grid,3,577,47195,-78.0,65,1,0.5997,0.010691
DuelingDQN,deceptive_grid,3,578,47243,-45.0,48,1,0.5993,0.006967
DuelingDQN,deceptive_grid,3,579,47262,-16.0,19,1,0.5991,0.00606
DuelingDQN,deceptive_grid,3,580,47315,-54.0,53,1,0.5987,0.005117
DuelingDQN,deceptive_grid,3,581,47362,-44.0,47,1,0.5983,0.004226
DuelingDQN,deceptive_grid,3,582,47378,-13.0,16,1,0.5981,0.005337
DuelingDQN,deceptive_grid,3,583,47395,-10.0,17,1,0.598,0.006726
DuelingDQN,deceptive_grid,3,584,47410,-12.0,15,1,0.5979,0.005617
DuelingDQN,deceptive_grid,3,585,47452,-47.0,42,1,0.5975,0.005399
DuelingDQN,deceptive_grid,3,586,47487,-40.0,35,1,0.5972,0.003819
DuelingDQN,deceptive_grid,3,587,47519,-21.0,32,1,0.5969,0.008985
DuelingDQN,deceptive_grid,3,588,47587,-69.0,68,1,0.5964,0.011961
DuelingDQN,deceptive_grid,3,589,47643,-49.0,56,1,0.5959,0.009195
DuelingDQN,deceptive_grid,3,590,47662,-16.0,19,1,0.5957,0.007053
DuelingDQN,deceptive_grid,3,591,47711,-42.0,49,1,0.5953,0.006837
DuelingDQN,deceptive_grid,3,592,47765,-67.0,54,1,0.5949,0.005813
DuelingDQN,deceptive_grid,3,593,47791,-19.0,26,1,0.5946,0.004623
DuelingDQN,deceptive_grid,3,594,47854,-68.0,63,1,0.5941,0.004341
DuelingDQN,deceptive_grid,3,595,47873,-12.0,19,1,0.5939,0.004044
DuelingDQN,deceptive_grid,3,596,47919,-35.0,46,1,0.5936,0.004628
DuelingDQN,deceptive_grid,3,597,47964,-46.0,45,1,0.5932,0.003658
DuelingDQN,deceptive_grid,3,598,47993,-18.0,29,1,0.5929,0.004098
DuelingDQN,deceptive_grid,3,599,48030,-34.0,37,1,0.5926,0.01064
DuelingDQN,deceptive_grid,3,600,48082,-53.0,52,1,0.5922,0.010611
DuelingDQN,deceptive_grid,3,601,48163,-82.0,81,1,0.5915,0.008248
DuelingDQN,deceptive_grid,3,602,48205,-55.0,42,1,0.5911,0.008605
DuelingDQN,deceptive_grid,3,603,48255,-47.0,50,1,0.5907,0.0081
DuelingDQN,deceptive_grid,3,604,48300,-38.0,45,1,0.5903,0.008226
DuelingDQN,deceptive_grid,3,605,48301,10.0,1,1,0.5903,0.00916
DuelingDQN,deceptive_grid,3,606,48392,-88.0,91,1,0.5895,0.016197
DuelingDQN,deceptive_grid,3,607,48407,-4.0,15,1,0.5894,0.014499
DuelingDQN,deceptive_grid,3,608,48433,-23.0,26,1,0.5892,0.014634
DuelingDQN,deceptive_grid,3,609,48469,-33.0,36,1,0.5889,0.0067
DuelingDQN,deceptive_grid,3,610,48548,-72.0,79,1,0.5882,0.008129
DuelingDQN,deceptive_grid,3,611,48569,-14.0,21,1,0.588,0.00731
DuelingDQN,deceptive_grid,3,612,48585,-17.0,16,1,0.5879,0.007285
DuelingDQN,deceptive_grid,3,613,48636,-56.0,51,1,0.5875,0.006712
DuelingDQN,deceptive_grid,3,614,48691,-52.0,55,1,0.587,0.006801
DuelingDQN,deceptive_grid,3,615,48712,-10.0,21,1,0.5868,0.007768
DuelingDQN,deceptive_grid,3,616,48752,-41.0,40,1,0.5865,0.00676
DuelingDQN,deceptive_grid,3,617,48757,6.0,5,1,0.5864,0.005951
DuelingDQN,deceptive_grid,3,618,48793,-29.0,36,1,0.5861,0.00558
DuelingDQN,deceptive_grid,3,619,48811,-7.0,18,1,0.586,0.004754
DuelingDQN,deceptive_grid,3,620,48841,-27.0,30,1,0.5857,0.00472
DuelingDQN,deceptive_grid,3,621,48919,-87.0,78,1,0.5851,0.003855
DuelingDQN,deceptive_grid,3,622,48964,-38.0,45,1,0.5847,0.003595
DuelingDQN,deceptive_grid,3,623,48965,10.0,1,1,0.5847,0.02059
DuelingDQN,deceptive_grid,3,624,48983,-7.0,18,1,0.5845,0.004571
DuelingDQN,deceptive_grid,3,625,49046,-60.0,63,1,0.584,0.006881
DuelingDQN,deceptive_grid,3,626,49089,-36.0,43,1,0.5836,0.0061
DuelingDQN,deceptive_grid,3,627,49131,-47.0,42,1,0.5833,0.006713
DuelingDQN,deceptive_grid,3,628,49159,-25.0,28,1,0.583,0.006186
DuelingDQN,deceptive_grid,3,629,49210,-48.0,51,1,0.5826,0.00561
DuelingDQN,deceptive_grid,3,630,49251,-34.0,41,1,0.5823,0.004553
DuelingDQN,deceptive_grid,3,631,49286,-28.0,35,1,0.582,0.004883
DuelingDQN,deceptive_grid,3,632,49323,-42.0,37,1,0.5816,0.004411
DuelingDQN,deceptive_grid,3,633,49347,-33.0,24,1,0.5814,0.004125
DuelingDQN,deceptive_grid,3,634,49394,-40.0,47,1,0.581,0.003348
DuelingDQN,deceptive_grid,3,635,49406,-1.0,12,1,0.5809,0.003168
DuelingDQN,deceptive_grid,3,636,49419,-6.0,13,1,0.5808,0.00394
DuelingDQN,deceptive_grid,3,637,49430,-4.0,11,1,0.5807,0.003565
DuelingDQN,deceptive_grid,3,638,49451,-10.0,21,1,0.5806,0.004374
DuelingDQN,deceptive_grid,3,639,49513,-71.0,62,1,0.58,0.006405
DuelingDQN,deceptive_grid,3,640,49541,-25.0,28,1,0.5798,0.008631
DuelingDQN,deceptive_grid,3,641,49589,-49.0,48,1,0.5794,0.006908
DuelingDQN,deceptive_grid,3,642,49647,-67.0,58,1,0.5789,0.006358
DuelingDQN,deceptive_grid,3,643,49654,4.0,7,1,0.5788,0.005954
DuelingDQN,deceptive_grid,3,644,49709,-56.0,55,1,0.5784,0.006097
DuelingDQN,deceptive_grid,3,645,49751,-35.0,42,1,0.578,0.007085
DuelingDQN,deceptive_grid,3,646,49776,-14.0,25,1,0.5778,0.005351
DuelingDQN,deceptive_grid,3,647,49854,-87.0,78,1,0.5771,0.004814
DuelingDQN,deceptive_grid,3,648,49882,-21.0,28,1,0.5769,0.005797
DuelingDQN,deceptive_grid,3,649,49924,-31.0,42,1,0.5765,0.00677
DuelingDQN,deceptive_grid,3,650,49935,-4.0,11,1,0.5765,0.004329
DuelingDQN,deceptive_grid,3,651,49966,-24.0,31,1,0.5762,0.004665
DuelingDQN,deceptive_grid,3,652,50003,-38.0,37,1,0.5759,0.004586
DuelingDQN,deceptive_grid,3,653,50042,-32.0,39,1,0.5755,0.008891
DuelingDQN,deceptive_grid,3,654,50086,-37.0,44,1,0.5752,0.007132
DuelingDQN,deceptive_grid,3,655,50109,-12.0,23,1,0.575,0.005879
DuelingDQN,deceptive_grid,3,656,50146,-34.0,37,1,0.5747,0.006179
DuelingDQN,deceptive_grid,3,657,50225,-76.0,79,1,0.574,0.0054
DuelingDQN,deceptive_grid,3,658,50272,-36.0,47,1,0.5736,0.007172
DuelingDQN,deceptive_grid,3,659,50336,-69.0,64,1,0.5731,0.006041
DuelingDQN,deceptive_grid,3,660,50350,-11.0,14,1,0.5729,0.004189
DuelingDQN,deceptive_grid,3,661,50387,-38.0,37,1,0.5726,0.005707
DuelingDQN,deceptive_grid,3,662,50432,-34.0,45,1,0.5722,0.004565
DuelingDQN,deceptive_grid,3,663,50467,-24.0,35,1,0.5719,0.004323
DuelingDQN,deceptive_grid,3,664,50507,-29.0,40,1,0.5716,0.004932
DuelingDQN,deceptive_grid,3,665,50541,-43.0,34,1,0.5713,0.010049
DuelingDQN,deceptive_grid,3,666,50568,-20.0,27,1,0.5711,0.009149
DuelingDQN,deceptive_grid,3,667,50611,-44.0,43,1,0.5707,0.007696
DuelingDQN,deceptive_grid,3,668,50645,-35.0,34,1,0.5704,0.006557
DuelingDQN,deceptive_grid,3,669,50709,-61.0,64,1,0.5699,0.004569
DuelingDQN,deceptive_grid,3,670,50796,-100.0,87,1,0.5691,0.00492
DuelingDQN,deceptive_grid,3,671,50808,-5.0,12,1,0.569,0.005644
DuelingDQN,deceptive_grid,3,672,50860,-49.0,52,1,0.5686,0.005461
DuelingDQN,deceptive_grid,3,673,50899,-40.0,39,1,0.5683,0.006457
DuelingDQN,deceptive_grid,3,674,50921,-15.0,22,1,0.5681,0.00747
DuelingDQN,deceptive_grid,3,675,50951,-35.0,30,1,0.5678,0.004168
DuelingDQN,deceptive_grid,3,676,50996,-46.0,45,1,0.5675,0.003777
DuelingDQN,deceptive_grid,3,677,51037,-38.0,41,1,0.5671,0.009603
DuelingDQN,deceptive_grid,3,678,51065,-25.0,28,1,0.5669,0.00893
DuelingDQN,deceptive_grid,3,679,51084,-12.0,19,1,0.5667,0.007752
DuelingDQN,deceptive_grid,3,680,51125,-34.0,41,1,0.5664,0.008493
DuelingDQN,deceptive_grid,3,681,51170,-42.0,45,1,0.566,0.009846
DuelingDQN,deceptive_grid,3,682,51175,6.0,5,1,0.5659,0.008196
DuelingDQN,deceptive_grid,3,683,51211,-33.0,36,1,0.5656,0.008468
DuelingDQN,deceptive_grid,3,684,51251,-49.0,40,1,0.5653,0.007973
DuelingDQN,deceptive_grid,3,685,51255,7.0,4,1,0.5653,0.008233
DuelingDQN,deceptive_grid,3,686,51293,-51.0,38,1,0.5649,0.006816
DuelingDQN,deceptive_grid,3,687,51328,-24.0,35,1,0.5646,0.008886
DuelingDQN,deceptive_grid,3,688,51356,-21.0,28,1,0.5644,0.004681
DuelingDQN,deceptive_grid,3,689,51402,-39.0,46,1,0.564,0.004165
DuelingDQN,deceptive_grid,3,690,51455,-42.0,53,1,0.5636,0.004243
DuelingDQN,deceptive_grid,3,691,51482,-20.0,27,1,0.5633,0.004854
DuelingDQN,deceptive_grid,3,692,51516,-27.0,34,1,0.563,0.005559
DuelingDQN,deceptive_grid,3,693,51559,-40.0,43,1,0.5627,0.008758
DuelingDQN,deceptive_grid,3,694,51592,-34.0,33,1,0.5624,0.006265
DuelingDQN,deceptive_grid,3,695,51614,-19.0,22,1,0.5622,0.005716
DuelingDQN,deceptive_grid,3,696,51632,-7.0,18,1,0.5621,0.005044
DuelingDQN,deceptive_grid,3,697,51711,-84.0,79,1,0.5614,0.004345
DuelingDQN,deceptive_grid,3,698,51756,-46.0,45,1,0.561,0.003005
DuelingDQN,deceptive_grid,3,699,51808,-61.0,52,1,0.5606,0.00294
DuelingDQN,deceptive_grid,3,700,51866,-51.0,58,1,0.5601,0.003035
DuelingDQN,deceptive_grid,3,701,51903,-38.0,37,1,0.5598,0.002535
DuelingDQN,deceptive_grid,3,702,51906,8.0,3,1,0.5597,0.002744
DuelingDQN,deceptive_grid,3,703,51959,-50.0,53,1,0.5593,0.002389
DuelingDQN,deceptive_grid,3,704,51966,4.0,7,1,0.5592,0.002705
DuelingDQN,deceptive_grid,3,705,51976,-3.0,10,1,0.5591,0.002745
DuelingDQN,deceptive_grid,3,706,52017,-38.0,41,1,0.5588,0.006151
DuelingDQN,deceptive_grid,3,707,52038,-10.0,21,1,0.5586,0.009301
DuelingDQN,deceptive_grid,3,708,52097,-64.0,59,1,0.5581,0.008173
DuelingDQN,deceptive_grid,3,709,52121,-25.0,24,1,0.5579,0.006588
DuelingDQN,deceptive_grid,3,710,52133,-1.0,12,1,0.5578,0.006871
DuelingDQN,deceptive_grid,3,711,52195,-51.0,62,1,0.5573,0.006998
DuelingDQN,deceptive_grid,3,712,52222,-24.0,27,1,0.5571,0.005291
DuelingDQN,deceptive_grid,3,713,52290,-73.0,68,1,0.5565,0.006563
DuelingDQN,deceptive_grid,3,714,52337,-52.0,47,1,0.5561,0.005205
DuelingDQN,deceptive_grid,3,715,52358,-10.0,21,1,0.5559,0.00319
DuelingDQN,deceptive_grid,3,716,52392,-23.0,34,1,0.5556,0.003622
DuelingDQN,deceptive_grid,3,717,52438,-35.0,46,1,0.5552,0.003755
DuelingDQN,deceptive_grid,3,718,52464,-23.0,26,1,0.555,0.004069
DuelingDQN,deceptive_grid,3,719,52516,-57.0,52,1,0.5546,0.006067
DuelingDQN,deceptive_grid,3,720,52560,-45.0,44,1,0.5542,0.009424
DuelingDQN,deceptive_grid,3,721,52562,9.0,2,1,0.5542,0.008385
DuelingDQN,deceptive_grid,3,722,52579,-10.0,17,1,0.554,0.00722
DuelingDQN,deceptive_grid,3,723,52604,-18.0,25,1,0.5538,0.007734
DuelingDQN,deceptive_grid,3,724,52649,-42.0,45,1,0.5534,0.00661
DuelingDQN,deceptive_grid,3,725,52657,3.0,8,1,0.5534,0.006758
DuelingDQN,deceptive_grid,3,726,52689,-25.0,32,1,0.5531,0.006461
DuelingDQN,deceptive_grid,3,727,52695,5.0,6,1,0.553,0.005091
DuelingDQN,deceptive_grid,3,728,52724,-34.0,29,1,0.5528,0.006437
DuelingDQN,deceptive_grid,3,729,52736,-1.0,12,1,0.5527,0.00521
DuelingDQN,deceptive_grid,3,730,52774,-27.0,38,1,0.5524,0.004952
DuelingDQN,deceptive_grid,3,731,52804,-23.0,30,1,0.5521,0.004436
DuelingDQN,deceptive_grid,3,732,52848,-33.0,44,1,0.5517,0.005205
DuelingDQN,deceptive_grid,3,733,52879,-36.0,31,1,0.5515,0.004658
DuelingDQN,deceptive_grid,3,734,52941,-71.0,62,1,0.551,0.002872
DuelingDQN,deceptive_grid,3,735,52985,-65.0,44,1,0.5506,0.002857
DuelingDQN,deceptive_grid,3,736,53006,-22.0,21,1,0.5504,0.005605
DuelingDQN,deceptive_grid,3,737,53017,0.0,11,1,0.5503,0.007234
DuelingDQN,deceptive_grid,3,738,53026,-2.0,9,1,0.5502,0.007333
DuelingDQN,deceptive_grid,3,739,53046,-17.0,20,1,0.5501,0.005984
DuelingDQN,deceptive_grid,3,740,53118,-77.0,72,1,0.5495,0.006202
DuelingDQN,deceptive_grid,3,741,53160,-39.0,42,1,0.5491,0.005484
DuelingDQN,deceptive_grid,3,742,53181,-10.0,21,1,0.5489,0.005232
DuelingDQN,deceptive_grid,3,743,53233,-73.0,52,1,0.5485,0.003818
DuelingDQN,deceptive_grid,3,744,53267,-27.0,34,1,0.5482,0.002577
DuelingDQN,deceptive_grid,3,745,53278,0.0,11,1,0.5481,0.002519
DuelingDQN,deceptive_grid,3,746,53303,-22.0,25,1,0.5479,0.002392
DuelingDQN,deceptive_grid,3,747,53342,-36.0,39,1,0.5476,0.002528
DuelingDQN,deceptive_grid,3,748,53392,-43.0,50,1,0.5471,0.00217
DuelingDQN,deceptive_grid,3,749,53407,-4.0,15,1,0.547,0.002066
DuelingDQN,deceptive_grid,3,750,53451,-37.0,44,1,0.5466,0.003949
DuelingDQN,deceptive_grid,3,751,53497,-51.0,46,1,0.5462,0.00427
DuelingDQN,deceptive_grid,3,752,53511,-11.0,14,1,0.5461,0.010883
DuelingDQN,deceptive_grid,3,753,53519,3.0,8,1,0.5461,0.011002
DuelingDQN,deceptive_grid,3,754,53573,-43.0,54,1,0.5456,0.01366
DuelingDQN,deceptive_grid,3,755,53608,-48.0,35,1,0.5453,0.019309
DuelingDQN,deceptive_grid,3,756,53650,-39.0,42,1,0.5449,0.011315
DuelingDQN,deceptive_grid,3,757,53661,-4.0,11,1,0.5448,0.006563
DuelingDQN,deceptive_grid,3,758,53740,-80.0,79,1,0.5442,0.004607
DuelingDQN,deceptive_grid,3,759,53785,-42.0,45,1,0.5438,0.00331
DuelingDQN,deceptive_grid,3,760,53786,10.0,1,1,0.5438,0.002256
DuelingDQN,deceptive_grid,3,761,53845,-52.0,59,1,0.5433,0.002625
DuelingDQN,deceptive_grid,3,762,53897,-41.0,52,1,0.5428,0.002789
DuelingDQN,deceptive_grid,3,763,53931,-35.0,34,1,0.5426,0.003465
DuelingDQN,deceptive_grid,3,764,53969,-43.0,38,1,0.5422,0.004134
DuelingDQN,deceptive_grid,3,765,53987,-23.0,18,1,0.5421,0.003016
DuelingDQN,deceptive_grid,3,766,54008,-18.0,21,1,0.5419,0.006799
DuelingDQN,deceptive_grid,3,767,54025,-10.0,17,1,0.5418,0.012931
DuelingDQN,deceptive_grid,3,768,54030,6.0,5,1,0.5417,0.01419
DuelingDQN,deceptive_grid,3,769,54077,-52.0,47,1,0.5413,0.013344
DuelingDQN,deceptive_grid,3,770,54092,-8.0,15,1,0.5412,0.011434
DuelingDQN,deceptive_grid,3,771,54104,-5.0,12,1,0.5411,0.010642
DuelingDQN,deceptive_grid,3,772,54130,-19.0,26,1,0.5409,0.009144
DuelingDQN,deceptive_grid,3,773,54196,-63.0,66,1,0.5403,0.006082
DuelingDQN,deceptive_grid,3,774,54205,2.0,9,1,0.5402,0.00591
DuelingDQN,deceptive_grid,3,775,54222,-10.0,17,1,0.5401,0.005531
DuelingDQN,deceptive_grid,3,776,54233,-8.0,11,1,0.54,0.004513
DuelingDQN,deceptive_grid,3,777,54268,-32.0,35,1,0.5397,0.00355
DuelingDQN,deceptive_grid,3,778,54294,-27.0,26,1,0.5395,0.00401
DuelingDQN,deceptive_grid,3,779,54300,5.0,6,1,0.5394,0.004984
DuelingDQN,deceptive_grid,3,780,54315,-4.0,15,1,0.5393,0.004606
DuelingDQN,deceptive_grid,3,781,54362,-48.0,47,1,0.5389,0.003625
DuelingDQN,deceptive_grid,3,782,54388,-15.0,26,1,0.5387,0.003176
DuelingDQN,deceptive_grid,3,783,54409,-22.0,21,1,0.5385,0.00317
DuelingDQN,deceptive_grid,3,784,54420,0.0,11,1,0.5384,0.002805
DuelingDQN,deceptive_grid,3,785,54460,-33.0,40,1,0.5381,0.003008
DuelingDQN,deceptive_grid,3,786,54482,-11.0,22,1,0.5379,0.004254
DuelingDQN,deceptive_grid,3,787,54517,-24.0,35,1,0.5376,0.007787
DuelingDQN,deceptive_grid,3,788,54561,-45.0,44,1,0.5372,0.010554
DuelingDQN,deceptive_grid,3,789,54617,-73.0,56,1,0.5367,0.010606
DuelingDQN,deceptive_grid,3,790,54661,-33.0,44,1,0.5364,0.010088
DuelingDQN,deceptive_grid,3,791,54677,-13.0,16,1,0.5362,0.007018
DuelingDQN,deceptive_grid,3,792,54706,-26.0,29,1,0.536,0.006886
DuelingDQN,deceptive_grid,3,793,54715,2.0,9,1,0.5359,0.005667
DuelingDQN,deceptive_grid,3,794,54728,-2.0,13,1,0.5358,0.004364
DuelingDQN,deceptive_grid,3,795,54762,-27.0,34,1,0.5355,0.004202
DuelingDQN,deceptive_grid,3,796,54784,-15.0,22,1,0.5353,0.005502
DuelingDQN,deceptive_grid,3,797,54809,-22.0,25,1,0.5351,0.005398
DuelingDQN,deceptive_grid,3,798,54817,3.0,8,1,0.535,0.003534
DuelingDQN,deceptive_grid,3,799,54849,-33.0,32,1,0.5348,0.003815
DuelingDQN,deceptive_grid,3,800,54912,-56.0,63,1,0.5342,0.003172
DuelingDQN,deceptive_grid,4,1,200,-288.0,200,0,0.9983,
DuelingDQN,deceptive_grid,4,2,400,-216.0,200,0,0.9966,
DuelingDQN,deceptive_grid,4,3,600,-336.0,200,0,0.9949,
DuelingDQN,deceptive_grid,4,4,775,-208.0,175,1,0.9934,
DuelingDQN,deceptive_grid,4,5,849,-95.0,74,1,0.9928,
DuelingDQN,deceptive_grid,4,6,1049,-260.0,200,0,0.9911,0.381206
DuelingDQN,deceptive_grid,4,7,1249,-268.0,200,0,0.9894,0.295285
DuelingDQN,deceptive_grid,4,8,1449,-256.0,200,0,0.9877,0.185307
DuelingDQN,deceptive_grid,4,9,1649,-288.0,200,0,0.986,0.160235
DuelingDQN,deceptive_grid,4,10,1821,-217.0,172,1,0.9846,0.117866
DuelingDQN,deceptive_grid,4,11,2021,-248.0,200,0,0.9829,0.092134
DuelingDQN,deceptive_grid,4,12,2221,-312.0,200,0,0.9812,0.084335
DuelingDQN,deceptive_grid,4,13,2421,-304.0,200,0,0.9795,0.079112
DuelingDQN,deceptive_grid,4,14,2621,-256.0,200,0,0.9778,0.072499
DuelingDQN,deceptive_grid,4,15,2821,-248.0,200,0,0.9761,0.061843
DuelingDQN,deceptive_grid,4,16,3021,-268.0,200,0,0.9744,0.071484
DuelingDQN,deceptive_grid,4,17,3221,-252.0,200,0,0.9727,0.072199
DuelingDQN,deceptive_grid,4,18,3421,-332.0,200,0,0.971,0.063755
DuelingDQN,deceptive_grid,4,19,3621,-264.0,200,0,0.9693,0.076888
DuelingDQN,deceptive_grid,4,20,3821,-268.0,200,0,0.9676,0.058006
DuelingDQN,deceptive_grid,4,21,4021,-232.0,200,0,0.9659,0.074835
DuelingDQN,deceptive_grid,4,22,4221,-280.0,200,0,0.9642,0.061651
DuelingDQN,deceptive_grid,4,23,4421,-300.0,200,0,0.9625,0.053054
DuelingDQN,deceptive_grid,4,24,4621,-312.0,200,0,0.9608,0.060608
DuelingDQN,deceptive_grid,4,25,4707,-135.0,86,1,0.9601,0.049866
DuelingDQN,deceptive_grid,4,26,4907,-260.0,200,0,0.9584,0.047198
DuelingDQN,deceptive_grid,4,27,5107,-240.0,200,0,0.9567,0.058699
DuelingDQN,deceptive_grid,4,28,5188,-106.0,81,1,0.956,0.052459
DuelingDQN,deceptive_grid,4,29,5388,-272.0,200,0,0.9543,0.045034
DuelingDQN,deceptive_grid,4,30,5431,-48.0,43,1,0.9539,0.066211
DuelingDQN,deceptive_grid,4,31,5631,-288.0,200,0,0.9522,0.072725
DuelingDQN,deceptive_grid,4,32,5831,-248.0,200,0,0.9505,0.043558
DuelingDQN,deceptive_grid,4,33,6031,-252.0,200,0,0.9489,0.043833
DuelingDQN,deceptive_grid,4,34,6052,-14.0,21,1,0.9487,0.040653
DuelingDQN,deceptive_grid,4,35,6252,-280.0,200,0,0.947,0.042653
DuelingDQN,deceptive_grid,4,36,6452,-296.0,200,0,0.9453,0.040319
DuelingDQN,deceptive_grid,4,37,6652,-232.0,200,0,0.9436,0.059784
DuelingDQN,deceptive_grid,4,38,6852,-280.0,200,0,0.9419,0.045401
DuelingDQN,deceptive_grid,4,39,7052,-332.0,200,0,0.9402,0.055658
DuelingDQN,deceptive_grid,4,40,7252,-253.0,200,1,0.9385,0.041658
DuelingDQN,deceptive_grid,4,41,7452,-272.0,200,0,0.9368,0.044719
DuelingDQN,deceptive_grid,4,42,7652,-364.0,200,0,0.9351,0.069983
DuelingDQN,deceptive_grid,4,43,7852,-268.0,200,0,0.9334,0.0599
DuelingDQN,deceptive_grid,4,44,8052,-280.0,200,0,0.9317,0.057793
DuelingDQN,deceptive_grid,4,45,8252,-264.0,200,0,0.93,0.035207
DuelingDQN,deceptive_grid,4,46,8452,-244.0,200,0,0.9283,0.043997
DuelingDQN,deceptive_grid,4,47,8652,-248.0,200,0,0.9266,0.048092
DuelingDQN,deceptive_grid,4,48,8852,-332.0,200,0,0.9249,0.041431
DuelingDQN,deceptive_grid,4,49,9024,-221.0,172,1,0.9235,0.045128
DuelingDQN,deceptive_grid,4,50,9224,-304.0,200,0,0.9218,0.035863
DuelingDQN,deceptive_grid,4,51,9424,-236.0,200,0,0.9201,0.045665
DuelingDQN,deceptive_grid,4,52,9624,-244.0,200,0,0.9184,0.055129
DuelingDQN,deceptive_grid,4,53,9629,2.0,5,1,0.9183,0.009981
DuelingDQN,deceptive_grid,4,54,9829,-264.0,200,0,0.9166,0.041095
DuelingDQN,deceptive_grid,4,55,10029,-248.0,200,0,0.9149,0.050943
DuelingDQN,deceptive_grid,4,56,10229,-284.0,200,0,0.9132,0.039414
DuelingDQN,deceptive_grid,4,57,10429,-268.0,200,0,0.9115,0.044616
DuelingDQN,deceptive_grid,4,58,10629,-220.0,200,0,0.9099,0.058755
DuelingDQN,deceptive_grid,4,59,10829,-264.0,200,0,0.9082,0.027782
DuelingDQN,deceptive_grid,4,60,11029,-260.0,200,0,0.9065,0.035295
DuelingDQN,deceptive_grid,4,61,11229,-268.0,200,0,0.9048,0.044568
DuelingDQN,deceptive_grid,4,62,11429,-220.0,200,0,0.9031,0.030544
DuelingDQN,deceptive_grid,4,63,11629,-216.0,200,0,0.9014,0.044543
DuelingDQN,deceptive_grid,4,64,11662,-22.0,33,1,0.9011,0.045419
DuelingDQN,deceptive_grid,4,65,11862,-236.0,200,0,0.8994,0.036206
DuelingDQN,deceptive_grid,4,66,12062,-340.0,200,0,0.8977,0.03842
DuelingDQN,deceptive_grid,4,67,12184,-151.0,122,1,0.8967,0.034316
DuelingDQN,deceptive_grid,4,68,12384,-244.0,200,0,0.895,0.048647
DuelingDQN,deceptive_grid,4,69,12584,-220.0,200,0,0.8933,0.054559
DuelingDQN,deceptive_grid,4,70,12784,-360.0,200,0,0.8916,0.041698
DuelingDQN,deceptive_grid,4,71,12923,-172.0,139,1,0.8904,0.052518
DuelingDQN,deceptive_grid,4,72,13123,-268.0,200,0,0.8887,0.044315
DuelingDQN,deceptive_grid,4,73,13323,-272.0,200,0,0.887,0.03004
DuelingDQN,deceptive_grid,4,74,13523,-240.0,200,0,0.8853,0.045331
DuelingDQN,deceptive_grid,4,75,13723,-248.0,200,0,0.8836,0.039645
DuelingDQN,deceptive_grid,4,76,13923,-216.0,200,0,0.8819,0.041064
DuelingDQN,deceptive_grid,4,77,14123,-292.0,200,0,0.8802,0.064384
DuelingDQN,deceptive_grid,4,78,14199,-81.0,76,1,0.8796,0.051523
DuelingDQN,deceptive_grid,4,79,14237,-55.0,38,1,0.8792,0.055878
DuelingDQN,deceptive_grid,4,80,14437,-232.0,200,0,0.8776,0.048896
DuelingDQN,deceptive_grid,4,81,14482,-42.0,45,1,0.8772,0.066672
DuelingDQN,deceptive_grid,4,82,14682,-272.0,200,0,0.8755,0.053604
DuelingDQN,deceptive_grid,4,83,14882,-336.0,200,0,0.8738,0.046992
DuelingDQN,deceptive_grid,4,84,15082,-256.0,200,0,0.8721,0.057954
DuelingDQN,deceptive_grid,4,85,15282,-268.0,200,0,0.8704,0.050589
DuelingDQN,deceptive_grid,4,86,15482,-236.0,200,0,0.8687,0.055288
DuelingDQN,deceptive_grid,4,87,15682,-244.0,200,0,0.867,0.070766
DuelingDQN,deceptive_grid,4,88,15882,-216.0,200,0,0.8653,0.041258
DuelingDQN,deceptive_grid,4,89,16082,-248.0,200,0,0.8636,0.055852
DuelingDQN,deceptive_grid,4,90,16282,-248.0,200,0,0.8619,0.074031
DuelingDQN,deceptive_grid,4,91,16292,1.0,10,1,0.8618,0.065718
DuelingDQN,deceptive_grid,4,92,16492,-244.0,200,0,0.8601,0.060892
DuelingDQN,deceptive_grid,4,93,16549,-58.0,57,1,0.8596,0.084379
DuelingDQN,deceptive_grid,4,94,16749,-252.0,200,0,0.8579,0.056665
DuelingDQN,deceptive_grid,4,95,16762,-18.0,13,1,0.8578,0.027234
DuelingDQN,deceptive_grid,4,96,16810,-53.0,48,1,0.8574,0.092334
DuelingDQN,deceptive_grid,4,97,17010,-212.0,200,0,0.8557,0.060582
DuelingDQN,deceptive_grid,4,98,17084,-107.0,74,1,0.8551,0.078707
DuelingDQN,deceptive_grid,4,99,17284,-344.0,200,0,0.8534,0.075833
DuelingDQN,deceptive_grid,4,100,17484,-296.0,200,0,0.8517,0.094387
DuelingDQN,deceptive_grid,4,101,17684,-220.0,200,0,0.85,0.106789
DuelingDQN,deceptive_grid,4,102,17846,-203.0,162,1,0.8486,0.092927
DuelingDQN,deceptive_grid,4,103,18046,-228.0,200,0,0.8469,0.083833
DuelingDQN,deceptive_grid,4,104,18246,-344.0,200,0,0.8452,0.10709
DuelingDQN,deceptive_grid,4,105,18446,-268.0,200,0,0.8435,0.09994
DuelingDQN,deceptive_grid,4,106,18505,-64.0,59,1,0.843,0.083374
DuelingDQN,deceptive_grid,4,107,18705,-232.0,200,0,0.8414,0.116649
DuelingDQN,deceptive_grid,4,108,18817,-145.0,112,1,0.8404,0.112307
DuelingDQN,deceptive_grid,4,109,19017,-296.0,200,0,0.8387,0.129254
DuelingDQN,deceptive_grid,4,110,19099,-135.0,82,1,0.838,0.154299
DuelingDQN,deceptive_grid,4,111,19127,-37.0,28,1,0.8378,0.109049
DuelingDQN,deceptive_grid,4,112,19327,-212.0,200,0,0.8361,0.143977
DuelingDQN,deceptive_grid,4,113,19344,-26.0,17,1,0.8359,0.167217
DuelingDQN,deceptive_grid,4,114,19544,-284.0,200,0,0.8342,0.139949
DuelingDQN,deceptive_grid,4,115,19657,-142.0,113,1,0.8333,0.197061
DuelingDQN,deceptive_grid,4,116,19751,-107.0,94,1,0.8325,0.147055
DuelingDQN,deceptive_grid,4,117,19951,-224.0,200,0,0.8308,0.170158
DuelingDQN,deceptive_grid,4,118,19957,1.0,6,1,0.8307,0.185721
DuelingDQN,deceptive_grid,4,119,20150,-258.0,193,1,0.8291,0.227229
DuelingDQN,deceptive_grid,4,120,20218,-77.0,68,1,0.8285,0.221683
DuelingDQN,deceptive_grid,4,121,20290,-85.0,72,1,0.8279,0.193097
DuelingDQN,deceptive_grid,4,122,20490,-340.0,200,0,0.8262,0.18318
DuelingDQN,deceptive_grid,4,123,20690,-284.0,200,0,0.8245,0.267509
DuelingDQN,deceptive_grid,4,124,20723,-34.0,33,1,0.8242,0.237778
DuelingDQN,deceptive_grid,4,125,20725,9.0,2,1,0.8242,0.113258
DuelingDQN,deceptive_grid,4,126,20840,-136.0,115,1,0.8232,0.264139
DuelingDQN,deceptive_grid,4,127,21040,-296.0,200,0,0.8215,0.272365
DuelingDQN,deceptive_grid,4,128,21138,-123.0,98,1,0.8207,0.290343
DuelingDQN,deceptive_grid,4,129,21246,-113.0,108,1,0.8198,0.325663
DuelingDQN,deceptive_grid,4,130,21442,-249.0,196,1,0.8181,0.260597
DuelingDQN,deceptive_grid,4,131,21642,-284.0,200,0,0.8164,0.340923
DuelingDQN,deceptive_grid,4,132,21667,-34.0,25,1,0.8162,0.351936
DuelingDQN,deceptive_grid,4,133,21725,-87.0,58,1,0.8157,0.314505
DuelingDQN,deceptive_grid,4,134,21896,-208.0,171,1,0.8143,0.303329
DuelingDQN,deceptive_grid,4,135,22086,-231.0,190,1,0.8127,0.328511
DuelingDQN,deceptive_grid,4,136,22279,-210.0,193,1,0.811,0.356653
DuelingDQN,deceptive_grid,4,137,22288,2.0,9,1,0.811,0.283359
DuelingDQN,deceptive_grid,4,138,22332,-41.0,44,1,0.8106,0.40358
DuelingDQN,deceptive_grid,4,139,22453,-146.0,121,1,0.8096,0.335117
DuelingDQN,deceptive_grid,4,140,22465,-1.0,12,1,0.8095,0.35764
DuelingDQN,deceptive_grid,4,141,22567,-123.0,102,1,0.8086,0.367113
DuelingDQN,deceptive_grid,4,142,22672,-118.0,105,1,0.8077,0.377966
DuelingDQN,deceptive_grid,4,143,22702,-39.0,30,1,0.8074,0.302914
DuelingDQN,deceptive_grid,4,144,22819,-154.0,117,1,0.8065,0.322238
DuelingDQN,deceptive_grid,4,145,23019,-272.0,200,0,0.8048,0.319546
DuelingDQN,deceptive_grid,4,146,23076,-70.0,57,1,0.8043,0.34056
DuelingDQN,deceptive_grid,4,147,23148,-69.0,72,1,0.8037,0.327736
DuelingDQN,deceptive_grid,4,148,23284,-165.0,136,1,0.8025,0.298294
DuelingDQN,deceptive_grid,4,149,23473,-258.0,189,1,0.8009,0.28377
DuelingDQN,deceptive_grid,4,150,23673,-244.0,200,0,0.7992,0.371219
DuelingDQN,deceptive_grid,4,151,23748,-76.0,75,1,0.7986,0.326002
DuelingDQN,deceptive_grid,4,152,23895,-164.0,147,1,0.7973,0.303839
DuelingDQN,deceptive_grid,4,153,24095,-280.0,200,0,0.7956,0.347473
DuelingDQN,deceptive_grid,4,154,24201,-107.0,106,1,0.7947,0.34492
DuelingDQN,deceptive_grid,4,155,24238,-62.0,37,1,0.7944,0.34094
DuelingDQN,deceptive_grid,4,156,24438,-332.0,200,0,0.7927,0.323676
DuelingDQN,deceptive_grid,4,157,24539,-114.0,101,1,0.7919,0.378221
DuelingDQN,deceptive_grid,4,158,24572,-34.0,33,1,0.7916,0.372439
DuelingDQN,deceptive_grid,4,159,24617,-50.0,45,1,0.7912,0.370971
DuelingDQN,deceptive_grid,4,160,24817,-268.0,200,0,0.7895,0.324798
DuelingDQN,deceptive_grid,4,161,24835,-11.0,18,1,0.7894,0.273201
DuelingDQN,deceptive_grid,4,162,24942,-116.0,107,1,0.7884,0.307133
DuelingDQN,deceptive_grid,4,163,25142,-316.0,200,0,0.7868,0.340332
DuelingDQN,deceptive_grid,4,164,25342,-308.0,200,0,0.7851,0.321392
DuelingDQN,deceptive_grid,4,165,25376,-27.0,34,1,0.7848,0.297306
DuelingDQN,deceptive_grid,4,166,25487,-128.0,111,1,0.7838,0.310202
DuelingDQN,deceptive_grid,4,167,25521,-35.0,34,1,0.7835,0.517966
DuelingDQN,deceptive_grid,4,168,25721,-288.0,200,0,0.7818,0.36317
DuelingDQN,deceptive_grid,4,169,25787,-63.0,66,1,0.7813,0.322602
DuelingDQN,deceptive_grid,4,170,25987,-272.0,200,0,0.7796,0.330665
DuelingDQN,deceptive_grid,4,171,26187,-288.0,200,0,0.7779,0.407171
DuelingDQN,deceptive_grid,4,172,26256,-66.0,69,1,0.7773,0.33646
DuelingDQN,deceptive_grid,4,173,26299,-36.0,43,1,0.7769,0.341925
DuelingDQN,deceptive_grid,4,174,26325,-27.0,26,1,0.7767,0.288657
DuelingDQN,deceptive_grid,4,175,26367,-43.0,42,1,0.7764,0.329641
DuelingDQN,deceptive_grid,4,176,26389,-11.0,22,1,0.7762,0.299
DuelingDQN,deceptive_grid,4,177,26546,-198.0,157,1,0.7748,0.365044
DuelingDQN,deceptive_grid,4,178,26617,-76.0,71,1,0.7742,0.379336
DuelingDQN,deceptive_grid,4,179,26653,-29.0,36,1,0.7739,0.346313
DuelingDQN,deceptive_grid,4,180,26722,-66.0,69,1,0.7733,0.324799
DuelingDQN,deceptive_grid,4,181,26756,-35.0,34,1,0.7731,0.321278
DuelingDQN,deceptive_grid,4,182,26837,-78.0,81,1,0.7724,0.312807
DuelingDQN,deceptive_grid,4,183,26875,-43.0,38,1,0.7721,0.295674
DuelingDQN,deceptive_grid,4,184,27075,-284.0,200,0,0.7704,0.353806
DuelingDQN,deceptive_grid,4,185,27122,-36.0,47,1,0.77,0.293342
DuelingDQN,deceptive_grid,4,186,27246,-125.0,124,1,0.7689,0.306286
DuelingDQN,deceptive_grid,4,187,27330,-105.0,84,1,0.7682,0.290165
DuelingDQN,deceptive_grid,4,188,27469,-168.0,139,1,0.767,0.257998
DuelingDQN,deceptive_grid,4,189,27489,-13.0,20,1,0.7668,0.231523
DuelingDQN,deceptive_grid,4,190,27516,-24.0,27,1,0.7666,0.479418
DuelingDQN,deceptive_grid,4,191,27598,-91.0,82,1,0.7659,0.377087
DuelingDQN,deceptive_grid,4,192,27632,-27.0,34,1,0.7656,0.32903
DuelingDQN,deceptive_grid,4,193,27688,-65.0,56,1,0.7652,0.320688
DuelingDQN,deceptive_grid,4,194,27888,-336.0,200,0,0.7635,0.294446
DuelingDQN,deceptive_grid,4,195,27934,-39.0,46,1,0.7631,0.284255
DuelingDQN,deceptive_grid,4,196,28007,-66.0,73,1,0.7624,0.315958
DuelingDQN,deceptive_grid,4,197,28104,-106.0,97,1,0.7616,0.360339
DuelingDQN,deceptive_grid,4,198,28166,-55.0,62,1,0.7611,0.295956
DuelingDQN,deceptive_grid,4,199,28218,-65.0,52,1,0.7607,0.319358
DuelingDQN,deceptive_grid,4,200,28340,-127.0,122,1,0.7596,0.287195
DuelingDQN,deceptive_grid,4,201,28476,-145.0,136,1,0.7585,0.277959
DuelingDQN,deceptive_grid,4,202,28597,-142.0,121,1,0.7574,0.354894
DuelingDQN,deceptive_grid,4,203,28741,-161.0,144,1,0.7562,0.260453
DuelingDQN,deceptive_grid,4,204,28894,-170.0,153,1,0.7549,0.244562
DuelingDQN,deceptive_grid,4,205,28937,-36.0,43,1,0.7546,0.241067
DuelingDQN,deceptive_grid,4,206,28961,-21.0,24,1,0.7544,0.209524
DuelingDQN,deceptive_grid,4,207,29034,-74.0,73,1,0.7537,0.372299
DuelingDQN,deceptive_grid,4,208,29234,-260.0,200,0,0.752,0.280301
DuelingDQN,deceptive_grid,4,209,29260,-15.0,26,1,0.7518,0.234457
DuelingDQN,deceptive_grid,4,210,29277,-10.0,17,1,0.7517,0.223089
DuelingDQN,deceptive_grid,4,211,29477,-261.0,200,1,0.75,0.224356
DuelingDQN,deceptive_grid,4,212,29561,-105.0,84,1,0.7493,0.359195
DuelingDQN,deceptive_grid,4,213,29656,-120.0,95,1,0.7485,0.273897
DuelingDQN,deceptive_grid,4,214,29699,-48.0,43,1,0.7481,0.241143
DuelingDQN,deceptive_grid,4,215,29782,-88.0,83,1,0.7474,0.263328
DuelingDQN,deceptive_grid,4,216,29829,-36.0,47,1,0.747,0.235233
DuelingDQN,deceptive_grid,4,217,29866,-34.0,37,1,0.7467,0.247093
DuelingDQN,deceptive_grid,4,218,29938,-85.0,72,1,0.7461,0.234704
DuelingDQN,deceptive_grid,4,219,29986,-69.0,48,1,0.7457,0.227611
DuelingDQN,deceptive_grid,4,220,30135,-166.0,149,1,0.7444,0.333038
DuelingDQN,deceptive_grid,4,221,30193,-63.0,58,1,0.7439,0.278459
DuelingDQN,deceptive_grid,4,222,30264,-104.0,71,1,0.7433,0.245554
DuelingDQN,deceptive_grid,4,223,30352,-97.0,88,1,0.7426,0.216637
DuelingDQN,deceptive_grid,4,224,30405,-62.0,53,1,0.7421,0.22558
DuelingDQN,deceptive_grid,4,225,30481,-101.0,76,1,0.7415,0.212407
DuelingDQN,deceptive_grid,4,226,30492,-4.0,11,1,0.7414,0.203187
DuelingDQN,deceptive_grid,4,227,30533,-34.0,41,1,0.741,0.406899
DuelingDQN,deceptive_grid,4,228,30554,-14.0,21,1,0.7408,0.316894
DuelingDQN,deceptive_grid,4,229,30597,-32.0,43,1,0.7405,0.303358
DuelingDQN,deceptive_grid,4,230,30652,-48.0,55,1,0.74,0.271817
DuelingDQN,deceptive_grid,4,231,30793,-166.0,141,1,0.7388,0.248293
DuelingDQN,deceptive_grid,4,232,30833,-29.0,40,1,0.7385,0.254927
DuelingDQN,deceptive_grid,4,233,30869,-25.0,36,1,0.7382,0.208875
DuelingDQN,deceptive_grid,4,234,30946,-82.0,77,1,0.7375,0.214439
DuelingDQN,deceptive_grid,4,235,31122,-249.0,176,1,0.736,0.29852
DuelingDQN,deceptive_grid,4,236,31196,-71.0,74,1,0.7354,0.261677
DuelingDQN,deceptive_grid,4,237,31320,-165.0,124,1,0.7343,0.252656
DuelingDQN,deceptive_grid,4,238,31372,-61.0,52,1,0.7339,0.234732
DuelingDQN,deceptive_grid,4,239,31445,-74.0,73,1,0.7333,0.218778
DuelingDQN,deceptive_grid,4,240,31463,-7.0,18,1,0.7331,0.218401
DuelingDQN,deceptive_grid,4,241,31497,-35.0,34,1,0.7328,0.224062
DuelingDQN,deceptive_grid,4,242,31624,-120.0,127,1,0.7318,0.402428
DuelingDQN,deceptive_grid,4,243,31711,-80.0,87,1,0.731,0.335183
DuelingDQN,deceptive_grid,4,244,31769,-91.0,58,1,0.7305,0.262964
DuelingDQN,deceptive_grid,4,245,31817,-53.0,48,1,0.7301,0.284821
DuelingDQN,deceptive_grid,4,246,31910,-110.0,93,1,0.7293,0.270918
DuelingDQN,deceptive_grid,4,247,31985,-72.0,75,1,0.7287,0.231352
DuelingDQN,deceptive_grid,4,248,32147,-191.0,162,1,0.7273,0.417785
DuelingDQN,deceptive_grid,4,249,32244,-118.0,97,1,0.7265,0.311797
DuelingDQN,deceptive_grid,4,250,32251,4.0,7,1,0.7265,0.257238
DuelingDQN,deceptive_grid,4,251,32349,-103.0,98,1,0.7256,0.27536
DuelingDQN,deceptive_grid,4,252,32422,-78.0,73,1,0.725,0.28132
DuelingDQN,deceptive_grid,4,253,32438,-5.0,16,1,0.7249,0.311639
DuelingDQN,deceptive_grid,4,254,32500,-51.0,62,1,0.7243,0.309993
DuelingDQN,deceptive_grid,4,255,32561,-66.0,61,1,0.7238,0.462359
DuelingDQN,deceptive_grid,4,256,32707,-155.0,146,1,0.7226,0.345513
DuelingDQN,deceptive_grid,4,257,32877,-171.0,170,1,0.7211,0.312262
DuelingDQN,deceptive_grid,4,258,32977,-121.0,100,1,0.7203,0.288725
DuelingDQN,deceptive_grid,4,259,33034,-58.0,57,1,0.7198,0.446484
DuelingDQN,deceptive_grid,4,260,33178,-177.0,144,1,0.7186,0.362732
DuelingDQN,deceptive_grid,4,261,33262,-85.0,84,1,0.7179,0.336721
DuelingDQN,deceptive_grid,4,262,33283,-10.0,21,1,0.7177,0.285517
DuelingDQN,deceptive_grid,4,263,33382,-100.0,99,1,0.7169,0.316314
DuelingDQN,deceptive_grid,4,264,33408,-23.0,26,1,0.7166,0.28915
DuelingDQN,deceptive_grid,4,265,33504,-117.0,96,1,0.7158,0.330863
DuelingDQN,deceptive_grid,4,266,33527,-20.0,23,1,0.7156,0.613843
DuelingDQN,deceptive_grid,4,267,33579,-65.0,52,1,0.7152,0.463553
DuelingDQN,deceptive_grid,4,268,33664,-98.0,85,1,0.7145,0.340787
DuelingDQN,deceptive_grid,4,269,33741,-82.0,77,1,0.7138,0.327966
DuelingDQN,deceptive_grid,4,270,33769,-21.0,28,1,0.7136,0.287318
DuelingDQN,deceptive_grid,4,271,33780,-4.0,11,1,0.7135,0.265128
DuelingDQN,deceptive_grid,4,272,33807,-20.0,27,1,0.7133,0.280687
DuelingDQN,deceptive_grid,4,273,33841,-35.0,34,1,0.713,0.327269
DuelingDQN,deceptive_grid,4,274,33908,-84.0,67,1,0.7124,0.273028
DuelingDQN,deceptive_grid,4,275,33993,-94.0,85,1,0.7117,0.288733
DuelingDQN,deceptive_grid,4,276,34035,-55.0,42,1,0.7113,0.492701
DuelingDQN,deceptive_grid,4,277,34104,-70.0,69,1,0.7107,0.360652
DuelingDQN,deceptive_grid,4,278,34161,-46.0,57,1,0.7103,0.32838
DuelingDQN,deceptive_grid,4,279,34198,-34.0,37,1,0.7099,0.300066
DuelingDQN,deceptive_grid,4,280,34226,-17.0,28,1,0.7097,0.296837
DuelingDQN,deceptive_grid,4,281,34239,-10.0,13,1,0.7096,0.311191
DuelingDQN,deceptive_grid,4,282,34284,-34.0,45,1,0.7092,0.268968
DuelingDQN,deceptive_grid,4,283,34341,-74.0,57,1,0.7087,0.28465
DuelingDQN,deceptive_grid,4,284,34355,-3.0,14,1,0.7086,0.280429
DuelingDQN,deceptive_grid,4,285,34434,-80.0,79,1,0.7079,0.260405
DuelingDQN,deceptive_grid,4,286,34576,-143.0,142,1,0.7067,0.349823
DuelingDQN,deceptive_grid,4,287,34656,-109.0,80,1,0.7061,0.298262
DuelingDQN,deceptive_grid,4,288,34715,-48.0,59,1,0.7056,0.290121
DuelingDQN,deceptive_grid,4,289,34787,-77.0,72,1,0.7049,0.307521
DuelingDQN,deceptive_grid,4,290,34810,-16.0,23,1,0.7047,0.250233
DuelingDQN,deceptive_grid,4,291,34923,-122.0,113,1,0.7038,0.254035
DuelingDQN,deceptive_grid,4,292,34951,-17.0,28,1,0.7035,0.235388
DuelingDQN,deceptive_grid,4,293,35065,-107.0,114,1,0.7026,0.303185
DuelingDQN,deceptive_grid,4,294,35156,-92.0,91,1,0.7018,0.239611
DuelingDQN,deceptive_grid,4,295,35356,-232.0,200,0,0.7001,0.215654
DuelingDQN,deceptive_grid,4,296,35438,-75.0,82,1,0.6994,0.203003
DuelingDQN,deceptive_grid,4,297,35473,-32.0,35,1,0.6991,0.166715
DuelingDQN,deceptive_grid,4,298,35623,-155.0,150,1,0.6978,0.268204
DuelingDQN,deceptive_grid,4,299,35782,-160.0,159,1,0.6965,0.20908
DuelingDQN,deceptive_grid,4,300,35792,-3.0,10,1,0.6964,0.17933
DuelingDQN,deceptive_grid,4,301,35835,-44.0,43,1,0.6961,0.176941
DuelingDQN,deceptive_grid,4,302,35952,-126.0,117,1,0.6951,0.16187
DuelingDQN,deceptive_grid,4,303,36152,-228.0,200,0,0.6934,0.207312
DuelingDQN,deceptive_grid,4,304,36202,-51.0,50,1,0.6929,0.148542
DuelingDQN,deceptive_grid,4,305,36402,-244.0,200,0,0.6912,0.144004
DuelingDQN,deceptive_grid,4,306,36421,-16.0,19,1,0.6911,0.116424
DuelingDQN,deceptive_grid,4,307,36587,-203.0,166,1,0.6897,0.18524
DuelingDQN,deceptive_grid,4,308,36787,-232.0,200,0,0.688,0.148271
DuelingDQN,deceptive_grid,4,309,36823,-29.0,36,1,0.6877,0.128804
DuelingDQN,deceptive_grid,4,310,36848,-34.0,25,1,0.6875,0.125735
DuelingDQN,deceptive_grid,4,311,37048,-220.0,200,0,0.6858,0.143249
DuelingDQN,deceptive_grid,4,312,37213,-166.0,165,1,0.6844,0.111248
DuelingDQN,deceptive_grid,4,313,37413,-268.0,200,0,0.6827,0.088229
DuelingDQN,deceptive_grid,4,314,37442,-22.0,29,1,0.6824,0.089551
DuelingDQN,deceptive_grid,4,315,37497,-44.0,55,1,0.682,0.073673
DuelingDQN,deceptive_grid,4,316,37552,-56.0,55,1,0.6815,0.178044
DuelingDQN,deceptive_grid,4,317,37563,-8.0,11,1,0.6814,0.128102
DuelingDQN,deceptive_grid,4,318,37763,-232.0,200,0,0.6797,0.096795
DuelingDQN,deceptive_grid,4,319,37781,-7.0,18,1,0.6795,0.08565
DuelingDQN,deceptive_grid,4,320,37981,-232.0,200,0,0.6778,0.07508
DuelingDQN,deceptive_grid,4,321,38042,-54.0,61,1,0.6773,0.128514
DuelingDQN,deceptive_grid,4,322,38048,-3.0,6,1,0.6773,0.10071
DuelingDQN,deceptive_grid,4,323,38095,-44.0,47,1,0.6769,0.095101
DuelingDQN,deceptive_grid,4,324,38166,-92.0,71,1,0.6763,0.077515
DuelingDQN,deceptive_grid,4,325,38180,-7.0,14,1,0.6762,0.094831
DuelingDQN,deceptive_grid,4,326,38220,-29.0,40,1,0.6758,0.074651
DuelingDQN,deceptive_grid,4,327,38420,-256.0,200,0,0.6741,0.059503
DuelingDQN,deceptive_grid,4,328,38478,-55.0,58,1,0.6736,0.053096
DuelingDQN,deceptive_grid,4,329,38678,-244.0,200,0,0.6719,0.067071
DuelingDQN,deceptive_grid,4,330,38878,-240.0,200,0,0.6702,0.047641
DuelingDQN,deceptive_grid,4,331,38913,-24.0,35,1,0.6699,0.04224
DuelingDQN,deceptive_grid,4,332,38977,-93.0,64,1,0.6694,0.037898
DuelingDQN,deceptive_grid,4,333,39071,-95.0,94,1,0.6686,0.062224
DuelingDQN,deceptive_grid,4,334,39112,-38.0,41,1,0.6683,0.044671
DuelingDQN,deceptive_grid,4,335,39158,-63.0,46,1,0.6679,0.03916
DuelingDQN,deceptive_grid,4,336,39205,-36.0,47,1,0.6675,0.036707
DuelingDQN,deceptive_grid,4,337,39247,-35.0,42,1,0.6671,0.043991
DuelingDQN,deceptive_grid,4,338,39264,-6.0,17,1,0.667,0.03894
DuelingDQN,deceptive_grid,4,339,39464,-272.0,200,0,0.6653,0.034579
DuelingDQN,deceptive_grid,4,340,39538,-83.0,74,1,0.6646,0.046759
DuelingDQN,deceptive_grid,4,341,39559,-10.0,21,1,0.6645,0.050734
DuelingDQN,deceptive_grid,4,342,39614,-48.0,55,1,0.664,0.042057
DuelingDQN,deceptive_grid,4,343,39689,-68.0,75,1,0.6634,0.043534
DuelingDQN,deceptive_grid,4,344,39692,8.0,3,1,0.6633,0.032821
DuelingDQN,deceptive_grid,4,345,39883,-220.0,191,1,0.6617,0.029279
DuelingDQN,deceptive_grid,4,346,39927,-33.0,44,1,0.6613,0.032062
DuelingDQN,deceptive_grid,4,347,40127,-236.0,200,0,0.6596,0.042063
DuelingDQN,deceptive_grid,4,348,40327,-232.0,200,0,0.6579,0.034733
DuelingDQN,deceptive_grid,4,349,40465,-151.0,138,1,0.6568,0.026209
DuelingDQN,deceptive_grid,4,350,40653,-205.0,188,1,0.6552,0.038568
DuelingDQN,deceptive_grid,4,351,40656,0.0,3,1,0.6552,0.037432
DuelingDQN,deceptive_grid,4,352,40684,-25.0,28,1,0.6549,0.031713
DuelingDQN,deceptive_grid,4,353,40712,-17.0,28,1,0.6547,0.029708
DuelingDQN,deceptive_grid,4,354,40848,-145.0,136,1,0.6535,0.029123
DuelingDQN,deceptive_grid,4,355,40915,-76.0,67,1,0.653,0.02785
DuelingDQN,deceptive_grid,4,356,40940,-14.0,25,1,0.6527,0.027869
DuelingDQN,deceptive_grid,4,357,40977,-42.0,37,1,0.6524,0.028203
DuelingDQN,deceptive_grid,4,358,41006,-26.0,29,1,0.6522,0.042987
DuelingDQN,deceptive_grid,4,359,41075,-78.0,69,1,0.6516,0.049715
DuelingDQN,deceptive_grid,4,360,41104,-30.0,29,1,0.6514,0.030386
DuelingDQN,deceptive_grid,4,361,41122,-7.0,18,1,0.6512,0.033861
DuelingDQN,deceptive_grid,4,362,41177,-56.0,55,1,0.6507,0.032012
DuelingDQN,deceptive_grid,4,363,41250,-82.0,73,1,0.6501,0.030982
DuelingDQN,deceptive_grid,4,364,41380,-159.0,130,1,0.649,0.028543
DuelingDQN,deceptive_grid,4,365,41431,-48.0,51,1,0.6486,0.026227
DuelingDQN,deceptive_grid,4,366,41483,-53.0,52,1,0.6481,0.027255
DuelingDQN,deceptive_grid,4,367,41567,-101.0,84,1,0.6474,0.047837
DuelingDQN,deceptive_grid,4,368,41624,-54.0,57,1,0.6469,0.038248
DuelingDQN,deceptive_grid,4,369,41723,-120.0,99,1,0.6461,0.029271
DuelingDQN,deceptive_grid,4,370,41734,0.0,11,1,0.646,0.032054
DuelingDQN,deceptive_grid,4,371,41769,-32.0,35,1,0.6457,0.024249
DuelingDQN,deceptive_grid,4,372,41857,-97.0,88,1,0.645,0.029846
DuelingDQN,deceptive_grid,4,373,41899,-39.0,42,1,0.6446,0.025761
DuelingDQN,deceptive_grid,4,374,41945,-47.0,46,1,0.6442,0.023311
DuelingDQN,deceptive_grid,4,375,41975,-27.0,30,1,0.644,0.020002
DuelingDQN,deceptive_grid,4,376,42035,-49.0,60,1,0.6435,0.045583
DuelingDQN,deceptive_grid,4,377,42120,-90.0,85,1,0.6427,0.037992
DuelingDQN,deceptive_grid,4,378,42202,-79.0,82,1,0.642,0.027439
DuelingDQN,deceptive_grid,4,379,42249,-40.0,47,1,0.6416,0.028876
DuelingDQN,deceptive_grid,4,380,42258,-6.0,9,1,0.6416,0.026402
DuelingDQN,deceptive_grid,4,381,42320,-59.0,62,1,0.641,0.028745
DuelingDQN,deceptive_grid,4,382,42325,6.0,5,1,0.641,0.031778
DuelingDQN,deceptive_grid,4,383,42360,-32.0,35,1,0.6407,0.023736
DuelingDQN,deceptive_grid,4,384,42409,-46.0,49,1,0.6403,0.023406
DuelingDQN,deceptive_grid,4,385,42432,-24.0,23,1,0.6401,0.021014
DuelingDQN,deceptive_grid,4,386,42486,-59.0,54,1,0.6396,0.020469
DuelingDQN,deceptive_grid,4,387,42539,-58.0,53,1,0.6392,0.045958
DuelingDQN,deceptive_grid,4,388,42584,-38.0,45,1,0.6388,0.039355
DuelingDQN,deceptive_grid,4,389,42621,-26.0,37,1,0.6385,0.034968
DuelingDQN,deceptive_grid,4,390,42636,-12.0,15,1,0.6384,0.035785
DuelingDQN,deceptive_grid,4,391,42700,-53.0,64,1,0.6378,0.031178
DuelingDQN,deceptive_grid,4,392,42780,-93.0,80,1,0.6371,0.022841
DuelingDQN,deceptive_grid,4,393,42846,-87.0,66,1,0.6366,0.022465
DuelingDQN,deceptive_grid,4,394,42861,-16.0,15,1,0.6365,0.022409
DuelingDQN,deceptive_grid,4,395,42881,-13.0,20,1,0.6363,0.025341
DuelingDQN,deceptive_grid,4,396,42897,-9.0,16,1,0.6361,0.020035
DuelingDQN,deceptive_grid,4,397,42925,-17.0,28,1,0.6359,0.017886
DuelingDQN,deceptive_grid,4,398,42963,-43.0,38,1,0.6356,0.020029
DuelingDQN,deceptive_grid,4,399,42986,-24.0,23,1,0.6354,0.019991
DuelingDQN,deceptive_grid,4,400,43039,-46.0,53,1,0.6349,0.046488
DuelingDQN,deceptive_grid,4,401,43146,-112.0,107,1,0.634,0.033313
DuelingDQN,deceptive_grid,4,402,43151,6.0,5,1,0.634,0.033313
DuelingDQN,deceptive_grid,4,403,43158,4.0,7,1,0.6339,0.023925
DuelingDQN,deceptive_grid,4,404,43202,-45.0,44,1,0.6336,0.027687
DuelingDQN,deceptive_grid,4,405,43239,-26.0,37,1,0.6332,0.02502
DuelingDQN,deceptive_grid,4,406,43302,-64.0,63,1,0.6327,0.026852
DuelingDQN,deceptive_grid,4,407,43351,-42.0,49,1,0.6323,0.027957
DuelingDQN,deceptive_grid,4,408,43391,-37.0,40,1,0.632,0.026276
DuelingDQN,deceptive_grid,4,409,43444,-42.0,53,1,0.6315,0.027466
DuelingDQN,deceptive_grid,4,410,43447,8.0,3,1,0.6315,0.029799
DuelingDQN,deceptive_grid,4,411,43481,-55.0,34,1,0.6312,0.026351
DuelingDQN,deceptive_grid,4,412,43553,-81.0,72,1,0.6306,0.045491
DuelingDQN,deceptive_grid,4,413,43586,-30.0,33,1,0.6303,0.038145
DuelingDQN,deceptive_grid,4,414,43633,-52.0,47,1,0.6299,0.03179
DuelingDQN,deceptive_grid,4,415,43693,-65.0,60,1,0.6294,0.027768
DuelingDQN,deceptive_grid,4,416,43773,-101.0,80,1,0.6287,0.025842
DuelingDQN,deceptive_grid,4,417,43857,-109.0,84,1,0.628,0.022664
DuelingDQN,deceptive_grid,4,418,43876,-16.0,19,1,0.6278,0.024979
DuelingDQN,deceptive_grid,4,419,43959,-92.0,83,1,0.6271,0.021343
DuelingDQN,deceptive_grid,4,420,43981,-15.0,22,1,0.627,0.022547
DuelingDQN,deceptive_grid,4,421,43993,-1.0,12,1,0.6269,0.029407
DuelingDQN,deceptive_grid,4,422,44036,-32.0,43,1,0.6265,0.063433
DuelingDQN,deceptive_grid,4,423,44038,9.0,2,1,0.6265,0.043847
DuelingDQN,deceptive_grid,4,424,44065,-20.0,27,1,0.6262,0.036492
DuelingDQN,deceptive_grid,4,425,44128,-88.0,63,1,0.6257,0.034352
DuelingDQN,deceptive_grid,4,426,44167,-48.0,39,1,0.6254,0.031077
DuelingDQN,deceptive_grid,4,427,44219,-49.0,52,1,0.6249,0.025399
DuelingDQN,deceptive_grid,4,428,44251,-21.0,32,1,0.6247,0.022263
DuelingDQN,deceptive_grid,4,429,44312,-78.0,61,1,0.6241,0.021363
DuelingDQN,deceptive_grid,4,430,44375,-56.0,63,1,0.6236,0.018507
DuelingDQN,deceptive_grid,4,431,44417,-39.0,42,1,0.6233,0.020032
DuelingDQN,deceptive_grid,4,432,44459,-31.0,42,1,0.6229,0.015875
DuelingDQN,deceptive_grid,4,433,44510,-56.0,51,1,0.6225,0.030123
DuelingDQN,deceptive_grid,4,434,44593,-84.0,83,1,0.6218,0.039054
DuelingDQN,deceptive_grid,4,435,44669,-77.0,76,1,0.6211,0.025728
DuelingDQN,deceptive_grid,4,436,44681,-1.0,12,1,0.621,0.023405
DuelingDQN,deceptive_grid,4,437,44697,-5.0,16,1,0.6209,0.020347
DuelingDQN,deceptive_grid,4,438,44747,-63.0,50,1,0.6205,0.020434
DuelingDQN,deceptive_grid,4,439,44805,-67.0,58,1,0.62,0.018864
DuelingDQN,deceptive_grid,4,440,44907,-111.0,102,1,0.6191,0.017944
DuelingDQN,deceptive_grid,4,441,44935,-21.0,28,1,0.6189,0.017076
DuelingDQN,deceptive_grid,4,442,44939,3.0,4,1,0.6188,0.018732
DuelingDQN,deceptive_grid,4,443,44948,2.0,9,1,0.6188,0.017954
DuelingDQN,deceptive_grid,4,444,44984,-33.0,36,1,0.6184,0.017655
DuelingDQN,deceptive_grid,4,445,45012,-21.0,28,1,0.6182,0.034552
DuelingDQN,deceptive_grid,4,446,45024,-1.0,12,1,0.6181,0.042277
DuelingDQN,deceptive_grid,4,447,45053,-22.0,29,1,0.6179,0.031748
DuelingDQN,deceptive_grid,4,448,45110,-58.0,57,1,0.6174,0.028147
DuelingDQN,deceptive_grid,4,449,45138,-17.0,28,1,0.6171,0.025792
DuelingDQN,deceptive_grid,4,450,45169,-24.0,31,1,0.6169,0.025375
DuelingDQN,deceptive_grid,4,451,45206,-26.0,37,1,0.6166,0.021751
DuelingDQN,deceptive_grid,4,452,45238,-21.0,32,1,0.6163,0.019802
DuelingDQN,deceptive_grid,4,453,45327,-90.0,89,1,0.6155,0.016194
DuelingDQN,deceptive_grid,4,454,45364,-38.0,37,1,0.6152,0.015881
DuelingDQN,deceptive_grid,4,455,45410,-51.0,46,1,0.6148,0.016371
DuelingDQN,deceptive_grid,4,456,45496,-107.0,86,1,0.6141,0.016855
DuelingDQN,deceptive_grid,4,457,45538,-39.0,42,1,0.6137,0.030386
DuelingDQN,deceptive_grid,4,458,45605,-64.0,67,1,0.6132,0.027494
DuelingDQN,deceptive_grid,4,459,45635,-23.0,30,1,0.6129,0.025015
DuelingDQN,deceptive_grid,4,460,45665,-23.0,30,1,0.6127,0.01911
DuelingDQN,deceptive_grid,4,461,45716,-48.0,51,1,0.6122,0.02228
DuelingDQN,deceptive_grid,4,462,45731,-8.0,15,1,0.6121,0.019274
DuelingDQN,deceptive_grid,4,463,45770,-36.0,39,1,0.6118,0.018398
DuelingDQN,deceptive_grid,4,464,45786,-5.0,16,1,0.6116,0.016232
DuelingDQN,deceptive_grid,4,465,45851,-62.0,65,1,0.6111,0.015168
DuelingDQN,deceptive_grid,4,466,45897,-39.0,46,1,0.6107,0.015141
DuelingDQN,deceptive_grid,4,467,45943,-43.0,46,1,0.6103,0.015386
DuelingDQN,deceptive_grid,4,468,46000,-62.0,57,1,0.6098,0.013228
DuelingDQN,deceptive_grid,4,469,46110,-119.0,110,1,0.6089,0.02822
DuelingDQN,deceptive_grid,4,470,46138,-17.0,28,1,0.6087,0.023016
DuelingDQN,deceptive_grid,4,471,46203,-62.0,65,1,0.6081,0.019154
DuelingDQN,deceptive_grid,4,472,46231,-25.0,28,1,0.6079,0.014447
DuelingDQN,deceptive_grid,4,473,46238,4.0,7,1,0.6078,0.015319
DuelingDQN,deceptive_grid,4,474,46273,-24.0,35,1,0.6075,0.014034
DuelingDQN,deceptive_grid,4,475,46309,-41.0,36,1,0.6072,0.012838
DuelingDQN,deceptive_grid,4,476,46371,-67.0,62,1,0.6067,0.013987
DuelingDQN,deceptive_grid,4,477,46410,-28.0,39,1,0.6064,0.01455
DuelingDQN,deceptive_grid,4,478,46451,-30.0,41,1,0.606,0.013655
DuelingDQN,deceptive_grid,4,479,46489,-27.0,38,1,0.6057,0.013007
DuelingDQN,deceptive_grid,4,480,46509,-9.0,20,1,0.6055,0.021016
DuelingDQN,deceptive_grid,4,481,46583,-95.0,74,1,0.6049,0.022244
DuelingDQN,deceptive_grid,4,482,46609,-23.0,26,1,0.6047,0.018342
DuelingDQN,deceptive_grid,4,483,46643,-35.0,34,1,0.6044,0.020029
DuelingDQN,deceptive_grid,4,484,46670,-20.0,27,1,0.6041,0.015661
DuelingDQN,deceptive_grid,4,485,46707,-46.0,37,1,0.6038,0.015281
DuelingDQN,deceptive_grid,4,486,46734,-32.0,27,1,0.6036,0.015213
DuelingDQN,deceptive_grid,4,487,46787,-62.0,53,1,0.6032,0.019656
DuelingDQN,deceptive_grid,4,488,46890,-108.0,103,1,0.6023,0.014081
DuelingDQN,deceptive_grid,4,489,46928,-55.0,38,1,0.602,0.01045
DuelingDQN,deceptive_grid,4,490,46998,-63.0,70,1,0.6014,0.0115
DuelingDQN,deceptive_grid,4,491,47034,-29.0,36,1,0.6011,0.023537
DuelingDQN,deceptive_grid,4,492,47060,-19.0,26,1,0.6008,0.020509
DuelingDQN,deceptive_grid,4,493,47090,-19.0,30,1,0.6006,0.018438
DuelingDQN,deceptive_grid,4,494,47197,-112.0,107,1,0.5997,0.016387
DuelingDQN,deceptive_grid,4,495,47237,-33.0,40,1,0.5993,0.010883
DuelingDQN,deceptive_grid,4,496,47294,-54.0,57,1,0.5989,0.01261
DuelingDQN,deceptive_grid,4,497,47316,-19.0,22,1,0.5987,0.014799
DuelingDQN,deceptive_grid,4,498,47333,-18.0,17,1,0.5985,0.013803
DuelingDQN,deceptive_grid,4,499,47339,5.0,6,1,0.5985,0.01138
DuelingDQN,deceptive_grid,4,500,47362,-12.0,23,1,0.5983,0.012295
DuelingDQN,deceptive_grid,4,501,47417,-60.0,55,1,0.5978,0.013003
DuelingDQN,deceptive_grid,4,502,47429,-5.0,12,1,0.5977,0.013929
DuelingDQN,deceptive_grid,4,503,47510,-74.0,81,1,0.597,0.013536
DuelingDQN,deceptive_grid,4,504,47564,-51.0,54,1,0.5966,0.025552
DuelingDQN,deceptive_grid,4,505,47587,-20.0,23,1,0.5964,0.01799
DuelingDQN,deceptive_grid,4,506,47654,-80.0,67,1,0.5958,0.02026
DuelingDQN,deceptive_grid,4,507,47677,-24.0,23,1,0.5956,0.014776
DuelingDQN,deceptive_grid,4,508,47706,-26.0,29,1,0.5954,0.014127
DuelingDQN,deceptive_grid,4,509,47754,-49.0,48,1,0.595,0.01378
DuelingDQN,deceptive_grid,4,510,47806,-49.0,52,1,0.5945,0.011378
DuelingDQN,deceptive_grid,4,511,47823,-6.0,17,1,0.5944,0.011956
DuelingDQN,deceptive_grid,4,512,47885,-63.0,62,1,0.5938,0.011124
DuelingDQN,deceptive_grid,4,513,47903,-7.0,18,1,0.5937,0.009414
DuelingDQN,deceptive_grid,4,514,47964,-66.0,61,1,0.5932,0.011841
DuelingDQN,deceptive_grid,4,515,47998,-23.0,34,1,0.5929,0.012227
DuelingDQN,deceptive_grid,4,516,48013,-4.0,15,1,0.5928,0.022323
DuelingDQN,deceptive_grid,4,517,48026,-2.0,13,1,0.5926,0.023348
DuelingDQN,deceptive_grid,4,518,48050,-13.0,24,1,0.5924,0.019825
DuelingDQN,deceptive_grid,4,519,48075,-18.0,25,1,0.5922,0.024027
DuelingDQN,deceptive_grid,4,520,48149,-75.0,74,1,0.5916,0.016902
DuelingDQN,deceptive_grid,4,521,48197,-57.0,48,1,0.5912,0.015758
DuelingDQN,deceptive_grid,4,522,48272,-84.0,75,1,0.5906,0.011502
DuelingDQN,deceptive_grid,4,523,48320,-57.0,48,1,0.5902,0.01196
DuelingDQN,deceptive_grid,4,524,48351,-32.0,31,1,0.5899,0.014117
DuelingDQN,deceptive_grid,4,525,48437,-79.0,86,1,0.5892,0.011607
DuelingDQN,deceptive_grid,4,526,48471,-39.0,34,1,0.5889,0.011649
DuelingDQN,deceptive_grid,4,527,48484,-2.0,13,1,0.5888,0.010685
DuelingDQN,deceptive_grid,4,528,48521,-34.0,37,1,0.5884,0.020213
DuelingDQN,deceptive_grid,4,529,48589,-69.0,68,1,0.5879,0.021006
DuelingDQN,deceptive_grid,4,530,48620,-20.0,31,1,0.5876,0.014703
DuelingDQN,deceptive_grid,4,531,48644,-13.0,24,1,0.5874,0.01521
DuelingDQN,deceptive_grid,4,532,48660,-5.0,16,1,0.5873,0.015442
DuelingDQN,deceptive_grid,4,533,48734,-95.0,74,1,0.5866,0.015585
DuelingDQN,deceptive_grid,4,534,48757,-12.0,23,1,0.5864,0.015236
DuelingDQN,deceptive_grid,4,535,48801,-41.0,44,1,0.5861,0.017128
DuelingDQN,deceptive_grid,4,536,48831,-19.0,30,1,0.5858,0.01483
DuelingDQN,deceptive_grid,4,537,48907,-77.0,76,1,0.5852,0.013585
DuelingDQN,deceptive_grid,4,538,48951,-41.0,44,1,0.5848,0.012911
DuelingDQN,deceptive_grid,4,539,49002,-56.0,51,1,0.5844,0.013474
DuelingDQN,deceptive_grid,4,540,49017,-4.0,15,1,0.5842,0.025377
DuelingDQN,deceptive_grid,4,541,49021,7.0,4,1,0.5842,0.03235
DuelingDQN,deceptive_grid,4,542,49035,-3.0,14,1,0.5841,0.021705
DuelingDQN,deceptive_grid,4,543,49060,-18.0,25,1,0.5839,0.016992
DuelingDQN,deceptive_grid,4,544,49072,-1.0,12,1,0.5838,0.013638
DuelingDQN,deceptive_grid,4,545,49124,-57.0,52,1,0.5833,0.020873
DuelingDQN,deceptive_grid,4,546,49138,-7.0,14,1,0.5832,0.016717
DuelingDQN,deceptive_grid,4,547,49163,-22.0,25,1,0.583,0.017644
DuelingDQN,deceptive_grid,4,548,49196,-22.0,33,1,0.5827,0.014919
DuelingDQN,deceptive_grid,4,549,49248,-49.0,52,1,0.5823,0.015878
DuelingDQN,deceptive_grid,4,550,49277,-22.0,29,1,0.582,0.013267
DuelingDQN,deceptive_grid,4,551,49321,-37.0,44,1,0.5817,0.014137
DuelingDQN,deceptive_grid,4,552,49336,-4.0,15,1,0.5815,0.014866
DuelingDQN,deceptive_grid,4,553,49394,-59.0,58,1,0.581,0.012481
DuelingDQN,deceptive_grid,4,554,49415,-18.0,21,1,0.5809,0.009621
DuelingDQN,deceptive_grid,4,555,49430,-4.0,15,1,0.5807,0.010799
DuelingDQN,deceptive_grid,4,556,49451,-10.0,21,1,0.5806,0.010253
DuelingDQN,deceptive_grid,4,557,49489,-31.0,38,1,0.5802,0.008816
DuelingDQN,deceptive_grid,4,558,49510,-10.0,21,1,0.5801,0.020874
DuelingDQN,deceptive_grid,4,559,49544,-23.0,34,1,0.5798,0.021907
DuelingDQN,deceptive_grid,4,560,49566,-15.0,22,1,0.5796,0.017529
DuelingDQN,deceptive_grid,4,561,49581,-12.0,15,1,0.5795,0.018355
DuelingDQN,deceptive_grid,4,562,49609,-21.0,28,1,0.5792,0.016599
DuelingDQN,deceptive_grid,4,563,49623,-7.0,14,1,0.5791,0.01112
DuelingDQN,deceptive_grid,4,564,49646,-12.0,23,1,0.5789,0.011259
DuelingDQN,deceptive_grid,4,565,49662,-9.0,16,1,0.5788,0.009932
DuelingDQN,deceptive_grid,4,566,49724,-63.0,62,1,0.5782,0.012858
DuelingDQN,deceptive_grid,4,567,49768,-49.0,44,1,0.5779,0.011948
DuelingDQN,deceptive_grid,4,568,49843,-76.0,75,1,0.5772,0.009741
DuelingDQN,deceptive_grid,4,569,49880,-30.0,37,1,0.5769,0.009566
DuelingDQN,deceptive_grid,4,570,49942,-63.0,62,1,0.5764,0.009336
DuelingDQN,deceptive_grid,4,571,49984,-43.0,42,1,0.576,0.00953
DuelingDQN,deceptive_grid,4,572,50035,-60.0,51,1,0.5756,0.016947
DuelingDQN,deceptive_grid,4,573,50077,-31.0,42,1,0.5752,0.017624
DuelingDQN,deceptive_grid,4,574,50082,2.0,5,1,0.5752,0.017335
DuelingDQN,deceptive_grid,4,575,50113,-52.0,31,1,0.5749,0.016389
DuelingDQN,deceptive_grid,4,576,50162,-42.0,49,1,0.5745,0.011759
DuelingDQN,deceptive_grid,4,577,50181,-16.0,19,1,0.5744,0.016903
DuelingDQN,deceptive_grid,4,578,50201,-9.0,20,1,0.5742,0.012543
DuelingDQN,deceptive_grid,4,579,50256,-80.0,55,1,0.5737,0.012824
DuelingDQN,deceptive_grid,4,580,50272,-5.0,16,1,0.5736,0.008456
DuelingDQN,deceptive_grid,4,581,50295,-20.0,23,1,0.5734,0.008553
DuelingDQN,deceptive_grid,4,582,50297,9.0,2,1,0.5734,0.009222
DuelingDQN,deceptive_grid,4,583,50336,-32.0,39,1,0.5731,0.008367
DuelingDQN,deceptive_grid,4,584,50343,4.0,7,1,0.573,0.008268
DuelingDQN,deceptive_grid,4,585,50392,-50.0,49,1,0.5726,0.008707
DuelingDQN,deceptive_grid,4,586,50408,-13.0,16,1,0.5724,0.008735
DuelingDQN,deceptive_grid,4,587,50470,-51.0,62,1,0.5719,0.011408
DuelingDQN,deceptive_grid,4,588,50529,-56.0,59,1,0.5714,0.014963
DuelingDQN,deceptive_grid,4,589,50598,-66.0,69,1,0.5708,0.013708
DuelingDQN,deceptive_grid,4,590,50608,1.0,10,1,0.5707,0.010671
DuelingDQN,deceptive_grid,4,591,50628,-9.0,20,1,0.5706,0.00898
DuelingDQN,deceptive_grid,4,592,50679,-52.0,51,1,0.5701,0.011779
DuelingDQN,deceptive_grid,4,593,50695,-13.0,16,1,0.57,0.011883
DuelingDQN,deceptive_grid,4,594,50739,-61.0,44,1,0.5696,0.009234
DuelingDQN,deceptive_grid,4,595,50749,1.0,10,1,0.5695,0.011182
DuelingDQN,deceptive_grid,4,596,50780,-20.0,31,1,0.5693,0.010832
DuelingDQN,deceptive_grid,4,597,50805,-26.0,25,1,0.5691,0.010357
DuelingDQN,deceptive_grid,4,598,50864,-48.0,59,1,0.5686,0.009709
DuelingDQN,deceptive_grid,4,599,50894,-19.0,30,1,0.5683,0.008505
DuelingDQN,deceptive_grid,4,600,50934,-33.0,40,1,0.568,0.007833
DuelingDQN,deceptive_grid,4,601,50944,-7.0,10,1,0.5679,0.007465
DuelingDQN,deceptive_grid,4,602,50961,-6.0,17,1,0.5677,0.006366
DuelingDQN,deceptive_grid,4,603,50993,-25.0,32,1,0.5675,0.006985
DuelingDQN,deceptive_grid,4,604,51012,-8.0,19,1,0.5673,0.014055
DuelingDQN,deceptive_grid,4,605,51032,-9.0,20,1,0.5671,0.016552
DuelingDQN,deceptive_grid,4,606,51076,-33.0,44,1,0.5668,0.012429
DuelingDQN,deceptive_grid,4,607,51127,-60.0,51,1,0.5663,0.010253
DuelingDQN,deceptive_grid,4,608,51170,-40.0,43,1,0.566,0.012479
DuelingDQN,deceptive_grid,4,609,51230,-53.0,60,1,0.5655,0.008142
DuelingDQN,deceptive_grid,4,610,51251,-10.0,21,1,0.5653,0.007185
DuelingDQN,deceptive_grid,4,611,51271,-9.0,20,1,0.5651,0.007769
DuelingDQN,deceptive_grid,4,612,51326,-52.0,55,1,0.5647,0.008083
DuelingDQN,deceptive_grid,4,613,51383,-58.0,57,1,0.5642,0.005948
DuelingDQN,deceptive_grid,4,614,51415,-25.0,32,1,0.5639,0.006066
DuelingDQN,deceptive_grid,4,615,51471,-53.0,56,1,0.5634,0.005585
DuelingDQN,deceptive_grid,4,616,51531,-49.0,60,1,0.5629,0.010036
DuelingDQN,deceptive_grid,4,617,51596,-62.0,65,1,0.5624,0.014174
DuelingDQN,deceptive_grid,4,618,51619,-20.0,23,1,0.5622,0.016452
DuelingDQN,deceptive_grid,4,619,51658,-36.0,39,1,0.5618,0.012372
DuelingDQN,deceptive_grid,4,620,51666,-1.0,8,1,0.5618,0.009171
DuelingDQN,deceptive_grid,4,621,51693,-28.0,27,1,0.5615,0.011248
DuelingDQN,deceptive_grid,4,622,51772,-104.0,79,1,0.5609,0.007802
DuelingDQN,deceptive_grid,4,623,51796,-17.0,24,1,0.5607,0.007278
DuelingDQN,deceptive_grid,4,624,51815,-12.0,19,1,0.5605,0.007045
DuelingDQN,deceptive_grid,4,625,51863,-41.0,48,1,0.5601,0.00725
DuelingDQN,deceptive_grid,4,626,51878,-12.0,15,1,0.56,0.006953
DuelingDQN,deceptive_grid,4,627,51911,-34.0,33,1,0.5597,0.00817
DuelingDQN,deceptive_grid,4,628,51950,-36.0,39,1,0.5594,0.006955
DuelingDQN,deceptive_grid,4,629,51994,-41.0,44,1,0.559,0.006168
DuelingDQN,deceptive_grid,4,630,52015,-18.0,21,1,0.5588,0.012084
DuelingDQN,deceptive_grid,4,631,52069,-47.0,54,1,0.5584,0.010977
DuelingDQN,deceptive_grid,4,632,52138,-58.0,69,1,0.5578,0.008848
DuelingDQN,deceptive_grid,4,633,52150,-1.0,12,1,0.5577,0.010076
DuelingDQN,deceptive_grid,4,634,52167,-10.0,17,1,0.5575,0.011556
DuelingDQN,deceptive_grid,4,635,52184,-18.0,17,1,0.5574,0.008928
DuelingDQN,deceptive_grid,4,636,52191,4.0,7,1,0.5573,0.006818
DuelingDQN,deceptive_grid,4,637,52264,-82.0,73,1,0.5567,0.006918
DuelingDQN,deceptive_grid,4,638,52293,-22.0,29,1,0.5565,0.006466
DuelingDQN,deceptive_grid,4,639,52303,1.0,10,1,0.5564,0.005434
DuelingDQN,deceptive_grid,4,640,52325,-19.0,22,1,0.5562,0.005087
DuelingDQN,deceptive_grid,4,641,52332,4.0,7,1,0.5561,0.005817
DuelingDQN,deceptive_grid,4,642,52381,-42.0,49,1,0.5557,0.005296
DuelingDQN,deceptive_grid,4,643,52432,-56.0,51,1,0.5553,0.007066
DuelingDQN,deceptive_grid,4,644,52482,-75.0,50,1,0.5548,0.005776
DuelingDQN,deceptive_grid,4,645,52521,-44.0,39,1,0.5545,0.009677
DuelingDQN,deceptive_grid,4,646,52541,-9.0,20,1,0.5543,0.009126
DuelingDQN,deceptive_grid,4,647,52547,1.0,6,1,0.5543,0.007829
DuelingDQN,deceptive_grid,4,648,52580,-26.0,33,1,0.554,0.009896
DuelingDQN,deceptive_grid,4,649,52610,-31.0,30,1,0.5538,0.007882
DuelingDQN,deceptive_grid,4,650,52648,-31.0,38,1,0.5534,0.007078
DuelingDQN,deceptive_grid,4,651,52699,-56.0,51,1,0.553,0.008673
DuelingDQN,deceptive_grid,4,652,52737,-31.0,38,1,0.5527,0.006372
DuelingDQN,deceptive_grid,4,653,52742,6.0,5,1,0.5526,0.006452
DuelingDQN,deceptive_grid,4,654,52785,-32.0,43,1,0.5523,0.008513
DuelingDQN,deceptive_grid,4,655,52825,-33.0,40,1,0.5519,0.009274
DuelingDQN,deceptive_grid,4,656,52871,-35.0,46,1,0.5515,0.007421
DuelingDQN,deceptive_grid,4,657,52913,-43.0,42,1,0.5512,0.006546
DuelingDQN,deceptive_grid,4,658,52916,8.0,3,1,0.5512,0.008233
DuelingDQN,deceptive_grid,4,659,52965,-46.0,49,1,0.5508,0.005714
DuelingDQN,deceptive_grid,4,660,53002,-30.0,37,1,0.5504,0.006303
DuelingDQN,deceptive_grid,4,661,53038,-33.0,36,1,0.5501,0.013029
DuelingDQN,deceptive_grid,4,662,53080,-35.0,42,1,0.5498,0.010006
DuelingDQN,deceptive_grid,4,663,53152,-77.0,72,1,0.5492,0.0085
DuelingDQN,deceptive_grid,4,664,53175,-12.0,23,1,0.549,0.006502
DuelingDQN,deceptive_grid,4,665,53242,-64.0,67,1,0.5484,0.007898
DuelingDQN,deceptive_grid,4,666,53248,1.0,6,1,0.5484,0.011184
DuelingDQN,deceptive_grid,4,667,53284,-33.0,36,1,0.548,0.00764
DuelingDQN,deceptive_grid,4,668,53309,-14.0,25,1,0.5478,0.006625
DuelingDQN,deceptive_grid,4,669,53407,-111.0,98,1,0.547,0.005784
DuelingDQN,deceptive_grid,4,670,53420,-6.0,13,1,0.5469,0.005997
DuelingDQN,deceptive_grid,4,671,53449,-26.0,29,1,0.5466,0.005385
DuelingDQN,deceptive_grid,4,672,53527,-67.0,78,1,0.546,0.008962
DuelingDQN,deceptive_grid,4,673,53528,10.0,1,1,0.546,0.026069
DuelingDQN,deceptive_grid,4,674,53556,-17.0,28,1,0.5457,0.011805
DuelingDQN,deceptive_grid,4,675,53571,-4.0,15,1,0.5456,0.011764
DuelingDQN,deceptive_grid,4,676,53606,-28.0,35,1,0.5453,0.009645
DuelingDQN,deceptive_grid,4,677,53665,-60.0,59,1,0.5448,0.00989
DuelingDQN,deceptive_grid,4,678,53691,-23.0,26,1,0.5446,0.007613
DuelingDQN,deceptive_grid,4,679,53702,-4.0,11,1,0.5445,0.007331
DuelingDQN,deceptive_grid,4,680,53733,-28.0,31,1,0.5442,0.009738
DuelingDQN,deceptive_grid,4,681,53774,-30.0,41,1,0.5439,0.012771
DuelingDQN,deceptive_grid,4,682,53824,-43.0,50,1,0.5435,0.009151
DuelingDQN,deceptive_grid,4,683,53839,-12.0,15,1,0.5433,0.006821
DuelingDQN,deceptive_grid,4,684,53876,-26.0,37,1,0.543,0.006166
DuelingDQN,deceptive_grid,4,685,53918,-51.0,42,1,0.5427,0.005111
DuelingDQN,deceptive_grid,4,686,53938,-17.0,20,1,0.5425,0.005689
DuelingDQN,deceptive_grid,4,687,53969,-32.0,31,1,0.5422,0.005405
DuelingDQN,deceptive_grid,4,688,53999,-19.0,30,1,0.542,0.005071
DuelingDQN,deceptive_grid,4,689,54014,-8.0,15,1,0.5419,0.011943
DuelingDQN,deceptive_grid,4,690,54062,-37.0,48,1,0.5414,0.010902
DuelingDQN,deceptive_grid,4,691,54104,-39.0,42,1,0.5411,0.010157
DuelingDQN,deceptive_grid,4,692,54138,-27.0,34,1,0.5408,0.010371
DuelingDQN,deceptive_grid,4,693,54168,-23.0,30,1,0.5405,0.009916
DuelingDQN,deceptive_grid,4,694,54221,-42.0,53,1,0.5401,0.012079
DuelingDQN,deceptive_grid,4,695,54262,-38.0,41,1,0.5398,0.008936
DuelingDQN,deceptive_grid,4,696,54280,-7.0,18,1,0.5396,0.006955
DuelingDQN,deceptive_grid,4,697,54286,1.0,6,1,0.5395,0.006574
DuelingDQN,deceptive_grid,4,698,54378,-93.0,92,1,0.5388,0.00738
DuelingDQN,deceptive_grid,4,699,54421,-44.0,43,1,0.5384,0.005859
DuelingDQN,deceptive_grid,4,700,54433,-1.0,12,1,0.5383,0.007074
DuelingDQN,deceptive_grid,4,701,54475,-43.0,42,1,0.5379,0.006403
DuelingDQN,deceptive_grid,4,702,54534,-52.0,59,1,0.5374,0.010573
DuelingDQN,deceptive_grid,4,703,54578,-49.0,44,1,0.5371,0.011037
DuelingDQN,deceptive_grid,4,704,54625,-44.0,47,1,0.5367,0.007418
DuelingDQN,deceptive_grid,4,705,54652,-24.0,27,1,0.5364,0.006864
DuelingDQN,deceptive_grid,4,706,54682,-35.0,30,1,0.5362,0.005767
DuelingDQN,deceptive_grid,4,707,54704,-15.0,22,1,0.536,0.006634
DuelingDQN,deceptive_grid,4,708,54738,-27.0,34,1,0.5357,0.005541
DuelingDQN,deceptive_grid,4,709,54781,-40.0,43,1,0.5353,0.005656
DuelingDQN,deceptive_grid,4,710,54803,-15.0,22,1,0.5352,0.005725
DuelingDQN,deceptive_grid,4,711,54848,-46.0,45,1,0.5348,0.004556
DuelingDQN,deceptive_grid,4,712,54876,-25.0,28,1,0.5345,0.006149
DuelingDQN,deceptive_grid,4,713,54911,-28.0,35,1,0.5342,0.007293
DuelingDQN,deceptive_grid,4,714,54925,-19.0,14,1,0.5341,0.005261
DuelingDQN,deceptive_grid,4,715,54965,-29.0,40,1,0.5338,0.005563
DuelingDQN,deceptive_grid,4,716,54969,7.0,4,1,0.5338,0.004058
DuelingDQN,deceptive_grid,4,717,54981,-1.0,12,1,0.5337,0.005337
DuelingDQN,deceptive_grid,4,718,55015,-23.0,34,1,0.5334,0.005931
DuelingDQN,deceptive_grid,4,719,55050,-32.0,35,1,0.5331,0.007618
DuelingDQN,deceptive_grid,4,720,55098,-45.0,48,1,0.5327,0.006629
DuelingDQN,deceptive_grid,4,721,55133,-24.0,35,1,0.5324,0.007762
DuelingDQN,deceptive_grid,4,722,55141,-1.0,8,1,0.5323,0.008223
DuelingDQN,deceptive_grid,4,723,55168,-24.0,27,1,0.5321,0.007365
DuelingDQN,deceptive_grid,4,724,55182,-3.0,14,1,0.5319,0.007781
DuelingDQN,deceptive_grid,4,725,55205,-16.0,23,1,0.5318,0.009049
DuelingDQN,deceptive_grid,4,726,55257,-49.0,52,1,0.5313,0.006425
DuelingDQN,deceptive_grid,4,727,55317,-49.0,60,1,0.5308,0.005067
DuelingDQN,deceptive_grid,4,728,55332,-8.0,15,1,0.5307,0.004815
DuelingDQN,deceptive_grid,4,729,55360,-25.0,28,1,0.5304,0.004653
DuelingDQN,deceptive_grid,4,730,55392,-21.0,32,1,0.5302,0.004298
DuelingDQN,deceptive_grid,4,731,55451,-48.0,59,1,0.5297,0.004303
DuelingDQN,deceptive_grid,4,732,55461,1.0,10,1,0.5296,0.00749
DuelingDQN,deceptive_grid,4,733,55497,-37.0,36,1,0.5293,0.00692
DuelingDQN,deceptive_grid,4,734,55526,-30.0,29,1,0.529,0.010094
DuelingDQN,deceptive_grid,4,735,55557,-48.0,31,1,0.5288,0.011097
DuelingDQN,deceptive_grid,4,736,55586,-26.0,29,1,0.5285,0.010562
DuelingDQN,deceptive_grid,4,737,55612,-15.0,26,1,0.5283,0.010852
DuelingDQN,deceptive_grid,4,738,55665,-62.0,53,1,0.5279,0.007987
DuelingDQN,deceptive_grid,4,739,55689,-13.0,24,1,0.5276,0.007595
DuelingDQN,deceptive_grid,4,740,55708,-8.0,19,1,0.5275,0.009031
DuelingDQN,deceptive_grid,4,741,55720,-1.0,12,1,0.5274,0.008472
DuelingDQN,deceptive_grid,4,742,55760,-37.0,40,1,0.527,0.007599
DuelingDQN,deceptive_grid,4,743,55843,-92.0,83,1,0.5263,0.010259
DuelingDQN,deceptive_grid,4,744,55895,-49.0,52,1,0.5259,0.008659
DuelingDQN,deceptive_grid,4,745,55947,-49.0,52,1,0.5255,0.006748
DuelingDQN,deceptive_grid,4,746,55991,-41.0,44,1,0.5251,0.004529
DuelingDQN,deceptive_grid,4,747,56027,-29.0,36,1,0.5248,0.007492
DuelingDQN,deceptive_grid,4,748,56044,-6.0,17,1,0.5246,0.007169
DuelingDQN,deceptive_grid,4,749,56073,-38.0,29,1,0.5244,0.007131
DuelingDQN,deceptive_grid,4,750,56138,-62.0,65,1,0.5238,0.00524
DuelingDQN,deceptive_grid,4,751,56147,-2.0,9,1,0.5238,0.005606
DuelingDQN,deceptive_grid,4,752,56154,0.0,7,1,0.5237,0.004158
DuelingDQN,deceptive_grid,4,753,56167,-6.0,13,1,0.5236,0.005413
DuelingDQN,deceptive_grid,4,754,56210,-32.0,43,1,0.5232,0.005459
DuelingDQN,deceptive_grid,4,755,56242,-21.0,32,1,0.523,0.010122
DuelingDQN,deceptive_grid,4,756,56330,-93.0,88,1,0.5222,0.008418
DuelingDQN,deceptive_grid,4,757,56360,-27.0,30,1,0.522,0.007063
DuelingDQN,deceptive_grid,4,758,56380,-9.0,20,1,0.5218,0.004265
DuelingDQN,deceptive_grid,4,759,56395,-4.0,15,1,0.5217,0.003508
DuelingDQN,deceptive_grid,4,760,56423,-21.0,28,1,0.5214,0.004339
DuelingDQN,deceptive_grid,4,761,56480,-50.0,57,1,0.5209,0.003121
DuelingDQN,deceptive_grid,4,762,56485,6.0,5,1,0.5209,0.003062
DuelingDQN,deceptive_grid,4,763,56497,-1.0,12,1,0.5208,0.003554
DuelingDQN,deceptive_grid,4,764,56549,-65.0,52,1,0.5204,0.006696
DuelingDQN,deceptive_grid,4,765,56550,10.0,1,1,0.5203,0.006409
DuelingDQN,deceptive_grid,4,766,56589,-40.0,39,1,0.52,0.007599
DuelingDQN,deceptive_grid,4,767,56612,-12.0,23,1,0.5198,0.006734
DuelingDQN,deceptive_grid,4,768,56646,-39.0,34,1,0.5195,0.006025
DuelingDQN,deceptive_grid,4,769,56655,2.0,9,1,0.5195,0.004867
DuelingDQN,deceptive_grid,4,770,56701,-39.0,46,1,0.5191,0.005396
DuelingDQN,deceptive_grid,4,771,56713,-1.0,12,1,0.519,0.004534
DuelingDQN,deceptive_grid,4,772,56748,-28.0,35,1,0.5187,0.005647
DuelingDQN,deceptive_grid,4,773,56786,-35.0,38,1,0.5183,0.005418
DuelingDQN,deceptive_grid,4,774,56843,-70.0,57,1,0.5179,0.004288
DuelingDQN,deceptive_grid,4,775,56871,-21.0,28,1,0.5176,0.003769
DuelingDQN,deceptive_grid,4,776,56925,-55.0,54,1,0.5172,0.003846
DuelingDQN,deceptive_grid,4,777,56945,-17.0,20,1,0.517,0.003867
DuelingDQN,deceptive_grid,4,778,57007,-51.0,62,1,0.5165,0.004051
DuelingDQN,deceptive_grid,4,779,57020,-6.0,13,1,0.5164,0.006915
DuelingDQN,deceptive_grid,4,780,57028,3.0,8,1,0.5163,0.007867
DuelingDQN,deceptive_grid,4,781,57052,-13.0,24,1,0.5161,0.007965
DuelingDQN,deceptive_grid,4,782,57090,-35.0,38,1,0.5158,0.007282
DuelingDQN,deceptive_grid,4,783,57127,-38.0,37,1,0.5154,0.006997
DuelingDQN,deceptive_grid,4,784,57173,-47.0,46,1,0.5151,0.005476
DuelingDQN,deceptive_grid,4,785,57200,-20.0,27,1,0.5148,0.003739
DuelingDQN,deceptive_grid,4,786,57245,-54.0,45,1,0.5144,0.003346
DuelingDQN,deceptive_grid,4,787,57297,-53.0,52,1,0.514,0.004165
DuelingDQN,deceptive_grid,4,788,57309,-1.0,12,1,0.5139,0.003923
DuelingDQN,deceptive_grid,4,789,57328,-8.0,19,1,0.5137,0.003836
DuelingDQN,deceptive_grid,4,790,57332,7.0,4,1,0.5137,0.003865
DuelingDQN,deceptive_grid,4,791,57374,-31.0,42,1,0.5134,0.004253
DuelingDQN,deceptive_grid,4,792,57389,-8.0,15,1,0.5132,0.003491
DuelingDQN,deceptive_grid,4,793,57415,-23.0,26,1,0.513,0.003582
DuelingDQN,deceptive_grid,4,794,57416,10.0,1,1,0.513,0.003285
DuelingDQN,deceptive_grid,4,795,57449,-22.0,33,1,0.5127,0.00338
DuelingDQN,deceptive_grid,4,796,57488,-32.0,39,1,0.5124,0.004527
DuelingDQN,deceptive_grid,4,797,57502,-3.0,14,1,0.5123,0.005039
DuelingDQN,deceptive_grid,4,798,57518,-5.0,16,1,0.5121,0.00641
DuelingDQN,deceptive_grid,4,799,57545,-24.0,27,1,0.5119,0.006258
DuelingDQN,deceptive_grid,4,800,57562,-14.0,17,1,0.5118,0.007601
