algo,grid,seed,episode,global_step,episode_return,episode_length,success,epsilon,mean_loss
DQN,deceptive_grid,0,1,200,-273.78,200,0,0.9977,
DQN,deceptive_grid,0,2,400,-202.24,200,0,0.9955,
DQN,deceptive_grid,0,3,600,-198.24,200,0,0.9932,
DQN,deceptive_grid,0,4,800,-174.58,200,0,0.991,
DQN,deceptive_grid,0,5,1000,-201.8,200,0,0.9887,1.48035
DQN,deceptive_grid,0,6,1200,-194.48,200,0,0.9864,0.766178
DQN,deceptive_grid,0,7,1400,-195.86,200,0,0.9842,0.433094
DQN,deceptive_grid,0,8,1600,-192.3,200,0,0.9819,0.370521
DQN,deceptive_grid,0,9,1800,-172.02,200,0,0.9796,0.308708
DQN,deceptive_grid,0,10,1875,-61.74,75,1,0.9788,0.314477
DQN,deceptive_grid,0,11,2075,-334.22,200,0,0.9765,0.399562
DQN,deceptive_grid,0,12,2077,13.02,2,1,0.9765,0.364809
DQN,deceptive_grid,0,13,2277,-230.0,200,0,0.9742,0.405785
DQN,deceptive_grid,0,14,2477,-267.34,200,0,0.972,0.385365
DQN,deceptive_grid,0,15,2524,-44.16,47,1,0.9715,0.472417
DQN,deceptive_grid,0,16,2724,-200.28,200,0,0.9692,0.410062
DQN,deceptive_grid,0,17,2924,-258.72,200,0,0.9669,0.375026
DQN,deceptive_grid,0,18,2965,-39.22,41,1,0.9665,0.37682
DQN,deceptive_grid,0,19,3165,-198.86,200,0,0.9642,0.407541
DQN,deceptive_grid,0,20,3365,-272.94,200,0,0.9619,0.382841
DQN,deceptive_grid,0,21,3565,-199.08,200,0,0.9597,0.378397
DQN,deceptive_grid,0,22,3765,-265.2,200,0,0.9574,0.374011
DQN,deceptive_grid,0,23,3965,-221.26,200,0,0.9552,0.347358
DQN,deceptive_grid,0,24,4165,-183.9,200,0,0.9529,0.368408
DQN,deceptive_grid,0,25,4365,-313.92,200,0,0.9506,0.364215
DQN,deceptive_grid,0,26,4377,3.56,12,1,0.9505,0.337931
DQN,deceptive_grid,0,27,4577,-202.56,200,0,0.9482,0.356565
DQN,deceptive_grid,0,28,4777,-232.68,200,0,0.946,0.361902
DQN,deceptive_grid,0,29,4977,-259.7,200,0,0.9437,0.344806
DQN,deceptive_grid,0,30,5177,-235.7,200,0,0.9415,0.333797
DQN,deceptive_grid,0,31,5184,10.18,7,1,0.9414,0.259394
DQN,deceptive_grid,0,32,5338,-99.24,154,1,0.9396,0.298766
DQN,deceptive_grid,0,33,5538,-196.1,200,0,0.9374,0.29362
DQN,deceptive_grid,0,34,5639,-94.22,101,1,0.9362,0.301566
DQN,deceptive_grid,0,35,5839,-214.3,200,0,0.934,0.279281
DQN,deceptive_grid,0,36,6039,-204.82,200,0,0.9317,0.265322
DQN,deceptive_grid,0,37,6239,-282.12,200,0,0.9294,0.267975
DQN,deceptive_grid,0,38,6439,-206.92,200,0,0.9272,0.244821
DQN,deceptive_grid,0,39,6600,-152.56,161,1,0.9254,0.251558
DQN,deceptive_grid,0,40,6800,-245.14,200,0,0.9231,0.233688
DQN,deceptive_grid,0,41,6908,-81.54,108,1,0.9219,0.218487
DQN,deceptive_grid,0,42,7108,-248.08,200,0,0.9196,0.226356
DQN,deceptive_grid,0,43,7308,-170.42,200,0,0.9173,0.221601
DQN,deceptive_grid,0,44,7508,-173.38,200,0,0.9151,0.206311
DQN,deceptive_grid,0,45,7708,-136.92,200,0,0.9128,0.214755
DQN,deceptive_grid,0,46,7834,-107.94,126,1,0.9114,0.200781
DQN,deceptive_grid,0,47,8034,-286.74,200,0,0.9091,0.200651
DQN,deceptive_grid,0,48,8234,-266.4,200,0,0.9069,0.189887
DQN,deceptive_grid,0,49,8434,-253.32,200,0,0.9046,0.190397
DQN,deceptive_grid,0,50,8634,-216.62,200,0,0.9024,0.195112
DQN,deceptive_grid,0,51,8735,-98.34,101,1,0.9012,0.199067
DQN,deceptive_grid,0,52,8935,-258.04,200,0,0.8989,0.197182
DQN,deceptive_grid,0,53,9135,-174.38,200,0,0.8967,0.208108
DQN,deceptive_grid,0,54,9174,-17.06,39,1,0.8962,0.203014
DQN,deceptive_grid,0,55,9269,-127.82,95,1,0.8952,0.188081
DQN,deceptive_grid,0,56,9285,8.16,16,1,0.895,0.181036
DQN,deceptive_grid,0,57,9396,-84.58,111,1,0.8937,0.19956
DQN,deceptive_grid,0,58,9596,-189.56,200,0,0.8915,0.199592
DQN,deceptive_grid,0,59,9627,-16.82,31,1,0.8911,0.176326
DQN,deceptive_grid,0,60,9827,-243.66,200,0,0.8889,0.198413
DQN,deceptive_grid,0,61,9936,-136.1,109,1,0.8876,0.192004
DQN,deceptive_grid,0,62,10062,-121.68,126,1,0.8862,0.215974
DQN,deceptive_grid,0,63,10262,-354.36,200,0,0.8839,0.182243
DQN,deceptive_grid,0,64,10462,-197.0,200,0,0.8817,0.176016
DQN,deceptive_grid,0,65,10505,-29.94,43,1,0.8812,0.192294
DQN,deceptive_grid,0,66,10705,-165.98,200,0,0.8789,0.20342
DQN,deceptive_grid,0,67,10884,-140.26,179,1,0.8769,0.189386
DQN,deceptive_grid,0,68,11084,-265.34,200,0,0.8746,0.198243
DQN,deceptive_grid,0,69,11141,-66.72,57,1,0.874,0.20941
DQN,deceptive_grid,0,70,11254,-97.82,113,1,0.8727,0.197756
DQN,deceptive_grid,0,71,11454,-246.16,200,0,0.8705,0.184597
DQN,deceptive_grid,0,72,11654,-184.46,200,0,0.8682,0.205678
DQN,deceptive_grid,0,73,11854,-216.24,200,0,0.8659,0.192729
DQN,deceptive_grid,0,74,12054,-217.4,200,0,0.8637,0.193781
DQN,deceptive_grid,0,75,12254,-198.44,200,0,0.8614,0.187274
DQN,deceptive_grid,0,76,12302,-25.96,48,1,0.8609,0.183699
DQN,deceptive_grid,0,77,12408,-42.64,106,1,0.8597,0.186125
DQN,deceptive_grid,0,78,12493,-74.42,85,1,0.8587,0.181196
DQN,deceptive_grid,0,79,12552,-37.56,59,1,0.858,0.226168
DQN,deceptive_grid,0,80,12730,-180.8,178,1,0.856,0.205572
DQN,deceptive_grid,0,81,12878,-141.7,148,1,0.8544,0.190839
DQN,deceptive_grid,0,82,13078,-220.18,200,0,0.8521,0.204102
DQN,deceptive_grid,0,83,13269,-197.5,191,1,0.8499,0.203568
DQN,deceptive_grid,0,84,13443,-178.24,174,1,0.848,0.187834
DQN,deceptive_grid,0,85,13498,-24.54,55,1,0.8473,0.186708
DQN,deceptive_grid,0,86,13698,-284.6,200,0,0.8451,0.217619
DQN,deceptive_grid,0,87,13898,-202.24,200,0,0.8428,0.190257
DQN,deceptive_grid,0,88,14098,-208.04,200,0,0.8406,0.207392
DQN,deceptive_grid,0,89,14142,-18.74,44,1,0.8401,0.212971
DQN,deceptive_grid,0,90,14203,-23.46,61,1,0.8394,0.201063
DQN,deceptive_grid,0,91,14303,-82.4,100,1,0.8382,0.201327
DQN,deceptive_grid,0,92,14336,-6.98,33,1,0.8379,0.17907
DQN,deceptive_grid,0,93,14536,-173.4,200,0,0.8356,0.192386
DQN,deceptive_grid,0,94,14618,-43.1,82,1,0.8347,0.206174
DQN,deceptive_grid,0,95,14647,-14.64,29,1,0.8343,0.203386
DQN,deceptive_grid,0,96,14734,-58.32,87,1,0.8334,0.193395
DQN,deceptive_grid,0,97,14835,-30.48,101,1,0.8322,0.170173
DQN,deceptive_grid,0,98,14968,-76.72,133,1,0.8307,0.173346
DQN,deceptive_grid,0,99,15166,-187.18,198,1,0.8285,0.2004
DQN,deceptive_grid,0,100,15340,-166.66,174,1,0.8265,0.182313
DQN,deceptive_grid,0,101,15524,-204.38,184,1,0.8244,0.179663
DQN,deceptive_grid,0,102,15598,-70.8,74,1,0.8236,0.19279
DQN,deceptive_grid,0,103,15798,-167.36,200,0,0.8213,0.174054
DQN,deceptive_grid,0,104,15900,-62.96,102,1,0.8202,0.171103
DQN,deceptive_grid,0,105,15978,-90.06,78,1,0.8193,0.168369
DQN,deceptive_grid,0,106,16009,-12.62,31,1,0.8189,0.189774
DQN,deceptive_grid,0,107,16126,-67.04,117,1,0.8176,0.200541
DQN,deceptive_grid,0,108,16198,-10.32,72,1,0.8168,0.189141
DQN,deceptive_grid,0,109,16277,-41.98,79,1,0.8159,0.175892
DQN,deceptive_grid,0,110,16423,-122.32,146,1,0.8143,0.171799
DQN,deceptive_grid,0,111,16554,-102.32,131,1,0.8128,0.184174
DQN,deceptive_grid,0,112,16655,-57.7,101,1,0.8116,0.180444
DQN,deceptive_grid,0,113,16708,-31.76,53,1,0.811,0.171988
DQN,deceptive_grid,0,114,16845,-148.72,137,1,0.8095,0.162101
DQN,deceptive_grid,0,115,16865,2.54,20,1,0.8093,0.156069
DQN,deceptive_grid,0,116,16902,-29.54,37,1,0.8088,0.16046
DQN,deceptive_grid,0,117,17053,-194.24,151,1,0.8071,0.169546
DQN,deceptive_grid,0,118,17253,-201.74,200,0,0.8049,0.169185
DQN,deceptive_grid,0,119,17286,-15.76,33,1,0.8045,0.159769
DQN,deceptive_grid,0,120,17378,-53.84,92,1,0.8035,0.157738
DQN,deceptive_grid,0,121,17449,-56.38,71,1,0.8027,0.163017
DQN,deceptive_grid,0,122,17539,-80.08,90,1,0.8016,0.174055
DQN,deceptive_grid,0,123,17577,-19.12,38,1,0.8012,0.163094
DQN,deceptive_grid,0,124,17656,-62.9,79,1,0.8003,0.180624
DQN,deceptive_grid,0,125,17856,-225.2,200,0,0.7981,0.161384
DQN,deceptive_grid,0,126,17921,-19.02,65,1,0.7973,0.154839
DQN,deceptive_grid,0,127,18060,-102.54,139,1,0.7957,0.175419
DQN,deceptive_grid,0,128,18120,-30.18,60,1,0.7951,0.178151
DQN,deceptive_grid,0,129,18134,10.18,14,1,0.7949,0.17529
DQN,deceptive_grid,0,130,18263,-68.3,129,1,0.7935,0.154723
DQN,deceptive_grid,0,131,18278,6.86,15,1,0.7933,0.142465
DQN,deceptive_grid,0,132,18327,-33.52,49,1,0.7927,0.151621
DQN,deceptive_grid,0,133,18350,8.1,23,1,0.7925,0.153502
DQN,deceptive_grid,0,134,18506,-104.78,156,1,0.7907,0.15419
DQN,deceptive_grid,0,135,18599,-82.08,93,1,0.7897,0.171733
DQN,deceptive_grid,0,136,18670,-72.18,71,1,0.7889,0.159978
DQN,deceptive_grid,0,137,18869,-155.3,199,1,0.7866,0.148887
DQN,deceptive_grid,0,138,19031,-131.74,162,1,0.7848,0.154367
DQN,deceptive_grid,0,139,19059,0.0,28,1,0.7845,0.167242
DQN,deceptive_grid,0,140,19173,-47.14,114,1,0.7832,0.147186
DQN,deceptive_grid,0,141,19251,-62.54,78,1,0.7823,0.143945
DQN,deceptive_grid,0,142,19330,-53.46,79,1,0.7814,0.140317
DQN,deceptive_grid,0,143,19392,-47.34,62,1,0.7807,0.144701
DQN,deceptive_grid,0,144,19456,-41.4,64,1,0.78,0.133865
DQN,deceptive_grid,0,145,19498,8.3,42,1,0.7795,0.134197
DQN,deceptive_grid,0,146,19635,-126.2,137,1,0.7779,0.147197
DQN,deceptive_grid,0,147,19772,-133.4,137,1,0.7764,0.135258
DQN,deceptive_grid,0,148,19789,-0.8,17,1,0.7762,0.138868
DQN,deceptive_grid,0,149,19822,8.46,33,1,0.7758,0.115369
DQN,deceptive_grid,0,150,19952,-117.02,130,1,0.7744,0.125303
DQN,deceptive_grid,0,151,20014,-8.86,62,1,0.7737,0.15117
DQN,deceptive_grid,0,152,20053,3.02,39,1,0.7732,0.166035
DQN,deceptive_grid,0,153,20102,-17.54,49,1,0.7727,0.155862
DQN,deceptive_grid,0,154,20252,-120.8,150,1,0.771,0.135375
DQN,deceptive_grid,0,155,20318,-19.58,66,1,0.7702,0.129466
DQN,deceptive_grid,0,156,20409,-77.88,91,1,0.7692,0.123944
DQN,deceptive_grid,0,157,20499,-77.0,90,1,0.7682,0.127976
DQN,deceptive_grid,0,158,20663,-152.16,164,1,0.7663,0.133636
DQN,deceptive_grid,0,159,20721,-2.6,58,1,0.7657,0.128332
DQN,deceptive_grid,0,160,20921,-207.32,200,0,0.7634,0.122436
DQN,deceptive_grid,0,161,20970,-26.52,49,1,0.7628,0.122945
DQN,deceptive_grid,0,162,21023,-47.86,53,1,0.7622,0.121419
DQN,deceptive_grid,0,163,21079,-18.18,56,1,0.7616,0.130324
DQN,deceptive_grid,0,164,21172,-70.9,93,1,0.7606,0.117961
DQN,deceptive_grid,0,165,21217,-1.38,45,1,0.76,0.109237
DQN,deceptive_grid,0,166,21267,-19.16,50,1,0.7595,0.119022
DQN,deceptive_grid,0,167,21360,-69.96,93,1,0.7584,0.103171
DQN,deceptive_grid,0,168,21363,14.06,3,1,0.7584,0.111761
DQN,deceptive_grid,0,169,21557,-134.62,194,1,0.7562,0.115489
DQN,deceptive_grid,0,170,21684,-109.72,127,1,0.7548,0.106766
DQN,deceptive_grid,0,171,21783,-47.08,99,1,0.7536,0.100824
DQN,deceptive_grid,0,172,21815,-4.44,32,1,0.7533,0.105453
DQN,deceptive_grid,0,173,21872,-37.72,57,1,0.7526,0.093869
DQN,deceptive_grid,0,174,21975,-114.66,103,1,0.7515,0.100381
DQN,deceptive_grid,0,175,21987,11.96,12,1,0.7513,0.089035
DQN,deceptive_grid,0,176,22051,-32.2,64,1,0.7506,0.117413
DQN,deceptive_grid,0,177,22238,-161.3,187,1,0.7485,0.104495
DQN,deceptive_grid,0,178,22374,-107.56,136,1,0.747,0.098637
DQN,deceptive_grid,0,179,22415,-2.92,41,1,0.7465,0.092079
DQN,deceptive_grid,0,180,22479,-42.54,64,1,0.7458,0.093095
DQN,deceptive_grid,0,181,22482,14.06,3,1,0.7457,0.076122
DQN,deceptive_grid,0,182,22499,1.5,17,1,0.7455,0.089705
DQN,deceptive_grid,0,183,22533,-6.34,34,1,0.7452,0.120141
DQN,deceptive_grid,0,184,22567,-28.58,34,1,0.7448,0.105034
DQN,deceptive_grid,0,185,22644,-74.32,77,1,0.7439,0.106557
DQN,deceptive_grid,0,186,22746,-51.82,102,1,0.7428,0.090287
DQN,deceptive_grid,0,187,22840,-34.62,94,1,0.7417,0.08424
DQN,deceptive_grid,0,188,22858,1.94,18,1,0.7415,0.084108
DQN,deceptive_grid,0,189,22973,-62.48,115,1,0.7402,0.089879
DQN,deceptive_grid,0,190,22991,6.3,18,1,0.74,0.091119
DQN,deceptive_grid,0,191,23031,-10.52,40,1,0.7395,0.115233
DQN,deceptive_grid,0,192,23040,16.72,9,1,0.7394,0.106526
DQN,deceptive_grid,0,193,23160,-89.18,120,1,0.7381,0.100242
DQN,deceptive_grid,0,194,23313,-116.22,153,1,0.7363,0.096253
DQN,deceptive_grid,0,195,23374,-31.2,61,1,0.7357,0.082937
DQN,deceptive_grid,0,196,23379,12.2,5,1,0.7356,0.0823
DQN,deceptive_grid,0,197,23480,-59.0,101,1,0.7345,0.08839
DQN,deceptive_grid,0,198,23495,15.7,15,1,0.7343,0.080898
DQN,deceptive_grid,0,199,23541,-19.84,46,1,0.7338,0.127801
DQN,deceptive_grid,0,200,23559,15.06,18,1,0.7336,0.100057
DQN,deceptive_grid,0,201,23659,-54.48,100,1,0.7324,0.095528
DQN,deceptive_grid,0,202,23738,-24.82,79,1,0.7315,0.097159
DQN,deceptive_grid,0,203,23784,-16.3,46,1,0.731,0.087671
DQN,deceptive_grid,0,204,23949,-105.84,165,1,0.7291,0.091618
DQN,deceptive_grid,0,205,23974,0.64,25,1,0.7289,0.084692
DQN,deceptive_grid,0,206,23976,13.02,2,1,0.7288,0.109481
DQN,deceptive_grid,0,207,24119,-98.58,143,1,0.7272,0.095971
DQN,deceptive_grid,0,208,24127,1.36,8,1,0.7271,0.102231
DQN,deceptive_grid,0,209,24144,-7.06,17,1,0.7269,0.086694
DQN,deceptive_grid,0,210,24198,-15.66,54,1,0.7263,0.08797
DQN,deceptive_grid,0,211,24259,-42.44,61,1,0.7256,0.089616
DQN,deceptive_grid,0,212,24317,-16.18,58,1,0.725,0.084619
DQN,deceptive_grid,0,213,24389,-43.9,72,1,0.7242,0.079239
DQN,deceptive_grid,0,214,24428,-24.58,39,1,0.7237,0.084369
DQN,deceptive_grid,0,215,24530,-56.2,102,1,0.7226,0.090363
DQN,deceptive_grid,0,216,24549,5.28,19,1,0.7224,0.104082
DQN,deceptive_grid,0,217,24601,-51.2,52,1,0.7218,0.092273
DQN,deceptive_grid,0,218,24663,-24.22,62,1,0.7211,0.089302
DQN,deceptive_grid,0,219,24677,9.86,14,1,0.7209,0.084731
DQN,deceptive_grid,0,220,24699,11.1,22,1,0.7207,0.089054
DQN,deceptive_grid,0,221,24741,4.66,42,1,0.7202,0.082005
DQN,deceptive_grid,0,222,24785,-8.08,44,1,0.7197,0.078095
DQN,deceptive_grid,0,223,24834,-24.78,49,1,0.7191,0.086335
DQN,deceptive_grid,0,224,24877,5.66,43,1,0.7187,0.081217
DQN,deceptive_grid,0,225,25008,-121.58,131,1,0.7172,0.08284
DQN,deceptive_grid,0,226,25043,-14.3,35,1,0.7168,0.102038
DQN,deceptive_grid,0,227,25146,-55.1,103,1,0.7156,0.079462
DQN,deceptive_grid,0,228,25226,-19.3,80,1,0.7147,0.084154
DQN,deceptive_grid,0,229,25283,-12.64,57,1,0.7141,0.078141
DQN,deceptive_grid,0,230,25304,5.64,21,1,0.7138,0.072937
DQN,deceptive_grid,0,231,25416,-67.02,112,1,0.7126,0.068057
DQN,deceptive_grid,0,232,25491,-42.58,75,1,0.7117,0.068879
DQN,deceptive_grid,0,233,25547,-34.66,56,1,0.7111,0.08475
DQN,deceptive_grid,0,234,25591,-19.16,44,1,0.7106,0.079755
DQN,deceptive_grid,0,235,25686,-65.7,95,1,0.7095,0.073357
DQN,deceptive_grid,0,236,25752,-27.28,66,1,0.7088,0.071415
DQN,deceptive_grid,0,237,25873,-113.08,121,1,0.7074,0.06851
DQN,deceptive_grid,0,238,25893,-9.42,20,1,0.7072,0.068396
DQN,deceptive_grid,0,239,25933,-15.7,40,1,0.7067,0.079411
DQN,deceptive_grid,0,240,26015,-34.4,82,1,0.7058,0.073603
DQN,deceptive_grid,0,241,26126,-129.16,111,1,0.7045,0.073487
DQN,deceptive_grid,0,242,26293,-148.72,167,1,0.7026,0.067539
DQN,deceptive_grid,0,243,26396,-66.28,103,1,0.7015,0.064675
DQN,deceptive_grid,0,244,26447,-20.28,51,1,0.7009,0.05915
DQN,deceptive_grid,0,245,26534,-69.6,87,1,0.6999,0.071942
DQN,deceptive_grid,0,246,26543,4.3,9,1,0.6998,0.064257
DQN,deceptive_grid,0,247,26592,-5.98,49,1,0.6993,0.064785
DQN,deceptive_grid,0,248,26691,-77.42,99,1,0.6981,0.063145
DQN,deceptive_grid,0,249,26727,-4.64,36,1,0.6977,0.061369
DQN,deceptive_grid,0,250,26790,-30.64,63,1,0.697,0.065747
DQN,deceptive_grid,0,251,26846,-12.52,56,1,0.6964,0.060683
DQN,deceptive_grid,0,252,26889,0.34,43,1,0.6959,0.05787
DQN,deceptive_grid,0,253,26966,-40.48,77,1,0.695,0.06187
DQN,deceptive_grid,0,254,27000,-5.28,34,1,0.6946,0.068618
DQN,deceptive_grid,0,255,27033,5.72,33,1,0.6943,0.063518
DQN,deceptive_grid,0,256,27149,-72.2,116,1,0.693,0.055391
DQN,deceptive_grid,0,257,27213,-6.44,64,1,0.6922,0.050928
DQN,deceptive_grid,0,258,27262,-5.3,49,1,0.6917,0.057045
DQN,deceptive_grid,0,259,27296,-8.26,34,1,0.6913,0.052186
DQN,deceptive_grid,0,260,27355,-27.48,59,1,0.6906,0.0468
DQN,deceptive_grid,0,261,27378,-18.14,23,1,0.6904,0.049986
DQN,deceptive_grid,0,262,27419,-6.76,41,1,0.6899,0.050071
DQN,deceptive_grid,0,263,27434,2.66,15,1,0.6897,0.052197
DQN,deceptive_grid,0,264,27517,-52.64,83,1,0.6888,0.052567
DQN,deceptive_grid,0,265,27538,9.8,21,1,0.6886,0.063363
DQN,deceptive_grid,0,266,27586,-25.82,48,1,0.688,0.058161
DQN,deceptive_grid,0,267,27656,-9.24,70,1,0.6872,0.051589
DQN,deceptive_grid,0,268,27690,-7.82,34,1,0.6868,0.048211
DQN,deceptive_grid,0,269,27774,-59.52,84,1,0.6859,0.047437
DQN,deceptive_grid,0,270,27831,-32.24,57,1,0.6852,0.049979
DQN,deceptive_grid,0,271,27897,-24.5,66,1,0.6845,0.044087
DQN,deceptive_grid,0,272,27978,-43.2,81,1,0.6836,0.044332
DQN,deceptive_grid,0,273,28019,-27.68,41,1,0.6831,0.051261
DQN,deceptive_grid,0,274,28038,-0.72,19,1,0.6829,0.062102
DQN,deceptive_grid,0,275,28089,-14.18,51,1,0.6823,0.052291
DQN,deceptive_grid,0,276,28135,-4.94,46,1,0.6818,0.053459
DQN,deceptive_grid,0,277,28210,-90.46,75,1,0.681,0.048378
DQN,deceptive_grid,0,278,28230,2.12,20,1,0.6807,0.042068
DQN,deceptive_grid,0,279,28267,-5.12,37,1,0.6803,0.054675
DQN,deceptive_grid,0,280,28336,-29.78,69,1,0.6795,0.045372
DQN,deceptive_grid,0,281,28383,0.54,47,1,0.679,0.044178
DQN,deceptive_grid,0,282,28412,-6.16,29,1,0.6787,0.045956
DQN,deceptive_grid,0,283,28458,8.9,46,1,0.6782,0.044686
DQN,deceptive_grid,0,284,28486,-9.52,28,1,0.6778,0.039107
DQN,deceptive_grid,0,285,28560,-24.38,74,1,0.677,0.04945
DQN,deceptive_grid,0,286,28563,8.04,3,1,0.677,0.041342
DQN,deceptive_grid,0,287,28586,12.7,23,1,0.6767,0.043069
DQN,deceptive_grid,0,288,28672,-64.56,86,1,0.6757,0.040947
DQN,deceptive_grid,0,289,28694,-0.96,22,1,0.6755,0.039564
DQN,deceptive_grid,0,290,28738,3.92,44,1,0.675,0.04032
DQN,deceptive_grid,0,291,28819,-27.32,81,1,0.6741,0.03703
DQN,deceptive_grid,0,292,28845,-11.82,26,1,0.6738,0.039202
DQN,deceptive_grid,0,293,28863,18.94,18,1,0.6736,0.041593
DQN,deceptive_grid,0,294,28948,-51.24,85,1,0.6726,0.040329
DQN,deceptive_grid,0,295,29030,-73.58,82,1,0.6717,0.042551
DQN,deceptive_grid,0,296,29079,-25.72,49,1,0.6711,0.042596
DQN,deceptive_grid,0,297,29103,-15.86,24,1,0.6709,0.038828
DQN,deceptive_grid,0,298,29148,0.12,45,1,0.6704,0.03908
DQN,deceptive_grid,0,299,29152,9.08,4,1,0.6703,0.046308
DQN,deceptive_grid,0,300,29199,-35.46,47,1,0.6698,0.040522
DQN,deceptive_grid,0,301,29276,-27.6,77,1,0.6689,0.042605
DQN,deceptive_grid,0,302,29341,-18.4,65,1,0.6682,0.03858
DQN,deceptive_grid,0,303,29388,-3.4,47,1,0.6676,0.035582
DQN,deceptive_grid,0,304,29487,-53.48,99,1,0.6665,0.036094
DQN,deceptive_grid,0,305,29574,-41.4,87,1,0.6655,0.042271
DQN,deceptive_grid,0,306,29623,-12.58,49,1,0.665,0.039194
DQN,deceptive_grid,0,307,29684,-19.46,61,1,0.6643,0.037961
DQN,deceptive_grid,0,308,29755,-50.48,71,1,0.6635,0.038528
DQN,deceptive_grid,0,309,29824,-31.18,69,1,0.6627,0.033514
DQN,deceptive_grid,0,310,29859,1.5,35,1,0.6623,0.033364
DQN,deceptive_grid,0,311,29936,-48.78,77,1,0.6614,0.035252
DQN,deceptive_grid,0,312,30008,-73.8,72,1,0.6606,0.032964
DQN,deceptive_grid,0,313,30037,4.64,29,1,0.6603,0.040411
DQN,deceptive_grid,0,314,30092,-33.38,55,1,0.6597,0.038024
DQN,deceptive_grid,0,315,30095,14.06,3,1,0.6596,0.024681
DQN,deceptive_grid,0,316,30133,7.66,38,1,0.6592,0.036063
DQN,deceptive_grid,0,317,30212,-33.5,79,1,0.6583,0.035182
DQN,deceptive_grid,0,318,30224,5.82,12,1,0.6582,0.03198
DQN,deceptive_grid,0,319,30267,-4.06,43,1,0.6577,0.032857
DQN,deceptive_grid,0,320,30336,-20.6,69,1,0.6569,0.034813
DQN,deceptive_grid,0,321,30358,19.98,22,1,0.6567,0.031037
DQN,deceptive_grid,0,322,30416,-33.42,58,1,0.656,0.032078
DQN,deceptive_grid,0,323,30476,-21.14,60,1,0.6553,0.031254
DQN,deceptive_grid,0,324,30509,-18.78,33,1,0.655,0.034963
DQN,deceptive_grid,0,325,30543,-0.48,34,1,0.6546,0.044217
DQN,deceptive_grid,0,326,30578,-4.6,35,1,0.6542,0.038046
DQN,deceptive_grid,0,327,30609,0.52,31,1,0.6538,0.037254
DQN,deceptive_grid,0,328,30651,-36.04,42,1,0.6534,0.039942
DQN,deceptive_grid,0,329,30687,-20.06,36,1,0.6529,0.039271
DQN,deceptive_grid,0,330,30701,1.84,14,1,0.6528,0.040979
DQN,deceptive_grid,0,331,30752,-1.74,51,1,0.6522,0.036673
DQN,deceptive_grid,0,332,30835,-54.9,83,1,0.6513,0.034259
DQN,deceptive_grid,0,333,30874,-26.66,39,1,0.6508,0.033025
DQN,deceptive_grid,0,334,30954,-51.2,80,1,0.6499,0.032343
DQN,deceptive_grid,0,335,30989,-1.32,35,1,0.6495,0.02803
DQN,deceptive_grid,0,336,30998,6.4,9,1,0.6494,0.031716
DQN,deceptive_grid,0,337,31008,17.7,10,1,0.6493,0.044049
DQN,deceptive_grid,0,338,31032,-8.48,24,1,0.649,0.048462
DQN,deceptive_grid,0,339,31061,13.18,29,1,0.6487,0.041275
DQN,deceptive_grid,0,340,31105,-23.78,44,1,0.6482,0.041736
DQN,deceptive_grid,0,341,31151,-22.88,46,1,0.6477,0.036062
DQN,deceptive_grid,0,342,31198,0.9,47,1,0.6472,0.034862
DQN,deceptive_grid,0,343,31254,-37.92,56,1,0.6465,0.03519
DQN,deceptive_grid,0,344,31288,-15.38,34,1,0.6461,0.034532
DQN,deceptive_grid,0,345,31306,10.74,18,1,0.6459,0.031559
DQN,deceptive_grid,0,346,31343,-8.82,37,1,0.6455,0.034623
DQN,deceptive_grid,0,347,31404,-8.26,61,1,0.6448,0.034481
DQN,deceptive_grid,0,348,31471,-14.3,67,1,0.6441,0.030937
DQN,deceptive_grid,0,349,31507,-20.64,36,1,0.6437,0.032474
DQN,deceptive_grid,0,350,31543,-7.04,36,1,0.6433,0.04377
DQN,deceptive_grid,0,351,31606,-16.98,63,1,0.6426,0.034086
DQN,deceptive_grid,0,352,31616,13.54,10,1,0.6424,0.042464
DQN,deceptive_grid,0,353,31671,-21.4,55,1,0.6418,0.038873
DQN,deceptive_grid,0,354,31709,-25.64,38,1,0.6414,0.036276
DQN,deceptive_grid,0,355,31773,-39.08,64,1,0.6407,0.034038
DQN,deceptive_grid,0,356,31800,-7.4,27,1,0.6404,0.027572
DQN,deceptive_grid,0,357,31829,-2.34,29,1,0.64,0.03483
DQN,deceptive_grid,0,358,31854,-20.34,25,1,0.6397,0.030437
DQN,deceptive_grid,0,359,31865,8.5,11,1,0.6396,0.030601
DQN,deceptive_grid,0,360,31883,0.48,18,1,0.6394,0.03114
DQN,deceptive_grid,0,361,31910,-6.48,27,1,0.6391,0.030955
DQN,deceptive_grid,0,362,31913,14.06,3,1,0.6391,0.033408
DQN,deceptive_grid,0,363,31947,-22.92,34,1,0.6387,0.030534
DQN,deceptive_grid,0,364,31991,-1.46,44,1,0.6382,0.028583
DQN,deceptive_grid,0,365,32018,-15.86,27,1,0.6379,0.041716
DQN,deceptive_grid,0,366,32072,-3.3,54,1,0.6373,0.036635
DQN,deceptive_grid,0,367,32108,-6.98,36,1,0.6369,0.030255
DQN,deceptive_grid,0,368,32168,-37.04,60,1,0.6362,0.033665
DQN,deceptive_grid,0,369,32210,2.76,42,1,0.6357,0.031181
DQN,deceptive_grid,0,370,32242,-23.36,32,1,0.6354,0.035829
DQN,deceptive_grid,0,371,32266,-2.66,24,1,0.6351,0.028504
DQN,deceptive_grid,0,372,32324,-16.1,58,1,0.6344,0.029136
DQN,deceptive_grid,0,373,32363,-6.88,39,1,0.634,0.029904
DQN,deceptive_grid,0,374,32391,-3.6,28,1,0.6337,0.029518
DQN,deceptive_grid,0,375,32402,12.96,11,1,0.6335,0.031175
DQN,deceptive_grid,0,376,32405,14.06,3,1,0.6335,0.02929
DQN,deceptive_grid,0,377,32425,17.8,20,1,0.6333,0.0297
DQN,deceptive_grid,0,378,32502,-66.32,77,1,0.6324,0.031969
DQN,deceptive_grid,0,379,32596,-77.66,94,1,0.6314,0.035604
DQN,deceptive_grid,0,380,32644,-11.78,48,1,0.6308,0.033032
DQN,deceptive_grid,0,381,32656,11.84,12,1,0.6307,0.028455
DQN,deceptive_grid,0,382,32692,7.2,36,1,0.6303,0.031775
DQN,deceptive_grid,0,383,32717,-2.24,25,1,0.63,0.031862
DQN,deceptive_grid,0,384,32745,14.84,28,1,0.6297,0.034423
DQN,deceptive_grid,0,385,32752,14.38,7,1,0.6296,0.033717
DQN,deceptive_grid,0,386,32813,-20.02,61,1,0.6289,0.033342
DQN,deceptive_grid,0,387,32860,-5.42,47,1,0.6284,0.030477
DQN,deceptive_grid,0,388,32974,-81.12,114,1,0.6271,0.031507
DQN,deceptive_grid,0,389,33018,-9.4,44,1,0.6266,0.033083
DQN,deceptive_grid,0,390,33070,-31.54,52,1,0.626,0.037877
DQN,deceptive_grid,0,391,33154,-57.32,84,1,0.625,0.035841
DQN,deceptive_grid,0,392,33197,0.02,43,1,0.6246,0.035512
DQN,deceptive_grid,0,393,33235,-13.92,38,1,0.6241,0.030319
DQN,deceptive_grid,0,394,33299,-10.48,64,1,0.6234,0.029285
DQN,deceptive_grid,0,395,33323,3.76,24,1,0.6231,0.028898
DQN,deceptive_grid,0,396,33343,1.88,20,1,0.6229,0.028386
DQN,deceptive_grid,0,397,33383,-22.78,40,1,0.6225,0.034738
DQN,deceptive_grid,0,398,33390,14.26,7,1,0.6224,0.032701
DQN,deceptive_grid,0,399,33417,13.54,27,1,0.6221,0.02764
DQN,deceptive_grid,0,400,33425,19.56,8,1,0.622,0.027028
DQN,deceptive_grid,0,401,33434,12.36,9,1,0.6219,0.029233
DQN,deceptive_grid,0,402,33472,-10.44,38,1,0.6214,0.029232
DQN,deceptive_grid,0,403,33473,12.0,1,1,0.6214,0.030438
DQN,deceptive_grid,0,404,33506,2.0,33,1,0.6211,0.034608
DQN,deceptive_grid,0,405,33605,-66.44,99,1,0.6199,0.033688
DQN,deceptive_grid,0,406,33657,-14.76,52,1,0.6194,0.031373
DQN,deceptive_grid,0,407,33705,-19.88,48,1,0.6188,0.030638
DQN,deceptive_grid,0,408,33750,-2.96,45,1,0.6183,0.029819
DQN,deceptive_grid,0,409,33804,-28.96,54,1,0.6177,0.035695
DQN,deceptive_grid,0,410,33819,19.78,15,1,0.6175,0.029013
DQN,deceptive_grid,0,411,33843,-3.88,24,1,0.6173,0.03057
DQN,deceptive_grid,0,412,33885,-27.4,42,1,0.6168,0.028064
DQN,deceptive_grid,0,413,33906,5.74,21,1,0.6165,0.027278
DQN,deceptive_grid,0,414,33922,8.2,16,1,0.6164,0.026864
DQN,deceptive_grid,0,415,34019,-49.1,97,1,0.6153,0.029579
DQN,deceptive_grid,0,416,34099,-28.3,80,1,0.6144,0.029299
DQN,deceptive_grid,0,417,34129,-5.26,30,1,0.614,0.032902
DQN,deceptive_grid,0,418,34194,-44.88,65,1,0.6133,0.027931
DQN,deceptive_grid,0,419,34226,-26.92,32,1,0.6129,0.027518
DQN,deceptive_grid,0,420,34236,13.74,10,1,0.6128,0.023384
DQN,deceptive_grid,0,421,34294,-30.96,58,1,0.6122,0.028059
DQN,deceptive_grid,0,422,34348,4.98,54,1,0.6115,0.025583
DQN,deceptive_grid,0,423,34391,-10.74,43,1,0.6111,0.024949
DQN,deceptive_grid,0,424,34435,-13.24,44,1,0.6106,0.025989
DQN,deceptive_grid,0,425,34446,14.66,11,1,0.6104,0.02224
DQN,deceptive_grid,0,426,34488,8.5,42,1,0.61,0.021734
DQN,deceptive_grid,0,427,34541,-52.7,53,1,0.6094,0.033042
DQN,deceptive_grid,0,428,34558,5.38,17,1,0.6092,0.03251
DQN,deceptive_grid,0,429,34616,-23.16,58,1,0.6085,0.031616
DQN,deceptive_grid,0,430,34676,-10.68,60,1,0.6078,0.031692
DQN,deceptive_grid,0,431,34759,-37.26,83,1,0.6069,0.03116
DQN,deceptive_grid,0,432,34812,-35.96,53,1,0.6063,0.02887
DQN,deceptive_grid,0,433,34847,-28.1,35,1,0.6059,0.026994
DQN,deceptive_grid,0,434,34886,-10.18,39,1,0.6055,0.030132
DQN,deceptive_grid,0,435,34922,17.16,36,1,0.605,0.035168
DQN,deceptive_grid,0,436,34969,0.66,47,1,0.6045,0.025769
DQN,deceptive_grid,0,437,35011,-26.32,42,1,0.604,0.023766
DQN,deceptive_grid,0,438,35023,3.48,12,1,0.6039,0.020804
DQN,deceptive_grid,0,439,35066,4.44,43,1,0.6034,0.025813
DQN,deceptive_grid,0,440,35097,-5.94,31,1,0.6031,0.022156
DQN,deceptive_grid,0,441,35106,10.46,9,1,0.603,0.020381
DQN,deceptive_grid,0,442,35124,-4.18,18,1,0.6028,0.022095
DQN,deceptive_grid,0,443,35157,-8.2,33,1,0.6024,0.021788
DQN,deceptive_grid,0,444,35199,5.4,42,1,0.6019,0.019738
DQN,deceptive_grid,0,445,35244,-36.92,45,1,0.6014,0.022789
DQN,deceptive_grid,0,446,35293,1.96,49,1,0.6009,0.02377
DQN,deceptive_grid,0,447,35378,-23.56,85,1,0.5999,0.020754
DQN,deceptive_grid,0,448,35449,-5.34,71,1,0.5991,0.01969
DQN,deceptive_grid,0,449,35526,-31.88,77,1,0.5982,0.019574
DQN,deceptive_grid,0,450,35538,11.76,12,1,0.5981,0.025174
DQN,deceptive_grid,0,451,35567,1.94,29,1,0.5978,0.026689
DQN,deceptive_grid,0,452,35594,4.98,27,1,0.5974,0.028572
DQN,deceptive_grid,0,453,35603,8.58,9,1,0.5973,0.025227
DQN,deceptive_grid,0,454,35630,1.94,27,1,0.597,0.030137
DQN,deceptive_grid,0,455,35685,-8.86,55,1,0.5964,0.024775
DQN,deceptive_grid,0,456,35724,3.0,39,1,0.596,0.022317
DQN,deceptive_grid,0,457,35799,-32.08,75,1,0.5951,0.020615
DQN,deceptive_grid,0,458,35816,9.58,17,1,0.5949,0.018285
DQN,deceptive_grid,0,459,35865,-17.92,49,1,0.5944,0.022076
DQN,deceptive_grid,0,460,35931,-33.76,66,1,0.5936,0.019527
DQN,deceptive_grid,0,461,35991,-12.6,60,1,0.593,0.022488
DQN,deceptive_grid,0,462,36072,-54.8,81,1,0.592,0.028903
DQN,deceptive_grid,0,463,36116,-9.02,44,1,0.5915,0.023604
DQN,deceptive_grid,0,464,36132,21.0,16,1,0.5914,0.022157
DQN,deceptive_grid,0,465,36150,-1.88,18,1,0.5912,0.0278
DQN,deceptive_grid,0,466,36184,-9.72,34,1,0.5908,0.023405
DQN,deceptive_grid,0,467,36220,-6.6,36,1,0.5904,0.022414
DQN,deceptive_grid,0,468,36230,5.54,10,1,0.5903,0.018775
DQN,deceptive_grid,0,469,36273,0.2,43,1,0.5898,0.022416
DQN,deceptive_grid,0,470,36315,-15.44,42,1,0.5893,0.021712
DQN,deceptive_grid,0,471,36365,7.46,50,1,0.5887,0.021438
DQN,deceptive_grid,0,472,36385,2.82,20,1,0.5885,0.020734
DQN,deceptive_grid,0,473,36419,1.1,34,1,0.5881,0.023132
DQN,deceptive_grid,0,474,36455,8.08,36,1,0.5877,0.019839
DQN,deceptive_grid,0,475,36501,-22.86,46,1,0.5872,0.021541
DQN,deceptive_grid,0,476,36521,-8.1,20,1,0.587,0.031347
DQN,deceptive_grid,0,477,36555,-11.58,34,1,0.5866,0.024601
DQN,deceptive_grid,0,478,36586,-8.42,31,1,0.5862,0.025667
DQN,deceptive_grid,0,479,36655,-29.82,69,1,0.5854,0.026585
DQN,deceptive_grid,0,480,36669,6.4,14,1,0.5853,0.031206
DQN,deceptive_grid,0,481,36707,-12.04,38,1,0.5849,0.028322
DQN,deceptive_grid,0,482,36772,-27.06,65,1,0.5841,0.022865
DQN,deceptive_grid,0,483,36812,-0.24,40,1,0.5837,0.022137
DQN,deceptive_grid,0,484,36828,8.08,16,1,0.5835,0.02208
DQN,deceptive_grid,0,485,36900,-9.96,72,1,0.5827,0.020028
DQN,deceptive_grid,0,486,36903,8.06,3,1,0.5826,0.027186
DQN,deceptive_grid,0,487,36984,-64.16,81,1,0.5817,0.021939
DQN,deceptive_grid,0,488,37005,18.8,21,1,0.5815,0.024229
DQN,deceptive_grid,0,489,37024,7.94,19,1,0.5813,0.024624
DQN,deceptive_grid,0,490,37039,5.24,15,1,0.5811,0.024457
DQN,deceptive_grid,0,491,37071,-9.38,32,1,0.5807,0.018783
DQN,deceptive_grid,0,492,37129,-33.88,58,1,0.5801,0.021657
DQN,deceptive_grid,0,493,37150,9.84,21,1,0.5799,0.022712
DQN,deceptive_grid,0,494,37210,-32.56,60,1,0.5792,0.023761
DQN,deceptive_grid,0,495,37233,13.62,23,1,0.5789,0.026731
DQN,deceptive_grid,0,496,37241,7.24,8,1,0.5788,0.023305
DQN,deceptive_grid,0,497,37268,2.02,27,1,0.5785,0.026704
DQN,deceptive_grid,0,498,37311,18.38,43,1,0.578,0.023575
DQN,deceptive_grid,0,499,37364,-44.18,53,1,0.5774,0.022292
DQN,deceptive_grid,0,500,37372,15.48,8,1,0.5773,0.023699
DQN,deceptive_grid,0,501,37427,-20.0,55,1,0.5767,0.022031
DQN,deceptive_grid,0,502,37485,-22.74,58,1,0.5761,0.019447
DQN,deceptive_grid,0,503,37527,-5.86,42,1,0.5756,0.025451
DQN,deceptive_grid,0,504,37565,-15.44,38,1,0.5752,0.021002
DQN,deceptive_grid,0,505,37584,-14.9,19,1,0.5749,0.024934
DQN,deceptive_grid,0,506,37612,-9.74,28,1,0.5746,0.024794
DQN,deceptive_grid,0,507,37640,6.28,28,1,0.5743,0.025837
DQN,deceptive_grid,0,508,37651,10.62,11,1,0.5742,0.02191
DQN,deceptive_grid,0,509,37714,4.66,63,1,0.5735,0.020468
DQN,deceptive_grid,0,510,37729,19.58,15,1,0.5733,0.015125
DQN,deceptive_grid,0,511,37779,15.14,50,1,0.5727,0.020202
DQN,deceptive_grid,0,512,37807,8.68,28,1,0.5724,0.020724
DQN,deceptive_grid,0,513,37834,26.54,27,1,0.5721,0.02507
DQN,deceptive_grid,0,514,37845,12.78,11,1,0.572,0.026695
DQN,deceptive_grid,0,515,37849,15.12,4,1,0.5719,0.022744
DQN,deceptive_grid,0,516,37896,-4.06,47,1,0.5714,0.024094
DQN,deceptive_grid,0,517,37907,15.06,11,1,0.5713,0.022528
DQN,deceptive_grid,0,518,37949,-32.74,42,1,0.5708,0.018572
DQN,deceptive_grid,0,519,37986,8.74,37,1,0.5704,0.017268
DQN,deceptive_grid,0,520,37989,8.06,3,1,0.5704,0.014445
DQN,deceptive_grid,0,521,37995,17.3,6,1,0.5703,0.021264
DQN,deceptive_grid,0,522,38007,3.56,12,1,0.5702,0.023706
DQN,deceptive_grid,0,523,38022,3.48,15,1,0.57,0.023832
DQN,deceptive_grid,0,524,38058,1.64,36,1,0.5696,0.022271
DQN,deceptive_grid,0,525,38091,-17.66,33,1,0.5692,0.02085
DQN,deceptive_grid,0,526,38092,12.0,1,1,0.5692,0.041093
DQN,deceptive_grid,0,527,38117,-11.18,25,1,0.5689,0.021675
DQN,deceptive_grid,0,528,38160,8.5,43,1,0.5684,0.020763
DQN,deceptive_grid,0,529,38195,9.82,35,1,0.568,0.019214
DQN,deceptive_grid,0,530,38233,4.7,38,1,0.5676,0.020381
DQN,deceptive_grid,0,531,38250,2.84,17,1,0.5674,0.020636
DQN,deceptive_grid,0,532,38269,24.5,19,1,0.5672,0.017867
DQN,deceptive_grid,0,533,38299,13.18,30,1,0.5669,0.017816
DQN,deceptive_grid,0,534,38325,2.38,26,1,0.5666,0.019246
DQN,deceptive_grid,0,535,38351,6.16,26,1,0.5663,0.020647
DQN,deceptive_grid,0,536,38386,16.92,35,1,0.5659,0.019803
DQN,deceptive_grid,0,537,38396,5.68,10,1,0.5658,0.017476
DQN,deceptive_grid,0,538,38439,-3.38,43,1,0.5653,0.018983
DQN,deceptive_grid,0,539,38535,-41.76,96,1,0.5642,0.022658
DQN,deceptive_grid,0,540,38628,-23.58,93,1,0.5631,0.026172
DQN,deceptive_grid,0,541,38683,-27.96,55,1,0.5625,0.027717
DQN,deceptive_grid,0,542,38698,4.76,15,1,0.5623,0.022197
DQN,deceptive_grid,0,543,38742,10.68,44,1,0.5618,0.026427
DQN,deceptive_grid,0,544,38743,12.0,1,1,0.5618,0.036458
DQN,deceptive_grid,0,545,38832,-47.28,89,1,0.5608,0.026564
DQN,deceptive_grid,0,546,38884,-12.22,52,1,0.5602,0.019003
DQN,deceptive_grid,0,547,38962,-59.64,78,1,0.5594,0.022458
DQN,deceptive_grid,0,548,39004,-30.22,42,1,0.5589,0.020687
DQN,deceptive_grid,0,549,39056,-1.38,52,1,0.5583,0.024687
DQN,deceptive_grid,0,550,39114,-33.32,58,1,0.5576,0.02356
DQN,deceptive_grid,0,551,39146,14.44,32,1,0.5573,0.020176
DQN,deceptive_grid,0,552,39152,17.3,6,1,0.5572,0.023249
DQN,deceptive_grid,0,553,39191,17.58,39,1,0.5568,0.019973
DQN,deceptive_grid,0,554,39210,-10.92,19,1,0.5566,0.022485
DQN,deceptive_grid,0,555,39253,16.92,43,1,0.5561,0.016945
DQN,deceptive_grid,0,556,39281,8.6,28,1,0.5558,0.017793
DQN,deceptive_grid,0,557,39322,-0.38,41,1,0.5553,0.017488
DQN,deceptive_grid,0,558,39343,-6.88,21,1,0.555,0.015118
DQN,deceptive_grid,0,559,39377,-10.58,34,1,0.5547,0.017195
DQN,deceptive_grid,0,560,39383,13.3,6,1,0.5546,0.021061
DQN,deceptive_grid,0,561,39405,23.98,22,1,0.5543,0.025735
DQN,deceptive_grid,0,562,39478,-51.6,73,1,0.5535,0.016774
DQN,deceptive_grid,0,563,39525,-32.52,47,1,0.553,0.02023
DQN,deceptive_grid,0,564,39534,10.38,9,1,0.5529,0.028136
DQN,deceptive_grid,0,565,39572,-10.58,38,1,0.5525,0.022802
DQN,deceptive_grid,0,566,39574,13.02,2,1,0.5524,0.022537
DQN,deceptive_grid,0,567,39611,1.36,37,1,0.552,0.024313
DQN,deceptive_grid,0,568,39643,2.74,32,1,0.5517,0.018893
DQN,deceptive_grid,0,569,39674,4.42,31,1,0.5513,0.017154
DQN,deceptive_grid,0,570,39682,3.3,8,1,0.5512,0.020133
DQN,deceptive_grid,0,571,39723,6.28,41,1,0.5508,0.018311
DQN,deceptive_grid,0,572,39797,-72.48,74,1,0.5499,0.016572
DQN,deceptive_grid,0,573,39807,5.3,10,1,0.5498,0.016469
DQN,deceptive_grid,0,574,39857,-2.82,50,1,0.5492,0.019528
DQN,deceptive_grid,0,575,39889,-20.56,32,1,0.5489,0.024227
DQN,deceptive_grid,0,576,39912,8.86,23,1,0.5486,0.025659
DQN,deceptive_grid,0,577,39967,-26.48,55,1,0.548,0.019199
DQN,deceptive_grid,0,578,39985,17.52,18,1,0.5478,0.02146
DQN,deceptive_grid,0,579,40015,1.98,30,1,0.5474,0.026043
DQN,deceptive_grid,0,580,40062,-4.14,47,1,0.5469,0.027602
DQN,deceptive_grid,0,581,40108,-11.64,46,1,0.5464,0.021333
DQN,deceptive_grid,0,582,40148,-2.92,40,1,0.5459,0.019992
DQN,deceptive_grid,0,583,40153,12.2,5,1,0.5459,0.017841
DQN,deceptive_grid,0,584,40193,5.34,40,1,0.5454,0.016895
DQN,deceptive_grid,0,585,40211,6.92,18,1,0.5452,0.017449
DQN,deceptive_grid,0,586,40239,15.68,28,1,0.5449,0.018197
DQN,deceptive_grid,0,587,40270,15.08,31,1,0.5446,0.017009
DQN,deceptive_grid,0,588,40318,-20.26,48,1,0.544,0.020894
DQN,deceptive_grid,0,589,40393,-48.76,75,1,0.5432,0.017231
DQN,deceptive_grid,0,590,40440,-0.46,47,1,0.5426,0.014703
DQN,deceptive_grid,0,591,40485,-4.5,45,1,0.5421,0.016214
DQN,deceptive_grid,0,592,40506,1.9,21,1,0.5419,0.019971
DQN,deceptive_grid,0,593,40521,4.74,15,1,0.5417,0.025664
DQN,deceptive_grid,0,594,40556,11.52,35,1,0.5413,0.02256
DQN,deceptive_grid,0,595,40588,8.46,32,1,0.541,0.019345
DQN,deceptive_grid,0,596,40616,1.12,28,1,0.5407,0.020488
DQN,deceptive_grid,0,597,40654,15.3,38,1,0.5402,0.019931
DQN,deceptive_grid,0,598,40675,10.12,21,1,0.54,0.018366
DQN,deceptive_grid,0,599,40724,-9.64,49,1,0.5394,0.017311
DQN,deceptive_grid,0,600,40744,13.04,20,1,0.5392,0.019622
DQN,deceptive_grid,1,1,200,-194.9,200,0,0.9977,
DQN,deceptive_grid,1,2,400,-177.82,200,0,0.9955,
DQN,deceptive_grid,1,3,600,-290.94,200,0,0.9932,
DQN,deceptive_grid,1,4,800,-286.76,200,0,0.991,
DQN,deceptive_grid,1,5,1000,-218.38,200,0,0.9887,1.81922
DQN,deceptive_grid,1,6,1200,-202.72,200,0,0.9864,0.84994
DQN,deceptive_grid,1,7,1400,-201.34,200,0,0.9842,0.415217
DQN,deceptive_grid,1,8,1434,-31.52,34,1,0.9838,0.386967
DQN,deceptive_grid,1,9,1634,-170.32,200,0,0.9815,0.417742
DQN,deceptive_grid,1,10,1834,-207.24,200,0,0.9793,0.361816
DQN,deceptive_grid,1,11,2034,-248.68,200,0,0.977,0.349377
DQN,deceptive_grid,1,12,2234,-215.92,200,0,0.9747,0.34297
DQN,deceptive_grid,1,13,2434,-353.32,200,0,0.9725,0.330749
DQN,deceptive_grid,1,14,2634,-231.84,200,0,0.9702,0.37841
DQN,deceptive_grid,1,15,2834,-161.38,200,0,0.9679,0.355826
DQN,deceptive_grid,1,16,3034,-206.5,200,0,0.9657,0.362184
DQN,deceptive_grid,1,17,3234,-277.78,200,0,0.9634,0.368149
DQN,deceptive_grid,1,18,3434,-385.22,200,0,0.9612,0.354038
DQN,deceptive_grid,1,19,3634,-227.12,200,0,0.9589,0.365444
DQN,deceptive_grid,1,20,3834,-190.92,200,0,0.9566,0.335667
DQN,deceptive_grid,1,21,4034,-213.72,200,0,0.9544,0.325683
DQN,deceptive_grid,1,22,4234,-225.66,200,0,0.9521,0.329641
DQN,deceptive_grid,1,23,4394,-188.52,160,1,0.9503,0.303252
DQN,deceptive_grid,1,24,4571,-162.56,177,1,0.9483,0.329756
DQN,deceptive_grid,1,25,4771,-219.2,200,0,0.946,0.322784
DQN,deceptive_grid,1,26,4971,-233.02,200,0,0.9438,0.296754
DQN,deceptive_grid,1,27,5171,-147.46,200,0,0.9415,0.299937
DQN,deceptive_grid,1,28,5195,-17.5,24,1,0.9412,0.278371
DQN,deceptive_grid,1,29,5395,-191.06,200,0,0.939,0.263775
DQN,deceptive_grid,1,30,5595,-224.02,200,0,0.9367,0.268013
DQN,deceptive_grid,1,31,5795,-149.86,200,0,0.9345,0.231902
DQN,deceptive_grid,1,32,5995,-186.18,200,0,0.9322,0.220217
DQN,deceptive_grid,1,33,6029,-23.3,34,1,0.9318,0.26439
DQN,deceptive_grid,1,34,6229,-218.46,200,0,0.9296,0.221581
DQN,deceptive_grid,1,35,6429,-234.92,200,0,0.9273,0.208278
DQN,deceptive_grid,1,36,6629,-229.22,200,0,0.925,0.226243
DQN,deceptive_grid,1,37,6646,-3.12,17,1,0.9248,0.203431
DQN,deceptive_grid,1,38,6846,-269.56,200,0,0.9226,0.205391
DQN,deceptive_grid,1,39,7046,-274.32,200,0,0.9203,0.202959
DQN,deceptive_grid,1,40,7246,-250.96,200,0,0.9181,0.192986
DQN,deceptive_grid,1,41,7446,-162.64,200,0,0.9158,0.186751
DQN,deceptive_grid,1,42,7491,-53.78,45,1,0.9153,0.180409
DQN,deceptive_grid,1,43,7572,-59.36,81,1,0.9144,0.194023
DQN,deceptive_grid,1,44,7772,-196.76,200,0,0.9121,0.181506
DQN,deceptive_grid,1,45,7972,-196.2,200,0,0.9098,0.184821
DQN,deceptive_grid,1,46,8172,-209.3,200,0,0.9076,0.203356
DQN,deceptive_grid,1,47,8372,-155.56,200,0,0.9053,0.186634
DQN,deceptive_grid,1,48,8400,-11.16,28,1,0.905,0.175573
DQN,deceptive_grid,1,49,8600,-251.34,200,0,0.9027,0.194009
DQN,deceptive_grid,1,50,8800,-221.82,200,0,0.9005,0.1776
DQN,deceptive_grid,1,51,8980,-131.64,180,1,0.8984,0.172247
DQN,deceptive_grid,1,52,9140,-174.24,160,1,0.8966,0.193791
DQN,deceptive_grid,1,53,9189,-4.24,49,1,0.8961,0.191065
DQN,deceptive_grid,1,54,9363,-172.52,174,1,0.8941,0.184874
DQN,deceptive_grid,1,55,9383,4.56,20,1,0.8939,0.162304
DQN,deceptive_grid,1,56,9583,-225.06,200,0,0.8916,0.183698
DQN,deceptive_grid,1,57,9656,-61.3,73,1,0.8908,0.199786
DQN,deceptive_grid,1,58,9849,-209.6,193,1,0.8886,0.187077
DQN,deceptive_grid,1,59,10049,-223.26,200,0,0.8864,0.184211
DQN,deceptive_grid,1,60,10061,7.56,12,1,0.8862,0.190245
DQN,deceptive_grid,1,61,10235,-130.9,174,1,0.8842,0.184325
DQN,deceptive_grid,1,62,10435,-210.98,200,0,0.882,0.181207
DQN,deceptive_grid,1,63,10635,-211.7,200,0,0.8797,0.190904
DQN,deceptive_grid,1,64,10835,-202.78,200,0,0.8775,0.183493
DQN,deceptive_grid,1,65,10927,-73.16,92,1,0.8764,0.169903
DQN,deceptive_grid,1,66,11003,-76.22,76,1,0.8756,0.179491
DQN,deceptive_grid,1,67,11157,-148.48,154,1,0.8738,0.197778
DQN,deceptive_grid,1,68,11218,-51.74,61,1,0.8731,0.192922
DQN,deceptive_grid,1,69,11412,-213.26,194,1,0.8709,0.182513
DQN,deceptive_grid,1,70,11487,-60.22,75,1,0.8701,0.164674
DQN,deceptive_grid,1,71,11627,-173.84,140,1,0.8685,0.196147
DQN,deceptive_grid,1,72,11661,-41.8,34,1,0.8681,0.195499
DQN,deceptive_grid,1,73,11721,-39.92,60,1,0.8674,0.203059
DQN,deceptive_grid,1,74,11885,-102.8,164,1,0.8656,0.171393
DQN,deceptive_grid,1,75,11924,-18.02,39,1,0.8651,0.159866
DQN,deceptive_grid,1,76,11969,-9.16,45,1,0.8646,0.179111
DQN,deceptive_grid,1,77,12051,-77.6,82,1,0.8637,0.193712
DQN,deceptive_grid,1,78,12251,-217.86,200,0,0.8614,0.176171
DQN,deceptive_grid,1,79,12415,-132.38,164,1,0.8596,0.162554
DQN,deceptive_grid,1,80,12549,-87.64,134,1,0.8581,0.178952
DQN,deceptive_grid,1,81,12745,-177.82,196,1,0.8559,0.170445
DQN,deceptive_grid,1,82,12813,-54.64,68,1,0.8551,0.157778
DQN,deceptive_grid,1,83,12955,-148.74,142,1,0.8535,0.15785
DQN,deceptive_grid,1,84,12956,12.0,1,1,0.8535,0.195644
DQN,deceptive_grid,1,85,13096,-132.4,140,1,0.8519,0.182689
DQN,deceptive_grid,1,86,13296,-254.76,200,0,0.8496,0.16479
DQN,deceptive_grid,1,87,13326,-31.42,30,1,0.8493,0.164244
DQN,deceptive_grid,1,88,13388,-25.36,62,1,0.8486,0.170595
DQN,deceptive_grid,1,89,13565,-122.1,177,1,0.8466,0.170214
DQN,deceptive_grid,1,90,13607,-36.38,42,1,0.8461,0.170708
DQN,deceptive_grid,1,91,13735,-94.9,128,1,0.8447,0.174633
DQN,deceptive_grid,1,92,13834,-109.74,99,1,0.8435,0.148684
DQN,deceptive_grid,1,93,13955,-123.1,121,1,0.8422,0.14435
DQN,deceptive_grid,1,94,14155,-200.7,200,0,0.8399,0.167807
DQN,deceptive_grid,1,95,14278,-113.28,123,1,0.8385,0.157541
DQN,deceptive_grid,1,96,14314,-23.38,36,1,0.8381,0.152942
DQN,deceptive_grid,1,97,14514,-177.54,200,0,0.8359,0.158093
DQN,deceptive_grid,1,98,14649,-114.96,135,1,0.8343,0.170916
DQN,deceptive_grid,1,99,14849,-216.08,200,0,0.8321,0.160196
DQN,deceptive_grid,1,100,14936,-84.14,87,1,0.8311,0.150003
DQN,deceptive_grid,1,101,15000,-22.28,64,1,0.8304,0.149028
DQN,deceptive_grid,1,102,15045,-18.06,45,1,0.8298,0.185231
DQN,deceptive_grid,1,103,15213,-181.56,168,1,0.8279,0.150768
DQN,deceptive_grid,1,104,15222,-7.74,9,1,0.8278,0.138711
DQN,deceptive_grid,1,105,15235,4.98,13,1,0.8277,0.135761
DQN,deceptive_grid,1,106,15435,-180.9,200,0,0.8254,0.137973
DQN,deceptive_grid,1,107,15546,-114.94,111,1,0.8242,0.147497
DQN,deceptive_grid,1,108,15579,-29.72,33,1,0.8238,0.146303
DQN,deceptive_grid,1,109,15779,-156.56,200,0,0.8215,0.139737
DQN,deceptive_grid,1,110,15871,-45.58,92,1,0.8205,0.125479
DQN,deceptive_grid,1,111,15996,-105.78,125,1,0.8191,0.133862
DQN,deceptive_grid,1,112,16196,-170.58,200,0,0.8168,0.147865
DQN,deceptive_grid,1,113,16386,-142.16,190,1,0.8147,0.127836
DQN,deceptive_grid,1,114,16388,13.02,2,1,0.8147,0.095477
DQN,deceptive_grid,1,115,16511,-107.46,123,1,0.8133,0.129921
DQN,deceptive_grid,1,116,16564,-56.68,53,1,0.8127,0.156463
DQN,deceptive_grid,1,117,16577,8.72,13,1,0.8125,0.157213
DQN,deceptive_grid,1,118,16602,0.42,25,1,0.8122,0.145095
DQN,deceptive_grid,1,119,16720,-84.58,118,1,0.8109,0.131679
DQN,deceptive_grid,1,120,16884,-136.18,164,1,0.8091,0.127209
DQN,deceptive_grid,1,121,16919,2.3,35,1,0.8087,0.110559
DQN,deceptive_grid,1,122,16992,-32.22,73,1,0.8078,0.12085
DQN,deceptive_grid,1,123,16998,13.26,6,1,0.8078,0.138986
DQN,deceptive_grid,1,124,17198,-165.78,200,0,0.8055,0.122861
DQN,deceptive_grid,1,125,17242,-42.16,44,1,0.805,0.125315
DQN,deceptive_grid,1,126,17367,-104.88,125,1,0.8036,0.115788
DQN,deceptive_grid,1,127,17567,-203.82,200,0,0.8013,0.115607
DQN,deceptive_grid,1,128,17580,11.24,13,1,0.8012,0.104211
DQN,deceptive_grid,1,129,17712,-131.56,132,1,0.7997,0.114859
DQN,deceptive_grid,1,130,17736,-6.56,24,1,0.7994,0.109315
DQN,deceptive_grid,1,131,17784,-22.26,48,1,0.7989,0.110595
DQN,deceptive_grid,1,132,17850,-15.2,66,1,0.7981,0.098324
DQN,deceptive_grid,1,133,17959,-69.22,109,1,0.7969,0.105015
DQN,deceptive_grid,1,134,18053,-59.02,94,1,0.7958,0.115131
DQN,deceptive_grid,1,135,18153,-76.24,100,1,0.7947,0.113861
DQN,deceptive_grid,1,136,18211,-39.74,58,1,0.794,0.102254
DQN,deceptive_grid,1,137,18286,-74.02,75,1,0.7932,0.103452
DQN,deceptive_grid,1,138,18306,-14.06,20,1,0.793,0.096917
DQN,deceptive_grid,1,139,18315,12.36,9,1,0.7929,0.089702
DQN,deceptive_grid,1,140,18424,-100.86,109,1,0.7916,0.099157
DQN,deceptive_grid,1,141,18444,-5.36,20,1,0.7914,0.101508
DQN,deceptive_grid,1,142,18545,-50.08,101,1,0.7903,0.103953
DQN,deceptive_grid,1,143,18618,-36.8,73,1,0.7894,0.109989
DQN,deceptive_grid,1,144,18716,-57.64,98,1,0.7883,0.094754
DQN,deceptive_grid,1,145,18792,-35.28,76,1,0.7875,0.10139
DQN,deceptive_grid,1,146,18812,-5.94,20,1,0.7872,0.076653
DQN,deceptive_grid,1,147,18813,12.0,1,1,0.7872,0.06964
DQN,deceptive_grid,1,148,18842,4.68,29,1,0.7869,0.089098
DQN,deceptive_grid,1,149,18905,-33.94,63,1,0.7862,0.088996
DQN,deceptive_grid,1,150,18982,-54.5,77,1,0.7853,0.097167
DQN,deceptive_grid,1,151,18998,2.96,16,1,0.7851,0.099913
DQN,deceptive_grid,1,152,19077,-55.4,79,1,0.7842,0.122034
DQN,deceptive_grid,1,153,19165,-66.22,88,1,0.7833,0.104592
DQN,deceptive_grid,1,154,19190,2.56,25,1,0.783,0.106114
DQN,deceptive_grid,1,155,19266,-64.96,76,1,0.7821,0.09648
DQN,deceptive_grid,1,156,19283,-9.44,17,1,0.7819,0.104178
DQN,deceptive_grid,1,157,19303,6.8,20,1,0.7817,0.112043
DQN,deceptive_grid,1,158,19360,-47.68,57,1,0.781,0.093736
DQN,deceptive_grid,1,159,19386,10.46,26,1,0.7808,0.098601
DQN,deceptive_grid,1,160,19414,5.36,28,1,0.7804,0.087463
DQN,deceptive_grid,1,161,19559,-74.54,145,1,0.7788,0.106223
DQN,deceptive_grid,1,162,19596,-8.0,37,1,0.7784,0.0974
DQN,deceptive_grid,1,163,19667,-61.08,71,1,0.7776,0.09233
DQN,deceptive_grid,1,164,19773,-58.3,106,1,0.7764,0.088872
DQN,deceptive_grid,1,165,19856,-72.0,83,1,0.7754,0.088162
DQN,deceptive_grid,1,166,19898,-20.48,42,1,0.775,0.090944
DQN,deceptive_grid,1,167,20010,-102.14,112,1,0.7737,0.087368
DQN,deceptive_grid,1,168,20210,-157.08,200,0,0.7714,0.093531
DQN,deceptive_grid,1,169,20219,16.48,9,1,0.7713,0.07226
DQN,deceptive_grid,1,170,20295,-81.0,76,1,0.7705,0.084053
DQN,deceptive_grid,1,171,20417,-79.74,122,1,0.7691,0.07811
DQN,deceptive_grid,1,172,20494,-33.4,77,1,0.7682,0.085495
DQN,deceptive_grid,1,173,20528,-11.32,34,1,0.7678,0.125134
DQN,deceptive_grid,1,174,20545,5.48,17,1,0.7676,0.114127
DQN,deceptive_grid,1,175,20614,-41.72,69,1,0.7669,0.09954
DQN,deceptive_grid,1,176,20814,-183.16,200,0,0.7646,0.090468
DQN,deceptive_grid,1,177,20864,-4.42,50,1,0.764,0.082522
DQN,deceptive_grid,1,178,20912,-18.6,48,1,0.7635,0.080861
DQN,deceptive_grid,1,179,20937,2.2,25,1,0.7632,0.083708
DQN,deceptive_grid,1,180,21037,-85.6,100,1,0.7621,0.09581
DQN,deceptive_grid,1,181,21114,-27.96,77,1,0.7612,0.090557
DQN,deceptive_grid,1,182,21202,-82.3,88,1,0.7602,0.08756
DQN,deceptive_grid,1,183,21270,-50.94,68,1,0.7594,0.09421
DQN,deceptive_grid,1,184,21360,-52.32,90,1,0.7584,0.085575
DQN,deceptive_grid,1,185,21445,-59.6,85,1,0.7575,0.089613
DQN,deceptive_grid,1,186,21509,-25.7,64,1,0.7567,0.086602
DQN,deceptive_grid,1,187,21662,-115.94,153,1,0.755,0.091516
DQN,deceptive_grid,1,188,21817,-90.18,155,1,0.7533,0.089922
DQN,deceptive_grid,1,189,21848,-6.82,31,1,0.7529,0.085446
DQN,deceptive_grid,1,190,21900,-13.84,52,1,0.7523,0.08314
DQN,deceptive_grid,1,191,21973,-49.66,73,1,0.7515,0.080493
DQN,deceptive_grid,1,192,22042,-14.84,69,1,0.7507,0.094325
DQN,deceptive_grid,1,193,22119,-68.42,77,1,0.7498,0.091305
DQN,deceptive_grid,1,194,22185,-17.5,66,1,0.7491,0.088471
DQN,deceptive_grid,1,195,22261,-41.24,76,1,0.7482,0.091771
DQN,deceptive_grid,1,196,22325,-44.22,64,1,0.7475,0.081077
DQN,deceptive_grid,1,197,22378,-24.16,53,1,0.7469,0.076827
DQN,deceptive_grid,1,198,22449,-35.5,71,1,0.7461,0.088013
DQN,deceptive_grid,1,199,22531,-58.72,82,1,0.7452,0.081566
DQN,deceptive_grid,1,200,22587,-26.22,56,1,0.7446,0.090173
DQN,deceptive_grid,1,201,22707,-101.66,120,1,0.7432,0.086573
DQN,deceptive_grid,1,202,22789,-61.46,82,1,0.7423,0.079969
DQN,deceptive_grid,1,203,22825,11.88,36,1,0.7419,0.091521
DQN,deceptive_grid,1,204,23007,-201.62,182,1,0.7398,0.077955
DQN,deceptive_grid,1,205,23029,1.06,22,1,0.7396,0.109562
DQN,deceptive_grid,1,206,23036,14.26,7,1,0.7395,0.113376
DQN,deceptive_grid,1,207,23147,-85.84,111,1,0.7382,0.087629
DQN,deceptive_grid,1,208,23187,-2.32,40,1,0.7378,0.085349
DQN,deceptive_grid,1,209,23258,-33.12,71,1,0.737,0.077778
DQN,deceptive_grid,1,210,23284,-6.36,26,1,0.7367,0.083951
DQN,deceptive_grid,1,211,23356,-30.98,72,1,0.7359,0.075396
DQN,deceptive_grid,1,212,23436,-52.74,80,1,0.7349,0.077639
DQN,deceptive_grid,1,213,23464,-17.18,28,1,0.7346,0.072106
DQN,deceptive_grid,1,214,23505,-13.28,41,1,0.7342,0.084449
DQN,deceptive_grid,1,215,23533,-4.56,28,1,0.7339,0.083722
DQN,deceptive_grid,1,216,23595,-27.14,62,1,0.7332,0.083884
DQN,deceptive_grid,1,217,23679,-68.08,84,1,0.7322,0.081226
DQN,deceptive_grid,1,218,23705,-8.66,26,1,0.7319,0.074148
DQN,deceptive_grid,1,219,23799,-58.02,94,1,0.7308,0.075792
DQN,deceptive_grid,1,220,23870,-20.2,71,1,0.73,0.06909
DQN,deceptive_grid,1,221,23944,-41.66,74,1,0.7292,0.074533
DQN,deceptive_grid,1,222,24050,-58.6,106,1,0.728,0.074043
DQN,deceptive_grid,1,223,24101,-31.12,51,1,0.7274,0.075406
DQN,deceptive_grid,1,224,24170,-12.66,69,1,0.7266,0.061169
DQN,deceptive_grid,1,225,24176,17.3,6,1,0.7266,0.078655
DQN,deceptive_grid,1,226,24270,-58.24,94,1,0.7255,0.067047
DQN,deceptive_grid,1,227,24287,-11.44,17,1,0.7253,0.068809
DQN,deceptive_grid,1,228,24318,-6.04,31,1,0.725,0.07268
DQN,deceptive_grid,1,229,24386,-27.2,68,1,0.7242,0.059119
DQN,deceptive_grid,1,230,24544,-169.28,158,1,0.7224,0.067588
DQN,deceptive_grid,1,231,24595,-27.94,51,1,0.7218,0.076334
DQN,deceptive_grid,1,232,24657,-26.56,62,1,0.7211,0.066897
DQN,deceptive_grid,1,233,24808,-108.56,151,1,0.7194,0.06723
DQN,deceptive_grid,1,234,24845,-11.34,37,1,0.719,0.068144
DQN,deceptive_grid,1,235,24893,13.56,48,1,0.7185,0.066383
DQN,deceptive_grid,1,236,24989,-86.92,96,1,0.7174,0.057104
DQN,deceptive_grid,1,237,25066,-39.84,77,1,0.7165,0.069032
DQN,deceptive_grid,1,238,25132,-52.38,66,1,0.7158,0.065307
DQN,deceptive_grid,1,239,25227,-58.44,95,1,0.7147,0.064417
DQN,deceptive_grid,1,240,25262,-14.16,35,1,0.7143,0.06709
DQN,deceptive_grid,1,241,25327,-29.32,65,1,0.7136,0.062699
DQN,deceptive_grid,1,242,25359,-11.96,32,1,0.7132,0.064216
DQN,deceptive_grid,1,243,25393,2.3,34,1,0.7128,0.071781
DQN,deceptive_grid,1,244,25414,-7.16,21,1,0.7126,0.063249
DQN,deceptive_grid,1,245,25475,-70.26,61,1,0.7119,0.059323
DQN,deceptive_grid,1,246,25501,-7.62,26,1,0.7116,0.055737
DQN,deceptive_grid,1,247,25564,-24.78,63,1,0.7109,0.069497
DQN,deceptive_grid,1,248,25607,-9.02,43,1,0.7104,0.065769
DQN,deceptive_grid,1,249,25675,-18.18,68,1,0.7096,0.057551
DQN,deceptive_grid,1,250,25763,-82.48,88,1,0.7086,0.067968
DQN,deceptive_grid,1,251,25829,-33.1,66,1,0.7079,0.059345
DQN,deceptive_grid,1,252,25880,-5.62,51,1,0.7073,0.059093
DQN,deceptive_grid,1,253,25923,-5.82,43,1,0.7068,0.059909
DQN,deceptive_grid,1,254,26123,-140.06,200,0,0.7046,0.064598
DQN,deceptive_grid,1,255,26176,0.7,53,1,0.704,0.053028
DQN,deceptive_grid,1,256,26235,-24.76,59,1,0.7033,0.051364
DQN,deceptive_grid,1,257,26297,-16.62,62,1,0.7026,0.044523
DQN,deceptive_grid,1,258,26368,-36.52,71,1,0.7018,0.048886
DQN,deceptive_grid,1,259,26564,-112.92,196,1,0.6996,0.051894
DQN,deceptive_grid,1,260,26623,-26.24,59,1,0.6989,0.045087
DQN,deceptive_grid,1,261,26641,6.38,18,1,0.6987,0.038012
DQN,deceptive_grid,1,262,26699,-18.82,58,1,0.698,0.045697
DQN,deceptive_grid,1,263,26735,-14.68,36,1,0.6976,0.047935
DQN,deceptive_grid,1,264,26759,14.76,24,1,0.6974,0.052956
DQN,deceptive_grid,1,265,26805,0.54,46,1,0.6968,0.045757
DQN,deceptive_grid,1,266,26811,7.22,6,1,0.6968,0.043604
DQN,deceptive_grid,1,267,26830,16.22,19,1,0.6966,0.05732
DQN,deceptive_grid,1,268,26858,-5.3,28,1,0.6962,0.051855
DQN,deceptive_grid,1,269,26925,-39.68,67,1,0.6955,0.039862
DQN,deceptive_grid,1,270,26932,4.16,7,1,0.6954,0.053123
DQN,deceptive_grid,1,271,27002,-64.66,70,1,0.6946,0.043478
DQN,deceptive_grid,1,272,27029,-9.4,27,1,0.6943,0.048361
DQN,deceptive_grid,1,273,27131,-84.48,102,1,0.6932,0.044402
DQN,deceptive_grid,1,274,27238,-73.8,107,1,0.692,0.039818
DQN,deceptive_grid,1,275,27323,-63.62,85,1,0.691,0.036871
DQN,deceptive_grid,1,276,27361,-33.46,38,1,0.6906,0.033903
DQN,deceptive_grid,1,277,27378,-13.26,17,1,0.6904,0.034024
DQN,deceptive_grid,1,278,27400,7.58,22,1,0.6901,0.036955
DQN,deceptive_grid,1,279,27469,-36.02,69,1,0.6893,0.038253
DQN,deceptive_grid,1,280,27516,-29.1,47,1,0.6888,0.040657
DQN,deceptive_grid,1,281,27572,-34.64,56,1,0.6882,0.044884
DQN,deceptive_grid,1,282,27615,9.42,43,1,0.6877,0.040745
DQN,deceptive_grid,1,283,27710,-51.62,95,1,0.6866,0.041281
DQN,deceptive_grid,1,284,27744,-14.76,34,1,0.6862,0.037981
DQN,deceptive_grid,1,285,27774,2.44,30,1,0.6859,0.033451
DQN,deceptive_grid,1,286,27844,-23.36,70,1,0.6851,0.035545
DQN,deceptive_grid,1,287,27940,-62.74,96,1,0.684,0.036046
DQN,deceptive_grid,1,288,28031,-49.98,91,1,0.683,0.035621
DQN,deceptive_grid,1,289,28034,14.06,3,1,0.6829,0.038523
DQN,deceptive_grid,1,290,28104,-54.78,70,1,0.6822,0.03721
DQN,deceptive_grid,1,291,28285,-146.82,181,1,0.6801,0.03225
DQN,deceptive_grid,1,292,28297,-0.22,12,1,0.68,0.036078
DQN,deceptive_grid,1,293,28318,-1.84,21,1,0.6797,0.033526
DQN,deceptive_grid,1,294,28382,-13.38,64,1,0.679,0.034115
DQN,deceptive_grid,1,295,28412,-4.82,30,1,0.6787,0.035651
DQN,deceptive_grid,1,296,28454,-19.78,42,1,0.6782,0.038773
DQN,deceptive_grid,1,297,28455,12.0,1,1,0.6782,0.048565
DQN,deceptive_grid,1,298,28505,-12.24,50,1,0.6776,0.038481
DQN,deceptive_grid,1,299,28510,12.12,5,1,0.6776,0.049401
DQN,deceptive_grid,1,300,28626,-107.5,116,1,0.6763,0.034915
DQN,deceptive_grid,1,301,28673,-11.94,47,1,0.6757,0.032323
DQN,deceptive_grid,1,302,28702,-14.04,29,1,0.6754,0.03174
DQN,deceptive_grid,1,303,28736,1.1,34,1,0.675,0.032514
DQN,deceptive_grid,1,304,28777,-6.62,41,1,0.6745,0.031895
DQN,deceptive_grid,1,305,28802,5.1,25,1,0.6743,0.043417
DQN,deceptive_grid,1,306,28867,-53.38,65,1,0.6735,0.034728
DQN,deceptive_grid,1,307,28882,9.24,15,1,0.6734,0.025919
DQN,deceptive_grid,1,308,28920,-21.8,38,1,0.6729,0.029181
DQN,deceptive_grid,1,309,28935,-5.2,15,1,0.6728,0.027347
DQN,deceptive_grid,1,310,29016,-43.36,81,1,0.6718,0.033197
DQN,deceptive_grid,1,311,29029,2.58,13,1,0.6717,0.031986
DQN,deceptive_grid,1,312,29049,-1.54,20,1,0.6715,0.033327
DQN,deceptive_grid,1,313,29124,-66.28,75,1,0.6706,0.031149
DQN,deceptive_grid,1,314,29173,7.64,49,1,0.6701,0.03
DQN,deceptive_grid,1,315,29199,-7.54,26,1,0.6698,0.025834
DQN,deceptive_grid,1,316,29251,-12.72,52,1,0.6692,0.031913
DQN,deceptive_grid,1,317,29289,-7.28,38,1,0.6688,0.031388
DQN,deceptive_grid,1,318,29333,2.1,44,1,0.6683,0.029258
DQN,deceptive_grid,1,319,29425,-52.28,92,1,0.6672,0.029073
DQN,deceptive_grid,1,320,29433,9.34,8,1,0.6671,0.029792
DQN,deceptive_grid,1,321,29473,-12.4,40,1,0.6667,0.027595
DQN,deceptive_grid,1,322,29539,-31.28,66,1,0.6659,0.035237
DQN,deceptive_grid,1,323,29550,4.62,11,1,0.6658,0.035138
DQN,deceptive_grid,1,324,29554,15.12,4,1,0.6658,0.030223
DQN,deceptive_grid,1,325,29664,-76.1,110,1,0.6645,0.029125
DQN,deceptive_grid,1,326,29735,-46.58,71,1,0.6637,0.027411
DQN,deceptive_grid,1,327,29745,9.62,10,1,0.6636,0.032324
DQN,deceptive_grid,1,328,29765,-3.16,20,1,0.6634,0.029811
DQN,deceptive_grid,1,329,29838,-51.48,73,1,0.6625,0.03038
DQN,deceptive_grid,1,330,29892,-22.7,54,1,0.6619,0.026742
DQN,deceptive_grid,1,331,29947,-17.92,55,1,0.6613,0.026651
DQN,deceptive_grid,1,332,30015,-22.24,68,1,0.6605,0.026538
DQN,deceptive_grid,1,333,30082,-31.32,67,1,0.6598,0.03113
DQN,deceptive_grid,1,334,30145,-38.64,63,1,0.6591,0.028491
DQN,deceptive_grid,1,335,30163,-1.32,18,1,0.6589,0.025125
DQN,deceptive_grid,1,336,30205,-19.06,42,1,0.6584,0.033298
DQN,deceptive_grid,1,337,30226,-0.6,21,1,0.6582,0.024901
DQN,deceptive_grid,1,338,30277,-4.62,51,1,0.6576,0.026675
DQN,deceptive_grid,1,339,30339,-26.78,62,1,0.6569,0.032241
DQN,deceptive_grid,1,340,30364,-0.18,25,1,0.6566,0.029461
DQN,deceptive_grid,1,341,30408,-6.84,44,1,0.6561,0.028622
DQN,deceptive_grid,1,342,30435,0.38,27,1,0.6558,0.025506
DQN,deceptive_grid,1,343,30452,3.3,17,1,0.6556,0.026425
DQN,deceptive_grid,1,344,30513,-9.88,61,1,0.6549,0.026574
DQN,deceptive_grid,1,345,30554,-25.08,41,1,0.6544,0.031339
DQN,deceptive_grid,1,346,30569,3.32,15,1,0.6543,0.026959
DQN,deceptive_grid,1,347,30577,13.56,8,1,0.6542,0.026815
DQN,deceptive_grid,1,348,30651,-38.14,74,1,0.6534,0.027063
DQN,deceptive_grid,1,349,30729,-39.42,78,1,0.6525,0.025658
DQN,deceptive_grid,1,350,30789,-26.3,60,1,0.6518,0.026532
DQN,deceptive_grid,1,351,30801,11.8,12,1,0.6517,0.031183
DQN,deceptive_grid,1,352,30888,-50.72,87,1,0.6507,0.029816
DQN,deceptive_grid,1,353,30936,-14.24,48,1,0.6501,0.027862
DQN,deceptive_grid,1,354,31011,-26.38,75,1,0.6493,0.027671
DQN,deceptive_grid,1,355,31094,-43.08,83,1,0.6483,0.029755
DQN,deceptive_grid,1,356,31145,-19.24,51,1,0.6478,0.024681
DQN,deceptive_grid,1,357,31190,-25.16,45,1,0.6473,0.026737
DQN,deceptive_grid,1,358,31193,14.06,3,1,0.6472,0.024302
DQN,deceptive_grid,1,359,31213,-1.5,20,1,0.647,0.025921
DQN,deceptive_grid,1,360,31263,-5.18,50,1,0.6464,0.029678
DQN,deceptive_grid,1,361,31287,-9.04,24,1,0.6462,0.031201
DQN,deceptive_grid,1,362,31300,0.68,13,1,0.646,0.024057
DQN,deceptive_grid,1,363,31326,7.98,26,1,0.6457,0.02314
DQN,deceptive_grid,1,364,31374,-28.36,48,1,0.6452,0.027517
DQN,deceptive_grid,1,365,31382,15.48,8,1,0.6451,0.021669
DQN,deceptive_grid,1,366,31442,-22.92,60,1,0.6444,0.025859
DQN,deceptive_grid,1,367,31477,-0.88,35,1,0.644,0.02087
DQN,deceptive_grid,1,368,31481,15.12,4,1,0.644,0.027029
DQN,deceptive_grid,1,369,31526,-9.36,45,1,0.6435,0.02805
DQN,deceptive_grid,1,370,31592,-22.34,66,1,0.6427,0.027704
DQN,deceptive_grid,1,371,31600,7.28,8,1,0.6426,0.027802
DQN,deceptive_grid,1,372,31643,2.38,43,1,0.6421,0.026488
DQN,deceptive_grid,1,373,31678,-0.62,35,1,0.6417,0.028616
DQN,deceptive_grid,1,374,31705,8.54,27,1,0.6414,0.023052
DQN,deceptive_grid,1,375,31781,-66.74,76,1,0.6406,0.024196
DQN,deceptive_grid,1,376,31828,-7.86,47,1,0.64,0.022837
DQN,deceptive_grid,1,377,31893,-20.56,65,1,0.6393,0.024617
DQN,deceptive_grid,1,378,31927,-32.08,34,1,0.6389,0.030354
DQN,deceptive_grid,1,379,31967,-2.3,40,1,0.6385,0.023355
DQN,deceptive_grid,1,380,32046,-63.24,79,1,0.6376,0.025329
DQN,deceptive_grid,1,381,32094,5.78,48,1,0.637,0.023698
DQN,deceptive_grid,1,382,32100,5.22,6,1,0.637,0.025736
DQN,deceptive_grid,1,383,32134,-25.52,34,1,0.6366,0.026242
DQN,deceptive_grid,1,384,32153,16.14,19,1,0.6364,0.024877
DQN,deceptive_grid,1,385,32190,-12.36,37,1,0.6359,0.028578
DQN,deceptive_grid,1,386,32220,10.74,30,1,0.6356,0.021351
DQN,deceptive_grid,1,387,32237,11.86,17,1,0.6354,0.019777
DQN,deceptive_grid,1,388,32272,-8.76,35,1,0.635,0.022406
DQN,deceptive_grid,1,389,32368,-93.3,96,1,0.6339,0.024911
DQN,deceptive_grid,1,390,32438,-26.14,70,1,0.6331,0.022514
DQN,deceptive_grid,1,391,32477,10.7,39,1,0.6327,0.024325
DQN,deceptive_grid,1,392,32511,-18.3,34,1,0.6323,0.021156
DQN,deceptive_grid,1,393,32562,-21.92,51,1,0.6317,0.021171
DQN,deceptive_grid,1,394,32597,1.36,35,1,0.6313,0.022355
DQN,deceptive_grid,1,395,32614,9.6,17,1,0.6312,0.021068
DQN,deceptive_grid,1,396,32666,-31.16,52,1,0.6306,0.023414
DQN,deceptive_grid,1,397,32669,10.06,3,1,0.6305,0.020923
DQN,deceptive_grid,1,398,32731,-12.48,62,1,0.6298,0.028299
DQN,deceptive_grid,1,399,32787,-19.74,56,1,0.6292,0.024302
DQN,deceptive_grid,1,400,32854,-11.02,67,1,0.6284,0.023582
DQN,deceptive_grid,1,401,32925,-19.42,71,1,0.6276,0.029478
DQN,deceptive_grid,1,402,32957,-8.38,32,1,0.6273,0.019767
DQN,deceptive_grid,1,403,33024,-37.12,67,1,0.6265,0.019977
DQN,deceptive_grid,1,404,33078,-23.64,54,1,0.6259,0.022481
DQN,deceptive_grid,1,405,33096,8.54,18,1,0.6257,0.021265
DQN,deceptive_grid,1,406,33104,7.32,8,1,0.6256,0.018124
DQN,deceptive_grid,1,407,33142,-17.98,38,1,0.6252,0.021777
DQN,deceptive_grid,1,408,33238,-62.26,96,1,0.6241,0.024729
DQN,deceptive_grid,1,409,33269,9.76,31,1,0.6237,0.019826
DQN,deceptive_grid,1,410,33272,14.06,3,1,0.6237,0.023854
DQN,deceptive_grid,1,411,33326,-3.8,54,1,0.6231,0.0214
DQN,deceptive_grid,1,412,33349,-1.3,23,1,0.6228,0.018071
DQN,deceptive_grid,1,413,33402,-9.9,53,1,0.6222,0.020492
DQN,deceptive_grid,1,414,33487,-67.38,85,1,0.6213,0.019026
DQN,deceptive_grid,1,415,33533,-8.48,46,1,0.6208,0.025262
DQN,deceptive_grid,1,416,33624,-79.36,91,1,0.6197,0.025483
DQN,deceptive_grid,1,417,33663,0.18,39,1,0.6193,0.022021
DQN,deceptive_grid,1,418,33681,2.46,18,1,0.6191,0.019486
DQN,deceptive_grid,1,419,33686,6.12,5,1,0.619,0.02776
DQN,deceptive_grid,1,420,33743,-21.62,57,1,0.6184,0.019675
DQN,deceptive_grid,1,421,33760,11.38,17,1,0.6182,0.016658
DQN,deceptive_grid,1,422,33820,-7.78,60,1,0.6175,0.020123
DQN,deceptive_grid,1,423,33851,2.18,31,1,0.6172,0.022273
DQN,deceptive_grid,1,424,33861,13.7,10,1,0.617,0.022846
DQN,deceptive_grid,1,425,33900,8.06,39,1,0.6166,0.023681
DQN,deceptive_grid,1,426,33928,6.72,28,1,0.6163,0.02007
DQN,deceptive_grid,1,427,33946,13.26,18,1,0.6161,0.018968
DQN,deceptive_grid,1,428,33971,1.2,25,1,0.6158,0.023382
DQN,deceptive_grid,1,429,34054,-18.86,83,1,0.6149,0.022433
DQN,deceptive_grid,1,430,34073,20.66,19,1,0.6147,0.025183
DQN,deceptive_grid,1,431,34079,13.26,6,1,0.6146,0.02091
DQN,deceptive_grid,1,432,34102,8.82,23,1,0.6143,0.024423
DQN,deceptive_grid,1,433,34118,10.38,16,1,0.6141,0.02045
DQN,deceptive_grid,1,434,34182,-40.54,64,1,0.6134,0.023726
DQN,deceptive_grid,1,435,34204,-5.72,22,1,0.6132,0.025883
DQN,deceptive_grid,1,436,34233,20.24,29,1,0.6128,0.019812
DQN,deceptive_grid,1,437,34353,-68.28,120,1,0.6115,0.021954
DQN,deceptive_grid,1,438,34388,-4.5,35,1,0.6111,0.021052
DQN,deceptive_grid,1,439,34428,-31.26,40,1,0.6106,0.024695
DQN,deceptive_grid,1,440,34453,14.56,25,1,0.6104,0.019463
DQN,deceptive_grid,1,441,34466,11.02,13,1,0.6102,0.020821
DQN,deceptive_grid,1,442,34515,-3.46,49,1,0.6097,0.02023
DQN,deceptive_grid,1,443,34600,-39.5,85,1,0.6087,0.024273
DQN,deceptive_grid,1,444,34639,-15.16,39,1,0.6082,0.023218
DQN,deceptive_grid,1,445,34647,9.4,8,1,0.6082,0.022137
DQN,deceptive_grid,1,446,34705,-9.74,58,1,0.6075,0.021565
DQN,deceptive_grid,1,447,34731,8.02,26,1,0.6072,0.031163
DQN,deceptive_grid,1,448,34775,-17.16,44,1,0.6067,0.022244
DQN,deceptive_grid,1,449,34827,-26.66,52,1,0.6061,0.025612
DQN,deceptive_grid,1,450,34932,-69.98,105,1,0.6049,0.019744
DQN,deceptive_grid,1,451,34988,-42.08,56,1,0.6043,0.021514
DQN,deceptive_grid,1,452,34998,11.68,10,1,0.6042,0.017119
DQN,deceptive_grid,1,453,35017,0.2,19,1,0.604,0.024297
DQN,deceptive_grid,1,454,35067,-8.46,50,1,0.6034,0.020835
DQN,deceptive_grid,1,455,35098,-9.5,31,1,0.6031,0.020324
DQN,deceptive_grid,1,456,35146,-5.36,48,1,0.6025,0.02379
DQN,deceptive_grid,1,457,35185,16.38,39,1,0.6021,0.021564
DQN,deceptive_grid,1,458,35250,-17.96,65,1,0.6013,0.017514
DQN,deceptive_grid,1,459,35305,-27.84,55,1,0.6007,0.01869
DQN,deceptive_grid,1,460,35343,11.9,38,1,0.6003,0.018736
DQN,deceptive_grid,1,461,35365,-7.48,22,1,0.6,0.021752
DQN,deceptive_grid,1,462,35458,-33.08,93,1,0.599,0.017863
DQN,deceptive_grid,1,463,35480,15.42,22,1,0.5987,0.021646
DQN,deceptive_grid,1,464,35527,-23.26,47,1,0.5982,0.023244
DQN,deceptive_grid,1,465,35616,-51.18,89,1,0.5972,0.020998
DQN,deceptive_grid,1,466,35679,-33.22,63,1,0.5965,0.019511
DQN,deceptive_grid,1,467,35700,14.36,21,1,0.5962,0.020982
DQN,deceptive_grid,1,468,35712,10.1,12,1,0.5961,0.024231
DQN,deceptive_grid,1,469,35739,14.86,27,1,0.5958,0.01834
DQN,deceptive_grid,1,470,35753,6.08,14,1,0.5957,0.024068
DQN,deceptive_grid,1,471,35796,-11.34,43,1,0.5952,0.018495
DQN,deceptive_grid,1,472,35798,7.02,2,1,0.5951,0.016695
DQN,deceptive_grid,1,473,35843,3.88,45,1,0.5946,0.018397
DQN,deceptive_grid,1,474,35866,6.84,23,1,0.5944,0.01672
DQN,deceptive_grid,1,475,35932,-50.3,66,1,0.5936,0.024087
DQN,deceptive_grid,1,476,35952,-13.94,20,1,0.5934,0.01925
DQN,deceptive_grid,1,477,35978,2.3,26,1,0.5931,0.015224
DQN,deceptive_grid,1,478,35988,21.9,10,1,0.593,0.010137
DQN,deceptive_grid,1,479,36007,11.86,19,1,0.5928,0.014956
DQN,deceptive_grid,1,480,36055,0.08,48,1,0.5922,0.021549
DQN,deceptive_grid,1,481,36105,-1.16,50,1,0.5917,0.017787
DQN,deceptive_grid,1,482,36160,1.44,55,1,0.591,0.018223
DQN,deceptive_grid,1,483,36225,-67.78,65,1,0.5903,0.01809
DQN,deceptive_grid,1,484,36254,17.16,29,1,0.59,0.018218
DQN,deceptive_grid,1,485,36300,-5.32,46,1,0.5895,0.017456
DQN,deceptive_grid,1,486,36362,-31.22,62,1,0.5888,0.022032
DQN,deceptive_grid,1,487,36369,10.3,7,1,0.5887,0.017715
DQN,deceptive_grid,1,488,36459,-75.7,90,1,0.5877,0.018451
DQN,deceptive_grid,1,489,36493,9.06,34,1,0.5873,0.019761
DQN,deceptive_grid,1,490,36531,-21.42,38,1,0.5869,0.023652
DQN,deceptive_grid,1,491,36630,-85.48,99,1,0.5857,0.020728
DQN,deceptive_grid,1,492,36679,-13.2,49,1,0.5852,0.019103
DQN,deceptive_grid,1,493,36734,-35.88,55,1,0.5846,0.018264
DQN,deceptive_grid,1,494,36785,-11.22,51,1,0.584,0.01825
DQN,deceptive_grid,1,495,36831,-17.62,46,1,0.5835,0.016991
DQN,deceptive_grid,1,496,36904,-21.18,73,1,0.5826,0.015498
DQN,deceptive_grid,1,497,36928,-5.36,24,1,0.5824,0.017214
DQN,deceptive_grid,1,498,36943,11.58,15,1,0.5822,0.016783
DQN,deceptive_grid,1,499,36964,8.6,21,1,0.582,0.017655
DQN,deceptive_grid,1,500,37003,-25.12,39,1,0.5815,0.018912
DQN,deceptive_grid,1,501,37048,9.34,45,1,0.581,0.022533
DQN,deceptive_grid,1,502,37122,-56.24,74,1,0.5802,0.020936
DQN,deceptive_grid,1,503,37193,-43.7,71,1,0.5794,0.02242
DQN,deceptive_grid,1,504,37235,4.28,42,1,0.5789,0.021851
DQN,deceptive_grid,1,505,37287,-14.22,52,1,0.5783,0.019001
DQN,deceptive_grid,1,506,37301,16.22,14,1,0.5781,0.019133
DQN,deceptive_grid,1,507,37325,5.2,24,1,0.5779,0.019183
DQN,deceptive_grid,1,508,37344,11.78,19,1,0.5777,0.021729
DQN,deceptive_grid,1,509,37372,28.32,28,1,0.5773,0.01654
DQN,deceptive_grid,1,510,37410,3.96,38,1,0.5769,0.0161
DQN,deceptive_grid,1,511,37437,1.78,27,1,0.5766,0.017984
DQN,deceptive_grid,1,512,37482,-25.24,45,1,0.5761,0.018863
DQN,deceptive_grid,1,513,37550,-17.74,68,1,0.5753,0.023496
DQN,deceptive_grid,1,514,37607,-8.56,57,1,0.5747,0.023984
DQN,deceptive_grid,1,515,37632,20.16,25,1,0.5744,0.031234
DQN,deceptive_grid,1,516,37670,2.56,38,1,0.574,0.024535
DQN,deceptive_grid,1,517,37715,-6.44,45,1,0.5735,0.025362
DQN,deceptive_grid,1,518,37767,-18.66,52,1,0.5729,0.02617
DQN,deceptive_grid,1,519,37808,-14.62,41,1,0.5724,0.017265
DQN,deceptive_grid,1,520,37847,-1.74,39,1,0.572,0.016996
DQN,deceptive_grid,1,521,37898,7.78,51,1,0.5714,0.015555
DQN,deceptive_grid,1,522,37941,-8.9,43,1,0.5709,0.019147
DQN,deceptive_grid,1,523,37962,-10.8,21,1,0.5707,0.01424
DQN,deceptive_grid,1,524,38003,-26.36,41,1,0.5702,0.015618
DQN,deceptive_grid,1,525,38036,7.46,33,1,0.5698,0.025577
DQN,deceptive_grid,1,526,38073,-8.68,37,1,0.5694,0.021764
DQN,deceptive_grid,1,527,38111,-22.48,38,1,0.569,0.020319
DQN,deceptive_grid,1,528,38186,-33.06,75,1,0.5681,0.017058
DQN,deceptive_grid,1,529,38206,15.36,20,1,0.5679,0.017795
DQN,deceptive_grid,1,530,38247,-8.44,41,1,0.5674,0.019176
DQN,deceptive_grid,1,531,38250,14.06,3,1,0.5674,0.018369
DQN,deceptive_grid,1,532,38313,-1.66,63,1,0.5667,0.017027
DQN,deceptive_grid,1,533,38363,-7.32,50,1,0.5661,0.015251
DQN,deceptive_grid,1,534,38407,1.18,44,1,0.5656,0.015131
DQN,deceptive_grid,1,535,38463,-28.18,56,1,0.565,0.013441
DQN,deceptive_grid,1,536,38477,9.86,14,1,0.5648,0.013985
DQN,deceptive_grid,1,537,38478,12.0,1,1,0.5648,0.011694
DQN,deceptive_grid,1,538,38490,11.88,12,1,0.5647,0.017995
DQN,deceptive_grid,1,539,38500,13.54,10,1,0.5646,0.014425
DQN,deceptive_grid,1,540,38531,2.3,31,1,0.5642,0.017536
DQN,deceptive_grid,1,541,38540,12.44,9,1,0.5641,0.017567
DQN,deceptive_grid,1,542,38593,-8.12,53,1,0.5635,0.016068
DQN,deceptive_grid,1,543,38636,-2.04,43,1,0.563,0.019044
DQN,deceptive_grid,1,544,38692,-21.56,56,1,0.5624,0.016454
DQN,deceptive_grid,1,545,38721,5.92,29,1,0.5621,0.015554
DQN,deceptive_grid,1,546,38747,10.68,26,1,0.5618,0.02205
DQN,deceptive_grid,1,547,38790,-4.28,43,1,0.5613,0.020992
DQN,deceptive_grid,1,548,38799,16.56,9,1,0.5612,0.015813
DQN,deceptive_grid,1,549,38859,-36.32,60,1,0.5605,0.013918
DQN,deceptive_grid,1,550,38899,3.24,40,1,0.5601,0.013218
DQN,deceptive_grid,1,551,38945,-23.5,46,1,0.5596,0.015554
DQN,deceptive_grid,1,552,38986,4.44,41,1,0.5591,0.018889
DQN,deceptive_grid,1,553,38995,14.62,9,1,0.559,0.020086
DQN,deceptive_grid,1,554,39012,2.96,17,1,0.5588,0.021168
DQN,deceptive_grid,1,555,39072,-19.54,60,1,0.5581,0.024273
DQN,deceptive_grid,1,556,39090,19.18,18,1,0.5579,0.023702
DQN,deceptive_grid,1,557,39116,7.42,26,1,0.5576,0.023264
DQN,deceptive_grid,1,558,39205,-32.26,89,1,0.5566,0.017544
DQN,deceptive_grid,1,559,39247,-1.04,42,1,0.5561,0.018559
DQN,deceptive_grid,1,560,39332,-39.08,85,1,0.5552,0.019005
DQN,deceptive_grid,1,561,39358,-13.26,26,1,0.5549,0.021053
DQN,deceptive_grid,1,562,39380,20.26,22,1,0.5546,0.017691
DQN,deceptive_grid,1,563,39394,8.1,14,1,0.5545,0.013997
DQN,deceptive_grid,1,564,39436,5.86,42,1,0.554,0.018345
DQN,deceptive_grid,1,565,39472,-6.16,36,1,0.5536,0.01355
DQN,deceptive_grid,1,566,39490,6.46,18,1,0.5534,0.014759
DQN,deceptive_grid,1,567,39516,6.26,26,1,0.5531,0.015794
DQN,deceptive_grid,1,568,39536,5.2,20,1,0.5529,0.020546
DQN,deceptive_grid,1,569,39613,-26.46,77,1,0.552,0.01883
DQN,deceptive_grid,1,570,39649,9.52,36,1,0.5516,0.017335
DQN,deceptive_grid,1,571,39674,10.8,25,1,0.5513,0.015742
DQN,deceptive_grid,1,572,39680,13.3,6,1,0.5512,0.014116
DQN,deceptive_grid,1,573,39692,3.58,12,1,0.5511,0.012764
DQN,deceptive_grid,1,574,39698,7.14,6,1,0.551,0.013448
DQN,deceptive_grid,1,575,39727,7.32,29,1,0.5507,0.014335
DQN,deceptive_grid,1,576,39730,14.06,3,1,0.5507,0.016534
DQN,deceptive_grid,1,577,39777,-12.28,47,1,0.5501,0.01237
DQN,deceptive_grid,1,578,39813,-0.52,36,1,0.5497,0.013601
DQN,deceptive_grid,1,579,39835,9.34,22,1,0.5495,0.015202
DQN,deceptive_grid,1,580,39878,-20.86,43,1,0.549,0.013683
DQN,deceptive_grid,1,581,39925,-24.84,47,1,0.5485,0.01728
DQN,deceptive_grid,1,582,39977,1.6,52,1,0.5479,0.014543
DQN,deceptive_grid,1,583,40001,-5.6,24,1,0.5476,0.015111
DQN,deceptive_grid,1,584,40081,-49.96,80,1,0.5467,0.019668
DQN,deceptive_grid,1,585,40136,-24.9,55,1,0.5461,0.01611
DQN,deceptive_grid,1,586,40183,14.98,47,1,0.5455,0.013909
DQN,deceptive_grid,1,587,40228,-4.94,45,1,0.545,0.014076
DQN,deceptive_grid,1,588,40235,14.26,7,1,0.545,0.01329
DQN,deceptive_grid,1,589,40266,14.78,31,1,0.5446,0.01141
DQN,deceptive_grid,1,590,40318,-59.98,52,1,0.544,0.014846
DQN,deceptive_grid,1,591,40339,2.06,21,1,0.5438,0.013942
DQN,deceptive_grid,1,592,40367,4.04,28,1,0.5435,0.014015
DQN,deceptive_grid,1,593,40424,-21.4,57,1,0.5428,0.014263
DQN,deceptive_grid,1,594,40460,-2.82,36,1,0.5424,0.016846
DQN,deceptive_grid,1,595,40470,21.9,10,1,0.5423,0.017505
DQN,deceptive_grid,1,596,40515,-38.7,45,1,0.5418,0.015301
DQN,deceptive_grid,1,597,40531,25.32,16,1,0.5416,0.018552
DQN,deceptive_grid,1,598,40564,27.52,33,1,0.5412,0.019373
DQN,deceptive_grid,1,599,40615,-37.4,51,1,0.5407,0.018082
DQN,deceptive_grid,1,600,40644,19.24,29,1,0.5403,0.016477
DQN,deceptive_grid,2,1,200,-231.4,200,0,0.9977,
DQN,deceptive_grid,2,2,400,-184.76,200,0,0.9955,
DQN,deceptive_grid,2,3,600,-199.86,200,0,0.9932,
DQN,deceptive_grid,2,4,800,-197.58,200,0,0.991,
DQN,deceptive_grid,2,5,1000,-185.86,200,0,0.9887,1.527117
DQN,deceptive_grid,2,6,1121,-180.5,121,1,0.9873,1.052158
DQN,deceptive_grid,2,7,1321,-210.4,200,0,0.9851,0.54563
DQN,deceptive_grid,2,8,1521,-191.48,200,0,0.9828,0.442359
DQN,deceptive_grid,2,9,1721,-235.54,200,0,0.9805,0.452538
DQN,deceptive_grid,2,10,1921,-324.1,200,0,0.9783,0.423513
DQN,deceptive_grid,2,11,1932,8.64,11,1,0.9781,0.413869
DQN,deceptive_grid,2,12,2132,-244.18,200,0,0.9759,0.461885
DQN,deceptive_grid,2,13,2159,-11.16,27,1,0.9756,0.436142
DQN,deceptive_grid,2,14,2359,-215.26,200,0,0.9733,0.394139
DQN,deceptive_grid,2,15,2559,-241.98,200,0,0.9711,0.41103
DQN,deceptive_grid,2,16,2759,-224.22,200,0,0.9688,0.372115
DQN,deceptive_grid,2,17,2959,-263.54,200,0,0.9665,0.359199
DQN,deceptive_grid,2,18,3159,-164.04,200,0,0.9643,0.352346
DQN,deceptive_grid,2,19,3359,-161.64,200,0,0.962,0.330481
DQN,deceptive_grid,2,20,3559,-323.1,200,0,0.9597,0.335099
DQN,deceptive_grid,2,21,3759,-198.12,200,0,0.9575,0.313597
DQN,deceptive_grid,2,22,3959,-177.9,200,0,0.9552,0.309383
DQN,deceptive_grid,2,23,4159,-305.3,200,0,0.953,0.324852
DQN,deceptive_grid,2,24,4359,-177.22,200,0,0.9507,0.297382
DQN,deceptive_grid,2,25,4475,-103.08,116,1,0.9494,0.276649
DQN,deceptive_grid,2,26,4675,-246.24,200,0,0.9471,0.307714
DQN,deceptive_grid,2,27,4810,-136.92,135,1,0.9456,0.27579
DQN,deceptive_grid,2,28,4915,-80.8,105,1,0.9444,0.279546
DQN,deceptive_grid,2,29,5115,-278.12,200,0,0.9422,0.297445
DQN,deceptive_grid,2,30,5315,-207.52,200,0,0.9399,0.29201
DQN,deceptive_grid,2,31,5515,-132.18,200,0,0.9376,0.275073
DQN,deceptive_grid,2,32,5706,-163.88,191,1,0.9355,0.274189
DQN,deceptive_grid,2,33,5906,-244.24,200,0,0.9332,0.253236
DQN,deceptive_grid,2,34,6009,-85.24,103,1,0.932,0.27814
DQN,deceptive_grid,2,35,6083,-88.92,74,1,0.9312,0.282857
DQN,deceptive_grid,2,36,6283,-195.6,200,0,0.9289,0.266476
DQN,deceptive_grid,2,37,6483,-268.46,200,0,0.9267,0.244668
DQN,deceptive_grid,2,38,6683,-197.08,200,0,0.9244,0.248648
DQN,deceptive_grid,2,39,6807,-77.66,124,1,0.923,0.223059
DQN,deceptive_grid,2,40,7007,-172.54,200,0,0.9208,0.221296
DQN,deceptive_grid,2,41,7207,-196.42,200,0,0.9185,0.229059
DQN,deceptive_grid,2,42,7407,-149.48,200,0,0.9162,0.219259
DQN,deceptive_grid,2,43,7573,-130.16,166,1,0.9144,0.223316
DQN,deceptive_grid,2,44,7773,-190.7,200,0,0.9121,0.209225
DQN,deceptive_grid,2,45,7973,-238.18,200,0,0.9098,0.197581
DQN,deceptive_grid,2,46,8173,-218.48,200,0,0.9076,0.207266
DQN,deceptive_grid,2,47,8337,-169.7,164,1,0.9057,0.19779
DQN,deceptive_grid,2,48,8537,-208.44,200,0,0.9035,0.192235
DQN,deceptive_grid,2,49,8546,6.48,9,1,0.9033,0.210475
DQN,deceptive_grid,2,50,8746,-248.72,200,0,0.9011,0.197753
DQN,deceptive_grid,2,51,8766,0.24,20,1,0.9009,0.178229
DQN,deceptive_grid,2,52,8784,-1.56,18,1,0.9007,0.161157
DQN,deceptive_grid,2,53,8984,-191.82,200,0,0.8984,0.176442
DQN,deceptive_grid,2,54,9184,-234.7,200,0,0.8961,0.206573
DQN,deceptive_grid,2,55,9245,-34.7,61,1,0.8954,0.190495
DQN,deceptive_grid,2,56,9436,-234.06,191,1,0.8933,0.180862
DQN,deceptive_grid,2,57,9636,-298.52,200,0,0.891,0.194231
DQN,deceptive_grid,2,58,9836,-215.48,200,0,0.8888,0.187156
DQN,deceptive_grid,2,59,10036,-197.02,200,0,0.8865,0.17435
DQN,deceptive_grid,2,60,10150,-86.8,114,1,0.8852,0.19152
DQN,deceptive_grid,2,61,10350,-230.32,200,0,0.8829,0.185922
DQN,deceptive_grid,2,62,10550,-193.56,200,0,0.8807,0.190871
DQN,deceptive_grid,2,63,10750,-276.94,200,0,0.8784,0.191825
DQN,deceptive_grid,2,64,10950,-227.94,200,0,0.8762,0.174641
DQN,deceptive_grid,2,65,11013,-36.7,63,1,0.8754,0.196008
DQN,deceptive_grid,2,66,11095,-68.7,82,1,0.8745,0.209813
DQN,deceptive_grid,2,67,11295,-198.62,200,0,0.8723,0.189676
DQN,deceptive_grid,2,68,11339,-50.28,44,1,0.8718,0.179357
DQN,deceptive_grid,2,69,11463,-121.94,124,1,0.8704,0.175959
DQN,deceptive_grid,2,70,11663,-202.26,200,0,0.8681,0.202341
DQN,deceptive_grid,2,71,11824,-164.54,161,1,0.8663,0.173337
DQN,deceptive_grid,2,72,12024,-186.82,200,0,0.864,0.183097
DQN,deceptive_grid,2,73,12224,-293.94,200,0,0.8618,0.201376
DQN,deceptive_grid,2,74,12307,-63.16,83,1,0.8608,0.192898
DQN,deceptive_grid,2,75,12401,-107.04,94,1,0.8598,0.175954
DQN,deceptive_grid,2,76,12601,-229.2,200,0,0.8575,0.186943
DQN,deceptive_grid,2,77,12777,-143.9,176,1,0.8555,0.179544
DQN,deceptive_grid,2,78,12783,13.18,6,1,0.8554,0.142892
DQN,deceptive_grid,2,79,12963,-109.18,180,1,0.8534,0.170279
DQN,deceptive_grid,2,80,13163,-221.2,200,0,0.8511,0.186314
DQN,deceptive_grid,2,81,13275,-62.66,112,1,0.8499,0.18869
DQN,deceptive_grid,2,82,13335,-33.74,60,1,0.8492,0.191168
DQN,deceptive_grid,2,83,13535,-298.02,200,0,0.8469,0.17689
DQN,deceptive_grid,2,84,13725,-204.46,190,1,0.8448,0.186765
DQN,deceptive_grid,2,85,13907,-163.12,182,1,0.8427,0.167102
DQN,deceptive_grid,2,86,13993,-75.08,86,1,0.8417,0.157794
DQN,deceptive_grid,2,87,14078,-53.78,85,1,0.8408,0.184282
DQN,deceptive_grid,2,88,14249,-161.22,171,1,0.8389,0.176215
DQN,deceptive_grid,2,89,14372,-63.54,123,1,0.8375,0.163365
DQN,deceptive_grid,2,90,14410,-21.04,38,1,0.837,0.145048
DQN,deceptive_grid,2,91,14482,-35.24,72,1,0.8362,0.153147
DQN,deceptive_grid,2,92,14583,-88.38,101,1,0.8351,0.172179
DQN,deceptive_grid,2,93,14650,-34.32,67,1,0.8343,0.159069
DQN,deceptive_grid,2,94,14712,-31.94,62,1,0.8336,0.153737
DQN,deceptive_grid,2,95,14859,-141.34,147,1,0.832,0.16234
DQN,deceptive_grid,2,96,15052,-201.56,193,1,0.8298,0.157266
DQN,deceptive_grid,2,97,15134,-40.98,82,1,0.8288,0.173158
DQN,deceptive_grid,2,98,15334,-187.28,200,0,0.8266,0.159951
DQN,deceptive_grid,2,99,15406,-46.22,72,1,0.8258,0.149403
DQN,deceptive_grid,2,100,15578,-128.48,172,1,0.8238,0.173093
DQN,deceptive_grid,2,101,15718,-125.12,140,1,0.8222,0.167076
DQN,deceptive_grid,2,102,15815,-99.56,97,1,0.8211,0.158546
DQN,deceptive_grid,2,103,15923,-73.26,108,1,0.8199,0.147417
DQN,deceptive_grid,2,104,15982,-17.46,59,1,0.8193,0.149414
DQN,deceptive_grid,2,105,16151,-143.56,169,1,0.8173,0.16487
DQN,deceptive_grid,2,106,16351,-231.28,200,0,0.8151,0.148777
DQN,deceptive_grid,2,107,16418,-28.16,67,1,0.8143,0.146029
DQN,deceptive_grid,2,108,16444,-9.42,26,1,0.814,0.144797
DQN,deceptive_grid,2,109,16644,-230.74,200,0,0.8118,0.146506
DQN,deceptive_grid,2,110,16729,-63.72,85,1,0.8108,0.139327
DQN,deceptive_grid,2,111,16756,-13.42,27,1,0.8105,0.145309
DQN,deceptive_grid,2,112,16761,10.2,5,1,0.8104,0.154175
DQN,deceptive_grid,2,113,16820,-61.0,59,1,0.8098,0.145732
DQN,deceptive_grid,2,114,17020,-207.54,200,0,0.8075,0.138558
DQN,deceptive_grid,2,115,17155,-100.98,135,1,0.806,0.147311
DQN,deceptive_grid,2,116,17179,3.66,24,1,0.8057,0.147135
DQN,deceptive_grid,2,117,17186,10.34,7,1,0.8056,0.14856
DQN,deceptive_grid,2,118,17245,-16.04,59,1,0.805,0.145554
DQN,deceptive_grid,2,119,17316,-26.34,71,1,0.8042,0.125183
DQN,deceptive_grid,2,120,17516,-188.84,200,0,0.8019,0.139905
DQN,deceptive_grid,2,121,17532,8.0,16,1,0.8017,0.177745
DQN,deceptive_grid,2,122,17576,-8.66,44,1,0.8012,0.157192
DQN,deceptive_grid,2,123,17639,-56.7,63,1,0.8005,0.152419
DQN,deceptive_grid,2,124,17719,-28.34,80,1,0.7996,0.14066
DQN,deceptive_grid,2,125,17724,12.12,5,1,0.7995,0.174918
DQN,deceptive_grid,2,126,17924,-207.9,200,0,0.7973,0.13456
DQN,deceptive_grid,2,127,17988,-31.8,64,1,0.7966,0.133493
DQN,deceptive_grid,2,128,18188,-176.66,200,0,0.7943,0.143551
DQN,deceptive_grid,2,129,18252,-38.78,64,1,0.7936,0.135471
DQN,deceptive_grid,2,130,18331,-34.36,79,1,0.7927,0.137839
DQN,deceptive_grid,2,131,18344,-1.34,13,1,0.7925,0.123422
DQN,deceptive_grid,2,132,18355,14.9,11,1,0.7924,0.11195
DQN,deceptive_grid,2,133,18435,-54.22,80,1,0.7915,0.123371
DQN,deceptive_grid,2,134,18549,-49.62,114,1,0.7902,0.132755
DQN,deceptive_grid,2,135,18738,-152.62,189,1,0.7881,0.13701
DQN,deceptive_grid,2,136,18836,-68.58,98,1,0.787,0.130674
DQN,deceptive_grid,2,137,18862,8.62,26,1,0.7867,0.10673
DQN,deceptive_grid,2,138,18920,-42.38,58,1,0.786,0.118231
DQN,deceptive_grid,2,139,18985,-29.04,65,1,0.7853,0.125142
DQN,deceptive_grid,2,140,19043,-38.3,58,1,0.7846,0.142775
DQN,deceptive_grid,2,141,19142,-74.0,99,1,0.7835,0.130369
DQN,deceptive_grid,2,142,19240,-67.44,98,1,0.7824,0.114188
DQN,deceptive_grid,2,143,19440,-182.2,200,0,0.7801,0.114074
DQN,deceptive_grid,2,144,19466,8.38,26,1,0.7798,0.116722
DQN,deceptive_grid,2,145,19482,12.44,16,1,0.7797,0.133237
DQN,deceptive_grid,2,146,19551,-57.38,69,1,0.7789,0.135737
DQN,deceptive_grid,2,147,19661,-80.56,110,1,0.7776,0.133236
DQN,deceptive_grid,2,148,19713,-19.18,52,1,0.7771,0.121326
DQN,deceptive_grid,2,149,19745,-7.66,32,1,0.7767,0.129663
DQN,deceptive_grid,2,150,19843,-99.18,98,1,0.7756,0.119268
DQN,deceptive_grid,2,151,19896,-19.28,53,1,0.775,0.121203
DQN,deceptive_grid,2,152,19970,-61.5,74,1,0.7741,0.125343
DQN,deceptive_grid,2,153,20052,-60.94,82,1,0.7732,0.121915
DQN,deceptive_grid,2,154,20087,-19.36,35,1,0.7728,0.110923
DQN,deceptive_grid,2,155,20218,-101.38,131,1,0.7713,0.11424
DQN,deceptive_grid,2,156,20306,-28.56,88,1,0.7703,0.111179
DQN,deceptive_grid,2,157,20409,-68.5,103,1,0.7692,0.102035
DQN,deceptive_grid,2,158,20503,-78.06,94,1,0.7681,0.110943
DQN,deceptive_grid,2,159,20523,-5.16,20,1,0.7679,0.143914
DQN,deceptive_grid,2,160,20671,-152.98,148,1,0.7662,0.119904
DQN,deceptive_grid,2,161,20789,-93.38,118,1,0.7649,0.107813
DQN,deceptive_grid,2,162,20842,-30.26,53,1,0.7643,0.111525
DQN,deceptive_grid,2,163,20850,9.42,8,1,0.7642,0.114508
DQN,deceptive_grid,2,164,21018,-129.98,168,1,0.7623,0.102309
DQN,deceptive_grid,2,165,21116,-55.84,98,1,0.7612,0.115167
DQN,deceptive_grid,2,166,21145,-14.84,29,1,0.7609,0.093634
DQN,deceptive_grid,2,167,21242,-39.68,97,1,0.7598,0.104626
DQN,deceptive_grid,2,168,21279,-19.02,37,1,0.7593,0.087262
DQN,deceptive_grid,2,169,21383,-49.82,104,1,0.7582,0.095729
DQN,deceptive_grid,2,170,21463,-19.98,80,1,0.7573,0.095085
DQN,deceptive_grid,2,171,21522,-17.12,59,1,0.7566,0.108682
DQN,deceptive_grid,2,172,21615,-48.94,93,1,0.7555,0.102861
DQN,deceptive_grid,2,173,21699,-41.6,84,1,0.7546,0.101643
DQN,deceptive_grid,2,174,21747,5.06,48,1,0.7541,0.104638
DQN,deceptive_grid,2,175,21830,-63.44,83,1,0.7531,0.097053
DQN,deceptive_grid,2,176,21961,-116.18,131,1,0.7516,0.095197
DQN,deceptive_grid,2,177,21993,-15.94,32,1,0.7513,0.086743
DQN,deceptive_grid,2,178,22163,-129.38,170,1,0.7493,0.094918
DQN,deceptive_grid,2,179,22234,-59.14,71,1,0.7485,0.084834
DQN,deceptive_grid,2,180,22337,-50.64,103,1,0.7474,0.079376
DQN,deceptive_grid,2,181,22394,-40.9,57,1,0.7467,0.078245
DQN,deceptive_grid,2,182,22421,-13.14,27,1,0.7464,0.086254
DQN,deceptive_grid,2,183,22460,9.02,39,1,0.746,0.085223
DQN,deceptive_grid,2,184,22489,-1.22,29,1,0.7457,0.089702
DQN,deceptive_grid,2,185,22571,-49.84,82,1,0.7447,0.104319
DQN,deceptive_grid,2,186,22638,-48.72,67,1,0.744,0.084417
DQN,deceptive_grid,2,187,22735,-49.34,97,1,0.7429,0.089661
DQN,deceptive_grid,2,188,22836,-48.08,101,1,0.7417,0.080851
DQN,deceptive_grid,2,189,22860,6.16,24,1,0.7415,0.072381
DQN,deceptive_grid,2,190,22926,-57.64,66,1,0.7407,0.084236
DQN,deceptive_grid,2,191,22947,14.8,21,1,0.7405,0.080876
DQN,deceptive_grid,2,192,23019,-26.54,72,1,0.7397,0.089943
DQN,deceptive_grid,2,193,23042,-14.98,23,1,0.7394,0.101615
DQN,deceptive_grid,2,194,23154,-69.92,112,1,0.7381,0.083313
DQN,deceptive_grid,2,195,23202,-14.48,48,1,0.7376,0.082844
DQN,deceptive_grid,2,196,23239,8.92,37,1,0.7372,0.076146
DQN,deceptive_grid,2,197,23260,-0.86,21,1,0.7369,0.073809
DQN,deceptive_grid,2,198,23321,-35.72,61,1,0.7363,0.072257
DQN,deceptive_grid,2,199,23341,-3.6,20,1,0.736,0.068314
DQN,deceptive_grid,2,200,23441,-72.9,100,1,0.7349,0.072456
DQN,deceptive_grid,2,201,23475,-4.74,34,1,0.7345,0.06652
DQN,deceptive_grid,2,202,23567,-52.64,92,1,0.7335,0.071367
DQN,deceptive_grid,2,203,23581,14.22,14,1,0.7333,0.060798
DQN,deceptive_grid,2,204,23675,-51.74,94,1,0.7322,0.069758
DQN,deceptive_grid,2,205,23758,-39.24,83,1,0.7313,0.063989
DQN,deceptive_grid,2,206,23788,-1.38,30,1,0.731,0.063952
DQN,deceptive_grid,2,207,23860,-9.42,72,1,0.7302,0.064121
DQN,deceptive_grid,2,208,23921,-13.1,61,1,0.7295,0.061282
DQN,deceptive_grid,2,209,23980,-19.3,59,1,0.7288,0.063556
DQN,deceptive_grid,2,210,23999,-1.14,19,1,0.7286,0.059362
DQN,deceptive_grid,2,211,24089,-74.16,90,1,0.7276,0.076285
DQN,deceptive_grid,2,212,24115,-9.56,26,1,0.7273,0.065965
DQN,deceptive_grid,2,213,24155,10.24,40,1,0.7268,0.060383
DQN,deceptive_grid,2,214,24231,-20.98,76,1,0.726,0.060838
DQN,deceptive_grid,2,215,24296,-26.46,65,1,0.7252,0.061472
DQN,deceptive_grid,2,216,24344,-23.2,48,1,0.7247,0.054606
DQN,deceptive_grid,2,217,24350,13.26,6,1,0.7246,0.049889
DQN,deceptive_grid,2,218,24388,-3.18,38,1,0.7242,0.054265
DQN,deceptive_grid,2,219,24424,-26.7,36,1,0.7238,0.052584
DQN,deceptive_grid,2,220,24452,-6.22,28,1,0.7235,0.063097
DQN,deceptive_grid,2,221,24509,-35.8,57,1,0.7228,0.056458
DQN,deceptive_grid,2,222,24566,-3.76,57,1,0.7222,0.059258
DQN,deceptive_grid,2,223,24576,7.42,10,1,0.7221,0.056962
DQN,deceptive_grid,2,224,24665,-58.84,89,1,0.7211,0.054928
DQN,deceptive_grid,2,225,24702,-4.28,37,1,0.7206,0.060433
DQN,deceptive_grid,2,226,24764,-26.88,62,1,0.7199,0.054502
DQN,deceptive_grid,2,227,24885,-81.4,121,1,0.7186,0.05015
DQN,deceptive_grid,2,228,24937,-28.44,52,1,0.718,0.051118
DQN,deceptive_grid,2,229,24948,-7.26,11,1,0.7179,0.053905
DQN,deceptive_grid,2,230,24973,-2.2,25,1,0.7176,0.04899
DQN,deceptive_grid,2,231,24989,8.44,16,1,0.7174,0.046658
DQN,deceptive_grid,2,232,25023,-12.74,34,1,0.717,0.057892
DQN,deceptive_grid,2,233,25093,-30.98,70,1,0.7162,0.054598
DQN,deceptive_grid,2,234,25094,12.0,1,1,0.7162,0.06013
DQN,deceptive_grid,2,235,25194,-53.72,100,1,0.7151,0.056179
DQN,deceptive_grid,2,236,25255,1.48,61,1,0.7144,0.054596
DQN,deceptive_grid,2,237,25273,10.34,18,1,0.7142,0.053168
DQN,deceptive_grid,2,238,25280,8.26,7,1,0.7141,0.051317
DQN,deceptive_grid,2,239,25308,-9.3,28,1,0.7138,0.059225
DQN,deceptive_grid,2,240,25323,13.34,15,1,0.7136,0.057699
DQN,deceptive_grid,2,241,25361,-21.54,38,1,0.7132,0.049477
DQN,deceptive_grid,2,242,25421,-9.88,60,1,0.7125,0.044246
DQN,deceptive_grid,2,243,25499,-16.26,78,1,0.7116,0.047466
DQN,deceptive_grid,2,244,25547,-9.0,48,1,0.7111,0.05593
DQN,deceptive_grid,2,245,25683,-83.42,136,1,0.7095,0.05092
DQN,deceptive_grid,2,246,25720,-1.42,37,1,0.7091,0.048943
DQN,deceptive_grid,2,247,25802,-30.42,82,1,0.7082,0.048652
DQN,deceptive_grid,2,248,25840,-14.52,38,1,0.7078,0.045818
DQN,deceptive_grid,2,249,25876,-26.38,36,1,0.7074,0.049821
DQN,deceptive_grid,2,250,25928,-44.12,52,1,0.7068,0.043072
DQN,deceptive_grid,2,251,25988,-52.22,60,1,0.7061,0.044308
DQN,deceptive_grid,2,252,26015,-16.12,27,1,0.7058,0.058871
DQN,deceptive_grid,2,253,26041,-8.38,26,1,0.7055,0.054031
DQN,deceptive_grid,2,254,26067,-8.78,26,1,0.7052,0.057871
DQN,deceptive_grid,2,255,26078,8.82,11,1,0.7051,0.054979
DQN,deceptive_grid,2,256,26195,-87.78,117,1,0.7037,0.050826
DQN,deceptive_grid,2,257,26338,-149.42,143,1,0.7021,0.050185
DQN,deceptive_grid,2,258,26341,2.04,3,1,0.7021,0.054998
DQN,deceptive_grid,2,259,26411,-46.44,70,1,0.7013,0.041103
DQN,deceptive_grid,2,260,26495,-54.38,84,1,0.7004,0.037925
DQN,deceptive_grid,2,261,26550,-26.14,55,1,0.6997,0.045806
DQN,deceptive_grid,2,262,26557,8.4,7,1,0.6997,0.042002
DQN,deceptive_grid,2,263,26599,-22.04,42,1,0.6992,0.045198
DQN,deceptive_grid,2,264,26732,-137.7,133,1,0.6977,0.047288
DQN,deceptive_grid,2,265,26789,-12.74,57,1,0.697,0.047401
DQN,deceptive_grid,2,266,26802,2.64,13,1,0.6969,0.04827
DQN,deceptive_grid,2,267,26816,3.6,14,1,0.6967,0.044307
DQN,deceptive_grid,2,268,26873,-14.42,57,1,0.6961,0.040363
DQN,deceptive_grid,2,269,26936,-35.6,63,1,0.6954,0.037685
DQN,deceptive_grid,2,270,26990,-33.1,54,1,0.6948,0.035246
DQN,deceptive_grid,2,271,27072,-53.96,82,1,0.6938,0.047693
DQN,deceptive_grid,2,272,27148,-67.28,76,1,0.693,0.046246
DQN,deceptive_grid,2,273,27181,12.44,33,1,0.6926,0.035619
DQN,deceptive_grid,2,274,27196,5.12,15,1,0.6924,0.035806
DQN,deceptive_grid,2,275,27239,-22.18,43,1,0.6919,0.037218
DQN,deceptive_grid,2,276,27286,-15.22,47,1,0.6914,0.036085
DQN,deceptive_grid,2,277,27321,8.18,35,1,0.691,0.039653
DQN,deceptive_grid,2,278,27418,-57.2,97,1,0.6899,0.04078
DQN,deceptive_grid,2,279,27439,8.7,21,1,0.6897,0.033427
DQN,deceptive_grid,2,280,27483,-2.42,44,1,0.6892,0.038482
DQN,deceptive_grid,2,281,27526,-18.66,43,1,0.6887,0.040291
DQN,deceptive_grid,2,282,27613,-34.62,87,1,0.6877,0.037291
DQN,deceptive_grid,2,283,27631,8.5,18,1,0.6875,0.03658
DQN,deceptive_grid,2,284,27710,-41.68,79,1,0.6866,0.036474
DQN,deceptive_grid,2,285,27767,0.12,57,1,0.686,0.033253
DQN,deceptive_grid,2,286,27785,2.1,18,1,0.6858,0.035495
DQN,deceptive_grid,2,287,27832,-14.54,47,1,0.6852,0.031021
DQN,deceptive_grid,2,288,27878,-17.64,46,1,0.6847,0.031721
DQN,deceptive_grid,2,289,27944,-16.66,66,1,0.684,0.036839
DQN,deceptive_grid,2,290,28068,-81.52,124,1,0.6826,0.036689
DQN,deceptive_grid,2,291,28140,-41.2,72,1,0.6818,0.03443
DQN,deceptive_grid,2,292,28185,-32.78,45,1,0.6812,0.033368
DQN,deceptive_grid,2,293,28233,-13.88,48,1,0.6807,0.032897
DQN,deceptive_grid,2,294,28293,-18.42,60,1,0.68,0.032139
DQN,deceptive_grid,2,295,28335,-4.82,42,1,0.6795,0.032166
DQN,deceptive_grid,2,296,28368,-21.68,33,1,0.6792,0.035656
DQN,deceptive_grid,2,297,28404,-12.7,36,1,0.6788,0.032497
DQN,deceptive_grid,2,298,28447,-5.74,43,1,0.6783,0.030567
DQN,deceptive_grid,2,299,28521,-8.6,74,1,0.6774,0.038244
DQN,deceptive_grid,2,300,28525,15.12,4,1,0.6774,0.041358
DQN,deceptive_grid,2,301,28575,-5.5,50,1,0.6768,0.039497
DQN,deceptive_grid,2,302,28598,4.86,23,1,0.6766,0.046909
DQN,deceptive_grid,2,303,28645,-22.06,47,1,0.676,0.039316
DQN,deceptive_grid,2,304,28707,-16.08,62,1,0.6753,0.037159
DQN,deceptive_grid,2,305,28761,-13.58,54,1,0.6747,0.035486
DQN,deceptive_grid,2,306,28806,-39.3,45,1,0.6742,0.034546
DQN,deceptive_grid,2,307,28888,-76.04,82,1,0.6733,0.034618
DQN,deceptive_grid,2,308,28932,-6.94,44,1,0.6728,0.030384
DQN,deceptive_grid,2,309,28976,-12.86,44,1,0.6723,0.030738
DQN,deceptive_grid,2,310,29028,-50.78,52,1,0.6717,0.03759
DQN,deceptive_grid,2,311,29048,13.24,20,1,0.6715,0.036252
DQN,deceptive_grid,2,312,29131,-27.4,83,1,0.6705,0.036603
DQN,deceptive_grid,2,313,29140,14.6,9,1,0.6704,0.032551
DQN,deceptive_grid,2,314,29179,-1.78,39,1,0.67,0.035962
DQN,deceptive_grid,2,315,29182,14.06,3,1,0.67,0.026019
DQN,deceptive_grid,2,316,29248,-47.18,66,1,0.6692,0.034088
DQN,deceptive_grid,2,317,29273,8.2,25,1,0.6689,0.031651
DQN,deceptive_grid,2,318,29351,-35.38,78,1,0.6681,0.032042
DQN,deceptive_grid,2,319,29441,-77.76,90,1,0.667,0.032864
DQN,deceptive_grid,2,320,29463,-6.8,22,1,0.6668,0.027883
DQN,deceptive_grid,2,321,29526,-22.14,63,1,0.6661,0.034954
DQN,deceptive_grid,2,322,29538,16.08,12,1,0.6659,0.046499
DQN,deceptive_grid,2,323,29618,-70.28,80,1,0.665,0.037191
DQN,deceptive_grid,2,324,29739,-74.1,121,1,0.6637,0.034315
DQN,deceptive_grid,2,325,29790,-33.52,51,1,0.6631,0.033656
DQN,deceptive_grid,2,326,29853,-17.22,63,1,0.6624,0.031265
DQN,deceptive_grid,2,327,29861,11.32,8,1,0.6623,0.042883
DQN,deceptive_grid,2,328,29886,-2.2,25,1,0.662,0.035199
DQN,deceptive_grid,2,329,29936,-15.74,50,1,0.6614,0.035854
DQN,deceptive_grid,2,330,29982,-12.84,46,1,0.6609,0.033446
DQN,deceptive_grid,2,331,30020,9.58,38,1,0.6605,0.043235
DQN,deceptive_grid,2,332,30061,-26.84,41,1,0.66,0.03894
DQN,deceptive_grid,2,333,30064,14.06,3,1,0.66,0.031251
DQN,deceptive_grid,2,334,30144,-65.64,80,1,0.6591,0.034077
DQN,deceptive_grid,2,335,30196,-0.02,52,1,0.6585,0.037416
DQN,deceptive_grid,2,336,30251,-23.82,55,1,0.6579,0.033451
DQN,deceptive_grid,2,337,30298,-11.78,47,1,0.6573,0.033856
DQN,deceptive_grid,2,338,30301,14.06,3,1,0.6573,0.03832
DQN,deceptive_grid,2,339,30313,12.04,12,1,0.6572,0.035574
DQN,deceptive_grid,2,340,30415,-61.4,102,1,0.656,0.036495
DQN,deceptive_grid,2,341,30455,-0.82,40,1,0.6556,0.035108
DQN,deceptive_grid,2,342,30489,6.9,34,1,0.6552,0.029219
DQN,deceptive_grid,2,343,30552,-36.02,63,1,0.6545,0.036757
DQN,deceptive_grid,2,344,30572,15.74,20,1,0.6542,0.036632
DQN,deceptive_grid,2,345,30650,-38.3,78,1,0.6534,0.032153
DQN,deceptive_grid,2,346,30712,-10.84,62,1,0.6527,0.029925
DQN,deceptive_grid,2,347,30724,11.72,12,1,0.6525,0.03106
DQN,deceptive_grid,2,348,30791,-58.38,67,1,0.6518,0.032797
DQN,deceptive_grid,2,349,30841,10.34,50,1,0.6512,0.028111
DQN,deceptive_grid,2,350,30865,-4.6,24,1,0.6509,0.028483
DQN,deceptive_grid,2,351,30956,-21.46,91,1,0.6499,0.036443
DQN,deceptive_grid,2,352,31028,-44.02,72,1,0.6491,0.040816
DQN,deceptive_grid,2,353,31079,-2.46,51,1,0.6485,0.039533
DQN,deceptive_grid,2,354,31098,14.18,19,1,0.6483,0.035999
DQN,deceptive_grid,2,355,31120,3.46,22,1,0.648,0.030491
DQN,deceptive_grid,2,356,31138,13.36,18,1,0.6478,0.03098
DQN,deceptive_grid,2,357,31204,-15.8,66,1,0.6471,0.038367
DQN,deceptive_grid,2,358,31242,-12.8,38,1,0.6467,0.037229
DQN,deceptive_grid,2,359,31295,-31.12,53,1,0.6461,0.03157
DQN,deceptive_grid,2,360,31299,11.12,4,1,0.646,0.028277
DQN,deceptive_grid,2,361,31409,-61.42,110,1,0.6448,0.029521
DQN,deceptive_grid,2,362,31479,-43.14,70,1,0.644,0.02817
DQN,deceptive_grid,2,363,31523,-18.78,44,1,0.6435,0.035897
DQN,deceptive_grid,2,364,31551,-4.14,28,1,0.6432,0.041149
DQN,deceptive_grid,2,365,31567,2.16,16,1,0.643,0.038757
DQN,deceptive_grid,2,366,31624,-14.24,57,1,0.6423,0.03761
DQN,deceptive_grid,2,367,31650,7.34,26,1,0.6421,0.037374
DQN,deceptive_grid,2,368,31756,-61.08,106,1,0.6409,0.033993
DQN,deceptive_grid,2,369,31826,-3.14,70,1,0.6401,0.033547
DQN,deceptive_grid,2,370,31924,-37.46,98,1,0.639,0.030335
DQN,deceptive_grid,2,371,31929,16.2,5,1,0.6389,0.030677
DQN,deceptive_grid,2,372,31962,-13.74,33,1,0.6385,0.03057
DQN,deceptive_grid,2,373,32001,-15.06,39,1,0.6381,0.030397
DQN,deceptive_grid,2,374,32020,1.2,19,1,0.6379,0.035273
DQN,deceptive_grid,2,375,32037,3.02,17,1,0.6377,0.039014
DQN,deceptive_grid,2,376,32084,2.98,47,1,0.6371,0.036708
DQN,deceptive_grid,2,377,32125,-19.24,41,1,0.6367,0.032502
DQN,deceptive_grid,2,378,32127,13.02,2,1,0.6367,0.027441
DQN,deceptive_grid,2,379,32173,-15.3,46,1,0.6361,0.029858
DQN,deceptive_grid,2,380,32220,-20.72,47,1,0.6356,0.024057
DQN,deceptive_grid,2,381,32313,-91.82,93,1,0.6346,0.02764
DQN,deceptive_grid,2,382,32329,-1.94,16,1,0.6344,0.026876
DQN,deceptive_grid,2,383,32350,-8.66,21,1,0.6341,0.026926
DQN,deceptive_grid,2,384,32411,-33.78,61,1,0.6334,0.027734
DQN,deceptive_grid,2,385,32458,-25.34,47,1,0.6329,0.028461
DQN,deceptive_grid,2,386,32466,15.56,8,1,0.6328,0.024974
DQN,deceptive_grid,2,387,32560,-36.28,94,1,0.6318,0.034667
DQN,deceptive_grid,2,388,32614,-12.88,54,1,0.6312,0.038619
DQN,deceptive_grid,2,389,32686,-60.84,72,1,0.6303,0.03239
DQN,deceptive_grid,2,390,32736,-7.64,50,1,0.6298,0.033112
DQN,deceptive_grid,2,391,32798,-32.78,62,1,0.6291,0.031784
DQN,deceptive_grid,2,392,32824,-8.6,26,1,0.6288,0.02543
DQN,deceptive_grid,2,393,32835,14.82,11,1,0.6287,0.024046
DQN,deceptive_grid,2,394,32884,-0.5,49,1,0.6281,0.025974
DQN,deceptive_grid,2,395,32921,-12.62,37,1,0.6277,0.024315
DQN,deceptive_grid,2,396,32990,-52.14,69,1,0.6269,0.03038
DQN,deceptive_grid,2,397,33054,-25.6,64,1,0.6262,0.038775
DQN,deceptive_grid,2,398,33123,-23.8,69,1,0.6254,0.032674
DQN,deceptive_grid,2,399,33156,-3.66,33,1,0.625,0.028142
DQN,deceptive_grid,2,400,33174,-3.12,18,1,0.6248,0.029994
DQN,deceptive_grid,2,401,33229,3.54,55,1,0.6242,0.026089
DQN,deceptive_grid,2,402,33266,-9.58,37,1,0.6238,0.025166
DQN,deceptive_grid,2,403,33289,4.3,23,1,0.6235,0.026069
DQN,deceptive_grid,2,404,33342,-0.24,53,1,0.6229,0.025619
DQN,deceptive_grid,2,405,33367,4.1,25,1,0.6226,0.023082
DQN,deceptive_grid,2,406,33409,-5.62,42,1,0.6222,0.025739
DQN,deceptive_grid,2,407,33466,-28.62,57,1,0.6215,0.026814
DQN,deceptive_grid,2,408,33531,-19.8,65,1,0.6208,0.02713
DQN,deceptive_grid,2,409,33535,15.12,4,1,0.6207,0.029118
DQN,deceptive_grid,2,410,33587,1.64,52,1,0.6201,0.029006
DQN,deceptive_grid,2,411,33640,-1.04,53,1,0.6195,0.025077
DQN,deceptive_grid,2,412,33692,-24.34,52,1,0.619,0.020895
DQN,deceptive_grid,2,413,33721,10.04,29,1,0.6186,0.022629
DQN,deceptive_grid,2,414,33789,-25.78,68,1,0.6179,0.022148
DQN,deceptive_grid,2,415,33799,9.6,10,1,0.6177,0.030202
DQN,deceptive_grid,2,416,33813,-14.54,14,1,0.6176,0.02591
DQN,deceptive_grid,2,417,33843,-15.5,30,1,0.6173,0.023869
DQN,deceptive_grid,2,418,33883,-13.96,40,1,0.6168,0.022095
DQN,deceptive_grid,2,419,33888,16.2,5,1,0.6167,0.019968
DQN,deceptive_grid,2,420,33960,-20.24,72,1,0.6159,0.020419
DQN,deceptive_grid,2,421,34052,-31.26,92,1,0.6149,0.023916
DQN,deceptive_grid,2,422,34057,12.2,5,1,0.6148,0.027956
DQN,deceptive_grid,2,423,34183,-64.32,126,1,0.6134,0.023862
DQN,deceptive_grid,2,424,34212,16.52,29,1,0.6131,0.021325
DQN,deceptive_grid,2,425,34292,-26.48,80,1,0.6122,0.019952
DQN,deceptive_grid,2,426,34331,-7.72,39,1,0.6117,0.021773
DQN,deceptive_grid,2,427,34336,16.2,5,1,0.6117,0.019958
DQN,deceptive_grid,2,428,34366,-1.54,30,1,0.6113,0.021534
DQN,deceptive_grid,2,429,34390,-3.32,24,1,0.6111,0.019183
DQN,deceptive_grid,2,430,34434,-5.08,44,1,0.6106,0.021558
DQN,deceptive_grid,2,431,34487,-15.24,53,1,0.61,0.0218
DQN,deceptive_grid,2,432,34536,7.36,49,1,0.6094,0.026608
DQN,deceptive_grid,2,433,34620,-30.44,84,1,0.6085,0.026099
DQN,deceptive_grid,2,434,34635,9.66,15,1,0.6083,0.023869
DQN,deceptive_grid,2,435,34693,1.78,58,1,0.6076,0.023093
DQN,deceptive_grid,2,436,34715,-9.56,22,1,0.6074,0.024066
DQN,deceptive_grid,2,437,34775,-16.62,60,1,0.6067,0.023986
DQN,deceptive_grid,2,438,34821,8.52,46,1,0.6062,0.018965
DQN,deceptive_grid,2,439,34885,-27.64,64,1,0.6055,0.017549
DQN,deceptive_grid,2,440,34933,-18.46,48,1,0.6049,0.0203
DQN,deceptive_grid,2,441,35003,-60.62,70,1,0.6041,0.021389
DQN,deceptive_grid,2,442,35075,-59.14,72,1,0.6033,0.029886
DQN,deceptive_grid,2,443,35130,-13.22,55,1,0.6027,0.021715
DQN,deceptive_grid,2,444,35178,-23.2,48,1,0.6022,0.018077
DQN,deceptive_grid,2,445,35196,6.22,18,1,0.6019,0.01534
DQN,deceptive_grid,2,446,35238,-17.34,42,1,0.6015,0.016679
DQN,deceptive_grid,2,447,35253,6.94,15,1,0.6013,0.020727
DQN,deceptive_grid,2,448,35269,0.42,16,1,0.6011,0.017596
DQN,deceptive_grid,2,449,35289,8.88,20,1,0.6009,0.01787
DQN,deceptive_grid,2,450,35312,2.08,23,1,0.6006,0.01574
DQN,deceptive_grid,2,451,35337,13.72,25,1,0.6004,0.015576
DQN,deceptive_grid,2,452,35369,15.84,32,1,0.6,0.019059
DQN,deceptive_grid,2,453,35382,2.88,13,1,0.5998,0.020146
DQN,deceptive_grid,2,454,35416,-18.56,34,1,0.5995,0.017829
DQN,deceptive_grid,2,455,35439,8.66,23,1,0.5992,0.019796
DQN,deceptive_grid,2,456,35508,-43.98,69,1,0.5984,0.01918
DQN,deceptive_grid,2,457,35535,16.74,27,1,0.5981,0.023846
DQN,deceptive_grid,2,458,35576,0.28,41,1,0.5977,0.024165
DQN,deceptive_grid,2,459,35638,-12.64,62,1,0.597,0.024059
DQN,deceptive_grid,2,460,35679,18.8,41,1,0.5965,0.021829
DQN,deceptive_grid,2,461,35724,0.72,45,1,0.596,0.020674
DQN,deceptive_grid,2,462,35767,-3.16,43,1,0.5955,0.016744
DQN,deceptive_grid,2,463,35826,-39.78,59,1,0.5948,0.018017
DQN,deceptive_grid,2,464,35867,3.22,41,1,0.5944,0.020871
DQN,deceptive_grid,2,465,35883,16.32,16,1,0.5942,0.016926
DQN,deceptive_grid,2,466,35951,-15.52,68,1,0.5934,0.021773
DQN,deceptive_grid,2,467,35987,17.16,36,1,0.593,0.0163
DQN,deceptive_grid,2,468,36072,-45.4,85,1,0.592,0.02202
DQN,deceptive_grid,2,469,36115,-0.82,43,1,0.5916,0.018973
DQN,deceptive_grid,2,470,36172,-4.02,57,1,0.5909,0.02006
DQN,deceptive_grid,2,471,36193,-8.1,21,1,0.5907,0.02179
DQN,deceptive_grid,2,472,36207,22.38,14,1,0.5905,0.027356
DQN,deceptive_grid,2,473,36248,3.6,41,1,0.5901,0.016953
DQN,deceptive_grid,2,474,36299,-20.38,51,1,0.5895,0.016202
DQN,deceptive_grid,2,475,36375,-60.0,76,1,0.5886,0.016265
DQN,deceptive_grid,2,476,36412,14.28,37,1,0.5882,0.016344
DQN,deceptive_grid,2,477,36424,20.12,12,1,0.5881,0.016169
DQN,deceptive_grid,2,478,36479,-21.24,55,1,0.5874,0.01686
DQN,deceptive_grid,2,479,36489,13.58,10,1,0.5873,0.021972
DQN,deceptive_grid,2,480,36520,9.9,31,1,0.587,0.024491
DQN,deceptive_grid,2,481,36533,8.72,13,1,0.5868,0.028298
DQN,deceptive_grid,2,482,36640,-93.74,107,1,0.5856,0.023399
DQN,deceptive_grid,2,483,36650,13.74,10,1,0.5855,0.016936
DQN,deceptive_grid,2,484,36674,-2.64,24,1,0.5852,0.017424
DQN,deceptive_grid,2,485,36729,-1.18,55,1,0.5846,0.021072
DQN,deceptive_grid,2,486,36793,-26.96,64,1,0.5839,0.020137
DQN,deceptive_grid,2,487,36796,14.06,3,1,0.5839,0.014473
DQN,deceptive_grid,2,488,36846,-34.1,50,1,0.5833,0.015858
DQN,deceptive_grid,2,489,36881,9.56,35,1,0.5829,0.020827
DQN,deceptive_grid,2,490,36920,-0.24,39,1,0.5825,0.015447
DQN,deceptive_grid,2,491,37005,-53.8,85,1,0.5815,0.018814
DQN,deceptive_grid,2,492,37028,-9.34,23,1,0.5812,0.029536
DQN,deceptive_grid,2,493,37070,-25.78,42,1,0.5808,0.02525
DQN,deceptive_grid,2,494,37104,-0.26,34,1,0.5804,0.020875
DQN,deceptive_grid,2,495,37122,5.02,18,1,0.5802,0.021857
DQN,deceptive_grid,2,496,37159,9.58,37,1,0.5797,0.018284
DQN,deceptive_grid,2,497,37174,2.78,15,1,0.5796,0.021413
DQN,deceptive_grid,2,498,37235,-32.24,61,1,0.5789,0.018163
DQN,deceptive_grid,2,499,37251,16.24,16,1,0.5787,0.019258
DQN,deceptive_grid,2,500,37309,-28.52,58,1,0.5781,0.021956
DQN,deceptive_grid,2,501,37341,-16.42,32,1,0.5777,0.020881
DQN,deceptive_grid,2,502,37368,18.88,27,1,0.5774,0.01822
DQN,deceptive_grid,2,503,37377,12.4,9,1,0.5773,0.018252
DQN,deceptive_grid,2,504,37411,7.98,34,1,0.5769,0.016444
DQN,deceptive_grid,2,505,37441,-7.08,30,1,0.5766,0.018306
DQN,deceptive_grid,2,506,37469,-1.4,28,1,0.5762,0.018426
DQN,deceptive_grid,2,507,37500,19.54,31,1,0.5759,0.018006
DQN,deceptive_grid,2,508,37538,-3.68,38,1,0.5755,0.020644
DQN,deceptive_grid,2,509,37562,3.92,24,1,0.5752,0.020343
DQN,deceptive_grid,2,510,37610,-17.78,48,1,0.5746,0.020745
DQN,deceptive_grid,2,511,37676,-27.66,66,1,0.5739,0.021835
DQN,deceptive_grid,2,512,37721,2.16,45,1,0.5734,0.019405
DQN,deceptive_grid,2,513,37781,-18.58,60,1,0.5727,0.023366
DQN,deceptive_grid,2,514,37816,-12.56,35,1,0.5723,0.021475
DQN,deceptive_grid,2,515,37856,16.16,40,1,0.5719,0.019642
DQN,deceptive_grid,2,516,37875,11.7,19,1,0.5717,0.018756
DQN,deceptive_grid,2,517,37941,-34.42,66,1,0.5709,0.017862
DQN,deceptive_grid,2,518,37992,-5.2,51,1,0.5703,0.018293
DQN,deceptive_grid,2,519,37999,14.26,7,1,0.5702,0.016432
DQN,deceptive_grid,2,520,38032,10.5,33,1,0.5699,0.020298
DQN,deceptive_grid,2,521,38074,6.74,42,1,0.5694,0.019741
DQN,deceptive_grid,2,522,38124,-20.2,50,1,0.5688,0.017053
DQN,deceptive_grid,2,523,38165,-20.26,41,1,0.5684,0.017011
DQN,deceptive_grid,2,524,38195,22.7,30,1,0.568,0.017776
DQN,deceptive_grid,2,525,38205,7.38,10,1,0.5679,0.017723
DQN,deceptive_grid,2,526,38233,1.84,28,1,0.5676,0.017892
DQN,deceptive_grid,2,527,38321,-56.84,88,1,0.5666,0.016185
DQN,deceptive_grid,2,528,38351,20.22,30,1,0.5663,0.01518
DQN,deceptive_grid,2,529,38394,-16.16,43,1,0.5658,0.016449
DQN,deceptive_grid,2,530,38424,19.66,30,1,0.5654,0.015709
DQN,deceptive_grid,2,531,38459,-2.96,35,1,0.565,0.015124
DQN,deceptive_grid,2,532,38504,6.52,45,1,0.5645,0.015971
DQN,deceptive_grid,2,533,38513,10.56,9,1,0.5644,0.019896
DQN,deceptive_grid,2,534,38535,2.26,22,1,0.5642,0.026711
DQN,deceptive_grid,2,535,38585,-16.02,50,1,0.5636,0.020706
DQN,deceptive_grid,2,536,38610,14.16,25,1,0.5633,0.017154
DQN,deceptive_grid,2,537,38650,-15.06,40,1,0.5629,0.019755
DQN,deceptive_grid,2,538,38692,-18.02,42,1,0.5624,0.019864
DQN,deceptive_grid,2,539,38723,-19.94,31,1,0.5621,0.019263
DQN,deceptive_grid,2,540,38745,20.94,22,1,0.5618,0.017313
DQN,deceptive_grid,2,541,38790,-2.34,45,1,0.5613,0.017771
DQN,deceptive_grid,2,542,38861,-12.42,71,1,0.5605,0.017233
DQN,deceptive_grid,2,543,38882,2.78,21,1,0.5603,0.01939
DQN,deceptive_grid,2,544,38914,-4.92,32,1,0.5599,0.01815
DQN,deceptive_grid,2,545,38973,-26.28,59,1,0.5592,0.015734
DQN,deceptive_grid,2,546,38978,16.2,5,1,0.5592,0.01969
DQN,deceptive_grid,2,547,39019,-1.8,41,1,0.5587,0.020684
DQN,deceptive_grid,2,548,39029,13.78,10,1,0.5586,0.022826
DQN,deceptive_grid,2,549,39047,11.16,18,1,0.5584,0.01945
DQN,deceptive_grid,2,550,39081,14.38,34,1,0.558,0.022439
DQN,deceptive_grid,2,551,39140,-28.82,59,1,0.5573,0.019717
DQN,deceptive_grid,2,552,39146,7.14,6,1,0.5573,0.016352
DQN,deceptive_grid,2,553,39208,-21.92,62,1,0.5566,0.017288
DQN,deceptive_grid,2,554,39256,4.76,48,1,0.556,0.015747
DQN,deceptive_grid,2,555,39328,-33.82,72,1,0.5552,0.016015
DQN,deceptive_grid,2,556,39363,-3.36,35,1,0.5548,0.022082
DQN,deceptive_grid,2,557,39401,1.48,38,1,0.5544,0.016188
DQN,deceptive_grid,2,558,39438,-2.64,37,1,0.554,0.014269
DQN,deceptive_grid,2,559,39459,11.74,21,1,0.5537,0.015733
DQN,deceptive_grid,2,560,39532,-37.7,73,1,0.5529,0.01785
DQN,deceptive_grid,2,561,39564,-7.52,32,1,0.5526,0.020031
DQN,deceptive_grid,2,562,39604,7.76,40,1,0.5521,0.017814
DQN,deceptive_grid,2,563,39641,3.32,37,1,0.5517,0.016095
DQN,deceptive_grid,2,564,39660,5.7,19,1,0.5515,0.016974
DQN,deceptive_grid,2,565,39704,10.92,44,1,0.551,0.020497
DQN,deceptive_grid,2,566,39728,22.76,24,1,0.5507,0.023532
DQN,deceptive_grid,2,567,39734,9.22,6,1,0.5506,0.022608
DQN,deceptive_grid,2,568,39751,17.92,17,1,0.5504,0.023103
DQN,deceptive_grid,2,569,39794,-29.12,43,1,0.5499,0.017657
DQN,deceptive_grid,2,570,39867,-18.78,73,1,0.5491,0.016066
DQN,deceptive_grid,2,571,39898,5.46,31,1,0.5488,0.022479
DQN,deceptive_grid,2,572,39921,13.5,23,1,0.5485,0.020427
DQN,deceptive_grid,2,573,39968,-5.74,47,1,0.548,0.018217
DQN,deceptive_grid,2,574,40027,-32.3,59,1,0.5473,0.021376
DQN,deceptive_grid,2,575,40043,14.72,16,1,0.5471,0.029957
DQN,deceptive_grid,2,576,40095,-48.78,52,1,0.5465,0.020793
DQN,deceptive_grid,2,577,40169,-48.96,74,1,0.5457,0.022173
DQN,deceptive_grid,2,578,40194,19.96,25,1,0.5454,0.022501
DQN,deceptive_grid,2,579,40226,3.86,32,1,0.5451,0.019527
DQN,deceptive_grid,2,580,40265,-18.28,39,1,0.5446,0.017774
DQN,deceptive_grid,2,581,40317,-3.06,52,1,0.544,0.014421
DQN,deceptive_grid,2,582,40366,-0.36,49,1,0.5435,0.020834
DQN,deceptive_grid,2,583,40386,13.4,20,1,0.5433,0.018501
DQN,deceptive_grid,2,584,40437,-14.68,51,1,0.5427,0.016808
DQN,deceptive_grid,2,585,40494,-15.06,57,1,0.542,0.015064
DQN,deceptive_grid,2,586,40519,6.36,25,1,0.5417,0.021811
DQN,deceptive_grid,2,587,40557,0.34,38,1,0.5413,0.020495
DQN,deceptive_grid,2,588,40611,2.62,54,1,0.5407,0.01998
DQN,deceptive_grid,2,589,40637,16.58,26,1,0.5404,0.019817
DQN,deceptive_grid,2,590,40663,10.22,26,1,0.5401,0.015985
DQN,deceptive_grid,2,591,40676,17.04,13,1,0.54,0.013274
DQN,deceptive_grid,2,592,40727,6.1,51,1,0.5394,0.016178
DQN,deceptive_grid,2,593,40753,13.46,26,1,0.5391,0.014597
DQN,deceptive_grid,2,594,40777,27.24,24,1,0.5388,0.014904
DQN,deceptive_grid,2,595,40832,-17.04,55,1,0.5382,0.016833
DQN,deceptive_grid,2,596,40876,16.0,44,1,0.5377,0.014233
DQN,deceptive_grid,2,597,40920,-24.6,44,1,0.5372,0.017833
DQN,deceptive_grid,2,598,40958,-19.76,38,1,0.5368,0.016944
DQN,deceptive_grid,2,599,41002,-27.16,44,1,0.5363,0.016042
DQN,deceptive_grid,2,600,41031,-3.14,29,1,0.536,0.019233
