algo,grid,seed,episode,global_step,episode_return,episode_length,success,epsilon,mean_loss
DQN,deceptive_grid,0,1,200,-288.0,200,0,0.9983,
DQN,deceptive_grid,0,2,400,-252.0,200,0,0.9966,
DQN,deceptive_grid,0,3,600,-268.0,200,0,0.9949,
DQN,deceptive_grid,0,4,800,-284.0,200,0,0.9932,
DQN,deceptive_grid,0,5,1000,-252.0,200,0,0.9915,0.547429
DQN,deceptive_grid,0,6,1200,-252.0,200,0,0.9898,0.294993
DQN,deceptive_grid,0,7,1400,-272.0,200,0,0.9881,0.212131
DQN,deceptive_grid,0,8,1600,-292.0,200,0,0.9864,0.201594
DQN,deceptive_grid,0,9,1800,-244.0,200,0,0.9847,0.162303
DQN,deceptive_grid,0,10,2000,-328.0,200,0,0.983,0.130913
DQN,deceptive_grid,0,11,2200,-244.0,200,0,0.9813,0.137669
DQN,deceptive_grid,0,12,2217,-26.0,17,1,0.9812,0.113854
DQN,deceptive_grid,0,13,2417,-284.0,200,0,0.9795,0.116989
DQN,deceptive_grid,0,14,2617,-276.0,200,0,0.9778,0.124581
DQN,deceptive_grid,0,15,2817,-288.0,200,0,0.9761,0.096794
DQN,deceptive_grid,0,16,3017,-256.0,200,0,0.9744,0.09311
DQN,deceptive_grid,0,17,3217,-224.0,200,0,0.9727,0.068823
DQN,deceptive_grid,0,18,3417,-232.0,200,0,0.971,0.069348
DQN,deceptive_grid,0,19,3617,-268.0,200,0,0.9693,0.06715
DQN,deceptive_grid,0,20,3817,-308.0,200,0,0.9676,0.064638
DQN,deceptive_grid,0,21,4017,-280.0,200,0,0.9659,0.058295
DQN,deceptive_grid,0,22,4201,-241.0,184,1,0.9644,0.056244
DQN,deceptive_grid,0,23,4401,-276.0,200,0,0.9627,0.060399
DQN,deceptive_grid,0,24,4601,-284.0,200,0,0.961,0.054402
DQN,deceptive_grid,0,25,4801,-360.0,200,0,0.9593,0.040622
DQN,deceptive_grid,0,26,4816,-8.0,15,1,0.9591,0.065747
DQN,deceptive_grid,0,27,5016,-300.0,200,0,0.9575,0.05938
DQN,deceptive_grid,0,28,5216,-252.0,200,0,0.9558,0.0498
DQN,deceptive_grid,0,29,5273,-54.0,57,1,0.9553,0.038457
DQN,deceptive_grid,0,30,5473,-280.0,200,0,0.9536,0.050165
DQN,deceptive_grid,0,31,5514,-46.0,41,1,0.9532,0.086109
DQN,deceptive_grid,0,32,5714,-264.0,200,0,0.9515,0.05352
DQN,deceptive_grid,0,33,5914,-256.0,200,0,0.9498,0.048473
DQN,deceptive_grid,0,34,5944,-43.0,30,1,0.9496,0.040204
DQN,deceptive_grid,0,35,6144,-260.0,200,0,0.9479,0.054863
DQN,deceptive_grid,0,36,6344,-232.0,200,0,0.9462,0.040904
DQN,deceptive_grid,0,37,6544,-232.0,200,0,0.9445,0.050412
DQN,deceptive_grid,0,38,6744,-256.0,200,0,0.9428,0.048129
DQN,deceptive_grid,0,39,6944,-288.0,200,0,0.9411,0.041516
DQN,deceptive_grid,0,40,7144,-260.0,200,0,0.9394,0.055749
DQN,deceptive_grid,0,41,7344,-240.0,200,0,0.9377,0.052643
DQN,deceptive_grid,0,42,7544,-224.0,200,0,0.936,0.047737
DQN,deceptive_grid,0,43,7744,-220.0,200,0,0.9343,0.036262
DQN,deceptive_grid,0,44,7944,-260.0,200,0,0.9326,0.035197
DQN,deceptive_grid,0,45,8144,-272.0,200,0,0.9309,0.037023
DQN,deceptive_grid,0,46,8344,-272.0,200,0,0.9292,0.044899
DQN,deceptive_grid,0,47,8423,-104.0,79,1,0.9286,0.038815
DQN,deceptive_grid,0,48,8623,-288.0,200,0,0.9269,0.049138
DQN,deceptive_grid,0,49,8823,-248.0,200,0,0.9252,0.037912
DQN,deceptive_grid,0,50,9023,-260.0,200,0,0.9235,0.043127
DQN,deceptive_grid,0,51,9069,-39.0,46,1,0.9231,0.040504
DQN,deceptive_grid,0,52,9250,-214.0,181,1,0.9215,0.03084
DQN,deceptive_grid,0,53,9450,-224.0,200,0,0.9198,0.040046
DQN,deceptive_grid,0,54,9650,-264.0,200,0,0.9181,0.044691
DQN,deceptive_grid,0,55,9850,-284.0,200,0,0.9165,0.049381
DQN,deceptive_grid,0,56,9863,-6.0,13,1,0.9163,0.077074
DQN,deceptive_grid,0,57,10063,-220.0,200,0,0.9146,0.040929
DQN,deceptive_grid,0,58,10147,-101.0,84,1,0.9139,0.031234
DQN,deceptive_grid,0,59,10286,-228.0,139,1,0.9128,0.039223
DQN,deceptive_grid,0,60,10486,-328.0,200,0,0.9111,0.041626
DQN,deceptive_grid,0,61,10495,2.0,9,1,0.911,0.051424
DQN,deceptive_grid,0,62,10695,-240.0,200,0,0.9093,0.044064
DQN,deceptive_grid,0,63,10895,-308.0,200,0,0.9076,0.050445
DQN,deceptive_grid,0,64,11095,-284.0,200,0,0.9059,0.054154
DQN,deceptive_grid,0,65,11295,-288.0,200,0,0.9042,0.048244
DQN,deceptive_grid,0,66,11495,-288.0,200,0,0.9025,0.037096
DQN,deceptive_grid,0,67,11695,-236.0,200,0,0.9008,0.063569
DQN,deceptive_grid,0,68,11895,-296.0,200,0,0.8991,0.054348
DQN,deceptive_grid,0,69,12095,-324.0,200,0,0.8974,0.043401
DQN,deceptive_grid,0,70,12295,-252.0,200,0,0.8957,0.054097
DQN,deceptive_grid,0,71,12495,-268.0,200,0,0.894,0.048521
DQN,deceptive_grid,0,72,12695,-336.0,200,0,0.8923,0.056188
DQN,deceptive_grid,0,73,12895,-300.0,200,0,0.8906,0.038627
DQN,deceptive_grid,0,74,13095,-252.0,200,0,0.8889,0.04474
DQN,deceptive_grid,0,75,13295,-296.0,200,0,0.8872,0.055036
DQN,deceptive_grid,0,76,13355,-77.0,60,1,0.8867,0.045656
DQN,deceptive_grid,0,77,13555,-260.0,200,0,0.885,0.048442
DQN,deceptive_grid,0,78,13755,-224.0,200,0,0.8833,0.059305
DQN,deceptive_grid,0,79,13955,-224.0,200,0,0.8816,0.038945
DQN,deceptive_grid,0,80,14155,-248.0,200,0,0.8799,0.067025
DQN,deceptive_grid,0,81,14339,-229.0,184,1,0.8784,0.041064
DQN,deceptive_grid,0,82,14534,-240.0,195,1,0.8767,0.058055
DQN,deceptive_grid,0,83,14734,-228.0,200,0,0.875,0.044203
DQN,deceptive_grid,0,84,14934,-236.0,200,0,0.8733,0.033436
DQN,deceptive_grid,0,85,15134,-220.0,200,0,0.8716,0.0511
DQN,deceptive_grid,0,86,15334,-272.0,200,0,0.8699,0.052217
DQN,deceptive_grid,0,87,15534,-240.0,200,0,0.8682,0.061637
DQN,deceptive_grid,0,88,15734,-292.0,200,0,0.8665,0.045399
DQN,deceptive_grid,0,89,15851,-166.0,117,1,0.8655,0.045046
DQN,deceptive_grid,0,90,16051,-232.0,200,0,0.8639,0.060373
DQN,deceptive_grid,0,91,16251,-264.0,200,0,0.8622,0.0513
DQN,deceptive_grid,0,92,16380,-150.0,129,1,0.8611,0.044158
DQN,deceptive_grid,0,93,16580,-248.0,200,0,0.8594,0.064051
DQN,deceptive_grid,0,94,16780,-276.0,200,0,0.8577,0.067028
DQN,deceptive_grid,0,95,16851,-72.0,71,1,0.8571,0.041202
DQN,deceptive_grid,0,96,17051,-300.0,200,0,0.8554,0.072998
DQN,deceptive_grid,0,97,17251,-264.0,200,0,0.8537,0.060559
DQN,deceptive_grid,0,98,17451,-240.0,200,0,0.852,0.051392
DQN,deceptive_grid,0,99,17651,-288.0,200,0,0.8503,0.072783
DQN,deceptive_grid,0,100,17676,-22.0,25,1,0.8501,0.12989
DQN,deceptive_grid,0,101,17797,-142.0,121,1,0.849,0.056454
DQN,deceptive_grid,0,102,17899,-143.0,102,1,0.8482,0.062818
DQN,deceptive_grid,0,103,18099,-236.0,200,0,0.8465,0.086601
DQN,deceptive_grid,0,104,18299,-276.0,200,0,0.8448,0.091606
DQN,deceptive_grid,0,105,18347,-53.0,48,1,0.8444,0.083096
DQN,deceptive_grid,0,106,18406,-76.0,59,1,0.8439,0.070839
DQN,deceptive_grid,0,107,18606,-316.0,200,0,0.8422,0.076944
DQN,deceptive_grid,0,108,18806,-252.0,200,0,0.8405,0.075653
DQN,deceptive_grid,0,109,18849,-36.0,43,1,0.8401,0.148104
DQN,deceptive_grid,0,110,19049,-256.0,200,0,0.8384,0.073052
DQN,deceptive_grid,0,111,19198,-178.0,149,1,0.8372,0.105387
DQN,deceptive_grid,0,112,19398,-220.0,200,0,0.8355,0.08238
DQN,deceptive_grid,0,113,19441,-64.0,43,1,0.8351,0.07879
DQN,deceptive_grid,0,114,19618,-198.0,177,1,0.8336,0.094345
DQN,deceptive_grid,0,115,19713,-124.0,95,1,0.8328,0.090052
DQN,deceptive_grid,0,116,19714,10.0,1,1,0.8328,0.44337
DQN,deceptive_grid,0,117,19914,-268.0,200,0,0.8311,0.085534
DQN,deceptive_grid,0,118,20114,-212.0,200,0,0.8294,0.105582
DQN,deceptive_grid,0,119,20146,-41.0,32,1,0.8291,0.081001
DQN,deceptive_grid,0,120,20346,-248.0,200,0,0.8274,0.113214
DQN,deceptive_grid,0,121,20546,-256.0,200,0,0.8257,0.083747
DQN,deceptive_grid,0,122,20746,-256.0,200,0,0.824,0.114276
DQN,deceptive_grid,0,123,20881,-176.0,135,1,0.8229,0.104887
DQN,deceptive_grid,0,124,21081,-228.0,200,0,0.8212,0.123371
DQN,deceptive_grid,0,125,21170,-86.0,89,1,0.8204,0.117563
DQN,deceptive_grid,0,126,21370,-272.0,200,0,0.8187,0.13345
DQN,deceptive_grid,0,127,21405,-36.0,35,1,0.8184,0.105517
DQN,deceptive_grid,0,128,21441,-45.0,36,1,0.8181,0.118223
DQN,deceptive_grid,0,129,21470,-30.0,29,1,0.8179,0.084213
DQN,deceptive_grid,0,130,21562,-109.0,92,1,0.8171,0.158367
DQN,deceptive_grid,0,131,21602,-41.0,40,1,0.8168,0.14705
DQN,deceptive_grid,0,132,21625,-16.0,23,1,0.8166,0.128825
DQN,deceptive_grid,0,133,21674,-62.0,49,1,0.8162,0.119676
DQN,deceptive_grid,0,134,21874,-244.0,200,0,0.8145,0.131473
DQN,deceptive_grid,0,135,21949,-104.0,75,1,0.8138,0.162925
DQN,deceptive_grid,0,136,22031,-111.0,82,1,0.8131,0.170432
DQN,deceptive_grid,0,137,22231,-236.0,200,0,0.8114,0.162617
DQN,deceptive_grid,0,138,22431,-228.0,200,0,0.8097,0.164526
DQN,deceptive_grid,0,139,22539,-141.0,108,1,0.8088,0.14919
DQN,deceptive_grid,0,140,22739,-244.0,200,0,0.8071,0.154022
DQN,deceptive_grid,0,141,22939,-236.0,200,0,0.8054,0.153019
DQN,deceptive_grid,0,142,23020,-78.0,81,1,0.8047,0.143394
DQN,deceptive_grid,0,143,23059,-36.0,39,1,0.8044,0.183103
DQN,deceptive_grid,0,144,23135,-81.0,76,1,0.8038,0.152639
DQN,deceptive_grid,0,145,23246,-136.0,111,1,0.8028,0.191689
DQN,deceptive_grid,0,146,23446,-240.0,200,0,0.8011,0.183662
DQN,deceptive_grid,0,147,23561,-136.0,115,1,0.8002,0.194041
DQN,deceptive_grid,0,148,23604,-52.0,43,1,0.7998,0.226179
DQN,deceptive_grid,0,149,23804,-308.0,200,0,0.7981,0.193976
DQN,deceptive_grid,0,150,24004,-308.0,200,0,0.7964,0.179608
DQN,deceptive_grid,0,151,24204,-248.0,200,0,0.7947,0.23674
DQN,deceptive_grid,0,152,24404,-320.0,200,0,0.793,0.213651
DQN,deceptive_grid,0,153,24441,-34.0,37,1,0.7927,0.212943
DQN,deceptive_grid,0,154,24535,-95.0,94,1,0.7919,0.209741
DQN,deceptive_grid,0,155,24702,-192.0,167,1,0.7905,0.249187
DQN,deceptive_grid,0,156,24877,-200.0,175,1,0.789,0.253102
DQN,deceptive_grid,0,157,25077,-296.0,200,0,0.7873,0.236596
DQN,deceptive_grid,0,158,25108,-48.0,31,1,0.787,0.310878
DQN,deceptive_grid,0,159,25308,-276.0,200,0,0.7853,0.244734
DQN,deceptive_grid,0,160,25346,-35.0,38,1,0.785,0.227245
DQN,deceptive_grid,0,161,25374,-21.0,28,1,0.7848,0.230644
DQN,deceptive_grid,0,162,25389,-4.0,15,1,0.7846,0.28495
DQN,deceptive_grid,0,163,25589,-256.0,200,0,0.783,0.231364
DQN,deceptive_grid,0,164,25789,-268.0,200,0,0.7813,0.239417
DQN,deceptive_grid,0,165,25989,-260.0,200,0,0.7796,0.28645
DQN,deceptive_grid,0,166,26056,-64.0,67,1,0.779,0.306722
DQN,deceptive_grid,0,167,26256,-312.0,200,0,0.7773,0.333373
DQN,deceptive_grid,0,168,26270,-15.0,14,1,0.7772,0.27574
DQN,deceptive_grid,0,169,26470,-252.0,200,0,0.7755,0.290014
DQN,deceptive_grid,0,170,26579,-118.0,109,1,0.7746,0.349856
DQN,deceptive_grid,0,171,26779,-296.0,200,0,0.7729,0.30359
DQN,deceptive_grid,0,172,26837,-67.0,58,1,0.7724,0.30838
DQN,deceptive_grid,0,173,26874,-26.0,37,1,0.7721,0.317459
DQN,deceptive_grid,0,174,27074,-296.0,200,0,0.7704,0.315319
DQN,deceptive_grid,0,175,27127,-62.0,53,1,0.7699,0.299937
DQN,deceptive_grid,0,176,27162,-28.0,35,1,0.7696,0.389791
DQN,deceptive_grid,0,177,27362,-248.0,200,0,0.7679,0.339973
DQN,deceptive_grid,0,178,27562,-280.0,200,0,0.7662,0.33805
DQN,deceptive_grid,0,179,27762,-284.0,200,0,0.7645,0.376353
DQN,deceptive_grid,0,180,27842,-93.0,80,1,0.7638,0.351792
DQN,deceptive_grid,0,181,27870,-29.0,28,1,0.7636,0.392316
DQN,deceptive_grid,0,182,27893,-20.0,23,1,0.7634,0.297314
DQN,deceptive_grid,0,183,27928,-48.0,35,1,0.7631,0.481037
DQN,deceptive_grid,0,184,27952,-13.0,24,1,0.7629,0.35223
DQN,deceptive_grid,0,185,27958,5.0,6,1,0.7629,0.275417
DQN,deceptive_grid,0,186,28158,-216.0,200,0,0.7612,0.427346
DQN,deceptive_grid,0,187,28358,-312.0,200,0,0.7595,0.41684
DQN,deceptive_grid,0,188,28408,-47.0,50,1,0.759,0.323854
DQN,deceptive_grid,0,189,28608,-272.0,200,0,0.7573,0.427936
DQN,deceptive_grid,0,190,28648,-45.0,40,1,0.757,0.399226
DQN,deceptive_grid,0,191,28702,-55.0,54,1,0.7565,0.422874
DQN,deceptive_grid,0,192,28778,-93.0,76,1,0.7559,0.431962
DQN,deceptive_grid,0,193,28827,-46.0,49,1,0.7555,0.435241
DQN,deceptive_grid,0,194,29027,-316.0,200,0,0.7538,0.430743
DQN,deceptive_grid,0,195,29192,-182.0,165,1,0.7524,0.46832
DQN,deceptive_grid,0,196,29209,-14.0,17,1,0.7522,0.489958
DQN,deceptive_grid,0,197,29238,-18.0,29,1,0.752,0.410834
DQN,deceptive_grid,0,198,29301,-76.0,63,1,0.7515,0.423507
DQN,deceptive_grid,0,199,29501,-296.0,200,0,0.7498,0.410867
DQN,deceptive_grid,0,200,29522,-14.0,21,1,0.7496,0.62397
DQN,deceptive_grid,0,201,29597,-92.0,75,1,0.749,0.502809
DQN,deceptive_grid,0,202,29632,-32.0,35,1,0.7487,0.451196
DQN,deceptive_grid,0,203,29832,-312.0,200,0,0.747,0.458515
DQN,deceptive_grid,0,204,29898,-67.0,66,1,0.7464,0.521895
DQN,deceptive_grid,0,205,29917,-12.0,19,1,0.7462,0.429361
DQN,deceptive_grid,0,206,29921,-1.0,4,1,0.7462,0.481736
DQN,deceptive_grid,0,207,30121,-308.0,200,0,0.7445,0.522312
DQN,deceptive_grid,0,208,30159,-31.0,38,1,0.7442,0.481642
DQN,deceptive_grid,0,209,30164,6.0,5,1,0.7441,0.604294
DQN,deceptive_grid,0,210,30364,-360.0,200,0,0.7424,0.473243
DQN,deceptive_grid,0,211,30511,-180.0,147,1,0.7412,0.479411
DQN,deceptive_grid,0,212,30579,-57.0,68,1,0.7406,0.517294
DQN,deceptive_grid,0,213,30779,-336.0,200,0,0.7389,0.525761
DQN,deceptive_grid,0,214,30979,-336.0,200,0,0.7372,0.472804
DQN,deceptive_grid,0,215,31101,-115.0,122,1,0.7362,0.541833
DQN,deceptive_grid,0,216,31133,-29.0,32,1,0.7359,0.418641
DQN,deceptive_grid,0,217,31190,-62.0,57,1,0.7354,0.524456
DQN,deceptive_grid,0,218,31256,-75.0,66,1,0.7349,0.472183
DQN,deceptive_grid,0,219,31288,-29.0,32,1,0.7346,0.486966
DQN,deceptive_grid,0,220,31325,-30.0,37,1,0.7343,0.504305
DQN,deceptive_grid,0,221,31381,-61.0,56,1,0.7338,0.534716
DQN,deceptive_grid,0,222,31406,-18.0,25,1,0.7336,0.469839
DQN,deceptive_grid,0,223,31606,-328.0,200,0,0.7319,0.507123
DQN,deceptive_grid,0,224,31806,-268.0,200,0,0.7302,0.50966
DQN,deceptive_grid,0,225,31821,-4.0,15,1,0.7301,0.565296
DQN,deceptive_grid,0,226,31945,-133.0,124,1,0.729,0.498052
DQN,deceptive_grid,0,227,32016,-64.0,71,1,0.7284,0.511973
DQN,deceptive_grid,0,228,32083,-80.0,67,1,0.7279,0.501997
DQN,deceptive_grid,0,229,32283,-296.0,200,0,0.7262,0.510722
DQN,deceptive_grid,0,230,32389,-115.0,106,1,0.7253,0.506934
DQN,deceptive_grid,0,231,32589,-284.0,200,0,0.7236,0.568991
DQN,deceptive_grid,0,232,32613,-17.0,24,1,0.7234,0.519031
DQN,deceptive_grid,0,233,32626,-6.0,13,1,0.7233,0.626845
DQN,deceptive_grid,0,234,32668,-35.0,42,1,0.7229,0.527982
DQN,deceptive_grid,0,235,32868,-272.0,200,0,0.7212,0.529295
DQN,deceptive_grid,0,236,32943,-68.0,75,1,0.7206,0.55059
DQN,deceptive_grid,0,237,32983,-29.0,40,1,0.7202,0.550244
DQN,deceptive_grid,0,238,33047,-57.0,64,1,0.7197,0.566795
DQN,deceptive_grid,0,239,33092,-38.0,45,1,0.7193,0.566975
DQN,deceptive_grid,0,240,33163,-72.0,71,1,0.7187,0.548755
DQN,deceptive_grid,0,241,33363,-300.0,200,0,0.717,0.531674
DQN,deceptive_grid,0,242,33404,-38.0,41,1,0.7167,0.617285
DQN,deceptive_grid,0,243,33504,-125.0,100,1,0.7158,0.540722
DQN,deceptive_grid,0,244,33605,-106.0,101,1,0.715,0.549742
DQN,deceptive_grid,0,245,33641,-37.0,36,1,0.7147,0.494832
DQN,deceptive_grid,0,246,33658,-14.0,17,1,0.7145,0.599915
DQN,deceptive_grid,0,247,33763,-114.0,105,1,0.7136,0.500157
DQN,deceptive_grid,0,248,33816,-50.0,53,1,0.7132,0.506816
DQN,deceptive_grid,0,249,33886,-75.0,70,1,0.7126,0.541562
DQN,deceptive_grid,0,250,34022,-149.0,136,1,0.7114,0.523828
DQN,deceptive_grid,0,251,34096,-63.0,74,1,0.7108,0.551726
DQN,deceptive_grid,0,252,34161,-54.0,65,1,0.7102,0.575964
DQN,deceptive_grid,0,253,34271,-131.0,110,1,0.7093,0.544581
DQN,deceptive_grid,0,254,34326,-60.0,55,1,0.7088,0.526233
DQN,deceptive_grid,0,255,34413,-84.0,87,1,0.7081,0.581506
DQN,deceptive_grid,0,256,34488,-72.0,75,1,0.7075,0.594259
DQN,deceptive_grid,0,257,34584,-93.0,96,1,0.7067,0.585182
DQN,deceptive_grid,0,258,34756,-197.0,172,1,0.7052,0.559048
DQN,deceptive_grid,0,259,34831,-76.0,75,1,0.7046,0.576202
DQN,deceptive_grid,0,260,34919,-97.0,88,1,0.7038,0.591212
DQN,deceptive_grid,0,261,34956,-38.0,37,1,0.7035,0.478458
DQN,deceptive_grid,0,262,34977,-10.0,21,1,0.7033,0.485903
DQN,deceptive_grid,0,263,35117,-157.0,140,1,0.7021,0.591181
DQN,deceptive_grid,0,264,35168,-44.0,51,1,0.7017,0.549345
DQN,deceptive_grid,0,265,35206,-31.0,38,1,0.7014,0.57961
DQN,deceptive_grid,0,266,35219,-2.0,13,1,0.7013,0.5016
DQN,deceptive_grid,0,267,35370,-176.0,151,1,0.7,0.562131
DQN,deceptive_grid,0,268,35465,-88.0,95,1,0.6992,0.536597
DQN,deceptive_grid,0,269,35565,-113.0,100,1,0.6983,0.561256
DQN,deceptive_grid,0,270,35694,-142.0,129,1,0.6972,0.593461
DQN,deceptive_grid,0,271,35764,-91.0,70,1,0.6966,0.6185
DQN,deceptive_grid,0,272,35872,-153.0,108,1,0.6957,0.559641
DQN,deceptive_grid,0,273,36025,-186.0,153,1,0.6944,0.609271
DQN,deceptive_grid,0,274,36094,-74.0,69,1,0.6938,0.60431
DQN,deceptive_grid,0,275,36158,-73.0,64,1,0.6933,0.603051
DQN,deceptive_grid,0,276,36245,-88.0,87,1,0.6926,0.58154
DQN,deceptive_grid,0,277,36445,-260.0,200,0,0.6909,0.56635
DQN,deceptive_grid,0,278,36488,-48.0,43,1,0.6905,0.539515
DQN,deceptive_grid,0,279,36569,-78.0,81,1,0.6898,0.587373
DQN,deceptive_grid,0,280,36646,-74.0,77,1,0.6892,0.530882
DQN,deceptive_grid,0,281,36811,-198.0,165,1,0.6878,0.512974
DQN,deceptive_grid,0,282,36990,-228.0,179,1,0.6862,0.544653
DQN,deceptive_grid,0,283,37098,-133.0,108,1,0.6853,0.571702
DQN,deceptive_grid,0,284,37188,-87.0,90,1,0.6846,0.5975
DQN,deceptive_grid,0,285,37313,-134.0,125,1,0.6835,0.536774
DQN,deceptive_grid,0,286,37337,-21.0,24,1,0.6833,0.518977
DQN,deceptive_grid,0,287,37406,-74.0,69,1,0.6827,0.578271
DQN,deceptive_grid,0,288,37489,-76.0,83,1,0.682,0.547202
DQN,deceptive_grid,0,289,37572,-92.0,83,1,0.6813,0.564827
DQN,deceptive_grid,0,290,37654,-83.0,82,1,0.6806,0.516096
DQN,deceptive_grid,0,291,37783,-142.0,129,1,0.6795,0.50284
DQN,deceptive_grid,0,292,37893,-119.0,110,1,0.6786,0.530716
DQN,deceptive_grid,0,293,37937,-49.0,44,1,0.6782,0.519396
DQN,deceptive_grid,0,294,38069,-145.0,132,1,0.6771,0.541971
DQN,deceptive_grid,0,295,38176,-116.0,107,1,0.6762,0.513022
DQN,deceptive_grid,0,296,38355,-212.0,179,1,0.6747,0.490244
DQN,deceptive_grid,0,297,38381,-23.0,26,1,0.6744,0.468409
DQN,deceptive_grid,0,298,38465,-81.0,84,1,0.6737,0.502963
DQN,deceptive_grid,0,299,38518,-42.0,53,1,0.6733,0.577013
DQN,deceptive_grid,0,300,38598,-85.0,80,1,0.6726,0.525895
DQN,deceptive_grid,0,301,38695,-118.0,97,1,0.6718,0.485566
DQN,deceptive_grid,0,302,38843,-185.0,148,1,0.6705,0.487958
DQN,deceptive_grid,0,303,38898,-52.0,55,1,0.6701,0.465916
DQN,deceptive_grid,0,304,39039,-182.0,141,1,0.6689,0.502353
DQN,deceptive_grid,0,305,39107,-57.0,68,1,0.6683,0.498214
DQN,deceptive_grid,0,306,39190,-72.0,83,1,0.6676,0.492821
DQN,deceptive_grid,0,307,39332,-139.0,142,1,0.6664,0.481615
DQN,deceptive_grid,0,308,39458,-151.0,126,1,0.6653,0.472967
DQN,deceptive_grid,0,309,39527,-78.0,69,1,0.6647,0.487453
DQN,deceptive_grid,0,310,39596,-70.0,69,1,0.6641,0.483765
DQN,deceptive_grid,0,311,39640,-33.0,44,1,0.6638,0.460434
DQN,deceptive_grid,0,312,39734,-127.0,94,1,0.663,0.478241
DQN,deceptive_grid,0,313,39789,-52.0,55,1,0.6625,0.45608
DQN,deceptive_grid,0,314,39836,-40.0,47,1,0.6621,0.46281
DQN,deceptive_grid,0,315,39899,-68.0,63,1,0.6616,0.48774
DQN,deceptive_grid,0,316,39953,-51.0,54,1,0.6611,0.415575
DQN,deceptive_grid,0,317,40060,-116.0,107,1,0.6602,0.471549
DQN,deceptive_grid,0,318,40076,-9.0,16,1,0.6601,0.442257
DQN,deceptive_grid,0,319,40107,-20.0,31,1,0.6598,0.507856
DQN,deceptive_grid,0,320,40287,-193.0,180,1,0.6583,0.437096
DQN,deceptive_grid,0,321,40366,-72.0,79,1,0.6576,0.439486
DQN,deceptive_grid,0,322,40475,-114.0,109,1,0.6567,0.449235
DQN,deceptive_grid,0,323,40520,-34.0,45,1,0.6563,0.513212
DQN,deceptive_grid,0,324,40632,-113.0,112,1,0.6554,0.471514
DQN,deceptive_grid,0,325,40690,-55.0,58,1,0.6549,0.464486
DQN,deceptive_grid,0,326,40804,-111.0,114,1,0.6539,0.432934
DQN,deceptive_grid,0,327,40914,-107.0,110,1,0.653,0.43245
DQN,deceptive_grid,0,328,40941,-28.0,27,1,0.6527,0.400606
DQN,deceptive_grid,0,329,41003,-63.0,62,1,0.6522,0.447091
DQN,deceptive_grid,0,330,41050,-56.0,47,1,0.6518,0.479384
DQN,deceptive_grid,0,331,41103,-50.0,53,1,0.6514,0.497438
DQN,deceptive_grid,0,332,41238,-152.0,135,1,0.6502,0.429753
DQN,deceptive_grid,0,333,41258,-13.0,20,1,0.65,0.449677
DQN,deceptive_grid,0,334,41303,-34.0,45,1,0.6497,0.429007
DQN,deceptive_grid,0,335,41376,-82.0,73,1,0.649,0.422862
DQN,deceptive_grid,0,336,41394,-7.0,18,1,0.6489,0.446787
DQN,deceptive_grid,0,337,41445,-44.0,51,1,0.6485,0.390245
DQN,deceptive_grid,0,338,41486,-30.0,41,1,0.6481,0.428561
DQN,deceptive_grid,0,339,41562,-69.0,76,1,0.6475,0.48703
DQN,deceptive_grid,0,340,41629,-68.0,67,1,0.6469,0.44896
DQN,deceptive_grid,0,341,41692,-52.0,63,1,0.6464,0.398842
DQN,deceptive_grid,0,342,41765,-86.0,73,1,0.6457,0.441129
DQN,deceptive_grid,0,343,41864,-112.0,99,1,0.6449,0.413482
DQN,deceptive_grid,0,344,41907,-60.0,43,1,0.6445,0.440058
DQN,deceptive_grid,0,345,41939,-29.0,32,1,0.6443,0.38536
DQN,deceptive_grid,0,346,42018,-72.0,79,1,0.6436,0.450496
DQN,deceptive_grid,0,347,42077,-48.0,59,1,0.6431,0.487699
DQN,deceptive_grid,0,348,42141,-61.0,64,1,0.6426,0.440023
DQN,deceptive_grid,0,349,42262,-130.0,121,1,0.6415,0.433399
DQN,deceptive_grid,0,350,42283,-10.0,21,1,0.6413,0.421873
DQN,deceptive_grid,0,351,42337,-51.0,54,1,0.6409,0.42909
DQN,deceptive_grid,0,352,42348,-4.0,11,1,0.6408,0.368149
DQN,deceptive_grid,0,353,42406,-47.0,58,1,0.6403,0.397239
DQN,deceptive_grid,0,354,42500,-95.0,94,1,0.6395,0.411483
DQN,deceptive_grid,0,355,42550,-47.0,50,1,0.6391,0.494281
DQN,deceptive_grid,0,356,42558,-1.0,8,1,0.639,0.48453
DQN,deceptive_grid,0,357,42582,-13.0,24,1,0.6388,0.371401
DQN,deceptive_grid,0,358,42602,-17.0,20,1,0.6386,0.460154
DQN,deceptive_grid,0,359,42615,-6.0,13,1,0.6385,0.441356
DQN,deceptive_grid,0,360,42645,-23.0,30,1,0.6383,0.427878
DQN,deceptive_grid,0,361,42671,-19.0,26,1,0.6381,0.383018
DQN,deceptive_grid,0,362,42680,2.0,9,1,0.638,0.322821
DQN,deceptive_grid,0,363,42712,-37.0,32,1,0.6377,0.427602
DQN,deceptive_grid,0,364,42761,-42.0,49,1,0.6373,0.480853
DQN,deceptive_grid,0,365,42838,-74.0,77,1,0.6366,0.411052
DQN,deceptive_grid,0,366,42958,-109.0,120,1,0.6356,0.424205
DQN,deceptive_grid,0,367,43042,-81.0,84,1,0.6349,0.465545
DQN,deceptive_grid,0,368,43096,-67.0,54,1,0.6345,0.415997
DQN,deceptive_grid,0,369,43198,-103.0,102,1,0.6336,0.415194
DQN,deceptive_grid,0,370,43225,-20.0,27,1,0.6334,0.397434
DQN,deceptive_grid,0,371,43241,-5.0,16,1,0.6332,0.490093
DQN,deceptive_grid,0,372,43301,-65.0,60,1,0.6327,0.394112
DQN,deceptive_grid,0,373,43322,-22.0,21,1,0.6325,0.448869
DQN,deceptive_grid,0,374,43392,-63.0,70,1,0.6319,0.39914
DQN,deceptive_grid,0,375,43417,-26.0,25,1,0.6317,0.37906
DQN,deceptive_grid,0,376,43428,0.0,11,1,0.6316,0.475307
DQN,deceptive_grid,0,377,43475,-48.0,47,1,0.6312,0.35383
DQN,deceptive_grid,0,378,43548,-62.0,73,1,0.6306,0.473659
DQN,deceptive_grid,0,379,43642,-115.0,94,1,0.6298,0.423755
DQN,deceptive_grid,0,380,43658,-9.0,16,1,0.6297,0.454348
DQN,deceptive_grid,0,381,43673,-8.0,15,1,0.6296,0.456994
DQN,deceptive_grid,0,382,43770,-86.0,97,1,0.6287,0.4211
DQN,deceptive_grid,0,383,43812,-43.0,42,1,0.6284,0.43665
DQN,deceptive_grid,0,384,43847,-28.0,35,1,0.6281,0.360204
DQN,deceptive_grid,0,385,43858,0.0,11,1,0.628,0.51394
DQN,deceptive_grid,0,386,43894,-25.0,36,1,0.6277,0.360647
DQN,deceptive_grid,0,387,43947,-42.0,53,1,0.6272,0.393861
DQN,deceptive_grid,0,388,44017,-67.0,70,1,0.6266,0.410839
DQN,deceptive_grid,0,389,44072,-56.0,55,1,0.6262,0.404561
DQN,deceptive_grid,0,390,44080,3.0,8,1,0.6261,0.442231
DQN,deceptive_grid,0,391,44133,-66.0,53,1,0.6257,0.420604
DQN,deceptive_grid,0,392,44166,-22.0,33,1,0.6254,0.441367
DQN,deceptive_grid,0,393,44277,-128.0,111,1,0.6244,0.402789
DQN,deceptive_grid,0,394,44356,-80.0,79,1,0.6238,0.391798
DQN,deceptive_grid,0,395,44384,-21.0,28,1,0.6235,0.429075
DQN,deceptive_grid,0,396,44411,-16.0,27,1,0.6233,0.39117
DQN,deceptive_grid,0,397,44432,-10.0,21,1,0.6231,0.404692
DQN,deceptive_grid,0,398,44437,6.0,5,1,0.6231,0.329434
DQN,deceptive_grid,0,399,44471,-27.0,34,1,0.6228,0.368867
DQN,deceptive_grid,0,400,44485,-3.0,14,1,0.6227,0.355608
DQN,deceptive_grid,0,401,44494,2.0,9,1,0.6226,0.36874
DQN,deceptive_grid,0,402,44568,-67.0,74,1,0.622,0.423515
DQN,deceptive_grid,0,403,44571,0.0,3,1,0.6219,0.418742
DQN,deceptive_grid,0,404,44600,-18.0,29,1,0.6217,0.361053
DQN,deceptive_grid,0,405,44629,-18.0,29,1,0.6215,0.390776
DQN,deceptive_grid,0,406,44680,-60.0,51,1,0.621,0.377932
DQN,deceptive_grid,0,407,44707,-24.0,27,1,0.6208,0.500215
DQN,deceptive_grid,0,408,44769,-59.0,62,1,0.6203,0.390028
DQN,deceptive_grid,0,409,44872,-108.0,103,1,0.6194,0.394631
DQN,deceptive_grid,0,410,44899,-16.0,27,1,0.6192,0.380459
DQN,deceptive_grid,0,411,44911,-9.0,12,1,0.6191,0.398731
DQN,deceptive_grid,0,412,44958,-36.0,47,1,0.6187,0.397508
DQN,deceptive_grid,0,413,44996,-39.0,38,1,0.6183,0.401236
DQN,deceptive_grid,0,414,45004,3.0,8,1,0.6183,0.483852
DQN,deceptive_grid,0,415,45048,-33.0,44,1,0.6179,0.379846
DQN,deceptive_grid,0,416,45101,-58.0,53,1,0.6174,0.41284
DQN,deceptive_grid,0,417,45149,-49.0,48,1,0.617,0.411456
DQN,deceptive_grid,0,418,45193,-49.0,44,1,0.6167,0.412033
DQN,deceptive_grid,0,419,45220,-16.0,27,1,0.6164,0.387139
DQN,deceptive_grid,0,420,45237,-10.0,17,1,0.6163,0.383794
DQN,deceptive_grid,0,421,45358,-122.0,121,1,0.6153,0.379136
DQN,deceptive_grid,0,422,45419,-62.0,61,1,0.6147,0.415582
DQN,deceptive_grid,0,423,45459,-29.0,40,1,0.6144,0.361126
DQN,deceptive_grid,0,424,45539,-89.0,80,1,0.6137,0.387164
DQN,deceptive_grid,0,425,45574,-32.0,35,1,0.6134,0.389038
DQN,deceptive_grid,0,426,45644,-63.0,70,1,0.6128,0.357882
DQN,deceptive_grid,0,427,45701,-46.0,57,1,0.6124,0.377928
DQN,deceptive_grid,0,428,45744,-48.0,43,1,0.612,0.403477
DQN,deceptive_grid,0,429,45823,-80.0,79,1,0.6113,0.388025
DQN,deceptive_grid,0,430,45891,-65.0,68,1,0.6107,0.396737
DQN,deceptive_grid,0,431,45961,-63.0,70,1,0.6102,0.361605
DQN,deceptive_grid,0,432,46013,-45.0,52,1,0.6097,0.461305
DQN,deceptive_grid,0,433,46018,6.0,5,1,0.6097,0.52429
DQN,deceptive_grid,0,434,46025,4.0,7,1,0.6096,0.530907
DQN,deceptive_grid,0,435,46086,-66.0,61,1,0.6091,0.403052
DQN,deceptive_grid,0,436,46121,-24.0,35,1,0.6088,0.376019
DQN,deceptive_grid,0,437,46187,-63.0,66,1,0.6082,0.380279
DQN,deceptive_grid,0,438,46189,9.0,2,1,0.6082,0.274362
DQN,deceptive_grid,0,439,46239,-47.0,50,1,0.6078,0.38578
DQN,deceptive_grid,0,440,46272,-30.0,33,1,0.6075,0.363401
DQN,deceptive_grid,0,441,46281,-2.0,9,1,0.6074,0.393594
DQN,deceptive_grid,0,442,46284,8.0,3,1,0.6074,0.420585
DQN,deceptive_grid,0,443,46361,-74.0,77,1,0.6068,0.363807
DQN,deceptive_grid,0,444,46404,-36.0,43,1,0.6064,0.346995
DQN,deceptive_grid,0,445,46482,-75.0,78,1,0.6057,0.359805
DQN,deceptive_grid,0,446,46538,-45.0,56,1,0.6053,0.394935
DQN,deceptive_grid,0,447,46580,-43.0,42,1,0.6049,0.411747
DQN,deceptive_grid,0,448,46654,-67.0,74,1,0.6043,0.381946
DQN,deceptive_grid,0,449,46727,-82.0,73,1,0.6037,0.377397
DQN,deceptive_grid,0,450,46739,-1.0,12,1,0.6036,0.378891
DQN,deceptive_grid,0,451,46765,-15.0,26,1,0.6033,0.404274
DQN,deceptive_grid,0,452,46786,-10.0,21,1,0.6032,0.396596
DQN,deceptive_grid,0,453,46803,-6.0,17,1,0.603,0.352438
DQN,deceptive_grid,0,454,46881,-87.0,78,1,0.6023,0.332236
DQN,deceptive_grid,0,455,46938,-54.0,57,1,0.6019,0.389857
DQN,deceptive_grid,0,456,47026,-97.0,88,1,0.6011,0.353173
DQN,deceptive_grid,0,457,47111,-86.0,85,1,0.6004,0.345614
DQN,deceptive_grid,0,458,47139,-29.0,28,1,0.6002,0.413431
DQN,deceptive_grid,0,459,47199,-49.0,60,1,0.5997,0.346101
DQN,deceptive_grid,0,460,47242,-32.0,43,1,0.5993,0.345949
DQN,deceptive_grid,0,461,47312,-75.0,70,1,0.5987,0.334883
DQN,deceptive_grid,0,462,47397,-102.0,85,1,0.598,0.326462
DQN,deceptive_grid,0,463,47447,-55.0,50,1,0.5975,0.30017
DQN,deceptive_grid,0,464,47475,-17.0,28,1,0.5973,0.441208
DQN,deceptive_grid,0,465,47507,-21.0,32,1,0.597,0.396475
DQN,deceptive_grid,0,466,47535,-25.0,28,1,0.5968,0.335175
DQN,deceptive_grid,0,467,47649,-119.0,114,1,0.5958,0.329742
DQN,deceptive_grid,0,468,47651,9.0,2,1,0.5958,0.312877
DQN,deceptive_grid,0,469,47686,-24.0,35,1,0.5955,0.305355
DQN,deceptive_grid,0,470,47757,-68.0,71,1,0.5949,0.296844
DQN,deceptive_grid,0,471,47807,-39.0,50,1,0.5945,0.32645
DQN,deceptive_grid,0,472,47847,-41.0,40,1,0.5942,0.322944
DQN,deceptive_grid,0,473,47882,-28.0,35,1,0.5939,0.288433
DQN,deceptive_grid,0,474,47943,-54.0,61,1,0.5933,0.306674
DQN,deceptive_grid,0,475,48037,-95.0,94,1,0.5925,0.332945
DQN,deceptive_grid,0,476,48065,-17.0,28,1,0.5923,0.358154
DQN,deceptive_grid,0,477,48084,-12.0,19,1,0.5921,0.285906
DQN,deceptive_grid,0,478,48136,-49.0,52,1,0.5917,0.314827
DQN,deceptive_grid,0,479,48165,-22.0,29,1,0.5915,0.292649
DQN,deceptive_grid,0,480,48175,-7.0,10,1,0.5914,0.285204
DQN,deceptive_grid,0,481,48230,-52.0,55,1,0.5909,0.286413
DQN,deceptive_grid,0,482,48277,-40.0,47,1,0.5905,0.287167
DQN,deceptive_grid,0,483,48338,-50.0,61,1,0.59,0.28659
DQN,deceptive_grid,0,484,48352,-11.0,14,1,0.5899,0.288082
DQN,deceptive_grid,0,485,48408,-45.0,56,1,0.5894,0.271995
DQN,deceptive_grid,0,486,48420,-1.0,12,1,0.5893,0.238953
DQN,deceptive_grid,0,487,48488,-65.0,68,1,0.5887,0.245375
DQN,deceptive_grid,0,488,48523,-24.0,35,1,0.5884,0.308404
DQN,deceptive_grid,0,489,48561,-39.0,38,1,0.5881,0.292302
DQN,deceptive_grid,0,490,48577,-5.0,16,1,0.588,0.254068
DQN,deceptive_grid,0,491,48631,-51.0,54,1,0.5875,0.261952
DQN,deceptive_grid,0,492,48689,-67.0,58,1,0.587,0.262541
DQN,deceptive_grid,0,493,48712,-12.0,23,1,0.5868,0.248611
DQN,deceptive_grid,0,494,48766,-51.0,54,1,0.5864,0.25521
DQN,deceptive_grid,0,495,48785,-8.0,19,1,0.5862,0.250707
DQN,deceptive_grid,0,496,48787,9.0,2,1,0.5862,0.267865
DQN,deceptive_grid,0,497,48841,-55.0,54,1,0.5857,0.257359
DQN,deceptive_grid,0,498,48886,-34.0,45,1,0.5853,0.264349
DQN,deceptive_grid,0,499,48964,-75.0,78,1,0.5847,0.250852
DQN,deceptive_grid,0,500,48978,-3.0,14,1,0.5846,0.248859
DQN,deceptive_grid,0,501,49043,-62.0,65,1,0.584,0.256415
DQN,deceptive_grid,0,502,49114,-68.0,71,1,0.5834,0.241674
DQN,deceptive_grid,0,503,49190,-81.0,76,1,0.5828,0.22701
DQN,deceptive_grid,0,504,49260,-63.0,70,1,0.5822,0.219009
DQN,deceptive_grid,0,505,49277,-10.0,17,1,0.582,0.267724
DQN,deceptive_grid,0,506,49297,-9.0,20,1,0.5819,0.204462
DQN,deceptive_grid,0,507,49343,-43.0,46,1,0.5815,0.216994
DQN,deceptive_grid,0,508,49368,-14.0,25,1,0.5813,0.200912
DQN,deceptive_grid,0,509,49435,-64.0,67,1,0.5807,0.224249
DQN,deceptive_grid,0,510,49458,-20.0,23,1,0.5805,0.192338
DQN,deceptive_grid,0,511,49510,-41.0,52,1,0.58,0.255665
DQN,deceptive_grid,0,512,49558,-41.0,48,1,0.5796,0.239531
DQN,deceptive_grid,0,513,49614,-57.0,56,1,0.5792,0.200318
DQN,deceptive_grid,0,514,49639,-18.0,25,1,0.579,0.213815
DQN,deceptive_grid,0,515,49647,3.0,8,1,0.5789,0.191687
DQN,deceptive_grid,0,516,49734,-88.0,87,1,0.5781,0.18452
DQN,deceptive_grid,0,517,49757,-12.0,23,1,0.578,0.181075
DQN,deceptive_grid,0,518,49840,-88.0,83,1,0.5773,0.198761
DQN,deceptive_grid,0,519,49878,-27.0,38,1,0.5769,0.187588
DQN,deceptive_grid,0,520,49887,-2.0,9,1,0.5769,0.203375
DQN,deceptive_grid,0,521,49899,-1.0,12,1,0.5767,0.186984
DQN,deceptive_grid,0,522,49905,5.0,6,1,0.5767,0.16903
DQN,deceptive_grid,0,523,49925,-13.0,20,1,0.5765,0.189565
DQN,deceptive_grid,0,524,49989,-61.0,64,1,0.576,0.191379
DQN,deceptive_grid,0,525,50051,-59.0,62,1,0.5755,0.229338
DQN,deceptive_grid,0,526,50052,10.0,1,1,0.5755,0.126477
DQN,deceptive_grid,0,527,50081,-46.0,29,1,0.5752,0.155876
DQN,deceptive_grid,0,528,50144,-52.0,63,1,0.5747,0.165089
DQN,deceptive_grid,0,529,50179,-28.0,35,1,0.5744,0.155536
DQN,deceptive_grid,0,530,50249,-71.0,70,1,0.5738,0.161023
DQN,deceptive_grid,0,531,50259,-7.0,10,1,0.5737,0.179108
DQN,deceptive_grid,0,532,50315,-57.0,56,1,0.5732,0.152946
DQN,deceptive_grid,0,533,50347,-21.0,32,1,0.5729,0.167583
DQN,deceptive_grid,0,534,50367,-13.0,20,1,0.5728,0.148167
DQN,deceptive_grid,0,535,50410,-40.0,43,1,0.5724,0.15487
DQN,deceptive_grid,0,536,50451,-38.0,41,1,0.5721,0.148795
DQN,deceptive_grid,0,537,50457,5.0,6,1,0.572,0.140642
DQN,deceptive_grid,0,538,50497,-33.0,40,1,0.5717,0.13753
DQN,deceptive_grid,0,539,50531,-31.0,34,1,0.5714,0.197623
DQN,deceptive_grid,0,540,50593,-63.0,62,1,0.5709,0.15436
DQN,deceptive_grid,0,541,50639,-51.0,46,1,0.5705,0.1282
DQN,deceptive_grid,0,542,50689,-39.0,50,1,0.57,0.129078
DQN,deceptive_grid,0,543,50731,-39.0,42,1,0.5697,0.131572
DQN,deceptive_grid,0,544,50736,6.0,5,1,0.5696,0.130297
DQN,deceptive_grid,0,545,50786,-43.0,50,1,0.5692,0.11219
DQN,deceptive_grid,0,546,50843,-50.0,57,1,0.5687,0.123809
DQN,deceptive_grid,0,547,50877,-23.0,34,1,0.5685,0.112604
DQN,deceptive_grid,0,548,50943,-55.0,66,1,0.5679,0.11319
DQN,deceptive_grid,0,549,50990,-52.0,47,1,0.5675,0.122863
DQN,deceptive_grid,0,550,51012,-19.0,22,1,0.5673,0.169521
DQN,deceptive_grid,0,551,51075,-52.0,63,1,0.5668,0.140694
DQN,deceptive_grid,0,552,51087,-9.0,12,1,0.5667,0.138039
DQN,deceptive_grid,0,553,51125,-31.0,38,1,0.5664,0.118275
DQN,deceptive_grid,0,554,51139,-3.0,14,1,0.5662,0.103694
DQN,deceptive_grid,0,555,51177,-27.0,38,1,0.5659,0.120924
DQN,deceptive_grid,0,556,51200,-12.0,23,1,0.5657,0.106971
DQN,deceptive_grid,0,557,51226,-15.0,26,1,0.5655,0.111091
DQN,deceptive_grid,0,558,51235,2.0,9,1,0.5654,0.132446
DQN,deceptive_grid,0,559,51316,-90.0,81,1,0.5647,0.104362
DQN,deceptive_grid,0,560,51342,-23.0,26,1,0.5645,0.096843
DQN,deceptive_grid,0,561,51414,-61.0,72,1,0.5639,0.113712
DQN,deceptive_grid,0,562,51481,-88.0,67,1,0.5633,0.115898
DQN,deceptive_grid,0,563,51523,-59.0,42,1,0.563,0.138814
DQN,deceptive_grid,0,564,51547,-29.0,24,1,0.5628,0.105912
DQN,deceptive_grid,0,565,51567,-17.0,20,1,0.5626,0.114452
DQN,deceptive_grid,0,566,51571,7.0,4,1,0.5626,0.123591
DQN,deceptive_grid,0,567,51611,-41.0,40,1,0.5622,0.098958
DQN,deceptive_grid,0,568,51644,-34.0,33,1,0.5619,0.08843
DQN,deceptive_grid,0,569,51731,-80.0,87,1,0.5612,0.095762
DQN,deceptive_grid,0,570,51741,1.0,10,1,0.5611,0.083615
DQN,deceptive_grid,0,571,51794,-42.0,53,1,0.5607,0.077695
DQN,deceptive_grid,0,572,51875,-94.0,81,1,0.56,0.083886
DQN,deceptive_grid,0,573,51886,-4.0,11,1,0.5599,0.087633
DQN,deceptive_grid,0,574,51953,-68.0,67,1,0.5593,0.087752
DQN,deceptive_grid,0,575,51988,-36.0,35,1,0.559,0.0871
DQN,deceptive_grid,0,576,52002,-7.0,14,1,0.5589,0.085081
DQN,deceptive_grid,0,577,52061,-52.0,59,1,0.5584,0.097451
DQN,deceptive_grid,0,578,52104,-32.0,43,1,0.558,0.084221
DQN,deceptive_grid,0,579,52128,-25.0,24,1,0.5578,0.082354
DQN,deceptive_grid,0,580,52160,-25.0,32,1,0.5576,0.076353
DQN,deceptive_grid,0,581,52198,-27.0,38,1,0.5572,0.081082
DQN,deceptive_grid,0,582,52235,-38.0,37,1,0.5569,0.074662
DQN,deceptive_grid,0,583,52238,8.0,3,1,0.5569,0.069522
DQN,deceptive_grid,0,584,52300,-59.0,62,1,0.5564,0.083187
DQN,deceptive_grid,0,585,52332,-37.0,32,1,0.5561,0.073613
DQN,deceptive_grid,0,586,52408,-65.0,76,1,0.5555,0.079326
DQN,deceptive_grid,0,587,52453,-42.0,45,1,0.5551,0.075649
DQN,deceptive_grid,0,588,52505,-49.0,52,1,0.5546,0.072128
DQN,deceptive_grid,0,589,52557,-49.0,52,1,0.5542,0.082502
DQN,deceptive_grid,0,590,52587,-23.0,30,1,0.5539,0.078571
DQN,deceptive_grid,0,591,52620,-22.0,33,1,0.5537,0.079602
DQN,deceptive_grid,0,592,52663,-32.0,43,1,0.5533,0.074655
DQN,deceptive_grid,0,593,52690,-20.0,27,1,0.5531,0.06903
DQN,deceptive_grid,0,594,52739,-38.0,49,1,0.5527,0.067921
DQN,deceptive_grid,0,595,52771,-21.0,32,1,0.5524,0.071566
DQN,deceptive_grid,0,596,52798,-28.0,27,1,0.5522,0.063473
DQN,deceptive_grid,0,597,52832,-31.0,34,1,0.5519,0.059878
DQN,deceptive_grid,0,598,52882,-43.0,50,1,0.5514,0.066297
DQN,deceptive_grid,0,599,52926,-45.0,44,1,0.5511,0.064051
DQN,deceptive_grid,0,600,52954,-25.0,28,1,0.5508,0.067513
DQN,deceptive_grid,0,601,52975,-10.0,21,1,0.5507,0.071646
DQN,deceptive_grid,0,602,52990,-4.0,15,1,0.5505,0.068846
DQN,deceptive_grid,0,603,53031,-34.0,41,1,0.5502,0.085186
DQN,deceptive_grid,0,604,53053,-11.0,22,1,0.55,0.075163
DQN,deceptive_grid,0,605,53100,-40.0,47,1,0.5496,0.077684
DQN,deceptive_grid,0,606,53147,-36.0,47,1,0.5492,0.072156
DQN,deceptive_grid,0,607,53199,-57.0,52,1,0.5488,0.071214
DQN,deceptive_grid,0,608,53227,-17.0,28,1,0.5485,0.072912
DQN,deceptive_grid,0,609,53258,-24.0,31,1,0.5483,0.071024
DQN,deceptive_grid,0,610,53287,-18.0,29,1,0.548,0.063032
DQN,deceptive_grid,0,611,53322,-24.0,35,1,0.5477,0.068404
DQN,deceptive_grid,0,612,53333,0.0,11,1,0.5476,0.057848
DQN,deceptive_grid,0,613,53334,10.0,1,1,0.5476,0.078601
DQN,deceptive_grid,0,614,53364,-19.0,30,1,0.5474,0.063771
DQN,deceptive_grid,0,615,53407,-32.0,43,1,0.547,0.066055
DQN,deceptive_grid,0,616,53428,-14.0,21,1,0.5468,0.0646
DQN,deceptive_grid,0,617,53466,-27.0,38,1,0.5465,0.068259
DQN,deceptive_grid,0,618,53502,-29.0,36,1,0.5462,0.066215
DQN,deceptive_grid,0,619,53584,-83.0,82,1,0.5455,0.083536
DQN,deceptive_grid,0,620,53627,-40.0,43,1,0.5451,0.06747
DQN,deceptive_grid,0,621,53633,1.0,6,1,0.5451,0.074077
DQN,deceptive_grid,0,622,53698,-70.0,65,1,0.5445,0.060636
DQN,deceptive_grid,0,623,53761,-80.0,63,1,0.544,0.058761
DQN,deceptive_grid,0,624,53807,-43.0,46,1,0.5436,0.051527
DQN,deceptive_grid,0,625,53847,-37.0,40,1,0.5433,0.064578
DQN,deceptive_grid,0,626,53877,-19.0,30,1,0.543,0.054939
DQN,deceptive_grid,0,627,53880,8.0,3,1,0.543,0.06937
DQN,deceptive_grid,0,628,53933,-54.0,53,1,0.5425,0.057583
DQN,deceptive_grid,0,629,53959,-15.0,26,1,0.5423,0.056284
DQN,deceptive_grid,0,630,54039,-77.0,80,1,0.5416,0.068248
DQN,deceptive_grid,0,631,54071,-29.0,32,1,0.5414,0.058303
DQN,deceptive_grid,0,632,54113,-39.0,42,1,0.541,0.061446
DQN,deceptive_grid,0,633,54175,-55.0,62,1,0.5405,0.057769
DQN,deceptive_grid,0,634,54201,-15.0,26,1,0.5403,0.066062
DQN,deceptive_grid,0,635,54290,-82.0,89,1,0.5395,0.056177
DQN,deceptive_grid,0,636,54332,-31.0,42,1,0.5391,0.055757
DQN,deceptive_grid,0,637,54353,-18.0,21,1,0.539,0.066998
DQN,deceptive_grid,0,638,54412,-52.0,59,1,0.5385,0.057606
DQN,deceptive_grid,0,639,54431,-8.0,19,1,0.5383,0.05113
DQN,deceptive_grid,0,640,54448,-18.0,17,1,0.5382,0.044176
DQN,deceptive_grid,0,641,54485,-34.0,37,1,0.5379,0.055413
DQN,deceptive_grid,0,642,54509,-13.0,24,1,0.5376,0.053965
DQN,deceptive_grid,0,643,54586,-66.0,77,1,0.537,0.058759
DQN,deceptive_grid,0,644,54611,-18.0,25,1,0.5368,0.061154
DQN,deceptive_grid,0,645,54621,1.0,10,1,0.5367,0.049182
DQN,deceptive_grid,0,646,54633,-1.0,12,1,0.5366,0.066556
DQN,deceptive_grid,0,647,54646,-6.0,13,1,0.5365,0.069566
DQN,deceptive_grid,0,648,54719,-66.0,73,1,0.5359,0.052767
DQN,deceptive_grid,0,649,54756,-26.0,37,1,0.5356,0.050944
DQN,deceptive_grid,0,650,54800,-33.0,44,1,0.5352,0.05952
DQN,deceptive_grid,0,651,54845,-34.0,45,1,0.5348,0.055138
DQN,deceptive_grid,0,652,54894,-42.0,49,1,0.5344,0.052102
DQN,deceptive_grid,0,653,54933,-28.0,39,1,0.5341,0.050378
DQN,deceptive_grid,0,654,54999,-71.0,66,1,0.5335,0.049012
DQN,deceptive_grid,0,655,55030,-32.0,31,1,0.5332,0.077296
DQN,deceptive_grid,0,656,55045,-4.0,15,1,0.5331,0.062755
DQN,deceptive_grid,0,657,55123,-71.0,78,1,0.5324,0.056529
DQN,deceptive_grid,0,658,55147,-17.0,24,1,0.5322,0.055173
DQN,deceptive_grid,0,659,55226,-88.0,79,1,0.5316,0.057067
DQN,deceptive_grid,0,660,55272,-35.0,46,1,0.5312,0.058792
DQN,deceptive_grid,0,661,55300,-17.0,28,1,0.5309,0.059901
DQN,deceptive_grid,0,662,55327,-20.0,27,1,0.5307,0.050501
DQN,deceptive_grid,0,663,55364,-30.0,37,1,0.5304,0.049292
DQN,deceptive_grid,0,664,55445,-78.0,81,1,0.5297,0.048392
DQN,deceptive_grid,0,665,55473,-17.0,28,1,0.5295,0.051233
DQN,deceptive_grid,0,666,55558,-98.0,85,1,0.5287,0.056004
DQN,deceptive_grid,0,667,55583,-22.0,25,1,0.5285,0.060041
DQN,deceptive_grid,0,668,55624,-34.0,41,1,0.5282,0.057906
DQN,deceptive_grid,0,669,55643,-16.0,19,1,0.528,0.059971
DQN,deceptive_grid,0,670,55694,-48.0,51,1,0.5276,0.057363
DQN,deceptive_grid,0,671,55753,-56.0,59,1,0.5271,0.047996
DQN,deceptive_grid,0,672,55785,-25.0,32,1,0.5268,0.050768
DQN,deceptive_grid,0,673,55830,-34.0,45,1,0.5264,0.049909
DQN,deceptive_grid,0,674,55842,-1.0,12,1,0.5263,0.046399
DQN,deceptive_grid,0,675,55873,-20.0,31,1,0.5261,0.048908
DQN,deceptive_grid,0,676,55883,-3.0,10,1,0.526,0.048976
DQN,deceptive_grid,0,677,55904,-10.0,21,1,0.5258,0.053525
DQN,deceptive_grid,0,678,55934,-27.0,30,1,0.5256,0.052223
DQN,deceptive_grid,0,679,55945,0.0,11,1,0.5255,0.052018
DQN,deceptive_grid,0,680,55965,-21.0,20,1,0.5253,0.058527
DQN,deceptive_grid,0,681,55994,-18.0,29,1,0.5251,0.057334
DQN,deceptive_grid,0,682,56033,-40.0,39,1,0.5247,0.067585
DQN,deceptive_grid,0,683,56058,-18.0,25,1,0.5245,0.069243
DQN,deceptive_grid,0,684,56071,-6.0,13,1,0.5244,0.058631
DQN,deceptive_grid,0,685,56145,-75.0,74,1,0.5238,0.063731
DQN,deceptive_grid,0,686,56174,-34.0,29,1,0.5235,0.063491
DQN,deceptive_grid,0,687,56198,-21.0,24,1,0.5233,0.055543
DQN,deceptive_grid,0,688,56246,-65.0,48,1,0.5229,0.049795
DQN,deceptive_grid,0,689,56256,-3.0,10,1,0.5228,0.053886
DQN,deceptive_grid,0,690,56272,-9.0,16,1,0.5227,0.051902
DQN,deceptive_grid,0,691,56311,-36.0,39,1,0.5224,0.053141
DQN,deceptive_grid,0,692,56361,-39.0,50,1,0.5219,0.055007
DQN,deceptive_grid,0,693,56401,-33.0,40,1,0.5216,0.044578
DQN,deceptive_grid,0,694,56455,-59.0,54,1,0.5211,0.044903
DQN,deceptive_grid,0,695,56497,-39.0,42,1,0.5208,0.050036
DQN,deceptive_grid,0,696,56520,-16.0,23,1,0.5206,0.067262
DQN,deceptive_grid,0,697,56546,-23.0,26,1,0.5204,0.055298
DQN,deceptive_grid,0,698,56584,-39.0,38,1,0.52,0.053589
DQN,deceptive_grid,0,699,56643,-48.0,59,1,0.5195,0.053628
DQN,deceptive_grid,0,700,56665,-15.0,22,1,0.5194,0.054157
DQN,deceptive_grid,0,701,56698,-22.0,33,1,0.5191,0.054138
DQN,deceptive_grid,0,702,56707,2.0,9,1,0.519,0.059205
DQN,deceptive_grid,0,703,56775,-65.0,68,1,0.5184,0.050584
DQN,deceptive_grid,0,704,56814,-32.0,39,1,0.5181,0.046109
DQN,deceptive_grid,0,705,56866,-49.0,52,1,0.5177,0.052499
DQN,deceptive_grid,0,706,56897,-24.0,31,1,0.5174,0.048337
DQN,deceptive_grid,0,707,56905,3.0,8,1,0.5173,0.048616
DQN,deceptive_grid,0,708,56919,-3.0,14,1,0.5172,0.04742
DQN,deceptive_grid,0,709,56945,-15.0,26,1,0.517,0.046086
DQN,deceptive_grid,0,710,57001,-57.0,56,1,0.5165,0.049572
DQN,deceptive_grid,0,711,57026,-14.0,25,1,0.5163,0.067704
DQN,deceptive_grid,0,712,57059,-30.0,33,1,0.516,0.055741
DQN,deceptive_grid,0,713,57091,-29.0,32,1,0.5157,0.060851
DQN,deceptive_grid,0,714,57110,-20.0,19,1,0.5156,0.065654
DQN,deceptive_grid,0,715,57155,-38.0,45,1,0.5152,0.055008
DQN,deceptive_grid,0,716,57161,1.0,6,1,0.5152,0.042803
DQN,deceptive_grid,0,717,57212,-40.0,51,1,0.5147,0.045292
DQN,deceptive_grid,0,718,57246,-23.0,34,1,0.5144,0.049689
DQN,deceptive_grid,0,719,57305,-64.0,59,1,0.5139,0.050541
DQN,deceptive_grid,0,720,57356,-44.0,51,1,0.5135,0.047906
DQN,deceptive_grid,0,721,57365,2.0,9,1,0.5134,0.046766
DQN,deceptive_grid,0,722,57383,-7.0,18,1,0.5133,0.046751
DQN,deceptive_grid,0,723,57413,-19.0,30,1,0.513,0.046294
DQN,deceptive_grid,0,724,57440,-24.0,27,1,0.5128,0.049518
DQN,deceptive_grid,0,725,57458,-11.0,18,1,0.5126,0.051317
DQN,deceptive_grid,0,726,57515,-66.0,57,1,0.5121,0.051281
DQN,deceptive_grid,0,727,57524,2.0,9,1,0.5121,0.063597
DQN,deceptive_grid,0,728,57563,-28.0,39,1,0.5117,0.055959
DQN,deceptive_grid,0,729,57598,-32.0,35,1,0.5114,0.056842
DQN,deceptive_grid,0,730,57650,-49.0,52,1,0.511,0.052294
DQN,deceptive_grid,0,731,57672,-11.0,22,1,0.5108,0.044384
DQN,deceptive_grid,0,732,57717,-38.0,45,1,0.5104,0.04669
DQN,deceptive_grid,0,733,57741,-13.0,24,1,0.5102,0.050184
DQN,deceptive_grid,0,734,57758,-6.0,17,1,0.5101,0.053176
DQN,deceptive_grid,0,735,57785,-20.0,27,1,0.5099,0.052406
DQN,deceptive_grid,0,736,57823,-35.0,38,1,0.5095,0.051691
DQN,deceptive_grid,0,737,57837,-7.0,14,1,0.5094,0.040829
DQN,deceptive_grid,0,738,57841,7.0,4,1,0.5094,0.046032
DQN,deceptive_grid,0,739,57851,1.0,10,1,0.5093,0.046914
DQN,deceptive_grid,0,740,57896,-50.0,45,1,0.5089,0.047546
DQN,deceptive_grid,0,741,57906,1.0,10,1,0.5088,0.039954
DQN,deceptive_grid,0,742,57965,-56.0,59,1,0.5083,0.045537
DQN,deceptive_grid,0,743,57991,-15.0,26,1,0.5081,0.047954
DQN,deceptive_grid,0,744,58014,-20.0,23,1,0.5079,0.054265
DQN,deceptive_grid,0,745,58038,-13.0,24,1,0.5077,0.054488
DQN,deceptive_grid,0,746,58107,-74.0,69,1,0.5071,0.05036
DQN,deceptive_grid,0,747,58137,-31.0,30,1,0.5069,0.049771
DQN,deceptive_grid,0,748,58164,-24.0,27,1,0.5066,0.050607
DQN,deceptive_grid,0,749,58222,-63.0,58,1,0.5062,0.041644
DQN,deceptive_grid,0,750,58276,-47.0,54,1,0.5057,0.047957
DQN,deceptive_grid,0,751,58327,-48.0,51,1,0.5053,0.046244
DQN,deceptive_grid,0,752,58336,2.0,9,1,0.5052,0.03616
DQN,deceptive_grid,0,753,58374,-39.0,38,1,0.5049,0.048273
DQN,deceptive_grid,0,754,58422,-41.0,48,1,0.5045,0.045069
DQN,deceptive_grid,0,755,58460,-27.0,38,1,0.5041,0.043754
DQN,deceptive_grid,0,756,58523,-60.0,63,1,0.5036,0.048199
DQN,deceptive_grid,0,757,58549,-19.0,26,1,0.5034,0.047719
DQN,deceptive_grid,0,758,58597,-49.0,48,1,0.503,0.056132
DQN,deceptive_grid,0,759,58611,-15.0,14,1,0.5029,0.061265
DQN,deceptive_grid,0,760,58653,-39.0,42,1,0.5025,0.050654
DQN,deceptive_grid,0,761,58678,-18.0,25,1,0.5023,0.051074
DQN,deceptive_grid,0,762,58726,-49.0,48,1,0.5019,0.045726
DQN,deceptive_grid,0,763,58758,-33.0,32,1,0.5016,0.046517
DQN,deceptive_grid,0,764,58806,-41.0,48,1,0.5012,0.048452
DQN,deceptive_grid,0,765,58851,-34.0,45,1,0.5008,0.042714
DQN,deceptive_grid,0,766,58864,-2.0,13,1,0.5007,0.047427
DQN,deceptive_grid,0,767,58890,-15.0,26,1,0.5005,0.044306
DQN,deceptive_grid,0,768,58912,-15.0,22,1,0.5003,0.042973
DQN,deceptive_grid,0,769,58971,-56.0,59,1,0.4998,0.041558
DQN,deceptive_grid,0,770,58972,10.0,1,1,0.4998,0.065661
DQN,deceptive_grid,0,771,59029,-46.0,57,1,0.4993,0.048812
DQN,deceptive_grid,0,772,59046,-10.0,17,1,0.4992,0.053713
DQN,deceptive_grid,0,773,59053,4.0,7,1,0.4991,0.050797
DQN,deceptive_grid,0,774,59084,-24.0,31,1,0.4988,0.048806
DQN,deceptive_grid,0,775,59124,-33.0,40,1,0.4985,0.051507
DQN,deceptive_grid,0,776,59184,-49.0,60,1,0.498,0.046085
DQN,deceptive_grid,0,777,59238,-55.0,54,1,0.4975,0.049396
DQN,deceptive_grid,0,778,59259,-14.0,21,1,0.4974,0.042835
DQN,deceptive_grid,0,779,59306,-48.0,47,1,0.497,0.044957
DQN,deceptive_grid,0,780,59327,-14.0,21,1,0.4968,0.052862
DQN,deceptive_grid,0,781,59357,-23.0,30,1,0.4965,0.048145
DQN,deceptive_grid,0,782,59373,-5.0,16,1,0.4964,0.055556
DQN,deceptive_grid,0,783,59424,-44.0,51,1,0.496,0.046753
DQN,deceptive_grid,0,784,59441,-6.0,17,1,0.4958,0.036662
DQN,deceptive_grid,0,785,59445,7.0,4,1,0.4958,0.056142
DQN,deceptive_grid,0,786,59462,-6.0,17,1,0.4956,0.050102
DQN,deceptive_grid,0,787,59485,-12.0,23,1,0.4954,0.0437
DQN,deceptive_grid,0,788,59491,5.0,6,1,0.4954,0.037551
DQN,deceptive_grid,0,789,59514,-12.0,23,1,0.4952,0.046228
DQN,deceptive_grid,0,790,59594,-77.0,80,1,0.4945,0.049418
DQN,deceptive_grid,0,791,59658,-69.0,64,1,0.494,0.046862
DQN,deceptive_grid,0,792,59689,-20.0,31,1,0.4937,0.038967
DQN,deceptive_grid,0,793,59718,-22.0,29,1,0.4935,0.042956
DQN,deceptive_grid,0,794,59725,4.0,7,1,0.4934,0.038966
DQN,deceptive_grid,0,795,59742,-6.0,17,1,0.4933,0.041697
DQN,deceptive_grid,0,796,59783,-34.0,41,1,0.4929,0.045482
DQN,deceptive_grid,0,797,59788,6.0,5,1,0.4929,0.036049
DQN,deceptive_grid,0,798,59808,-9.0,20,1,0.4927,0.048785
DQN,deceptive_grid,0,799,59818,1.0,10,1,0.4926,0.052981
DQN,deceptive_grid,0,800,59873,-48.0,55,1,0.4921,0.046799
DuelingDQN,deceptive_grid,0,1,14,-3.0,14,1,0.9999,
DuelingDQN,deceptive_grid,0,2,214,-268.0,200,0,0.9982,
DuelingDQN,deceptive_grid,0,3,414,-260.0,200,0,0.9965,
DuelingDQN,deceptive_grid,0,4,565,-140.0,151,1,0.9952,
DuelingDQN,deceptive_grid,0,5,765,-316.0,200,0,0.9935,
DuelingDQN,deceptive_grid,0,6,965,-224.0,200,0,0.9918,
DuelingDQN,deceptive_grid,0,7,1165,-292.0,200,0,0.9901,0.140269
DuelingDQN,deceptive_grid,0,8,1365,-232.0,200,0,0.9884,0.024882
DuelingDQN,deceptive_grid,0,9,1565,-292.0,200,0,0.9867,0.037257
DuelingDQN,deceptive_grid,0,10,1765,-296.0,200,0,0.985,0.012692
DuelingDQN,deceptive_grid,0,11,1965,-320.0,200,0,0.9833,0.018769
DuelingDQN,deceptive_grid,0,12,1977,-1.0,12,1,0.9832,0.002687
DuelingDQN,deceptive_grid,0,13,2177,-316.0,200,0,0.9815,0.036721
DuelingDQN,deceptive_grid,0,14,2377,-312.0,200,0,0.9798,0.010764
DuelingDQN,deceptive_grid,0,15,2383,1.0,6,1,0.9798,0.035631
DuelingDQN,deceptive_grid,0,16,2514,-196.0,131,1,0.9787,0.026574
DuelingDQN,deceptive_grid,0,17,2598,-105.0,84,1,0.978,0.053681
DuelingDQN,deceptive_grid,0,18,2798,-240.0,200,0,0.9763,0.026784
DuelingDQN,deceptive_grid,0,19,2998,-288.0,200,0,0.9746,0.009269
DuelingDQN,deceptive_grid,0,20,3198,-264.0,200,0,0.9729,0.067194
DuelingDQN,deceptive_grid,0,21,3398,-304.0,200,0,0.9712,0.028258
DuelingDQN,deceptive_grid,0,22,3598,-280.0,200,0,0.9695,0.057388
DuelingDQN,deceptive_grid,0,23,3798,-260.0,200,0,0.9678,0.026818
DuelingDQN,deceptive_grid,0,24,3998,-244.0,200,0,0.9661,0.020171
DuelingDQN,deceptive_grid,0,25,4198,-224.0,200,0,0.9644,0.057533
DuelingDQN,deceptive_grid,0,26,4214,-5.0,16,1,0.9643,0.038057
DuelingDQN,deceptive_grid,0,27,4414,-224.0,200,0,0.9626,0.019128
DuelingDQN,deceptive_grid,0,28,4614,-236.0,200,0,0.9609,0.057268
DuelingDQN,deceptive_grid,0,29,4791,-246.0,177,1,0.9594,0.035363
DuelingDQN,deceptive_grid,0,30,4930,-188.0,139,1,0.9582,0.030048
DuelingDQN,deceptive_grid,0,31,4938,-1.0,8,1,0.9581,0.036065
DuelingDQN,deceptive_grid,0,32,5138,-216.0,200,0,0.9564,0.080519
DuelingDQN,deceptive_grid,0,33,5338,-328.0,200,0,0.9547,0.040062
DuelingDQN,deceptive_grid,0,34,5538,-228.0,200,0,0.953,0.057068
DuelingDQN,deceptive_grid,0,35,5738,-260.0,200,0,0.9513,0.039403
DuelingDQN,deceptive_grid,0,36,5938,-232.0,200,0,0.9496,0.02298
DuelingDQN,deceptive_grid,0,37,6138,-276.0,200,0,0.9479,0.069035
DuelingDQN,deceptive_grid,0,38,6338,-224.0,200,0,0.9462,0.03323
DuelingDQN,deceptive_grid,0,39,6538,-228.0,200,0,0.9446,0.058056
DuelingDQN,deceptive_grid,0,40,6738,-232.0,200,0,0.9429,0.05118
DuelingDQN,deceptive_grid,0,41,6938,-244.0,200,0,0.9412,0.023254
DuelingDQN,deceptive_grid,0,42,7138,-248.0,200,0,0.9395,0.077582
DuelingDQN,deceptive_grid,0,43,7338,-268.0,200,0,0.9378,0.028916
DuelingDQN,deceptive_grid,0,44,7538,-256.0,200,0,0.9361,0.055978
DuelingDQN,deceptive_grid,0,45,7738,-228.0,200,0,0.9344,0.043618
DuelingDQN,deceptive_grid,0,46,7938,-284.0,200,0,0.9327,0.024194
DuelingDQN,deceptive_grid,0,47,8138,-284.0,200,0,0.931,0.089287
DuelingDQN,deceptive_grid,0,48,8338,-324.0,200,0,0.9293,0.029552
DuelingDQN,deceptive_grid,0,49,8538,-208.0,200,0,0.9276,0.056712
DuelingDQN,deceptive_grid,0,50,8738,-268.0,200,0,0.9259,0.056429
DuelingDQN,deceptive_grid,0,51,8803,-86.0,65,1,0.9253,0.024911
DuelingDQN,deceptive_grid,0,52,9003,-308.0,200,0,0.9236,0.030574
DuelingDQN,deceptive_grid,0,53,9203,-256.0,200,0,0.9219,0.08704
DuelingDQN,deceptive_grid,0,54,9380,-278.0,177,1,0.9204,0.024585
DuelingDQN,deceptive_grid,0,55,9397,-6.0,17,1,0.9203,0.016227
DuelingDQN,deceptive_grid,0,56,9439,-63.0,42,1,0.9199,0.019781
DuelingDQN,deceptive_grid,0,57,9639,-204.0,200,0,0.9182,0.099223
DuelingDQN,deceptive_grid,0,58,9724,-114.0,85,1,0.9175,0.041114
DuelingDQN,deceptive_grid,0,59,9924,-240.0,200,0,0.9158,0.025939
DuelingDQN,deceptive_grid,0,60,10124,-284.0,200,0,0.9141,0.107627
DuelingDQN,deceptive_grid,0,61,10268,-185.0,144,1,0.9129,0.028704
DuelingDQN,deceptive_grid,0,62,10366,-95.0,98,1,0.9121,0.01536
DuelingDQN,deceptive_grid,0,63,10566,-356.0,200,0,0.9104,0.092677
DuelingDQN,deceptive_grid,0,64,10766,-336.0,200,0,0.9087,0.048745
DuelingDQN,deceptive_grid,0,65,10966,-260.0,200,0,0.907,0.01321
DuelingDQN,deceptive_grid,0,66,11166,-224.0,200,0,0.9053,0.132936
DuelingDQN,deceptive_grid,0,67,11328,-179.0,162,1,0.9039,0.022375
DuelingDQN,deceptive_grid,0,68,11528,-264.0,200,0,0.9022,0.085375
DuelingDQN,deceptive_grid,0,69,11531,8.0,3,1,0.9022,0.226627
DuelingDQN,deceptive_grid,0,70,11731,-232.0,200,0,0.9005,0.086619
DuelingDQN,deceptive_grid,0,71,11931,-296.0,200,0,0.8988,0.017793
DuelingDQN,deceptive_grid,0,72,12045,-123.0,114,1,0.8978,0.168014
DuelingDQN,deceptive_grid,0,73,12245,-284.0,200,0,0.8961,0.064956
DuelingDQN,deceptive_grid,0,74,12331,-103.0,86,1,0.8954,0.016368
DuelingDQN,deceptive_grid,0,75,12363,-25.0,32,1,0.8951,0.011379
DuelingDQN,deceptive_grid,0,76,12472,-130.0,109,1,0.8942,0.009216
DuelingDQN,deceptive_grid,0,77,12663,-208.0,191,1,0.8926,0.15624
DuelingDQN,deceptive_grid,0,78,12727,-81.0,64,1,0.8921,0.026596
DuelingDQN,deceptive_grid,0,79,12927,-248.0,200,0,0.8904,0.011941
DuelingDQN,deceptive_grid,0,80,13127,-220.0,200,0,0.8887,0.122629
DuelingDQN,deceptive_grid,0,81,13327,-236.0,200,0,0.887,0.023563
DuelingDQN,deceptive_grid,0,82,13527,-212.0,200,0,0.8853,0.064916
DuelingDQN,deceptive_grid,0,83,13727,-232.0,200,0,0.8836,0.052722
DuelingDQN,deceptive_grid,0,84,13903,-221.0,176,1,0.8821,0.008443
DuelingDQN,deceptive_grid,0,85,13985,-95.0,82,1,0.8814,0.004603
DuelingDQN,deceptive_grid,0,86,14184,-276.0,199,1,0.8797,0.081694
DuelingDQN,deceptive_grid,0,87,14384,-248.0,200,0,0.878,0.013488
DuelingDQN,deceptive_grid,0,88,14584,-228.0,200,0,0.8763,0.052518
DuelingDQN,deceptive_grid,0,89,14654,-75.0,70,1,0.8757,0.028361
DuelingDQN,deceptive_grid,0,90,14754,-121.0,100,1,0.8749,0.017464
DuelingDQN,deceptive_grid,0,91,14883,-130.0,129,1,0.8738,0.008185
DuelingDQN,deceptive_grid,0,92,14935,-53.0,52,1,0.8733,0.006288
DuelingDQN,deceptive_grid,0,93,15135,-236.0,200,0,0.8716,0.042607
DuelingDQN,deceptive_grid,0,94,15335,-272.0,200,0,0.8699,0.009636
DuelingDQN,deceptive_grid,0,95,15381,-59.0,46,1,0.8695,0.003914
DuelingDQN,deceptive_grid,0,96,15542,-194.0,161,1,0.8682,0.025118
DuelingDQN,deceptive_grid,0,97,15742,-248.0,200,0,0.8665,0.015893
DuelingDQN,deceptive_grid,0,98,15942,-232.0,200,0,0.8648,0.004365
DuelingDQN,deceptive_grid,0,99,16067,-126.0,125,1,0.8637,0.022661
DuelingDQN,deceptive_grid,0,100,16144,-74.0,77,1,0.8631,0.011764
DuelingDQN,deceptive_grid,0,101,16342,-231.0,198,1,0.8614,0.004989
DuelingDQN,deceptive_grid,0,102,16542,-264.0,200,0,0.8597,0.010746
DuelingDQN,deceptive_grid,0,103,16742,-220.0,200,0,0.858,0.008243
DuelingDQN,deceptive_grid,0,104,16873,-148.0,131,1,0.8569,0.002403
DuelingDQN,deceptive_grid,0,105,16875,9.0,2,1,0.8569,0.003377
DuelingDQN,deceptive_grid,0,106,16895,-9.0,20,1,0.8567,0.001887
DuelingDQN,deceptive_grid,0,107,17029,-147.0,134,1,0.8556,0.009728
DuelingDQN,deceptive_grid,0,108,17229,-252.0,200,0,0.8539,0.010854
DuelingDQN,deceptive_grid,0,109,17364,-144.0,135,1,0.8527,0.002824
DuelingDQN,deceptive_grid,0,110,17444,-93.0,80,1,0.852,0.00228
DuelingDQN,deceptive_grid,0,111,17644,-240.0,200,0,0.8503,0.012431
DuelingDQN,deceptive_grid,0,112,17844,-260.0,200,0,0.8487,0.003898
DuelingDQN,deceptive_grid,0,113,17888,-53.0,44,1,0.8483,0.002387
DuelingDQN,deceptive_grid,0,114,18088,-312.0,200,0,0.8466,0.008304
DuelingDQN,deceptive_grid,0,115,18177,-94.0,89,1,0.8458,0.006047
DuelingDQN,deceptive_grid,0,116,18180,8.0,3,1,0.8458,0.004376
DuelingDQN,deceptive_grid,0,117,18313,-190.0,133,1,0.8447,0.003331
DuelingDQN,deceptive_grid,0,118,18451,-175.0,138,1,0.8435,0.002119
DuelingDQN,deceptive_grid,0,119,18578,-124.0,127,1,0.8424,0.010087
DuelingDQN,deceptive_grid,0,120,18711,-158.0,133,1,0.8413,0.00714
DuelingDQN,deceptive_grid,0,121,18761,-43.0,50,1,0.8409,0.002798
DuelingDQN,deceptive_grid,0,122,18909,-153.0,148,1,0.8396,0.002337
DuelingDQN,deceptive_grid,0,123,18953,-49.0,44,1,0.8392,0.001283
DuelingDQN,deceptive_grid,0,124,19153,-224.0,200,0,0.8376,0.009247
DuelingDQN,deceptive_grid,0,125,19208,-76.0,55,1,0.8371,0.004372
DuelingDQN,deceptive_grid,0,126,19388,-209.0,180,1,0.8356,0.003344
DuelingDQN,deceptive_grid,0,127,19524,-133.0,136,1,0.8344,0.003343
DuelingDQN,deceptive_grid,0,128,19684,-209.0,160,1,0.833,0.006783
DuelingDQN,deceptive_grid,0,129,19712,-17.0,28,1,0.8328,0.003876
DuelingDQN,deceptive_grid,0,130,19856,-177.0,144,1,0.8316,0.003081
DuelingDQN,deceptive_grid,0,131,19937,-110.0,81,1,0.8309,0.001969
DuelingDQN,deceptive_grid,0,132,19964,-20.0,27,1,0.8307,0.001741
DuelingDQN,deceptive_grid,0,133,20085,-166.0,121,1,0.8296,0.006047
DuelingDQN,deceptive_grid,0,134,20285,-236.0,200,0,0.8279,0.006376
DuelingDQN,deceptive_grid,0,135,20319,-27.0,34,1,0.8277,0.004275
DuelingDQN,deceptive_grid,0,136,20390,-80.0,71,1,0.8271,0.002371
DuelingDQN,deceptive_grid,0,137,20590,-252.0,200,0,0.8254,0.004824
DuelingDQN,deceptive_grid,0,138,20683,-102.0,93,1,0.8246,0.00633
DuelingDQN,deceptive_grid,0,139,20708,-30.0,25,1,0.8244,0.004447
DuelingDQN,deceptive_grid,0,140,20908,-272.0,200,0,0.8227,0.004451
DuelingDQN,deceptive_grid,0,141,20994,-99.0,86,1,0.8219,0.002005
DuelingDQN,deceptive_grid,0,142,21079,-98.0,85,1,0.8212,0.007298
DuelingDQN,deceptive_grid,0,143,21134,-52.0,55,1,0.8207,0.006159
DuelingDQN,deceptive_grid,0,144,21163,-22.0,29,1,0.8205,0.004072
DuelingDQN,deceptive_grid,0,145,21202,-32.0,39,1,0.8202,0.003647
DuelingDQN,deceptive_grid,0,146,21279,-86.0,77,1,0.8195,0.003194
DuelingDQN,deceptive_grid,0,147,21322,-40.0,43,1,0.8192,0.001866
DuelingDQN,deceptive_grid,0,148,21368,-67.0,46,1,0.8188,0.0016
DuelingDQN,deceptive_grid,0,149,21568,-268.0,200,0,0.8171,0.004371
DuelingDQN,deceptive_grid,0,150,21718,-195.0,150,1,0.8158,0.007932
DuelingDQN,deceptive_grid,0,151,21787,-78.0,69,1,0.8152,0.00327
DuelingDQN,deceptive_grid,0,152,21825,-55.0,38,1,0.8149,0.005383
DuelingDQN,deceptive_grid,0,153,21925,-173.0,100,1,0.814,0.006798
DuelingDQN,deceptive_grid,0,154,21962,-42.0,37,1,0.8137,0.003646
DuelingDQN,deceptive_grid,0,155,22043,-98.0,81,1,0.813,0.005373
DuelingDQN,deceptive_grid,0,156,22084,-58.0,41,1,0.8127,0.007266
DuelingDQN,deceptive_grid,0,157,22208,-173.0,124,1,0.8116,0.005785
DuelingDQN,deceptive_grid,0,158,22256,-61.0,48,1,0.8112,0.00479
DuelingDQN,deceptive_grid,0,159,22339,-96.0,83,1,0.8105,0.002812
DuelingDQN,deceptive_grid,0,160,22380,-34.0,41,1,0.8102,0.001996
DuelingDQN,deceptive_grid,0,161,22427,-36.0,47,1,0.8098,0.001618
DuelingDQN,deceptive_grid,0,162,22455,-21.0,28,1,0.8095,0.001331
DuelingDQN,deceptive_grid,0,163,22521,-75.0,66,1,0.809,0.002988
DuelingDQN,deceptive_grid,0,164,22632,-140.0,111,1,0.808,0.00634
DuelingDQN,deceptive_grid,0,165,22685,-46.0,53,1,0.8076,0.004463
DuelingDQN,deceptive_grid,0,166,22814,-142.0,129,1,0.8065,0.002271
DuelingDQN,deceptive_grid,0,167,22953,-236.0,139,1,0.8053,0.001467
DuelingDQN,deceptive_grid,0,168,22990,-26.0,37,1,0.805,0.001422
DuelingDQN,deceptive_grid,0,169,23161,-208.0,171,1,0.8036,0.008803
DuelingDQN,deceptive_grid,0,170,23212,-52.0,51,1,0.8031,0.004692
DuelingDQN,deceptive_grid,0,171,23326,-107.0,114,1,0.8022,0.002592
DuelingDQN,deceptive_grid,0,172,23368,-35.0,42,1,0.8018,0.002264
DuelingDQN,deceptive_grid,0,173,23389,-18.0,21,1,0.8016,0.00221
DuelingDQN,deceptive_grid,0,174,23532,-168.0,143,1,0.8004,0.002595
DuelingDQN,deceptive_grid,0,175,23558,-23.0,26,1,0.8002,0.006365
DuelingDQN,deceptive_grid,0,176,23679,-130.0,121,1,0.7992,0.005287
DuelingDQN,deceptive_grid,0,177,23874,-236.0,195,1,0.7975,0.002343
DuelingDQN,deceptive_grid,0,178,23959,-106.0,85,1,0.7968,0.002725
DuelingDQN,deceptive_grid,0,179,24002,-44.0,43,1,0.7964,0.004043
DuelingDQN,deceptive_grid,0,180,24040,-27.0,38,1,0.7961,0.008977
DuelingDQN,deceptive_grid,0,181,24045,6.0,5,1,0.7961,0.009119
DuelingDQN,deceptive_grid,0,182,24088,-64.0,43,1,0.7957,0.008323
DuelingDQN,deceptive_grid,0,183,24169,-94.0,81,1,0.795,0.007367
DuelingDQN,deceptive_grid,0,184,24181,-9.0,12,1,0.7949,0.004362
DuelingDQN,deceptive_grid,0,185,24203,-11.0,22,1,0.7947,0.004522
DuelingDQN,deceptive_grid,0,186,24246,-40.0,43,1,0.7944,0.003592
DuelingDQN,deceptive_grid,0,187,24353,-140.0,107,1,0.7934,0.001881
DuelingDQN,deceptive_grid,0,188,24401,-45.0,48,1,0.793,0.001531
DuelingDQN,deceptive_grid,0,189,24601,-216.0,200,0,0.7913,0.00493
DuelingDQN,deceptive_grid,0,190,24623,-11.0,22,1,0.7912,0.007858
DuelingDQN,deceptive_grid,0,191,24674,-56.0,51,1,0.7907,0.005037
DuelingDQN,deceptive_grid,0,192,24711,-34.0,37,1,0.7904,0.002509
DuelingDQN,deceptive_grid,0,193,24911,-236.0,200,0,0.7887,0.002111
DuelingDQN,deceptive_grid,0,194,25036,-130.0,125,1,0.7876,0.004032
DuelingDQN,deceptive_grid,0,195,25071,-28.0,35,1,0.7874,0.007196
DuelingDQN,deceptive_grid,0,196,25121,-51.0,50,1,0.7869,0.006097
DuelingDQN,deceptive_grid,0,197,25191,-71.0,70,1,0.7863,0.004047
DuelingDQN,deceptive_grid,0,198,25220,-18.0,29,1,0.7861,0.003229
DuelingDQN,deceptive_grid,0,199,25257,-38.0,37,1,0.7858,0.002804
DuelingDQN,deceptive_grid,0,200,25288,-24.0,31,1,0.7855,0.002775
DuelingDQN,deceptive_grid,0,201,25352,-61.0,64,1,0.785,0.002045
DuelingDQN,deceptive_grid,0,202,25408,-49.0,56,1,0.7845,0.001935
DuelingDQN,deceptive_grid,0,203,25479,-72.0,71,1,0.7839,0.001896
DuelingDQN,deceptive_grid,0,204,25593,-163.0,114,1,0.7829,0.010173
DuelingDQN,deceptive_grid,0,205,25652,-60.0,59,1,0.7824,0.006394
DuelingDQN,deceptive_grid,0,206,25664,-1.0,12,1,0.7823,0.003395
DuelingDQN,deceptive_grid,0,207,25857,-242.0,193,1,0.7807,0.003114
DuelingDQN,deceptive_grid,0,208,25871,-15.0,14,1,0.7806,0.002036
DuelingDQN,deceptive_grid,0,209,25882,0.0,11,1,0.7805,0.001854
DuelingDQN,deceptive_grid,0,210,25930,-61.0,48,1,0.7801,0.001384
DuelingDQN,deceptive_grid,0,211,25996,-71.0,66,1,0.7795,0.001099
DuelingDQN,deceptive_grid,0,212,26041,-38.0,45,1,0.7791,0.008774
DuelingDQN,deceptive_grid,0,213,26241,-228.0,200,0,0.7774,0.005316
DuelingDQN,deceptive_grid,0,214,26314,-78.0,73,1,0.7768,0.002011
DuelingDQN,deceptive_grid,0,215,26388,-91.0,74,1,0.7762,0.00169
DuelingDQN,deceptive_grid,0,216,26430,-39.0,42,1,0.7758,0.001508
DuelingDQN,deceptive_grid,0,217,26458,-29.0,28,1,0.7756,0.001236
DuelingDQN,deceptive_grid,0,218,26658,-244.0,200,0,0.7739,0.003979
DuelingDQN,deceptive_grid,0,219,26698,-45.0,40,1,0.7736,0.003267
DuelingDQN,deceptive_grid,0,220,26763,-74.0,65,1,0.773,0.003575
DuelingDQN,deceptive_grid,0,221,26808,-46.0,45,1,0.7726,0.002871
DuelingDQN,deceptive_grid,0,222,26847,-48.0,39,1,0.7723,0.002655
DuelingDQN,deceptive_grid,0,223,27026,-200.0,179,1,0.7708,0.003409
DuelingDQN,deceptive_grid,0,224,27137,-116.0,111,1,0.7698,0.005104
DuelingDQN,deceptive_grid,0,225,27160,-12.0,23,1,0.7696,0.003079
DuelingDQN,deceptive_grid,0,226,27199,-36.0,39,1,0.7693,0.004376
DuelingDQN,deceptive_grid,0,227,27258,-60.0,59,1,0.7688,0.003263
DuelingDQN,deceptive_grid,0,228,27368,-103.0,110,1,0.7679,0.002422
DuelingDQN,deceptive_grid,0,229,27429,-70.0,61,1,0.7674,0.001875
DuelingDQN,deceptive_grid,0,230,27563,-175.0,134,1,0.7662,0.004335
DuelingDQN,deceptive_grid,0,231,27635,-65.0,72,1,0.7656,0.007825
DuelingDQN,deceptive_grid,0,232,27707,-65.0,72,1,0.765,0.006155
DuelingDQN,deceptive_grid,0,233,27748,-50.0,41,1,0.7646,0.003029
DuelingDQN,deceptive_grid,0,234,27769,-10.0,21,1,0.7645,0.002477
DuelingDQN,deceptive_grid,0,235,27864,-100.0,95,1,0.7637,0.002224
DuelingDQN,deceptive_grid,0,236,27969,-114.0,105,1,0.7628,0.001085
DuelingDQN,deceptive_grid,0,237,28040,-72.0,71,1,0.7622,0.003779
DuelingDQN,deceptive_grid,0,238,28082,-51.0,42,1,0.7618,0.005745
DuelingDQN,deceptive_grid,0,239,28180,-111.0,98,1,0.761,0.003828
DuelingDQN,deceptive_grid,0,240,28273,-118.0,93,1,0.7602,0.002146
DuelingDQN,deceptive_grid,0,241,28449,-225.0,176,1,0.7587,0.001697
DuelingDQN,deceptive_grid,0,242,28560,-132.0,111,1,0.7578,0.003647
DuelingDQN,deceptive_grid,0,243,28725,-210.0,165,1,0.7564,0.003683
DuelingDQN,deceptive_grid,0,244,28748,-28.0,23,1,0.7562,0.002045
DuelingDQN,deceptive_grid,0,245,28815,-64.0,67,1,0.7556,0.001808
DuelingDQN,deceptive_grid,0,246,28911,-113.0,96,1,0.7548,0.001683
DuelingDQN,deceptive_grid,0,247,29000,-98.0,89,1,0.754,0.002151
DuelingDQN,deceptive_grid,0,248,29055,-60.0,55,1,0.7536,0.006473
DuelingDQN,deceptive_grid,0,249,29079,-21.0,24,1,0.7534,0.006201
DuelingDQN,deceptive_grid,0,250,29194,-132.0,115,1,0.7524,0.006259
DuelingDQN,deceptive_grid,0,251,29257,-64.0,63,1,0.7518,0.003893
DuelingDQN,deceptive_grid,0,252,29285,-29.0,28,1,0.7516,0.002322
DuelingDQN,deceptive_grid,0,253,29396,-136.0,111,1,0.7507,0.001421
DuelingDQN,deceptive_grid,0,254,29428,-25.0,32,1,0.7504,0.001139
DuelingDQN,deceptive_grid,0,255,29560,-149.0,132,1,0.7493,0.004188
DuelingDQN,deceptive_grid,0,256,29590,-31.0,30,1,0.749,0.006631
DuelingDQN,deceptive_grid,0,257,29684,-115.0,94,1,0.7482,0.004631
DuelingDQN,deceptive_grid,0,258,29814,-139.0,130,1,0.7471,0.0027
DuelingDQN,deceptive_grid,0,259,29839,-26.0,25,1,0.7469,0.00211
DuelingDQN,deceptive_grid,0,260,29910,-76.0,71,1,0.7463,0.001399
DuelingDQN,deceptive_grid,0,261,29916,5.0,6,1,0.7463,0.000894
DuelingDQN,deceptive_grid,0,262,29949,-38.0,33,1,0.746,0.000814
DuelingDQN,deceptive_grid,0,263,29981,-25.0,32,1,0.7457,0.00088
DuelingDQN,deceptive_grid,0,264,30138,-158.0,157,1,0.7444,0.004627
DuelingDQN,deceptive_grid,0,265,30155,-6.0,17,1,0.7442,0.002598
DuelingDQN,deceptive_grid,0,266,30178,-20.0,23,1,0.744,0.002598
DuelingDQN,deceptive_grid,0,267,30332,-159.0,154,1,0.7427,0.002137
DuelingDQN,deceptive_grid,0,268,30380,-53.0,48,1,0.7423,0.002282
DuelingDQN,deceptive_grid,0,269,30467,-80.0,87,1,0.7416,0.001681
DuelingDQN,deceptive_grid,0,270,30523,-57.0,56,1,0.7411,0.004054
DuelingDQN,deceptive_grid,0,271,30596,-74.0,73,1,0.7405,0.005333
DuelingDQN,deceptive_grid,0,272,30647,-52.0,51,1,0.7401,0.003408
DuelingDQN,deceptive_grid,0,273,30684,-46.0,37,1,0.7397,0.003201
DuelingDQN,deceptive_grid,0,274,30713,-18.0,29,1,0.7395,0.002884
DuelingDQN,deceptive_grid,0,275,30778,-70.0,65,1,0.7389,0.001777
DuelingDQN,deceptive_grid,0,276,30828,-47.0,50,1,0.7385,0.001468
DuelingDQN,deceptive_grid,0,277,30921,-118.0,93,1,0.7377,0.001459
DuelingDQN,deceptive_grid,0,278,30932,0.0,11,1,0.7376,0.002455
DuelingDQN,deceptive_grid,0,279,30977,-42.0,45,1,0.7373,0.001771
DuelingDQN,deceptive_grid,0,280,31009,-33.0,32,1,0.737,0.002433
DuelingDQN,deceptive_grid,0,281,31070,-86.0,61,1,0.7365,0.006114
DuelingDQN,deceptive_grid,0,282,31156,-99.0,86,1,0.7357,0.006976
DuelingDQN,deceptive_grid,0,283,31209,-42.0,53,1,0.7353,0.004631
DuelingDQN,deceptive_grid,0,284,31365,-161.0,156,1,0.734,0.002657
DuelingDQN,deceptive_grid,0,285,31498,-142.0,133,1,0.7328,0.001307
DuelingDQN,deceptive_grid,0,286,31502,7.0,4,1,0.7328,0.003274
DuelingDQN,deceptive_grid,0,287,31527,-14.0,25,1,0.7326,0.005165
DuelingDQN,deceptive_grid,0,288,31684,-174.0,157,1,0.7313,0.004343
DuelingDQN,deceptive_grid,0,289,31725,-34.0,41,1,0.7309,0.002648
DuelingDQN,deceptive_grid,0,290,31837,-113.0,112,1,0.73,0.002346
DuelingDQN,deceptive_grid,0,291,31919,-91.0,82,1,0.7293,0.001556
DuelingDQN,deceptive_grid,0,292,31948,-34.0,29,1,0.729,0.001549
DuelingDQN,deceptive_grid,0,293,31976,-33.0,28,1,0.7288,0.001097
DuelingDQN,deceptive_grid,0,294,32049,-74.0,73,1,0.7282,0.003836
DuelingDQN,deceptive_grid,0,295,32085,-25.0,36,1,0.7279,0.00666
DuelingDQN,deceptive_grid,0,296,32152,-76.0,67,1,0.7273,0.003791
DuelingDQN,deceptive_grid,0,297,32172,-9.0,20,1,0.7271,0.002493
DuelingDQN,deceptive_grid,0,298,32257,-94.0,85,1,0.7264,0.001805
DuelingDQN,deceptive_grid,0,299,32269,-5.0,12,1,0.7263,0.001922
DuelingDQN,deceptive_grid,0,300,32308,-48.0,39,1,0.726,0.00172
DuelingDQN,deceptive_grid,0,301,32503,-248.0,195,1,0.7243,0.001394
DuelingDQN,deceptive_grid,0,302,32587,-81.0,84,1,0.7236,0.005766
DuelingDQN,deceptive_grid,0,303,32634,-52.0,47,1,0.7232,0.004633
DuelingDQN,deceptive_grid,0,304,32675,-42.0,41,1,0.7229,0.004678
DuelingDQN,deceptive_grid,0,305,32753,-75.0,78,1,0.7222,0.002826
DuelingDQN,deceptive_grid,0,306,32829,-77.0,76,1,0.7215,0.002254
DuelingDQN,deceptive_grid,0,307,32949,-117.0,120,1,0.7205,0.001144
DuelingDQN,deceptive_grid,0,308,33033,-85.0,84,1,0.7198,0.002491
DuelingDQN,deceptive_grid,0,309,33092,-68.0,59,1,0.7193,0.003751
DuelingDQN,deceptive_grid,0,310,33170,-83.0,78,1,0.7187,0.00314
DuelingDQN,deceptive_grid,0,311,33259,-90.0,89,1,0.7179,0.002751
DuelingDQN,deceptive_grid,0,312,33360,-98.0,101,1,0.717,0.001775
DuelingDQN,deceptive_grid,0,313,33405,-50.0,45,1,0.7167,0.001366
DuelingDQN,deceptive_grid,0,314,33435,-27.0,30,1,0.7164,0.001589
DuelingDQN,deceptive_grid,0,315,33444,-6.0,9,1,0.7163,0.001129
DuelingDQN,deceptive_grid,0,316,33515,-88.0,71,1,0.7157,0.001789
DuelingDQN,deceptive_grid,0,317,33598,-76.0,83,1,0.715,0.004634
DuelingDQN,deceptive_grid,0,318,33609,-8.0,11,1,0.7149,0.003516
DuelingDQN,deceptive_grid,0,319,33668,-72.0,59,1,0.7144,0.00347
DuelingDQN,deceptive_grid,0,320,33750,-103.0,82,1,0.7137,0.002625
DuelingDQN,deceptive_grid,0,321,33784,-23.0,34,1,0.7134,0.001975
DuelingDQN,deceptive_grid,0,322,33905,-142.0,121,1,0.7124,0.001327
DuelingDQN,deceptive_grid,0,323,33985,-97.0,80,1,0.7117,0.000942
DuelingDQN,deceptive_grid,0,324,34035,-43.0,50,1,0.7113,0.003306
DuelingDQN,deceptive_grid,0,325,34096,-70.0,61,1,0.7108,0.005478
DuelingDQN,deceptive_grid,0,326,34177,-82.0,81,1,0.7101,0.005259
DuelingDQN,deceptive_grid,0,327,34225,-45.0,48,1,0.7097,0.003715
DuelingDQN,deceptive_grid,0,328,34259,-31.0,34,1,0.7094,0.002269
DuelingDQN,deceptive_grid,0,329,34297,-31.0,38,1,0.7091,0.002187
DuelingDQN,deceptive_grid,0,330,34344,-48.0,47,1,0.7087,0.001917
DuelingDQN,deceptive_grid,0,331,34412,-93.0,68,1,0.7081,0.001103
DuelingDQN,deceptive_grid,0,332,34472,-65.0,60,1,0.7076,0.00105
DuelingDQN,deceptive_grid,0,333,34492,-13.0,20,1,0.7074,0.001092
DuelingDQN,deceptive_grid,0,334,34580,-89.0,88,1,0.7067,0.003364
DuelingDQN,deceptive_grid,0,335,34612,-21.0,32,1,0.7064,0.003165
DuelingDQN,deceptive_grid,0,336,34624,-1.0,12,1,0.7063,0.004218
DuelingDQN,deceptive_grid,0,337,34654,-19.0,30,1,0.7061,0.003115
DuelingDQN,deceptive_grid,0,338,34687,-38.0,33,1,0.7058,0.00245
DuelingDQN,deceptive_grid,0,339,34832,-142.0,145,1,0.7046,0.001464
DuelingDQN,deceptive_grid,0,340,34857,-26.0,25,1,0.7043,0.001429
DuelingDQN,deceptive_grid,0,341,34912,-52.0,55,1,0.7039,0.001579
DuelingDQN,deceptive_grid,0,342,34969,-54.0,57,1,0.7034,0.002391
DuelingDQN,deceptive_grid,0,343,35079,-119.0,110,1,0.7025,0.004879
DuelingDQN,deceptive_grid,0,344,35121,-47.0,42,1,0.7021,0.004211
DuelingDQN,deceptive_grid,0,345,35153,-29.0,32,1,0.7018,0.003973
DuelingDQN,deceptive_grid,0,346,35221,-57.0,68,1,0.7013,0.004851
DuelingDQN,deceptive_grid,0,347,35277,-49.0,56,1,0.7008,0.003069
DuelingDQN,deceptive_grid,0,348,35319,-31.0,42,1,0.7004,0.001791
DuelingDQN,deceptive_grid,0,349,35383,-61.0,64,1,0.6999,0.00173
DuelingDQN,deceptive_grid,0,350,35397,-7.0,14,1,0.6998,0.001459
DuelingDQN,deceptive_grid,0,351,35485,-101.0,88,1,0.699,0.001057
DuelingDQN,deceptive_grid,0,352,35558,-82.0,73,1,0.6984,0.003384
DuelingDQN,deceptive_grid,0,353,35667,-126.0,109,1,0.6975,0.002768
DuelingDQN,deceptive_grid,0,354,35766,-136.0,99,1,0.6966,0.001407
DuelingDQN,deceptive_grid,0,355,35817,-68.0,51,1,0.6962,0.001295
DuelingDQN,deceptive_grid,0,356,35838,-10.0,21,1,0.696,0.000992
DuelingDQN,deceptive_grid,0,357,35890,-49.0,52,1,0.6956,0.001406
DuelingDQN,deceptive_grid,0,358,35946,-53.0,56,1,0.6951,0.000948
DuelingDQN,deceptive_grid,0,359,35965,-12.0,19,1,0.6949,0.000886
DuelingDQN,deceptive_grid,0,360,36004,-36.0,39,1,0.6946,0.001046
DuelingDQN,deceptive_grid,0,361,36032,-29.0,28,1,0.6944,0.002888
DuelingDQN,deceptive_grid,0,362,36035,8.0,3,1,0.6944,0.002358
DuelingDQN,deceptive_grid,0,363,36081,-43.0,46,1,0.694,0.002972
DuelingDQN,deceptive_grid,0,364,36132,-44.0,51,1,0.6935,0.003526
DuelingDQN,deceptive_grid,0,365,36181,-54.0,49,1,0.6931,0.00376
DuelingDQN,deceptive_grid,0,366,36270,-82.0,89,1,0.6924,0.001875
DuelingDQN,deceptive_grid,0,367,36348,-67.0,78,1,0.6917,0.001094
DuelingDQN,deceptive_grid,0,368,36400,-65.0,52,1,0.6913,0.001027
DuelingDQN,deceptive_grid,0,369,36471,-76.0,71,1,0.6907,0.001157
DuelingDQN,deceptive_grid,0,370,36500,-22.0,29,1,0.6904,0.001773
DuelingDQN,deceptive_grid,0,371,36565,-90.0,65,1,0.6899,0.003938
DuelingDQN,deceptive_grid,0,372,36611,-35.0,46,1,0.6895,0.004038
DuelingDQN,deceptive_grid,0,373,36738,-160.0,127,1,0.6884,0.003385
DuelingDQN,deceptive_grid,0,374,36872,-159.0,134,1,0.6873,0.00263
DuelingDQN,deceptive_grid,0,375,36891,-20.0,19,1,0.6871,0.001079
DuelingDQN,deceptive_grid,0,376,36898,4.0,7,1,0.687,0.001058
DuelingDQN,deceptive_grid,0,377,36932,-23.0,34,1,0.6867,0.001286
DuelingDQN,deceptive_grid,0,378,37003,-68.0,71,1,0.6861,0.000971
DuelingDQN,deceptive_grid,0,379,37057,-51.0,54,1,0.6857,0.005125
DuelingDQN,deceptive_grid,0,380,37124,-64.0,67,1,0.6851,0.003347
DuelingDQN,deceptive_grid,0,381,37132,3.0,8,1,0.685,0.002663
DuelingDQN,deceptive_grid,0,382,37259,-132.0,127,1,0.684,0.00234
DuelingDQN,deceptive_grid,0,383,37354,-124.0,95,1,0.6832,0.001373
DuelingDQN,deceptive_grid,0,384,37426,-85.0,72,1,0.6826,0.000758
DuelingDQN,deceptive_grid,0,385,37436,-3.0,10,1,0.6825,0.000695
DuelingDQN,deceptive_grid,0,386,37454,-7.0,18,1,0.6823,0.000635
DuelingDQN,deceptive_grid,0,387,37530,-69.0,76,1,0.6817,0.002025
DuelingDQN,deceptive_grid,0,388,37629,-108.0,99,1,0.6808,0.003981
DuelingDQN,deceptive_grid,0,389,37694,-58.0,65,1,0.6803,0.002454
DuelingDQN,deceptive_grid,0,390,37703,-2.0,9,1,0.6802,0.002346
DuelingDQN,deceptive_grid,0,391,37771,-61.0,68,1,0.6796,0.002137
DuelingDQN,deceptive_grid,0,392,37802,-28.0,31,1,0.6794,0.002177
DuelingDQN,deceptive_grid,0,393,37847,-38.0,45,1,0.679,0.001645
DuelingDQN,deceptive_grid,0,394,37916,-78.0,69,1,0.6784,0.001489
DuelingDQN,deceptive_grid,0,395,37940,-17.0,24,1,0.6782,0.001837
DuelingDQN,deceptive_grid,0,396,37960,-13.0,20,1,0.678,0.002556
DuelingDQN,deceptive_grid,0,397,38010,-43.0,50,1,0.6776,0.002334
DuelingDQN,deceptive_grid,0,398,38029,-16.0,19,1,0.6774,0.005236
DuelingDQN,deceptive_grid,0,399,38065,-29.0,36,1,0.6771,0.005043
DuelingDQN,deceptive_grid,0,400,38107,-31.0,42,1,0.6768,0.003866
DuelingDQN,deceptive_grid,0,401,38123,-9.0,16,1,0.6766,0.003012
DuelingDQN,deceptive_grid,0,402,38242,-140.0,119,1,0.6756,0.002008
DuelingDQN,deceptive_grid,0,403,38243,10.0,1,1,0.6756,0.000875
DuelingDQN,deceptive_grid,0,404,38313,-63.0,70,1,0.675,0.00105
DuelingDQN,deceptive_grid,0,405,38365,-53.0,52,1,0.6746,0.001024
DuelingDQN,deceptive_grid,0,406,38394,-22.0,29,1,0.6743,0.001406
DuelingDQN,deceptive_grid,0,407,38423,-26.0,29,1,0.6741,0.001814
DuelingDQN,deceptive_grid,0,408,38471,-45.0,48,1,0.6737,0.002133
DuelingDQN,deceptive_grid,0,409,38500,-26.0,29,1,0.6734,0.001564
DuelingDQN,deceptive_grid,0,410,38535,-24.0,35,1,0.6731,0.004259
DuelingDQN,deceptive_grid,0,411,38548,-6.0,13,1,0.673,0.004874
DuelingDQN,deceptive_grid,0,412,38607,-64.0,59,1,0.6725,0.004741
DuelingDQN,deceptive_grid,0,413,38647,-41.0,40,1,0.6722,0.004503
DuelingDQN,deceptive_grid,0,414,38677,-35.0,30,1,0.6719,0.003296
DuelingDQN,deceptive_grid,0,415,38753,-73.0,76,1,0.6713,0.004623
DuelingDQN,deceptive_grid,0,416,38826,-86.0,73,1,0.6707,0.002125
DuelingDQN,deceptive_grid,0,417,38893,-64.0,67,1,0.6701,0.000949
DuelingDQN,deceptive_grid,0,418,38972,-88.0,79,1,0.6694,0.000711
DuelingDQN,deceptive_grid,0,419,39004,-33.0,32,1,0.6692,0.001026
DuelingDQN,deceptive_grid,0,420,39024,-9.0,20,1,0.669,0.00245
DuelingDQN,deceptive_grid,0,421,39072,-53.0,48,1,0.6686,0.003066
DuelingDQN,deceptive_grid,0,422,39131,-60.0,59,1,0.6681,0.001659
DuelingDQN,deceptive_grid,0,423,39163,-29.0,32,1,0.6678,0.001168
DuelingDQN,deceptive_grid,0,424,39236,-70.0,73,1,0.6672,0.000951
DuelingDQN,deceptive_grid,0,425,39264,-21.0,28,1,0.667,0.000956
DuelingDQN,deceptive_grid,0,426,39310,-47.0,46,1,0.6666,0.000846
DuelingDQN,deceptive_grid,0,427,39431,-126.0,121,1,0.6655,0.00077
DuelingDQN,deceptive_grid,0,428,39445,-7.0,14,1,0.6654,0.000664
DuelingDQN,deceptive_grid,0,429,39513,-89.0,68,1,0.6649,0.001043
DuelingDQN,deceptive_grid,0,430,39554,-42.0,41,1,0.6645,0.002553
DuelingDQN,deceptive_grid,0,431,39646,-85.0,92,1,0.6637,0.002094
DuelingDQN,deceptive_grid,0,432,39675,-34.0,29,1,0.6635,0.002426
DuelingDQN,deceptive_grid,0,433,39741,-75.0,66,1,0.6629,0.002433
DuelingDQN,deceptive_grid,0,434,39773,-41.0,32,1,0.6626,0.002587
DuelingDQN,deceptive_grid,0,435,39857,-93.0,84,1,0.6619,0.002615
DuelingDQN,deceptive_grid,0,436,39901,-45.0,44,1,0.6616,0.001607
DuelingDQN,deceptive_grid,0,437,39972,-88.0,71,1,0.661,0.00121
DuelingDQN,deceptive_grid,0,438,39976,7.0,4,1,0.6609,0.000816
DuelingDQN,deceptive_grid,0,439,40031,-48.0,55,1,0.6605,0.001914
DuelingDQN,deceptive_grid,0,440,40085,-55.0,54,1,0.66,0.003668
DuelingDQN,deceptive_grid,0,441,40098,-6.0,13,1,0.6599,0.004871
DuelingDQN,deceptive_grid,0,442,40105,4.0,7,1,0.6598,0.00573
DuelingDQN,deceptive_grid,0,443,40135,-23.0,30,1,0.6596,0.003789
DuelingDQN,deceptive_grid,0,444,40204,-62.0,69,1,0.659,0.003292
DuelingDQN,deceptive_grid,0,445,40290,-91.0,86,1,0.6583,0.00273
DuelingDQN,deceptive_grid,0,446,40376,-83.0,86,1,0.6575,0.001668
DuelingDQN,deceptive_grid,0,447,40527,-148.0,151,1,0.6563,0.001186
DuelingDQN,deceptive_grid,0,448,40633,-115.0,106,1,0.6554,0.002609
DuelingDQN,deceptive_grid,0,449,40684,-52.0,51,1,0.6549,0.002384
DuelingDQN,deceptive_grid,0,450,40733,-42.0,49,1,0.6545,0.002149
DuelingDQN,deceptive_grid,0,451,40782,-42.0,49,1,0.6541,0.00161
DuelingDQN,deceptive_grid,0,452,40812,-31.0,30,1,0.6538,0.00118
DuelingDQN,deceptive_grid,0,453,40858,-47.0,46,1,0.6534,0.001218
DuelingDQN,deceptive_grid,0,454,40880,-15.0,22,1,0.6533,0.001198
DuelingDQN,deceptive_grid,0,455,40961,-78.0,81,1,0.6526,0.001034
DuelingDQN,deceptive_grid,0,456,41033,-65.0,72,1,0.652,0.001932
DuelingDQN,deceptive_grid,0,457,41103,-59.0,70,1,0.6514,0.006669
DuelingDQN,deceptive_grid,0,458,41154,-72.0,51,1,0.6509,0.004482
DuelingDQN,deceptive_grid,0,459,41230,-73.0,76,1,0.6503,0.003162
DuelingDQN,deceptive_grid,0,460,41265,-32.0,35,1,0.65,0.001895
DuelingDQN,deceptive_grid,0,461,41319,-51.0,54,1,0.6495,0.001234
DuelingDQN,deceptive_grid,0,462,41415,-125.0,96,1,0.6487,0.000771
DuelingDQN,deceptive_grid,0,463,41477,-59.0,62,1,0.6482,0.000891
DuelingDQN,deceptive_grid,0,464,41549,-85.0,72,1,0.6476,0.001925
DuelingDQN,deceptive_grid,0,465,41565,-13.0,16,1,0.6474,0.002231
DuelingDQN,deceptive_grid,0,466,41618,-78.0,53,1,0.647,0.001919
DuelingDQN,deceptive_grid,0,467,41633,-8.0,15,1,0.6469,0.001423
DuelingDQN,deceptive_grid,0,468,41648,-8.0,15,1,0.6467,0.001499
DuelingDQN,deceptive_grid,0,469,41753,-134.0,105,1,0.6459,0.001318
DuelingDQN,deceptive_grid,0,470,41827,-75.0,74,1,0.6452,0.00089
DuelingDQN,deceptive_grid,0,471,41883,-77.0,56,1,0.6448,0.001375
DuelingDQN,deceptive_grid,0,472,41925,-43.0,42,1,0.6444,0.00098
DuelingDQN,deceptive_grid,0,473,41991,-71.0,66,1,0.6438,0.000848
DuelingDQN,deceptive_grid,0,474,42052,-62.0,61,1,0.6433,0.00201
DuelingDQN,deceptive_grid,0,475,42082,-23.0,30,1,0.6431,0.002563
DuelingDQN,deceptive_grid,0,476,42086,7.0,4,1,0.643,0.002944
DuelingDQN,deceptive_grid,0,477,42110,-13.0,24,1,0.6428,0.002604
DuelingDQN,deceptive_grid,0,478,42138,-17.0,28,1,0.6426,0.002439
DuelingDQN,deceptive_grid,0,479,42171,-34.0,33,1,0.6423,0.00182
DuelingDQN,deceptive_grid,0,480,42182,-4.0,11,1,0.6422,0.001434
DuelingDQN,deceptive_grid,0,481,42268,-103.0,86,1,0.6415,0.001232
DuelingDQN,deceptive_grid,0,482,42314,-51.0,46,1,0.6411,0.001062
DuelingDQN,deceptive_grid,0,483,42346,-25.0,32,1,0.6408,0.001286
DuelingDQN,deceptive_grid,0,484,42358,-1.0,12,1,0.6407,0.001485
DuelingDQN,deceptive_grid,0,485,42390,-37.0,32,1,0.6405,0.001396
DuelingDQN,deceptive_grid,0,486,42394,7.0,4,1,0.6404,0.001291
DuelingDQN,deceptive_grid,0,487,42442,-45.0,48,1,0.64,0.001066
DuelingDQN,deceptive_grid,0,488,42495,-58.0,53,1,0.6396,0.00121
DuelingDQN,deceptive_grid,0,489,42522,-16.0,27,1,0.6393,0.003144
DuelingDQN,deceptive_grid,0,490,42538,-5.0,16,1,0.6392,0.003906
DuelingDQN,deceptive_grid,0,491,42593,-56.0,55,1,0.6387,0.003164
DuelingDQN,deceptive_grid,0,492,42664,-108.0,71,1,0.6381,0.002683
DuelingDQN,deceptive_grid,0,493,42680,-17.0,16,1,0.638,0.002044
DuelingDQN,deceptive_grid,0,494,42752,-77.0,72,1,0.6374,0.002691
DuelingDQN,deceptive_grid,0,495,42781,-18.0,29,1,0.6371,0.002136
DuelingDQN,deceptive_grid,0,496,42788,0.0,7,1,0.6371,0.001832
DuelingDQN,deceptive_grid,0,497,42839,-64.0,51,1,0.6366,0.00145
DuelingDQN,deceptive_grid,0,498,42886,-44.0,47,1,0.6362,0.001676
DuelingDQN,deceptive_grid,0,499,42950,-69.0,64,1,0.6357,0.001201
DuelingDQN,deceptive_grid,0,500,42974,-21.0,24,1,0.6355,0.001072
DuelingDQN,deceptive_grid,0,501,43031,-54.0,57,1,0.635,0.002146
DuelingDQN,deceptive_grid,0,502,43079,-41.0,48,1,0.6346,0.004109
DuelingDQN,deceptive_grid,0,503,43115,-41.0,36,1,0.6343,0.002679
DuelingDQN,deceptive_grid,0,504,43198,-88.0,83,1,0.6336,0.002822
DuelingDQN,deceptive_grid,0,505,43221,-16.0,23,1,0.6334,0.002771
DuelingDQN,deceptive_grid,0,506,43271,-55.0,50,1,0.633,0.002682
DuelingDQN,deceptive_grid,0,507,43300,-22.0,29,1,0.6327,0.002565
DuelingDQN,deceptive_grid,0,508,43309,2.0,9,1,0.6327,0.001857
DuelingDQN,deceptive_grid,0,509,43367,-59.0,58,1,0.6322,0.001177
DuelingDQN,deceptive_grid,0,510,43407,-33.0,40,1,0.6318,0.000741
DuelingDQN,deceptive_grid,0,511,43470,-88.0,63,1,0.6313,0.000649
DuelingDQN,deceptive_grid,0,512,43509,-36.0,39,1,0.631,0.001481
DuelingDQN,deceptive_grid,0,513,43579,-87.0,70,1,0.6304,0.003149
DuelingDQN,deceptive_grid,0,514,43610,-32.0,31,1,0.6301,0.003574
DuelingDQN,deceptive_grid,0,515,43634,-21.0,24,1,0.6299,0.004421
DuelingDQN,deceptive_grid,0,516,43698,-61.0,64,1,0.6294,0.003132
DuelingDQN,deceptive_grid,0,517,43749,-40.0,51,1,0.6289,0.001723
DuelingDQN,deceptive_grid,0,518,43821,-73.0,72,1,0.6283,0.001507
DuelingDQN,deceptive_grid,0,519,43906,-94.0,85,1,0.6276,0.001092
DuelingDQN,deceptive_grid,0,520,43915,-2.0,9,1,0.6275,0.000695
DuelingDQN,deceptive_grid,0,521,43937,-27.0,22,1,0.6273,0.000682
DuelingDQN,deceptive_grid,0,522,43955,-15.0,18,1,0.6272,0.000582
DuelingDQN,deceptive_grid,0,523,43979,-25.0,24,1,0.627,0.000611
DuelingDQN,deceptive_grid,0,524,44018,-40.0,39,1,0.6266,0.001492
DuelingDQN,deceptive_grid,0,525,44102,-97.0,84,1,0.6259,0.002226
DuelingDQN,deceptive_grid,0,526,44108,1.0,6,1,0.6259,0.001932
DuelingDQN,deceptive_grid,0,527,44118,1.0,10,1,0.6258,0.001279
DuelingDQN,deceptive_grid,0,528,44181,-60.0,63,1,0.6253,0.001577
DuelingDQN,deceptive_grid,0,529,44205,-21.0,24,1,0.6251,0.001347
DuelingDQN,deceptive_grid,0,530,44267,-87.0,62,1,0.6245,0.00202
DuelingDQN,deceptive_grid,0,531,44294,-20.0,27,1,0.6243,0.001289
DuelingDQN,deceptive_grid,0,532,44371,-82.0,77,1,0.6236,0.000989
DuelingDQN,deceptive_grid,0,533,44429,-55.0,58,1,0.6232,0.000715
DuelingDQN,deceptive_grid,0,534,44466,-34.0,37,1,0.6228,0.000767
DuelingDQN,deceptive_grid,0,535,44546,-89.0,80,1,0.6222,0.003209
DuelingDQN,deceptive_grid,0,536,44608,-79.0,62,1,0.6216,0.004976
DuelingDQN,deceptive_grid,0,537,44631,-16.0,23,1,0.6214,0.003301
DuelingDQN,deceptive_grid,0,538,44712,-86.0,81,1,0.6208,0.003641
DuelingDQN,deceptive_grid,0,539,44817,-130.0,105,1,0.6199,0.003766
DuelingDQN,deceptive_grid,0,540,44903,-103.0,86,1,0.6191,0.001672
DuelingDQN,deceptive_grid,0,541,44940,-38.0,37,1,0.6188,0.000818
DuelingDQN,deceptive_grid,0,542,44956,-5.0,16,1,0.6187,0.000507
DuelingDQN,deceptive_grid,0,543,45003,-40.0,47,1,0.6183,0.000749
DuelingDQN,deceptive_grid,0,544,45004,10.0,1,1,0.6183,0.003421
DuelingDQN,deceptive_grid,0,545,45068,-65.0,64,1,0.6177,0.003492
DuelingDQN,deceptive_grid,0,546,45134,-63.0,66,1,0.6172,0.002565
DuelingDQN,deceptive_grid,0,547,45206,-69.0,72,1,0.6166,0.001774
DuelingDQN,deceptive_grid,0,548,45282,-81.0,76,1,0.6159,0.001247
DuelingDQN,deceptive_grid,0,549,45363,-102.0,81,1,0.6152,0.001477
DuelingDQN,deceptive_grid,0,550,45379,-5.0,16,1,0.6151,0.000999
DuelingDQN,deceptive_grid,0,551,45417,-31.0,38,1,0.6148,0.000646
DuelingDQN,deceptive_grid,0,552,45425,3.0,8,1,0.6147,0.000581
DuelingDQN,deceptive_grid,0,553,45473,-57.0,48,1,0.6143,0.000546
DuelingDQN,deceptive_grid,0,554,45477,7.0,4,1,0.6143,0.000613
DuelingDQN,deceptive_grid,0,555,45532,-48.0,55,1,0.6138,0.002423
DuelingDQN,deceptive_grid,0,556,45586,-63.0,54,1,0.6133,0.003662
DuelingDQN,deceptive_grid,0,557,45631,-38.0,45,1,0.613,0.002847
DuelingDQN,deceptive_grid,0,558,45646,-20.0,15,1,0.6128,0.00202
DuelingDQN,deceptive_grid,0,559,45696,-55.0,50,1,0.6124,0.001534
DuelingDQN,deceptive_grid,0,560,45700,7.0,4,1,0.6124,0.001286
DuelingDQN,deceptive_grid,0,561,45768,-73.0,68,1,0.6118,0.00144
DuelingDQN,deceptive_grid,0,562,45858,-107.0,90,1,0.611,0.002314
DuelingDQN,deceptive_grid,0,563,45913,-52.0,55,1,0.6106,0.002341
DuelingDQN,deceptive_grid,0,564,45923,1.0,10,1,0.6105,0.001608
DuelingDQN,deceptive_grid,0,565,46015,-105.0,92,1,0.6097,0.001992
DuelingDQN,deceptive_grid,0,566,46019,7.0,4,1,0.6097,0.003615
DuelingDQN,deceptive_grid,0,567,46086,-80.0,67,1,0.6091,0.003505
DuelingDQN,deceptive_grid,0,568,46116,-19.0,30,1,0.6088,0.002145
DuelingDQN,deceptive_grid,0,569,46178,-59.0,62,1,0.6083,0.001306
DuelingDQN,deceptive_grid,0,570,46206,-17.0,28,1,0.6081,0.001216
DuelingDQN,deceptive_grid,0,571,46263,-46.0,57,1,0.6076,0.001255
DuelingDQN,deceptive_grid,0,572,46324,-74.0,61,1,0.6071,0.00075
DuelingDQN,deceptive_grid,0,573,46340,-5.0,16,1,0.6069,0.000766
DuelingDQN,deceptive_grid,0,574,46384,-49.0,44,1,0.6066,0.000971
DuelingDQN,deceptive_grid,0,575,46478,-99.0,94,1,0.6058,0.000779
DuelingDQN,deceptive_grid,0,576,46496,-11.0,18,1,0.6056,0.000566
DuelingDQN,deceptive_grid,0,577,46545,-50.0,49,1,0.6052,0.002597
DuelingDQN,deceptive_grid,0,578,46575,-39.0,30,1,0.605,0.002513
DuelingDQN,deceptive_grid,0,579,46619,-45.0,44,1,0.6046,0.002185
DuelingDQN,deceptive_grid,0,580,46704,-98.0,85,1,0.6039,0.001993
DuelingDQN,deceptive_grid,0,581,46747,-36.0,43,1,0.6035,0.003125
DuelingDQN,deceptive_grid,0,582,46795,-45.0,48,1,0.6031,0.002079
DuelingDQN,deceptive_grid,0,583,46798,8.0,3,1,0.6031,0.002155
DuelingDQN,deceptive_grid,0,584,46884,-83.0,86,1,0.6023,0.001265
DuelingDQN,deceptive_grid,0,585,46942,-79.0,58,1,0.6018,0.000918
DuelingDQN,deceptive_grid,0,586,46976,-31.0,34,1,0.6016,0.000702
DuelingDQN,deceptive_grid,0,587,47038,-55.0,62,1,0.601,0.001623
DuelingDQN,deceptive_grid,0,588,47065,-28.0,27,1,0.6008,0.002208
DuelingDQN,deceptive_grid,0,589,47125,-73.0,60,1,0.6003,0.002306
DuelingDQN,deceptive_grid,0,590,47174,-38.0,49,1,0.5999,0.00198
DuelingDQN,deceptive_grid,0,591,47210,-29.0,36,1,0.5996,0.001834
DuelingDQN,deceptive_grid,0,592,47232,-23.0,22,1,0.5994,0.002226
DuelingDQN,deceptive_grid,0,593,47238,5.0,6,1,0.5993,0.002533
DuelingDQN,deceptive_grid,0,594,47273,-32.0,35,1,0.599,0.002042
DuelingDQN,deceptive_grid,0,595,47334,-54.0,61,1,0.5985,0.001067
DuelingDQN,deceptive_grid,0,596,47354,-9.0,20,1,0.5983,0.000949
DuelingDQN,deceptive_grid,0,597,47386,-21.0,32,1,0.5981,0.000828
DuelingDQN,deceptive_grid,0,598,47407,-10.0,21,1,0.5979,0.00062
DuelingDQN,deceptive_grid,0,599,47433,-19.0,26,1,0.5977,0.000489
DuelingDQN,deceptive_grid,0,600,47460,-28.0,27,1,0.5974,0.000452
DuelingDQN,deceptive_grid,0,601,47475,-4.0,15,1,0.5973,0.000435
DuelingDQN,deceptive_grid,0,602,47495,-13.0,20,1,0.5971,0.000399
DuelingDQN,deceptive_grid,0,603,47539,-33.0,44,1,0.5968,0.001988
DuelingDQN,deceptive_grid,0,604,47558,-20.0,19,1,0.5966,0.003439
DuelingDQN,deceptive_grid,0,605,47602,-57.0,44,1,0.5962,0.002881
DuelingDQN,deceptive_grid,0,606,47668,-59.0,66,1,0.5957,0.002635
DuelingDQN,deceptive_grid,0,607,47722,-51.0,54,1,0.5952,0.00199
DuelingDQN,deceptive_grid,0,608,47760,-35.0,38,1,0.5949,0.002128
DuelingDQN,deceptive_grid,0,609,47801,-42.0,41,1,0.5946,0.001765
DuelingDQN,deceptive_grid,0,610,47858,-62.0,57,1,0.5941,0.001325
DuelingDQN,deceptive_grid,0,611,47893,-24.0,35,1,0.5938,0.000886
DuelingDQN,deceptive_grid,0,612,47912,-8.0,19,1,0.5936,0.001087
DuelingDQN,deceptive_grid,0,613,47913,10.0,1,1,0.5936,0.000495
DuelingDQN,deceptive_grid,0,614,47943,-19.0,30,1,0.5933,0.001083
DuelingDQN,deceptive_grid,0,615,48009,-67.0,66,1,0.5928,0.0013
DuelingDQN,deceptive_grid,0,616,48026,-10.0,17,1,0.5926,0.001891
DuelingDQN,deceptive_grid,0,617,48076,-55.0,50,1,0.5922,0.001857
DuelingDQN,deceptive_grid,0,618,48106,-23.0,30,1,0.592,0.002637
DuelingDQN,deceptive_grid,0,619,48131,-22.0,25,1,0.5918,0.002321
DuelingDQN,deceptive_grid,0,620,48162,-20.0,31,1,0.5915,0.002222
DuelingDQN,deceptive_grid,0,621,48168,1.0,6,1,0.5914,0.002532
DuelingDQN,deceptive_grid,0,622,48201,-38.0,33,1,0.5912,0.002241
DuelingDQN,deceptive_grid,0,623,48303,-99.0,102,1,0.5903,0.001466
DuelingDQN,deceptive_grid,0,624,48355,-49.0,52,1,0.5899,0.001347
DuelingDQN,deceptive_grid,0,625,48377,-19.0,22,1,0.5897,0.000745
DuelingDQN,deceptive_grid,0,626,48390,-6.0,13,1,0.5896,0.000748
DuelingDQN,deceptive_grid,0,627,48401,-8.0,11,1,0.5895,0.000833
DuelingDQN,deceptive_grid,0,628,48476,-68.0,75,1,0.5888,0.000865
DuelingDQN,deceptive_grid,0,629,48498,-19.0,22,1,0.5886,0.001317
DuelingDQN,deceptive_grid,0,630,48507,-2.0,9,1,0.5886,0.002254
DuelingDQN,deceptive_grid,0,631,48530,-32.0,23,1,0.5884,0.002478
DuelingDQN,deceptive_grid,0,632,48596,-55.0,66,1,0.5878,0.002746
DuelingDQN,deceptive_grid,0,633,48647,-48.0,51,1,0.5874,0.002089
DuelingDQN,deceptive_grid,0,634,48660,-6.0,13,1,0.5873,0.001466
DuelingDQN,deceptive_grid,0,635,48703,-36.0,43,1,0.5869,0.001391
DuelingDQN,deceptive_grid,0,636,48770,-76.0,67,1,0.5863,0.001169
DuelingDQN,deceptive_grid,0,637,48786,-17.0,16,1,0.5862,0.000935
DuelingDQN,deceptive_grid,0,638,48847,-62.0,61,1,0.5857,0.001409
DuelingDQN,deceptive_grid,0,639,48881,-27.0,34,1,0.5854,0.000926
DuelingDQN,deceptive_grid,0,640,48889,3.0,8,1,0.5853,0.000665
DuelingDQN,deceptive_grid,0,641,48922,-22.0,33,1,0.585,0.000864
DuelingDQN,deceptive_grid,0,642,48948,-15.0,26,1,0.5848,0.000705
DuelingDQN,deceptive_grid,0,643,49045,-110.0,97,1,0.584,0.001698
DuelingDQN,deceptive_grid,0,644,49100,-64.0,55,1,0.5835,0.002993
DuelingDQN,deceptive_grid,0,645,49122,-27.0,22,1,0.5833,0.003527
DuelingDQN,deceptive_grid,0,646,49146,-13.0,24,1,0.5831,0.003067
DuelingDQN,deceptive_grid,0,647,49169,-16.0,23,1,0.583,0.003095
DuelingDQN,deceptive_grid,0,648,49243,-79.0,74,1,0.5823,0.002833
DuelingDQN,deceptive_grid,0,649,49312,-58.0,69,1,0.5817,0.002221
DuelingDQN,deceptive_grid,0,650,49320,3.0,8,1,0.5817,0.002542
DuelingDQN,deceptive_grid,0,651,49348,-29.0,28,1,0.5814,0.002428
DuelingDQN,deceptive_grid,0,652,49395,-48.0,47,1,0.581,0.001939
DuelingDQN,deceptive_grid,0,653,49415,-13.0,20,1,0.5809,0.001586
DuelingDQN,deceptive_grid,0,654,49463,-61.0,48,1,0.5805,0.001218
DuelingDQN,deceptive_grid,0,655,49485,-19.0,22,1,0.5803,0.001091
DuelingDQN,deceptive_grid,0,656,49503,-11.0,18,1,0.5801,0.001235
DuelingDQN,deceptive_grid,0,657,49535,-33.0,32,1,0.5798,0.002716
DuelingDQN,deceptive_grid,0,658,49567,-25.0,32,1,0.5796,0.002057
DuelingDQN,deceptive_grid,0,659,49625,-55.0,58,1,0.5791,0.001712
DuelingDQN,deceptive_grid,0,660,49711,-83.0,86,1,0.5784,0.001659
DuelingDQN,deceptive_grid,0,661,49738,-20.0,27,1,0.5781,0.001409
DuelingDQN,deceptive_grid,0,662,49778,-45.0,40,1,0.5778,0.001149
DuelingDQN,deceptive_grid,0,663,49823,-46.0,45,1,0.5774,0.00097
DuelingDQN,deceptive_grid,0,664,49879,-65.0,56,1,0.5769,0.000967
DuelingDQN,deceptive_grid,0,665,49903,-21.0,24,1,0.5767,0.000771
DuelingDQN,deceptive_grid,0,666,49930,-16.0,27,1,0.5765,0.000529
DuelingDQN,deceptive_grid,0,667,49956,-19.0,26,1,0.5763,0.000441
DuelingDQN,deceptive_grid,0,668,50020,-61.0,64,1,0.5757,0.000717
DuelingDQN,deceptive_grid,0,669,50046,-19.0,26,1,0.5755,0.001778
DuelingDQN,deceptive_grid,0,670,50140,-87.0,94,1,0.5747,0.002778
DuelingDQN,deceptive_grid,0,671,50170,-31.0,30,1,0.5745,0.003538
DuelingDQN,deceptive_grid,0,672,50205,-40.0,35,1,0.5742,0.003794
DuelingDQN,deceptive_grid,0,673,50235,-23.0,30,1,0.5739,0.002727
DuelingDQN,deceptive_grid,0,674,50237,9.0,2,1,0.5739,0.003427
DuelingDQN,deceptive_grid,0,675,50310,-78.0,73,1,0.5733,0.002732
DuelingDQN,deceptive_grid,0,676,50356,-39.0,46,1,0.5729,0.002828
DuelingDQN,deceptive_grid,0,677,50365,2.0,9,1,0.5728,0.002627
DuelingDQN,deceptive_grid,0,678,50417,-57.0,52,1,0.5724,0.001654
DuelingDQN,deceptive_grid,0,679,50424,-4.0,7,1,0.5723,0.00117
DuelingDQN,deceptive_grid,0,680,50442,-19.0,18,1,0.5722,0.000999
DuelingDQN,deceptive_grid,0,681,50467,-14.0,25,1,0.5719,0.000907
DuelingDQN,deceptive_grid,0,682,50498,-24.0,31,1,0.5717,0.000638
DuelingDQN,deceptive_grid,0,683,50532,-31.0,34,1,0.5714,0.001963
DuelingDQN,deceptive_grid,0,684,50557,-34.0,25,1,0.5712,0.001932
DuelingDQN,deceptive_grid,0,685,50622,-54.0,65,1,0.5706,0.001531
DuelingDQN,deceptive_grid,0,686,50650,-45.0,28,1,0.5704,0.001547
DuelingDQN,deceptive_grid,0,687,50666,-13.0,16,1,0.5703,0.001473
DuelingDQN,deceptive_grid,0,688,50711,-66.0,45,1,0.5699,0.000923
DuelingDQN,deceptive_grid,0,689,50723,-5.0,12,1,0.5698,0.000757
DuelingDQN,deceptive_grid,0,690,50751,-21.0,28,1,0.5695,0.00082
DuelingDQN,deceptive_grid,0,691,50790,-36.0,39,1,0.5692,0.00101
DuelingDQN,deceptive_grid,0,692,50831,-34.0,41,1,0.5689,0.000828
DuelingDQN,deceptive_grid,0,693,50842,0.0,11,1,0.5688,0.000742
DuelingDQN,deceptive_grid,0,694,50894,-49.0,52,1,0.5683,0.000615
DuelingDQN,deceptive_grid,0,695,50932,-27.0,38,1,0.568,0.000739
DuelingDQN,deceptive_grid,0,696,50982,-47.0,50,1,0.5676,0.000649
DuelingDQN,deceptive_grid,0,697,50998,-13.0,16,1,0.5674,0.000516
DuelingDQN,deceptive_grid,0,698,51018,-13.0,20,1,0.5673,0.001819
DuelingDQN,deceptive_grid,0,699,51057,-36.0,39,1,0.5669,0.002039
DuelingDQN,deceptive_grid,0,700,51077,-13.0,20,1,0.5668,0.00211
DuelingDQN,deceptive_grid,0,701,51096,-8.0,19,1,0.5666,0.001822
DuelingDQN,deceptive_grid,0,702,51111,-12.0,15,1,0.5665,0.00166
DuelingDQN,deceptive_grid,0,703,51150,-40.0,39,1,0.5661,0.00183
DuelingDQN,deceptive_grid,0,704,51197,-40.0,47,1,0.5657,0.001702
DuelingDQN,deceptive_grid,0,705,51255,-79.0,58,1,0.5653,0.001526
DuelingDQN,deceptive_grid,0,706,51293,-35.0,38,1,0.5649,0.002388
DuelingDQN,deceptive_grid,0,707,51310,-10.0,17,1,0.5648,0.002135
DuelingDQN,deceptive_grid,0,708,51324,-11.0,14,1,0.5647,0.001789
DuelingDQN,deceptive_grid,0,709,51330,5.0,6,1,0.5646,0.001813
DuelingDQN,deceptive_grid,0,710,51374,-45.0,44,1,0.5642,0.001968
DuelingDQN,deceptive_grid,0,711,51406,-25.0,32,1,0.564,0.001621
DuelingDQN,deceptive_grid,0,712,51442,-45.0,36,1,0.5637,0.001283
DuelingDQN,deceptive_grid,0,713,51474,-21.0,32,1,0.5634,0.001132
DuelingDQN,deceptive_grid,0,714,51486,-1.0,12,1,0.5633,0.001578
DuelingDQN,deceptive_grid,0,715,51525,-32.0,39,1,0.563,0.002316
DuelingDQN,deceptive_grid,0,716,51538,-2.0,13,1,0.5629,0.002491
DuelingDQN,deceptive_grid,0,717,51591,-42.0,53,1,0.5624,0.002734
DuelingDQN,deceptive_grid,0,718,51611,-9.0,20,1,0.5622,0.002358
DuelingDQN,deceptive_grid,0,719,51713,-95.0,102,1,0.5614,0.002
DuelingDQN,deceptive_grid,0,720,51756,-44.0,43,1,0.561,0.001139
DuelingDQN,deceptive_grid,0,721,51783,-24.0,27,1,0.5608,0.001072
DuelingDQN,deceptive_grid,0,722,51804,-14.0,21,1,0.5606,0.000914
DuelingDQN,deceptive_grid,0,723,51852,-61.0,48,1,0.5602,0.001018
DuelingDQN,deceptive_grid,0,724,51895,-32.0,43,1,0.5598,0.001101
DuelingDQN,deceptive_grid,0,725,51912,-14.0,17,1,0.5597,0.000989
DuelingDQN,deceptive_grid,0,726,51962,-39.0,50,1,0.5593,0.000794
DuelingDQN,deceptive_grid,0,727,51971,2.0,9,1,0.5592,0.000694
DuelingDQN,deceptive_grid,0,728,51997,-19.0,26,1,0.559,0.000543
DuelingDQN,deceptive_grid,0,729,52033,-29.0,36,1,0.5587,0.002722
DuelingDQN,deceptive_grid,0,730,52059,-23.0,26,1,0.5584,0.002872
DuelingDQN,deceptive_grid,0,731,52097,-35.0,38,1,0.5581,0.002965
DuelingDQN,deceptive_grid,0,732,52148,-68.0,51,1,0.5577,0.002251
DuelingDQN,deceptive_grid,0,733,52196,-45.0,48,1,0.5573,0.001566
DuelingDQN,deceptive_grid,0,734,52241,-42.0,45,1,0.5569,0.001216
DuelingDQN,deceptive_grid,0,735,52311,-67.0,70,1,0.5563,0.001594
DuelingDQN,deceptive_grid,0,736,52343,-29.0,32,1,0.556,0.001405
DuelingDQN,deceptive_grid,0,737,52366,-20.0,23,1,0.5558,0.001058
DuelingDQN,deceptive_grid,0,738,52370,7.0,4,1,0.5558,0.000925
DuelingDQN,deceptive_grid,0,739,52380,-7.0,10,1,0.5557,0.000851
DuelingDQN,deceptive_grid,0,740,52438,-59.0,58,1,0.5552,0.000715
DuelingDQN,deceptive_grid,0,741,52463,-18.0,25,1,0.555,0.00053
DuelingDQN,deceptive_grid,0,742,52490,-16.0,27,1,0.5548,0.000505
DuelingDQN,deceptive_grid,0,743,52540,-55.0,50,1,0.5544,0.002035
DuelingDQN,deceptive_grid,0,744,52569,-34.0,29,1,0.5541,0.002636
DuelingDQN,deceptive_grid,0,745,52584,-8.0,15,1,0.554,0.002248
DuelingDQN,deceptive_grid,0,746,52637,-42.0,53,1,0.5535,0.002484
DuelingDQN,deceptive_grid,0,747,52662,-30.0,25,1,0.5533,0.002246
DuelingDQN,deceptive_grid,0,748,52679,-14.0,17,1,0.5532,0.002014
DuelingDQN,deceptive_grid,0,749,52714,-36.0,35,1,0.5529,0.002195
DuelingDQN,deceptive_grid,0,750,52763,-46.0,49,1,0.5525,0.00142
DuelingDQN,deceptive_grid,0,751,52810,-60.0,47,1,0.5521,0.001522
DuelingDQN,deceptive_grid,0,752,52823,-2.0,13,1,0.552,0.001932
DuelingDQN,deceptive_grid,0,753,52864,-30.0,41,1,0.5516,0.00118
DuelingDQN,deceptive_grid,0,754,52947,-80.0,83,1,0.5509,0.000686
DuelingDQN,deceptive_grid,0,755,52998,-44.0,51,1,0.5505,0.000892
DuelingDQN,deceptive_grid,0,756,53031,-30.0,33,1,0.5502,0.002703
DuelingDQN,deceptive_grid,0,757,53078,-36.0,47,1,0.5498,0.002178
DuelingDQN,deceptive_grid,0,758,53108,-31.0,30,1,0.5495,0.002543
DuelingDQN,deceptive_grid,0,759,53126,-19.0,18,1,0.5494,0.002812
DuelingDQN,deceptive_grid,0,760,53147,-14.0,21,1,0.5492,0.002578
DuelingDQN,deceptive_grid,0,761,53165,-7.0,18,1,0.5491,0.003342
DuelingDQN,deceptive_grid,0,762,53217,-53.0,52,1,0.5486,0.002233
DuelingDQN,deceptive_grid,0,763,53255,-39.0,38,1,0.5483,0.001609
DuelingDQN,deceptive_grid,0,764,53307,-53.0,52,1,0.5479,0.001245
DuelingDQN,deceptive_grid,0,765,53353,-63.0,46,1,0.5475,0.001025
DuelingDQN,deceptive_grid,0,766,53370,-14.0,17,1,0.5473,0.000714
DuelingDQN,deceptive_grid,0,767,53405,-28.0,35,1,0.547,0.000591
DuelingDQN,deceptive_grid,0,768,53464,-56.0,59,1,0.5465,0.000586
DuelingDQN,deceptive_grid,0,769,53503,-36.0,39,1,0.5462,0.000704
DuelingDQN,deceptive_grid,0,770,53508,6.0,5,1,0.5461,0.002457
DuelingDQN,deceptive_grid,0,771,53545,-34.0,37,1,0.5458,0.002247
DuelingDQN,deceptive_grid,0,772,53564,-20.0,19,1,0.5457,0.002791
DuelingDQN,deceptive_grid,0,773,53579,-4.0,15,1,0.5455,0.002729
DuelingDQN,deceptive_grid,0,774,53637,-47.0,58,1,0.5451,0.003704
DuelingDQN,deceptive_grid,0,775,53709,-65.0,72,1,0.5444,0.003021
DuelingDQN,deceptive_grid,0,776,53767,-63.0,58,1,0.5439,0.001784
DuelingDQN,deceptive_grid,0,777,53822,-52.0,55,1,0.5435,0.001165
DuelingDQN,deceptive_grid,0,778,53850,-33.0,28,1,0.5432,0.001515
DuelingDQN,deceptive_grid,0,779,53897,-40.0,47,1,0.5428,0.001667
DuelingDQN,deceptive_grid,0,780,53926,-38.0,29,1,0.5426,0.001622
DuelingDQN,deceptive_grid,0,781,53952,-19.0,26,1,0.5424,0.001584
DuelingDQN,deceptive_grid,0,782,53968,-13.0,16,1,0.5422,0.00133
DuelingDQN,deceptive_grid,0,783,54043,-68.0,75,1,0.5416,0.0017
DuelingDQN,deceptive_grid,0,784,54079,-29.0,36,1,0.5413,0.002032
DuelingDQN,deceptive_grid,0,785,54081,9.0,2,1,0.5413,0.002073
DuelingDQN,deceptive_grid,0,786,54094,-2.0,13,1,0.5412,0.001599
DuelingDQN,deceptive_grid,0,787,54172,-79.0,78,1,0.5405,0.001581
DuelingDQN,deceptive_grid,0,788,54184,-1.0,12,1,0.5404,0.001433
DuelingDQN,deceptive_grid,0,789,54215,-20.0,31,1,0.5401,0.001092
DuelingDQN,deceptive_grid,0,790,54236,-14.0,21,1,0.54,0.000933
DuelingDQN,deceptive_grid,0,791,54264,-17.0,28,1,0.5397,0.000869
DuelingDQN,deceptive_grid,0,792,54354,-115.0,90,1,0.539,0.000968
DuelingDQN,deceptive_grid,0,793,54394,-45.0,40,1,0.5386,0.000982
DuelingDQN,deceptive_grid,0,794,54403,2.0,9,1,0.5386,0.001065
DuelingDQN,deceptive_grid,0,795,54420,-6.0,17,1,0.5384,0.00089
DuelingDQN,deceptive_grid,0,796,54464,-49.0,44,1,0.538,0.000759
DuelingDQN,deceptive_grid,0,797,54471,4.0,7,1,0.538,0.00069
DuelingDQN,deceptive_grid,0,798,54483,-1.0,12,1,0.5379,0.000661
DuelingDQN,deceptive_grid,0,799,54498,-8.0,15,1,0.5377,0.000715
DuelingDQN,deceptive_grid,0,800,54519,-14.0,21,1,0.5376,0.002171
DQN,deceptive_grid,1,1,200,-264.0,200,0,0.9983,
DQN,deceptive_grid,1,2,400,-224.0,200,0,0.9966,
DQN,deceptive_grid,1,3,600,-320.0,200,0,0.9949,
DQN,deceptive_grid,1,4,800,-332.0,200,0,0.9932,
DQN,deceptive_grid,1,5,1000,-264.0,200,0,0.9915,0.736201
DQN,deceptive_grid,1,6,1200,-220.0,200,0,0.9898,0.325382
DQN,deceptive_grid,1,7,1400,-264.0,200,0,0.9881,0.24508
DQN,deceptive_grid,1,8,1600,-284.0,200,0,0.9864,0.203074
DQN,deceptive_grid,1,9,1800,-316.0,200,0,0.9847,0.16662
DQN,deceptive_grid,1,10,2000,-312.0,200,0,0.983,0.148715
DQN,deceptive_grid,1,11,2087,-136.0,87,1,0.9823,0.145069
DQN,deceptive_grid,1,12,2287,-268.0,200,0,0.9806,0.106352
DQN,deceptive_grid,1,13,2487,-240.0,200,0,0.9789,0.096955
DQN,deceptive_grid,1,14,2687,-292.0,200,0,0.9772,0.085893
DQN,deceptive_grid,1,15,2887,-236.0,200,0,0.9755,0.067645
DQN,deceptive_grid,1,16,3087,-216.0,200,0,0.9738,0.068628
DQN,deceptive_grid,1,17,3287,-332.0,200,0,0.9721,0.054209
DQN,deceptive_grid,1,18,3487,-396.0,200,0,0.9704,0.059261
DQN,deceptive_grid,1,19,3687,-236.0,200,0,0.9687,0.068147
DQN,deceptive_grid,1,20,3887,-284.0,200,0,0.967,0.050154
DQN,deceptive_grid,1,21,4087,-268.0,200,0,0.9653,0.054071
DQN,deceptive_grid,1,22,4287,-236.0,200,0,0.9636,0.048711
DQN,deceptive_grid,1,23,4487,-284.0,200,0,0.9619,0.046338
DQN,deceptive_grid,1,24,4687,-264.0,200,0,0.9602,0.052424
DQN,deceptive_grid,1,25,4887,-276.0,200,0,0.9585,0.038663
DQN,deceptive_grid,1,26,5087,-244.0,200,0,0.9569,0.057655
DQN,deceptive_grid,1,27,5287,-292.0,200,0,0.9552,0.035474
DQN,deceptive_grid,1,28,5487,-244.0,200,0,0.9535,0.037569
DQN,deceptive_grid,1,29,5687,-220.0,200,0,0.9518,0.048513
DQN,deceptive_grid,1,30,5887,-220.0,200,0,0.9501,0.030893
DQN,deceptive_grid,1,31,6087,-232.0,200,0,0.9484,0.045953
DQN,deceptive_grid,1,32,6287,-244.0,200,0,0.9467,0.028001
DQN,deceptive_grid,1,33,6487,-324.0,200,0,0.945,0.028086
DQN,deceptive_grid,1,34,6687,-232.0,200,0,0.9433,0.042932
DQN,deceptive_grid,1,35,6887,-248.0,200,0,0.9416,0.030397
DQN,deceptive_grid,1,36,7087,-284.0,200,0,0.9399,0.043196
DQN,deceptive_grid,1,37,7287,-340.0,200,0,0.9382,0.032758
DQN,deceptive_grid,1,38,7487,-260.0,200,0,0.9365,0.029953
DQN,deceptive_grid,1,39,7687,-324.0,200,0,0.9348,0.039027
DQN,deceptive_grid,1,40,7887,-228.0,200,0,0.9331,0.031405
DQN,deceptive_grid,1,41,8087,-276.0,200,0,0.9314,0.041736
DQN,deceptive_grid,1,42,8287,-280.0,200,0,0.9297,0.023166
DQN,deceptive_grid,1,43,8487,-268.0,200,0,0.928,0.023394
DQN,deceptive_grid,1,44,8687,-248.0,200,0,0.9263,0.032313
DQN,deceptive_grid,1,45,8887,-228.0,200,0,0.9246,0.025951
DQN,deceptive_grid,1,46,9087,-248.0,200,0,0.9229,0.034811
DQN,deceptive_grid,1,47,9287,-240.0,200,0,0.9212,0.023676
DQN,deceptive_grid,1,48,9487,-292.0,200,0,0.9195,0.020388
DQN,deceptive_grid,1,49,9687,-288.0,200,0,0.9178,0.035928
DQN,deceptive_grid,1,50,9887,-264.0,200,0,0.9161,0.023398
DQN,deceptive_grid,1,51,10087,-244.0,200,0,0.9144,0.031532
DQN,deceptive_grid,1,52,10287,-260.0,200,0,0.9127,0.021583
DQN,deceptive_grid,1,53,10487,-284.0,200,0,0.911,0.020965
DQN,deceptive_grid,1,54,10576,-106.0,89,1,0.9103,0.051034
DQN,deceptive_grid,1,55,10607,-40.0,31,1,0.91,0.020179
DQN,deceptive_grid,1,56,10807,-272.0,200,0,0.9083,0.021258
DQN,deceptive_grid,1,57,11007,-284.0,200,0,0.9066,0.031847
DQN,deceptive_grid,1,58,11207,-216.0,200,0,0.9049,0.033548
DQN,deceptive_grid,1,59,11407,-288.0,200,0,0.9032,0.034762
DQN,deceptive_grid,1,60,11415,-5.0,8,1,0.9032,0.007
DQN,deceptive_grid,1,61,11615,-308.0,200,0,0.9015,0.049452
DQN,deceptive_grid,1,62,11815,-248.0,200,0,0.8998,0.027311
DQN,deceptive_grid,1,63,12015,-336.0,200,0,0.8981,0.032055
DQN,deceptive_grid,1,64,12215,-240.0,200,0,0.8964,0.030926
DQN,deceptive_grid,1,65,12415,-308.0,200,0,0.8947,0.026011
DQN,deceptive_grid,1,66,12501,-107.0,86,1,0.894,0.026181
DQN,deceptive_grid,1,67,12701,-268.0,200,0,0.8923,0.037791
DQN,deceptive_grid,1,68,12901,-244.0,200,0,0.8906,0.021115
DQN,deceptive_grid,1,69,13101,-260.0,200,0,0.8889,0.035189
DQN,deceptive_grid,1,70,13301,-236.0,200,0,0.8872,0.033284
DQN,deceptive_grid,1,71,13501,-264.0,200,0,0.8855,0.032121
DQN,deceptive_grid,1,72,13701,-208.0,200,0,0.8838,0.03527
DQN,deceptive_grid,1,73,13901,-264.0,200,0,0.8821,0.024785
DQN,deceptive_grid,1,74,14101,-312.0,200,0,0.8804,0.044759
DQN,deceptive_grid,1,75,14216,-136.0,115,1,0.8794,0.025877
DQN,deceptive_grid,1,76,14416,-292.0,200,0,0.8777,0.038271
DQN,deceptive_grid,1,77,14485,-90.0,69,1,0.8771,0.03012
DQN,deceptive_grid,1,78,14685,-216.0,200,0,0.8754,0.040774
DQN,deceptive_grid,1,79,14885,-272.0,200,0,0.8737,0.035027
DQN,deceptive_grid,1,80,15085,-288.0,200,0,0.872,0.023221
DQN,deceptive_grid,1,81,15285,-280.0,200,0,0.8704,0.025302
DQN,deceptive_grid,1,82,15485,-280.0,200,0,0.8687,0.037381
DQN,deceptive_grid,1,83,15685,-328.0,200,0,0.867,0.044154
DQN,deceptive_grid,1,84,15698,-2.0,13,1,0.8668,0.016161
DQN,deceptive_grid,1,85,15837,-164.0,139,1,0.8657,0.04087
DQN,deceptive_grid,1,86,16037,-308.0,200,0,0.864,0.038812
DQN,deceptive_grid,1,87,16129,-109.0,92,1,0.8632,0.035533
DQN,deceptive_grid,1,88,16329,-256.0,200,0,0.8615,0.036515
DQN,deceptive_grid,1,89,16529,-272.0,200,0,0.8598,0.03692
DQN,deceptive_grid,1,90,16729,-272.0,200,0,0.8581,0.029768
DQN,deceptive_grid,1,91,16929,-260.0,200,0,0.8564,0.03354
DQN,deceptive_grid,1,92,17129,-224.0,200,0,0.8547,0.051529
DQN,deceptive_grid,1,93,17329,-264.0,200,0,0.853,0.033238
DQN,deceptive_grid,1,94,17385,-61.0,56,1,0.8525,0.047831
DQN,deceptive_grid,1,95,17585,-408.0,200,0,0.8508,0.035093
DQN,deceptive_grid,1,96,17625,-61.0,40,1,0.8505,0.044774
DQN,deceptive_grid,1,97,17825,-312.0,200,0,0.8488,0.047787
DQN,deceptive_grid,1,98,18025,-256.0,200,0,0.8471,0.045761
DQN,deceptive_grid,1,99,18225,-300.0,200,0,0.8454,0.03256
DQN,deceptive_grid,1,100,18425,-280.0,200,0,0.8437,0.046716
DQN,deceptive_grid,1,101,18625,-280.0,200,0,0.842,0.041346
DQN,deceptive_grid,1,102,18825,-264.0,200,0,0.8403,0.029949
DQN,deceptive_grid,1,103,19025,-264.0,200,0,0.8386,0.048838
DQN,deceptive_grid,1,104,19225,-260.0,200,0,0.8369,0.04862
DQN,deceptive_grid,1,105,19338,-118.0,113,1,0.836,0.037155
DQN,deceptive_grid,1,106,19538,-244.0,200,0,0.8343,0.046682
DQN,deceptive_grid,1,107,19738,-244.0,200,0,0.8326,0.037005
DQN,deceptive_grid,1,108,19837,-96.0,99,1,0.8317,0.039312
DQN,deceptive_grid,1,109,20037,-252.0,200,0,0.83,0.053362
DQN,deceptive_grid,1,110,20237,-220.0,200,0,0.8283,0.042551
DQN,deceptive_grid,1,111,20437,-288.0,200,0,0.8267,0.042374
DQN,deceptive_grid,1,112,20637,-236.0,200,0,0.825,0.049966
DQN,deceptive_grid,1,113,20837,-252.0,200,0,0.8233,0.047684
DQN,deceptive_grid,1,114,21037,-232.0,200,0,0.8216,0.043674
DQN,deceptive_grid,1,115,21237,-244.0,200,0,0.8199,0.038079
DQN,deceptive_grid,1,116,21242,6.0,5,1,0.8198,0.009909
DQN,deceptive_grid,1,117,21442,-272.0,200,0,0.8181,0.054571
DQN,deceptive_grid,1,118,21470,-33.0,28,1,0.8179,0.038279
DQN,deceptive_grid,1,119,21590,-129.0,120,1,0.8169,0.060541
DQN,deceptive_grid,1,120,21790,-232.0,200,0,0.8152,0.056419
DQN,deceptive_grid,1,121,21990,-232.0,200,0,0.8135,0.040576
DQN,deceptive_grid,1,122,22190,-396.0,200,0,0.8118,0.052447
DQN,deceptive_grid,1,123,22211,-14.0,21,1,0.8116,0.018284
DQN,deceptive_grid,1,124,22411,-244.0,200,0,0.8099,0.047714
DQN,deceptive_grid,1,125,22611,-268.0,200,0,0.8082,0.064768
DQN,deceptive_grid,1,126,22811,-240.0,200,0,0.8065,0.041913
DQN,deceptive_grid,1,127,23011,-232.0,200,0,0.8048,0.073747
DQN,deceptive_grid,1,128,23211,-228.0,200,0,0.8031,0.061149
DQN,deceptive_grid,1,129,23411,-208.0,200,0,0.8014,0.042455
DQN,deceptive_grid,1,130,23611,-268.0,200,0,0.7997,0.050941
DQN,deceptive_grid,1,131,23759,-213.0,148,1,0.7985,0.040533
DQN,deceptive_grid,1,132,23959,-272.0,200,0,0.7968,0.040741
DQN,deceptive_grid,1,133,24061,-135.0,102,1,0.7959,0.085513
DQN,deceptive_grid,1,134,24261,-308.0,200,0,0.7942,0.035488
DQN,deceptive_grid,1,135,24461,-260.0,200,0,0.7925,0.044906
DQN,deceptive_grid,1,136,24645,-237.0,184,1,0.791,0.0731
DQN,deceptive_grid,1,137,24845,-244.0,200,0,0.7893,0.042246
DQN,deceptive_grid,1,138,24879,-27.0,34,1,0.789,0.039408
DQN,deceptive_grid,1,139,25042,-208.0,163,1,0.7876,0.064099
DQN,deceptive_grid,1,140,25183,-174.0,141,1,0.7864,0.062756
DQN,deceptive_grid,1,141,25284,-106.0,101,1,0.7855,0.077363
DQN,deceptive_grid,1,142,25484,-224.0,200,0,0.7838,0.092666
DQN,deceptive_grid,1,143,25684,-252.0,200,0,0.7821,0.068459
DQN,deceptive_grid,1,144,25746,-83.0,62,1,0.7816,0.066454
DQN,deceptive_grid,1,145,25946,-336.0,200,0,0.7799,0.040246
DQN,deceptive_grid,1,146,25971,-22.0,25,1,0.7797,0.147233
DQN,deceptive_grid,1,147,26020,-46.0,49,1,0.7793,0.054768
DQN,deceptive_grid,1,148,26220,-224.0,200,0,0.7776,0.056073
DQN,deceptive_grid,1,149,26420,-228.0,200,0,0.7759,0.065521
DQN,deceptive_grid,1,150,26620,-280.0,200,0,0.7742,0.095548
DQN,deceptive_grid,1,151,26652,-25.0,32,1,0.7739,0.120897
DQN,deceptive_grid,1,152,26775,-148.0,123,1,0.7729,0.120245
DQN,deceptive_grid,1,153,26975,-308.0,200,0,0.7712,0.102703
DQN,deceptive_grid,1,154,27063,-105.0,88,1,0.7704,0.106358
DQN,deceptive_grid,1,155,27263,-288.0,200,0,0.7688,0.093989
DQN,deceptive_grid,1,156,27314,-52.0,51,1,0.7683,0.088117
DQN,deceptive_grid,1,157,27405,-96.0,91,1,0.7675,0.077244
DQN,deceptive_grid,1,158,27472,-112.0,67,1,0.767,0.094115
DQN,deceptive_grid,1,159,27543,-76.0,71,1,0.7664,0.109755
DQN,deceptive_grid,1,160,27589,-35.0,46,1,0.766,0.164504
DQN,deceptive_grid,1,161,27789,-324.0,200,0,0.7643,0.102961
DQN,deceptive_grid,1,162,27886,-142.0,97,1,0.7635,0.092047
DQN,deceptive_grid,1,163,28086,-272.0,200,0,0.7618,0.090965
DQN,deceptive_grid,1,164,28286,-236.0,200,0,0.7601,0.111613
DQN,deceptive_grid,1,165,28411,-122.0,125,1,0.759,0.083789
DQN,deceptive_grid,1,166,28517,-131.0,106,1,0.7581,0.107114
DQN,deceptive_grid,1,167,28596,-108.0,79,1,0.7574,0.105946
DQN,deceptive_grid,1,168,28735,-168.0,139,1,0.7563,0.118245
DQN,deceptive_grid,1,169,28815,-89.0,80,1,0.7556,0.100272
DQN,deceptive_grid,1,170,28864,-58.0,49,1,0.7552,0.098562
DQN,deceptive_grid,1,171,29064,-244.0,200,0,0.7535,0.119621
DQN,deceptive_grid,1,172,29264,-252.0,200,0,0.7518,0.133756
DQN,deceptive_grid,1,173,29385,-138.0,121,1,0.7508,0.11999
DQN,deceptive_grid,1,174,29422,-50.0,37,1,0.7504,0.103524
DQN,deceptive_grid,1,175,29622,-232.0,200,0,0.7487,0.131206
DQN,deceptive_grid,1,176,29822,-240.0,200,0,0.747,0.143489
DQN,deceptive_grid,1,177,30022,-240.0,200,0,0.7453,0.134659
DQN,deceptive_grid,1,178,30222,-268.0,200,0,0.7437,0.152031
DQN,deceptive_grid,1,179,30233,0.0,11,1,0.7436,0.075454
DQN,deceptive_grid,1,180,30433,-224.0,200,0,0.7419,0.126446
DQN,deceptive_grid,1,181,30633,-208.0,200,0,0.7402,0.174902
DQN,deceptive_grid,1,182,30680,-44.0,47,1,0.7398,0.159619
DQN,deceptive_grid,1,183,30696,-13.0,16,1,0.7396,0.104481
DQN,deceptive_grid,1,184,30896,-268.0,200,0,0.7379,0.166139
DQN,deceptive_grid,1,185,30938,-39.0,42,1,0.7376,0.180971
DQN,deceptive_grid,1,186,31138,-284.0,200,0,0.7359,0.178265
DQN,deceptive_grid,1,187,31338,-316.0,200,0,0.7342,0.194137
DQN,deceptive_grid,1,188,31538,-336.0,200,0,0.7325,0.190193
DQN,deceptive_grid,1,189,31556,-11.0,18,1,0.7323,0.222925
DQN,deceptive_grid,1,190,31756,-280.0,200,0,0.7306,0.223347
DQN,deceptive_grid,1,191,31956,-264.0,200,0,0.7289,0.171152
DQN,deceptive_grid,1,192,32024,-65.0,68,1,0.7284,0.195073
DQN,deceptive_grid,1,193,32103,-112.0,79,1,0.7277,0.220535
DQN,deceptive_grid,1,194,32303,-272.0,200,0,0.726,0.212324
DQN,deceptive_grid,1,195,32389,-91.0,86,1,0.7253,0.182079
DQN,deceptive_grid,1,196,32494,-98.0,105,1,0.7244,0.233818
DQN,deceptive_grid,1,197,32515,-10.0,21,1,0.7242,0.202132
DQN,deceptive_grid,1,198,32715,-268.0,200,0,0.7225,0.270599
DQN,deceptive_grid,1,199,32915,-260.0,200,0,0.7208,0.230812
DQN,deceptive_grid,1,200,33053,-179.0,138,1,0.7196,0.237047
DQN,deceptive_grid,1,201,33253,-312.0,200,0,0.7179,0.286593
DQN,deceptive_grid,1,202,33453,-256.0,200,0,0.7162,0.286132
DQN,deceptive_grid,1,203,33653,-256.0,200,0,0.7146,0.307225
DQN,deceptive_grid,1,204,33715,-71.0,62,1,0.714,0.252139
DQN,deceptive_grid,1,205,33752,-34.0,37,1,0.7137,0.342045
DQN,deceptive_grid,1,206,33766,-7.0,14,1,0.7136,0.365543
DQN,deceptive_grid,1,207,33884,-123.0,118,1,0.7126,0.302798
DQN,deceptive_grid,1,208,33925,-34.0,41,1,0.7122,0.242919
DQN,deceptive_grid,1,209,34125,-244.0,200,0,0.7105,0.355587
DQN,deceptive_grid,1,210,34179,-47.0,54,1,0.7101,0.273745
DQN,deceptive_grid,1,211,34379,-280.0,200,0,0.7084,0.304799
DQN,deceptive_grid,1,212,34516,-178.0,137,1,0.7072,0.337608
DQN,deceptive_grid,1,213,34546,-23.0,30,1,0.707,0.39712
DQN,deceptive_grid,1,214,34611,-86.0,65,1,0.7064,0.372588
DQN,deceptive_grid,1,215,34664,-50.0,53,1,0.706,0.365572
DQN,deceptive_grid,1,216,34864,-216.0,200,0,0.7043,0.375036
DQN,deceptive_grid,1,217,34899,-24.0,35,1,0.704,0.436972
DQN,deceptive_grid,1,218,34972,-74.0,73,1,0.7034,0.415408
DQN,deceptive_grid,1,219,35172,-276.0,200,0,0.7017,0.412703
DQN,deceptive_grid,1,220,35372,-240.0,200,0,0.7,0.425922
DQN,deceptive_grid,1,221,35572,-304.0,200,0,0.6983,0.444858
DQN,deceptive_grid,1,222,35772,-296.0,200,0,0.6966,0.427512
DQN,deceptive_grid,1,223,35829,-54.0,57,1,0.6961,0.442207
DQN,deceptive_grid,1,224,36029,-264.0,200,0,0.6944,0.425582
DQN,deceptive_grid,1,225,36063,-31.0,34,1,0.6941,0.455007
DQN,deceptive_grid,1,226,36211,-185.0,148,1,0.6929,0.464559
DQN,deceptive_grid,1,227,36240,-26.0,29,1,0.6926,0.466343
DQN,deceptive_grid,1,228,36253,-2.0,13,1,0.6925,0.501955
DQN,deceptive_grid,1,229,36321,-73.0,68,1,0.6919,0.427381
DQN,deceptive_grid,1,230,36521,-288.0,200,0,0.6902,0.44695
DQN,deceptive_grid,1,231,36552,-20.0,31,1,0.69,0.486766
DQN,deceptive_grid,1,232,36752,-304.0,200,0,0.6883,0.476682
DQN,deceptive_grid,1,233,36815,-52.0,63,1,0.6877,0.468644
DQN,deceptive_grid,1,234,37015,-324.0,200,0,0.686,0.473939
DQN,deceptive_grid,1,235,37215,-260.0,200,0,0.6843,0.492723
DQN,deceptive_grid,1,236,37291,-73.0,76,1,0.6837,0.500503
DQN,deceptive_grid,1,237,37352,-82.0,61,1,0.6832,0.516868
DQN,deceptive_grid,1,238,37366,-11.0,14,1,0.6831,0.351047
DQN,deceptive_grid,1,239,37388,-15.0,22,1,0.6829,0.358725
DQN,deceptive_grid,1,240,37588,-268.0,200,0,0.6812,0.521061
DQN,deceptive_grid,1,241,37654,-75.0,66,1,0.6806,0.585373
DQN,deceptive_grid,1,242,37767,-134.0,113,1,0.6797,0.55325
DQN,deceptive_grid,1,243,37967,-276.0,200,0,0.678,0.479174
DQN,deceptive_grid,1,244,37988,-18.0,21,1,0.6778,0.586611
DQN,deceptive_grid,1,245,38188,-292.0,200,0,0.6761,0.578764
DQN,deceptive_grid,1,246,38275,-88.0,87,1,0.6753,0.497779
DQN,deceptive_grid,1,247,38335,-61.0,60,1,0.6748,0.541236
DQN,deceptive_grid,1,248,38436,-110.0,101,1,0.674,0.526346
DQN,deceptive_grid,1,249,38559,-144.0,123,1,0.6729,0.596776
DQN,deceptive_grid,1,250,38759,-272.0,200,0,0.6712,0.613688
DQN,deceptive_grid,1,251,38792,-30.0,33,1,0.671,0.580253
DQN,deceptive_grid,1,252,38840,-41.0,48,1,0.6706,0.59873
DQN,deceptive_grid,1,253,39040,-264.0,200,0,0.6689,0.597901
DQN,deceptive_grid,1,254,39077,-38.0,37,1,0.6685,0.601737
DQN,deceptive_grid,1,255,39277,-300.0,200,0,0.6668,0.603201
DQN,deceptive_grid,1,256,39477,-288.0,200,0,0.6652,0.569979
DQN,deceptive_grid,1,257,39525,-41.0,48,1,0.6647,0.57192
DQN,deceptive_grid,1,258,39570,-34.0,45,1,0.6644,0.715984
DQN,deceptive_grid,1,259,39646,-97.0,76,1,0.6637,0.59218
DQN,deceptive_grid,1,260,39846,-284.0,200,0,0.662,0.642517
DQN,deceptive_grid,1,261,39891,-46.0,45,1,0.6616,0.633338
DQN,deceptive_grid,1,262,39945,-63.0,54,1,0.6612,0.581329
DQN,deceptive_grid,1,263,39966,-22.0,21,1,0.661,0.614532
DQN,deceptive_grid,1,264,40027,-70.0,61,1,0.6605,0.62031
DQN,deceptive_grid,1,265,40105,-87.0,78,1,0.6598,0.651412
DQN,deceptive_grid,1,266,40116,0.0,11,1,0.6597,0.552348
DQN,deceptive_grid,1,267,40153,-26.0,37,1,0.6594,0.661964
DQN,deceptive_grid,1,268,40176,-12.0,23,1,0.6592,0.562241
DQN,deceptive_grid,1,269,40376,-280.0,200,0,0.6575,0.599828
DQN,deceptive_grid,1,270,40381,2.0,5,1,0.6575,0.574961
DQN,deceptive_grid,1,271,40581,-260.0,200,0,0.6558,0.606131
DQN,deceptive_grid,1,272,40636,-48.0,55,1,0.6553,0.644336
DQN,deceptive_grid,1,273,40836,-284.0,200,0,0.6536,0.625461
DQN,deceptive_grid,1,274,41036,-312.0,200,0,0.6519,0.611437
DQN,deceptive_grid,1,275,41097,-62.0,61,1,0.6514,0.647331
DQN,deceptive_grid,1,276,41101,7.0,4,1,0.6514,0.714224
DQN,deceptive_grid,1,277,41110,-2.0,9,1,0.6513,0.510058
DQN,deceptive_grid,1,278,41142,-29.0,32,1,0.651,0.630472
DQN,deceptive_grid,1,279,41186,-33.0,44,1,0.6507,0.65821
DQN,deceptive_grid,1,280,41386,-292.0,200,0,0.649,0.622107
DQN,deceptive_grid,1,281,41400,-3.0,14,1,0.6488,0.714872
DQN,deceptive_grid,1,282,41600,-244.0,200,0,0.6471,0.632527
DQN,deceptive_grid,1,283,41800,-240.0,200,0,0.6454,0.62422
DQN,deceptive_grid,1,284,42000,-232.0,200,0,0.6438,0.591772
DQN,deceptive_grid,1,285,42019,-8.0,19,1,0.6436,0.786983
DQN,deceptive_grid,1,286,42064,-34.0,45,1,0.6432,0.62172
DQN,deceptive_grid,1,287,42264,-252.0,200,0,0.6415,0.626568
DQN,deceptive_grid,1,288,42464,-244.0,200,0,0.6398,0.609311
DQN,deceptive_grid,1,289,42467,8.0,3,1,0.6398,0.466119
DQN,deceptive_grid,1,290,42587,-125.0,120,1,0.6388,0.64492
DQN,deceptive_grid,1,291,42787,-264.0,200,0,0.6371,0.567321
DQN,deceptive_grid,1,292,42807,-25.0,20,1,0.6369,0.634904
DQN,deceptive_grid,1,293,42825,-11.0,18,1,0.6368,0.649261
DQN,deceptive_grid,1,294,42883,-71.0,58,1,0.6363,0.61082
DQN,deceptive_grid,1,295,42937,-59.0,54,1,0.6358,0.590086
DQN,deceptive_grid,1,296,42980,-40.0,43,1,0.6354,0.61392
DQN,deceptive_grid,1,297,42981,10.0,1,1,0.6354,0.615569
DQN,deceptive_grid,1,298,43019,-27.0,38,1,0.6351,0.679575
DQN,deceptive_grid,1,299,43024,6.0,5,1,0.6351,0.570634
DQN,deceptive_grid,1,300,43224,-300.0,200,0,0.6334,0.657399
DQN,deceptive_grid,1,301,43424,-272.0,200,0,0.6317,0.621464
DQN,deceptive_grid,1,302,43437,-2.0,13,1,0.6316,0.533429
DQN,deceptive_grid,1,303,43532,-104.0,95,1,0.6308,0.677493
DQN,deceptive_grid,1,304,43621,-102.0,89,1,0.63,0.617551
DQN,deceptive_grid,1,305,43651,-27.0,30,1,0.6297,0.606008
DQN,deceptive_grid,1,306,43701,-39.0,50,1,0.6293,0.565462
DQN,deceptive_grid,1,307,43732,-24.0,31,1,0.6291,0.644445
DQN,deceptive_grid,1,308,43750,-11.0,18,1,0.6289,0.705858
DQN,deceptive_grid,1,309,43757,4.0,7,1,0.6288,0.507718
DQN,deceptive_grid,1,310,43825,-61.0,68,1,0.6283,0.626541
DQN,deceptive_grid,1,311,43874,-50.0,49,1,0.6279,0.609337
DQN,deceptive_grid,1,312,43911,-26.0,37,1,0.6275,0.581643
DQN,deceptive_grid,1,313,44111,-292.0,200,0,0.6258,0.653042
DQN,deceptive_grid,1,314,44180,-66.0,69,1,0.6253,0.6167
DQN,deceptive_grid,1,315,44193,-2.0,13,1,0.6251,0.656594
DQN,deceptive_grid,1,316,44266,-74.0,73,1,0.6245,0.622607
DQN,deceptive_grid,1,317,44285,-12.0,19,1,0.6244,0.727599
DQN,deceptive_grid,1,318,44328,-40.0,43,1,0.624,0.649107
DQN,deceptive_grid,1,319,44444,-125.0,116,1,0.623,0.630281
DQN,deceptive_grid,1,320,44457,-2.0,13,1,0.6229,0.610017
DQN,deceptive_grid,1,321,44509,-41.0,52,1,0.6225,0.633105
DQN,deceptive_grid,1,322,44563,-67.0,54,1,0.622,0.741059
DQN,deceptive_grid,1,323,44616,-46.0,53,1,0.6216,0.643138
DQN,deceptive_grid,1,324,44622,5.0,6,1,0.6215,0.740273
DQN,deceptive_grid,1,325,44670,-37.0,48,1,0.6211,0.663695
DQN,deceptive_grid,1,326,44711,-34.0,41,1,0.6208,0.683647
DQN,deceptive_grid,1,327,44725,-3.0,14,1,0.6206,0.666508
DQN,deceptive_grid,1,328,44752,-20.0,27,1,0.6204,0.671914
DQN,deceptive_grid,1,329,44817,-62.0,65,1,0.6199,0.674558
DQN,deceptive_grid,1,330,44835,-7.0,18,1,0.6197,0.669415
DQN,deceptive_grid,1,331,44865,-19.0,30,1,0.6194,0.630058
DQN,deceptive_grid,1,332,44897,-29.0,32,1,0.6192,0.675193
DQN,deceptive_grid,1,333,44980,-80.0,83,1,0.6185,0.607188
DQN,deceptive_grid,1,334,45073,-106.0,93,1,0.6177,0.738512
DQN,deceptive_grid,1,335,45116,-36.0,43,1,0.6173,0.70614
DQN,deceptive_grid,1,336,45136,-17.0,20,1,0.6171,0.629647
DQN,deceptive_grid,1,337,45149,-6.0,13,1,0.617,0.791983
DQN,deceptive_grid,1,338,45240,-88.0,91,1,0.6163,0.67509
DQN,deceptive_grid,1,339,45334,-115.0,94,1,0.6155,0.635279
DQN,deceptive_grid,1,340,45374,-37.0,40,1,0.6151,0.563149
DQN,deceptive_grid,1,341,45393,-12.0,19,1,0.615,0.657735
DQN,deceptive_grid,1,342,45409,-9.0,16,1,0.6148,0.566727
DQN,deceptive_grid,1,343,45442,-26.0,33,1,0.6146,0.712164
DQN,deceptive_grid,1,344,45529,-84.0,87,1,0.6138,0.722752
DQN,deceptive_grid,1,345,45562,-30.0,33,1,0.6135,0.78496
DQN,deceptive_grid,1,346,45583,-10.0,21,1,0.6134,0.731614
DQN,deceptive_grid,1,347,45596,-10.0,13,1,0.6132,0.611208
DQN,deceptive_grid,1,348,45669,-62.0,73,1,0.6126,0.690338
DQN,deceptive_grid,1,349,45722,-42.0,53,1,0.6122,0.644193
DQN,deceptive_grid,1,350,45776,-47.0,54,1,0.6117,0.629865
DQN,deceptive_grid,1,351,45837,-54.0,61,1,0.6112,0.6614
DQN,deceptive_grid,1,352,45884,-44.0,47,1,0.6108,0.573941
DQN,deceptive_grid,1,353,46021,-150.0,137,1,0.6096,0.666783
DQN,deceptive_grid,1,354,46073,-41.0,52,1,0.6092,0.695173
DQN,deceptive_grid,1,355,46130,-46.0,57,1,0.6087,0.615163
DQN,deceptive_grid,1,356,46195,-66.0,65,1,0.6082,0.693484
DQN,deceptive_grid,1,357,46395,-264.0,200,0,0.6065,0.623932
DQN,deceptive_grid,1,358,46398,8.0,3,1,0.6064,0.624952
DQN,deceptive_grid,1,359,46427,-18.0,29,1,0.6062,0.696698
DQN,deceptive_grid,1,360,46459,-21.0,32,1,0.6059,0.576652
DQN,deceptive_grid,1,361,46497,-31.0,38,1,0.6056,0.593314
DQN,deceptive_grid,1,362,46532,-24.0,35,1,0.6053,0.755696
DQN,deceptive_grid,1,363,46546,-3.0,14,1,0.6052,0.720389
DQN,deceptive_grid,1,364,46607,-66.0,61,1,0.6047,0.645514
DQN,deceptive_grid,1,365,46623,-5.0,16,1,0.6045,0.599983
DQN,deceptive_grid,1,366,46686,-64.0,63,1,0.604,0.596031
DQN,deceptive_grid,1,367,46704,-7.0,18,1,0.6038,0.683964
DQN,deceptive_grid,1,368,46714,1.0,10,1,0.6038,0.666854
DQN,deceptive_grid,1,369,46751,-26.0,37,1,0.6035,0.593421
DQN,deceptive_grid,1,370,46841,-95.0,90,1,0.6027,0.598152
DQN,deceptive_grid,1,371,46858,-10.0,17,1,0.6025,0.554889
DQN,deceptive_grid,1,372,46971,-114.0,113,1,0.6016,0.582402
DQN,deceptive_grid,1,373,47027,-49.0,56,1,0.6011,0.702743
DQN,deceptive_grid,1,374,47050,-28.0,23,1,0.6009,0.719629
DQN,deceptive_grid,1,375,47077,-16.0,27,1,0.6007,0.704403
DQN,deceptive_grid,1,376,47118,-30.0,41,1,0.6003,0.624789
DQN,deceptive_grid,1,377,47156,-39.0,38,1,0.6,0.652402
DQN,deceptive_grid,1,378,47199,-52.0,43,1,0.5997,0.727605
DQN,deceptive_grid,1,379,47242,-36.0,43,1,0.5993,0.631021
DQN,deceptive_grid,1,380,47442,-264.0,200,0,0.5976,0.625141
DQN,deceptive_grid,1,381,47562,-121.0,120,1,0.5966,0.690647
DQN,deceptive_grid,1,382,47590,-25.0,28,1,0.5963,0.644081
DQN,deceptive_grid,1,383,47659,-74.0,69,1,0.5957,0.640938
DQN,deceptive_grid,1,384,47693,-27.0,34,1,0.5955,0.644969
DQN,deceptive_grid,1,385,47714,-18.0,21,1,0.5953,0.530057
DQN,deceptive_grid,1,386,47828,-107.0,114,1,0.5943,0.585217
DQN,deceptive_grid,1,387,47860,-29.0,32,1,0.594,0.649289
DQN,deceptive_grid,1,388,47976,-129.0,116,1,0.5931,0.584119
DQN,deceptive_grid,1,389,48037,-62.0,61,1,0.5925,0.708124
DQN,deceptive_grid,1,390,48124,-84.0,87,1,0.5918,0.667026
DQN,deceptive_grid,1,391,48204,-69.0,80,1,0.5911,0.67473
DQN,deceptive_grid,1,392,48255,-60.0,51,1,0.5907,0.599175
DQN,deceptive_grid,1,393,48305,-47.0,50,1,0.5903,0.6243
DQN,deceptive_grid,1,394,48325,-9.0,20,1,0.5901,0.659377
DQN,deceptive_grid,1,395,48338,-2.0,13,1,0.59,0.555962
DQN,deceptive_grid,1,396,48424,-99.0,86,1,0.5893,0.64308
DQN,deceptive_grid,1,397,48426,5.0,2,1,0.5892,0.558771
DQN,deceptive_grid,1,398,48484,-55.0,58,1,0.5888,0.636299
DQN,deceptive_grid,1,399,48629,-158.0,145,1,0.5875,0.670387
DQN,deceptive_grid,1,400,48757,-141.0,128,1,0.5864,0.63499
DQN,deceptive_grid,1,401,48901,-145.0,144,1,0.5852,0.631667
DQN,deceptive_grid,1,402,48973,-73.0,72,1,0.5846,0.576239
DQN,deceptive_grid,1,403,49050,-78.0,77,1,0.584,0.689714
DQN,deceptive_grid,1,404,49082,-25.0,32,1,0.5837,0.649614
DQN,deceptive_grid,1,405,49144,-71.0,62,1,0.5832,0.629494
DQN,deceptive_grid,1,406,49189,-46.0,45,1,0.5828,0.615952
DQN,deceptive_grid,1,407,49274,-86.0,85,1,0.5821,0.595506
DQN,deceptive_grid,1,408,49359,-78.0,85,1,0.5813,0.596238
DQN,deceptive_grid,1,409,49442,-84.0,83,1,0.5806,0.593397
DQN,deceptive_grid,1,410,49502,-61.0,60,1,0.5801,0.621644
DQN,deceptive_grid,1,411,49562,-57.0,60,1,0.5796,0.736815
DQN,deceptive_grid,1,412,49618,-53.0,56,1,0.5791,0.676792
DQN,deceptive_grid,1,413,49686,-57.0,68,1,0.5786,0.644707
DQN,deceptive_grid,1,414,49739,-58.0,53,1,0.5781,0.617848
DQN,deceptive_grid,1,415,49801,-51.0,62,1,0.5776,0.626165
DQN,deceptive_grid,1,416,49888,-84.0,87,1,0.5768,0.603187
DQN,deceptive_grid,1,417,49919,-20.0,31,1,0.5766,0.593722
DQN,deceptive_grid,1,418,49935,-5.0,16,1,0.5764,0.581335
DQN,deceptive_grid,1,419,49970,-28.0,35,1,0.5761,0.540446
DQN,deceptive_grid,1,420,50021,-52.0,51,1,0.5757,0.672041
DQN,deceptive_grid,1,421,50081,-65.0,60,1,0.5752,0.628881
DQN,deceptive_grid,1,422,50135,-43.0,54,1,0.5747,0.654324
DQN,deceptive_grid,1,423,50162,-24.0,27,1,0.5745,0.63162
DQN,deceptive_grid,1,424,50198,-41.0,36,1,0.5742,0.5985
DQN,deceptive_grid,1,425,50352,-203.0,154,1,0.5729,0.610841
DQN,deceptive_grid,1,426,50396,-49.0,44,1,0.5725,0.565992
DQN,deceptive_grid,1,427,50438,-43.0,42,1,0.5722,0.635051
DQN,deceptive_grid,1,428,50451,-2.0,13,1,0.5721,0.586084
DQN,deceptive_grid,1,429,50557,-99.0,106,1,0.5712,0.653715
DQN,deceptive_grid,1,430,50622,-54.0,65,1,0.5706,0.641796
DQN,deceptive_grid,1,431,50661,-32.0,39,1,0.5703,0.653843
DQN,deceptive_grid,1,432,50859,-239.0,198,1,0.5686,0.590852
DQN,deceptive_grid,1,433,50890,-20.0,31,1,0.5683,0.616119
DQN,deceptive_grid,1,434,51014,-141.0,124,1,0.5673,0.586721
DQN,deceptive_grid,1,435,51024,1.0,10,1,0.5672,0.608618
DQN,deceptive_grid,1,436,51114,-99.0,90,1,0.5664,0.600484
DQN,deceptive_grid,1,437,51155,-46.0,41,1,0.5661,0.593629
DQN,deceptive_grid,1,438,51182,-16.0,27,1,0.5659,0.570571
DQN,deceptive_grid,1,439,51230,-37.0,48,1,0.5655,0.590389
DQN,deceptive_grid,1,440,51257,-16.0,27,1,0.5652,0.580454
DQN,deceptive_grid,1,441,51275,-7.0,18,1,0.5651,0.557004
DQN,deceptive_grid,1,442,51349,-63.0,74,1,0.5645,0.557754
DQN,deceptive_grid,1,443,51467,-127.0,118,1,0.5634,0.56824
DQN,deceptive_grid,1,444,51667,-256.0,200,0,0.5618,0.596028
DQN,deceptive_grid,1,445,51754,-76.0,87,1,0.561,0.541483
DQN,deceptive_grid,1,446,51954,-232.0,200,0,0.5593,0.527633
DQN,deceptive_grid,1,447,52018,-61.0,64,1,0.5588,0.61066
DQN,deceptive_grid,1,448,52081,-56.0,63,1,0.5582,0.56815
DQN,deceptive_grid,1,449,52124,-36.0,43,1,0.5579,0.554114
DQN,deceptive_grid,1,450,52324,-212.0,200,0,0.5562,0.530046
DQN,deceptive_grid,1,451,52394,-63.0,70,1,0.5556,0.511626
DQN,deceptive_grid,1,452,52442,-41.0,48,1,0.5552,0.492469
DQN,deceptive_grid,1,453,52484,-43.0,42,1,0.5548,0.502298
DQN,deceptive_grid,1,454,52684,-216.0,200,0,0.5531,0.556468
DQN,deceptive_grid,1,455,52725,-30.0,41,1,0.5528,0.522079
DQN,deceptive_grid,1,456,52787,-59.0,62,1,0.5523,0.524491
DQN,deceptive_grid,1,457,52856,-82.0,69,1,0.5517,0.502729
DQN,deceptive_grid,1,458,52912,-45.0,56,1,0.5512,0.511182
DQN,deceptive_grid,1,459,53001,-86.0,89,1,0.5504,0.507163
DQN,deceptive_grid,1,460,53083,-71.0,82,1,0.5497,0.59704
DQN,deceptive_grid,1,461,53104,-10.0,21,1,0.5496,0.504818
DQN,deceptive_grid,1,462,53143,-28.0,39,1,0.5492,0.538854
DQN,deceptive_grid,1,463,53203,-49.0,60,1,0.5487,0.491269
DQN,deceptive_grid,1,464,53238,-24.0,35,1,0.5484,0.499861
DQN,deceptive_grid,1,465,53305,-64.0,67,1,0.5479,0.494887
DQN,deceptive_grid,1,466,53381,-77.0,76,1,0.5472,0.525881
DQN,deceptive_grid,1,467,53413,-33.0,32,1,0.5469,0.488411
DQN,deceptive_grid,1,468,53422,2.0,9,1,0.5469,0.452209
DQN,deceptive_grid,1,469,53464,-43.0,42,1,0.5465,0.478513
DQN,deceptive_grid,1,470,53472,3.0,8,1,0.5464,0.50413
DQN,deceptive_grid,1,471,53558,-95.0,86,1,0.5457,0.496742
DQN,deceptive_grid,1,472,53565,4.0,7,1,0.5457,0.471622
DQN,deceptive_grid,1,473,53658,-106.0,93,1,0.5449,0.467834
DQN,deceptive_grid,1,474,53681,-16.0,23,1,0.5447,0.473713
DQN,deceptive_grid,1,475,53771,-107.0,90,1,0.5439,0.462338
DQN,deceptive_grid,1,476,53778,4.0,7,1,0.5438,0.549453
DQN,deceptive_grid,1,477,53819,-30.0,41,1,0.5435,0.410449
DQN,deceptive_grid,1,478,53846,-20.0,27,1,0.5433,0.482832
DQN,deceptive_grid,1,479,53858,-5.0,12,1,0.5432,0.466924
DQN,deceptive_grid,1,480,53900,-35.0,42,1,0.5428,0.483166
DQN,deceptive_grid,1,481,53946,-39.0,46,1,0.5424,0.466303
DQN,deceptive_grid,1,482,54092,-179.0,146,1,0.5412,0.491248
DQN,deceptive_grid,1,483,54166,-67.0,74,1,0.5406,0.465129
DQN,deceptive_grid,1,484,54232,-59.0,66,1,0.54,0.405605
DQN,deceptive_grid,1,485,54338,-111.0,106,1,0.5391,0.404042
DQN,deceptive_grid,1,486,54376,-31.0,38,1,0.5388,0.373204
DQN,deceptive_grid,1,487,54379,8.0,3,1,0.5387,0.469541
DQN,deceptive_grid,1,488,54419,-29.0,40,1,0.5384,0.41853
DQN,deceptive_grid,1,489,54504,-82.0,85,1,0.5377,0.391456
DQN,deceptive_grid,1,490,54567,-56.0,63,1,0.5372,0.491115
DQN,deceptive_grid,1,491,54631,-81.0,64,1,0.5366,0.397981
DQN,deceptive_grid,1,492,54680,-42.0,49,1,0.5362,0.373919
DQN,deceptive_grid,1,493,54707,-16.0,27,1,0.536,0.387376
DQN,deceptive_grid,1,494,54765,-51.0,58,1,0.5355,0.387217
DQN,deceptive_grid,1,495,54796,-32.0,31,1,0.5352,0.347338
DQN,deceptive_grid,1,496,54837,-34.0,41,1,0.5349,0.384829
DQN,deceptive_grid,1,497,54854,-6.0,17,1,0.5347,0.349985
DQN,deceptive_grid,1,498,54889,-24.0,35,1,0.5344,0.368575
DQN,deceptive_grid,1,499,54909,-9.0,20,1,0.5343,0.327012
DQN,deceptive_grid,1,500,54970,-58.0,61,1,0.5337,0.349433
DQN,deceptive_grid,1,501,55009,-36.0,39,1,0.5334,0.46468
DQN,deceptive_grid,1,502,55105,-101.0,96,1,0.5326,0.379765
DQN,deceptive_grid,1,503,55150,-34.0,45,1,0.5322,0.358951
DQN,deceptive_grid,1,504,55218,-61.0,68,1,0.5316,0.359196
DQN,deceptive_grid,1,505,55280,-55.0,62,1,0.5311,0.334215
DQN,deceptive_grid,1,506,55321,-38.0,41,1,0.5308,0.327575
DQN,deceptive_grid,1,507,55396,-68.0,75,1,0.5301,0.33348
DQN,deceptive_grid,1,508,55418,-15.0,22,1,0.5299,0.299764
DQN,deceptive_grid,1,509,55450,-21.0,32,1,0.5297,0.320251
DQN,deceptive_grid,1,510,55518,-61.0,68,1,0.5291,0.399554
DQN,deceptive_grid,1,511,55597,-76.0,79,1,0.5284,0.338192
DQN,deceptive_grid,1,512,55699,-99.0,102,1,0.5276,0.310602
DQN,deceptive_grid,1,513,55780,-70.0,81,1,0.5269,0.294856
DQN,deceptive_grid,1,514,55843,-60.0,63,1,0.5263,0.298091
DQN,deceptive_grid,1,515,55887,-37.0,44,1,0.526,0.280689
DQN,deceptive_grid,1,516,55919,-21.0,32,1,0.5257,0.31932
DQN,deceptive_grid,1,517,55951,-25.0,32,1,0.5254,0.309784
DQN,deceptive_grid,1,518,56011,-57.0,60,1,0.5249,0.341055
DQN,deceptive_grid,1,519,56058,-36.0,47,1,0.5245,0.312631
DQN,deceptive_grid,1,520,56104,-35.0,46,1,0.5241,0.303664
DQN,deceptive_grid,1,521,56153,-50.0,49,1,0.5237,0.263655
DQN,deceptive_grid,1,522,56200,-36.0,47,1,0.5233,0.259542
DQN,deceptive_grid,1,523,56205,6.0,5,1,0.5233,0.336623
DQN,deceptive_grid,1,524,56235,-27.0,30,1,0.523,0.246734
DQN,deceptive_grid,1,525,56291,-53.0,56,1,0.5225,0.251628
DQN,deceptive_grid,1,526,56322,-24.0,31,1,0.5223,0.246388
DQN,deceptive_grid,1,527,56382,-65.0,60,1,0.5218,0.257426
DQN,deceptive_grid,1,528,56425,-32.0,43,1,0.5214,0.221346
DQN,deceptive_grid,1,529,56460,-24.0,35,1,0.5211,0.255902
DQN,deceptive_grid,1,530,56475,-4.0,15,1,0.521,0.228697
DQN,deceptive_grid,1,531,56481,1.0,6,1,0.5209,0.25962
DQN,deceptive_grid,1,532,56525,-33.0,44,1,0.5205,0.375602
DQN,deceptive_grid,1,533,56584,-56.0,59,1,0.52,0.231536
DQN,deceptive_grid,1,534,56656,-73.0,72,1,0.5194,0.238773
DQN,deceptive_grid,1,535,56699,-32.0,43,1,0.5191,0.233384
DQN,deceptive_grid,1,536,56718,-12.0,19,1,0.5189,0.257623
DQN,deceptive_grid,1,537,56721,8.0,3,1,0.5189,0.244351
DQN,deceptive_grid,1,538,56746,-18.0,25,1,0.5187,0.235913
DQN,deceptive_grid,1,539,56758,-1.0,12,1,0.5186,0.226497
DQN,deceptive_grid,1,540,56860,-111.0,102,1,0.5177,0.225672
DQN,deceptive_grid,1,541,56869,2.0,9,1,0.5176,0.198796
DQN,deceptive_grid,1,542,56899,-19.0,30,1,0.5174,0.227089
DQN,deceptive_grid,1,543,56945,-39.0,46,1,0.517,0.213785
DQN,deceptive_grid,1,544,56991,-39.0,46,1,0.5166,0.220627
DQN,deceptive_grid,1,545,57036,-46.0,45,1,0.5162,0.371956
DQN,deceptive_grid,1,546,57075,-36.0,39,1,0.5159,0.212255
DQN,deceptive_grid,1,547,57102,-16.0,27,1,0.5157,0.275057
DQN,deceptive_grid,1,548,57109,4.0,7,1,0.5156,0.229637
DQN,deceptive_grid,1,549,57140,-20.0,31,1,0.5153,0.218762
DQN,deceptive_grid,1,550,57208,-61.0,68,1,0.5148,0.209744
DQN,deceptive_grid,1,551,57222,-3.0,14,1,0.5146,0.241626
DQN,deceptive_grid,1,552,57258,-25.0,36,1,0.5143,0.219748
DQN,deceptive_grid,1,553,57286,-25.0,28,1,0.5141,0.201044
DQN,deceptive_grid,1,554,57307,-14.0,21,1,0.5139,0.228065
DQN,deceptive_grid,1,555,57364,-46.0,57,1,0.5134,0.220194
DQN,deceptive_grid,1,556,57425,-54.0,61,1,0.5129,0.213845
DQN,deceptive_grid,1,557,57436,-4.0,11,1,0.5128,0.215652
DQN,deceptive_grid,1,558,57487,-40.0,51,1,0.5124,0.192067
DQN,deceptive_grid,1,559,57542,-44.0,55,1,0.5119,0.29625
DQN,deceptive_grid,1,560,57598,-57.0,56,1,0.5114,0.214988
DQN,deceptive_grid,1,561,57605,0.0,7,1,0.5114,0.200967
DQN,deceptive_grid,1,562,57685,-69.0,80,1,0.5107,0.188326
DQN,deceptive_grid,1,563,57702,-14.0,17,1,0.5106,0.193428
DQN,deceptive_grid,1,564,57742,-29.0,40,1,0.5102,0.170976
DQN,deceptive_grid,1,565,57774,-29.0,32,1,0.51,0.177159
DQN,deceptive_grid,1,566,57796,-11.0,22,1,0.5098,0.191388
DQN,deceptive_grid,1,567,57834,-31.0,38,1,0.5094,0.175758
DQN,deceptive_grid,1,568,57918,-89.0,84,1,0.5087,0.168633
DQN,deceptive_grid,1,569,57959,-34.0,41,1,0.5084,0.169304
DQN,deceptive_grid,1,570,58026,-60.0,67,1,0.5078,0.25428
DQN,deceptive_grid,1,571,58061,-24.0,35,1,0.5075,0.190568
DQN,deceptive_grid,1,572,58069,-5.0,8,1,0.5075,0.171251
DQN,deceptive_grid,1,573,58095,-23.0,26,1,0.5072,0.170717
DQN,deceptive_grid,1,574,58107,-5.0,12,1,0.5071,0.172511
DQN,deceptive_grid,1,575,58127,-9.0,20,1,0.507,0.169902
DQN,deceptive_grid,1,576,58134,4.0,7,1,0.5069,0.196261
DQN,deceptive_grid,1,577,58180,-47.0,46,1,0.5065,0.165866
DQN,deceptive_grid,1,578,58219,-32.0,39,1,0.5062,0.153218
DQN,deceptive_grid,1,579,58277,-59.0,58,1,0.5057,0.153624
DQN,deceptive_grid,1,580,58307,-31.0,30,1,0.5054,0.134572
DQN,deceptive_grid,1,581,58325,-7.0,18,1,0.5053,0.149152
DQN,deceptive_grid,1,582,58405,-73.0,80,1,0.5046,0.151789
DQN,deceptive_grid,1,583,58410,6.0,5,1,0.5046,0.135907
DQN,deceptive_grid,1,584,58448,-35.0,38,1,0.5042,0.143917
DQN,deceptive_grid,1,585,58476,-17.0,28,1,0.504,0.14
DQN,deceptive_grid,1,586,58507,-20.0,31,1,0.5037,0.244343
DQN,deceptive_grid,1,587,58535,-17.0,28,1,0.5035,0.243931
DQN,deceptive_grid,1,588,58546,0.0,11,1,0.5034,0.179256
DQN,deceptive_grid,1,589,58585,-36.0,39,1,0.5031,0.151207
DQN,deceptive_grid,1,590,58616,-20.0,31,1,0.5028,0.149172
DQN,deceptive_grid,1,591,58639,-12.0,23,1,0.5026,0.14135
DQN,deceptive_grid,1,592,58656,-14.0,17,1,0.5025,0.130268
DQN,deceptive_grid,1,593,58720,-53.0,64,1,0.5019,0.128836
DQN,deceptive_grid,1,594,58750,-19.0,30,1,0.5017,0.138346
DQN,deceptive_grid,1,595,58775,-26.0,25,1,0.5015,0.121388
DQN,deceptive_grid,1,596,58787,-1.0,12,1,0.5014,0.114869
DQN,deceptive_grid,1,597,58835,-37.0,48,1,0.501,0.136467
DQN,deceptive_grid,1,598,58889,-47.0,54,1,0.5005,0.137312
DQN,deceptive_grid,1,599,58942,-46.0,53,1,0.5,0.127102
DQN,deceptive_grid,1,600,58981,-40.0,39,1,0.4997,0.142308
DQN,deceptive_grid,1,601,58985,7.0,4,1,0.4997,0.131286
DQN,deceptive_grid,1,602,59016,-20.0,31,1,0.4994,0.217615
DQN,deceptive_grid,1,603,59054,-27.0,38,1,0.4991,0.13981
DQN,deceptive_grid,1,604,59099,-42.0,45,1,0.4987,0.132516
DQN,deceptive_grid,1,605,59130,-24.0,31,1,0.4985,0.125434
DQN,deceptive_grid,1,606,59173,-32.0,43,1,0.4981,0.121412
DQN,deceptive_grid,1,607,59177,7.0,4,1,0.4981,0.119206
DQN,deceptive_grid,1,608,59241,-53.0,64,1,0.4975,0.106361
DQN,deceptive_grid,1,609,59290,-38.0,49,1,0.4971,0.105002
DQN,deceptive_grid,1,610,59309,-8.0,19,1,0.4969,0.094854
DQN,deceptive_grid,1,611,59326,-6.0,17,1,0.4968,0.100193
DQN,deceptive_grid,1,612,59356,-19.0,30,1,0.4965,0.097873
DQN,deceptive_grid,1,613,59394,-31.0,38,1,0.4962,0.09722
DQN,deceptive_grid,1,614,59414,-13.0,20,1,0.496,0.092618
DQN,deceptive_grid,1,615,59438,-13.0,24,1,0.4958,0.092533
DQN,deceptive_grid,1,616,59462,-17.0,24,1,0.4956,0.098485
DQN,deceptive_grid,1,617,59477,-4.0,15,1,0.4955,0.101002
DQN,deceptive_grid,1,618,59493,-5.0,16,1,0.4954,0.083365
DQN,deceptive_grid,1,619,59515,-11.0,22,1,0.4952,0.234637
DQN,deceptive_grid,1,620,59569,-47.0,54,1,0.4947,0.142618
DQN,deceptive_grid,1,621,59597,-29.0,28,1,0.4945,0.105046
DQN,deceptive_grid,1,622,59648,-44.0,51,1,0.4941,0.097312
DQN,deceptive_grid,1,623,59654,5.0,6,1,0.494,0.103037
DQN,deceptive_grid,1,624,59668,-11.0,14,1,0.4939,0.098008
DQN,deceptive_grid,1,625,59706,-35.0,38,1,0.4936,0.098194
DQN,deceptive_grid,1,626,59747,-38.0,41,1,0.4932,0.10129
DQN,deceptive_grid,1,627,59788,-38.0,41,1,0.4929,0.095403
DQN,deceptive_grid,1,628,59816,-21.0,28,1,0.4926,0.091742
DQN,deceptive_grid,1,629,59837,-10.0,21,1,0.4925,0.087356
DQN,deceptive_grid,1,630,59879,-31.0,42,1,0.4921,0.094465
DQN,deceptive_grid,1,631,59898,-12.0,19,1,0.4919,0.08174
DQN,deceptive_grid,1,632,59915,-6.0,17,1,0.4918,0.105849
DQN,deceptive_grid,1,633,59957,-39.0,42,1,0.4914,0.092031
DQN,deceptive_grid,1,634,60013,-45.0,56,1,0.491,0.125694
DQN,deceptive_grid,1,635,60042,-18.0,29,1,0.4907,0.132227
DQN,deceptive_grid,1,636,60064,-15.0,22,1,0.4905,0.101584
DQN,deceptive_grid,1,637,60122,-47.0,58,1,0.49,0.105189
DQN,deceptive_grid,1,638,60165,-32.0,43,1,0.4897,0.086944
DQN,deceptive_grid,1,639,60219,-47.0,54,1,0.4892,0.094671
DQN,deceptive_grid,1,640,60269,-39.0,50,1,0.4888,0.090107
DQN,deceptive_grid,1,641,60273,7.0,4,1,0.4888,0.100133
DQN,deceptive_grid,1,642,60315,-43.0,42,1,0.4884,0.077646
DQN,deceptive_grid,1,643,60317,9.0,2,1,0.4884,0.114937
DQN,deceptive_grid,1,644,60360,-32.0,43,1,0.488,0.077281
DQN,deceptive_grid,1,645,60394,-31.0,34,1,0.4877,0.087053
DQN,deceptive_grid,1,646,60401,4.0,7,1,0.4877,0.079603
DQN,deceptive_grid,1,647,60449,-45.0,48,1,0.4873,0.073379
DQN,deceptive_grid,1,648,60502,-42.0,53,1,0.4868,0.086536
DQN,deceptive_grid,1,649,60537,-24.0,35,1,0.4865,0.149369
DQN,deceptive_grid,1,650,60563,-31.0,26,1,0.4863,0.093136
DQN,deceptive_grid,1,651,60588,-14.0,25,1,0.4861,0.089183
DQN,deceptive_grid,1,652,60620,-29.0,32,1,0.4858,0.087415
DQN,deceptive_grid,1,653,60667,-40.0,47,1,0.4854,0.079676
DQN,deceptive_grid,1,654,60697,-19.0,30,1,0.4852,0.080594
DQN,deceptive_grid,1,655,60750,-46.0,53,1,0.4847,0.085822
DQN,deceptive_grid,1,656,60789,-28.0,39,1,0.4844,0.087041
DQN,deceptive_grid,1,657,60826,-30.0,37,1,0.4841,0.08603
DQN,deceptive_grid,1,658,60863,-30.0,37,1,0.4838,0.081448
DQN,deceptive_grid,1,659,60927,-53.0,64,1,0.4832,0.078766
DQN,deceptive_grid,1,660,60961,-23.0,34,1,0.4829,0.078194
DQN,deceptive_grid,1,661,60977,-5.0,16,1,0.4828,0.07952
DQN,deceptive_grid,1,662,61015,-35.0,38,1,0.4825,0.095647
DQN,deceptive_grid,1,663,61025,1.0,10,1,0.4824,0.107535
DQN,deceptive_grid,1,664,61048,-16.0,23,1,0.4822,0.093991
DQN,deceptive_grid,1,665,61083,-32.0,35,1,0.4819,0.088661
DQN,deceptive_grid,1,666,61093,1.0,10,1,0.4818,0.077332
DQN,deceptive_grid,1,667,61143,-43.0,50,1,0.4814,0.078798
DQN,deceptive_grid,1,668,61233,-79.0,90,1,0.4806,0.078284
DQN,deceptive_grid,1,669,61283,-39.0,50,1,0.4802,0.074304
DQN,deceptive_grid,1,670,61338,-44.0,55,1,0.4797,0.068812
DQN,deceptive_grid,1,671,61364,-15.0,26,1,0.4795,0.075412
DQN,deceptive_grid,1,672,61384,-9.0,20,1,0.4793,0.068036
DQN,deceptive_grid,1,673,61403,-8.0,19,1,0.4792,0.073498
DQN,deceptive_grid,1,674,61412,2.0,9,1,0.4791,0.078017
DQN,deceptive_grid,1,675,61422,-3.0,10,1,0.479,0.059584
DQN,deceptive_grid,1,676,61463,-34.0,41,1,0.4787,0.070001
DQN,deceptive_grid,1,677,61494,-24.0,31,1,0.4784,0.065982
DQN,deceptive_grid,1,678,61500,-3.0,6,1,0.4783,0.096659
DQN,deceptive_grid,1,679,61562,-55.0,62,1,0.4778,0.089738
DQN,deceptive_grid,1,680,61572,1.0,10,1,0.4777,0.063112
DQN,deceptive_grid,1,681,61581,-2.0,9,1,0.4777,0.069864
DQN,deceptive_grid,1,682,61609,-17.0,28,1,0.4774,0.075917
DQN,deceptive_grid,1,683,61674,-54.0,65,1,0.4769,0.069046
DQN,deceptive_grid,1,684,61695,-22.0,21,1,0.4767,0.076346
DQN,deceptive_grid,1,685,61728,-22.0,33,1,0.4764,0.078678
DQN,deceptive_grid,1,686,61793,-58.0,65,1,0.4759,0.077706
DQN,deceptive_grid,1,687,61797,7.0,4,1,0.4758,0.066389
DQN,deceptive_grid,1,688,61822,-14.0,25,1,0.4756,0.071268
DQN,deceptive_grid,1,689,61879,-66.0,57,1,0.4751,0.065489
DQN,deceptive_grid,1,690,61916,-38.0,37,1,0.4748,0.065435
DQN,deceptive_grid,1,691,61950,-23.0,34,1,0.4745,0.074202
DQN,deceptive_grid,1,692,61966,-5.0,16,1,0.4744,0.061777
DQN,deceptive_grid,1,693,61988,-11.0,22,1,0.4742,0.072744
DQN,deceptive_grid,1,694,62005,-6.0,17,1,0.4741,0.072769
DQN,deceptive_grid,1,695,62028,-12.0,23,1,0.4739,0.092563
DQN,deceptive_grid,1,696,62059,-24.0,31,1,0.4736,0.087988
DQN,deceptive_grid,1,697,62069,-3.0,10,1,0.4735,0.074291
DQN,deceptive_grid,1,698,62108,-36.0,39,1,0.4732,0.079603
DQN,deceptive_grid,1,699,62133,-14.0,25,1,0.473,0.089738
DQN,deceptive_grid,1,700,62157,-13.0,24,1,0.4728,0.076859
DQN,deceptive_grid,1,701,62160,8.0,3,1,0.4728,0.06129
DQN,deceptive_grid,1,702,62189,-22.0,29,1,0.4725,0.077177
DQN,deceptive_grid,1,703,62208,-12.0,19,1,0.4723,0.079891
DQN,deceptive_grid,1,704,62212,7.0,4,1,0.4723,0.064879
DQN,deceptive_grid,1,705,62234,-11.0,22,1,0.4721,0.071355
DQN,deceptive_grid,1,706,62259,-18.0,25,1,0.4719,0.076407
DQN,deceptive_grid,1,707,62269,1.0,10,1,0.4718,0.08332
DQN,deceptive_grid,1,708,62312,-32.0,43,1,0.4715,0.06649
DQN,deceptive_grid,1,709,62350,-35.0,38,1,0.4711,0.063976
DQN,deceptive_grid,1,710,62391,-42.0,41,1,0.4708,0.065724
DQN,deceptive_grid,1,711,62408,-10.0,17,1,0.4706,0.061484
DQN,deceptive_grid,1,712,62464,-57.0,56,1,0.4702,0.066506
DQN,deceptive_grid,1,713,62498,-27.0,34,1,0.4699,0.064118
DQN,deceptive_grid,1,714,62522,-21.0,24,1,0.4697,0.081211
DQN,deceptive_grid,1,715,62540,-7.0,18,1,0.4695,0.076538
DQN,deceptive_grid,1,716,62560,-9.0,20,1,0.4694,0.076557
DQN,deceptive_grid,1,717,62574,-3.0,14,1,0.4692,0.065071
DQN,deceptive_grid,1,718,62591,-10.0,17,1,0.4691,0.079231
DQN,deceptive_grid,1,719,62623,-21.0,32,1,0.4688,0.078582
DQN,deceptive_grid,1,720,62662,-32.0,39,1,0.4685,0.075189
DQN,deceptive_grid,1,721,62692,-19.0,30,1,0.4682,0.063043
DQN,deceptive_grid,1,722,62701,-6.0,9,1,0.4682,0.052977
DQN,deceptive_grid,1,723,62726,-14.0,25,1,0.4679,0.060676
DQN,deceptive_grid,1,724,62763,-30.0,37,1,0.4676,0.067582
DQN,deceptive_grid,1,725,62804,-42.0,41,1,0.4673,0.065534
DQN,deceptive_grid,1,726,62827,-12.0,23,1,0.4671,0.067116
DQN,deceptive_grid,1,727,62849,-15.0,22,1,0.4669,0.067515
DQN,deceptive_grid,1,728,62860,-4.0,11,1,0.4668,0.066446
DQN,deceptive_grid,1,729,62892,-21.0,32,1,0.4665,0.064652
DQN,deceptive_grid,1,730,62905,-2.0,13,1,0.4664,0.059801
DQN,deceptive_grid,1,731,62940,-28.0,35,1,0.4661,0.055161
DQN,deceptive_grid,1,732,62950,1.0,10,1,0.466,0.069581
DQN,deceptive_grid,1,733,62999,-58.0,49,1,0.4656,0.060018
DQN,deceptive_grid,1,734,63031,-29.0,32,1,0.4654,0.080971
DQN,deceptive_grid,1,735,63062,-48.0,31,1,0.4651,0.084449
DQN,deceptive_grid,1,736,63104,-31.0,42,1,0.4647,0.072423
DQN,deceptive_grid,1,737,63137,-22.0,33,1,0.4645,0.065205
DQN,deceptive_grid,1,738,63174,-30.0,37,1,0.4641,0.07475
DQN,deceptive_grid,1,739,63209,-28.0,35,1,0.4639,0.07073
DQN,deceptive_grid,1,740,63222,-6.0,13,1,0.4637,0.051212
DQN,deceptive_grid,1,741,63246,-17.0,24,1,0.4635,0.062084
DQN,deceptive_grid,1,742,63288,-35.0,42,1,0.4632,0.071504
DQN,deceptive_grid,1,743,63322,-27.0,34,1,0.4629,0.062963
DQN,deceptive_grid,1,744,63347,-14.0,25,1,0.4627,0.068869
DQN,deceptive_grid,1,745,63362,-8.0,15,1,0.4626,0.057566
DQN,deceptive_grid,1,746,63402,-29.0,40,1,0.4622,0.057655
DQN,deceptive_grid,1,747,63429,-16.0,27,1,0.462,0.065422
DQN,deceptive_grid,1,748,63462,-22.0,33,1,0.4617,0.061101
DQN,deceptive_grid,1,749,63473,0.0,11,1,0.4616,0.07027
DQN,deceptive_grid,1,750,63488,-12.0,15,1,0.4615,0.060815
DQN,deceptive_grid,1,751,63551,-64.0,63,1,0.461,0.076164
DQN,deceptive_grid,1,752,63570,-12.0,19,1,0.4608,0.060102
DQN,deceptive_grid,1,753,63576,5.0,6,1,0.4607,0.057837
DQN,deceptive_grid,1,754,63603,-16.0,27,1,0.4605,0.060663
DQN,deceptive_grid,1,755,63628,-14.0,25,1,0.4603,0.063506
DQN,deceptive_grid,1,756,63646,-11.0,18,1,0.4601,0.065474
DQN,deceptive_grid,1,757,63698,-49.0,52,1,0.4597,0.058902
DQN,deceptive_grid,1,758,63719,-10.0,21,1,0.4595,0.058956
DQN,deceptive_grid,1,759,63741,-19.0,22,1,0.4593,0.064845
DQN,deceptive_grid,1,760,63762,-18.0,21,1,0.4592,0.066906
DQN,deceptive_grid,1,761,63765,8.0,3,1,0.4591,0.084428
DQN,deceptive_grid,1,762,63797,-29.0,32,1,0.4589,0.073377
DQN,deceptive_grid,1,763,63817,-9.0,20,1,0.4587,0.070393
DQN,deceptive_grid,1,764,63834,-6.0,17,1,0.4586,0.051367
DQN,deceptive_grid,1,765,63867,-34.0,33,1,0.4583,0.059652
DQN,deceptive_grid,1,766,63877,1.0,10,1,0.4582,0.066812
DQN,deceptive_grid,1,767,63940,-60.0,63,1,0.4577,0.060517
DQN,deceptive_grid,1,768,63949,2.0,9,1,0.4576,0.063632
DQN,deceptive_grid,1,769,63971,-11.0,22,1,0.4574,0.061352
DQN,deceptive_grid,1,770,64030,-60.0,59,1,0.4569,0.070823
DQN,deceptive_grid,1,771,64080,-55.0,50,1,0.4565,0.065417
DQN,deceptive_grid,1,772,64113,-34.0,33,1,0.4562,0.059735
DQN,deceptive_grid,1,773,64150,-26.0,37,1,0.4559,0.055665
DQN,deceptive_grid,1,774,64217,-68.0,67,1,0.4553,0.050568
DQN,deceptive_grid,1,775,64241,-13.0,24,1,0.4551,0.050501
DQN,deceptive_grid,1,776,64259,-7.0,18,1,0.4549,0.060459
DQN,deceptive_grid,1,777,64264,2.0,5,1,0.4549,0.048794
DQN,deceptive_grid,1,778,64295,-36.0,31,1,0.4546,0.048571
DQN,deceptive_grid,1,779,64321,-23.0,26,1,0.4544,0.058876
DQN,deceptive_grid,1,780,64376,-44.0,55,1,0.454,0.05093
DQN,deceptive_grid,1,781,64396,-9.0,20,1,0.4538,0.047966
DQN,deceptive_grid,1,782,64433,-30.0,37,1,0.4535,0.050249
DQN,deceptive_grid,1,783,64482,-50.0,49,1,0.4531,0.049287
DQN,deceptive_grid,1,784,64499,-26.0,17,1,0.4529,0.048884
DQN,deceptive_grid,1,785,64517,-11.0,18,1,0.4528,0.09056
DQN,deceptive_grid,1,786,64548,-32.0,31,1,0.4525,0.067836
DQN,deceptive_grid,1,787,64553,6.0,5,1,0.4525,0.058268
DQN,deceptive_grid,1,788,64563,1.0,10,1,0.4524,0.061692
DQN,deceptive_grid,1,789,64576,-2.0,13,1,0.4523,0.068494
DQN,deceptive_grid,1,790,64611,-24.0,35,1,0.452,0.052191
DQN,deceptive_grid,1,791,64635,-17.0,24,1,0.4518,0.065878
DQN,deceptive_grid,1,792,64685,-43.0,50,1,0.4513,0.06036
DQN,deceptive_grid,1,793,64728,-36.0,43,1,0.451,0.06634
DQN,deceptive_grid,1,794,64744,-5.0,16,1,0.4508,0.059677
DQN,deceptive_grid,1,795,64764,-21.0,20,1,0.4507,0.055433
DQN,deceptive_grid,1,796,64782,-7.0,18,1,0.4505,0.054452
DQN,deceptive_grid,1,797,64807,-18.0,25,1,0.4503,0.054019
DQN,deceptive_grid,1,798,64848,-34.0,41,1,0.45,0.0547
DQN,deceptive_grid,1,799,64876,-25.0,28,1,0.4497,0.049159
DQN,deceptive_grid,1,800,64907,-24.0,31,1,0.4494,0.044797
DuelingDQN,deceptive_grid,1,1,200,-252.0,200,0,0.9983,
DuelingDQN,deceptive_grid,1,2,400,-244.0,200,0,0.9966,
DuelingDQN,deceptive_grid,1,3,481,-98.0,81,1,0.9959,
DuelingDQN,deceptive_grid,1,4,681,-248.0,200,0,0.9942,
DuelingDQN,deceptive_grid,1,5,881,-240.0,200,0,0.9925,
DuelingDQN,deceptive_grid,1,6,1081,-276.0,200,0,0.9908,0.249045
DuelingDQN,deceptive_grid,1,7,1281,-300.0,200,0,0.9891,0.029391
DuelingDQN,deceptive_grid,1,8,1481,-344.0,200,0,0.9874,0.014679
DuelingDQN,deceptive_grid,1,9,1681,-268.0,200,0,0.9858,0.028685
DuelingDQN,deceptive_grid,1,10,1881,-280.0,200,0,0.9841,0.011784
DuelingDQN,deceptive_grid,1,11,2081,-272.0,200,0,0.9824,0.02373
DuelingDQN,deceptive_grid,1,12,2281,-232.0,200,0,0.9807,0.008931
DuelingDQN,deceptive_grid,1,13,2481,-228.0,200,0,0.979,0.004665
DuelingDQN,deceptive_grid,1,14,2586,-110.0,105,1,0.9781,0.0441
DuelingDQN,deceptive_grid,1,15,2786,-240.0,200,0,0.9764,0.017597
DuelingDQN,deceptive_grid,1,16,2986,-292.0,200,0,0.9747,0.013581
DuelingDQN,deceptive_grid,1,17,3186,-268.0,200,0,0.973,0.039158
DuelingDQN,deceptive_grid,1,18,3386,-228.0,200,0,0.9713,0.01316
DuelingDQN,deceptive_grid,1,19,3586,-272.0,200,0,0.9696,0.037125
DuelingDQN,deceptive_grid,1,20,3786,-272.0,200,0,0.9679,0.018559
DuelingDQN,deceptive_grid,1,21,3871,-98.0,85,1,0.9672,0.018241
DuelingDQN,deceptive_grid,1,22,4071,-300.0,200,0,0.9655,0.049448
DuelingDQN,deceptive_grid,1,23,4271,-284.0,200,0,0.9638,0.030474
DuelingDQN,deceptive_grid,1,24,4471,-296.0,200,0,0.9621,0.014852
DuelingDQN,deceptive_grid,1,25,4507,-37.0,36,1,0.9618,0.086556
DuelingDQN,deceptive_grid,1,26,4707,-328.0,200,0,0.9601,0.070028
DuelingDQN,deceptive_grid,1,27,4907,-244.0,200,0,0.9584,0.023084
DuelingDQN,deceptive_grid,1,28,4920,-2.0,13,1,0.9583,0.022469
DuelingDQN,deceptive_grid,1,29,5120,-272.0,200,0,0.9566,0.08491
DuelingDQN,deceptive_grid,1,30,5320,-240.0,200,0,0.9549,0.035969
DuelingDQN,deceptive_grid,1,31,5520,-284.0,200,0,0.9532,0.047781
DuelingDQN,deceptive_grid,1,32,5720,-248.0,200,0,0.9515,0.06226
DuelingDQN,deceptive_grid,1,33,5731,0.0,11,1,0.9514,0.031531
DuelingDQN,deceptive_grid,1,34,5931,-240.0,200,0,0.9497,0.022326
DuelingDQN,deceptive_grid,1,35,6131,-252.0,200,0,0.948,0.087557
DuelingDQN,deceptive_grid,1,36,6331,-232.0,200,0,0.9463,0.031574
DuelingDQN,deceptive_grid,1,37,6531,-260.0,200,0,0.9446,0.052327
DuelingDQN,deceptive_grid,1,38,6731,-256.0,200,0,0.9429,0.073886
DuelingDQN,deceptive_grid,1,39,6931,-264.0,200,0,0.9412,0.028332
DuelingDQN,deceptive_grid,1,40,7131,-228.0,200,0,0.9395,0.104232
DuelingDQN,deceptive_grid,1,41,7331,-260.0,200,0,0.9378,0.034606
DuelingDQN,deceptive_grid,1,42,7531,-276.0,200,0,0.9361,0.068515
DuelingDQN,deceptive_grid,1,43,7731,-280.0,200,0,0.9344,0.073985
DuelingDQN,deceptive_grid,1,44,7931,-204.0,200,0,0.9327,0.029673
DuelingDQN,deceptive_grid,1,45,8131,-228.0,200,0,0.931,0.105402
DuelingDQN,deceptive_grid,1,46,8194,-92.0,63,1,0.9305,0.059141
DuelingDQN,deceptive_grid,1,47,8322,-129.0,128,1,0.9294,0.039988
DuelingDQN,deceptive_grid,1,48,8522,-304.0,200,0,0.9277,0.067021
DuelingDQN,deceptive_grid,1,49,8548,-51.0,26,1,0.9275,0.163326
DuelingDQN,deceptive_grid,1,50,8575,-28.0,27,1,0.9273,0.105627
DuelingDQN,deceptive_grid,1,51,8775,-216.0,200,0,0.9256,0.04802
DuelingDQN,deceptive_grid,1,52,8889,-123.0,114,1,0.9246,0.019831
DuelingDQN,deceptive_grid,1,53,9089,-264.0,200,0,0.9229,0.105433
DuelingDQN,deceptive_grid,1,54,9207,-115.0,118,1,0.9219,0.060123
DuelingDQN,deceptive_grid,1,55,9242,-28.0,35,1,0.9216,0.051327
DuelingDQN,deceptive_grid,1,56,9442,-256.0,200,0,0.9199,0.027353
DuelingDQN,deceptive_grid,1,57,9642,-248.0,200,0,0.9182,0.138244
DuelingDQN,deceptive_grid,1,58,9842,-248.0,200,0,0.9165,0.040395
DuelingDQN,deceptive_grid,1,59,9977,-144.0,135,1,0.9154,0.018478
DuelingDQN,deceptive_grid,1,60,9994,-10.0,17,1,0.9152,0.01458
DuelingDQN,deceptive_grid,1,61,10194,-264.0,200,0,0.9135,0.14612
DuelingDQN,deceptive_grid,1,62,10394,-292.0,200,0,0.9118,0.021955
DuelingDQN,deceptive_grid,1,63,10594,-236.0,200,0,0.9101,0.12644
DuelingDQN,deceptive_grid,1,64,10729,-148.0,135,1,0.909,0.058392
DuelingDQN,deceptive_grid,1,65,10929,-260.0,200,0,0.9073,0.018063
DuelingDQN,deceptive_grid,1,66,10984,-64.0,55,1,0.9068,0.009876
DuelingDQN,deceptive_grid,1,67,11108,-149.0,124,1,0.9058,0.207362
DuelingDQN,deceptive_grid,1,68,11221,-138.0,113,1,0.9048,0.063232
DuelingDQN,deceptive_grid,1,69,11421,-228.0,200,0,0.9031,0.024232
DuelingDQN,deceptive_grid,1,70,11621,-256.0,200,0,0.9014,0.141762
DuelingDQN,deceptive_grid,1,71,11772,-212.0,151,1,0.9002,0.056949
DuelingDQN,deceptive_grid,1,72,11883,-172.0,111,1,0.8992,0.030435
DuelingDQN,deceptive_grid,1,73,12042,-200.0,159,1,0.8979,0.104979
DuelingDQN,deceptive_grid,1,74,12242,-236.0,200,0,0.8962,0.091217
DuelingDQN,deceptive_grid,1,75,12269,-16.0,27,1,0.8959,0.045321
DuelingDQN,deceptive_grid,1,76,12469,-272.0,200,0,0.8942,0.023813
DuelingDQN,deceptive_grid,1,77,12640,-248.0,171,1,0.8928,0.126236
DuelingDQN,deceptive_grid,1,78,12840,-244.0,200,0,0.8911,0.03324
DuelingDQN,deceptive_grid,1,79,13040,-228.0,200,0,0.8894,0.066513
DuelingDQN,deceptive_grid,1,80,13240,-264.0,200,0,0.8877,0.056516
DuelingDQN,deceptive_grid,1,81,13440,-280.0,200,0,0.886,0.024593
DuelingDQN,deceptive_grid,1,82,13640,-240.0,200,0,0.8843,0.077472
DuelingDQN,deceptive_grid,1,83,13781,-190.0,141,1,0.8831,0.0279
DuelingDQN,deceptive_grid,1,84,13784,8.0,3,1,0.8831,0.023871
DuelingDQN,deceptive_grid,1,85,13984,-236.0,200,0,0.8814,0.01425
DuelingDQN,deceptive_grid,1,86,14124,-193.0,140,1,0.8802,0.06166
DuelingDQN,deceptive_grid,1,87,14190,-75.0,66,1,0.8796,0.019769
DuelingDQN,deceptive_grid,1,88,14390,-232.0,200,0,0.878,0.011501
DuelingDQN,deceptive_grid,1,89,14580,-239.0,190,1,0.8763,0.036956
DuelingDQN,deceptive_grid,1,90,14626,-55.0,46,1,0.8759,0.025735
DuelingDQN,deceptive_grid,1,91,14729,-120.0,103,1,0.8751,0.015792
DuelingDQN,deceptive_grid,1,92,14876,-188.0,147,1,0.8738,0.01037
DuelingDQN,deceptive_grid,1,93,15044,-217.0,168,1,0.8724,0.015877
DuelingDQN,deceptive_grid,1,94,15125,-114.0,81,1,0.8717,0.016641
DuelingDQN,deceptive_grid,1,95,15165,-45.0,40,1,0.8714,0.010566
DuelingDQN,deceptive_grid,1,96,15211,-59.0,46,1,0.871,0.0088
DuelingDQN,deceptive_grid,1,97,15411,-244.0,200,0,0.8693,0.006073
DuelingDQN,deceptive_grid,1,98,15551,-169.0,140,1,0.8681,0.014246
DuelingDQN,deceptive_grid,1,99,15751,-260.0,200,0,0.8664,0.009292
DuelingDQN,deceptive_grid,1,100,15827,-97.0,76,1,0.8658,0.004589
DuelingDQN,deceptive_grid,1,101,15993,-187.0,166,1,0.8644,0.003567
DuelingDQN,deceptive_grid,1,102,16134,-154.0,141,1,0.8632,0.013702
DuelingDQN,deceptive_grid,1,103,16179,-38.0,45,1,0.8628,0.006983
DuelingDQN,deceptive_grid,1,104,16195,-17.0,16,1,0.8626,0.006108
DuelingDQN,deceptive_grid,1,105,16213,-19.0,18,1,0.8625,0.005807
DuelingDQN,deceptive_grid,1,106,16357,-169.0,144,1,0.8613,0.003685
DuelingDQN,deceptive_grid,1,107,16442,-106.0,85,1,0.8605,0.002494
DuelingDQN,deceptive_grid,1,108,16520,-103.0,78,1,0.8599,0.005987
DuelingDQN,deceptive_grid,1,109,16720,-256.0,200,0,0.8582,0.006155
DuelingDQN,deceptive_grid,1,110,16920,-236.0,200,0,0.8565,0.002875
DuelingDQN,deceptive_grid,1,111,16964,-45.0,44,1,0.8561,0.002329
DuelingDQN,deceptive_grid,1,112,17156,-229.0,192,1,0.8545,0.009053
DuelingDQN,deceptive_grid,1,113,17258,-119.0,102,1,0.8536,0.005369
DuelingDQN,deceptive_grid,1,114,17341,-108.0,83,1,0.8529,0.004643
DuelingDQN,deceptive_grid,1,115,17447,-131.0,106,1,0.852,0.003856
DuelingDQN,deceptive_grid,1,116,17459,-5.0,12,1,0.8519,0.003566
DuelingDQN,deceptive_grid,1,117,17509,-67.0,50,1,0.8515,0.005201
DuelingDQN,deceptive_grid,1,118,17576,-68.0,67,1,0.8509,0.011061
DuelingDQN,deceptive_grid,1,119,17776,-240.0,200,0,0.8492,0.004515
DuelingDQN,deceptive_grid,1,120,17962,-235.0,186,1,0.8477,0.002829
DuelingDQN,deceptive_grid,1,121,17998,-29.0,36,1,0.8473,0.001278
DuelingDQN,deceptive_grid,1,122,18113,-128.0,115,1,0.8464,0.011756
DuelingDQN,deceptive_grid,1,123,18130,-10.0,17,1,0.8462,0.00794
DuelingDQN,deceptive_grid,1,124,18330,-240.0,200,0,0.8445,0.00344
DuelingDQN,deceptive_grid,1,125,18530,-232.0,200,0,0.8428,0.003491
DuelingDQN,deceptive_grid,1,126,18730,-224.0,200,0,0.8411,0.006599
DuelingDQN,deceptive_grid,1,127,18930,-212.0,200,0,0.8394,0.004064
DuelingDQN,deceptive_grid,1,128,18956,-23.0,26,1,0.8392,0.003901
DuelingDQN,deceptive_grid,1,129,19033,-86.0,77,1,0.8386,0.005807
DuelingDQN,deceptive_grid,1,130,19066,-34.0,33,1,0.8383,0.008688
DuelingDQN,deceptive_grid,1,131,19089,-12.0,23,1,0.8381,0.007885
DuelingDQN,deceptive_grid,1,132,19289,-224.0,200,0,0.8364,0.007279
DuelingDQN,deceptive_grid,1,133,19450,-206.0,161,1,0.835,0.00407
DuelingDQN,deceptive_grid,1,134,19546,-101.0,96,1,0.8342,0.005481
DuelingDQN,deceptive_grid,1,135,19571,-22.0,25,1,0.834,0.007614
DuelingDQN,deceptive_grid,1,136,19626,-56.0,55,1,0.8335,0.005801
DuelingDQN,deceptive_grid,1,137,19657,-24.0,31,1,0.8333,0.005436
DuelingDQN,deceptive_grid,1,138,19684,-16.0,27,1,0.833,0.003855
DuelingDQN,deceptive_grid,1,139,19721,-42.0,37,1,0.8327,0.004045
DuelingDQN,deceptive_grid,1,140,19750,-30.0,29,1,0.8325,0.004488
DuelingDQN,deceptive_grid,1,141,19883,-162.0,133,1,0.8314,0.002957
DuelingDQN,deceptive_grid,1,142,20083,-244.0,200,0,0.8297,0.004461
DuelingDQN,deceptive_grid,1,143,20231,-173.0,148,1,0.8284,0.003753
DuelingDQN,deceptive_grid,1,144,20391,-197.0,160,1,0.827,0.002812
DuelingDQN,deceptive_grid,1,145,20591,-260.0,200,0,0.8254,0.00832
DuelingDQN,deceptive_grid,1,146,20603,-5.0,12,1,0.8253,0.013113
DuelingDQN,deceptive_grid,1,147,20604,10.0,1,1,0.8252,0.014158
DuelingDQN,deceptive_grid,1,148,20699,-100.0,95,1,0.8244,0.008937
DuelingDQN,deceptive_grid,1,149,20899,-260.0,200,0,0.8227,0.003389
DuelingDQN,deceptive_grid,1,150,20979,-77.0,80,1,0.8221,0.001919
DuelingDQN,deceptive_grid,1,151,21025,-39.0,46,1,0.8217,0.004028
DuelingDQN,deceptive_grid,1,152,21091,-71.0,66,1,0.8211,0.004744
DuelingDQN,deceptive_grid,1,153,21157,-63.0,66,1,0.8206,0.003397
DuelingDQN,deceptive_grid,1,154,21285,-169.0,128,1,0.8195,0.003887
DuelingDQN,deceptive_grid,1,155,21361,-97.0,76,1,0.8188,0.003409
DuelingDQN,deceptive_grid,1,156,21371,1.0,10,1,0.8187,0.002542
DuelingDQN,deceptive_grid,1,157,21387,-9.0,16,1,0.8186,0.002052
DuelingDQN,deceptive_grid,1,158,21431,-37.0,44,1,0.8182,0.002197
DuelingDQN,deceptive_grid,1,159,21564,-162.0,133,1,0.8171,0.004274
DuelingDQN,deceptive_grid,1,160,21653,-114.0,89,1,0.8163,0.006185
DuelingDQN,deceptive_grid,1,161,21818,-206.0,165,1,0.8149,0.003325
DuelingDQN,deceptive_grid,1,162,21872,-63.0,54,1,0.8145,0.002091
DuelingDQN,deceptive_grid,1,163,21942,-71.0,70,1,0.8139,0.002272
DuelingDQN,deceptive_grid,1,164,22142,-256.0,200,0,0.8122,0.005429
DuelingDQN,deceptive_grid,1,165,22201,-56.0,59,1,0.8117,0.004627
DuelingDQN,deceptive_grid,1,166,22401,-212.0,200,0,0.81,0.003888
DuelingDQN,deceptive_grid,1,167,22462,-66.0,61,1,0.8095,0.002769
DuelingDQN,deceptive_grid,1,168,22556,-103.0,94,1,0.8087,0.005477
DuelingDQN,deceptive_grid,1,169,22678,-131.0,122,1,0.8077,0.006229
DuelingDQN,deceptive_grid,1,170,22701,-16.0,23,1,0.8075,0.003518
DuelingDQN,deceptive_grid,1,171,22771,-67.0,70,1,0.8069,0.002683
DuelingDQN,deceptive_grid,1,172,22971,-204.0,200,0,0.8052,0.00194
DuelingDQN,deceptive_grid,1,173,23032,-54.0,61,1,0.8046,0.003605
DuelingDQN,deceptive_grid,1,174,23069,-26.0,37,1,0.8043,0.005601
DuelingDQN,deceptive_grid,1,175,23100,-24.0,31,1,0.8041,0.004794
DuelingDQN,deceptive_grid,1,176,23192,-101.0,92,1,0.8033,0.00461
DuelingDQN,deceptive_grid,1,177,23307,-164.0,115,1,0.8023,0.005154
DuelingDQN,deceptive_grid,1,178,23405,-91.0,98,1,0.8015,0.003908
DuelingDQN,deceptive_grid,1,179,23539,-151.0,134,1,0.8003,0.003983
DuelingDQN,deceptive_grid,1,180,23578,-56.0,39,1,0.8,0.005352
DuelingDQN,deceptive_grid,1,181,23639,-70.0,61,1,0.7995,0.00619
DuelingDQN,deceptive_grid,1,182,23704,-54.0,65,1,0.7989,0.005707
DuelingDQN,deceptive_grid,1,183,23772,-65.0,68,1,0.7984,0.003777
DuelingDQN,deceptive_grid,1,184,23814,-43.0,42,1,0.798,0.003282
DuelingDQN,deceptive_grid,1,185,23862,-53.0,48,1,0.7976,0.003575
DuelingDQN,deceptive_grid,1,186,24022,-221.0,160,1,0.7963,0.00225
DuelingDQN,deceptive_grid,1,187,24090,-97.0,68,1,0.7957,0.004959
DuelingDQN,deceptive_grid,1,188,24189,-108.0,99,1,0.7948,0.003315
DuelingDQN,deceptive_grid,1,189,24368,-208.0,179,1,0.7933,0.002021
DuelingDQN,deceptive_grid,1,190,24493,-154.0,125,1,0.7923,0.00114
DuelingDQN,deceptive_grid,1,191,24592,-108.0,99,1,0.7914,0.005191
DuelingDQN,deceptive_grid,1,192,24632,-29.0,40,1,0.7911,0.005327
DuelingDQN,deceptive_grid,1,193,24684,-65.0,52,1,0.7906,0.003601
DuelingDQN,deceptive_grid,1,194,24742,-59.0,58,1,0.7901,0.002704
DuelingDQN,deceptive_grid,1,195,24873,-156.0,131,1,0.789,0.003743
DuelingDQN,deceptive_grid,1,196,24951,-75.0,78,1,0.7884,0.004622
DuelingDQN,deceptive_grid,1,197,24979,-21.0,28,1,0.7881,0.003619
DuelingDQN,deceptive_grid,1,198,25036,-86.0,57,1,0.7876,0.005561
DuelingDQN,deceptive_grid,1,199,25236,-220.0,200,0,0.786,0.003501
DuelingDQN,deceptive_grid,1,200,25277,-30.0,41,1,0.7856,0.001965
DuelingDQN,deceptive_grid,1,201,25345,-69.0,68,1,0.785,0.002529
DuelingDQN,deceptive_grid,1,202,25409,-85.0,64,1,0.7845,0.002267
DuelingDQN,deceptive_grid,1,203,25500,-116.0,91,1,0.7837,0.002154
DuelingDQN,deceptive_grid,1,204,25659,-188.0,159,1,0.7824,0.006651
DuelingDQN,deceptive_grid,1,205,25709,-67.0,50,1,0.7819,0.003425
DuelingDQN,deceptive_grid,1,206,25726,-6.0,17,1,0.7818,0.002919
DuelingDQN,deceptive_grid,1,207,25829,-128.0,103,1,0.7809,0.002499
DuelingDQN,deceptive_grid,1,208,25904,-68.0,75,1,0.7803,0.002196
DuelingDQN,deceptive_grid,1,209,25965,-58.0,61,1,0.7798,0.00145
DuelingDQN,deceptive_grid,1,210,25988,-12.0,23,1,0.7796,0.001313
DuelingDQN,deceptive_grid,1,211,26164,-217.0,176,1,0.7781,0.003762
DuelingDQN,deceptive_grid,1,212,26229,-82.0,65,1,0.7775,0.00189
DuelingDQN,deceptive_grid,1,213,26258,-18.0,29,1,0.7773,0.00182
DuelingDQN,deceptive_grid,1,214,26309,-64.0,51,1,0.7769,0.001414
DuelingDQN,deceptive_grid,1,215,26319,-11.0,10,1,0.7768,0.001167
DuelingDQN,deceptive_grid,1,216,26453,-147.0,134,1,0.7756,0.002908
DuelingDQN,deceptive_grid,1,217,26464,0.0,11,1,0.7755,0.004137
DuelingDQN,deceptive_grid,1,218,26494,-27.0,30,1,0.7753,0.003839
DuelingDQN,deceptive_grid,1,219,26637,-140.0,143,1,0.7741,0.00765
DuelingDQN,deceptive_grid,1,220,26785,-173.0,148,1,0.7728,0.003939
DuelingDQN,deceptive_grid,1,221,26872,-96.0,87,1,0.7721,0.001675
DuelingDQN,deceptive_grid,1,222,27056,-225.0,184,1,0.7705,0.002555
DuelingDQN,deceptive_grid,1,223,27114,-59.0,58,1,0.77,0.008855
DuelingDQN,deceptive_grid,1,224,27300,-215.0,186,1,0.7684,0.005698
DuelingDQN,deceptive_grid,1,225,27342,-55.0,42,1,0.7681,0.001571
DuelingDQN,deceptive_grid,1,226,27399,-50.0,57,1,0.7676,0.001416
DuelingDQN,deceptive_grid,1,227,27409,-3.0,10,1,0.7675,0.001031
DuelingDQN,deceptive_grid,1,228,27491,-91.0,82,1,0.7668,0.001115
DuelingDQN,deceptive_grid,1,229,27635,-149.0,144,1,0.7656,0.003442
DuelingDQN,deceptive_grid,1,230,27795,-205.0,160,1,0.7642,0.002436
DuelingDQN,deceptive_grid,1,231,27831,-37.0,36,1,0.7639,0.001509
DuelingDQN,deceptive_grid,1,232,27904,-66.0,73,1,0.7633,0.00149
DuelingDQN,deceptive_grid,1,233,27957,-66.0,53,1,0.7629,0.001801
DuelingDQN,deceptive_grid,1,234,27994,-46.0,37,1,0.7626,0.00157
DuelingDQN,deceptive_grid,1,235,28067,-66.0,73,1,0.7619,0.004644
DuelingDQN,deceptive_grid,1,236,28129,-67.0,62,1,0.7614,0.003795
DuelingDQN,deceptive_grid,1,237,28282,-182.0,153,1,0.7601,0.004072
DuelingDQN,deceptive_grid,1,238,28304,-27.0,22,1,0.7599,0.002563
DuelingDQN,deceptive_grid,1,239,28375,-84.0,71,1,0.7593,0.001665
DuelingDQN,deceptive_grid,1,240,28410,-40.0,35,1,0.759,0.001164
DuelingDQN,deceptive_grid,1,241,28483,-86.0,73,1,0.7584,0.001296
DuelingDQN,deceptive_grid,1,242,28535,-53.0,52,1,0.758,0.00491
DuelingDQN,deceptive_grid,1,243,28634,-108.0,99,1,0.7571,0.004208
DuelingDQN,deceptive_grid,1,244,28691,-54.0,57,1,0.7566,0.003172
DuelingDQN,deceptive_grid,1,245,28878,-236.0,187,1,0.7551,0.002431
DuelingDQN,deceptive_grid,1,246,28928,-47.0,50,1,0.7546,0.001732
DuelingDQN,deceptive_grid,1,247,29027,-112.0,99,1,0.7538,0.001857
DuelingDQN,deceptive_grid,1,248,29098,-88.0,71,1,0.7532,0.003942
DuelingDQN,deceptive_grid,1,249,29146,-49.0,48,1,0.7528,0.004046
DuelingDQN,deceptive_grid,1,250,29185,-40.0,39,1,0.7525,0.003158
DuelingDQN,deceptive_grid,1,251,29225,-33.0,40,1,0.7521,0.002396
DuelingDQN,deceptive_grid,1,252,29353,-177.0,128,1,0.751,0.002237
DuelingDQN,deceptive_grid,1,253,29465,-117.0,112,1,0.7501,0.001991
DuelingDQN,deceptive_grid,1,254,29652,-180.0,187,1,0.7485,0.005638
DuelingDQN,deceptive_grid,1,255,29771,-160.0,119,1,0.7475,0.004554
DuelingDQN,deceptive_grid,1,256,29852,-106.0,81,1,0.7468,0.003078
DuelingDQN,deceptive_grid,1,257,29973,-134.0,121,1,0.7458,0.001491
DuelingDQN,deceptive_grid,1,258,30022,-38.0,49,1,0.7454,0.002677
DuelingDQN,deceptive_grid,1,259,30179,-158.0,157,1,0.744,0.003455
DuelingDQN,deceptive_grid,1,260,30265,-99.0,86,1,0.7433,0.002032
DuelingDQN,deceptive_grid,1,261,30296,-32.0,31,1,0.743,0.001792
DuelingDQN,deceptive_grid,1,262,30496,-204.0,200,0,0.7413,0.002152
DuelingDQN,deceptive_grid,1,263,30547,-76.0,51,1,0.7409,0.003766
DuelingDQN,deceptive_grid,1,264,30566,-12.0,19,1,0.7407,0.003555
DuelingDQN,deceptive_grid,1,265,30631,-70.0,65,1,0.7402,0.002689
DuelingDQN,deceptive_grid,1,266,30642,0.0,11,1,0.7401,0.002762
DuelingDQN,deceptive_grid,1,267,30666,-25.0,24,1,0.7399,0.002361
DuelingDQN,deceptive_grid,1,268,30693,-32.0,27,1,0.7397,0.002038
DuelingDQN,deceptive_grid,1,269,30785,-93.0,92,1,0.7389,0.003022
DuelingDQN,deceptive_grid,1,270,30792,0.0,7,1,0.7388,0.002014
DuelingDQN,deceptive_grid,1,271,30891,-120.0,99,1,0.738,0.002313
DuelingDQN,deceptive_grid,1,272,30982,-116.0,91,1,0.7372,0.00201
DuelingDQN,deceptive_grid,1,273,31075,-102.0,93,1,0.7364,0.004887
DuelingDQN,deceptive_grid,1,274,31166,-104.0,91,1,0.7357,0.00413
DuelingDQN,deceptive_grid,1,275,31266,-97.0,100,1,0.7348,0.002289
DuelingDQN,deceptive_grid,1,276,31298,-29.0,32,1,0.7345,0.001302
DuelingDQN,deceptive_grid,1,277,31328,-35.0,30,1,0.7343,0.001216
DuelingDQN,deceptive_grid,1,278,31357,-22.0,29,1,0.734,0.001083
DuelingDQN,deceptive_grid,1,279,31481,-137.0,124,1,0.733,0.001145
DuelingDQN,deceptive_grid,1,280,31619,-167.0,138,1,0.7318,0.003234
DuelingDQN,deceptive_grid,1,281,31659,-29.0,40,1,0.7315,0.002856
DuelingDQN,deceptive_grid,1,282,31699,-33.0,40,1,0.7311,0.003239
DuelingDQN,deceptive_grid,1,283,31794,-104.0,95,1,0.7303,0.004098
DuelingDQN,deceptive_grid,1,284,31829,-36.0,35,1,0.73,0.001683
DuelingDQN,deceptive_grid,1,285,31855,-19.0,26,1,0.7298,0.001188
DuelingDQN,deceptive_grid,1,286,31918,-60.0,63,1,0.7293,0.001315
DuelingDQN,deceptive_grid,1,287,32009,-96.0,91,1,0.7285,0.001049
DuelingDQN,deceptive_grid,1,288,32070,-70.0,61,1,0.728,0.003631
DuelingDQN,deceptive_grid,1,289,32081,0.0,11,1,0.7279,0.004041
DuelingDQN,deceptive_grid,1,290,32128,-48.0,47,1,0.7275,0.003437
DuelingDQN,deceptive_grid,1,291,32220,-85.0,92,1,0.7267,0.003167
DuelingDQN,deceptive_grid,1,292,32228,3.0,8,1,0.7266,0.002432
DuelingDQN,deceptive_grid,1,293,32245,-6.0,17,1,0.7265,0.002275
DuelingDQN,deceptive_grid,1,294,32320,-84.0,75,1,0.7259,0.00183
DuelingDQN,deceptive_grid,1,295,32343,-16.0,23,1,0.7257,0.001384
DuelingDQN,deceptive_grid,1,296,32388,-50.0,45,1,0.7253,0.0011
DuelingDQN,deceptive_grid,1,297,32391,8.0,3,1,0.7253,0.001321
DuelingDQN,deceptive_grid,1,298,32516,-142.0,125,1,0.7242,0.001857
DuelingDQN,deceptive_grid,1,299,32549,-38.0,33,1,0.7239,0.003644
DuelingDQN,deceptive_grid,1,300,32709,-177.0,160,1,0.7226,0.002209
DuelingDQN,deceptive_grid,1,301,32773,-61.0,64,1,0.722,0.002841
DuelingDQN,deceptive_grid,1,302,32784,0.0,11,1,0.7219,0.001948
DuelingDQN,deceptive_grid,1,303,32825,-50.0,41,1,0.7216,0.001982
DuelingDQN,deceptive_grid,1,304,32961,-145.0,136,1,0.7204,0.00147
DuelingDQN,deceptive_grid,1,305,32988,-20.0,27,1,0.7202,0.001043
DuelingDQN,deceptive_grid,1,306,33034,-43.0,46,1,0.7198,0.003667
DuelingDQN,deceptive_grid,1,307,33063,-22.0,29,1,0.7196,0.006611
DuelingDQN,deceptive_grid,1,308,33074,0.0,11,1,0.7195,0.005207
DuelingDQN,deceptive_grid,1,309,33093,-8.0,19,1,0.7193,0.005135
DuelingDQN,deceptive_grid,1,310,33223,-163.0,130,1,0.7182,0.00408
DuelingDQN,deceptive_grid,1,311,33228,2.0,5,1,0.7182,0.00237
DuelingDQN,deceptive_grid,1,312,33285,-62.0,57,1,0.7177,0.002356
DuelingDQN,deceptive_grid,1,313,33407,-159.0,122,1,0.7166,0.001439
DuelingDQN,deceptive_grid,1,314,33434,-24.0,27,1,0.7164,0.001365
DuelingDQN,deceptive_grid,1,315,33467,-22.0,33,1,0.7161,0.001528
DuelingDQN,deceptive_grid,1,316,33603,-125.0,136,1,0.715,0.003079
DuelingDQN,deceptive_grid,1,317,33634,-24.0,31,1,0.7147,0.003394
DuelingDQN,deceptive_grid,1,318,33700,-75.0,66,1,0.7142,0.003305
DuelingDQN,deceptive_grid,1,319,33794,-127.0,94,1,0.7134,0.002866
DuelingDQN,deceptive_grid,1,320,33803,2.0,9,1,0.7133,0.003065
DuelingDQN,deceptive_grid,1,321,33841,-27.0,38,1,0.713,0.002529
DuelingDQN,deceptive_grid,1,322,33915,-79.0,74,1,0.7123,0.001771
DuelingDQN,deceptive_grid,1,323,33920,2.0,5,1,0.7123,0.001327
DuelingDQN,deceptive_grid,1,324,33928,3.0,8,1,0.7122,0.001189
DuelingDQN,deceptive_grid,1,325,33997,-70.0,69,1,0.7116,0.001079
DuelingDQN,deceptive_grid,1,326,34025,-25.0,28,1,0.7114,0.002806
DuelingDQN,deceptive_grid,1,327,34037,-17.0,12,1,0.7113,0.00265
DuelingDQN,deceptive_grid,1,328,34060,-16.0,23,1,0.7111,0.003247
DuelingDQN,deceptive_grid,1,329,34155,-100.0,95,1,0.7103,0.002984
DuelingDQN,deceptive_grid,1,330,34317,-183.0,162,1,0.7089,0.001808
DuelingDQN,deceptive_grid,1,331,34379,-67.0,62,1,0.7084,0.001346
DuelingDQN,deceptive_grid,1,332,34451,-61.0,72,1,0.7078,0.001053
DuelingDQN,deceptive_grid,1,333,34621,-203.0,170,1,0.7063,0.002566
DuelingDQN,deceptive_grid,1,334,34705,-77.0,84,1,0.7056,0.002053
DuelingDQN,deceptive_grid,1,335,34720,-8.0,15,1,0.7055,0.001748
DuelingDQN,deceptive_grid,1,336,34756,-57.0,36,1,0.7052,0.001836
DuelingDQN,deceptive_grid,1,337,34772,-5.0,16,1,0.7051,0.00166
DuelingDQN,deceptive_grid,1,338,34849,-74.0,77,1,0.7044,0.001275
DuelingDQN,deceptive_grid,1,339,34927,-83.0,78,1,0.7038,0.001189
DuelingDQN,deceptive_grid,1,340,34961,-47.0,34,1,0.7035,0.001476
DuelingDQN,deceptive_grid,1,341,35002,-34.0,41,1,0.7031,0.001485
DuelingDQN,deceptive_grid,1,342,35009,4.0,7,1,0.7031,0.003773
DuelingDQN,deceptive_grid,1,343,35020,-4.0,11,1,0.703,0.00409
DuelingDQN,deceptive_grid,1,344,35060,-33.0,40,1,0.7026,0.004014
DuelingDQN,deceptive_grid,1,345,35079,-8.0,19,1,0.7025,0.005547
DuelingDQN,deceptive_grid,1,346,35088,2.0,9,1,0.7024,0.007456
DuelingDQN,deceptive_grid,1,347,35114,-27.0,26,1,0.7022,0.006944
DuelingDQN,deceptive_grid,1,348,35182,-69.0,68,1,0.7016,0.004845
DuelingDQN,deceptive_grid,1,349,35265,-80.0,83,1,0.7009,0.003441
DuelingDQN,deceptive_grid,1,350,35335,-71.0,70,1,0.7003,0.002319
DuelingDQN,deceptive_grid,1,351,35376,-34.0,41,1,0.6999,0.001415
DuelingDQN,deceptive_grid,1,352,35413,-42.0,37,1,0.6996,0.001572
DuelingDQN,deceptive_grid,1,353,35465,-45.0,52,1,0.6992,0.001273
DuelingDQN,deceptive_grid,1,354,35526,-70.0,61,1,0.6987,0.001999
DuelingDQN,deceptive_grid,1,355,35593,-80.0,67,1,0.6981,0.002574
DuelingDQN,deceptive_grid,1,356,35664,-80.0,71,1,0.6975,0.002444
DuelingDQN,deceptive_grid,1,357,35732,-73.0,68,1,0.6969,0.003274
DuelingDQN,deceptive_grid,1,358,35741,2.0,9,1,0.6968,0.002782
DuelingDQN,deceptive_grid,1,359,35762,-18.0,21,1,0.6967,0.002566
DuelingDQN,deceptive_grid,1,360,35838,-81.0,76,1,0.696,0.003169
DuelingDQN,deceptive_grid,1,361,35880,-43.0,42,1,0.6957,0.001385
DuelingDQN,deceptive_grid,1,362,35929,-46.0,49,1,0.6953,0.000991
DuelingDQN,deceptive_grid,1,363,35962,-26.0,33,1,0.695,0.000649
DuelingDQN,deceptive_grid,1,364,36036,-67.0,74,1,0.6943,0.001882
DuelingDQN,deceptive_grid,1,365,36066,-19.0,30,1,0.6941,0.002919
DuelingDQN,deceptive_grid,1,366,36154,-93.0,88,1,0.6933,0.002792
DuelingDQN,deceptive_grid,1,367,36197,-36.0,43,1,0.693,0.002711
DuelingDQN,deceptive_grid,1,368,36252,-64.0,55,1,0.6925,0.002335
DuelingDQN,deceptive_grid,1,369,36368,-141.0,116,1,0.6915,0.002696
DuelingDQN,deceptive_grid,1,370,36443,-68.0,75,1,0.6909,0.002424
DuelingDQN,deceptive_grid,1,371,36448,2.0,5,1,0.6909,0.002116
DuelingDQN,deceptive_grid,1,372,36547,-124.0,99,1,0.69,0.0026
DuelingDQN,deceptive_grid,1,373,36662,-136.0,115,1,0.689,0.002842
DuelingDQN,deceptive_grid,1,374,36679,-6.0,17,1,0.6889,0.001621
DuelingDQN,deceptive_grid,1,375,36780,-90.0,101,1,0.688,0.001465
DuelingDQN,deceptive_grid,1,376,36834,-47.0,54,1,0.6876,0.0012
DuelingDQN,deceptive_grid,1,377,36945,-116.0,111,1,0.6866,0.000814
DuelingDQN,deceptive_grid,1,378,36951,5.0,6,1,0.6866,0.000616
DuelingDQN,deceptive_grid,1,379,37023,-85.0,72,1,0.686,0.00198
DuelingDQN,deceptive_grid,1,380,37139,-145.0,116,1,0.685,0.004062
DuelingDQN,deceptive_grid,1,381,37197,-59.0,58,1,0.6845,0.003344
DuelingDQN,deceptive_grid,1,382,37204,0.0,7,1,0.6844,0.002464
DuelingDQN,deceptive_grid,1,383,37266,-63.0,62,1,0.6839,0.002222
DuelingDQN,deceptive_grid,1,384,37310,-45.0,44,1,0.6835,0.001246
DuelingDQN,deceptive_grid,1,385,37381,-76.0,71,1,0.6829,0.001561
DuelingDQN,deceptive_grid,1,386,37429,-57.0,48,1,0.6825,0.001791
DuelingDQN,deceptive_grid,1,387,37446,-10.0,17,1,0.6824,0.002247
DuelingDQN,deceptive_grid,1,388,37479,-26.0,33,1,0.6821,0.002315
DuelingDQN,deceptive_grid,1,389,37555,-97.0,76,1,0.6815,0.002756
DuelingDQN,deceptive_grid,1,390,37661,-123.0,106,1,0.6806,0.002732
DuelingDQN,deceptive_grid,1,391,37731,-67.0,70,1,0.68,0.001354
DuelingDQN,deceptive_grid,1,392,37809,-83.0,78,1,0.6793,0.001558
DuelingDQN,deceptive_grid,1,393,37828,-20.0,19,1,0.6791,0.001334
DuelingDQN,deceptive_grid,1,394,37921,-94.0,93,1,0.6784,0.001135
DuelingDQN,deceptive_grid,1,395,37933,-5.0,12,1,0.6783,0.00083
DuelingDQN,deceptive_grid,1,396,37988,-64.0,55,1,0.6778,0.000681
DuelingDQN,deceptive_grid,1,397,38003,-12.0,15,1,0.6777,0.001557
DuelingDQN,deceptive_grid,1,398,38066,-56.0,63,1,0.6771,0.00321
DuelingDQN,deceptive_grid,1,399,38136,-87.0,70,1,0.6765,0.003408
DuelingDQN,deceptive_grid,1,400,38267,-132.0,131,1,0.6754,0.002729
DuelingDQN,deceptive_grid,1,401,38313,-47.0,46,1,0.675,0.002391
DuelingDQN,deceptive_grid,1,402,38390,-106.0,77,1,0.6744,0.001528
DuelingDQN,deceptive_grid,1,403,38476,-91.0,86,1,0.6736,0.001847
DuelingDQN,deceptive_grid,1,404,38563,-108.0,87,1,0.6729,0.003566
DuelingDQN,deceptive_grid,1,405,38592,-26.0,29,1,0.6727,0.003414
DuelingDQN,deceptive_grid,1,406,38595,4.0,3,1,0.6726,0.003835
DuelingDQN,deceptive_grid,1,407,38631,-33.0,36,1,0.6723,0.003444
DuelingDQN,deceptive_grid,1,408,38728,-130.0,97,1,0.6715,0.002109
DuelingDQN,deceptive_grid,1,409,38813,-94.0,85,1,0.6708,0.002254
DuelingDQN,deceptive_grid,1,410,38820,4.0,7,1,0.6707,0.002842
DuelingDQN,deceptive_grid,1,411,38861,-34.0,41,1,0.6704,0.002079
DuelingDQN,deceptive_grid,1,412,38887,-15.0,26,1,0.6702,0.001306
DuelingDQN,deceptive_grid,1,413,38965,-91.0,78,1,0.6695,0.001875
DuelingDQN,deceptive_grid,1,414,39067,-103.0,102,1,0.6686,0.004807
DuelingDQN,deceptive_grid,1,415,39122,-56.0,55,1,0.6682,0.003783
DuelingDQN,deceptive_grid,1,416,39168,-39.0,46,1,0.6678,0.003694
DuelingDQN,deceptive_grid,1,417,39220,-53.0,52,1,0.6673,0.003264
DuelingDQN,deceptive_grid,1,418,39226,5.0,6,1,0.6673,0.001811
DuelingDQN,deceptive_grid,1,419,39228,9.0,2,1,0.6673,0.001902
DuelingDQN,deceptive_grid,1,420,39285,-50.0,57,1,0.6668,0.001826
DuelingDQN,deceptive_grid,1,421,39322,-30.0,37,1,0.6665,0.001454
DuelingDQN,deceptive_grid,1,422,39410,-93.0,88,1,0.6657,0.000996
DuelingDQN,deceptive_grid,1,423,39427,-6.0,17,1,0.6656,0.000981
DuelingDQN,deceptive_grid,1,424,39487,-57.0,60,1,0.6651,0.000858
DuelingDQN,deceptive_grid,1,425,39552,-62.0,65,1,0.6645,0.002723
DuelingDQN,deceptive_grid,1,426,39605,-46.0,53,1,0.6641,0.003148
DuelingDQN,deceptive_grid,1,427,39644,-36.0,39,1,0.6637,0.003142
DuelingDQN,deceptive_grid,1,428,39674,-23.0,30,1,0.6635,0.00215
DuelingDQN,deceptive_grid,1,429,39740,-75.0,66,1,0.6629,0.002309
DuelingDQN,deceptive_grid,1,430,39771,-20.0,31,1,0.6627,0.003172
DuelingDQN,deceptive_grid,1,431,39785,-3.0,14,1,0.6625,0.002089
DuelingDQN,deceptive_grid,1,432,39813,-21.0,28,1,0.6623,0.00231
DuelingDQN,deceptive_grid,1,433,39846,-38.0,33,1,0.662,0.001923
DuelingDQN,deceptive_grid,1,434,39956,-111.0,110,1,0.6611,0.001699
DuelingDQN,deceptive_grid,1,435,40008,-65.0,52,1,0.6607,0.001326
DuelingDQN,deceptive_grid,1,436,40060,-45.0,52,1,0.6602,0.00302
DuelingDQN,deceptive_grid,1,437,40159,-120.0,99,1,0.6594,0.002854
DuelingDQN,deceptive_grid,1,438,40183,-17.0,24,1,0.6592,0.002219
DuelingDQN,deceptive_grid,1,439,40229,-43.0,46,1,0.6588,0.001785
DuelingDQN,deceptive_grid,1,440,40264,-24.0,35,1,0.6585,0.001273
DuelingDQN,deceptive_grid,1,441,40299,-28.0,35,1,0.6582,0.000848
DuelingDQN,deceptive_grid,1,442,40367,-81.0,68,1,0.6576,0.000879
DuelingDQN,deceptive_grid,1,443,40486,-132.0,119,1,0.6566,0.0009
DuelingDQN,deceptive_grid,1,444,40520,-43.0,34,1,0.6563,0.002259
DuelingDQN,deceptive_grid,1,445,40550,-23.0,30,1,0.6561,0.003161
DuelingDQN,deceptive_grid,1,446,40601,-52.0,51,1,0.6556,0.00255
DuelingDQN,deceptive_grid,1,447,40647,-35.0,46,1,0.6552,0.002598
DuelingDQN,deceptive_grid,1,448,40689,-39.0,42,1,0.6549,0.002342
DuelingDQN,deceptive_grid,1,449,40703,-3.0,14,1,0.6548,0.001637
DuelingDQN,deceptive_grid,1,450,40811,-117.0,108,1,0.6538,0.002088
DuelingDQN,deceptive_grid,1,451,40872,-90.0,61,1,0.6533,0.002162
DuelingDQN,deceptive_grid,1,452,40915,-40.0,43,1,0.653,0.002037
DuelingDQN,deceptive_grid,1,453,40937,-15.0,22,1,0.6528,0.002438
DuelingDQN,deceptive_grid,1,454,41010,-86.0,73,1,0.6522,0.002783
DuelingDQN,deceptive_grid,1,455,41039,-18.0,29,1,0.6519,0.004713
DuelingDQN,deceptive_grid,1,456,41108,-70.0,69,1,0.6513,0.005921
DuelingDQN,deceptive_grid,1,457,41161,-66.0,53,1,0.6509,0.005018
DuelingDQN,deceptive_grid,1,458,41266,-106.0,105,1,0.65,0.002543
DuelingDQN,deceptive_grid,1,459,41321,-44.0,55,1,0.6495,0.001422
DuelingDQN,deceptive_grid,1,460,41397,-81.0,76,1,0.6489,0.001628
DuelingDQN,deceptive_grid,1,461,41458,-66.0,61,1,0.6484,0.001564
DuelingDQN,deceptive_grid,1,462,41505,-44.0,47,1,0.648,0.001415
DuelingDQN,deceptive_grid,1,463,41542,-30.0,37,1,0.6476,0.003491
DuelingDQN,deceptive_grid,1,464,41559,-6.0,17,1,0.6475,0.003419
DuelingDQN,deceptive_grid,1,465,41659,-133.0,100,1,0.6467,0.002321
DuelingDQN,deceptive_grid,1,466,41702,-40.0,43,1,0.6463,0.001955
DuelingDQN,deceptive_grid,1,467,41718,-17.0,16,1,0.6462,0.001534
DuelingDQN,deceptive_grid,1,468,41729,-16.0,11,1,0.6461,0.001246
DuelingDQN,deceptive_grid,1,469,41805,-77.0,76,1,0.6454,0.00117
DuelingDQN,deceptive_grid,1,470,41830,-18.0,25,1,0.6452,0.000965
DuelingDQN,deceptive_grid,1,471,41882,-53.0,52,1,0.6448,0.000902
DuelingDQN,deceptive_grid,1,472,41883,10.0,1,1,0.6448,0.000879
DuelingDQN,deceptive_grid,1,473,41928,-50.0,45,1,0.6444,0.000795
DuelingDQN,deceptive_grid,1,474,41944,-13.0,16,1,0.6442,0.001122
DuelingDQN,deceptive_grid,1,475,41999,-52.0,55,1,0.6438,0.001068
DuelingDQN,deceptive_grid,1,476,42004,6.0,5,1,0.6437,0.002765
DuelingDQN,deceptive_grid,1,477,42070,-59.0,66,1,0.6432,0.004297
DuelingDQN,deceptive_grid,1,478,42159,-90.0,89,1,0.6424,0.003547
DuelingDQN,deceptive_grid,1,479,42187,-37.0,28,1,0.6422,0.00378
DuelingDQN,deceptive_grid,1,480,42251,-65.0,64,1,0.6416,0.003163
DuelingDQN,deceptive_grid,1,481,42331,-97.0,80,1,0.641,0.001795
DuelingDQN,deceptive_grid,1,482,42366,-32.0,35,1,0.6407,0.001366
DuelingDQN,deceptive_grid,1,483,42498,-133.0,132,1,0.6395,0.000844
DuelingDQN,deceptive_grid,1,484,42545,-52.0,47,1,0.6391,0.003122
DuelingDQN,deceptive_grid,1,485,42600,-72.0,55,1,0.6387,0.003387
DuelingDQN,deceptive_grid,1,486,42664,-65.0,64,1,0.6381,0.003055
DuelingDQN,deceptive_grid,1,487,42667,8.0,3,1,0.6381,0.002751
DuelingDQN,deceptive_grid,1,488,42730,-80.0,63,1,0.6376,0.001925
DuelingDQN,deceptive_grid,1,489,42790,-69.0,60,1,0.6371,0.00109
DuelingDQN,deceptive_grid,1,490,42919,-130.0,129,1,0.636,0.001218
DuelingDQN,deceptive_grid,1,491,42975,-57.0,56,1,0.6355,0.001718
DuelingDQN,deceptive_grid,1,492,43016,-34.0,41,1,0.6351,0.004148
DuelingDQN,deceptive_grid,1,493,43054,-31.0,38,1,0.6348,0.004975
DuelingDQN,deceptive_grid,1,494,43091,-42.0,37,1,0.6345,0.003884
DuelingDQN,deceptive_grid,1,495,43144,-54.0,53,1,0.6341,0.002788
DuelingDQN,deceptive_grid,1,496,43188,-41.0,44,1,0.6337,0.002267
DuelingDQN,deceptive_grid,1,497,43230,-35.0,42,1,0.6333,0.001693
DuelingDQN,deceptive_grid,1,498,43252,-23.0,22,1,0.6331,0.002386
DuelingDQN,deceptive_grid,1,499,43274,-11.0,22,1,0.633,0.001886
DuelingDQN,deceptive_grid,1,500,43321,-44.0,47,1,0.6326,0.002319
DuelingDQN,deceptive_grid,1,501,43414,-130.0,93,1,0.6318,0.001479
DuelingDQN,deceptive_grid,1,502,43499,-118.0,85,1,0.631,0.001214
DuelingDQN,deceptive_grid,1,503,43523,-17.0,24,1,0.6308,0.002989
DuelingDQN,deceptive_grid,1,504,43638,-112.0,115,1,0.6299,0.003903
DuelingDQN,deceptive_grid,1,505,43742,-97.0,104,1,0.629,0.002256
DuelingDQN,deceptive_grid,1,506,43797,-60.0,55,1,0.6285,0.001061
DuelingDQN,deceptive_grid,1,507,43819,-11.0,22,1,0.6283,0.000834
DuelingDQN,deceptive_grid,1,508,43856,-26.0,37,1,0.628,0.001042
DuelingDQN,deceptive_grid,1,509,43933,-78.0,77,1,0.6274,0.001638
DuelingDQN,deceptive_grid,1,510,43982,-46.0,49,1,0.6269,0.00174
DuelingDQN,deceptive_grid,1,511,44024,-43.0,42,1,0.6266,0.00307
DuelingDQN,deceptive_grid,1,512,44087,-56.0,63,1,0.6261,0.004306
DuelingDQN,deceptive_grid,1,513,44162,-72.0,75,1,0.6254,0.002995
DuelingDQN,deceptive_grid,1,514,44235,-78.0,73,1,0.6248,0.001601
DuelingDQN,deceptive_grid,1,515,44286,-56.0,51,1,0.6244,0.001188
DuelingDQN,deceptive_grid,1,516,44337,-44.0,51,1,0.6239,0.001305
DuelingDQN,deceptive_grid,1,517,44382,-34.0,45,1,0.6236,0.001013
DuelingDQN,deceptive_grid,1,518,44472,-87.0,90,1,0.6228,0.000871
DuelingDQN,deceptive_grid,1,519,44560,-89.0,88,1,0.622,0.00276
DuelingDQN,deceptive_grid,1,520,44593,-34.0,33,1,0.6218,0.003284
DuelingDQN,deceptive_grid,1,521,44661,-73.0,68,1,0.6212,0.004489
DuelingDQN,deceptive_grid,1,522,44689,-29.0,28,1,0.621,0.004586
DuelingDQN,deceptive_grid,1,523,44695,1.0,6,1,0.6209,0.003039
DuelingDQN,deceptive_grid,1,524,44735,-53.0,40,1,0.6206,0.002722
DuelingDQN,deceptive_grid,1,525,44829,-91.0,94,1,0.6198,0.002228
DuelingDQN,deceptive_grid,1,526,44894,-74.0,65,1,0.6192,0.001581
DuelingDQN,deceptive_grid,1,527,44947,-54.0,53,1,0.6188,0.001247
DuelingDQN,deceptive_grid,1,528,45070,-128.0,123,1,0.6177,0.002307
DuelingDQN,deceptive_grid,1,529,45115,-42.0,45,1,0.6173,0.002334
DuelingDQN,deceptive_grid,1,530,45130,-4.0,15,1,0.6172,0.001502
DuelingDQN,deceptive_grid,1,531,45134,3.0,4,1,0.6172,0.001462
DuelingDQN,deceptive_grid,1,532,45184,-47.0,50,1,0.6168,0.001619
DuelingDQN,deceptive_grid,1,533,45250,-75.0,66,1,0.6162,0.002078
DuelingDQN,deceptive_grid,1,534,45280,-23.0,30,1,0.6159,0.001292
DuelingDQN,deceptive_grid,1,535,45309,-42.0,29,1,0.6157,0.001513
DuelingDQN,deceptive_grid,1,536,45326,-10.0,17,1,0.6155,0.001496
DuelingDQN,deceptive_grid,1,537,45330,-5.0,4,1,0.6155,0.001302
DuelingDQN,deceptive_grid,1,538,45342,-9.0,12,1,0.6154,0.001688
DuelingDQN,deceptive_grid,1,539,45364,-19.0,22,1,0.6152,0.001323
DuelingDQN,deceptive_grid,1,540,45400,-45.0,36,1,0.6149,0.001171
DuelingDQN,deceptive_grid,1,541,45441,-38.0,41,1,0.6146,0.000955
DuelingDQN,deceptive_grid,1,542,45490,-50.0,49,1,0.6142,0.000821
DuelingDQN,deceptive_grid,1,543,45534,-45.0,44,1,0.6138,0.002705
DuelingDQN,deceptive_grid,1,544,45586,-53.0,52,1,0.6133,0.004642
DuelingDQN,deceptive_grid,1,545,45630,-41.0,44,1,0.613,0.003312
DuelingDQN,deceptive_grid,1,546,45698,-77.0,68,1,0.6124,0.002682
DuelingDQN,deceptive_grid,1,547,45756,-67.0,58,1,0.6119,0.001326
DuelingDQN,deceptive_grid,1,548,45771,-4.0,15,1,0.6118,0.001166
DuelingDQN,deceptive_grid,1,549,45802,-28.0,31,1,0.6115,0.001003
DuelingDQN,deceptive_grid,1,550,45849,-36.0,47,1,0.6111,0.001059
DuelingDQN,deceptive_grid,1,551,45906,-58.0,57,1,0.6106,0.000955
DuelingDQN,deceptive_grid,1,552,45949,-36.0,43,1,0.6103,0.000742
DuelingDQN,deceptive_grid,1,553,46017,-73.0,68,1,0.6097,0.001537
DuelingDQN,deceptive_grid,1,554,46023,5.0,6,1,0.6096,0.0043
DuelingDQN,deceptive_grid,1,555,46049,-19.0,26,1,0.6094,0.005062
DuelingDQN,deceptive_grid,1,556,46085,-33.0,36,1,0.6091,0.003416
DuelingDQN,deceptive_grid,1,557,46127,-31.0,42,1,0.6088,0.002172
DuelingDQN,deceptive_grid,1,558,46180,-50.0,53,1,0.6083,0.002034
DuelingDQN,deceptive_grid,1,559,46293,-110.0,113,1,0.6073,0.001912
DuelingDQN,deceptive_grid,1,560,46338,-42.0,45,1,0.607,0.001271
DuelingDQN,deceptive_grid,1,561,46367,-30.0,29,1,0.6067,0.001243
DuelingDQN,deceptive_grid,1,562,46395,-17.0,28,1,0.6065,0.00077
DuelingDQN,deceptive_grid,1,563,46436,-46.0,41,1,0.6061,0.000775
DuelingDQN,deceptive_grid,1,564,46488,-65.0,52,1,0.6057,0.000909
DuelingDQN,deceptive_grid,1,565,46542,-51.0,54,1,0.6052,0.002581
DuelingDQN,deceptive_grid,1,566,46559,-10.0,17,1,0.6051,0.002689
DuelingDQN,deceptive_grid,1,567,46582,-12.0,23,1,0.6049,0.003217
DuelingDQN,deceptive_grid,1,568,46596,-3.0,14,1,0.6048,0.003267
DuelingDQN,deceptive_grid,1,569,46650,-43.0,54,1,0.6043,0.004151
DuelingDQN,deceptive_grid,1,570,46698,-45.0,48,1,0.6039,0.002286
DuelingDQN,deceptive_grid,1,571,46727,-18.0,29,1,0.6037,0.002859
DuelingDQN,deceptive_grid,1,572,46741,-11.0,14,1,0.6035,0.002983
DuelingDQN,deceptive_grid,1,573,46757,-5.0,16,1,0.6034,0.002496
DuelingDQN,deceptive_grid,1,574,46780,-12.0,23,1,0.6032,0.001792
DuelingDQN,deceptive_grid,1,575,46812,-21.0,32,1,0.6029,0.001472
DuelingDQN,deceptive_grid,1,576,46827,-12.0,15,1,0.6028,0.001773
DuelingDQN,deceptive_grid,1,577,46864,-42.0,37,1,0.6025,0.001081
DuelingDQN,deceptive_grid,1,578,46935,-80.0,71,1,0.6019,0.000818
DuelingDQN,deceptive_grid,1,579,47004,-66.0,69,1,0.6013,0.00095
DuelingDQN,deceptive_grid,1,580,47018,-7.0,14,1,0.6012,0.00372
DuelingDQN,deceptive_grid,1,581,47042,-13.0,24,1,0.601,0.003286
DuelingDQN,deceptive_grid,1,582,47088,-39.0,46,1,0.6006,0.002612
DuelingDQN,deceptive_grid,1,583,47107,-8.0,19,1,0.6004,0.002899
DuelingDQN,deceptive_grid,1,584,47203,-93.0,96,1,0.5996,0.00173
DuelingDQN,deceptive_grid,1,585,47237,-23.0,34,1,0.5993,0.001549
DuelingDQN,deceptive_grid,1,586,47302,-70.0,65,1,0.5988,0.001887
DuelingDQN,deceptive_grid,1,587,47367,-74.0,65,1,0.5982,0.001977
DuelingDQN,deceptive_grid,1,588,47381,-15.0,14,1,0.5981,0.001421
DuelingDQN,deceptive_grid,1,589,47421,-41.0,40,1,0.5978,0.001174
DuelingDQN,deceptive_grid,1,590,47539,-143.0,118,1,0.5968,0.001497
DuelingDQN,deceptive_grid,1,591,47548,2.0,9,1,0.5967,0.002043
DuelingDQN,deceptive_grid,1,592,47574,-19.0,26,1,0.5965,0.002264
DuelingDQN,deceptive_grid,1,593,47628,-51.0,54,1,0.596,0.002393
DuelingDQN,deceptive_grid,1,594,47682,-59.0,54,1,0.5956,0.001695
DuelingDQN,deceptive_grid,1,595,47696,-3.0,14,1,0.5954,0.00118
DuelingDQN,deceptive_grid,1,596,47724,-33.0,28,1,0.5952,0.001491
DuelingDQN,deceptive_grid,1,597,47781,-58.0,57,1,0.5947,0.001201
DuelingDQN,deceptive_grid,1,598,47841,-69.0,60,1,0.5942,0.00199
DuelingDQN,deceptive_grid,1,599,47909,-65.0,68,1,0.5936,0.00134
DuelingDQN,deceptive_grid,1,600,47965,-53.0,56,1,0.5932,0.001258
DuelingDQN,deceptive_grid,1,601,47970,2.0,5,1,0.5931,0.001293
DuelingDQN,deceptive_grid,1,602,48036,-59.0,66,1,0.5926,0.001691
DuelingDQN,deceptive_grid,1,603,48078,-47.0,42,1,0.5922,0.001748
DuelingDQN,deceptive_grid,1,604,48160,-83.0,82,1,0.5915,0.002012
DuelingDQN,deceptive_grid,1,605,48185,-26.0,25,1,0.5913,0.001974
DuelingDQN,deceptive_grid,1,606,48212,-24.0,27,1,0.5911,0.001621
DuelingDQN,deceptive_grid,1,607,48233,-14.0,21,1,0.5909,0.001255
DuelingDQN,deceptive_grid,1,608,48288,-56.0,55,1,0.5904,0.000872
DuelingDQN,deceptive_grid,1,609,48358,-95.0,70,1,0.5898,0.001049
DuelingDQN,deceptive_grid,1,610,48391,-30.0,33,1,0.5895,0.001029
DuelingDQN,deceptive_grid,1,611,48392,10.0,1,1,0.5895,0.00094
DuelingDQN,deceptive_grid,1,612,48425,-34.0,33,1,0.5893,0.001157
DuelingDQN,deceptive_grid,1,613,48468,-32.0,43,1,0.5889,0.001013
DuelingDQN,deceptive_grid,1,614,48477,-6.0,9,1,0.5888,0.000993
DuelingDQN,deceptive_grid,1,615,48514,-30.0,37,1,0.5885,0.001364
DuelingDQN,deceptive_grid,1,616,48532,-11.0,18,1,0.5884,0.002351
DuelingDQN,deceptive_grid,1,617,48553,-18.0,21,1,0.5882,0.002747
DuelingDQN,deceptive_grid,1,618,48565,-1.0,12,1,0.5881,0.002766
DuelingDQN,deceptive_grid,1,619,48590,-18.0,25,1,0.5879,0.002796
DuelingDQN,deceptive_grid,1,620,48629,-28.0,39,1,0.5875,0.002695
DuelingDQN,deceptive_grid,1,621,48656,-16.0,27,1,0.5873,0.002108
DuelingDQN,deceptive_grid,1,622,48681,-18.0,25,1,0.5871,0.001567
DuelingDQN,deceptive_grid,1,623,48685,7.0,4,1,0.5871,0.001662
DuelingDQN,deceptive_grid,1,624,48704,-20.0,19,1,0.5869,0.001562
DuelingDQN,deceptive_grid,1,625,48728,-13.0,24,1,0.5867,0.001075
DuelingDQN,deceptive_grid,1,626,48741,-2.0,13,1,0.5866,0.000998
DuelingDQN,deceptive_grid,1,627,48785,-45.0,44,1,0.5862,0.000887
DuelingDQN,deceptive_grid,1,628,48804,-8.0,19,1,0.586,0.000919
DuelingDQN,deceptive_grid,1,629,48840,-29.0,36,1,0.5857,0.000868
DuelingDQN,deceptive_grid,1,630,48897,-58.0,57,1,0.5853,0.000628
DuelingDQN,deceptive_grid,1,631,48917,-25.0,20,1,0.5851,0.000516
DuelingDQN,deceptive_grid,1,632,48963,-63.0,46,1,0.5847,0.000465
DuelingDQN,deceptive_grid,1,633,48982,-12.0,19,1,0.5845,0.000524
DuelingDQN,deceptive_grid,1,634,49047,-74.0,65,1,0.584,0.001364
DuelingDQN,deceptive_grid,1,635,49079,-41.0,32,1,0.5837,0.002396
DuelingDQN,deceptive_grid,1,636,49105,-19.0,26,1,0.5835,0.002561
DuelingDQN,deceptive_grid,1,637,49157,-41.0,52,1,0.5831,0.003382
DuelingDQN,deceptive_grid,1,638,49211,-47.0,54,1,0.5826,0.003295
DuelingDQN,deceptive_grid,1,639,49280,-58.0,69,1,0.582,0.00391
DuelingDQN,deceptive_grid,1,640,49316,-25.0,36,1,0.5817,0.002671
DuelingDQN,deceptive_grid,1,641,49329,-6.0,13,1,0.5816,0.002409
DuelingDQN,deceptive_grid,1,642,49380,-48.0,51,1,0.5812,0.00158
DuelingDQN,deceptive_grid,1,643,49395,-8.0,15,1,0.581,0.001192
DuelingDQN,deceptive_grid,1,644,49440,-34.0,45,1,0.5807,0.001412
DuelingDQN,deceptive_grid,1,645,49456,-5.0,16,1,0.5805,0.001161
DuelingDQN,deceptive_grid,1,646,49483,-24.0,27,1,0.5803,0.001103
DuelingDQN,deceptive_grid,1,647,49547,-53.0,64,1,0.5797,0.002644
DuelingDQN,deceptive_grid,1,648,49633,-87.0,86,1,0.579,0.002015
DuelingDQN,deceptive_grid,1,649,49670,-34.0,37,1,0.5787,0.001226
DuelingDQN,deceptive_grid,1,650,49720,-47.0,50,1,0.5783,0.001113
DuelingDQN,deceptive_grid,1,651,49770,-43.0,50,1,0.5779,0.001188
DuelingDQN,deceptive_grid,1,652,49835,-74.0,65,1,0.5773,0.000852
DuelingDQN,deceptive_grid,1,653,49887,-57.0,52,1,0.5769,0.001147
DuelingDQN,deceptive_grid,1,654,49928,-34.0,41,1,0.5765,0.001015
DuelingDQN,deceptive_grid,1,655,49982,-51.0,54,1,0.5761,0.000883
DuelingDQN,deceptive_grid,1,656,50037,-52.0,55,1,0.5756,0.001777
DuelingDQN,deceptive_grid,1,657,50135,-119.0,98,1,0.5748,0.002243
DuelingDQN,deceptive_grid,1,658,50186,-52.0,51,1,0.5743,0.002404
DuelingDQN,deceptive_grid,1,659,50227,-34.0,41,1,0.574,0.00187
DuelingDQN,deceptive_grid,1,660,50274,-40.0,47,1,0.5736,0.001321
DuelingDQN,deceptive_grid,1,661,50321,-48.0,47,1,0.5732,0.000881
DuelingDQN,deceptive_grid,1,662,50364,-36.0,43,1,0.5728,0.001441
DuelingDQN,deceptive_grid,1,663,50403,-40.0,39,1,0.5725,0.001506
DuelingDQN,deceptive_grid,1,664,50439,-25.0,36,1,0.5722,0.001185
DuelingDQN,deceptive_grid,1,665,50486,-52.0,47,1,0.5718,0.001376
DuelingDQN,deceptive_grid,1,666,50506,-9.0,20,1,0.5716,0.001777
DuelingDQN,deceptive_grid,1,667,50556,-43.0,50,1,0.5712,0.003135
DuelingDQN,deceptive_grid,1,668,50584,-17.0,28,1,0.5709,0.002872
DuelingDQN,deceptive_grid,1,669,50654,-59.0,70,1,0.5704,0.003389
DuelingDQN,deceptive_grid,1,670,50704,-43.0,50,1,0.5699,0.005964
DuelingDQN,deceptive_grid,1,671,50727,-16.0,23,1,0.5697,0.0057
DuelingDQN,deceptive_grid,1,672,50746,-12.0,19,1,0.5696,0.004643
DuelingDQN,deceptive_grid,1,673,50776,-23.0,30,1,0.5693,0.003233
DuelingDQN,deceptive_grid,1,674,50792,-9.0,16,1,0.5692,0.002003
DuelingDQN,deceptive_grid,1,675,50797,6.0,5,1,0.5691,0.001235
DuelingDQN,deceptive_grid,1,676,50827,-19.0,30,1,0.5689,0.001088
DuelingDQN,deceptive_grid,1,677,50849,-11.0,22,1,0.5687,0.001064
DuelingDQN,deceptive_grid,1,678,50874,-18.0,25,1,0.5685,0.001037
DuelingDQN,deceptive_grid,1,679,50906,-41.0,32,1,0.5682,0.000775
DuelingDQN,deceptive_grid,1,680,50916,-7.0,10,1,0.5681,0.000561
DuelingDQN,deceptive_grid,1,681,50924,3.0,8,1,0.5681,0.000585
DuelingDQN,deceptive_grid,1,682,50967,-52.0,43,1,0.5677,0.000749
DuelingDQN,deceptive_grid,1,683,51037,-79.0,70,1,0.5671,0.001003
DuelingDQN,deceptive_grid,1,684,51054,-10.0,17,1,0.567,0.001377
DuelingDQN,deceptive_grid,1,685,51097,-32.0,43,1,0.5666,0.001107
DuelingDQN,deceptive_grid,1,686,51127,-27.0,30,1,0.5663,0.001037
DuelingDQN,deceptive_grid,1,687,51137,1.0,10,1,0.5663,0.001072
DuelingDQN,deceptive_grid,1,688,51179,-43.0,42,1,0.5659,0.000779
DuelingDQN,deceptive_grid,1,689,51236,-58.0,57,1,0.5654,0.000475
DuelingDQN,deceptive_grid,1,690,51288,-49.0,52,1,0.565,0.000518
DuelingDQN,deceptive_grid,1,691,51324,-33.0,36,1,0.5647,0.000596
DuelingDQN,deceptive_grid,1,692,51383,-68.0,59,1,0.5642,0.001308
DuelingDQN,deceptive_grid,1,693,51422,-40.0,39,1,0.5638,0.000997
DuelingDQN,deceptive_grid,1,694,51475,-42.0,53,1,0.5634,0.001188
DuelingDQN,deceptive_grid,1,695,51514,-28.0,39,1,0.5631,0.002585
DuelingDQN,deceptive_grid,1,696,51529,-8.0,15,1,0.5629,0.003303
DuelingDQN,deceptive_grid,1,697,51536,4.0,7,1,0.5629,0.003219
DuelingDQN,deceptive_grid,1,698,51593,-78.0,57,1,0.5624,0.002291
DuelingDQN,deceptive_grid,1,699,51644,-40.0,51,1,0.562,0.002379
DuelingDQN,deceptive_grid,1,700,51660,-21.0,16,1,0.5618,0.001697
DuelingDQN,deceptive_grid,1,701,51671,0.0,11,1,0.5617,0.001689
DuelingDQN,deceptive_grid,1,702,51730,-60.0,59,1,0.5612,0.001455
DuelingDQN,deceptive_grid,1,703,51743,-6.0,13,1,0.5611,0.001465
DuelingDQN,deceptive_grid,1,704,51745,9.0,2,1,0.5611,0.001505
DuelingDQN,deceptive_grid,1,705,51781,-25.0,36,1,0.5608,0.001207
DuelingDQN,deceptive_grid,1,706,51802,-14.0,21,1,0.5606,0.000937
DuelingDQN,deceptive_grid,1,707,51814,-9.0,12,1,0.5605,0.001029
DuelingDQN,deceptive_grid,1,708,51878,-57.0,64,1,0.56,0.001016
DuelingDQN,deceptive_grid,1,709,51914,-41.0,36,1,0.5597,0.001243
DuelingDQN,deceptive_grid,1,710,51940,-15.0,26,1,0.5594,0.001029
DuelingDQN,deceptive_grid,1,711,51959,-12.0,19,1,0.5593,0.000919
DuelingDQN,deceptive_grid,1,712,51983,-17.0,24,1,0.5591,0.00083
DuelingDQN,deceptive_grid,1,713,52003,-13.0,20,1,0.5589,0.001338
DuelingDQN,deceptive_grid,1,714,52055,-57.0,52,1,0.5585,0.002206
DuelingDQN,deceptive_grid,1,715,52069,-3.0,14,1,0.5584,0.00196
DuelingDQN,deceptive_grid,1,716,52097,-25.0,28,1,0.5581,0.001716
DuelingDQN,deceptive_grid,1,717,52134,-30.0,37,1,0.5578,0.001906
DuelingDQN,deceptive_grid,1,718,52168,-39.0,34,1,0.5575,0.001284
DuelingDQN,deceptive_grid,1,719,52204,-25.0,36,1,0.5572,0.001479
DuelingDQN,deceptive_grid,1,720,52297,-94.0,93,1,0.5564,0.001396
DuelingDQN,deceptive_grid,1,721,52330,-26.0,33,1,0.5561,0.001322
DuelingDQN,deceptive_grid,1,722,52342,-5.0,12,1,0.556,0.001077
DuelingDQN,deceptive_grid,1,723,52376,-27.0,34,1,0.5557,0.001108
DuelingDQN,deceptive_grid,1,724,52409,-34.0,33,1,0.5555,0.001046
DuelingDQN,deceptive_grid,1,725,52463,-51.0,54,1,0.555,0.001226
DuelingDQN,deceptive_grid,1,726,52504,-30.0,41,1,0.5547,0.001254
DuelingDQN,deceptive_grid,1,727,52532,-29.0,28,1,0.5544,0.004283
DuelingDQN,deceptive_grid,1,728,52546,-3.0,14,1,0.5543,0.004501
DuelingDQN,deceptive_grid,1,729,52614,-73.0,68,1,0.5537,0.003434
DuelingDQN,deceptive_grid,1,730,52629,-4.0,15,1,0.5536,0.002253
DuelingDQN,deceptive_grid,1,731,52655,-15.0,26,1,0.5534,0.00288
DuelingDQN,deceptive_grid,1,732,52675,-9.0,20,1,0.5532,0.002358
DuelingDQN,deceptive_grid,1,733,52730,-48.0,55,1,0.5527,0.002011
DuelingDQN,deceptive_grid,1,734,52781,-44.0,51,1,0.5523,0.002265
DuelingDQN,deceptive_grid,1,735,52803,-11.0,22,1,0.5521,0.002719
DuelingDQN,deceptive_grid,1,736,52864,-62.0,61,1,0.5516,0.001581
DuelingDQN,deceptive_grid,1,737,52904,-33.0,40,1,0.5513,0.00107
DuelingDQN,deceptive_grid,1,738,52939,-36.0,35,1,0.551,0.00116
DuelingDQN,deceptive_grid,1,739,53012,-74.0,73,1,0.5504,0.001145
DuelingDQN,deceptive_grid,1,740,53047,-36.0,35,1,0.5501,0.002301
DuelingDQN,deceptive_grid,1,741,53069,-15.0,22,1,0.5499,0.001843
DuelingDQN,deceptive_grid,1,742,53106,-34.0,37,1,0.5496,0.002205
DuelingDQN,deceptive_grid,1,743,53126,-21.0,20,1,0.5494,0.002084
DuelingDQN,deceptive_grid,1,744,53169,-48.0,43,1,0.549,0.001459
DuelingDQN,deceptive_grid,1,745,53177,3.0,8,1,0.549,0.001161
DuelingDQN,deceptive_grid,1,746,53207,-35.0,30,1,0.5487,0.001017
DuelingDQN,deceptive_grid,1,747,53280,-86.0,73,1,0.5481,0.000912
DuelingDQN,deceptive_grid,1,748,53319,-28.0,39,1,0.5477,0.001114
DuelingDQN,deceptive_grid,1,749,53335,-9.0,16,1,0.5476,0.001195
DuelingDQN,deceptive_grid,1,750,53391,-57.0,56,1,0.5471,0.001127
DuelingDQN,deceptive_grid,1,751,53442,-44.0,51,1,0.5467,0.001038
DuelingDQN,deceptive_grid,1,752,53460,-15.0,18,1,0.5466,0.000791
DuelingDQN,deceptive_grid,1,753,53478,-7.0,18,1,0.5464,0.000665
DuelingDQN,deceptive_grid,1,754,53522,-45.0,44,1,0.546,0.001773
DuelingDQN,deceptive_grid,1,755,53590,-61.0,68,1,0.5455,0.002258
DuelingDQN,deceptive_grid,1,756,53597,4.0,7,1,0.5454,0.001236
DuelingDQN,deceptive_grid,1,757,53640,-36.0,43,1,0.545,0.001836
DuelingDQN,deceptive_grid,1,758,53651,0.0,11,1,0.5449,0.001634
DuelingDQN,deceptive_grid,1,759,53701,-39.0,50,1,0.5445,0.001288
DuelingDQN,deceptive_grid,1,760,53712,0.0,11,1,0.5444,0.001213
DuelingDQN,deceptive_grid,1,761,53717,6.0,5,1,0.5444,0.000969
DuelingDQN,deceptive_grid,1,762,53747,-19.0,30,1,0.5441,0.0009
DuelingDQN,deceptive_grid,1,763,53777,-19.0,30,1,0.5439,0.00098
DuelingDQN,deceptive_grid,1,764,53801,-17.0,24,1,0.5437,0.00098
DuelingDQN,deceptive_grid,1,765,53841,-37.0,40,1,0.5433,0.000809
DuelingDQN,deceptive_grid,1,766,53866,-18.0,25,1,0.5431,0.001423
DuelingDQN,deceptive_grid,1,767,53899,-38.0,33,1,0.5428,0.001562
DuelingDQN,deceptive_grid,1,768,53904,6.0,5,1,0.5428,0.001988
DuelingDQN,deceptive_grid,1,769,53937,-34.0,33,1,0.5425,0.001373
DuelingDQN,deceptive_grid,1,770,53963,-23.0,26,1,0.5423,0.001978
DuelingDQN,deceptive_grid,1,771,54009,-51.0,46,1,0.5419,0.002361
DuelingDQN,deceptive_grid,1,772,54061,-41.0,52,1,0.5415,0.003407
DuelingDQN,deceptive_grid,1,773,54076,-4.0,15,1,0.5413,0.002818
DuelingDQN,deceptive_grid,1,774,54113,-30.0,37,1,0.541,0.003333
DuelingDQN,deceptive_grid,1,775,54140,-20.0,27,1,0.5408,0.003517
DuelingDQN,deceptive_grid,1,776,54168,-17.0,28,1,0.5405,0.002798
DuelingDQN,deceptive_grid,1,777,54179,-4.0,11,1,0.5405,0.002761
DuelingDQN,deceptive_grid,1,778,54238,-48.0,59,1,0.54,0.001955
DuelingDQN,deceptive_grid,1,779,54258,-17.0,20,1,0.5398,0.001889
DuelingDQN,deceptive_grid,1,780,54301,-48.0,43,1,0.5394,0.001536
DuelingDQN,deceptive_grid,1,781,54353,-41.0,52,1,0.539,0.001586
DuelingDQN,deceptive_grid,1,782,54402,-42.0,49,1,0.5386,0.001033
DuelingDQN,deceptive_grid,1,783,54443,-42.0,41,1,0.5382,0.000543
DuelingDQN,deceptive_grid,1,784,54465,-19.0,22,1,0.538,0.000496
DuelingDQN,deceptive_grid,1,785,54500,-24.0,35,1,0.5377,0.000685
DuelingDQN,deceptive_grid,1,786,54545,-38.0,45,1,0.5373,0.003198
DuelingDQN,deceptive_grid,1,787,54552,4.0,7,1,0.5373,0.003553
DuelingDQN,deceptive_grid,1,788,54576,-13.0,24,1,0.5371,0.002566
DuelingDQN,deceptive_grid,1,789,54587,0.0,11,1,0.537,0.001825
DuelingDQN,deceptive_grid,1,790,54610,-20.0,23,1,0.5368,0.002644
DuelingDQN,deceptive_grid,1,791,54648,-31.0,38,1,0.5365,0.002068
DuelingDQN,deceptive_grid,1,792,54687,-28.0,39,1,0.5361,0.001687
DuelingDQN,deceptive_grid,1,793,54767,-77.0,80,1,0.5355,0.001113
DuelingDQN,deceptive_grid,1,794,54791,-13.0,24,1,0.5353,0.000953
DuelingDQN,deceptive_grid,1,795,54838,-36.0,47,1,0.5349,0.001415
DuelingDQN,deceptive_grid,1,796,54873,-28.0,35,1,0.5346,0.0014
DuelingDQN,deceptive_grid,1,797,54913,-37.0,40,1,0.5342,0.000776
DuelingDQN,deceptive_grid,1,798,54971,-55.0,58,1,0.5337,0.000592
DuelingDQN,deceptive_grid,1,799,55021,-47.0,50,1,0.5333,0.00134
DuelingDQN,deceptive_grid,1,800,55054,-34.0,33,1,0.533,0.002636
DQN,deceptive_grid,2,1,200,-256.0,200,0,0.9983,
DQN,deceptive_grid,2,2,400,-228.0,200,0,0.9966,
DQN,deceptive_grid,2,3,600,-272.0,200,0,0.9949,
DQN,deceptive_grid,2,4,800,-292.0,200,0,0.9932,
DQN,deceptive_grid,2,5,1000,-320.0,200,0,0.9915,0.612521
DQN,deceptive_grid,2,6,1200,-332.0,200,0,0.9898,0.351253
DQN,deceptive_grid,2,7,1400,-212.0,200,0,0.9881,0.24864
DQN,deceptive_grid,2,8,1600,-252.0,200,0,0.9864,0.197037
DQN,deceptive_grid,2,9,1800,-224.0,200,0,0.9847,0.142782
DQN,deceptive_grid,2,10,2000,-320.0,200,0,0.983,0.138096
DQN,deceptive_grid,2,11,2200,-256.0,200,0,0.9813,0.135973
DQN,deceptive_grid,2,12,2400,-332.0,200,0,0.9796,0.126815
DQN,deceptive_grid,2,13,2600,-268.0,200,0,0.9779,0.13422
DQN,deceptive_grid,2,14,2762,-163.0,162,1,0.9766,0.106721
DQN,deceptive_grid,2,15,2901,-192.0,139,1,0.9754,0.11124
DQN,deceptive_grid,2,16,3101,-260.0,200,0,0.9737,0.11075
DQN,deceptive_grid,2,17,3301,-248.0,200,0,0.972,0.092131
DQN,deceptive_grid,2,18,3501,-308.0,200,0,0.9703,0.088566
DQN,deceptive_grid,2,19,3701,-228.0,200,0,0.9686,0.09281
DQN,deceptive_grid,2,20,3901,-244.0,200,0,0.9669,0.077448
DQN,deceptive_grid,2,21,4101,-264.0,200,0,0.9652,0.072776
DQN,deceptive_grid,2,22,4282,-258.0,181,1,0.9637,0.067171
DQN,deceptive_grid,2,23,4482,-324.0,200,0,0.962,0.058481
DQN,deceptive_grid,2,24,4682,-256.0,200,0,0.9603,0.069301
DQN,deceptive_grid,2,25,4732,-67.0,50,1,0.9599,0.058899
DQN,deceptive_grid,2,26,4932,-272.0,200,0,0.9582,0.060636
DQN,deceptive_grid,2,27,5132,-284.0,200,0,0.9565,0.068833
DQN,deceptive_grid,2,28,5332,-284.0,200,0,0.9548,0.055461
DQN,deceptive_grid,2,29,5532,-244.0,200,0,0.9531,0.059306
DQN,deceptive_grid,2,30,5732,-252.0,200,0,0.9514,0.049072
DQN,deceptive_grid,2,31,5932,-240.0,200,0,0.9497,0.048858
DQN,deceptive_grid,2,32,6067,-184.0,135,1,0.9485,0.058581
DQN,deceptive_grid,2,33,6125,-67.0,58,1,0.948,0.039619
DQN,deceptive_grid,2,34,6325,-236.0,200,0,0.9464,0.045798
DQN,deceptive_grid,2,35,6408,-104.0,83,1,0.9456,0.039914
DQN,deceptive_grid,2,36,6608,-228.0,200,0,0.9439,0.053007
DQN,deceptive_grid,2,37,6808,-276.0,200,0,0.9423,0.037749
DQN,deceptive_grid,2,38,7008,-256.0,200,0,0.9406,0.043231
DQN,deceptive_grid,2,39,7208,-240.0,200,0,0.9389,0.042536
DQN,deceptive_grid,2,40,7408,-260.0,200,0,0.9372,0.031365
DQN,deceptive_grid,2,41,7608,-316.0,200,0,0.9355,0.057159
DQN,deceptive_grid,2,42,7730,-131.0,122,1,0.9344,0.052839
DQN,deceptive_grid,2,43,7930,-244.0,200,0,0.9327,0.043887
DQN,deceptive_grid,2,44,8130,-260.0,200,0,0.931,0.048019
DQN,deceptive_grid,2,45,8204,-115.0,74,1,0.9304,0.036714
DQN,deceptive_grid,2,46,8404,-260.0,200,0,0.9287,0.041334
DQN,deceptive_grid,2,47,8456,-49.0,52,1,0.9283,0.029438
DQN,deceptive_grid,2,48,8656,-268.0,200,0,0.9266,0.062016
DQN,deceptive_grid,2,49,8727,-80.0,71,1,0.926,0.078204
DQN,deceptive_grid,2,50,8927,-248.0,200,0,0.9243,0.046165
DQN,deceptive_grid,2,51,8943,-5.0,16,1,0.9241,0.073682
DQN,deceptive_grid,2,52,8968,-34.0,25,1,0.9239,0.078276
DQN,deceptive_grid,2,53,9168,-288.0,200,0,0.9222,0.065541
DQN,deceptive_grid,2,54,9368,-268.0,200,0,0.9205,0.065886
DQN,deceptive_grid,2,55,9568,-252.0,200,0,0.9188,0.05755
DQN,deceptive_grid,2,56,9677,-142.0,109,1,0.9179,0.078082
DQN,deceptive_grid,2,57,9877,-292.0,200,0,0.9162,0.050635
DQN,deceptive_grid,2,58,10077,-300.0,200,0,0.9145,0.063338
DQN,deceptive_grid,2,59,10277,-236.0,200,0,0.9128,0.060331
DQN,deceptive_grid,2,60,10477,-296.0,200,0,0.9111,0.0678
DQN,deceptive_grid,2,61,10539,-63.0,62,1,0.9106,0.106212
DQN,deceptive_grid,2,62,10739,-220.0,200,0,0.9089,0.05354
DQN,deceptive_grid,2,63,10939,-256.0,200,0,0.9072,0.044372
DQN,deceptive_grid,2,64,11139,-260.0,200,0,0.9055,0.084261
DQN,deceptive_grid,2,65,11339,-236.0,200,0,0.9038,0.064634
DQN,deceptive_grid,2,66,11539,-240.0,200,0,0.9021,0.063586
DQN,deceptive_grid,2,67,11739,-252.0,200,0,0.9004,0.061595
DQN,deceptive_grid,2,68,11939,-264.0,200,0,0.8987,0.052711
DQN,deceptive_grid,2,69,12139,-272.0,200,0,0.897,0.078989
DQN,deceptive_grid,2,70,12339,-256.0,200,0,0.8953,0.05431
DQN,deceptive_grid,2,71,12539,-252.0,200,0,0.8936,0.066332
DQN,deceptive_grid,2,72,12739,-268.0,200,0,0.8919,0.055952
DQN,deceptive_grid,2,73,12939,-224.0,200,0,0.8902,0.058905
DQN,deceptive_grid,2,74,13139,-240.0,200,0,0.8886,0.063797
DQN,deceptive_grid,2,75,13185,-51.0,46,1,0.8882,0.032823
DQN,deceptive_grid,2,76,13385,-288.0,200,0,0.8865,0.049192
DQN,deceptive_grid,2,77,13569,-233.0,184,1,0.8849,0.075175
DQN,deceptive_grid,2,78,13698,-154.0,129,1,0.8838,0.06246
DQN,deceptive_grid,2,79,13898,-236.0,200,0,0.8821,0.059952
DQN,deceptive_grid,2,80,14098,-256.0,200,0,0.8804,0.060033
DQN,deceptive_grid,2,81,14298,-244.0,200,0,0.8787,0.079794
DQN,deceptive_grid,2,82,14498,-268.0,200,0,0.877,0.05163
DQN,deceptive_grid,2,83,14698,-228.0,200,0,0.8753,0.082897
DQN,deceptive_grid,2,84,14823,-146.0,125,1,0.8743,0.045081
DQN,deceptive_grid,2,85,15023,-280.0,200,0,0.8726,0.078636
DQN,deceptive_grid,2,86,15186,-244.0,163,1,0.8712,0.095512
DQN,deceptive_grid,2,87,15337,-188.0,151,1,0.8699,0.058656
DQN,deceptive_grid,2,88,15537,-276.0,200,0,0.8682,0.086451
DQN,deceptive_grid,2,89,15737,-240.0,200,0,0.8665,0.082617
DQN,deceptive_grid,2,90,15847,-151.0,110,1,0.8656,0.077874
DQN,deceptive_grid,2,91,16047,-260.0,200,0,0.8639,0.0851
DQN,deceptive_grid,2,92,16247,-284.0,200,0,0.8622,0.082464
DQN,deceptive_grid,2,93,16419,-185.0,172,1,0.8607,0.074719
DQN,deceptive_grid,2,94,16544,-150.0,125,1,0.8597,0.104517
DQN,deceptive_grid,2,95,16744,-272.0,200,0,0.858,0.068709
DQN,deceptive_grid,2,96,16944,-312.0,200,0,0.8563,0.08192
DQN,deceptive_grid,2,97,17144,-244.0,200,0,0.8546,0.07658
DQN,deceptive_grid,2,98,17344,-352.0,200,0,0.8529,0.071382
DQN,deceptive_grid,2,99,17544,-268.0,200,0,0.8512,0.089243
DQN,deceptive_grid,2,100,17744,-240.0,200,0,0.8495,0.072422
DQN,deceptive_grid,2,101,17944,-280.0,200,0,0.8478,0.068688
DQN,deceptive_grid,2,102,18144,-280.0,200,0,0.8461,0.088309
DQN,deceptive_grid,2,103,18261,-194.0,117,1,0.8451,0.08759
DQN,deceptive_grid,2,104,18461,-268.0,200,0,0.8434,0.079777
DQN,deceptive_grid,2,105,18661,-280.0,200,0,0.8417,0.071748
DQN,deceptive_grid,2,106,18695,-31.0,34,1,0.8414,0.063057
DQN,deceptive_grid,2,107,18895,-240.0,200,0,0.8397,0.074954
DQN,deceptive_grid,2,108,18985,-127.0,90,1,0.839,0.046244
DQN,deceptive_grid,2,109,19185,-240.0,200,0,0.8373,0.097658
DQN,deceptive_grid,2,110,19385,-264.0,200,0,0.8356,0.064338
DQN,deceptive_grid,2,111,19430,-54.0,45,1,0.8352,0.081645
DQN,deceptive_grid,2,112,19434,7.0,4,1,0.8352,0.042597
DQN,deceptive_grid,2,113,19447,-2.0,13,1,0.835,0.032691
DQN,deceptive_grid,2,114,19647,-284.0,200,0,0.8334,0.100036
DQN,deceptive_grid,2,115,19847,-248.0,200,0,0.8317,0.07905
DQN,deceptive_grid,2,116,19962,-136.0,115,1,0.8307,0.084456
DQN,deceptive_grid,2,117,20040,-79.0,78,1,0.83,0.084084
DQN,deceptive_grid,2,118,20240,-240.0,200,0,0.8283,0.086646
DQN,deceptive_grid,2,119,20440,-256.0,200,0,0.8266,0.071733
DQN,deceptive_grid,2,120,20640,-232.0,200,0,0.8249,0.073757
DQN,deceptive_grid,2,121,20660,-9.0,20,1,0.8248,0.041864
DQN,deceptive_grid,2,122,20860,-276.0,200,0,0.8231,0.104822
DQN,deceptive_grid,2,123,21060,-304.0,200,0,0.8214,0.086726
DQN,deceptive_grid,2,124,21260,-248.0,200,0,0.8197,0.096177
DQN,deceptive_grid,2,125,21375,-136.0,115,1,0.8187,0.093325
DQN,deceptive_grid,2,126,21575,-296.0,200,0,0.817,0.122936
DQN,deceptive_grid,2,127,21775,-252.0,200,0,0.8153,0.084115
DQN,deceptive_grid,2,128,21975,-244.0,200,0,0.8136,0.103366
DQN,deceptive_grid,2,129,22175,-256.0,200,0,0.8119,0.09884
DQN,deceptive_grid,2,130,22375,-268.0,200,0,0.8102,0.077652
DQN,deceptive_grid,2,131,22377,9.0,2,1,0.8102,0.347889
DQN,deceptive_grid,2,132,22402,-30.0,25,1,0.81,0.133143
DQN,deceptive_grid,2,133,22602,-256.0,200,0,0.8083,0.079058
DQN,deceptive_grid,2,134,22802,-236.0,200,0,0.8066,0.09186
DQN,deceptive_grid,2,135,23002,-228.0,200,0,0.8049,0.098807
DQN,deceptive_grid,2,136,23202,-320.0,200,0,0.8032,0.083621
DQN,deceptive_grid,2,137,23271,-78.0,69,1,0.8026,0.065129
DQN,deceptive_grid,2,138,23356,-86.0,85,1,0.8019,0.121239
DQN,deceptive_grid,2,139,23434,-127.0,78,1,0.8012,0.055283
DQN,deceptive_grid,2,140,23506,-97.0,72,1,0.8006,0.065293
DQN,deceptive_grid,2,141,23637,-188.0,131,1,0.7995,0.107219
DQN,deceptive_grid,2,142,23813,-241.0,176,1,0.798,0.116037
DQN,deceptive_grid,2,143,24013,-264.0,200,0,0.7963,0.092233
DQN,deceptive_grid,2,144,24058,-38.0,45,1,0.7959,0.13706
DQN,deceptive_grid,2,145,24083,-18.0,25,1,0.7957,0.057856
DQN,deceptive_grid,2,146,24213,-139.0,130,1,0.7946,0.116303
DQN,deceptive_grid,2,147,24383,-203.0,170,1,0.7932,0.09276
DQN,deceptive_grid,2,148,24418,-28.0,35,1,0.7929,0.101896
DQN,deceptive_grid,2,149,24484,-59.0,66,1,0.7923,0.117523
DQN,deceptive_grid,2,150,24620,-201.0,136,1,0.7912,0.104404
DQN,deceptive_grid,2,151,24820,-280.0,200,0,0.7895,0.113751
DQN,deceptive_grid,2,152,25020,-304.0,200,0,0.7878,0.098874
DQN,deceptive_grid,2,153,25220,-312.0,200,0,0.7861,0.100693
DQN,deceptive_grid,2,154,25352,-157.0,132,1,0.785,0.114199
DQN,deceptive_grid,2,155,25552,-264.0,200,0,0.7833,0.08371
DQN,deceptive_grid,2,156,25752,-212.0,200,0,0.7816,0.120197
DQN,deceptive_grid,2,157,25952,-252.0,200,0,0.7799,0.120532
DQN,deceptive_grid,2,158,26076,-145.0,124,1,0.7788,0.139474
DQN,deceptive_grid,2,159,26184,-133.0,108,1,0.7779,0.140809
DQN,deceptive_grid,2,160,26251,-80.0,67,1,0.7773,0.125898
DQN,deceptive_grid,2,161,26350,-92.0,99,1,0.7765,0.123672
DQN,deceptive_grid,2,162,26550,-312.0,200,0,0.7748,0.12917
DQN,deceptive_grid,2,163,26572,-15.0,22,1,0.7746,0.171963
DQN,deceptive_grid,2,164,26638,-71.0,66,1,0.7741,0.105322
DQN,deceptive_grid,2,165,26720,-87.0,82,1,0.7734,0.121807
DQN,deceptive_grid,2,166,26826,-135.0,106,1,0.7725,0.096431
DQN,deceptive_grid,2,167,26873,-48.0,47,1,0.7721,0.132419
DQN,deceptive_grid,2,168,26881,-5.0,8,1,0.772,0.05601
DQN,deceptive_grid,2,169,27014,-146.0,133,1,0.7709,0.148493
DQN,deceptive_grid,2,170,27214,-248.0,200,0,0.7692,0.116812
DQN,deceptive_grid,2,171,27355,-194.0,141,1,0.768,0.120242
DQN,deceptive_grid,2,172,27432,-70.0,77,1,0.7673,0.171149
DQN,deceptive_grid,2,173,27454,-15.0,22,1,0.7671,0.130282
DQN,deceptive_grid,2,174,27575,-134.0,121,1,0.7661,0.148975
DQN,deceptive_grid,2,175,27703,-137.0,128,1,0.765,0.133557
DQN,deceptive_grid,2,176,27738,-24.0,35,1,0.7647,0.105921
DQN,deceptive_grid,2,177,27938,-268.0,200,0,0.763,0.118113
DQN,deceptive_grid,2,178,28000,-59.0,62,1,0.7625,0.141171
DQN,deceptive_grid,2,179,28045,-38.0,45,1,0.7621,0.122159
DQN,deceptive_grid,2,180,28149,-101.0,104,1,0.7612,0.186454
DQN,deceptive_grid,2,181,28239,-119.0,90,1,0.7605,0.133527
DQN,deceptive_grid,2,182,28246,0.0,7,1,0.7604,0.128358
DQN,deceptive_grid,2,183,28307,-58.0,61,1,0.7599,0.1335
DQN,deceptive_grid,2,184,28463,-201.0,156,1,0.7586,0.147041
DQN,deceptive_grid,2,185,28663,-280.0,200,0,0.7569,0.158805
DQN,deceptive_grid,2,186,28863,-292.0,200,0,0.7552,0.149848
DQN,deceptive_grid,2,187,28919,-61.0,56,1,0.7547,0.128464
DQN,deceptive_grid,2,188,28967,-41.0,48,1,0.7543,0.144256
DQN,deceptive_grid,2,189,29021,-59.0,54,1,0.7538,0.193443
DQN,deceptive_grid,2,190,29221,-236.0,200,0,0.7521,0.166107
DQN,deceptive_grid,2,191,29288,-64.0,67,1,0.7516,0.153119
DQN,deceptive_grid,2,192,29386,-111.0,98,1,0.7507,0.131767
DQN,deceptive_grid,2,193,29414,-17.0,28,1,0.7505,0.103138
DQN,deceptive_grid,2,194,29501,-88.0,87,1,0.7498,0.182283
DQN,deceptive_grid,2,195,29554,-54.0,53,1,0.7493,0.195006
DQN,deceptive_grid,2,196,29754,-292.0,200,0,0.7476,0.176007
DQN,deceptive_grid,2,197,29820,-63.0,66,1,0.7471,0.128356
DQN,deceptive_grid,2,198,30020,-296.0,200,0,0.7454,0.147537
DQN,deceptive_grid,2,199,30062,-47.0,42,1,0.745,0.199595
DQN,deceptive_grid,2,200,30262,-240.0,200,0,0.7433,0.175437
DQN,deceptive_grid,2,201,30323,-66.0,61,1,0.7428,0.206609
DQN,deceptive_grid,2,202,30523,-268.0,200,0,0.7411,0.175015
DQN,deceptive_grid,2,203,30541,-7.0,18,1,0.7409,0.34143
DQN,deceptive_grid,2,204,30604,-56.0,63,1,0.7404,0.191347
DQN,deceptive_grid,2,205,30804,-252.0,200,0,0.7387,0.210715
DQN,deceptive_grid,2,206,30854,-59.0,50,1,0.7383,0.199417
DQN,deceptive_grid,2,207,30962,-129.0,108,1,0.7374,0.174405
DQN,deceptive_grid,2,208,31082,-141.0,120,1,0.7364,0.197071
DQN,deceptive_grid,2,209,31173,-120.0,91,1,0.7356,0.194998
DQN,deceptive_grid,2,210,31210,-26.0,37,1,0.7353,0.237835
DQN,deceptive_grid,2,211,31295,-102.0,85,1,0.7346,0.187529
DQN,deceptive_grid,2,212,31309,-3.0,14,1,0.7344,0.240347
DQN,deceptive_grid,2,213,31396,-92.0,87,1,0.7337,0.19546
DQN,deceptive_grid,2,214,31463,-84.0,67,1,0.7331,0.197647
DQN,deceptive_grid,2,215,31523,-65.0,60,1,0.7326,0.19606
DQN,deceptive_grid,2,216,31592,-62.0,69,1,0.732,0.230874
DQN,deceptive_grid,2,217,31601,-2.0,9,1,0.732,0.200845
DQN,deceptive_grid,2,218,31700,-104.0,99,1,0.7311,0.204212
DQN,deceptive_grid,2,219,31801,-118.0,101,1,0.7303,0.218071
DQN,deceptive_grid,2,220,31866,-66.0,65,1,0.7297,0.195281
DQN,deceptive_grid,2,221,31893,-28.0,27,1,0.7295,0.198092
DQN,deceptive_grid,2,222,32093,-292.0,200,0,0.7278,0.197147
DQN,deceptive_grid,2,223,32117,-25.0,24,1,0.7276,0.175268
DQN,deceptive_grid,2,224,32251,-147.0,134,1,0.7264,0.235582
DQN,deceptive_grid,2,225,32329,-83.0,78,1,0.7258,0.232989
DQN,deceptive_grid,2,226,32418,-118.0,89,1,0.725,0.248511
DQN,deceptive_grid,2,227,32480,-75.0,62,1,0.7245,0.22975
DQN,deceptive_grid,2,228,32533,-58.0,53,1,0.7241,0.248307
DQN,deceptive_grid,2,229,32541,-5.0,8,1,0.724,0.147585
DQN,deceptive_grid,2,230,32576,-32.0,35,1,0.7237,0.25353
DQN,deceptive_grid,2,231,32619,-36.0,43,1,0.7233,0.233778
DQN,deceptive_grid,2,232,32627,-1.0,8,1,0.7233,0.211705
DQN,deceptive_grid,2,233,32708,-74.0,81,1,0.7226,0.251796
DQN,deceptive_grid,2,234,32713,6.0,5,1,0.7225,0.403195
DQN,deceptive_grid,2,235,32787,-67.0,74,1,0.7219,0.215678
DQN,deceptive_grid,2,236,32887,-105.0,100,1,0.721,0.239649
DQN,deceptive_grid,2,237,32936,-42.0,49,1,0.7206,0.236427
DQN,deceptive_grid,2,238,32942,5.0,6,1,0.7206,0.229834
DQN,deceptive_grid,2,239,32963,-10.0,21,1,0.7204,0.313783
DQN,deceptive_grid,2,240,32995,-21.0,32,1,0.7201,0.228134
DQN,deceptive_grid,2,241,33007,-5.0,12,1,0.72,0.31573
DQN,deceptive_grid,2,242,33065,-55.0,58,1,0.7195,0.280342
DQN,deceptive_grid,2,243,33177,-113.0,112,1,0.7186,0.260321
DQN,deceptive_grid,2,244,33214,-50.0,37,1,0.7183,0.287568
DQN,deceptive_grid,2,245,33288,-67.0,74,1,0.7176,0.258787
DQN,deceptive_grid,2,246,33354,-63.0,66,1,0.7171,0.245351
DQN,deceptive_grid,2,247,33487,-154.0,133,1,0.716,0.281245
DQN,deceptive_grid,2,248,33543,-61.0,56,1,0.7155,0.276662
DQN,deceptive_grid,2,249,33658,-128.0,115,1,0.7145,0.268938
DQN,deceptive_grid,2,250,33858,-244.0,200,0,0.7128,0.246407
DQN,deceptive_grid,2,251,34058,-244.0,200,0,0.7111,0.259166
DQN,deceptive_grid,2,252,34061,8.0,3,1,0.7111,0.145561
DQN,deceptive_grid,2,253,34103,-39.0,42,1,0.7107,0.240821
DQN,deceptive_grid,2,254,34141,-35.0,38,1,0.7104,0.28434
DQN,deceptive_grid,2,255,34175,-31.0,34,1,0.7101,0.230812
DQN,deceptive_grid,2,256,34375,-272.0,200,0,0.7084,0.254685
DQN,deceptive_grid,2,257,34470,-104.0,95,1,0.7076,0.244594
DQN,deceptive_grid,2,258,34487,-14.0,17,1,0.7075,0.204602
DQN,deceptive_grid,2,259,34529,-43.0,42,1,0.7071,0.304003
DQN,deceptive_grid,2,260,34632,-108.0,103,1,0.7062,0.303635
DQN,deceptive_grid,2,261,34746,-119.0,114,1,0.7053,0.255893
DQN,deceptive_grid,2,262,34761,-8.0,15,1,0.7052,0.294454
DQN,deceptive_grid,2,263,34840,-80.0,79,1,0.7045,0.313536
DQN,deceptive_grid,2,264,35040,-276.0,200,0,0.7028,0.295224
DQN,deceptive_grid,2,265,35145,-122.0,105,1,0.7019,0.33377
DQN,deceptive_grid,2,266,35164,-20.0,19,1,0.7017,0.297972
DQN,deceptive_grid,2,267,35180,-9.0,16,1,0.7016,0.317093
DQN,deceptive_grid,2,268,35273,-94.0,93,1,0.7008,0.307334
DQN,deceptive_grid,2,269,35473,-332.0,200,0,0.6991,0.310336
DQN,deceptive_grid,2,270,35490,-14.0,17,1,0.699,0.315541
DQN,deceptive_grid,2,271,35509,-8.0,19,1,0.6988,0.393317
DQN,deceptive_grid,2,272,35554,-38.0,45,1,0.6984,0.362422
DQN,deceptive_grid,2,273,35641,-116.0,87,1,0.6977,0.333041
DQN,deceptive_grid,2,274,35660,-20.0,19,1,0.6975,0.284658
DQN,deceptive_grid,2,275,35689,-22.0,29,1,0.6973,0.348416
DQN,deceptive_grid,2,276,35889,-312.0,200,0,0.6956,0.331487
DQN,deceptive_grid,2,277,35964,-96.0,75,1,0.6949,0.355232
DQN,deceptive_grid,2,278,36083,-124.0,119,1,0.6939,0.404666
DQN,deceptive_grid,2,279,36139,-53.0,56,1,0.6935,0.393483
DQN,deceptive_grid,2,280,36176,-34.0,37,1,0.6931,0.324676
DQN,deceptive_grid,2,281,36216,-45.0,40,1,0.6928,0.395438
DQN,deceptive_grid,2,282,36289,-66.0,73,1,0.6922,0.324139
DQN,deceptive_grid,2,283,36356,-56.0,67,1,0.6916,0.352878
DQN,deceptive_grid,2,284,36505,-178.0,149,1,0.6904,0.368381
DQN,deceptive_grid,2,285,36608,-108.0,103,1,0.6895,0.443899
DQN,deceptive_grid,2,286,36615,0.0,7,1,0.6894,0.366133
DQN,deceptive_grid,2,287,36627,-1.0,12,1,0.6893,0.387946
DQN,deceptive_grid,2,288,36649,-19.0,22,1,0.6891,0.41272
DQN,deceptive_grid,2,289,36677,-25.0,28,1,0.6889,0.365541
DQN,deceptive_grid,2,290,36760,-80.0,83,1,0.6882,0.380714
DQN,deceptive_grid,2,291,36792,-25.0,32,1,0.6879,0.39165
DQN,deceptive_grid,2,292,36863,-72.0,71,1,0.6873,0.3729
DQN,deceptive_grid,2,293,36922,-68.0,59,1,0.6868,0.402667
DQN,deceptive_grid,2,294,36988,-55.0,66,1,0.6863,0.382438
DQN,deceptive_grid,2,295,37016,-17.0,28,1,0.686,0.531461
DQN,deceptive_grid,2,296,37035,-16.0,19,1,0.6859,0.537494
DQN,deceptive_grid,2,297,37107,-73.0,72,1,0.6853,0.469259
DQN,deceptive_grid,2,298,37228,-126.0,121,1,0.6842,0.402403
DQN,deceptive_grid,2,299,37309,-86.0,81,1,0.6835,0.402114
DQN,deceptive_grid,2,300,37313,7.0,4,1,0.6835,0.47329
DQN,deceptive_grid,2,301,37423,-107.0,110,1,0.6826,0.416387
DQN,deceptive_grid,2,302,37519,-113.0,96,1,0.6818,0.456726
DQN,deceptive_grid,2,303,37559,-33.0,40,1,0.6814,0.485176
DQN,deceptive_grid,2,304,37640,-90.0,81,1,0.6807,0.42307
DQN,deceptive_grid,2,305,37655,-4.0,15,1,0.6806,0.439327
DQN,deceptive_grid,2,306,37664,-6.0,9,1,0.6805,0.529681
DQN,deceptive_grid,2,307,37795,-140.0,131,1,0.6794,0.447989
DQN,deceptive_grid,2,308,37903,-117.0,108,1,0.6785,0.429477
DQN,deceptive_grid,2,309,37973,-87.0,70,1,0.6779,0.419012
DQN,deceptive_grid,2,310,38143,-239.0,170,1,0.6765,0.496296
DQN,deceptive_grid,2,311,38176,-26.0,33,1,0.6762,0.463154
DQN,deceptive_grid,2,312,38226,-39.0,50,1,0.6758,0.511491
DQN,deceptive_grid,2,313,38325,-108.0,99,1,0.6749,0.446206
DQN,deceptive_grid,2,314,38389,-73.0,64,1,0.6744,0.44345
DQN,deceptive_grid,2,315,38396,4.0,7,1,0.6743,0.543059
DQN,deceptive_grid,2,316,38442,-43.0,46,1,0.6739,0.413439
DQN,deceptive_grid,2,317,38509,-68.0,67,1,0.6734,0.477302
DQN,deceptive_grid,2,318,38551,-47.0,42,1,0.673,0.557917
DQN,deceptive_grid,2,319,38636,-86.0,85,1,0.6723,0.480764
DQN,deceptive_grid,2,320,38653,-6.0,17,1,0.6721,0.452994
DQN,deceptive_grid,2,321,38714,-54.0,61,1,0.6716,0.498836
DQN,deceptive_grid,2,322,38776,-67.0,62,1,0.6711,0.453964
DQN,deceptive_grid,2,323,38890,-135.0,114,1,0.6701,0.435118
DQN,deceptive_grid,2,324,38956,-75.0,66,1,0.6696,0.420288
DQN,deceptive_grid,2,325,39026,-79.0,70,1,0.669,0.510455
DQN,deceptive_grid,2,326,39082,-61.0,56,1,0.6685,0.471865
DQN,deceptive_grid,2,327,39148,-87.0,66,1,0.6679,0.462727
DQN,deceptive_grid,2,328,39224,-65.0,76,1,0.6673,0.460695
DQN,deceptive_grid,2,329,39292,-69.0,68,1,0.6667,0.454388
DQN,deceptive_grid,2,330,39369,-98.0,77,1,0.6661,0.476516
DQN,deceptive_grid,2,331,39473,-97.0,104,1,0.6652,0.46837
DQN,deceptive_grid,2,332,39489,-13.0,16,1,0.665,0.513129
DQN,deceptive_grid,2,333,39501,-5.0,12,1,0.6649,0.534931
DQN,deceptive_grid,2,334,39603,-99.0,102,1,0.6641,0.520375
DQN,deceptive_grid,2,335,39676,-62.0,73,1,0.6635,0.451312
DQN,deceptive_grid,2,336,39740,-77.0,64,1,0.6629,0.456269
DQN,deceptive_grid,2,337,39814,-79.0,74,1,0.6623,0.453373
DQN,deceptive_grid,2,338,39845,-36.0,31,1,0.662,0.415592
DQN,deceptive_grid,2,339,39868,-16.0,23,1,0.6618,0.488443
DQN,deceptive_grid,2,340,39939,-60.0,71,1,0.6612,0.416721
DQN,deceptive_grid,2,341,40020,-70.0,81,1,0.6605,0.51528
DQN,deceptive_grid,2,342,40084,-61.0,64,1,0.66,0.470631
DQN,deceptive_grid,2,343,40120,-25.0,36,1,0.6597,0.502087
DQN,deceptive_grid,2,344,40182,-55.0,62,1,0.6592,0.426711
DQN,deceptive_grid,2,345,40290,-109.0,108,1,0.6583,0.435849
DQN,deceptive_grid,2,346,40351,-54.0,61,1,0.6577,0.421287
DQN,deceptive_grid,2,347,40404,-54.0,53,1,0.6573,0.410464
DQN,deceptive_grid,2,348,40538,-159.0,134,1,0.6562,0.454868
DQN,deceptive_grid,2,349,40594,-53.0,56,1,0.6557,0.449287
DQN,deceptive_grid,2,350,40617,-12.0,23,1,0.6555,0.395971
DQN,deceptive_grid,2,351,40672,-44.0,55,1,0.655,0.43295
DQN,deceptive_grid,2,352,40746,-71.0,74,1,0.6544,0.415104
DQN,deceptive_grid,2,353,40794,-37.0,48,1,0.654,0.420388
DQN,deceptive_grid,2,354,40826,-21.0,32,1,0.6537,0.389441
DQN,deceptive_grid,2,355,40854,-17.0,28,1,0.6535,0.414625
DQN,deceptive_grid,2,356,40891,-26.0,37,1,0.6532,0.415407
DQN,deceptive_grid,2,357,40959,-61.0,68,1,0.6526,0.409761
DQN,deceptive_grid,2,358,41118,-192.0,159,1,0.6512,0.467195
DQN,deceptive_grid,2,359,41156,-31.0,38,1,0.6509,0.411605
DQN,deceptive_grid,2,360,41165,-2.0,9,1,0.6508,0.418405
DQN,deceptive_grid,2,361,41222,-58.0,57,1,0.6503,0.428758
DQN,deceptive_grid,2,362,41298,-73.0,76,1,0.6497,0.427267
DQN,deceptive_grid,2,363,41365,-56.0,67,1,0.6491,0.417864
DQN,deceptive_grid,2,364,41406,-30.0,41,1,0.6488,0.423984
DQN,deceptive_grid,2,365,41475,-58.0,69,1,0.6482,0.366784
DQN,deceptive_grid,2,366,41607,-129.0,132,1,0.6471,0.487907
DQN,deceptive_grid,2,367,41715,-109.0,108,1,0.6462,0.459262
DQN,deceptive_grid,2,368,41794,-80.0,79,1,0.6455,0.437061
DQN,deceptive_grid,2,369,41861,-68.0,67,1,0.6449,0.412952
DQN,deceptive_grid,2,370,41908,-36.0,47,1,0.6445,0.435201
DQN,deceptive_grid,2,371,41936,-21.0,28,1,0.6443,0.39559
DQN,deceptive_grid,2,372,41994,-47.0,58,1,0.6438,0.397186
DQN,deceptive_grid,2,373,42075,-74.0,81,1,0.6431,0.500448
DQN,deceptive_grid,2,374,42089,-3.0,14,1,0.643,0.398717
DQN,deceptive_grid,2,375,42148,-60.0,59,1,0.6425,0.412817
DQN,deceptive_grid,2,376,42247,-104.0,99,1,0.6417,0.415956
DQN,deceptive_grid,2,377,42325,-79.0,78,1,0.641,0.384998
DQN,deceptive_grid,2,378,42341,-5.0,16,1,0.6409,0.396253
DQN,deceptive_grid,2,379,42382,-30.0,41,1,0.6405,0.395387
DQN,deceptive_grid,2,380,42448,-71.0,66,1,0.64,0.384499
DQN,deceptive_grid,2,381,42462,-7.0,14,1,0.6398,0.346366
DQN,deceptive_grid,2,382,42471,-6.0,9,1,0.6398,0.443511
DQN,deceptive_grid,2,383,42489,-7.0,18,1,0.6396,0.368772
DQN,deceptive_grid,2,384,42580,-80.0,91,1,0.6388,0.506066
DQN,deceptive_grid,2,385,42658,-75.0,78,1,0.6382,0.456378
DQN,deceptive_grid,2,386,42699,-34.0,41,1,0.6378,0.447581
DQN,deceptive_grid,2,387,42747,-41.0,48,1,0.6374,0.380218
DQN,deceptive_grid,2,388,42805,-59.0,58,1,0.6369,0.371174
DQN,deceptive_grid,2,389,42899,-95.0,94,1,0.6361,0.378115
DQN,deceptive_grid,2,390,42970,-84.0,71,1,0.6355,0.375762
DQN,deceptive_grid,2,391,43037,-56.0,67,1,0.635,0.45956
DQN,deceptive_grid,2,392,43043,5.0,6,1,0.6349,0.441614
DQN,deceptive_grid,2,393,43084,-38.0,41,1,0.6346,0.452311
DQN,deceptive_grid,2,394,43139,-52.0,55,1,0.6341,0.392227
DQN,deceptive_grid,2,395,43188,-46.0,49,1,0.6337,0.408111
DQN,deceptive_grid,2,396,43325,-162.0,137,1,0.6325,0.387233
DQN,deceptive_grid,2,397,43374,-58.0,49,1,0.6321,0.374406
DQN,deceptive_grid,2,398,43449,-72.0,75,1,0.6315,0.368473
DQN,deceptive_grid,2,399,43542,-82.0,93,1,0.6307,0.452569
DQN,deceptive_grid,2,400,43594,-61.0,52,1,0.6302,0.451073
DQN,deceptive_grid,2,401,43653,-68.0,59,1,0.6297,0.397984
DQN,deceptive_grid,2,402,43785,-129.0,132,1,0.6286,0.383165
DQN,deceptive_grid,2,403,43825,-41.0,40,1,0.6283,0.389907
DQN,deceptive_grid,2,404,43897,-89.0,72,1,0.6277,0.411616
DQN,deceptive_grid,2,405,43931,-39.0,34,1,0.6274,0.386624
DQN,deceptive_grid,2,406,43980,-42.0,49,1,0.627,0.364477
DQN,deceptive_grid,2,407,44090,-107.0,110,1,0.626,0.457213
DQN,deceptive_grid,2,408,44163,-78.0,73,1,0.6254,0.412187
DQN,deceptive_grid,2,409,44172,-2.0,9,1,0.6253,0.417921
DQN,deceptive_grid,2,410,44238,-55.0,66,1,0.6248,0.419382
DQN,deceptive_grid,2,411,44297,-64.0,59,1,0.6243,0.376328
DQN,deceptive_grid,2,412,44345,-41.0,48,1,0.6239,0.385616
DQN,deceptive_grid,2,413,44377,-21.0,32,1,0.6236,0.412644
DQN,deceptive_grid,2,414,44420,-36.0,43,1,0.6232,0.36065
DQN,deceptive_grid,2,415,44430,1.0,10,1,0.6231,0.35305
DQN,deceptive_grid,2,416,44453,-16.0,23,1,0.6229,0.411051
DQN,deceptive_grid,2,417,44472,-12.0,19,1,0.6228,0.434032
DQN,deceptive_grid,2,418,44503,-24.0,31,1,0.6225,0.40865
DQN,deceptive_grid,2,419,44513,-3.0,10,1,0.6224,0.497999
DQN,deceptive_grid,2,420,44552,-28.0,39,1,0.6221,0.459077
DQN,deceptive_grid,2,421,44590,-31.0,38,1,0.6218,0.394771
DQN,deceptive_grid,2,422,44606,-17.0,16,1,0.6216,0.422267
DQN,deceptive_grid,2,423,44673,-76.0,67,1,0.6211,0.411899
DQN,deceptive_grid,2,424,44719,-39.0,46,1,0.6207,0.390399
DQN,deceptive_grid,2,425,44788,-58.0,69,1,0.6201,0.391885
DQN,deceptive_grid,2,426,44820,-37.0,32,1,0.6198,0.367872
DQN,deceptive_grid,2,427,44831,0.0,11,1,0.6197,0.406982
DQN,deceptive_grid,2,428,44855,-17.0,24,1,0.6195,0.335163
DQN,deceptive_grid,2,429,44874,-12.0,19,1,0.6194,0.358896
DQN,deceptive_grid,2,430,44915,-34.0,41,1,0.619,0.371803
DQN,deceptive_grid,2,431,44953,-27.0,38,1,0.6187,0.377403
DQN,deceptive_grid,2,432,45010,-50.0,57,1,0.6182,0.394394
DQN,deceptive_grid,2,433,45120,-127.0,110,1,0.6173,0.435057
DQN,deceptive_grid,2,434,45162,-39.0,42,1,0.6169,0.386237
DQN,deceptive_grid,2,435,45228,-63.0,66,1,0.6164,0.391112
DQN,deceptive_grid,2,436,45274,-43.0,46,1,0.616,0.402163
DQN,deceptive_grid,2,437,45372,-103.0,98,1,0.6151,0.378112
DQN,deceptive_grid,2,438,45479,-104.0,107,1,0.6142,0.382648
DQN,deceptive_grid,2,439,45573,-107.0,94,1,0.6134,0.428432
DQN,deceptive_grid,2,440,45668,-96.0,95,1,0.6126,0.411426
DQN,deceptive_grid,2,441,45775,-108.0,107,1,0.6117,0.379188
DQN,deceptive_grid,2,442,45828,-62.0,53,1,0.6113,0.403903
DQN,deceptive_grid,2,443,45888,-69.0,60,1,0.6108,0.355755
DQN,deceptive_grid,2,444,45980,-97.0,92,1,0.61,0.375214
DQN,deceptive_grid,2,445,45998,-23.0,18,1,0.6098,0.351556
DQN,deceptive_grid,2,446,46065,-60.0,67,1,0.6093,0.459448
DQN,deceptive_grid,2,447,46081,-9.0,16,1,0.6091,0.402667
DQN,deceptive_grid,2,448,46140,-60.0,59,1,0.6086,0.429365
DQN,deceptive_grid,2,449,46148,3.0,8,1,0.6086,0.418399
DQN,deceptive_grid,2,450,46161,-14.0,13,1,0.6085,0.413051
DQN,deceptive_grid,2,451,46216,-56.0,55,1,0.608,0.385226
DQN,deceptive_grid,2,452,46303,-88.0,87,1,0.6073,0.375291
DQN,deceptive_grid,2,453,46315,-1.0,12,1,0.6071,0.412129
DQN,deceptive_grid,2,454,46418,-112.0,103,1,0.6063,0.365361
DQN,deceptive_grid,2,455,46460,-51.0,42,1,0.6059,0.356574
DQN,deceptive_grid,2,456,46504,-37.0,44,1,0.6055,0.400695
DQN,deceptive_grid,2,457,46549,-38.0,45,1,0.6052,0.451188
DQN,deceptive_grid,2,458,46609,-61.0,60,1,0.6047,0.426038
DQN,deceptive_grid,2,459,46690,-82.0,81,1,0.604,0.382397
DQN,deceptive_grid,2,460,46730,-33.0,40,1,0.6036,0.397769
DQN,deceptive_grid,2,461,46792,-51.0,62,1,0.6031,0.387465
DQN,deceptive_grid,2,462,46846,-47.0,54,1,0.6026,0.355008
DQN,deceptive_grid,2,463,46920,-75.0,74,1,0.602,0.37762
DQN,deceptive_grid,2,464,46989,-78.0,69,1,0.6014,0.395345
DQN,deceptive_grid,2,465,47037,-45.0,48,1,0.601,0.425925
DQN,deceptive_grid,2,466,47124,-80.0,87,1,0.6003,0.391894
DQN,deceptive_grid,2,467,47192,-57.0,68,1,0.5997,0.379536
DQN,deceptive_grid,2,468,47240,-65.0,48,1,0.5993,0.373092
DQN,deceptive_grid,2,469,47288,-53.0,48,1,0.5989,0.365342
DQN,deceptive_grid,2,470,47347,-60.0,59,1,0.5984,0.373254
DQN,deceptive_grid,2,471,47401,-59.0,54,1,0.5979,0.357565
DQN,deceptive_grid,2,472,47443,-39.0,42,1,0.5976,0.351005
DQN,deceptive_grid,2,473,47491,-41.0,48,1,0.5972,0.349552
DQN,deceptive_grid,2,474,47553,-51.0,62,1,0.5966,0.383806
DQN,deceptive_grid,2,475,47625,-65.0,72,1,0.596,0.353364
DQN,deceptive_grid,2,476,47655,-23.0,30,1,0.5958,0.302839
DQN,deceptive_grid,2,477,47710,-48.0,55,1,0.5953,0.344847
DQN,deceptive_grid,2,478,47759,-42.0,49,1,0.5949,0.338575
DQN,deceptive_grid,2,479,47768,-2.0,9,1,0.5948,0.341796
DQN,deceptive_grid,2,480,47809,-46.0,41,1,0.5945,0.349681
DQN,deceptive_grid,2,481,47854,-50.0,45,1,0.5941,0.376887
DQN,deceptive_grid,2,482,47923,-74.0,69,1,0.5935,0.321928
DQN,deceptive_grid,2,483,47943,-9.0,20,1,0.5933,0.339112
DQN,deceptive_grid,2,484,47966,-16.0,23,1,0.5931,0.310047
DQN,deceptive_grid,2,485,48001,-28.0,35,1,0.5928,0.314766
DQN,deceptive_grid,2,486,48046,-34.0,45,1,0.5925,0.380561
DQN,deceptive_grid,2,487,48076,-23.0,30,1,0.5922,0.361383
DQN,deceptive_grid,2,488,48132,-57.0,56,1,0.5917,0.356743
DQN,deceptive_grid,2,489,48162,-19.0,30,1,0.5915,0.348895
DQN,deceptive_grid,2,490,48261,-104.0,99,1,0.5906,0.344881
DQN,deceptive_grid,2,491,48304,-32.0,43,1,0.5903,0.344849
DQN,deceptive_grid,2,492,48331,-28.0,27,1,0.59,0.364616
DQN,deceptive_grid,2,493,48385,-51.0,54,1,0.5896,0.33337
DQN,deceptive_grid,2,494,48437,-45.0,52,1,0.5892,0.320267
DQN,deceptive_grid,2,495,48513,-77.0,76,1,0.5885,0.337317
DQN,deceptive_grid,2,496,48565,-41.0,52,1,0.5881,0.327945
DQN,deceptive_grid,2,497,48572,4.0,7,1,0.588,0.348589
DQN,deceptive_grid,2,498,48621,-38.0,49,1,0.5876,0.320477
DQN,deceptive_grid,2,499,48635,-11.0,14,1,0.5875,0.290943
DQN,deceptive_grid,2,500,48687,-49.0,52,1,0.587,0.293672
DQN,deceptive_grid,2,501,48750,-56.0,63,1,0.5865,0.311387
DQN,deceptive_grid,2,502,48808,-59.0,58,1,0.586,0.307723
DQN,deceptive_grid,2,503,48820,-5.0,12,1,0.5859,0.280792
DQN,deceptive_grid,2,504,48881,-50.0,61,1,0.5854,0.292927
DQN,deceptive_grid,2,505,48920,-32.0,39,1,0.5851,0.310795
DQN,deceptive_grid,2,506,48957,-30.0,37,1,0.5847,0.298516
DQN,deceptive_grid,2,507,48997,-33.0,40,1,0.5844,0.301775
DQN,deceptive_grid,2,508,49077,-89.0,80,1,0.5837,0.365712
DQN,deceptive_grid,2,509,49108,-20.0,31,1,0.5835,0.27035
DQN,deceptive_grid,2,510,49175,-56.0,67,1,0.5829,0.275139
DQN,deceptive_grid,2,511,49234,-52.0,59,1,0.5824,0.314548
DQN,deceptive_grid,2,512,49279,-34.0,45,1,0.582,0.269944
DQN,deceptive_grid,2,513,49349,-59.0,70,1,0.5814,0.28068
DQN,deceptive_grid,2,514,49436,-76.0,87,1,0.5807,0.276544
DQN,deceptive_grid,2,515,49485,-46.0,49,1,0.5803,0.319387
DQN,deceptive_grid,2,516,49502,-6.0,17,1,0.5801,0.33008
DQN,deceptive_grid,2,517,49532,-27.0,30,1,0.5799,0.371012
DQN,deceptive_grid,2,518,49595,-72.0,63,1,0.5793,0.297496
DQN,deceptive_grid,2,519,49603,-1.0,8,1,0.5793,0.279266
DQN,deceptive_grid,2,520,49645,-35.0,42,1,0.5789,0.288553
DQN,deceptive_grid,2,521,49758,-102.0,113,1,0.5779,0.26159
DQN,deceptive_grid,2,522,49813,-48.0,55,1,0.5775,0.256346
DQN,deceptive_grid,2,523,49890,-70.0,77,1,0.5768,0.224841
DQN,deceptive_grid,2,524,49938,-37.0,48,1,0.5764,0.259363
DQN,deceptive_grid,2,525,49945,4.0,7,1,0.5764,0.253754
DQN,deceptive_grid,2,526,49957,-1.0,12,1,0.5763,0.233585
DQN,deceptive_grid,2,527,50023,-67.0,66,1,0.5757,0.27087
DQN,deceptive_grid,2,528,50061,-31.0,38,1,0.5754,0.325036
DQN,deceptive_grid,2,529,50086,-18.0,25,1,0.5752,0.285428
DQN,deceptive_grid,2,530,50143,-50.0,57,1,0.5747,0.25545
DQN,deceptive_grid,2,531,50183,-29.0,40,1,0.5743,0.275365
DQN,deceptive_grid,2,532,50264,-82.0,81,1,0.5737,0.22056
DQN,deceptive_grid,2,533,50274,1.0,10,1,0.5736,0.246219
DQN,deceptive_grid,2,534,50294,-9.0,20,1,0.5734,0.231859
DQN,deceptive_grid,2,535,50348,-47.0,54,1,0.5729,0.230325
DQN,deceptive_grid,2,536,50382,-23.0,34,1,0.5727,0.234809
DQN,deceptive_grid,2,537,50423,-34.0,41,1,0.5723,0.21338
DQN,deceptive_grid,2,538,50457,-23.0,34,1,0.572,0.259985
DQN,deceptive_grid,2,539,50523,-63.0,66,1,0.5715,0.288036
DQN,deceptive_grid,2,540,50564,-34.0,41,1,0.5711,0.276008
DQN,deceptive_grid,2,541,50584,-9.0,20,1,0.5709,0.246065
DQN,deceptive_grid,2,542,50659,-72.0,75,1,0.5703,0.258582
DQN,deceptive_grid,2,543,50757,-91.0,98,1,0.5695,0.226697
DQN,deceptive_grid,2,544,50851,-99.0,94,1,0.5687,0.220724
DQN,deceptive_grid,2,545,50949,-87.0,98,1,0.5678,0.213064
DQN,deceptive_grid,2,546,50976,-16.0,27,1,0.5676,0.22785
DQN,deceptive_grid,2,547,51033,-46.0,57,1,0.5671,0.284544
DQN,deceptive_grid,2,548,51087,-59.0,54,1,0.5667,0.221852
DQN,deceptive_grid,2,549,51117,-27.0,30,1,0.5664,0.202255
DQN,deceptive_grid,2,550,51183,-71.0,66,1,0.5659,0.206961
DQN,deceptive_grid,2,551,51212,-22.0,29,1,0.5656,0.202191
DQN,deceptive_grid,2,552,51215,8.0,3,1,0.5656,0.164236
DQN,deceptive_grid,2,553,51289,-83.0,74,1,0.565,0.202627
DQN,deceptive_grid,2,554,51378,-90.0,89,1,0.5642,0.19667
DQN,deceptive_grid,2,555,51430,-41.0,52,1,0.5638,0.186833
DQN,deceptive_grid,2,556,51471,-34.0,41,1,0.5634,0.206955
DQN,deceptive_grid,2,557,51525,-47.0,54,1,0.563,0.246649
DQN,deceptive_grid,2,558,51573,-41.0,48,1,0.5626,0.222898
DQN,deceptive_grid,2,559,51621,-37.0,48,1,0.5621,0.213748
DQN,deceptive_grid,2,560,51697,-73.0,76,1,0.5615,0.190593
DQN,deceptive_grid,2,561,51733,-37.0,36,1,0.5612,0.186918
DQN,deceptive_grid,2,562,51765,-21.0,32,1,0.5609,0.182739
DQN,deceptive_grid,2,563,51798,-22.0,33,1,0.5606,0.17723
DQN,deceptive_grid,2,564,51814,-13.0,16,1,0.5605,0.203244
DQN,deceptive_grid,2,565,51866,-57.0,52,1,0.5601,0.19545
DQN,deceptive_grid,2,566,51890,-13.0,24,1,0.5599,0.204578
DQN,deceptive_grid,2,567,51904,-11.0,14,1,0.5597,0.17869
DQN,deceptive_grid,2,568,51927,-12.0,23,1,0.5595,0.191304
DQN,deceptive_grid,2,569,51933,5.0,6,1,0.5595,0.198132
DQN,deceptive_grid,2,570,51993,-49.0,60,1,0.559,0.172907
DQN,deceptive_grid,2,571,52079,-83.0,86,1,0.5583,0.223353
DQN,deceptive_grid,2,572,52123,-37.0,44,1,0.5579,0.181069
DQN,deceptive_grid,2,573,52176,-46.0,53,1,0.5574,0.185504
DQN,deceptive_grid,2,574,52270,-103.0,94,1,0.5566,0.170561
DQN,deceptive_grid,2,575,52288,-11.0,18,1,0.5565,0.157673
DQN,deceptive_grid,2,576,52332,-45.0,44,1,0.5561,0.154445
DQN,deceptive_grid,2,577,52369,-30.0,37,1,0.5558,0.145692
DQN,deceptive_grid,2,578,52389,-13.0,20,1,0.5556,0.146995
DQN,deceptive_grid,2,579,52464,-76.0,75,1,0.555,0.162684
DQN,deceptive_grid,2,580,52542,-75.0,78,1,0.5543,0.185709
DQN,deceptive_grid,2,581,52690,-185.0,148,1,0.5531,0.166244
DQN,deceptive_grid,2,582,52730,-33.0,40,1,0.5527,0.165789
DQN,deceptive_grid,2,583,52758,-25.0,28,1,0.5525,0.152121
DQN,deceptive_grid,2,584,52816,-51.0,58,1,0.552,0.161938
DQN,deceptive_grid,2,585,52874,-59.0,58,1,0.5515,0.145802
DQN,deceptive_grid,2,586,52928,-47.0,54,1,0.5511,0.146082
DQN,deceptive_grid,2,587,52948,-9.0,20,1,0.5509,0.145341
DQN,deceptive_grid,2,588,52996,-49.0,48,1,0.5505,0.160063
DQN,deceptive_grid,2,589,53053,-50.0,57,1,0.55,0.166281
DQN,deceptive_grid,2,590,53114,-58.0,61,1,0.5495,0.132683
DQN,deceptive_grid,2,591,53133,-8.0,19,1,0.5493,0.135622
DQN,deceptive_grid,2,592,53182,-38.0,49,1,0.5489,0.136887
DQN,deceptive_grid,2,593,53238,-45.0,56,1,0.5484,0.139245
DQN,deceptive_grid,2,594,53292,-43.0,54,1,0.548,0.134038
DQN,deceptive_grid,2,595,53352,-61.0,60,1,0.5475,0.121248
DQN,deceptive_grid,2,596,53398,-35.0,46,1,0.5471,0.110785
DQN,deceptive_grid,2,597,53542,-177.0,144,1,0.5458,0.131658
DQN,deceptive_grid,2,598,53554,-1.0,12,1,0.5457,0.101262
DQN,deceptive_grid,2,599,53678,-137.0,124,1,0.5447,0.114948
DQN,deceptive_grid,2,600,53686,3.0,8,1,0.5446,0.115942
DQN,deceptive_grid,2,601,53731,-50.0,45,1,0.5442,0.115755
DQN,deceptive_grid,2,602,53767,-33.0,36,1,0.5439,0.118382
DQN,deceptive_grid,2,603,53809,-55.0,42,1,0.5436,0.109547
DQN,deceptive_grid,2,604,53831,-19.0,22,1,0.5434,0.111028
DQN,deceptive_grid,2,605,53847,-5.0,16,1,0.5433,0.117898
DQN,deceptive_grid,2,606,53885,-27.0,38,1,0.5429,0.103607
DQN,deceptive_grid,2,607,53900,-4.0,15,1,0.5428,0.090053
DQN,deceptive_grid,2,608,54100,-264.0,200,0,0.5411,0.108842
DQN,deceptive_grid,2,609,54146,-51.0,46,1,0.5407,0.096786
DQN,deceptive_grid,2,610,54149,8.0,3,1,0.5407,0.108497
DQN,deceptive_grid,2,611,54164,-8.0,15,1,0.5406,0.102599
DQN,deceptive_grid,2,612,54172,3.0,8,1,0.5405,0.085395
DQN,deceptive_grid,2,613,54372,-268.0,200,0,0.5388,0.092498
DQN,deceptive_grid,2,614,54407,-28.0,35,1,0.5385,0.090164
DQN,deceptive_grid,2,615,54477,-67.0,70,1,0.5379,0.083463
DQN,deceptive_grid,2,616,54615,-163.0,138,1,0.5367,0.090841
DQN,deceptive_grid,2,617,54631,-5.0,16,1,0.5366,0.0891
DQN,deceptive_grid,2,618,54704,-66.0,73,1,0.536,0.07869
DQN,deceptive_grid,2,619,54880,-225.0,176,1,0.5345,0.080145
DQN,deceptive_grid,2,620,54899,-16.0,19,1,0.5343,0.088564
DQN,deceptive_grid,2,621,54912,-10.0,13,1,0.5342,0.083232
DQN,deceptive_grid,2,622,55002,-103.0,90,1,0.5335,0.075441
DQN,deceptive_grid,2,623,55053,-48.0,51,1,0.533,0.102006
DQN,deceptive_grid,2,624,55069,-5.0,16,1,0.5329,0.100392
DQN,deceptive_grid,2,625,55071,9.0,2,1,0.5329,0.115321
DQN,deceptive_grid,2,626,55179,-121.0,108,1,0.532,0.076098
DQN,deceptive_grid,2,627,55232,-54.0,53,1,0.5315,0.080876
DQN,deceptive_grid,2,628,55256,-13.0,24,1,0.5313,0.077022
DQN,deceptive_grid,2,629,55295,-32.0,39,1,0.531,0.070311
DQN,deceptive_grid,2,630,55340,-42.0,45,1,0.5306,0.073903
DQN,deceptive_grid,2,631,55446,-103.0,106,1,0.5297,0.068355
DQN,deceptive_grid,2,632,55479,-38.0,33,1,0.5294,0.072698
DQN,deceptive_grid,2,633,55480,10.0,1,1,0.5294,0.071513
DQN,deceptive_grid,2,634,55494,-3.0,14,1,0.5293,0.065644
DQN,deceptive_grid,2,635,55522,-25.0,28,1,0.5291,0.100489
DQN,deceptive_grid,2,636,55563,-30.0,41,1,0.5287,0.088977
DQN,deceptive_grid,2,637,55597,-27.0,34,1,0.5284,0.081032
DQN,deceptive_grid,2,638,55622,-18.0,25,1,0.5282,0.074672
DQN,deceptive_grid,2,639,55651,-26.0,29,1,0.528,0.067799
DQN,deceptive_grid,2,640,55659,3.0,8,1,0.5279,0.064767
DQN,deceptive_grid,2,641,55671,-1.0,12,1,0.5278,0.065391
DQN,deceptive_grid,2,642,55704,-22.0,33,1,0.5275,0.064618
DQN,deceptive_grid,2,643,55731,-16.0,27,1,0.5273,0.071273
DQN,deceptive_grid,2,644,55773,-31.0,42,1,0.5269,0.071737
DQN,deceptive_grid,2,645,55811,-39.0,38,1,0.5266,0.069383
DQN,deceptive_grid,2,646,55824,-2.0,13,1,0.5265,0.060993
DQN,deceptive_grid,2,647,55850,-19.0,26,1,0.5263,0.066577
DQN,deceptive_grid,2,648,55881,-28.0,31,1,0.526,0.066829
DQN,deceptive_grid,2,649,55902,-14.0,21,1,0.5258,0.065525
DQN,deceptive_grid,2,650,55962,-53.0,60,1,0.5253,0.067498
DQN,deceptive_grid,2,651,56008,-39.0,46,1,0.5249,0.068491
DQN,deceptive_grid,2,652,56034,-19.0,26,1,0.5247,0.082607
DQN,deceptive_grid,2,653,56051,-10.0,17,1,0.5246,0.066249
DQN,deceptive_grid,2,654,56053,9.0,2,1,0.5246,0.062131
DQN,deceptive_grid,2,655,56087,-43.0,34,1,0.5243,0.071523
DQN,deceptive_grid,2,656,56110,-20.0,23,1,0.5241,0.072357
DQN,deceptive_grid,2,657,56144,-31.0,34,1,0.5238,0.062282
DQN,deceptive_grid,2,658,56169,-30.0,25,1,0.5236,0.059562
DQN,deceptive_grid,2,659,56176,4.0,7,1,0.5235,0.055617
DQN,deceptive_grid,2,660,56182,1.0,6,1,0.5235,0.060253
DQN,deceptive_grid,2,661,56246,-81.0,64,1,0.5229,0.066448
DQN,deceptive_grid,2,662,56314,-69.0,68,1,0.5223,0.060703
DQN,deceptive_grid,2,663,56377,-64.0,63,1,0.5218,0.065315
DQN,deceptive_grid,2,664,56442,-58.0,65,1,0.5213,0.063425
DQN,deceptive_grid,2,665,56518,-97.0,76,1,0.5206,0.063466
DQN,deceptive_grid,2,666,56523,6.0,5,1,0.5206,0.083713
DQN,deceptive_grid,2,667,56533,-11.0,10,1,0.5205,0.077401
DQN,deceptive_grid,2,668,56564,-20.0,31,1,0.5202,0.076753
DQN,deceptive_grid,2,669,56577,-10.0,13,1,0.5201,0.070905
DQN,deceptive_grid,2,670,56612,-40.0,35,1,0.5198,0.070909
DQN,deceptive_grid,2,671,56630,-7.0,18,1,0.5197,0.078401
DQN,deceptive_grid,2,672,56674,-37.0,44,1,0.5193,0.077601
DQN,deceptive_grid,2,673,56722,-37.0,48,1,0.5189,0.06805
DQN,deceptive_grid,2,674,56751,-22.0,29,1,0.5186,0.064728
DQN,deceptive_grid,2,675,56779,-17.0,28,1,0.5184,0.057877
DQN,deceptive_grid,2,676,56800,-14.0,21,1,0.5182,0.064292
DQN,deceptive_grid,2,677,56830,-19.0,30,1,0.518,0.064519
DQN,deceptive_grid,2,678,56878,-49.0,48,1,0.5176,0.062501
DQN,deceptive_grid,2,679,56900,-11.0,22,1,0.5174,0.058598
DQN,deceptive_grid,2,680,56908,3.0,8,1,0.5173,0.056507
DQN,deceptive_grid,2,681,56933,-18.0,25,1,0.5171,0.054628
DQN,deceptive_grid,2,682,56958,-18.0,25,1,0.5169,0.056796
DQN,deceptive_grid,2,683,56961,8.0,3,1,0.5168,0.064794
DQN,deceptive_grid,2,684,56974,-2.0,13,1,0.5167,0.054737
DQN,deceptive_grid,2,685,57019,-38.0,45,1,0.5164,0.069928
DQN,deceptive_grid,2,686,57068,-42.0,49,1,0.5159,0.067472
DQN,deceptive_grid,2,687,57081,-2.0,13,1,0.5158,0.078245
DQN,deceptive_grid,2,688,57098,-6.0,17,1,0.5157,0.069204
DQN,deceptive_grid,2,689,57134,-29.0,36,1,0.5154,0.071962
DQN,deceptive_grid,2,690,57164,-23.0,30,1,0.5151,0.064015
DQN,deceptive_grid,2,691,57174,-3.0,10,1,0.515,0.06165
DQN,deceptive_grid,2,692,57202,-21.0,28,1,0.5148,0.060645
DQN,deceptive_grid,2,693,57204,9.0,2,1,0.5148,0.072726
DQN,deceptive_grid,2,694,57245,-42.0,41,1,0.5144,0.065127
DQN,deceptive_grid,2,695,57268,-12.0,23,1,0.5142,0.067372
DQN,deceptive_grid,2,696,57355,-84.0,87,1,0.5135,0.060797
DQN,deceptive_grid,2,697,57390,-24.0,35,1,0.5132,0.059647
DQN,deceptive_grid,2,698,57433,-40.0,43,1,0.5128,0.061781
DQN,deceptive_grid,2,699,57453,-25.0,20,1,0.5127,0.05648
DQN,deceptive_grid,2,700,57531,-67.0,78,1,0.512,0.07073
DQN,deceptive_grid,2,701,57536,6.0,5,1,0.512,0.05948
DQN,deceptive_grid,2,702,57559,-12.0,23,1,0.5118,0.071462
DQN,deceptive_grid,2,703,57605,-51.0,46,1,0.5114,0.067515
DQN,deceptive_grid,2,704,57630,-14.0,25,1,0.5112,0.067473
DQN,deceptive_grid,2,705,57667,-38.0,37,1,0.5109,0.067508
DQN,deceptive_grid,2,706,57715,-49.0,48,1,0.5105,0.061167
DQN,deceptive_grid,2,707,57731,-9.0,16,1,0.5103,0.056979
DQN,deceptive_grid,2,708,57740,2.0,9,1,0.5102,0.06739
DQN,deceptive_grid,2,709,57775,-24.0,35,1,0.5099,0.056263
DQN,deceptive_grid,2,710,57787,-1.0,12,1,0.5098,0.054757
DQN,deceptive_grid,2,711,57852,-74.0,65,1,0.5093,0.056106
DQN,deceptive_grid,2,712,57877,-26.0,25,1,0.5091,0.057697
DQN,deceptive_grid,2,713,57896,-8.0,19,1,0.5089,0.054314
DQN,deceptive_grid,2,714,57928,-25.0,32,1,0.5086,0.055335
DQN,deceptive_grid,2,715,57946,-11.0,18,1,0.5085,0.052543
DQN,deceptive_grid,2,716,57967,-18.0,21,1,0.5083,0.046778
DQN,deceptive_grid,2,717,57982,-12.0,15,1,0.5082,0.048999
DQN,deceptive_grid,2,718,58002,-9.0,20,1,0.508,0.049945
DQN,deceptive_grid,2,719,58019,-10.0,17,1,0.5079,0.078034
DQN,deceptive_grid,2,720,58045,-19.0,26,1,0.5077,0.074815
DQN,deceptive_grid,2,721,58057,-1.0,12,1,0.5076,0.079422
DQN,deceptive_grid,2,722,58066,-2.0,9,1,0.5075,0.069165
DQN,deceptive_grid,2,723,58086,-9.0,20,1,0.5073,0.061559
DQN,deceptive_grid,2,724,58133,-40.0,47,1,0.5069,0.058532
DQN,deceptive_grid,2,725,58174,-38.0,41,1,0.5066,0.070457
DQN,deceptive_grid,2,726,58178,3.0,4,1,0.5065,0.060235
DQN,deceptive_grid,2,727,58195,-6.0,17,1,0.5064,0.063177
DQN,deceptive_grid,2,728,58210,-4.0,15,1,0.5063,0.063344
DQN,deceptive_grid,2,729,58252,-31.0,42,1,0.5059,0.061117
DQN,deceptive_grid,2,730,58335,-88.0,83,1,0.5052,0.055946
DQN,deceptive_grid,2,731,58379,-33.0,44,1,0.5048,0.04899
DQN,deceptive_grid,2,732,58395,-13.0,16,1,0.5047,0.050505
DQN,deceptive_grid,2,733,58407,-9.0,12,1,0.5046,0.04382
DQN,deceptive_grid,2,734,58423,-9.0,16,1,0.5044,0.051447
DQN,deceptive_grid,2,735,58438,-8.0,15,1,0.5043,0.060573
DQN,deceptive_grid,2,736,58449,0.0,11,1,0.5042,0.05144
DQN,deceptive_grid,2,737,58461,-1.0,12,1,0.5041,0.048166
DQN,deceptive_grid,2,738,58465,7.0,4,1,0.5041,0.069463
DQN,deceptive_grid,2,739,58498,-22.0,33,1,0.5038,0.05192
DQN,deceptive_grid,2,740,58529,-20.0,31,1,0.5035,0.092977
DQN,deceptive_grid,2,741,58547,-11.0,18,1,0.5034,0.080063
DQN,deceptive_grid,2,742,58590,-48.0,43,1,0.503,0.072674
DQN,deceptive_grid,2,743,58600,1.0,10,1,0.5029,0.071789
DQN,deceptive_grid,2,744,58607,4.0,7,1,0.5029,0.056334
DQN,deceptive_grid,2,745,58609,9.0,2,1,0.5029,0.044627
DQN,deceptive_grid,2,746,58643,-23.0,34,1,0.5026,0.060484
DQN,deceptive_grid,2,747,58693,-43.0,50,1,0.5022,0.058272
DQN,deceptive_grid,2,748,58720,-20.0,27,1,0.5019,0.060727
DQN,deceptive_grid,2,749,58749,-18.0,29,1,0.5017,0.058443
DQN,deceptive_grid,2,750,58753,3.0,4,1,0.5016,0.048788
DQN,deceptive_grid,2,751,58766,-14.0,13,1,0.5015,0.052472
DQN,deceptive_grid,2,752,58781,-4.0,15,1,0.5014,0.072084
DQN,deceptive_grid,2,753,58795,-3.0,14,1,0.5013,0.062075
DQN,deceptive_grid,2,754,58807,-1.0,12,1,0.5012,0.058326
DQN,deceptive_grid,2,755,58826,-20.0,19,1,0.501,0.059427
DQN,deceptive_grid,2,756,58843,-10.0,17,1,0.5009,0.054632
DQN,deceptive_grid,2,757,58867,-13.0,24,1,0.5007,0.059944
DQN,deceptive_grid,2,758,58904,-34.0,37,1,0.5004,0.050542
DQN,deceptive_grid,2,759,58950,-39.0,46,1,0.5,0.054107
DQN,deceptive_grid,2,760,58966,-5.0,16,1,0.4998,0.0578
DQN,deceptive_grid,2,761,59016,-39.0,50,1,0.4994,0.063558
DQN,deceptive_grid,2,762,59040,-13.0,24,1,0.4992,0.089338
DQN,deceptive_grid,2,763,59083,-44.0,43,1,0.4988,0.067722
DQN,deceptive_grid,2,764,59112,-18.0,29,1,0.4986,0.067554
DQN,deceptive_grid,2,765,59182,-71.0,70,1,0.498,0.065777
DQN,deceptive_grid,2,766,59226,-33.0,44,1,0.4976,0.064791
DQN,deceptive_grid,2,767,59235,2.0,9,1,0.4976,0.067031
DQN,deceptive_grid,2,768,59299,-53.0,64,1,0.497,0.062289
DQN,deceptive_grid,2,769,59338,-28.0,39,1,0.4967,0.064445
DQN,deceptive_grid,2,770,59375,-26.0,37,1,0.4964,0.06094
DQN,deceptive_grid,2,771,59405,-27.0,30,1,0.4961,0.05297
DQN,deceptive_grid,2,772,59413,3.0,8,1,0.4961,0.068491
DQN,deceptive_grid,2,773,59445,-33.0,32,1,0.4958,0.066506
DQN,deceptive_grid,2,774,59485,-41.0,40,1,0.4954,0.054479
DQN,deceptive_grid,2,775,59527,-35.0,42,1,0.4951,0.072344
DQN,deceptive_grid,2,776,59567,-33.0,40,1,0.4947,0.072218
DQN,deceptive_grid,2,777,59576,2.0,9,1,0.4947,0.065601
DQN,deceptive_grid,2,778,59623,-48.0,47,1,0.4943,0.064511
DQN,deceptive_grid,2,779,59647,-13.0,24,1,0.4941,0.056833
DQN,deceptive_grid,2,780,59685,-27.0,38,1,0.4937,0.061651
DQN,deceptive_grid,2,781,59729,-45.0,44,1,0.4934,0.063837
DQN,deceptive_grid,2,782,59791,-59.0,62,1,0.4928,0.064039
DQN,deceptive_grid,2,783,59807,-9.0,16,1,0.4927,0.048874
DQN,deceptive_grid,2,784,59822,-8.0,15,1,0.4926,0.052695
DQN,deceptive_grid,2,785,59859,-34.0,37,1,0.4923,0.05665
DQN,deceptive_grid,2,786,59863,7.0,4,1,0.4922,0.036413
DQN,deceptive_grid,2,787,59904,-38.0,41,1,0.4919,0.064087
DQN,deceptive_grid,2,788,59956,-41.0,52,1,0.4914,0.055975
DQN,deceptive_grid,2,789,59990,-31.0,34,1,0.4912,0.05034
DQN,deceptive_grid,2,790,59993,8.0,3,1,0.4911,0.046984
DQN,deceptive_grid,2,791,60007,-15.0,14,1,0.491,0.075475
DQN,deceptive_grid,2,792,60027,-13.0,20,1,0.4908,0.083703
DQN,deceptive_grid,2,793,60036,-2.0,9,1,0.4908,0.091239
DQN,deceptive_grid,2,794,60068,-29.0,32,1,0.4905,0.081647
DQN,deceptive_grid,2,795,60125,-46.0,57,1,0.49,0.072278
DQN,deceptive_grid,2,796,60160,-24.0,35,1,0.4897,0.072704
DQN,deceptive_grid,2,797,60161,10.0,1,1,0.4897,0.047498
DQN,deceptive_grid,2,798,60177,-9.0,16,1,0.4896,0.07347
DQN,deceptive_grid,2,799,60208,-20.0,31,1,0.4893,0.059631
DQN,deceptive_grid,2,800,60231,-16.0,23,1,0.4891,0.068761
DuelingDQN,deceptive_grid,2,1,200,-296.0,200,0,0.9983,
DuelingDQN,deceptive_grid,2,2,400,-296.0,200,0,0.9966,
DuelingDQN,deceptive_grid,2,3,600,-288.0,200,0,0.9949,
DuelingDQN,deceptive_grid,2,4,800,-244.0,200,0,0.9932,
DuelingDQN,deceptive_grid,2,5,1000,-280.0,200,0,0.9915,0.808021
DuelingDQN,deceptive_grid,2,6,1200,-300.0,200,0,0.9898,0.125236
DuelingDQN,deceptive_grid,2,7,1400,-248.0,200,0,0.9881,0.00776
DuelingDQN,deceptive_grid,2,8,1600,-240.0,200,0,0.9864,0.018411
DuelingDQN,deceptive_grid,2,9,1800,-220.0,200,0,0.9847,0.001327
DuelingDQN,deceptive_grid,2,10,2000,-284.0,200,0,0.983,0.004862
DuelingDQN,deceptive_grid,2,11,2198,-275.0,198,1,0.9814,0.017739
DuelingDQN,deceptive_grid,2,12,2398,-244.0,200,0,0.9797,0.006473
DuelingDQN,deceptive_grid,2,13,2440,-51.0,42,1,0.9793,0.005777
DuelingDQN,deceptive_grid,2,14,2640,-276.0,200,0,0.9776,0.028408
DuelingDQN,deceptive_grid,2,15,2840,-316.0,200,0,0.9759,0.012919
DuelingDQN,deceptive_grid,2,16,3040,-256.0,200,0,0.9742,0.02516
DuelingDQN,deceptive_grid,2,17,3240,-232.0,200,0,0.9725,0.015718
DuelingDQN,deceptive_grid,2,18,3440,-276.0,200,0,0.9708,0.011958
DuelingDQN,deceptive_grid,2,19,3640,-276.0,200,0,0.9691,0.026857
DuelingDQN,deceptive_grid,2,20,3840,-276.0,200,0,0.9674,0.007163
DuelingDQN,deceptive_grid,2,21,4040,-232.0,200,0,0.9657,0.026978
DuelingDQN,deceptive_grid,2,22,4236,-253.0,196,1,0.9641,0.013072
DuelingDQN,deceptive_grid,2,23,4436,-268.0,200,0,0.9624,0.010288
DuelingDQN,deceptive_grid,2,24,4636,-312.0,200,0,0.9607,0.03259
DuelingDQN,deceptive_grid,2,25,4836,-284.0,200,0,0.959,0.016224
DuelingDQN,deceptive_grid,2,26,5036,-280.0,200,0,0.9573,0.029039
DuelingDQN,deceptive_grid,2,27,5236,-284.0,200,0,0.9556,0.030454
DuelingDQN,deceptive_grid,2,28,5436,-272.0,200,0,0.9539,0.016722
DuelingDQN,deceptive_grid,2,29,5636,-300.0,200,0,0.9522,0.050005
DuelingDQN,deceptive_grid,2,30,5836,-232.0,200,0,0.9505,0.027666
DuelingDQN,deceptive_grid,2,31,6036,-256.0,200,0,0.9488,0.039872
DuelingDQN,deceptive_grid,2,32,6236,-244.0,200,0,0.9471,0.038601
DuelingDQN,deceptive_grid,2,33,6385,-210.0,149,1,0.9458,0.02256
DuelingDQN,deceptive_grid,2,34,6482,-114.0,97,1,0.945,0.028096
DuelingDQN,deceptive_grid,2,35,6492,-11.0,10,1,0.9449,0.047396
DuelingDQN,deceptive_grid,2,36,6681,-222.0,189,1,0.9433,0.114355
DuelingDQN,deceptive_grid,2,37,6881,-232.0,200,0,0.9416,0.028484
DuelingDQN,deceptive_grid,2,38,7081,-236.0,200,0,0.9399,0.079881
DuelingDQN,deceptive_grid,2,39,7281,-268.0,200,0,0.9383,0.032512
DuelingDQN,deceptive_grid,2,40,7481,-260.0,200,0,0.9366,0.014478
DuelingDQN,deceptive_grid,2,41,7681,-264.0,200,0,0.9349,0.119744
DuelingDQN,deceptive_grid,2,42,7881,-268.0,200,0,0.9332,0.030981
DuelingDQN,deceptive_grid,2,43,8054,-210.0,173,1,0.9317,0.11427
DuelingDQN,deceptive_grid,2,44,8254,-332.0,200,0,0.93,0.055372
DuelingDQN,deceptive_grid,2,45,8454,-248.0,200,0,0.9283,0.022124
DuelingDQN,deceptive_grid,2,46,8654,-240.0,200,0,0.9266,0.128272
DuelingDQN,deceptive_grid,2,47,8854,-272.0,200,0,0.9249,0.035381
DuelingDQN,deceptive_grid,2,48,8897,-32.0,43,1,0.9245,0.015787
DuelingDQN,deceptive_grid,2,49,8952,-48.0,55,1,0.9241,0.015611
DuelingDQN,deceptive_grid,2,50,9152,-236.0,200,0,0.9224,0.119451
DuelingDQN,deceptive_grid,2,51,9352,-332.0,200,0,0.9207,0.025018
DuelingDQN,deceptive_grid,2,52,9399,-48.0,47,1,0.9203,0.011871
DuelingDQN,deceptive_grid,2,53,9599,-272.0,200,0,0.9186,0.104118
DuelingDQN,deceptive_grid,2,54,9718,-172.0,119,1,0.9176,0.044097
DuelingDQN,deceptive_grid,2,55,9918,-288.0,200,0,0.9159,0.016213
DuelingDQN,deceptive_grid,2,56,9982,-85.0,64,1,0.9153,0.012827
DuelingDQN,deceptive_grid,2,57,10182,-336.0,200,0,0.9136,0.105684
DuelingDQN,deceptive_grid,2,58,10382,-280.0,200,0,0.9119,0.026745
DuelingDQN,deceptive_grid,2,59,10488,-151.0,106,1,0.911,0.015904
DuelingDQN,deceptive_grid,2,60,10688,-248.0,200,0,0.9094,0.122911
DuelingDQN,deceptive_grid,2,61,10888,-236.0,200,0,0.9077,0.031204
DuelingDQN,deceptive_grid,2,62,11041,-178.0,153,1,0.9064,0.08672
DuelingDQN,deceptive_grid,2,63,11165,-133.0,124,1,0.9053,0.082733
DuelingDQN,deceptive_grid,2,64,11198,-30.0,33,1,0.905,0.042193
DuelingDQN,deceptive_grid,2,65,11250,-65.0,52,1,0.9046,0.03466
DuelingDQN,deceptive_grid,2,66,11292,-43.0,42,1,0.9042,0.028879
DuelingDQN,deceptive_grid,2,67,11492,-348.0,200,0,0.9025,0.028958
DuelingDQN,deceptive_grid,2,68,11692,-240.0,200,0,0.9008,0.133786
DuelingDQN,deceptive_grid,2,69,11892,-288.0,200,0,0.8991,0.028729
DuelingDQN,deceptive_grid,2,70,12092,-272.0,200,0,0.8974,0.127953
DuelingDQN,deceptive_grid,2,71,12189,-114.0,97,1,0.8966,0.089957
DuelingDQN,deceptive_grid,2,72,12389,-236.0,200,0,0.8949,0.034688
DuelingDQN,deceptive_grid,2,73,12589,-304.0,200,0,0.8932,0.118029
DuelingDQN,deceptive_grid,2,74,12721,-161.0,132,1,0.8921,0.05857
DuelingDQN,deceptive_grid,2,75,12731,1.0,10,1,0.892,0.037013
DuelingDQN,deceptive_grid,2,76,12931,-268.0,200,0,0.8903,0.032339
DuelingDQN,deceptive_grid,2,77,13007,-93.0,76,1,0.8897,0.083335
DuelingDQN,deceptive_grid,2,78,13040,-26.0,33,1,0.8894,0.296561
DuelingDQN,deceptive_grid,2,79,13240,-272.0,200,0,0.8877,0.077343
DuelingDQN,deceptive_grid,2,80,13377,-150.0,137,1,0.8865,0.026909
DuelingDQN,deceptive_grid,2,81,13515,-163.0,138,1,0.8854,0.068427
DuelingDQN,deceptive_grid,2,82,13648,-190.0,133,1,0.8842,0.132194
DuelingDQN,deceptive_grid,2,83,13848,-272.0,200,0,0.8825,0.040288
DuelingDQN,deceptive_grid,2,84,14048,-268.0,200,0,0.8809,0.086451
DuelingDQN,deceptive_grid,2,85,14169,-126.0,121,1,0.8798,0.1057
DuelingDQN,deceptive_grid,2,86,14241,-101.0,72,1,0.8792,0.053438
DuelingDQN,deceptive_grid,2,87,14339,-107.0,98,1,0.8784,0.031292
DuelingDQN,deceptive_grid,2,88,14470,-144.0,131,1,0.8773,0.022593
DuelingDQN,deceptive_grid,2,89,14548,-83.0,78,1,0.8766,0.192756
DuelingDQN,deceptive_grid,2,90,14594,-39.0,46,1,0.8762,0.11768
DuelingDQN,deceptive_grid,2,91,14794,-236.0,200,0,0.8745,0.054198
DuelingDQN,deceptive_grid,2,92,14994,-228.0,200,0,0.8728,0.026302
DuelingDQN,deceptive_grid,2,93,15128,-155.0,134,1,0.8717,0.121804
DuelingDQN,deceptive_grid,2,94,15269,-174.0,141,1,0.8705,0.039509
DuelingDQN,deceptive_grid,2,95,15374,-154.0,105,1,0.8696,0.020136
DuelingDQN,deceptive_grid,2,96,15559,-218.0,185,1,0.868,0.051711
DuelingDQN,deceptive_grid,2,97,15759,-272.0,200,0,0.8663,0.034026
DuelingDQN,deceptive_grid,2,98,15959,-252.0,200,0,0.8646,0.018917
DuelingDQN,deceptive_grid,2,99,16114,-164.0,155,1,0.8633,0.036376
DuelingDQN,deceptive_grid,2,100,16173,-60.0,59,1,0.8628,0.016532
DuelingDQN,deceptive_grid,2,101,16373,-232.0,200,0,0.8611,0.012266
DuelingDQN,deceptive_grid,2,102,16573,-276.0,200,0,0.8594,0.021476
DuelingDQN,deceptive_grid,2,103,16634,-50.0,61,1,0.8589,0.018606
DuelingDQN,deceptive_grid,2,104,16780,-195.0,146,1,0.8577,0.008964
DuelingDQN,deceptive_grid,2,105,16980,-224.0,200,0,0.856,0.006457
DuelingDQN,deceptive_grid,2,106,17094,-119.0,114,1,0.855,0.024505
DuelingDQN,deceptive_grid,2,107,17241,-156.0,147,1,0.8538,0.00993
DuelingDQN,deceptive_grid,2,108,17259,-15.0,18,1,0.8536,0.006824
DuelingDQN,deceptive_grid,2,109,17459,-240.0,200,0,0.8519,0.004332
DuelingDQN,deceptive_grid,2,110,17525,-63.0,66,1,0.8514,0.01337
DuelingDQN,deceptive_grid,2,111,17553,-25.0,28,1,0.8511,0.016165
DuelingDQN,deceptive_grid,2,112,17571,-7.0,18,1,0.851,0.013442
DuelingDQN,deceptive_grid,2,113,17597,-19.0,26,1,0.8507,0.011278
DuelingDQN,deceptive_grid,2,114,17737,-193.0,140,1,0.8496,0.0065
DuelingDQN,deceptive_grid,2,115,17936,-260.0,199,1,0.8479,0.003266
DuelingDQN,deceptive_grid,2,116,17982,-47.0,46,1,0.8475,0.002985
DuelingDQN,deceptive_grid,2,117,18049,-88.0,67,1,0.8469,0.01659
DuelingDQN,deceptive_grid,2,118,18249,-272.0,200,0,0.8452,0.007879
DuelingDQN,deceptive_grid,2,119,18449,-268.0,200,0,0.8435,0.002879
DuelingDQN,deceptive_grid,2,120,18598,-198.0,149,1,0.8423,0.013883
DuelingDQN,deceptive_grid,2,121,18607,-2.0,9,1,0.8422,0.014317
DuelingDQN,deceptive_grid,2,122,18662,-48.0,55,1,0.8417,0.008543
DuelingDQN,deceptive_grid,2,123,18742,-85.0,80,1,0.841,0.006707
DuelingDQN,deceptive_grid,2,124,18840,-91.0,98,1,0.8402,0.004136
DuelingDQN,deceptive_grid,2,125,18943,-116.0,103,1,0.8393,0.002331
DuelingDQN,deceptive_grid,2,126,19143,-264.0,200,0,0.8376,0.013479
DuelingDQN,deceptive_grid,2,127,19343,-272.0,200,0,0.8359,0.005042
DuelingDQN,deceptive_grid,2,128,19481,-139.0,138,1,0.8348,0.002958
DuelingDQN,deceptive_grid,2,129,19616,-172.0,135,1,0.8336,0.015225
DuelingDQN,deceptive_grid,2,130,19816,-224.0,200,0,0.8319,0.006477
DuelingDQN,deceptive_grid,2,131,19823,0.0,7,1,0.8319,0.002459
DuelingDQN,deceptive_grid,2,132,20023,-248.0,200,0,0.8302,0.00458
DuelingDQN,deceptive_grid,2,133,20223,-280.0,200,0,0.8285,0.008034
DuelingDQN,deceptive_grid,2,134,20423,-252.0,200,0,0.8268,0.004262
DuelingDQN,deceptive_grid,2,135,20623,-248.0,200,0,0.8251,0.00903
DuelingDQN,deceptive_grid,2,136,20700,-98.0,77,1,0.8244,0.005359
DuelingDQN,deceptive_grid,2,137,20826,-171.0,126,1,0.8234,0.002771
DuelingDQN,deceptive_grid,2,138,20947,-154.0,121,1,0.8223,0.00262
DuelingDQN,deceptive_grid,2,139,21059,-113.0,112,1,0.8214,0.009264
DuelingDQN,deceptive_grid,2,140,21093,-27.0,34,1,0.8211,0.010327
DuelingDQN,deceptive_grid,2,141,21239,-183.0,146,1,0.8199,0.005585
DuelingDQN,deceptive_grid,2,142,21439,-228.0,200,0,0.8182,0.004032
DuelingDQN,deceptive_grid,2,143,21537,-103.0,98,1,0.8173,0.007204
DuelingDQN,deceptive_grid,2,144,21597,-89.0,60,1,0.8168,0.014097
DuelingDQN,deceptive_grid,2,145,21632,-36.0,35,1,0.8165,0.007832
DuelingDQN,deceptive_grid,2,146,21663,-36.0,31,1,0.8163,0.006874
DuelingDQN,deceptive_grid,2,147,21863,-212.0,200,0,0.8146,0.003041
DuelingDQN,deceptive_grid,2,148,21980,-150.0,117,1,0.8136,0.001957
DuelingDQN,deceptive_grid,2,149,22029,-54.0,49,1,0.8132,0.006855
DuelingDQN,deceptive_grid,2,150,22183,-163.0,154,1,0.8118,0.007536
DuelingDQN,deceptive_grid,2,151,22260,-90.0,77,1,0.8112,0.003887
DuelingDQN,deceptive_grid,2,152,22460,-240.0,200,0,0.8095,0.002981
DuelingDQN,deceptive_grid,2,153,22624,-205.0,164,1,0.8081,0.007511
DuelingDQN,deceptive_grid,2,154,22649,-22.0,25,1,0.8079,0.006553
DuelingDQN,deceptive_grid,2,155,22753,-121.0,104,1,0.807,0.005426
DuelingDQN,deceptive_grid,2,156,22857,-129.0,104,1,0.8061,0.002442
DuelingDQN,deceptive_grid,2,157,22966,-174.0,109,1,0.8052,0.002062
DuelingDQN,deceptive_grid,2,158,23004,-35.0,38,1,0.8049,0.003118
DuelingDQN,deceptive_grid,2,159,23034,-31.0,30,1,0.8046,0.009207
DuelingDQN,deceptive_grid,2,160,23120,-95.0,86,1,0.8039,0.00886
DuelingDQN,deceptive_grid,2,161,23271,-160.0,151,1,0.8026,0.004816
DuelingDQN,deceptive_grid,2,162,23371,-125.0,100,1,0.8018,0.002032
DuelingDQN,deceptive_grid,2,163,23378,-4.0,7,1,0.8017,0.0016
DuelingDQN,deceptive_grid,2,164,23433,-48.0,55,1,0.8012,0.0013
DuelingDQN,deceptive_grid,2,165,23510,-102.0,77,1,0.8006,0.002228
DuelingDQN,deceptive_grid,2,166,23524,-3.0,14,1,0.8005,0.007871
DuelingDQN,deceptive_grid,2,167,23612,-117.0,88,1,0.7997,0.005851
DuelingDQN,deceptive_grid,2,168,23641,-22.0,29,1,0.7995,0.004332
DuelingDQN,deceptive_grid,2,169,23697,-57.0,56,1,0.799,0.003722
DuelingDQN,deceptive_grid,2,170,23897,-252.0,200,0,0.7973,0.002138
DuelingDQN,deceptive_grid,2,171,24052,-168.0,155,1,0.796,0.004985
DuelingDQN,deceptive_grid,2,172,24095,-36.0,43,1,0.7956,0.017209
DuelingDQN,deceptive_grid,2,173,24146,-72.0,51,1,0.7952,0.008682
DuelingDQN,deceptive_grid,2,174,24274,-129.0,128,1,0.7941,0.004569
DuelingDQN,deceptive_grid,2,175,24390,-149.0,116,1,0.7931,0.002023
DuelingDQN,deceptive_grid,2,176,24422,-25.0,32,1,0.7929,0.001427
DuelingDQN,deceptive_grid,2,177,24518,-93.0,96,1,0.792,0.001961
DuelingDQN,deceptive_grid,2,178,24718,-320.0,200,0,0.7903,0.005677
DuelingDQN,deceptive_grid,2,179,24746,-17.0,28,1,0.7901,0.003319
DuelingDQN,deceptive_grid,2,180,24839,-118.0,93,1,0.7893,0.002332
DuelingDQN,deceptive_grid,2,181,24859,-17.0,20,1,0.7892,0.002292
DuelingDQN,deceptive_grid,2,182,24890,-40.0,31,1,0.7889,0.003441
DuelingDQN,deceptive_grid,2,183,24974,-93.0,84,1,0.7882,0.002206
DuelingDQN,deceptive_grid,2,184,25085,-104.0,111,1,0.7872,0.005302
DuelingDQN,deceptive_grid,2,185,25197,-149.0,112,1,0.7863,0.004434
DuelingDQN,deceptive_grid,2,186,25245,-41.0,48,1,0.7859,0.002849
DuelingDQN,deceptive_grid,2,187,25339,-115.0,94,1,0.7851,0.003696
DuelingDQN,deceptive_grid,2,188,25494,-160.0,155,1,0.7838,0.001346
DuelingDQN,deceptive_grid,2,189,25654,-181.0,160,1,0.7824,0.006947
DuelingDQN,deceptive_grid,2,190,25736,-71.0,82,1,0.7817,0.002613
DuelingDQN,deceptive_grid,2,191,25833,-126.0,97,1,0.7809,0.002467
DuelingDQN,deceptive_grid,2,192,25922,-106.0,89,1,0.7801,0.003392
DuelingDQN,deceptive_grid,2,193,26003,-82.0,81,1,0.7794,0.002565
DuelingDQN,deceptive_grid,2,194,26087,-97.0,84,1,0.7787,0.008557
DuelingDQN,deceptive_grid,2,195,26157,-75.0,70,1,0.7781,0.003795
DuelingDQN,deceptive_grid,2,196,26282,-138.0,125,1,0.7771,0.002534
DuelingDQN,deceptive_grid,2,197,26296,-3.0,14,1,0.777,0.001615
DuelingDQN,deceptive_grid,2,198,26496,-252.0,200,0,0.7753,0.002261
DuelingDQN,deceptive_grid,2,199,26528,-45.0,32,1,0.775,0.006603
DuelingDQN,deceptive_grid,2,200,26658,-127.0,130,1,0.7739,0.007184
DuelingDQN,deceptive_grid,2,201,26702,-45.0,44,1,0.7735,0.005031
DuelingDQN,deceptive_grid,2,202,26758,-61.0,56,1,0.773,0.002911
DuelingDQN,deceptive_grid,2,203,26809,-52.0,51,1,0.7726,0.001837
DuelingDQN,deceptive_grid,2,204,27009,-224.0,200,0,0.7709,0.001833
DuelingDQN,deceptive_grid,2,205,27110,-110.0,101,1,0.7701,0.003971
DuelingDQN,deceptive_grid,2,206,27166,-73.0,56,1,0.7696,0.003506
DuelingDQN,deceptive_grid,2,207,27273,-156.0,107,1,0.7687,0.0031
DuelingDQN,deceptive_grid,2,208,27473,-252.0,200,0,0.767,0.001902
DuelingDQN,deceptive_grid,2,209,27571,-115.0,98,1,0.7661,0.004912
DuelingDQN,deceptive_grid,2,210,27578,4.0,7,1,0.7661,0.005841
DuelingDQN,deceptive_grid,2,211,27716,-159.0,138,1,0.7649,0.005329
DuelingDQN,deceptive_grid,2,212,27728,-9.0,12,1,0.7648,0.002759
DuelingDQN,deceptive_grid,2,213,27822,-103.0,94,1,0.764,0.002107
DuelingDQN,deceptive_grid,2,214,27885,-72.0,63,1,0.7635,0.001825
DuelingDQN,deceptive_grid,2,215,27962,-78.0,77,1,0.7628,0.001584
DuelingDQN,deceptive_grid,2,216,28099,-138.0,137,1,0.7617,0.004047
DuelingDQN,deceptive_grid,2,217,28106,0.0,7,1,0.7616,0.006303
DuelingDQN,deceptive_grid,2,218,28145,-44.0,39,1,0.7613,0.005593
DuelingDQN,deceptive_grid,2,219,28168,-32.0,23,1,0.7611,0.00559
DuelingDQN,deceptive_grid,2,220,28224,-61.0,56,1,0.7606,0.004163
DuelingDQN,deceptive_grid,2,221,28321,-98.0,97,1,0.7598,0.003629
DuelingDQN,deceptive_grid,2,222,28429,-109.0,108,1,0.7589,0.003465
DuelingDQN,deceptive_grid,2,223,28445,-9.0,16,1,0.7587,0.001857
DuelingDQN,deceptive_grid,2,224,28518,-82.0,73,1,0.7581,0.003489
DuelingDQN,deceptive_grid,2,225,28594,-73.0,76,1,0.7575,0.005661
DuelingDQN,deceptive_grid,2,226,28665,-84.0,71,1,0.7569,0.00432
DuelingDQN,deceptive_grid,2,227,28801,-157.0,136,1,0.7557,0.002992
DuelingDQN,deceptive_grid,2,228,28821,-13.0,20,1,0.7555,0.001534
DuelingDQN,deceptive_grid,2,229,28841,-17.0,20,1,0.7554,0.001403
DuelingDQN,deceptive_grid,2,230,28855,-7.0,14,1,0.7553,0.001194
DuelingDQN,deceptive_grid,2,231,28871,-21.0,16,1,0.7551,0.001005
DuelingDQN,deceptive_grid,2,232,28876,6.0,5,1,0.7551,0.000896
DuelingDQN,deceptive_grid,2,233,28929,-54.0,53,1,0.7546,0.000819
DuelingDQN,deceptive_grid,2,234,28930,10.0,1,1,0.7546,0.000706
DuelingDQN,deceptive_grid,2,235,29005,-80.0,75,1,0.754,0.001299
DuelingDQN,deceptive_grid,2,236,29108,-104.0,103,1,0.7531,0.007334
DuelingDQN,deceptive_grid,2,237,29161,-46.0,53,1,0.7527,0.003092
DuelingDQN,deceptive_grid,2,238,29217,-61.0,56,1,0.7522,0.003648
DuelingDQN,deceptive_grid,2,239,29254,-34.0,37,1,0.7519,0.002866
DuelingDQN,deceptive_grid,2,240,29343,-114.0,89,1,0.7511,0.002302
DuelingDQN,deceptive_grid,2,241,29383,-41.0,40,1,0.7508,0.001765
DuelingDQN,deceptive_grid,2,242,29488,-114.0,105,1,0.7499,0.001971
DuelingDQN,deceptive_grid,2,243,29622,-183.0,134,1,0.7488,0.004207
DuelingDQN,deceptive_grid,2,244,29679,-46.0,57,1,0.7483,0.004745
DuelingDQN,deceptive_grid,2,245,29790,-124.0,111,1,0.7473,0.003113
DuelingDQN,deceptive_grid,2,246,29811,-22.0,21,1,0.7471,0.002648
DuelingDQN,deceptive_grid,2,247,29917,-155.0,106,1,0.7462,0.001749
DuelingDQN,deceptive_grid,2,248,30057,-169.0,140,1,0.7451,0.00331
DuelingDQN,deceptive_grid,2,249,30198,-154.0,141,1,0.7439,0.00327
DuelingDQN,deceptive_grid,2,250,30246,-53.0,48,1,0.7435,0.001634
DuelingDQN,deceptive_grid,2,251,30384,-147.0,138,1,0.7423,0.001363
DuelingDQN,deceptive_grid,2,252,30395,-8.0,11,1,0.7422,0.001726
DuelingDQN,deceptive_grid,2,253,30415,-17.0,20,1,0.742,0.002028
DuelingDQN,deceptive_grid,2,254,30463,-53.0,48,1,0.7416,0.001347
DuelingDQN,deceptive_grid,2,255,30534,-64.0,71,1,0.741,0.003562
DuelingDQN,deceptive_grid,2,256,30590,-69.0,56,1,0.7405,0.005535
DuelingDQN,deceptive_grid,2,257,30703,-138.0,113,1,0.7396,0.004188
DuelingDQN,deceptive_grid,2,258,30704,10.0,1,1,0.7396,0.004237
DuelingDQN,deceptive_grid,2,259,30788,-85.0,84,1,0.7389,0.004073
DuelingDQN,deceptive_grid,2,260,30911,-120.0,123,1,0.7378,0.003713
DuelingDQN,deceptive_grid,2,261,30929,-7.0,18,1,0.7377,0.003149
DuelingDQN,deceptive_grid,2,262,30933,7.0,4,1,0.7376,0.002171
DuelingDQN,deceptive_grid,2,263,31075,-139.0,142,1,0.7364,0.004071
DuelingDQN,deceptive_grid,2,264,31165,-87.0,90,1,0.7357,0.003795
DuelingDQN,deceptive_grid,2,265,31262,-106.0,97,1,0.7348,0.00233
DuelingDQN,deceptive_grid,2,266,31266,7.0,4,1,0.7348,0.00153
DuelingDQN,deceptive_grid,2,267,31315,-54.0,49,1,0.7344,0.001797
DuelingDQN,deceptive_grid,2,268,31395,-85.0,80,1,0.7337,0.001385
DuelingDQN,deceptive_grid,2,269,31525,-143.0,130,1,0.7326,0.002378
DuelingDQN,deceptive_grid,2,270,31563,-39.0,38,1,0.7323,0.005917
DuelingDQN,deceptive_grid,2,271,31632,-74.0,69,1,0.7317,0.004146
DuelingDQN,deceptive_grid,2,272,31673,-42.0,41,1,0.7314,0.002979
DuelingDQN,deceptive_grid,2,273,31726,-66.0,53,1,0.7309,0.002008
DuelingDQN,deceptive_grid,2,274,31738,-1.0,12,1,0.7308,0.00197
DuelingDQN,deceptive_grid,2,275,31823,-78.0,85,1,0.7301,0.002319
DuelingDQN,deceptive_grid,2,276,31944,-118.0,121,1,0.7291,0.001885
DuelingDQN,deceptive_grid,2,277,31969,-22.0,25,1,0.7288,0.001973
DuelingDQN,deceptive_grid,2,278,32048,-76.0,79,1,0.7282,0.003937
DuelingDQN,deceptive_grid,2,279,32071,-16.0,23,1,0.728,0.004264
DuelingDQN,deceptive_grid,2,280,32112,-38.0,41,1,0.7276,0.004237
DuelingDQN,deceptive_grid,2,281,32157,-54.0,45,1,0.7272,0.00443
DuelingDQN,deceptive_grid,2,282,32248,-108.0,91,1,0.7265,0.004006
DuelingDQN,deceptive_grid,2,283,32300,-61.0,52,1,0.726,0.002655
DuelingDQN,deceptive_grid,2,284,32384,-85.0,84,1,0.7253,0.001631
DuelingDQN,deceptive_grid,2,285,32543,-172.0,159,1,0.724,0.002352
DuelingDQN,deceptive_grid,2,286,32572,-30.0,29,1,0.7237,0.006282
DuelingDQN,deceptive_grid,2,287,32631,-68.0,59,1,0.7232,0.00298
DuelingDQN,deceptive_grid,2,288,32818,-228.0,187,1,0.7216,0.003751
DuelingDQN,deceptive_grid,2,289,32876,-63.0,58,1,0.7211,0.002993
DuelingDQN,deceptive_grid,2,290,32936,-53.0,60,1,0.7206,0.001777
DuelingDQN,deceptive_grid,2,291,32979,-40.0,43,1,0.7203,0.001065
DuelingDQN,deceptive_grid,2,292,33084,-106.0,105,1,0.7194,0.002825
DuelingDQN,deceptive_grid,2,293,33168,-105.0,84,1,0.7187,0.002047
DuelingDQN,deceptive_grid,2,294,33211,-44.0,43,1,0.7183,0.001758
DuelingDQN,deceptive_grid,2,295,33262,-44.0,51,1,0.7179,0.002113
DuelingDQN,deceptive_grid,2,296,33301,-60.0,39,1,0.7175,0.002445
DuelingDQN,deceptive_grid,2,297,33324,-12.0,23,1,0.7173,0.001928
DuelingDQN,deceptive_grid,2,298,33413,-86.0,89,1,0.7166,0.002116
DuelingDQN,deceptive_grid,2,299,33527,-107.0,114,1,0.7156,0.002951
DuelingDQN,deceptive_grid,2,300,33535,3.0,8,1,0.7156,0.006273
DuelingDQN,deceptive_grid,2,301,33723,-201.0,188,1,0.714,0.004021
DuelingDQN,deceptive_grid,2,302,33779,-57.0,56,1,0.7135,0.002475
DuelingDQN,deceptive_grid,2,303,33818,-36.0,39,1,0.7132,0.002255
DuelingDQN,deceptive_grid,2,304,33896,-75.0,78,1,0.7125,0.001849
DuelingDQN,deceptive_grid,2,305,33963,-56.0,67,1,0.7119,0.001205
DuelingDQN,deceptive_grid,2,306,33978,-20.0,15,1,0.7118,0.00098
DuelingDQN,deceptive_grid,2,307,34107,-162.0,129,1,0.7107,0.004178
DuelingDQN,deceptive_grid,2,308,34158,-56.0,51,1,0.7103,0.00298
DuelingDQN,deceptive_grid,2,309,34206,-49.0,48,1,0.7099,0.003277
DuelingDQN,deceptive_grid,2,310,34271,-74.0,65,1,0.7093,0.003729
DuelingDQN,deceptive_grid,2,311,34308,-38.0,37,1,0.709,0.00295
DuelingDQN,deceptive_grid,2,312,34456,-177.0,148,1,0.7077,0.001539
DuelingDQN,deceptive_grid,2,313,34507,-44.0,51,1,0.7073,0.002116
DuelingDQN,deceptive_grid,2,314,34564,-62.0,57,1,0.7068,0.00499
DuelingDQN,deceptive_grid,2,315,34575,0.0,11,1,0.7067,0.003727
DuelingDQN,deceptive_grid,2,316,34620,-38.0,45,1,0.7064,0.003782
DuelingDQN,deceptive_grid,2,317,34694,-79.0,74,1,0.7057,0.006385
DuelingDQN,deceptive_grid,2,318,34733,-32.0,39,1,0.7054,0.005821
DuelingDQN,deceptive_grid,2,319,34782,-42.0,49,1,0.705,0.003421
DuelingDQN,deceptive_grid,2,320,34849,-80.0,67,1,0.7044,0.003277
DuelingDQN,deceptive_grid,2,321,34918,-62.0,69,1,0.7038,0.00268
DuelingDQN,deceptive_grid,2,322,34928,1.0,10,1,0.7037,0.002083
DuelingDQN,deceptive_grid,2,323,34966,-67.0,38,1,0.7034,0.003126
DuelingDQN,deceptive_grid,2,324,35037,-68.0,71,1,0.7028,0.004667
DuelingDQN,deceptive_grid,2,325,35060,-20.0,23,1,0.7026,0.004643
DuelingDQN,deceptive_grid,2,326,35119,-60.0,59,1,0.7021,0.003728
DuelingDQN,deceptive_grid,2,327,35125,5.0,6,1,0.7021,0.002038
DuelingDQN,deceptive_grid,2,328,35161,-57.0,36,1,0.7018,0.002605
DuelingDQN,deceptive_grid,2,329,35182,-10.0,21,1,0.7016,0.002362
DuelingDQN,deceptive_grid,2,330,35229,-52.0,47,1,0.7012,0.001596
DuelingDQN,deceptive_grid,2,331,35315,-87.0,86,1,0.7005,0.001453
DuelingDQN,deceptive_grid,2,332,35354,-48.0,39,1,0.7001,0.001254
DuelingDQN,deceptive_grid,2,333,35357,8.0,3,1,0.7001,0.000733
DuelingDQN,deceptive_grid,2,334,35518,-202.0,161,1,0.6987,0.001296
DuelingDQN,deceptive_grid,2,335,35596,-71.0,78,1,0.6981,0.004009
DuelingDQN,deceptive_grid,2,336,35655,-52.0,59,1,0.6976,0.003509
DuelingDQN,deceptive_grid,2,337,35738,-100.0,83,1,0.6969,0.003032
DuelingDQN,deceptive_grid,2,338,35741,8.0,3,1,0.6968,0.001745
DuelingDQN,deceptive_grid,2,339,35760,-12.0,19,1,0.6967,0.002433
DuelingDQN,deceptive_grid,2,340,35832,-73.0,72,1,0.6961,0.001802
DuelingDQN,deceptive_grid,2,341,35916,-93.0,84,1,0.6954,0.001296
DuelingDQN,deceptive_grid,2,342,35966,-39.0,50,1,0.6949,0.001008
DuelingDQN,deceptive_grid,2,343,36006,-37.0,40,1,0.6946,0.001461
DuelingDQN,deceptive_grid,2,344,36033,-24.0,27,1,0.6944,0.005841
DuelingDQN,deceptive_grid,2,345,36073,-57.0,40,1,0.694,0.005566
DuelingDQN,deceptive_grid,2,346,36120,-56.0,47,1,0.6936,0.004193
DuelingDQN,deceptive_grid,2,347,36141,-14.0,21,1,0.6935,0.002979
DuelingDQN,deceptive_grid,2,348,36204,-76.0,63,1,0.6929,0.002132
DuelingDQN,deceptive_grid,2,349,36290,-91.0,86,1,0.6922,0.00174
DuelingDQN,deceptive_grid,2,350,36329,-44.0,39,1,0.6919,0.001315
DuelingDQN,deceptive_grid,2,351,36448,-148.0,119,1,0.6909,0.001695
DuelingDQN,deceptive_grid,2,352,36496,-53.0,48,1,0.6904,0.001502
DuelingDQN,deceptive_grid,2,353,36661,-174.0,165,1,0.689,0.005414
DuelingDQN,deceptive_grid,2,354,36706,-38.0,45,1,0.6887,0.004997
DuelingDQN,deceptive_grid,2,355,36738,-29.0,32,1,0.6884,0.003281
DuelingDQN,deceptive_grid,2,356,36793,-52.0,55,1,0.6879,0.002086
DuelingDQN,deceptive_grid,2,357,36865,-73.0,72,1,0.6873,0.001289
DuelingDQN,deceptive_grid,2,358,36916,-44.0,51,1,0.6869,0.000707
DuelingDQN,deceptive_grid,2,359,37051,-140.0,135,1,0.6857,0.001977
DuelingDQN,deceptive_grid,2,360,37055,7.0,4,1,0.6857,0.00293
DuelingDQN,deceptive_grid,2,361,37103,-53.0,48,1,0.6853,0.00322
DuelingDQN,deceptive_grid,2,362,37168,-58.0,65,1,0.6847,0.00349
DuelingDQN,deceptive_grid,2,363,37278,-119.0,110,1,0.6838,0.002971
DuelingDQN,deceptive_grid,2,364,37310,-25.0,32,1,0.6835,0.003518
DuelingDQN,deceptive_grid,2,365,37363,-50.0,53,1,0.6831,0.002035
DuelingDQN,deceptive_grid,2,366,37462,-124.0,99,1,0.6823,0.00103
DuelingDQN,deceptive_grid,2,367,37518,-49.0,56,1,0.6818,0.00161
DuelingDQN,deceptive_grid,2,368,37563,-54.0,45,1,0.6814,0.003628
DuelingDQN,deceptive_grid,2,369,37614,-76.0,51,1,0.681,0.003216
DuelingDQN,deceptive_grid,2,370,37727,-110.0,113,1,0.68,0.002993
DuelingDQN,deceptive_grid,2,371,37732,6.0,5,1,0.68,0.001451
DuelingDQN,deceptive_grid,2,372,37758,-15.0,26,1,0.6797,0.001784
DuelingDQN,deceptive_grid,2,373,37796,-35.0,38,1,0.6794,0.001293
DuelingDQN,deceptive_grid,2,374,37806,-7.0,10,1,0.6793,0.001239
DuelingDQN,deceptive_grid,2,375,37818,-1.0,12,1,0.6792,0.001332
DuelingDQN,deceptive_grid,2,376,37905,-84.0,87,1,0.6785,0.001104
DuelingDQN,deceptive_grid,2,377,37936,-28.0,31,1,0.6782,0.001281
DuelingDQN,deceptive_grid,2,378,37938,9.0,2,1,0.6782,0.00134
DuelingDQN,deceptive_grid,2,379,37969,-28.0,31,1,0.678,0.000845
DuelingDQN,deceptive_grid,2,380,38022,-54.0,53,1,0.6775,0.001945
DuelingDQN,deceptive_grid,2,381,38052,-23.0,30,1,0.6772,0.003179
DuelingDQN,deceptive_grid,2,382,38057,6.0,5,1,0.6772,0.003248
DuelingDQN,deceptive_grid,2,383,38069,-1.0,12,1,0.6771,0.003451
DuelingDQN,deceptive_grid,2,384,38178,-130.0,109,1,0.6762,0.002926
DuelingDQN,deceptive_grid,2,385,38266,-85.0,88,1,0.6754,0.002879
DuelingDQN,deceptive_grid,2,386,38283,-10.0,17,1,0.6753,0.002851
DuelingDQN,deceptive_grid,2,387,38326,-56.0,43,1,0.6749,0.002656
DuelingDQN,deceptive_grid,2,388,38409,-80.0,83,1,0.6742,0.002126
DuelingDQN,deceptive_grid,2,389,38539,-147.0,130,1,0.6731,0.002155
DuelingDQN,deceptive_grid,2,390,38668,-150.0,129,1,0.672,0.002765
DuelingDQN,deceptive_grid,2,391,38721,-74.0,53,1,0.6716,0.001735
DuelingDQN,deceptive_grid,2,392,38764,-44.0,43,1,0.6712,0.001802
DuelingDQN,deceptive_grid,2,393,38785,-10.0,21,1,0.671,0.001742
DuelingDQN,deceptive_grid,2,394,38846,-66.0,61,1,0.6705,0.001433
DuelingDQN,deceptive_grid,2,395,38875,-42.0,29,1,0.6703,0.001484
DuelingDQN,deceptive_grid,2,396,38966,-108.0,91,1,0.6695,0.001271
DuelingDQN,deceptive_grid,2,397,39020,-59.0,54,1,0.669,0.002028
DuelingDQN,deceptive_grid,2,398,39076,-65.0,56,1,0.6686,0.003241
DuelingDQN,deceptive_grid,2,399,39203,-140.0,127,1,0.6675,0.005031
DuelingDQN,deceptive_grid,2,400,39227,-25.0,24,1,0.6673,0.004888
DuelingDQN,deceptive_grid,2,401,39272,-54.0,45,1,0.6669,0.002717
DuelingDQN,deceptive_grid,2,402,39297,-18.0,25,1,0.6667,0.003542
DuelingDQN,deceptive_grid,2,403,39332,-24.0,35,1,0.6664,0.002153
DuelingDQN,deceptive_grid,2,404,39382,-59.0,50,1,0.666,0.001966
DuelingDQN,deceptive_grid,2,405,39423,-34.0,41,1,0.6656,0.001302
DuelingDQN,deceptive_grid,2,406,39475,-57.0,52,1,0.6652,0.000797
DuelingDQN,deceptive_grid,2,407,39533,-47.0,58,1,0.6647,0.001949
DuelingDQN,deceptive_grid,2,408,39570,-42.0,37,1,0.6644,0.002465
DuelingDQN,deceptive_grid,2,409,39581,-4.0,11,1,0.6643,0.002272
DuelingDQN,deceptive_grid,2,410,39612,-24.0,31,1,0.664,0.001931
DuelingDQN,deceptive_grid,2,411,39688,-85.0,76,1,0.6634,0.001453
DuelingDQN,deceptive_grid,2,412,39722,-35.0,34,1,0.6631,0.001638
DuelingDQN,deceptive_grid,2,413,39755,-26.0,33,1,0.6628,0.001432
DuelingDQN,deceptive_grid,2,414,39822,-60.0,67,1,0.6622,0.00142
DuelingDQN,deceptive_grid,2,415,39861,-40.0,39,1,0.6619,0.001364
DuelingDQN,deceptive_grid,2,416,39866,2.0,5,1,0.6619,0.002607
DuelingDQN,deceptive_grid,2,417,39928,-83.0,62,1,0.6613,0.001715
DuelingDQN,deceptive_grid,2,418,39940,-1.0,12,1,0.6612,0.001406
DuelingDQN,deceptive_grid,2,419,39958,-19.0,18,1,0.6611,0.001784
DuelingDQN,deceptive_grid,2,420,39991,-38.0,33,1,0.6608,0.002097
DuelingDQN,deceptive_grid,2,421,40058,-80.0,67,1,0.6602,0.005202
DuelingDQN,deceptive_grid,2,422,40069,-8.0,11,1,0.6601,0.005044
DuelingDQN,deceptive_grid,2,423,40111,-55.0,42,1,0.6598,0.004018
DuelingDQN,deceptive_grid,2,424,40166,-76.0,55,1,0.6593,0.005322
DuelingDQN,deceptive_grid,2,425,40249,-80.0,83,1,0.6586,0.002792
DuelingDQN,deceptive_grid,2,426,40293,-49.0,44,1,0.6582,0.001383
DuelingDQN,deceptive_grid,2,427,40340,-52.0,47,1,0.6578,0.001145
DuelingDQN,deceptive_grid,2,428,40363,-12.0,23,1,0.6576,0.00124
DuelingDQN,deceptive_grid,2,429,40375,-1.0,12,1,0.6575,0.001338
DuelingDQN,deceptive_grid,2,430,40482,-116.0,107,1,0.6566,0.00147
DuelingDQN,deceptive_grid,2,431,40612,-119.0,130,1,0.6555,0.003546
DuelingDQN,deceptive_grid,2,432,40694,-95.0,82,1,0.6548,0.003151
DuelingDQN,deceptive_grid,2,433,40739,-58.0,45,1,0.6545,0.002554
DuelingDQN,deceptive_grid,2,434,40770,-24.0,31,1,0.6542,0.002279
DuelingDQN,deceptive_grid,2,435,40801,-24.0,31,1,0.6539,0.001546
DuelingDQN,deceptive_grid,2,436,40814,-6.0,13,1,0.6538,0.001462
DuelingDQN,deceptive_grid,2,437,40898,-89.0,84,1,0.6531,0.001462
DuelingDQN,deceptive_grid,2,438,40964,-59.0,66,1,0.6525,0.001267
DuelingDQN,deceptive_grid,2,439,41020,-61.0,56,1,0.6521,0.00229
DuelingDQN,deceptive_grid,2,440,41093,-82.0,73,1,0.6515,0.003853
DuelingDQN,deceptive_grid,2,441,41163,-83.0,70,1,0.6509,0.00332
DuelingDQN,deceptive_grid,2,442,41216,-54.0,53,1,0.6504,0.002339
DuelingDQN,deceptive_grid,2,443,41290,-67.0,74,1,0.6498,0.001335
DuelingDQN,deceptive_grid,2,444,41329,-40.0,39,1,0.6495,0.001127
DuelingDQN,deceptive_grid,2,445,41353,-13.0,24,1,0.6492,0.001089
DuelingDQN,deceptive_grid,2,446,41368,-8.0,15,1,0.6491,0.000999
DuelingDQN,deceptive_grid,2,447,41401,-38.0,33,1,0.6488,0.000638
DuelingDQN,deceptive_grid,2,448,41415,-11.0,14,1,0.6487,0.000408
DuelingDQN,deceptive_grid,2,449,41448,-34.0,33,1,0.6484,0.000579
DuelingDQN,deceptive_grid,2,450,41496,-45.0,48,1,0.648,0.000829
DuelingDQN,deceptive_grid,2,451,41559,-56.0,63,1,0.6475,0.003009
DuelingDQN,deceptive_grid,2,452,41657,-95.0,98,1,0.6467,0.002969
DuelingDQN,deceptive_grid,2,453,41732,-76.0,75,1,0.646,0.002724
DuelingDQN,deceptive_grid,2,454,41801,-70.0,69,1,0.6454,0.002178
DuelingDQN,deceptive_grid,2,455,41824,-20.0,23,1,0.6453,0.001027
DuelingDQN,deceptive_grid,2,456,41883,-72.0,59,1,0.6448,0.000935
DuelingDQN,deceptive_grid,2,457,41949,-63.0,66,1,0.6442,0.001012
DuelingDQN,deceptive_grid,2,458,41995,-39.0,46,1,0.6438,0.001429
DuelingDQN,deceptive_grid,2,459,42042,-40.0,47,1,0.6434,0.004895
DuelingDQN,deceptive_grid,2,460,42116,-91.0,74,1,0.6428,0.004574
DuelingDQN,deceptive_grid,2,461,42211,-96.0,95,1,0.642,0.002075
DuelingDQN,deceptive_grid,2,462,42257,-39.0,46,1,0.6416,0.001201
DuelingDQN,deceptive_grid,2,463,42320,-100.0,63,1,0.641,0.000877
DuelingDQN,deceptive_grid,2,464,42364,-33.0,44,1,0.6407,0.001032
DuelingDQN,deceptive_grid,2,465,42414,-39.0,50,1,0.6402,0.000924
DuelingDQN,deceptive_grid,2,466,42497,-92.0,83,1,0.6395,0.000864
DuelingDQN,deceptive_grid,2,467,42566,-62.0,69,1,0.639,0.003785
DuelingDQN,deceptive_grid,2,468,42609,-40.0,43,1,0.6386,0.00448
DuelingDQN,deceptive_grid,2,469,42645,-25.0,36,1,0.6383,0.003709
DuelingDQN,deceptive_grid,2,470,42711,-71.0,66,1,0.6377,0.003569
DuelingDQN,deceptive_grid,2,471,42765,-51.0,54,1,0.6373,0.002817
DuelingDQN,deceptive_grid,2,472,42809,-41.0,44,1,0.6369,0.002385
DuelingDQN,deceptive_grid,2,473,42883,-75.0,74,1,0.6363,0.001756
DuelingDQN,deceptive_grid,2,474,42913,-27.0,30,1,0.636,0.001021
DuelingDQN,deceptive_grid,2,475,42951,-31.0,38,1,0.6357,0.000687
DuelingDQN,deceptive_grid,2,476,43003,-53.0,52,1,0.6353,0.001121
DuelingDQN,deceptive_grid,2,477,43035,-29.0,32,1,0.635,0.003072
DuelingDQN,deceptive_grid,2,478,43071,-33.0,36,1,0.6347,0.002249
DuelingDQN,deceptive_grid,2,479,43099,-17.0,28,1,0.6344,0.002222
DuelingDQN,deceptive_grid,2,480,43138,-28.0,39,1,0.6341,0.002151
DuelingDQN,deceptive_grid,2,481,43158,-13.0,20,1,0.6339,0.002487
DuelingDQN,deceptive_grid,2,482,43223,-70.0,65,1,0.6334,0.001869
DuelingDQN,deceptive_grid,2,483,43231,3.0,8,1,0.6333,0.001601
DuelingDQN,deceptive_grid,2,484,43252,-22.0,21,1,0.6331,0.001825
DuelingDQN,deceptive_grid,2,485,43318,-63.0,66,1,0.6326,0.001839
DuelingDQN,deceptive_grid,2,486,43394,-69.0,76,1,0.6319,0.001409
DuelingDQN,deceptive_grid,2,487,43398,3.0,4,1,0.6319,0.00164
DuelingDQN,deceptive_grid,2,488,43468,-71.0,70,1,0.6313,0.001753
DuelingDQN,deceptive_grid,2,489,43511,-44.0,43,1,0.6309,0.002209
DuelingDQN,deceptive_grid,2,490,43570,-56.0,59,1,0.6304,0.003823
DuelingDQN,deceptive_grid,2,491,43605,-40.0,35,1,0.6301,0.00223
DuelingDQN,deceptive_grid,2,492,43623,-23.0,18,1,0.63,0.002295
DuelingDQN,deceptive_grid,2,493,43700,-86.0,77,1,0.6293,0.001889
DuelingDQN,deceptive_grid,2,494,43723,-12.0,23,1,0.6291,0.001738
DuelingDQN,deceptive_grid,2,495,43732,2.0,9,1,0.6291,0.001404
DuelingDQN,deceptive_grid,2,496,43791,-52.0,59,1,0.6286,0.001751
DuelingDQN,deceptive_grid,2,497,43798,4.0,7,1,0.6285,0.001825
DuelingDQN,deceptive_grid,2,498,43862,-65.0,64,1,0.628,0.001698
DuelingDQN,deceptive_grid,2,499,43874,-1.0,12,1,0.6279,0.001604
DuelingDQN,deceptive_grid,2,500,43917,-36.0,43,1,0.6275,0.002327
DuelingDQN,deceptive_grid,2,501,43972,-56.0,55,1,0.627,0.001819
DuelingDQN,deceptive_grid,2,502,44064,-93.0,92,1,0.6263,0.0031
DuelingDQN,deceptive_grid,2,503,44086,-15.0,22,1,0.6261,0.003719
DuelingDQN,deceptive_grid,2,504,44138,-69.0,52,1,0.6256,0.00245
DuelingDQN,deceptive_grid,2,505,44210,-69.0,72,1,0.625,0.001593
DuelingDQN,deceptive_grid,2,506,44238,-25.0,28,1,0.6248,0.001256
DuelingDQN,deceptive_grid,2,507,44305,-72.0,67,1,0.6242,0.001524
DuelingDQN,deceptive_grid,2,508,44370,-62.0,65,1,0.6237,0.001136
DuelingDQN,deceptive_grid,2,509,44391,-18.0,21,1,0.6235,0.001293
DuelingDQN,deceptive_grid,2,510,44445,-55.0,54,1,0.623,0.001432
DuelingDQN,deceptive_grid,2,511,44458,-6.0,13,1,0.6229,0.001194
DuelingDQN,deceptive_grid,2,512,44483,-14.0,25,1,0.6227,0.001102
DuelingDQN,deceptive_grid,2,513,44547,-61.0,64,1,0.6222,0.003216
DuelingDQN,deceptive_grid,2,514,44584,-26.0,37,1,0.6218,0.003384
DuelingDQN,deceptive_grid,2,515,44676,-101.0,92,1,0.6211,0.002898
DuelingDQN,deceptive_grid,2,516,44697,-10.0,21,1,0.6209,0.002185
DuelingDQN,deceptive_grid,2,517,44740,-44.0,43,1,0.6205,0.002214
DuelingDQN,deceptive_grid,2,518,44790,-47.0,50,1,0.6201,0.001617
DuelingDQN,deceptive_grid,2,519,44796,1.0,6,1,0.62,0.002765
DuelingDQN,deceptive_grid,2,520,44838,-43.0,42,1,0.6197,0.002145
DuelingDQN,deceptive_grid,2,521,44913,-88.0,75,1,0.619,0.001813
DuelingDQN,deceptive_grid,2,522,44991,-75.0,78,1,0.6184,0.001456
DuelingDQN,deceptive_grid,2,523,45047,-53.0,56,1,0.6179,0.003812
DuelingDQN,deceptive_grid,2,524,45105,-55.0,58,1,0.6174,0.003012
DuelingDQN,deceptive_grid,2,525,45114,-6.0,9,1,0.6173,0.002778
DuelingDQN,deceptive_grid,2,526,45135,-22.0,21,1,0.6172,0.002557
DuelingDQN,deceptive_grid,2,527,45176,-46.0,41,1,0.6168,0.001894
DuelingDQN,deceptive_grid,2,528,45227,-48.0,51,1,0.6164,0.00136
DuelingDQN,deceptive_grid,2,529,45272,-46.0,45,1,0.616,0.001053
DuelingDQN,deceptive_grid,2,530,45300,-17.0,28,1,0.6158,0.000979
DuelingDQN,deceptive_grid,2,531,45404,-133.0,104,1,0.6149,0.001081
DuelingDQN,deceptive_grid,2,532,45472,-65.0,68,1,0.6143,0.00096
DuelingDQN,deceptive_grid,2,533,45483,-12.0,11,1,0.6142,0.000952
DuelingDQN,deceptive_grid,2,534,45516,-34.0,33,1,0.6139,0.00264
DuelingDQN,deceptive_grid,2,535,45614,-123.0,98,1,0.6131,0.002698
DuelingDQN,deceptive_grid,2,536,45663,-58.0,49,1,0.6127,0.001942
DuelingDQN,deceptive_grid,2,537,45689,-15.0,26,1,0.6125,0.001477
DuelingDQN,deceptive_grid,2,538,45737,-53.0,48,1,0.6121,0.001316
DuelingDQN,deceptive_grid,2,539,45768,-24.0,31,1,0.6118,0.001135
DuelingDQN,deceptive_grid,2,540,45809,-50.0,41,1,0.6115,0.001052
DuelingDQN,deceptive_grid,2,541,45841,-37.0,32,1,0.6112,0.00092
DuelingDQN,deceptive_grid,2,542,45886,-58.0,45,1,0.6108,0.000849
DuelingDQN,deceptive_grid,2,543,45926,-33.0,40,1,0.6105,0.001046
DuelingDQN,deceptive_grid,2,544,45987,-54.0,61,1,0.6099,0.001338
DuelingDQN,deceptive_grid,2,545,46057,-67.0,70,1,0.6093,0.003979
DuelingDQN,deceptive_grid,2,546,46101,-45.0,44,1,0.609,0.002804
DuelingDQN,deceptive_grid,2,547,46193,-93.0,92,1,0.6082,0.00234
DuelingDQN,deceptive_grid,2,548,46201,3.0,8,1,0.6081,0.002173
DuelingDQN,deceptive_grid,2,549,46224,-16.0,23,1,0.6079,0.00249
DuelingDQN,deceptive_grid,2,550,46277,-46.0,53,1,0.6075,0.002068
DuelingDQN,deceptive_grid,2,551,46312,-36.0,35,1,0.6072,0.002615
DuelingDQN,deceptive_grid,2,552,46321,2.0,9,1,0.6071,0.001776
DuelingDQN,deceptive_grid,2,553,46373,-61.0,52,1,0.6067,0.001501
DuelingDQN,deceptive_grid,2,554,46428,-48.0,55,1,0.6062,0.001197
DuelingDQN,deceptive_grid,2,555,46478,-39.0,50,1,0.6058,0.001229
DuelingDQN,deceptive_grid,2,556,46500,-11.0,22,1,0.6056,0.001188
DuelingDQN,deceptive_grid,2,557,46565,-62.0,65,1,0.605,0.003869
DuelingDQN,deceptive_grid,2,558,46587,-15.0,22,1,0.6049,0.003256
DuelingDQN,deceptive_grid,2,559,46631,-41.0,44,1,0.6045,0.005009
DuelingDQN,deceptive_grid,2,560,46686,-56.0,55,1,0.604,0.003179
DuelingDQN,deceptive_grid,2,561,46709,-12.0,23,1,0.6038,0.002218
DuelingDQN,deceptive_grid,2,562,46758,-42.0,49,1,0.6034,0.002663
DuelingDQN,deceptive_grid,2,563,46795,-34.0,37,1,0.6031,0.002224
DuelingDQN,deceptive_grid,2,564,46810,-8.0,15,1,0.603,0.002005
DuelingDQN,deceptive_grid,2,565,46867,-58.0,57,1,0.6025,0.001702
DuelingDQN,deceptive_grid,2,566,46909,-31.0,42,1,0.6021,0.001636
DuelingDQN,deceptive_grid,2,567,46911,9.0,2,1,0.6021,0.001596
DuelingDQN,deceptive_grid,2,568,46934,-12.0,23,1,0.6019,0.001108
DuelingDQN,deceptive_grid,2,569,46955,-14.0,21,1,0.6017,0.001041
DuelingDQN,deceptive_grid,2,570,47026,-64.0,71,1,0.6011,0.001946
DuelingDQN,deceptive_grid,2,571,47083,-50.0,57,1,0.6006,0.003753
DuelingDQN,deceptive_grid,2,572,47112,-18.0,29,1,0.6004,0.003009
DuelingDQN,deceptive_grid,2,573,47164,-57.0,52,1,0.6,0.002525
DuelingDQN,deceptive_grid,2,574,47195,-36.0,31,1,0.5997,0.001583
DuelingDQN,deceptive_grid,2,575,47226,-20.0,31,1,0.5994,0.001301
DuelingDQN,deceptive_grid,2,576,47281,-60.0,55,1,0.599,0.001044
DuelingDQN,deceptive_grid,2,577,47387,-103.0,106,1,0.5981,0.001239
DuelingDQN,deceptive_grid,2,578,47442,-60.0,55,1,0.5976,0.000912
DuelingDQN,deceptive_grid,2,579,47494,-49.0,52,1,0.5972,0.00064
DuelingDQN,deceptive_grid,2,580,47537,-44.0,43,1,0.5968,0.00282
DuelingDQN,deceptive_grid,2,581,47583,-35.0,46,1,0.5964,0.003104
DuelingDQN,deceptive_grid,2,582,47622,-36.0,39,1,0.5961,0.004467
DuelingDQN,deceptive_grid,2,583,47659,-30.0,37,1,0.5958,0.003138
DuelingDQN,deceptive_grid,2,584,47689,-23.0,30,1,0.5955,0.001961
DuelingDQN,deceptive_grid,2,585,47753,-65.0,64,1,0.595,0.001453
DuelingDQN,deceptive_grid,2,586,47783,-23.0,30,1,0.5947,0.001115
DuelingDQN,deceptive_grid,2,587,47822,-32.0,39,1,0.5944,0.001222
DuelingDQN,deceptive_grid,2,588,47867,-34.0,45,1,0.594,0.001508
DuelingDQN,deceptive_grid,2,589,47905,-35.0,38,1,0.5937,0.001119
DuelingDQN,deceptive_grid,2,590,47968,-68.0,63,1,0.5931,0.000917
DuelingDQN,deceptive_grid,2,591,47988,-13.0,20,1,0.593,0.000735
DuelingDQN,deceptive_grid,2,592,48026,-31.0,38,1,0.5926,0.002323
DuelingDQN,deceptive_grid,2,593,48090,-61.0,64,1,0.5921,0.002816
DuelingDQN,deceptive_grid,2,594,48159,-70.0,69,1,0.5915,0.002668
DuelingDQN,deceptive_grid,2,595,48206,-52.0,47,1,0.5911,0.003416
DuelingDQN,deceptive_grid,2,596,48259,-46.0,53,1,0.5907,0.002143
DuelingDQN,deceptive_grid,2,597,48307,-49.0,48,1,0.5903,0.00131
DuelingDQN,deceptive_grid,2,598,48313,5.0,6,1,0.5902,0.001284
DuelingDQN,deceptive_grid,2,599,48359,-51.0,46,1,0.5898,0.001401
DuelingDQN,deceptive_grid,2,600,48384,-26.0,25,1,0.5896,0.001034
DuelingDQN,deceptive_grid,2,601,48434,-51.0,50,1,0.5892,0.000645
DuelingDQN,deceptive_grid,2,602,48480,-35.0,46,1,0.5888,0.000694
DuelingDQN,deceptive_grid,2,603,48529,-42.0,49,1,0.5884,0.001942
DuelingDQN,deceptive_grid,2,604,48570,-34.0,41,1,0.588,0.0035
DuelingDQN,deceptive_grid,2,605,48583,-6.0,13,1,0.5879,0.002787
DuelingDQN,deceptive_grid,2,606,48599,-5.0,16,1,0.5878,0.002902
DuelingDQN,deceptive_grid,2,607,48609,-3.0,10,1,0.5877,0.002402
DuelingDQN,deceptive_grid,2,608,48679,-71.0,70,1,0.5871,0.00168
DuelingDQN,deceptive_grid,2,609,48714,-44.0,35,1,0.5868,0.001673
DuelingDQN,deceptive_grid,2,610,48717,8.0,3,1,0.5868,0.001295
DuelingDQN,deceptive_grid,2,611,48740,-16.0,23,1,0.5866,0.001598
DuelingDQN,deceptive_grid,2,612,48760,-9.0,20,1,0.5864,0.001532
DuelingDQN,deceptive_grid,2,613,48834,-83.0,74,1,0.5858,0.001171
DuelingDQN,deceptive_grid,2,614,48860,-23.0,26,1,0.5856,0.000981
DuelingDQN,deceptive_grid,2,615,48910,-47.0,50,1,0.5851,0.000883
DuelingDQN,deceptive_grid,2,616,48979,-82.0,69,1,0.5846,0.001175
DuelingDQN,deceptive_grid,2,617,49006,-20.0,27,1,0.5843,0.001654
DuelingDQN,deceptive_grid,2,618,49049,-68.0,43,1,0.584,0.003026
DuelingDQN,deceptive_grid,2,619,49105,-57.0,56,1,0.5835,0.003378
DuelingDQN,deceptive_grid,2,620,49146,-46.0,41,1,0.5831,0.002639
DuelingDQN,deceptive_grid,2,621,49167,-18.0,21,1,0.583,0.003011
DuelingDQN,deceptive_grid,2,622,49237,-59.0,70,1,0.5824,0.001982
DuelingDQN,deceptive_grid,2,623,49256,-8.0,19,1,0.5822,0.001254
DuelingDQN,deceptive_grid,2,624,49272,-5.0,16,1,0.5821,0.001408
DuelingDQN,deceptive_grid,2,625,49274,9.0,2,1,0.5821,0.002058
DuelingDQN,deceptive_grid,2,626,49322,-45.0,48,1,0.5817,0.001416
DuelingDQN,deceptive_grid,2,627,49354,-29.0,32,1,0.5814,0.001359
DuelingDQN,deceptive_grid,2,628,49391,-38.0,37,1,0.5811,0.001622
DuelingDQN,deceptive_grid,2,629,49416,-18.0,25,1,0.5809,0.002104
DuelingDQN,deceptive_grid,2,630,49443,-32.0,27,1,0.5806,0.002857
DuelingDQN,deceptive_grid,2,631,49487,-33.0,44,1,0.5803,0.002175
DuelingDQN,deceptive_grid,2,632,49512,-14.0,25,1,0.58,0.001994
DuelingDQN,deceptive_grid,2,633,49515,8.0,3,1,0.58,0.00286
DuelingDQN,deceptive_grid,2,634,49529,-3.0,14,1,0.5799,0.002808
DuelingDQN,deceptive_grid,2,635,49574,-46.0,45,1,0.5795,0.002264
DuelingDQN,deceptive_grid,2,636,49647,-86.0,73,1,0.5789,0.001716
DuelingDQN,deceptive_grid,2,637,49675,-21.0,28,1,0.5787,0.002223
DuelingDQN,deceptive_grid,2,638,49696,-14.0,21,1,0.5785,0.001533
DuelingDQN,deceptive_grid,2,639,49729,-22.0,33,1,0.5782,0.001557
DuelingDQN,deceptive_grid,2,640,49735,5.0,6,1,0.5781,0.001586
DuelingDQN,deceptive_grid,2,641,49754,-28.0,19,1,0.578,0.001945
DuelingDQN,deceptive_grid,2,642,49769,-4.0,15,1,0.5779,0.002754
DuelingDQN,deceptive_grid,2,643,49813,-45.0,44,1,0.5775,0.002886
DuelingDQN,deceptive_grid,2,644,49830,-10.0,17,1,0.5773,0.002415
DuelingDQN,deceptive_grid,2,645,49872,-35.0,42,1,0.577,0.002149
DuelingDQN,deceptive_grid,2,646,49937,-62.0,65,1,0.5764,0.001796
DuelingDQN,deceptive_grid,2,647,49958,-10.0,21,1,0.5763,0.00132
DuelingDQN,deceptive_grid,2,648,49988,-31.0,30,1,0.576,0.001284
DuelingDQN,deceptive_grid,2,649,50008,-25.0,20,1,0.5758,0.002351
DuelingDQN,deceptive_grid,2,650,50055,-44.0,47,1,0.5754,0.003232
DuelingDQN,deceptive_grid,2,651,50096,-38.0,41,1,0.5751,0.002657
DuelingDQN,deceptive_grid,2,652,50127,-20.0,31,1,0.5748,0.003211
DuelingDQN,deceptive_grid,2,653,50147,-9.0,20,1,0.5747,0.002766
DuelingDQN,deceptive_grid,2,654,50155,3.0,8,1,0.5746,0.00309
DuelingDQN,deceptive_grid,2,655,50233,-79.0,78,1,0.5739,0.002348
DuelingDQN,deceptive_grid,2,656,50260,-16.0,27,1,0.5737,0.001368
DuelingDQN,deceptive_grid,2,657,50283,-16.0,23,1,0.5735,0.001718
DuelingDQN,deceptive_grid,2,658,50342,-64.0,59,1,0.573,0.001524
DuelingDQN,deceptive_grid,2,659,50391,-38.0,49,1,0.5726,0.001231
DuelingDQN,deceptive_grid,2,660,50396,6.0,5,1,0.5725,0.001451
DuelingDQN,deceptive_grid,2,661,50470,-67.0,74,1,0.5719,0.001273
DuelingDQN,deceptive_grid,2,662,50497,-24.0,27,1,0.5717,0.000945
DuelingDQN,deceptive_grid,2,663,50569,-69.0,72,1,0.5711,0.002822
DuelingDQN,deceptive_grid,2,664,50605,-41.0,36,1,0.5708,0.00238
DuelingDQN,deceptive_grid,2,665,50662,-58.0,57,1,0.5703,0.002569
DuelingDQN,deceptive_grid,2,666,50669,4.0,7,1,0.5702,0.002171
DuelingDQN,deceptive_grid,2,667,50697,-21.0,28,1,0.57,0.001715
DuelingDQN,deceptive_grid,2,668,50723,-19.0,26,1,0.5698,0.001226
DuelingDQN,deceptive_grid,2,669,50732,2.0,9,1,0.5697,0.001169
DuelingDQN,deceptive_grid,2,670,50743,0.0,11,1,0.5696,0.001019
DuelingDQN,deceptive_grid,2,671,50767,-13.0,24,1,0.5694,0.001151
DuelingDQN,deceptive_grid,2,672,50802,-24.0,35,1,0.5691,0.001213
DuelingDQN,deceptive_grid,2,673,50865,-72.0,63,1,0.5686,0.001025
DuelingDQN,deceptive_grid,2,674,50927,-83.0,62,1,0.568,0.000806
DuelingDQN,deceptive_grid,2,675,50971,-33.0,44,1,0.5677,0.000617
DuelingDQN,deceptive_grid,2,676,50986,-8.0,15,1,0.5675,0.000486
DuelingDQN,deceptive_grid,2,677,51004,-15.0,18,1,0.5674,0.001046
DuelingDQN,deceptive_grid,2,678,51058,-55.0,54,1,0.5669,0.002801
DuelingDQN,deceptive_grid,2,679,51102,-65.0,44,1,0.5666,0.002062
DuelingDQN,deceptive_grid,2,680,51116,-3.0,14,1,0.5664,0.001767
DuelingDQN,deceptive_grid,2,681,51140,-29.0,24,1,0.5662,0.001716
DuelingDQN,deceptive_grid,2,682,51175,-36.0,35,1,0.5659,0.001423
DuelingDQN,deceptive_grid,2,683,51178,8.0,3,1,0.5659,0.001386
DuelingDQN,deceptive_grid,2,684,51185,4.0,7,1,0.5658,0.001334
DuelingDQN,deceptive_grid,2,685,51216,-32.0,31,1,0.5656,0.00132
DuelingDQN,deceptive_grid,2,686,51276,-65.0,60,1,0.5651,0.001079
DuelingDQN,deceptive_grid,2,687,51311,-24.0,35,1,0.5648,0.000863
DuelingDQN,deceptive_grid,2,688,51322,-8.0,11,1,0.5647,0.000649
DuelingDQN,deceptive_grid,2,689,51403,-78.0,81,1,0.564,0.000825
DuelingDQN,deceptive_grid,2,690,51423,-21.0,20,1,0.5638,0.000589
DuelingDQN,deceptive_grid,2,691,51436,-2.0,13,1,0.5637,0.000692
DuelingDQN,deceptive_grid,2,692,51462,-27.0,26,1,0.5635,0.00097
DuelingDQN,deceptive_grid,2,693,51482,-17.0,20,1,0.5633,0.000959
DuelingDQN,deceptive_grid,2,694,51510,-25.0,28,1,0.5631,0.001627
DuelingDQN,deceptive_grid,2,695,51539,-26.0,29,1,0.5628,0.003302
DuelingDQN,deceptive_grid,2,696,51580,-30.0,41,1,0.5625,0.003145
DuelingDQN,deceptive_grid,2,697,51616,-29.0,36,1,0.5622,0.003157
DuelingDQN,deceptive_grid,2,698,51647,-20.0,31,1,0.5619,0.00378
DuelingDQN,deceptive_grid,2,699,51666,-20.0,19,1,0.5618,0.002987
DuelingDQN,deceptive_grid,2,700,51721,-48.0,55,1,0.5613,0.002825
DuelingDQN,deceptive_grid,2,701,51732,0.0,11,1,0.5612,0.003754
DuelingDQN,deceptive_grid,2,702,51766,-27.0,34,1,0.5609,0.002394
DuelingDQN,deceptive_grid,2,703,51826,-65.0,60,1,0.5604,0.00221
DuelingDQN,deceptive_grid,2,704,51857,-20.0,31,1,0.5601,0.002094
DuelingDQN,deceptive_grid,2,705,51883,-23.0,26,1,0.5599,0.001966
DuelingDQN,deceptive_grid,2,706,51921,-31.0,38,1,0.5596,0.001467
DuelingDQN,deceptive_grid,2,707,51936,-12.0,15,1,0.5595,0.001074
DuelingDQN,deceptive_grid,2,708,51950,-7.0,14,1,0.5594,0.000935
DuelingDQN,deceptive_grid,2,709,51992,-43.0,42,1,0.559,0.000759
DuelingDQN,deceptive_grid,2,710,52003,-4.0,11,1,0.5589,0.001133
DuelingDQN,deceptive_grid,2,711,52034,-32.0,31,1,0.5586,0.001924
DuelingDQN,deceptive_grid,2,712,52061,-28.0,27,1,0.5584,0.001871
DuelingDQN,deceptive_grid,2,713,52076,-12.0,15,1,0.5583,0.001963
DuelingDQN,deceptive_grid,2,714,52107,-20.0,31,1,0.558,0.002467
DuelingDQN,deceptive_grid,2,715,52123,-9.0,16,1,0.5579,0.002072
DuelingDQN,deceptive_grid,2,716,52140,-6.0,17,1,0.5577,0.001648
DuelingDQN,deceptive_grid,2,717,52161,-10.0,21,1,0.5576,0.001771
DuelingDQN,deceptive_grid,2,718,52199,-35.0,38,1,0.5572,0.001458
DuelingDQN,deceptive_grid,2,719,52211,-1.0,12,1,0.5571,0.001304
DuelingDQN,deceptive_grid,2,720,52264,-58.0,53,1,0.5567,0.001231
DuelingDQN,deceptive_grid,2,721,52281,-10.0,17,1,0.5566,0.001296
DuelingDQN,deceptive_grid,2,722,52301,-9.0,20,1,0.5564,0.000948
DuelingDQN,deceptive_grid,2,723,52317,-5.0,16,1,0.5562,0.001225
DuelingDQN,deceptive_grid,2,724,52367,-39.0,50,1,0.5558,0.001617
DuelingDQN,deceptive_grid,2,725,52403,-37.0,36,1,0.5555,0.001047
DuelingDQN,deceptive_grid,2,726,52410,4.0,7,1,0.5555,0.001115
DuelingDQN,deceptive_grid,2,727,52423,-2.0,13,1,0.5553,0.000984
DuelingDQN,deceptive_grid,2,728,52444,-10.0,21,1,0.5552,0.00107
DuelingDQN,deceptive_grid,2,729,52479,-36.0,35,1,0.5549,0.001106
DuelingDQN,deceptive_grid,2,730,52528,-62.0,49,1,0.5545,0.001718
DuelingDQN,deceptive_grid,2,731,52585,-50.0,57,1,0.554,0.001927
DuelingDQN,deceptive_grid,2,732,52612,-20.0,27,1,0.5537,0.001695
DuelingDQN,deceptive_grid,2,733,52624,-1.0,12,1,0.5536,0.002318
DuelingDQN,deceptive_grid,2,734,52640,-9.0,16,1,0.5535,0.002348
DuelingDQN,deceptive_grid,2,735,52666,-31.0,26,1,0.5533,0.002383
DuelingDQN,deceptive_grid,2,736,52697,-20.0,31,1,0.553,0.002652
DuelingDQN,deceptive_grid,2,737,52725,-17.0,28,1,0.5528,0.002438
DuelingDQN,deceptive_grid,2,738,52735,1.0,10,1,0.5527,0.001908
DuelingDQN,deceptive_grid,2,739,52773,-31.0,38,1,0.5524,0.001487
DuelingDQN,deceptive_grid,2,740,52824,-40.0,51,1,0.5519,0.001174
DuelingDQN,deceptive_grid,2,741,52833,2.0,9,1,0.5519,0.001015
DuelingDQN,deceptive_grid,2,742,52885,-53.0,52,1,0.5514,0.000968
DuelingDQN,deceptive_grid,2,743,52909,-29.0,24,1,0.5512,0.001185
DuelingDQN,deceptive_grid,2,744,52922,-2.0,13,1,0.5511,0.000902
DuelingDQN,deceptive_grid,2,745,52926,7.0,4,1,0.5511,0.000659
DuelingDQN,deceptive_grid,2,746,52987,-62.0,61,1,0.5506,0.000897
DuelingDQN,deceptive_grid,2,747,53024,-34.0,37,1,0.5503,0.00183
DuelingDQN,deceptive_grid,2,748,53064,-45.0,40,1,0.5499,0.001653
DuelingDQN,deceptive_grid,2,749,53113,-38.0,49,1,0.5495,0.002045
DuelingDQN,deceptive_grid,2,750,53140,-32.0,27,1,0.5493,0.002334
DuelingDQN,deceptive_grid,2,751,53157,-10.0,17,1,0.5491,0.001919
DuelingDQN,deceptive_grid,2,752,53162,6.0,5,1,0.5491,0.001667
DuelingDQN,deceptive_grid,2,753,53192,-19.0,30,1,0.5488,0.002108
DuelingDQN,deceptive_grid,2,754,53202,-7.0,10,1,0.5487,0.001629
DuelingDQN,deceptive_grid,2,755,53256,-59.0,54,1,0.5483,0.001467
DuelingDQN,deceptive_grid,2,756,53284,-25.0,28,1,0.548,0.00136
DuelingDQN,deceptive_grid,2,757,53302,-15.0,18,1,0.5479,0.001343
DuelingDQN,deceptive_grid,2,758,53337,-32.0,35,1,0.5476,0.000977
DuelingDQN,deceptive_grid,2,759,53374,-34.0,37,1,0.5473,0.00066
DuelingDQN,deceptive_grid,2,760,53394,-9.0,20,1,0.5471,0.000699
DuelingDQN,deceptive_grid,2,761,53458,-61.0,64,1,0.5466,0.001015
DuelingDQN,deceptive_grid,2,762,53472,-3.0,14,1,0.5465,0.001698
DuelingDQN,deceptive_grid,2,763,53595,-140.0,123,1,0.5454,0.003363
DuelingDQN,deceptive_grid,2,764,53631,-29.0,36,1,0.5451,0.006
DuelingDQN,deceptive_grid,2,765,53668,-26.0,37,1,0.5448,0.00399
DuelingDQN,deceptive_grid,2,766,53740,-77.0,72,1,0.5442,0.001808
DuelingDQN,deceptive_grid,2,767,53751,0.0,11,1,0.5441,0.001744
DuelingDQN,deceptive_grid,2,768,53783,-21.0,32,1,0.5438,0.001138
DuelingDQN,deceptive_grid,2,769,53841,-51.0,58,1,0.5433,0.000806
DuelingDQN,deceptive_grid,2,770,53922,-94.0,81,1,0.5426,0.000478
DuelingDQN,deceptive_grid,2,771,53977,-56.0,55,1,0.5422,0.000466
DuelingDQN,deceptive_grid,2,772,53983,5.0,6,1,0.5421,0.000407
DuelingDQN,deceptive_grid,2,773,54036,-66.0,53,1,0.5417,0.001441
DuelingDQN,deceptive_grid,2,774,54063,-24.0,27,1,0.5414,0.001971
DuelingDQN,deceptive_grid,2,775,54120,-54.0,57,1,0.541,0.001459
DuelingDQN,deceptive_grid,2,776,54159,-36.0,39,1,0.5406,0.001276
DuelingDQN,deceptive_grid,2,777,54160,10.0,1,1,0.5406,0.003883
DuelingDQN,deceptive_grid,2,778,54202,-31.0,42,1,0.5403,0.00105
DuelingDQN,deceptive_grid,2,779,54237,-36.0,35,1,0.54,0.000701
DuelingDQN,deceptive_grid,2,780,54272,-28.0,35,1,0.5397,0.000867
DuelingDQN,deceptive_grid,2,781,54330,-67.0,58,1,0.5392,0.000917
DuelingDQN,deceptive_grid,2,782,54380,-55.0,50,1,0.5387,0.000952
DuelingDQN,deceptive_grid,2,783,54403,-12.0,23,1,0.5386,0.000892
DuelingDQN,deceptive_grid,2,784,54419,-5.0,16,1,0.5384,0.000797
DuelingDQN,deceptive_grid,2,785,54483,-65.0,64,1,0.5379,0.000764
DuelingDQN,deceptive_grid,2,786,54488,2.0,5,1,0.5378,0.000642
DuelingDQN,deceptive_grid,2,787,54504,-9.0,16,1,0.5377,0.000901
DuelingDQN,deceptive_grid,2,788,54567,-64.0,63,1,0.5372,0.00271
DuelingDQN,deceptive_grid,2,789,54583,-5.0,16,1,0.537,0.001964
DuelingDQN,deceptive_grid,2,790,54588,6.0,5,1,0.537,0.001844
DuelingDQN,deceptive_grid,2,791,54601,-2.0,13,1,0.5369,0.002151
DuelingDQN,deceptive_grid,2,792,54640,-28.0,39,1,0.5365,0.003531
DuelingDQN,deceptive_grid,2,793,54654,-3.0,14,1,0.5364,0.004141
DuelingDQN,deceptive_grid,2,794,54704,-39.0,50,1,0.536,0.002387
DuelingDQN,deceptive_grid,2,795,54749,-34.0,45,1,0.5356,0.001952
DuelingDQN,deceptive_grid,2,796,54788,-28.0,39,1,0.5353,0.001434
DuelingDQN,deceptive_grid,2,797,54789,10.0,1,1,0.5353,0.001315
DuelingDQN,deceptive_grid,2,798,54816,-24.0,27,1,0.5351,0.0013
DuelingDQN,deceptive_grid,2,799,54854,-31.0,38,1,0.5347,0.001603
DuelingDQN,deceptive_grid,2,800,54893,-32.0,39,1,0.5344,0.001623
DQN,deceptive_grid,3,1,97,-110.0,97,1,0.9992,
DQN,deceptive_grid,3,2,297,-252.0,200,0,0.9975,
DQN,deceptive_grid,3,3,497,-240.0,200,0,0.9958,
DQN,deceptive_grid,3,4,697,-276.0,200,0,0.9941,
DQN,deceptive_grid,3,5,897,-252.0,200,0,0.9924,
DQN,deceptive_grid,3,6,900,4.0,3,1,0.9924,
DQN,deceptive_grid,3,7,1100,-296.0,200,0,0.9907,0.337906
DQN,deceptive_grid,3,8,1227,-152.0,127,1,0.9896,0.277146
DQN,deceptive_grid,3,9,1427,-340.0,200,0,0.9879,0.261838
DQN,deceptive_grid,3,10,1627,-232.0,200,0,0.9862,0.23646
DQN,deceptive_grid,3,11,1827,-296.0,200,0,0.9845,0.174782
DQN,deceptive_grid,3,12,2027,-288.0,200,0,0.9828,0.149644
DQN,deceptive_grid,3,13,2192,-222.0,165,1,0.9814,0.105906
DQN,deceptive_grid,3,14,2392,-260.0,200,0,0.9797,0.100775
DQN,deceptive_grid,3,15,2592,-216.0,200,0,0.978,0.083993
DQN,deceptive_grid,3,16,2792,-224.0,200,0,0.9763,0.062848
DQN,deceptive_grid,3,17,2813,-10.0,21,1,0.9761,0.041862
DQN,deceptive_grid,3,18,3013,-260.0,200,0,0.9744,0.059914
DQN,deceptive_grid,3,19,3213,-252.0,200,0,0.9727,0.060647
DQN,deceptive_grid,3,20,3413,-292.0,200,0,0.9711,0.05113
DQN,deceptive_grid,3,21,3613,-292.0,200,0,0.9694,0.066048
DQN,deceptive_grid,3,22,3813,-260.0,200,0,0.9677,0.048722
DQN,deceptive_grid,3,23,3870,-78.0,57,1,0.9672,0.042038
DQN,deceptive_grid,3,24,4070,-244.0,200,0,0.9655,0.066846
DQN,deceptive_grid,3,25,4270,-240.0,200,0,0.9638,0.054808
DQN,deceptive_grid,3,26,4470,-292.0,200,0,0.9621,0.05046
DQN,deceptive_grid,3,27,4508,-35.0,38,1,0.9618,0.095683
DQN,deceptive_grid,3,28,4708,-260.0,200,0,0.9601,0.064653
DQN,deceptive_grid,3,29,4850,-211.0,142,1,0.9589,0.051323
DQN,deceptive_grid,3,30,5050,-288.0,200,0,0.9572,0.065326
DQN,deceptive_grid,3,31,5250,-260.0,200,0,0.9555,0.054512
DQN,deceptive_grid,3,32,5268,-7.0,18,1,0.9553,0.055181
DQN,deceptive_grid,3,33,5468,-280.0,200,0,0.9536,0.059413
DQN,deceptive_grid,3,34,5668,-260.0,200,0,0.9519,0.063735
DQN,deceptive_grid,3,35,5868,-228.0,200,0,0.9502,0.058958
DQN,deceptive_grid,3,36,6068,-300.0,200,0,0.9485,0.069412
DQN,deceptive_grid,3,37,6268,-328.0,200,0,0.9468,0.052871
DQN,deceptive_grid,3,38,6468,-256.0,200,0,0.9451,0.057319
DQN,deceptive_grid,3,39,6668,-232.0,200,0,0.9434,0.071434
DQN,deceptive_grid,3,40,6868,-272.0,200,0,0.9417,0.052999
DQN,deceptive_grid,3,41,6929,-78.0,61,1,0.9412,0.036497
DQN,deceptive_grid,3,42,7102,-234.0,173,1,0.9398,0.070792
DQN,deceptive_grid,3,43,7302,-248.0,200,0,0.9381,0.052806
DQN,deceptive_grid,3,44,7305,8.0,3,1,0.938,0.03565
DQN,deceptive_grid,3,45,7377,-77.0,72,1,0.9374,0.080587
DQN,deceptive_grid,3,46,7577,-224.0,200,0,0.9357,0.060685
DQN,deceptive_grid,3,47,7777,-240.0,200,0,0.934,0.068675
DQN,deceptive_grid,3,48,7977,-272.0,200,0,0.9323,0.054043
DQN,deceptive_grid,3,49,8177,-200.0,200,0,0.9306,0.074811
DQN,deceptive_grid,3,50,8200,-32.0,23,1,0.9304,0.052494
DQN,deceptive_grid,3,51,8369,-270.0,169,1,0.929,0.072468
DQN,deceptive_grid,3,52,8569,-280.0,200,0,0.9273,0.085317
DQN,deceptive_grid,3,53,8769,-268.0,200,0,0.9256,0.073478
DQN,deceptive_grid,3,54,8969,-248.0,200,0,0.9239,0.061694
DQN,deceptive_grid,3,55,9169,-236.0,200,0,0.9222,0.077731
DQN,deceptive_grid,3,56,9369,-244.0,200,0,0.9205,0.08446
DQN,deceptive_grid,3,57,9569,-220.0,200,0,0.9188,0.075312
DQN,deceptive_grid,3,58,9769,-316.0,200,0,0.9171,0.071159
DQN,deceptive_grid,3,59,9969,-252.0,200,0,0.9154,0.075246
DQN,deceptive_grid,3,60,10164,-232.0,195,1,0.9138,0.082222
DQN,deceptive_grid,3,61,10364,-236.0,200,0,0.9121,0.078313
DQN,deceptive_grid,3,62,10564,-212.0,200,0,0.9104,0.087264
DQN,deceptive_grid,3,63,10764,-292.0,200,0,0.9087,0.095244
DQN,deceptive_grid,3,64,10964,-228.0,200,0,0.907,0.077595
DQN,deceptive_grid,3,65,11159,-236.0,195,1,0.9053,0.109069
DQN,deceptive_grid,3,66,11274,-176.0,115,1,0.9044,0.09141
DQN,deceptive_grid,3,67,11448,-215.0,174,1,0.9029,0.092069
DQN,deceptive_grid,3,68,11552,-133.0,104,1,0.902,0.108685
DQN,deceptive_grid,3,69,11752,-284.0,200,0,0.9003,0.123759
DQN,deceptive_grid,3,70,11952,-244.0,200,0,0.8986,0.115961
DQN,deceptive_grid,3,71,11978,-31.0,26,1,0.8984,0.110913
DQN,deceptive_grid,3,72,12156,-227.0,178,1,0.8969,0.146334
DQN,deceptive_grid,3,73,12356,-248.0,200,0,0.8952,0.12227
DQN,deceptive_grid,3,74,12556,-272.0,200,0,0.8935,0.146793
DQN,deceptive_grid,3,75,12742,-227.0,186,1,0.8919,0.160415
DQN,deceptive_grid,3,76,12942,-312.0,200,0,0.8902,0.165036
DQN,deceptive_grid,3,77,13142,-224.0,200,0,0.8885,0.172838
DQN,deceptive_grid,3,78,13251,-158.0,109,1,0.8876,0.163718
DQN,deceptive_grid,3,79,13451,-288.0,200,0,0.8859,0.182234
DQN,deceptive_grid,3,80,13651,-284.0,200,0,0.8842,0.199001
DQN,deceptive_grid,3,81,13851,-240.0,200,0,0.8825,0.161068
DQN,deceptive_grid,3,82,13942,-100.0,91,1,0.8817,0.17888
DQN,deceptive_grid,3,83,13946,7.0,4,1,0.8817,0.111283
DQN,deceptive_grid,3,84,14146,-404.0,200,0,0.88,0.192742
DQN,deceptive_grid,3,85,14322,-205.0,176,1,0.8785,0.203522
DQN,deceptive_grid,3,86,14376,-59.0,54,1,0.8781,0.190436
DQN,deceptive_grid,3,87,14576,-268.0,200,0,0.8764,0.199384
DQN,deceptive_grid,3,88,14679,-152.0,103,1,0.8755,0.207796
DQN,deceptive_grid,3,89,14691,-1.0,12,1,0.8754,0.18191
DQN,deceptive_grid,3,90,14891,-256.0,200,0,0.8737,0.195565
DQN,deceptive_grid,3,91,14908,-10.0,17,1,0.8735,0.221386
DQN,deceptive_grid,3,92,14950,-43.0,42,1,0.8732,0.234933
DQN,deceptive_grid,3,93,15150,-216.0,200,0,0.8715,0.228331
DQN,deceptive_grid,3,94,15217,-88.0,67,1,0.8709,0.211842
DQN,deceptive_grid,3,95,15322,-98.0,105,1,0.87,0.227379
DQN,deceptive_grid,3,96,15489,-200.0,167,1,0.8686,0.229106
DQN,deceptive_grid,3,97,15689,-272.0,200,0,0.8669,0.222779
DQN,deceptive_grid,3,98,15693,7.0,4,1,0.8669,0.133061
DQN,deceptive_grid,3,99,15893,-240.0,200,0,0.8652,0.237537
DQN,deceptive_grid,3,100,16040,-160.0,147,1,0.8639,0.214907
DQN,deceptive_grid,3,101,16045,6.0,5,1,0.8639,0.147035
DQN,deceptive_grid,3,102,16245,-248.0,200,0,0.8622,0.227874
DQN,deceptive_grid,3,103,16445,-272.0,200,0,0.8605,0.242793
DQN,deceptive_grid,3,104,16645,-264.0,200,0,0.8588,0.249221
DQN,deceptive_grid,3,105,16745,-125.0,100,1,0.858,0.253902
DQN,deceptive_grid,3,106,16945,-336.0,200,0,0.8563,0.226724
DQN,deceptive_grid,3,107,16952,0.0,7,1,0.8562,0.253863
DQN,deceptive_grid,3,108,17152,-232.0,200,0,0.8545,0.26858
DQN,deceptive_grid,3,109,17250,-99.0,98,1,0.8537,0.255501
DQN,deceptive_grid,3,110,17421,-204.0,171,1,0.8522,0.251283
DQN,deceptive_grid,3,111,17621,-256.0,200,0,0.8505,0.2825
DQN,deceptive_grid,3,112,17719,-107.0,98,1,0.8497,0.252808
DQN,deceptive_grid,3,113,17919,-244.0,200,0,0.848,0.260794
DQN,deceptive_grid,3,114,18094,-236.0,175,1,0.8465,0.275775
DQN,deceptive_grid,3,115,18294,-284.0,200,0,0.8448,0.272079
DQN,deceptive_grid,3,116,18449,-208.0,155,1,0.8435,0.283763
DQN,deceptive_grid,3,117,18649,-244.0,200,0,0.8418,0.268417
DQN,deceptive_grid,3,118,18700,-56.0,51,1,0.8414,0.254604
DQN,deceptive_grid,3,119,18746,-59.0,46,1,0.841,0.282362
DQN,deceptive_grid,3,120,18946,-260.0,200,0,0.8393,0.270489
DQN,deceptive_grid,3,121,18968,-23.0,22,1,0.8391,0.321912
DQN,deceptive_grid,3,122,19168,-232.0,200,0,0.8374,0.291748
DQN,deceptive_grid,3,123,19368,-228.0,200,0,0.8357,0.269827
DQN,deceptive_grid,3,124,19427,-48.0,59,1,0.8352,0.249303
DQN,deceptive_grid,3,125,19627,-276.0,200,0,0.8335,0.274744
DQN,deceptive_grid,3,126,19660,-30.0,33,1,0.8332,0.310305
DQN,deceptive_grid,3,127,19860,-288.0,200,0,0.8315,0.262856
DQN,deceptive_grid,3,128,19982,-167.0,122,1,0.8305,0.268096
DQN,deceptive_grid,3,129,20034,-49.0,52,1,0.8301,0.330261
DQN,deceptive_grid,3,130,20157,-160.0,123,1,0.829,0.291411
DQN,deceptive_grid,3,131,20221,-93.0,64,1,0.8285,0.276422
DQN,deceptive_grid,3,132,20421,-232.0,200,0,0.8268,0.290947
DQN,deceptive_grid,3,133,20621,-256.0,200,0,0.8251,0.286311
DQN,deceptive_grid,3,134,20623,9.0,2,1,0.8251,0.207533
DQN,deceptive_grid,3,135,20818,-236.0,195,1,0.8234,0.298139
DQN,deceptive_grid,3,136,21016,-287.0,198,1,0.8217,0.28634
DQN,deceptive_grid,3,137,21108,-105.0,92,1,0.821,0.311999
DQN,deceptive_grid,3,138,21204,-113.0,96,1,0.8201,0.295753
DQN,deceptive_grid,3,139,21210,5.0,6,1,0.8201,0.324813
DQN,deceptive_grid,3,140,21289,-88.0,79,1,0.8194,0.331408
DQN,deceptive_grid,3,141,21304,-8.0,15,1,0.8193,0.312803
DQN,deceptive_grid,3,142,21504,-284.0,200,0,0.8176,0.324007
DQN,deceptive_grid,3,143,21704,-328.0,200,0,0.8159,0.365247
DQN,deceptive_grid,3,144,21723,-8.0,19,1,0.8157,0.333241
DQN,deceptive_grid,3,145,21923,-320.0,200,0,0.814,0.33431
DQN,deceptive_grid,3,146,21968,-58.0,45,1,0.8137,0.324369
DQN,deceptive_grid,3,147,22033,-70.0,65,1,0.8131,0.366717
DQN,deceptive_grid,3,148,22039,5.0,6,1,0.8131,0.26007
DQN,deceptive_grid,3,149,22062,-12.0,23,1,0.8129,0.400556
DQN,deceptive_grid,3,150,22210,-189.0,148,1,0.8116,0.364479
DQN,deceptive_grid,3,151,22288,-79.0,78,1,0.811,0.374588
DQN,deceptive_grid,3,152,22339,-48.0,51,1,0.8105,0.350424
DQN,deceptive_grid,3,153,22539,-312.0,200,0,0.8088,0.361896
DQN,deceptive_grid,3,154,22712,-202.0,173,1,0.8074,0.391919
DQN,deceptive_grid,3,155,22832,-129.0,120,1,0.8063,0.412101
DQN,deceptive_grid,3,156,22905,-70.0,73,1,0.8057,0.391833
DQN,deceptive_grid,3,157,23099,-227.0,194,1,0.8041,0.404128
DQN,deceptive_grid,3,158,23299,-308.0,200,0,0.8024,0.384978
DQN,deceptive_grid,3,159,23394,-112.0,95,1,0.8016,0.371866
DQN,deceptive_grid,3,160,23421,-32.0,27,1,0.8013,0.413444
DQN,deceptive_grid,3,161,23621,-240.0,200,0,0.7996,0.433423
DQN,deceptive_grid,3,162,23709,-101.0,88,1,0.7989,0.405617
DQN,deceptive_grid,3,163,23795,-91.0,86,1,0.7982,0.410348
DQN,deceptive_grid,3,164,23976,-214.0,181,1,0.7966,0.42421
DQN,deceptive_grid,3,165,24043,-76.0,67,1,0.7961,0.405681
DQN,deceptive_grid,3,166,24243,-268.0,200,0,0.7944,0.412053
DQN,deceptive_grid,3,167,24294,-64.0,51,1,0.7939,0.397201
DQN,deceptive_grid,3,168,24298,7.0,4,1,0.7939,0.350631
DQN,deceptive_grid,3,169,24466,-217.0,168,1,0.7925,0.407415
DQN,deceptive_grid,3,170,24473,4.0,7,1,0.7924,0.382638
DQN,deceptive_grid,3,171,24503,-39.0,30,1,0.7922,0.44443
DQN,deceptive_grid,3,172,24641,-163.0,138,1,0.791,0.449439
DQN,deceptive_grid,3,173,24755,-123.0,114,1,0.79,0.446797
DQN,deceptive_grid,3,174,24915,-161.0,160,1,0.7887,0.440769
DQN,deceptive_grid,3,175,25115,-244.0,200,0,0.787,0.455012
DQN,deceptive_grid,3,176,25244,-130.0,129,1,0.7859,0.41009
DQN,deceptive_grid,3,177,25270,-27.0,26,1,0.7857,0.448221
DQN,deceptive_grid,3,178,25470,-272.0,200,0,0.784,0.423878
DQN,deceptive_grid,3,179,25524,-59.0,54,1,0.7835,0.448875
DQN,deceptive_grid,3,180,25687,-164.0,163,1,0.7821,0.436561
DQN,deceptive_grid,3,181,25887,-264.0,200,0,0.7804,0.419455
DQN,deceptive_grid,3,182,25966,-72.0,79,1,0.7798,0.44542
DQN,deceptive_grid,3,183,25983,-10.0,17,1,0.7796,0.384887
DQN,deceptive_grid,3,184,26054,-68.0,71,1,0.779,0.454698
DQN,deceptive_grid,3,185,26153,-108.0,99,1,0.7782,0.429907
DQN,deceptive_grid,3,186,26251,-111.0,98,1,0.7773,0.441626
DQN,deceptive_grid,3,187,26341,-103.0,90,1,0.7766,0.426022
DQN,deceptive_grid,3,188,26377,-29.0,36,1,0.7763,0.474822
DQN,deceptive_grid,3,189,26381,-1.0,4,1,0.7762,0.546764
DQN,deceptive_grid,3,190,26456,-72.0,75,1,0.7756,0.406487
DQN,deceptive_grid,3,191,26540,-85.0,84,1,0.7749,0.41233
DQN,deceptive_grid,3,192,26740,-244.0,200,0,0.7732,0.429409
DQN,deceptive_grid,3,193,26854,-163.0,114,1,0.7722,0.400616
DQN,deceptive_grid,3,194,26992,-203.0,138,1,0.7711,0.390965
DQN,deceptive_grid,3,195,27081,-98.0,89,1,0.7703,0.428495
DQN,deceptive_grid,3,196,27152,-76.0,71,1,0.7697,0.391811
DQN,deceptive_grid,3,197,27272,-145.0,120,1,0.7687,0.412657
DQN,deceptive_grid,3,198,27346,-75.0,74,1,0.768,0.422046
DQN,deceptive_grid,3,199,27390,-37.0,44,1,0.7677,0.397839
DQN,deceptive_grid,3,200,27453,-76.0,63,1,0.7671,0.410059
DQN,deceptive_grid,3,201,27469,-9.0,16,1,0.767,0.422301
DQN,deceptive_grid,3,202,27495,-19.0,26,1,0.7668,0.388529
DQN,deceptive_grid,3,203,27543,-45.0,48,1,0.7664,0.439839
DQN,deceptive_grid,3,204,27703,-201.0,160,1,0.765,0.395135
DQN,deceptive_grid,3,205,27726,-24.0,23,1,0.7648,0.400176
DQN,deceptive_grid,3,206,27801,-88.0,75,1,0.7642,0.4051
DQN,deceptive_grid,3,207,28001,-228.0,200,0,0.7625,0.399839
DQN,deceptive_grid,3,208,28195,-259.0,194,1,0.7608,0.407494
DQN,deceptive_grid,3,209,28285,-107.0,90,1,0.7601,0.408291
DQN,deceptive_grid,3,210,28391,-103.0,106,1,0.7592,0.410161
DQN,deceptive_grid,3,211,28505,-123.0,114,1,0.7582,0.386892
DQN,deceptive_grid,3,212,28558,-70.0,53,1,0.7578,0.409544
DQN,deceptive_grid,3,213,28684,-143.0,126,1,0.7567,0.398684
DQN,deceptive_grid,3,214,28853,-182.0,169,1,0.7553,0.377414
DQN,deceptive_grid,3,215,28999,-163.0,146,1,0.754,0.396134
DQN,deceptive_grid,3,216,29081,-75.0,82,1,0.7533,0.42205
DQN,deceptive_grid,3,217,29141,-77.0,60,1,0.7528,0.396842
DQN,deceptive_grid,3,218,29194,-58.0,53,1,0.7524,0.396969
DQN,deceptive_grid,3,219,29208,-11.0,14,1,0.7523,0.345771
DQN,deceptive_grid,3,220,29300,-101.0,92,1,0.7515,0.387327
DQN,deceptive_grid,3,221,29395,-108.0,95,1,0.7507,0.336835
DQN,deceptive_grid,3,222,29400,6.0,5,1,0.7506,0.352884
DQN,deceptive_grid,3,223,29584,-221.0,184,1,0.7491,0.395501
DQN,deceptive_grid,3,224,29622,-31.0,38,1,0.7487,0.366062
DQN,deceptive_grid,3,225,29727,-98.0,105,1,0.7479,0.362662
DQN,deceptive_grid,3,226,29792,-66.0,65,1,0.7473,0.363297
DQN,deceptive_grid,3,227,29937,-178.0,145,1,0.7461,0.354989
DQN,deceptive_grid,3,228,30027,-95.0,90,1,0.7453,0.394205
DQN,deceptive_grid,3,229,30146,-136.0,119,1,0.7443,0.375504
DQN,deceptive_grid,3,230,30256,-151.0,110,1,0.7434,0.352732
DQN,deceptive_grid,3,231,30395,-180.0,139,1,0.7422,0.339879
DQN,deceptive_grid,3,232,30581,-211.0,186,1,0.7406,0.345833
DQN,deceptive_grid,3,233,30703,-131.0,122,1,0.7396,0.335125
DQN,deceptive_grid,3,234,30781,-83.0,78,1,0.7389,0.319894
DQN,deceptive_grid,3,235,30865,-101.0,84,1,0.7382,0.348743
DQN,deceptive_grid,3,236,30875,-3.0,10,1,0.7381,0.316926
DQN,deceptive_grid,3,237,30881,5.0,6,1,0.7381,0.389354
DQN,deceptive_grid,3,238,30975,-95.0,94,1,0.7373,0.316909
DQN,deceptive_grid,3,239,31020,-46.0,45,1,0.7369,0.357061
DQN,deceptive_grid,3,240,31036,-5.0,16,1,0.7367,0.380635
DQN,deceptive_grid,3,241,31140,-105.0,104,1,0.7359,0.331106
DQN,deceptive_grid,3,242,31236,-113.0,96,1,0.7351,0.32277
DQN,deceptive_grid,3,243,31296,-69.0,60,1,0.7345,0.33482
DQN,deceptive_grid,3,244,31302,5.0,6,1,0.7345,0.311307
DQN,deceptive_grid,3,245,31338,-37.0,36,1,0.7342,0.30061
DQN,deceptive_grid,3,246,31357,-12.0,19,1,0.734,0.329244
DQN,deceptive_grid,3,247,31464,-116.0,107,1,0.7331,0.301289
DQN,deceptive_grid,3,248,31492,-33.0,28,1,0.7329,0.296692
DQN,deceptive_grid,3,249,31512,-9.0,20,1,0.7327,0.373104
DQN,deceptive_grid,3,250,31550,-27.0,38,1,0.7324,0.33278
DQN,deceptive_grid,3,251,31646,-97.0,96,1,0.7316,0.302711
DQN,deceptive_grid,3,252,31781,-128.0,135,1,0.7304,0.324189
DQN,deceptive_grid,3,253,31881,-101.0,100,1,0.7296,0.292918
DQN,deceptive_grid,3,254,31966,-86.0,85,1,0.7289,0.286883
DQN,deceptive_grid,3,255,31999,-42.0,33,1,0.7286,0.295651
DQN,deceptive_grid,3,256,32055,-61.0,56,1,0.7281,0.353523
DQN,deceptive_grid,3,257,32093,-43.0,38,1,0.7278,0.296418
DQN,deceptive_grid,3,258,32180,-124.0,87,1,0.727,0.316958
DQN,deceptive_grid,3,259,32234,-59.0,54,1,0.7266,0.288481
DQN,deceptive_grid,3,260,32289,-52.0,55,1,0.7261,0.30149
DQN,deceptive_grid,3,261,32381,-97.0,92,1,0.7253,0.292674
DQN,deceptive_grid,3,262,32438,-54.0,57,1,0.7249,0.295412
DQN,deceptive_grid,3,263,32546,-101.0,108,1,0.7239,0.297572
DQN,deceptive_grid,3,264,32583,-42.0,37,1,0.7236,0.310858
DQN,deceptive_grid,3,265,32641,-63.0,58,1,0.7231,0.289041
DQN,deceptive_grid,3,266,32712,-80.0,71,1,0.7225,0.286973
DQN,deceptive_grid,3,267,32912,-236.0,200,0,0.7208,0.275035
DQN,deceptive_grid,3,268,33020,-129.0,108,1,0.7199,0.26412
DQN,deceptive_grid,3,269,33078,-51.0,58,1,0.7194,0.27243
DQN,deceptive_grid,3,270,33152,-67.0,74,1,0.7188,0.260207
DQN,deceptive_grid,3,271,33235,-76.0,83,1,0.7181,0.282502
DQN,deceptive_grid,3,272,33302,-68.0,67,1,0.7175,0.265973
DQN,deceptive_grid,3,273,33361,-68.0,59,1,0.717,0.25278
DQN,deceptive_grid,3,274,33457,-89.0,96,1,0.7162,0.268342
DQN,deceptive_grid,3,275,33490,-42.0,33,1,0.7159,0.244293
DQN,deceptive_grid,3,276,33558,-65.0,68,1,0.7154,0.298121
DQN,deceptive_grid,3,277,33683,-130.0,125,1,0.7143,0.280152
DQN,deceptive_grid,3,278,33794,-108.0,111,1,0.7134,0.258469
DQN,deceptive_grid,3,279,33853,-68.0,59,1,0.7129,0.276098
DQN,deceptive_grid,3,280,33939,-87.0,86,1,0.7121,0.261837
DQN,deceptive_grid,3,281,33997,-51.0,58,1,0.7116,0.261462
DQN,deceptive_grid,3,282,34110,-106.0,113,1,0.7107,0.278846
DQN,deceptive_grid,3,283,34155,-66.0,45,1,0.7103,0.247292
DQN,deceptive_grid,3,284,34175,-9.0,20,1,0.7101,0.234494
DQN,deceptive_grid,3,285,34329,-159.0,154,1,0.7088,0.255303
DQN,deceptive_grid,3,286,34446,-138.0,117,1,0.7078,0.244953
DQN,deceptive_grid,3,287,34483,-26.0,37,1,0.7075,0.264859
DQN,deceptive_grid,3,288,34576,-110.0,93,1,0.7067,0.283317
DQN,deceptive_grid,3,289,34579,8.0,3,1,0.7067,0.303384
DQN,deceptive_grid,3,290,34611,-21.0,32,1,0.7064,0.250669
DQN,deceptive_grid,3,291,34682,-76.0,71,1,0.7058,0.234981
DQN,deceptive_grid,3,292,34729,-52.0,47,1,0.7054,0.226173
DQN,deceptive_grid,3,293,34754,-22.0,25,1,0.7052,0.234696
DQN,deceptive_grid,3,294,34888,-179.0,134,1,0.7041,0.228189
DQN,deceptive_grid,3,295,34973,-98.0,85,1,0.7034,0.23184
DQN,deceptive_grid,3,296,35023,-39.0,50,1,0.7029,0.236423
DQN,deceptive_grid,3,297,35066,-36.0,43,1,0.7026,0.253488
DQN,deceptive_grid,3,298,35196,-123.0,130,1,0.7015,0.226074
DQN,deceptive_grid,3,299,35246,-39.0,50,1,0.701,0.227427
DQN,deceptive_grid,3,300,35299,-50.0,53,1,0.7006,0.208444
DQN,deceptive_grid,3,301,35344,-46.0,45,1,0.7002,0.235718
DQN,deceptive_grid,3,302,35501,-178.0,157,1,0.6989,0.213543
DQN,deceptive_grid,3,303,35619,-135.0,118,1,0.6979,0.215365
DQN,deceptive_grid,3,304,35661,-35.0,42,1,0.6975,0.197832
DQN,deceptive_grid,3,305,35711,-51.0,50,1,0.6971,0.203073
DQN,deceptive_grid,3,306,35820,-134.0,109,1,0.6962,0.201686
DQN,deceptive_grid,3,307,35822,9.0,2,1,0.6962,0.173114
DQN,deceptive_grid,3,308,35860,-43.0,38,1,0.6958,0.206499
DQN,deceptive_grid,3,309,35881,-22.0,21,1,0.6957,0.176729
DQN,deceptive_grid,3,310,35936,-60.0,55,1,0.6952,0.220813
DQN,deceptive_grid,3,311,36015,-76.0,79,1,0.6945,0.209815
DQN,deceptive_grid,3,312,36033,-15.0,18,1,0.6944,0.196297
DQN,deceptive_grid,3,313,36083,-39.0,50,1,0.6939,0.197061
DQN,deceptive_grid,3,314,36114,-20.0,31,1,0.6937,0.189834
DQN,deceptive_grid,3,315,36233,-128.0,119,1,0.6927,0.196181
DQN,deceptive_grid,3,316,36326,-98.0,93,1,0.6919,0.195045
DQN,deceptive_grid,3,317,36357,-24.0,31,1,0.6916,0.184378
DQN,deceptive_grid,3,318,36394,-34.0,37,1,0.6913,0.173816
DQN,deceptive_grid,3,319,36488,-87.0,94,1,0.6905,0.191963
DQN,deceptive_grid,3,320,36522,-35.0,34,1,0.6902,0.239322
DQN,deceptive_grid,3,321,36575,-58.0,53,1,0.6898,0.194494
DQN,deceptive_grid,3,322,36672,-102.0,97,1,0.6889,0.202274
DQN,deceptive_grid,3,323,36679,4.0,7,1,0.6889,0.158058
DQN,deceptive_grid,3,324,36736,-66.0,57,1,0.6884,0.198667
DQN,deceptive_grid,3,325,36804,-57.0,68,1,0.6878,0.17978
DQN,deceptive_grid,3,326,36875,-72.0,71,1,0.6872,0.180002
DQN,deceptive_grid,3,327,36987,-121.0,112,1,0.6863,0.180852
DQN,deceptive_grid,3,328,37026,-44.0,39,1,0.6859,0.203785
DQN,deceptive_grid,3,329,37044,-11.0,18,1,0.6858,0.213136
DQN,deceptive_grid,3,330,37086,-39.0,42,1,0.6854,0.185683
DQN,deceptive_grid,3,331,37151,-66.0,65,1,0.6849,0.182583
DQN,deceptive_grid,3,332,37174,-16.0,23,1,0.6847,0.178715
DQN,deceptive_grid,3,333,37234,-57.0,60,1,0.6842,0.182979
DQN,deceptive_grid,3,334,37327,-90.0,93,1,0.6834,0.187653
DQN,deceptive_grid,3,335,37382,-60.0,55,1,0.6829,0.17155
DQN,deceptive_grid,3,336,37489,-112.0,107,1,0.682,0.172547
DQN,deceptive_grid,3,337,37579,-99.0,90,1,0.6812,0.175554
DQN,deceptive_grid,3,338,37625,-43.0,46,1,0.6809,0.158912
DQN,deceptive_grid,3,339,37643,-11.0,18,1,0.6807,0.159396
DQN,deceptive_grid,3,340,37646,8.0,3,1,0.6807,0.150727
DQN,deceptive_grid,3,341,37766,-121.0,120,1,0.6797,0.160688
DQN,deceptive_grid,3,342,37896,-147.0,130,1,0.6786,0.163449
DQN,deceptive_grid,3,343,37940,-33.0,44,1,0.6782,0.141699
DQN,deceptive_grid,3,344,37979,-28.0,39,1,0.6779,0.156937
DQN,deceptive_grid,3,345,38038,-80.0,59,1,0.6774,0.168427
DQN,deceptive_grid,3,346,38127,-90.0,89,1,0.6766,0.160327
DQN,deceptive_grid,3,347,38183,-49.0,56,1,0.6761,0.14456
DQN,deceptive_grid,3,348,38271,-93.0,88,1,0.6754,0.150958
DQN,deceptive_grid,3,349,38310,-32.0,39,1,0.675,0.170424
DQN,deceptive_grid,3,350,38448,-151.0,138,1,0.6739,0.148321
DQN,deceptive_grid,3,351,38488,-29.0,40,1,0.6735,0.158596
DQN,deceptive_grid,3,352,38613,-134.0,125,1,0.6725,0.159246
DQN,deceptive_grid,3,353,38616,8.0,3,1,0.6725,0.155221
DQN,deceptive_grid,3,354,38686,-59.0,70,1,0.6719,0.148867
DQN,deceptive_grid,3,355,38764,-87.0,78,1,0.6712,0.146532
DQN,deceptive_grid,3,356,38827,-60.0,63,1,0.6707,0.140614
DQN,deceptive_grid,3,357,38899,-77.0,72,1,0.6701,0.123896
DQN,deceptive_grid,3,358,38980,-78.0,81,1,0.6694,0.132823
DQN,deceptive_grid,3,359,39060,-89.0,80,1,0.6687,0.174779
DQN,deceptive_grid,3,360,39067,0.0,7,1,0.6686,0.126272
DQN,deceptive_grid,3,361,39177,-119.0,110,1,0.6677,0.142571
DQN,deceptive_grid,3,362,39214,-38.0,37,1,0.6674,0.133874
DQN,deceptive_grid,3,363,39352,-143.0,138,1,0.6662,0.135514
DQN,deceptive_grid,3,364,39400,-37.0,48,1,0.6658,0.122864
DQN,deceptive_grid,3,365,39449,-42.0,49,1,0.6654,0.137138
DQN,deceptive_grid,3,366,39533,-85.0,84,1,0.6647,0.131327
DQN,deceptive_grid,3,367,39625,-85.0,92,1,0.6639,0.143369
DQN,deceptive_grid,3,368,39648,-20.0,23,1,0.6637,0.11608
DQN,deceptive_grid,3,369,39748,-125.0,100,1,0.6629,0.128543
DQN,deceptive_grid,3,370,39792,-41.0,44,1,0.6625,0.101981
DQN,deceptive_grid,3,371,39882,-87.0,90,1,0.6617,0.124123
DQN,deceptive_grid,3,372,39913,-36.0,31,1,0.6615,0.125741
DQN,deceptive_grid,3,373,39953,-33.0,40,1,0.6611,0.140999
DQN,deceptive_grid,3,374,40053,-117.0,100,1,0.6603,0.126563
DQN,deceptive_grid,3,375,40094,-34.0,41,1,0.6599,0.11566
DQN,deceptive_grid,3,376,40130,-25.0,36,1,0.6596,0.11664
DQN,deceptive_grid,3,377,40187,-54.0,57,1,0.6591,0.1094
DQN,deceptive_grid,3,378,40208,-14.0,21,1,0.659,0.121397
DQN,deceptive_grid,3,379,40253,-46.0,45,1,0.6586,0.117211
DQN,deceptive_grid,3,380,40283,-31.0,30,1,0.6583,0.120683
DQN,deceptive_grid,3,381,40312,-18.0,29,1,0.6581,0.106861
DQN,deceptive_grid,3,382,40330,-7.0,18,1,0.6579,0.102477
DQN,deceptive_grid,3,383,40374,-33.0,44,1,0.6575,0.111298
DQN,deceptive_grid,3,384,40441,-76.0,67,1,0.657,0.113674
DQN,deceptive_grid,3,385,40453,-1.0,12,1,0.6569,0.102327
DQN,deceptive_grid,3,386,40470,-10.0,17,1,0.6567,0.129726
DQN,deceptive_grid,3,387,40484,-15.0,14,1,0.6566,0.113588
DQN,deceptive_grid,3,388,40519,-24.0,35,1,0.6563,0.133942
DQN,deceptive_grid,3,389,40547,-17.0,28,1,0.6561,0.12004
DQN,deceptive_grid,3,390,40605,-71.0,58,1,0.6556,0.114942
DQN,deceptive_grid,3,391,40720,-116.0,115,1,0.6546,0.114217
DQN,deceptive_grid,3,392,40767,-36.0,47,1,0.6542,0.113082
DQN,deceptive_grid,3,393,40809,-35.0,42,1,0.6539,0.118149
DQN,deceptive_grid,3,394,40844,-28.0,35,1,0.6536,0.124199
DQN,deceptive_grid,3,395,40939,-96.0,95,1,0.6527,0.115154
DQN,deceptive_grid,3,396,41024,-90.0,85,1,0.652,0.12478
DQN,deceptive_grid,3,397,41080,-69.0,56,1,0.6516,0.127566
DQN,deceptive_grid,3,398,41099,-8.0,19,1,0.6514,0.110512
DQN,deceptive_grid,3,399,41274,-196.0,175,1,0.6499,0.111127
DQN,deceptive_grid,3,400,41315,-34.0,41,1,0.6496,0.095081
DQN,deceptive_grid,3,401,41381,-67.0,66,1,0.649,0.104504
DQN,deceptive_grid,3,402,41389,-1.0,8,1,0.6489,0.090619
DQN,deceptive_grid,3,403,41476,-96.0,87,1,0.6482,0.103227
DQN,deceptive_grid,3,404,41550,-67.0,74,1,0.6476,0.108784
DQN,deceptive_grid,3,405,41632,-95.0,82,1,0.6469,0.096357
DQN,deceptive_grid,3,406,41679,-36.0,47,1,0.6465,0.09318
DQN,deceptive_grid,3,407,41813,-131.0,134,1,0.6453,0.092011
DQN,deceptive_grid,3,408,41855,-35.0,42,1,0.645,0.069014
DQN,deceptive_grid,3,409,41881,-15.0,26,1,0.6448,0.07656
DQN,deceptive_grid,3,410,41883,9.0,2,1,0.6447,0.125507
DQN,deceptive_grid,3,411,41988,-106.0,105,1,0.6439,0.081894
DQN,deceptive_grid,3,412,42058,-75.0,70,1,0.6433,0.106007
DQN,deceptive_grid,3,413,42132,-87.0,74,1,0.6426,0.098681
DQN,deceptive_grid,3,414,42150,-11.0,18,1,0.6425,0.086401
DQN,deceptive_grid,3,415,42224,-75.0,74,1,0.6419,0.09768
DQN,deceptive_grid,3,416,42300,-65.0,76,1,0.6412,0.091189
DQN,deceptive_grid,3,417,42393,-86.0,93,1,0.6404,0.089264
DQN,deceptive_grid,3,418,42509,-121.0,116,1,0.6394,0.087013
DQN,deceptive_grid,3,419,42567,-51.0,58,1,0.6389,0.107517
DQN,deceptive_grid,3,420,42584,-6.0,17,1,0.6388,0.086305
DQN,deceptive_grid,3,421,42709,-138.0,125,1,0.6377,0.088118
DQN,deceptive_grid,3,422,42778,-74.0,69,1,0.6372,0.089349
DQN,deceptive_grid,3,423,42897,-116.0,119,1,0.6361,0.083816
DQN,deceptive_grid,3,424,42915,-19.0,18,1,0.636,0.078756
DQN,deceptive_grid,3,425,42929,-7.0,14,1,0.6359,0.087561
DQN,deceptive_grid,3,426,42960,-24.0,31,1,0.6356,0.090146
DQN,deceptive_grid,3,427,43058,-115.0,98,1,0.6348,0.086085
DQN,deceptive_grid,3,428,43070,-1.0,12,1,0.6347,0.078677
DQN,deceptive_grid,3,429,43114,-33.0,44,1,0.6343,0.082804
DQN,deceptive_grid,3,430,43180,-67.0,66,1,0.6337,0.080516
DQN,deceptive_grid,3,431,43215,-28.0,35,1,0.6334,0.078644
DQN,deceptive_grid,3,432,43276,-50.0,61,1,0.6329,0.076383
DQN,deceptive_grid,3,433,43330,-51.0,54,1,0.6325,0.078482
DQN,deceptive_grid,3,434,43370,-29.0,40,1,0.6321,0.076394
DQN,deceptive_grid,3,435,43428,-67.0,58,1,0.6316,0.083135
DQN,deceptive_grid,3,436,43449,-10.0,21,1,0.6315,0.073536
DQN,deceptive_grid,3,437,43471,-11.0,22,1,0.6313,0.082059
DQN,deceptive_grid,3,438,43550,-68.0,79,1,0.6306,0.074047
DQN,deceptive_grid,3,439,43635,-82.0,85,1,0.6299,0.088097
DQN,deceptive_grid,3,440,43683,-41.0,48,1,0.6295,0.079704
DQN,deceptive_grid,3,441,43739,-73.0,56,1,0.629,0.080911
DQN,deceptive_grid,3,442,43781,-43.0,42,1,0.6286,0.078623
DQN,deceptive_grid,3,443,43824,-36.0,43,1,0.6283,0.083952
DQN,deceptive_grid,3,444,43881,-58.0,57,1,0.6278,0.077369
DQN,deceptive_grid,3,445,43999,-123.0,118,1,0.6268,0.076127
DQN,deceptive_grid,3,446,44048,-38.0,49,1,0.6264,0.092364
DQN,deceptive_grid,3,447,44100,-49.0,52,1,0.6259,0.074994
DQN,deceptive_grid,3,448,44200,-117.0,100,1,0.6251,0.072174
DQN,deceptive_grid,3,449,44236,-33.0,36,1,0.6248,0.073658
DQN,deceptive_grid,3,450,44292,-45.0,56,1,0.6243,0.061445
DQN,deceptive_grid,3,451,44322,-27.0,30,1,0.6241,0.067743
DQN,deceptive_grid,3,452,44387,-58.0,65,1,0.6235,0.06642
DQN,deceptive_grid,3,453,44410,-20.0,23,1,0.6233,0.07975
DQN,deceptive_grid,3,454,44432,-15.0,22,1,0.6231,0.076612
DQN,deceptive_grid,3,455,44515,-80.0,83,1,0.6224,0.072081
DQN,deceptive_grid,3,456,44534,-12.0,19,1,0.6223,0.069357
DQN,deceptive_grid,3,457,44565,-20.0,31,1,0.622,0.077529
DQN,deceptive_grid,3,458,44616,-64.0,51,1,0.6216,0.074834
DQN,deceptive_grid,3,459,44653,-30.0,37,1,0.6212,0.064239
DQN,deceptive_grid,3,460,44694,-38.0,41,1,0.6209,0.068783
DQN,deceptive_grid,3,461,44780,-87.0,86,1,0.6202,0.078196
DQN,deceptive_grid,3,462,44852,-69.0,72,1,0.6196,0.068657
DQN,deceptive_grid,3,463,44906,-47.0,54,1,0.6191,0.079719
DQN,deceptive_grid,3,464,44963,-50.0,57,1,0.6186,0.065507
DQN,deceptive_grid,3,465,45000,-38.0,37,1,0.6183,0.059162
DQN,deceptive_grid,3,466,45031,-28.0,31,1,0.618,0.069306
DQN,deceptive_grid,3,467,45076,-42.0,45,1,0.6177,0.073282
DQN,deceptive_grid,3,468,45112,-45.0,36,1,0.6174,0.056109
DQN,deceptive_grid,3,469,45195,-88.0,83,1,0.6166,0.063294
DQN,deceptive_grid,3,470,45253,-47.0,58,1,0.6162,0.061978
DQN,deceptive_grid,3,471,45339,-83.0,86,1,0.6154,0.058275
DQN,deceptive_grid,3,472,45370,-32.0,31,1,0.6152,0.057975
DQN,deceptive_grid,3,473,45442,-77.0,72,1,0.6146,0.060286
DQN,deceptive_grid,3,474,45451,-6.0,9,1,0.6145,0.058623
DQN,deceptive_grid,3,475,45457,5.0,6,1,0.6144,0.046307
DQN,deceptive_grid,3,476,45490,-38.0,33,1,0.6141,0.057073
DQN,deceptive_grid,3,477,45545,-56.0,55,1,0.6137,0.068466
DQN,deceptive_grid,3,478,45632,-96.0,87,1,0.6129,0.064662
DQN,deceptive_grid,3,479,45673,-50.0,41,1,0.6126,0.058341
DQN,deceptive_grid,3,480,45717,-33.0,44,1,0.6122,0.058337
DQN,deceptive_grid,3,481,45759,-31.0,42,1,0.6119,0.062503
DQN,deceptive_grid,3,482,45771,-1.0,12,1,0.6118,0.051506
DQN,deceptive_grid,3,483,45815,-41.0,44,1,0.6114,0.05715
DQN,deceptive_grid,3,484,45901,-79.0,86,1,0.6107,0.062257
DQN,deceptive_grid,3,485,45971,-71.0,70,1,0.6101,0.057586
DQN,deceptive_grid,3,486,46035,-53.0,64,1,0.6095,0.066329
DQN,deceptive_grid,3,487,46056,-14.0,21,1,0.6093,0.064942
DQN,deceptive_grid,3,488,46068,-1.0,12,1,0.6092,0.054482
DQN,deceptive_grid,3,489,46127,-56.0,59,1,0.6087,0.062193
DQN,deceptive_grid,3,490,46149,-11.0,22,1,0.6086,0.059081
DQN,deceptive_grid,3,491,46181,-33.0,32,1,0.6083,0.063965
DQN,deceptive_grid,3,492,46215,-27.0,34,1,0.608,0.055034
DQN,deceptive_grid,3,493,46267,-53.0,52,1,0.6076,0.059146
DQN,deceptive_grid,3,494,46307,-29.0,40,1,0.6072,0.059087
DQN,deceptive_grid,3,495,46393,-115.0,86,1,0.6065,0.055688
DQN,deceptive_grid,3,496,46413,-13.0,20,1,0.6063,0.048603
DQN,deceptive_grid,3,497,46417,7.0,4,1,0.6063,0.099743
DQN,deceptive_grid,3,498,46440,-20.0,23,1,0.6061,0.058805
DQN,deceptive_grid,3,499,46497,-62.0,57,1,0.6056,0.066272
DQN,deceptive_grid,3,500,46567,-79.0,70,1,0.605,0.069966
DQN,deceptive_grid,3,501,46589,-15.0,22,1,0.6048,0.077931
DQN,deceptive_grid,3,502,46637,-45.0,48,1,0.6044,0.065956
DQN,deceptive_grid,3,503,46724,-76.0,87,1,0.6037,0.067998
DQN,deceptive_grid,3,504,46825,-142.0,101,1,0.6028,0.060105
DQN,deceptive_grid,3,505,46855,-19.0,30,1,0.6026,0.05897
DQN,deceptive_grid,3,506,46903,-49.0,48,1,0.6022,0.060684
DQN,deceptive_grid,3,507,46953,-51.0,50,1,0.6017,0.057132
DQN,deceptive_grid,3,508,47007,-43.0,54,1,0.6013,0.057683
DQN,deceptive_grid,3,509,47041,-27.0,34,1,0.601,0.066486
DQN,deceptive_grid,3,510,47089,-45.0,48,1,0.6006,0.06168
DQN,deceptive_grid,3,511,47161,-61.0,72,1,0.6,0.055356
DQN,deceptive_grid,3,512,47168,4.0,7,1,0.5999,0.058155
DQN,deceptive_grid,3,513,47192,-13.0,24,1,0.5997,0.057662
DQN,deceptive_grid,3,514,47238,-39.0,46,1,0.5993,0.068367
DQN,deceptive_grid,3,515,47280,-39.0,42,1,0.599,0.06179
DQN,deceptive_grid,3,516,47336,-45.0,56,1,0.5985,0.059951
DQN,deceptive_grid,3,517,47394,-51.0,58,1,0.598,0.054193
DQN,deceptive_grid,3,518,47428,-23.0,34,1,0.5977,0.055659
DQN,deceptive_grid,3,519,47486,-55.0,58,1,0.5972,0.057167
DQN,deceptive_grid,3,520,47500,-7.0,14,1,0.5971,0.055747
DQN,deceptive_grid,3,521,47533,-26.0,33,1,0.5968,0.072525
DQN,deceptive_grid,3,522,47579,-43.0,46,1,0.5964,0.073215
DQN,deceptive_grid,3,523,47584,6.0,5,1,0.5964,0.047038
DQN,deceptive_grid,3,524,47638,-63.0,54,1,0.5959,0.065821
DQN,deceptive_grid,3,525,47719,-82.0,81,1,0.5952,0.063294
DQN,deceptive_grid,3,526,47771,-57.0,52,1,0.5948,0.051885
DQN,deceptive_grid,3,527,47822,-40.0,51,1,0.5944,0.053189
DQN,deceptive_grid,3,528,47893,-68.0,71,1,0.5938,0.061655
DQN,deceptive_grid,3,529,47921,-21.0,28,1,0.5935,0.057467
DQN,deceptive_grid,3,530,47996,-68.0,75,1,0.5929,0.057826
DQN,deceptive_grid,3,531,48013,-6.0,17,1,0.5927,0.065255
DQN,deceptive_grid,3,532,48059,-35.0,46,1,0.5924,0.060318
DQN,deceptive_grid,3,533,48128,-82.0,69,1,0.5918,0.055002
DQN,deceptive_grid,3,534,48154,-15.0,26,1,0.5916,0.059819
DQN,deceptive_grid,3,535,48247,-122.0,93,1,0.5908,0.057545
DQN,deceptive_grid,3,536,48358,-112.0,111,1,0.5898,0.057253
DQN,deceptive_grid,3,537,48389,-32.0,31,1,0.5896,0.058315
DQN,deceptive_grid,3,538,48416,-24.0,27,1,0.5893,0.056959
DQN,deceptive_grid,3,539,48443,-20.0,27,1,0.5891,0.056476
DQN,deceptive_grid,3,540,48474,-28.0,31,1,0.5888,0.055574
DQN,deceptive_grid,3,541,48492,-7.0,18,1,0.5887,0.054331
DQN,deceptive_grid,3,542,48531,-32.0,39,1,0.5884,0.068945
DQN,deceptive_grid,3,543,48557,-15.0,26,1,0.5881,0.062805
DQN,deceptive_grid,3,544,48563,1.0,6,1,0.5881,0.060885
DQN,deceptive_grid,3,545,48603,-29.0,40,1,0.5877,0.061198
DQN,deceptive_grid,3,546,48622,-16.0,19,1,0.5876,0.057392
DQN,deceptive_grid,3,547,48679,-46.0,57,1,0.5871,0.061616
DQN,deceptive_grid,3,548,48732,-46.0,53,1,0.5866,0.060622
DQN,deceptive_grid,3,549,48770,-39.0,38,1,0.5863,0.049975
DQN,deceptive_grid,3,550,48817,-48.0,47,1,0.5859,0.060724
DQN,deceptive_grid,3,551,48891,-91.0,74,1,0.5853,0.055231
DQN,deceptive_grid,3,552,48927,-57.0,36,1,0.585,0.056629
DQN,deceptive_grid,3,553,48982,-48.0,55,1,0.5845,0.052936
DQN,deceptive_grid,3,554,49020,-27.0,38,1,0.5842,0.060575
DQN,deceptive_grid,3,555,49054,-39.0,34,1,0.5839,0.05692
DQN,deceptive_grid,3,556,49101,-40.0,47,1,0.5835,0.056104
DQN,deceptive_grid,3,557,49162,-50.0,61,1,0.583,0.062378
DQN,deceptive_grid,3,558,49180,-7.0,18,1,0.5828,0.06321
DQN,deceptive_grid,3,559,49223,-40.0,43,1,0.5825,0.063126
DQN,deceptive_grid,3,560,49226,8.0,3,1,0.5825,0.043604
DQN,deceptive_grid,3,561,49242,-5.0,16,1,0.5823,0.056426
DQN,deceptive_grid,3,562,49324,-75.0,82,1,0.5816,0.050113
DQN,deceptive_grid,3,563,49360,-25.0,36,1,0.5813,0.059815
DQN,deceptive_grid,3,564,49379,-8.0,19,1,0.5812,0.04741
DQN,deceptive_grid,3,565,49453,-75.0,74,1,0.5805,0.056666
DQN,deceptive_grid,3,566,49522,-110.0,69,1,0.5799,0.059333
DQN,deceptive_grid,3,567,49540,-15.0,18,1,0.5798,0.075618
DQN,deceptive_grid,3,568,49587,-36.0,47,1,0.5794,0.057334
DQN,deceptive_grid,3,569,49614,-20.0,27,1,0.5792,0.058556
DQN,deceptive_grid,3,570,49695,-82.0,81,1,0.5785,0.061628
DQN,deceptive_grid,3,571,49722,-16.0,27,1,0.5783,0.049039
DQN,deceptive_grid,3,572,49725,8.0,3,1,0.5782,0.044113
DQN,deceptive_grid,3,573,49805,-93.0,80,1,0.5775,0.05225
DQN,deceptive_grid,3,574,49830,-14.0,25,1,0.5773,0.051026
DQN,deceptive_grid,3,575,49864,-31.0,34,1,0.577,0.053831
DQN,deceptive_grid,3,576,49889,-14.0,25,1,0.5768,0.049017
DQN,deceptive_grid,3,577,49960,-60.0,71,1,0.5762,0.051905
DQN,deceptive_grid,3,578,50002,-31.0,42,1,0.5759,0.051994
DQN,deceptive_grid,3,579,50023,-18.0,21,1,0.5757,0.069861
DQN,deceptive_grid,3,580,50062,-40.0,39,1,0.5754,0.062157
DQN,deceptive_grid,3,581,50109,-36.0,47,1,0.575,0.060085
DQN,deceptive_grid,3,582,50131,-19.0,22,1,0.5748,0.049617
DQN,deceptive_grid,3,583,50133,9.0,2,1,0.5748,0.031207
DQN,deceptive_grid,3,584,50150,-14.0,17,1,0.5746,0.053797
DQN,deceptive_grid,3,585,50225,-76.0,75,1,0.574,0.050242
DQN,deceptive_grid,3,586,50265,-33.0,40,1,0.5736,0.051477
DQN,deceptive_grid,3,587,50331,-63.0,66,1,0.5731,0.051266
DQN,deceptive_grid,3,588,50380,-46.0,49,1,0.5727,0.049469
DQN,deceptive_grid,3,589,50430,-43.0,50,1,0.5722,0.042891
DQN,deceptive_grid,3,590,50443,-2.0,13,1,0.5721,0.058618
DQN,deceptive_grid,3,591,50509,-79.0,66,1,0.5716,0.053537
DQN,deceptive_grid,3,592,50578,-70.0,69,1,0.571,0.055757
DQN,deceptive_grid,3,593,50591,-10.0,13,1,0.5709,0.063793
DQN,deceptive_grid,3,594,50654,-52.0,63,1,0.5703,0.048957
DQN,deceptive_grid,3,595,50672,-7.0,18,1,0.5702,0.04977
DQN,deceptive_grid,3,596,50718,-35.0,46,1,0.5698,0.049468
DQN,deceptive_grid,3,597,50749,-24.0,31,1,0.5695,0.058839
DQN,deceptive_grid,3,598,50766,-6.0,17,1,0.5694,0.04596
DQN,deceptive_grid,3,599,50816,-43.0,50,1,0.569,0.054038
DQN,deceptive_grid,3,600,50832,-9.0,16,1,0.5688,0.061307
DQN,deceptive_grid,3,601,50864,-29.0,32,1,0.5686,0.048136
DQN,deceptive_grid,3,602,50920,-61.0,56,1,0.5681,0.052727
DQN,deceptive_grid,3,603,50990,-75.0,70,1,0.5675,0.04638
DQN,deceptive_grid,3,604,51065,-76.0,75,1,0.5669,0.048531
DQN,deceptive_grid,3,605,51068,8.0,3,1,0.5668,0.069246
DQN,deceptive_grid,3,606,51135,-64.0,67,1,0.5663,0.057214
DQN,deceptive_grid,3,607,51162,-16.0,27,1,0.566,0.051117
DQN,deceptive_grid,3,608,51190,-25.0,28,1,0.5658,0.052834
DQN,deceptive_grid,3,609,51249,-76.0,59,1,0.5653,0.047459
DQN,deceptive_grid,3,610,51278,-22.0,29,1,0.5651,0.051175
DQN,deceptive_grid,3,611,51297,-20.0,19,1,0.5649,0.055315
DQN,deceptive_grid,3,612,51325,-21.0,28,1,0.5647,0.052357
DQN,deceptive_grid,3,613,51367,-35.0,42,1,0.5643,0.049571
DQN,deceptive_grid,3,614,51397,-23.0,30,1,0.564,0.060687
DQN,deceptive_grid,3,615,51410,-2.0,13,1,0.5639,0.051141
DQN,deceptive_grid,3,616,51472,-63.0,62,1,0.5634,0.04983
DQN,deceptive_grid,3,617,51473,10.0,1,1,0.5634,0.054312
DQN,deceptive_grid,3,618,51516,-32.0,43,1,0.563,0.053101
DQN,deceptive_grid,3,619,51554,-43.0,38,1,0.5627,0.05109
DQN,deceptive_grid,3,620,51584,-43.0,30,1,0.5625,0.053656
DQN,deceptive_grid,3,621,51666,-75.0,82,1,0.5618,0.056104
DQN,deceptive_grid,3,622,51698,-37.0,32,1,0.5615,0.042114
DQN,deceptive_grid,3,623,51699,10.0,1,1,0.5615,0.056994
DQN,deceptive_grid,3,624,51735,-25.0,36,1,0.5612,0.043487
DQN,deceptive_grid,3,625,51788,-50.0,53,1,0.5607,0.049669
DQN,deceptive_grid,3,626,51819,-24.0,31,1,0.5605,0.045988
DQN,deceptive_grid,3,627,51878,-52.0,59,1,0.56,0.05102
DQN,deceptive_grid,3,628,51903,-18.0,25,1,0.5598,0.058502
DQN,deceptive_grid,3,629,51941,-39.0,38,1,0.5594,0.053945
DQN,deceptive_grid,3,630,51984,-36.0,43,1,0.5591,0.050422
DQN,deceptive_grid,3,631,52020,-25.0,36,1,0.5588,0.054247
DQN,deceptive_grid,3,632,52050,-23.0,30,1,0.5585,0.060744
DQN,deceptive_grid,3,633,52084,-35.0,34,1,0.5582,0.052508
DQN,deceptive_grid,3,634,52131,-56.0,47,1,0.5578,0.049933
DQN,deceptive_grid,3,635,52139,3.0,8,1,0.5577,0.04883
DQN,deceptive_grid,3,636,52168,-22.0,29,1,0.5575,0.054211
DQN,deceptive_grid,3,637,52200,-21.0,32,1,0.5572,0.048304
DQN,deceptive_grid,3,638,52244,-53.0,44,1,0.5569,0.0456
DQN,deceptive_grid,3,639,52294,-43.0,50,1,0.5564,0.045329
DQN,deceptive_grid,3,640,52326,-37.0,32,1,0.5562,0.052723
DQN,deceptive_grid,3,641,52387,-66.0,61,1,0.5556,0.053778
DQN,deceptive_grid,3,642,52478,-88.0,91,1,0.5549,0.046985
DQN,deceptive_grid,3,643,52493,-4.0,15,1,0.5547,0.041957
DQN,deceptive_grid,3,644,52546,-46.0,53,1,0.5543,0.064425
DQN,deceptive_grid,3,645,52570,-17.0,24,1,0.5541,0.059252
DQN,deceptive_grid,3,646,52620,-43.0,50,1,0.5537,0.047375
DQN,deceptive_grid,3,647,52693,-86.0,73,1,0.5531,0.049076
DQN,deceptive_grid,3,648,52733,-49.0,40,1,0.5527,0.048088
DQN,deceptive_grid,3,649,52777,-33.0,44,1,0.5523,0.048587
DQN,deceptive_grid,3,650,52814,-30.0,37,1,0.552,0.049963
DQN,deceptive_grid,3,651,52861,-56.0,47,1,0.5516,0.048886
DQN,deceptive_grid,3,652,52892,-24.0,31,1,0.5514,0.042194
DQN,deceptive_grid,3,653,52941,-50.0,49,1,0.5509,0.048932
DQN,deceptive_grid,3,654,52995,-55.0,54,1,0.5505,0.045161
DQN,deceptive_grid,3,655,53020,-14.0,25,1,0.5503,0.042066
DQN,deceptive_grid,3,656,53059,-28.0,39,1,0.5499,0.050402
DQN,deceptive_grid,3,657,53096,-34.0,37,1,0.5496,0.063909
DQN,deceptive_grid,3,658,53135,-28.0,39,1,0.5493,0.046343
DQN,deceptive_grid,3,659,53165,-19.0,30,1,0.549,0.048915
DQN,deceptive_grid,3,660,53201,-33.0,36,1,0.5487,0.042134
DQN,deceptive_grid,3,661,53215,-3.0,14,1,0.5486,0.056179
DQN,deceptive_grid,3,662,53254,-28.0,39,1,0.5483,0.047272
DQN,deceptive_grid,3,663,53281,-16.0,27,1,0.5481,0.045368
DQN,deceptive_grid,3,664,53313,-37.0,32,1,0.5478,0.045788
DQN,deceptive_grid,3,665,53340,-16.0,27,1,0.5476,0.044904
DQN,deceptive_grid,3,666,53386,-43.0,46,1,0.5472,0.045124
DQN,deceptive_grid,3,667,53438,-49.0,52,1,0.5467,0.042377
DQN,deceptive_grid,3,668,53513,-80.0,75,1,0.5461,0.044267
DQN,deceptive_grid,3,669,53555,-31.0,42,1,0.5457,0.045966
DQN,deceptive_grid,3,670,53597,-43.0,42,1,0.5454,0.042412
DQN,deceptive_grid,3,671,53615,-11.0,18,1,0.5452,0.037952
DQN,deceptive_grid,3,672,53666,-44.0,51,1,0.5448,0.042089
DQN,deceptive_grid,3,673,53698,-29.0,32,1,0.5445,0.037513
DQN,deceptive_grid,3,674,53751,-50.0,53,1,0.5441,0.043836
DQN,deceptive_grid,3,675,53795,-33.0,44,1,0.5437,0.038833
DQN,deceptive_grid,3,676,53816,-14.0,21,1,0.5435,0.04106
DQN,deceptive_grid,3,677,53852,-29.0,36,1,0.5432,0.043124
DQN,deceptive_grid,3,678,53871,-12.0,19,1,0.5431,0.042059
DQN,deceptive_grid,3,679,53893,-11.0,22,1,0.5429,0.037585
DQN,deceptive_grid,3,680,53930,-38.0,37,1,0.5426,0.032771
DQN,deceptive_grid,3,681,53982,-53.0,52,1,0.5421,0.037209
DQN,deceptive_grid,3,682,53997,-4.0,15,1,0.542,0.041163
DQN,deceptive_grid,3,683,54081,-105.0,84,1,0.5413,0.045353
DQN,deceptive_grid,3,684,54140,-64.0,59,1,0.5408,0.041484
DQN,deceptive_grid,3,685,54146,5.0,6,1,0.5407,0.041017
DQN,deceptive_grid,3,686,54176,-27.0,30,1,0.5405,0.039815
DQN,deceptive_grid,3,687,54206,-47.0,30,1,0.5402,0.043067
DQN,deceptive_grid,3,688,54230,-17.0,24,1,0.54,0.049631
DQN,deceptive_grid,3,689,54284,-55.0,54,1,0.5396,0.050524
DQN,deceptive_grid,3,690,54327,-32.0,43,1,0.5392,0.042624
DQN,deceptive_grid,3,691,54357,-19.0,30,1,0.5389,0.048077
DQN,deceptive_grid,3,692,54401,-37.0,44,1,0.5386,0.042059
DQN,deceptive_grid,3,693,54479,-79.0,78,1,0.5379,0.036907
DQN,deceptive_grid,3,694,54540,-70.0,61,1,0.5374,0.040467
DQN,deceptive_grid,3,695,54573,-34.0,33,1,0.5371,0.044743
DQN,deceptive_grid,3,696,54605,-29.0,32,1,0.5368,0.03946
DQN,deceptive_grid,3,697,54643,-31.0,38,1,0.5365,0.041642
DQN,deceptive_grid,3,698,54667,-13.0,24,1,0.5363,0.04831
DQN,deceptive_grid,3,699,54727,-85.0,60,1,0.5358,0.036351
DQN,deceptive_grid,3,700,54762,-24.0,35,1,0.5355,0.038124
DQN,deceptive_grid,3,701,54812,-55.0,50,1,0.5351,0.042243
DQN,deceptive_grid,3,702,54815,8.0,3,1,0.5351,0.051076
DQN,deceptive_grid,3,703,54864,-38.0,49,1,0.5346,0.045924
DQN,deceptive_grid,3,704,54871,4.0,7,1,0.5346,0.033214
DQN,deceptive_grid,3,705,54891,-21.0,20,1,0.5344,0.039382
DQN,deceptive_grid,3,706,54932,-30.0,41,1,0.5341,0.042342
DQN,deceptive_grid,3,707,54950,-11.0,18,1,0.5339,0.04813
DQN,deceptive_grid,3,708,54981,-28.0,31,1,0.5336,0.039842
DQN,deceptive_grid,3,709,55030,-62.0,49,1,0.5332,0.046384
DQN,deceptive_grid,3,710,55075,-38.0,45,1,0.5328,0.04841
DQN,deceptive_grid,3,711,55119,-33.0,44,1,0.5325,0.047861
DQN,deceptive_grid,3,712,55194,-72.0,75,1,0.5318,0.047618
DQN,deceptive_grid,3,713,55236,-31.0,42,1,0.5315,0.038784
DQN,deceptive_grid,3,714,55264,-21.0,28,1,0.5312,0.043153
DQN,deceptive_grid,3,715,55280,-9.0,16,1,0.5311,0.037587
DQN,deceptive_grid,3,716,55304,-13.0,24,1,0.5309,0.036847
DQN,deceptive_grid,3,717,55357,-62.0,53,1,0.5305,0.04024
DQN,deceptive_grid,3,718,55388,-24.0,31,1,0.5302,0.038691
DQN,deceptive_grid,3,719,55421,-34.0,33,1,0.5299,0.041976
DQN,deceptive_grid,3,720,55448,-16.0,27,1,0.5297,0.038359
DQN,deceptive_grid,3,721,55450,9.0,2,1,0.5297,0.051806
DQN,deceptive_grid,3,722,55456,5.0,6,1,0.5296,0.034797
DQN,deceptive_grid,3,723,55482,-15.0,26,1,0.5294,0.040899
DQN,deceptive_grid,3,724,55489,4.0,7,1,0.5293,0.044691
DQN,deceptive_grid,3,725,55491,9.0,2,1,0.5293,0.034749
DQN,deceptive_grid,3,726,55512,-10.0,21,1,0.5291,0.051044
DQN,deceptive_grid,3,727,55535,-16.0,23,1,0.5289,0.053062
DQN,deceptive_grid,3,728,55589,-47.0,54,1,0.5285,0.049075
DQN,deceptive_grid,3,729,55599,1.0,10,1,0.5284,0.047621
DQN,deceptive_grid,3,730,55626,-20.0,27,1,0.5282,0.042776
DQN,deceptive_grid,3,731,55650,-17.0,24,1,0.528,0.039736
DQN,deceptive_grid,3,732,55688,-27.0,38,1,0.5276,0.044338
DQN,deceptive_grid,3,733,55710,-23.0,22,1,0.5275,0.038559
DQN,deceptive_grid,3,734,55749,-28.0,39,1,0.5271,0.038905
DQN,deceptive_grid,3,735,55780,-24.0,31,1,0.5269,0.04208
DQN,deceptive_grid,3,736,55823,-36.0,43,1,0.5265,0.040191
DQN,deceptive_grid,3,737,55832,2.0,9,1,0.5264,0.045229
DQN,deceptive_grid,3,738,55838,5.0,6,1,0.5264,0.04235
DQN,deceptive_grid,3,739,55873,-36.0,35,1,0.5261,0.035139
DQN,deceptive_grid,3,740,55905,-21.0,32,1,0.5258,0.041107
DQN,deceptive_grid,3,741,55939,-31.0,34,1,0.5255,0.036865
DQN,deceptive_grid,3,742,55950,0.0,11,1,0.5254,0.038753
DQN,deceptive_grid,3,743,56000,-47.0,50,1,0.525,0.038926
DQN,deceptive_grid,3,744,56048,-49.0,48,1,0.5246,0.046839
DQN,deceptive_grid,3,745,56081,-22.0,33,1,0.5243,0.042157
DQN,deceptive_grid,3,746,56099,-11.0,18,1,0.5242,0.051364
DQN,deceptive_grid,3,747,56132,-38.0,33,1,0.5239,0.048043
DQN,deceptive_grid,3,748,56166,-27.0,34,1,0.5236,0.046123
DQN,deceptive_grid,3,749,56173,4.0,7,1,0.5235,0.048975
DQN,deceptive_grid,3,750,56211,-31.0,38,1,0.5232,0.043015
DQN,deceptive_grid,3,751,56262,-44.0,51,1,0.5228,0.043073
DQN,deceptive_grid,3,752,56274,-1.0,12,1,0.5227,0.047265
DQN,deceptive_grid,3,753,56278,7.0,4,1,0.5226,0.034651
DQN,deceptive_grid,3,754,56311,-26.0,33,1,0.5224,0.044148
DQN,deceptive_grid,3,755,56345,-35.0,34,1,0.5221,0.03877
DQN,deceptive_grid,3,756,56382,-30.0,37,1,0.5218,0.03852
DQN,deceptive_grid,3,757,56396,-3.0,14,1,0.5216,0.051106
DQN,deceptive_grid,3,758,56446,-47.0,50,1,0.5212,0.038856
DQN,deceptive_grid,3,759,56486,-41.0,40,1,0.5209,0.047521
DQN,deceptive_grid,3,760,56493,4.0,7,1,0.5208,0.050813
DQN,deceptive_grid,3,761,56540,-40.0,47,1,0.5204,0.043707
DQN,deceptive_grid,3,762,56574,-31.0,34,1,0.5201,0.048936
DQN,deceptive_grid,3,763,56647,-70.0,73,1,0.5195,0.037829
DQN,deceptive_grid,3,764,56686,-32.0,39,1,0.5192,0.049943
DQN,deceptive_grid,3,765,56715,-22.0,29,1,0.5189,0.04389
DQN,deceptive_grid,3,766,56753,-31.0,38,1,0.5186,0.047481
DQN,deceptive_grid,3,767,56783,-35.0,30,1,0.5184,0.04085
DQN,deceptive_grid,3,768,56794,0.0,11,1,0.5183,0.034376
DQN,deceptive_grid,3,769,56848,-55.0,54,1,0.5178,0.040025
DQN,deceptive_grid,3,770,56898,-47.0,50,1,0.5174,0.037565
DQN,deceptive_grid,3,771,56916,-11.0,18,1,0.5172,0.040022
DQN,deceptive_grid,3,772,56945,-26.0,29,1,0.517,0.039654
DQN,deceptive_grid,3,773,56985,-37.0,40,1,0.5166,0.043553
DQN,deceptive_grid,3,774,56990,6.0,5,1,0.5166,0.046722
DQN,deceptive_grid,3,775,57015,-18.0,25,1,0.5164,0.050519
DQN,deceptive_grid,3,776,57020,6.0,5,1,0.5163,0.038494
DQN,deceptive_grid,3,777,57070,-43.0,50,1,0.5159,0.040434
DQN,deceptive_grid,3,778,57086,-9.0,16,1,0.5158,0.047332
DQN,deceptive_grid,3,779,57090,7.0,4,1,0.5158,0.046708
DQN,deceptive_grid,3,780,57158,-69.0,68,1,0.5152,0.03661
DQN,deceptive_grid,3,781,57208,-63.0,50,1,0.5148,0.033663
DQN,deceptive_grid,3,782,57234,-15.0,26,1,0.5145,0.042747
DQN,deceptive_grid,3,783,57246,-1.0,12,1,0.5144,0.033271
DQN,deceptive_grid,3,784,57251,6.0,5,1,0.5144,0.042511
DQN,deceptive_grid,3,785,57267,-17.0,16,1,0.5143,0.043854
DQN,deceptive_grid,3,786,57304,-30.0,37,1,0.5139,0.034981
DQN,deceptive_grid,3,787,57333,-18.0,29,1,0.5137,0.035091
DQN,deceptive_grid,3,788,57361,-21.0,28,1,0.5135,0.039406
DQN,deceptive_grid,3,789,57388,-24.0,27,1,0.5132,0.041505
DQN,deceptive_grid,3,790,57448,-57.0,60,1,0.5127,0.039221
DQN,deceptive_grid,3,791,57458,1.0,10,1,0.5126,0.033302
DQN,deceptive_grid,3,792,57498,-33.0,40,1,0.5123,0.032265
DQN,deceptive_grid,3,793,57527,-26.0,29,1,0.512,0.040402
DQN,deceptive_grid,3,794,57552,-14.0,25,1,0.5118,0.03723
DQN,deceptive_grid,3,795,57575,-28.0,23,1,0.5116,0.043191
DQN,deceptive_grid,3,796,57601,-19.0,26,1,0.5114,0.0391
DQN,deceptive_grid,3,797,57648,-36.0,47,1,0.511,0.041133
DQN,deceptive_grid,3,798,57662,-3.0,14,1,0.5109,0.036645
DQN,deceptive_grid,3,799,57698,-37.0,36,1,0.5106,0.040889
DQN,deceptive_grid,3,800,57726,-17.0,28,1,0.5104,0.036277
DuelingDQN,deceptive_grid,3,1,200,-308.0,200,0,0.9983,
DuelingDQN,deceptive_grid,3,2,400,-324.0,200,0,0.9966,
DuelingDQN,deceptive_grid,3,3,600,-232.0,200,0,0.9949,
DuelingDQN,deceptive_grid,3,4,800,-260.0,200,0,0.9932,
DuelingDQN,deceptive_grid,3,5,1000,-324.0,200,0,0.9915,0.844502
DuelingDQN,deceptive_grid,3,6,1200,-244.0,200,0,0.9898,0.147873
DuelingDQN,deceptive_grid,3,7,1400,-296.0,200,0,0.9881,0.006005
DuelingDQN,deceptive_grid,3,8,1482,-111.0,82,1,0.9874,0.002011
DuelingDQN,deceptive_grid,3,9,1682,-284.0,200,0,0.9857,0.022492
DuelingDQN,deceptive_grid,3,10,1882,-220.0,200,0,0.984,0.007663
DuelingDQN,deceptive_grid,3,11,2082,-268.0,200,0,0.9823,0.024183
DuelingDQN,deceptive_grid,3,12,2282,-236.0,200,0,0.9807,0.008845
DuelingDQN,deceptive_grid,3,13,2482,-276.0,200,0,0.979,0.009719
DuelingDQN,deceptive_grid,3,14,2598,-157.0,116,1,0.978,0.040353
DuelingDQN,deceptive_grid,3,15,2798,-248.0,200,0,0.9763,0.011062
DuelingDQN,deceptive_grid,3,16,2998,-272.0,200,0,0.9746,0.008463
DuelingDQN,deceptive_grid,3,17,3198,-272.0,200,0,0.9729,0.025086
DuelingDQN,deceptive_grid,3,18,3398,-332.0,200,0,0.9712,0.005492
DuelingDQN,deceptive_grid,3,19,3598,-236.0,200,0,0.9695,0.026956
DuelingDQN,deceptive_grid,3,20,3798,-348.0,200,0,0.9678,0.015856
DuelingDQN,deceptive_grid,3,21,3998,-252.0,200,0,0.9661,0.006851
DuelingDQN,deceptive_grid,3,22,4198,-248.0,200,0,0.9644,0.027615
DuelingDQN,deceptive_grid,3,23,4398,-268.0,200,0,0.9627,0.00757
DuelingDQN,deceptive_grid,3,24,4598,-232.0,200,0,0.961,0.033823
DuelingDQN,deceptive_grid,3,25,4798,-232.0,200,0,0.9593,0.018752
DuelingDQN,deceptive_grid,3,26,4998,-264.0,200,0,0.9576,0.013444
DuelingDQN,deceptive_grid,3,27,5098,-113.0,100,1,0.9568,0.085335
DuelingDQN,deceptive_grid,3,28,5298,-244.0,200,0,0.9551,0.04711
DuelingDQN,deceptive_grid,3,29,5498,-280.0,200,0,0.9534,0.032039
DuelingDQN,deceptive_grid,3,30,5698,-240.0,200,0,0.9517,0.066925
DuelingDQN,deceptive_grid,3,31,5886,-245.0,188,1,0.9501,0.030979
DuelingDQN,deceptive_grid,3,32,6086,-300.0,200,0,0.9484,0.067967
DuelingDQN,deceptive_grid,3,33,6105,-24.0,19,1,0.9482,0.038929
DuelingDQN,deceptive_grid,3,34,6305,-276.0,200,0,0.9465,0.050649
DuelingDQN,deceptive_grid,3,35,6505,-256.0,200,0,0.9448,0.053406
DuelingDQN,deceptive_grid,3,36,6705,-332.0,200,0,0.9431,0.060194
DuelingDQN,deceptive_grid,3,37,6905,-312.0,200,0,0.9414,0.019775
DuelingDQN,deceptive_grid,3,38,7044,-164.0,139,1,0.9403,0.055264
DuelingDQN,deceptive_grid,3,39,7244,-240.0,200,0,0.9386,0.053396
DuelingDQN,deceptive_grid,3,40,7444,-264.0,200,0,0.9369,0.024526
DuelingDQN,deceptive_grid,3,41,7529,-134.0,85,1,0.9361,0.097011
DuelingDQN,deceptive_grid,3,42,7729,-248.0,200,0,0.9345,0.057996
DuelingDQN,deceptive_grid,3,43,7929,-272.0,200,0,0.9328,0.021471
DuelingDQN,deceptive_grid,3,44,8048,-172.0,119,1,0.9317,0.097278
DuelingDQN,deceptive_grid,3,45,8248,-260.0,200,0,0.93,0.053771
DuelingDQN,deceptive_grid,3,46,8448,-216.0,200,0,0.9284,0.015983
DuelingDQN,deceptive_grid,3,47,8648,-220.0,200,0,0.9267,0.097551
DuelingDQN,deceptive_grid,3,48,8848,-304.0,200,0,0.925,0.031867
DuelingDQN,deceptive_grid,3,49,9048,-252.0,200,0,0.9233,0.074948
DuelingDQN,deceptive_grid,3,50,9084,-33.0,36,1,0.923,0.115614
DuelingDQN,deceptive_grid,3,51,9262,-267.0,178,1,0.9214,0.053667
DuelingDQN,deceptive_grid,3,52,9462,-280.0,200,0,0.9198,0.026258
DuelingDQN,deceptive_grid,3,53,9662,-240.0,200,0,0.9181,0.111363
DuelingDQN,deceptive_grid,3,54,9862,-244.0,200,0,0.9164,0.034832
DuelingDQN,deceptive_grid,3,55,10062,-236.0,200,0,0.9147,0.086795
DuelingDQN,deceptive_grid,3,56,10262,-284.0,200,0,0.913,0.051994
DuelingDQN,deceptive_grid,3,57,10462,-308.0,200,0,0.9113,0.015479
DuelingDQN,deceptive_grid,3,58,10662,-276.0,200,0,0.9096,0.111641
DuelingDQN,deceptive_grid,3,59,10862,-292.0,200,0,0.9079,0.024415
DuelingDQN,deceptive_grid,3,60,11062,-364.0,200,0,0.9062,0.070508
DuelingDQN,deceptive_grid,3,61,11262,-252.0,200,0,0.9045,0.035983
DuelingDQN,deceptive_grid,3,62,11462,-232.0,200,0,0.9028,0.01369
DuelingDQN,deceptive_grid,3,63,11662,-224.0,200,0,0.9011,0.091076
DuelingDQN,deceptive_grid,3,64,11862,-264.0,200,0,0.8994,0.023633
DuelingDQN,deceptive_grid,3,65,11909,-56.0,47,1,0.899,0.013995
DuelingDQN,deceptive_grid,3,66,12109,-304.0,200,0,0.8973,0.097755
DuelingDQN,deceptive_grid,3,67,12309,-288.0,200,0,0.8956,0.041599
DuelingDQN,deceptive_grid,3,68,12349,-29.0,40,1,0.8953,0.017003
DuelingDQN,deceptive_grid,3,69,12434,-74.0,85,1,0.8945,0.010982
DuelingDQN,deceptive_grid,3,70,12634,-288.0,200,0,0.8928,0.093601
DuelingDQN,deceptive_grid,3,71,12782,-225.0,148,1,0.8916,0.031961
DuelingDQN,deceptive_grid,3,72,12982,-252.0,200,0,0.8899,0.01659
DuelingDQN,deceptive_grid,3,73,13170,-221.0,188,1,0.8883,0.124045
DuelingDQN,deceptive_grid,3,74,13289,-140.0,119,1,0.8873,0.031748
DuelingDQN,deceptive_grid,3,75,13489,-256.0,200,0,0.8856,0.016545
DuelingDQN,deceptive_grid,3,76,13582,-106.0,93,1,0.8848,0.166511
DuelingDQN,deceptive_grid,3,77,13782,-272.0,200,0,0.8831,0.044473
DuelingDQN,deceptive_grid,3,78,13794,-9.0,12,1,0.883,0.025347
DuelingDQN,deceptive_grid,3,79,13994,-248.0,200,0,0.8813,0.014419
DuelingDQN,deceptive_grid,3,80,14194,-232.0,200,0,0.8796,0.113958
DuelingDQN,deceptive_grid,3,81,14297,-132.0,103,1,0.8787,0.023679
DuelingDQN,deceptive_grid,3,82,14497,-228.0,200,0,0.877,0.019474
DuelingDQN,deceptive_grid,3,83,14575,-99.0,78,1,0.8764,0.200373
DuelingDQN,deceptive_grid,3,84,14775,-276.0,200,0,0.8747,0.057661
DuelingDQN,deceptive_grid,3,85,14975,-244.0,200,0,0.873,0.01927
DuelingDQN,deceptive_grid,3,86,15023,-53.0,48,1,0.8726,0.212689
DuelingDQN,deceptive_grid,3,87,15136,-142.0,113,1,0.8716,0.105692
DuelingDQN,deceptive_grid,3,88,15188,-73.0,52,1,0.8712,0.060858
DuelingDQN,deceptive_grid,3,89,15190,9.0,2,1,0.8712,0.042075
DuelingDQN,deceptive_grid,3,90,15381,-248.0,191,1,0.8695,0.029084
DuelingDQN,deceptive_grid,3,91,15415,-31.0,34,1,0.8693,0.015622
DuelingDQN,deceptive_grid,3,92,15544,-158.0,129,1,0.8682,0.090133
DuelingDQN,deceptive_grid,3,93,15696,-169.0,152,1,0.8669,0.061055
DuelingDQN,deceptive_grid,3,94,15896,-272.0,200,0,0.8652,0.023951
DuelingDQN,deceptive_grid,3,95,16096,-221.0,200,1,0.8635,0.073402
DuelingDQN,deceptive_grid,3,96,16296,-232.0,200,0,0.8618,0.034606
DuelingDQN,deceptive_grid,3,97,16496,-248.0,200,0,0.8601,0.009524
DuelingDQN,deceptive_grid,3,98,16553,-98.0,57,1,0.8596,0.140221
DuelingDQN,deceptive_grid,3,99,16753,-252.0,200,0,0.8579,0.025217
DuelingDQN,deceptive_grid,3,100,16900,-176.0,147,1,0.8567,0.009196
DuelingDQN,deceptive_grid,3,101,17051,-172.0,151,1,0.8554,0.035522
DuelingDQN,deceptive_grid,3,102,17103,-53.0,52,1,0.8549,0.0397
DuelingDQN,deceptive_grid,3,103,17214,-128.0,111,1,0.854,0.01618
DuelingDQN,deceptive_grid,3,104,17332,-155.0,118,1,0.853,0.010009
DuelingDQN,deceptive_grid,3,105,17532,-252.0,200,0,0.8513,0.019264
DuelingDQN,deceptive_grid,3,106,17732,-244.0,200,0,0.8496,0.019971
DuelingDQN,deceptive_grid,3,107,17736,7.0,4,1,0.8496,0.008023
DuelingDQN,deceptive_grid,3,108,17936,-284.0,200,0,0.8479,0.0064
DuelingDQN,deceptive_grid,3,109,18049,-166.0,113,1,0.8469,0.020151
DuelingDQN,deceptive_grid,3,110,18089,-29.0,40,1,0.8466,0.026127
DuelingDQN,deceptive_grid,3,111,18157,-73.0,68,1,0.846,0.011472
DuelingDQN,deceptive_grid,3,112,18313,-173.0,156,1,0.8447,0.006049
DuelingDQN,deceptive_grid,3,113,18513,-236.0,200,0,0.843,0.005852
DuelingDQN,deceptive_grid,3,114,18651,-163.0,138,1,0.8418,0.017625
DuelingDQN,deceptive_grid,3,115,18849,-227.0,198,1,0.8401,0.004524
DuelingDQN,deceptive_grid,3,116,18927,-79.0,78,1,0.8395,0.002627
DuelingDQN,deceptive_grid,3,117,19022,-124.0,95,1,0.8387,0.007798
DuelingDQN,deceptive_grid,3,118,19172,-191.0,150,1,0.8374,0.014034
DuelingDQN,deceptive_grid,3,119,19188,-5.0,16,1,0.8373,0.005325
DuelingDQN,deceptive_grid,3,120,19335,-164.0,147,1,0.836,0.003285
DuelingDQN,deceptive_grid,3,121,19336,10.0,1,1,0.836,0.002522
DuelingDQN,deceptive_grid,3,122,19465,-134.0,129,1,0.8349,0.001996
DuelingDQN,deceptive_grid,3,123,19661,-233.0,196,1,0.8332,0.011687
DuelingDQN,deceptive_grid,3,124,19681,-13.0,20,1,0.8331,0.004985
DuelingDQN,deceptive_grid,3,125,19815,-127.0,134,1,0.8319,0.003723
DuelingDQN,deceptive_grid,3,126,19842,-16.0,27,1,0.8317,0.002252
DuelingDQN,deceptive_grid,3,127,19933,-112.0,91,1,0.8309,0.001904
DuelingDQN,deceptive_grid,3,128,20005,-69.0,72,1,0.8303,0.003409
DuelingDQN,deceptive_grid,3,129,20078,-98.0,73,1,0.8297,0.015752
DuelingDQN,deceptive_grid,3,130,20085,4.0,7,1,0.8296,0.011897
DuelingDQN,deceptive_grid,3,131,20141,-53.0,56,1,0.8292,0.007732
DuelingDQN,deceptive_grid,3,132,20341,-209.0,200,1,0.8275,0.004049
DuelingDQN,deceptive_grid,3,133,20400,-64.0,59,1,0.827,0.003213
DuelingDQN,deceptive_grid,3,134,20431,-24.0,31,1,0.8267,0.002462
DuelingDQN,deceptive_grid,3,135,20577,-175.0,146,1,0.8255,0.007043
DuelingDQN,deceptive_grid,3,136,20697,-129.0,120,1,0.8245,0.005383
DuelingDQN,deceptive_grid,3,137,20897,-212.0,200,0,0.8228,0.004006
DuelingDQN,deceptive_grid,3,138,20917,-21.0,20,1,0.8226,0.003084
DuelingDQN,deceptive_grid,3,139,20974,-50.0,57,1,0.8221,0.002151
DuelingDQN,deceptive_grid,3,140,21085,-112.0,111,1,0.8212,0.011257
DuelingDQN,deceptive_grid,3,141,21093,3.0,8,1,0.8211,0.010188
DuelingDQN,deceptive_grid,3,142,21239,-175.0,146,1,0.8199,0.007641
DuelingDQN,deceptive_grid,3,143,21388,-206.0,149,1,0.8186,0.002316
DuelingDQN,deceptive_grid,3,144,21435,-52.0,47,1,0.8182,0.001733
DuelingDQN,deceptive_grid,3,145,21619,-277.0,184,1,0.8166,0.009782
DuelingDQN,deceptive_grid,3,146,21626,4.0,7,1,0.8166,0.007531
DuelingDQN,deceptive_grid,3,147,21658,-25.0,32,1,0.8163,0.006889
DuelingDQN,deceptive_grid,3,148,21661,4.0,3,1,0.8163,0.004259
DuelingDQN,deceptive_grid,3,149,21697,-37.0,36,1,0.816,0.004345
DuelingDQN,deceptive_grid,3,150,21801,-113.0,104,1,0.8151,0.003398
DuelingDQN,deceptive_grid,3,151,21863,-55.0,62,1,0.8146,0.002501
DuelingDQN,deceptive_grid,3,152,21993,-163.0,130,1,0.8135,0.001928
DuelingDQN,deceptive_grid,3,153,22087,-107.0,94,1,0.8127,0.013586
DuelingDQN,deceptive_grid,3,154,22200,-142.0,113,1,0.8117,0.007834
DuelingDQN,deceptive_grid,3,155,22293,-90.0,93,1,0.8109,0.005097
DuelingDQN,deceptive_grid,3,156,22443,-159.0,150,1,0.8096,0.003358
DuelingDQN,deceptive_grid,3,157,22479,-29.0,36,1,0.8093,0.001851
DuelingDQN,deceptive_grid,3,158,22570,-96.0,91,1,0.8086,0.010807
DuelingDQN,deceptive_grid,3,159,22624,-59.0,54,1,0.8081,0.009259
DuelingDQN,deceptive_grid,3,160,22634,-3.0,10,1,0.808,0.008725
DuelingDQN,deceptive_grid,3,161,22769,-148.0,135,1,0.8069,0.005509
DuelingDQN,deceptive_grid,3,162,22813,-57.0,44,1,0.8065,0.002884
DuelingDQN,deceptive_grid,3,163,22922,-118.0,109,1,0.8056,0.002291
DuelingDQN,deceptive_grid,3,164,23027,-122.0,105,1,0.8047,0.004299
DuelingDQN,deceptive_grid,3,165,23190,-212.0,163,1,0.8033,0.007766
DuelingDQN,deceptive_grid,3,166,23241,-68.0,51,1,0.8029,0.003517
DuelingDQN,deceptive_grid,3,167,23306,-54.0,65,1,0.8023,0.004021
DuelingDQN,deceptive_grid,3,168,23312,5.0,6,1,0.8023,0.003222
DuelingDQN,deceptive_grid,3,169,23386,-99.0,74,1,0.8016,0.003491
DuelingDQN,deceptive_grid,3,170,23455,-98.0,69,1,0.8011,0.002701
DuelingDQN,deceptive_grid,3,171,23514,-80.0,59,1,0.8006,0.006079
DuelingDQN,deceptive_grid,3,172,23664,-191.0,150,1,0.7993,0.009068
DuelingDQN,deceptive_grid,3,173,23752,-81.0,88,1,0.7985,0.004855
DuelingDQN,deceptive_grid,3,174,23808,-57.0,56,1,0.7981,0.003976
DuelingDQN,deceptive_grid,3,175,23884,-85.0,76,1,0.7974,0.002406
DuelingDQN,deceptive_grid,3,176,23955,-96.0,71,1,0.7968,0.001736
DuelingDQN,deceptive_grid,3,177,24087,-197.0,132,1,0.7957,0.006909
DuelingDQN,deceptive_grid,3,178,24227,-201.0,140,1,0.7945,0.006064
DuelingDQN,deceptive_grid,3,179,24321,-83.0,94,1,0.7937,0.003185
DuelingDQN,deceptive_grid,3,180,24424,-120.0,103,1,0.7928,0.002387
DuelingDQN,deceptive_grid,3,181,24529,-114.0,105,1,0.792,0.00492
DuelingDQN,deceptive_grid,3,182,24570,-42.0,41,1,0.7916,0.010743
DuelingDQN,deceptive_grid,3,183,24718,-177.0,148,1,0.7903,0.007009
DuelingDQN,deceptive_grid,3,184,24806,-89.0,88,1,0.7896,0.002831
DuelingDQN,deceptive_grid,3,185,25006,-244.0,200,0,0.7879,0.001535
DuelingDQN,deceptive_grid,3,186,25117,-136.0,111,1,0.787,0.007411
DuelingDQN,deceptive_grid,3,187,25269,-165.0,152,1,0.7857,0.003934
DuelingDQN,deceptive_grid,3,188,25347,-103.0,78,1,0.785,0.002012
DuelingDQN,deceptive_grid,3,189,25383,-25.0,36,1,0.7847,0.002704
DuelingDQN,deceptive_grid,3,190,25445,-95.0,62,1,0.7842,0.002431
DuelingDQN,deceptive_grid,3,191,25562,-138.0,117,1,0.7832,0.004397
DuelingDQN,deceptive_grid,3,192,25612,-47.0,50,1,0.7828,0.003956
DuelingDQN,deceptive_grid,3,193,25743,-120.0,131,1,0.7817,0.005459
DuelingDQN,deceptive_grid,3,194,25798,-68.0,55,1,0.7812,0.002695
DuelingDQN,deceptive_grid,3,195,25885,-88.0,87,1,0.7804,0.001827
DuelingDQN,deceptive_grid,3,196,26051,-199.0,166,1,0.779,0.004218
DuelingDQN,deceptive_grid,3,197,26223,-213.0,172,1,0.7776,0.005125
DuelingDQN,deceptive_grid,3,198,26340,-130.0,117,1,0.7766,0.001849
DuelingDQN,deceptive_grid,3,199,26391,-56.0,51,1,0.7762,0.001622
DuelingDQN,deceptive_grid,3,200,26557,-167.0,166,1,0.7747,0.002955
DuelingDQN,deceptive_grid,3,201,26601,-53.0,44,1,0.7744,0.005091
DuelingDQN,deceptive_grid,3,202,26705,-113.0,104,1,0.7735,0.005861
DuelingDQN,deceptive_grid,3,203,26712,0.0,7,1,0.7734,0.006501
DuelingDQN,deceptive_grid,3,204,26761,-38.0,49,1,0.773,0.007191
DuelingDQN,deceptive_grid,3,205,26829,-89.0,68,1,0.7724,0.005733
DuelingDQN,deceptive_grid,3,206,26852,-20.0,23,1,0.7722,0.002769
DuelingDQN,deceptive_grid,3,207,26966,-123.0,114,1,0.7713,0.002028
DuelingDQN,deceptive_grid,3,208,27046,-89.0,80,1,0.7706,0.003429
DuelingDQN,deceptive_grid,3,209,27084,-39.0,38,1,0.7703,0.005136
DuelingDQN,deceptive_grid,3,210,27208,-169.0,124,1,0.7692,0.003886
DuelingDQN,deceptive_grid,3,211,27266,-51.0,58,1,0.7687,0.002218
DuelingDQN,deceptive_grid,3,212,27439,-238.0,173,1,0.7673,0.001153
DuelingDQN,deceptive_grid,3,213,27583,-193.0,144,1,0.766,0.005023
DuelingDQN,deceptive_grid,3,214,27628,-50.0,45,1,0.7657,0.005708
DuelingDQN,deceptive_grid,3,215,27779,-180.0,151,1,0.7644,0.004542
DuelingDQN,deceptive_grid,3,216,27873,-103.0,94,1,0.7636,0.002321
DuelingDQN,deceptive_grid,3,217,27946,-62.0,73,1,0.763,0.001524
DuelingDQN,deceptive_grid,3,218,28061,-112.0,115,1,0.762,0.003672
DuelingDQN,deceptive_grid,3,219,28096,-36.0,35,1,0.7617,0.004506
DuelingDQN,deceptive_grid,3,220,28153,-62.0,57,1,0.7612,0.003612
DuelingDQN,deceptive_grid,3,221,28248,-116.0,95,1,0.7604,0.002392
DuelingDQN,deceptive_grid,3,222,28287,-68.0,39,1,0.7601,0.002563
DuelingDQN,deceptive_grid,3,223,28476,-238.0,189,1,0.7585,0.001629
DuelingDQN,deceptive_grid,3,224,28676,-224.0,200,0,0.7568,0.006229
DuelingDQN,deceptive_grid,3,225,28781,-106.0,105,1,0.7559,0.002164
DuelingDQN,deceptive_grid,3,226,28923,-163.0,142,1,0.7547,0.001899
DuelingDQN,deceptive_grid,3,227,29033,-123.0,110,1,0.7537,0.002551
DuelingDQN,deceptive_grid,3,228,29094,-86.0,61,1,0.7532,0.007005
DuelingDQN,deceptive_grid,3,229,29145,-68.0,51,1,0.7528,0.006229
DuelingDQN,deceptive_grid,3,230,29336,-228.0,191,1,0.7512,0.003349
DuelingDQN,deceptive_grid,3,231,29401,-58.0,65,1,0.7506,0.001321
DuelingDQN,deceptive_grid,3,232,29554,-182.0,153,1,0.7493,0.00302
DuelingDQN,deceptive_grid,3,233,29666,-121.0,112,1,0.7484,0.00627
DuelingDQN,deceptive_grid,3,234,29747,-106.0,81,1,0.7477,0.004092
DuelingDQN,deceptive_grid,3,235,29871,-133.0,124,1,0.7466,0.002503
DuelingDQN,deceptive_grid,3,236,29900,-18.0,29,1,0.7464,0.001889
DuelingDQN,deceptive_grid,3,237,29902,9.0,2,1,0.7464,0.001856
DuelingDQN,deceptive_grid,3,238,29981,-100.0,79,1,0.7457,0.001151
DuelingDQN,deceptive_grid,3,239,30047,-71.0,66,1,0.7451,0.005081
DuelingDQN,deceptive_grid,3,240,30130,-100.0,83,1,0.7444,0.005219
DuelingDQN,deceptive_grid,3,241,30254,-141.0,124,1,0.7434,0.004612
DuelingDQN,deceptive_grid,3,242,30313,-72.0,59,1,0.7429,0.003207
DuelingDQN,deceptive_grid,3,243,30411,-107.0,98,1,0.7421,0.002232
DuelingDQN,deceptive_grid,3,244,30447,-41.0,36,1,0.7418,0.002055
DuelingDQN,deceptive_grid,3,245,30474,-32.0,27,1,0.7415,0.001454
DuelingDQN,deceptive_grid,3,246,30639,-206.0,165,1,0.7401,0.003735
DuelingDQN,deceptive_grid,3,247,30774,-152.0,135,1,0.739,0.00294
DuelingDQN,deceptive_grid,3,248,30845,-64.0,71,1,0.7384,0.001515
DuelingDQN,deceptive_grid,3,249,30877,-21.0,32,1,0.7381,0.001184
DuelingDQN,deceptive_grid,3,250,30903,-23.0,26,1,0.7379,0.00136
DuelingDQN,deceptive_grid,3,251,30983,-113.0,80,1,0.7372,0.00157
DuelingDQN,deceptive_grid,3,252,31040,-74.0,57,1,0.7367,0.004367
DuelingDQN,deceptive_grid,3,253,31112,-73.0,72,1,0.7361,0.006024
DuelingDQN,deceptive_grid,3,254,31179,-76.0,67,1,0.7355,0.004336
DuelingDQN,deceptive_grid,3,255,31207,-25.0,28,1,0.7353,0.002687
DuelingDQN,deceptive_grid,3,256,31293,-91.0,86,1,0.7346,0.002438
DuelingDQN,deceptive_grid,3,257,31342,-42.0,49,1,0.7342,0.00116
DuelingDQN,deceptive_grid,3,258,31437,-108.0,95,1,0.7334,0.001266
DuelingDQN,deceptive_grid,3,259,31521,-89.0,84,1,0.7326,0.00288
DuelingDQN,deceptive_grid,3,260,31575,-47.0,54,1,0.7322,0.004954
DuelingDQN,deceptive_grid,3,261,31603,-25.0,28,1,0.7319,0.005341
DuelingDQN,deceptive_grid,3,262,31711,-109.0,108,1,0.731,0.003944
DuelingDQN,deceptive_grid,3,263,31768,-62.0,57,1,0.7305,0.001964
DuelingDQN,deceptive_grid,3,264,31860,-117.0,92,1,0.7298,0.001294
DuelingDQN,deceptive_grid,3,265,32060,-268.0,200,0,0.7281,0.003075
DuelingDQN,deceptive_grid,3,266,32087,-28.0,27,1,0.7278,0.006303
DuelingDQN,deceptive_grid,3,267,32177,-91.0,90,1,0.7271,0.004653
DuelingDQN,deceptive_grid,3,268,32292,-132.0,115,1,0.7261,0.002908
DuelingDQN,deceptive_grid,3,269,32316,-17.0,24,1,0.7259,0.001791
DuelingDQN,deceptive_grid,3,270,32372,-57.0,56,1,0.7254,0.00191
DuelingDQN,deceptive_grid,3,271,32386,-3.0,14,1,0.7253,0.00184
DuelingDQN,deceptive_grid,3,272,32495,-142.0,109,1,0.7244,0.001396
DuelingDQN,deceptive_grid,3,273,32523,-17.0,28,1,0.7241,0.004356
DuelingDQN,deceptive_grid,3,274,32634,-132.0,111,1,0.7232,0.005786
DuelingDQN,deceptive_grid,3,275,32648,-3.0,14,1,0.7231,0.004238
DuelingDQN,deceptive_grid,3,276,32748,-105.0,100,1,0.7222,0.003954
DuelingDQN,deceptive_grid,3,277,32944,-205.0,196,1,0.7206,0.002231
DuelingDQN,deceptive_grid,3,278,33109,-210.0,165,1,0.7192,0.003341
DuelingDQN,deceptive_grid,3,279,33204,-112.0,95,1,0.7184,0.003378
DuelingDQN,deceptive_grid,3,280,33254,-43.0,50,1,0.7179,0.003151
DuelingDQN,deceptive_grid,3,281,33324,-79.0,70,1,0.7173,0.003129
DuelingDQN,deceptive_grid,3,282,33382,-63.0,58,1,0.7169,0.002032
DuelingDQN,deceptive_grid,3,283,33430,-73.0,48,1,0.7165,0.001813
DuelingDQN,deceptive_grid,3,284,33509,-104.0,79,1,0.7158,0.001462
DuelingDQN,deceptive_grid,3,285,33550,-50.0,41,1,0.7154,0.003998
DuelingDQN,deceptive_grid,3,286,33662,-121.0,112,1,0.7145,0.002553
DuelingDQN,deceptive_grid,3,287,33709,-36.0,47,1,0.7141,0.001714
DuelingDQN,deceptive_grid,3,288,33777,-65.0,68,1,0.7135,0.001804
DuelingDQN,deceptive_grid,3,289,33796,-8.0,19,1,0.7133,0.001531
DuelingDQN,deceptive_grid,3,290,33863,-100.0,67,1,0.7128,0.001606
DuelingDQN,deceptive_grid,3,291,33921,-59.0,58,1,0.7123,0.002244
DuelingDQN,deceptive_grid,3,292,33956,-24.0,35,1,0.712,0.00296
DuelingDQN,deceptive_grid,3,293,34036,-105.0,80,1,0.7113,0.002909
DuelingDQN,deceptive_grid,3,294,34146,-107.0,110,1,0.7104,0.003106
DuelingDQN,deceptive_grid,3,295,34233,-84.0,87,1,0.7096,0.002128
DuelingDQN,deceptive_grid,3,296,34376,-160.0,143,1,0.7084,0.001438
DuelingDQN,deceptive_grid,3,297,34438,-51.0,62,1,0.7079,0.00171
DuelingDQN,deceptive_grid,3,298,34544,-115.0,106,1,0.707,0.002281
DuelingDQN,deceptive_grid,3,299,34668,-121.0,124,1,0.7059,0.002889
DuelingDQN,deceptive_grid,3,300,34724,-57.0,56,1,0.7055,0.002619
DuelingDQN,deceptive_grid,3,301,34753,-30.0,29,1,0.7052,0.00267
DuelingDQN,deceptive_grid,3,302,34817,-65.0,64,1,0.7047,0.001783
DuelingDQN,deceptive_grid,3,303,34892,-112.0,75,1,0.704,0.00153
DuelingDQN,deceptive_grid,3,304,34919,-24.0,27,1,0.7038,0.001821
DuelingDQN,deceptive_grid,3,305,34954,-32.0,35,1,0.7035,0.001942
DuelingDQN,deceptive_grid,3,306,35121,-192.0,167,1,0.7021,0.004472
DuelingDQN,deceptive_grid,3,307,35129,3.0,8,1,0.702,0.008756
DuelingDQN,deceptive_grid,3,308,35162,-26.0,33,1,0.7018,0.00583
DuelingDQN,deceptive_grid,3,309,35178,-13.0,16,1,0.7016,0.004939
DuelingDQN,deceptive_grid,3,310,35224,-39.0,46,1,0.7012,0.003038
DuelingDQN,deceptive_grid,3,311,35293,-66.0,69,1,0.7006,0.002252
DuelingDQN,deceptive_grid,3,312,35316,-16.0,23,1,0.7005,0.001544
DuelingDQN,deceptive_grid,3,313,35328,-1.0,12,1,0.7004,0.001208
DuelingDQN,deceptive_grid,3,314,35347,-8.0,19,1,0.7002,0.000972
DuelingDQN,deceptive_grid,3,315,35419,-77.0,72,1,0.6996,0.000955
DuelingDQN,deceptive_grid,3,316,35461,-35.0,42,1,0.6992,0.000863
DuelingDQN,deceptive_grid,3,317,35505,-41.0,44,1,0.6988,0.001336
DuelingDQN,deceptive_grid,3,318,35544,-36.0,39,1,0.6985,0.004734
DuelingDQN,deceptive_grid,3,319,35587,-32.0,43,1,0.6982,0.004022
DuelingDQN,deceptive_grid,3,320,35669,-75.0,82,1,0.6975,0.003161
DuelingDQN,deceptive_grid,3,321,35736,-72.0,67,1,0.6969,0.001821
DuelingDQN,deceptive_grid,3,322,35792,-49.0,56,1,0.6964,0.001676
DuelingDQN,deceptive_grid,3,323,35805,-10.0,13,1,0.6963,0.000948
DuelingDQN,deceptive_grid,3,324,35848,-52.0,43,1,0.6959,0.001213
DuelingDQN,deceptive_grid,3,325,35916,-65.0,68,1,0.6954,0.000983
DuelingDQN,deceptive_grid,3,326,35984,-73.0,68,1,0.6948,0.000695
DuelingDQN,deceptive_grid,3,327,36017,-22.0,33,1,0.6945,0.002515
DuelingDQN,deceptive_grid,3,328,36054,-34.0,37,1,0.6942,0.005281
DuelingDQN,deceptive_grid,3,329,36065,0.0,11,1,0.6941,0.007133
DuelingDQN,deceptive_grid,3,330,36097,-21.0,32,1,0.6938,0.006882
DuelingDQN,deceptive_grid,3,331,36152,-48.0,55,1,0.6934,0.003586
DuelingDQN,deceptive_grid,3,332,36212,-73.0,60,1,0.6929,0.002379
DuelingDQN,deceptive_grid,3,333,36294,-95.0,82,1,0.6922,0.00217
DuelingDQN,deceptive_grid,3,334,36385,-88.0,91,1,0.6914,0.002133
DuelingDQN,deceptive_grid,3,335,36489,-129.0,104,1,0.6905,0.001586
DuelingDQN,deceptive_grid,3,336,36538,-46.0,49,1,0.6901,0.003998
DuelingDQN,deceptive_grid,3,337,36658,-169.0,120,1,0.6891,0.002878
DuelingDQN,deceptive_grid,3,338,36697,-40.0,39,1,0.6887,0.002239
DuelingDQN,deceptive_grid,3,339,36708,0.0,11,1,0.6886,0.002937
DuelingDQN,deceptive_grid,3,340,36723,-12.0,15,1,0.6885,0.002812
DuelingDQN,deceptive_grid,3,341,36841,-151.0,118,1,0.6875,0.00198
DuelingDQN,deceptive_grid,3,342,36920,-76.0,79,1,0.6868,0.001278
DuelingDQN,deceptive_grid,3,343,36986,-63.0,66,1,0.6863,0.000968
DuelingDQN,deceptive_grid,3,344,37011,-30.0,25,1,0.6861,0.002027
DuelingDQN,deceptive_grid,3,345,37053,-35.0,42,1,0.6857,0.004267
DuelingDQN,deceptive_grid,3,346,37096,-52.0,43,1,0.6854,0.003285
DuelingDQN,deceptive_grid,3,347,37207,-124.0,111,1,0.6844,0.003417
DuelingDQN,deceptive_grid,3,348,37255,-61.0,48,1,0.684,0.006395
DuelingDQN,deceptive_grid,3,349,37270,-8.0,15,1,0.6839,0.006234
DuelingDQN,deceptive_grid,3,350,37330,-81.0,60,1,0.6834,0.003722
DuelingDQN,deceptive_grid,3,351,37372,-39.0,42,1,0.683,0.002748
DuelingDQN,deceptive_grid,3,352,37444,-61.0,72,1,0.6824,0.001742
DuelingDQN,deceptive_grid,3,353,37451,4.0,7,1,0.6823,0.002369
DuelingDQN,deceptive_grid,3,354,37530,-96.0,79,1,0.6817,0.002452
DuelingDQN,deceptive_grid,3,355,37581,-64.0,51,1,0.6812,0.003559
DuelingDQN,deceptive_grid,3,356,37658,-90.0,77,1,0.6806,0.002244
DuelingDQN,deceptive_grid,3,357,37724,-71.0,66,1,0.68,0.001693
DuelingDQN,deceptive_grid,3,358,37792,-69.0,68,1,0.6795,0.001498
DuelingDQN,deceptive_grid,3,359,37926,-151.0,134,1,0.6783,0.001239
DuelingDQN,deceptive_grid,3,360,37930,7.0,4,1,0.6783,0.001341
DuelingDQN,deceptive_grid,3,361,37953,-12.0,23,1,0.6781,0.001613
DuelingDQN,deceptive_grid,3,362,37983,-43.0,30,1,0.6778,0.001668
DuelingDQN,deceptive_grid,3,363,38058,-76.0,75,1,0.6772,0.003776
DuelingDQN,deceptive_grid,3,364,38127,-62.0,69,1,0.6766,0.003965
DuelingDQN,deceptive_grid,3,365,38179,-49.0,52,1,0.6762,0.002822
DuelingDQN,deceptive_grid,3,366,38264,-82.0,85,1,0.6754,0.002178
DuelingDQN,deceptive_grid,3,367,38341,-90.0,77,1,0.6748,0.001073
DuelingDQN,deceptive_grid,3,368,38363,-15.0,22,1,0.6746,0.001658
DuelingDQN,deceptive_grid,3,369,38468,-118.0,105,1,0.6737,0.001442
DuelingDQN,deceptive_grid,3,370,38503,-36.0,35,1,0.6734,0.001523
DuelingDQN,deceptive_grid,3,371,38600,-106.0,97,1,0.6726,0.00537
DuelingDQN,deceptive_grid,3,372,38611,0.0,11,1,0.6725,0.004399
DuelingDQN,deceptive_grid,3,373,38667,-73.0,56,1,0.672,0.004076
DuelingDQN,deceptive_grid,3,374,38788,-150.0,121,1,0.671,0.002008
DuelingDQN,deceptive_grid,3,375,38830,-39.0,42,1,0.6706,0.001236
DuelingDQN,deceptive_grid,3,376,38880,-39.0,50,1,0.6702,0.001674
DuelingDQN,deceptive_grid,3,377,38910,-23.0,30,1,0.67,0.001389
DuelingDQN,deceptive_grid,3,378,38933,-16.0,23,1,0.6698,0.001499
DuelingDQN,deceptive_grid,3,379,38956,-24.0,23,1,0.6696,0.001403
DuelingDQN,deceptive_grid,3,380,39048,-93.0,92,1,0.6688,0.002568
DuelingDQN,deceptive_grid,3,381,39140,-93.0,92,1,0.668,0.004009
DuelingDQN,deceptive_grid,3,382,39158,-7.0,18,1,0.6679,0.002128
DuelingDQN,deceptive_grid,3,383,39196,-35.0,38,1,0.6675,0.001723
DuelingDQN,deceptive_grid,3,384,39214,-7.0,18,1,0.6674,0.001314
DuelingDQN,deceptive_grid,3,385,39234,-9.0,20,1,0.6672,0.001119
DuelingDQN,deceptive_grid,3,386,39266,-21.0,32,1,0.6669,0.001093
DuelingDQN,deceptive_grid,3,387,39271,6.0,5,1,0.6669,0.001309
DuelingDQN,deceptive_grid,3,388,39330,-48.0,59,1,0.6664,0.00113
DuelingDQN,deceptive_grid,3,389,39454,-129.0,124,1,0.6654,0.000751
DuelingDQN,deceptive_grid,3,390,39571,-126.0,117,1,0.6644,0.002354
DuelingDQN,deceptive_grid,3,391,39619,-53.0,48,1,0.664,0.003167
DuelingDQN,deceptive_grid,3,392,39661,-43.0,42,1,0.6636,0.003279
DuelingDQN,deceptive_grid,3,393,39679,-11.0,18,1,0.6634,0.002222
DuelingDQN,deceptive_grid,3,394,39706,-28.0,27,1,0.6632,0.001909
DuelingDQN,deceptive_grid,3,395,39736,-19.0,30,1,0.663,0.001684
DuelingDQN,deceptive_grid,3,396,39778,-35.0,42,1,0.6626,0.001449
DuelingDQN,deceptive_grid,3,397,39841,-56.0,63,1,0.6621,0.001
DuelingDQN,deceptive_grid,3,398,39899,-59.0,58,1,0.6616,0.001317
DuelingDQN,deceptive_grid,3,399,39985,-95.0,86,1,0.6609,0.001443
DuelingDQN,deceptive_grid,3,400,40032,-48.0,47,1,0.6605,0.002137
DuelingDQN,deceptive_grid,3,401,40112,-81.0,80,1,0.6598,0.003426
DuelingDQN,deceptive_grid,3,402,40115,8.0,3,1,0.6597,0.004979
DuelingDQN,deceptive_grid,3,403,40157,-47.0,42,1,0.6594,0.003549
DuelingDQN,deceptive_grid,3,404,40214,-46.0,57,1,0.6589,0.002276
DuelingDQN,deceptive_grid,3,405,40294,-101.0,80,1,0.6582,0.001278
DuelingDQN,deceptive_grid,3,406,40365,-68.0,71,1,0.6576,0.000741
DuelingDQN,deceptive_grid,3,407,40438,-74.0,73,1,0.657,0.001452
DuelingDQN,deceptive_grid,3,408,40469,-20.0,31,1,0.6567,0.001181
DuelingDQN,deceptive_grid,3,409,40533,-53.0,64,1,0.6562,0.002232
DuelingDQN,deceptive_grid,3,410,40545,-1.0,12,1,0.6561,0.003931
DuelingDQN,deceptive_grid,3,411,40616,-96.0,71,1,0.6555,0.004802
DuelingDQN,deceptive_grid,3,412,40648,-29.0,32,1,0.6552,0.00481
DuelingDQN,deceptive_grid,3,413,40721,-106.0,73,1,0.6546,0.002727
DuelingDQN,deceptive_grid,3,414,40768,-44.0,47,1,0.6542,0.001912
DuelingDQN,deceptive_grid,3,415,40853,-98.0,85,1,0.6535,0.001315
DuelingDQN,deceptive_grid,3,416,40895,-47.0,42,1,0.6531,0.002177
DuelingDQN,deceptive_grid,3,417,40971,-81.0,76,1,0.6525,0.003365
DuelingDQN,deceptive_grid,3,418,41053,-87.0,82,1,0.6518,0.003325
DuelingDQN,deceptive_grid,3,419,41117,-65.0,64,1,0.6512,0.003451
DuelingDQN,deceptive_grid,3,420,41140,-20.0,23,1,0.6511,0.002596
DuelingDQN,deceptive_grid,3,421,41161,-18.0,21,1,0.6509,0.001853
DuelingDQN,deceptive_grid,3,422,41302,-162.0,141,1,0.6497,0.001653
DuelingDQN,deceptive_grid,3,423,41342,-33.0,40,1,0.6493,0.0015
DuelingDQN,deceptive_grid,3,424,41372,-23.0,30,1,0.6491,0.001377
DuelingDQN,deceptive_grid,3,425,41389,-14.0,17,1,0.6489,0.001019
DuelingDQN,deceptive_grid,3,426,41409,-17.0,20,1,0.6488,0.000872
DuelingDQN,deceptive_grid,3,427,41462,-58.0,53,1,0.6483,0.000829
DuelingDQN,deceptive_grid,3,428,41475,-14.0,13,1,0.6482,0.000605
DuelingDQN,deceptive_grid,3,429,41543,-65.0,68,1,0.6476,0.00167
DuelingDQN,deceptive_grid,3,430,41633,-99.0,90,1,0.6469,0.002378
DuelingDQN,deceptive_grid,3,431,41653,-17.0,20,1,0.6467,0.001732
DuelingDQN,deceptive_grid,3,432,41723,-63.0,70,1,0.6461,0.001363
DuelingDQN,deceptive_grid,3,433,41810,-96.0,87,1,0.6454,0.001074
DuelingDQN,deceptive_grid,3,434,41825,-8.0,15,1,0.6452,0.000776
DuelingDQN,deceptive_grid,3,435,41860,-40.0,35,1,0.6449,0.000796
DuelingDQN,deceptive_grid,3,436,41896,-45.0,36,1,0.6446,0.000638
DuelingDQN,deceptive_grid,3,437,41933,-30.0,37,1,0.6443,0.000575
DuelingDQN,deceptive_grid,3,438,42000,-72.0,67,1,0.6438,0.000573
DuelingDQN,deceptive_grid,3,439,42025,-14.0,25,1,0.6435,0.003704
DuelingDQN,deceptive_grid,3,440,42091,-67.0,66,1,0.643,0.003648
DuelingDQN,deceptive_grid,3,441,42134,-40.0,43,1,0.6426,0.00282
DuelingDQN,deceptive_grid,3,442,42204,-87.0,70,1,0.642,0.002859
DuelingDQN,deceptive_grid,3,443,42265,-54.0,61,1,0.6415,0.002383
DuelingDQN,deceptive_grid,3,444,42297,-37.0,32,1,0.6412,0.00139
DuelingDQN,deceptive_grid,3,445,42314,-10.0,17,1,0.6411,0.001259
DuelingDQN,deceptive_grid,3,446,42337,-20.0,23,1,0.6409,0.001099
DuelingDQN,deceptive_grid,3,447,42392,-48.0,55,1,0.6404,0.001094
DuelingDQN,deceptive_grid,3,448,42533,-154.0,141,1,0.6392,0.001971
DuelingDQN,deceptive_grid,3,449,42596,-56.0,63,1,0.6387,0.006035
DuelingDQN,deceptive_grid,3,450,42616,-9.0,20,1,0.6385,0.006809
DuelingDQN,deceptive_grid,3,451,42655,-48.0,39,1,0.6382,0.006071
DuelingDQN,deceptive_grid,3,452,42711,-53.0,56,1,0.6377,0.003304
DuelingDQN,deceptive_grid,3,453,42731,-13.0,20,1,0.6376,0.002682
DuelingDQN,deceptive_grid,3,454,42746,-4.0,15,1,0.6374,0.001649
DuelingDQN,deceptive_grid,3,455,42783,-34.0,37,1,0.6371,0.001771
DuelingDQN,deceptive_grid,3,456,42813,-27.0,30,1,0.6369,0.001581
DuelingDQN,deceptive_grid,3,457,42839,-35.0,26,1,0.6366,0.001178
DuelingDQN,deceptive_grid,3,458,42871,-25.0,32,1,0.6364,0.00087
DuelingDQN,deceptive_grid,3,459,42921,-55.0,50,1,0.6359,0.00106
DuelingDQN,deceptive_grid,3,460,42964,-32.0,43,1,0.6356,0.001153
DuelingDQN,deceptive_grid,3,461,43043,-84.0,79,1,0.6349,0.002346
DuelingDQN,deceptive_grid,3,462,43109,-55.0,66,1,0.6344,0.004356
DuelingDQN,deceptive_grid,3,463,43143,-35.0,34,1,0.6341,0.003367
DuelingDQN,deceptive_grid,3,464,43174,-32.0,31,1,0.6338,0.002296
DuelingDQN,deceptive_grid,3,465,43207,-34.0,33,1,0.6335,0.00254
DuelingDQN,deceptive_grid,3,466,43273,-67.0,66,1,0.633,0.002728
DuelingDQN,deceptive_grid,3,467,43314,-38.0,41,1,0.6326,0.002001
DuelingDQN,deceptive_grid,3,468,43365,-48.0,51,1,0.6322,0.001338
DuelingDQN,deceptive_grid,3,469,43395,-23.0,30,1,0.6319,0.001314
DuelingDQN,deceptive_grid,3,470,43434,-32.0,39,1,0.6316,0.000994
DuelingDQN,deceptive_grid,3,471,43477,-36.0,43,1,0.6312,0.000662
DuelingDQN,deceptive_grid,3,472,43495,-15.0,18,1,0.6311,0.00063
DuelingDQN,deceptive_grid,3,473,43518,-16.0,23,1,0.6309,0.002181
DuelingDQN,deceptive_grid,3,474,43525,4.0,7,1,0.6308,0.002737
DuelingDQN,deceptive_grid,3,475,43545,-25.0,20,1,0.6307,0.002513
DuelingDQN,deceptive_grid,3,476,43574,-26.0,29,1,0.6304,0.002938
DuelingDQN,deceptive_grid,3,477,43638,-61.0,64,1,0.6299,0.002113
DuelingDQN,deceptive_grid,3,478,43704,-55.0,66,1,0.6293,0.001768
DuelingDQN,deceptive_grid,3,479,43733,-22.0,29,1,0.6291,0.001229
DuelingDQN,deceptive_grid,3,480,43755,-11.0,22,1,0.6289,0.000774
DuelingDQN,deceptive_grid,3,481,43795,-45.0,40,1,0.6285,0.000794
DuelingDQN,deceptive_grid,3,482,43809,-3.0,14,1,0.6284,0.001047
DuelingDQN,deceptive_grid,3,483,43851,-47.0,42,1,0.6281,0.000802
DuelingDQN,deceptive_grid,3,484,43902,-56.0,51,1,0.6276,0.000614
DuelingDQN,deceptive_grid,3,485,43933,-20.0,31,1,0.6274,0.000515
DuelingDQN,deceptive_grid,3,486,43981,-37.0,48,1,0.627,0.000553
DuelingDQN,deceptive_grid,3,487,44022,-50.0,41,1,0.6266,0.00204
DuelingDQN,deceptive_grid,3,488,44076,-67.0,54,1,0.6261,0.003379
DuelingDQN,deceptive_grid,3,489,44122,-39.0,46,1,0.6258,0.002945
DuelingDQN,deceptive_grid,3,490,44175,-46.0,53,1,0.6253,0.002166
DuelingDQN,deceptive_grid,3,491,44210,-32.0,35,1,0.625,0.002621
DuelingDQN,deceptive_grid,3,492,44248,-39.0,38,1,0.6247,0.003086
DuelingDQN,deceptive_grid,3,493,44294,-47.0,46,1,0.6243,0.003296
DuelingDQN,deceptive_grid,3,494,44351,-58.0,57,1,0.6238,0.002473
DuelingDQN,deceptive_grid,3,495,44520,-186.0,169,1,0.6224,0.00177
DuelingDQN,deceptive_grid,3,496,44534,-7.0,14,1,0.6223,0.003983
DuelingDQN,deceptive_grid,3,497,44546,-1.0,12,1,0.6222,0.003685
DuelingDQN,deceptive_grid,3,498,44587,-46.0,41,1,0.6218,0.003873
DuelingDQN,deceptive_grid,3,499,44597,-3.0,10,1,0.6217,0.00375
DuelingDQN,deceptive_grid,3,500,44635,-47.0,38,1,0.6214,0.003507
DuelingDQN,deceptive_grid,3,501,44694,-64.0,59,1,0.6209,0.002263
DuelingDQN,deceptive_grid,3,502,44720,-15.0,26,1,0.6207,0.001754
DuelingDQN,deceptive_grid,3,503,44764,-37.0,44,1,0.6203,0.002043
DuelingDQN,deceptive_grid,3,504,44817,-54.0,53,1,0.6199,0.001536
DuelingDQN,deceptive_grid,3,505,44876,-60.0,59,1,0.6194,0.000844
DuelingDQN,deceptive_grid,3,506,44946,-79.0,70,1,0.6188,0.00049
DuelingDQN,deceptive_grid,3,507,44959,-10.0,13,1,0.6187,0.00048
DuelingDQN,deceptive_grid,3,508,45026,-60.0,67,1,0.6181,0.001593
DuelingDQN,deceptive_grid,3,509,45049,-12.0,23,1,0.6179,0.003072
DuelingDQN,deceptive_grid,3,510,45085,-25.0,36,1,0.6176,0.003069
DuelingDQN,deceptive_grid,3,511,45150,-66.0,65,1,0.617,0.002503
DuelingDQN,deceptive_grid,3,512,45163,-2.0,13,1,0.6169,0.001921
DuelingDQN,deceptive_grid,3,513,45177,-3.0,14,1,0.6168,0.0014
DuelingDQN,deceptive_grid,3,514,45235,-59.0,58,1,0.6163,0.001732
DuelingDQN,deceptive_grid,3,515,45259,-13.0,24,1,0.6161,0.002069
DuelingDQN,deceptive_grid,3,516,45367,-113.0,108,1,0.6152,0.001588
DuelingDQN,deceptive_grid,3,517,45414,-36.0,47,1,0.6148,0.001876
DuelingDQN,deceptive_grid,3,518,45492,-83.0,78,1,0.6141,0.001973
DuelingDQN,deceptive_grid,3,519,45516,-21.0,24,1,0.6139,0.002861
DuelingDQN,deceptive_grid,3,520,45517,10.0,1,1,0.6139,0.003021
DuelingDQN,deceptive_grid,3,521,45586,-70.0,69,1,0.6133,0.002768
DuelingDQN,deceptive_grid,3,522,45596,1.0,10,1,0.6133,0.001976
DuelingDQN,deceptive_grid,3,523,45605,2.0,9,1,0.6132,0.002049
DuelingDQN,deceptive_grid,3,524,45641,-37.0,36,1,0.6129,0.001664
DuelingDQN,deceptive_grid,3,525,45743,-107.0,102,1,0.612,0.00164
DuelingDQN,deceptive_grid,3,526,45806,-56.0,63,1,0.6115,0.000957
DuelingDQN,deceptive_grid,3,527,45826,-13.0,20,1,0.6113,0.000902
DuelingDQN,deceptive_grid,3,528,45874,-49.0,48,1,0.6109,0.001265
DuelingDQN,deceptive_grid,3,529,45903,-34.0,29,1,0.6107,0.002149
DuelingDQN,deceptive_grid,3,530,45959,-61.0,56,1,0.6102,0.002484
DuelingDQN,deceptive_grid,3,531,45970,-8.0,11,1,0.6101,0.002093
DuelingDQN,deceptive_grid,3,532,46009,-40.0,39,1,0.6098,0.002818
DuelingDQN,deceptive_grid,3,533,46046,-26.0,37,1,0.6094,0.003511
DuelingDQN,deceptive_grid,3,534,46084,-27.0,38,1,0.6091,0.003128
DuelingDQN,deceptive_grid,3,535,46138,-55.0,54,1,0.6087,0.002134
DuelingDQN,deceptive_grid,3,536,46196,-47.0,58,1,0.6082,0.001759
DuelingDQN,deceptive_grid,3,537,46208,-1.0,12,1,0.6081,0.001715
DuelingDQN,deceptive_grid,3,538,46223,-4.0,15,1,0.6079,0.001781
DuelingDQN,deceptive_grid,3,539,46251,-25.0,28,1,0.6077,0.00121
DuelingDQN,deceptive_grid,3,540,46275,-17.0,24,1,0.6075,0.001127
DuelingDQN,deceptive_grid,3,541,46307,-29.0,32,1,0.6072,0.001077
DuelingDQN,deceptive_grid,3,542,46317,1.0,10,1,0.6071,0.001104
DuelingDQN,deceptive_grid,3,543,46330,-6.0,13,1,0.607,0.000852
DuelingDQN,deceptive_grid,3,544,46350,-13.0,20,1,0.6069,0.001
DuelingDQN,deceptive_grid,3,545,46407,-50.0,57,1,0.6064,0.001291
DuelingDQN,deceptive_grid,3,546,46412,6.0,5,1,0.6063,0.000861
DuelingDQN,deceptive_grid,3,547,46484,-81.0,72,1,0.6057,0.000797
DuelingDQN,deceptive_grid,3,548,46561,-102.0,77,1,0.6051,0.002994
DuelingDQN,deceptive_grid,3,549,46629,-77.0,68,1,0.6045,0.002695
DuelingDQN,deceptive_grid,3,550,46674,-54.0,45,1,0.6041,0.001872
DuelingDQN,deceptive_grid,3,551,46760,-111.0,86,1,0.6034,0.001623
DuelingDQN,deceptive_grid,3,552,46782,-27.0,22,1,0.6032,0.001478
DuelingDQN,deceptive_grid,3,553,46862,-93.0,80,1,0.6025,0.00185
DuelingDQN,deceptive_grid,3,554,46962,-97.0,100,1,0.6017,0.001478
DuelingDQN,deceptive_grid,3,555,47000,-35.0,38,1,0.6013,0.001164
DuelingDQN,deceptive_grid,3,556,47040,-29.0,40,1,0.601,0.004358
DuelingDQN,deceptive_grid,3,557,47088,-49.0,48,1,0.6006,0.003036
DuelingDQN,deceptive_grid,3,558,47096,3.0,8,1,0.6005,0.002601
DuelingDQN,deceptive_grid,3,559,47155,-64.0,59,1,0.6,0.002741
DuelingDQN,deceptive_grid,3,560,47165,-3.0,10,1,0.5999,0.002458
DuelingDQN,deceptive_grid,3,561,47211,-35.0,46,1,0.5996,0.00308
DuelingDQN,deceptive_grid,3,562,47275,-73.0,64,1,0.599,0.00173
DuelingDQN,deceptive_grid,3,563,47337,-59.0,62,1,0.5985,0.000975
DuelingDQN,deceptive_grid,3,564,47383,-39.0,46,1,0.5981,0.00073
DuelingDQN,deceptive_grid,3,565,47428,-34.0,45,1,0.5977,0.000647
DuelingDQN,deceptive_grid,3,566,47471,-44.0,43,1,0.5974,0.000748
DuelingDQN,deceptive_grid,3,567,47477,5.0,6,1,0.5973,0.000643
DuelingDQN,deceptive_grid,3,568,47536,-56.0,59,1,0.5968,0.002695
DuelingDQN,deceptive_grid,3,569,47556,-17.0,20,1,0.5966,0.003538
DuelingDQN,deceptive_grid,3,570,47596,-37.0,40,1,0.5963,0.003369
DuelingDQN,deceptive_grid,3,571,47620,-25.0,24,1,0.5961,0.003274
DuelingDQN,deceptive_grid,3,572,47621,10.0,1,1,0.5961,0.007386
DuelingDQN,deceptive_grid,3,573,47693,-69.0,72,1,0.5955,0.003288
DuelingDQN,deceptive_grid,3,574,47705,-13.0,12,1,0.5954,0.001723
DuelingDQN,deceptive_grid,3,575,47726,-22.0,21,1,0.5952,0.001782
DuelingDQN,deceptive_grid,3,576,47745,-8.0,19,1,0.595,0.001418
DuelingDQN,deceptive_grid,3,577,47815,-103.0,70,1,0.5944,0.001046
DuelingDQN,deceptive_grid,3,578,47854,-32.0,39,1,0.5941,0.001167
DuelingDQN,deceptive_grid,3,579,47871,-22.0,17,1,0.594,0.001664
DuelingDQN,deceptive_grid,3,580,47907,-41.0,36,1,0.5937,0.001674
DuelingDQN,deceptive_grid,3,581,47957,-51.0,50,1,0.5932,0.001167
DuelingDQN,deceptive_grid,3,582,47988,-32.0,31,1,0.593,0.001072
DuelingDQN,deceptive_grid,3,583,48005,-10.0,17,1,0.5928,0.002275
DuelingDQN,deceptive_grid,3,584,48022,-6.0,17,1,0.5927,0.004939
DuelingDQN,deceptive_grid,3,585,48059,-38.0,37,1,0.5924,0.005524
DuelingDQN,deceptive_grid,3,586,48101,-59.0,42,1,0.592,0.003319
DuelingDQN,deceptive_grid,3,587,48155,-67.0,54,1,0.5916,0.002581
DuelingDQN,deceptive_grid,3,588,48193,-31.0,38,1,0.5912,0.002681
DuelingDQN,deceptive_grid,3,589,48244,-48.0,51,1,0.5908,0.001492
DuelingDQN,deceptive_grid,3,590,48257,-2.0,13,1,0.5907,0.001274
DuelingDQN,deceptive_grid,3,591,48291,-31.0,34,1,0.5904,0.001081
DuelingDQN,deceptive_grid,3,592,48315,-21.0,24,1,0.5902,0.001233
DuelingDQN,deceptive_grid,3,593,48333,-11.0,18,1,0.59,0.001327
DuelingDQN,deceptive_grid,3,594,48397,-73.0,64,1,0.5895,0.001176
DuelingDQN,deceptive_grid,3,595,48424,-44.0,27,1,0.5893,0.001218
DuelingDQN,deceptive_grid,3,596,48439,-8.0,15,1,0.5891,0.001103
DuelingDQN,deceptive_grid,3,597,48470,-24.0,31,1,0.5889,0.000736
DuelingDQN,deceptive_grid,3,598,48487,-14.0,17,1,0.5887,0.000692
DuelingDQN,deceptive_grid,3,599,48562,-88.0,75,1,0.5881,0.003735
DuelingDQN,deceptive_grid,3,600,48590,-29.0,28,1,0.5879,0.003421
DuelingDQN,deceptive_grid,3,601,48673,-100.0,83,1,0.5872,0.002558
DuelingDQN,deceptive_grid,3,602,48754,-106.0,81,1,0.5865,0.001995
DuelingDQN,deceptive_grid,3,603,48811,-58.0,57,1,0.586,0.000887
DuelingDQN,deceptive_grid,3,604,48857,-59.0,46,1,0.5856,0.000659
DuelingDQN,deceptive_grid,3,605,48858,10.0,1,1,0.5856,0.000665
DuelingDQN,deceptive_grid,3,606,48956,-91.0,98,1,0.5848,0.000563
DuelingDQN,deceptive_grid,3,607,48973,-14.0,17,1,0.5846,0.00062
DuelingDQN,deceptive_grid,3,608,49014,-42.0,41,1,0.5843,0.001505
DuelingDQN,deceptive_grid,3,609,49052,-35.0,38,1,0.5839,0.004897
DuelingDQN,deceptive_grid,3,610,49085,-26.0,33,1,0.5837,0.004744
DuelingDQN,deceptive_grid,3,611,49109,-21.0,24,1,0.5835,0.003335
DuelingDQN,deceptive_grid,3,612,49124,-12.0,15,1,0.5833,0.003462
DuelingDQN,deceptive_grid,3,613,49177,-42.0,53,1,0.5829,0.004057
DuelingDQN,deceptive_grid,3,614,49209,-25.0,32,1,0.5826,0.002316
DuelingDQN,deceptive_grid,3,615,49234,-22.0,25,1,0.5824,0.00195
DuelingDQN,deceptive_grid,3,616,49275,-38.0,41,1,0.5821,0.001383
DuelingDQN,deceptive_grid,3,617,49278,8.0,3,1,0.582,0.001234
DuelingDQN,deceptive_grid,3,618,49327,-38.0,49,1,0.5816,0.001015
DuelingDQN,deceptive_grid,3,619,49373,-43.0,46,1,0.5812,0.000712
DuelingDQN,deceptive_grid,3,620,49390,-18.0,17,1,0.5811,0.000471
DuelingDQN,deceptive_grid,3,621,49480,-91.0,90,1,0.5803,0.000425
DuelingDQN,deceptive_grid,3,622,49506,-15.0,26,1,0.5801,0.001188
DuelingDQN,deceptive_grid,3,623,49517,0.0,11,1,0.58,0.00298
DuelingDQN,deceptive_grid,3,624,49595,-83.0,78,1,0.5793,0.002515
DuelingDQN,deceptive_grid,3,625,49663,-69.0,68,1,0.5788,0.001499
DuelingDQN,deceptive_grid,3,626,49686,-16.0,23,1,0.5786,0.001556
DuelingDQN,deceptive_grid,3,627,49734,-53.0,48,1,0.5782,0.001351
DuelingDQN,deceptive_grid,3,628,49766,-29.0,32,1,0.5779,0.001221
DuelingDQN,deceptive_grid,3,629,49827,-58.0,61,1,0.5774,0.001594
DuelingDQN,deceptive_grid,3,630,49909,-103.0,82,1,0.5767,0.003316
DuelingDQN,deceptive_grid,3,631,49944,-36.0,35,1,0.5764,0.002337
DuelingDQN,deceptive_grid,3,632,49963,-16.0,19,1,0.5762,0.00201
DuelingDQN,deceptive_grid,3,633,49992,-26.0,29,1,0.576,0.001775
DuelingDQN,deceptive_grid,3,634,50027,-36.0,35,1,0.5757,0.003725
DuelingDQN,deceptive_grid,3,635,50042,-8.0,15,1,0.5755,0.005512
DuelingDQN,deceptive_grid,3,636,50060,-15.0,18,1,0.5754,0.004805
DuelingDQN,deceptive_grid,3,637,50099,-32.0,39,1,0.5751,0.005399
DuelingDQN,deceptive_grid,3,638,50147,-41.0,48,1,0.5747,0.003248
DuelingDQN,deceptive_grid,3,639,50176,-26.0,29,1,0.5744,0.002793
DuelingDQN,deceptive_grid,3,640,50211,-28.0,35,1,0.5741,0.001866
DuelingDQN,deceptive_grid,3,641,50260,-46.0,49,1,0.5737,0.001107
DuelingDQN,deceptive_grid,3,642,50321,-66.0,61,1,0.5732,0.000932
DuelingDQN,deceptive_grid,3,643,50326,6.0,5,1,0.5731,0.001146
DuelingDQN,deceptive_grid,3,644,50363,-30.0,37,1,0.5728,0.001107
DuelingDQN,deceptive_grid,3,645,50429,-67.0,66,1,0.5723,0.001131
DuelingDQN,deceptive_grid,3,646,50467,-47.0,38,1,0.5719,0.001657
DuelingDQN,deceptive_grid,3,647,50514,-44.0,47,1,0.5715,0.002032
DuelingDQN,deceptive_grid,3,648,50549,-40.0,35,1,0.5712,0.003652
DuelingDQN,deceptive_grid,3,649,50590,-42.0,41,1,0.5709,0.002696
DuelingDQN,deceptive_grid,3,650,50600,1.0,10,1,0.5708,0.002045
DuelingDQN,deceptive_grid,3,651,50631,-32.0,31,1,0.5705,0.002024
DuelingDQN,deceptive_grid,3,652,50666,-36.0,35,1,0.5703,0.001908
DuelingDQN,deceptive_grid,3,653,50708,-31.0,42,1,0.5699,0.001537
DuelingDQN,deceptive_grid,3,654,50739,-28.0,31,1,0.5696,0.0017
DuelingDQN,deceptive_grid,3,655,50760,-10.0,21,1,0.5695,0.001651
DuelingDQN,deceptive_grid,3,656,50788,-21.0,28,1,0.5692,0.001068
DuelingDQN,deceptive_grid,3,657,50851,-60.0,63,1,0.5687,0.000823
DuelingDQN,deceptive_grid,3,658,50909,-67.0,58,1,0.5682,0.000575
DuelingDQN,deceptive_grid,3,659,50942,-26.0,33,1,0.5679,0.000682
DuelingDQN,deceptive_grid,3,660,50950,3.0,8,1,0.5678,0.000505
DuelingDQN,deceptive_grid,3,661,50970,-9.0,20,1,0.5677,0.000606
DuelingDQN,deceptive_grid,3,662,50997,-16.0,27,1,0.5674,0.000561
DuelingDQN,deceptive_grid,3,663,51014,-6.0,17,1,0.5673,0.003116
DuelingDQN,deceptive_grid,3,664,51061,-40.0,47,1,0.5669,0.003464
DuelingDQN,deceptive_grid,3,665,51108,-36.0,47,1,0.5665,0.001961
DuelingDQN,deceptive_grid,3,666,51144,-25.0,36,1,0.5662,0.001808
DuelingDQN,deceptive_grid,3,667,51180,-25.0,36,1,0.5659,0.001932
DuelingDQN,deceptive_grid,3,668,51229,-62.0,49,1,0.5655,0.001955
DuelingDQN,deceptive_grid,3,669,51274,-38.0,45,1,0.5651,0.001831
DuelingDQN,deceptive_grid,3,670,51323,-62.0,49,1,0.5647,0.001604
DuelingDQN,deceptive_grid,3,671,51346,-12.0,23,1,0.5645,0.00107
DuelingDQN,deceptive_grid,3,672,51382,-25.0,36,1,0.5642,0.000901
DuelingDQN,deceptive_grid,3,673,51409,-20.0,27,1,0.5639,0.000844
DuelingDQN,deceptive_grid,3,674,51435,-19.0,26,1,0.5637,0.000609
DuelingDQN,deceptive_grid,3,675,51499,-61.0,64,1,0.5632,0.000421
DuelingDQN,deceptive_grid,3,676,51537,-35.0,38,1,0.5629,0.003085
DuelingDQN,deceptive_grid,3,677,51624,-84.0,87,1,0.5621,0.002325
DuelingDQN,deceptive_grid,3,678,51638,-3.0,14,1,0.562,0.002913
DuelingDQN,deceptive_grid,3,679,51667,-30.0,29,1,0.5618,0.003025
DuelingDQN,deceptive_grid,3,680,51698,-32.0,31,1,0.5615,0.002645
DuelingDQN,deceptive_grid,3,681,51750,-53.0,52,1,0.5611,0.002208
DuelingDQN,deceptive_grid,3,682,51761,0.0,11,1,0.561,0.001633
DuelingDQN,deceptive_grid,3,683,51803,-55.0,42,1,0.5606,0.001102
DuelingDQN,deceptive_grid,3,684,51851,-57.0,48,1,0.5602,0.001306
DuelingDQN,deceptive_grid,3,685,51861,1.0,10,1,0.5601,0.001639
DuelingDQN,deceptive_grid,3,686,51900,-56.0,39,1,0.5598,0.000914
DuelingDQN,deceptive_grid,3,687,51942,-43.0,42,1,0.5594,0.000736
DuelingDQN,deceptive_grid,3,688,51987,-66.0,45,1,0.559,0.000602
DuelingDQN,deceptive_grid,3,689,52024,-34.0,37,1,0.5587,0.001874
DuelingDQN,deceptive_grid,3,690,52087,-68.0,63,1,0.5582,0.001874
DuelingDQN,deceptive_grid,3,691,52115,-33.0,28,1,0.558,0.001743
DuelingDQN,deceptive_grid,3,692,52168,-50.0,53,1,0.5575,0.001489
DuelingDQN,deceptive_grid,3,693,52217,-54.0,49,1,0.5571,0.000982
DuelingDQN,deceptive_grid,3,694,52282,-66.0,65,1,0.5565,0.001713
DuelingDQN,deceptive_grid,3,695,52298,-5.0,16,1,0.5564,0.00144
DuelingDQN,deceptive_grid,3,696,52325,-20.0,27,1,0.5562,0.001445
DuelingDQN,deceptive_grid,3,697,52376,-48.0,51,1,0.5557,0.001026
DuelingDQN,deceptive_grid,3,698,52418,-47.0,42,1,0.5554,0.001033
DuelingDQN,deceptive_grid,3,699,52459,-54.0,41,1,0.555,0.00102
DuelingDQN,deceptive_grid,3,700,52505,-47.0,46,1,0.5547,0.001366
DuelingDQN,deceptive_grid,3,701,52537,-29.0,32,1,0.5544,0.003781
DuelingDQN,deceptive_grid,3,702,52548,0.0,11,1,0.5543,0.003023
DuelingDQN,deceptive_grid,3,703,52590,-35.0,42,1,0.5539,0.002849
DuelingDQN,deceptive_grid,3,704,52604,-7.0,14,1,0.5538,0.002239
DuelingDQN,deceptive_grid,3,705,52637,-30.0,33,1,0.5535,0.002347
DuelingDQN,deceptive_grid,3,706,52686,-54.0,49,1,0.5531,0.00207
DuelingDQN,deceptive_grid,3,707,52699,-2.0,13,1,0.553,0.002082
DuelingDQN,deceptive_grid,3,708,52755,-49.0,56,1,0.5525,0.001797
DuelingDQN,deceptive_grid,3,709,52796,-30.0,41,1,0.5522,0.001491
DuelingDQN,deceptive_grid,3,710,52809,-6.0,13,1,0.5521,0.000969
DuelingDQN,deceptive_grid,3,711,52853,-49.0,44,1,0.5517,0.000871
DuelingDQN,deceptive_grid,3,712,52903,-51.0,50,1,0.5513,0.001127
DuelingDQN,deceptive_grid,3,713,52965,-59.0,62,1,0.5508,0.001382
DuelingDQN,deceptive_grid,3,714,52990,-14.0,25,1,0.5505,0.001305
DuelingDQN,deceptive_grid,3,715,53032,-35.0,42,1,0.5502,0.002706
DuelingDQN,deceptive_grid,3,716,53052,-9.0,20,1,0.55,0.002809
DuelingDQN,deceptive_grid,3,717,53094,-47.0,42,1,0.5497,0.002368
DuelingDQN,deceptive_grid,3,718,53112,-7.0,18,1,0.5495,0.002141
DuelingDQN,deceptive_grid,3,719,53144,-21.0,32,1,0.5492,0.002221
DuelingDQN,deceptive_grid,3,720,53183,-36.0,39,1,0.5489,0.002098
DuelingDQN,deceptive_grid,3,721,53186,4.0,3,1,0.5489,0.002198
DuelingDQN,deceptive_grid,3,722,53194,3.0,8,1,0.5488,0.002525
DuelingDQN,deceptive_grid,3,723,53206,-1.0,12,1,0.5487,0.002907
DuelingDQN,deceptive_grid,3,724,53227,-18.0,21,1,0.5485,0.002448
DuelingDQN,deceptive_grid,3,725,53229,9.0,2,1,0.5485,0.002102
DuelingDQN,deceptive_grid,3,726,53271,-35.0,42,1,0.5482,0.001829
DuelingDQN,deceptive_grid,3,727,53309,-27.0,38,1,0.5478,0.001602
DuelingDQN,deceptive_grid,3,728,53353,-53.0,44,1,0.5475,0.001763
DuelingDQN,deceptive_grid,3,729,53365,-1.0,12,1,0.5474,0.001623
DuelingDQN,deceptive_grid,3,730,53395,-19.0,30,1,0.5471,0.001807
DuelingDQN,deceptive_grid,3,731,53424,-18.0,29,1,0.5469,0.00197
DuelingDQN,deceptive_grid,3,732,53448,-21.0,24,1,0.5467,0.001572
DuelingDQN,deceptive_grid,3,733,53475,-16.0,27,1,0.5464,0.001218
DuelingDQN,deceptive_grid,3,734,53510,-24.0,35,1,0.5461,0.001694
DuelingDQN,deceptive_grid,3,735,53553,-44.0,43,1,0.5458,0.003529
DuelingDQN,deceptive_grid,3,736,53594,-42.0,41,1,0.5454,0.003474
DuelingDQN,deceptive_grid,3,737,53617,-12.0,23,1,0.5452,0.002788
DuelingDQN,deceptive_grid,3,738,53621,7.0,4,1,0.5452,0.00273
DuelingDQN,deceptive_grid,3,739,53650,-38.0,29,1,0.5449,0.00323
DuelingDQN,deceptive_grid,3,740,53703,-54.0,53,1,0.5445,0.001822
DuelingDQN,deceptive_grid,3,741,53731,-17.0,28,1,0.5443,0.001389
DuelingDQN,deceptive_grid,3,742,53752,-10.0,21,1,0.5441,0.001008
DuelingDQN,deceptive_grid,3,743,53801,-42.0,49,1,0.5437,0.000995
DuelingDQN,deceptive_grid,3,744,53858,-54.0,57,1,0.5432,0.00101
DuelingDQN,deceptive_grid,3,745,53883,-22.0,25,1,0.543,0.000787
DuelingDQN,deceptive_grid,3,746,53914,-20.0,31,1,0.5427,0.000555
DuelingDQN,deceptive_grid,3,747,53957,-40.0,43,1,0.5423,0.000597
DuelingDQN,deceptive_grid,3,748,54000,-32.0,43,1,0.542,0.000662
DuelingDQN,deceptive_grid,3,749,54005,6.0,5,1,0.5419,0.002369
DuelingDQN,deceptive_grid,3,750,54047,-35.0,42,1,0.5416,0.002615
DuelingDQN,deceptive_grid,3,751,54118,-72.0,71,1,0.541,0.001831
DuelingDQN,deceptive_grid,3,752,54134,-5.0,16,1,0.5408,0.001665
DuelingDQN,deceptive_grid,3,753,54148,-19.0,14,1,0.5407,0.001541
DuelingDQN,deceptive_grid,3,754,54184,-25.0,36,1,0.5404,0.001542
DuelingDQN,deceptive_grid,3,755,54254,-63.0,70,1,0.5398,0.001415
DuelingDQN,deceptive_grid,3,756,54307,-46.0,53,1,0.5394,0.001239
DuelingDQN,deceptive_grid,3,757,54315,3.0,8,1,0.5393,0.001078
DuelingDQN,deceptive_grid,3,758,54359,-33.0,44,1,0.5389,0.001244
DuelingDQN,deceptive_grid,3,759,54394,-32.0,35,1,0.5386,0.001068
DuelingDQN,deceptive_grid,3,760,54396,5.0,2,1,0.5386,0.001197
DuelingDQN,deceptive_grid,3,761,54432,-25.0,36,1,0.5383,0.000919
DuelingDQN,deceptive_grid,3,762,54464,-21.0,32,1,0.538,0.000584
DuelingDQN,deceptive_grid,3,763,54522,-51.0,58,1,0.5375,0.001265
DuelingDQN,deceptive_grid,3,764,54561,-32.0,39,1,0.5372,0.002459
DuelingDQN,deceptive_grid,3,765,54587,-15.0,26,1,0.537,0.002285
DuelingDQN,deceptive_grid,3,766,54637,-51.0,50,1,0.5366,0.001735
DuelingDQN,deceptive_grid,3,767,54656,-12.0,19,1,0.5364,0.001843
DuelingDQN,deceptive_grid,3,768,54667,0.0,11,1,0.5363,0.001585
DuelingDQN,deceptive_grid,3,769,54713,-39.0,46,1,0.5359,0.001523
DuelingDQN,deceptive_grid,3,770,54739,-15.0,26,1,0.5357,0.001391
DuelingDQN,deceptive_grid,3,771,54763,-25.0,24,1,0.5355,0.001484
DuelingDQN,deceptive_grid,3,772,54784,-10.0,21,1,0.5353,0.001236
DuelingDQN,deceptive_grid,3,773,54829,-38.0,45,1,0.5349,0.00169
DuelingDQN,deceptive_grid,3,774,54840,0.0,11,1,0.5348,0.001809
DuelingDQN,deceptive_grid,3,775,54862,-11.0,22,1,0.5347,0.00118
DuelingDQN,deceptive_grid,3,776,54867,6.0,5,1,0.5346,0.00097
DuelingDQN,deceptive_grid,3,777,54913,-47.0,46,1,0.5342,0.001015
DuelingDQN,deceptive_grid,3,778,54932,-8.0,19,1,0.5341,0.000962
DuelingDQN,deceptive_grid,3,779,54938,5.0,6,1,0.534,0.001093
DuelingDQN,deceptive_grid,3,780,54972,-35.0,34,1,0.5337,0.000962
DuelingDQN,deceptive_grid,3,781,55043,-64.0,71,1,0.5331,0.002013
DuelingDQN,deceptive_grid,3,782,55085,-39.0,42,1,0.5328,0.002891
DuelingDQN,deceptive_grid,3,783,55109,-13.0,24,1,0.5326,0.00292
DuelingDQN,deceptive_grid,3,784,55120,0.0,11,1,0.5325,0.002143
DuelingDQN,deceptive_grid,3,785,55123,8.0,3,1,0.5324,0.001762
DuelingDQN,deceptive_grid,3,786,55166,-52.0,43,1,0.5321,0.002226
DuelingDQN,deceptive_grid,3,787,55196,-23.0,30,1,0.5318,0.002402
DuelingDQN,deceptive_grid,3,788,55231,-32.0,35,1,0.5315,0.003046
DuelingDQN,deceptive_grid,3,789,55261,-23.0,30,1,0.5313,0.002608
DuelingDQN,deceptive_grid,3,790,55293,-21.0,32,1,0.531,0.001613
DuelingDQN,deceptive_grid,3,791,55297,7.0,4,1,0.531,0.000834
DuelingDQN,deceptive_grid,3,792,55343,-55.0,46,1,0.5306,0.000913
DuelingDQN,deceptive_grid,3,793,55374,-28.0,31,1,0.5303,0.001578
DuelingDQN,deceptive_grid,3,794,55397,-12.0,23,1,0.5301,0.002201
DuelingDQN,deceptive_grid,3,795,55435,-31.0,38,1,0.5298,0.00203
DuelingDQN,deceptive_grid,3,796,55458,-12.0,23,1,0.5296,0.001437
DuelingDQN,deceptive_grid,3,797,55489,-28.0,31,1,0.5293,0.001352
DuelingDQN,deceptive_grid,3,798,55497,3.0,8,1,0.5293,0.001243
DuelingDQN,deceptive_grid,3,799,55541,-37.0,44,1,0.5289,0.002629
DuelingDQN,deceptive_grid,3,800,55561,-9.0,20,1,0.5287,0.002982
DQN,deceptive_grid,4,1,200,-308.0,200,0,0.9983,
DQN,deceptive_grid,4,2,400,-260.0,200,0,0.9966,
DQN,deceptive_grid,4,3,433,-30.0,33,1,0.9963,
DQN,deceptive_grid,4,4,529,-133.0,96,1,0.9955,
DQN,deceptive_grid,4,5,729,-272.0,200,0,0.9938,
DQN,deceptive_grid,4,6,929,-296.0,200,0,0.9921,
DQN,deceptive_grid,4,7,1129,-280.0,200,0,0.9904,0.426392
DQN,deceptive_grid,4,8,1329,-292.0,200,0,0.9887,0.337334
DQN,deceptive_grid,4,9,1529,-264.0,200,0,0.987,0.283966
DQN,deceptive_grid,4,10,1729,-256.0,200,0,0.9853,0.225178
DQN,deceptive_grid,4,11,1929,-220.0,200,0,0.9836,0.180889
DQN,deceptive_grid,4,12,2129,-248.0,200,0,0.9819,0.164571
DQN,deceptive_grid,4,13,2162,-26.0,33,1,0.9817,0.132214
DQN,deceptive_grid,4,14,2362,-296.0,200,0,0.98,0.137143
DQN,deceptive_grid,4,15,2562,-252.0,200,0,0.9783,0.114707
DQN,deceptive_grid,4,16,2762,-248.0,200,0,0.9766,0.094761
DQN,deceptive_grid,4,17,2962,-304.0,200,0,0.9749,0.077884
DQN,deceptive_grid,4,18,3001,-44.0,39,1,0.9745,0.097955
DQN,deceptive_grid,4,19,3201,-256.0,200,0,0.9728,0.079656
DQN,deceptive_grid,4,20,3401,-252.0,200,0,0.9712,0.072077
DQN,deceptive_grid,4,21,3601,-244.0,200,0,0.9695,0.059347
DQN,deceptive_grid,4,22,3608,4.0,7,1,0.9694,0.05361
DQN,deceptive_grid,4,23,3808,-280.0,200,0,0.9677,0.056533
DQN,deceptive_grid,4,24,4008,-276.0,200,0,0.966,0.052731
DQN,deceptive_grid,4,25,4076,-85.0,68,1,0.9654,0.046191
DQN,deceptive_grid,4,26,4276,-268.0,200,0,0.9637,0.043335
DQN,deceptive_grid,4,27,4476,-236.0,200,0,0.962,0.045077
DQN,deceptive_grid,4,28,4479,4.0,3,1,0.962,0.022571
DQN,deceptive_grid,4,29,4679,-316.0,200,0,0.9603,0.055266
DQN,deceptive_grid,4,30,4705,-27.0,26,1,0.9601,0.054999
DQN,deceptive_grid,4,31,4819,-139.0,114,1,0.9591,0.04618
DQN,deceptive_grid,4,32,5019,-252.0,200,0,0.9574,0.054775
DQN,deceptive_grid,4,33,5219,-276.0,200,0,0.9557,0.049714
DQN,deceptive_grid,4,34,5247,-25.0,28,1,0.9555,0.058219
DQN,deceptive_grid,4,35,5447,-288.0,200,0,0.9538,0.050763
DQN,deceptive_grid,4,36,5625,-195.0,178,1,0.9523,0.064262
DQN,deceptive_grid,4,37,5703,-99.0,78,1,0.9516,0.076201
DQN,deceptive_grid,4,38,5903,-256.0,200,0,0.9499,0.052168
DQN,deceptive_grid,4,39,6103,-304.0,200,0,0.9482,0.067894
DQN,deceptive_grid,4,40,6303,-228.0,200,0,0.9465,0.042312
DQN,deceptive_grid,4,41,6503,-244.0,200,0,0.9448,0.054903
DQN,deceptive_grid,4,42,6703,-280.0,200,0,0.9431,0.063624
DQN,deceptive_grid,4,43,6903,-272.0,200,0,0.9414,0.043262
DQN,deceptive_grid,4,44,7103,-312.0,200,0,0.9398,0.067812
DQN,deceptive_grid,4,45,7303,-300.0,200,0,0.9381,0.049437
DQN,deceptive_grid,4,46,7417,-127.0,114,1,0.9371,0.057268
DQN,deceptive_grid,4,47,7617,-228.0,200,0,0.9354,0.058651
DQN,deceptive_grid,4,48,7817,-236.0,200,0,0.9337,0.042767
DQN,deceptive_grid,4,49,8017,-268.0,200,0,0.932,0.060962
DQN,deceptive_grid,4,50,8217,-284.0,200,0,0.9303,0.058931
DQN,deceptive_grid,4,51,8417,-248.0,200,0,0.9286,0.053512
DQN,deceptive_grid,4,52,8617,-292.0,200,0,0.9269,0.060554
DQN,deceptive_grid,4,53,8619,9.0,2,1,0.9269,0.024068
DQN,deceptive_grid,4,54,8819,-320.0,200,0,0.9252,0.076608
DQN,deceptive_grid,4,55,9019,-260.0,200,0,0.9235,0.06313
DQN,deceptive_grid,4,56,9219,-256.0,200,0,0.9218,0.054754
DQN,deceptive_grid,4,57,9419,-284.0,200,0,0.9201,0.058036
DQN,deceptive_grid,4,58,9619,-276.0,200,0,0.9184,0.059767
DQN,deceptive_grid,4,59,9819,-252.0,200,0,0.9167,0.049251
DQN,deceptive_grid,4,60,10019,-256.0,200,0,0.915,0.057615
DQN,deceptive_grid,4,61,10219,-340.0,200,0,0.9133,0.055804
DQN,deceptive_grid,4,62,10419,-296.0,200,0,0.9116,0.047883
DQN,deceptive_grid,4,63,10470,-68.0,51,1,0.9112,0.044533
DQN,deceptive_grid,4,64,10670,-244.0,200,0,0.9095,0.0756
DQN,deceptive_grid,4,65,10870,-284.0,200,0,0.9078,0.053917
DQN,deceptive_grid,4,66,11070,-292.0,200,0,0.9061,0.064947
DQN,deceptive_grid,4,67,11270,-256.0,200,0,0.9044,0.046133
DQN,deceptive_grid,4,68,11470,-252.0,200,0,0.9027,0.060502
DQN,deceptive_grid,4,69,11647,-198.0,177,1,0.9012,0.079484
DQN,deceptive_grid,4,70,11847,-240.0,200,0,0.8995,0.050812
DQN,deceptive_grid,4,71,11937,-103.0,90,1,0.8987,0.072433
DQN,deceptive_grid,4,72,11971,-27.0,34,1,0.8985,0.067383
DQN,deceptive_grid,4,73,12171,-260.0,200,0,0.8968,0.08323
DQN,deceptive_grid,4,74,12371,-376.0,200,0,0.8951,0.067873
DQN,deceptive_grid,4,75,12571,-324.0,200,0,0.8934,0.093771
DQN,deceptive_grid,4,76,12771,-228.0,200,0,0.8917,0.083335
DQN,deceptive_grid,4,77,12971,-280.0,200,0,0.89,0.068307
DQN,deceptive_grid,4,78,13171,-248.0,200,0,0.8883,0.08934
DQN,deceptive_grid,4,79,13371,-280.0,200,0,0.8866,0.063156
DQN,deceptive_grid,4,80,13571,-312.0,200,0,0.8849,0.078981
DQN,deceptive_grid,4,81,13643,-89.0,72,1,0.8843,0.08616
DQN,deceptive_grid,4,82,13843,-224.0,200,0,0.8826,0.070642
DQN,deceptive_grid,4,83,14043,-260.0,200,0,0.8809,0.070053
DQN,deceptive_grid,4,84,14146,-120.0,103,1,0.88,0.100977
DQN,deceptive_grid,4,85,14196,-47.0,50,1,0.8796,0.072684
DQN,deceptive_grid,4,86,14396,-224.0,200,0,0.8779,0.075562
DQN,deceptive_grid,4,87,14596,-260.0,200,0,0.8762,0.082116
DQN,deceptive_grid,4,88,14700,-125.0,104,1,0.8753,0.069255
DQN,deceptive_grid,4,89,14900,-236.0,200,0,0.8736,0.102598
DQN,deceptive_grid,4,90,15100,-316.0,200,0,0.8719,0.094341
DQN,deceptive_grid,4,91,15183,-116.0,83,1,0.8712,0.073305
DQN,deceptive_grid,4,92,15383,-252.0,200,0,0.8695,0.086024
DQN,deceptive_grid,4,93,15498,-164.0,115,1,0.8685,0.094769
DQN,deceptive_grid,4,94,15698,-240.0,200,0,0.8668,0.122829
DQN,deceptive_grid,4,95,15726,-29.0,28,1,0.8666,0.127909
DQN,deceptive_grid,4,96,15828,-99.0,102,1,0.8657,0.088956
DQN,deceptive_grid,4,97,16022,-255.0,194,1,0.8641,0.120801
DQN,deceptive_grid,4,98,16087,-70.0,65,1,0.8635,0.136186
DQN,deceptive_grid,4,99,16287,-300.0,200,0,0.8619,0.121711
DQN,deceptive_grid,4,100,16487,-304.0,200,0,0.8602,0.126069
DQN,deceptive_grid,4,101,16687,-264.0,200,0,0.8585,0.125503
DQN,deceptive_grid,4,102,16748,-58.0,61,1,0.8579,0.105972
DQN,deceptive_grid,4,103,16948,-260.0,200,0,0.8562,0.118383
DQN,deceptive_grid,4,104,17148,-252.0,200,0,0.8545,0.137392
DQN,deceptive_grid,4,105,17287,-180.0,139,1,0.8534,0.136516
DQN,deceptive_grid,4,106,17461,-175.0,174,1,0.8519,0.131149
DQN,deceptive_grid,4,107,17661,-240.0,200,0,0.8502,0.181613
DQN,deceptive_grid,4,108,17715,-55.0,54,1,0.8497,0.167288
DQN,deceptive_grid,4,109,17860,-166.0,145,1,0.8485,0.144312
DQN,deceptive_grid,4,110,17971,-128.0,111,1,0.8476,0.156233
DQN,deceptive_grid,4,111,18013,-43.0,42,1,0.8472,0.195679
DQN,deceptive_grid,4,112,18095,-83.0,82,1,0.8465,0.210185
DQN,deceptive_grid,4,113,18101,5.0,6,1,0.8465,0.231679
DQN,deceptive_grid,4,114,18301,-332.0,200,0,0.8448,0.252285
DQN,deceptive_grid,4,115,18365,-73.0,64,1,0.8442,0.193187
DQN,deceptive_grid,4,116,18565,-260.0,200,0,0.8425,0.214916
DQN,deceptive_grid,4,117,18621,-45.0,56,1,0.8421,0.25823
DQN,deceptive_grid,4,118,18684,-84.0,63,1,0.8415,0.226388
DQN,deceptive_grid,4,119,18884,-272.0,200,0,0.8398,0.224026
DQN,deceptive_grid,4,120,19054,-171.0,170,1,0.8384,0.255787
DQN,deceptive_grid,4,121,19115,-70.0,61,1,0.8379,0.268676
DQN,deceptive_grid,4,122,19315,-292.0,200,0,0.8362,0.278896
DQN,deceptive_grid,4,123,19515,-232.0,200,0,0.8345,0.269938
DQN,deceptive_grid,4,124,19575,-73.0,60,1,0.834,0.317963
DQN,deceptive_grid,4,125,19627,-57.0,52,1,0.8335,0.296914
DQN,deceptive_grid,4,126,19637,-3.0,10,1,0.8334,0.335961
DQN,deceptive_grid,4,127,19837,-272.0,200,0,0.8317,0.293379
DQN,deceptive_grid,4,128,20037,-300.0,200,0,0.83,0.328584
DQN,deceptive_grid,4,129,20112,-76.0,75,1,0.8294,0.337311
DQN,deceptive_grid,4,130,20247,-168.0,135,1,0.8283,0.349513
DQN,deceptive_grid,4,131,20447,-244.0,200,0,0.8266,0.321315
DQN,deceptive_grid,4,132,20510,-80.0,63,1,0.826,0.347393
DQN,deceptive_grid,4,133,20589,-80.0,79,1,0.8254,0.409091
DQN,deceptive_grid,4,134,20712,-128.0,123,1,0.8243,0.352786
DQN,deceptive_grid,4,135,20912,-252.0,200,0,0.8226,0.367756
DQN,deceptive_grid,4,136,21112,-256.0,200,0,0.8209,0.418068
DQN,deceptive_grid,4,137,21139,-16.0,27,1,0.8207,0.37215
DQN,deceptive_grid,4,138,21162,-24.0,23,1,0.8205,0.476815
DQN,deceptive_grid,4,139,21362,-304.0,200,0,0.8188,0.406231
DQN,deceptive_grid,4,140,21407,-54.0,45,1,0.8184,0.424649
DQN,deceptive_grid,4,141,21533,-163.0,126,1,0.8174,0.447757
DQN,deceptive_grid,4,142,21677,-185.0,144,1,0.8161,0.469222
DQN,deceptive_grid,4,143,21695,-19.0,18,1,0.816,0.388724
DQN,deceptive_grid,4,144,21800,-134.0,105,1,0.8151,0.424694
DQN,deceptive_grid,4,145,22000,-288.0,200,0,0.8134,0.395743
DQN,deceptive_grid,4,146,22173,-202.0,173,1,0.8119,0.438884
DQN,deceptive_grid,4,147,22313,-185.0,140,1,0.8107,0.437204
DQN,deceptive_grid,4,148,22381,-73.0,68,1,0.8102,0.52236
DQN,deceptive_grid,4,149,22453,-81.0,72,1,0.8096,0.456776
DQN,deceptive_grid,4,150,22628,-212.0,175,1,0.8081,0.469115
DQN,deceptive_grid,4,151,22723,-96.0,95,1,0.8073,0.410216
DQN,deceptive_grid,4,152,22859,-157.0,136,1,0.8061,0.448407
DQN,deceptive_grid,4,153,22948,-94.0,89,1,0.8054,0.406679
DQN,deceptive_grid,4,154,23075,-132.0,127,1,0.8043,0.4264
DQN,deceptive_grid,4,155,23095,-17.0,20,1,0.8041,0.404325
DQN,deceptive_grid,4,156,23295,-288.0,200,0,0.8024,0.411899
DQN,deceptive_grid,4,157,23444,-146.0,149,1,0.8011,0.430112
DQN,deceptive_grid,4,158,23547,-112.0,103,1,0.8003,0.423434
DQN,deceptive_grid,4,159,23592,-58.0,45,1,0.7999,0.471923
DQN,deceptive_grid,4,160,23728,-165.0,136,1,0.7987,0.420236
DQN,deceptive_grid,4,161,23850,-147.0,122,1,0.7977,0.419672
DQN,deceptive_grid,4,162,24050,-300.0,200,0,0.796,0.420467
DQN,deceptive_grid,4,163,24250,-260.0,200,0,0.7943,0.410286
DQN,deceptive_grid,4,164,24450,-312.0,200,0,0.7926,0.385947
DQN,deceptive_grid,4,165,24527,-82.0,77,1,0.792,0.385952
DQN,deceptive_grid,4,166,24727,-284.0,200,0,0.7903,0.373042
DQN,deceptive_grid,4,167,24813,-111.0,86,1,0.7895,0.374409
DQN,deceptive_grid,4,168,25013,-300.0,200,0,0.7878,0.397954
DQN,deceptive_grid,4,169,25025,-1.0,12,1,0.7877,0.408936
DQN,deceptive_grid,4,170,25225,-284.0,200,0,0.786,0.376328
DQN,deceptive_grid,4,171,25425,-280.0,200,0,0.7843,0.36268
DQN,deceptive_grid,4,172,25510,-106.0,85,1,0.7836,0.367415
DQN,deceptive_grid,4,173,25556,-43.0,46,1,0.7832,0.437015
DQN,deceptive_grid,4,174,25639,-104.0,83,1,0.7825,0.373405
DQN,deceptive_grid,4,175,25703,-89.0,64,1,0.782,0.391553
DQN,deceptive_grid,4,176,25790,-104.0,87,1,0.7812,0.339403
DQN,deceptive_grid,4,177,25990,-288.0,200,0,0.7795,0.331451
DQN,deceptive_grid,4,178,26060,-87.0,70,1,0.779,0.414321
DQN,deceptive_grid,4,179,26133,-78.0,73,1,0.7783,0.369366
DQN,deceptive_grid,4,180,26256,-160.0,123,1,0.7773,0.343608
DQN,deceptive_grid,4,181,26288,-33.0,32,1,0.777,0.305685
DQN,deceptive_grid,4,182,26391,-132.0,103,1,0.7761,0.352041
DQN,deceptive_grid,4,183,26483,-121.0,92,1,0.7754,0.320205
DQN,deceptive_grid,4,184,26671,-217.0,188,1,0.7738,0.368189
DQN,deceptive_grid,4,185,26717,-47.0,46,1,0.7734,0.325444
DQN,deceptive_grid,4,186,26836,-156.0,119,1,0.7724,0.329357
DQN,deceptive_grid,4,187,26882,-43.0,46,1,0.772,0.339243
DQN,deceptive_grid,4,188,27048,-215.0,166,1,0.7706,0.352324
DQN,deceptive_grid,4,189,27094,-63.0,46,1,0.7702,0.393641
DQN,deceptive_grid,4,190,27123,-18.0,29,1,0.7699,0.36843
DQN,deceptive_grid,4,191,27168,-74.0,45,1,0.7696,0.37471
DQN,deceptive_grid,4,192,27212,-53.0,44,1,0.7692,0.326506
DQN,deceptive_grid,4,193,27301,-126.0,89,1,0.7684,0.370239
DQN,deceptive_grid,4,194,27501,-252.0,200,0,0.7667,0.35325
DQN,deceptive_grid,4,195,27517,-9.0,16,1,0.7666,0.463988
DQN,deceptive_grid,4,196,27717,-244.0,200,0,0.7649,0.35174
DQN,deceptive_grid,4,197,27832,-180.0,115,1,0.7639,0.337481
DQN,deceptive_grid,4,198,27904,-89.0,72,1,0.7633,0.368642
DQN,deceptive_grid,4,199,27961,-66.0,57,1,0.7628,0.33107
DQN,deceptive_grid,4,200,28046,-118.0,85,1,0.7621,0.382831
DQN,deceptive_grid,4,201,28082,-37.0,36,1,0.7618,0.351301
DQN,deceptive_grid,4,202,28183,-130.0,101,1,0.7609,0.369414
DQN,deceptive_grid,4,203,28234,-40.0,51,1,0.7605,0.354464
DQN,deceptive_grid,4,204,28313,-88.0,79,1,0.7598,0.356284
DQN,deceptive_grid,4,205,28424,-136.0,111,1,0.7589,0.345701
DQN,deceptive_grid,4,206,28444,-25.0,20,1,0.7587,0.394768
DQN,deceptive_grid,4,207,28567,-124.0,123,1,0.7577,0.370405
DQN,deceptive_grid,4,208,28701,-155.0,134,1,0.7566,0.360635
DQN,deceptive_grid,4,209,28779,-99.0,78,1,0.7559,0.338665
DQN,deceptive_grid,4,210,28843,-61.0,64,1,0.7553,0.339342
DQN,deceptive_grid,4,211,28918,-76.0,75,1,0.7547,0.341433
DQN,deceptive_grid,4,212,28989,-72.0,71,1,0.7541,0.320158
DQN,deceptive_grid,4,213,29060,-64.0,71,1,0.7535,0.394279
DQN,deceptive_grid,4,214,29095,-32.0,35,1,0.7532,0.341159
DQN,deceptive_grid,4,215,29211,-133.0,116,1,0.7522,0.375151
DQN,deceptive_grid,4,216,29336,-154.0,125,1,0.7512,0.362807
DQN,deceptive_grid,4,217,29370,-35.0,34,1,0.7509,0.319186
DQN,deceptive_grid,4,218,29431,-54.0,61,1,0.7504,0.324353
DQN,deceptive_grid,4,219,29448,-10.0,17,1,0.7502,0.309373
DQN,deceptive_grid,4,220,29519,-88.0,71,1,0.7496,0.377802
DQN,deceptive_grid,4,221,29573,-67.0,54,1,0.7492,0.38866
DQN,deceptive_grid,4,222,29655,-87.0,82,1,0.7485,0.367945
DQN,deceptive_grid,4,223,29773,-151.0,118,1,0.7475,0.331824
DQN,deceptive_grid,4,224,29844,-80.0,71,1,0.7469,0.373497
DQN,deceptive_grid,4,225,29945,-106.0,101,1,0.746,0.364753
DQN,deceptive_grid,4,226,29965,-17.0,20,1,0.7458,0.34865
DQN,deceptive_grid,4,227,30107,-171.0,142,1,0.7446,0.372149
DQN,deceptive_grid,4,228,30137,-27.0,30,1,0.7444,0.356901
DQN,deceptive_grid,4,229,30182,-34.0,45,1,0.744,0.369281
DQN,deceptive_grid,4,230,30221,-40.0,39,1,0.7437,0.334376
DQN,deceptive_grid,4,231,30421,-280.0,200,0,0.742,0.336001
DQN,deceptive_grid,4,232,30475,-51.0,54,1,0.7415,0.290649
DQN,deceptive_grid,4,233,30524,-58.0,49,1,0.7411,0.425265
DQN,deceptive_grid,4,234,30607,-104.0,83,1,0.7404,0.384277
DQN,deceptive_grid,4,235,30771,-181.0,164,1,0.739,0.353432
DQN,deceptive_grid,4,236,30894,-140.0,123,1,0.738,0.359396
DQN,deceptive_grid,4,237,31094,-328.0,200,0,0.7363,0.363231
DQN,deceptive_grid,4,238,31143,-38.0,49,1,0.7358,0.350023
DQN,deceptive_grid,4,239,31194,-52.0,51,1,0.7354,0.343466
DQN,deceptive_grid,4,240,31213,-12.0,19,1,0.7352,0.370282
DQN,deceptive_grid,4,241,31238,-22.0,25,1,0.735,0.350515
DQN,deceptive_grid,4,242,31298,-57.0,60,1,0.7345,0.343787
DQN,deceptive_grid,4,243,31480,-235.0,182,1,0.733,0.323225
DQN,deceptive_grid,4,244,31625,-158.0,145,1,0.7318,0.362689
DQN,deceptive_grid,4,245,31642,-10.0,17,1,0.7316,0.324052
DQN,deceptive_grid,4,246,31645,4.0,3,1,0.7316,0.352576
DQN,deceptive_grid,4,247,31825,-181.0,180,1,0.7301,0.336521
DQN,deceptive_grid,4,248,31913,-77.0,88,1,0.7293,0.308213
DQN,deceptive_grid,4,249,31972,-88.0,59,1,0.7288,0.307704
DQN,deceptive_grid,4,250,32012,-41.0,40,1,0.7285,0.335321
DQN,deceptive_grid,4,251,32077,-66.0,65,1,0.7279,0.39313
DQN,deceptive_grid,4,252,32168,-112.0,91,1,0.7271,0.347233
DQN,deceptive_grid,4,253,32215,-40.0,47,1,0.7267,0.336327
DQN,deceptive_grid,4,254,32329,-135.0,114,1,0.7258,0.322903
DQN,deceptive_grid,4,255,32348,-16.0,19,1,0.7256,0.332075
DQN,deceptive_grid,4,256,32391,-40.0,43,1,0.7253,0.341006
DQN,deceptive_grid,4,257,32585,-267.0,194,1,0.7236,0.338084
DQN,deceptive_grid,4,258,32624,-32.0,39,1,0.7233,0.317153
DQN,deceptive_grid,4,259,32673,-50.0,49,1,0.7229,0.322336
DQN,deceptive_grid,4,260,32762,-102.0,89,1,0.7221,0.340613
DQN,deceptive_grid,4,261,32831,-74.0,69,1,0.7215,0.295443
DQN,deceptive_grid,4,262,32874,-40.0,43,1,0.7212,0.345107
DQN,deceptive_grid,4,263,32912,-27.0,38,1,0.7208,0.306562
DQN,deceptive_grid,4,264,32929,-10.0,17,1,0.7207,0.319423
DQN,deceptive_grid,4,265,33074,-162.0,145,1,0.7195,0.343879
DQN,deceptive_grid,4,266,33097,-20.0,23,1,0.7193,0.352725
DQN,deceptive_grid,4,267,33108,-4.0,11,1,0.7192,0.363451
DQN,deceptive_grid,4,268,33179,-76.0,71,1,0.7186,0.314452
DQN,deceptive_grid,4,269,33276,-102.0,97,1,0.7177,0.336447
DQN,deceptive_grid,4,270,33309,-30.0,33,1,0.7175,0.29808
DQN,deceptive_grid,4,271,33362,-46.0,53,1,0.717,0.313511
DQN,deceptive_grid,4,272,33389,-20.0,27,1,0.7168,0.331095
DQN,deceptive_grid,4,273,33442,-50.0,53,1,0.7163,0.308598
DQN,deceptive_grid,4,274,33498,-53.0,56,1,0.7159,0.311654
DQN,deceptive_grid,4,275,33569,-88.0,71,1,0.7153,0.3856
DQN,deceptive_grid,4,276,33571,9.0,2,1,0.7152,0.218628
DQN,deceptive_grid,4,277,33643,-61.0,72,1,0.7146,0.344012
DQN,deceptive_grid,4,278,33843,-232.0,200,0,0.7129,0.295687
DQN,deceptive_grid,4,279,33860,-14.0,17,1,0.7128,0.350029
DQN,deceptive_grid,4,280,33876,-5.0,16,1,0.7127,0.312197
DQN,deceptive_grid,4,281,33897,-10.0,21,1,0.7125,0.285982
DQN,deceptive_grid,4,282,33996,-96.0,99,1,0.7116,0.295434
DQN,deceptive_grid,4,283,34019,-24.0,23,1,0.7114,0.407881
DQN,deceptive_grid,4,284,34029,1.0,10,1,0.7114,0.359129
DQN,deceptive_grid,4,285,34162,-158.0,133,1,0.7102,0.315974
DQN,deceptive_grid,4,286,34243,-78.0,81,1,0.7095,0.316116
DQN,deceptive_grid,4,287,34281,-35.0,38,1,0.7092,0.303655
DQN,deceptive_grid,4,288,34329,-41.0,48,1,0.7088,0.276853
DQN,deceptive_grid,4,289,34383,-59.0,54,1,0.7084,0.278003
DQN,deceptive_grid,4,290,34439,-53.0,56,1,0.7079,0.344801
DQN,deceptive_grid,4,291,34515,-65.0,76,1,0.7072,0.325966
DQN,deceptive_grid,4,292,34550,-44.0,35,1,0.7069,0.321796
DQN,deceptive_grid,4,293,34621,-84.0,71,1,0.7063,0.313938
DQN,deceptive_grid,4,294,34692,-64.0,71,1,0.7057,0.325904
DQN,deceptive_grid,4,295,34769,-82.0,77,1,0.7051,0.326891
DQN,deceptive_grid,4,296,34853,-101.0,84,1,0.7044,0.305001
DQN,deceptive_grid,4,297,34885,-33.0,32,1,0.7041,0.261079
DQN,deceptive_grid,4,298,34981,-109.0,96,1,0.7033,0.277491
DQN,deceptive_grid,4,299,35038,-58.0,57,1,0.7028,0.380499
DQN,deceptive_grid,4,300,35045,4.0,7,1,0.7027,0.342833
DQN,deceptive_grid,4,301,35111,-71.0,66,1,0.7022,0.302058
DQN,deceptive_grid,4,302,35285,-171.0,174,1,0.7007,0.287941
DQN,deceptive_grid,4,303,35331,-43.0,46,1,0.7003,0.296916
DQN,deceptive_grid,4,304,35367,-29.0,36,1,0.7,0.342976
DQN,deceptive_grid,4,305,35446,-92.0,79,1,0.6993,0.28224
DQN,deceptive_grid,4,306,35553,-136.0,107,1,0.6984,0.311246
DQN,deceptive_grid,4,307,35637,-81.0,84,1,0.6977,0.315122
DQN,deceptive_grid,4,308,35711,-71.0,74,1,0.6971,0.288845
DQN,deceptive_grid,4,309,35748,-34.0,37,1,0.6968,0.261374
DQN,deceptive_grid,4,310,35844,-101.0,96,1,0.696,0.281206
DQN,deceptive_grid,4,311,35893,-38.0,49,1,0.6956,0.28946
DQN,deceptive_grid,4,312,35969,-73.0,76,1,0.6949,0.258598
DQN,deceptive_grid,4,313,36062,-110.0,93,1,0.6941,0.312216
DQN,deceptive_grid,4,314,36068,5.0,6,1,0.6941,0.31935
DQN,deceptive_grid,4,315,36166,-99.0,98,1,0.6932,0.29668
DQN,deceptive_grid,4,316,36177,-4.0,11,1,0.6931,0.338861
DQN,deceptive_grid,4,317,36241,-73.0,64,1,0.6926,0.282371
DQN,deceptive_grid,4,318,36386,-154.0,145,1,0.6914,0.267327
DQN,deceptive_grid,4,319,36428,-39.0,42,1,0.691,0.280159
DQN,deceptive_grid,4,320,36628,-224.0,200,0,0.6893,0.297327
DQN,deceptive_grid,4,321,36686,-55.0,58,1,0.6888,0.263374
DQN,deceptive_grid,4,322,36696,-7.0,10,1,0.6887,0.305049
DQN,deceptive_grid,4,323,36769,-62.0,73,1,0.6881,0.251598
DQN,deceptive_grid,4,324,36848,-68.0,79,1,0.6875,0.257817
DQN,deceptive_grid,4,325,36881,-22.0,33,1,0.6872,0.233642
DQN,deceptive_grid,4,326,36908,-20.0,27,1,0.6869,0.246406
DQN,deceptive_grid,4,327,37047,-148.0,139,1,0.6858,0.27479
DQN,deceptive_grid,4,328,37125,-83.0,78,1,0.6851,0.232641
DQN,deceptive_grid,4,329,37285,-173.0,160,1,0.6837,0.232924
DQN,deceptive_grid,4,330,37437,-153.0,152,1,0.6825,0.227504
DQN,deceptive_grid,4,331,37555,-119.0,118,1,0.6815,0.246614
DQN,deceptive_grid,4,332,37604,-58.0,49,1,0.681,0.222163
DQN,deceptive_grid,4,333,37634,-23.0,30,1,0.6808,0.21265
DQN,deceptive_grid,4,334,37750,-109.0,116,1,0.6798,0.206788
DQN,deceptive_grid,4,335,37801,-40.0,51,1,0.6794,0.212283
DQN,deceptive_grid,4,336,37853,-45.0,52,1,0.6789,0.200884
DQN,deceptive_grid,4,337,37893,-33.0,40,1,0.6786,0.190438
DQN,deceptive_grid,4,338,37921,-21.0,28,1,0.6783,0.175328
DQN,deceptive_grid,4,339,37974,-46.0,53,1,0.6779,0.193096
DQN,deceptive_grid,4,340,38032,-59.0,58,1,0.6774,0.230708
DQN,deceptive_grid,4,341,38082,-51.0,50,1,0.677,0.19631
DQN,deceptive_grid,4,342,38177,-96.0,95,1,0.6762,0.179905
DQN,deceptive_grid,4,343,38307,-151.0,130,1,0.6751,0.185477
DQN,deceptive_grid,4,344,38314,4.0,7,1,0.675,0.157289
DQN,deceptive_grid,4,345,38476,-195.0,162,1,0.6736,0.17823
DQN,deceptive_grid,4,346,38492,-13.0,16,1,0.6735,0.177546
DQN,deceptive_grid,4,347,38561,-58.0,69,1,0.6729,0.215372
DQN,deceptive_grid,4,348,38674,-126.0,113,1,0.672,0.182244
DQN,deceptive_grid,4,349,38729,-48.0,55,1,0.6715,0.170701
DQN,deceptive_grid,4,350,38830,-106.0,101,1,0.6706,0.159314
DQN,deceptive_grid,4,351,38840,-3.0,10,1,0.6706,0.119009
DQN,deceptive_grid,4,352,38860,-9.0,20,1,0.6704,0.117974
DQN,deceptive_grid,4,353,38868,3.0,8,1,0.6703,0.150512
DQN,deceptive_grid,4,354,38921,-42.0,53,1,0.6699,0.149723
DQN,deceptive_grid,4,355,39016,-96.0,95,1,0.6691,0.177279
DQN,deceptive_grid,4,356,39075,-56.0,59,1,0.6686,0.160139
DQN,deceptive_grid,4,357,39159,-101.0,84,1,0.6678,0.147995
DQN,deceptive_grid,4,358,39197,-47.0,38,1,0.6675,0.14635
DQN,deceptive_grid,4,359,39237,-29.0,40,1,0.6672,0.138479
DQN,deceptive_grid,4,360,39290,-70.0,53,1,0.6667,0.146616
DQN,deceptive_grid,4,361,39333,-36.0,43,1,0.6664,0.144308
DQN,deceptive_grid,4,362,39347,-3.0,14,1,0.6663,0.115677
DQN,deceptive_grid,4,363,39397,-39.0,50,1,0.6658,0.129717
DQN,deceptive_grid,4,364,39498,-102.0,101,1,0.665,0.138494
DQN,deceptive_grid,4,365,39672,-191.0,174,1,0.6635,0.149529
DQN,deceptive_grid,4,366,39688,-9.0,16,1,0.6634,0.162886
DQN,deceptive_grid,4,367,39772,-77.0,84,1,0.6626,0.124346
DQN,deceptive_grid,4,368,39820,-49.0,48,1,0.6622,0.121359
DQN,deceptive_grid,4,369,39846,-19.0,26,1,0.662,0.119507
DQN,deceptive_grid,4,370,39864,-11.0,18,1,0.6619,0.132726
DQN,deceptive_grid,4,371,39911,-52.0,47,1,0.6615,0.120999
DQN,deceptive_grid,4,372,40100,-210.0,189,1,0.6599,0.130292
DQN,deceptive_grid,4,373,40175,-84.0,75,1,0.6592,0.117823
DQN,deceptive_grid,4,374,40257,-91.0,82,1,0.6585,0.109968
DQN,deceptive_grid,4,375,40310,-46.0,53,1,0.6581,0.129385
DQN,deceptive_grid,4,376,40375,-58.0,65,1,0.6575,0.103134
DQN,deceptive_grid,4,377,40421,-47.0,46,1,0.6571,0.104663
DQN,deceptive_grid,4,378,40480,-52.0,59,1,0.6566,0.098812
DQN,deceptive_grid,4,379,40578,-103.0,98,1,0.6558,0.1289
DQN,deceptive_grid,4,380,40604,-19.0,26,1,0.6556,0.113652
DQN,deceptive_grid,4,381,40650,-43.0,46,1,0.6552,0.099009
DQN,deceptive_grid,4,382,40676,-19.0,26,1,0.655,0.102732
DQN,deceptive_grid,4,383,40713,-26.0,37,1,0.6547,0.102521
DQN,deceptive_grid,4,384,40788,-72.0,75,1,0.654,0.098846
DQN,deceptive_grid,4,385,40801,-14.0,13,1,0.6539,0.093245
DQN,deceptive_grid,4,386,40832,-32.0,31,1,0.6537,0.085778
DQN,deceptive_grid,4,387,40862,-23.0,30,1,0.6534,0.085061
DQN,deceptive_grid,4,388,40899,-30.0,37,1,0.6531,0.088783
DQN,deceptive_grid,4,389,40935,-29.0,36,1,0.6528,0.093375
DQN,deceptive_grid,4,390,40946,0.0,11,1,0.6527,0.096898
DQN,deceptive_grid,4,391,41014,-65.0,68,1,0.6521,0.107821
DQN,deceptive_grid,4,392,41076,-51.0,62,1,0.6516,0.109152
DQN,deceptive_grid,4,393,41130,-51.0,54,1,0.6511,0.088178
DQN,deceptive_grid,4,394,41142,-9.0,12,1,0.651,0.087771
DQN,deceptive_grid,4,395,41165,-20.0,23,1,0.6508,0.090415
DQN,deceptive_grid,4,396,41197,-25.0,32,1,0.6506,0.082471
DQN,deceptive_grid,4,397,41278,-74.0,81,1,0.6499,0.085327
DQN,deceptive_grid,4,398,41328,-47.0,50,1,0.6495,0.084407
DQN,deceptive_grid,4,399,41344,-13.0,16,1,0.6493,0.089451
DQN,deceptive_grid,4,400,41394,-39.0,50,1,0.6489,0.078978
DQN,deceptive_grid,4,401,41445,-56.0,51,1,0.6485,0.077862
DQN,deceptive_grid,4,402,41457,-5.0,12,1,0.6484,0.076681
DQN,deceptive_grid,4,403,41486,-34.0,29,1,0.6481,0.067749
DQN,deceptive_grid,4,404,41560,-83.0,74,1,0.6475,0.104174
DQN,deceptive_grid,4,405,41593,-30.0,33,1,0.6472,0.089491
DQN,deceptive_grid,4,406,41613,-9.0,20,1,0.647,0.094237
DQN,deceptive_grid,4,407,41673,-49.0,60,1,0.6465,0.077502
DQN,deceptive_grid,4,408,41722,-42.0,49,1,0.6461,0.075352
DQN,deceptive_grid,4,409,41761,-52.0,39,1,0.6458,0.08011
DQN,deceptive_grid,4,410,41768,4.0,7,1,0.6457,0.080983
DQN,deceptive_grid,4,411,41781,-6.0,13,1,0.6456,0.076228
DQN,deceptive_grid,4,412,41856,-80.0,75,1,0.645,0.073434
DQN,deceptive_grid,4,413,41892,-29.0,36,1,0.6447,0.066189
DQN,deceptive_grid,4,414,41897,6.0,5,1,0.6446,0.062399
DQN,deceptive_grid,4,415,41973,-81.0,76,1,0.644,0.072867
DQN,deceptive_grid,4,416,42028,-56.0,55,1,0.6435,0.092652
DQN,deceptive_grid,4,417,42058,-23.0,30,1,0.6433,0.091138
DQN,deceptive_grid,4,418,42103,-50.0,45,1,0.6429,0.077454
DQN,deceptive_grid,4,419,42154,-52.0,51,1,0.6424,0.076627
DQN,deceptive_grid,4,420,42182,-29.0,28,1,0.6422,0.069648
DQN,deceptive_grid,4,421,42199,-10.0,17,1,0.6421,0.073203
DQN,deceptive_grid,4,422,42263,-57.0,64,1,0.6415,0.069018
DQN,deceptive_grid,4,423,42269,5.0,6,1,0.6415,0.069594
DQN,deceptive_grid,4,424,42288,-12.0,19,1,0.6413,0.065142
DQN,deceptive_grid,4,425,42320,-21.0,32,1,0.641,0.081592
DQN,deceptive_grid,4,426,42377,-58.0,57,1,0.6406,0.067409
DQN,deceptive_grid,4,427,42463,-99.0,86,1,0.6398,0.070005
DQN,deceptive_grid,4,428,42541,-75.0,78,1,0.6392,0.083222
DQN,deceptive_grid,4,429,42580,-40.0,39,1,0.6388,0.074921
DQN,deceptive_grid,4,430,42637,-58.0,57,1,0.6383,0.078966
DQN,deceptive_grid,4,431,42689,-41.0,52,1,0.6379,0.074999
DQN,deceptive_grid,4,432,42721,-29.0,32,1,0.6376,0.071511
DQN,deceptive_grid,4,433,42787,-75.0,66,1,0.6371,0.070959
DQN,deceptive_grid,4,434,42843,-45.0,56,1,0.6366,0.070923
DQN,deceptive_grid,4,435,42939,-113.0,96,1,0.6358,0.072437
DQN,deceptive_grid,4,436,42968,-30.0,29,1,0.6355,0.062668
DQN,deceptive_grid,4,437,42990,-11.0,22,1,0.6354,0.065064
DQN,deceptive_grid,4,438,43049,-76.0,59,1,0.6349,0.086264
DQN,deceptive_grid,4,439,43120,-76.0,71,1,0.6342,0.083537
DQN,deceptive_grid,4,440,43171,-48.0,51,1,0.6338,0.079523
DQN,deceptive_grid,4,441,43245,-67.0,74,1,0.6332,0.079922
DQN,deceptive_grid,4,442,43246,10.0,1,1,0.6332,0.060664
DQN,deceptive_grid,4,443,43277,-20.0,31,1,0.6329,0.072518
DQN,deceptive_grid,4,444,43305,-25.0,28,1,0.6327,0.073158
DQN,deceptive_grid,4,445,43340,-24.0,35,1,0.6324,0.071641
DQN,deceptive_grid,4,446,43373,-34.0,33,1,0.6321,0.068453
DQN,deceptive_grid,4,447,43459,-91.0,86,1,0.6314,0.072013
DQN,deceptive_grid,4,448,43521,-51.0,62,1,0.6308,0.08277
DQN,deceptive_grid,4,449,43535,-3.0,14,1,0.6307,0.089446
DQN,deceptive_grid,4,450,43555,-9.0,20,1,0.6306,0.08376
DQN,deceptive_grid,4,451,43595,-33.0,40,1,0.6302,0.088891
DQN,deceptive_grid,4,452,43641,-51.0,46,1,0.6298,0.084073
DQN,deceptive_grid,4,453,43714,-82.0,73,1,0.6292,0.075678
DQN,deceptive_grid,4,454,43735,-14.0,21,1,0.629,0.081015
DQN,deceptive_grid,4,455,43765,-27.0,30,1,0.6288,0.077429
DQN,deceptive_grid,4,456,43804,-40.0,39,1,0.6284,0.073131
DQN,deceptive_grid,4,457,43856,-41.0,52,1,0.628,0.06603
DQN,deceptive_grid,4,458,43894,-31.0,38,1,0.6277,0.067811
DQN,deceptive_grid,4,459,43936,-35.0,42,1,0.6273,0.06398
DQN,deceptive_grid,4,460,43985,-38.0,49,1,0.6269,0.059544
DQN,deceptive_grid,4,461,44072,-92.0,87,1,0.6262,0.088322
DQN,deceptive_grid,4,462,44118,-43.0,46,1,0.6258,0.080722
DQN,deceptive_grid,4,463,44142,-17.0,24,1,0.6256,0.082954
DQN,deceptive_grid,4,464,44155,-6.0,13,1,0.6255,0.078962
DQN,deceptive_grid,4,465,44206,-40.0,51,1,0.625,0.085913
DQN,deceptive_grid,4,466,44253,-36.0,47,1,0.6246,0.086959
DQN,deceptive_grid,4,467,44284,-24.0,31,1,0.6244,0.068435
DQN,deceptive_grid,4,468,44335,-40.0,51,1,0.6239,0.069914
DQN,deceptive_grid,4,469,44389,-47.0,54,1,0.6235,0.067405
DQN,deceptive_grid,4,470,44441,-41.0,52,1,0.623,0.06437
DQN,deceptive_grid,4,471,44498,-46.0,57,1,0.6226,0.073215
DQN,deceptive_grid,4,472,44532,-31.0,34,1,0.6223,0.080408
DQN,deceptive_grid,4,473,44543,0.0,11,1,0.6222,0.078964
DQN,deceptive_grid,4,474,44574,-28.0,31,1,0.6219,0.073861
DQN,deceptive_grid,4,475,44619,-38.0,45,1,0.6215,0.072911
DQN,deceptive_grid,4,476,44682,-80.0,63,1,0.621,0.067125
DQN,deceptive_grid,4,477,44717,-32.0,35,1,0.6207,0.071065
DQN,deceptive_grid,4,478,44777,-61.0,60,1,0.6202,0.067485
DQN,deceptive_grid,4,479,44829,-57.0,52,1,0.6198,0.063987
DQN,deceptive_grid,4,480,44866,-38.0,37,1,0.6194,0.065035
DQN,deceptive_grid,4,481,44891,-26.0,25,1,0.6192,0.068634
DQN,deceptive_grid,4,482,44934,-36.0,43,1,0.6189,0.062257
DQN,deceptive_grid,4,483,44960,-19.0,26,1,0.6186,0.067476
DQN,deceptive_grid,4,484,44966,5.0,6,1,0.6186,0.064254
DQN,deceptive_grid,4,485,45004,-35.0,38,1,0.6183,0.060587
DQN,deceptive_grid,4,486,45035,-20.0,31,1,0.618,0.068567
DQN,deceptive_grid,4,487,45080,-38.0,45,1,0.6176,0.073508
DQN,deceptive_grid,4,488,45159,-68.0,79,1,0.617,0.06858
DQN,deceptive_grid,4,489,45191,-33.0,32,1,0.6167,0.057568
DQN,deceptive_grid,4,490,45227,-29.0,36,1,0.6164,0.064985
DQN,deceptive_grid,4,491,45306,-92.0,79,1,0.6157,0.065692
DQN,deceptive_grid,4,492,45357,-56.0,51,1,0.6153,0.062869
DQN,deceptive_grid,4,493,45416,-52.0,59,1,0.6148,0.068137
DQN,deceptive_grid,4,494,45452,-29.0,36,1,0.6145,0.060356
DQN,deceptive_grid,4,495,45541,-86.0,89,1,0.6137,0.065606
DQN,deceptive_grid,4,496,45580,-28.0,39,1,0.6134,0.072749
DQN,deceptive_grid,4,497,45616,-25.0,36,1,0.6131,0.061606
DQN,deceptive_grid,4,498,45635,-12.0,19,1,0.6129,0.064092
DQN,deceptive_grid,4,499,45651,-21.0,16,1,0.6128,0.059558
DQN,deceptive_grid,4,500,45686,-24.0,35,1,0.6125,0.06455
DQN,deceptive_grid,4,501,45733,-52.0,47,1,0.6121,0.059607
DQN,deceptive_grid,4,502,45758,-14.0,25,1,0.6119,0.058492
DQN,deceptive_grid,4,503,45849,-92.0,91,1,0.6111,0.057135
DQN,deceptive_grid,4,504,45939,-87.0,90,1,0.6103,0.057241
DQN,deceptive_grid,4,505,45942,8.0,3,1,0.6103,0.059075
DQN,deceptive_grid,4,506,46005,-68.0,63,1,0.6098,0.054679
DQN,deceptive_grid,4,507,46038,-26.0,33,1,0.6095,0.065047
DQN,deceptive_grid,4,508,46051,-2.0,13,1,0.6094,0.044964
DQN,deceptive_grid,4,509,46074,-20.0,23,1,0.6092,0.063117
DQN,deceptive_grid,4,510,46172,-103.0,98,1,0.6084,0.053596
DQN,deceptive_grid,4,511,46206,-35.0,34,1,0.6081,0.056949
DQN,deceptive_grid,4,512,46237,-28.0,31,1,0.6078,0.059738
DQN,deceptive_grid,4,513,46253,-5.0,16,1,0.6077,0.050175
DQN,deceptive_grid,4,514,46335,-83.0,82,1,0.607,0.048657
DQN,deceptive_grid,4,515,46364,-22.0,29,1,0.6067,0.044956
DQN,deceptive_grid,4,516,46395,-28.0,31,1,0.6065,0.046625
DQN,deceptive_grid,4,517,46420,-30.0,25,1,0.6063,0.046269
DQN,deceptive_grid,4,518,46450,-19.0,30,1,0.606,0.047182
DQN,deceptive_grid,4,519,46474,-21.0,24,1,0.6058,0.055961
DQN,deceptive_grid,4,520,46524,-51.0,50,1,0.6054,0.0605
DQN,deceptive_grid,4,521,46567,-48.0,43,1,0.605,0.05462
DQN,deceptive_grid,4,522,46617,-47.0,50,1,0.6046,0.049255
DQN,deceptive_grid,4,523,46668,-56.0,51,1,0.6042,0.05187
DQN,deceptive_grid,4,524,46712,-33.0,44,1,0.6038,0.048328
DQN,deceptive_grid,4,525,46749,-26.0,37,1,0.6035,0.052243
DQN,deceptive_grid,4,526,46791,-47.0,42,1,0.6031,0.042059
DQN,deceptive_grid,4,527,46816,-22.0,25,1,0.6029,0.04
DQN,deceptive_grid,4,528,46836,-13.0,20,1,0.6027,0.045306
DQN,deceptive_grid,4,529,46881,-34.0,45,1,0.6023,0.047874
DQN,deceptive_grid,4,530,46918,-26.0,37,1,0.602,0.047076
DQN,deceptive_grid,4,531,46955,-38.0,37,1,0.6017,0.039328
DQN,deceptive_grid,4,532,46979,-13.0,24,1,0.6015,0.044269
DQN,deceptive_grid,4,533,47039,-49.0,60,1,0.601,0.053028
DQN,deceptive_grid,4,534,47114,-96.0,75,1,0.6004,0.052276
DQN,deceptive_grid,4,535,47167,-54.0,53,1,0.5999,0.04694
DQN,deceptive_grid,4,536,47210,-36.0,43,1,0.5996,0.047433
DQN,deceptive_grid,4,537,47302,-117.0,92,1,0.5988,0.044228
DQN,deceptive_grid,4,538,47352,-47.0,50,1,0.5984,0.049638
DQN,deceptive_grid,4,539,47393,-54.0,41,1,0.598,0.041486
DQN,deceptive_grid,4,540,47417,-25.0,24,1,0.5978,0.043762
DQN,deceptive_grid,4,541,47423,-3.0,6,1,0.5978,0.051172
DQN,deceptive_grid,4,542,47429,5.0,6,1,0.5977,0.036133
DQN,deceptive_grid,4,543,47459,-27.0,30,1,0.5974,0.043162
DQN,deceptive_grid,4,544,47508,-50.0,49,1,0.597,0.047075
DQN,deceptive_grid,4,545,47548,-29.0,40,1,0.5967,0.049691
DQN,deceptive_grid,4,546,47577,-18.0,29,1,0.5964,0.048321
DQN,deceptive_grid,4,547,47599,-23.0,22,1,0.5963,0.042159
DQN,deceptive_grid,4,548,47622,-12.0,23,1,0.5961,0.040513
DQN,deceptive_grid,4,549,47662,-29.0,40,1,0.5957,0.042357
DQN,deceptive_grid,4,550,47729,-84.0,67,1,0.5952,0.041644
DQN,deceptive_grid,4,551,47770,-38.0,41,1,0.5948,0.040779
DQN,deceptive_grid,4,552,47803,-30.0,33,1,0.5945,0.038614
DQN,deceptive_grid,4,553,47863,-69.0,60,1,0.594,0.041695
DQN,deceptive_grid,4,554,47904,-38.0,41,1,0.5937,0.042498
DQN,deceptive_grid,4,555,47939,-24.0,35,1,0.5934,0.040847
DQN,deceptive_grid,4,556,47970,-20.0,31,1,0.5931,0.041274
DQN,deceptive_grid,4,557,48013,-40.0,43,1,0.5927,0.040482
DQN,deceptive_grid,4,558,48038,-14.0,25,1,0.5925,0.041957
DQN,deceptive_grid,4,559,48071,-26.0,33,1,0.5923,0.040743
DQN,deceptive_grid,4,560,48102,-28.0,31,1,0.592,0.041142
DQN,deceptive_grid,4,561,48116,-7.0,14,1,0.5919,0.046948
DQN,deceptive_grid,4,562,48124,-1.0,8,1,0.5918,0.04463
DQN,deceptive_grid,4,563,48144,-29.0,20,1,0.5916,0.041895
DQN,deceptive_grid,4,564,48203,-56.0,59,1,0.5911,0.038586
DQN,deceptive_grid,4,565,48219,-9.0,16,1,0.591,0.040445
DQN,deceptive_grid,4,566,48280,-58.0,61,1,0.5905,0.041374
DQN,deceptive_grid,4,567,48314,-23.0,34,1,0.5902,0.040472
DQN,deceptive_grid,4,568,48412,-95.0,98,1,0.5894,0.040474
DQN,deceptive_grid,4,569,48468,-53.0,56,1,0.5889,0.037444
DQN,deceptive_grid,4,570,48537,-66.0,69,1,0.5883,0.041831
DQN,deceptive_grid,4,571,48577,-49.0,40,1,0.588,0.040627
DQN,deceptive_grid,4,572,48613,-33.0,36,1,0.5877,0.042517
DQN,deceptive_grid,4,573,48641,-17.0,28,1,0.5874,0.043072
DQN,deceptive_grid,4,574,48649,3.0,8,1,0.5874,0.03899
DQN,deceptive_grid,4,575,48686,-34.0,37,1,0.587,0.039285
DQN,deceptive_grid,4,576,48730,-33.0,44,1,0.5867,0.035786
DQN,deceptive_grid,4,577,48741,0.0,11,1,0.5866,0.034151
DQN,deceptive_grid,4,578,48761,-9.0,20,1,0.5864,0.037852
DQN,deceptive_grid,4,579,48794,-26.0,33,1,0.5861,0.03305
DQN,deceptive_grid,4,580,48815,-14.0,21,1,0.5859,0.040005
DQN,deceptive_grid,4,581,48847,-33.0,32,1,0.5857,0.036048
DQN,deceptive_grid,4,582,48855,-5.0,8,1,0.5856,0.036861
DQN,deceptive_grid,4,583,48925,-75.0,70,1,0.585,0.034846
DQN,deceptive_grid,4,584,48945,-13.0,20,1,0.5848,0.032105
DQN,deceptive_grid,4,585,48982,-38.0,37,1,0.5845,0.037234
DQN,deceptive_grid,4,586,49053,-64.0,71,1,0.5839,0.036047
DQN,deceptive_grid,4,587,49119,-79.0,66,1,0.5834,0.036535
DQN,deceptive_grid,4,588,49178,-72.0,59,1,0.5829,0.036757
DQN,deceptive_grid,4,589,49216,-31.0,38,1,0.5825,0.037754
DQN,deceptive_grid,4,590,49229,-6.0,13,1,0.5824,0.026367
DQN,deceptive_grid,4,591,49260,-24.0,31,1,0.5822,0.031621
DQN,deceptive_grid,4,592,49289,-22.0,29,1,0.5819,0.034485
DQN,deceptive_grid,4,593,49299,1.0,10,1,0.5818,0.031817
DQN,deceptive_grid,4,594,49365,-59.0,66,1,0.5813,0.03499
DQN,deceptive_grid,4,595,49395,-27.0,30,1,0.581,0.028699
DQN,deceptive_grid,4,596,49417,-15.0,22,1,0.5808,0.025177
DQN,deceptive_grid,4,597,49433,-5.0,16,1,0.5807,0.028643
DQN,deceptive_grid,4,598,49513,-89.0,80,1,0.58,0.031392
DQN,deceptive_grid,4,599,49548,-28.0,35,1,0.5797,0.036965
DQN,deceptive_grid,4,600,49609,-50.0,61,1,0.5792,0.038435
DQN,deceptive_grid,4,601,49614,2.0,5,1,0.5792,0.034332
DQN,deceptive_grid,4,602,49632,-11.0,18,1,0.579,0.037716
DQN,deceptive_grid,4,603,49680,-65.0,48,1,0.5786,0.036626
DQN,deceptive_grid,4,604,49701,-18.0,21,1,0.5784,0.035482
DQN,deceptive_grid,4,605,49722,-22.0,21,1,0.5783,0.027289
DQN,deceptive_grid,4,606,49765,-44.0,43,1,0.5779,0.036091
DQN,deceptive_grid,4,607,49816,-52.0,51,1,0.5775,0.036625
DQN,deceptive_grid,4,608,49848,-25.0,32,1,0.5772,0.036913
DQN,deceptive_grid,4,609,49875,-16.0,27,1,0.577,0.02949
DQN,deceptive_grid,4,610,49887,-5.0,12,1,0.5769,0.028202
DQN,deceptive_grid,4,611,49901,-3.0,14,1,0.5767,0.030258
DQN,deceptive_grid,4,612,49946,-42.0,45,1,0.5764,0.030651
DQN,deceptive_grid,4,613,50007,-86.0,61,1,0.5758,0.030506
DQN,deceptive_grid,4,614,50047,-49.0,40,1,0.5755,0.034898
DQN,deceptive_grid,4,615,50086,-32.0,39,1,0.5752,0.032294
DQN,deceptive_grid,4,616,50145,-52.0,59,1,0.5747,0.032241
DQN,deceptive_grid,4,617,50176,-20.0,31,1,0.5744,0.036143
DQN,deceptive_grid,4,618,50229,-58.0,53,1,0.574,0.03232
DQN,deceptive_grid,4,619,50267,-31.0,38,1,0.5736,0.031853
DQN,deceptive_grid,4,620,50276,-6.0,9,1,0.5736,0.037124
DQN,deceptive_grid,4,621,50300,-13.0,24,1,0.5733,0.029446
DQN,deceptive_grid,4,622,50347,-40.0,47,1,0.5729,0.028157
DQN,deceptive_grid,4,623,50414,-64.0,67,1,0.5724,0.032865
DQN,deceptive_grid,4,624,50457,-44.0,43,1,0.572,0.034134
DQN,deceptive_grid,4,625,50480,-12.0,23,1,0.5718,0.025833
DQN,deceptive_grid,4,626,50498,-11.0,18,1,0.5717,0.027418
DQN,deceptive_grid,4,627,50518,-17.0,20,1,0.5715,0.038311
DQN,deceptive_grid,4,628,50571,-50.0,53,1,0.571,0.034111
DQN,deceptive_grid,4,629,50620,-50.0,49,1,0.5706,0.031246
DQN,deceptive_grid,4,630,50659,-28.0,39,1,0.5703,0.031337
DQN,deceptive_grid,4,631,50707,-41.0,48,1,0.5699,0.033961
DQN,deceptive_grid,4,632,50761,-47.0,54,1,0.5694,0.02915
DQN,deceptive_grid,4,633,50776,-8.0,15,1,0.5693,0.028421
DQN,deceptive_grid,4,634,50804,-25.0,28,1,0.5691,0.031273
DQN,deceptive_grid,4,635,50838,-23.0,34,1,0.5688,0.027203
DQN,deceptive_grid,4,636,50841,8.0,3,1,0.5688,0.028773
DQN,deceptive_grid,4,637,50893,-57.0,52,1,0.5683,0.028709
DQN,deceptive_grid,4,638,50954,-62.0,61,1,0.5678,0.030911
DQN,deceptive_grid,4,639,50965,-4.0,11,1,0.5677,0.027365
DQN,deceptive_grid,4,640,51016,-52.0,51,1,0.5673,0.034741
DQN,deceptive_grid,4,641,51050,-27.0,34,1,0.567,0.038218
DQN,deceptive_grid,4,642,51120,-59.0,70,1,0.5664,0.030783
DQN,deceptive_grid,4,643,51178,-59.0,58,1,0.5659,0.029242
DQN,deceptive_grid,4,644,51215,-34.0,37,1,0.5656,0.030993
DQN,deceptive_grid,4,645,51255,-41.0,40,1,0.5652,0.031943
DQN,deceptive_grid,4,646,51291,-33.0,36,1,0.5649,0.026617
DQN,deceptive_grid,4,647,51308,-6.0,17,1,0.5648,0.027627
DQN,deceptive_grid,4,648,51331,-16.0,23,1,0.5646,0.031798
DQN,deceptive_grid,4,649,51391,-53.0,60,1,0.5641,0.029346
DQN,deceptive_grid,4,650,51460,-74.0,69,1,0.5635,0.030664
DQN,deceptive_grid,4,651,51517,-54.0,57,1,0.563,0.034114
DQN,deceptive_grid,4,652,51529,-13.0,12,1,0.5629,0.047484
DQN,deceptive_grid,4,653,51540,0.0,11,1,0.5628,0.038047
DQN,deceptive_grid,4,654,51610,-63.0,70,1,0.5622,0.033319
DQN,deceptive_grid,4,655,51646,-29.0,36,1,0.5619,0.032854
DQN,deceptive_grid,4,656,51685,-32.0,39,1,0.5616,0.03485
DQN,deceptive_grid,4,657,51718,-30.0,33,1,0.5613,0.031849
DQN,deceptive_grid,4,658,51756,-39.0,38,1,0.561,0.030166
DQN,deceptive_grid,4,659,51813,-54.0,57,1,0.5605,0.028276
DQN,deceptive_grid,4,660,51855,-39.0,42,1,0.5602,0.029671
DQN,deceptive_grid,4,661,51927,-61.0,72,1,0.5595,0.033285
DQN,deceptive_grid,4,662,51962,-40.0,35,1,0.5593,0.02623
DQN,deceptive_grid,4,663,52017,-48.0,55,1,0.5588,0.029391
DQN,deceptive_grid,4,664,52040,-20.0,23,1,0.5586,0.034262
DQN,deceptive_grid,4,665,52089,-46.0,49,1,0.5582,0.031925
DQN,deceptive_grid,4,666,52100,-8.0,11,1,0.5581,0.037589
DQN,deceptive_grid,4,667,52159,-52.0,59,1,0.5576,0.027872
DQN,deceptive_grid,4,668,52200,-30.0,41,1,0.5572,0.023876
DQN,deceptive_grid,4,669,52276,-81.0,76,1,0.5566,0.029779
DQN,deceptive_grid,4,670,52281,2.0,5,1,0.5565,0.022204
DQN,deceptive_grid,4,671,52305,-17.0,24,1,0.5563,0.024565
DQN,deceptive_grid,4,672,52378,-74.0,73,1,0.5557,0.02738
DQN,deceptive_grid,4,673,52381,8.0,3,1,0.5557,0.023964
DQN,deceptive_grid,4,674,52394,-6.0,13,1,0.5556,0.031394
DQN,deceptive_grid,4,675,52397,8.0,3,1,0.5556,0.022566
DQN,deceptive_grid,4,676,52445,-53.0,48,1,0.5552,0.027904
DQN,deceptive_grid,4,677,52484,-40.0,39,1,0.5548,0.028106
DQN,deceptive_grid,4,678,52538,-67.0,54,1,0.5544,0.029811
DQN,deceptive_grid,4,679,52546,3.0,8,1,0.5543,0.032578
DQN,deceptive_grid,4,680,52590,-37.0,44,1,0.5539,0.031125
DQN,deceptive_grid,4,681,52614,-17.0,24,1,0.5537,0.028218
DQN,deceptive_grid,4,682,52647,-22.0,33,1,0.5534,0.025589
DQN,deceptive_grid,4,683,52672,-14.0,25,1,0.5532,0.026149
DQN,deceptive_grid,4,684,52730,-67.0,58,1,0.5527,0.0271
DQN,deceptive_grid,4,685,52774,-45.0,44,1,0.5524,0.027432
DQN,deceptive_grid,4,686,52830,-61.0,56,1,0.5519,0.024273
DQN,deceptive_grid,4,687,52869,-32.0,39,1,0.5516,0.02853
DQN,deceptive_grid,4,688,52901,-21.0,32,1,0.5513,0.023334
DQN,deceptive_grid,4,689,52907,5.0,6,1,0.5512,0.022548
DQN,deceptive_grid,4,690,52952,-38.0,45,1,0.5509,0.023536
DQN,deceptive_grid,4,691,52987,-28.0,35,1,0.5506,0.025044
DQN,deceptive_grid,4,692,53016,-34.0,29,1,0.5503,0.032067
DQN,deceptive_grid,4,693,53048,-25.0,32,1,0.55,0.033331
DQN,deceptive_grid,4,694,53086,-31.0,38,1,0.5497,0.027198
DQN,deceptive_grid,4,695,53172,-103.0,86,1,0.549,0.023613
DQN,deceptive_grid,4,696,53206,-31.0,34,1,0.5487,0.022763
DQN,deceptive_grid,4,697,53210,3.0,4,1,0.5487,0.026166
DQN,deceptive_grid,4,698,53260,-43.0,50,1,0.5482,0.027836
DQN,deceptive_grid,4,699,53307,-48.0,47,1,0.5478,0.023812
DQN,deceptive_grid,4,700,53347,-45.0,40,1,0.5475,0.022506
DQN,deceptive_grid,4,701,53435,-121.0,88,1,0.5468,0.022584
DQN,deceptive_grid,4,702,53491,-53.0,56,1,0.5463,0.021629
DQN,deceptive_grid,4,703,53544,-62.0,53,1,0.5458,0.030969
DQN,deceptive_grid,4,704,53579,-32.0,35,1,0.5455,0.034817
DQN,deceptive_grid,4,705,53590,-8.0,11,1,0.5454,0.026732
DQN,deceptive_grid,4,706,53640,-55.0,50,1,0.545,0.029372
DQN,deceptive_grid,4,707,53655,-4.0,15,1,0.5449,0.034428
DQN,deceptive_grid,4,708,53698,-40.0,43,1,0.5445,0.02514
DQN,deceptive_grid,4,709,53735,-26.0,37,1,0.5442,0.026748
DQN,deceptive_grid,4,710,53740,6.0,5,1,0.5442,0.025396
DQN,deceptive_grid,4,711,53786,-35.0,46,1,0.5438,0.025524
DQN,deceptive_grid,4,712,53808,-19.0,22,1,0.5436,0.02446
DQN,deceptive_grid,4,713,53834,-15.0,26,1,0.5434,0.024012
DQN,deceptive_grid,4,714,53857,-16.0,23,1,0.5432,0.027077
DQN,deceptive_grid,4,715,53881,-21.0,24,1,0.543,0.023889
DQN,deceptive_grid,4,716,53889,3.0,8,1,0.5429,0.01991
DQN,deceptive_grid,4,717,53911,-11.0,22,1,0.5427,0.022753
DQN,deceptive_grid,4,718,53923,-1.0,12,1,0.5426,0.023219
DQN,deceptive_grid,4,719,53960,-34.0,37,1,0.5423,0.022504
DQN,deceptive_grid,4,720,53992,-29.0,32,1,0.542,0.023261
DQN,deceptive_grid,4,721,54059,-72.0,67,1,0.5415,0.029909
DQN,deceptive_grid,4,722,54072,-2.0,13,1,0.5414,0.027489
DQN,deceptive_grid,4,723,54111,-44.0,39,1,0.541,0.022905
DQN,deceptive_grid,4,724,54131,-9.0,20,1,0.5409,0.02616
DQN,deceptive_grid,4,725,54164,-26.0,33,1,0.5406,0.030221
DQN,deceptive_grid,4,726,54229,-66.0,65,1,0.54,0.025975
DQN,deceptive_grid,4,727,54261,-21.0,32,1,0.5398,0.023942
DQN,deceptive_grid,4,728,54273,-1.0,12,1,0.5396,0.02692
DQN,deceptive_grid,4,729,54301,-17.0,28,1,0.5394,0.022954
DQN,deceptive_grid,4,730,54327,-15.0,26,1,0.5392,0.020473
DQN,deceptive_grid,4,731,54371,-37.0,44,1,0.5388,0.023752
DQN,deceptive_grid,4,732,54379,3.0,8,1,0.5387,0.020923
DQN,deceptive_grid,4,733,54435,-49.0,56,1,0.5383,0.022375
DQN,deceptive_grid,4,734,54483,-45.0,48,1,0.5379,0.024428
DQN,deceptive_grid,4,735,54575,-105.0,92,1,0.5371,0.027433
DQN,deceptive_grid,4,736,54600,-14.0,25,1,0.5369,0.026438
DQN,deceptive_grid,4,737,54615,-8.0,15,1,0.5367,0.027558
DQN,deceptive_grid,4,738,54640,-26.0,25,1,0.5365,0.025056
DQN,deceptive_grid,4,739,54669,-22.0,29,1,0.5363,0.024576
DQN,deceptive_grid,4,740,54732,-52.0,63,1,0.5358,0.023336
DQN,deceptive_grid,4,741,54745,-6.0,13,1,0.5356,0.02028
DQN,deceptive_grid,4,742,54763,-15.0,18,1,0.5355,0.02053
DQN,deceptive_grid,4,743,54816,-70.0,53,1,0.535,0.026754
DQN,deceptive_grid,4,744,54835,-20.0,19,1,0.5349,0.02315
DQN,deceptive_grid,4,745,54879,-41.0,44,1,0.5345,0.026922
DQN,deceptive_grid,4,746,54929,-63.0,50,1,0.5341,0.025264
DQN,deceptive_grid,4,747,54944,-4.0,15,1,0.534,0.027472
DQN,deceptive_grid,4,748,54962,-11.0,18,1,0.5338,0.023589
DQN,deceptive_grid,4,749,54998,-33.0,36,1,0.5335,0.023999
DQN,deceptive_grid,4,750,55042,-37.0,44,1,0.5331,0.034116
DQN,deceptive_grid,4,751,55046,7.0,4,1,0.5331,0.030844
DQN,deceptive_grid,4,752,55050,7.0,4,1,0.5331,0.029689
DQN,deceptive_grid,4,753,55063,-6.0,13,1,0.5329,0.025562
DQN,deceptive_grid,4,754,55147,-93.0,84,1,0.5322,0.023941
DQN,deceptive_grid,4,755,55178,-24.0,31,1,0.532,0.020372
DQN,deceptive_grid,4,756,55221,-44.0,43,1,0.5316,0.021641
DQN,deceptive_grid,4,757,55265,-49.0,44,1,0.5312,0.020221
DQN,deceptive_grid,4,758,55328,-72.0,63,1,0.5307,0.023558
DQN,deceptive_grid,4,759,55346,-11.0,18,1,0.5305,0.027328
DQN,deceptive_grid,4,760,55400,-55.0,54,1,0.5301,0.023146
DQN,deceptive_grid,4,761,55422,-11.0,22,1,0.5299,0.021498
DQN,deceptive_grid,4,762,55430,-1.0,8,1,0.5298,0.024611
DQN,deceptive_grid,4,763,55440,1.0,10,1,0.5297,0.022639
DQN,deceptive_grid,4,764,55475,-36.0,35,1,0.5295,0.02038
DQN,deceptive_grid,4,765,55479,3.0,4,1,0.5294,0.015601
DQN,deceptive_grid,4,766,55528,-50.0,49,1,0.529,0.02806
DQN,deceptive_grid,4,767,55569,-30.0,41,1,0.5287,0.029965
DQN,deceptive_grid,4,768,55608,-32.0,39,1,0.5283,0.028502
DQN,deceptive_grid,4,769,55617,-6.0,9,1,0.5282,0.019376
DQN,deceptive_grid,4,770,55666,-54.0,49,1,0.5278,0.026141
DQN,deceptive_grid,4,771,55689,-16.0,23,1,0.5276,0.024249
DQN,deceptive_grid,4,772,55719,-19.0,30,1,0.5274,0.023119
DQN,deceptive_grid,4,773,55779,-65.0,60,1,0.5269,0.024822
DQN,deceptive_grid,4,774,55806,-32.0,27,1,0.5266,0.020642
DQN,deceptive_grid,4,775,55846,-41.0,40,1,0.5263,0.021703
DQN,deceptive_grid,4,776,55890,-37.0,44,1,0.5259,0.021732
DQN,deceptive_grid,4,777,55938,-37.0,48,1,0.5255,0.021395
DQN,deceptive_grid,4,778,55991,-46.0,53,1,0.5251,0.020664
DQN,deceptive_grid,4,779,55999,-5.0,8,1,0.525,0.023353
DQN,deceptive_grid,4,780,56004,2.0,5,1,0.525,0.037526
DQN,deceptive_grid,4,781,56032,-17.0,28,1,0.5247,0.02971
DQN,deceptive_grid,4,782,56063,-32.0,31,1,0.5245,0.023419
DQN,deceptive_grid,4,783,56120,-50.0,57,1,0.524,0.020509
DQN,deceptive_grid,4,784,56155,-32.0,35,1,0.5237,0.020383
DQN,deceptive_grid,4,785,56160,2.0,5,1,0.5236,0.01746
DQN,deceptive_grid,4,786,56205,-38.0,45,1,0.5233,0.020941
DQN,deceptive_grid,4,787,56271,-75.0,66,1,0.5227,0.019448
DQN,deceptive_grid,4,788,56281,1.0,10,1,0.5226,0.021421
DQN,deceptive_grid,4,789,56292,0.0,11,1,0.5225,0.024119
DQN,deceptive_grid,4,790,56294,9.0,2,1,0.5225,0.019654
DQN,deceptive_grid,4,791,56344,-55.0,50,1,0.5221,0.021343
DQN,deceptive_grid,4,792,56364,-25.0,20,1,0.5219,0.022838
DQN,deceptive_grid,4,793,56411,-48.0,47,1,0.5215,0.02036
DQN,deceptive_grid,4,794,56418,4.0,7,1,0.5215,0.01977
DQN,deceptive_grid,4,795,56471,-58.0,53,1,0.521,0.018613
DQN,deceptive_grid,4,796,56506,-36.0,35,1,0.5207,0.019656
DQN,deceptive_grid,4,797,56524,-7.0,18,1,0.5206,0.026534
DQN,deceptive_grid,4,798,56549,-34.0,25,1,0.5203,0.022623
DQN,deceptive_grid,4,799,56566,-6.0,17,1,0.5202,0.022919
DQN,deceptive_grid,4,800,56581,-4.0,15,1,0.5201,0.017335
DuelingDQN,deceptive_grid,4,1,200,-288.0,200,0,0.9983,
DuelingDQN,deceptive_grid,4,2,400,-216.0,200,0,0.9966,
DuelingDQN,deceptive_grid,4,3,600,-336.0,200,0,0.9949,
DuelingDQN,deceptive_grid,4,4,800,-256.0,200,0,0.9932,
DuelingDQN,deceptive_grid,4,5,849,-66.0,49,1,0.9928,
DuelingDQN,deceptive_grid,4,6,1049,-260.0,200,0,0.9911,0.325802
DuelingDQN,deceptive_grid,4,7,1249,-284.0,200,0,0.9894,0.065107
DuelingDQN,deceptive_grid,4,8,1449,-264.0,200,0,0.9877,0.009594
DuelingDQN,deceptive_grid,4,9,1649,-288.0,200,0,0.986,0.019778
DuelingDQN,deceptive_grid,4,10,1849,-296.0,200,0,0.9843,0.014415
DuelingDQN,deceptive_grid,4,11,2049,-236.0,200,0,0.9826,0.025322
DuelingDQN,deceptive_grid,4,12,2249,-260.0,200,0,0.9809,0.009764
DuelingDQN,deceptive_grid,4,13,2449,-332.0,200,0,0.9792,0.006252
DuelingDQN,deceptive_grid,4,14,2649,-268.0,200,0,0.9775,0.024312
DuelingDQN,deceptive_grid,4,15,2849,-244.0,200,0,0.9758,0.003018
DuelingDQN,deceptive_grid,4,16,3049,-256.0,200,0,0.9741,0.025072
DuelingDQN,deceptive_grid,4,17,3249,-284.0,200,0,0.9725,0.004835
DuelingDQN,deceptive_grid,4,18,3449,-324.0,200,0,0.9708,0.006125
DuelingDQN,deceptive_grid,4,19,3649,-272.0,200,0,0.9691,0.022413
DuelingDQN,deceptive_grid,4,20,3849,-288.0,200,0,0.9674,0.002987
DuelingDQN,deceptive_grid,4,21,4049,-224.0,200,0,0.9657,0.022259
DuelingDQN,deceptive_grid,4,22,4062,-2.0,13,1,0.9656,0.01734
DuelingDQN,deceptive_grid,4,23,4262,-244.0,200,0,0.9639,0.017132
DuelingDQN,deceptive_grid,4,24,4462,-276.0,200,0,0.9622,0.009096
DuelingDQN,deceptive_grid,4,25,4662,-292.0,200,0,0.9605,0.040297
DuelingDQN,deceptive_grid,4,26,4862,-256.0,200,0,0.9588,0.01031
DuelingDQN,deceptive_grid,4,27,5062,-304.0,200,0,0.9571,0.041862
DuelingDQN,deceptive_grid,4,28,5064,9.0,2,1,0.9571,0.025809
DuelingDQN,deceptive_grid,4,29,5186,-163.0,122,1,0.956,0.040977
DuelingDQN,deceptive_grid,4,30,5333,-184.0,147,1,0.9548,0.027611
DuelingDQN,deceptive_grid,4,31,5430,-118.0,97,1,0.954,0.026387
DuelingDQN,deceptive_grid,4,32,5626,-233.0,196,1,0.9523,0.093832
DuelingDQN,deceptive_grid,4,33,5709,-140.0,83,1,0.9516,0.04128
DuelingDQN,deceptive_grid,4,34,5723,-11.0,14,1,0.9515,0.029901
DuelingDQN,deceptive_grid,4,35,5923,-276.0,200,0,0.9498,0.018415
DuelingDQN,deceptive_grid,4,36,5981,-67.0,58,1,0.9493,0.007745
DuelingDQN,deceptive_grid,4,37,6181,-276.0,200,0,0.9476,0.125194
DuelingDQN,deceptive_grid,4,38,6381,-260.0,200,0,0.9459,0.021492
DuelingDQN,deceptive_grid,4,39,6510,-166.0,129,1,0.9448,0.056128
DuelingDQN,deceptive_grid,4,40,6623,-138.0,113,1,0.9438,0.139684
DuelingDQN,deceptive_grid,4,41,6823,-244.0,200,0,0.9421,0.044838
DuelingDQN,deceptive_grid,4,42,7023,-288.0,200,0,0.9404,0.064307
DuelingDQN,deceptive_grid,4,43,7223,-256.0,200,0,0.9387,0.082436
DuelingDQN,deceptive_grid,4,44,7278,-88.0,55,1,0.9383,0.026276
DuelingDQN,deceptive_grid,4,45,7478,-292.0,200,0,0.9366,0.016049
DuelingDQN,deceptive_grid,4,46,7584,-143.0,106,1,0.9357,0.184265
DuelingDQN,deceptive_grid,4,47,7784,-268.0,200,0,0.934,0.037105
DuelingDQN,deceptive_grid,4,48,7984,-264.0,200,0,0.9323,0.010524
DuelingDQN,deceptive_grid,4,49,8184,-320.0,200,0,0.9306,0.123894
DuelingDQN,deceptive_grid,4,50,8384,-236.0,200,0,0.9289,0.025433
DuelingDQN,deceptive_grid,4,51,8584,-404.0,200,0,0.9272,0.109597
DuelingDQN,deceptive_grid,4,52,8784,-224.0,200,0,0.9255,0.053514
DuelingDQN,deceptive_grid,4,53,8984,-288.0,200,0,0.9238,0.015454
DuelingDQN,deceptive_grid,4,54,9184,-224.0,200,0,0.9221,0.136628
DuelingDQN,deceptive_grid,4,55,9384,-220.0,200,0,0.9204,0.030198
DuelingDQN,deceptive_grid,4,56,9392,-1.0,8,1,0.9203,0.027114
DuelingDQN,deceptive_grid,4,57,9507,-120.0,115,1,0.9194,0.061298
DuelingDQN,deceptive_grid,4,58,9571,-73.0,64,1,0.9188,0.195815
DuelingDQN,deceptive_grid,4,59,9771,-252.0,200,0,0.9171,0.045953
DuelingDQN,deceptive_grid,4,60,9971,-224.0,200,0,0.9154,0.016684
DuelingDQN,deceptive_grid,4,61,10171,-232.0,200,0,0.9137,0.124865
DuelingDQN,deceptive_grid,4,62,10240,-62.0,69,1,0.9132,0.03835
DuelingDQN,deceptive_grid,4,63,10380,-193.0,140,1,0.912,0.030841
DuelingDQN,deceptive_grid,4,64,10580,-272.0,200,0,0.9103,0.100151
DuelingDQN,deceptive_grid,4,65,10738,-171.0,158,1,0.9089,0.053059
DuelingDQN,deceptive_grid,4,66,10872,-155.0,134,1,0.9078,0.032992
DuelingDQN,deceptive_grid,4,67,11072,-256.0,200,0,0.9061,0.088345
DuelingDQN,deceptive_grid,4,68,11207,-184.0,135,1,0.9049,0.069324
DuelingDQN,deceptive_grid,4,69,11407,-268.0,200,0,0.9033,0.030189
DuelingDQN,deceptive_grid,4,70,11607,-216.0,200,0,0.9016,0.113139
DuelingDQN,deceptive_grid,4,71,11678,-72.0,71,1,0.901,0.068132
DuelingDQN,deceptive_grid,4,72,11740,-71.0,62,1,0.9004,0.044845
DuelingDQN,deceptive_grid,4,73,11940,-232.0,200,0,0.8987,0.022517
DuelingDQN,deceptive_grid,4,74,12112,-217.0,172,1,0.8973,0.121196
DuelingDQN,deceptive_grid,4,75,12251,-168.0,139,1,0.8961,0.060711
DuelingDQN,deceptive_grid,4,76,12451,-236.0,200,0,0.8944,0.030707
DuelingDQN,deceptive_grid,4,77,12651,-240.0,200,0,0.8927,0.135734
DuelingDQN,deceptive_grid,4,78,12837,-231.0,186,1,0.8911,0.036351
DuelingDQN,deceptive_grid,4,79,12958,-126.0,121,1,0.8901,0.020568
DuelingDQN,deceptive_grid,4,80,13158,-216.0,200,0,0.8884,0.110147
DuelingDQN,deceptive_grid,4,81,13178,-13.0,20,1,0.8882,0.048368
DuelingDQN,deceptive_grid,4,82,13229,-80.0,51,1,0.8878,0.04887
DuelingDQN,deceptive_grid,4,83,13429,-232.0,200,0,0.8861,0.022402
DuelingDQN,deceptive_grid,4,84,13468,-48.0,39,1,0.8858,0.016055
DuelingDQN,deceptive_grid,4,85,13497,-22.0,29,1,0.8855,0.01525
DuelingDQN,deceptive_grid,4,86,13599,-123.0,102,1,0.8847,0.178578
DuelingDQN,deceptive_grid,4,87,13647,-49.0,48,1,0.8843,0.058258
DuelingDQN,deceptive_grid,4,88,13693,-51.0,46,1,0.8839,0.047216
DuelingDQN,deceptive_grid,4,89,13874,-218.0,181,1,0.8823,0.032302
DuelingDQN,deceptive_grid,4,90,14049,-204.0,175,1,0.8808,0.079529
DuelingDQN,deceptive_grid,4,91,14072,-24.0,23,1,0.8806,0.093813
DuelingDQN,deceptive_grid,4,92,14162,-99.0,90,1,0.8799,0.058753
DuelingDQN,deceptive_grid,4,93,14247,-94.0,85,1,0.8792,0.040569
DuelingDQN,deceptive_grid,4,94,14358,-160.0,111,1,0.8782,0.028401
DuelingDQN,deceptive_grid,4,95,14376,-19.0,18,1,0.8781,0.021734
DuelingDQN,deceptive_grid,4,96,14456,-85.0,80,1,0.8774,0.017599
DuelingDQN,deceptive_grid,4,97,14604,-193.0,148,1,0.8761,0.088576
DuelingDQN,deceptive_grid,4,98,14699,-124.0,95,1,0.8753,0.038871
DuelingDQN,deceptive_grid,4,99,14899,-248.0,200,0,0.8736,0.022741
DuelingDQN,deceptive_grid,4,100,15099,-224.0,200,0,0.8719,0.055124
DuelingDQN,deceptive_grid,4,101,15233,-163.0,134,1,0.8708,0.031472
DuelingDQN,deceptive_grid,4,102,15331,-107.0,98,1,0.87,0.021056
DuelingDQN,deceptive_grid,4,103,15531,-252.0,200,0,0.8683,0.034701
DuelingDQN,deceptive_grid,4,104,15731,-252.0,200,0,0.8666,0.038277
DuelingDQN,deceptive_grid,4,105,15915,-205.0,184,1,0.865,0.015284
DuelingDQN,deceptive_grid,4,106,15925,-3.0,10,1,0.8649,0.012691
DuelingDQN,deceptive_grid,4,107,16125,-216.0,200,0,0.8632,0.034897
DuelingDQN,deceptive_grid,4,108,16272,-160.0,147,1,0.862,0.02295
DuelingDQN,deceptive_grid,4,109,16458,-195.0,186,1,0.8604,0.010082
DuelingDQN,deceptive_grid,4,110,16545,-80.0,87,1,0.8597,0.033714
DuelingDQN,deceptive_grid,4,111,16565,-13.0,20,1,0.8595,0.030374
DuelingDQN,deceptive_grid,4,112,16761,-261.0,196,1,0.8578,0.01701
DuelingDQN,deceptive_grid,4,113,16766,2.0,5,1,0.8578,0.009307
DuelingDQN,deceptive_grid,4,114,16873,-120.0,107,1,0.8569,0.007924
DuelingDQN,deceptive_grid,4,115,17050,-198.0,177,1,0.8554,0.012452
DuelingDQN,deceptive_grid,4,116,17156,-119.0,106,1,0.8545,0.016031
DuelingDQN,deceptive_grid,4,117,17356,-208.0,200,0,0.8528,0.007546
DuelingDQN,deceptive_grid,4,118,17499,-148.0,143,1,0.8516,0.004761
DuelingDQN,deceptive_grid,4,119,17699,-240.0,200,0,0.8499,0.013499
DuelingDQN,deceptive_grid,4,120,17899,-236.0,200,0,0.8482,0.0049
DuelingDQN,deceptive_grid,4,121,18037,-159.0,138,1,0.847,0.006865
DuelingDQN,deceptive_grid,4,122,18237,-212.0,200,0,0.8453,0.008717
DuelingDQN,deceptive_grid,4,123,18437,-272.0,200,0,0.8436,0.00427
DuelingDQN,deceptive_grid,4,124,18569,-161.0,132,1,0.8425,0.008824
DuelingDQN,deceptive_grid,4,125,18586,-18.0,17,1,0.8424,0.010324
DuelingDQN,deceptive_grid,4,126,18591,6.0,5,1,0.8423,0.010849
DuelingDQN,deceptive_grid,4,127,18791,-220.0,200,0,0.8406,0.005423
DuelingDQN,deceptive_grid,4,128,18867,-85.0,76,1,0.84,0.002682
DuelingDQN,deceptive_grid,4,129,19067,-272.0,200,0,0.8383,0.004707
DuelingDQN,deceptive_grid,4,130,19176,-102.0,109,1,0.8374,0.00549
DuelingDQN,deceptive_grid,4,131,19338,-191.0,162,1,0.836,0.004919
DuelingDQN,deceptive_grid,4,132,19356,-7.0,18,1,0.8358,0.004189
DuelingDQN,deceptive_grid,4,133,19421,-58.0,65,1,0.8353,0.003396
DuelingDQN,deceptive_grid,4,134,19621,-216.0,200,0,0.8336,0.007629
DuelingDQN,deceptive_grid,4,135,19821,-244.0,200,0,0.8319,0.004847
DuelingDQN,deceptive_grid,4,136,19921,-105.0,100,1,0.831,0.002589
DuelingDQN,deceptive_grid,4,137,19951,-23.0,30,1,0.8308,0.002138
DuelingDQN,deceptive_grid,4,138,19976,-18.0,25,1,0.8306,0.002026
DuelingDQN,deceptive_grid,4,139,20164,-209.0,188,1,0.829,0.009825
DuelingDQN,deceptive_grid,4,140,20174,1.0,10,1,0.8289,0.004426
DuelingDQN,deceptive_grid,4,141,20288,-127.0,114,1,0.8279,0.004461
DuelingDQN,deceptive_grid,4,142,20445,-210.0,157,1,0.8266,0.002942
DuelingDQN,deceptive_grid,4,143,20553,-149.0,108,1,0.8257,0.005632
DuelingDQN,deceptive_grid,4,144,20753,-220.0,200,0,0.824,0.004827
DuelingDQN,deceptive_grid,4,145,20823,-59.0,70,1,0.8234,0.003579
DuelingDQN,deceptive_grid,4,146,20886,-76.0,63,1,0.8229,0.00241
DuelingDQN,deceptive_grid,4,147,20966,-85.0,80,1,0.8222,0.001576
DuelingDQN,deceptive_grid,4,148,21085,-144.0,119,1,0.8212,0.005953
DuelingDQN,deceptive_grid,4,149,21132,-68.0,47,1,0.8208,0.005323
DuelingDQN,deceptive_grid,4,150,21247,-152.0,115,1,0.8198,0.004327
DuelingDQN,deceptive_grid,4,151,21392,-178.0,145,1,0.8186,0.002547
DuelingDQN,deceptive_grid,4,152,21529,-170.0,137,1,0.8174,0.004077
DuelingDQN,deceptive_grid,4,153,21613,-85.0,84,1,0.8167,0.00859
DuelingDQN,deceptive_grid,4,154,21728,-120.0,115,1,0.8157,0.006075
DuelingDQN,deceptive_grid,4,155,21769,-50.0,41,1,0.8154,0.005307
DuelingDQN,deceptive_grid,4,156,21934,-226.0,165,1,0.814,0.003381
DuelingDQN,deceptive_grid,4,157,22018,-85.0,84,1,0.8132,0.003029
DuelingDQN,deceptive_grid,4,158,22065,-48.0,47,1,0.8128,0.008729
DuelingDQN,deceptive_grid,4,159,22086,-18.0,21,1,0.8127,0.006359
DuelingDQN,deceptive_grid,4,160,22252,-179.0,166,1,0.8113,0.003406
DuelingDQN,deceptive_grid,4,161,22362,-119.0,110,1,0.8103,0.00235
DuelingDQN,deceptive_grid,4,162,22503,-150.0,141,1,0.8091,0.001848
DuelingDQN,deceptive_grid,4,163,22656,-190.0,153,1,0.8078,0.007723
DuelingDQN,deceptive_grid,4,164,22763,-128.0,107,1,0.8069,0.007513
DuelingDQN,deceptive_grid,4,165,22798,-40.0,35,1,0.8066,0.003348
DuelingDQN,deceptive_grid,4,166,22936,-159.0,138,1,0.8055,0.001964
DuelingDQN,deceptive_grid,4,167,23009,-94.0,73,1,0.8048,0.001795
DuelingDQN,deceptive_grid,4,168,23114,-114.0,105,1,0.804,0.006952
DuelingDQN,deceptive_grid,4,169,23154,-53.0,40,1,0.8036,0.006067
DuelingDQN,deceptive_grid,4,170,23258,-133.0,104,1,0.8027,0.003075
DuelingDQN,deceptive_grid,4,171,23330,-93.0,72,1,0.8021,0.002131
DuelingDQN,deceptive_grid,4,172,23433,-132.0,103,1,0.8012,0.001909
DuelingDQN,deceptive_grid,4,173,23453,-25.0,20,1,0.8011,0.001757
DuelingDQN,deceptive_grid,4,174,23532,-76.0,79,1,0.8004,0.003336
DuelingDQN,deceptive_grid,4,175,23705,-194.0,173,1,0.7989,0.004825
DuelingDQN,deceptive_grid,4,176,23788,-92.0,83,1,0.7982,0.006644
DuelingDQN,deceptive_grid,4,177,23970,-187.0,182,1,0.7967,0.004307
DuelingDQN,deceptive_grid,4,178,24096,-143.0,126,1,0.7956,0.004285
DuelingDQN,deceptive_grid,4,179,24296,-220.0,200,0,0.7939,0.002697
DuelingDQN,deceptive_grid,4,180,24375,-100.0,79,1,0.7933,0.001513
DuelingDQN,deceptive_grid,4,181,24405,-23.0,30,1,0.793,0.001368
DuelingDQN,deceptive_grid,4,182,24509,-113.0,104,1,0.7921,0.002579
DuelingDQN,deceptive_grid,4,183,24563,-59.0,54,1,0.7917,0.007282
DuelingDQN,deceptive_grid,4,184,24642,-88.0,79,1,0.791,0.007841
DuelingDQN,deceptive_grid,4,185,24672,-23.0,30,1,0.7907,0.004865
DuelingDQN,deceptive_grid,4,186,24720,-41.0,48,1,0.7903,0.004281
DuelingDQN,deceptive_grid,4,187,24879,-200.0,159,1,0.789,0.002587
DuelingDQN,deceptive_grid,4,188,24921,-43.0,42,1,0.7886,0.002256
DuelingDQN,deceptive_grid,4,189,25014,-122.0,93,1,0.7878,0.003191
DuelingDQN,deceptive_grid,4,190,25064,-43.0,50,1,0.7874,0.007746
DuelingDQN,deceptive_grid,4,191,25095,-36.0,31,1,0.7871,0.005978
DuelingDQN,deceptive_grid,4,192,25180,-98.0,85,1,0.7864,0.004856
DuelingDQN,deceptive_grid,4,193,25211,-20.0,31,1,0.7862,0.005108
DuelingDQN,deceptive_grid,4,194,25325,-167.0,114,1,0.7852,0.005058
DuelingDQN,deceptive_grid,4,195,25350,-14.0,25,1,0.785,0.003168
DuelingDQN,deceptive_grid,4,196,25498,-177.0,148,1,0.7837,0.00194
DuelingDQN,deceptive_grid,4,197,25603,-146.0,105,1,0.7828,0.004445
DuelingDQN,deceptive_grid,4,198,25676,-102.0,73,1,0.7822,0.003284
DuelingDQN,deceptive_grid,4,199,25750,-87.0,74,1,0.7816,0.002724
DuelingDQN,deceptive_grid,4,200,25844,-99.0,94,1,0.7808,0.003048
DuelingDQN,deceptive_grid,4,201,25911,-64.0,67,1,0.7802,0.002848
DuelingDQN,deceptive_grid,4,202,26111,-276.0,200,0,0.7785,0.004699
DuelingDQN,deceptive_grid,4,203,26227,-125.0,116,1,0.7775,0.003894
DuelingDQN,deceptive_grid,4,204,26358,-148.0,131,1,0.7764,0.002795
DuelingDQN,deceptive_grid,4,205,26550,-253.0,192,1,0.7748,0.003331
DuelingDQN,deceptive_grid,4,206,26565,-8.0,15,1,0.7747,0.007481
DuelingDQN,deceptive_grid,4,207,26697,-145.0,132,1,0.7736,0.003688
DuelingDQN,deceptive_grid,4,208,26834,-178.0,137,1,0.7724,0.002463
DuelingDQN,deceptive_grid,4,209,26951,-150.0,117,1,0.7714,0.001923
DuelingDQN,deceptive_grid,4,210,26969,-7.0,18,1,0.7713,0.001861
DuelingDQN,deceptive_grid,4,211,27062,-86.0,93,1,0.7705,0.00608
DuelingDQN,deceptive_grid,4,212,27130,-81.0,68,1,0.7699,0.006598
DuelingDQN,deceptive_grid,4,213,27203,-98.0,73,1,0.7693,0.005174
DuelingDQN,deceptive_grid,4,214,27314,-148.0,111,1,0.7683,0.003217
DuelingDQN,deceptive_grid,4,215,27514,-272.0,200,0,0.7666,0.001928
DuelingDQN,deceptive_grid,4,216,27571,-54.0,57,1,0.7661,0.006171
DuelingDQN,deceptive_grid,4,217,27671,-117.0,100,1,0.7653,0.004148
DuelingDQN,deceptive_grid,4,218,27809,-151.0,138,1,0.7641,0.002538
DuelingDQN,deceptive_grid,4,219,27906,-90.0,97,1,0.7633,0.001282
DuelingDQN,deceptive_grid,4,220,27946,-29.0,40,1,0.763,0.001135
DuelingDQN,deceptive_grid,4,221,28007,-62.0,61,1,0.7624,0.001415
DuelingDQN,deceptive_grid,4,222,28163,-169.0,156,1,0.7611,0.004693
DuelingDQN,deceptive_grid,4,223,28240,-82.0,77,1,0.7605,0.00238
DuelingDQN,deceptive_grid,4,224,28284,-41.0,44,1,0.7601,0.002402
DuelingDQN,deceptive_grid,4,225,28420,-153.0,136,1,0.7589,0.001634
DuelingDQN,deceptive_grid,4,226,28441,-14.0,21,1,0.7588,0.00103
DuelingDQN,deceptive_grid,4,227,28577,-157.0,136,1,0.7576,0.003621
DuelingDQN,deceptive_grid,4,228,28777,-228.0,200,0,0.7559,0.002944
DuelingDQN,deceptive_grid,4,229,28842,-62.0,65,1,0.7554,0.001631
DuelingDQN,deceptive_grid,4,230,28888,-43.0,46,1,0.755,0.001733
DuelingDQN,deceptive_grid,4,231,28979,-108.0,91,1,0.7542,0.001734
DuelingDQN,deceptive_grid,4,232,29031,-65.0,52,1,0.7538,0.003485
DuelingDQN,deceptive_grid,4,233,29068,-30.0,37,1,0.7534,0.004218
DuelingDQN,deceptive_grid,4,234,29193,-154.0,125,1,0.7524,0.002938
DuelingDQN,deceptive_grid,4,235,29350,-210.0,157,1,0.7511,0.00303
DuelingDQN,deceptive_grid,4,236,29407,-50.0,57,1,0.7506,0.003444
DuelingDQN,deceptive_grid,4,237,29483,-85.0,76,1,0.7499,0.001782
DuelingDQN,deceptive_grid,4,238,29577,-103.0,94,1,0.7491,0.004913
DuelingDQN,deceptive_grid,4,239,29650,-74.0,73,1,0.7485,0.005387
DuelingDQN,deceptive_grid,4,240,29672,-19.0,22,1,0.7483,0.004424
DuelingDQN,deceptive_grid,4,241,29685,-2.0,13,1,0.7482,0.003887
DuelingDQN,deceptive_grid,4,242,29731,-43.0,46,1,0.7478,0.002847
DuelingDQN,deceptive_grid,4,243,29808,-86.0,77,1,0.7472,0.002443
DuelingDQN,deceptive_grid,4,244,29883,-72.0,75,1,0.7465,0.00233
DuelingDQN,deceptive_grid,4,245,29978,-88.0,95,1,0.7457,0.001203
DuelingDQN,deceptive_grid,4,246,29988,1.0,10,1,0.7456,0.000912
DuelingDQN,deceptive_grid,4,247,30064,-85.0,76,1,0.745,0.004146
DuelingDQN,deceptive_grid,4,248,30118,-43.0,54,1,0.7445,0.004851
DuelingDQN,deceptive_grid,4,249,30239,-158.0,121,1,0.7435,0.002997
DuelingDQN,deceptive_grid,4,250,30276,-34.0,37,1,0.7432,0.002738
DuelingDQN,deceptive_grid,4,251,30316,-29.0,40,1,0.7429,0.002375
DuelingDQN,deceptive_grid,4,252,30381,-62.0,65,1,0.7423,0.002654
DuelingDQN,deceptive_grid,4,253,30419,-35.0,38,1,0.742,0.001734
DuelingDQN,deceptive_grid,4,254,30491,-77.0,72,1,0.7414,0.001155
DuelingDQN,deceptive_grid,4,255,30532,-30.0,41,1,0.741,0.003286
DuelingDQN,deceptive_grid,4,256,30622,-123.0,90,1,0.7403,0.003912
DuelingDQN,deceptive_grid,4,257,30721,-104.0,99,1,0.7394,0.002187
DuelingDQN,deceptive_grid,4,258,30778,-58.0,57,1,0.7389,0.001476
DuelingDQN,deceptive_grid,4,259,30898,-133.0,120,1,0.7379,0.001521
DuelingDQN,deceptive_grid,4,260,30995,-118.0,97,1,0.7371,0.001184
DuelingDQN,deceptive_grid,4,261,31096,-122.0,101,1,0.7362,0.003573
DuelingDQN,deceptive_grid,4,262,31125,-34.0,29,1,0.736,0.004096
DuelingDQN,deceptive_grid,4,263,31158,-42.0,33,1,0.7357,0.003082
DuelingDQN,deceptive_grid,4,264,31162,7.0,4,1,0.7357,0.002592
DuelingDQN,deceptive_grid,4,265,31298,-165.0,136,1,0.7345,0.003073
DuelingDQN,deceptive_grid,4,266,31324,-19.0,26,1,0.7343,0.002363
DuelingDQN,deceptive_grid,4,267,31344,-9.0,20,1,0.7341,0.001586
DuelingDQN,deceptive_grid,4,268,31459,-128.0,115,1,0.7332,0.001355
DuelingDQN,deceptive_grid,4,269,31521,-63.0,62,1,0.7326,0.001782
DuelingDQN,deceptive_grid,4,270,31551,-23.0,30,1,0.7324,0.003183
DuelingDQN,deceptive_grid,4,271,31583,-29.0,32,1,0.7321,0.002672
DuelingDQN,deceptive_grid,4,272,31630,-48.0,47,1,0.7317,0.003393
DuelingDQN,deceptive_grid,4,273,31687,-62.0,57,1,0.7312,0.002834
DuelingDQN,deceptive_grid,4,274,31781,-99.0,94,1,0.7304,0.002104
DuelingDQN,deceptive_grid,4,275,31843,-91.0,62,1,0.7299,0.001956
DuelingDQN,deceptive_grid,4,276,31845,9.0,2,1,0.7299,0.001177
DuelingDQN,deceptive_grid,4,277,31892,-40.0,47,1,0.7295,0.001622
DuelingDQN,deceptive_grid,4,278,31943,-48.0,51,1,0.7291,0.001499
DuelingDQN,deceptive_grid,4,279,31963,-21.0,20,1,0.7289,0.00171
DuelingDQN,deceptive_grid,4,280,31991,-33.0,28,1,0.7287,0.001363
DuelingDQN,deceptive_grid,4,281,32036,-42.0,45,1,0.7283,0.003394
DuelingDQN,deceptive_grid,4,282,32104,-61.0,68,1,0.7277,0.005293
DuelingDQN,deceptive_grid,4,283,32140,-33.0,36,1,0.7274,0.005771
DuelingDQN,deceptive_grid,4,284,32169,-22.0,29,1,0.7271,0.005024
DuelingDQN,deceptive_grid,4,285,32182,-6.0,13,1,0.727,0.003331
DuelingDQN,deceptive_grid,4,286,32228,-55.0,46,1,0.7266,0.003361
DuelingDQN,deceptive_grid,4,287,32270,-31.0,42,1,0.7263,0.002199
DuelingDQN,deceptive_grid,4,288,32390,-153.0,120,1,0.7253,0.002346
DuelingDQN,deceptive_grid,4,289,32404,-3.0,14,1,0.7252,0.002115
DuelingDQN,deceptive_grid,4,290,32420,-5.0,16,1,0.725,0.001538
DuelingDQN,deceptive_grid,4,291,32528,-137.0,108,1,0.7241,0.001588
DuelingDQN,deceptive_grid,4,292,32627,-92.0,99,1,0.7233,0.002498
DuelingDQN,deceptive_grid,4,293,32686,-48.0,59,1,0.7228,0.002951
DuelingDQN,deceptive_grid,4,294,32799,-146.0,113,1,0.7218,0.001968
DuelingDQN,deceptive_grid,4,295,32830,-20.0,31,1,0.7215,0.001532
DuelingDQN,deceptive_grid,4,296,32856,-19.0,26,1,0.7213,0.001484
DuelingDQN,deceptive_grid,4,297,32887,-20.0,31,1,0.7211,0.001104
DuelingDQN,deceptive_grid,4,298,32956,-86.0,69,1,0.7205,0.000877
DuelingDQN,deceptive_grid,4,299,33109,-178.0,153,1,0.7192,0.002751
DuelingDQN,deceptive_grid,4,300,33146,-34.0,37,1,0.7189,0.003543
DuelingDQN,deceptive_grid,4,301,33203,-66.0,57,1,0.7184,0.003582
DuelingDQN,deceptive_grid,4,302,33288,-94.0,85,1,0.7177,0.002753
DuelingDQN,deceptive_grid,4,303,33328,-29.0,40,1,0.7173,0.002384
DuelingDQN,deceptive_grid,4,304,33360,-25.0,32,1,0.717,0.001544
DuelingDQN,deceptive_grid,4,305,33443,-80.0,83,1,0.7163,0.002567
DuelingDQN,deceptive_grid,4,306,33491,-49.0,48,1,0.7159,0.003034
DuelingDQN,deceptive_grid,4,307,33605,-127.0,114,1,0.715,0.003986
DuelingDQN,deceptive_grid,4,308,33665,-57.0,60,1,0.7145,0.003896
DuelingDQN,deceptive_grid,4,309,33781,-117.0,116,1,0.7135,0.002082
DuelingDQN,deceptive_grid,4,310,33797,-5.0,16,1,0.7133,0.001225
DuelingDQN,deceptive_grid,4,311,33881,-85.0,84,1,0.7126,0.001123
DuelingDQN,deceptive_grid,4,312,34022,-166.0,141,1,0.7114,0.001502
DuelingDQN,deceptive_grid,4,313,34120,-111.0,98,1,0.7106,0.003592
DuelingDQN,deceptive_grid,4,314,34147,-20.0,27,1,0.7104,0.003377
DuelingDQN,deceptive_grid,4,315,34223,-77.0,76,1,0.7097,0.003153
DuelingDQN,deceptive_grid,4,316,34253,-19.0,30,1,0.7095,0.00177
DuelingDQN,deceptive_grid,4,317,34279,-19.0,26,1,0.7092,0.001739
DuelingDQN,deceptive_grid,4,318,34421,-147.0,142,1,0.708,0.001168
DuelingDQN,deceptive_grid,4,319,34438,-10.0,17,1,0.7079,0.000747
DuelingDQN,deceptive_grid,4,320,34523,-110.0,85,1,0.7072,0.001788
DuelingDQN,deceptive_grid,4,321,34562,-48.0,39,1,0.7068,0.003874
DuelingDQN,deceptive_grid,4,322,34568,5.0,6,1,0.7068,0.003228
DuelingDQN,deceptive_grid,4,323,34619,-48.0,51,1,0.7064,0.002751
DuelingDQN,deceptive_grid,4,324,34652,-30.0,33,1,0.7061,0.003296
DuelingDQN,deceptive_grid,4,325,34701,-62.0,49,1,0.7057,0.002711
DuelingDQN,deceptive_grid,4,326,34754,-54.0,53,1,0.7052,0.002573
DuelingDQN,deceptive_grid,4,327,34814,-57.0,60,1,0.7047,0.002132
DuelingDQN,deceptive_grid,4,328,34864,-55.0,50,1,0.7043,0.001957
DuelingDQN,deceptive_grid,4,329,34945,-82.0,81,1,0.7036,0.002153
DuelingDQN,deceptive_grid,4,330,35067,-147.0,122,1,0.7026,0.003278
DuelingDQN,deceptive_grid,4,331,35108,-30.0,41,1,0.7022,0.00481
DuelingDQN,deceptive_grid,4,332,35154,-51.0,46,1,0.7018,0.003479
DuelingDQN,deceptive_grid,4,333,35235,-86.0,81,1,0.7011,0.002387
DuelingDQN,deceptive_grid,4,334,35299,-65.0,64,1,0.7006,0.002308
DuelingDQN,deceptive_grid,4,335,35312,-2.0,13,1,0.7005,0.001811
DuelingDQN,deceptive_grid,4,336,35380,-61.0,68,1,0.6999,0.001342
DuelingDQN,deceptive_grid,4,337,35429,-62.0,49,1,0.6995,0.001474
DuelingDQN,deceptive_grid,4,338,35549,-129.0,120,1,0.6985,0.002417
DuelingDQN,deceptive_grid,4,339,35647,-95.0,98,1,0.6976,0.003607
DuelingDQN,deceptive_grid,4,340,35677,-31.0,30,1,0.6974,0.003024
DuelingDQN,deceptive_grid,4,341,35746,-66.0,69,1,0.6968,0.002402
DuelingDQN,deceptive_grid,4,342,35772,-15.0,26,1,0.6966,0.002107
DuelingDQN,deceptive_grid,4,343,35826,-59.0,54,1,0.6961,0.001705
DuelingDQN,deceptive_grid,4,344,35856,-23.0,30,1,0.6959,0.001283
DuelingDQN,deceptive_grid,4,345,35970,-139.0,114,1,0.6949,0.001312
DuelingDQN,deceptive_grid,4,346,35996,-23.0,26,1,0.6947,0.001538
DuelingDQN,deceptive_grid,4,347,36086,-83.0,90,1,0.6939,0.004356
DuelingDQN,deceptive_grid,4,348,36163,-82.0,77,1,0.6933,0.003323
DuelingDQN,deceptive_grid,4,349,36201,-35.0,38,1,0.6929,0.002348
DuelingDQN,deceptive_grid,4,350,36288,-84.0,87,1,0.6922,0.002104
DuelingDQN,deceptive_grid,4,351,36292,3.0,4,1,0.6922,0.002214
DuelingDQN,deceptive_grid,4,352,36319,-20.0,27,1,0.6919,0.001759
DuelingDQN,deceptive_grid,4,353,36356,-30.0,37,1,0.6916,0.001532
DuelingDQN,deceptive_grid,4,354,36435,-84.0,79,1,0.691,0.00123
DuelingDQN,deceptive_grid,4,355,36564,-178.0,129,1,0.6899,0.0026
DuelingDQN,deceptive_grid,4,356,36679,-112.0,115,1,0.6889,0.00426
DuelingDQN,deceptive_grid,4,357,36771,-109.0,92,1,0.6881,0.003672
DuelingDQN,deceptive_grid,4,358,36811,-33.0,40,1,0.6878,0.002496
DuelingDQN,deceptive_grid,4,359,36874,-64.0,63,1,0.6872,0.00172
DuelingDQN,deceptive_grid,4,360,36925,-60.0,51,1,0.6868,0.001393
DuelingDQN,deceptive_grid,4,361,36950,-18.0,25,1,0.6866,0.001119
DuelingDQN,deceptive_grid,4,362,37015,-74.0,65,1,0.686,0.001559
DuelingDQN,deceptive_grid,4,363,37094,-80.0,79,1,0.6854,0.003627
DuelingDQN,deceptive_grid,4,364,37138,-57.0,44,1,0.685,0.003199
DuelingDQN,deceptive_grid,4,365,37300,-211.0,162,1,0.6836,0.002769
DuelingDQN,deceptive_grid,4,366,37322,-15.0,22,1,0.6834,0.001295
DuelingDQN,deceptive_grid,4,367,37391,-82.0,69,1,0.6829,0.001003
DuelingDQN,deceptive_grid,4,368,37441,-43.0,50,1,0.6824,0.00078
DuelingDQN,deceptive_grid,4,369,37494,-50.0,53,1,0.682,0.00083
DuelingDQN,deceptive_grid,4,370,37525,-28.0,31,1,0.6817,0.003368
DuelingDQN,deceptive_grid,4,371,37557,-33.0,32,1,0.6814,0.004537
DuelingDQN,deceptive_grid,4,372,37612,-52.0,55,1,0.681,0.004761
DuelingDQN,deceptive_grid,4,373,37646,-23.0,34,1,0.6807,0.00352
DuelingDQN,deceptive_grid,4,374,37716,-79.0,70,1,0.6801,0.002771
DuelingDQN,deceptive_grid,4,375,37764,-45.0,48,1,0.6797,0.002206
DuelingDQN,deceptive_grid,4,376,37808,-41.0,44,1,0.6793,0.001416
DuelingDQN,deceptive_grid,4,377,37897,-86.0,89,1,0.6786,0.001443
DuelingDQN,deceptive_grid,4,378,37941,-49.0,44,1,0.6782,0.001346
DuelingDQN,deceptive_grid,4,379,38005,-61.0,64,1,0.6776,0.001133
DuelingDQN,deceptive_grid,4,380,38076,-108.0,71,1,0.677,0.003775
DuelingDQN,deceptive_grid,4,381,38110,-39.0,34,1,0.6768,0.002888
DuelingDQN,deceptive_grid,4,382,38117,4.0,7,1,0.6767,0.0021
DuelingDQN,deceptive_grid,4,383,38175,-59.0,58,1,0.6762,0.001809
DuelingDQN,deceptive_grid,4,384,38235,-53.0,60,1,0.6757,0.001327
DuelingDQN,deceptive_grid,4,385,38268,-34.0,33,1,0.6754,0.001488
DuelingDQN,deceptive_grid,4,386,38309,-34.0,41,1,0.6751,0.001023
DuelingDQN,deceptive_grid,4,387,38331,-23.0,22,1,0.6749,0.000895
DuelingDQN,deceptive_grid,4,388,38408,-70.0,77,1,0.6742,0.001153
DuelingDQN,deceptive_grid,4,389,38431,-20.0,23,1,0.674,0.000958
DuelingDQN,deceptive_grid,4,390,38453,-15.0,22,1,0.6738,0.001194
DuelingDQN,deceptive_grid,4,391,38489,-25.0,36,1,0.6735,0.000942
DuelingDQN,deceptive_grid,4,392,38556,-92.0,67,1,0.673,0.003409
DuelingDQN,deceptive_grid,4,393,38667,-128.0,111,1,0.672,0.003229
DuelingDQN,deceptive_grid,4,394,38685,-15.0,18,1,0.6719,0.002497
DuelingDQN,deceptive_grid,4,395,38816,-152.0,131,1,0.6708,0.001744
DuelingDQN,deceptive_grid,4,396,38833,-14.0,17,1,0.6706,0.001302
DuelingDQN,deceptive_grid,4,397,38868,-36.0,35,1,0.6703,0.001291
DuelingDQN,deceptive_grid,4,398,38884,-13.0,16,1,0.6702,0.001712
DuelingDQN,deceptive_grid,4,399,38895,-4.0,11,1,0.6701,0.001844
DuelingDQN,deceptive_grid,4,400,38915,-17.0,20,1,0.6699,0.001632
DuelingDQN,deceptive_grid,4,401,38948,-30.0,33,1,0.6696,0.00136
DuelingDQN,deceptive_grid,4,402,38976,-21.0,28,1,0.6694,0.000941
DuelingDQN,deceptive_grid,4,403,38991,-4.0,15,1,0.6693,0.001223
DuelingDQN,deceptive_grid,4,404,39067,-101.0,76,1,0.6686,0.004002
DuelingDQN,deceptive_grid,4,405,39111,-37.0,44,1,0.6683,0.004127
DuelingDQN,deceptive_grid,4,406,39163,-65.0,52,1,0.6678,0.003275
DuelingDQN,deceptive_grid,4,407,39239,-113.0,76,1,0.6672,0.002402
DuelingDQN,deceptive_grid,4,408,39268,-22.0,29,1,0.6669,0.001335
DuelingDQN,deceptive_grid,4,409,39334,-75.0,66,1,0.6664,0.001212
DuelingDQN,deceptive_grid,4,410,39338,3.0,4,1,0.6663,0.000948
DuelingDQN,deceptive_grid,4,411,39351,-6.0,13,1,0.6662,0.001043
DuelingDQN,deceptive_grid,4,412,39411,-61.0,60,1,0.6657,0.000768
DuelingDQN,deceptive_grid,4,413,39430,-8.0,19,1,0.6656,0.000916
DuelingDQN,deceptive_grid,4,414,39435,6.0,5,1,0.6655,0.001031
DuelingDQN,deceptive_grid,4,415,39518,-92.0,83,1,0.6648,0.001593
DuelingDQN,deceptive_grid,4,416,39561,-44.0,43,1,0.6644,0.002609
DuelingDQN,deceptive_grid,4,417,39607,-47.0,46,1,0.6641,0.002588
DuelingDQN,deceptive_grid,4,418,39694,-76.0,87,1,0.6633,0.002394
DuelingDQN,deceptive_grid,4,419,39768,-79.0,74,1,0.6627,0.002155
DuelingDQN,deceptive_grid,4,420,39809,-38.0,41,1,0.6623,0.001888
DuelingDQN,deceptive_grid,4,421,39831,-11.0,22,1,0.6622,0.001874
DuelingDQN,deceptive_grid,4,422,39917,-87.0,86,1,0.6614,0.001345
DuelingDQN,deceptive_grid,4,423,39927,1.0,10,1,0.6613,0.000923
DuelingDQN,deceptive_grid,4,424,39935,3.0,8,1,0.6613,0.000806
DuelingDQN,deceptive_grid,4,425,39995,-57.0,60,1,0.6608,0.00073
DuelingDQN,deceptive_grid,4,426,40047,-65.0,52,1,0.6603,0.003586
DuelingDQN,deceptive_grid,4,427,40132,-94.0,85,1,0.6596,0.006062
DuelingDQN,deceptive_grid,4,428,40154,-19.0,22,1,0.6594,0.006392
DuelingDQN,deceptive_grid,4,429,40245,-116.0,91,1,0.6586,0.003731
DuelingDQN,deceptive_grid,4,430,40304,-52.0,59,1,0.6581,0.001965
DuelingDQN,deceptive_grid,4,431,40365,-62.0,61,1,0.6576,0.001134
DuelingDQN,deceptive_grid,4,432,40398,-34.0,33,1,0.6573,0.000826
DuelingDQN,deceptive_grid,4,433,40446,-41.0,48,1,0.6569,0.000793
DuelingDQN,deceptive_grid,4,434,40537,-92.0,91,1,0.6562,0.001641
DuelingDQN,deceptive_grid,4,435,40568,-44.0,31,1,0.6559,0.001892
DuelingDQN,deceptive_grid,4,436,40593,-26.0,25,1,0.6557,0.001864
DuelingDQN,deceptive_grid,4,437,40637,-33.0,44,1,0.6553,0.001859
DuelingDQN,deceptive_grid,4,438,40730,-102.0,93,1,0.6545,0.001903
DuelingDQN,deceptive_grid,4,439,40806,-69.0,76,1,0.6539,0.001485
DuelingDQN,deceptive_grid,4,440,40844,-47.0,38,1,0.6536,0.001367
DuelingDQN,deceptive_grid,4,441,40879,-32.0,35,1,0.6533,0.001498
DuelingDQN,deceptive_grid,4,442,40880,10.0,1,1,0.6533,0.001255
DuelingDQN,deceptive_grid,4,443,40923,-32.0,43,1,0.6529,0.001034
DuelingDQN,deceptive_grid,4,444,40955,-29.0,32,1,0.6526,0.000704
DuelingDQN,deceptive_grid,4,445,41019,-81.0,64,1,0.6521,0.001463
DuelingDQN,deceptive_grid,4,446,41033,-3.0,14,1,0.652,0.003952
DuelingDQN,deceptive_grid,4,447,41065,-37.0,32,1,0.6517,0.003308
DuelingDQN,deceptive_grid,4,448,41107,-39.0,42,1,0.6513,0.002111
DuelingDQN,deceptive_grid,4,449,41124,-10.0,17,1,0.6512,0.001539
DuelingDQN,deceptive_grid,4,450,41159,-36.0,35,1,0.6509,0.001797
DuelingDQN,deceptive_grid,4,451,41217,-59.0,58,1,0.6504,0.002033
DuelingDQN,deceptive_grid,4,452,41252,-44.0,35,1,0.6501,0.002682
DuelingDQN,deceptive_grid,4,453,41300,-37.0,48,1,0.6497,0.001643
DuelingDQN,deceptive_grid,4,454,41324,-21.0,24,1,0.6495,0.001884
DuelingDQN,deceptive_grid,4,455,41386,-83.0,62,1,0.649,0.00172
DuelingDQN,deceptive_grid,4,456,41436,-55.0,50,1,0.6485,0.001504
DuelingDQN,deceptive_grid,4,457,41502,-79.0,66,1,0.648,0.001193
DuelingDQN,deceptive_grid,4,458,41537,-32.0,35,1,0.6477,0.003497
DuelingDQN,deceptive_grid,4,459,41582,-50.0,45,1,0.6473,0.003474
DuelingDQN,deceptive_grid,4,460,41646,-57.0,64,1,0.6468,0.002877
DuelingDQN,deceptive_grid,4,461,41692,-47.0,46,1,0.6464,0.001524
DuelingDQN,deceptive_grid,4,462,41751,-52.0,59,1,0.6459,0.001438
DuelingDQN,deceptive_grid,4,463,41784,-30.0,33,1,0.6456,0.001445
DuelingDQN,deceptive_grid,4,464,41818,-39.0,34,1,0.6453,0.001127
DuelingDQN,deceptive_grid,4,465,41867,-62.0,49,1,0.6449,0.001134
DuelingDQN,deceptive_grid,4,466,41913,-47.0,46,1,0.6445,0.001075
DuelingDQN,deceptive_grid,4,467,41976,-64.0,63,1,0.644,0.000899
DuelingDQN,deceptive_grid,4,468,42012,-53.0,36,1,0.6437,0.001219
DuelingDQN,deceptive_grid,4,469,42072,-61.0,60,1,0.6431,0.002845
DuelingDQN,deceptive_grid,4,470,42105,-26.0,33,1,0.6429,0.004747
DuelingDQN,deceptive_grid,4,471,42150,-42.0,45,1,0.6425,0.003305
DuelingDQN,deceptive_grid,4,472,42191,-42.0,41,1,0.6421,0.002846
DuelingDQN,deceptive_grid,4,473,42201,-3.0,10,1,0.6421,0.001909
DuelingDQN,deceptive_grid,4,474,42237,-37.0,36,1,0.6417,0.001767
DuelingDQN,deceptive_grid,4,475,42281,-33.0,44,1,0.6414,0.001717
DuelingDQN,deceptive_grid,4,476,42333,-57.0,52,1,0.6409,0.001033
DuelingDQN,deceptive_grid,4,477,42389,-49.0,56,1,0.6405,0.000818
DuelingDQN,deceptive_grid,4,478,42455,-83.0,66,1,0.6399,0.000795
DuelingDQN,deceptive_grid,4,479,42512,-82.0,57,1,0.6394,0.001991
DuelingDQN,deceptive_grid,4,480,42527,-16.0,15,1,0.6393,0.003253
DuelingDQN,deceptive_grid,4,481,42573,-43.0,46,1,0.6389,0.003071
DuelingDQN,deceptive_grid,4,482,42613,-37.0,40,1,0.6386,0.002869
DuelingDQN,deceptive_grid,4,483,42621,-1.0,8,1,0.6385,0.003244
DuelingDQN,deceptive_grid,4,484,42654,-26.0,33,1,0.6382,0.003306
DuelingDQN,deceptive_grid,4,485,42677,-24.0,23,1,0.638,0.00272
DuelingDQN,deceptive_grid,4,486,42707,-31.0,30,1,0.6378,0.002783
DuelingDQN,deceptive_grid,4,487,42768,-54.0,61,1,0.6372,0.00292
DuelingDQN,deceptive_grid,4,488,42805,-42.0,37,1,0.6369,0.002342
DuelingDQN,deceptive_grid,4,489,42876,-76.0,71,1,0.6363,0.001545
DuelingDQN,deceptive_grid,4,490,42937,-50.0,61,1,0.6358,0.001055
DuelingDQN,deceptive_grid,4,491,42982,-34.0,45,1,0.6354,0.001358
DuelingDQN,deceptive_grid,4,492,43005,-20.0,23,1,0.6352,0.002147
DuelingDQN,deceptive_grid,4,493,43045,-37.0,40,1,0.6349,0.003213
DuelingDQN,deceptive_grid,4,494,43152,-112.0,107,1,0.634,0.002907
DuelingDQN,deceptive_grid,4,495,43223,-76.0,71,1,0.6334,0.001758
DuelingDQN,deceptive_grid,4,496,43256,-30.0,33,1,0.6331,0.001038
DuelingDQN,deceptive_grid,4,497,43304,-45.0,48,1,0.6327,0.001113
DuelingDQN,deceptive_grid,4,498,43334,-27.0,30,1,0.6324,0.001071
DuelingDQN,deceptive_grid,4,499,43356,-19.0,22,1,0.6323,0.002374
DuelingDQN,deceptive_grid,4,500,43395,-36.0,39,1,0.6319,0.001473
DuelingDQN,deceptive_grid,4,501,43476,-78.0,81,1,0.6312,0.000855
DuelingDQN,deceptive_grid,4,502,43504,-29.0,28,1,0.631,0.001048
DuelingDQN,deceptive_grid,4,503,43561,-66.0,57,1,0.6305,0.002536
DuelingDQN,deceptive_grid,4,504,43646,-94.0,85,1,0.6298,0.002095
DuelingDQN,deceptive_grid,4,505,43651,6.0,5,1,0.6298,0.00278
DuelingDQN,deceptive_grid,4,506,43683,-33.0,32,1,0.6295,0.0022
DuelingDQN,deceptive_grid,4,507,43732,-42.0,49,1,0.6291,0.002126
DuelingDQN,deceptive_grid,4,508,43747,-12.0,15,1,0.6289,0.002175
DuelingDQN,deceptive_grid,4,509,43768,-26.0,21,1,0.6288,0.002518
DuelingDQN,deceptive_grid,4,510,43815,-40.0,47,1,0.6284,0.002342
DuelingDQN,deceptive_grid,4,511,43828,-2.0,13,1,0.6283,0.001992
DuelingDQN,deceptive_grid,4,512,43874,-63.0,46,1,0.6279,0.002848
DuelingDQN,deceptive_grid,4,513,43899,-18.0,25,1,0.6277,0.00307
DuelingDQN,deceptive_grid,4,514,43963,-57.0,64,1,0.6271,0.001711
DuelingDQN,deceptive_grid,4,515,44021,-79.0,58,1,0.6266,0.002321
DuelingDQN,deceptive_grid,4,516,44033,-5.0,12,1,0.6265,0.004228
DuelingDQN,deceptive_grid,4,517,44048,-12.0,15,1,0.6264,0.003935
DuelingDQN,deceptive_grid,4,518,44076,-17.0,28,1,0.6261,0.003668
DuelingDQN,deceptive_grid,4,519,44111,-28.0,35,1,0.6259,0.003899
DuelingDQN,deceptive_grid,4,520,44163,-61.0,52,1,0.6254,0.004006
DuelingDQN,deceptive_grid,4,521,44174,0.0,11,1,0.6253,0.00371
DuelingDQN,deceptive_grid,4,522,44236,-67.0,62,1,0.6248,0.003431
DuelingDQN,deceptive_grid,4,523,44268,-25.0,32,1,0.6245,0.001734
DuelingDQN,deceptive_grid,4,524,44369,-94.0,101,1,0.6237,0.001326
DuelingDQN,deceptive_grid,4,525,44453,-109.0,84,1,0.623,0.001232
DuelingDQN,deceptive_grid,4,526,44477,-21.0,24,1,0.6227,0.000802
DuelingDQN,deceptive_grid,4,527,44506,-26.0,29,1,0.6225,0.001083
DuelingDQN,deceptive_grid,4,528,44530,-17.0,24,1,0.6223,0.00274
DuelingDQN,deceptive_grid,4,529,44599,-66.0,69,1,0.6217,0.002154
DuelingDQN,deceptive_grid,4,530,44609,-3.0,10,1,0.6216,0.001855
DuelingDQN,deceptive_grid,4,531,44631,-19.0,22,1,0.6214,0.001874
DuelingDQN,deceptive_grid,4,532,44638,0.0,7,1,0.6214,0.002303
DuelingDQN,deceptive_grid,4,533,44704,-63.0,66,1,0.6208,0.001743
DuelingDQN,deceptive_grid,4,534,44743,-28.0,39,1,0.6205,0.00193
DuelingDQN,deceptive_grid,4,535,44798,-56.0,55,1,0.62,0.001506
DuelingDQN,deceptive_grid,4,536,44844,-43.0,46,1,0.6196,0.001391
DuelingDQN,deceptive_grid,4,537,44904,-61.0,60,1,0.6191,0.001525
DuelingDQN,deceptive_grid,4,538,44986,-79.0,82,1,0.6184,0.001967
DuelingDQN,deceptive_grid,4,539,45037,-48.0,51,1,0.618,0.00315
DuelingDQN,deceptive_grid,4,540,45055,-11.0,18,1,0.6178,0.003482
DuelingDQN,deceptive_grid,4,541,45086,-24.0,31,1,0.6176,0.002997
DuelingDQN,deceptive_grid,4,542,45127,-34.0,41,1,0.6172,0.002039
DuelingDQN,deceptive_grid,4,543,45186,-60.0,59,1,0.6167,0.001361
DuelingDQN,deceptive_grid,4,544,45203,-10.0,17,1,0.6166,0.000907
DuelingDQN,deceptive_grid,4,545,45287,-89.0,84,1,0.6159,0.001529
DuelingDQN,deceptive_grid,4,546,45310,-12.0,23,1,0.6157,0.001971
DuelingDQN,deceptive_grid,4,547,45325,-4.0,15,1,0.6156,0.001719
DuelingDQN,deceptive_grid,4,548,45361,-29.0,36,1,0.6153,0.001596
DuelingDQN,deceptive_grid,4,549,45392,-24.0,31,1,0.615,0.001138
DuelingDQN,deceptive_grid,4,550,45453,-54.0,61,1,0.6145,0.000848
DuelingDQN,deceptive_grid,4,551,45533,-81.0,80,1,0.6138,0.001819
DuelingDQN,deceptive_grid,4,552,45542,2.0,9,1,0.6137,0.003422
DuelingDQN,deceptive_grid,4,553,45573,-28.0,31,1,0.6135,0.003769
DuelingDQN,deceptive_grid,4,554,45640,-56.0,67,1,0.6129,0.003649
DuelingDQN,deceptive_grid,4,555,45684,-45.0,44,1,0.6125,0.002088
DuelingDQN,deceptive_grid,4,556,45693,-6.0,9,1,0.6124,0.002042
DuelingDQN,deceptive_grid,4,557,45720,-16.0,27,1,0.6122,0.001987
DuelingDQN,deceptive_grid,4,558,45749,-18.0,29,1,0.612,0.001441
DuelingDQN,deceptive_grid,4,559,45800,-44.0,51,1,0.6115,0.001689
DuelingDQN,deceptive_grid,4,560,45832,-25.0,32,1,0.6113,0.001409
DuelingDQN,deceptive_grid,4,561,45852,-13.0,20,1,0.6111,0.00115
DuelingDQN,deceptive_grid,4,562,45857,6.0,5,1,0.611,0.001374
DuelingDQN,deceptive_grid,4,563,45873,-9.0,16,1,0.6109,0.000895
DuelingDQN,deceptive_grid,4,564,45903,-23.0,30,1,0.6107,0.001117
DuelingDQN,deceptive_grid,4,565,45914,0.0,11,1,0.6106,0.000814
DuelingDQN,deceptive_grid,4,566,45962,-65.0,48,1,0.6102,0.000793
DuelingDQN,deceptive_grid,4,567,46026,-61.0,64,1,0.6096,0.001765
DuelingDQN,deceptive_grid,4,568,46071,-46.0,45,1,0.6092,0.002263
DuelingDQN,deceptive_grid,4,569,46154,-84.0,83,1,0.6085,0.004136
DuelingDQN,deceptive_grid,4,570,46206,-45.0,52,1,0.6081,0.003095
DuelingDQN,deceptive_grid,4,571,46231,-14.0,25,1,0.6079,0.003168
DuelingDQN,deceptive_grid,4,572,46289,-55.0,58,1,0.6074,0.002846
DuelingDQN,deceptive_grid,4,573,46309,-9.0,20,1,0.6072,0.001376
DuelingDQN,deceptive_grid,4,574,46317,3.0,8,1,0.6071,0.001156
DuelingDQN,deceptive_grid,4,575,46342,-14.0,25,1,0.6069,0.001095
DuelingDQN,deceptive_grid,4,576,46364,-11.0,22,1,0.6067,0.00117
DuelingDQN,deceptive_grid,4,577,46388,-25.0,24,1,0.6065,0.000761
DuelingDQN,deceptive_grid,4,578,46428,-37.0,40,1,0.6062,0.000911
DuelingDQN,deceptive_grid,4,579,46472,-33.0,44,1,0.6058,0.000761
DuelingDQN,deceptive_grid,4,580,46486,-3.0,14,1,0.6057,0.000654
DuelingDQN,deceptive_grid,4,581,46556,-79.0,70,1,0.6051,0.002296
DuelingDQN,deceptive_grid,4,582,46572,-5.0,16,1,0.605,0.002106
DuelingDQN,deceptive_grid,4,583,46627,-56.0,55,1,0.6045,0.001964
DuelingDQN,deceptive_grid,4,584,46636,2.0,9,1,0.6044,0.001523
DuelingDQN,deceptive_grid,4,585,46753,-126.0,117,1,0.6034,0.001308
DuelingDQN,deceptive_grid,4,586,46782,-22.0,29,1,0.6032,0.001045
DuelingDQN,deceptive_grid,4,587,46824,-63.0,42,1,0.6028,0.001029
DuelingDQN,deceptive_grid,4,588,46844,-13.0,20,1,0.6027,0.000949
DuelingDQN,deceptive_grid,4,589,46889,-42.0,45,1,0.6023,0.00089
DuelingDQN,deceptive_grid,4,590,46901,-9.0,12,1,0.6022,0.001016
DuelingDQN,deceptive_grid,4,591,46921,-25.0,20,1,0.602,0.000821
DuelingDQN,deceptive_grid,4,592,46973,-57.0,52,1,0.6016,0.000697
DuelingDQN,deceptive_grid,4,593,46979,5.0,6,1,0.6015,0.0007
DuelingDQN,deceptive_grid,4,594,47044,-70.0,65,1,0.601,0.002038
DuelingDQN,deceptive_grid,4,595,47057,-14.0,13,1,0.6009,0.002644
DuelingDQN,deceptive_grid,4,596,47066,2.0,9,1,0.6008,0.002482
DuelingDQN,deceptive_grid,4,597,47132,-63.0,66,1,0.6002,0.002872
DuelingDQN,deceptive_grid,4,598,47165,-22.0,33,1,0.5999,0.00246
DuelingDQN,deceptive_grid,4,599,47250,-94.0,85,1,0.5992,0.002024
DuelingDQN,deceptive_grid,4,600,47292,-51.0,42,1,0.5989,0.00166
DuelingDQN,deceptive_grid,4,601,47294,9.0,2,1,0.5989,0.00166
DuelingDQN,deceptive_grid,4,602,47311,-14.0,17,1,0.5987,0.001685
DuelingDQN,deceptive_grid,4,603,47346,-32.0,35,1,0.5984,0.001401
DuelingDQN,deceptive_grid,4,604,47377,-28.0,31,1,0.5981,0.001144
DuelingDQN,deceptive_grid,4,605,47402,-18.0,25,1,0.5979,0.001011
DuelingDQN,deceptive_grid,4,606,47423,-22.0,21,1,0.5978,0.000918
DuelingDQN,deceptive_grid,4,607,47460,-30.0,37,1,0.5974,0.000761
DuelingDQN,deceptive_grid,4,608,47507,-44.0,47,1,0.597,0.001023
DuelingDQN,deceptive_grid,4,609,47537,-23.0,30,1,0.5968,0.002188
DuelingDQN,deceptive_grid,4,610,47549,-5.0,12,1,0.5967,0.002292
DuelingDQN,deceptive_grid,4,611,47585,-25.0,36,1,0.5964,0.001887
DuelingDQN,deceptive_grid,4,612,47614,-26.0,29,1,0.5961,0.002852
DuelingDQN,deceptive_grid,4,613,47653,-48.0,39,1,0.5958,0.00261
DuelingDQN,deceptive_grid,4,614,47687,-51.0,34,1,0.5955,0.002136
DuelingDQN,deceptive_grid,4,615,47729,-39.0,42,1,0.5952,0.002072
DuelingDQN,deceptive_grid,4,616,47761,-29.0,32,1,0.5949,0.003247
DuelingDQN,deceptive_grid,4,617,47819,-51.0,58,1,0.5944,0.002317
DuelingDQN,deceptive_grid,4,618,47866,-76.0,47,1,0.594,0.00283
DuelingDQN,deceptive_grid,4,619,47911,-34.0,45,1,0.5936,0.001794
DuelingDQN,deceptive_grid,4,620,47918,4.0,7,1,0.5936,0.001804
DuelingDQN,deceptive_grid,4,621,47946,-25.0,28,1,0.5933,0.001224
DuelingDQN,deceptive_grid,4,622,47988,-47.0,42,1,0.593,0.000985
DuelingDQN,deceptive_grid,4,623,48014,-19.0,26,1,0.5927,0.001517
DuelingDQN,deceptive_grid,4,624,48030,-5.0,16,1,0.5926,0.002226
DuelingDQN,deceptive_grid,4,625,48066,-29.0,36,1,0.5923,0.001926
DuelingDQN,deceptive_grid,4,626,48077,0.0,11,1,0.5922,0.00203
DuelingDQN,deceptive_grid,4,627,48108,-24.0,31,1,0.5919,0.001629
DuelingDQN,deceptive_grid,4,628,48162,-47.0,54,1,0.5915,0.001118
DuelingDQN,deceptive_grid,4,629,48238,-81.0,76,1,0.5908,0.001216
DuelingDQN,deceptive_grid,4,630,48253,-4.0,15,1,0.5907,0.001248
DuelingDQN,deceptive_grid,4,631,48280,-16.0,27,1,0.5905,0.001139
DuelingDQN,deceptive_grid,4,632,48340,-53.0,60,1,0.59,0.001132
DuelingDQN,deceptive_grid,4,633,48348,3.0,8,1,0.5899,0.000876
DuelingDQN,deceptive_grid,4,634,48397,-50.0,49,1,0.5895,0.000726
DuelingDQN,deceptive_grid,4,635,48417,-17.0,20,1,0.5893,0.000721
DuelingDQN,deceptive_grid,4,636,48420,8.0,3,1,0.5893,0.000794
DuelingDQN,deceptive_grid,4,637,48472,-57.0,52,1,0.5889,0.00069
DuelingDQN,deceptive_grid,4,638,48566,-99.0,94,1,0.5881,0.002448
DuelingDQN,deceptive_grid,4,639,48577,-4.0,11,1,0.588,0.003153
DuelingDQN,deceptive_grid,4,640,48591,-3.0,14,1,0.5879,0.003227
DuelingDQN,deceptive_grid,4,641,48604,-2.0,13,1,0.5877,0.003096
DuelingDQN,deceptive_grid,4,642,48632,-25.0,28,1,0.5875,0.001982
DuelingDQN,deceptive_grid,4,643,48694,-55.0,62,1,0.587,0.00175
DuelingDQN,deceptive_grid,4,644,48751,-62.0,57,1,0.5865,0.001299
DuelingDQN,deceptive_grid,4,645,48810,-56.0,59,1,0.586,0.001416
DuelingDQN,deceptive_grid,4,646,48826,-5.0,16,1,0.5859,0.001257
DuelingDQN,deceptive_grid,4,647,48838,-5.0,12,1,0.5858,0.001121
DuelingDQN,deceptive_grid,4,648,48851,-6.0,13,1,0.5856,0.001195
DuelingDQN,deceptive_grid,4,649,48906,-60.0,55,1,0.5852,0.001157
DuelingDQN,deceptive_grid,4,650,48951,-42.0,45,1,0.5848,0.00079
DuelingDQN,deceptive_grid,4,651,48992,-46.0,41,1,0.5845,0.00058
DuelingDQN,deceptive_grid,4,652,49005,-2.0,13,1,0.5843,0.00117
DuelingDQN,deceptive_grid,4,653,49020,-4.0,15,1,0.5842,0.002573
DuelingDQN,deceptive_grid,4,654,49074,-55.0,54,1,0.5838,0.003776
DuelingDQN,deceptive_grid,4,655,49103,-26.0,29,1,0.5835,0.004273
DuelingDQN,deceptive_grid,4,656,49190,-88.0,87,1,0.5828,0.003329
DuelingDQN,deceptive_grid,4,657,49235,-34.0,45,1,0.5824,0.003227
DuelingDQN,deceptive_grid,4,658,49244,2.0,9,1,0.5823,0.003533
DuelingDQN,deceptive_grid,4,659,49282,-39.0,38,1,0.582,0.002773
DuelingDQN,deceptive_grid,4,660,49307,-18.0,25,1,0.5818,0.002224
DuelingDQN,deceptive_grid,4,661,49348,-34.0,41,1,0.5814,0.001252
DuelingDQN,deceptive_grid,4,662,49440,-101.0,92,1,0.5807,0.001224
DuelingDQN,deceptive_grid,4,663,49477,-38.0,37,1,0.5803,0.000732
DuelingDQN,deceptive_grid,4,664,49514,-34.0,37,1,0.58,0.000981
DuelingDQN,deceptive_grid,4,665,49551,-34.0,37,1,0.5797,0.00158
DuelingDQN,deceptive_grid,4,666,49567,-9.0,16,1,0.5796,0.001242
DuelingDQN,deceptive_grid,4,667,49612,-46.0,45,1,0.5792,0.00134
DuelingDQN,deceptive_grid,4,668,49667,-52.0,55,1,0.5787,0.001132
DuelingDQN,deceptive_grid,4,669,49707,-29.0,40,1,0.5784,0.000943
DuelingDQN,deceptive_grid,4,670,49711,7.0,4,1,0.5784,0.001271
DuelingDQN,deceptive_grid,4,671,49737,-19.0,26,1,0.5781,0.00095
DuelingDQN,deceptive_grid,4,672,49822,-94.0,85,1,0.5774,0.000889
DuelingDQN,deceptive_grid,4,673,49831,2.0,9,1,0.5773,0.00084
DuelingDQN,deceptive_grid,4,674,49840,-2.0,9,1,0.5773,0.000748
DuelingDQN,deceptive_grid,4,675,49886,-47.0,46,1,0.5769,0.000906
DuelingDQN,deceptive_grid,4,676,49906,-9.0,20,1,0.5767,0.001189
DuelingDQN,deceptive_grid,4,677,49973,-84.0,67,1,0.5761,0.001135
DuelingDQN,deceptive_grid,4,678,50024,-44.0,51,1,0.5757,0.001656
DuelingDQN,deceptive_grid,4,679,50040,-5.0,16,1,0.5756,0.002162
DuelingDQN,deceptive_grid,4,680,50083,-48.0,43,1,0.5752,0.002061
DuelingDQN,deceptive_grid,4,681,50115,-57.0,32,1,0.5749,0.002427
DuelingDQN,deceptive_grid,4,682,50171,-49.0,56,1,0.5745,0.002004
DuelingDQN,deceptive_grid,4,683,50178,4.0,7,1,0.5744,0.001911
DuelingDQN,deceptive_grid,4,684,50199,-18.0,21,1,0.5742,0.001295
DuelingDQN,deceptive_grid,4,685,50247,-41.0,48,1,0.5738,0.001101
DuelingDQN,deceptive_grid,4,686,50278,-32.0,31,1,0.5735,0.001048
DuelingDQN,deceptive_grid,4,687,50291,-14.0,13,1,0.5734,0.001097
DuelingDQN,deceptive_grid,4,688,50318,-20.0,27,1,0.5732,0.001078
DuelingDQN,deceptive_grid,4,689,50327,-2.0,9,1,0.5731,0.001019
DuelingDQN,deceptive_grid,4,690,50416,-98.0,89,1,0.5724,0.001032
DuelingDQN,deceptive_grid,4,691,50482,-55.0,66,1,0.5718,0.001066
DuelingDQN,deceptive_grid,4,692,50525,-40.0,43,1,0.5714,0.002452
DuelingDQN,deceptive_grid,4,693,50604,-92.0,79,1,0.5708,0.003957
DuelingDQN,deceptive_grid,4,694,50694,-107.0,90,1,0.57,0.002174
DuelingDQN,deceptive_grid,4,695,50750,-73.0,56,1,0.5695,0.00128
DuelingDQN,deceptive_grid,4,696,50771,-22.0,21,1,0.5694,0.001065
DuelingDQN,deceptive_grid,4,697,50781,-3.0,10,1,0.5693,0.000953
DuelingDQN,deceptive_grid,4,698,50823,-43.0,42,1,0.5689,0.0009
DuelingDQN,deceptive_grid,4,699,50886,-64.0,63,1,0.5684,0.000642
DuelingDQN,deceptive_grid,4,700,50917,-32.0,31,1,0.5681,0.000875
DuelingDQN,deceptive_grid,4,701,50982,-54.0,65,1,0.5676,0.000925
DuelingDQN,deceptive_grid,4,702,51041,-60.0,59,1,0.5671,0.002295
DuelingDQN,deceptive_grid,4,703,51082,-34.0,41,1,0.5667,0.002537
DuelingDQN,deceptive_grid,4,704,51118,-29.0,36,1,0.5664,0.001727
DuelingDQN,deceptive_grid,4,705,51139,-26.0,21,1,0.5662,0.001971
DuelingDQN,deceptive_grid,4,706,51167,-33.0,28,1,0.566,0.001615
DuelingDQN,deceptive_grid,4,707,51183,-9.0,16,1,0.5659,0.001948
DuelingDQN,deceptive_grid,4,708,51223,-33.0,40,1,0.5655,0.001594
DuelingDQN,deceptive_grid,4,709,51314,-96.0,91,1,0.5648,0.001144
DuelingDQN,deceptive_grid,4,710,51328,-7.0,14,1,0.5646,0.001251
DuelingDQN,deceptive_grid,4,711,51370,-47.0,42,1,0.5643,0.001202
DuelingDQN,deceptive_grid,4,712,51406,-25.0,36,1,0.564,0.001635
DuelingDQN,deceptive_grid,4,713,51456,-47.0,50,1,0.5636,0.001229
DuelingDQN,deceptive_grid,4,714,51468,-9.0,12,1,0.5634,0.001335
DuelingDQN,deceptive_grid,4,715,51509,-34.0,41,1,0.5631,0.001636
DuelingDQN,deceptive_grid,4,716,51511,9.0,2,1,0.5631,0.002199
DuelingDQN,deceptive_grid,4,717,51532,-14.0,21,1,0.5629,0.002381
DuelingDQN,deceptive_grid,4,718,51554,-11.0,22,1,0.5627,0.002475
DuelingDQN,deceptive_grid,4,719,51590,-29.0,36,1,0.5624,0.002267
DuelingDQN,deceptive_grid,4,720,51622,-37.0,32,1,0.5621,0.002518
DuelingDQN,deceptive_grid,4,721,51660,-39.0,38,1,0.5618,0.002188
DuelingDQN,deceptive_grid,4,722,51693,-22.0,33,1,0.5615,0.001877
DuelingDQN,deceptive_grid,4,723,51723,-23.0,30,1,0.5613,0.002324
DuelingDQN,deceptive_grid,4,724,51736,-14.0,13,1,0.5612,0.002152
DuelingDQN,deceptive_grid,4,725,51752,-5.0,16,1,0.561,0.003187
DuelingDQN,deceptive_grid,4,726,51825,-82.0,73,1,0.5604,0.002253
DuelingDQN,deceptive_grid,4,727,51882,-50.0,57,1,0.5599,0.00106
DuelingDQN,deceptive_grid,4,728,51924,-47.0,42,1,0.5596,0.001016
DuelingDQN,deceptive_grid,4,729,51947,-16.0,23,1,0.5594,0.000831
DuelingDQN,deceptive_grid,4,730,51968,-14.0,21,1,0.5592,0.000582
DuelingDQN,deceptive_grid,4,731,52024,-49.0,56,1,0.5587,0.001694
DuelingDQN,deceptive_grid,4,732,52034,1.0,10,1,0.5586,0.002234
DuelingDQN,deceptive_grid,4,733,52079,-42.0,45,1,0.5583,0.00215
DuelingDQN,deceptive_grid,4,734,52144,-90.0,65,1,0.5577,0.001765
DuelingDQN,deceptive_grid,4,735,52218,-63.0,74,1,0.5571,0.001697
DuelingDQN,deceptive_grid,4,736,52252,-27.0,34,1,0.5568,0.001347
DuelingDQN,deceptive_grid,4,737,52269,-18.0,17,1,0.5567,0.001203
DuelingDQN,deceptive_grid,4,738,52322,-54.0,53,1,0.5562,0.001167
DuelingDQN,deceptive_grid,4,739,52355,-26.0,33,1,0.5559,0.001184
DuelingDQN,deceptive_grid,4,740,52376,-10.0,21,1,0.5557,0.001784
DuelingDQN,deceptive_grid,4,741,52386,1.0,10,1,0.5557,0.002191
DuelingDQN,deceptive_grid,4,742,52408,-11.0,22,1,0.5555,0.002379
DuelingDQN,deceptive_grid,4,743,52481,-74.0,73,1,0.5549,0.002316
DuelingDQN,deceptive_grid,4,744,52541,-65.0,60,1,0.5543,0.002604
DuelingDQN,deceptive_grid,4,745,52597,-45.0,56,1,0.5539,0.002559
DuelingDQN,deceptive_grid,4,746,52626,-22.0,29,1,0.5536,0.001812
DuelingDQN,deceptive_grid,4,747,52665,-28.0,39,1,0.5533,0.001589
DuelingDQN,deceptive_grid,4,748,52676,0.0,11,1,0.5532,0.001886
DuelingDQN,deceptive_grid,4,749,52720,-41.0,44,1,0.5528,0.001833
DuelingDQN,deceptive_grid,4,750,52756,-29.0,36,1,0.5525,0.001507
DuelingDQN,deceptive_grid,4,751,52769,-22.0,13,1,0.5524,0.001159
DuelingDQN,deceptive_grid,4,752,52782,-14.0,13,1,0.5523,0.001426
DuelingDQN,deceptive_grid,4,753,52822,-45.0,40,1,0.552,0.001489
DuelingDQN,deceptive_grid,4,754,52863,-38.0,41,1,0.5516,0.001059
DuelingDQN,deceptive_grid,4,755,52904,-50.0,41,1,0.5513,0.001242
DuelingDQN,deceptive_grid,4,756,52971,-68.0,67,1,0.5507,0.00096
DuelingDQN,deceptive_grid,4,757,53052,-74.0,81,1,0.55,0.001631
DuelingDQN,deceptive_grid,4,758,53069,-10.0,17,1,0.5499,0.002118
DuelingDQN,deceptive_grid,4,759,53085,-9.0,16,1,0.5497,0.001962
DuelingDQN,deceptive_grid,4,760,53118,-22.0,33,1,0.5495,0.001831
DuelingDQN,deceptive_grid,4,761,53155,-38.0,37,1,0.5491,0.001849
DuelingDQN,deceptive_grid,4,762,53159,3.0,4,1,0.5491,0.002416
DuelingDQN,deceptive_grid,4,763,53167,3.0,8,1,0.549,0.002467
DuelingDQN,deceptive_grid,4,764,53235,-73.0,68,1,0.5485,0.002428
DuelingDQN,deceptive_grid,4,765,53236,10.0,1,1,0.5485,0.001425
DuelingDQN,deceptive_grid,4,766,53275,-32.0,39,1,0.5481,0.001443
DuelingDQN,deceptive_grid,4,767,53327,-45.0,52,1,0.5477,0.001478
DuelingDQN,deceptive_grid,4,768,53354,-20.0,27,1,0.5475,0.001104
DuelingDQN,deceptive_grid,4,769,53369,-12.0,15,1,0.5473,0.001125
DuelingDQN,deceptive_grid,4,770,53409,-33.0,40,1,0.547,0.001015
DuelingDQN,deceptive_grid,4,771,53496,-128.0,87,1,0.5462,0.000847
DuelingDQN,deceptive_grid,4,772,53594,-103.0,98,1,0.5454,0.001892
DuelingDQN,deceptive_grid,4,773,53654,-57.0,60,1,0.5449,0.001544
DuelingDQN,deceptive_grid,4,774,53689,-32.0,35,1,0.5446,0.001081
DuelingDQN,deceptive_grid,4,775,53741,-53.0,52,1,0.5442,0.000652
DuelingDQN,deceptive_grid,4,776,53769,-21.0,28,1,0.5439,0.000771
DuelingDQN,deceptive_grid,4,777,53794,-26.0,25,1,0.5437,0.000972
DuelingDQN,deceptive_grid,4,778,53860,-63.0,66,1,0.5432,0.00087
DuelingDQN,deceptive_grid,4,779,53870,1.0,10,1,0.5431,0.000708
DuelingDQN,deceptive_grid,4,780,53874,7.0,4,1,0.543,0.000619
DuelingDQN,deceptive_grid,4,781,53908,-31.0,34,1,0.5428,0.000592
DuelingDQN,deceptive_grid,4,782,53957,-50.0,49,1,0.5423,0.000531
DuelingDQN,deceptive_grid,4,783,54005,-37.0,48,1,0.5419,0.000537
DuelingDQN,deceptive_grid,4,784,54042,-26.0,37,1,0.5416,0.001412
DuelingDQN,deceptive_grid,4,785,54055,-6.0,13,1,0.5415,0.001715
DuelingDQN,deceptive_grid,4,786,54099,-33.0,44,1,0.5411,0.001578
DuelingDQN,deceptive_grid,4,787,54148,-46.0,49,1,0.5407,0.001448
DuelingDQN,deceptive_grid,4,788,54152,7.0,4,1,0.5407,0.000754
DuelingDQN,deceptive_grid,4,789,54167,-4.0,15,1,0.5406,0.001131
DuelingDQN,deceptive_grid,4,790,54171,7.0,4,1,0.5405,0.001215
DuelingDQN,deceptive_grid,4,791,54199,-17.0,28,1,0.5403,0.002193
DuelingDQN,deceptive_grid,4,792,54219,-9.0,20,1,0.5401,0.002318
DuelingDQN,deceptive_grid,4,793,54251,-29.0,32,1,0.5398,0.001664
DuelingDQN,deceptive_grid,4,794,54265,-15.0,14,1,0.5397,0.00164
DuelingDQN,deceptive_grid,4,795,54328,-52.0,63,1,0.5392,0.001853
DuelingDQN,deceptive_grid,4,796,54360,-29.0,32,1,0.5389,0.001701
DuelingDQN,deceptive_grid,4,797,54383,-16.0,23,1,0.5387,0.001158
DuelingDQN,deceptive_grid,4,798,54407,-13.0,24,1,0.5385,0.001461
DuelingDQN,deceptive_grid,4,799,54428,-10.0,21,1,0.5383,0.001675
DuelingDQN,deceptive_grid,4,800,54462,-27.0,34,1,0.5381,0.003074
