algo,grid,seed,episode,global_step,episode_return,episode_length,success,epsilon,mean_loss
DQN,small_grid,0,1,200,-472.0,200,0,0.9983,
DQN,small_grid,0,2,206,1.0,6,1,0.9983,
DQN,small_grid,0,3,377,-396.0,171,1,0.9968,
DQN,small_grid,0,4,380,8.0,3,1,0.9968,
DQN,small_grid,0,5,426,-119.0,46,1,0.9964,
DQN,small_grid,0,6,431,2.0,5,1,0.9963,
DQN,small_grid,0,7,631,-548.0,200,0,0.9946,
DQN,small_grid,0,8,669,-103.0,38,1,0.9943,
DQN,small_grid,0,9,680,-20.0,11,1,0.9942,
DQN,small_grid,0,10,707,-52.0,27,1,0.994,
DQN,small_grid,0,11,785,-175.0,78,1,0.9933,
DQN,small_grid,0,12,814,-54.0,29,1,0.9931,
DQN,small_grid,0,13,1011,-462.0,197,1,0.9914,1.792696
DQN,small_grid,0,14,1108,-210.0,97,1,0.9906,1.203747
DQN,small_grid,0,15,1186,-191.0,78,1,0.9899,0.998033
DQN,small_grid,0,16,1312,-299.0,126,1,0.9889,0.695935
DQN,small_grid,0,17,1332,-29.0,20,1,0.9887,0.533036
DQN,small_grid,0,18,1474,-355.0,142,1,0.9875,0.511966
DQN,small_grid,0,19,1511,-66.0,37,1,0.9872,0.525547
DQN,small_grid,0,20,1553,-75.0,42,1,0.9868,0.53471
DQN,small_grid,0,21,1554,10.0,1,1,0.9868,0.670216
DQN,small_grid,0,22,1745,-488.0,191,1,0.9852,0.453383
DQN,small_grid,0,23,1899,-347.0,154,1,0.9839,0.40877
DQN,small_grid,0,24,1933,-83.0,34,1,0.9836,0.345072
DQN,small_grid,0,25,2133,-524.0,200,0,0.9819,0.323429
DQN,small_grid,0,26,2259,-363.0,126,1,0.9808,0.27239
DQN,small_grid,0,27,2388,-278.0,129,1,0.9797,0.269523
DQN,small_grid,0,28,2407,-40.0,19,1,0.9796,0.177742
DQN,small_grid,0,29,2485,-159.0,78,1,0.9789,0.238832
DQN,small_grid,0,30,2550,-154.0,65,1,0.9784,0.212163
DQN,small_grid,0,31,2645,-248.0,95,1,0.9776,0.228565
DQN,small_grid,0,32,2663,-39.0,18,1,0.9774,0.176241
DQN,small_grid,0,33,2672,-14.0,9,1,0.9773,0.24602
DQN,small_grid,0,34,2829,-354.0,157,1,0.976,0.218777
DQN,small_grid,0,35,2875,-95.0,46,1,0.9756,0.210258
DQN,small_grid,0,36,2908,-42.0,33,1,0.9753,0.1958
DQN,small_grid,0,37,2960,-125.0,52,1,0.9749,0.214974
DQN,small_grid,0,38,3000,-73.0,40,1,0.9746,0.197226
DQN,small_grid,0,39,3029,-54.0,29,1,0.9743,0.245495
DQN,small_grid,0,40,3040,-20.0,11,1,0.9742,0.21977
DQN,small_grid,0,41,3117,-178.0,77,1,0.9736,0.189496
DQN,small_grid,0,42,3310,-486.0,193,1,0.9719,0.214204
DQN,small_grid,0,43,3316,1.0,6,1,0.9719,0.101013
DQN,small_grid,0,44,3328,-17.0,12,1,0.9718,0.200128
DQN,small_grid,0,45,3528,-464.0,200,0,0.9701,0.198385
DQN,small_grid,0,46,3634,-259.0,106,1,0.9692,0.211538
DQN,small_grid,0,47,3746,-317.0,112,1,0.9682,0.188894
DQN,small_grid,0,48,3755,-6.0,9,1,0.9681,0.299708
DQN,small_grid,0,49,3761,1.0,6,1,0.9681,0.051179
DQN,small_grid,0,50,3790,-46.0,29,1,0.9679,0.21458
DQN,small_grid,0,51,3990,-460.0,200,0,0.9662,0.198117
DQN,small_grid,0,52,4020,-71.0,30,1,0.9659,0.245755
DQN,small_grid,0,53,4070,-111.0,50,1,0.9655,0.1792
DQN,small_grid,0,54,4252,-447.0,182,1,0.9639,0.182778
DQN,small_grid,0,55,4437,-418.0,185,1,0.9624,0.197065
DQN,small_grid,0,56,4487,-99.0,50,1,0.9619,0.180394
DQN,small_grid,0,57,4687,-440.0,200,0,0.9602,0.185187
DQN,small_grid,0,58,4845,-423.0,158,1,0.9589,0.183404
DQN,small_grid,0,59,4983,-339.0,138,1,0.9577,0.157215
DQN,small_grid,0,60,5015,-41.0,32,1,0.9575,0.212203
DQN,small_grid,0,61,5078,-152.0,63,1,0.9569,0.184465
DQN,small_grid,0,62,5126,-105.0,48,1,0.9565,0.209404
DQN,small_grid,0,63,5159,-74.0,33,1,0.9562,0.136767
DQN,small_grid,0,64,5177,-35.0,18,1,0.9561,0.169027
DQN,small_grid,0,65,5234,-102.0,57,1,0.9556,0.184722
DQN,small_grid,0,66,5262,-49.0,28,1,0.9554,0.137995
DQN,small_grid,0,67,5275,-10.0,13,1,0.9553,0.151517
DQN,small_grid,0,68,5349,-183.0,74,1,0.9546,0.170926
DQN,small_grid,0,69,5401,-129.0,52,1,0.9542,0.105093
DQN,small_grid,0,70,5437,-65.0,36,1,0.9539,0.190934
DQN,small_grid,0,71,5535,-231.0,98,1,0.9531,0.192596
DQN,small_grid,0,72,5538,8.0,3,1,0.953,0.104952
DQN,small_grid,0,73,5546,-5.0,8,1,0.953,0.286436
DQN,small_grid,0,74,5633,-168.0,87,1,0.9522,0.19759
DQN,small_grid,0,75,5778,-386.0,145,1,0.951,0.210297
DQN,small_grid,0,76,5795,-22.0,17,1,0.9508,0.118126
DQN,small_grid,0,77,5814,-32.0,19,1,0.9507,0.184299
DQN,small_grid,0,78,5879,-158.0,65,1,0.9501,0.14299
DQN,small_grid,0,79,6071,-445.0,192,1,0.9485,0.185167
DQN,small_grid,0,80,6090,-28.0,19,1,0.9483,0.191918
DQN,small_grid,0,81,6147,-118.0,57,1,0.9479,0.152385
DQN,small_grid,0,82,6171,-41.0,24,1,0.9477,0.161438
DQN,small_grid,0,83,6209,-63.0,38,1,0.9473,0.183061
DQN,small_grid,0,84,6223,-15.0,14,1,0.9472,0.202613
DQN,small_grid,0,85,6361,-343.0,138,1,0.946,0.172076
DQN,small_grid,0,86,6415,-99.0,54,1,0.9456,0.152013
DQN,small_grid,0,87,6438,-40.0,23,1,0.9454,0.119473
DQN,small_grid,0,88,6520,-179.0,82,1,0.9447,0.207416
DQN,small_grid,0,89,6595,-120.0,75,1,0.9441,0.186814
DQN,small_grid,0,90,6634,-84.0,39,1,0.9437,0.173958
DQN,small_grid,0,91,6685,-104.0,51,1,0.9433,0.151916
DQN,small_grid,0,92,6808,-296.0,123,1,0.9423,0.129458
DQN,small_grid,0,93,6823,-20.0,15,1,0.9421,0.086364
DQN,small_grid,0,94,6862,-64.0,39,1,0.9418,0.104366
DQN,small_grid,0,95,6917,-128.0,55,1,0.9413,0.123481
DQN,small_grid,0,96,6928,-16.0,11,1,0.9412,0.107579
DQN,small_grid,0,97,7003,-180.0,75,1,0.9406,0.128872
DQN,small_grid,0,98,7043,-113.0,40,1,0.9403,0.375685
DQN,small_grid,0,99,7155,-253.0,112,1,0.9393,0.150666
DQN,small_grid,0,100,7241,-259.0,86,1,0.9386,0.106566
DQN,small_grid,0,101,7330,-158.0,89,1,0.9378,0.079338
DQN,small_grid,0,102,7343,-18.0,13,1,0.9377,0.101351
DQN,small_grid,0,103,7405,-119.0,62,1,0.9372,0.063507
DQN,small_grid,0,104,7431,-63.0,26,1,0.937,0.075066
DQN,small_grid,0,105,7472,-62.0,41,1,0.9366,0.087759
DQN,small_grid,0,106,7537,-150.0,65,1,0.9361,0.305168
DQN,small_grid,0,107,7545,-9.0,8,1,0.936,0.298788
DQN,small_grid,0,108,7555,-23.0,10,1,0.9359,0.222377
DQN,small_grid,0,109,7623,-125.0,68,1,0.9353,0.129246
DQN,small_grid,0,110,7685,-135.0,62,1,0.9348,0.106498
DQN,small_grid,0,111,7710,-30.0,25,1,0.9346,0.100287
DQN,small_grid,0,112,7715,-2.0,5,1,0.9346,0.116604
DQN,small_grid,0,113,7739,-45.0,24,1,0.9344,0.096207
DQN,small_grid,0,114,7838,-228.0,99,1,0.9335,0.073923
DQN,small_grid,0,115,7902,-145.0,64,1,0.933,0.054659
DQN,small_grid,0,116,7935,-90.0,33,1,0.9327,0.072861
DQN,small_grid,0,117,8053,-283.0,118,1,0.9317,0.23577
DQN,small_grid,0,118,8087,-87.0,34,1,0.9314,0.158503
DQN,small_grid,0,119,8139,-109.0,52,1,0.931,0.126117
DQN,small_grid,0,120,8162,-48.0,23,1,0.9308,0.090088
DQN,small_grid,0,121,8171,-6.0,9,1,0.9307,0.077491
DQN,small_grid,0,122,8203,-49.0,32,1,0.9304,0.0773
DQN,small_grid,0,123,8403,-472.0,200,0,0.9287,0.049299
DQN,small_grid,0,124,8474,-136.0,71,1,0.9281,0.029405
DQN,small_grid,0,125,8566,-213.0,92,1,0.9273,0.29754
DQN,small_grid,0,126,8575,-14.0,9,1,0.9273,0.147259
DQN,small_grid,0,127,8587,-21.0,12,1,0.9272,0.131572
DQN,small_grid,0,128,8606,-16.0,19,1,0.927,0.125471
DQN,small_grid,0,129,8704,-247.0,98,1,0.9262,0.070614
DQN,small_grid,0,130,8714,-11.0,10,1,0.9261,0.054433
DQN,small_grid,0,131,8792,-163.0,78,1,0.9254,0.039309
DQN,small_grid,0,132,8827,-72.0,35,1,0.9251,0.02745
DQN,small_grid,0,133,8876,-94.0,49,1,0.9247,0.023063
DQN,small_grid,0,134,8879,4.0,3,1,0.9247,0.014625
DQN,small_grid,0,135,8925,-123.0,46,1,0.9243,0.022421
DQN,small_grid,0,136,8937,-5.0,12,1,0.9242,0.018553
DQN,small_grid,0,137,9006,-174.0,69,1,0.9236,0.130682
DQN,small_grid,0,138,9118,-277.0,112,1,0.9227,0.217815
DQN,small_grid,0,139,9142,-25.0,24,1,0.9225,0.06234
DQN,small_grid,0,140,9156,-19.0,14,1,0.9223,0.084159
DQN,small_grid,0,141,9243,-200.0,87,1,0.9216,0.047251
DQN,small_grid,0,142,9255,-21.0,12,1,0.9215,0.028734
DQN,small_grid,0,143,9330,-144.0,75,1,0.9209,0.027597
DQN,small_grid,0,144,9464,-291.0,134,1,0.9197,0.016754
DQN,small_grid,0,145,9536,-161.0,72,1,0.9191,0.243176
DQN,small_grid,0,146,9633,-186.0,97,1,0.9183,0.076466
DQN,small_grid,0,147,9664,-48.0,31,1,0.918,0.035793
DQN,small_grid,0,148,9703,-52.0,39,1,0.9177,0.03254
DQN,small_grid,0,149,9709,-3.0,6,1,0.9176,0.020287
DQN,small_grid,0,150,9741,-61.0,32,1,0.9174,0.036847
DQN,small_grid,0,151,9754,-14.0,13,1,0.9173,0.036334
DQN,small_grid,0,152,9762,-5.0,8,1,0.9172,0.015502
DQN,small_grid,0,153,9870,-293.0,108,1,0.9163,0.01601
DQN,small_grid,0,154,9920,-79.0,50,1,0.9159,0.018383
DQN,small_grid,0,155,9975,-104.0,55,1,0.9154,0.010071
DQN,small_grid,0,156,9993,-43.0,18,1,0.9152,0.007199
DQN,small_grid,0,157,10017,-21.0,24,1,0.915,0.350143
DQN,small_grid,0,158,10173,-365.0,156,1,0.9137,0.071803
DQN,small_grid,0,159,10234,-114.0,61,1,0.9132,0.020724
DQN,small_grid,0,160,10291,-114.0,57,1,0.9127,0.016182
DQN,small_grid,0,161,10405,-271.0,114,1,0.9117,0.009874
DQN,small_grid,0,162,10411,-3.0,6,1,0.9117,0.004304
DQN,small_grid,0,163,10421,-11.0,10,1,0.9116,0.004692
DQN,small_grid,0,164,10489,-153.0,68,1,0.911,0.007874
DQN,small_grid,0,165,10504,-24.0,15,1,0.9109,0.143291
DQN,small_grid,0,166,10510,5.0,6,1,0.9109,0.281847
DQN,small_grid,0,167,10575,-170.0,65,1,0.9103,0.089861
DQN,small_grid,0,168,10589,-15.0,14,1,0.9102,0.030831
DQN,small_grid,0,169,10619,-55.0,30,1,0.9099,0.023017
DQN,small_grid,0,170,10739,-245.0,120,1,0.9089,0.012171
DQN,small_grid,0,171,10740,10.0,1,1,0.9089,0.003766
DQN,small_grid,0,172,10807,-124.0,67,1,0.9083,0.007668
DQN,small_grid,0,173,10870,-112.0,63,1,0.9078,0.005021
DQN,small_grid,0,174,10909,-80.0,39,1,0.9075,0.011293
DQN,small_grid,0,175,10934,-42.0,25,1,0.9073,0.004537
DQN,small_grid,0,176,10969,-72.0,35,1,0.907,0.003199
DQN,small_grid,0,177,10971,9.0,2,1,0.9069,0.001598
DQN,small_grid,0,178,10985,-19.0,14,1,0.9068,0.030583
DQN,small_grid,0,179,10995,-7.0,10,1,0.9067,0.00394
DQN,small_grid,0,180,11030,-60.0,35,1,0.9064,0.147906
DQN,small_grid,0,181,11145,-256.0,115,1,0.9055,0.01347
DQN,small_grid,0,182,11168,-48.0,23,1,0.9053,0.00383
DQN,small_grid,0,183,11368,-508.0,200,0,0.9036,0.005087
DQN,small_grid,0,184,11460,-221.0,92,1,0.9028,0.00444
DQN,small_grid,0,185,11503,-88.0,43,1,0.9024,0.028235
DQN,small_grid,0,186,11521,-35.0,18,1,0.9023,0.136484
DQN,small_grid,0,187,11523,9.0,2,1,0.9023,0.058204
DQN,small_grid,0,188,11576,-90.0,53,1,0.9018,0.022993
DQN,small_grid,0,189,11584,-1.0,8,1,0.9017,0.013222
DQN,small_grid,0,190,11668,-197.0,84,1,0.901,0.008391
DQN,small_grid,0,191,11775,-204.0,107,1,0.9001,0.003138
DQN,small_grid,0,192,11787,-21.0,12,1,0.9,0.002163
DQN,small_grid,0,193,11791,7.0,4,1,0.9,0.001817
DQN,small_grid,0,194,11794,8.0,3,1,0.9,0.002143
DQN,small_grid,0,195,11851,-114.0,57,1,0.8995,0.003646
DQN,small_grid,0,196,11946,-212.0,95,1,0.8987,0.002546
DQN,small_grid,0,197,11962,-13.0,16,1,0.8985,0.001456
DQN,small_grid,0,198,12011,-102.0,49,1,0.8981,0.024941
DQN,small_grid,0,199,12018,-4.0,7,1,0.8981,0.060028
DQN,small_grid,0,200,12036,-15.0,18,1,0.8979,0.033366
DQN,small_grid,0,201,12056,-33.0,20,1,0.8977,0.017516
DQN,small_grid,0,202,12113,-122.0,57,1,0.8973,0.010162
DQN,small_grid,0,203,12128,-36.0,15,1,0.8971,0.005866
DQN,small_grid,0,204,12147,-36.0,19,1,0.897,0.005555
DQN,small_grid,0,205,12257,-247.0,110,1,0.896,0.004
DQN,small_grid,0,206,12272,-16.0,15,1,0.8959,0.002274
DQN,small_grid,0,207,12306,-67.0,34,1,0.8956,0.002156
DQN,small_grid,0,208,12338,-61.0,32,1,0.8953,0.002444
DQN,small_grid,0,209,12359,-26.0,21,1,0.8952,0.002519
DQN,small_grid,0,210,12365,1.0,6,1,0.8951,0.001769
DQN,small_grid,0,211,12368,4.0,3,1,0.8951,0.001796
DQN,small_grid,0,212,12481,-298.0,113,1,0.8941,0.002661
DQN,small_grid,0,213,12518,-74.0,37,1,0.8938,0.006198
DQN,small_grid,0,214,12521,4.0,3,1,0.8938,0.00461
DQN,small_grid,0,215,12531,-11.0,10,1,0.8937,0.00479
DQN,small_grid,0,216,12671,-337.0,140,1,0.8925,0.003421
DQN,small_grid,0,217,12705,-63.0,34,1,0.8922,0.001231
DQN,small_grid,0,218,12724,-52.0,19,1,0.8921,0.001361
DQN,small_grid,0,219,12745,-38.0,21,1,0.8919,0.002891
DQN,small_grid,0,220,12809,-165.0,64,1,0.8914,0.001964
DQN,small_grid,0,221,12814,-6.0,5,1,0.8913,0.001028
DQN,small_grid,0,222,12872,-111.0,58,1,0.8908,0.001018
DQN,small_grid,0,223,12887,-8.0,15,1,0.8907,0.000942
DQN,small_grid,0,224,12968,-214.0,81,1,0.89,0.001369
DQN,small_grid,0,225,12991,-40.0,23,1,0.8898,0.001017
DQN,small_grid,0,226,13080,-226.0,89,1,0.8891,0.002989
DQN,small_grid,0,227,13087,4.0,7,1,0.889,0.000881
DQN,small_grid,0,228,13109,-47.0,22,1,0.8888,0.00245
DQN,small_grid,0,229,13119,-11.0,10,1,0.8887,0.000982
DQN,small_grid,0,230,13196,-142.0,77,1,0.8881,0.001621
DQN,small_grid,0,231,13197,10.0,1,1,0.8881,0.000524
DQN,small_grid,0,232,13217,-25.0,20,1,0.8879,0.000738
DQN,small_grid,0,233,13257,-85.0,40,1,0.8876,0.001531
DQN,small_grid,0,234,13369,-277.0,112,1,0.8866,0.001477
DQN,small_grid,0,235,13375,1.0,6,1,0.8866,0.001312
DQN,small_grid,0,236,13384,-18.0,9,1,0.8865,0.001054
DQN,small_grid,0,237,13415,-48.0,31,1,0.8862,0.000644
DQN,small_grid,0,238,13599,-445.0,184,1,0.8847,0.001403
DQN,small_grid,0,239,13602,8.0,3,1,0.8846,0.003356
DQN,small_grid,0,240,13623,-46.0,21,1,0.8844,0.000908
DQN,small_grid,0,241,13633,-3.0,10,1,0.8844,0.001967
DQN,small_grid,0,242,13665,-65.0,32,1,0.8841,0.001363
DQN,small_grid,0,243,13697,-69.0,32,1,0.8838,0.000783
DQN,small_grid,0,244,13779,-191.0,82,1,0.8831,0.000797
DQN,small_grid,0,245,13823,-77.0,44,1,0.8828,0.000946
DQN,small_grid,0,246,13849,-35.0,26,1,0.8825,0.00064
DQN,small_grid,0,247,13859,-19.0,10,1,0.8824,0.001014
DQN,small_grid,0,248,13966,-216.0,107,1,0.8815,0.000642
DQN,small_grid,0,249,13993,-56.0,27,1,0.8813,0.000881
DQN,small_grid,0,250,13994,10.0,1,1,0.8813,0.000539
DQN,small_grid,0,251,13997,8.0,3,1,0.8813,0.001265
DQN,small_grid,0,252,14006,-14.0,9,1,0.8812,0.002087
DQN,small_grid,0,253,14017,-12.0,11,1,0.8811,0.002059
DQN,small_grid,0,254,14090,-150.0,73,1,0.8805,0.001367
DQN,small_grid,0,255,14230,-329.0,140,1,0.8793,0.000606
DQN,small_grid,0,256,14250,-25.0,20,1,0.8791,0.000511
DQN,small_grid,0,257,14256,-11.0,6,1,0.8791,0.000478
DQN,small_grid,0,258,14258,9.0,2,1,0.8791,0.000662
DQN,small_grid,0,259,14432,-343.0,174,1,0.8776,0.001146
DQN,small_grid,0,260,14433,10.0,1,1,0.8776,0.000753
DQN,small_grid,0,261,14537,-237.0,104,1,0.8767,0.001177
DQN,small_grid,0,262,14595,-107.0,58,1,0.8762,0.001298
DQN,small_grid,0,263,14671,-153.0,76,1,0.8756,0.000801
DQN,small_grid,0,264,14676,6.0,5,1,0.8755,0.000854
DQN,small_grid,0,265,14692,-25.0,16,1,0.8754,0.000862
DQN,small_grid,0,266,14761,-174.0,69,1,0.8748,0.000626
DQN,small_grid,0,267,14780,-44.0,19,1,0.8746,0.000719
DQN,small_grid,0,268,14805,-54.0,25,1,0.8744,0.000492
DQN,small_grid,0,269,14818,-14.0,13,1,0.8743,0.000412
DQN,small_grid,0,270,14819,10.0,1,1,0.8743,0.00058
DQN,small_grid,0,271,14843,-29.0,24,1,0.8741,0.000588
DQN,small_grid,0,272,14883,-89.0,40,1,0.8738,0.000648
DQN,small_grid,0,273,14933,-111.0,50,1,0.8733,0.000457
DQN,small_grid,0,274,14947,-19.0,14,1,0.8732,0.000321
DQN,small_grid,0,275,14973,-39.0,26,1,0.873,0.000351
DQN,small_grid,0,276,14991,-27.0,18,1,0.8728,0.000395
DQN,small_grid,0,277,15046,-104.0,55,1,0.8724,0.001951
DQN,small_grid,0,278,15169,-272.0,123,1,0.8713,0.003259
DQN,small_grid,0,279,15200,-52.0,31,1,0.8711,0.001943
DQN,small_grid,0,280,15224,-45.0,24,1,0.8709,0.001615
DQN,small_grid,0,281,15278,-103.0,54,1,0.8704,0.00063
DQN,small_grid,0,282,15314,-77.0,36,1,0.8701,0.000555
DQN,small_grid,0,283,15332,-31.0,18,1,0.87,0.000335
DQN,small_grid,0,284,15369,-70.0,37,1,0.8696,0.000427
DQN,small_grid,0,285,15375,1.0,6,1,0.8696,0.000244
DQN,small_grid,0,286,15391,-29.0,16,1,0.8695,0.000343
DQN,small_grid,0,287,15462,-148.0,71,1,0.8688,0.000433
DQN,small_grid,0,288,15473,-8.0,11,1,0.8688,0.000329
DQN,small_grid,0,289,15503,-59.0,30,1,0.8685,0.000782
DQN,small_grid,0,290,15534,-84.0,31,1,0.8682,0.001788
DQN,small_grid,0,291,15556,-51.0,22,1,0.8681,0.002109
DQN,small_grid,0,292,15636,-157.0,80,1,0.8674,0.00145
DQN,small_grid,0,293,15665,-58.0,29,1,0.8671,0.001028
DQN,small_grid,0,294,15688,-56.0,23,1,0.8669,0.000916
DQN,small_grid,0,295,15712,-53.0,24,1,0.8667,0.000854
DQN,small_grid,0,296,15772,-97.0,60,1,0.8662,0.00082
DQN,small_grid,0,297,15782,-19.0,10,1,0.8661,0.000532
DQN,small_grid,0,298,15784,9.0,2,1,0.8661,0.000632
DQN,small_grid,0,299,15834,-119.0,50,1,0.8657,0.000524
DQN,small_grid,0,300,15878,-73.0,44,1,0.8653,0.000689
DQN,small_grid,0,301,15880,9.0,2,1,0.8653,0.00027
DQN,small_grid,0,302,15918,-119.0,38,1,0.865,0.000564
DQN,small_grid,0,303,15925,-12.0,7,1,0.8649,0.000466
DQN,small_grid,0,304,15991,-135.0,66,1,0.8644,0.000809
DQN,small_grid,0,305,15993,9.0,2,1,0.8643,0.001284
DQN,small_grid,0,306,16002,-6.0,9,1,0.8643,0.001409
DQN,small_grid,0,307,16003,10.0,1,1,0.8643,0.001819
DQN,small_grid,0,308,16019,-17.0,16,1,0.8641,0.001525
DQN,small_grid,0,309,16032,-14.0,13,1,0.864,0.001325
DQN,small_grid,0,310,16037,6.0,5,1,0.864,0.00177
DQN,small_grid,0,311,16049,-5.0,12,1,0.8639,0.001404
DQN,small_grid,0,312,16112,-136.0,63,1,0.8633,0.001188
DQN,small_grid,0,313,16157,-82.0,45,1,0.863,0.001586
DQN,small_grid,0,314,16184,-64.0,27,1,0.8627,0.00256
DQN,small_grid,0,315,16242,-107.0,58,1,0.8622,0.001871
DQN,small_grid,0,316,16245,4.0,3,1,0.8622,0.001904
DQN,small_grid,0,317,16265,-41.0,20,1,0.862,0.001794
DQN,small_grid,0,318,16357,-181.0,92,1,0.8613,0.00086
DQN,small_grid,0,319,16439,-179.0,82,1,0.8606,0.00183
DQN,small_grid,0,320,16518,-200.0,79,1,0.8599,0.001314
DQN,small_grid,0,321,16520,9.0,2,1,0.8599,0.001778
DQN,small_grid,0,322,16531,-8.0,11,1,0.8598,0.001942
DQN,small_grid,0,323,16635,-197.0,104,1,0.8589,0.001185
DQN,small_grid,0,324,16644,-2.0,9,1,0.8588,0.000731
DQN,small_grid,0,325,16675,-44.0,31,1,0.8586,0.00073
DQN,small_grid,0,326,16696,-38.0,21,1,0.8584,0.000549
DQN,small_grid,0,327,16708,-1.0,12,1,0.8583,0.000549
DQN,small_grid,0,328,16737,-66.0,29,1,0.858,0.0004
DQN,small_grid,0,329,16783,-75.0,46,1,0.8576,0.000471
DQN,small_grid,0,330,16885,-199.0,102,1,0.8568,0.000246
DQN,small_grid,0,331,16896,-24.0,11,1,0.8567,0.00044
DQN,small_grid,0,332,16897,10.0,1,1,0.8567,0.00056
DQN,small_grid,0,333,16947,-83.0,50,1,0.8563,0.000571
DQN,small_grid,0,334,16956,-14.0,9,1,0.8562,0.000699
DQN,small_grid,0,335,16963,0.0,7,1,0.8561,0.000946
DQN,small_grid,0,336,16984,-26.0,21,1,0.8559,0.001273
DQN,small_grid,0,337,17000,-17.0,16,1,0.8558,0.001534
DQN,small_grid,0,338,17088,-217.0,88,1,0.8551,0.001942
DQN,small_grid,0,339,17091,8.0,3,1,0.855,0.001354
DQN,small_grid,0,340,17117,-55.0,26,1,0.8548,0.001796
DQN,small_grid,0,341,17138,-50.0,21,1,0.8546,0.001314
DQN,small_grid,0,342,17148,-11.0,10,1,0.8545,0.001667
DQN,small_grid,0,343,17174,-51.0,26,1,0.8543,0.001036
DQN,small_grid,0,344,17209,-104.0,35,1,0.854,0.000834
DQN,small_grid,0,345,17219,1.0,10,1,0.8539,0.00086
DQN,small_grid,0,346,17253,-35.0,34,1,0.8537,0.000856
DQN,small_grid,0,347,17272,-28.0,19,1,0.8535,0.000464
DQN,small_grid,0,348,17294,-43.0,22,1,0.8533,0.000548
DQN,small_grid,0,349,17312,-35.0,18,1,0.8532,0.000451
DQN,small_grid,0,350,17386,-163.0,74,1,0.8525,0.001545
DQN,small_grid,0,351,17389,0.0,3,1,0.8525,0.002282
DQN,small_grid,0,352,17422,-66.0,33,1,0.8522,0.002029
DQN,small_grid,0,353,17423,10.0,1,1,0.8522,0.001726
DQN,small_grid,0,354,17469,-103.0,46,1,0.8518,0.001908
DQN,small_grid,0,355,17478,-2.0,9,1,0.8517,0.001336
DQN,small_grid,0,356,17490,-13.0,12,1,0.8516,0.001273
DQN,small_grid,0,357,17516,-43.0,26,1,0.8514,0.002162
DQN,small_grid,0,358,17575,-148.0,59,1,0.8509,0.001502
DQN,small_grid,0,359,17597,-39.0,22,1,0.8507,0.002158
DQN,small_grid,0,360,17632,-76.0,35,1,0.8504,0.002281
DQN,small_grid,0,361,17676,-77.0,44,1,0.8501,0.001688
DQN,small_grid,0,362,17747,-104.0,71,1,0.8495,0.000917
DQN,small_grid,0,363,17783,-61.0,36,1,0.8492,0.001033
DQN,small_grid,0,364,17790,-4.0,7,1,0.8491,0.000589
DQN,small_grid,0,365,17812,-31.0,22,1,0.8489,0.000561
DQN,small_grid,0,366,17813,10.0,1,1,0.8489,0.001113
DQN,small_grid,0,367,17817,7.0,4,1,0.8489,0.00077
DQN,small_grid,0,368,17882,-174.0,65,1,0.8483,0.000624
DQN,small_grid,0,369,17899,-42.0,17,1,0.8482,0.000375
DQN,small_grid,0,370,17958,-140.0,59,1,0.8477,0.00045
DQN,small_grid,0,371,17971,-22.0,13,1,0.8476,0.000503
DQN,small_grid,0,372,17972,10.0,1,1,0.8476,0.000315
DQN,small_grid,0,373,17994,-39.0,22,1,0.8474,0.00043
DQN,small_grid,0,374,18028,-59.0,34,1,0.8471,0.00264
DQN,small_grid,0,375,18106,-175.0,78,1,0.8464,0.004688
DQN,small_grid,0,376,18193,-200.0,87,1,0.8457,0.002007
DQN,small_grid,0,377,18231,-87.0,38,1,0.8454,0.000686
DQN,small_grid,0,378,18239,-1.0,8,1,0.8453,0.000495
DQN,small_grid,0,379,18276,-78.0,37,1,0.845,0.000565
DQN,small_grid,0,380,18348,-121.0,72,1,0.8444,0.000354
DQN,small_grid,0,381,18407,-140.0,59,1,0.8439,0.000276
DQN,small_grid,0,382,18410,4.0,3,1,0.8438,0.000399
DQN,small_grid,0,383,18424,-23.0,14,1,0.8437,0.000438
DQN,small_grid,0,384,18447,-32.0,23,1,0.8435,0.000408
DQN,small_grid,0,385,18453,-3.0,6,1,0.8435,0.00051
DQN,small_grid,0,386,18472,-20.0,19,1,0.8433,0.000762
DQN,small_grid,0,387,18622,-335.0,150,1,0.842,0.001154
DQN,small_grid,0,388,18631,-6.0,9,1,0.842,0.000539
DQN,small_grid,0,389,18662,-56.0,31,1,0.8417,0.000425
DQN,small_grid,0,390,18681,-32.0,19,1,0.8415,0.000216
DQN,small_grid,0,391,18686,2.0,5,1,0.8415,0.000156
DQN,small_grid,0,392,18694,-9.0,8,1,0.8414,0.000182
DQN,small_grid,0,393,18719,-42.0,25,1,0.8412,0.000332
DQN,small_grid,0,394,18767,-105.0,48,1,0.8408,0.000414
DQN,small_grid,0,395,18783,-13.0,16,1,0.8407,0.00057
DQN,small_grid,0,396,18788,6.0,5,1,0.8406,0.00038
DQN,small_grid,0,397,18833,-94.0,45,1,0.8403,0.00038
DQN,small_grid,0,398,18855,-39.0,22,1,0.8401,0.00058
DQN,small_grid,0,399,18863,-5.0,8,1,0.84,0.000998
DQN,small_grid,0,400,18871,-5.0,8,1,0.8399,0.001745
DQN,small_grid,0,401,18906,-72.0,35,1,0.8396,0.002374
DQN,small_grid,0,402,18935,-50.0,29,1,0.8394,0.002728
DQN,small_grid,0,403,18941,5.0,6,1,0.8393,0.002944
DQN,small_grid,0,404,18943,9.0,2,1,0.8393,0.00255
DQN,small_grid,0,405,18964,-22.0,21,1,0.8391,0.001702
DQN,small_grid,0,406,19018,-95.0,54,1,0.8387,0.002961
DQN,small_grid,0,407,19042,-57.0,24,1,0.8385,0.006919
DQN,small_grid,0,408,19048,-3.0,6,1,0.8384,0.008689
DQN,small_grid,0,409,19095,-76.0,47,1,0.838,0.011453
DQN,small_grid,0,410,19103,-1.0,8,1,0.838,0.006907
DQN,small_grid,0,411,19198,-224.0,95,1,0.8372,0.002191
DQN,small_grid,0,412,19203,2.0,5,1,0.8371,0.000507
DQN,small_grid,0,413,19217,-23.0,14,1,0.837,0.000563
DQN,small_grid,0,414,19234,-30.0,17,1,0.8369,0.000373
DQN,small_grid,0,415,19242,-1.0,8,1,0.8368,0.000326
DQN,small_grid,0,416,19249,-12.0,7,1,0.8367,0.000313
DQN,small_grid,0,417,19288,-80.0,39,1,0.8364,0.00019
DQN,small_grid,0,418,19341,-118.0,53,1,0.8359,0.000159
DQN,small_grid,0,419,19383,-83.0,42,1,0.8356,0.000167
DQN,small_grid,0,420,19418,-52.0,35,1,0.8353,0.000141
DQN,small_grid,0,421,19433,-20.0,15,1,0.8352,7.3e-05
DQN,small_grid,0,422,19445,-9.0,12,1,0.8351,8.9e-05
DQN,small_grid,0,423,19497,-117.0,52,1,0.8346,0.000112
DQN,small_grid,0,424,19502,-2.0,5,1,0.8346,0.00199
DQN,small_grid,0,425,19558,-109.0,56,1,0.8341,0.002217
DQN,small_grid,0,426,19619,-142.0,61,1,0.8336,0.000597
DQN,small_grid,0,427,19701,-207.0,82,1,0.8329,0.00031
DQN,small_grid,0,428,19714,-6.0,13,1,0.8328,0.000331
DQN,small_grid,0,429,19715,10.0,1,1,0.8328,0.000131
DQN,small_grid,0,430,19726,0.0,11,1,0.8327,0.000213
DQN,small_grid,0,431,19737,0.0,11,1,0.8326,0.000242
DQN,small_grid,0,432,19742,6.0,5,1,0.8325,0.000218
DQN,small_grid,0,433,19765,-36.0,23,1,0.8324,0.000295
DQN,small_grid,0,434,19784,-40.0,19,1,0.8322,0.000201
DQN,small_grid,0,435,19807,-40.0,23,1,0.832,0.000226
DQN,small_grid,0,436,19810,4.0,3,1,0.832,0.000305
DQN,small_grid,0,437,19818,-5.0,8,1,0.8319,0.000251
DQN,small_grid,0,438,19852,-63.0,34,1,0.8316,0.00021
DQN,small_grid,0,439,19862,1.0,10,1,0.8315,0.00028
DQN,small_grid,0,440,19889,-56.0,27,1,0.8313,0.000199
DQN,small_grid,0,441,19912,-40.0,23,1,0.8311,0.000232
DQN,small_grid,0,442,19952,-61.0,40,1,0.8308,0.00025
DQN,small_grid,0,443,19962,-19.0,10,1,0.8307,0.000221
DQN,small_grid,0,444,19979,-26.0,17,1,0.8305,0.000218
DQN,small_grid,0,445,20065,-163.0,86,1,0.8298,0.001532
DQN,small_grid,0,446,20075,-11.0,10,1,0.8297,0.001092
DQN,small_grid,0,447,20077,9.0,2,1,0.8297,0.001275
DQN,small_grid,0,448,20089,-13.0,12,1,0.8296,0.00095
DQN,small_grid,0,449,20108,-36.0,19,1,0.8294,0.00073
DQN,small_grid,0,450,20142,-75.0,34,1,0.8292,0.00051
DQN,small_grid,0,451,20176,-67.0,34,1,0.8289,0.000452
DQN,small_grid,0,452,20205,-50.0,29,1,0.8286,0.000349
DQN,small_grid,0,453,20237,-57.0,32,1,0.8283,0.000361
DQN,small_grid,0,454,20298,-134.0,61,1,0.8278,0.000606
DQN,small_grid,0,455,20401,-192.0,103,1,0.827,0.000788
DQN,small_grid,0,456,20443,-67.0,42,1,0.8266,0.001319
DQN,small_grid,0,457,20444,10.0,1,1,0.8266,0.002682
DQN,small_grid,0,458,20456,-5.0,12,1,0.8265,0.001423
DQN,small_grid,0,459,20533,-142.0,77,1,0.8258,0.002944
DQN,small_grid,0,460,20562,-34.0,29,1,0.8256,0.003138
DQN,small_grid,0,461,20566,7.0,4,1,0.8256,0.002317
DQN,small_grid,0,462,20582,-21.0,16,1,0.8254,0.002118
DQN,small_grid,0,463,20587,6.0,5,1,0.8254,0.001891
DQN,small_grid,0,464,20637,-79.0,50,1,0.825,0.003023
DQN,small_grid,0,465,20661,-45.0,24,1,0.8248,0.00271
DQN,small_grid,0,466,20690,-54.0,29,1,0.8245,0.002148
DQN,small_grid,0,467,20743,-90.0,53,1,0.8241,0.001325
DQN,small_grid,0,468,20752,-6.0,9,1,0.824,0.00121
DQN,small_grid,0,469,20770,-23.0,18,1,0.8238,0.000968
DQN,small_grid,0,470,20786,-17.0,16,1,0.8237,0.000663
DQN,small_grid,0,471,20796,-15.0,10,1,0.8236,0.000488
DQN,small_grid,0,472,20810,-15.0,14,1,0.8235,0.000383
DQN,small_grid,0,473,20811,10.0,1,1,0.8235,0.000664
DQN,small_grid,0,474,20814,4.0,3,1,0.8235,0.000379
DQN,small_grid,0,475,20956,-331.0,142,1,0.8222,0.000274
DQN,small_grid,0,476,20974,-23.0,18,1,0.8221,0.000299
DQN,small_grid,0,477,20990,-17.0,16,1,0.822,0.000299
DQN,small_grid,0,478,21014,-29.0,24,1,0.8218,0.002287
DQN,small_grid,0,479,21021,0.0,7,1,0.8217,0.00278
DQN,small_grid,0,480,21055,-75.0,34,1,0.8214,0.00254
DQN,small_grid,0,481,21088,-58.0,33,1,0.8211,0.001346
DQN,small_grid,0,482,21091,4.0,3,1,0.8211,0.000837
DQN,small_grid,0,483,21108,-14.0,17,1,0.821,0.000758
DQN,small_grid,0,484,21173,-134.0,65,1,0.8204,0.000772
DQN,small_grid,0,485,21196,-56.0,23,1,0.8202,0.000342
DQN,small_grid,0,486,21220,-37.0,24,1,0.82,0.000256
DQN,small_grid,0,487,21258,-63.0,38,1,0.8197,0.000249
DQN,small_grid,0,488,21267,-10.0,9,1,0.8196,0.000223
DQN,small_grid,0,489,21312,-86.0,45,1,0.8192,0.000192
DQN,small_grid,0,490,21317,2.0,5,1,0.8192,0.000182
DQN,small_grid,0,491,21363,-91.0,46,1,0.8188,0.000319
DQN,small_grid,0,492,21405,-79.0,42,1,0.8184,0.000427
DQN,small_grid,0,493,21430,-46.0,25,1,0.8182,0.000426
DQN,small_grid,0,494,21445,-36.0,15,1,0.8181,0.000483
DQN,small_grid,0,495,21466,-22.0,21,1,0.8179,0.000341
DQN,small_grid,0,496,21561,-200.0,95,1,0.8171,0.002387
DQN,small_grid,0,497,21618,-134.0,57,1,0.8166,0.002581
DQN,small_grid,0,498,21624,5.0,6,1,0.8166,0.001201
DQN,small_grid,0,499,21634,-15.0,10,1,0.8165,0.000871
DQN,small_grid,0,500,21707,-178.0,73,1,0.8159,0.000667
DQN,small_grid,0,501,21732,-46.0,25,1,0.8157,0.000616
DQN,small_grid,0,502,21769,-74.0,37,1,0.8154,0.00108
DQN,small_grid,0,503,21785,-13.0,16,1,0.8152,0.001115
DQN,small_grid,0,504,21808,-44.0,23,1,0.815,0.001144
DQN,small_grid,0,505,21849,-74.0,41,1,0.8147,0.001651
DQN,small_grid,0,506,21864,-28.0,15,1,0.8145,0.001142
DQN,small_grid,0,507,21877,-14.0,13,1,0.8144,0.000732
DQN,small_grid,0,508,21894,-38.0,17,1,0.8143,0.000557
DQN,small_grid,0,509,21898,7.0,4,1,0.8143,0.000611
DQN,small_grid,0,510,22007,-198.0,109,1,0.8133,0.000539
DQN,small_grid,0,511,22017,-11.0,10,1,0.8132,0.002757
DQN,small_grid,0,512,22026,-2.0,9,1,0.8132,0.003247
DQN,small_grid,0,513,22033,4.0,7,1,0.8131,0.003268
DQN,small_grid,0,514,22100,-152.0,67,1,0.8125,0.002067
DQN,small_grid,0,515,22110,-11.0,10,1,0.8125,0.000837
DQN,small_grid,0,516,22119,-6.0,9,1,0.8124,0.001188
DQN,small_grid,0,517,22130,-4.0,11,1,0.8123,0.000869
DQN,small_grid,0,518,22152,-27.0,22,1,0.8121,0.001109
DQN,small_grid,0,519,22183,-44.0,31,1,0.8118,0.000766
DQN,small_grid,0,520,22195,-5.0,12,1,0.8117,0.000306
DQN,small_grid,0,521,22240,-106.0,45,1,0.8114,0.000237
DQN,small_grid,0,522,22258,-23.0,18,1,0.8112,0.000132
DQN,small_grid,0,523,22274,-21.0,16,1,0.8111,0.000143
DQN,small_grid,0,524,22283,2.0,9,1,0.811,0.00021
DQN,small_grid,0,525,22337,-123.0,54,1,0.8105,0.000145
DQN,small_grid,0,526,22347,-7.0,10,1,0.8104,0.000133
DQN,small_grid,0,527,22375,-33.0,28,1,0.8102,0.000397
DQN,small_grid,0,528,22393,-31.0,18,1,0.8101,0.000486
DQN,small_grid,0,529,22416,-44.0,23,1,0.8099,0.000411
DQN,small_grid,0,530,22478,-123.0,62,1,0.8093,0.000516
DQN,small_grid,0,531,22537,-116.0,59,1,0.8088,0.00114
DQN,small_grid,0,532,22539,9.0,2,1,0.8088,0.001267
DQN,small_grid,0,533,22541,9.0,2,1,0.8088,0.001251
DQN,small_grid,0,534,22562,-38.0,21,1,0.8086,0.001436
DQN,small_grid,0,535,22576,-15.0,14,1,0.8085,0.0017
DQN,small_grid,0,536,22586,-15.0,10,1,0.8084,0.002154
DQN,small_grid,0,537,22609,-40.0,23,1,0.8082,0.002134
DQN,small_grid,0,538,22674,-150.0,65,1,0.8077,0.002163
DQN,small_grid,0,539,22698,-53.0,24,1,0.8075,0.00171
DQN,small_grid,0,540,22730,-73.0,32,1,0.8072,0.001386
DQN,small_grid,0,541,22733,4.0,3,1,0.8072,0.000992
DQN,small_grid,0,542,22746,-14.0,13,1,0.8071,0.000917
DQN,small_grid,0,543,22760,-23.0,14,1,0.8069,0.000591
DQN,small_grid,0,544,22802,-63.0,42,1,0.8066,0.000592
DQN,small_grid,0,545,22804,9.0,2,1,0.8066,0.000542
DQN,small_grid,0,546,22805,10.0,1,1,0.8066,0.000417
DQN,small_grid,0,547,22820,-20.0,15,1,0.8064,0.000393
DQN,small_grid,0,548,22865,-110.0,45,1,0.8061,0.000291
DQN,small_grid,0,549,22866,10.0,1,1,0.806,0.000289
DQN,small_grid,0,550,22880,-11.0,14,1,0.8059,0.000323
DQN,small_grid,0,551,22892,-21.0,12,1,0.8058,0.000357
DQN,small_grid,0,552,22908,-17.0,16,1,0.8057,0.000283
DQN,small_grid,0,553,22948,-93.0,40,1,0.8054,0.000242
DQN,small_grid,0,554,23015,-132.0,67,1,0.8048,0.000619
DQN,small_grid,0,555,23037,-47.0,22,1,0.8046,0.001914
DQN,small_grid,0,556,23039,9.0,2,1,0.8046,0.002146
DQN,small_grid,0,557,23042,8.0,3,1,0.8046,0.002518
DQN,small_grid,0,558,23075,-38.0,33,1,0.8043,0.001525
DQN,small_grid,0,559,23085,-11.0,10,1,0.8042,0.001557
DQN,small_grid,0,560,23148,-140.0,63,1,0.8037,0.00156
DQN,small_grid,0,561,23164,-13.0,16,1,0.8035,0.001226
DQN,small_grid,0,562,23270,-207.0,106,1,0.8026,0.000989
DQN,small_grid,0,563,23356,-171.0,86,1,0.8019,0.001038
DQN,small_grid,0,564,23378,-35.0,22,1,0.8017,0.000978
DQN,small_grid,0,565,23465,-160.0,87,1,0.801,0.000378
DQN,small_grid,0,566,23490,-42.0,25,1,0.8008,0.000225
DQN,small_grid,0,567,23497,-8.0,7,1,0.8007,0.000225
DQN,small_grid,0,568,23504,0.0,7,1,0.8006,0.001427
DQN,small_grid,0,569,23527,-44.0,23,1,0.8004,0.002327
DQN,small_grid,0,570,23540,-18.0,13,1,0.8003,0.001804
DQN,small_grid,0,571,23547,0.0,7,1,0.8003,0.001239
DQN,small_grid,0,572,23585,-107.0,38,1,0.7999,0.00115
DQN,small_grid,0,573,23607,-51.0,22,1,0.7998,0.000675
DQN,small_grid,0,574,23613,1.0,6,1,0.7997,0.000691
DQN,small_grid,0,575,23635,-31.0,22,1,0.7995,0.000499
DQN,small_grid,0,576,23648,-18.0,13,1,0.7994,0.000406
DQN,small_grid,0,577,23663,-8.0,15,1,0.7993,0.000393
DQN,small_grid,0,578,23684,-18.0,21,1,0.7991,0.00046
DQN,small_grid,0,579,23712,-29.0,28,1,0.7989,0.000174
DQN,small_grid,0,580,23736,-25.0,24,1,0.7987,0.00012
DQN,small_grid,0,581,23756,-21.0,20,1,0.7985,0.000127
DQN,small_grid,0,582,23768,-13.0,12,1,0.7984,0.000132
DQN,small_grid,0,583,23836,-153.0,68,1,0.7978,0.00013
DQN,small_grid,0,584,23840,3.0,4,1,0.7978,0.000266
DQN,small_grid,0,585,23845,-6.0,5,1,0.7977,0.000225
DQN,small_grid,0,586,23847,9.0,2,1,0.7977,0.000234
DQN,small_grid,0,587,23898,-80.0,51,1,0.7973,0.000467
DQN,small_grid,0,588,23900,9.0,2,1,0.7973,0.000778
DQN,small_grid,0,589,23915,-20.0,15,1,0.7971,0.000903
DQN,small_grid,0,590,23930,-16.0,15,1,0.797,0.000808
DQN,small_grid,0,591,23936,-7.0,6,1,0.797,0.000634
DQN,small_grid,0,592,23947,-4.0,11,1,0.7969,0.000896
DQN,small_grid,0,593,23957,-3.0,10,1,0.7968,0.000605
DQN,small_grid,0,594,23981,-61.0,24,1,0.7966,0.000702
DQN,small_grid,0,595,23985,3.0,4,1,0.7966,0.00063
DQN,small_grid,0,596,24008,-52.0,23,1,0.7964,0.001548
DQN,small_grid,0,597,24015,4.0,7,1,0.7963,0.002708
DQN,small_grid,0,598,24040,-30.0,25,1,0.7961,0.003452
DQN,small_grid,0,599,24044,7.0,4,1,0.7961,0.003717
DQN,small_grid,0,600,24113,-110.0,69,1,0.7955,0.003159
DQN,small_grid,0,601,24116,8.0,3,1,0.7954,0.002063
DQN,small_grid,0,602,24210,-187.0,94,1,0.7946,0.000958
DQN,small_grid,0,603,24219,-6.0,9,1,0.7946,0.00041
DQN,small_grid,0,604,24222,8.0,3,1,0.7945,0.000417
DQN,small_grid,0,605,24245,-40.0,23,1,0.7944,0.000434
DQN,small_grid,0,606,24270,-50.0,25,1,0.7941,0.000272
DQN,small_grid,0,607,24273,4.0,3,1,0.7941,0.00027
DQN,small_grid,0,608,24294,-14.0,21,1,0.7939,0.000211
DQN,small_grid,0,609,24300,1.0,6,1,0.7939,0.000187
DQN,small_grid,0,610,24357,-110.0,57,1,0.7934,0.000246
DQN,small_grid,0,611,24364,0.0,7,1,0.7933,0.000372
DQN,small_grid,0,612,24375,-12.0,11,1,0.7932,0.000552
DQN,small_grid,0,613,24389,-19.0,14,1,0.7931,0.000648
DQN,small_grid,0,614,24428,-88.0,39,1,0.7928,0.00062
DQN,small_grid,0,615,24429,10.0,1,1,0.7928,0.000691
DQN,small_grid,0,616,24439,1.0,10,1,0.7927,0.00054
DQN,small_grid,0,617,24451,-17.0,12,1,0.7926,0.000545
DQN,small_grid,0,618,24493,-67.0,42,1,0.7922,0.000747
DQN,small_grid,0,619,24494,10.0,1,1,0.7922,0.00038
DQN,small_grid,0,620,24553,-84.0,59,1,0.7917,0.002301
DQN,small_grid,0,621,24567,-19.0,14,1,0.7916,0.001796
DQN,small_grid,0,622,24568,10.0,1,1,0.7916,0.001389
DQN,small_grid,0,623,24604,-85.0,36,1,0.7913,0.001624
DQN,small_grid,0,624,24614,-3.0,10,1,0.7912,0.00149
DQN,small_grid,0,625,24706,-161.0,92,1,0.7904,0.000858
DQN,small_grid,0,626,24728,-35.0,22,1,0.7903,0.000166
DQN,small_grid,0,627,24736,-1.0,8,1,0.7902,0.000261
DQN,small_grid,0,628,24738,9.0,2,1,0.7902,0.000296
DQN,small_grid,0,629,24743,2.0,5,1,0.7901,0.000245
DQN,small_grid,0,630,24768,-18.0,25,1,0.7899,0.000268
DQN,small_grid,0,631,24800,-49.0,32,1,0.7896,0.000216
DQN,small_grid,0,632,24802,9.0,2,1,0.7896,0.000209
DQN,small_grid,0,633,24817,-12.0,15,1,0.7895,0.000154
DQN,small_grid,0,634,24841,-45.0,24,1,0.7893,0.000183
DQN,small_grid,0,635,24844,4.0,3,1,0.7893,0.000312
DQN,small_grid,0,636,24845,10.0,1,1,0.7893,0.000305
DQN,small_grid,0,637,24881,-45.0,36,1,0.789,0.000182
DQN,small_grid,0,638,24896,-16.0,15,1,0.7888,0.000229
DQN,small_grid,0,639,24920,-33.0,24,1,0.7886,0.000248
DQN,small_grid,0,640,24948,-37.0,28,1,0.7884,0.000289
DQN,small_grid,0,641,24953,6.0,5,1,0.7883,0.000258
DQN,small_grid,0,642,24956,8.0,3,1,0.7883,0.000214
DQN,small_grid,0,643,24994,-71.0,38,1,0.788,0.00029
DQN,small_grid,0,644,25023,-46.0,29,1,0.7878,0.003251
DQN,small_grid,0,645,25035,-9.0,12,1,0.7876,0.0034
DQN,small_grid,0,646,25074,-88.0,39,1,0.7873,0.001801
DQN,small_grid,0,647,25087,-10.0,13,1,0.7872,0.000835
DQN,small_grid,0,648,25106,-32.0,19,1,0.787,0.001168
DQN,small_grid,0,649,25110,-1.0,4,1,0.787,0.00098
DQN,small_grid,0,650,25133,-32.0,23,1,0.7868,0.001328
DQN,small_grid,0,651,25135,9.0,2,1,0.7868,0.002018
DQN,small_grid,0,652,25153,-35.0,18,1,0.7866,0.001216
DQN,small_grid,0,653,25192,-52.0,39,1,0.7863,0.001171
DQN,small_grid,0,654,25200,-5.0,8,1,0.7863,0.000675
DQN,small_grid,0,655,25256,-89.0,56,1,0.7858,0.000351
DQN,small_grid,0,656,25276,-29.0,20,1,0.7856,0.000329
DQN,small_grid,0,657,25282,5.0,6,1,0.7856,0.000279
DQN,small_grid,0,658,25294,-9.0,12,1,0.7855,0.000333
DQN,small_grid,0,659,25298,3.0,4,1,0.7854,0.000367
DQN,small_grid,0,660,25325,-32.0,27,1,0.7852,0.000259
DQN,small_grid,0,661,25366,-70.0,41,1,0.7848,0.000251
DQN,small_grid,0,662,25374,-1.0,8,1,0.7848,0.000327
DQN,small_grid,0,663,25414,-77.0,40,1,0.7844,0.000233
DQN,small_grid,0,664,25433,-36.0,19,1,0.7843,0.000219
DQN,small_grid,0,665,25435,5.0,2,1,0.7843,0.000298
DQN,small_grid,0,666,25459,-61.0,24,1,0.7841,0.000274
DQN,small_grid,0,667,25504,-74.0,45,1,0.7837,0.000573
DQN,small_grid,0,668,25529,-30.0,25,1,0.7835,0.002948
DQN,small_grid,0,669,25533,3.0,4,1,0.7834,0.002691
DQN,small_grid,0,670,25535,5.0,2,1,0.7834,0.001741
DQN,small_grid,0,671,25556,-18.0,21,1,0.7832,0.002445
DQN,small_grid,0,672,25594,-63.0,38,1,0.7829,0.002291
DQN,small_grid,0,673,25604,-23.0,10,1,0.7828,0.001779
DQN,small_grid,0,674,25639,-40.0,35,1,0.7825,0.001877
DQN,small_grid,0,675,25662,-52.0,23,1,0.7823,0.001966
DQN,small_grid,0,676,25683,-34.0,21,1,0.7822,0.001413
DQN,small_grid,0,677,25724,-78.0,41,1,0.7818,0.002284
DQN,small_grid,0,678,25749,-58.0,25,1,0.7816,0.00289
DQN,small_grid,0,679,25760,0.0,11,1,0.7815,0.001932
DQN,small_grid,0,680,25792,-57.0,32,1,0.7812,0.002182
DQN,small_grid,0,681,25797,2.0,5,1,0.7812,0.002359
DQN,small_grid,0,682,25819,-55.0,22,1,0.781,0.001867
DQN,small_grid,0,683,25823,7.0,4,1,0.781,0.001191
DQN,small_grid,0,684,25851,-49.0,28,1,0.7807,0.000823
DQN,small_grid,0,685,25860,-14.0,9,1,0.7807,0.000694
DQN,small_grid,0,686,25895,-52.0,35,1,0.7804,0.000683
DQN,small_grid,0,687,25946,-104.0,51,1,0.7799,0.000714
DQN,small_grid,0,688,25961,-12.0,15,1,0.7798,0.000317
DQN,small_grid,0,689,25969,-13.0,8,1,0.7797,0.000231
DQN,small_grid,0,690,25974,2.0,5,1,0.7797,0.00021
DQN,small_grid,0,691,25991,-30.0,17,1,0.7795,0.000124
DQN,small_grid,0,692,26006,-12.0,15,1,0.7794,0.00169
DQN,small_grid,0,693,26040,-39.0,34,1,0.7791,0.001799
DQN,small_grid,0,694,26056,-17.0,16,1,0.779,0.001657
DQN,small_grid,0,695,26058,9.0,2,1,0.779,0.001301
DQN,small_grid,0,696,26065,4.0,7,1,0.7789,0.001436
DQN,small_grid,0,697,26076,-12.0,11,1,0.7788,0.001326
DQN,small_grid,0,698,26081,-2.0,5,1,0.7788,0.001221
DQN,small_grid,0,699,26103,-31.0,22,1,0.7786,0.001103
DQN,small_grid,0,700,26139,-69.0,36,1,0.7783,0.000751
DQN,small_grid,0,701,26152,-14.0,13,1,0.7782,0.000617
DQN,small_grid,0,702,26184,-61.0,32,1,0.7779,0.000614
DQN,small_grid,0,703,26213,-30.0,29,1,0.7777,0.000551
DQN,small_grid,0,704,26215,5.0,2,1,0.7776,0.000502
DQN,small_grid,0,705,26250,-68.0,35,1,0.7773,0.000486
DQN,small_grid,0,706,26273,-32.0,23,1,0.7771,0.000269
DQN,small_grid,0,707,26283,1.0,10,1,0.7771,0.000192
DQN,small_grid,0,708,26311,-49.0,28,1,0.7768,0.000155
DQN,small_grid,0,709,26344,-58.0,33,1,0.7765,0.000184
DQN,small_grid,0,710,26353,-10.0,9,1,0.7765,0.000123
DQN,small_grid,0,711,26356,0.0,3,1,0.7764,0.000114
DQN,small_grid,0,712,26370,-15.0,14,1,0.7763,0.000131
DQN,small_grid,0,713,26371,10.0,1,1,0.7763,0.000134
DQN,small_grid,0,714,26408,-54.0,37,1,0.776,0.000117
DQN,small_grid,0,715,26442,-59.0,34,1,0.7757,0.000109
DQN,small_grid,0,716,26475,-50.0,33,1,0.7754,6.3e-05
DQN,small_grid,0,717,26476,10.0,1,1,0.7754,5.2e-05
DQN,small_grid,0,718,26493,-30.0,17,1,0.7753,6.2e-05
DQN,small_grid,0,719,26494,10.0,1,1,0.7753,7.4e-05
DQN,small_grid,0,720,26512,-47.0,18,1,0.7751,0.001623
DQN,small_grid,0,721,26549,-78.0,37,1,0.7748,0.001047
DQN,small_grid,0,722,26579,-51.0,30,1,0.7746,0.0008
DQN,small_grid,0,723,26583,3.0,4,1,0.7745,0.000619
DQN,small_grid,0,724,26594,-8.0,11,1,0.7744,0.000667
DQN,small_grid,0,725,26614,-29.0,20,1,0.7743,0.000754
DQN,small_grid,0,726,26618,7.0,4,1,0.7742,0.000669
DQN,small_grid,0,727,26640,-35.0,22,1,0.774,0.000775
DQN,small_grid,0,728,26643,8.0,3,1,0.774,0.000926
DQN,small_grid,0,729,26673,-67.0,30,1,0.7738,0.000662
DQN,small_grid,0,730,26678,-2.0,5,1,0.7737,0.000781
DQN,small_grid,0,731,26696,-43.0,18,1,0.7736,0.000998
DQN,small_grid,0,732,26721,-54.0,25,1,0.7733,0.000988
DQN,small_grid,0,733,26728,-8.0,7,1,0.7733,0.000758
DQN,small_grid,0,734,26737,-6.0,9,1,0.7732,0.000503
DQN,small_grid,0,735,26739,9.0,2,1,0.7732,0.000464
DQN,small_grid,0,736,26743,-1.0,4,1,0.7732,0.000478
DQN,small_grid,0,737,26758,-16.0,15,1,0.773,0.000374
DQN,small_grid,0,738,26770,-13.0,12,1,0.7729,0.00034
DQN,small_grid,0,739,26812,-59.0,42,1,0.7726,0.000221
DQN,small_grid,0,740,26814,9.0,2,1,0.7726,0.00017
DQN,small_grid,0,741,26837,-32.0,23,1,0.7724,0.00021
DQN,small_grid,0,742,26847,-7.0,10,1,0.7723,0.000229
DQN,small_grid,0,743,26855,-13.0,8,1,0.7722,0.000238
DQN,small_grid,0,744,26892,-50.0,37,1,0.7719,0.000209
DQN,small_grid,0,745,26939,-80.0,47,1,0.7715,0.000645
DQN,small_grid,0,746,26963,-37.0,24,1,0.7713,0.00268
DQN,small_grid,0,747,26975,-13.0,12,1,0.7712,0.003652
DQN,small_grid,0,748,27004,-46.0,29,1,0.7709,0.002687
DQN,small_grid,0,749,27020,-13.0,16,1,0.7708,0.003372
DQN,small_grid,0,750,27046,-51.0,26,1,0.7706,0.00286
DQN,small_grid,0,751,27048,9.0,2,1,0.7706,0.004791
DQN,small_grid,0,752,27058,-15.0,10,1,0.7705,0.004097
DQN,small_grid,0,753,27059,10.0,1,1,0.7705,0.007361
DQN,small_grid,0,754,27073,-15.0,14,1,0.7704,0.005015
DQN,small_grid,0,755,27074,10.0,1,1,0.7704,0.005336
DQN,small_grid,0,756,27084,-7.0,10,1,0.7703,0.005323
DQN,small_grid,0,757,27093,-6.0,9,1,0.7702,0.003085
DQN,small_grid,0,758,27111,-23.0,18,1,0.77,0.002584
DQN,small_grid,0,759,27130,-28.0,19,1,0.7699,0.002914
DQN,small_grid,0,760,27137,0.0,7,1,0.7698,0.002085
DQN,small_grid,0,761,27149,-13.0,12,1,0.7697,0.001411
DQN,small_grid,0,762,27176,-44.0,27,1,0.7695,0.000922
DQN,small_grid,0,763,27188,-13.0,12,1,0.7694,0.000428
DQN,small_grid,0,764,27190,9.0,2,1,0.7694,0.000386
DQN,small_grid,0,765,27198,-1.0,8,1,0.7693,0.000389
DQN,small_grid,0,766,27252,-127.0,54,1,0.7688,0.000293
DQN,small_grid,0,767,27266,-19.0,14,1,0.7687,0.000249
DQN,small_grid,0,768,27316,-75.0,50,1,0.7683,0.000111
DQN,small_grid,0,769,27327,-8.0,11,1,0.7682,8.5e-05
DQN,small_grid,0,770,27344,-26.0,17,1,0.7681,8.2e-05
DQN,small_grid,0,771,27368,-57.0,24,1,0.7679,4.8e-05
DQN,small_grid,0,772,27382,-27.0,14,1,0.7677,4.7e-05
DQN,small_grid,0,773,27391,2.0,9,1,0.7677,6e-05
DQN,small_grid,0,774,27422,-68.0,31,1,0.7674,5.8e-05
DQN,small_grid,0,775,27445,-48.0,23,1,0.7672,6.3e-05
DQN,small_grid,0,776,27450,2.0,5,1,0.7672,6.5e-05
DQN,small_grid,0,777,27472,-35.0,22,1,0.767,4.6e-05
DQN,small_grid,0,778,27482,-7.0,10,1,0.7669,3.6e-05
DQN,small_grid,0,779,27483,10.0,1,1,0.7669,3e-05
DQN,small_grid,0,780,27516,-62.0,33,1,0.7666,0.001267
DQN,small_grid,0,781,27532,-17.0,16,1,0.7665,0.001707
DQN,small_grid,0,782,27543,-4.0,11,1,0.7664,0.001782
DQN,small_grid,0,783,27553,-7.0,10,1,0.7663,0.00136
DQN,small_grid,0,784,27561,-5.0,8,1,0.7662,0.001673
DQN,small_grid,0,785,27611,-103.0,50,1,0.7658,0.001252
DQN,small_grid,0,786,27630,-28.0,19,1,0.7656,0.000799
DQN,small_grid,0,787,27646,-17.0,16,1,0.7655,0.000683
DQN,small_grid,0,788,27676,-51.0,30,1,0.7652,0.000608
DQN,small_grid,0,789,27689,-10.0,13,1,0.7651,0.000409
DQN,small_grid,0,790,27718,-30.0,29,1,0.7649,0.000273
DQN,small_grid,0,791,27739,-26.0,21,1,0.7647,0.00022
DQN,small_grid,0,792,27742,4.0,3,1,0.7647,0.000155
DQN,small_grid,0,793,27753,-12.0,11,1,0.7646,0.000148
DQN,small_grid,0,794,27805,-105.0,52,1,0.7642,0.000191
DQN,small_grid,0,795,27837,-41.0,32,1,0.7639,0.000171
DQN,small_grid,0,796,27862,-54.0,25,1,0.7637,0.000158
DQN,small_grid,0,797,27887,-42.0,25,1,0.7635,0.000435
DQN,small_grid,0,798,27905,-23.0,18,1,0.7633,0.000202
DQN,small_grid,0,799,27915,-3.0,10,1,0.7632,0.000127
DQN,small_grid,0,800,27923,-1.0,8,1,0.7632,0.000136
DuelingDQN,small_grid,0,1,200,-472.0,200,0,0.9983,
DuelingDQN,small_grid,0,2,398,-503.0,198,1,0.9966,
DuelingDQN,small_grid,0,3,598,-440.0,200,0,0.9949,
DuelingDQN,small_grid,0,4,798,-496.0,200,0,0.9932,
DuelingDQN,small_grid,0,5,873,-176.0,75,1,0.9926,
DuelingDQN,small_grid,0,6,1072,-568.0,199,1,0.9909,0.817026
DuelingDQN,small_grid,0,7,1119,-100.0,47,1,0.9905,0.077452
DuelingDQN,small_grid,0,8,1265,-403.0,146,1,0.9893,0.042025
DuelingDQN,small_grid,0,9,1268,4.0,3,1,0.9893,0.005237
DuelingDQN,small_grid,0,10,1322,-107.0,54,1,0.9888,0.053332
DuelingDQN,small_grid,0,11,1360,-63.0,38,1,0.9885,0.045504
DuelingDQN,small_grid,0,12,1528,-437.0,168,1,0.987,0.062438
DuelingDQN,small_grid,0,13,1648,-285.0,120,1,0.986,0.104511
DuelingDQN,small_grid,0,14,1770,-303.0,122,1,0.985,0.033235
DuelingDQN,small_grid,0,15,1792,-47.0,22,1,0.9848,0.003512
DuelingDQN,small_grid,0,16,1912,-269.0,120,1,0.9838,0.021781
DuelingDQN,small_grid,0,17,1998,-175.0,86,1,0.9831,0.019615
DuelingDQN,small_grid,0,18,2096,-207.0,98,1,0.9822,0.203806
DuelingDQN,small_grid,0,19,2128,-41.0,32,1,0.982,0.030672
DuelingDQN,small_grid,0,20,2181,-106.0,53,1,0.9815,0.017396
DuelingDQN,small_grid,0,21,2187,1.0,6,1,0.9815,0.004265
DuelingDQN,small_grid,0,22,2228,-98.0,41,1,0.9811,0.011813
DuelingDQN,small_grid,0,23,2314,-231.0,86,1,0.9804,0.006628
DuelingDQN,small_grid,0,24,2401,-196.0,87,1,0.9796,0.002209
DuelingDQN,small_grid,0,25,2508,-288.0,107,1,0.9787,0.093432
DuelingDQN,small_grid,0,26,2580,-173.0,72,1,0.9781,0.284905
DuelingDQN,small_grid,0,27,2627,-100.0,47,1,0.9777,0.041303
DuelingDQN,small_grid,0,28,2705,-223.0,78,1,0.9771,0.03145
DuelingDQN,small_grid,0,29,2734,-58.0,29,1,0.9768,0.017768
DuelingDQN,small_grid,0,30,2793,-132.0,59,1,0.9763,0.008097
DuelingDQN,small_grid,0,31,2814,-46.0,21,1,0.9761,0.001683
DuelingDQN,small_grid,0,32,2831,-42.0,17,1,0.976,0.000972
DuelingDQN,small_grid,0,33,2864,-62.0,33,1,0.9757,0.001027
DuelingDQN,small_grid,0,34,3015,-348.0,151,1,0.9744,0.134391
DuelingDQN,small_grid,0,35,3042,-80.0,27,1,0.9742,0.596421
DuelingDQN,small_grid,0,36,3077,-76.0,35,1,0.9739,0.240771
DuelingDQN,small_grid,0,37,3095,-19.0,18,1,0.9738,0.081
DuelingDQN,small_grid,0,38,3096,10.0,1,1,0.9737,0.036087
DuelingDQN,small_grid,0,39,3112,-29.0,16,1,0.9736,0.03658
DuelingDQN,small_grid,0,40,3151,-72.0,39,1,0.9733,0.01673
DuelingDQN,small_grid,0,41,3351,-512.0,200,0,0.9716,0.001116
DuelingDQN,small_grid,0,42,3379,-45.0,28,1,0.9713,0.000353
DuelingDQN,small_grid,0,43,3510,-320.0,131,1,0.9702,0.126632
DuelingDQN,small_grid,0,44,3513,4.0,3,1,0.9702,1.101307
DuelingDQN,small_grid,0,45,3610,-262.0,97,1,0.9694,0.432728
DuelingDQN,small_grid,0,46,3662,-133.0,52,1,0.9689,0.036693
DuelingDQN,small_grid,0,47,3862,-468.0,200,0,0.9673,0.001476
DuelingDQN,small_grid,0,48,4062,-500.0,200,0,0.9656,0.201487
DuelingDQN,small_grid,0,49,4071,-6.0,9,1,0.9655,0.094994
DuelingDQN,small_grid,0,50,4219,-297.0,148,1,0.9642,0.011289
DuelingDQN,small_grid,0,51,4225,1.0,6,1,0.9642,0.000332
DuelingDQN,small_grid,0,52,4275,-83.0,50,1,0.9637,0.00035
DuelingDQN,small_grid,0,53,4284,-10.0,9,1,0.9637,0.000272
DuelingDQN,small_grid,0,54,4427,-308.0,143,1,0.9625,0.000258
DuelingDQN,small_grid,0,55,4449,-43.0,22,1,0.9623,0.00023
DuelingDQN,small_grid,0,56,4492,-88.0,43,1,0.9619,0.000155
DuelingDQN,small_grid,0,57,4692,-520.0,200,0,0.9602,0.135138
DuelingDQN,small_grid,0,58,4795,-236.0,103,1,0.9593,0.000199
DuelingDQN,small_grid,0,59,4892,-230.0,97,1,0.9585,0.000174
DuelingDQN,small_grid,0,60,4915,-44.0,23,1,0.9583,0.000101
DuelingDQN,small_grid,0,61,4926,-12.0,11,1,0.9582,0.000101
DuelingDQN,small_grid,0,62,4991,-142.0,65,1,0.9577,0.000118
DuelingDQN,small_grid,0,63,5084,-214.0,93,1,0.9569,0.200285
DuelingDQN,small_grid,0,64,5168,-221.0,84,1,0.9562,0.008733
DuelingDQN,small_grid,0,65,5294,-327.0,126,1,0.9551,0.000186
DuelingDQN,small_grid,0,66,5303,-10.0,9,1,0.955,9.4e-05
DuelingDQN,small_grid,0,67,5359,-129.0,56,1,0.9546,8.4e-05
DuelingDQN,small_grid,0,68,5373,-11.0,14,1,0.9544,0.000107
DuelingDQN,small_grid,0,69,5433,-121.0,60,1,0.9539,0.000129
DuelingDQN,small_grid,0,70,5581,-361.0,148,1,0.9527,0.061925
DuelingDQN,small_grid,0,71,5659,-171.0,78,1,0.952,0.002605
DuelingDQN,small_grid,0,72,5663,3.0,4,1,0.952,0.000444
DuelingDQN,small_grid,0,73,5665,9.0,2,1,0.952,0.000238
DuelingDQN,small_grid,0,74,5774,-230.0,109,1,0.951,0.000126
DuelingDQN,small_grid,0,75,5927,-338.0,153,1,0.9497,5.8e-05
DuelingDQN,small_grid,0,76,6127,-480.0,200,0,0.948,0.002912
DuelingDQN,small_grid,0,77,6136,-6.0,9,1,0.948,5.6e-05
DuelingDQN,small_grid,0,78,6149,-26.0,13,1,0.9479,6.1e-05
DuelingDQN,small_grid,0,79,6162,-14.0,13,1,0.9477,5.6e-05
DuelingDQN,small_grid,0,80,6172,-7.0,10,1,0.9477,4.3e-05
DuelingDQN,small_grid,0,81,6252,-177.0,80,1,0.947,5.4e-05
DuelingDQN,small_grid,0,82,6295,-120.0,43,1,0.9466,3.8e-05
DuelingDQN,small_grid,0,83,6297,5.0,2,1,0.9466,3.3e-05
DuelingDQN,small_grid,0,84,6305,-1.0,8,1,0.9465,4.2e-05
DuelingDQN,small_grid,0,85,6457,-341.0,152,1,0.9452,3.3e-05
DuelingDQN,small_grid,0,86,6505,-93.0,48,1,0.9448,0.002823
DuelingDQN,small_grid,0,87,6545,-77.0,40,1,0.9445,0.005279
DuelingDQN,small_grid,0,88,6597,-125.0,52,1,0.9441,0.000514
DuelingDQN,small_grid,0,89,6612,-28.0,15,1,0.9439,0.000158
DuelingDQN,small_grid,0,90,6690,-191.0,78,1,0.9433,7.6e-05
DuelingDQN,small_grid,0,91,6784,-191.0,94,1,0.9425,3e-05
DuelingDQN,small_grid,0,92,6963,-424.0,179,1,0.9409,3.8e-05
DuelingDQN,small_grid,0,93,6964,10.0,1,1,0.9409,2.2e-05
DuelingDQN,small_grid,0,94,7109,-338.0,145,1,0.9397,0.000111
DuelingDQN,small_grid,0,95,7169,-89.0,60,1,0.9392,8.6e-05
DuelingDQN,small_grid,0,96,7255,-223.0,86,1,0.9385,0.000159
DuelingDQN,small_grid,0,97,7428,-414.0,173,1,0.937,0.000604
DuelingDQN,small_grid,0,98,7466,-79.0,38,1,0.9367,0.002384
DuelingDQN,small_grid,0,99,7666,-472.0,200,0,0.935,0.002985
DuelingDQN,small_grid,0,100,7724,-87.0,58,1,0.9345,0.000791
DuelingDQN,small_grid,0,101,7728,3.0,4,1,0.9345,0.000354
DuelingDQN,small_grid,0,102,7737,-6.0,9,1,0.9344,0.000304
DuelingDQN,small_grid,0,103,7772,-72.0,35,1,0.9341,0.000328
DuelingDQN,small_grid,0,104,7829,-82.0,57,1,0.9336,0.000546
DuelingDQN,small_grid,0,105,8029,-492.0,200,0,0.9319,0.001507
DuelingDQN,small_grid,0,106,8067,-87.0,38,1,0.9316,0.004845
DuelingDQN,small_grid,0,107,8078,-24.0,11,1,0.9315,0.002147
DuelingDQN,small_grid,0,108,8094,-37.0,16,1,0.9314,0.0018
DuelingDQN,small_grid,0,109,8294,-508.0,200,0,0.9297,0.000977
DuelingDQN,small_grid,0,110,8325,-76.0,31,1,0.9294,0.000215
DuelingDQN,small_grid,0,111,8373,-89.0,48,1,0.929,0.000149
DuelingDQN,small_grid,0,112,8378,-2.0,5,1,0.9289,0.000196
DuelingDQN,small_grid,0,113,8541,-348.0,163,1,0.9276,0.00166
DuelingDQN,small_grid,0,114,8581,-69.0,40,1,0.9272,0.006325
DuelingDQN,small_grid,0,115,8657,-165.0,76,1,0.9266,0.003914
DuelingDQN,small_grid,0,116,8681,-37.0,24,1,0.9264,0.001333
DuelingDQN,small_grid,0,117,8881,-516.0,200,0,0.9247,0.000518
DuelingDQN,small_grid,0,118,8940,-132.0,59,1,0.9242,9.2e-05
DuelingDQN,small_grid,0,119,8958,-11.0,18,1,0.924,4e-05
DuelingDQN,small_grid,0,120,9012,-123.0,54,1,0.9236,0.001033
DuelingDQN,small_grid,0,121,9021,-6.0,9,1,0.9235,0.003216
DuelingDQN,small_grid,0,122,9025,3.0,4,1,0.9235,0.002289
DuelingDQN,small_grid,0,123,9065,-113.0,40,1,0.9231,0.001558
DuelingDQN,small_grid,0,124,9203,-343.0,138,1,0.9219,0.001679
DuelingDQN,small_grid,0,125,9337,-367.0,134,1,0.9208,0.00096
DuelingDQN,small_grid,0,126,9382,-114.0,45,1,0.9204,0.000529
DuelingDQN,small_grid,0,127,9394,-13.0,12,1,0.9203,0.000573
DuelingDQN,small_grid,0,128,9457,-92.0,63,1,0.9198,0.000544
DuelingDQN,small_grid,0,129,9547,-175.0,90,1,0.919,0.002694
DuelingDQN,small_grid,0,130,9563,-33.0,16,1,0.9189,0.002669
DuelingDQN,small_grid,0,131,9599,-49.0,36,1,0.9186,0.002031
DuelingDQN,small_grid,0,132,9715,-245.0,116,1,0.9176,0.001788
DuelingDQN,small_grid,0,133,9762,-100.0,47,1,0.9172,0.000817
DuelingDQN,small_grid,0,134,9779,-18.0,17,1,0.9171,0.00054
DuelingDQN,small_grid,0,135,9797,-47.0,18,1,0.9169,0.000332
DuelingDQN,small_grid,0,136,9856,-136.0,59,1,0.9164,0.000335
DuelingDQN,small_grid,0,137,9890,-95.0,34,1,0.9161,0.000767
DuelingDQN,small_grid,0,138,10006,-233.0,116,1,0.9151,0.002444
DuelingDQN,small_grid,0,139,10124,-247.0,118,1,0.9141,0.004285
DuelingDQN,small_grid,0,140,10126,9.0,2,1,0.9141,0.00496
DuelingDQN,small_grid,0,141,10192,-127.0,66,1,0.9136,0.002113
DuelingDQN,small_grid,0,142,10313,-278.0,121,1,0.9125,0.000823
DuelingDQN,small_grid,0,143,10402,-206.0,89,1,0.9118,0.000389
DuelingDQN,small_grid,0,144,10463,-134.0,61,1,0.9113,0.000117
DuelingDQN,small_grid,0,145,10468,6.0,5,1,0.9112,0.000184
DuelingDQN,small_grid,0,146,10528,-129.0,60,1,0.9107,0.001183
DuelingDQN,small_grid,0,147,10557,-62.0,29,1,0.9105,0.002366
DuelingDQN,small_grid,0,148,10563,1.0,6,1,0.9104,0.003662
DuelingDQN,small_grid,0,149,10566,4.0,3,1,0.9104,0.004431
DuelingDQN,small_grid,0,150,10640,-167.0,74,1,0.9098,0.002438
DuelingDQN,small_grid,0,151,10653,-22.0,13,1,0.9096,0.002102
DuelingDQN,small_grid,0,152,10756,-208.0,103,1,0.9088,0.001391
DuelingDQN,small_grid,0,153,10769,-10.0,13,1,0.9087,0.000974
DuelingDQN,small_grid,0,154,10802,-50.0,33,1,0.9084,0.00112
DuelingDQN,small_grid,0,155,10852,-95.0,50,1,0.908,0.000964
DuelingDQN,small_grid,0,156,10884,-57.0,32,1,0.9077,0.000958
DuelingDQN,small_grid,0,157,10902,-23.0,18,1,0.9075,0.000826
DuelingDQN,small_grid,0,158,10975,-158.0,73,1,0.9069,0.000667
DuelingDQN,small_grid,0,159,11008,-86.0,33,1,0.9066,0.001224
DuelingDQN,small_grid,0,160,11073,-138.0,65,1,0.9061,0.002042
DuelingDQN,small_grid,0,161,11102,-38.0,29,1,0.9058,0.002834
DuelingDQN,small_grid,0,162,11133,-48.0,31,1,0.9056,0.004475
DuelingDQN,small_grid,0,163,11210,-186.0,77,1,0.9049,0.004422
DuelingDQN,small_grid,0,164,11248,-75.0,38,1,0.9046,0.002028
DuelingDQN,small_grid,0,165,11311,-128.0,63,1,0.9041,0.000898
DuelingDQN,small_grid,0,166,11382,-136.0,71,1,0.9035,0.000186
DuelingDQN,small_grid,0,167,11407,-66.0,25,1,0.9033,7.5e-05
DuelingDQN,small_grid,0,168,11426,-16.0,19,1,0.9031,7.2e-05
DuelingDQN,small_grid,0,169,11439,-18.0,13,1,0.903,6e-05
DuelingDQN,small_grid,0,170,11470,-48.0,31,1,0.9027,7.5e-05
DuelingDQN,small_grid,0,171,11474,3.0,4,1,0.9027,7.5e-05
DuelingDQN,small_grid,0,172,11483,-2.0,9,1,0.9026,6.3e-05
DuelingDQN,small_grid,0,173,11491,-5.0,8,1,0.9025,6.6e-05
DuelingDQN,small_grid,0,174,11534,-84.0,43,1,0.9022,0.00204
DuelingDQN,small_grid,0,175,11649,-228.0,115,1,0.9012,0.00112
DuelingDQN,small_grid,0,176,11686,-90.0,37,1,0.9009,0.000354
DuelingDQN,small_grid,0,177,11688,9.0,2,1,0.9009,0.000426
DuelingDQN,small_grid,0,178,11692,-1.0,4,1,0.9008,0.000555
DuelingDQN,small_grid,0,179,11694,9.0,2,1,0.9008,0.000557
DuelingDQN,small_grid,0,180,11721,-28.0,27,1,0.9006,0.000674
DuelingDQN,small_grid,0,181,11749,-45.0,28,1,0.9004,0.002607
DuelingDQN,small_grid,0,182,11840,-228.0,91,1,0.8996,0.001899
DuelingDQN,small_grid,0,183,11912,-153.0,72,1,0.899,0.001894
DuelingDQN,small_grid,0,184,11954,-75.0,42,1,0.8986,0.001817
DuelingDQN,small_grid,0,185,11996,-91.0,42,1,0.8983,0.001881
DuelingDQN,small_grid,0,186,12008,-29.0,12,1,0.8982,0.004581
DuelingDQN,small_grid,0,187,12012,-1.0,4,1,0.8981,0.004274
DuelingDQN,small_grid,0,188,12094,-179.0,82,1,0.8974,0.005867
DuelingDQN,small_grid,0,189,12102,-9.0,8,1,0.8974,0.003473
DuelingDQN,small_grid,0,190,12130,-85.0,28,1,0.8971,0.00228
DuelingDQN,small_grid,0,191,12244,-263.0,114,1,0.8962,0.000514
DuelingDQN,small_grid,0,192,12257,-2.0,13,1,0.896,0.000187
DuelingDQN,small_grid,0,193,12398,-318.0,141,1,0.8948,6.1e-05
DuelingDQN,small_grid,0,194,12399,10.0,1,1,0.8948,3.2e-05
DuelingDQN,small_grid,0,195,12574,-416.0,175,1,0.8934,0.001551
DuelingDQN,small_grid,0,196,12579,6.0,5,1,0.8933,0.003056
DuelingDQN,small_grid,0,197,12636,-98.0,57,1,0.8928,0.001545
DuelingDQN,small_grid,0,198,12671,-72.0,35,1,0.8925,0.000874
DuelingDQN,small_grid,0,199,12696,-38.0,25,1,0.8923,0.001152
DuelingDQN,small_grid,0,200,12829,-286.0,133,1,0.8912,0.001731
DuelingDQN,small_grid,0,201,12887,-87.0,58,1,0.8907,0.000964
DuelingDQN,small_grid,0,202,12898,-28.0,11,1,0.8906,0.00079
DuelingDQN,small_grid,0,203,12967,-170.0,69,1,0.89,0.000493
DuelingDQN,small_grid,0,204,13042,-188.0,75,1,0.8894,0.001606
DuelingDQN,small_grid,0,205,13087,-106.0,45,1,0.889,0.001652
DuelingDQN,small_grid,0,206,13109,-19.0,22,1,0.8888,0.001125
DuelingDQN,small_grid,0,207,13110,10.0,1,1,0.8888,0.000836
DuelingDQN,small_grid,0,208,13142,-53.0,32,1,0.8885,0.000702
DuelingDQN,small_grid,0,209,13191,-86.0,49,1,0.8881,0.001142
DuelingDQN,small_grid,0,210,13192,10.0,1,1,0.8881,0.001713
DuelingDQN,small_grid,0,211,13253,-118.0,61,1,0.8876,0.001591
DuelingDQN,small_grid,0,212,13284,-40.0,31,1,0.8873,0.001039
DuelingDQN,small_grid,0,213,13353,-146.0,69,1,0.8867,0.000603
DuelingDQN,small_grid,0,214,13460,-228.0,107,1,0.8858,0.000371
DuelingDQN,small_grid,0,215,13464,3.0,4,1,0.8858,0.0002
DuelingDQN,small_grid,0,216,13513,-98.0,49,1,0.8854,0.000933
DuelingDQN,small_grid,0,217,13566,-118.0,53,1,0.8849,0.001326
DuelingDQN,small_grid,0,218,13577,-20.0,11,1,0.8848,0.000447
DuelingDQN,small_grid,0,219,13601,-45.0,24,1,0.8846,0.000382
DuelingDQN,small_grid,0,220,13715,-223.0,114,1,0.8837,0.000851
DuelingDQN,small_grid,0,221,13731,-21.0,16,1,0.8835,0.001797
DuelingDQN,small_grid,0,222,13751,-33.0,20,1,0.8834,0.001986
DuelingDQN,small_grid,0,223,13784,-58.0,33,1,0.8831,0.003398
DuelingDQN,small_grid,0,224,13796,-5.0,12,1,0.883,0.003199
DuelingDQN,small_grid,0,225,13894,-207.0,98,1,0.8822,0.003043
DuelingDQN,small_grid,0,226,13934,-69.0,40,1,0.8818,0.001591
DuelingDQN,small_grid,0,227,13936,5.0,2,1,0.8818,0.001135
DuelingDQN,small_grid,0,228,13964,-53.0,28,1,0.8816,0.000913
DuelingDQN,small_grid,0,229,13996,-65.0,32,1,0.8813,0.00066
DuelingDQN,small_grid,0,230,14012,-13.0,16,1,0.8812,0.002608
DuelingDQN,small_grid,0,231,14019,4.0,7,1,0.8811,0.002278
DuelingDQN,small_grid,0,232,14043,-45.0,24,1,0.8809,0.002385
DuelingDQN,small_grid,0,233,14083,-77.0,40,1,0.8806,0.001524
DuelingDQN,small_grid,0,234,14102,-20.0,19,1,0.8804,0.002076
DuelingDQN,small_grid,0,235,14119,-30.0,17,1,0.8802,0.002405
DuelingDQN,small_grid,0,236,14126,-8.0,7,1,0.8802,0.001808
DuelingDQN,small_grid,0,237,14167,-82.0,41,1,0.8798,0.001046
DuelingDQN,small_grid,0,238,14210,-92.0,43,1,0.8795,0.001635
DuelingDQN,small_grid,0,239,14219,-6.0,9,1,0.8794,0.001843
DuelingDQN,small_grid,0,240,14234,-16.0,15,1,0.8793,0.001169
DuelingDQN,small_grid,0,241,14269,-64.0,35,1,0.879,0.000641
DuelingDQN,small_grid,0,242,14366,-198.0,97,1,0.8782,0.000275
DuelingDQN,small_grid,0,243,14384,-31.0,18,1,0.878,0.000262
DuelingDQN,small_grid,0,244,14493,-246.0,109,1,0.8771,0.00027
DuelingDQN,small_grid,0,245,14519,-51.0,26,1,0.8769,0.001624
DuelingDQN,small_grid,0,246,14545,-59.0,26,1,0.8766,0.002204
DuelingDQN,small_grid,0,247,14563,-43.0,18,1,0.8765,0.002916
DuelingDQN,small_grid,0,248,14580,-22.0,17,1,0.8763,0.002694
DuelingDQN,small_grid,0,249,14590,-11.0,10,1,0.8763,0.002079
DuelingDQN,small_grid,0,250,14613,-36.0,23,1,0.8761,0.002158
DuelingDQN,small_grid,0,251,14628,-20.0,15,1,0.8759,0.001521
DuelingDQN,small_grid,0,252,14629,10.0,1,1,0.8759,0.001154
DuelingDQN,small_grid,0,253,14648,-28.0,19,1,0.8758,0.001223
DuelingDQN,small_grid,0,254,14684,-85.0,36,1,0.8755,0.000729
DuelingDQN,small_grid,0,255,14704,-25.0,20,1,0.8753,0.000374
DuelingDQN,small_grid,0,256,14743,-80.0,39,1,0.875,0.00037
DuelingDQN,small_grid,0,257,14746,4.0,3,1,0.8749,0.000319
DuelingDQN,small_grid,0,258,14806,-129.0,60,1,0.8744,0.000313
DuelingDQN,small_grid,0,259,14945,-248.0,139,1,0.8732,0.000186
DuelingDQN,small_grid,0,260,14946,10.0,1,1,0.8732,0.000235
DuelingDQN,small_grid,0,261,14967,-22.0,21,1,0.8731,0.000164
DuelingDQN,small_grid,0,262,15019,-93.0,52,1,0.8726,0.001338
DuelingDQN,small_grid,0,263,15095,-169.0,76,1,0.872,0.002735
DuelingDQN,small_grid,0,264,15127,-57.0,32,1,0.8717,0.001162
DuelingDQN,small_grid,0,265,15142,-12.0,15,1,0.8716,0.00122
DuelingDQN,small_grid,0,266,15240,-207.0,98,1,0.8707,0.003772
DuelingDQN,small_grid,0,267,15254,-27.0,14,1,0.8706,0.002322
DuelingDQN,small_grid,0,268,15285,-52.0,31,1,0.8704,0.001591
DuelingDQN,small_grid,0,269,15287,9.0,2,1,0.8703,0.000655
DuelingDQN,small_grid,0,270,15288,10.0,1,1,0.8703,0.000703
DuelingDQN,small_grid,0,271,15296,3.0,8,1,0.8703,0.000889
DuelingDQN,small_grid,0,272,15375,-132.0,79,1,0.8696,0.00081
DuelingDQN,small_grid,0,273,15392,-26.0,17,1,0.8695,0.000623
DuelingDQN,small_grid,0,274,15412,-41.0,20,1,0.8693,0.000627
DuelingDQN,small_grid,0,275,15424,-9.0,12,1,0.8692,0.000555
DuelingDQN,small_grid,0,276,15453,-34.0,29,1,0.8689,0.000452
DuelingDQN,small_grid,0,277,15477,-29.0,24,1,0.8687,0.00039
DuelingDQN,small_grid,0,278,15527,-107.0,50,1,0.8683,0.00099
DuelingDQN,small_grid,0,279,15615,-217.0,88,1,0.8676,0.000862
DuelingDQN,small_grid,0,280,15632,-26.0,17,1,0.8674,0.000522
DuelingDQN,small_grid,0,281,15638,-7.0,6,1,0.8674,0.000718
DuelingDQN,small_grid,0,282,15725,-156.0,87,1,0.8666,0.000938
DuelingDQN,small_grid,0,283,15762,-54.0,37,1,0.8663,0.00151
DuelingDQN,small_grid,0,284,15767,2.0,5,1,0.8663,0.001222
DuelingDQN,small_grid,0,285,15791,-49.0,24,1,0.8661,0.001966
DuelingDQN,small_grid,0,286,15834,-68.0,43,1,0.8657,0.000897
DuelingDQN,small_grid,0,287,15914,-209.0,80,1,0.865,0.00024
DuelingDQN,small_grid,0,288,15916,5.0,2,1,0.865,7.8e-05
DuelingDQN,small_grid,0,289,16026,-251.0,110,1,0.8641,0.000261
DuelingDQN,small_grid,0,290,16057,-68.0,31,1,0.8638,0.000373
DuelingDQN,small_grid,0,291,16091,-79.0,34,1,0.8635,0.000232
DuelingDQN,small_grid,0,292,16129,-51.0,38,1,0.8632,0.000223
DuelingDQN,small_grid,0,293,16264,-268.0,135,1,0.8621,0.000683
DuelingDQN,small_grid,0,294,16271,-8.0,7,1,0.862,0.00144
DuelingDQN,small_grid,0,295,16356,-158.0,85,1,0.8613,0.002344
DuelingDQN,small_grid,0,296,16362,5.0,6,1,0.8612,0.001682
DuelingDQN,small_grid,0,297,16376,-15.0,14,1,0.8611,0.001871
DuelingDQN,small_grid,0,298,16404,-41.0,28,1,0.8609,0.001869
DuelingDQN,small_grid,0,299,16441,-86.0,37,1,0.8606,0.001144
DuelingDQN,small_grid,0,300,16479,-51.0,38,1,0.8602,0.001
DuelingDQN,small_grid,0,301,16484,2.0,5,1,0.8602,0.001125
DuelingDQN,small_grid,0,302,16495,-16.0,11,1,0.8601,0.001153
DuelingDQN,small_grid,0,303,16503,-1.0,8,1,0.86,0.001538
DuelingDQN,small_grid,0,304,16650,-348.0,147,1,0.8588,0.000736
DuelingDQN,small_grid,0,305,16664,-19.0,14,1,0.8587,0.000779
DuelingDQN,small_grid,0,306,16668,3.0,4,1,0.8586,0.001318
DuelingDQN,small_grid,0,307,16669,10.0,1,1,0.8586,0.001306
DuelingDQN,small_grid,0,308,16698,-42.0,29,1,0.8584,0.000727
DuelingDQN,small_grid,0,309,16816,-275.0,118,1,0.8574,0.000637
DuelingDQN,small_grid,0,310,16820,3.0,4,1,0.8573,0.001052
DuelingDQN,small_grid,0,311,16865,-74.0,45,1,0.857,0.000604
DuelingDQN,small_grid,0,312,16932,-116.0,67,1,0.8564,0.000936
DuelingDQN,small_grid,0,313,16971,-76.0,39,1,0.8561,0.000784
DuelingDQN,small_grid,0,314,17024,-90.0,53,1,0.8556,0.001009
DuelingDQN,small_grid,0,315,17055,-60.0,31,1,0.8553,0.002465
DuelingDQN,small_grid,0,316,17063,-5.0,8,1,0.8553,0.002933
DuelingDQN,small_grid,0,317,17079,-29.0,16,1,0.8551,0.002046
DuelingDQN,small_grid,0,318,17128,-86.0,49,1,0.8547,0.003726
DuelingDQN,small_grid,0,319,17150,-31.0,22,1,0.8545,0.004451
DuelingDQN,small_grid,0,320,17159,-2.0,9,1,0.8545,0.004114
DuelingDQN,small_grid,0,321,17187,-41.0,28,1,0.8542,0.004313
DuelingDQN,small_grid,0,322,17210,-36.0,23,1,0.854,0.002009
DuelingDQN,small_grid,0,323,17212,9.0,2,1,0.854,0.003114
DuelingDQN,small_grid,0,324,17254,-79.0,42,1,0.8537,0.002244
DuelingDQN,small_grid,0,325,17297,-64.0,43,1,0.8533,0.001837
DuelingDQN,small_grid,0,326,17322,-50.0,25,1,0.8531,0.000787
DuelingDQN,small_grid,0,327,17337,-24.0,15,1,0.853,0.000705
DuelingDQN,small_grid,0,328,17385,-73.0,48,1,0.8525,0.000389
DuelingDQN,small_grid,0,329,17473,-141.0,88,1,0.8518,0.000156
DuelingDQN,small_grid,0,330,17480,4.0,7,1,0.8517,8.4e-05
DuelingDQN,small_grid,0,331,17511,-60.0,31,1,0.8515,0.000537
DuelingDQN,small_grid,0,332,17514,0.0,3,1,0.8515,0.000725
DuelingDQN,small_grid,0,333,17597,-168.0,83,1,0.8507,0.00062
DuelingDQN,small_grid,0,334,17598,10.0,1,1,0.8507,0.000185
DuelingDQN,small_grid,0,335,17618,-17.0,20,1,0.8506,0.000393
DuelingDQN,small_grid,0,336,17635,-30.0,17,1,0.8504,0.000638
DuelingDQN,small_grid,0,337,17701,-139.0,66,1,0.8499,0.000973
DuelingDQN,small_grid,0,338,17753,-101.0,52,1,0.8494,0.00109
DuelingDQN,small_grid,0,339,17754,10.0,1,1,0.8494,0.001155
DuelingDQN,small_grid,0,340,17795,-66.0,41,1,0.8491,0.000585
DuelingDQN,small_grid,0,341,17844,-78.0,49,1,0.8487,0.000288
DuelingDQN,small_grid,0,342,17924,-185.0,80,1,0.848,0.000155
DuelingDQN,small_grid,0,343,17968,-53.0,44,1,0.8476,4.9e-05
DuelingDQN,small_grid,0,344,17983,-20.0,15,1,0.8475,3.1e-05
DuelingDQN,small_grid,0,345,18040,-82.0,57,1,0.847,0.000554
DuelingDQN,small_grid,0,346,18100,-93.0,60,1,0.8465,0.000405
DuelingDQN,small_grid,0,347,18183,-180.0,83,1,0.8458,0.00028
DuelingDQN,small_grid,0,348,18190,0.0,7,1,0.8457,0.00023
DuelingDQN,small_grid,0,349,18191,10.0,1,1,0.8457,0.000266
DuelingDQN,small_grid,0,350,18267,-173.0,76,1,0.8451,0.000367
DuelingDQN,small_grid,0,351,18273,1.0,6,1,0.845,0.000618
DuelingDQN,small_grid,0,352,18308,-116.0,35,1,0.8447,0.001031
DuelingDQN,small_grid,0,353,18329,-34.0,21,1,0.8445,0.000845
DuelingDQN,small_grid,0,354,18450,-246.0,121,1,0.8435,0.002347
DuelingDQN,small_grid,0,355,18521,-120.0,71,1,0.8429,0.001766
DuelingDQN,small_grid,0,356,18613,-221.0,92,1,0.8421,0.000911
DuelingDQN,small_grid,0,357,18664,-104.0,51,1,0.8417,0.000491
DuelingDQN,small_grid,0,358,18693,-46.0,29,1,0.8415,0.000518
DuelingDQN,small_grid,0,359,18710,-30.0,17,1,0.8413,0.001299
DuelingDQN,small_grid,0,360,18722,-17.0,12,1,0.8412,0.001113
DuelingDQN,small_grid,0,361,18748,-51.0,26,1,0.841,0.000757
DuelingDQN,small_grid,0,362,18774,-39.0,26,1,0.8408,0.000917
DuelingDQN,small_grid,0,363,18790,-33.0,16,1,0.8406,0.000762
DuelingDQN,small_grid,0,364,18791,10.0,1,1,0.8406,0.00074
DuelingDQN,small_grid,0,365,18889,-195.0,98,1,0.8398,0.000657
DuelingDQN,small_grid,0,366,18890,10.0,1,1,0.8398,0.000714
DuelingDQN,small_grid,0,367,18893,4.0,3,1,0.8398,0.000607
DuelingDQN,small_grid,0,368,18929,-77.0,36,1,0.8395,0.000584
DuelingDQN,small_grid,0,369,18944,-24.0,15,1,0.8393,0.000822
DuelingDQN,small_grid,0,370,19007,-136.0,63,1,0.8388,0.001003
DuelingDQN,small_grid,0,371,19041,-55.0,34,1,0.8385,0.003428
DuelingDQN,small_grid,0,372,19042,10.0,1,1,0.8385,0.004398
DuelingDQN,small_grid,0,373,19121,-156.0,79,1,0.8378,0.002421
DuelingDQN,small_grid,0,374,19146,-38.0,25,1,0.8376,0.000655
DuelingDQN,small_grid,0,375,19253,-208.0,107,1,0.8367,0.000128
DuelingDQN,small_grid,0,376,19272,-20.0,19,1,0.8365,9.9e-05
DuelingDQN,small_grid,0,377,19332,-149.0,60,1,0.836,9.6e-05
DuelingDQN,small_grid,0,378,19339,4.0,7,1,0.836,7.1e-05
DuelingDQN,small_grid,0,379,19380,-66.0,41,1,0.8356,5.6e-05
DuelingDQN,small_grid,0,380,19408,-45.0,28,1,0.8354,5.8e-05
DuelingDQN,small_grid,0,381,19438,-59.0,30,1,0.8351,7.1e-05
DuelingDQN,small_grid,0,382,19448,-15.0,10,1,0.835,5.6e-05
DuelingDQN,small_grid,0,383,19467,-16.0,19,1,0.8349,4.3e-05
DuelingDQN,small_grid,0,384,19505,-51.0,38,1,0.8346,0.00088
DuelingDQN,small_grid,0,385,19516,-4.0,11,1,0.8345,0.002883
DuelingDQN,small_grid,0,386,19592,-145.0,76,1,0.8338,0.001746
DuelingDQN,small_grid,0,387,19619,-64.0,27,1,0.8336,0.000678
DuelingDQN,small_grid,0,388,19633,-31.0,14,1,0.8335,0.000443
DuelingDQN,small_grid,0,389,19653,-41.0,20,1,0.8333,0.0006
DuelingDQN,small_grid,0,390,19673,-21.0,20,1,0.8331,0.000299
DuelingDQN,small_grid,0,391,19698,-50.0,25,1,0.8329,0.000413
DuelingDQN,small_grid,0,392,19701,8.0,3,1,0.8329,0.000708
DuelingDQN,small_grid,0,393,19742,-50.0,41,1,0.8326,0.000492
DuelingDQN,small_grid,0,394,19763,-42.0,21,1,0.8324,0.000666
DuelingDQN,small_grid,0,395,19775,-9.0,12,1,0.8323,0.000841
DuelingDQN,small_grid,0,396,19801,-35.0,26,1,0.8321,0.000659
DuelingDQN,small_grid,0,397,19829,-33.0,28,1,0.8318,0.000666
DuelingDQN,small_grid,0,398,19868,-76.0,39,1,0.8315,0.000478
DuelingDQN,small_grid,0,399,19917,-98.0,49,1,0.8311,0.00035
DuelingDQN,small_grid,0,400,19934,-26.0,17,1,0.8309,0.000483
DuelingDQN,small_grid,0,401,19980,-95.0,46,1,0.8305,0.000279
DuelingDQN,small_grid,0,402,19990,-11.0,10,1,0.8305,0.000241
DuelingDQN,small_grid,0,403,19994,7.0,4,1,0.8304,0.000193
DuelingDQN,small_grid,0,404,20001,-8.0,7,1,0.8304,0.001453
DuelingDQN,small_grid,0,405,20014,-30.0,13,1,0.8302,0.00356
DuelingDQN,small_grid,0,406,20037,-44.0,23,1,0.8301,0.002182
DuelingDQN,small_grid,0,407,20048,-16.0,11,1,0.83,0.002469
DuelingDQN,small_grid,0,408,20050,9.0,2,1,0.8299,0.002193
DuelingDQN,small_grid,0,409,20081,-52.0,31,1,0.8297,0.001375
DuelingDQN,small_grid,0,410,20116,-72.0,35,1,0.8294,0.000833
DuelingDQN,small_grid,0,411,20129,-14.0,13,1,0.8293,0.001177
DuelingDQN,small_grid,0,412,20195,-151.0,66,1,0.8287,0.00161
DuelingDQN,small_grid,0,413,20231,-61.0,36,1,0.8284,0.001051
DuelingDQN,small_grid,0,414,20251,-21.0,20,1,0.8282,0.000876
DuelingDQN,small_grid,0,415,20286,-64.0,35,1,0.8279,0.001035
DuelingDQN,small_grid,0,416,20300,-23.0,14,1,0.8278,0.001136
DuelingDQN,small_grid,0,417,20382,-159.0,82,1,0.8271,0.000505
DuelingDQN,small_grid,0,418,20392,-7.0,10,1,0.827,0.000325
DuelingDQN,small_grid,0,419,20433,-62.0,41,1,0.8267,0.000526
DuelingDQN,small_grid,0,420,20453,-25.0,20,1,0.8265,0.000486
DuelingDQN,small_grid,0,421,20477,-49.0,24,1,0.8263,0.000306
DuelingDQN,small_grid,0,422,20482,2.0,5,1,0.8263,0.000249
DuelingDQN,small_grid,0,423,20572,-203.0,90,1,0.8255,0.002713
DuelingDQN,small_grid,0,424,20592,-21.0,20,1,0.8253,0.000884
DuelingDQN,small_grid,0,425,20628,-65.0,36,1,0.825,0.000905
DuelingDQN,small_grid,0,426,20654,-47.0,26,1,0.8248,0.000993
DuelingDQN,small_grid,0,427,20699,-94.0,45,1,0.8244,0.000617
DuelingDQN,small_grid,0,428,20720,-22.0,21,1,0.8243,0.000427
DuelingDQN,small_grid,0,429,20723,8.0,3,1,0.8242,0.000367
DuelingDQN,small_grid,0,430,20840,-266.0,117,1,0.8232,0.000377
DuelingDQN,small_grid,0,431,20901,-106.0,61,1,0.8227,0.001676
DuelingDQN,small_grid,0,432,20910,-6.0,9,1,0.8226,0.001314
DuelingDQN,small_grid,0,433,20928,-35.0,18,1,0.8225,0.00097
DuelingDQN,small_grid,0,434,21070,-287.0,142,1,0.8213,0.002361
DuelingDQN,small_grid,0,435,21130,-113.0,60,1,0.8208,0.001635
DuelingDQN,small_grid,0,436,21135,2.0,5,1,0.8207,0.000682
DuelingDQN,small_grid,0,437,21162,-28.0,27,1,0.8205,0.000411
DuelingDQN,small_grid,0,438,21181,-20.0,19,1,0.8203,0.000341
DuelingDQN,small_grid,0,439,21206,-58.0,25,1,0.8201,0.0002
DuelingDQN,small_grid,0,440,21223,-30.0,17,1,0.82,0.000165
DuelingDQN,small_grid,0,441,21232,-2.0,9,1,0.8199,0.000134
DuelingDQN,small_grid,0,442,21279,-88.0,47,1,0.8195,8.1e-05
DuelingDQN,small_grid,0,443,21281,5.0,2,1,0.8195,8.8e-05
DuelingDQN,small_grid,0,444,21310,-54.0,29,1,0.8193,6.1e-05
DuelingDQN,small_grid,0,445,21358,-85.0,48,1,0.8188,4.2e-05
DuelingDQN,small_grid,0,446,21379,-26.0,21,1,0.8187,7.4e-05
DuelingDQN,small_grid,0,447,21381,9.0,2,1,0.8187,8e-05
DuelingDQN,small_grid,0,448,21392,-16.0,11,1,0.8186,7.4e-05
DuelingDQN,small_grid,0,449,21413,-38.0,21,1,0.8184,9.6e-05
DuelingDQN,small_grid,0,450,21479,-115.0,66,1,0.8178,8.4e-05
DuelingDQN,small_grid,0,451,21528,-78.0,49,1,0.8174,0.001617
DuelingDQN,small_grid,0,452,21570,-83.0,42,1,0.817,0.002318
DuelingDQN,small_grid,0,453,21599,-58.0,29,1,0.8168,0.002545
DuelingDQN,small_grid,0,454,21707,-241.0,108,1,0.8159,0.000966
DuelingDQN,small_grid,0,455,21715,-5.0,8,1,0.8158,0.000341
DuelingDQN,small_grid,0,456,21718,8.0,3,1,0.8158,0.000277
DuelingDQN,small_grid,0,457,21797,-156.0,79,1,0.8151,0.000185
DuelingDQN,small_grid,0,458,21832,-56.0,35,1,0.8148,4.9e-05
DuelingDQN,small_grid,0,459,21856,-53.0,24,1,0.8146,3.9e-05
DuelingDQN,small_grid,0,460,21881,-62.0,25,1,0.8144,2.7e-05
DuelingDQN,small_grid,0,461,21886,2.0,5,1,0.8144,2.4e-05
DuelingDQN,small_grid,0,462,21912,-23.0,26,1,0.8141,2.1e-05
DuelingDQN,small_grid,0,463,21922,-11.0,10,1,0.8141,1.5e-05
DuelingDQN,small_grid,0,464,21924,9.0,2,1,0.814,1.4e-05
DuelingDQN,small_grid,0,465,21930,5.0,6,1,0.814,1.6e-05
DuelingDQN,small_grid,0,466,21969,-88.0,39,1,0.8137,9e-06
DuelingDQN,small_grid,0,467,22002,-70.0,33,1,0.8134,0.000287
DuelingDQN,small_grid,0,468,22051,-78.0,49,1,0.813,0.001406
DuelingDQN,small_grid,0,469,22150,-220.0,99,1,0.8121,0.000618
DuelingDQN,small_grid,0,470,22155,6.0,5,1,0.8121,0.000224
DuelingDQN,small_grid,0,471,22210,-88.0,55,1,0.8116,0.000249
DuelingDQN,small_grid,0,472,22230,-21.0,20,1,0.8115,0.000202
DuelingDQN,small_grid,0,473,22231,10.0,1,1,0.8114,0.000216
DuelingDQN,small_grid,0,474,22238,0.0,7,1,0.8114,0.000258
DuelingDQN,small_grid,0,475,22277,-72.0,39,1,0.8111,0.000288
DuelingDQN,small_grid,0,476,22349,-133.0,72,1,0.8104,0.00022
DuelingDQN,small_grid,0,477,22376,-48.0,27,1,0.8102,0.000314
DuelingDQN,small_grid,0,478,22464,-205.0,88,1,0.8095,0.000218
DuelingDQN,small_grid,0,479,22494,-35.0,30,1,0.8092,0.000686
DuelingDQN,small_grid,0,480,22538,-69.0,44,1,0.8088,0.003414
DuelingDQN,small_grid,0,481,22549,-12.0,11,1,0.8087,0.003957
DuelingDQN,small_grid,0,482,22551,9.0,2,1,0.8087,0.002549
DuelingDQN,small_grid,0,483,22552,10.0,1,1,0.8087,0.003263
DuelingDQN,small_grid,0,484,22589,-82.0,37,1,0.8084,0.003036
DuelingDQN,small_grid,0,485,22604,-16.0,15,1,0.8083,0.002651
DuelingDQN,small_grid,0,486,22653,-82.0,49,1,0.8079,0.002347
DuelingDQN,small_grid,0,487,22665,-13.0,12,1,0.8078,0.001478
DuelingDQN,small_grid,0,488,22677,-17.0,12,1,0.8077,0.001265
DuelingDQN,small_grid,0,489,22700,-32.0,23,1,0.8075,0.001125
DuelingDQN,small_grid,0,490,22732,-61.0,32,1,0.8072,0.000932
DuelingDQN,small_grid,0,491,22804,-149.0,72,1,0.8066,0.000307
DuelingDQN,small_grid,0,492,22834,-51.0,30,1,0.8063,0.000166
DuelingDQN,small_grid,0,493,22855,-18.0,21,1,0.8061,0.00014
DuelingDQN,small_grid,0,494,22884,-50.0,29,1,0.8059,0.000151
DuelingDQN,small_grid,0,495,22913,-54.0,29,1,0.8057,0.000125
DuelingDQN,small_grid,0,496,22947,-47.0,34,1,0.8054,6.2e-05
DuelingDQN,small_grid,0,497,23000,-98.0,53,1,0.8049,5.8e-05
DuelingDQN,small_grid,0,498,23007,-8.0,7,1,0.8049,0.001768
DuelingDQN,small_grid,0,499,23055,-85.0,48,1,0.8045,0.000686
DuelingDQN,small_grid,0,500,23094,-64.0,39,1,0.8041,0.000593
DuelingDQN,small_grid,0,501,23106,-37.0,12,1,0.804,0.000482
DuelingDQN,small_grid,0,502,23139,-70.0,33,1,0.8037,0.000386
DuelingDQN,small_grid,0,503,23154,-24.0,15,1,0.8036,0.000272
DuelingDQN,small_grid,0,504,23164,-3.0,10,1,0.8035,0.000266
DuelingDQN,small_grid,0,505,23205,-74.0,41,1,0.8032,0.000134
DuelingDQN,small_grid,0,506,23215,-11.0,10,1,0.8031,0.000105
DuelingDQN,small_grid,0,507,23234,-36.0,19,1,0.8029,7.5e-05
DuelingDQN,small_grid,0,508,23241,4.0,7,1,0.8029,7.4e-05
DuelingDQN,small_grid,0,509,23243,9.0,2,1,0.8029,5.1e-05
DuelingDQN,small_grid,0,510,23267,-53.0,24,1,0.8027,7.2e-05
DuelingDQN,small_grid,0,511,23300,-46.0,33,1,0.8024,9.1e-05
DuelingDQN,small_grid,0,512,23305,2.0,5,1,0.8023,0.000126
DuelingDQN,small_grid,0,513,23322,-30.0,17,1,0.8022,0.000275
DuelingDQN,small_grid,0,514,23359,-58.0,37,1,0.8019,0.000377
DuelingDQN,small_grid,0,515,23371,-13.0,12,1,0.8018,0.000383
DuelingDQN,small_grid,0,516,23384,-18.0,13,1,0.8017,0.000422
DuelingDQN,small_grid,0,517,23392,-5.0,8,1,0.8016,0.000492
DuelingDQN,small_grid,0,518,23442,-103.0,50,1,0.8012,0.000716
DuelingDQN,small_grid,0,519,23443,10.0,1,1,0.8012,0.001459
DuelingDQN,small_grid,0,520,23449,1.0,6,1,0.8011,0.001041
DuelingDQN,small_grid,0,521,23486,-90.0,37,1,0.8008,0.001957
DuelingDQN,small_grid,0,522,23492,5.0,6,1,0.8007,0.001542
DuelingDQN,small_grid,0,523,23512,-33.0,20,1,0.8006,0.002238
DuelingDQN,small_grid,0,524,23541,-50.0,29,1,0.8003,0.002291
DuelingDQN,small_grid,0,525,23584,-68.0,43,1,0.8,0.001446
DuelingDQN,small_grid,0,526,23592,3.0,8,1,0.7999,0.000506
DuelingDQN,small_grid,0,527,23624,-61.0,32,1,0.7996,0.000405
DuelingDQN,small_grid,0,528,23642,-31.0,18,1,0.7995,0.000251
DuelingDQN,small_grid,0,529,23685,-88.0,43,1,0.7991,0.000116
DuelingDQN,small_grid,0,530,23733,-77.0,48,1,0.7987,5.9e-05
DuelingDQN,small_grid,0,531,23763,-43.0,30,1,0.7984,3.3e-05
DuelingDQN,small_grid,0,532,23792,-46.0,29,1,0.7982,3.7e-05
DuelingDQN,small_grid,0,533,23794,9.0,2,1,0.7982,3.5e-05
DuelingDQN,small_grid,0,534,23799,2.0,5,1,0.7981,3.4e-05
DuelingDQN,small_grid,0,535,23818,-32.0,19,1,0.798,4.9e-05
DuelingDQN,small_grid,0,536,23825,-8.0,7,1,0.7979,6.4e-05
DuelingDQN,small_grid,0,537,23856,-32.0,31,1,0.7977,5.7e-05
DuelingDQN,small_grid,0,538,23862,1.0,6,1,0.7976,7.6e-05
DuelingDQN,small_grid,0,539,23866,7.0,4,1,0.7976,7.7e-05
DuelingDQN,small_grid,0,540,23911,-74.0,45,1,0.7972,7.2e-05
DuelingDQN,small_grid,0,541,23913,9.0,2,1,0.7972,0.000144
DuelingDQN,small_grid,0,542,23920,0.0,7,1,0.7971,9.1e-05
DuelingDQN,small_grid,0,543,23921,10.0,1,1,0.7971,6.7e-05
DuelingDQN,small_grid,0,544,23952,-64.0,31,1,0.7968,0.000121
DuelingDQN,small_grid,0,545,23969,-18.0,17,1,0.7967,0.000194
DuelingDQN,small_grid,0,546,23981,-5.0,12,1,0.7966,0.000258
DuelingDQN,small_grid,0,547,23990,-6.0,9,1,0.7965,0.000522
DuelingDQN,small_grid,0,548,24017,-44.0,27,1,0.7963,0.001999
DuelingDQN,small_grid,0,549,24018,10.0,1,1,0.7963,0.003871
DuelingDQN,small_grid,0,550,24087,-126.0,69,1,0.7957,0.00219
DuelingDQN,small_grid,0,551,24093,1.0,6,1,0.7956,0.002203
DuelingDQN,small_grid,0,552,24111,-51.0,18,1,0.7955,0.001514
DuelingDQN,small_grid,0,553,24123,-17.0,12,1,0.7954,0.001504
DuelingDQN,small_grid,0,554,24178,-112.0,55,1,0.7949,0.002763
DuelingDQN,small_grid,0,555,24195,-30.0,17,1,0.7948,0.004851
DuelingDQN,small_grid,0,556,24198,4.0,3,1,0.7948,0.004232
DuelingDQN,small_grid,0,557,24209,-16.0,11,1,0.7947,0.004282
DuelingDQN,small_grid,0,558,24224,-28.0,15,1,0.7945,0.003413
DuelingDQN,small_grid,0,559,24231,-4.0,7,1,0.7945,0.003914
DuelingDQN,small_grid,0,560,24283,-109.0,52,1,0.794,0.001319
DuelingDQN,small_grid,0,561,24285,9.0,2,1,0.794,0.000506
DuelingDQN,small_grid,0,562,24298,-6.0,13,1,0.7939,0.000547
DuelingDQN,small_grid,0,563,24350,-97.0,52,1,0.7935,0.000381
DuelingDQN,small_grid,0,564,24356,-3.0,6,1,0.7934,0.000238
DuelingDQN,small_grid,0,565,24391,-52.0,35,1,0.7931,0.00017
DuelingDQN,small_grid,0,566,24484,-182.0,93,1,0.7923,2.9e-05
DuelingDQN,small_grid,0,567,24486,9.0,2,1,0.7923,7e-06
DuelingDQN,small_grid,0,568,24491,2.0,5,1,0.7923,6e-06
DuelingDQN,small_grid,0,569,24496,6.0,5,1,0.7922,6e-06
DuelingDQN,small_grid,0,570,24529,-54.0,33,1,0.792,0.001575
DuelingDQN,small_grid,0,571,24542,-14.0,13,1,0.7918,0.001794
DuelingDQN,small_grid,0,572,24612,-123.0,70,1,0.7912,0.000784
DuelingDQN,small_grid,0,573,24628,-29.0,16,1,0.7911,0.000344
DuelingDQN,small_grid,0,574,24629,10.0,1,1,0.7911,0.000183
DuelingDQN,small_grid,0,575,24639,-11.0,10,1,0.791,0.000297
DuelingDQN,small_grid,0,576,24673,-59.0,34,1,0.7907,0.000242
DuelingDQN,small_grid,0,577,24712,-72.0,39,1,0.7904,0.000232
DuelingDQN,small_grid,0,578,24717,6.0,5,1,0.7904,0.000191
DuelingDQN,small_grid,0,579,24762,-106.0,45,1,0.79,0.000117
DuelingDQN,small_grid,0,580,24769,-4.0,7,1,0.7899,0.000109
DuelingDQN,small_grid,0,581,24770,10.0,1,1,0.7899,0.000164
DuelingDQN,small_grid,0,582,24792,-31.0,22,1,0.7897,7.6e-05
DuelingDQN,small_grid,0,583,24800,3.0,8,1,0.7897,0.000104
DuelingDQN,small_grid,0,584,24803,8.0,3,1,0.7896,9.5e-05
DuelingDQN,small_grid,0,585,24809,-3.0,6,1,0.7896,9.8e-05
DuelingDQN,small_grid,0,586,24820,-12.0,11,1,0.7895,9.5e-05
DuelingDQN,small_grid,0,587,24860,-73.0,40,1,0.7891,7.9e-05
DuelingDQN,small_grid,0,588,24868,-5.0,8,1,0.7891,7.3e-05
DuelingDQN,small_grid,0,589,24896,-61.0,28,1,0.7888,7e-05
DuelingDQN,small_grid,0,590,24901,2.0,5,1,0.7888,4.3e-05
DuelingDQN,small_grid,0,591,24912,-16.0,11,1,0.7887,3.8e-05
DuelingDQN,small_grid,0,592,24918,-3.0,6,1,0.7887,4.2e-05
DuelingDQN,small_grid,0,593,24938,-29.0,20,1,0.7885,3.5e-05
DuelingDQN,small_grid,0,594,24944,-11.0,6,1,0.7884,3.4e-05
DuelingDQN,small_grid,0,595,25003,-144.0,59,1,0.7879,0.000141
DuelingDQN,small_grid,0,596,25021,-27.0,18,1,0.7878,0.001311
DuelingDQN,small_grid,0,597,25033,-21.0,12,1,0.7877,0.001715
DuelingDQN,small_grid,0,598,25063,-47.0,30,1,0.7874,0.001509
DuelingDQN,small_grid,0,599,25124,-142.0,61,1,0.7869,0.000463
DuelingDQN,small_grid,0,600,25145,-30.0,21,1,0.7867,0.000187
DuelingDQN,small_grid,0,601,25218,-142.0,73,1,0.7861,8.4e-05
DuelingDQN,small_grid,0,602,25271,-86.0,53,1,0.7857,3.7e-05
DuelingDQN,small_grid,0,603,25307,-69.0,36,1,0.7854,2e-05
DuelingDQN,small_grid,0,604,25334,-32.0,27,1,0.7851,1.8e-05
DuelingDQN,small_grid,0,605,25368,-63.0,34,1,0.7848,1.5e-05
DuelingDQN,small_grid,0,606,25376,-5.0,8,1,0.7848,1.5e-05
DuelingDQN,small_grid,0,607,25381,2.0,5,1,0.7847,1e-05
DuelingDQN,small_grid,0,608,25408,-52.0,27,1,0.7845,1.1e-05
DuelingDQN,small_grid,0,609,25413,-2.0,5,1,0.7845,6e-06
DuelingDQN,small_grid,0,610,25460,-92.0,47,1,0.7841,4e-06
DuelingDQN,small_grid,0,611,25463,4.0,3,1,0.784,5e-06
DuelingDQN,small_grid,0,612,25477,-19.0,14,1,0.7839,5e-06
DuelingDQN,small_grid,0,613,25498,-30.0,21,1,0.7837,5e-06
DuelingDQN,small_grid,0,614,25527,-38.0,29,1,0.7835,0.000919
DuelingDQN,small_grid,0,615,25530,8.0,3,1,0.7835,0.001146
DuelingDQN,small_grid,0,616,25564,-39.0,34,1,0.7832,0.000886
DuelingDQN,small_grid,0,617,25575,-4.0,11,1,0.7831,0.001262
DuelingDQN,small_grid,0,618,25592,-46.0,17,1,0.7829,0.001814
DuelingDQN,small_grid,0,619,25593,10.0,1,1,0.7829,0.002402
DuelingDQN,small_grid,0,620,25628,-52.0,35,1,0.7826,0.001247
DuelingDQN,small_grid,0,621,25651,-40.0,23,1,0.7824,0.000712
DuelingDQN,small_grid,0,622,25654,8.0,3,1,0.7824,0.001031
DuelingDQN,small_grid,0,623,25668,-15.0,14,1,0.7823,0.001143
DuelingDQN,small_grid,0,624,25688,-21.0,20,1,0.7821,0.001197
DuelingDQN,small_grid,0,625,25741,-86.0,53,1,0.7817,0.00107
DuelingDQN,small_grid,0,626,25756,-24.0,15,1,0.7815,0.001064
DuelingDQN,small_grid,0,627,25770,-23.0,14,1,0.7814,0.000896
DuelingDQN,small_grid,0,628,25772,9.0,2,1,0.7814,0.000813
DuelingDQN,small_grid,0,629,25781,-2.0,9,1,0.7813,0.000798
DuelingDQN,small_grid,0,630,25788,0.0,7,1,0.7813,0.00091
DuelingDQN,small_grid,0,631,25893,-214.0,105,1,0.7804,0.000625
DuelingDQN,small_grid,0,632,25897,7.0,4,1,0.7803,0.000743
DuelingDQN,small_grid,0,633,25917,-37.0,20,1,0.7802,0.001069
DuelingDQN,small_grid,0,634,25930,-14.0,13,1,0.7801,0.000917
DuelingDQN,small_grid,0,635,25933,4.0,3,1,0.78,0.000776
DuelingDQN,small_grid,0,636,25942,-6.0,9,1,0.78,0.001158
DuelingDQN,small_grid,0,637,25953,-16.0,11,1,0.7799,0.000921
DuelingDQN,small_grid,0,638,25959,-11.0,6,1,0.7798,0.000705
DuelingDQN,small_grid,0,639,25978,-40.0,19,1,0.7797,0.000445
DuelingDQN,small_grid,0,640,26015,-74.0,37,1,0.7793,0.000889
DuelingDQN,small_grid,0,641,26036,-50.0,21,1,0.7792,0.001933
DuelingDQN,small_grid,0,642,26057,-26.0,21,1,0.779,0.001925
DuelingDQN,small_grid,0,643,26068,-8.0,11,1,0.7789,0.002102
DuelingDQN,small_grid,0,644,26090,-43.0,22,1,0.7787,0.001531
DuelingDQN,small_grid,0,645,26110,-33.0,20,1,0.7785,0.000678
DuelingDQN,small_grid,0,646,26125,-16.0,15,1,0.7784,0.000459
DuelingDQN,small_grid,0,647,26143,-27.0,18,1,0.7783,0.000317
DuelingDQN,small_grid,0,648,26192,-102.0,49,1,0.7778,0.000297
DuelingDQN,small_grid,0,649,26195,4.0,3,1,0.7778,0.000347
DuelingDQN,small_grid,0,650,26220,-42.0,25,1,0.7776,0.000205
DuelingDQN,small_grid,0,651,26225,2.0,5,1,0.7776,0.000179
DuelingDQN,small_grid,0,652,26253,-45.0,28,1,0.7773,0.000195
DuelingDQN,small_grid,0,653,26270,-22.0,17,1,0.7772,0.000171
DuelingDQN,small_grid,0,654,26275,-6.0,5,1,0.7771,0.00015
DuelingDQN,small_grid,0,655,26291,-25.0,16,1,0.777,0.000107
DuelingDQN,small_grid,0,656,26321,-47.0,30,1,0.7768,9.5e-05
DuelingDQN,small_grid,0,657,26337,-21.0,16,1,0.7766,7.7e-05
DuelingDQN,small_grid,0,658,26358,-22.0,21,1,0.7764,7.4e-05
DuelingDQN,small_grid,0,659,26381,-36.0,23,1,0.7762,0.000151
DuelingDQN,small_grid,0,660,26399,-19.0,18,1,0.7761,0.000311
DuelingDQN,small_grid,0,661,26456,-102.0,57,1,0.7756,0.000401
DuelingDQN,small_grid,0,662,26464,-9.0,8,1,0.7755,0.000243
DuelingDQN,small_grid,0,663,26515,-92.0,51,1,0.7751,0.000745
DuelingDQN,small_grid,0,664,26528,-22.0,13,1,0.775,0.001246
DuelingDQN,small_grid,0,665,26531,8.0,3,1,0.775,0.000976
DuelingDQN,small_grid,0,666,26556,-34.0,25,1,0.7748,0.000874
DuelingDQN,small_grid,0,667,26581,-30.0,25,1,0.7745,0.001221
DuelingDQN,small_grid,0,668,26604,-52.0,23,1,0.7743,0.001336
DuelingDQN,small_grid,0,669,26629,-30.0,25,1,0.7741,0.000704
DuelingDQN,small_grid,0,670,26630,10.0,1,1,0.7741,0.00107
DuelingDQN,small_grid,0,671,26634,3.0,4,1,0.7741,0.000637
DuelingDQN,small_grid,0,672,26689,-92.0,55,1,0.7736,0.000626
DuelingDQN,small_grid,0,673,26691,9.0,2,1,0.7736,0.000284
DuelingDQN,small_grid,0,674,26701,-3.0,10,1,0.7735,0.000325
DuelingDQN,small_grid,0,675,26717,-25.0,16,1,0.7734,0.000432
DuelingDQN,small_grid,0,676,26729,-13.0,12,1,0.7733,0.000457
DuelingDQN,small_grid,0,677,26761,-49.0,32,1,0.773,0.000389
DuelingDQN,small_grid,0,678,26771,-7.0,10,1,0.7729,0.000318
DuelingDQN,small_grid,0,679,26790,-32.0,19,1,0.7728,0.000215
DuelingDQN,small_grid,0,680,26822,-49.0,32,1,0.7725,0.00013
DuelingDQN,small_grid,0,681,26832,-7.0,10,1,0.7724,9.8e-05
DuelingDQN,small_grid,0,682,26847,-20.0,15,1,0.7723,9e-05
DuelingDQN,small_grid,0,683,26849,9.0,2,1,0.7723,5.8e-05
DuelingDQN,small_grid,0,684,26885,-65.0,36,1,0.772,7.9e-05
DuelingDQN,small_grid,0,685,26893,-9.0,8,1,0.7719,8.2e-05
DuelingDQN,small_grid,0,686,26906,-6.0,13,1,0.7718,0.000107
DuelingDQN,small_grid,0,687,26923,-30.0,17,1,0.7716,0.00014
DuelingDQN,small_grid,0,688,26947,-33.0,24,1,0.7714,0.000159
DuelingDQN,small_grid,0,689,26964,-18.0,17,1,0.7713,0.000139
DuelingDQN,small_grid,0,690,26972,3.0,8,1,0.7712,0.000131
DuelingDQN,small_grid,0,691,26976,3.0,4,1,0.7712,0.000184
DuelingDQN,small_grid,0,692,26981,-2.0,5,1,0.7712,0.000169
DuelingDQN,small_grid,0,693,27007,-39.0,26,1,0.7709,0.001128
DuelingDQN,small_grid,0,694,27040,-54.0,33,1,0.7707,0.001745
DuelingDQN,small_grid,0,695,27054,-35.0,14,1,0.7705,0.001231
DuelingDQN,small_grid,0,696,27086,-73.0,32,1,0.7703,0.00189
DuelingDQN,small_grid,0,697,27104,-23.0,18,1,0.7701,0.001411
DuelingDQN,small_grid,0,698,27112,-9.0,8,1,0.77,0.001522
DuelingDQN,small_grid,0,699,27123,-24.0,11,1,0.7699,0.001431
DuelingDQN,small_grid,0,700,27142,-40.0,19,1,0.7698,0.001378
DuelingDQN,small_grid,0,701,27156,-19.0,14,1,0.7697,0.001186
DuelingDQN,small_grid,0,702,27176,-33.0,20,1,0.7695,0.000894
DuelingDQN,small_grid,0,703,27212,-49.0,36,1,0.7692,0.000486
DuelingDQN,small_grid,0,704,27213,10.0,1,1,0.7692,0.000319
DuelingDQN,small_grid,0,705,27245,-53.0,32,1,0.7689,0.000253
DuelingDQN,small_grid,0,706,27269,-37.0,24,1,0.7687,0.000113
DuelingDQN,small_grid,0,707,27296,-52.0,27,1,0.7685,0.000143
DuelingDQN,small_grid,0,708,27338,-63.0,42,1,0.7681,0.000135
DuelingDQN,small_grid,0,709,27358,-49.0,20,1,0.768,8.6e-05
DuelingDQN,small_grid,0,710,27360,9.0,2,1,0.7679,7.9e-05
DuelingDQN,small_grid,0,711,27366,1.0,6,1,0.7679,7.3e-05
DuelingDQN,small_grid,0,712,27407,-78.0,41,1,0.7675,9.2e-05
DuelingDQN,small_grid,0,713,27408,10.0,1,1,0.7675,0.000115
DuelingDQN,small_grid,0,714,27439,-56.0,31,1,0.7673,9.1e-05
DuelingDQN,small_grid,0,715,27446,-12.0,7,1,0.7672,0.000111
DuelingDQN,small_grid,0,716,27492,-59.0,46,1,0.7668,0.000129
DuelingDQN,small_grid,0,717,27493,10.0,1,1,0.7668,0.000119
DuelingDQN,small_grid,0,718,27514,-34.0,21,1,0.7666,0.001298
DuelingDQN,small_grid,0,719,27515,10.0,1,1,0.7666,0.001163
DuelingDQN,small_grid,0,720,27549,-79.0,34,1,0.7663,0.002101
DuelingDQN,small_grid,0,721,27581,-77.0,32,1,0.7661,0.002993
DuelingDQN,small_grid,0,722,27617,-41.0,36,1,0.7658,0.001723
DuelingDQN,small_grid,0,723,27618,10.0,1,1,0.7657,0.001575
DuelingDQN,small_grid,0,724,27671,-90.0,53,1,0.7653,0.000752
DuelingDQN,small_grid,0,725,27831,-329.0,160,1,0.7639,0.000257
DuelingDQN,small_grid,0,726,27849,-15.0,18,1,0.7638,0.00022
DuelingDQN,small_grid,0,727,27868,-28.0,19,1,0.7636,0.000262
DuelingDQN,small_grid,0,728,27871,8.0,3,1,0.7636,0.00034
DuelingDQN,small_grid,0,729,27900,-54.0,29,1,0.7634,0.000181
DuelingDQN,small_grid,0,730,27921,-50.0,21,1,0.7632,0.00023
DuelingDQN,small_grid,0,731,27941,-45.0,20,1,0.763,0.000258
DuelingDQN,small_grid,0,732,27952,-24.0,11,1,0.7629,0.000255
DuelingDQN,small_grid,0,733,27956,-1.0,4,1,0.7629,0.000243
DuelingDQN,small_grid,0,734,27961,6.0,5,1,0.7628,0.000264
DuelingDQN,small_grid,0,735,27968,-8.0,7,1,0.7628,0.000268
DuelingDQN,small_grid,0,736,28015,-120.0,47,1,0.7624,0.001104
DuelingDQN,small_grid,0,737,28044,-38.0,29,1,0.7621,0.002128
DuelingDQN,small_grid,0,738,28087,-64.0,43,1,0.7618,0.001147
DuelingDQN,small_grid,0,739,28099,-5.0,12,1,0.7617,0.000793
DuelingDQN,small_grid,0,740,28102,4.0,3,1,0.7616,0.000951
DuelingDQN,small_grid,0,741,28129,-36.0,27,1,0.7614,0.000903
DuelingDQN,small_grid,0,742,28152,-40.0,23,1,0.7612,0.000727
DuelingDQN,small_grid,0,743,28158,5.0,6,1,0.7612,0.000641
DuelingDQN,small_grid,0,744,28165,-4.0,7,1,0.7611,0.000737
DuelingDQN,small_grid,0,745,28245,-157.0,80,1,0.7604,0.000729
DuelingDQN,small_grid,0,746,28254,-10.0,9,1,0.7604,0.000441
DuelingDQN,small_grid,0,747,28288,-35.0,34,1,0.7601,0.000287
DuelingDQN,small_grid,0,748,28297,-2.0,9,1,0.76,0.000288
DuelingDQN,small_grid,0,749,28324,-36.0,27,1,0.7598,0.000212
DuelingDQN,small_grid,0,750,28334,-3.0,10,1,0.7597,0.000185
DuelingDQN,small_grid,0,751,28336,9.0,2,1,0.7597,0.000123
DuelingDQN,small_grid,0,752,28348,-17.0,12,1,0.7596,0.000123
DuelingDQN,small_grid,0,753,28349,10.0,1,1,0.7595,7.7e-05
DuelingDQN,small_grid,0,754,28353,3.0,4,1,0.7595,0.000132
DuelingDQN,small_grid,0,755,28355,5.0,2,1,0.7595,0.000143
DuelingDQN,small_grid,0,756,28387,-61.0,32,1,0.7592,0.000106
DuelingDQN,small_grid,0,757,28399,-21.0,12,1,0.7591,0.000167
DuelingDQN,small_grid,0,758,28450,-116.0,51,1,0.7587,0.000183
DuelingDQN,small_grid,0,759,28483,-58.0,33,1,0.7584,0.000277
DuelingDQN,small_grid,0,760,28499,-29.0,16,1,0.7583,0.000384
DuelingDQN,small_grid,0,761,28518,-40.0,19,1,0.7581,0.001795
DuelingDQN,small_grid,0,762,28546,-57.0,28,1,0.7579,0.001746
DuelingDQN,small_grid,0,763,28552,1.0,6,1,0.7578,0.001297
DuelingDQN,small_grid,0,764,28554,9.0,2,1,0.7578,0.001092
DuelingDQN,small_grid,0,765,28559,6.0,5,1,0.7578,0.001083
DuelingDQN,small_grid,0,766,28569,-3.0,10,1,0.7577,0.00141
DuelingDQN,small_grid,0,767,28585,-13.0,16,1,0.7575,0.000852
DuelingDQN,small_grid,0,768,28599,-31.0,14,1,0.7574,0.000533
DuelingDQN,small_grid,0,769,28624,-30.0,25,1,0.7572,0.000391
DuelingDQN,small_grid,0,770,28674,-95.0,50,1,0.7568,0.000276
DuelingDQN,small_grid,0,771,28693,-24.0,19,1,0.7566,0.000296
DuelingDQN,small_grid,0,772,28710,-10.0,17,1,0.7565,0.000284
DuelingDQN,small_grid,0,773,28741,-44.0,31,1,0.7562,0.000226
DuelingDQN,small_grid,0,774,28761,-29.0,20,1,0.7561,0.000225
DuelingDQN,small_grid,0,775,28768,0.0,7,1,0.756,0.000281
DuelingDQN,small_grid,0,776,28770,9.0,2,1,0.756,0.000484
DuelingDQN,small_grid,0,777,28817,-88.0,47,1,0.7556,0.000342
DuelingDQN,small_grid,0,778,28834,-10.0,17,1,0.7554,0.000622
DuelingDQN,small_grid,0,779,28835,10.0,1,1,0.7554,0.000763
DuelingDQN,small_grid,0,780,28852,-14.0,17,1,0.7553,0.000949
DuelingDQN,small_grid,0,781,28858,1.0,6,1,0.7552,0.000833
DuelingDQN,small_grid,0,782,28882,-37.0,24,1,0.755,0.001047
DuelingDQN,small_grid,0,783,28918,-49.0,36,1,0.7547,0.001579
DuelingDQN,small_grid,0,784,28928,1.0,10,1,0.7546,0.000839
DuelingDQN,small_grid,0,785,28940,-1.0,12,1,0.7545,0.000623
DuelingDQN,small_grid,0,786,28956,-21.0,16,1,0.7544,0.000481
DuelingDQN,small_grid,0,787,28977,-18.0,21,1,0.7542,0.000434
DuelingDQN,small_grid,0,788,29004,-60.0,27,1,0.754,0.000908
DuelingDQN,small_grid,0,789,29028,-41.0,24,1,0.7538,0.002035
DuelingDQN,small_grid,0,790,29043,-32.0,15,1,0.7537,0.001605
DuelingDQN,small_grid,0,791,29047,3.0,4,1,0.7536,0.002353
DuelingDQN,small_grid,0,792,29049,9.0,2,1,0.7536,0.000833
DuelingDQN,small_grid,0,793,29058,-2.0,9,1,0.7535,0.001306
DuelingDQN,small_grid,0,794,29064,5.0,6,1,0.7535,0.001146
DuelingDQN,small_grid,0,795,29080,-33.0,16,1,0.7533,0.00076
DuelingDQN,small_grid,0,796,29083,8.0,3,1,0.7533,0.000458
DuelingDQN,small_grid,0,797,29143,-113.0,60,1,0.7528,0.000451
DuelingDQN,small_grid,0,798,29181,-59.0,38,1,0.7525,0.000125
DuelingDQN,small_grid,0,799,29203,-15.0,22,1,0.7523,0.000116
DuelingDQN,small_grid,0,800,29218,-12.0,15,1,0.7522,0.000106
DQN,small_grid,1,1,155,-380.0,155,1,0.9987,
DQN,small_grid,1,2,355,-472.0,200,0,0.997,
DQN,small_grid,1,3,390,-52.0,35,1,0.9967,
DQN,small_grid,1,4,590,-520.0,200,0,0.995,
DQN,small_grid,1,5,790,-580.0,200,0,0.9933,
DQN,small_grid,1,6,800,-19.0,10,1,0.9932,
DQN,small_grid,1,7,809,-18.0,9,1,0.9931,
DQN,small_grid,1,8,959,-343.0,150,1,0.9919,
DQN,small_grid,1,9,966,-4.0,7,1,0.9918,
DQN,small_grid,1,10,1122,-365.0,156,1,0.9905,1.27231
DQN,small_grid,1,11,1322,-468.0,200,0,0.9888,0.745611
DQN,small_grid,1,12,1372,-135.0,50,1,0.9884,0.480828
DQN,small_grid,1,13,1382,-11.0,10,1,0.9883,0.511552
DQN,small_grid,1,14,1403,-38.0,21,1,0.9881,0.391307
DQN,small_grid,1,15,1515,-217.0,112,1,0.9871,0.483204
DQN,small_grid,1,16,1715,-524.0,200,0,0.9855,0.396952
DQN,small_grid,1,17,1782,-192.0,67,1,0.9849,0.353804
DQN,small_grid,1,18,1819,-86.0,37,1,0.9846,0.279932
DQN,small_grid,1,19,1822,8.0,3,1,0.9845,0.411802
DQN,small_grid,1,20,1862,-105.0,40,1,0.9842,0.308444
DQN,small_grid,1,21,1900,-79.0,38,1,0.9839,0.309116
DQN,small_grid,1,22,2100,-472.0,200,0,0.9822,0.308123
DQN,small_grid,1,23,2300,-520.0,200,0,0.9805,0.248083
DQN,small_grid,1,24,2437,-362.0,137,1,0.9793,0.214431
DQN,small_grid,1,25,2453,-13.0,16,1,0.9792,0.197732
DQN,small_grid,1,26,2475,-47.0,22,1,0.979,0.247062
DQN,small_grid,1,27,2498,-48.0,23,1,0.9788,0.154434
DQN,small_grid,1,28,2698,-456.0,200,0,0.9771,0.195381
DQN,small_grid,1,29,2727,-54.0,29,1,0.9769,0.219667
DQN,small_grid,1,30,2744,-38.0,17,1,0.9767,0.147248
DQN,small_grid,1,31,2752,-13.0,8,1,0.9767,0.116402
DQN,small_grid,1,32,2819,-140.0,67,1,0.9761,0.177518
DQN,small_grid,1,33,2998,-448.0,179,1,0.9746,0.160373
DQN,small_grid,1,34,3001,4.0,3,1,0.9745,0.220233
DQN,small_grid,1,35,3016,-28.0,15,1,0.9744,0.238068
DQN,small_grid,1,36,3216,-496.0,200,0,0.9727,0.180909
DQN,small_grid,1,37,3359,-424.0,143,1,0.9715,0.159945
DQN,small_grid,1,38,3376,-34.0,17,1,0.9714,0.164682
DQN,small_grid,1,39,3576,-484.0,200,0,0.9697,0.169268
DQN,small_grid,1,40,3577,10.0,1,1,0.9697,0.217802
DQN,small_grid,1,41,3589,-13.0,12,1,0.9696,0.141623
DQN,small_grid,1,42,3752,-356.0,163,1,0.9682,0.153224
DQN,small_grid,1,43,3898,-343.0,146,1,0.9669,0.163192
DQN,small_grid,1,44,3900,5.0,2,1,0.9669,0.12868
DQN,small_grid,1,45,3975,-188.0,75,1,0.9663,0.153634
DQN,small_grid,1,46,4014,-64.0,39,1,0.966,0.202028
DQN,small_grid,1,47,4211,-478.0,197,1,0.9643,0.138839
DQN,small_grid,1,48,4290,-204.0,79,1,0.9636,0.143638
DQN,small_grid,1,49,4300,-7.0,10,1,0.9635,0.195155
DQN,small_grid,1,50,4360,-117.0,60,1,0.963,0.138512
DQN,small_grid,1,51,4373,-26.0,13,1,0.9629,0.13141
DQN,small_grid,1,52,4512,-324.0,139,1,0.9617,0.197983
DQN,small_grid,1,53,4520,-9.0,8,1,0.9617,0.137409
DQN,small_grid,1,54,4549,-46.0,29,1,0.9614,0.148175
DQN,small_grid,1,55,4586,-86.0,37,1,0.9611,0.207911
DQN,small_grid,1,56,4608,-39.0,22,1,0.9609,0.176759
DQN,small_grid,1,57,4711,-216.0,103,1,0.96,0.152014
DQN,small_grid,1,58,4713,5.0,2,1,0.96,0.305534
DQN,small_grid,1,59,4737,-49.0,24,1,0.9598,0.101669
DQN,small_grid,1,60,4770,-86.0,33,1,0.9595,0.108955
DQN,small_grid,1,61,4772,9.0,2,1,0.9595,0.637805
DQN,small_grid,1,62,4851,-224.0,79,1,0.9589,0.193331
DQN,small_grid,1,63,4857,-7.0,6,1,0.9588,0.272006
DQN,small_grid,1,64,4876,-36.0,19,1,0.9586,0.184665
DQN,small_grid,1,65,4935,-156.0,59,1,0.9581,0.215011
DQN,small_grid,1,66,5018,-192.0,83,1,0.9574,0.226435
DQN,small_grid,1,67,5054,-73.0,36,1,0.9571,0.226634
DQN,small_grid,1,68,5063,-6.0,9,1,0.9571,0.275763
DQN,small_grid,1,69,5134,-152.0,71,1,0.9565,0.206203
DQN,small_grid,1,70,5139,2.0,5,1,0.9564,0.226508
DQN,small_grid,1,71,5147,-9.0,8,1,0.9563,0.223216
DQN,small_grid,1,72,5220,-218.0,73,1,0.9557,0.222884
DQN,small_grid,1,73,5236,-21.0,16,1,0.9556,0.105917
DQN,small_grid,1,74,5301,-162.0,65,1,0.955,0.183025
DQN,small_grid,1,75,5430,-306.0,129,1,0.9539,0.184304
DQN,small_grid,1,76,5512,-151.0,82,1,0.9532,0.198576
DQN,small_grid,1,77,5565,-106.0,53,1,0.9528,0.283472
DQN,small_grid,1,78,5583,-39.0,18,1,0.9526,0.218584
DQN,small_grid,1,79,5679,-181.0,96,1,0.9518,0.235249
DQN,small_grid,1,80,5691,-33.0,12,1,0.9517,0.252713
DQN,small_grid,1,81,5717,-55.0,26,1,0.9515,0.223605
DQN,small_grid,1,82,5787,-143.0,70,1,0.9509,0.215371
DQN,small_grid,1,83,5809,-31.0,22,1,0.9507,0.158716
DQN,small_grid,1,84,5864,-120.0,55,1,0.9503,0.232808
DQN,small_grid,1,85,5899,-84.0,35,1,0.95,0.243341
DQN,small_grid,1,86,6007,-201.0,108,1,0.949,0.188588
DQN,small_grid,1,87,6070,-120.0,63,1,0.9485,0.206788
DQN,small_grid,1,88,6071,10.0,1,1,0.9485,0.236557
DQN,small_grid,1,89,6197,-279.0,126,1,0.9474,0.233277
DQN,small_grid,1,90,6265,-137.0,68,1,0.9469,0.263806
DQN,small_grid,1,91,6273,-1.0,8,1,0.9468,0.320674
DQN,small_grid,1,92,6340,-156.0,67,1,0.9462,0.221297
DQN,small_grid,1,93,6454,-283.0,114,1,0.9453,0.209372
DQN,small_grid,1,94,6569,-284.0,115,1,0.9443,0.241467
DQN,small_grid,1,95,6608,-100.0,39,1,0.9439,0.248933
DQN,small_grid,1,96,6614,5.0,6,1,0.9439,0.187035
DQN,small_grid,1,97,6629,-40.0,15,1,0.9438,0.20009
DQN,small_grid,1,98,6633,3.0,4,1,0.9437,0.238993
DQN,small_grid,1,99,6638,2.0,5,1,0.9437,0.15631
DQN,small_grid,1,100,6838,-428.0,200,0,0.942,0.25039
DQN,small_grid,1,101,6843,-2.0,5,1,0.942,0.327877
DQN,small_grid,1,102,6936,-218.0,93,1,0.9412,0.234199
DQN,small_grid,1,103,6951,-20.0,15,1,0.941,0.19296
DQN,small_grid,1,104,7123,-381.0,172,1,0.9396,0.232636
DQN,small_grid,1,105,7319,-477.0,196,1,0.9379,0.231705
DQN,small_grid,1,106,7322,4.0,3,1,0.9379,0.226602
DQN,small_grid,1,107,7340,-27.0,18,1,0.9377,0.194323
DQN,small_grid,1,108,7363,-40.0,23,1,0.9375,0.17952
DQN,small_grid,1,109,7458,-216.0,95,1,0.9367,0.202966
DQN,small_grid,1,110,7553,-200.0,95,1,0.9359,0.242314
DQN,small_grid,1,111,7572,-36.0,19,1,0.9358,0.218949
DQN,small_grid,1,112,7607,-88.0,35,1,0.9355,0.192632
DQN,small_grid,1,113,7616,-2.0,9,1,0.9354,0.237105
DQN,small_grid,1,114,7736,-261.0,120,1,0.9344,0.195046
DQN,small_grid,1,115,7793,-134.0,57,1,0.9339,0.21648
DQN,small_grid,1,116,7902,-230.0,109,1,0.933,0.141321
DQN,small_grid,1,117,7933,-64.0,31,1,0.9327,0.185164
DQN,small_grid,1,118,7973,-97.0,40,1,0.9324,0.154697
DQN,small_grid,1,119,7990,-30.0,17,1,0.9322,0.08372
DQN,small_grid,1,120,7994,7.0,4,1,0.9322,0.211203
DQN,small_grid,1,121,8004,-15.0,10,1,0.9321,0.283353
DQN,small_grid,1,122,8034,-55.0,30,1,0.9319,0.313292
DQN,small_grid,1,123,8067,-74.0,33,1,0.9316,0.17354
DQN,small_grid,1,124,8162,-188.0,95,1,0.9308,0.182757
DQN,small_grid,1,125,8289,-320.0,127,1,0.9297,0.159442
DQN,small_grid,1,126,8323,-51.0,34,1,0.9294,0.15516
DQN,small_grid,1,127,8362,-100.0,39,1,0.9291,0.136324
DQN,small_grid,1,128,8431,-158.0,69,1,0.9285,0.129477
DQN,small_grid,1,129,8436,6.0,5,1,0.9284,0.11446
DQN,small_grid,1,130,8494,-135.0,58,1,0.928,0.139998
DQN,small_grid,1,131,8567,-158.0,73,1,0.9273,0.321338
DQN,small_grid,1,132,8568,10.0,1,1,0.9273,0.418205
DQN,small_grid,1,133,8603,-76.0,35,1,0.927,0.187434
DQN,small_grid,1,134,8619,-21.0,16,1,0.9269,0.210983
DQN,small_grid,1,135,8727,-217.0,108,1,0.926,0.127962
DQN,small_grid,1,136,8739,-21.0,12,1,0.9259,0.15713
DQN,small_grid,1,137,8769,-51.0,30,1,0.9256,0.109311
DQN,small_grid,1,138,8921,-357.0,152,1,0.9243,0.086144
DQN,small_grid,1,139,8947,-51.0,26,1,0.9241,0.083787
DQN,small_grid,1,140,9003,-137.0,56,1,0.9236,0.130906
DQN,small_grid,1,141,9028,-38.0,25,1,0.9234,0.575127
DQN,small_grid,1,142,9029,10.0,1,1,0.9234,0.419566
DQN,small_grid,1,143,9085,-85.0,56,1,0.9229,0.287117
DQN,small_grid,1,144,9099,-11.0,14,1,0.9228,0.200917
DQN,small_grid,1,145,9174,-164.0,75,1,0.9222,0.131143
DQN,small_grid,1,146,9200,-35.0,26,1,0.922,0.107302
DQN,small_grid,1,147,9245,-86.0,45,1,0.9216,0.083362
DQN,small_grid,1,148,9269,-37.0,24,1,0.9214,0.079913
DQN,small_grid,1,149,9383,-219.0,114,1,0.9204,0.050627
DQN,small_grid,1,150,9455,-157.0,72,1,0.9198,0.03902
DQN,small_grid,1,151,9520,-126.0,65,1,0.9193,0.305083
DQN,small_grid,1,152,9650,-291.0,130,1,0.9181,0.241189
DQN,small_grid,1,153,9775,-286.0,125,1,0.9171,0.08811
DQN,small_grid,1,154,9922,-312.0,147,1,0.9158,0.058036
DQN,small_grid,1,155,9926,7.0,4,1,0.9158,0.049035
DQN,small_grid,1,156,9942,-21.0,16,1,0.9157,0.045721
DQN,small_grid,1,157,9992,-83.0,50,1,0.9152,0.035459
DQN,small_grid,1,158,10016,-37.0,24,1,0.915,0.855426
DQN,small_grid,1,159,10068,-105.0,52,1,0.9146,0.493911
DQN,small_grid,1,160,10123,-76.0,55,1,0.9141,0.266246
DQN,small_grid,1,161,10180,-110.0,57,1,0.9137,0.184255
DQN,small_grid,1,162,10201,-26.0,21,1,0.9135,0.144855
DQN,small_grid,1,163,10202,10.0,1,1,0.9135,0.178688
DQN,small_grid,1,164,10212,-11.0,10,1,0.9134,0.1423
DQN,small_grid,1,165,10275,-132.0,63,1,0.9128,0.108331
DQN,small_grid,1,166,10294,-48.0,19,1,0.9127,0.079342
DQN,small_grid,1,167,10380,-175.0,86,1,0.912,0.078188
DQN,small_grid,1,168,10389,-10.0,9,1,0.9119,0.0633
DQN,small_grid,1,169,10429,-105.0,40,1,0.9115,0.055993
DQN,small_grid,1,170,10460,-48.0,31,1,0.9113,0.053568
DQN,small_grid,1,171,10476,-41.0,16,1,0.9111,0.051651
DQN,small_grid,1,172,10487,-12.0,11,1,0.911,0.033537
DQN,small_grid,1,173,10524,-66.0,37,1,0.9107,0.760914
DQN,small_grid,1,174,10563,-88.0,39,1,0.9104,0.448616
DQN,small_grid,1,175,10580,-42.0,17,1,0.9103,0.280846
DQN,small_grid,1,176,10622,-83.0,42,1,0.9099,0.202149
DQN,small_grid,1,177,10633,-16.0,11,1,0.9098,0.17406
DQN,small_grid,1,178,10639,5.0,6,1,0.9098,0.140859
DQN,small_grid,1,179,10676,-62.0,37,1,0.9094,0.124426
DQN,small_grid,1,180,10743,-152.0,67,1,0.9089,0.090271
DQN,small_grid,1,181,10781,-103.0,38,1,0.9086,0.059051
DQN,small_grid,1,182,10831,-103.0,50,1,0.9081,0.047959
DQN,small_grid,1,183,10867,-49.0,36,1,0.9078,0.042021
DQN,small_grid,1,184,10874,-8.0,7,1,0.9078,0.045191
DQN,small_grid,1,185,10908,-67.0,34,1,0.9075,0.035628
DQN,small_grid,1,186,10949,-86.0,41,1,0.9071,0.028652
DQN,small_grid,1,187,11036,-184.0,87,1,0.9064,0.348814
DQN,small_grid,1,188,11064,-53.0,28,1,0.9062,0.350143
DQN,small_grid,1,189,11119,-116.0,55,1,0.9057,0.248973
DQN,small_grid,1,190,11126,-4.0,7,1,0.9056,0.147915
DQN,small_grid,1,191,11179,-106.0,53,1,0.9052,0.14625
DQN,small_grid,1,192,11359,-409.0,180,1,0.9037,0.063132
DQN,small_grid,1,193,11369,1.0,10,1,0.9036,0.042494
DQN,small_grid,1,194,11373,7.0,4,1,0.9035,0.032518
DQN,small_grid,1,195,11424,-100.0,51,1,0.9031,0.036785
DQN,small_grid,1,196,11431,4.0,7,1,0.903,0.029957
DQN,small_grid,1,197,11440,2.0,9,1,0.903,0.025145
DQN,small_grid,1,198,11448,-9.0,8,1,0.9029,0.02128
DQN,small_grid,1,199,11492,-93.0,44,1,0.9025,0.022435
DQN,small_grid,1,200,11576,-225.0,84,1,0.9018,0.34882
DQN,small_grid,1,201,11678,-235.0,102,1,0.9009,0.12159
DQN,small_grid,1,202,11759,-206.0,81,1,0.9003,0.066518
DQN,small_grid,1,203,11762,8.0,3,1,0.9002,0.092646
DQN,small_grid,1,204,11785,-16.0,23,1,0.9,0.045378
DQN,small_grid,1,205,11985,-468.0,200,0,0.8983,0.031037
DQN,small_grid,1,206,12054,-146.0,69,1,0.8978,0.201638
DQN,small_grid,1,207,12070,-25.0,16,1,0.8976,0.053647
DQN,small_grid,1,208,12087,-46.0,17,1,0.8975,0.039877
DQN,small_grid,1,209,12160,-174.0,73,1,0.8969,0.023778
DQN,small_grid,1,210,12208,-85.0,48,1,0.8964,0.01533
DQN,small_grid,1,211,12209,10.0,1,1,0.8964,0.010791
DQN,small_grid,1,212,12231,-23.0,22,1,0.8963,0.013227
DQN,small_grid,1,213,12275,-69.0,44,1,0.8959,0.012839
DQN,small_grid,1,214,12417,-315.0,142,1,0.8947,0.009664
DQN,small_grid,1,215,12531,-267.0,114,1,0.8937,0.078519
DQN,small_grid,1,216,12533,9.0,2,1,0.8937,0.146248
DQN,small_grid,1,217,12571,-75.0,38,1,0.8934,0.065322
DQN,small_grid,1,218,12582,-8.0,11,1,0.8933,0.035929
DQN,small_grid,1,219,12585,8.0,3,1,0.8933,0.027127
DQN,small_grid,1,220,12586,10.0,1,1,0.8932,0.017851
DQN,small_grid,1,221,12591,-2.0,5,1,0.8932,0.026378
DQN,small_grid,1,222,12592,10.0,1,1,0.8932,0.033855
DQN,small_grid,1,223,12615,-36.0,23,1,0.893,0.026511
DQN,small_grid,1,224,12675,-157.0,60,1,0.8925,0.018263
DQN,small_grid,1,225,12719,-89.0,44,1,0.8921,0.016401
DQN,small_grid,1,226,12720,10.0,1,1,0.8921,0.014433
DQN,small_grid,1,227,12752,-69.0,32,1,0.8918,0.011571
DQN,small_grid,1,228,12787,-48.0,35,1,0.8915,0.008611
DQN,small_grid,1,229,12795,-5.0,8,1,0.8915,0.009787
DQN,small_grid,1,230,12861,-143.0,66,1,0.8909,0.006718
DQN,small_grid,1,231,12920,-112.0,59,1,0.8904,0.006324
DQN,small_grid,1,232,12922,9.0,2,1,0.8904,0.0021
DQN,small_grid,1,233,12930,-13.0,8,1,0.8903,0.004847
DQN,small_grid,1,234,12954,-37.0,24,1,0.8901,0.005938
DQN,small_grid,1,235,13020,-167.0,66,1,0.8896,0.033944
DQN,small_grid,1,236,13057,-46.0,37,1,0.8892,0.04302
DQN,small_grid,1,237,13074,-26.0,17,1,0.8891,0.024483
DQN,small_grid,1,238,13118,-101.0,44,1,0.8887,0.017783
DQN,small_grid,1,239,13155,-66.0,37,1,0.8884,0.012728
DQN,small_grid,1,240,13172,-26.0,17,1,0.8883,0.010187
DQN,small_grid,1,241,13231,-132.0,59,1,0.8878,0.009552
DQN,small_grid,1,242,13257,-47.0,26,1,0.8876,0.007918
DQN,small_grid,1,243,13259,9.0,2,1,0.8875,0.01048
DQN,small_grid,1,244,13455,-449.0,196,1,0.8859,0.00523
DQN,small_grid,1,245,13473,-31.0,18,1,0.8857,0.002984
DQN,small_grid,1,246,13524,-76.0,51,1,0.8853,0.007536
DQN,small_grid,1,247,13532,-9.0,8,1,0.8852,0.011885
DQN,small_grid,1,248,13549,-34.0,17,1,0.8851,0.007292
DQN,small_grid,1,249,13556,-12.0,7,1,0.885,0.005957
DQN,small_grid,1,250,13585,-54.0,29,1,0.8848,0.005721
DQN,small_grid,1,251,13624,-76.0,39,1,0.8844,0.005818
DQN,small_grid,1,252,13649,-42.0,25,1,0.8842,0.005557
DQN,small_grid,1,253,13650,10.0,1,1,0.8842,0.00462
DQN,small_grid,1,254,13677,-52.0,27,1,0.884,0.004198
DQN,small_grid,1,255,13740,-160.0,63,1,0.8835,0.003002
DQN,small_grid,1,256,13743,4.0,3,1,0.8834,0.002557
DQN,small_grid,1,257,13755,-5.0,12,1,0.8833,0.003142
DQN,small_grid,1,258,13816,-146.0,61,1,0.8828,0.002603
DQN,small_grid,1,259,13821,-6.0,5,1,0.8828,0.002032
DQN,small_grid,1,260,13887,-123.0,66,1,0.8822,0.001762
DQN,small_grid,1,261,13939,-121.0,52,1,0.8818,0.002571
DQN,small_grid,1,262,13982,-104.0,43,1,0.8814,0.001597
DQN,small_grid,1,263,14011,-62.0,29,1,0.8812,0.00474
DQN,small_grid,1,264,14015,3.0,4,1,0.8811,0.005292
DQN,small_grid,1,265,14027,-17.0,12,1,0.881,0.005985
DQN,small_grid,1,266,14042,-28.0,15,1,0.8809,0.004401
DQN,small_grid,1,267,14127,-218.0,85,1,0.8802,0.002473
DQN,small_grid,1,268,14193,-115.0,66,1,0.8796,0.001697
DQN,small_grid,1,269,14332,-304.0,139,1,0.8784,0.00144
DQN,small_grid,1,270,14354,-31.0,22,1,0.8782,0.001195
DQN,small_grid,1,271,14485,-252.0,131,1,0.8771,0.001185
DQN,small_grid,1,272,14496,-8.0,11,1,0.877,0.001119
DQN,small_grid,1,273,14541,-86.0,45,1,0.8767,0.002598
DQN,small_grid,1,274,14549,-13.0,8,1,0.8766,0.001402
DQN,small_grid,1,275,14574,-46.0,25,1,0.8764,0.001303
DQN,small_grid,1,276,14638,-133.0,64,1,0.8758,0.001217
DQN,small_grid,1,277,14647,-6.0,9,1,0.8758,0.000759
DQN,small_grid,1,278,14698,-88.0,51,1,0.8753,0.000814
DQN,small_grid,1,279,14707,-2.0,9,1,0.8753,0.001024
DQN,small_grid,1,280,14907,-416.0,200,0,0.8736,0.000743
DQN,small_grid,1,281,14915,-1.0,8,1,0.8735,0.001257
DQN,small_grid,1,282,14925,-11.0,10,1,0.8734,0.000681
DQN,small_grid,1,283,14942,-30.0,17,1,0.8733,0.001223
DQN,small_grid,1,284,14962,-25.0,20,1,0.8731,0.00108
DQN,small_grid,1,285,15020,-115.0,58,1,0.8726,0.001361
DQN,small_grid,1,286,15058,-99.0,38,1,0.8723,0.001316
DQN,small_grid,1,287,15062,3.0,4,1,0.8722,0.001154
DQN,small_grid,1,288,15064,9.0,2,1,0.8722,0.000936
DQN,small_grid,1,289,15126,-139.0,62,1,0.8717,0.000709
DQN,small_grid,1,290,15135,-2.0,9,1,0.8716,0.000772
DQN,small_grid,1,291,15137,5.0,2,1,0.8716,0.000388
DQN,small_grid,1,292,15155,-35.0,18,1,0.8715,0.001041
DQN,small_grid,1,293,15209,-103.0,54,1,0.871,0.00071
DQN,small_grid,1,294,15210,10.0,1,1,0.871,0.000768
DQN,small_grid,1,295,15337,-256.0,127,1,0.8699,0.000655
DQN,small_grid,1,296,15385,-105.0,48,1,0.8695,0.001009
DQN,small_grid,1,297,15548,-348.0,163,1,0.8681,0.000858
DQN,small_grid,1,298,15614,-135.0,66,1,0.8676,0.001008
DQN,small_grid,1,299,15637,-32.0,23,1,0.8674,0.000784
DQN,small_grid,1,300,15638,10.0,1,1,0.8674,0.000525
DQN,small_grid,1,301,15706,-125.0,68,1,0.8668,0.000743
DQN,small_grid,1,302,15748,-83.0,42,1,0.8664,0.000627
DQN,small_grid,1,303,15761,-22.0,13,1,0.8663,0.000442
DQN,small_grid,1,304,15777,-17.0,16,1,0.8662,0.000705
DQN,small_grid,1,305,15787,-7.0,10,1,0.8661,0.00048
DQN,small_grid,1,306,15792,6.0,5,1,0.866,0.000719
DQN,small_grid,1,307,15845,-98.0,53,1,0.8656,0.000606
DQN,small_grid,1,308,15892,-96.0,47,1,0.8652,0.000554
DQN,small_grid,1,309,15913,-54.0,21,1,0.865,0.000665
DQN,small_grid,1,310,15923,-15.0,10,1,0.8649,0.000721
DQN,small_grid,1,311,15993,-159.0,70,1,0.8643,0.00062
DQN,small_grid,1,312,16003,-7.0,10,1,0.8643,0.001545
DQN,small_grid,1,313,16059,-133.0,56,1,0.8638,0.002066
DQN,small_grid,1,314,16062,4.0,3,1,0.8638,0.001522
DQN,small_grid,1,315,16147,-182.0,85,1,0.863,0.001057
DQN,small_grid,1,316,16164,-22.0,17,1,0.8629,0.001133
DQN,small_grid,1,317,16205,-78.0,41,1,0.8625,0.00091
DQN,small_grid,1,318,16226,-30.0,21,1,0.8624,0.000617
DQN,small_grid,1,319,16233,4.0,7,1,0.8623,0.000438
DQN,small_grid,1,320,16298,-146.0,65,1,0.8618,0.000452
DQN,small_grid,1,321,16316,-19.0,18,1,0.8616,0.00048
DQN,small_grid,1,322,16422,-195.0,106,1,0.8607,0.00112
DQN,small_grid,1,323,16435,-18.0,13,1,0.8606,0.000585
DQN,small_grid,1,324,16500,-126.0,65,1,0.86,0.001098
DQN,small_grid,1,325,16521,-50.0,21,1,0.8599,0.002599
DQN,small_grid,1,326,16541,-37.0,20,1,0.8597,0.00138
DQN,small_grid,1,327,16606,-130.0,65,1,0.8591,0.000893
DQN,small_grid,1,328,16668,-139.0,62,1,0.8586,0.000643
DQN,small_grid,1,329,16775,-212.0,107,1,0.8577,0.001367
DQN,small_grid,1,330,16783,-5.0,8,1,0.8576,0.001405
DQN,small_grid,1,331,16802,-20.0,19,1,0.8575,0.001388
DQN,small_grid,1,332,16808,1.0,6,1,0.8574,0.001419
DQN,small_grid,1,333,16809,10.0,1,1,0.8574,0.001509
DQN,small_grid,1,334,16849,-73.0,40,1,0.8571,0.000945
DQN,small_grid,1,335,16925,-161.0,76,1,0.8564,0.000418
DQN,small_grid,1,336,16935,-3.0,10,1,0.8564,0.000255
DQN,small_grid,1,337,16964,-66.0,29,1,0.8561,0.000367
DQN,small_grid,1,338,16970,-3.0,6,1,0.8561,0.000354
DQN,small_grid,1,339,17029,-120.0,59,1,0.8556,0.001174
DQN,small_grid,1,340,17042,-18.0,13,1,0.8554,0.002412
DQN,small_grid,1,341,17073,-44.0,31,1,0.8552,0.002085
DQN,small_grid,1,342,17089,-21.0,16,1,0.855,0.001353
DQN,small_grid,1,343,17105,-37.0,16,1,0.8549,0.001687
DQN,small_grid,1,344,17126,-30.0,21,1,0.8547,0.001062
DQN,small_grid,1,345,17146,-29.0,20,1,0.8546,0.000834
DQN,small_grid,1,346,17166,-37.0,20,1,0.8544,0.00074
DQN,small_grid,1,347,17175,-6.0,9,1,0.8543,0.00091
DQN,small_grid,1,348,17219,-77.0,44,1,0.8539,0.000473
DQN,small_grid,1,349,17241,-47.0,22,1,0.8538,0.000286
DQN,small_grid,1,350,17244,8.0,3,1,0.8537,0.000232
DQN,small_grid,1,351,17444,-432.0,200,0,0.852,0.001068
DQN,small_grid,1,352,17585,-366.0,141,1,0.8508,0.001902
DQN,small_grid,1,353,17599,-15.0,14,1,0.8507,0.001216
DQN,small_grid,1,354,17665,-163.0,66,1,0.8502,0.001375
DQN,small_grid,1,355,17669,-1.0,4,1,0.8501,0.000725
DQN,small_grid,1,356,17691,-27.0,22,1,0.8499,0.000441
DQN,small_grid,1,357,17725,-55.0,34,1,0.8497,0.000355
DQN,small_grid,1,358,17758,-54.0,33,1,0.8494,0.000305
DQN,small_grid,1,359,17773,-20.0,15,1,0.8492,0.000297
DQN,small_grid,1,360,17774,10.0,1,1,0.8492,0.000294
DQN,small_grid,1,361,17913,-300.0,139,1,0.8481,0.000594
DQN,small_grid,1,362,17932,-20.0,19,1,0.8479,0.001711
DQN,small_grid,1,363,17961,-50.0,29,1,0.8477,0.002103
DQN,small_grid,1,364,17970,-2.0,9,1,0.8476,0.00259
DQN,small_grid,1,365,18087,-222.0,117,1,0.8466,0.004417
DQN,small_grid,1,366,18115,-65.0,28,1,0.8463,0.002464
DQN,small_grid,1,367,18127,-9.0,12,1,0.8462,0.002134
DQN,small_grid,1,368,18139,-9.0,12,1,0.8461,0.002645
DQN,small_grid,1,369,18151,-5.0,12,1,0.846,0.002737
DQN,small_grid,1,370,18161,-19.0,10,1,0.846,0.002531
DQN,small_grid,1,371,18212,-120.0,51,1,0.8455,0.00141
DQN,small_grid,1,372,18222,-3.0,10,1,0.8454,0.000559
DQN,small_grid,1,373,18236,-19.0,14,1,0.8453,0.000592
DQN,small_grid,1,374,18284,-105.0,48,1,0.8449,0.000754
DQN,small_grid,1,375,18298,-15.0,14,1,0.8448,0.000725
DQN,small_grid,1,376,18299,10.0,1,1,0.8448,0.000497
DQN,small_grid,1,377,18322,-24.0,23,1,0.8446,0.000481
DQN,small_grid,1,378,18387,-138.0,65,1,0.844,0.000301
DQN,small_grid,1,379,18436,-130.0,49,1,0.8436,0.00029
DQN,small_grid,1,380,18446,1.0,10,1,0.8435,0.000411
DQN,small_grid,1,381,18486,-93.0,40,1,0.8432,0.000379
DQN,small_grid,1,382,18499,-14.0,13,1,0.8431,0.000398
DQN,small_grid,1,383,18671,-385.0,172,1,0.8416,0.002279
DQN,small_grid,1,384,18711,-73.0,40,1,0.8413,0.00116
DQN,small_grid,1,385,18719,-5.0,8,1,0.8412,0.001662
DQN,small_grid,1,386,18734,-16.0,15,1,0.8411,0.00155
DQN,small_grid,1,387,18787,-82.0,53,1,0.8406,0.001724
DQN,small_grid,1,388,18813,-59.0,26,1,0.8404,0.001515
DQN,small_grid,1,389,18833,-13.0,20,1,0.8403,0.000791
DQN,small_grid,1,390,18844,-16.0,11,1,0.8402,0.000646
DQN,small_grid,1,391,18846,9.0,2,1,0.8401,0.000583
DQN,small_grid,1,392,18860,-19.0,14,1,0.84,0.000498
DQN,small_grid,1,393,18867,-16.0,7,1,0.84,0.000344
DQN,small_grid,1,394,18918,-100.0,51,1,0.8395,0.000982
DQN,small_grid,1,395,18924,1.0,6,1,0.8395,0.000943
DQN,small_grid,1,396,18930,-3.0,6,1,0.8394,0.00098
DQN,small_grid,1,397,18940,-7.0,10,1,0.8393,0.000979
DQN,small_grid,1,398,18946,-3.0,6,1,0.8393,0.000755
DQN,small_grid,1,399,18962,-21.0,16,1,0.8392,0.000799
DQN,small_grid,1,400,18978,-21.0,16,1,0.839,0.000817
DQN,small_grid,1,401,18989,0.0,11,1,0.8389,0.000659
DQN,small_grid,1,402,18992,8.0,3,1,0.8389,0.000511
DQN,small_grid,1,403,18993,10.0,1,1,0.8389,0.000367
DQN,small_grid,1,404,19006,-10.0,13,1,0.8388,0.003752
DQN,small_grid,1,405,19056,-83.0,50,1,0.8384,0.008827
DQN,small_grid,1,406,19068,-5.0,12,1,0.8383,0.006989
DQN,small_grid,1,407,19080,-13.0,12,1,0.8382,0.004885
DQN,small_grid,1,408,19108,-57.0,28,1,0.8379,0.002919
DQN,small_grid,1,409,19115,-4.0,7,1,0.8379,0.001834
DQN,small_grid,1,410,19138,-32.0,23,1,0.8377,0.001995
DQN,small_grid,1,411,19141,4.0,3,1,0.8376,0.002041
DQN,small_grid,1,412,19171,-43.0,30,1,0.8374,0.001107
DQN,small_grid,1,413,19187,-9.0,16,1,0.8373,0.000701
DQN,small_grid,1,414,19206,-28.0,19,1,0.8371,0.000699
DQN,small_grid,1,415,19207,10.0,1,1,0.8371,0.000515
DQN,small_grid,1,416,19208,10.0,1,1,0.8371,0.000332
DQN,small_grid,1,417,19227,-32.0,19,1,0.8369,0.00051
DQN,small_grid,1,418,19246,-24.0,19,1,0.8368,0.000511
DQN,small_grid,1,419,19264,-35.0,18,1,0.8366,0.000459
DQN,small_grid,1,420,19267,8.0,3,1,0.8366,0.000363
DQN,small_grid,1,421,19280,-14.0,13,1,0.8365,0.00045
DQN,small_grid,1,422,19291,-8.0,11,1,0.8364,0.00096
DQN,small_grid,1,423,19313,-23.0,22,1,0.8362,0.000534
DQN,small_grid,1,424,19369,-97.0,56,1,0.8357,0.000384
DQN,small_grid,1,425,19377,-5.0,8,1,0.8356,0.000367
DQN,small_grid,1,426,19388,-12.0,11,1,0.8355,0.000313
DQN,small_grid,1,427,19442,-91.0,54,1,0.8351,0.000288
DQN,small_grid,1,428,19515,-126.0,73,1,0.8345,0.001921
DQN,small_grid,1,429,19522,-4.0,7,1,0.8344,0.004957
DQN,small_grid,1,430,19535,-6.0,13,1,0.8343,0.006095
DQN,small_grid,1,431,19558,-48.0,23,1,0.8341,0.003026
DQN,small_grid,1,432,19574,-21.0,16,1,0.834,0.00299
DQN,small_grid,1,433,19604,-39.0,30,1,0.8337,0.002245
DQN,small_grid,1,434,19614,-11.0,10,1,0.8336,0.001497
DQN,small_grid,1,435,19696,-151.0,82,1,0.8329,0.002414
DQN,small_grid,1,436,19705,-10.0,9,1,0.8329,0.001067
DQN,small_grid,1,437,19733,-33.0,28,1,0.8326,0.000882
DQN,small_grid,1,438,19762,-74.0,29,1,0.8324,0.001121
DQN,small_grid,1,439,19771,-10.0,9,1,0.8323,0.00087
DQN,small_grid,1,440,19794,-12.0,23,1,0.8321,0.000714
DQN,small_grid,1,441,19893,-180.0,99,1,0.8313,0.000816
DQN,small_grid,1,442,19904,-32.0,11,1,0.8312,0.000438
DQN,small_grid,1,443,19935,-52.0,31,1,0.8309,0.000548
DQN,small_grid,1,444,19999,-177.0,64,1,0.8304,0.000301
DQN,small_grid,1,445,20016,-18.0,17,1,0.8302,0.005415
DQN,small_grid,1,446,20017,10.0,1,1,0.8302,0.005482
DQN,small_grid,1,447,20062,-98.0,45,1,0.8298,0.003521
DQN,small_grid,1,448,20089,-44.0,27,1,0.8296,0.001714
DQN,small_grid,1,449,20100,-4.0,11,1,0.8295,0.001206
DQN,small_grid,1,450,20101,10.0,1,1,0.8295,0.001084
DQN,small_grid,1,451,20116,-8.0,15,1,0.8294,0.00112
DQN,small_grid,1,452,20140,-37.0,24,1,0.8292,0.001348
DQN,small_grid,1,453,20164,-49.0,24,1,0.829,0.000742
DQN,small_grid,1,454,20165,10.0,1,1,0.829,0.000608
DQN,small_grid,1,455,20203,-75.0,38,1,0.8286,0.000436
DQN,small_grid,1,456,20213,-7.0,10,1,0.8286,0.000306
DQN,small_grid,1,457,20243,-71.0,30,1,0.8283,0.000258
DQN,small_grid,1,458,20302,-108.0,59,1,0.8278,0.000218
DQN,small_grid,1,459,20327,-50.0,25,1,0.8276,0.000135
DQN,small_grid,1,460,20369,-71.0,42,1,0.8272,0.00026
DQN,small_grid,1,461,20414,-86.0,45,1,0.8268,0.000593
DQN,small_grid,1,462,20420,-3.0,6,1,0.8268,0.000389
DQN,small_grid,1,463,20456,-61.0,36,1,0.8265,0.000579
DQN,small_grid,1,464,20510,-99.0,54,1,0.826,0.001978
DQN,small_grid,1,465,20523,-18.0,13,1,0.8259,0.006305
DQN,small_grid,1,466,20561,-51.0,38,1,0.8256,0.008088
DQN,small_grid,1,467,20582,-34.0,21,1,0.8254,0.005772
DQN,small_grid,1,468,20601,-24.0,19,1,0.8253,0.003982
DQN,small_grid,1,469,20602,10.0,1,1,0.8253,0.002163
DQN,small_grid,1,470,20615,-10.0,13,1,0.8251,0.003304
DQN,small_grid,1,471,20639,-45.0,24,1,0.8249,0.002654
DQN,small_grid,1,472,20685,-107.0,46,1,0.8245,0.002302
DQN,small_grid,1,473,20712,-44.0,27,1,0.8243,0.001251
DQN,small_grid,1,474,20746,-51.0,34,1,0.824,0.00084
DQN,small_grid,1,475,20750,3.0,4,1,0.824,0.00064
DQN,small_grid,1,476,20831,-170.0,81,1,0.8233,0.000504
DQN,small_grid,1,477,20845,-23.0,14,1,0.8232,0.000274
DQN,small_grid,1,478,20884,-84.0,39,1,0.8229,0.000163
DQN,small_grid,1,479,20895,-16.0,11,1,0.8228,0.000129
DQN,small_grid,1,480,20908,-10.0,13,1,0.8227,0.000215
DQN,small_grid,1,481,20952,-85.0,44,1,0.8223,0.00014
DQN,small_grid,1,482,20956,7.0,4,1,0.8222,0.000102
DQN,small_grid,1,483,20975,-16.0,19,1,0.8221,0.000165
DQN,small_grid,1,484,20984,-2.0,9,1,0.822,0.000163
DQN,small_grid,1,485,21012,-37.0,28,1,0.8218,0.000694
DQN,small_grid,1,486,21029,-30.0,17,1,0.8216,0.001007
DQN,small_grid,1,487,21052,-32.0,23,1,0.8214,0.000826
DQN,small_grid,1,488,21089,-62.0,37,1,0.8211,0.0004
DQN,small_grid,1,489,21115,-59.0,26,1,0.8209,0.000331
DQN,small_grid,1,490,21124,-6.0,9,1,0.8208,0.000389
DQN,small_grid,1,491,21156,-73.0,32,1,0.8206,0.000317
DQN,small_grid,1,492,21157,10.0,1,1,0.8205,0.000375
DQN,small_grid,1,493,21162,6.0,5,1,0.8205,0.000237
DQN,small_grid,1,494,21164,5.0,2,1,0.8205,0.00023
DQN,small_grid,1,495,21169,-2.0,5,1,0.8204,0.000215
DQN,small_grid,1,496,21185,-41.0,16,1,0.8203,0.00024
DQN,small_grid,1,497,21192,0.0,7,1,0.8202,0.000298
DQN,small_grid,1,498,21249,-122.0,57,1,0.8198,0.000194
DQN,small_grid,1,499,21305,-101.0,56,1,0.8193,0.000288
DQN,small_grid,1,500,21323,-11.0,18,1,0.8191,0.000357
DQN,small_grid,1,501,21393,-131.0,70,1,0.8185,0.000255
DQN,small_grid,1,502,21441,-77.0,48,1,0.8181,0.0005
DQN,small_grid,1,503,21475,-63.0,34,1,0.8178,0.00096
DQN,small_grid,1,504,21490,-12.0,15,1,0.8177,0.001047
DQN,small_grid,1,505,21507,-30.0,17,1,0.8176,0.002079
DQN,small_grid,1,506,21518,-12.0,11,1,0.8175,0.002604
DQN,small_grid,1,507,21564,-83.0,46,1,0.8171,0.003313
DQN,small_grid,1,508,21641,-138.0,77,1,0.8164,0.003445
DQN,small_grid,1,509,21644,4.0,3,1,0.8164,0.002121
DQN,small_grid,1,510,21660,-33.0,16,1,0.8163,0.001366
DQN,small_grid,1,511,21665,6.0,5,1,0.8162,0.00099
DQN,small_grid,1,512,21675,-11.0,10,1,0.8161,0.001551
DQN,small_grid,1,513,21692,-10.0,17,1,0.816,0.000952
DQN,small_grid,1,514,21716,-33.0,24,1,0.8158,0.000775
DQN,small_grid,1,515,21729,-6.0,13,1,0.8157,0.000556
DQN,small_grid,1,516,21734,-2.0,5,1,0.8156,0.000441
DQN,small_grid,1,517,21736,9.0,2,1,0.8156,0.000495
DQN,small_grid,1,518,21781,-94.0,45,1,0.8153,0.000295
DQN,small_grid,1,519,21790,-6.0,9,1,0.8152,0.000175
DQN,small_grid,1,520,21796,5.0,6,1,0.8151,0.000159
DQN,small_grid,1,521,21806,-7.0,10,1,0.815,0.000176
DQN,small_grid,1,522,21818,-1.0,12,1,0.8149,0.000322
DQN,small_grid,1,523,21841,-32.0,23,1,0.8147,0.000381
DQN,small_grid,1,524,21937,-209.0,96,1,0.8139,0.000459
DQN,small_grid,1,525,21938,10.0,1,1,0.8139,0.000476
DQN,small_grid,1,526,21965,-56.0,27,1,0.8137,0.000468
DQN,small_grid,1,527,21989,-25.0,24,1,0.8135,0.00036
DQN,small_grid,1,528,22086,-214.0,97,1,0.8127,0.002914
DQN,small_grid,1,529,22117,-68.0,31,1,0.8124,0.007595
DQN,small_grid,1,530,22153,-89.0,36,1,0.8121,0.004379
DQN,small_grid,1,531,22166,-18.0,13,1,0.812,0.002481
DQN,small_grid,1,532,22171,2.0,5,1,0.8119,0.001821
DQN,small_grid,1,533,22176,-2.0,5,1,0.8119,0.001429
DQN,small_grid,1,534,22179,8.0,3,1,0.8119,0.001813
DQN,small_grid,1,535,22211,-69.0,32,1,0.8116,0.000912
DQN,small_grid,1,536,22235,-41.0,24,1,0.8114,0.000567
DQN,small_grid,1,537,22272,-54.0,37,1,0.8111,0.000417
DQN,small_grid,1,538,22280,-5.0,8,1,0.811,0.000531
DQN,small_grid,1,539,22293,-14.0,13,1,0.8109,0.000771
DQN,small_grid,1,540,22317,-33.0,24,1,0.8107,0.000607
DQN,small_grid,1,541,22358,-94.0,41,1,0.8104,0.000502
DQN,small_grid,1,542,22363,2.0,5,1,0.8103,0.000324
DQN,small_grid,1,543,22366,4.0,3,1,0.8103,0.000287
DQN,small_grid,1,544,22401,-80.0,35,1,0.81,0.000345
DQN,small_grid,1,545,22409,-5.0,8,1,0.8099,0.000448
DQN,small_grid,1,546,22439,-47.0,30,1,0.8097,0.000304
DQN,small_grid,1,547,22459,-25.0,20,1,0.8095,0.000271
DQN,small_grid,1,548,22485,-35.0,26,1,0.8093,0.000177
DQN,small_grid,1,549,22490,2.0,5,1,0.8092,0.000181
DQN,small_grid,1,550,22561,-104.0,71,1,0.8086,0.001814
DQN,small_grid,1,551,22577,-17.0,16,1,0.8085,0.001058
DQN,small_grid,1,552,22588,-8.0,11,1,0.8084,0.000689
DQN,small_grid,1,553,22636,-105.0,48,1,0.808,0.000742
DQN,small_grid,1,554,22664,-41.0,28,1,0.8078,0.000451
DQN,small_grid,1,555,22669,6.0,5,1,0.8077,0.00024
DQN,small_grid,1,556,22688,-40.0,19,1,0.8076,0.000199
DQN,small_grid,1,557,22707,-24.0,19,1,0.8074,0.000258
DQN,small_grid,1,558,22752,-86.0,45,1,0.807,0.000365
DQN,small_grid,1,559,22757,-2.0,5,1,0.807,0.000497
DQN,small_grid,1,560,22764,0.0,7,1,0.8069,0.000347
DQN,small_grid,1,561,22804,-53.0,40,1,0.8066,0.000298
DQN,small_grid,1,562,22810,-11.0,6,1,0.8065,0.00022
DQN,small_grid,1,563,22827,-14.0,17,1,0.8064,0.000201
DQN,small_grid,1,564,22831,3.0,4,1,0.8063,0.000175
DQN,small_grid,1,565,22894,-116.0,63,1,0.8058,0.000156
DQN,small_grid,1,566,22908,-31.0,14,1,0.8057,0.000183
DQN,small_grid,1,567,22937,-30.0,29,1,0.8054,0.000162
DQN,small_grid,1,568,22952,-24.0,15,1,0.8053,0.000245
DQN,small_grid,1,569,22965,-14.0,13,1,0.8052,0.000334
DQN,small_grid,1,570,22978,-10.0,13,1,0.8051,0.000498
DQN,small_grid,1,571,23022,-81.0,44,1,0.8047,0.002327
DQN,small_grid,1,572,23040,-7.0,18,1,0.8046,0.003538
DQN,small_grid,1,573,23055,-16.0,15,1,0.8044,0.002751
DQN,small_grid,1,574,23063,-1.0,8,1,0.8044,0.003679
DQN,small_grid,1,575,23065,9.0,2,1,0.8044,0.002802
DQN,small_grid,1,576,23079,-19.0,14,1,0.8042,0.003246
DQN,small_grid,1,577,23087,-9.0,8,1,0.8042,0.002834
DQN,small_grid,1,578,23112,-30.0,25,1,0.804,0.003243
DQN,small_grid,1,579,23162,-79.0,50,1,0.8035,0.003357
DQN,small_grid,1,580,23223,-150.0,61,1,0.803,0.001977
DQN,small_grid,1,581,23270,-92.0,47,1,0.8026,0.000637
DQN,small_grid,1,582,23275,6.0,5,1,0.8026,0.000476
DQN,small_grid,1,583,23281,1.0,6,1,0.8025,0.000407
DQN,small_grid,1,584,23305,-33.0,24,1,0.8023,0.000331
DQN,small_grid,1,585,23307,9.0,2,1,0.8023,0.000535
DQN,small_grid,1,586,23323,-29.0,16,1,0.8022,0.000354
DQN,small_grid,1,587,23329,1.0,6,1,0.8021,0.000354
DQN,small_grid,1,588,23336,4.0,7,1,0.8021,0.000361
DQN,small_grid,1,589,23358,-31.0,22,1,0.8019,0.000234
DQN,small_grid,1,590,23363,-2.0,5,1,0.8018,0.000213
DQN,small_grid,1,591,23391,-37.0,28,1,0.8016,0.000291
DQN,small_grid,1,592,23459,-133.0,68,1,0.801,0.000483
DQN,small_grid,1,593,23489,-55.0,30,1,0.8008,0.00037
DQN,small_grid,1,594,23510,-46.0,21,1,0.8006,0.002991
DQN,small_grid,1,595,23532,-47.0,22,1,0.8004,0.004206
DQN,small_grid,1,596,23540,-5.0,8,1,0.8003,0.00581
DQN,small_grid,1,597,23544,7.0,4,1,0.8003,0.004577
DQN,small_grid,1,598,23593,-98.0,49,1,0.7999,0.002771
DQN,small_grid,1,599,23604,-8.0,11,1,0.7998,0.001317
DQN,small_grid,1,600,23620,-17.0,16,1,0.7997,0.000938
DQN,small_grid,1,601,23644,-37.0,24,1,0.7994,0.000691
DQN,small_grid,1,602,23647,8.0,3,1,0.7994,0.000866
DQN,small_grid,1,603,23701,-99.0,54,1,0.799,0.000691
DQN,small_grid,1,604,23754,-102.0,53,1,0.7985,0.000345
DQN,small_grid,1,605,23766,-17.0,12,1,0.7984,0.000128
DQN,small_grid,1,606,23788,-23.0,22,1,0.7982,0.000118
DQN,small_grid,1,607,23821,-50.0,33,1,0.7979,0.000134
DQN,small_grid,1,608,23869,-117.0,48,1,0.7975,0.000112
DQN,small_grid,1,609,23888,-32.0,19,1,0.7974,0.000117
DQN,small_grid,1,610,23909,-38.0,21,1,0.7972,9.3e-05
DQN,small_grid,1,611,23922,-30.0,13,1,0.7971,0.000104
DQN,small_grid,1,612,23939,-38.0,17,1,0.7969,0.000113
DQN,small_grid,1,613,23949,-15.0,10,1,0.7969,0.00012
DQN,small_grid,1,614,24011,-135.0,62,1,0.7963,0.001259
DQN,small_grid,1,615,24012,10.0,1,1,0.7963,0.008583
DQN,small_grid,1,616,24020,-13.0,8,1,0.7963,0.006295
DQN,small_grid,1,617,24036,-25.0,16,1,0.7961,0.010014
DQN,small_grid,1,618,24065,-54.0,29,1,0.7959,0.00846
DQN,small_grid,1,619,24081,-25.0,16,1,0.7957,0.004154
DQN,small_grid,1,620,24088,0.0,7,1,0.7957,0.005383
DQN,small_grid,1,621,24132,-93.0,44,1,0.7953,0.00384
DQN,small_grid,1,622,24180,-81.0,48,1,0.7949,0.001518
DQN,small_grid,1,623,24191,-24.0,11,1,0.7948,0.000896
DQN,small_grid,1,624,24199,-1.0,8,1,0.7947,0.0005
DQN,small_grid,1,625,24202,8.0,3,1,0.7947,0.000391
DQN,small_grid,1,626,24247,-78.0,45,1,0.7943,0.000413
DQN,small_grid,1,627,24260,-10.0,13,1,0.7942,0.000406
DQN,small_grid,1,628,24261,10.0,1,1,0.7942,0.000357
DQN,small_grid,1,629,24305,-89.0,44,1,0.7938,0.000362
DQN,small_grid,1,630,24333,-45.0,28,1,0.7936,0.000172
DQN,small_grid,1,631,24357,-37.0,24,1,0.7934,0.000114
DQN,small_grid,1,632,24369,-13.0,12,1,0.7933,0.000124
DQN,small_grid,1,633,24371,9.0,2,1,0.7933,0.000124
DQN,small_grid,1,634,24477,-227.0,106,1,0.7924,0.000107
DQN,small_grid,1,635,24480,4.0,3,1,0.7924,0.000131
DQN,small_grid,1,636,24499,-24.0,19,1,0.7922,0.000253
DQN,small_grid,1,637,24500,10.0,1,1,0.7922,0.002555
DQN,small_grid,1,638,24520,-25.0,20,1,0.792,0.003257
DQN,small_grid,1,639,24523,4.0,3,1,0.792,0.001939
DQN,small_grid,1,640,24530,-8.0,7,1,0.7919,0.001935
DQN,small_grid,1,641,24549,-24.0,19,1,0.7918,0.001393
DQN,small_grid,1,642,24598,-82.0,49,1,0.7914,0.001235
DQN,small_grid,1,643,24609,-12.0,11,1,0.7913,0.00079
DQN,small_grid,1,644,24616,0.0,7,1,0.7912,0.000611
DQN,small_grid,1,645,24661,-98.0,45,1,0.7908,0.000668
DQN,small_grid,1,646,24683,-55.0,22,1,0.7906,0.000565
DQN,small_grid,1,647,24685,9.0,2,1,0.7906,0.000498
DQN,small_grid,1,648,24703,-43.0,18,1,0.7905,0.000529
DQN,small_grid,1,649,24705,5.0,2,1,0.7904,0.000467
DQN,small_grid,1,650,24730,-42.0,25,1,0.7902,0.000586
DQN,small_grid,1,651,24760,-43.0,30,1,0.79,0.000504
DQN,small_grid,1,652,24799,-80.0,39,1,0.7897,0.000351
DQN,small_grid,1,653,24847,-89.0,48,1,0.7892,0.00039
DQN,small_grid,1,654,24921,-139.0,74,1,0.7886,0.000651
DQN,small_grid,1,655,24936,-20.0,15,1,0.7885,0.001267
DQN,small_grid,1,656,24955,-36.0,19,1,0.7883,0.001001
DQN,small_grid,1,657,25038,-168.0,83,1,0.7876,0.002617
DQN,small_grid,1,658,25048,-15.0,10,1,0.7875,0.002292
DQN,small_grid,1,659,25050,5.0,2,1,0.7875,0.003412
DQN,small_grid,1,660,25061,-8.0,11,1,0.7874,0.003304
DQN,small_grid,1,661,25068,0.0,7,1,0.7874,0.003981
DQN,small_grid,1,662,25085,-22.0,17,1,0.7872,0.003151
DQN,small_grid,1,663,25103,-15.0,18,1,0.7871,0.002002
DQN,small_grid,1,664,25124,-26.0,21,1,0.7869,0.001931
DQN,small_grid,1,665,25182,-91.0,58,1,0.7864,0.000981
DQN,small_grid,1,666,25194,-17.0,12,1,0.7863,0.000671
DQN,small_grid,1,667,25196,9.0,2,1,0.7863,0.00052
DQN,small_grid,1,668,25199,8.0,3,1,0.7863,0.000386
DQN,small_grid,1,669,25200,10.0,1,1,0.7863,0.000291
DQN,small_grid,1,670,25201,10.0,1,1,0.7862,0.000313
DQN,small_grid,1,671,25206,6.0,5,1,0.7862,0.000507
DQN,small_grid,1,672,25238,-61.0,32,1,0.7859,0.00028
DQN,small_grid,1,673,25267,-38.0,29,1,0.7857,0.000157
DQN,small_grid,1,674,25283,-13.0,16,1,0.7855,0.000144
DQN,small_grid,1,675,25317,-71.0,34,1,0.7853,0.000219
DQN,small_grid,1,676,25330,-14.0,13,1,0.7851,0.000333
DQN,small_grid,1,677,25339,-2.0,9,1,0.7851,0.000324
DQN,small_grid,1,678,25413,-143.0,74,1,0.7844,0.000445
DQN,small_grid,1,679,25426,-14.0,13,1,0.7843,0.0007
DQN,small_grid,1,680,25482,-117.0,56,1,0.7839,0.000443
DQN,small_grid,1,681,25491,-10.0,9,1,0.7838,0.000242
DQN,small_grid,1,682,25500,-18.0,9,1,0.7837,0.000936
DQN,small_grid,1,683,25501,10.0,1,1,0.7837,0.006653
DQN,small_grid,1,684,25507,1.0,6,1,0.7836,0.005333
DQN,small_grid,1,685,25516,-2.0,9,1,0.7836,0.004362
DQN,small_grid,1,686,25524,-5.0,8,1,0.7835,0.004097
DQN,small_grid,1,687,25543,-32.0,19,1,0.7833,0.005516
DQN,small_grid,1,688,25544,10.0,1,1,0.7833,0.010829
DQN,small_grid,1,689,25545,10.0,1,1,0.7833,0.004103
DQN,small_grid,1,690,25557,-9.0,12,1,0.7832,0.005986
DQN,small_grid,1,691,25565,-5.0,8,1,0.7832,0.00443
DQN,small_grid,1,692,25579,-11.0,14,1,0.783,0.003966
DQN,small_grid,1,693,25594,-20.0,15,1,0.7829,0.00232
DQN,small_grid,1,694,25617,-32.0,23,1,0.7827,0.001329
DQN,small_grid,1,695,25625,3.0,8,1,0.7826,0.000637
DQN,small_grid,1,696,25638,-6.0,13,1,0.7825,0.000571
DQN,small_grid,1,697,25654,-29.0,16,1,0.7824,0.000393
DQN,small_grid,1,698,25710,-109.0,56,1,0.7819,0.000348
DQN,small_grid,1,699,25716,-3.0,6,1,0.7819,0.000273
DQN,small_grid,1,700,25726,-11.0,10,1,0.7818,0.000227
DQN,small_grid,1,701,25757,-56.0,31,1,0.7815,0.000274
DQN,small_grid,1,702,25758,10.0,1,1,0.7815,0.000241
DQN,small_grid,1,703,25770,-13.0,12,1,0.7814,0.000256
DQN,small_grid,1,704,25791,-46.0,21,1,0.7812,0.000191
DQN,small_grid,1,705,25792,10.0,1,1,0.7812,0.000184
DQN,small_grid,1,706,25827,-84.0,35,1,0.7809,0.000292
DQN,small_grid,1,707,25885,-135.0,58,1,0.7804,0.00037
DQN,small_grid,1,708,25891,-7.0,6,1,0.7804,0.000269
DQN,small_grid,1,709,25960,-134.0,69,1,0.7798,0.000215
DQN,small_grid,1,710,25965,2.0,5,1,0.7798,0.000286
DQN,small_grid,1,711,25973,-5.0,8,1,0.7797,0.000251
DQN,small_grid,1,712,25996,-40.0,23,1,0.7795,0.000157
DQN,small_grid,1,713,26046,-87.0,50,1,0.7791,0.003892
DQN,small_grid,1,714,26067,-30.0,21,1,0.7789,0.003667
DQN,small_grid,1,715,26093,-63.0,26,1,0.7787,0.003682
DQN,small_grid,1,716,26098,-2.0,5,1,0.7786,0.005033
DQN,small_grid,1,717,26117,-28.0,19,1,0.7785,0.006048
DQN,small_grid,1,718,26142,-26.0,25,1,0.7783,0.004141
DQN,small_grid,1,719,26148,-3.0,6,1,0.7782,0.002564
DQN,small_grid,1,720,26154,5.0,6,1,0.7782,0.00253
DQN,small_grid,1,721,26173,-36.0,19,1,0.778,0.002217
DQN,small_grid,1,722,26204,-56.0,31,1,0.7777,0.00151
DQN,small_grid,1,723,26210,1.0,6,1,0.7777,0.000901
DQN,small_grid,1,724,26221,-4.0,11,1,0.7776,0.00066
DQN,small_grid,1,725,26224,8.0,3,1,0.7776,0.000755
DQN,small_grid,1,726,26278,-115.0,54,1,0.7771,0.00036
DQN,small_grid,1,727,26300,-31.0,22,1,0.7769,0.000548
DQN,small_grid,1,728,26324,-45.0,24,1,0.7767,0.000384
DQN,small_grid,1,729,26327,8.0,3,1,0.7767,0.000318
DQN,small_grid,1,730,26367,-69.0,40,1,0.7764,0.000184
DQN,small_grid,1,731,26372,2.0,5,1,0.7763,9.8e-05
DQN,small_grid,1,732,26427,-100.0,55,1,0.7758,9.3e-05
DQN,small_grid,1,733,26429,9.0,2,1,0.7758,0.000107
DQN,small_grid,1,734,26435,-7.0,6,1,0.7758,0.000104
DQN,small_grid,1,735,26467,-57.0,32,1,0.7755,0.000118
DQN,small_grid,1,736,26473,5.0,6,1,0.7755,0.000102
DQN,small_grid,1,737,26483,1.0,10,1,0.7754,8.3e-05
DQN,small_grid,1,738,26504,-46.0,21,1,0.7752,0.000975
DQN,small_grid,1,739,26514,-15.0,10,1,0.7751,0.003054
DQN,small_grid,1,740,26519,-2.0,5,1,0.7751,0.002735
DQN,small_grid,1,741,26550,-52.0,31,1,0.7748,0.002129
DQN,small_grid,1,742,26557,-4.0,7,1,0.7747,0.002529
DQN,small_grid,1,743,26561,7.0,4,1,0.7747,0.002004
DQN,small_grid,1,744,26604,-72.0,43,1,0.7743,0.002738
DQN,small_grid,1,745,26647,-88.0,43,1,0.774,0.000822
DQN,small_grid,1,746,26650,4.0,3,1,0.774,0.000648
DQN,small_grid,1,747,26651,10.0,1,1,0.7739,0.000699
DQN,small_grid,1,748,26666,-8.0,15,1,0.7738,0.000472
DQN,small_grid,1,749,26677,-8.0,11,1,0.7737,0.000332
DQN,small_grid,1,750,26688,-4.0,11,1,0.7736,0.000307
DQN,small_grid,1,751,26697,-18.0,9,1,0.7736,0.000197
DQN,small_grid,1,752,26699,9.0,2,1,0.7735,0.000155
DQN,small_grid,1,753,26719,-29.0,20,1,0.7734,0.000233
DQN,small_grid,1,754,26721,9.0,2,1,0.7733,0.000196
DQN,small_grid,1,755,26767,-99.0,46,1,0.773,0.000294
DQN,small_grid,1,756,26775,-1.0,8,1,0.7729,0.000327
DQN,small_grid,1,757,26787,-17.0,12,1,0.7728,0.000301
DQN,small_grid,1,758,26798,-4.0,11,1,0.7727,0.000195
DQN,small_grid,1,759,26812,-19.0,14,1,0.7726,0.000154
DQN,small_grid,1,760,26850,-91.0,38,1,0.7723,0.000123
DQN,small_grid,1,761,26868,-15.0,18,1,0.7721,0.000153
DQN,small_grid,1,762,26873,2.0,5,1,0.7721,0.000191
DQN,small_grid,1,763,26880,4.0,7,1,0.772,0.000187
DQN,small_grid,1,764,26886,1.0,6,1,0.7719,0.000231
DQN,small_grid,1,765,26917,-48.0,31,1,0.7717,0.000379
DQN,small_grid,1,766,26932,-16.0,15,1,0.7716,0.000872
DQN,small_grid,1,767,27004,-137.0,72,1,0.7709,0.000736
DQN,small_grid,1,768,27015,-8.0,11,1,0.7709,0.004086
DQN,small_grid,1,769,27021,5.0,6,1,0.7708,0.004438
DQN,small_grid,1,770,27030,-10.0,9,1,0.7707,0.003958
DQN,small_grid,1,771,27052,-47.0,22,1,0.7705,0.002868
DQN,small_grid,1,772,27059,-8.0,7,1,0.7705,0.002498
DQN,small_grid,1,773,27082,-32.0,23,1,0.7703,0.002546
DQN,small_grid,1,774,27099,-30.0,17,1,0.7701,0.001317
DQN,small_grid,1,775,27103,3.0,4,1,0.7701,0.001226
DQN,small_grid,1,776,27110,0.0,7,1,0.77,0.001201
DQN,small_grid,1,777,27119,-2.0,9,1,0.77,0.000909
DQN,small_grid,1,778,27120,10.0,1,1,0.77,0.000933
DQN,small_grid,1,779,27124,3.0,4,1,0.7699,0.000995
DQN,small_grid,1,780,27137,-18.0,13,1,0.7698,0.000686
DQN,small_grid,1,781,27140,8.0,3,1,0.7698,0.00072
DQN,small_grid,1,782,27143,4.0,3,1,0.7698,0.000506
DQN,small_grid,1,783,27176,-50.0,33,1,0.7695,0.000604
DQN,small_grid,1,784,27180,3.0,4,1,0.7695,0.000457
DQN,small_grid,1,785,27183,8.0,3,1,0.7694,0.000498
DQN,small_grid,1,786,27186,8.0,3,1,0.7694,0.000383
DQN,small_grid,1,787,27209,-32.0,23,1,0.7692,0.000367
DQN,small_grid,1,788,27228,-24.0,19,1,0.769,0.000258
DQN,small_grid,1,789,27238,-7.0,10,1,0.769,0.000202
DQN,small_grid,1,790,27245,4.0,7,1,0.7689,0.000151
DQN,small_grid,1,791,27271,-39.0,26,1,0.7687,0.000139
DQN,small_grid,1,792,27275,-5.0,4,1,0.7686,0.000115
DQN,small_grid,1,793,27327,-101.0,52,1,0.7682,0.000201
DQN,small_grid,1,794,27334,0.0,7,1,0.7681,0.00026
DQN,small_grid,1,795,27371,-66.0,37,1,0.7678,0.000282
DQN,small_grid,1,796,27385,-19.0,14,1,0.7677,0.000208
DQN,small_grid,1,797,27397,-21.0,12,1,0.7676,0.000154
DQN,small_grid,1,798,27398,10.0,1,1,0.7676,0.00012
DQN,small_grid,1,799,27432,-71.0,34,1,0.7673,0.000105
DQN,small_grid,1,800,27434,5.0,2,1,0.7673,0.000137
DuelingDQN,small_grid,1,1,143,-320.0,143,1,0.9988,
DuelingDQN,small_grid,1,2,195,-105.0,52,1,0.9984,
DuelingDQN,small_grid,1,3,370,-416.0,175,1,0.9969,
DuelingDQN,small_grid,1,4,489,-292.0,119,1,0.9959,
DuelingDQN,small_grid,1,5,517,-57.0,28,1,0.9956,
DuelingDQN,small_grid,1,6,518,10.0,1,1,0.9956,
DuelingDQN,small_grid,1,7,630,-237.0,112,1,0.9947,
DuelingDQN,small_grid,1,8,748,-319.0,118,1,0.9937,
DuelingDQN,small_grid,1,9,767,-32.0,19,1,0.9935,
DuelingDQN,small_grid,1,10,791,-49.0,24,1,0.9933,
DuelingDQN,small_grid,1,11,839,-121.0,48,1,0.9929,
DuelingDQN,small_grid,1,12,990,-400.0,151,1,0.9916,
DuelingDQN,small_grid,1,13,991,10.0,1,1,0.9916,
DuelingDQN,small_grid,1,14,1140,-374.0,149,1,0.9903,0.610118
DuelingDQN,small_grid,1,15,1141,10.0,1,1,0.9903,0.213313
DuelingDQN,small_grid,1,16,1170,-58.0,29,1,0.9901,0.15264
DuelingDQN,small_grid,1,17,1353,-460.0,183,1,0.9885,0.084313
DuelingDQN,small_grid,1,18,1415,-131.0,62,1,0.988,0.023187
DuelingDQN,small_grid,1,19,1615,-536.0,200,0,0.9863,0.132895
DuelingDQN,small_grid,1,20,1815,-528.0,200,0,0.9846,0.029196
DuelingDQN,small_grid,1,21,2015,-520.0,200,0,0.9829,0.074699
DuelingDQN,small_grid,1,22,2021,-3.0,6,1,0.9829,0.514497
DuelingDQN,small_grid,1,23,2094,-186.0,73,1,0.9822,0.154984
DuelingDQN,small_grid,1,24,2143,-90.0,49,1,0.9818,0.043016
DuelingDQN,small_grid,1,25,2309,-451.0,166,1,0.9804,0.021332
DuelingDQN,small_grid,1,26,2340,-76.0,31,1,0.9802,0.011319
DuelingDQN,small_grid,1,27,2376,-65.0,36,1,0.9799,0.007174
DuelingDQN,small_grid,1,28,2412,-77.0,36,1,0.9795,0.005254
DuelingDQN,small_grid,1,29,2436,-61.0,24,1,0.9793,0.003983
DuelingDQN,small_grid,1,30,2444,-1.0,8,1,0.9793,0.001306
DuelingDQN,small_grid,1,31,2541,-250.0,97,1,0.9785,0.343343
DuelingDQN,small_grid,1,32,2551,-15.0,10,1,0.9784,0.264062
DuelingDQN,small_grid,1,33,2585,-75.0,34,1,0.9781,0.179691
DuelingDQN,small_grid,1,34,2649,-141.0,64,1,0.9775,0.03992
DuelingDQN,small_grid,1,35,2676,-48.0,27,1,0.9773,0.009878
DuelingDQN,small_grid,1,36,2704,-61.0,28,1,0.9771,0.003853
DuelingDQN,small_grid,1,37,2760,-125.0,56,1,0.9766,0.001327
DuelingDQN,small_grid,1,38,2766,-3.0,6,1,0.9765,0.000636
DuelingDQN,small_grid,1,39,2966,-460.0,200,0,0.9749,0.000424
DuelingDQN,small_grid,1,40,2975,-14.0,9,1,0.9748,0.000419
DuelingDQN,small_grid,1,41,3082,-248.0,107,1,0.9739,0.464387
DuelingDQN,small_grid,1,42,3132,-79.0,50,1,0.9734,0.054673
DuelingDQN,small_grid,1,43,3234,-219.0,102,1,0.9726,0.008672
DuelingDQN,small_grid,1,44,3237,8.0,3,1,0.9726,0.002425
DuelingDQN,small_grid,1,45,3253,-29.0,16,1,0.9724,0.002061
DuelingDQN,small_grid,1,46,3452,-424.0,199,1,0.9707,0.000662
DuelingDQN,small_grid,1,47,3471,-44.0,19,1,0.9706,0.000265
DuelingDQN,small_grid,1,48,3555,-157.0,84,1,0.9699,0.471272
DuelingDQN,small_grid,1,49,3632,-198.0,77,1,0.9692,0.135915
DuelingDQN,small_grid,1,50,3832,-468.0,200,0,0.9675,0.019068
DuelingDQN,small_grid,1,51,4023,-420.0,191,1,0.9659,0.102761
DuelingDQN,small_grid,1,52,4073,-87.0,50,1,0.9655,0.169404
DuelingDQN,small_grid,1,53,4078,-2.0,5,1,0.9654,0.031562
DuelingDQN,small_grid,1,54,4127,-82.0,49,1,0.965,0.023467
DuelingDQN,small_grid,1,55,4221,-235.0,94,1,0.9642,0.002954
DuelingDQN,small_grid,1,56,4328,-216.0,107,1,0.9633,0.000322
DuelingDQN,small_grid,1,57,4411,-172.0,83,1,0.9626,0.000221
DuelingDQN,small_grid,1,58,4413,5.0,2,1,0.9626,0.000263
DuelingDQN,small_grid,1,59,4445,-81.0,32,1,0.9623,0.000223
DuelingDQN,small_grid,1,60,4483,-71.0,38,1,0.962,0.000281
DuelingDQN,small_grid,1,61,4668,-442.0,185,1,0.9604,0.127592
DuelingDQN,small_grid,1,62,4770,-219.0,102,1,0.9595,0.000316
DuelingDQN,small_grid,1,63,4776,-7.0,6,1,0.9595,0.000109
DuelingDQN,small_grid,1,64,4781,2.0,5,1,0.9595,0.000124
DuelingDQN,small_grid,1,65,4808,-36.0,27,1,0.9592,0.000105
DuelingDQN,small_grid,1,66,4966,-367.0,158,1,0.9579,9.5e-05
DuelingDQN,small_grid,1,67,5008,-71.0,42,1,0.9575,0.124803
DuelingDQN,small_grid,1,68,5084,-157.0,76,1,0.9569,0.077504
DuelingDQN,small_grid,1,69,5088,7.0,4,1,0.9569,0.008414
DuelingDQN,small_grid,1,70,5285,-438.0,197,1,0.9552,0.0009
DuelingDQN,small_grid,1,71,5314,-74.0,29,1,0.9549,0.000124
DuelingDQN,small_grid,1,72,5514,-472.0,200,0,0.9532,0.000752
DuelingDQN,small_grid,1,73,5542,-33.0,28,1,0.953,0.002283
DuelingDQN,small_grid,1,74,5553,-12.0,11,1,0.9529,0.000684
DuelingDQN,small_grid,1,75,5680,-296.0,127,1,0.9518,0.000139
DuelingDQN,small_grid,1,76,5692,-9.0,12,1,0.9517,4.6e-05
DuelingDQN,small_grid,1,77,5892,-492.0,200,0,0.95,3.3e-05
DuelingDQN,small_grid,1,78,5923,-88.0,31,1,0.9498,3.8e-05
DuelingDQN,small_grid,1,79,6000,-150.0,77,1,0.9491,0.000123
DuelingDQN,small_grid,1,80,6005,2.0,5,1,0.9491,0.004773
DuelingDQN,small_grid,1,81,6205,-532.0,200,0,0.9474,0.000514
DuelingDQN,small_grid,1,82,6285,-217.0,80,1,0.9467,2.7e-05
DuelingDQN,small_grid,1,83,6335,-91.0,50,1,0.9463,3e-05
DuelingDQN,small_grid,1,84,6380,-94.0,45,1,0.9459,3.3e-05
DuelingDQN,small_grid,1,85,6408,-41.0,28,1,0.9457,3.5e-05
DuelingDQN,small_grid,1,86,6437,-30.0,29,1,0.9454,4.6e-05
DuelingDQN,small_grid,1,87,6460,-32.0,23,1,0.9452,4e-05
DuelingDQN,small_grid,1,88,6472,-21.0,12,1,0.9451,2.3e-05
DuelingDQN,small_grid,1,89,6524,-133.0,52,1,0.9447,0.000248
DuelingDQN,small_grid,1,90,6606,-231.0,82,1,0.944,0.000114
DuelingDQN,small_grid,1,91,6632,-35.0,26,1,0.9438,4.1e-05
DuelingDQN,small_grid,1,92,6691,-116.0,59,1,0.9433,4.3e-05
DuelingDQN,small_grid,1,93,6759,-141.0,68,1,0.9427,5.9e-05
DuelingDQN,small_grid,1,94,6937,-415.0,178,1,0.9412,5.2e-05
DuelingDQN,small_grid,1,95,6950,-26.0,13,1,0.9411,9.2e-05
DuelingDQN,small_grid,1,96,6977,-68.0,27,1,0.9408,7.6e-05
DuelingDQN,small_grid,1,97,7042,-138.0,65,1,0.9403,0.000351
DuelingDQN,small_grid,1,98,7052,-3.0,10,1,0.9402,0.000256
DuelingDQN,small_grid,1,99,7059,-8.0,7,1,0.9401,0.000233
DuelingDQN,small_grid,1,100,7087,-49.0,28,1,0.9399,0.000349
DuelingDQN,small_grid,1,101,7140,-130.0,53,1,0.9394,0.000601
DuelingDQN,small_grid,1,102,7226,-183.0,86,1,0.9387,0.000873
DuelingDQN,small_grid,1,103,7252,-43.0,26,1,0.9385,0.000692
DuelingDQN,small_grid,1,104,7277,-54.0,25,1,0.9383,0.001138
DuelingDQN,small_grid,1,105,7321,-93.0,44,1,0.9379,0.000987
DuelingDQN,small_grid,1,106,7325,-1.0,4,1,0.9379,0.000591
DuelingDQN,small_grid,1,107,7398,-126.0,73,1,0.9373,0.000742
DuelingDQN,small_grid,1,108,7451,-86.0,53,1,0.9368,0.000726
DuelingDQN,small_grid,1,109,7460,-2.0,9,1,0.9367,0.001859
DuelingDQN,small_grid,1,110,7505,-94.0,45,1,0.9364,0.001821
DuelingDQN,small_grid,1,111,7508,4.0,3,1,0.9363,0.006274
DuelingDQN,small_grid,1,112,7528,-53.0,20,1,0.9362,0.005116
DuelingDQN,small_grid,1,113,7592,-165.0,64,1,0.9356,0.0047
DuelingDQN,small_grid,1,114,7695,-232.0,103,1,0.9347,0.001339
DuelingDQN,small_grid,1,115,7757,-151.0,62,1,0.9342,0.001208
DuelingDQN,small_grid,1,116,7806,-122.0,49,1,0.9338,0.000679
DuelingDQN,small_grid,1,117,7924,-283.0,118,1,0.9328,0.000156
DuelingDQN,small_grid,1,118,7973,-126.0,49,1,0.9324,8e-05
DuelingDQN,small_grid,1,119,8047,-163.0,74,1,0.9318,0.002563
DuelingDQN,small_grid,1,120,8073,-47.0,26,1,0.9315,0.002992
DuelingDQN,small_grid,1,121,8086,-14.0,13,1,0.9314,0.001997
DuelingDQN,small_grid,1,122,8090,-5.0,4,1,0.9314,0.00152
DuelingDQN,small_grid,1,123,8189,-252.0,99,1,0.9305,0.002767
DuelingDQN,small_grid,1,124,8301,-321.0,112,1,0.9296,0.002549
DuelingDQN,small_grid,1,125,8362,-126.0,61,1,0.9291,0.000671
DuelingDQN,small_grid,1,126,8374,-21.0,12,1,0.929,0.000313
DuelingDQN,small_grid,1,127,8393,-40.0,19,1,0.9288,0.000348
DuelingDQN,small_grid,1,128,8530,-386.0,137,1,0.9277,0.002256
DuelingDQN,small_grid,1,129,8535,6.0,5,1,0.9276,0.008184
DuelingDQN,small_grid,1,130,8619,-217.0,84,1,0.9269,0.010929
DuelingDQN,small_grid,1,131,8765,-299.0,146,1,0.9257,0.001584
DuelingDQN,small_grid,1,132,8766,10.0,1,1,0.9257,0.000106
DuelingDQN,small_grid,1,133,8772,-3.0,6,1,0.9256,8.7e-05
DuelingDQN,small_grid,1,134,8822,-95.0,50,1,0.9252,8.8e-05
DuelingDQN,small_grid,1,135,8850,-65.0,28,1,0.9249,6.3e-05
DuelingDQN,small_grid,1,136,8869,-40.0,19,1,0.9248,5.9e-05
DuelingDQN,small_grid,1,137,8920,-132.0,51,1,0.9243,5.8e-05
DuelingDQN,small_grid,1,138,8973,-118.0,53,1,0.9239,6e-05
DuelingDQN,small_grid,1,139,8993,-53.0,20,1,0.9237,8.4e-05
DuelingDQN,small_grid,1,140,9085,-197.0,92,1,0.9229,0.002852
DuelingDQN,small_grid,1,141,9131,-87.0,46,1,0.9226,0.000673
DuelingDQN,small_grid,1,142,9132,10.0,1,1,0.9225,0.000332
DuelingDQN,small_grid,1,143,9178,-107.0,46,1,0.9222,0.00042
DuelingDQN,small_grid,1,144,9180,9.0,2,1,0.9221,0.000241
DuelingDQN,small_grid,1,145,9243,-160.0,63,1,0.9216,0.000179
DuelingDQN,small_grid,1,146,9343,-181.0,100,1,0.9208,6.1e-05
DuelingDQN,small_grid,1,147,9412,-158.0,69,1,0.9202,7.9e-05
DuelingDQN,small_grid,1,148,9414,9.0,2,1,0.9202,7.1e-05
DuelingDQN,small_grid,1,149,9430,-25.0,16,1,0.92,8.6e-05
DuelingDQN,small_grid,1,150,9438,3.0,8,1,0.92,0.000108
DuelingDQN,small_grid,1,151,9599,-334.0,161,1,0.9186,0.001812
DuelingDQN,small_grid,1,152,9621,-47.0,22,1,0.9184,0.001957
DuelingDQN,small_grid,1,153,9724,-272.0,103,1,0.9175,0.001698
DuelingDQN,small_grid,1,154,9865,-330.0,141,1,0.9163,0.001779
DuelingDQN,small_grid,1,155,9920,-104.0,55,1,0.9159,0.001551
DuelingDQN,small_grid,1,156,9928,3.0,8,1,0.9158,0.002962
DuelingDQN,small_grid,1,157,9968,-81.0,40,1,0.9155,0.004114
DuelingDQN,small_grid,1,158,10059,-236.0,91,1,0.9147,0.003669
DuelingDQN,small_grid,1,159,10066,-8.0,7,1,0.9146,0.001979
DuelingDQN,small_grid,1,160,10174,-213.0,108,1,0.9137,0.001116
DuelingDQN,small_grid,1,161,10346,-429.0,172,1,0.9123,0.000289
DuelingDQN,small_grid,1,162,10396,-147.0,50,1,0.9118,0.000317
DuelingDQN,small_grid,1,163,10399,8.0,3,1,0.9118,0.000343
DuelingDQN,small_grid,1,164,10400,10.0,1,1,0.9118,0.000879
DuelingDQN,small_grid,1,165,10581,-450.0,181,1,0.9103,0.002448
DuelingDQN,small_grid,1,166,10627,-111.0,46,1,0.9099,0.00422
DuelingDQN,small_grid,1,167,10746,-212.0,119,1,0.9089,0.001175
DuelingDQN,small_grid,1,168,10765,-52.0,19,1,0.9087,0.00048
DuelingDQN,small_grid,1,169,10813,-89.0,48,1,0.9083,0.000296
DuelingDQN,small_grid,1,170,10974,-330.0,161,1,0.9069,0.000336
DuelingDQN,small_grid,1,171,11050,-165.0,76,1,0.9063,0.003948
DuelingDQN,small_grid,1,172,11067,-26.0,17,1,0.9061,0.004286
DuelingDQN,small_grid,1,173,11187,-217.0,120,1,0.9051,0.001669
DuelingDQN,small_grid,1,174,11197,-7.0,10,1,0.905,0.000816
DuelingDQN,small_grid,1,175,11228,-64.0,31,1,0.9048,0.0007
DuelingDQN,small_grid,1,176,11231,8.0,3,1,0.9047,0.00046
DuelingDQN,small_grid,1,177,11232,10.0,1,1,0.9047,0.000454
DuelingDQN,small_grid,1,178,11244,-9.0,12,1,0.9046,0.000399
DuelingDQN,small_grid,1,179,11282,-59.0,38,1,0.9043,0.000297
DuelingDQN,small_grid,1,180,11343,-122.0,61,1,0.9038,0.000225
DuelingDQN,small_grid,1,181,11374,-36.0,31,1,0.9035,0.000224
DuelingDQN,small_grid,1,182,11421,-112.0,47,1,0.9031,0.00019
DuelingDQN,small_grid,1,183,11443,-35.0,22,1,0.9029,0.000227
DuelingDQN,small_grid,1,184,11450,0.0,7,1,0.9029,0.000225
DuelingDQN,small_grid,1,185,11471,-18.0,21,1,0.9027,0.000297
DuelingDQN,small_grid,1,186,11485,-15.0,14,1,0.9026,0.000364
DuelingDQN,small_grid,1,187,11524,-104.0,39,1,0.9023,0.004778
DuelingDQN,small_grid,1,188,11552,-77.0,28,1,0.902,0.006036
DuelingDQN,small_grid,1,189,11560,-9.0,8,1,0.902,0.004658
DuelingDQN,small_grid,1,190,11565,6.0,5,1,0.9019,0.00458
DuelingDQN,small_grid,1,191,11669,-249.0,104,1,0.901,0.002658
DuelingDQN,small_grid,1,192,11721,-97.0,52,1,0.9006,0.001001
DuelingDQN,small_grid,1,193,11734,-22.0,13,1,0.9005,0.000779
DuelingDQN,small_grid,1,194,11737,4.0,3,1,0.9005,0.000669
DuelingDQN,small_grid,1,195,11757,-41.0,20,1,0.9003,0.000798
DuelingDQN,small_grid,1,196,11776,-40.0,19,1,0.9001,0.00126
DuelingDQN,small_grid,1,197,11830,-111.0,54,1,0.8997,0.000537
DuelingDQN,small_grid,1,198,11942,-273.0,112,1,0.8987,0.000135
DuelingDQN,small_grid,1,199,11972,-47.0,30,1,0.8985,0.000145
DuelingDQN,small_grid,1,200,11983,-12.0,11,1,0.8984,0.000131
DuelingDQN,small_grid,1,201,12109,-315.0,126,1,0.8973,0.004744
DuelingDQN,small_grid,1,202,12119,-3.0,10,1,0.8972,0.00465
DuelingDQN,small_grid,1,203,12120,10.0,1,1,0.8972,0.005106
DuelingDQN,small_grid,1,204,12139,-20.0,19,1,0.897,0.003073
DuelingDQN,small_grid,1,205,12192,-122.0,53,1,0.8966,0.001414
DuelingDQN,small_grid,1,206,12202,-11.0,10,1,0.8965,0.000929
DuelingDQN,small_grid,1,207,12341,-280.0,139,1,0.8953,0.000479
DuelingDQN,small_grid,1,208,12360,-48.0,19,1,0.8952,0.000138
DuelingDQN,small_grid,1,209,12388,-53.0,28,1,0.8949,8.9e-05
DuelingDQN,small_grid,1,210,12395,0.0,7,1,0.8949,5.3e-05
DuelingDQN,small_grid,1,211,12398,0.0,3,1,0.8948,5.3e-05
DuelingDQN,small_grid,1,212,12437,-68.0,39,1,0.8945,4.2e-05
DuelingDQN,small_grid,1,213,12475,-95.0,38,1,0.8942,3.4e-05
DuelingDQN,small_grid,1,214,12499,-61.0,24,1,0.894,4.8e-05
DuelingDQN,small_grid,1,215,12578,-172.0,79,1,0.8933,0.003725
DuelingDQN,small_grid,1,216,12580,9.0,2,1,0.8933,0.002998
DuelingDQN,small_grid,1,217,12604,-53.0,24,1,0.8931,0.00228
DuelingDQN,small_grid,1,218,12611,-4.0,7,1,0.893,0.001576
DuelingDQN,small_grid,1,219,12653,-99.0,42,1,0.8927,0.001622
DuelingDQN,small_grid,1,220,12654,10.0,1,1,0.8927,0.001249
DuelingDQN,small_grid,1,221,12662,-1.0,8,1,0.8926,0.001134
DuelingDQN,small_grid,1,222,12663,10.0,1,1,0.8926,0.000577
DuelingDQN,small_grid,1,223,12694,-60.0,31,1,0.8923,0.001183
DuelingDQN,small_grid,1,224,12717,-36.0,23,1,0.8921,0.001325
DuelingDQN,small_grid,1,225,12748,-48.0,31,1,0.8919,0.001105
DuelingDQN,small_grid,1,226,12788,-81.0,40,1,0.8915,0.000886
DuelingDQN,small_grid,1,227,12816,-33.0,28,1,0.8913,0.000392
DuelingDQN,small_grid,1,228,12868,-125.0,52,1,0.8909,0.000438
DuelingDQN,small_grid,1,229,12891,-40.0,23,1,0.8907,0.000461
DuelingDQN,small_grid,1,230,13005,-263.0,114,1,0.8897,0.000456
DuelingDQN,small_grid,1,231,13067,-143.0,62,1,0.8892,0.001922
DuelingDQN,small_grid,1,232,13069,9.0,2,1,0.8892,0.002689
DuelingDQN,small_grid,1,233,13111,-79.0,42,1,0.8888,0.003564
DuelingDQN,small_grid,1,234,13142,-64.0,31,1,0.8885,0.002813
DuelingDQN,small_grid,1,235,13342,-472.0,200,0,0.8868,0.000849
DuelingDQN,small_grid,1,236,13357,-16.0,15,1,0.8867,5e-05
DuelingDQN,small_grid,1,237,13374,-50.0,17,1,0.8866,5.1e-05
DuelingDQN,small_grid,1,238,13487,-254.0,113,1,0.8856,7.4e-05
DuelingDQN,small_grid,1,239,13538,-88.0,51,1,0.8852,0.001742
DuelingDQN,small_grid,1,240,13545,0.0,7,1,0.8851,0.002193
DuelingDQN,small_grid,1,241,13555,-7.0,10,1,0.885,0.002861
DuelingDQN,small_grid,1,242,13570,-8.0,15,1,0.8849,0.002881
DuelingDQN,small_grid,1,243,13586,-13.0,16,1,0.8848,0.002412
DuelingDQN,small_grid,1,244,13631,-70.0,45,1,0.8844,0.001661
DuelingDQN,small_grid,1,245,13665,-55.0,34,1,0.8841,0.001087
DuelingDQN,small_grid,1,246,13694,-46.0,29,1,0.8839,0.001025
DuelingDQN,small_grid,1,247,13704,-3.0,10,1,0.8838,0.001275
DuelingDQN,small_grid,1,248,13729,-50.0,25,1,0.8836,0.000968
DuelingDQN,small_grid,1,249,13730,10.0,1,1,0.8835,0.001286
DuelingDQN,small_grid,1,250,13740,-15.0,10,1,0.8835,0.001653
DuelingDQN,small_grid,1,251,13760,-37.0,20,1,0.8833,0.001425
DuelingDQN,small_grid,1,252,13828,-177.0,68,1,0.8827,0.001102
DuelingDQN,small_grid,1,253,13830,5.0,2,1,0.8827,0.000737
DuelingDQN,small_grid,1,254,13838,3.0,8,1,0.8826,0.000688
DuelingDQN,small_grid,1,255,13842,7.0,4,1,0.8826,0.0006
DuelingDQN,small_grid,1,256,13846,-1.0,4,1,0.8826,0.001129
DuelingDQN,small_grid,1,257,13867,-34.0,21,1,0.8824,0.001314
DuelingDQN,small_grid,1,258,13868,10.0,1,1,0.8824,0.000863
DuelingDQN,small_grid,1,259,13875,-8.0,7,1,0.8823,0.001211
DuelingDQN,small_grid,1,260,14006,-272.0,131,1,0.8812,0.001212
DuelingDQN,small_grid,1,261,14024,-23.0,18,1,0.8811,0.001609
DuelingDQN,small_grid,1,262,14060,-61.0,36,1,0.8807,0.001098
DuelingDQN,small_grid,1,263,14098,-115.0,38,1,0.8804,0.000678
DuelingDQN,small_grid,1,264,14157,-120.0,59,1,0.8799,0.000407
DuelingDQN,small_grid,1,265,14159,9.0,2,1,0.8799,0.000339
DuelingDQN,small_grid,1,266,14228,-162.0,69,1,0.8793,0.000254
DuelingDQN,small_grid,1,267,14253,-54.0,25,1,0.8791,0.000925
DuelingDQN,small_grid,1,268,14275,-39.0,22,1,0.8789,0.001597
DuelingDQN,small_grid,1,269,14276,10.0,1,1,0.8789,0.001516
DuelingDQN,small_grid,1,270,14302,-67.0,26,1,0.8787,0.001317
DuelingDQN,small_grid,1,271,14477,-400.0,175,1,0.8772,0.001106
DuelingDQN,small_grid,1,272,14605,-281.0,128,1,0.8761,0.001488
DuelingDQN,small_grid,1,273,14711,-215.0,106,1,0.8752,0.000484
DuelingDQN,small_grid,1,274,14717,-3.0,6,1,0.8752,0.000471
DuelingDQN,small_grid,1,275,14734,-22.0,17,1,0.875,0.000513
DuelingDQN,small_grid,1,276,14849,-244.0,115,1,0.8741,0.000749
DuelingDQN,small_grid,1,277,14858,-14.0,9,1,0.874,0.000516
DuelingDQN,small_grid,1,278,15030,-381.0,172,1,0.8725,0.002038
DuelingDQN,small_grid,1,279,15035,2.0,5,1,0.8725,0.003518
DuelingDQN,small_grid,1,280,15182,-308.0,147,1,0.8712,0.002511
DuelingDQN,small_grid,1,281,15204,-23.0,22,1,0.871,0.001238
DuelingDQN,small_grid,1,282,15208,3.0,4,1,0.871,0.001162
DuelingDQN,small_grid,1,283,15216,-9.0,8,1,0.8709,0.000942
DuelingDQN,small_grid,1,284,15352,-293.0,136,1,0.8698,0.00065
DuelingDQN,small_grid,1,285,15384,-49.0,32,1,0.8695,0.000438
DuelingDQN,small_grid,1,286,15480,-213.0,96,1,0.8687,9.2e-05
DuelingDQN,small_grid,1,287,15516,-69.0,36,1,0.8684,0.001145
DuelingDQN,small_grid,1,288,15581,-138.0,65,1,0.8678,0.001802
DuelingDQN,small_grid,1,289,15599,-23.0,18,1,0.8677,0.00245
DuelingDQN,small_grid,1,290,15639,-77.0,40,1,0.8674,0.002194
DuelingDQN,small_grid,1,291,15640,10.0,1,1,0.8673,0.000869
DuelingDQN,small_grid,1,292,15648,-1.0,8,1,0.8673,0.001228
DuelingDQN,small_grid,1,293,15659,-8.0,11,1,0.8672,0.001553
DuelingDQN,small_grid,1,294,15660,10.0,1,1,0.8672,0.002222
DuelingDQN,small_grid,1,295,15735,-140.0,75,1,0.8665,0.002564
DuelingDQN,small_grid,1,296,15772,-42.0,37,1,0.8662,0.001472
DuelingDQN,small_grid,1,297,15793,-22.0,21,1,0.866,0.000949
DuelingDQN,small_grid,1,298,15804,-12.0,11,1,0.866,0.000633
DuelingDQN,small_grid,1,299,15824,-33.0,20,1,0.8658,0.000785
DuelingDQN,small_grid,1,300,15828,3.0,4,1,0.8658,0.00048
DuelingDQN,small_grid,1,301,15831,8.0,3,1,0.8657,0.000633
DuelingDQN,small_grid,1,302,15853,-31.0,22,1,0.8655,0.000369
DuelingDQN,small_grid,1,303,15939,-179.0,86,1,0.8648,0.000153
DuelingDQN,small_grid,1,304,15943,3.0,4,1,0.8648,0.00011
DuelingDQN,small_grid,1,305,15960,-34.0,17,1,0.8646,0.000136
DuelingDQN,small_grid,1,306,16055,-220.0,95,1,0.8638,0.001028
DuelingDQN,small_grid,1,307,16060,6.0,5,1,0.8638,0.001868
DuelingDQN,small_grid,1,308,16152,-201.0,92,1,0.863,0.00111
DuelingDQN,small_grid,1,309,16198,-91.0,46,1,0.8626,0.000316
DuelingDQN,small_grid,1,310,16203,2.0,5,1,0.8626,0.000202
DuelingDQN,small_grid,1,311,16255,-141.0,52,1,0.8621,0.000275
DuelingDQN,small_grid,1,312,16343,-197.0,88,1,0.8614,0.000233
DuelingDQN,small_grid,1,313,16372,-46.0,29,1,0.8611,0.000184
DuelingDQN,small_grid,1,314,16375,4.0,3,1,0.8611,0.000158
DuelingDQN,small_grid,1,315,16417,-95.0,42,1,0.8608,0.000149
DuelingDQN,small_grid,1,316,16524,-232.0,107,1,0.8598,0.000592
DuelingDQN,small_grid,1,317,16555,-68.0,31,1,0.8596,0.002322
DuelingDQN,small_grid,1,318,16574,-44.0,19,1,0.8594,0.004176
DuelingDQN,small_grid,1,319,16600,-59.0,26,1,0.8592,0.00289
DuelingDQN,small_grid,1,320,16647,-104.0,47,1,0.8588,0.005073
DuelingDQN,small_grid,1,321,16664,-30.0,17,1,0.8587,0.004759
DuelingDQN,small_grid,1,322,16715,-104.0,51,1,0.8582,0.002741
DuelingDQN,small_grid,1,323,16759,-101.0,44,1,0.8579,0.001254
DuelingDQN,small_grid,1,324,16782,-28.0,23,1,0.8577,0.000749
DuelingDQN,small_grid,1,325,16814,-49.0,32,1,0.8574,0.000365
DuelingDQN,small_grid,1,326,16837,-36.0,23,1,0.8572,0.000274
DuelingDQN,small_grid,1,327,16856,-28.0,19,1,0.857,0.000211
DuelingDQN,small_grid,1,328,16879,-24.0,23,1,0.8568,0.000134
DuelingDQN,small_grid,1,329,16898,-20.0,19,1,0.8567,0.000124
DuelingDQN,small_grid,1,330,16903,2.0,5,1,0.8566,0.000129
DuelingDQN,small_grid,1,331,16920,-26.0,17,1,0.8565,0.000106
DuelingDQN,small_grid,1,332,16921,10.0,1,1,0.8565,0.000135
DuelingDQN,small_grid,1,333,16926,6.0,5,1,0.8564,6e-05
DuelingDQN,small_grid,1,334,16938,-13.0,12,1,0.8563,6.2e-05
DuelingDQN,small_grid,1,335,17094,-385.0,156,1,0.855,0.000703
DuelingDQN,small_grid,1,336,17112,-11.0,18,1,0.8549,0.000502
DuelingDQN,small_grid,1,337,17223,-268.0,111,1,0.8539,0.000253
DuelingDQN,small_grid,1,338,17227,-1.0,4,1,0.8539,0.000149
DuelingDQN,small_grid,1,339,17251,-49.0,24,1,0.8537,0.000199
DuelingDQN,small_grid,1,340,17256,6.0,5,1,0.8536,0.000234
DuelingDQN,small_grid,1,341,17287,-60.0,31,1,0.8534,0.000287
DuelingDQN,small_grid,1,342,17298,-20.0,11,1,0.8533,0.000483
DuelingDQN,small_grid,1,343,17330,-85.0,32,1,0.853,0.000497
DuelingDQN,small_grid,1,344,17343,-14.0,13,1,0.8529,0.000486
DuelingDQN,small_grid,1,345,17367,-41.0,24,1,0.8527,0.000436
DuelingDQN,small_grid,1,346,17381,-7.0,14,1,0.8526,0.000363
DuelingDQN,small_grid,1,347,17403,-47.0,22,1,0.8524,0.00045
DuelingDQN,small_grid,1,348,17410,-4.0,7,1,0.8523,0.000372
DuelingDQN,small_grid,1,349,17460,-107.0,50,1,0.8519,0.00033
DuelingDQN,small_grid,1,350,17548,-185.0,88,1,0.8512,0.000705
DuelingDQN,small_grid,1,351,17606,-111.0,58,1,0.8507,0.001035
DuelingDQN,small_grid,1,352,17649,-76.0,43,1,0.8503,0.00108
DuelingDQN,small_grid,1,353,17675,-59.0,26,1,0.8501,0.001595
DuelingDQN,small_grid,1,354,17711,-69.0,36,1,0.8498,0.000916
DuelingDQN,small_grid,1,355,17715,7.0,4,1,0.8497,0.000462
DuelingDQN,small_grid,1,356,17805,-175.0,90,1,0.849,0.000543
DuelingDQN,small_grid,1,357,17852,-80.0,47,1,0.8486,0.000569
DuelingDQN,small_grid,1,358,17864,-13.0,12,1,0.8485,0.000407
DuelingDQN,small_grid,1,359,17874,-3.0,10,1,0.8484,0.000434
DuelingDQN,small_grid,1,360,17875,10.0,1,1,0.8484,0.00031
DuelingDQN,small_grid,1,361,17895,-25.0,20,1,0.8482,0.000414
DuelingDQN,small_grid,1,362,17933,-83.0,38,1,0.8479,0.000391
DuelingDQN,small_grid,1,363,17957,-49.0,24,1,0.8477,0.000315
DuelingDQN,small_grid,1,364,17987,-75.0,30,1,0.8474,0.000347
DuelingDQN,small_grid,1,365,18060,-138.0,73,1,0.8468,0.001305
DuelingDQN,small_grid,1,366,18125,-138.0,65,1,0.8463,0.002178
DuelingDQN,small_grid,1,367,18131,-3.0,6,1,0.8462,0.00207
DuelingDQN,small_grid,1,368,18180,-90.0,49,1,0.8458,0.001488
DuelingDQN,small_grid,1,369,18185,6.0,5,1,0.8458,0.000692
DuelingDQN,small_grid,1,370,18221,-101.0,36,1,0.8455,0.000365
DuelingDQN,small_grid,1,371,18228,-4.0,7,1,0.8454,0.000238
DuelingDQN,small_grid,1,372,18229,10.0,1,1,0.8454,0.000304
DuelingDQN,small_grid,1,373,18237,-5.0,8,1,0.8453,0.000326
DuelingDQN,small_grid,1,374,18250,-26.0,13,1,0.8452,0.000235
DuelingDQN,small_grid,1,375,18296,-71.0,46,1,0.8448,0.000172
DuelingDQN,small_grid,1,376,18297,10.0,1,1,0.8448,8.7e-05
DuelingDQN,small_grid,1,377,18477,-401.0,180,1,0.8433,0.000103
DuelingDQN,small_grid,1,378,18548,-184.0,71,1,0.8427,0.001228
DuelingDQN,small_grid,1,379,18567,-20.0,19,1,0.8425,0.002357
DuelingDQN,small_grid,1,380,18705,-303.0,138,1,0.8414,0.003728
DuelingDQN,small_grid,1,381,18728,-48.0,23,1,0.8412,0.002557
DuelingDQN,small_grid,1,382,18736,3.0,8,1,0.8411,0.001292
DuelingDQN,small_grid,1,383,18771,-76.0,35,1,0.8408,0.001237
DuelingDQN,small_grid,1,384,18775,3.0,4,1,0.8408,0.000747
DuelingDQN,small_grid,1,385,18789,-11.0,14,1,0.8406,0.000505
DuelingDQN,small_grid,1,386,18800,-12.0,11,1,0.8405,0.000398
DuelingDQN,small_grid,1,387,18813,-18.0,13,1,0.8404,0.000374
DuelingDQN,small_grid,1,388,18842,-58.0,29,1,0.8402,0.000382
DuelingDQN,small_grid,1,389,18856,-15.0,14,1,0.8401,0.000205
DuelingDQN,small_grid,1,390,18877,-42.0,21,1,0.8399,8.7e-05
DuelingDQN,small_grid,1,391,18884,0.0,7,1,0.8398,4.7e-05
DuelingDQN,small_grid,1,392,18889,-6.0,5,1,0.8398,4.8e-05
DuelingDQN,small_grid,1,393,18894,2.0,5,1,0.8397,4.3e-05
DuelingDQN,small_grid,1,394,18923,-46.0,29,1,0.8395,3.2e-05
DuelingDQN,small_grid,1,395,18928,6.0,5,1,0.8395,3.2e-05
DuelingDQN,small_grid,1,396,18930,9.0,2,1,0.8394,3e-05
DuelingDQN,small_grid,1,397,18956,-39.0,26,1,0.8392,2.4e-05
DuelingDQN,small_grid,1,398,18960,-1.0,4,1,0.8392,2.5e-05
DuelingDQN,small_grid,1,399,18984,-45.0,24,1,0.839,2.1e-05
DuelingDQN,small_grid,1,400,19031,-96.0,47,1,0.8386,0.000705
DuelingDQN,small_grid,1,401,19035,3.0,4,1,0.8386,0.000643
DuelingDQN,small_grid,1,402,19080,-74.0,45,1,0.8382,0.000422
DuelingDQN,small_grid,1,403,19081,10.0,1,1,0.8382,0.000711
DuelingDQN,small_grid,1,404,19092,-8.0,11,1,0.8381,0.000443
DuelingDQN,small_grid,1,405,19145,-114.0,53,1,0.8376,0.00031
DuelingDQN,small_grid,1,406,19200,-92.0,55,1,0.8372,0.0002
DuelingDQN,small_grid,1,407,19210,-3.0,10,1,0.8371,0.000215
DuelingDQN,small_grid,1,408,19234,-37.0,24,1,0.8369,0.000196
DuelingDQN,small_grid,1,409,19240,1.0,6,1,0.8368,0.000274
DuelingDQN,small_grid,1,410,19252,-9.0,12,1,0.8367,0.000298
DuelingDQN,small_grid,1,411,19255,4.0,3,1,0.8367,0.000378
DuelingDQN,small_grid,1,412,19277,-27.0,22,1,0.8365,0.00048
DuelingDQN,small_grid,1,413,19281,3.0,4,1,0.8365,0.000745
DuelingDQN,small_grid,1,414,19317,-57.0,36,1,0.8362,0.000827
DuelingDQN,small_grid,1,415,19318,10.0,1,1,0.8362,0.000761
DuelingDQN,small_grid,1,416,19324,-7.0,6,1,0.8361,0.000916
DuelingDQN,small_grid,1,417,19384,-109.0,60,1,0.8356,0.00221
DuelingDQN,small_grid,1,418,19400,-17.0,16,1,0.8355,0.002458
DuelingDQN,small_grid,1,419,19416,-25.0,16,1,0.8353,0.002283
DuelingDQN,small_grid,1,420,19417,10.0,1,1,0.8353,0.001391
DuelingDQN,small_grid,1,421,19454,-78.0,37,1,0.835,0.001608
DuelingDQN,small_grid,1,422,19487,-46.0,33,1,0.8347,0.000965
DuelingDQN,small_grid,1,423,19521,-83.0,34,1,0.8344,0.001022
DuelingDQN,small_grid,1,424,19588,-120.0,67,1,0.8339,0.000565
DuelingDQN,small_grid,1,425,19617,-54.0,29,1,0.8336,0.00023
DuelingDQN,small_grid,1,426,19622,2.0,5,1,0.8336,0.000137
DuelingDQN,small_grid,1,427,19655,-50.0,33,1,0.8333,9.6e-05
DuelingDQN,small_grid,1,428,19698,-72.0,43,1,0.8329,6.8e-05
DuelingDQN,small_grid,1,429,19702,3.0,4,1,0.8329,9.4e-05
DuelingDQN,small_grid,1,430,19713,-28.0,11,1,0.8328,8e-05
DuelingDQN,small_grid,1,431,19773,-105.0,60,1,0.8323,7.8e-05
DuelingDQN,small_grid,1,432,19800,-44.0,27,1,0.8321,5.2e-05
DuelingDQN,small_grid,1,433,19807,-4.0,7,1,0.832,4.4e-05
DuelingDQN,small_grid,1,434,19900,-202.0,93,1,0.8312,6.9e-05
DuelingDQN,small_grid,1,435,19946,-75.0,46,1,0.8308,5.7e-05
DuelingDQN,small_grid,1,436,19972,-63.0,26,1,0.8306,3.3e-05
DuelingDQN,small_grid,1,437,20013,-82.0,41,1,0.8303,0.000249
DuelingDQN,small_grid,1,438,20079,-131.0,66,1,0.8297,0.000921
DuelingDQN,small_grid,1,439,20085,-3.0,6,1,0.8296,0.000839
DuelingDQN,small_grid,1,440,20132,-84.0,47,1,0.8292,0.000827
DuelingDQN,small_grid,1,441,20156,-45.0,24,1,0.829,0.000719
DuelingDQN,small_grid,1,442,20162,1.0,6,1,0.829,0.000565
DuelingDQN,small_grid,1,443,20227,-134.0,65,1,0.8284,0.000442
DuelingDQN,small_grid,1,444,20235,-1.0,8,1,0.8284,0.000437
DuelingDQN,small_grid,1,445,20242,0.0,7,1,0.8283,0.000481
DuelingDQN,small_grid,1,446,20243,10.0,1,1,0.8283,0.000369
DuelingDQN,small_grid,1,447,20266,-28.0,23,1,0.8281,0.000876
DuelingDQN,small_grid,1,448,20312,-99.0,46,1,0.8277,0.001601
DuelingDQN,small_grid,1,449,20332,-33.0,20,1,0.8275,0.002423
DuelingDQN,small_grid,1,450,20351,-32.0,19,1,0.8274,0.001928
DuelingDQN,small_grid,1,451,20385,-63.0,34,1,0.8271,0.00201
DuelingDQN,small_grid,1,452,20436,-84.0,51,1,0.8267,0.002375
DuelingDQN,small_grid,1,453,20447,-8.0,11,1,0.8266,0.003694
DuelingDQN,small_grid,1,454,20453,1.0,6,1,0.8265,0.00376
DuelingDQN,small_grid,1,455,20458,2.0,5,1,0.8265,0.003244
DuelingDQN,small_grid,1,456,20524,-143.0,66,1,0.8259,0.001941
DuelingDQN,small_grid,1,457,20540,-33.0,16,1,0.8258,0.002204
DuelingDQN,small_grid,1,458,20551,-12.0,11,1,0.8257,0.001725
DuelingDQN,small_grid,1,459,20559,-5.0,8,1,0.8256,0.001811
DuelingDQN,small_grid,1,460,20565,-3.0,6,1,0.8256,0.002264
DuelingDQN,small_grid,1,461,20574,-2.0,9,1,0.8255,0.001375
DuelingDQN,small_grid,1,462,20578,7.0,4,1,0.8255,0.001376
DuelingDQN,small_grid,1,463,20585,4.0,7,1,0.8254,0.000824
DuelingDQN,small_grid,1,464,20597,-9.0,12,1,0.8253,0.000724
DuelingDQN,small_grid,1,465,20604,-4.0,7,1,0.8252,0.00079
DuelingDQN,small_grid,1,466,20606,9.0,2,1,0.8252,0.000549
DuelingDQN,small_grid,1,467,20625,-40.0,19,1,0.8251,0.000619
DuelingDQN,small_grid,1,468,20657,-65.0,32,1,0.8248,0.000329
DuelingDQN,small_grid,1,469,20663,1.0,6,1,0.8247,0.000278
DuelingDQN,small_grid,1,470,20693,-39.0,30,1,0.8245,0.000265
DuelingDQN,small_grid,1,471,20711,-31.0,18,1,0.8243,0.000126
DuelingDQN,small_grid,1,472,20749,-91.0,38,1,0.824,0.000107
DuelingDQN,small_grid,1,473,20809,-105.0,60,1,0.8235,8.2e-05
DuelingDQN,small_grid,1,474,20860,-104.0,51,1,0.8231,8e-05
DuelingDQN,small_grid,1,475,20887,-48.0,27,1,0.8228,0.000146
DuelingDQN,small_grid,1,476,20909,-27.0,22,1,0.8227,0.000226
DuelingDQN,small_grid,1,477,20912,8.0,3,1,0.8226,0.000184
DuelingDQN,small_grid,1,478,20991,-188.0,79,1,0.822,5.3e-05
DuelingDQN,small_grid,1,479,21055,-113.0,64,1,0.8214,0.001054
DuelingDQN,small_grid,1,480,21067,-13.0,12,1,0.8213,0.000688
DuelingDQN,small_grid,1,481,21070,8.0,3,1,0.8213,0.000468
DuelingDQN,small_grid,1,482,21098,-33.0,28,1,0.8211,0.000539
DuelingDQN,small_grid,1,483,21112,-15.0,14,1,0.8209,0.000426
DuelingDQN,small_grid,1,484,21146,-55.0,34,1,0.8206,0.000408
DuelingDQN,small_grid,1,485,21150,3.0,4,1,0.8206,0.000473
DuelingDQN,small_grid,1,486,21164,-23.0,14,1,0.8205,0.000546
DuelingDQN,small_grid,1,487,21197,-74.0,33,1,0.8202,0.000353
DuelingDQN,small_grid,1,488,21201,7.0,4,1,0.8202,0.00027
DuelingDQN,small_grid,1,489,21209,-9.0,8,1,0.8201,0.000312
DuelingDQN,small_grid,1,490,21211,5.0,2,1,0.8201,0.000317
DuelingDQN,small_grid,1,491,21246,-64.0,35,1,0.8198,0.000463
DuelingDQN,small_grid,1,492,21247,10.0,1,1,0.8198,0.000486
DuelingDQN,small_grid,1,493,21262,-20.0,15,1,0.8197,0.000522
DuelingDQN,small_grid,1,494,21263,10.0,1,1,0.8197,0.000782
DuelingDQN,small_grid,1,495,21368,-246.0,105,1,0.8188,0.001255
DuelingDQN,small_grid,1,496,21379,-24.0,11,1,0.8187,0.001893
DuelingDQN,small_grid,1,497,21400,-38.0,21,1,0.8185,0.00189
DuelingDQN,small_grid,1,498,21503,-232.0,103,1,0.8176,0.001698
DuelingDQN,small_grid,1,499,21509,5.0,6,1,0.8176,0.003573
DuelingDQN,small_grid,1,500,21522,-18.0,13,1,0.8175,0.004328
DuelingDQN,small_grid,1,501,21546,-45.0,24,1,0.8173,0.00396
DuelingDQN,small_grid,1,502,21571,-66.0,25,1,0.817,0.001671
DuelingDQN,small_grid,1,503,21576,2.0,5,1,0.817,0.001479
DuelingDQN,small_grid,1,504,21601,-54.0,25,1,0.8168,0.000982
DuelingDQN,small_grid,1,505,21616,-28.0,15,1,0.8167,0.000554
DuelingDQN,small_grid,1,506,21628,-9.0,12,1,0.8166,0.000333
DuelingDQN,small_grid,1,507,21648,-33.0,20,1,0.8164,0.000253
DuelingDQN,small_grid,1,508,21677,-34.0,29,1,0.8161,0.000268
DuelingDQN,small_grid,1,509,21680,4.0,3,1,0.8161,0.000176
DuelingDQN,small_grid,1,510,21681,10.0,1,1,0.8161,0.000228
DuelingDQN,small_grid,1,511,21683,5.0,2,1,0.8161,0.000184
DuelingDQN,small_grid,1,512,21726,-72.0,43,1,0.8157,0.000138
DuelingDQN,small_grid,1,513,21730,-1.0,4,1,0.8157,9.2e-05
DuelingDQN,small_grid,1,514,21759,-74.0,29,1,0.8154,0.000104
DuelingDQN,small_grid,1,515,21785,-39.0,26,1,0.8152,7.6e-05
DuelingDQN,small_grid,1,516,21791,-7.0,6,1,0.8152,5.7e-05
DuelingDQN,small_grid,1,517,21803,-17.0,12,1,0.8151,6.6e-05
DuelingDQN,small_grid,1,518,21821,-15.0,18,1,0.8149,8e-05
DuelingDQN,small_grid,1,519,21869,-137.0,48,1,0.8145,5.5e-05
DuelingDQN,small_grid,1,520,21913,-89.0,44,1,0.8141,3.2e-05
DuelingDQN,small_grid,1,521,21927,-19.0,14,1,0.814,3.9e-05
DuelingDQN,small_grid,1,522,21929,9.0,2,1,0.814,2.7e-05
DuelingDQN,small_grid,1,523,21975,-75.0,46,1,0.8136,2.1e-05
DuelingDQN,small_grid,1,524,22018,-88.0,43,1,0.8132,0.001462
DuelingDQN,small_grid,1,525,22020,5.0,2,1,0.8132,0.00361
DuelingDQN,small_grid,1,526,22068,-105.0,48,1,0.8128,0.002514
DuelingDQN,small_grid,1,527,22113,-58.0,45,1,0.8124,0.000792
DuelingDQN,small_grid,1,528,22128,-28.0,15,1,0.8123,0.000237
DuelingDQN,small_grid,1,529,22145,-14.0,17,1,0.8122,0.000291
DuelingDQN,small_grid,1,530,22170,-34.0,25,1,0.812,0.000437
DuelingDQN,small_grid,1,531,22200,-39.0,30,1,0.8117,0.000473
DuelingDQN,small_grid,1,532,22208,-13.0,8,1,0.8116,0.000508
DuelingDQN,small_grid,1,533,22209,10.0,1,1,0.8116,0.000348
DuelingDQN,small_grid,1,534,22212,8.0,3,1,0.8116,0.000685
DuelingDQN,small_grid,1,535,22225,-14.0,13,1,0.8115,0.000664
DuelingDQN,small_grid,1,536,22267,-83.0,42,1,0.8111,0.000859
DuelingDQN,small_grid,1,537,22284,-26.0,17,1,0.811,0.000862
DuelingDQN,small_grid,1,538,22298,-19.0,14,1,0.8109,0.00057
DuelingDQN,small_grid,1,539,22330,-45.0,32,1,0.8106,0.00037
DuelingDQN,small_grid,1,540,22379,-102.0,49,1,0.8102,0.000593
DuelingDQN,small_grid,1,541,22391,-5.0,12,1,0.8101,0.001631
DuelingDQN,small_grid,1,542,22393,9.0,2,1,0.8101,0.001581
DuelingDQN,small_grid,1,543,22395,9.0,2,1,0.8101,0.001193
DuelingDQN,small_grid,1,544,22402,-4.0,7,1,0.81,0.001992
DuelingDQN,small_grid,1,545,22438,-49.0,36,1,0.8097,0.002497
DuelingDQN,small_grid,1,546,22466,-61.0,28,1,0.8094,0.002348
DuelingDQN,small_grid,1,547,22474,3.0,8,1,0.8094,0.00105
DuelingDQN,small_grid,1,548,22508,-43.0,34,1,0.8091,0.00161
DuelingDQN,small_grid,1,549,22519,-12.0,11,1,0.809,0.002233
DuelingDQN,small_grid,1,550,22524,-6.0,5,1,0.809,0.001408
DuelingDQN,small_grid,1,551,22549,-38.0,25,1,0.8087,0.001208
DuelingDQN,small_grid,1,552,22553,3.0,4,1,0.8087,0.000856
DuelingDQN,small_grid,1,553,22594,-54.0,41,1,0.8084,0.00107
DuelingDQN,small_grid,1,554,22653,-132.0,59,1,0.8079,0.000799
DuelingDQN,small_grid,1,555,22672,-48.0,19,1,0.8077,0.000682
DuelingDQN,small_grid,1,556,22684,-13.0,12,1,0.8076,0.00067
DuelingDQN,small_grid,1,557,22700,-33.0,16,1,0.8075,0.000615
DuelingDQN,small_grid,1,558,22705,2.0,5,1,0.8074,0.00043
DuelingDQN,small_grid,1,559,22706,10.0,1,1,0.8074,0.000416
DuelingDQN,small_grid,1,560,22708,9.0,2,1,0.8074,0.000484
DuelingDQN,small_grid,1,561,22734,-39.0,26,1,0.8072,0.000493
DuelingDQN,small_grid,1,562,22738,7.0,4,1,0.8071,0.000399
DuelingDQN,small_grid,1,563,22745,-4.0,7,1,0.8071,0.000307
DuelingDQN,small_grid,1,564,22748,8.0,3,1,0.8071,0.000257
DuelingDQN,small_grid,1,565,22785,-82.0,37,1,0.8067,0.000241
DuelingDQN,small_grid,1,566,22822,-58.0,37,1,0.8064,0.000143
DuelingDQN,small_grid,1,567,22826,7.0,4,1,0.8064,8.3e-05
DuelingDQN,small_grid,1,568,22852,-39.0,26,1,0.8062,7.7e-05
DuelingDQN,small_grid,1,569,22854,9.0,2,1,0.8062,7.2e-05
DuelingDQN,small_grid,1,570,22862,-9.0,8,1,0.8061,6.8e-05
DuelingDQN,small_grid,1,571,22870,-5.0,8,1,0.806,5.6e-05
DuelingDQN,small_grid,1,572,22884,-19.0,14,1,0.8059,6e-05
DuelingDQN,small_grid,1,573,22912,-57.0,28,1,0.8057,0.000127
DuelingDQN,small_grid,1,574,22944,-49.0,32,1,0.8054,0.000245
DuelingDQN,small_grid,1,575,22955,-28.0,11,1,0.8053,0.000219
DuelingDQN,small_grid,1,576,22966,-12.0,11,1,0.8052,0.000164
DuelingDQN,small_grid,1,577,22974,-9.0,8,1,0.8051,0.000111
DuelingDQN,small_grid,1,578,23042,-133.0,68,1,0.8046,0.002452
DuelingDQN,small_grid,1,579,23110,-129.0,68,1,0.804,0.001467
DuelingDQN,small_grid,1,580,23175,-122.0,65,1,0.8034,0.000613
DuelingDQN,small_grid,1,581,23233,-131.0,58,1,0.8029,0.000118
DuelingDQN,small_grid,1,582,23236,8.0,3,1,0.8029,9.3e-05
DuelingDQN,small_grid,1,583,23264,-21.0,28,1,0.8027,0.000107
DuelingDQN,small_grid,1,584,23274,-3.0,10,1,0.8026,6.8e-05
DuelingDQN,small_grid,1,585,23297,-32.0,23,1,0.8024,7e-05
DuelingDQN,small_grid,1,586,23306,-10.0,9,1,0.8023,5.2e-05
DuelingDQN,small_grid,1,587,23307,10.0,1,1,0.8023,3.7e-05
DuelingDQN,small_grid,1,588,23320,-10.0,13,1,0.8022,5.2e-05
DuelingDQN,small_grid,1,589,23337,-14.0,17,1,0.8021,4.3e-05
DuelingDQN,small_grid,1,590,23365,-77.0,28,1,0.8018,0.000149
DuelingDQN,small_grid,1,591,23399,-51.0,34,1,0.8015,0.000234
DuelingDQN,small_grid,1,592,23424,-38.0,25,1,0.8013,0.000175
DuelingDQN,small_grid,1,593,23429,-2.0,5,1,0.8013,0.00021
DuelingDQN,small_grid,1,594,23435,5.0,6,1,0.8012,0.000253
DuelingDQN,small_grid,1,595,23470,-64.0,35,1,0.8009,0.000267
DuelingDQN,small_grid,1,596,23515,-78.0,45,1,0.8006,0.001619
DuelingDQN,small_grid,1,597,23518,4.0,3,1,0.8005,0.002823
DuelingDQN,small_grid,1,598,23544,-31.0,26,1,0.8003,0.003722
DuelingDQN,small_grid,1,599,23599,-108.0,55,1,0.7998,0.002179
DuelingDQN,small_grid,1,600,23605,1.0,6,1,0.7998,0.000899
DuelingDQN,small_grid,1,601,23645,-61.0,40,1,0.7994,0.000471
DuelingDQN,small_grid,1,602,23653,-9.0,8,1,0.7994,0.000257
DuelingDQN,small_grid,1,603,23661,3.0,8,1,0.7993,0.000218
DuelingDQN,small_grid,1,604,23683,-19.0,22,1,0.7991,0.000224
DuelingDQN,small_grid,1,605,23696,-6.0,13,1,0.799,0.000167
DuelingDQN,small_grid,1,606,23717,-34.0,21,1,0.7988,9.9e-05
DuelingDQN,small_grid,1,607,23730,-6.0,13,1,0.7987,5.7e-05
DuelingDQN,small_grid,1,608,23752,-35.0,22,1,0.7985,4e-05
DuelingDQN,small_grid,1,609,23761,-6.0,9,1,0.7985,4.4e-05
DuelingDQN,small_grid,1,610,23771,-7.0,10,1,0.7984,4.9e-05
DuelingDQN,small_grid,1,611,23822,-100.0,51,1,0.7979,4.9e-05
DuelingDQN,small_grid,1,612,23866,-77.0,44,1,0.7976,2.7e-05
DuelingDQN,small_grid,1,613,23893,-52.0,27,1,0.7973,3.8e-05
DuelingDQN,small_grid,1,614,23922,-34.0,29,1,0.7971,3.5e-05
DuelingDQN,small_grid,1,615,23923,10.0,1,1,0.7971,3e-05
DuelingDQN,small_grid,1,616,23938,-24.0,15,1,0.797,3.3e-05
DuelingDQN,small_grid,1,617,24001,-140.0,63,1,0.7964,0.000153
DuelingDQN,small_grid,1,618,24037,-81.0,36,1,0.7961,0.003272
DuelingDQN,small_grid,1,619,24054,-14.0,17,1,0.796,0.002618
DuelingDQN,small_grid,1,620,24059,2.0,5,1,0.7959,0.002176
DuelingDQN,small_grid,1,621,24088,-58.0,29,1,0.7957,0.001698
DuelingDQN,small_grid,1,622,24092,3.0,4,1,0.7957,0.001538
DuelingDQN,small_grid,1,623,24122,-71.0,30,1,0.7954,0.001282
DuelingDQN,small_grid,1,624,24138,-17.0,16,1,0.7953,0.000653
DuelingDQN,small_grid,1,625,24153,-20.0,15,1,0.7951,0.000502
DuelingDQN,small_grid,1,626,24158,2.0,5,1,0.7951,0.000563
DuelingDQN,small_grid,1,627,24167,2.0,9,1,0.795,0.000506
DuelingDQN,small_grid,1,628,24179,-5.0,12,1,0.7949,0.001045
DuelingDQN,small_grid,1,629,24202,-32.0,23,1,0.7947,0.001077
DuelingDQN,small_grid,1,630,24227,-46.0,25,1,0.7945,0.000678
DuelingDQN,small_grid,1,631,24255,-33.0,28,1,0.7943,0.000639
DuelingDQN,small_grid,1,632,24284,-50.0,29,1,0.794,0.000453
DuelingDQN,small_grid,1,633,24286,9.0,2,1,0.794,0.000366
DuelingDQN,small_grid,1,634,24299,-10.0,13,1,0.7939,0.00031
DuelingDQN,small_grid,1,635,24314,-24.0,15,1,0.7938,0.000291
DuelingDQN,small_grid,1,636,24325,-16.0,11,1,0.7937,0.000226
DuelingDQN,small_grid,1,637,24328,8.0,3,1,0.7937,0.000141
DuelingDQN,small_grid,1,638,24355,-60.0,27,1,0.7934,0.000142
DuelingDQN,small_grid,1,639,24376,-46.0,21,1,0.7932,0.00011
DuelingDQN,small_grid,1,640,24392,-13.0,16,1,0.7931,0.000152
DuelingDQN,small_grid,1,641,24408,-17.0,16,1,0.793,0.000167
DuelingDQN,small_grid,1,642,24423,-16.0,15,1,0.7928,0.000182
DuelingDQN,small_grid,1,643,24448,-42.0,25,1,0.7926,0.000127
DuelingDQN,small_grid,1,644,24450,9.0,2,1,0.7926,9e-05
DuelingDQN,small_grid,1,645,24559,-226.0,109,1,0.7917,0.000937
DuelingDQN,small_grid,1,646,24569,-3.0,10,1,0.7916,0.001225
DuelingDQN,small_grid,1,647,24571,9.0,2,1,0.7916,0.001672
DuelingDQN,small_grid,1,648,24580,-6.0,9,1,0.7915,0.001379
DuelingDQN,small_grid,1,649,24585,6.0,5,1,0.7915,0.001116
DuelingDQN,small_grid,1,650,24595,-15.0,10,1,0.7914,0.00133
DuelingDQN,small_grid,1,651,24640,-86.0,45,1,0.791,0.001428
DuelingDQN,small_grid,1,652,24645,2.0,5,1,0.791,0.001259
DuelingDQN,small_grid,1,653,24658,-34.0,13,1,0.7909,0.000798
DuelingDQN,small_grid,1,654,24669,-8.0,11,1,0.7908,0.001124
DuelingDQN,small_grid,1,655,24673,3.0,4,1,0.7907,0.001324
DuelingDQN,small_grid,1,656,24678,2.0,5,1,0.7907,0.00131
DuelingDQN,small_grid,1,657,24686,-9.0,8,1,0.7906,0.00109
DuelingDQN,small_grid,1,658,24700,-27.0,14,1,0.7905,0.000767
DuelingDQN,small_grid,1,659,24701,10.0,1,1,0.7905,0.000396
DuelingDQN,small_grid,1,660,24716,-28.0,15,1,0.7904,0.000724
DuelingDQN,small_grid,1,661,24785,-134.0,69,1,0.7898,0.000647
DuelingDQN,small_grid,1,662,24802,-22.0,17,1,0.7896,0.000898
DuelingDQN,small_grid,1,663,24822,-41.0,20,1,0.7895,0.000791
DuelingDQN,small_grid,1,664,24866,-69.0,44,1,0.7891,0.00057
DuelingDQN,small_grid,1,665,24883,-22.0,17,1,0.7889,0.000364
DuelingDQN,small_grid,1,666,24897,-11.0,14,1,0.7888,0.000466
DuelingDQN,small_grid,1,667,24901,-1.0,4,1,0.7888,0.000696
DuelingDQN,small_grid,1,668,24903,5.0,2,1,0.7888,0.000741
DuelingDQN,small_grid,1,669,24908,6.0,5,1,0.7887,0.001165
DuelingDQN,small_grid,1,670,24912,3.0,4,1,0.7887,0.001373
DuelingDQN,small_grid,1,671,24932,-29.0,20,1,0.7885,0.001251
DuelingDQN,small_grid,1,672,24974,-55.0,42,1,0.7882,0.000555
DuelingDQN,small_grid,1,673,24983,-2.0,9,1,0.7881,0.000293
DuelingDQN,small_grid,1,674,25020,-86.0,37,1,0.7878,0.000945
DuelingDQN,small_grid,1,675,25045,-42.0,25,1,0.7876,0.001219
DuelingDQN,small_grid,1,676,25047,9.0,2,1,0.7876,0.000972
DuelingDQN,small_grid,1,677,25053,5.0,6,1,0.7875,0.001249
DuelingDQN,small_grid,1,678,25076,-56.0,23,1,0.7873,0.002069
DuelingDQN,small_grid,1,679,25102,-39.0,26,1,0.7871,0.001751
DuelingDQN,small_grid,1,680,25132,-43.0,30,1,0.7868,0.001872
DuelingDQN,small_grid,1,681,25177,-78.0,45,1,0.7865,0.000836
DuelingDQN,small_grid,1,682,25180,4.0,3,1,0.7864,0.000337
DuelingDQN,small_grid,1,683,25181,10.0,1,1,0.7864,0.000264
DuelingDQN,small_grid,1,684,25186,6.0,5,1,0.7864,0.000306
DuelingDQN,small_grid,1,685,25202,-21.0,16,1,0.7862,0.00019
DuelingDQN,small_grid,1,686,25204,9.0,2,1,0.7862,0.000178
DuelingDQN,small_grid,1,687,25235,-52.0,31,1,0.786,0.000101
DuelingDQN,small_grid,1,688,25237,5.0,2,1,0.7859,7.4e-05
DuelingDQN,small_grid,1,689,25243,1.0,6,1,0.7859,8.3e-05
DuelingDQN,small_grid,1,690,25314,-112.0,71,1,0.7853,9.5e-05
DuelingDQN,small_grid,1,691,25330,-5.0,16,1,0.7852,4.6e-05
DuelingDQN,small_grid,1,692,25351,-38.0,21,1,0.785,4.5e-05
DuelingDQN,small_grid,1,693,25358,4.0,7,1,0.7849,4.6e-05
DuelingDQN,small_grid,1,694,25360,9.0,2,1,0.7849,4.6e-05
DuelingDQN,small_grid,1,695,25370,-15.0,10,1,0.7848,5.4e-05
DuelingDQN,small_grid,1,696,25385,-16.0,15,1,0.7847,4.3e-05
DuelingDQN,small_grid,1,697,25406,-38.0,21,1,0.7845,4.1e-05
DuelingDQN,small_grid,1,698,25429,-48.0,23,1,0.7843,3.2e-05
DuelingDQN,small_grid,1,699,25432,4.0,3,1,0.7843,1.5e-05
DuelingDQN,small_grid,1,700,25446,-15.0,14,1,0.7842,2e-05
DuelingDQN,small_grid,1,701,25486,-53.0,40,1,0.7838,1.9e-05
DuelingDQN,small_grid,1,702,25488,5.0,2,1,0.7838,2.2e-05
DuelingDQN,small_grid,1,703,25539,-88.0,51,1,0.7834,0.001046
DuelingDQN,small_grid,1,704,25567,-33.0,28,1,0.7831,0.001199
DuelingDQN,small_grid,1,705,25568,10.0,1,1,0.7831,0.000763
DuelingDQN,small_grid,1,706,25687,-232.0,119,1,0.7821,0.001106
DuelingDQN,small_grid,1,707,25735,-93.0,48,1,0.7817,0.000823
DuelingDQN,small_grid,1,708,25736,10.0,1,1,0.7817,0.000977
DuelingDQN,small_grid,1,709,25745,-10.0,9,1,0.7816,0.000789
DuelingDQN,small_grid,1,710,25758,-6.0,13,1,0.7815,0.000497
DuelingDQN,small_grid,1,711,25776,-23.0,18,1,0.7814,0.000391
DuelingDQN,small_grid,1,712,25821,-102.0,45,1,0.781,0.000181
DuelingDQN,small_grid,1,713,25902,-162.0,81,1,0.7803,8.1e-05
DuelingDQN,small_grid,1,714,25930,-49.0,28,1,0.7801,9.1e-05
DuelingDQN,small_grid,1,715,25958,-57.0,28,1,0.7798,0.000172
DuelingDQN,small_grid,1,716,25970,-13.0,12,1,0.7797,0.000207
DuelingDQN,small_grid,1,717,26019,-74.0,49,1,0.7793,0.000684
DuelingDQN,small_grid,1,718,26045,-31.0,26,1,0.7791,0.000805
DuelingDQN,small_grid,1,719,26049,-1.0,4,1,0.7791,0.000829
DuelingDQN,small_grid,1,720,26058,-10.0,9,1,0.779,0.000671
DuelingDQN,small_grid,1,721,26067,-10.0,9,1,0.7789,0.000615
DuelingDQN,small_grid,1,722,26120,-118.0,53,1,0.7785,0.001187
DuelingDQN,small_grid,1,723,26145,-30.0,25,1,0.7782,0.001653
DuelingDQN,small_grid,1,724,26155,-15.0,10,1,0.7782,0.001536
DuelingDQN,small_grid,1,725,26233,-159.0,78,1,0.7775,0.001146
DuelingDQN,small_grid,1,726,26325,-169.0,92,1,0.7767,0.000436
DuelingDQN,small_grid,1,727,26348,-36.0,23,1,0.7765,9.4e-05
DuelingDQN,small_grid,1,728,26426,-179.0,78,1,0.7759,0.000177
DuelingDQN,small_grid,1,729,26427,10.0,1,1,0.7759,0.000158
DuelingDQN,small_grid,1,730,26445,-15.0,18,1,0.7757,0.000142
DuelingDQN,small_grid,1,731,26451,-3.0,6,1,0.7756,9.3e-05
DuelingDQN,small_grid,1,732,26496,-98.0,45,1,0.7753,9.7e-05
DuelingDQN,small_grid,1,733,26505,-10.0,9,1,0.7752,0.000809
DuelingDQN,small_grid,1,734,26508,8.0,3,1,0.7752,0.001084
DuelingDQN,small_grid,1,735,26541,-70.0,33,1,0.7749,0.00113
DuelingDQN,small_grid,1,736,26554,-14.0,13,1,0.7748,0.001436
DuelingDQN,small_grid,1,737,26579,-42.0,25,1,0.7746,0.001113
DuelingDQN,small_grid,1,738,26582,4.0,3,1,0.7745,0.000732
DuelingDQN,small_grid,1,739,26588,-3.0,6,1,0.7745,0.000605
DuelingDQN,small_grid,1,740,26604,-17.0,16,1,0.7743,0.000556
DuelingDQN,small_grid,1,741,26625,-26.0,21,1,0.7742,0.000521
DuelingDQN,small_grid,1,742,26628,8.0,3,1,0.7741,0.000697
DuelingDQN,small_grid,1,743,26630,9.0,2,1,0.7741,0.000898
DuelingDQN,small_grid,1,744,26745,-224.0,115,1,0.7732,0.000587
DuelingDQN,small_grid,1,745,26754,-6.0,9,1,0.7731,0.000566
DuelingDQN,small_grid,1,746,26756,9.0,2,1,0.7731,0.000559
DuelingDQN,small_grid,1,747,26757,10.0,1,1,0.7731,0.000385
DuelingDQN,small_grid,1,748,26782,-58.0,25,1,0.7728,0.000393
DuelingDQN,small_grid,1,749,26825,-72.0,43,1,0.7725,0.000304
DuelingDQN,small_grid,1,750,26845,-17.0,20,1,0.7723,0.000452
DuelingDQN,small_grid,1,751,26857,-17.0,12,1,0.7722,0.000306
DuelingDQN,small_grid,1,752,26859,9.0,2,1,0.7722,0.000315
DuelingDQN,small_grid,1,753,26909,-91.0,50,1,0.7718,0.000223
DuelingDQN,small_grid,1,754,26916,0.0,7,1,0.7717,0.000208
DuelingDQN,small_grid,1,755,26939,-32.0,23,1,0.7715,0.000331
DuelingDQN,small_grid,1,756,26971,-73.0,32,1,0.7712,0.000228
DuelingDQN,small_grid,1,757,26982,-20.0,11,1,0.7711,8.5e-05
DuelingDQN,small_grid,1,758,27032,-119.0,50,1,0.7707,0.000373
DuelingDQN,small_grid,1,759,27043,-20.0,11,1,0.7706,0.000305
DuelingDQN,small_grid,1,760,27094,-92.0,51,1,0.7702,0.00025
DuelingDQN,small_grid,1,761,27116,-43.0,22,1,0.77,0.000219
DuelingDQN,small_grid,1,762,27137,-14.0,21,1,0.7698,0.000362
DuelingDQN,small_grid,1,763,27138,10.0,1,1,0.7698,0.000646
DuelingDQN,small_grid,1,764,27250,-209.0,112,1,0.7689,0.0008
DuelingDQN,small_grid,1,765,27277,-28.0,27,1,0.7686,0.000603
DuelingDQN,small_grid,1,766,27282,2.0,5,1,0.7686,0.000436
DuelingDQN,small_grid,1,767,27323,-86.0,41,1,0.7683,0.000394
DuelingDQN,small_grid,1,768,27339,-33.0,16,1,0.7681,0.00068
DuelingDQN,small_grid,1,769,27362,-24.0,23,1,0.7679,0.000556
DuelingDQN,small_grid,1,770,27365,4.0,3,1,0.7679,0.000654
DuelingDQN,small_grid,1,771,27379,-23.0,14,1,0.7678,0.000414
DuelingDQN,small_grid,1,772,27382,4.0,3,1,0.7678,0.000535
DuelingDQN,small_grid,1,773,27388,5.0,6,1,0.7677,0.00043
DuelingDQN,small_grid,1,774,27412,-41.0,24,1,0.7675,0.000609
DuelingDQN,small_grid,1,775,27414,5.0,2,1,0.7675,0.000712
DuelingDQN,small_grid,1,776,27433,-36.0,19,1,0.7673,0.000589
DuelingDQN,small_grid,1,777,27464,-56.0,31,1,0.7671,0.000225
DuelingDQN,small_grid,1,778,27466,5.0,2,1,0.767,0.000151
DuelingDQN,small_grid,1,779,27481,-12.0,15,1,0.7669,0.000168
DuelingDQN,small_grid,1,780,27513,-49.0,32,1,0.7666,0.000366
DuelingDQN,small_grid,1,781,27517,3.0,4,1,0.7666,0.000722
DuelingDQN,small_grid,1,782,27521,7.0,4,1,0.7666,0.00077
DuelingDQN,small_grid,1,783,27540,-44.0,19,1,0.7664,0.000659
DuelingDQN,small_grid,1,784,27554,-23.0,14,1,0.7663,0.000693
DuelingDQN,small_grid,1,785,27565,0.0,11,1,0.7662,0.000749
DuelingDQN,small_grid,1,786,27568,8.0,3,1,0.7662,0.001583
DuelingDQN,small_grid,1,787,27576,-5.0,8,1,0.7661,0.001536
DuelingDQN,small_grid,1,788,27582,1.0,6,1,0.7661,0.003102
DuelingDQN,small_grid,1,789,27604,-35.0,22,1,0.7659,0.003162
DuelingDQN,small_grid,1,790,27626,-31.0,22,1,0.7657,0.002317
DuelingDQN,small_grid,1,791,27640,-3.0,14,1,0.7656,0.002168
DuelingDQN,small_grid,1,792,27641,10.0,1,1,0.7656,0.001754
DuelingDQN,small_grid,1,793,27645,3.0,4,1,0.7655,0.001729
DuelingDQN,small_grid,1,794,27662,-10.0,17,1,0.7654,0.00119
DuelingDQN,small_grid,1,795,27665,8.0,3,1,0.7653,0.000997
DuelingDQN,small_grid,1,796,27667,9.0,2,1,0.7653,0.001327
DuelingDQN,small_grid,1,797,27673,1.0,6,1,0.7653,0.000776
DuelingDQN,small_grid,1,798,27674,10.0,1,1,0.7653,0.000457
DuelingDQN,small_grid,1,799,27719,-62.0,45,1,0.7649,0.000789
DuelingDQN,small_grid,1,800,27721,5.0,2,1,0.7649,0.000463
DQN,small_grid,2,1,156,-353.0,156,1,0.9987,
DQN,small_grid,2,2,356,-500.0,200,0,0.997,
DQN,small_grid,2,3,438,-175.0,82,1,0.9963,
DQN,small_grid,2,4,439,10.0,1,1,0.9963,
DQN,small_grid,2,5,505,-151.0,66,1,0.9957,
DQN,small_grid,2,6,516,-12.0,11,1,0.9956,
DQN,small_grid,2,7,525,-10.0,9,1,0.9955,
DQN,small_grid,2,8,602,-218.0,77,1,0.9949,
DQN,small_grid,2,9,802,-516.0,200,0,0.9932,
DQN,small_grid,2,10,844,-79.0,42,1,0.9928,
DQN,small_grid,2,11,898,-107.0,54,1,0.9924,
DQN,small_grid,2,12,1098,-480.0,200,0,0.9907,1.384549
DQN,small_grid,2,13,1161,-132.0,63,1,0.9902,1.073887
DQN,small_grid,2,14,1166,2.0,5,1,0.9901,0.899492
DQN,small_grid,2,15,1264,-267.0,98,1,0.9893,0.823574
DQN,small_grid,2,16,1397,-286.0,133,1,0.9882,0.509714
DQN,small_grid,2,17,1597,-488.0,200,0,0.9865,0.477307
DQN,small_grid,2,18,1599,5.0,2,1,0.9864,0.568634
DQN,small_grid,2,19,1644,-126.0,45,1,0.9861,0.461817
DQN,small_grid,2,20,1811,-444.0,167,1,0.9846,0.404272
DQN,small_grid,2,21,1814,8.0,3,1,0.9846,0.452544
DQN,small_grid,2,22,2014,-484.0,200,0,0.9829,0.374542
DQN,small_grid,2,23,2137,-296.0,123,1,0.9819,0.308041
DQN,small_grid,2,24,2140,8.0,3,1,0.9818,0.198165
DQN,small_grid,2,25,2340,-468.0,200,0,0.9802,0.266231
DQN,small_grid,2,26,2384,-105.0,44,1,0.9798,0.266935
DQN,small_grid,2,27,2502,-263.0,118,1,0.9788,0.2561
DQN,small_grid,2,28,2554,-125.0,52,1,0.9783,0.271742
DQN,small_grid,2,29,2690,-345.0,136,1,0.9772,0.197964
DQN,small_grid,2,30,2717,-52.0,27,1,0.977,0.191
DQN,small_grid,2,31,2724,0.0,7,1,0.9769,0.166463
DQN,small_grid,2,32,2793,-202.0,69,1,0.9763,0.189013
DQN,small_grid,2,33,2993,-516.0,200,0,0.9746,0.201358
DQN,small_grid,2,34,3034,-70.0,41,1,0.9743,0.199477
DQN,small_grid,2,35,3165,-352.0,131,1,0.9732,0.169553
DQN,small_grid,2,36,3234,-170.0,69,1,0.9726,0.19956
DQN,small_grid,2,37,3319,-194.0,85,1,0.9718,0.180755
DQN,small_grid,2,38,3330,-16.0,11,1,0.9718,0.172565
DQN,small_grid,2,39,3336,-3.0,6,1,0.9717,0.150371
DQN,small_grid,2,40,3346,-15.0,10,1,0.9716,0.128045
DQN,small_grid,2,41,3394,-145.0,48,1,0.9712,0.144172
DQN,small_grid,2,42,3500,-295.0,106,1,0.9703,0.207312
DQN,small_grid,2,43,3553,-106.0,53,1,0.9699,0.232904
DQN,small_grid,2,44,3630,-134.0,77,1,0.9692,0.250893
DQN,small_grid,2,45,3724,-291.0,94,1,0.9684,0.1951
DQN,small_grid,2,46,3810,-223.0,86,1,0.9677,0.156462
DQN,small_grid,2,47,3948,-299.0,138,1,0.9665,0.173645
DQN,small_grid,2,48,4123,-468.0,175,1,0.965,0.177164
DQN,small_grid,2,49,4200,-218.0,77,1,0.9644,0.24081
DQN,small_grid,2,50,4369,-382.0,169,1,0.9629,0.162729
DQN,small_grid,2,51,4563,-495.0,194,1,0.9613,0.191996
DQN,small_grid,2,52,4579,-13.0,16,1,0.9612,0.155445
DQN,small_grid,2,53,4600,-38.0,21,1,0.961,0.205713
DQN,small_grid,2,54,4605,-6.0,5,1,0.9609,0.240147
DQN,small_grid,2,55,4664,-144.0,59,1,0.9604,0.244812
DQN,small_grid,2,56,4694,-43.0,30,1,0.9602,0.176023
DQN,small_grid,2,57,4862,-405.0,168,1,0.9588,0.158204
DQN,small_grid,2,58,4933,-184.0,71,1,0.9582,0.164928
DQN,small_grid,2,59,4941,-13.0,8,1,0.9581,0.185986
DQN,small_grid,2,60,4966,-34.0,25,1,0.9579,0.164297
DQN,small_grid,2,61,5166,-516.0,200,0,0.9562,0.173772
DQN,small_grid,2,62,5171,2.0,5,1,0.9561,0.233629
DQN,small_grid,2,63,5176,2.0,5,1,0.9561,0.076598
DQN,small_grid,2,64,5219,-96.0,43,1,0.9557,0.236101
DQN,small_grid,2,65,5295,-193.0,76,1,0.9551,0.176634
DQN,small_grid,2,66,5354,-128.0,59,1,0.9546,0.178084
DQN,small_grid,2,67,5550,-441.0,196,1,0.9529,0.201001
DQN,small_grid,2,68,5733,-392.0,183,1,0.9514,0.19795
DQN,small_grid,2,69,5743,-7.0,10,1,0.9513,0.209469
DQN,small_grid,2,70,5749,1.0,6,1,0.9512,0.251874
DQN,small_grid,2,71,5756,0.0,7,1,0.9512,0.287091
DQN,small_grid,2,72,5805,-86.0,49,1,0.9508,0.229823
DQN,small_grid,2,73,5848,-92.0,43,1,0.9504,0.228765
DQN,small_grid,2,74,6014,-331.0,166,1,0.949,0.213349
DQN,small_grid,2,75,6214,-500.0,200,0,0.9473,0.22476
DQN,small_grid,2,76,6220,-3.0,6,1,0.9472,0.140429
DQN,small_grid,2,77,6307,-168.0,87,1,0.9465,0.209369
DQN,small_grid,2,78,6336,-66.0,29,1,0.9463,0.192524
DQN,small_grid,2,79,6536,-488.0,200,0,0.9446,0.185273
DQN,small_grid,2,80,6736,-460.0,200,0,0.9429,0.219029
DQN,small_grid,2,81,6794,-159.0,58,1,0.9424,0.189386
DQN,small_grid,2,82,6994,-492.0,200,0,0.9407,0.155146
DQN,small_grid,2,83,7063,-150.0,69,1,0.9401,0.258824
DQN,small_grid,2,84,7126,-144.0,63,1,0.9396,0.169239
DQN,small_grid,2,85,7138,-29.0,12,1,0.9395,0.193397
DQN,small_grid,2,86,7230,-201.0,92,1,0.9387,0.152882
DQN,small_grid,2,87,7309,-160.0,79,1,0.938,0.147989
DQN,small_grid,2,88,7445,-317.0,136,1,0.9369,0.11612
DQN,small_grid,2,89,7464,-48.0,19,1,0.9367,0.17931
DQN,small_grid,2,90,7518,-115.0,54,1,0.9362,0.215272
DQN,small_grid,2,91,7540,-23.0,22,1,0.936,0.216668
DQN,small_grid,2,92,7559,-24.0,19,1,0.9359,0.219479
DQN,small_grid,2,93,7615,-113.0,56,1,0.9354,0.195344
DQN,small_grid,2,94,7620,2.0,5,1,0.9354,0.394326
DQN,small_grid,2,95,7638,-39.0,18,1,0.9352,0.189847
DQN,small_grid,2,96,7654,-29.0,16,1,0.9351,0.147221
DQN,small_grid,2,97,7754,-221.0,100,1,0.9342,0.156235
DQN,small_grid,2,98,7784,-79.0,30,1,0.934,0.121119
DQN,small_grid,2,99,7832,-101.0,48,1,0.9336,0.14298
DQN,small_grid,2,100,7842,-7.0,10,1,0.9335,0.103611
DQN,small_grid,2,101,7846,7.0,4,1,0.9334,0.130359
DQN,small_grid,2,102,7916,-139.0,70,1,0.9329,0.108392
DQN,small_grid,2,103,8054,-339.0,138,1,0.9317,0.226383
DQN,small_grid,2,104,8071,-10.0,17,1,0.9315,0.228183
DQN,small_grid,2,105,8072,10.0,1,1,0.9315,0.188378
DQN,small_grid,2,106,8136,-125.0,64,1,0.931,0.178494
DQN,small_grid,2,107,8212,-189.0,76,1,0.9303,0.165754
DQN,small_grid,2,108,8412,-500.0,200,0,0.9286,0.135711
DQN,small_grid,2,109,8592,-473.0,180,1,0.9271,0.240783
DQN,small_grid,2,110,8684,-165.0,92,1,0.9263,0.14842
DQN,small_grid,2,111,8776,-217.0,92,1,0.9256,0.111592
DQN,small_grid,2,112,8826,-107.0,50,1,0.9251,0.113109
DQN,small_grid,2,113,8888,-159.0,62,1,0.9246,0.086793
DQN,small_grid,2,114,8909,-30.0,21,1,0.9244,0.081475
DQN,small_grid,2,115,8914,2.0,5,1,0.9244,0.089291
DQN,small_grid,2,116,8961,-84.0,47,1,0.924,0.066079
DQN,small_grid,2,117,8993,-41.0,32,1,0.9237,0.058521
DQN,small_grid,2,118,9082,-182.0,89,1,0.923,0.438948
DQN,small_grid,2,119,9204,-359.0,122,1,0.9219,0.175114
DQN,small_grid,2,120,9209,-6.0,5,1,0.9219,0.130652
DQN,small_grid,2,121,9355,-339.0,146,1,0.9206,0.111474
DQN,small_grid,2,122,9356,10.0,1,1,0.9206,0.095727
DQN,small_grid,2,123,9403,-88.0,47,1,0.9202,0.08138
DQN,small_grid,2,124,9409,5.0,6,1,0.9202,0.098331
DQN,small_grid,2,125,9433,-49.0,24,1,0.92,0.091689
DQN,small_grid,2,126,9508,-148.0,75,1,0.9194,0.224749
DQN,small_grid,2,127,9511,8.0,3,1,0.9193,0.92248
DQN,small_grid,2,128,9514,4.0,3,1,0.9193,0.83295
DQN,small_grid,2,129,9519,6.0,5,1,0.9193,0.627944
DQN,small_grid,2,130,9532,-26.0,13,1,0.9191,0.561802
DQN,small_grid,2,131,9645,-298.0,113,1,0.9182,0.33168
DQN,small_grid,2,132,9692,-112.0,47,1,0.9178,0.198389
DQN,small_grid,2,133,9705,-18.0,13,1,0.9177,0.228059
DQN,small_grid,2,134,9746,-102.0,41,1,0.9173,0.192031
DQN,small_grid,2,135,9747,10.0,1,1,0.9173,0.147996
DQN,small_grid,2,136,9749,9.0,2,1,0.9173,0.195209
DQN,small_grid,2,137,9781,-45.0,32,1,0.917,0.169485
DQN,small_grid,2,138,9803,-43.0,22,1,0.9168,0.17449
DQN,small_grid,2,139,9884,-186.0,81,1,0.9162,0.135561
DQN,small_grid,2,140,9900,-29.0,16,1,0.916,0.099483
DQN,small_grid,2,141,9937,-74.0,37,1,0.9157,0.10571
DQN,small_grid,2,142,9974,-86.0,37,1,0.9154,0.083575
DQN,small_grid,2,143,10000,-47.0,26,1,0.9152,0.144271
DQN,small_grid,2,144,10031,-60.0,31,1,0.9149,0.714122
DQN,small_grid,2,145,10044,-30.0,13,1,0.9148,0.409383
DQN,small_grid,2,146,10062,-15.0,18,1,0.9147,0.347656
DQN,small_grid,2,147,10067,2.0,5,1,0.9146,0.269762
DQN,small_grid,2,148,10098,-44.0,31,1,0.9143,0.241252
DQN,small_grid,2,149,10118,-29.0,20,1,0.9142,0.188714
DQN,small_grid,2,150,10129,-4.0,11,1,0.9141,0.162652
DQN,small_grid,2,151,10139,-15.0,10,1,0.914,0.148079
DQN,small_grid,2,152,10197,-135.0,58,1,0.9135,0.131297
DQN,small_grid,2,153,10252,-120.0,55,1,0.913,0.089868
DQN,small_grid,2,154,10291,-76.0,39,1,0.9127,0.079855
DQN,small_grid,2,155,10404,-218.0,113,1,0.9118,0.062309
DQN,small_grid,2,156,10445,-74.0,41,1,0.9114,0.04031
DQN,small_grid,2,157,10448,4.0,3,1,0.9114,0.034058
DQN,small_grid,2,158,10460,-13.0,12,1,0.9113,0.039651
DQN,small_grid,2,159,10483,-52.0,23,1,0.9111,0.03355
DQN,small_grid,2,160,10491,-1.0,8,1,0.911,0.024245
DQN,small_grid,2,161,10542,-120.0,51,1,0.9106,0.42894
DQN,small_grid,2,162,10580,-91.0,38,1,0.9103,0.167046
DQN,small_grid,2,163,10661,-166.0,81,1,0.9096,0.092826
DQN,small_grid,2,164,10664,0.0,3,1,0.9095,0.067033
DQN,small_grid,2,165,10677,-14.0,13,1,0.9094,0.065001
DQN,small_grid,2,166,10700,-56.0,23,1,0.9092,0.052249
DQN,small_grid,2,167,10701,10.0,1,1,0.9092,0.029325
DQN,small_grid,2,168,10769,-149.0,68,1,0.9087,0.03801
DQN,small_grid,2,169,10800,-76.0,31,1,0.9084,0.033151
DQN,small_grid,2,170,10846,-111.0,46,1,0.908,0.027329
DQN,small_grid,2,171,10985,-264.0,139,1,0.9068,0.019706
DQN,small_grid,2,172,10986,10.0,1,1,0.9068,0.01818
DQN,small_grid,2,173,10989,4.0,3,1,0.9068,0.01399
DQN,small_grid,2,174,11010,-42.0,21,1,0.9066,0.33636
DQN,small_grid,2,175,11019,-2.0,9,1,0.9065,0.469603
DQN,small_grid,2,176,11048,-54.0,29,1,0.9063,0.276292
DQN,small_grid,2,177,11080,-53.0,32,1,0.906,0.134342
DQN,small_grid,2,178,11089,-10.0,9,1,0.9059,0.104522
DQN,small_grid,2,179,11107,-31.0,18,1,0.9058,0.082486
DQN,small_grid,2,180,11125,-47.0,18,1,0.9056,0.071014
DQN,small_grid,2,181,11175,-95.0,50,1,0.9052,0.044039
DQN,small_grid,2,182,11227,-101.0,52,1,0.9048,0.028868
DQN,small_grid,2,183,11310,-172.0,83,1,0.9041,0.022234
DQN,small_grid,2,184,11410,-177.0,100,1,0.9032,0.013709
DQN,small_grid,2,185,11411,10.0,1,1,0.9032,0.008984
DQN,small_grid,2,186,11504,-226.0,93,1,0.9024,0.047524
DQN,small_grid,2,187,11557,-102.0,53,1,0.902,0.209189
DQN,small_grid,2,188,11616,-132.0,59,1,0.9015,0.041818
DQN,small_grid,2,189,11739,-260.0,123,1,0.9004,0.018931
DQN,small_grid,2,190,11841,-183.0,102,1,0.8996,0.011108
DQN,small_grid,2,191,11860,-24.0,19,1,0.8994,0.007026
DQN,small_grid,2,192,11908,-101.0,48,1,0.899,0.006976
DQN,small_grid,2,193,11955,-60.0,47,1,0.8986,0.007317
DQN,small_grid,2,194,11964,-10.0,9,1,0.8985,0.006496
DQN,small_grid,2,195,11969,6.0,5,1,0.8985,0.006379
DQN,small_grid,2,196,11978,2.0,9,1,0.8984,0.00463
DQN,small_grid,2,197,12012,-75.0,34,1,0.8981,0.102952
DQN,small_grid,2,198,12029,-30.0,17,1,0.898,0.109472
DQN,small_grid,2,199,12112,-152.0,83,1,0.8973,0.034251
DQN,small_grid,2,200,12137,-50.0,25,1,0.8971,0.015373
DQN,small_grid,2,201,12202,-126.0,65,1,0.8965,0.011371
DQN,small_grid,2,202,12352,-323.0,150,1,0.8952,0.007048
DQN,small_grid,2,203,12360,-1.0,8,1,0.8952,0.00389
DQN,small_grid,2,204,12363,8.0,3,1,0.8951,0.004258
DQN,small_grid,2,205,12379,-33.0,16,1,0.895,0.006035
DQN,small_grid,2,206,12421,-103.0,42,1,0.8946,0.004432
DQN,small_grid,2,207,12446,-46.0,25,1,0.8944,0.0043
DQN,small_grid,2,208,12449,8.0,3,1,0.8944,0.005348
DQN,small_grid,2,209,12491,-83.0,42,1,0.894,0.003668
DQN,small_grid,2,210,12549,-119.0,58,1,0.8936,0.039809
DQN,small_grid,2,211,12698,-310.0,149,1,0.8923,0.010596
DQN,small_grid,2,212,12874,-385.0,176,1,0.8908,0.004133
DQN,small_grid,2,213,12896,-39.0,22,1,0.8906,0.002851
DQN,small_grid,2,214,12906,-15.0,10,1,0.8905,0.002865
DQN,small_grid,2,215,12997,-200.0,91,1,0.8898,0.002549
DQN,small_grid,2,216,13007,1.0,10,1,0.8897,0.019829
DQN,small_grid,2,217,13028,-26.0,21,1,0.8895,0.0133
DQN,small_grid,2,218,13090,-127.0,62,1,0.889,0.006292
DQN,small_grid,2,219,13182,-173.0,92,1,0.8882,0.003442
DQN,small_grid,2,220,13239,-110.0,57,1,0.8877,0.002768
DQN,small_grid,2,221,13345,-271.0,106,1,0.8868,0.001734
DQN,small_grid,2,222,13359,-27.0,14,1,0.8867,0.001394
DQN,small_grid,2,223,13385,-31.0,26,1,0.8865,0.001638
DQN,small_grid,2,224,13411,-39.0,26,1,0.8862,0.001324
DQN,small_grid,2,225,13576,-362.0,165,1,0.8848,0.004045
DQN,small_grid,2,226,13627,-76.0,51,1,0.8844,0.002891
DQN,small_grid,2,227,13638,-12.0,11,1,0.8843,0.001874
DQN,small_grid,2,228,13716,-183.0,78,1,0.8837,0.001599
DQN,small_grid,2,229,13803,-180.0,87,1,0.8829,0.001196
DQN,small_grid,2,230,13974,-372.0,171,1,0.8815,0.000941
DQN,small_grid,2,231,14033,-132.0,59,1,0.881,0.004588
DQN,small_grid,2,232,14096,-180.0,63,1,0.8804,0.002433
DQN,small_grid,2,233,14147,-80.0,51,1,0.88,0.001028
DQN,small_grid,2,234,14157,-15.0,10,1,0.8799,0.000985
DQN,small_grid,2,235,14161,3.0,4,1,0.8799,0.001781
DQN,small_grid,2,236,14171,-15.0,10,1,0.8798,0.001485
DQN,small_grid,2,237,14208,-50.0,37,1,0.8795,0.001137
DQN,small_grid,2,238,14262,-111.0,54,1,0.879,0.000871
DQN,small_grid,2,239,14278,-21.0,16,1,0.8789,0.000639
DQN,small_grid,2,240,14291,-30.0,13,1,0.8788,0.000801
DQN,small_grid,2,241,14310,-16.0,19,1,0.8786,0.000583
DQN,small_grid,2,242,14329,-48.0,19,1,0.8785,0.000998
DQN,small_grid,2,243,14344,-24.0,15,1,0.8783,0.00053
DQN,small_grid,2,244,14356,-13.0,12,1,0.8782,0.000576
DQN,small_grid,2,245,14369,-34.0,13,1,0.8781,0.001037
DQN,small_grid,2,246,14379,-3.0,10,1,0.878,0.000628
DQN,small_grid,2,247,14399,-49.0,20,1,0.8779,0.000625
DQN,small_grid,2,248,14412,-10.0,13,1,0.8778,0.000779
DQN,small_grid,2,249,14475,-136.0,63,1,0.8772,0.000687
DQN,small_grid,2,250,14482,0.0,7,1,0.8772,0.001392
DQN,small_grid,2,251,14504,-27.0,22,1,0.877,0.001314
DQN,small_grid,2,252,14538,-63.0,34,1,0.8767,0.002209
DQN,small_grid,2,253,14611,-182.0,73,1,0.8761,0.001005
DQN,small_grid,2,254,14621,-15.0,10,1,0.876,0.000839
DQN,small_grid,2,255,14675,-91.0,54,1,0.8755,0.000763
DQN,small_grid,2,256,14714,-80.0,39,1,0.8752,0.000617
DQN,small_grid,2,257,14737,-48.0,23,1,0.875,0.000559
DQN,small_grid,2,258,14785,-105.0,48,1,0.8746,0.000473
DQN,small_grid,2,259,14809,-37.0,24,1,0.8744,0.000489
DQN,small_grid,2,260,14878,-162.0,69,1,0.8738,0.000527
DQN,small_grid,2,261,14972,-195.0,94,1,0.873,0.000328
DQN,small_grid,2,262,15019,-92.0,47,1,0.8726,0.001053
DQN,small_grid,2,263,15071,-117.0,52,1,0.8722,0.001066
DQN,small_grid,2,264,15100,-30.0,29,1,0.8719,0.000956
DQN,small_grid,2,265,15108,-5.0,8,1,0.8719,0.000854
DQN,small_grid,2,266,15166,-123.0,58,1,0.8714,0.000472
DQN,small_grid,2,267,15176,-7.0,10,1,0.8713,0.000319
DQN,small_grid,2,268,15195,-36.0,19,1,0.8711,0.000347
DQN,small_grid,2,269,15230,-60.0,35,1,0.8708,0.000393
DQN,small_grid,2,270,15255,-46.0,25,1,0.8706,0.000355
DQN,small_grid,2,271,15263,-9.0,8,1,0.8705,0.000289
DQN,small_grid,2,272,15278,-36.0,15,1,0.8704,0.000371
DQN,small_grid,2,273,15282,7.0,4,1,0.8704,0.000486
DQN,small_grid,2,274,15342,-121.0,60,1,0.8699,0.000392
DQN,small_grid,2,275,15360,-27.0,18,1,0.8697,0.000427
DQN,small_grid,2,276,15365,-6.0,5,1,0.8697,0.00052
DQN,small_grid,2,277,15427,-139.0,62,1,0.8691,0.000646
DQN,small_grid,2,278,15449,-35.0,22,1,0.869,0.00071
DQN,small_grid,2,279,15452,8.0,3,1,0.8689,0.000663
DQN,small_grid,2,280,15469,-22.0,17,1,0.8688,0.00087
DQN,small_grid,2,281,15502,-66.0,33,1,0.8685,0.000853
DQN,small_grid,2,282,15529,-52.0,27,1,0.8683,0.001473
DQN,small_grid,2,283,15620,-184.0,91,1,0.8675,0.000951
DQN,small_grid,2,284,15681,-122.0,61,1,0.867,0.000398
DQN,small_grid,2,285,15710,-58.0,29,1,0.8667,0.000357
DQN,small_grid,2,286,15809,-268.0,99,1,0.8659,0.000363
DQN,small_grid,2,287,15839,-59.0,30,1,0.8657,0.0004
DQN,small_grid,2,288,15885,-95.0,46,1,0.8653,0.000471
DQN,small_grid,2,289,15924,-104.0,39,1,0.8649,0.000433
DQN,small_grid,2,290,15933,-10.0,9,1,0.8649,0.000374
DQN,small_grid,2,291,15970,-54.0,37,1,0.8645,0.000425
DQN,small_grid,2,292,15971,10.0,1,1,0.8645,0.000455
DQN,small_grid,2,293,15975,7.0,4,1,0.8645,0.000526
DQN,small_grid,2,294,15986,-28.0,11,1,0.8644,0.000585
DQN,small_grid,2,295,15997,-12.0,11,1,0.8643,0.0005
DQN,small_grid,2,296,16080,-220.0,83,1,0.8636,0.002284
DQN,small_grid,2,297,16116,-73.0,36,1,0.8633,0.001652
DQN,small_grid,2,298,16124,-5.0,8,1,0.8632,0.000912
DQN,small_grid,2,299,16130,-3.0,6,1,0.8632,0.000916
DQN,small_grid,2,300,16150,-37.0,20,1,0.863,0.000883
DQN,small_grid,2,301,16153,8.0,3,1,0.863,0.00074
DQN,small_grid,2,302,16177,-41.0,24,1,0.8628,0.001058
DQN,small_grid,2,303,16243,-99.0,66,1,0.8622,0.000488
DQN,small_grid,2,304,16244,10.0,1,1,0.8622,0.0007
DQN,small_grid,2,305,16248,7.0,4,1,0.8622,0.000511
DQN,small_grid,2,306,16256,-1.0,8,1,0.8621,0.000585
DQN,small_grid,2,307,16271,-8.0,15,1,0.862,0.000942
DQN,small_grid,2,308,16316,-86.0,45,1,0.8616,0.000752
DQN,small_grid,2,309,16410,-247.0,94,1,0.8608,0.000683
DQN,small_grid,2,310,16482,-133.0,72,1,0.8602,0.001044
DQN,small_grid,2,311,16512,-55.0,30,1,0.8599,0.003524
DQN,small_grid,2,312,16516,3.0,4,1,0.8599,0.00406
DQN,small_grid,2,313,16597,-186.0,81,1,0.8592,0.002468
DQN,small_grid,2,314,16620,-48.0,23,1,0.859,0.001725
DQN,small_grid,2,315,16710,-167.0,90,1,0.8583,0.001488
DQN,small_grid,2,316,16739,-62.0,29,1,0.858,0.000872
DQN,small_grid,2,317,16775,-65.0,36,1,0.8577,0.000584
DQN,small_grid,2,318,16792,-38.0,17,1,0.8576,0.000982
DQN,small_grid,2,319,16798,1.0,6,1,0.8575,0.000744
DQN,small_grid,2,320,16840,-79.0,42,1,0.8572,0.000926
DQN,small_grid,2,321,16852,-21.0,12,1,0.8571,0.001264
DQN,small_grid,2,322,16894,-99.0,42,1,0.8567,0.001114
DQN,small_grid,2,323,16974,-205.0,80,1,0.856,0.001094
DQN,small_grid,2,324,17049,-124.0,75,1,0.8554,0.00219
DQN,small_grid,2,325,17076,-40.0,27,1,0.8552,0.004046
DQN,small_grid,2,326,17080,3.0,4,1,0.8551,0.003284
DQN,small_grid,2,327,17098,-23.0,18,1,0.855,0.002952
DQN,small_grid,2,328,17172,-171.0,74,1,0.8543,0.001794
DQN,small_grid,2,329,17203,-48.0,31,1,0.8541,0.00171
DQN,small_grid,2,330,17221,-43.0,18,1,0.8539,0.001174
DQN,small_grid,2,331,17245,-57.0,24,1,0.8537,0.000818
DQN,small_grid,2,332,17254,-6.0,9,1,0.8536,0.000601
DQN,small_grid,2,333,17319,-162.0,65,1,0.8531,0.001109
DQN,small_grid,2,334,17352,-66.0,33,1,0.8528,0.000873
DQN,small_grid,2,335,17365,-18.0,13,1,0.8527,0.000856
DQN,small_grid,2,336,17376,-12.0,11,1,0.8526,0.000838
DQN,small_grid,2,337,17433,-114.0,57,1,0.8521,0.002412
DQN,small_grid,2,338,17450,-30.0,17,1,0.852,0.003692
DQN,small_grid,2,339,17480,-47.0,30,1,0.8517,0.002129
DQN,small_grid,2,340,17537,-110.0,57,1,0.8512,0.005443
DQN,small_grid,2,341,17587,-103.0,50,1,0.8508,0.003432
DQN,small_grid,2,342,17637,-99.0,50,1,0.8504,0.001675
DQN,small_grid,2,343,17645,-9.0,8,1,0.8503,0.001068
DQN,small_grid,2,344,17659,-11.0,14,1,0.8502,0.000765
DQN,small_grid,2,345,17661,9.0,2,1,0.8502,0.000858
DQN,small_grid,2,346,17664,8.0,3,1,0.8502,0.00073
DQN,small_grid,2,347,17791,-276.0,127,1,0.8491,0.000612
DQN,small_grid,2,348,17856,-126.0,65,1,0.8485,0.000197
DQN,small_grid,2,349,17916,-113.0,60,1,0.848,0.000249
DQN,small_grid,2,350,17977,-106.0,61,1,0.8475,0.000181
DQN,small_grid,2,351,17990,-26.0,13,1,0.8474,0.000226
DQN,small_grid,2,352,18002,-5.0,12,1,0.8473,0.001376
DQN,small_grid,2,353,18008,-3.0,6,1,0.8473,0.004023
DQN,small_grid,2,354,18101,-150.0,93,1,0.8465,0.00251
DQN,small_grid,2,355,18205,-197.0,104,1,0.8456,0.001601
DQN,small_grid,2,356,18271,-155.0,66,1,0.845,0.002588
DQN,small_grid,2,357,18282,-8.0,11,1,0.8449,0.001979
DQN,small_grid,2,358,18295,-22.0,13,1,0.8448,0.001283
DQN,small_grid,2,359,18324,-58.0,29,1,0.8446,0.000986
DQN,small_grid,2,360,18344,-33.0,20,1,0.8444,0.00068
DQN,small_grid,2,361,18369,-42.0,25,1,0.8442,0.001066
DQN,small_grid,2,362,18402,-58.0,33,1,0.8439,0.001673
DQN,small_grid,2,363,18423,-46.0,21,1,0.8437,0.000768
DQN,small_grid,2,364,18473,-91.0,50,1,0.8433,0.000501
DQN,small_grid,2,365,18496,-24.0,23,1,0.8431,0.000361
DQN,small_grid,2,366,18499,4.0,3,1,0.8431,0.000277
DQN,small_grid,2,367,18505,1.0,6,1,0.843,0.004606
DQN,small_grid,2,368,18516,-28.0,11,1,0.8429,0.004291
DQN,small_grid,2,369,18520,-1.0,4,1,0.8429,0.003912
DQN,small_grid,2,370,18528,-5.0,8,1,0.8428,0.003923
DQN,small_grid,2,371,18547,-28.0,19,1,0.8427,0.002717
DQN,small_grid,2,372,18586,-72.0,39,1,0.8424,0.002472
DQN,small_grid,2,373,18618,-77.0,32,1,0.8421,0.001871
DQN,small_grid,2,374,18652,-43.0,34,1,0.8418,0.002281
DQN,small_grid,2,375,18665,-14.0,13,1,0.8417,0.001602
DQN,small_grid,2,376,18687,-23.0,22,1,0.8415,0.001531
DQN,small_grid,2,377,18743,-121.0,56,1,0.841,0.000691
DQN,small_grid,2,378,18757,-7.0,14,1,0.8409,0.000416
DQN,small_grid,2,379,18766,-6.0,9,1,0.8408,0.000331
DQN,small_grid,2,380,18886,-277.0,120,1,0.8398,0.000441
DQN,small_grid,2,381,18903,-26.0,17,1,0.8397,0.000283
DQN,small_grid,2,382,18959,-149.0,56,1,0.8392,0.000951
DQN,small_grid,2,383,18968,-6.0,9,1,0.8391,0.00051
DQN,small_grid,2,384,18978,-19.0,10,1,0.839,0.000476
DQN,small_grid,2,385,18979,10.0,1,1,0.839,0.000605
DQN,small_grid,2,386,19023,-89.0,44,1,0.8386,0.002763
DQN,small_grid,2,387,19031,-5.0,8,1,0.8386,0.004357
DQN,small_grid,2,388,19078,-88.0,47,1,0.8382,0.002952
DQN,small_grid,2,389,19089,-12.0,11,1,0.8381,0.001817
DQN,small_grid,2,390,19113,-41.0,24,1,0.8379,0.001657
DQN,small_grid,2,391,19120,-12.0,7,1,0.8378,0.001724
DQN,small_grid,2,392,19132,-9.0,12,1,0.8377,0.00247
DQN,small_grid,2,393,19165,-46.0,33,1,0.8374,0.003512
DQN,small_grid,2,394,19187,-35.0,22,1,0.8373,0.002562
DQN,small_grid,2,395,19230,-68.0,43,1,0.8369,0.001329
DQN,small_grid,2,396,19250,-33.0,20,1,0.8367,0.001331
DQN,small_grid,2,397,19263,-14.0,13,1,0.8366,0.000997
DQN,small_grid,2,398,19269,1.0,6,1,0.8366,0.000838
DQN,small_grid,2,399,19307,-91.0,38,1,0.8362,0.000651
DQN,small_grid,2,400,19354,-64.0,47,1,0.8358,0.000548
DQN,small_grid,2,401,19357,4.0,3,1,0.8358,0.000688
DQN,small_grid,2,402,19385,-37.0,28,1,0.8356,0.000903
DQN,small_grid,2,403,19404,-24.0,19,1,0.8354,0.000816
DQN,small_grid,2,404,19407,0.0,3,1,0.8354,0.000797
DQN,small_grid,2,405,19434,-32.0,27,1,0.8352,0.001498
DQN,small_grid,2,406,19443,-10.0,9,1,0.8351,0.0016
DQN,small_grid,2,407,19499,-133.0,56,1,0.8346,0.001847
DQN,small_grid,2,408,19540,-66.0,41,1,0.8343,0.004877
DQN,small_grid,2,409,19588,-85.0,48,1,0.8339,0.002894
DQN,small_grid,2,410,19590,9.0,2,1,0.8338,0.00194
DQN,small_grid,2,411,19603,-6.0,13,1,0.8337,0.001665
DQN,small_grid,2,412,19612,-2.0,9,1,0.8336,0.001181
DQN,small_grid,2,413,19639,-60.0,27,1,0.8334,0.000863
DQN,small_grid,2,414,19641,9.0,2,1,0.8334,0.000639
DQN,small_grid,2,415,19696,-108.0,55,1,0.8329,0.000641
DQN,small_grid,2,416,19759,-128.0,63,1,0.8324,0.000891
DQN,small_grid,2,417,19848,-158.0,89,1,0.8316,0.000455
DQN,small_grid,2,418,19902,-99.0,54,1,0.8312,0.000304
DQN,small_grid,2,419,19965,-88.0,63,1,0.8307,0.000216
DQN,small_grid,2,420,19969,3.0,4,1,0.8306,0.000179
DQN,small_grid,2,421,19978,-2.0,9,1,0.8305,0.000178
DQN,small_grid,2,422,20000,-47.0,22,1,0.8304,0.000503
DQN,small_grid,2,423,20023,-56.0,23,1,0.8302,0.004336
DQN,small_grid,2,424,20041,-23.0,18,1,0.83,0.002504
DQN,small_grid,2,425,20048,-4.0,7,1,0.8299,0.00193
DQN,small_grid,2,426,20248,-436.0,200,0,0.8283,0.001599
DQN,small_grid,2,427,20269,-30.0,21,1,0.8281,0.000578
DQN,small_grid,2,428,20326,-82.0,57,1,0.8276,0.000312
DQN,small_grid,2,429,20351,-42.0,25,1,0.8274,0.000213
DQN,small_grid,2,430,20353,5.0,2,1,0.8274,0.000133
DQN,small_grid,2,431,20376,-44.0,23,1,0.8272,0.00019
DQN,small_grid,2,432,20445,-162.0,69,1,0.8266,0.00035
DQN,small_grid,2,433,20453,-1.0,8,1,0.8265,0.000948
DQN,small_grid,2,434,20488,-72.0,35,1,0.8262,0.001422
DQN,small_grid,2,435,20496,-5.0,8,1,0.8262,0.001377
DQN,small_grid,2,436,20512,-17.0,16,1,0.826,0.003865
DQN,small_grid,2,437,20552,-81.0,40,1,0.8257,0.003004
DQN,small_grid,2,438,20560,-9.0,8,1,0.8256,0.002018
DQN,small_grid,2,439,20561,10.0,1,1,0.8256,0.003898
DQN,small_grid,2,440,20562,10.0,1,1,0.8256,0.00164
DQN,small_grid,2,441,20643,-150.0,81,1,0.8249,0.001874
DQN,small_grid,2,442,20662,-12.0,19,1,0.8247,0.002063
DQN,small_grid,2,443,20668,1.0,6,1,0.8247,0.002287
DQN,small_grid,2,444,20673,2.0,5,1,0.8246,0.001692
DQN,small_grid,2,445,20749,-137.0,76,1,0.824,0.000795
DQN,small_grid,2,446,20783,-75.0,34,1,0.8237,0.000928
DQN,small_grid,2,447,20803,-29.0,20,1,0.8235,0.001254
DQN,small_grid,2,448,20859,-121.0,56,1,0.8231,0.001055
DQN,small_grid,2,449,20928,-118.0,69,1,0.8225,0.000712
DQN,small_grid,2,450,20985,-110.0,57,1,0.822,0.000541
DQN,small_grid,2,451,20999,-7.0,14,1,0.8219,0.000257
DQN,small_grid,2,452,21000,10.0,1,1,0.8219,0.003237
DQN,small_grid,2,453,21005,2.0,5,1,0.8218,0.003419
DQN,small_grid,2,454,21017,-9.0,12,1,0.8217,0.003116
DQN,small_grid,2,455,21040,-36.0,23,1,0.8215,0.002327
DQN,small_grid,2,456,21042,9.0,2,1,0.8215,0.002522
DQN,small_grid,2,457,21051,-6.0,9,1,0.8214,0.0024
DQN,small_grid,2,458,21064,-14.0,13,1,0.8213,0.002349
DQN,small_grid,2,459,21071,-8.0,7,1,0.8213,0.002381
DQN,small_grid,2,460,21090,-28.0,19,1,0.8211,0.002052
DQN,small_grid,2,461,21101,-20.0,11,1,0.821,0.001543
DQN,small_grid,2,462,21102,10.0,1,1,0.821,0.001258
DQN,small_grid,2,463,21119,-38.0,17,1,0.8209,0.001582
DQN,small_grid,2,464,21148,-46.0,29,1,0.8206,0.001836
DQN,small_grid,2,465,21185,-70.0,37,1,0.8203,0.001991
DQN,small_grid,2,466,21201,-17.0,16,1,0.8202,0.001216
DQN,small_grid,2,467,21212,-16.0,11,1,0.8201,0.000912
DQN,small_grid,2,468,21217,6.0,5,1,0.82,0.000644
DQN,small_grid,2,469,21224,0.0,7,1,0.82,0.000575
DQN,small_grid,2,470,21236,-17.0,12,1,0.8199,0.00049
DQN,small_grid,2,471,21390,-291.0,154,1,0.8186,0.000442
DQN,small_grid,2,472,21403,-10.0,13,1,0.8185,0.000334
DQN,small_grid,2,473,21429,-47.0,26,1,0.8182,0.000429
DQN,small_grid,2,474,21501,-125.0,72,1,0.8176,0.000559
DQN,small_grid,2,475,21504,0.0,3,1,0.8176,0.00324
DQN,small_grid,2,476,21505,10.0,1,1,0.8176,0.00128
DQN,small_grid,2,477,21576,-128.0,71,1,0.817,0.002327
DQN,small_grid,2,478,21592,-13.0,16,1,0.8169,0.002569
DQN,small_grid,2,479,21646,-123.0,54,1,0.8164,0.001741
DQN,small_grid,2,480,21648,9.0,2,1,0.8164,0.00098
DQN,small_grid,2,481,21697,-118.0,49,1,0.816,0.001126
DQN,small_grid,2,482,21730,-70.0,33,1,0.8157,0.000755
DQN,small_grid,2,483,21742,-13.0,12,1,0.8156,0.000622
DQN,small_grid,2,484,21760,-19.0,18,1,0.8154,0.000996
DQN,small_grid,2,485,21779,-36.0,19,1,0.8153,0.001298
DQN,small_grid,2,486,21819,-69.0,40,1,0.8149,0.001503
DQN,small_grid,2,487,21826,0.0,7,1,0.8149,0.001656
DQN,small_grid,2,488,21829,8.0,3,1,0.8148,0.001996
DQN,small_grid,2,489,21830,10.0,1,1,0.8148,0.0029
DQN,small_grid,2,490,21880,-119.0,50,1,0.8144,0.001466
DQN,small_grid,2,491,21881,10.0,1,1,0.8144,0.000809
DQN,small_grid,2,492,21895,-15.0,14,1,0.8143,0.001088
DQN,small_grid,2,493,21941,-103.0,46,1,0.8139,0.000699
DQN,small_grid,2,494,21989,-109.0,48,1,0.8135,0.000648
DQN,small_grid,2,495,22005,-21.0,16,1,0.8134,0.001578
DQN,small_grid,2,496,22026,-34.0,21,1,0.8132,0.002275
DQN,small_grid,2,497,22054,-53.0,28,1,0.8129,0.002509
DQN,small_grid,2,498,22055,10.0,1,1,0.8129,0.003786
DQN,small_grid,2,499,22112,-102.0,57,1,0.8124,0.002957
DQN,small_grid,2,500,22116,3.0,4,1,0.8124,0.001341
DQN,small_grid,2,501,22128,-21.0,12,1,0.8123,0.001542
DQN,small_grid,2,502,22135,0.0,7,1,0.8122,0.001519
DQN,small_grid,2,503,22176,-66.0,41,1,0.8119,0.000813
DQN,small_grid,2,504,22177,10.0,1,1,0.8119,0.000575
DQN,small_grid,2,505,22200,-28.0,23,1,0.8117,0.000496
DQN,small_grid,2,506,22207,0.0,7,1,0.8116,0.000658
DQN,small_grid,2,507,22225,-39.0,18,1,0.8115,0.000591
DQN,small_grid,2,508,22264,-88.0,39,1,0.8112,0.00058
DQN,small_grid,2,509,22283,-32.0,19,1,0.811,0.000518
DQN,small_grid,2,510,22287,3.0,4,1,0.811,0.00045
DQN,small_grid,2,511,22295,-5.0,8,1,0.8109,0.000413
DQN,small_grid,2,512,22308,-22.0,13,1,0.8108,0.000384
DQN,small_grid,2,513,22311,8.0,3,1,0.8108,0.000444
DQN,small_grid,2,514,22316,6.0,5,1,0.8107,0.000298
DQN,small_grid,2,515,22319,4.0,3,1,0.8107,0.000312
DQN,small_grid,2,516,22353,-47.0,34,1,0.8104,0.000215
DQN,small_grid,2,517,22360,0.0,7,1,0.8103,0.000193
DQN,small_grid,2,518,22383,-40.0,23,1,0.8101,0.000233
DQN,small_grid,2,519,22396,-14.0,13,1,0.81,0.000234
DQN,small_grid,2,520,22397,10.0,1,1,0.81,0.000302
DQN,small_grid,2,521,22411,-11.0,14,1,0.8099,0.00032
DQN,small_grid,2,522,22435,-57.0,24,1,0.8097,0.000356
DQN,small_grid,2,523,22460,-54.0,25,1,0.8095,0.000564
DQN,small_grid,2,524,22466,-3.0,6,1,0.8094,0.00063
DQN,small_grid,2,525,22572,-235.0,106,1,0.8085,0.002494
DQN,small_grid,2,526,22579,0.0,7,1,0.8085,0.002017
DQN,small_grid,2,527,22588,-10.0,9,1,0.8084,0.001569
DQN,small_grid,2,528,22590,9.0,2,1,0.8084,0.001268
DQN,small_grid,2,529,22619,-66.0,29,1,0.8081,0.001779
DQN,small_grid,2,530,22621,5.0,2,1,0.8081,0.002608
DQN,small_grid,2,531,22631,-3.0,10,1,0.808,0.001593
DQN,small_grid,2,532,22693,-123.0,62,1,0.8075,0.001011
DQN,small_grid,2,533,22741,-89.0,48,1,0.8071,0.000423
DQN,small_grid,2,534,22767,-55.0,26,1,0.8069,0.00031
DQN,small_grid,2,535,22786,-20.0,19,1,0.8067,0.000301
DQN,small_grid,2,536,22807,-38.0,21,1,0.8065,0.000213
DQN,small_grid,2,537,22812,2.0,5,1,0.8065,0.000235
DQN,small_grid,2,538,22853,-78.0,41,1,0.8062,0.000283
DQN,small_grid,2,539,22855,9.0,2,1,0.8061,0.000233
DQN,small_grid,2,540,22874,-20.0,19,1,0.806,0.000302
DQN,small_grid,2,541,22881,-4.0,7,1,0.8059,0.000192
DQN,small_grid,2,542,22889,-1.0,8,1,0.8059,0.000176
DQN,small_grid,2,543,22902,-14.0,13,1,0.8057,0.000168
DQN,small_grid,2,544,22919,-14.0,17,1,0.8056,0.000176
DQN,small_grid,2,545,22920,10.0,1,1,0.8056,0.000324
DQN,small_grid,2,546,22936,-25.0,16,1,0.8055,0.000154
DQN,small_grid,2,547,22942,1.0,6,1,0.8054,0.00023
DQN,small_grid,2,548,22983,-58.0,41,1,0.8051,0.000261
DQN,small_grid,2,549,23025,-91.0,42,1,0.8047,0.001461
DQN,small_grid,2,550,23065,-93.0,40,1,0.8044,0.002025
DQN,small_grid,2,551,23100,-76.0,35,1,0.8041,0.002697
DQN,small_grid,2,552,23142,-79.0,42,1,0.8037,0.002224
DQN,small_grid,2,553,23164,-23.0,22,1,0.8035,0.001359
DQN,small_grid,2,554,23191,-52.0,27,1,0.8033,0.001482
DQN,small_grid,2,555,23195,-1.0,4,1,0.8033,0.001449
DQN,small_grid,2,556,23215,-17.0,20,1,0.8031,0.001006
DQN,small_grid,2,557,23233,-19.0,18,1,0.8029,0.00071
DQN,small_grid,2,558,23238,-2.0,5,1,0.8029,0.000542
DQN,small_grid,2,559,23263,-26.0,25,1,0.8027,0.000596
DQN,small_grid,2,560,23269,-3.0,6,1,0.8026,0.000797
DQN,small_grid,2,561,23282,-26.0,13,1,0.8025,0.000713
DQN,small_grid,2,562,23303,-30.0,21,1,0.8023,0.000462
DQN,small_grid,2,563,23346,-68.0,43,1,0.802,0.000758
DQN,small_grid,2,564,23355,2.0,9,1,0.8019,0.000841
DQN,small_grid,2,565,23369,-23.0,14,1,0.8018,0.001113
DQN,small_grid,2,566,23370,10.0,1,1,0.8018,0.000667
DQN,small_grid,2,567,23384,-15.0,14,1,0.8017,0.000616
DQN,small_grid,2,568,23432,-97.0,48,1,0.8012,0.000614
DQN,small_grid,2,569,23458,-43.0,26,1,0.801,0.000529
DQN,small_grid,2,570,23462,7.0,4,1,0.801,0.000662
DQN,small_grid,2,571,23609,-316.0,147,1,0.7997,0.00121
DQN,small_grid,2,572,23623,-11.0,14,1,0.7996,0.000808
DQN,small_grid,2,573,23639,-17.0,16,1,0.7995,0.000604
DQN,small_grid,2,574,23656,-34.0,17,1,0.7993,0.000443
DQN,small_grid,2,575,23682,-27.0,26,1,0.7991,0.000447
DQN,small_grid,2,576,23718,-65.0,36,1,0.7988,0.0003
DQN,small_grid,2,577,23728,-11.0,10,1,0.7987,0.000204
DQN,small_grid,2,578,23778,-119.0,50,1,0.7983,0.00022
DQN,small_grid,2,579,23779,10.0,1,1,0.7983,0.000287
DQN,small_grid,2,580,23789,-7.0,10,1,0.7982,0.000313
DQN,small_grid,2,581,23800,-12.0,11,1,0.7981,0.000423
DQN,small_grid,2,582,23808,-17.0,8,1,0.7981,0.000317
DQN,small_grid,2,583,23843,-80.0,35,1,0.7978,0.000257
DQN,small_grid,2,584,23868,-38.0,25,1,0.7975,0.000171
DQN,small_grid,2,585,23915,-64.0,47,1,0.7971,0.000247
DQN,small_grid,2,586,23934,-36.0,19,1,0.797,0.000465
DQN,small_grid,2,587,23959,-34.0,25,1,0.7968,0.000971
DQN,small_grid,2,588,23962,4.0,3,1,0.7968,0.001135
DQN,small_grid,2,589,23988,-39.0,26,1,0.7965,0.001099
DQN,small_grid,2,590,23993,-6.0,5,1,0.7965,0.000787
DQN,small_grid,2,591,23999,1.0,6,1,0.7964,0.000606
DQN,small_grid,2,592,24021,-35.0,22,1,0.7963,0.001815
DQN,small_grid,2,593,24056,-80.0,35,1,0.796,0.002358
DQN,small_grid,2,594,24057,10.0,1,1,0.7959,0.002375
DQN,small_grid,2,595,24059,5.0,2,1,0.7959,0.003627
DQN,small_grid,2,596,24062,4.0,3,1,0.7959,0.002038
DQN,small_grid,2,597,24066,7.0,4,1,0.7959,0.001863
DQN,small_grid,2,598,24073,0.0,7,1,0.7958,0.001923
DQN,small_grid,2,599,24118,-102.0,45,1,0.7954,0.002033
DQN,small_grid,2,600,24149,-52.0,31,1,0.7952,0.00202
DQN,small_grid,2,601,24185,-69.0,36,1,0.7949,0.001916
DQN,small_grid,2,602,24203,-19.0,18,1,0.7947,0.001498
DQN,small_grid,2,603,24209,5.0,6,1,0.7947,0.001377
DQN,small_grid,2,604,24212,8.0,3,1,0.7946,0.001873
DQN,small_grid,2,605,24264,-89.0,52,1,0.7942,0.001178
DQN,small_grid,2,606,24288,-53.0,24,1,0.794,0.001006
DQN,small_grid,2,607,24344,-117.0,56,1,0.7935,0.000904
DQN,small_grid,2,608,24356,-9.0,12,1,0.7934,0.000716
DQN,small_grid,2,609,24370,-11.0,14,1,0.7933,0.000395
DQN,small_grid,2,610,24385,-16.0,15,1,0.7932,0.000298
DQN,small_grid,2,611,24408,-32.0,23,1,0.793,0.000224
DQN,small_grid,2,612,24427,-36.0,19,1,0.7928,0.000258
DQN,small_grid,2,613,24438,-4.0,11,1,0.7927,0.000219
DQN,small_grid,2,614,24441,4.0,3,1,0.7927,0.000217
DQN,small_grid,2,615,24456,-28.0,15,1,0.7926,0.000156
DQN,small_grid,2,616,24498,-67.0,42,1,0.7922,0.000124
DQN,small_grid,2,617,24505,-8.0,7,1,0.7921,0.001644
DQN,small_grid,2,618,24553,-93.0,48,1,0.7917,0.000912
DQN,small_grid,2,619,24558,2.0,5,1,0.7917,0.000776
DQN,small_grid,2,620,24559,10.0,1,1,0.7917,0.000421
DQN,small_grid,2,621,24610,-128.0,51,1,0.7913,0.000411
DQN,small_grid,2,622,24624,-19.0,14,1,0.7911,0.000337
DQN,small_grid,2,623,24630,5.0,6,1,0.7911,0.000382
DQN,small_grid,2,624,24664,-55.0,34,1,0.7908,0.000393
DQN,small_grid,2,625,24718,-91.0,54,1,0.7903,0.000473
DQN,small_grid,2,626,24740,-23.0,22,1,0.7902,0.000554
DQN,small_grid,2,627,24752,-5.0,12,1,0.7901,0.000533
DQN,small_grid,2,628,24766,-15.0,14,1,0.7899,0.000471
DQN,small_grid,2,629,24855,-198.0,89,1,0.7892,0.000747
DQN,small_grid,2,630,24877,-35.0,22,1,0.789,0.00128
DQN,small_grid,2,631,24882,6.0,5,1,0.7889,0.001208
DQN,small_grid,2,632,24888,1.0,6,1,0.7889,0.001407
DQN,small_grid,2,633,24902,-19.0,14,1,0.7888,0.001101
DQN,small_grid,2,634,24939,-66.0,37,1,0.7885,0.000785
DQN,small_grid,2,635,24947,-1.0,8,1,0.7884,0.000902
DQN,small_grid,2,636,24964,-26.0,17,1,0.7883,0.001285
DQN,small_grid,2,637,24980,-13.0,16,1,0.7881,0.00189
DQN,small_grid,2,638,25051,-152.0,71,1,0.7875,0.005934
DQN,small_grid,2,639,25086,-68.0,35,1,0.7872,0.005093
DQN,small_grid,2,640,25165,-160.0,79,1,0.7865,0.001757
DQN,small_grid,2,641,25178,-10.0,13,1,0.7864,0.000685
DQN,small_grid,2,642,25185,0.0,7,1,0.7864,0.000676
DQN,small_grid,2,643,25191,-3.0,6,1,0.7863,0.000576
DQN,small_grid,2,644,25322,-288.0,131,1,0.7852,0.00037
DQN,small_grid,2,645,25329,0.0,7,1,0.7852,0.000224
DQN,small_grid,2,646,25341,-17.0,12,1,0.7851,0.00016
DQN,small_grid,2,647,25345,-1.0,4,1,0.785,0.000177
DQN,small_grid,2,648,25346,10.0,1,1,0.785,0.000121
DQN,small_grid,2,649,25374,-45.0,28,1,0.7848,0.000128
DQN,small_grid,2,650,25392,-31.0,18,1,0.7846,0.000122
DQN,small_grid,2,651,25396,7.0,4,1,0.7846,0.000135
DQN,small_grid,2,652,25410,-27.0,14,1,0.7845,0.000114
DQN,small_grid,2,653,25417,-12.0,7,1,0.7844,0.000128
DQN,small_grid,2,654,25463,-83.0,46,1,0.784,9.9e-05
DQN,small_grid,2,655,25492,-58.0,29,1,0.7838,6.7e-05
DQN,small_grid,2,656,25511,-24.0,19,1,0.7836,0.004304
DQN,small_grid,2,657,25532,-30.0,21,1,0.7834,0.005745
DQN,small_grid,2,658,25553,-26.0,21,1,0.7833,0.006949
DQN,small_grid,2,659,25604,-100.0,51,1,0.7828,0.003436
DQN,small_grid,2,660,25700,-173.0,96,1,0.782,0.001466
DQN,small_grid,2,661,25714,-23.0,14,1,0.7819,0.001085
DQN,small_grid,2,662,25741,-56.0,27,1,0.7817,0.000695
DQN,small_grid,2,663,25754,-14.0,13,1,0.7816,0.000444
DQN,small_grid,2,664,25781,-44.0,27,1,0.7813,0.000355
DQN,small_grid,2,665,25806,-50.0,25,1,0.7811,0.000273
DQN,small_grid,2,666,25830,-29.0,24,1,0.7809,0.00024
DQN,small_grid,2,667,25848,-35.0,18,1,0.7808,0.000202
DQN,small_grid,2,668,25864,-21.0,16,1,0.7806,0.000146
DQN,small_grid,2,669,25870,5.0,6,1,0.7806,0.000143
DQN,small_grid,2,670,25915,-74.0,45,1,0.7802,0.000131
DQN,small_grid,2,671,25956,-74.0,41,1,0.7798,0.000127
DQN,small_grid,2,672,25993,-98.0,37,1,0.7795,9.1e-05
DQN,small_grid,2,673,25998,2.0,5,1,0.7795,6e-05
DQN,small_grid,2,674,26062,-129.0,64,1,0.7789,0.004537
DQN,small_grid,2,675,26074,-25.0,12,1,0.7788,0.003632
DQN,small_grid,2,676,26102,-33.0,28,1,0.7786,0.003727
DQN,small_grid,2,677,26147,-82.0,45,1,0.7782,0.001573
DQN,small_grid,2,678,26182,-68.0,35,1,0.7779,0.000704
DQN,small_grid,2,679,26216,-59.0,34,1,0.7776,0.000562
DQN,small_grid,2,680,26253,-82.0,37,1,0.7773,0.000688
DQN,small_grid,2,681,26277,-33.0,24,1,0.7771,0.000514
DQN,small_grid,2,682,26333,-121.0,56,1,0.7766,0.000277
DQN,small_grid,2,683,26363,-51.0,30,1,0.7764,0.000155
DQN,small_grid,2,684,26369,1.0,6,1,0.7763,0.000116
DQN,small_grid,2,685,26370,10.0,1,1,0.7763,0.000175
DQN,small_grid,2,686,26374,7.0,4,1,0.7763,0.000114
DQN,small_grid,2,687,26417,-116.0,43,1,0.7759,0.000114
DQN,small_grid,2,688,26430,-14.0,13,1,0.7758,0.000102
DQN,small_grid,2,689,26438,-1.0,8,1,0.7757,0.00012
DQN,small_grid,2,690,26484,-87.0,46,1,0.7754,0.000141
DQN,small_grid,2,691,26513,-38.0,29,1,0.7751,0.003585
DQN,small_grid,2,692,26523,-7.0,10,1,0.775,0.004323
DQN,small_grid,2,693,26551,-41.0,28,1,0.7748,0.00481
DQN,small_grid,2,694,26591,-69.0,40,1,0.7745,0.003589
DQN,small_grid,2,695,26613,-19.0,22,1,0.7743,0.002395
DQN,small_grid,2,696,26614,10.0,1,1,0.7743,0.002105
DQN,small_grid,2,697,26626,-21.0,12,1,0.7742,0.001661
DQN,small_grid,2,698,26627,10.0,1,1,0.7741,0.001206
DQN,small_grid,2,699,26637,-15.0,10,1,0.7741,0.000989
DQN,small_grid,2,700,26668,-48.0,31,1,0.7738,0.000806
DQN,small_grid,2,701,26702,-79.0,34,1,0.7735,0.001246
DQN,small_grid,2,702,26718,-13.0,16,1,0.7734,0.000743
DQN,small_grid,2,703,26742,-45.0,24,1,0.7732,0.000443
DQN,small_grid,2,704,26832,-183.0,90,1,0.7724,0.000538
DQN,small_grid,2,705,26833,10.0,1,1,0.7724,0.000542
DQN,small_grid,2,706,26835,9.0,2,1,0.7724,0.000693
DQN,small_grid,2,707,26868,-62.0,33,1,0.7721,0.000475
DQN,small_grid,2,708,26878,-11.0,10,1,0.772,0.000311
DQN,small_grid,2,709,26881,8.0,3,1,0.772,0.000293
DQN,small_grid,2,710,26909,-57.0,28,1,0.7718,0.000285
DQN,small_grid,2,711,26923,-19.0,14,1,0.7716,0.000233
DQN,small_grid,2,712,26925,9.0,2,1,0.7716,0.000243
DQN,small_grid,2,713,26954,-62.0,29,1,0.7714,0.000239
DQN,small_grid,2,714,26958,3.0,4,1,0.7713,0.000144
DQN,small_grid,2,715,26970,-5.0,12,1,0.7712,0.000232
DQN,small_grid,2,716,27021,-100.0,51,1,0.7708,0.003268
DQN,small_grid,2,717,27040,-32.0,19,1,0.7706,0.003498
DQN,small_grid,2,718,27044,7.0,4,1,0.7706,0.002614
DQN,small_grid,2,719,27050,1.0,6,1,0.7706,0.002463
DQN,small_grid,2,720,27073,-28.0,23,1,0.7704,0.001932
DQN,small_grid,2,721,27103,-51.0,30,1,0.7701,0.001277
DQN,small_grid,2,722,27187,-181.0,84,1,0.7694,0.000691
DQN,small_grid,2,723,27209,-19.0,22,1,0.7692,0.000339
DQN,small_grid,2,724,27211,9.0,2,1,0.7692,0.000167
DQN,small_grid,2,725,27221,-7.0,10,1,0.7691,0.000273
DQN,small_grid,2,726,27249,-41.0,28,1,0.7689,0.000219
DQN,small_grid,2,727,27273,-21.0,24,1,0.7687,0.000296
DQN,small_grid,2,728,27322,-122.0,49,1,0.7683,0.000415
DQN,small_grid,2,729,27381,-92.0,59,1,0.7678,0.000449
DQN,small_grid,2,730,27384,8.0,3,1,0.7677,0.000673
DQN,small_grid,2,731,27393,-10.0,9,1,0.7676,0.000735
DQN,small_grid,2,732,27432,-68.0,39,1,0.7673,0.000488
DQN,small_grid,2,733,27454,-31.0,22,1,0.7671,0.000269
DQN,small_grid,2,734,27518,-101.0,64,1,0.7666,0.002222
DQN,small_grid,2,735,27530,-17.0,12,1,0.7665,0.009086
DQN,small_grid,2,736,27555,-38.0,25,1,0.7663,0.006649
DQN,small_grid,2,737,27596,-74.0,41,1,0.7659,0.004295
DQN,small_grid,2,738,27602,5.0,6,1,0.7659,0.002749
DQN,small_grid,2,739,27618,-25.0,16,1,0.7657,0.002312
DQN,small_grid,2,740,27621,8.0,3,1,0.7657,0.001902
DQN,small_grid,2,741,27665,-69.0,44,1,0.7653,0.001119
DQN,small_grid,2,742,27666,10.0,1,1,0.7653,0.000682
DQN,small_grid,2,743,27709,-100.0,43,1,0.765,0.000784
DQN,small_grid,2,744,27728,-24.0,19,1,0.7648,0.000446
DQN,small_grid,2,745,27738,-3.0,10,1,0.7647,0.000341
DQN,small_grid,2,746,27745,-8.0,7,1,0.7647,0.00026
DQN,small_grid,2,747,27750,2.0,5,1,0.7646,0.000271
DQN,small_grid,2,748,27787,-62.0,37,1,0.7643,0.000206
DQN,small_grid,2,749,27804,-18.0,17,1,0.7642,0.000149
DQN,small_grid,2,750,27812,3.0,8,1,0.7641,0.000105
DQN,small_grid,2,751,27833,-22.0,21,1,0.7639,0.00012
DQN,small_grid,2,752,27846,-10.0,13,1,0.7638,0.000109
DQN,small_grid,2,753,27855,-26.0,9,1,0.7637,0.000133
DQN,small_grid,2,754,27882,-44.0,27,1,0.7635,0.000108
DQN,small_grid,2,755,27897,-24.0,15,1,0.7634,0.000144
DQN,small_grid,2,756,27906,-10.0,9,1,0.7633,0.000128
DQN,small_grid,2,757,27918,-5.0,12,1,0.7632,0.00019
DQN,small_grid,2,758,27962,-81.0,44,1,0.7628,0.000127
DQN,small_grid,2,759,27967,2.0,5,1,0.7628,0.000108
DQN,small_grid,2,760,27982,-20.0,15,1,0.7627,0.000128
DQN,small_grid,2,761,27986,7.0,4,1,0.7626,0.00017
DQN,small_grid,2,762,28010,-37.0,24,1,0.7624,0.002187
DQN,small_grid,2,763,28017,-8.0,7,1,0.7624,0.004262
DQN,small_grid,2,764,28068,-88.0,51,1,0.7619,0.004194
DQN,small_grid,2,765,28075,-4.0,7,1,0.7619,0.002186
DQN,small_grid,2,766,28103,-45.0,28,1,0.7616,0.001629
DQN,small_grid,2,767,28131,-41.0,28,1,0.7614,0.000944
DQN,small_grid,2,768,28139,3.0,8,1,0.7613,0.000941
DQN,small_grid,2,769,28143,7.0,4,1,0.7613,0.00094
DQN,small_grid,2,770,28180,-82.0,37,1,0.761,0.000792
DQN,small_grid,2,771,28181,10.0,1,1,0.761,0.000876
DQN,small_grid,2,772,28240,-92.0,59,1,0.7605,0.000493
DQN,small_grid,2,773,28248,-9.0,8,1,0.7604,0.000324
DQN,small_grid,2,774,28266,-31.0,18,1,0.7602,0.000216
DQN,small_grid,2,775,28279,-14.0,13,1,0.7601,0.000189
DQN,small_grid,2,776,28280,10.0,1,1,0.7601,0.000319
DQN,small_grid,2,777,28300,-41.0,20,1,0.76,0.000114
DQN,small_grid,2,778,28307,4.0,7,1,0.7599,0.000107
DQN,small_grid,2,779,28340,-66.0,33,1,0.7596,0.00012
DQN,small_grid,2,780,28348,-5.0,8,1,0.7595,0.000119
DQN,small_grid,2,781,28351,4.0,3,1,0.7595,9.5e-05
DQN,small_grid,2,782,28361,-7.0,10,1,0.7594,0.000137
DQN,small_grid,2,783,28374,-34.0,13,1,0.7593,0.000138
DQN,small_grid,2,784,28403,-42.0,29,1,0.7591,0.000121
DQN,small_grid,2,785,28409,5.0,6,1,0.759,0.00011
DQN,small_grid,2,786,28439,-71.0,30,1,0.7588,9.6e-05
DQN,small_grid,2,787,28464,-38.0,25,1,0.7586,6.4e-05
DQN,small_grid,2,788,28483,-32.0,19,1,0.7584,5.8e-05
DQN,small_grid,2,789,28490,-4.0,7,1,0.7583,6.3e-05
DQN,small_grid,2,790,28498,-5.0,8,1,0.7583,5.3e-05
DQN,small_grid,2,791,28532,-67.0,34,1,0.758,0.003858
DQN,small_grid,2,792,28538,1.0,6,1,0.7579,0.00426
DQN,small_grid,2,793,28545,0.0,7,1,0.7579,0.003479
DQN,small_grid,2,794,28586,-74.0,41,1,0.7575,0.001793
DQN,small_grid,2,795,28590,7.0,4,1,0.7575,0.001436
DQN,small_grid,2,796,28597,4.0,7,1,0.7574,0.001645
DQN,small_grid,2,797,28616,-20.0,19,1,0.7573,0.001842
DQN,small_grid,2,798,28639,-44.0,23,1,0.7571,0.001275
DQN,small_grid,2,799,28652,-18.0,13,1,0.757,0.000663
DQN,small_grid,2,800,28653,10.0,1,1,0.757,0.000554
DuelingDQN,small_grid,2,1,31,-32.0,31,1,0.9997,
DuelingDQN,small_grid,2,2,54,-44.0,23,1,0.9996,
DuelingDQN,small_grid,2,3,72,-31.0,18,1,0.9994,
DuelingDQN,small_grid,2,4,102,-55.0,30,1,0.9991,
DuelingDQN,small_grid,2,5,302,-516.0,200,0,0.9974,
DuelingDQN,small_grid,2,6,502,-480.0,200,0,0.9958,
DuelingDQN,small_grid,2,7,521,-28.0,19,1,0.9956,
DuelingDQN,small_grid,2,8,530,2.0,9,1,0.9955,
DuelingDQN,small_grid,2,9,633,-212.0,103,1,0.9946,
DuelingDQN,small_grid,2,10,659,-47.0,26,1,0.9944,
DuelingDQN,small_grid,2,11,859,-508.0,200,0,0.9927,
DuelingDQN,small_grid,2,12,936,-182.0,77,1,0.9921,
DuelingDQN,small_grid,2,13,990,-159.0,54,1,0.9916,
DuelingDQN,small_grid,2,14,992,9.0,2,1,0.9916,
DuelingDQN,small_grid,2,15,1017,-46.0,25,1,0.9914,1.444569
DuelingDQN,small_grid,2,16,1048,-80.0,31,1,0.9911,1.013815
DuelingDQN,small_grid,2,17,1248,-472.0,200,0,0.9894,0.180625
DuelingDQN,small_grid,2,18,1270,-39.0,22,1,0.9892,0.095464
DuelingDQN,small_grid,2,19,1304,-79.0,34,1,0.9889,0.133405
DuelingDQN,small_grid,2,20,1504,-504.0,200,0,0.9873,0.05754
DuelingDQN,small_grid,2,21,1507,8.0,3,1,0.9872,0.475443
DuelingDQN,small_grid,2,22,1636,-302.0,129,1,0.9861,0.176489
DuelingDQN,small_grid,2,23,1643,-4.0,7,1,0.9861,0.015157
DuelingDQN,small_grid,2,24,1843,-452.0,200,0,0.9844,0.004948
DuelingDQN,small_grid,2,25,2043,-532.0,200,0,0.9827,0.133959
DuelingDQN,small_grid,2,26,2243,-472.0,200,0,0.981,0.052379
DuelingDQN,small_grid,2,27,2443,-500.0,200,0,0.9793,0.001409
DuelingDQN,small_grid,2,28,2518,-176.0,75,1,0.9787,0.231378
DuelingDQN,small_grid,2,29,2638,-305.0,120,1,0.9776,0.233251
DuelingDQN,small_grid,2,30,2718,-157.0,80,1,0.977,0.01323
DuelingDQN,small_grid,2,31,2748,-43.0,30,1,0.9767,0.008525
DuelingDQN,small_grid,2,32,2793,-114.0,45,1,0.9763,0.007951
DuelingDQN,small_grid,2,33,2842,-94.0,49,1,0.9759,0.007233
DuelingDQN,small_grid,2,34,2916,-187.0,74,1,0.9753,0.008332
DuelingDQN,small_grid,2,35,2965,-94.0,49,1,0.9749,0.001312
DuelingDQN,small_grid,2,36,3142,-414.0,177,1,0.9734,0.287278
DuelingDQN,small_grid,2,37,3203,-98.0,61,1,0.9728,0.00698
DuelingDQN,small_grid,2,38,3289,-215.0,86,1,0.9721,0.001119
DuelingDQN,small_grid,2,39,3299,-7.0,10,1,0.972,0.009952
DuelingDQN,small_grid,2,40,3301,9.0,2,1,0.972,0.000808
DuelingDQN,small_grid,2,41,3339,-111.0,38,1,0.9717,0.006099
DuelingDQN,small_grid,2,42,3353,-27.0,14,1,0.9716,0.004056
DuelingDQN,small_grid,2,43,3469,-213.0,116,1,0.9706,0.002761
DuelingDQN,small_grid,2,44,3544,-172.0,75,1,0.9699,0.370291
DuelingDQN,small_grid,2,45,3641,-210.0,97,1,0.9691,0.09941
DuelingDQN,small_grid,2,46,3731,-179.0,90,1,0.9684,0.013627
DuelingDQN,small_grid,2,47,3807,-165.0,76,1,0.9677,0.001134
DuelingDQN,small_grid,2,48,3912,-238.0,105,1,0.9668,0.000466
DuelingDQN,small_grid,2,49,3999,-196.0,87,1,0.9661,0.000349
DuelingDQN,small_grid,2,50,4064,-142.0,65,1,0.9655,0.346801
DuelingDQN,small_grid,2,51,4253,-446.0,189,1,0.9639,0.005455
DuelingDQN,small_grid,2,52,4302,-106.0,49,1,0.9635,0.000171
DuelingDQN,small_grid,2,53,4312,-15.0,10,1,0.9634,0.00014
DuelingDQN,small_grid,2,54,4314,9.0,2,1,0.9634,0.000179
DuelingDQN,small_grid,2,55,4446,-333.0,132,1,0.9623,0.000149
DuelingDQN,small_grid,2,56,4515,-166.0,69,1,0.9617,0.204604
DuelingDQN,small_grid,2,57,4565,-111.0,50,1,0.9613,0.147862
DuelingDQN,small_grid,2,58,4570,2.0,5,1,0.9612,0.021614
DuelingDQN,small_grid,2,59,4657,-208.0,87,1,0.9605,0.004258
DuelingDQN,small_grid,2,60,4662,-6.0,5,1,0.9605,0.000522
DuelingDQN,small_grid,2,61,4702,-89.0,40,1,0.9601,0.000291
DuelingDQN,small_grid,2,62,4724,-35.0,22,1,0.9599,0.000231
DuelingDQN,small_grid,2,63,4811,-240.0,87,1,0.9592,0.000119
DuelingDQN,small_grid,2,64,4894,-232.0,83,1,0.9585,0.000103
DuelingDQN,small_grid,2,65,4919,-50.0,25,1,0.9583,0.000101
DuelingDQN,small_grid,2,66,5119,-448.0,200,0,0.9566,0.054712
DuelingDQN,small_grid,2,67,5268,-374.0,149,1,0.9553,0.000109
DuelingDQN,small_grid,2,68,5298,-83.0,30,1,0.9551,5.1e-05
DuelingDQN,small_grid,2,69,5379,-178.0,81,1,0.9544,5.4e-05
DuelingDQN,small_grid,2,70,5425,-95.0,46,1,0.954,4.9e-05
DuelingDQN,small_grid,2,71,5516,-252.0,91,1,0.9532,0.000723
DuelingDQN,small_grid,2,72,5536,-37.0,20,1,0.9531,0.000876
DuelingDQN,small_grid,2,73,5736,-508.0,200,0,0.9514,9.5e-05
DuelingDQN,small_grid,2,74,5906,-415.0,170,1,0.9499,3.1e-05
DuelingDQN,small_grid,2,75,6022,-261.0,116,1,0.9489,0.000112
DuelingDQN,small_grid,2,76,6073,-100.0,51,1,0.9485,0.000165
DuelingDQN,small_grid,2,77,6082,-2.0,9,1,0.9484,8.8e-05
DuelingDQN,small_grid,2,78,6264,-455.0,182,1,0.9469,3.6e-05
DuelingDQN,small_grid,2,79,6297,-66.0,33,1,0.9466,2.1e-05
DuelingDQN,small_grid,2,80,6479,-379.0,182,1,0.9451,3.3e-05
DuelingDQN,small_grid,2,81,6541,-147.0,62,1,0.9445,0.000187
DuelingDQN,small_grid,2,82,6630,-198.0,89,1,0.9438,5.8e-05
DuelingDQN,small_grid,2,83,6684,-99.0,54,1,0.9433,3.9e-05
DuelingDQN,small_grid,2,84,6772,-221.0,88,1,0.9426,4.6e-05
DuelingDQN,small_grid,2,85,6797,-54.0,25,1,0.9424,3.8e-05
DuelingDQN,small_grid,2,86,6832,-60.0,35,1,0.9421,3.7e-05
DuelingDQN,small_grid,2,87,6916,-161.0,84,1,0.9413,4.4e-05
DuelingDQN,small_grid,2,88,6948,-61.0,32,1,0.9411,8.1e-05
DuelingDQN,small_grid,2,89,7054,-219.0,106,1,0.9402,0.000442
DuelingDQN,small_grid,2,90,7232,-455.0,178,1,0.9387,0.001131
DuelingDQN,small_grid,2,91,7242,-11.0,10,1,0.9386,0.000563
DuelingDQN,small_grid,2,92,7430,-477.0,188,1,0.937,0.00113
DuelingDQN,small_grid,2,93,7485,-92.0,55,1,0.9365,0.000431
DuelingDQN,small_grid,2,94,7563,-155.0,78,1,0.9359,0.000712
DuelingDQN,small_grid,2,95,7575,-25.0,12,1,0.9358,0.001343
DuelingDQN,small_grid,2,96,7652,-182.0,77,1,0.9351,0.001547
DuelingDQN,small_grid,2,97,7662,-3.0,10,1,0.935,0.00285
DuelingDQN,small_grid,2,98,7674,-21.0,12,1,0.9349,0.002904
DuelingDQN,small_grid,2,99,7709,-76.0,35,1,0.9346,0.00225
DuelingDQN,small_grid,2,100,7890,-398.0,181,1,0.9331,0.002421
DuelingDQN,small_grid,2,101,7940,-63.0,50,1,0.9327,0.000809
DuelingDQN,small_grid,2,102,8022,-183.0,82,1,0.932,0.000823
DuelingDQN,small_grid,2,103,8047,-38.0,25,1,0.9318,0.001218
DuelingDQN,small_grid,2,104,8058,-28.0,11,1,0.9317,0.001198
DuelingDQN,small_grid,2,105,8059,10.0,1,1,0.9317,0.000753
DuelingDQN,small_grid,2,106,8156,-234.0,97,1,0.9308,0.000904
DuelingDQN,small_grid,2,107,8209,-106.0,53,1,0.9304,0.00043
DuelingDQN,small_grid,2,108,8268,-132.0,59,1,0.9299,0.000395
DuelingDQN,small_grid,2,109,8306,-91.0,38,1,0.9296,0.000459
DuelingDQN,small_grid,2,110,8343,-74.0,37,1,0.9292,0.001358
DuelingDQN,small_grid,2,111,8370,-68.0,27,1,0.929,0.002102
DuelingDQN,small_grid,2,112,8467,-262.0,97,1,0.9282,0.004925
DuelingDQN,small_grid,2,113,8586,-244.0,119,1,0.9272,0.002261
DuelingDQN,small_grid,2,114,8620,-47.0,34,1,0.9269,0.002335
DuelingDQN,small_grid,2,115,8622,9.0,2,1,0.9269,0.001818
DuelingDQN,small_grid,2,116,8720,-203.0,98,1,0.926,0.001306
DuelingDQN,small_grid,2,117,8726,1.0,6,1,0.926,0.001637
DuelingDQN,small_grid,2,118,8803,-154.0,77,1,0.9253,0.000746
DuelingDQN,small_grid,2,119,8898,-192.0,95,1,0.9245,0.000193
DuelingDQN,small_grid,2,120,8949,-84.0,51,1,0.9241,7.3e-05
DuelingDQN,small_grid,2,121,8972,-36.0,23,1,0.9239,5.8e-05
DuelingDQN,small_grid,2,122,8983,-8.0,11,1,0.9238,6.6e-05
DuelingDQN,small_grid,2,123,9033,-111.0,50,1,0.9234,0.003076
DuelingDQN,small_grid,2,124,9036,4.0,3,1,0.9234,0.006457
DuelingDQN,small_grid,2,125,9053,-14.0,17,1,0.9232,0.007117
DuelingDQN,small_grid,2,126,9062,-2.0,9,1,0.9231,0.007098
DuelingDQN,small_grid,2,127,9064,5.0,2,1,0.9231,0.008933
DuelingDQN,small_grid,2,128,9069,2.0,5,1,0.9231,0.00642
DuelingDQN,small_grid,2,129,9072,8.0,3,1,0.9231,0.00861
DuelingDQN,small_grid,2,130,9220,-317.0,148,1,0.9218,0.002248
DuelingDQN,small_grid,2,131,9253,-74.0,33,1,0.9215,0.000506
DuelingDQN,small_grid,2,132,9312,-124.0,59,1,0.921,0.000269
DuelingDQN,small_grid,2,133,9492,-413.0,180,1,0.9195,0.000253
DuelingDQN,small_grid,2,134,9503,0.0,11,1,0.9194,0.001365
DuelingDQN,small_grid,2,135,9515,-21.0,12,1,0.9193,0.001653
DuelingDQN,small_grid,2,136,9521,-3.0,6,1,0.9193,0.001324
DuelingDQN,small_grid,2,137,9582,-142.0,61,1,0.9187,0.001021
DuelingDQN,small_grid,2,138,9770,-433.0,188,1,0.9171,0.001764
DuelingDQN,small_grid,2,139,9784,-11.0,14,1,0.917,0.005041
DuelingDQN,small_grid,2,140,9936,-349.0,152,1,0.9157,0.00386
DuelingDQN,small_grid,2,141,9941,6.0,5,1,0.9157,0.001184
DuelingDQN,small_grid,2,142,10054,-226.0,113,1,0.9147,0.00122
DuelingDQN,small_grid,2,143,10056,9.0,2,1,0.9147,0.000596
DuelingDQN,small_grid,2,144,10107,-104.0,51,1,0.9143,0.000607
DuelingDQN,small_grid,2,145,10129,-35.0,22,1,0.9141,0.000335
DuelingDQN,small_grid,2,146,10189,-153.0,60,1,0.9136,0.000272
DuelingDQN,small_grid,2,147,10202,-6.0,13,1,0.9135,0.000141
DuelingDQN,small_grid,2,148,10284,-163.0,82,1,0.9128,0.000171
DuelingDQN,small_grid,2,149,10308,-41.0,24,1,0.9126,0.000119
DuelingDQN,small_grid,2,150,10328,-33.0,20,1,0.9124,6.7e-05
DuelingDQN,small_grid,2,151,10332,-1.0,4,1,0.9124,5.3e-05
DuelingDQN,small_grid,2,152,10449,-278.0,117,1,0.9114,0.000107
DuelingDQN,small_grid,2,153,10459,-7.0,10,1,0.9113,0.000202
DuelingDQN,small_grid,2,154,10490,-52.0,31,1,0.911,0.000269
DuelingDQN,small_grid,2,155,10505,-24.0,15,1,0.9109,0.001683
DuelingDQN,small_grid,2,156,10597,-217.0,92,1,0.9101,0.002451
DuelingDQN,small_grid,2,157,10606,-10.0,9,1,0.91,0.001565
DuelingDQN,small_grid,2,158,10654,-113.0,48,1,0.9096,0.00165
DuelingDQN,small_grid,2,159,10721,-160.0,67,1,0.9091,0.000754
DuelingDQN,small_grid,2,160,10732,-8.0,11,1,0.909,0.000704
DuelingDQN,small_grid,2,161,10741,-6.0,9,1,0.9089,0.000603
DuelingDQN,small_grid,2,162,10755,-3.0,14,1,0.9088,0.000513
DuelingDQN,small_grid,2,163,10783,-53.0,28,1,0.9085,0.000706
DuelingDQN,small_grid,2,164,10846,-116.0,63,1,0.908,0.000742
DuelingDQN,small_grid,2,165,10888,-95.0,42,1,0.9077,0.001258
DuelingDQN,small_grid,2,166,10914,-47.0,26,1,0.9074,0.001468
DuelingDQN,small_grid,2,167,10917,8.0,3,1,0.9074,0.001249
DuelingDQN,small_grid,2,168,10949,-65.0,32,1,0.9071,0.001127
DuelingDQN,small_grid,2,169,10952,8.0,3,1,0.9071,0.00112
DuelingDQN,small_grid,2,170,11007,-132.0,55,1,0.9066,0.00114
DuelingDQN,small_grid,2,171,11031,-49.0,24,1,0.9064,0.001579
DuelingDQN,small_grid,2,172,11032,10.0,1,1,0.9064,0.001305
DuelingDQN,small_grid,2,173,11043,-12.0,11,1,0.9063,0.005408
DuelingDQN,small_grid,2,174,11130,-220.0,87,1,0.9056,0.003341
DuelingDQN,small_grid,2,175,11266,-333.0,136,1,0.9044,0.003052
DuelingDQN,small_grid,2,176,11334,-121.0,68,1,0.9039,0.003254
DuelingDQN,small_grid,2,177,11369,-92.0,35,1,0.9036,0.003042
DuelingDQN,small_grid,2,178,11372,4.0,3,1,0.9035,0.003422
DuelingDQN,small_grid,2,179,11413,-90.0,41,1,0.9032,0.002151
DuelingDQN,small_grid,2,180,11462,-90.0,49,1,0.9028,0.00109
DuelingDQN,small_grid,2,181,11569,-204.0,107,1,0.9019,0.001475
DuelingDQN,small_grid,2,182,11582,-10.0,13,1,0.9018,0.001175
DuelingDQN,small_grid,2,183,11653,-128.0,71,1,0.9012,0.000362
DuelingDQN,small_grid,2,184,11676,-48.0,23,1,0.901,0.000156
DuelingDQN,small_grid,2,185,11688,-5.0,12,1,0.9009,0.000143
DuelingDQN,small_grid,2,186,11740,-101.0,52,1,0.9004,8.2e-05
DuelingDQN,small_grid,2,187,11791,-124.0,51,1,0.9,5.5e-05
DuelingDQN,small_grid,2,188,11806,-40.0,15,1,0.8999,4.1e-05
DuelingDQN,small_grid,2,189,11833,-60.0,27,1,0.8996,4e-05
DuelingDQN,small_grid,2,190,11879,-71.0,46,1,0.8992,3.8e-05
DuelingDQN,small_grid,2,191,11932,-90.0,53,1,0.8988,4.7e-05
DuelingDQN,small_grid,2,192,11953,-22.0,21,1,0.8986,5.6e-05
DuelingDQN,small_grid,2,193,12001,-89.0,48,1,0.8982,0.000266
DuelingDQN,small_grid,2,194,12018,-18.0,17,1,0.8981,0.002979
DuelingDQN,small_grid,2,195,12023,6.0,5,1,0.898,0.00313
DuelingDQN,small_grid,2,196,12029,1.0,6,1,0.898,0.003212
DuelingDQN,small_grid,2,197,12060,-52.0,31,1,0.8977,0.001904
DuelingDQN,small_grid,2,198,12061,10.0,1,1,0.8977,0.00139
DuelingDQN,small_grid,2,199,12081,-21.0,20,1,0.8975,0.002388
DuelingDQN,small_grid,2,200,12135,-107.0,54,1,0.8971,0.002733
DuelingDQN,small_grid,2,201,12174,-84.0,39,1,0.8967,0.001996
DuelingDQN,small_grid,2,202,12176,9.0,2,1,0.8967,0.001907
DuelingDQN,small_grid,2,203,12196,-21.0,20,1,0.8966,0.001784
DuelingDQN,small_grid,2,204,12197,10.0,1,1,0.8966,0.001074
DuelingDQN,small_grid,2,205,12224,-32.0,27,1,0.8963,0.001315
DuelingDQN,small_grid,2,206,12236,-9.0,12,1,0.8962,0.001076
DuelingDQN,small_grid,2,207,12316,-177.0,80,1,0.8955,0.000791
DuelingDQN,small_grid,2,208,12337,-18.0,21,1,0.8954,0.000342
DuelingDQN,small_grid,2,209,12398,-98.0,61,1,0.8948,0.000266
DuelingDQN,small_grid,2,210,12516,-251.0,118,1,0.8938,0.000751
DuelingDQN,small_grid,2,211,12526,-7.0,10,1,0.8938,0.005056
DuelingDQN,small_grid,2,212,12715,-434.0,189,1,0.8922,0.003145
DuelingDQN,small_grid,2,213,12716,10.0,1,1,0.8921,0.000718
DuelingDQN,small_grid,2,214,12727,-4.0,11,1,0.8921,0.000612
DuelingDQN,small_grid,2,215,12751,-33.0,24,1,0.8919,0.000661
DuelingDQN,small_grid,2,216,12774,-48.0,23,1,0.8917,0.000728
DuelingDQN,small_grid,2,217,12791,-14.0,17,1,0.8915,0.000805
DuelingDQN,small_grid,2,218,12865,-155.0,74,1,0.8909,0.000584
DuelingDQN,small_grid,2,219,12904,-68.0,39,1,0.8906,0.000304
DuelingDQN,small_grid,2,220,12933,-42.0,29,1,0.8903,0.000183
DuelingDQN,small_grid,2,221,12952,-28.0,19,1,0.8901,0.000221
DuelingDQN,small_grid,2,222,12985,-58.0,33,1,0.8899,0.00033
DuelingDQN,small_grid,2,223,13029,-105.0,44,1,0.8895,0.001853
DuelingDQN,small_grid,2,224,13051,-27.0,22,1,0.8893,0.001829
DuelingDQN,small_grid,2,225,13054,8.0,3,1,0.8893,0.001695
DuelingDQN,small_grid,2,226,13134,-133.0,80,1,0.8886,0.002624
DuelingDQN,small_grid,2,227,13144,-15.0,10,1,0.8885,0.001356
DuelingDQN,small_grid,2,228,13195,-96.0,51,1,0.8881,0.000876
DuelingDQN,small_grid,2,229,13210,-36.0,15,1,0.888,0.00063
DuelingDQN,small_grid,2,230,13269,-116.0,59,1,0.8875,0.000521
DuelingDQN,small_grid,2,231,13413,-253.0,144,1,0.8862,0.000364
DuelingDQN,small_grid,2,232,13488,-160.0,75,1,0.8856,0.000209
DuelingDQN,small_grid,2,233,13500,-13.0,12,1,0.8855,0.000295
DuelingDQN,small_grid,2,234,13623,-252.0,123,1,0.8845,0.001011
DuelingDQN,small_grid,2,235,13664,-78.0,41,1,0.8841,0.000641
DuelingDQN,small_grid,2,236,13683,-44.0,19,1,0.8839,0.000405
DuelingDQN,small_grid,2,237,13689,1.0,6,1,0.8839,0.000455
DuelingDQN,small_grid,2,238,13718,-50.0,29,1,0.8837,0.000344
DuelingDQN,small_grid,2,239,13730,-17.0,12,1,0.8835,0.000551
DuelingDQN,small_grid,2,240,13777,-96.0,47,1,0.8831,0.00046
DuelingDQN,small_grid,2,241,13796,-16.0,19,1,0.883,0.000432
DuelingDQN,small_grid,2,242,13884,-201.0,88,1,0.8822,0.001353
DuelingDQN,small_grid,2,243,13887,4.0,3,1,0.8822,0.002301
DuelingDQN,small_grid,2,244,13888,10.0,1,1,0.8822,0.001825
DuelingDQN,small_grid,2,245,13903,-20.0,15,1,0.8821,0.001701
DuelingDQN,small_grid,2,246,13949,-79.0,46,1,0.8817,0.001263
DuelingDQN,small_grid,2,247,13961,-25.0,12,1,0.8816,0.001041
DuelingDQN,small_grid,2,248,13978,-22.0,17,1,0.8814,0.000898
DuelingDQN,small_grid,2,249,14021,-92.0,43,1,0.8811,0.002752
DuelingDQN,small_grid,2,250,14099,-163.0,78,1,0.8804,0.00203
DuelingDQN,small_grid,2,251,14281,-419.0,182,1,0.8789,0.001235
DuelingDQN,small_grid,2,252,14297,-21.0,16,1,0.8787,0.001855
DuelingDQN,small_grid,2,253,14442,-270.0,145,1,0.8775,0.001599
DuelingDQN,small_grid,2,254,14509,-148.0,67,1,0.8769,0.001385
DuelingDQN,small_grid,2,255,14578,-126.0,69,1,0.8764,0.001589
DuelingDQN,small_grid,2,256,14605,-44.0,27,1,0.8761,0.000758
DuelingDQN,small_grid,2,257,14622,-18.0,17,1,0.876,0.000534
DuelingDQN,small_grid,2,258,14676,-119.0,54,1,0.8755,0.00034
DuelingDQN,small_grid,2,259,14690,-35.0,14,1,0.8754,0.000354
DuelingDQN,small_grid,2,260,14768,-143.0,78,1,0.8747,0.000293
DuelingDQN,small_grid,2,261,14876,-177.0,108,1,0.8738,0.000355
DuelingDQN,small_grid,2,262,15040,-421.0,164,1,0.8724,0.002204
DuelingDQN,small_grid,2,263,15053,-26.0,13,1,0.8723,0.008832
DuelingDQN,small_grid,2,264,15068,-8.0,15,1,0.8722,0.006862
DuelingDQN,small_grid,2,265,15085,-34.0,17,1,0.8721,0.005596
DuelingDQN,small_grid,2,266,15099,-39.0,14,1,0.8719,0.003962
DuelingDQN,small_grid,2,267,15122,-32.0,23,1,0.8717,0.004476
DuelingDQN,small_grid,2,268,15128,-3.0,6,1,0.8717,0.003287
DuelingDQN,small_grid,2,269,15240,-205.0,112,1,0.8707,0.00097
DuelingDQN,small_grid,2,270,15295,-108.0,55,1,0.8703,0.000195
DuelingDQN,small_grid,2,271,15303,-1.0,8,1,0.8702,0.000148
DuelingDQN,small_grid,2,272,15343,-57.0,40,1,0.8699,9.2e-05
DuelingDQN,small_grid,2,273,15382,-64.0,39,1,0.8695,6.5e-05
DuelingDQN,small_grid,2,274,15400,-31.0,18,1,0.8694,7.2e-05
DuelingDQN,small_grid,2,275,15420,-29.0,20,1,0.8692,4.9e-05
DuelingDQN,small_grid,2,276,15422,9.0,2,1,0.8692,4e-05
DuelingDQN,small_grid,2,277,15435,-6.0,13,1,0.8691,3.9e-05
DuelingDQN,small_grid,2,278,15448,-14.0,13,1,0.869,3e-05
DuelingDQN,small_grid,2,279,15470,-47.0,22,1,0.8688,2.3e-05
DuelingDQN,small_grid,2,280,15471,10.0,1,1,0.8688,2.5e-05
DuelingDQN,small_grid,2,281,15523,-121.0,52,1,0.8683,0.00207
DuelingDQN,small_grid,2,282,15669,-335.0,146,1,0.8671,0.003808
DuelingDQN,small_grid,2,283,15684,-12.0,15,1,0.867,0.000378
DuelingDQN,small_grid,2,284,15713,-58.0,29,1,0.8667,0.000268
DuelingDQN,small_grid,2,285,15735,-55.0,22,1,0.8665,0.000108
DuelingDQN,small_grid,2,286,15765,-51.0,30,1,0.8663,5.5e-05
DuelingDQN,small_grid,2,287,15777,-17.0,12,1,0.8662,2.9e-05
DuelingDQN,small_grid,2,288,15848,-148.0,71,1,0.8656,2.3e-05
DuelingDQN,small_grid,2,289,15859,-28.0,11,1,0.8655,1.3e-05
DuelingDQN,small_grid,2,290,15865,-3.0,6,1,0.8654,1.3e-05
DuelingDQN,small_grid,2,291,15892,-44.0,27,1,0.8652,7e-06
DuelingDQN,small_grid,2,292,15898,1.0,6,1,0.8652,6e-06
DuelingDQN,small_grid,2,293,15908,-7.0,10,1,0.8651,6e-06
DuelingDQN,small_grid,2,294,15920,-9.0,12,1,0.865,9e-06
DuelingDQN,small_grid,2,295,16004,-177.0,84,1,0.8643,0.000217
DuelingDQN,small_grid,2,296,16033,-54.0,29,1,0.864,0.001592
DuelingDQN,small_grid,2,297,16077,-89.0,44,1,0.8636,0.000721
DuelingDQN,small_grid,2,298,16081,7.0,4,1,0.8636,0.000626
DuelingDQN,small_grid,2,299,16086,2.0,5,1,0.8636,0.000726
DuelingDQN,small_grid,2,300,16106,-37.0,20,1,0.8634,0.000588
DuelingDQN,small_grid,2,301,16107,10.0,1,1,0.8634,0.000375
DuelingDQN,small_grid,2,302,16182,-136.0,75,1,0.8628,0.000279
DuelingDQN,small_grid,2,303,16237,-84.0,55,1,0.8623,0.000122
DuelingDQN,small_grid,2,304,16241,3.0,4,1,0.8622,6.9e-05
DuelingDQN,small_grid,2,305,16268,-44.0,27,1,0.862,5.6e-05
DuelingDQN,small_grid,2,306,16272,3.0,4,1,0.862,7.3e-05
DuelingDQN,small_grid,2,307,16293,-30.0,21,1,0.8618,9.4e-05
DuelingDQN,small_grid,2,308,16316,-40.0,23,1,0.8616,0.000204
DuelingDQN,small_grid,2,309,16383,-136.0,67,1,0.861,0.000231
DuelingDQN,small_grid,2,310,16433,-119.0,50,1,0.8606,0.000274
DuelingDQN,small_grid,2,311,16481,-121.0,48,1,0.8602,0.000374
DuelingDQN,small_grid,2,312,16520,-100.0,39,1,0.8599,0.002126
DuelingDQN,small_grid,2,313,16562,-71.0,42,1,0.8595,0.003396
DuelingDQN,small_grid,2,314,16566,-1.0,4,1,0.8595,0.003634
DuelingDQN,small_grid,2,315,16614,-125.0,48,1,0.8591,0.002556
DuelingDQN,small_grid,2,316,16662,-61.0,48,1,0.8587,0.001452
DuelingDQN,small_grid,2,317,16678,-29.0,16,1,0.8585,0.000778
DuelingDQN,small_grid,2,318,16682,3.0,4,1,0.8585,0.000612
DuelingDQN,small_grid,2,319,16725,-88.0,43,1,0.8581,0.000409
DuelingDQN,small_grid,2,320,16802,-158.0,77,1,0.8575,0.000186
DuelingDQN,small_grid,2,321,16819,-30.0,17,1,0.8573,7.9e-05
DuelingDQN,small_grid,2,322,16908,-222.0,89,1,0.8566,8e-05
DuelingDQN,small_grid,2,323,16945,-94.0,37,1,0.8563,5.9e-05
DuelingDQN,small_grid,2,324,16969,-61.0,24,1,0.8561,4.3e-05
DuelingDQN,small_grid,2,325,17029,-117.0,60,1,0.8556,0.000997
DuelingDQN,small_grid,2,326,17046,-30.0,17,1,0.8554,0.001718
DuelingDQN,small_grid,2,327,17160,-247.0,114,1,0.8545,0.000815
DuelingDQN,small_grid,2,328,17176,-17.0,16,1,0.8543,0.000257
DuelingDQN,small_grid,2,329,17196,-33.0,20,1,0.8541,0.000324
DuelingDQN,small_grid,2,330,17218,-39.0,22,1,0.854,0.000644
DuelingDQN,small_grid,2,331,17284,-147.0,66,1,0.8534,0.000809
DuelingDQN,small_grid,2,332,17330,-95.0,46,1,0.853,0.002047
DuelingDQN,small_grid,2,333,17375,-86.0,45,1,0.8526,0.002064
DuelingDQN,small_grid,2,334,17411,-65.0,36,1,0.8523,0.00153
DuelingDQN,small_grid,2,335,17438,-56.0,27,1,0.8521,0.000894
DuelingDQN,small_grid,2,336,17449,-12.0,11,1,0.852,0.000678
DuelingDQN,small_grid,2,337,17478,-46.0,29,1,0.8518,0.000468
DuelingDQN,small_grid,2,338,17492,-15.0,14,1,0.8516,0.000324
DuelingDQN,small_grid,2,339,17560,-157.0,68,1,0.8511,0.002472
DuelingDQN,small_grid,2,340,17562,5.0,2,1,0.851,0.003266
DuelingDQN,small_grid,2,341,17565,4.0,3,1,0.851,0.00327
DuelingDQN,small_grid,2,342,17568,8.0,3,1,0.851,0.003275
DuelingDQN,small_grid,2,343,17571,8.0,3,1,0.851,0.003064
DuelingDQN,small_grid,2,344,17573,9.0,2,1,0.851,0.002348
DuelingDQN,small_grid,2,345,17577,-1.0,4,1,0.8509,0.00242
DuelingDQN,small_grid,2,346,17578,10.0,1,1,0.8509,0.001578
DuelingDQN,small_grid,2,347,17614,-77.0,36,1,0.8506,0.001487
DuelingDQN,small_grid,2,348,17646,-49.0,32,1,0.8503,0.000625
DuelingDQN,small_grid,2,349,17708,-123.0,62,1,0.8498,0.000454
DuelingDQN,small_grid,2,350,17732,-25.0,24,1,0.8496,0.000209
DuelingDQN,small_grid,2,351,17744,-21.0,12,1,0.8495,0.000273
DuelingDQN,small_grid,2,352,17745,10.0,1,1,0.8495,0.000189
DuelingDQN,small_grid,2,353,17748,4.0,3,1,0.8495,0.000185
DuelingDQN,small_grid,2,354,17769,-38.0,21,1,0.8493,0.000338
DuelingDQN,small_grid,2,355,17798,-54.0,29,1,0.849,0.000226
DuelingDQN,small_grid,2,356,17827,-66.0,29,1,0.8488,0.000194
DuelingDQN,small_grid,2,357,17835,-9.0,8,1,0.8487,0.000226
DuelingDQN,small_grid,2,358,17915,-165.0,80,1,0.8481,0.000349
DuelingDQN,small_grid,2,359,17994,-180.0,79,1,0.8474,0.000241
DuelingDQN,small_grid,2,360,18051,-98.0,57,1,0.8469,0.001842
DuelingDQN,small_grid,2,361,18082,-64.0,31,1,0.8466,0.002179
DuelingDQN,small_grid,2,362,18098,-21.0,16,1,0.8465,0.002025
DuelingDQN,small_grid,2,363,18121,-32.0,23,1,0.8463,0.001311
DuelingDQN,small_grid,2,364,18178,-94.0,57,1,0.8458,0.000935
DuelingDQN,small_grid,2,365,18225,-72.0,47,1,0.8454,0.000406
DuelingDQN,small_grid,2,366,18239,-19.0,14,1,0.8453,0.000239
DuelingDQN,small_grid,2,367,18245,1.0,6,1,0.8453,0.000152
DuelingDQN,small_grid,2,368,18248,4.0,3,1,0.8452,0.000161
DuelingDQN,small_grid,2,369,18258,-15.0,10,1,0.8451,0.000145
DuelingDQN,small_grid,2,370,18268,-15.0,10,1,0.8451,0.000188
DuelingDQN,small_grid,2,371,18295,-44.0,27,1,0.8448,0.000342
DuelingDQN,small_grid,2,372,18343,-85.0,48,1,0.8444,0.00034
DuelingDQN,small_grid,2,373,18401,-127.0,58,1,0.8439,0.00026
DuelingDQN,small_grid,2,374,18421,-29.0,20,1,0.8438,0.000172
DuelingDQN,small_grid,2,375,18440,-20.0,19,1,0.8436,0.000184
DuelingDQN,small_grid,2,376,18455,-12.0,15,1,0.8435,0.000186
DuelingDQN,small_grid,2,377,18483,-53.0,28,1,0.8432,0.00011
DuelingDQN,small_grid,2,378,18493,-11.0,10,1,0.8431,0.000149
DuelingDQN,small_grid,2,379,18536,-88.0,43,1,0.8428,0.001633
DuelingDQN,small_grid,2,380,18552,-29.0,16,1,0.8426,0.00256
DuelingDQN,small_grid,2,381,18643,-188.0,91,1,0.8419,0.002226
DuelingDQN,small_grid,2,382,18762,-216.0,119,1,0.8409,0.000806
DuelingDQN,small_grid,2,383,18784,-15.0,22,1,0.8407,0.000281
DuelingDQN,small_grid,2,384,18821,-66.0,37,1,0.8404,0.000156
DuelingDQN,small_grid,2,385,18822,10.0,1,1,0.8404,0.000205
DuelingDQN,small_grid,2,386,18873,-100.0,51,1,0.8399,0.000158
DuelingDQN,small_grid,2,387,18916,-84.0,43,1,0.8396,0.000181
DuelingDQN,small_grid,2,388,18946,-67.0,30,1,0.8393,0.000346
DuelingDQN,small_grid,2,389,18950,7.0,4,1,0.8393,0.000433
DuelingDQN,small_grid,2,390,18958,-1.0,8,1,0.8392,0.000467
DuelingDQN,small_grid,2,391,18961,8.0,3,1,0.8392,0.000541
DuelingDQN,small_grid,2,392,19042,-146.0,81,1,0.8385,0.000869
DuelingDQN,small_grid,2,393,19093,-72.0,51,1,0.8381,0.001657
DuelingDQN,small_grid,2,394,19106,-22.0,13,1,0.8379,0.002958
DuelingDQN,small_grid,2,395,19138,-53.0,32,1,0.8377,0.002367
DuelingDQN,small_grid,2,396,19149,-4.0,11,1,0.8376,0.00174
DuelingDQN,small_grid,2,397,19178,-46.0,29,1,0.8373,0.001548
DuelingDQN,small_grid,2,398,19179,10.0,1,1,0.8373,0.000321
DuelingDQN,small_grid,2,399,19181,9.0,2,1,0.8373,0.000733
DuelingDQN,small_grid,2,400,19216,-68.0,35,1,0.837,0.000535
DuelingDQN,small_grid,2,401,19285,-166.0,69,1,0.8364,0.000224
DuelingDQN,small_grid,2,402,19426,-266.0,141,1,0.8352,9.3e-05
DuelingDQN,small_grid,2,403,19509,-152.0,83,1,0.8345,0.000169
DuelingDQN,small_grid,2,404,19511,5.0,2,1,0.8345,0.001132
DuelingDQN,small_grid,2,405,19537,-51.0,26,1,0.8343,0.001049
DuelingDQN,small_grid,2,406,19540,4.0,3,1,0.8343,0.000832
DuelingDQN,small_grid,2,407,19702,-359.0,162,1,0.8329,0.00198
DuelingDQN,small_grid,2,408,19752,-127.0,50,1,0.8325,0.001083
DuelingDQN,small_grid,2,409,19783,-56.0,31,1,0.8322,0.000278
DuelingDQN,small_grid,2,410,19785,9.0,2,1,0.8322,0.000157
DuelingDQN,small_grid,2,411,19858,-138.0,73,1,0.8316,0.000108
DuelingDQN,small_grid,2,412,19861,4.0,3,1,0.8315,9.3e-05
DuelingDQN,small_grid,2,413,19892,-48.0,31,1,0.8313,8.6e-05
DuelingDQN,small_grid,2,414,19898,-11.0,6,1,0.8312,9.2e-05
DuelingDQN,small_grid,2,415,19938,-57.0,40,1,0.8309,7.4e-05
DuelingDQN,small_grid,2,416,19967,-46.0,29,1,0.8306,5.3e-05
DuelingDQN,small_grid,2,417,20020,-98.0,53,1,0.8302,0.000262
DuelingDQN,small_grid,2,418,20095,-140.0,75,1,0.8296,0.000307
DuelingDQN,small_grid,2,419,20128,-58.0,33,1,0.8293,0.000217
DuelingDQN,small_grid,2,420,20132,3.0,4,1,0.8292,0.000389
DuelingDQN,small_grid,2,421,20150,-39.0,18,1,0.8291,0.000756
DuelingDQN,small_grid,2,422,20167,-38.0,17,1,0.8289,0.000938
DuelingDQN,small_grid,2,423,20185,-15.0,18,1,0.8288,0.002323
DuelingDQN,small_grid,2,424,20190,2.0,5,1,0.8288,0.002356
DuelingDQN,small_grid,2,425,20223,-78.0,33,1,0.8285,0.004474
DuelingDQN,small_grid,2,426,20275,-93.0,52,1,0.828,0.004945
DuelingDQN,small_grid,2,427,20313,-91.0,38,1,0.8277,0.002454
DuelingDQN,small_grid,2,428,20335,-27.0,22,1,0.8275,0.001054
DuelingDQN,small_grid,2,429,20368,-58.0,33,1,0.8272,0.00047
DuelingDQN,small_grid,2,430,20369,10.0,1,1,0.8272,0.000145
DuelingDQN,small_grid,2,431,20375,1.0,6,1,0.8272,0.000171
DuelingDQN,small_grid,2,432,20380,6.0,5,1,0.8271,0.000136
DuelingDQN,small_grid,2,433,20446,-115.0,66,1,0.8266,0.000129
DuelingDQN,small_grid,2,434,20500,-87.0,54,1,0.8261,5.1e-05
DuelingDQN,small_grid,2,435,20568,-169.0,68,1,0.8255,0.000247
DuelingDQN,small_grid,2,436,20605,-90.0,37,1,0.8252,7.5e-05
DuelingDQN,small_grid,2,437,20616,-8.0,11,1,0.8251,7e-05
DuelingDQN,small_grid,2,438,20621,-2.0,5,1,0.8251,8.7e-05
DuelingDQN,small_grid,2,439,20622,10.0,1,1,0.8251,4.6e-05
DuelingDQN,small_grid,2,440,20623,10.0,1,1,0.8251,5.1e-05
DuelingDQN,small_grid,2,441,20651,-53.0,28,1,0.8248,6.9e-05
DuelingDQN,small_grid,2,442,20664,-22.0,13,1,0.8247,5.1e-05
DuelingDQN,small_grid,2,443,20681,-30.0,17,1,0.8246,3.3e-05
DuelingDQN,small_grid,2,444,20687,-3.0,6,1,0.8245,5.2e-05
DuelingDQN,small_grid,2,445,20700,-30.0,13,1,0.8244,5.3e-05
DuelingDQN,small_grid,2,446,20728,-37.0,28,1,0.8242,4.1e-05
DuelingDQN,small_grid,2,447,20745,-22.0,17,1,0.824,2.4e-05
DuelingDQN,small_grid,2,448,20784,-60.0,39,1,0.8237,1.5e-05
DuelingDQN,small_grid,2,449,20817,-58.0,33,1,0.8234,7e-06
DuelingDQN,small_grid,2,450,20825,-9.0,8,1,0.8234,1.1e-05
DuelingDQN,small_grid,2,451,20856,-36.0,31,1,0.8231,8e-06
DuelingDQN,small_grid,2,452,20857,10.0,1,1,0.8231,6e-06
DuelingDQN,small_grid,2,453,20868,-12.0,11,1,0.823,6e-06
DuelingDQN,small_grid,2,454,20882,-19.0,14,1,0.8229,5e-06
DuelingDQN,small_grid,2,455,20939,-102.0,57,1,0.8224,6e-06
DuelingDQN,small_grid,2,456,20966,-36.0,27,1,0.8222,8e-06
DuelingDQN,small_grid,2,457,20995,-34.0,29,1,0.8219,1.3e-05
DuelingDQN,small_grid,2,458,21026,-40.0,31,1,0.8217,0.000417
DuelingDQN,small_grid,2,459,21036,-15.0,10,1,0.8216,0.000687
DuelingDQN,small_grid,2,460,21053,-18.0,17,1,0.8214,0.000515
DuelingDQN,small_grid,2,461,21057,-1.0,4,1,0.8214,0.000452
DuelingDQN,small_grid,2,462,21062,6.0,5,1,0.8214,0.000444
DuelingDQN,small_grid,2,463,21110,-97.0,48,1,0.821,0.000677
DuelingDQN,small_grid,2,464,21207,-178.0,97,1,0.8201,0.000387
DuelingDQN,small_grid,2,465,21238,-56.0,31,1,0.8199,0.000731
DuelingDQN,small_grid,2,466,21249,-24.0,11,1,0.8198,0.001016
DuelingDQN,small_grid,2,467,21250,10.0,1,1,0.8198,0.001513
DuelingDQN,small_grid,2,468,21258,-9.0,8,1,0.8197,0.001086
DuelingDQN,small_grid,2,469,21287,-38.0,29,1,0.8194,0.001469
DuelingDQN,small_grid,2,470,21418,-300.0,131,1,0.8183,0.00442
DuelingDQN,small_grid,2,471,21442,-49.0,24,1,0.8181,0.000825
DuelingDQN,small_grid,2,472,21471,-34.0,29,1,0.8179,0.000325
DuelingDQN,small_grid,2,473,21481,-7.0,10,1,0.8178,0.000124
DuelingDQN,small_grid,2,474,21493,-17.0,12,1,0.8177,8.4e-05
DuelingDQN,small_grid,2,475,21496,8.0,3,1,0.8177,5.4e-05
DuelingDQN,small_grid,2,476,21497,10.0,1,1,0.8177,5.1e-05
DuelingDQN,small_grid,2,477,21525,-57.0,28,1,0.8174,0.000368
DuelingDQN,small_grid,2,478,21539,-11.0,14,1,0.8173,0.000305
DuelingDQN,small_grid,2,479,21605,-143.0,66,1,0.8168,0.000276
DuelingDQN,small_grid,2,480,21709,-197.0,104,1,0.8159,0.000155
DuelingDQN,small_grid,2,481,21787,-135.0,78,1,0.8152,8.7e-05
DuelingDQN,small_grid,2,482,21819,-49.0,32,1,0.8149,9.3e-05
DuelingDQN,small_grid,2,483,21842,-52.0,23,1,0.8147,6.1e-05
DuelingDQN,small_grid,2,484,21869,-64.0,27,1,0.8145,7e-05
DuelingDQN,small_grid,2,485,21895,-55.0,26,1,0.8143,0.000105
DuelingDQN,small_grid,2,486,21937,-63.0,42,1,0.8139,8.6e-05
DuelingDQN,small_grid,2,487,21972,-84.0,35,1,0.8136,6.7e-05
DuelingDQN,small_grid,2,488,21987,-20.0,15,1,0.8135,6.2e-05
DuelingDQN,small_grid,2,489,21992,-2.0,5,1,0.8135,6.9e-05
DuelingDQN,small_grid,2,490,22004,-9.0,12,1,0.8134,0.000305
DuelingDQN,small_grid,2,491,22024,-21.0,20,1,0.8132,0.000514
DuelingDQN,small_grid,2,492,22076,-109.0,52,1,0.8128,0.000326
DuelingDQN,small_grid,2,493,22085,2.0,9,1,0.8127,0.000239
DuelingDQN,small_grid,2,494,22100,-8.0,15,1,0.8126,0.000353
DuelingDQN,small_grid,2,495,22129,-54.0,29,1,0.8123,0.000328
DuelingDQN,small_grid,2,496,22194,-142.0,65,1,0.8118,0.000344
DuelingDQN,small_grid,2,497,22215,-26.0,21,1,0.8116,0.000904
DuelingDQN,small_grid,2,498,22233,-27.0,18,1,0.8114,0.001039
DuelingDQN,small_grid,2,499,22242,-6.0,9,1,0.8113,0.000892
DuelingDQN,small_grid,2,500,22243,10.0,1,1,0.8113,0.000871
DuelingDQN,small_grid,2,501,22251,-17.0,8,1,0.8113,0.001023
DuelingDQN,small_grid,2,502,22253,9.0,2,1,0.8113,0.001182
DuelingDQN,small_grid,2,503,22274,-22.0,21,1,0.8111,0.001026
DuelingDQN,small_grid,2,504,22275,10.0,1,1,0.8111,0.001322
DuelingDQN,small_grid,2,505,22326,-80.0,51,1,0.8106,0.000701
DuelingDQN,small_grid,2,506,22340,-11.0,14,1,0.8105,0.0008
DuelingDQN,small_grid,2,507,22346,5.0,6,1,0.8105,0.000808
DuelingDQN,small_grid,2,508,22356,-15.0,10,1,0.8104,0.000729
DuelingDQN,small_grid,2,509,22438,-171.0,82,1,0.8097,0.00078
DuelingDQN,small_grid,2,510,22439,10.0,1,1,0.8097,0.00042
DuelingDQN,small_grid,2,511,22458,-20.0,19,1,0.8095,0.000435
DuelingDQN,small_grid,2,512,22482,-45.0,24,1,0.8093,0.000425
DuelingDQN,small_grid,2,513,22483,10.0,1,1,0.8093,0.000203
DuelingDQN,small_grid,2,514,22491,-1.0,8,1,0.8092,0.00029
DuelingDQN,small_grid,2,515,22493,9.0,2,1,0.8092,0.000235
DuelingDQN,small_grid,2,516,22507,-3.0,14,1,0.8091,0.000572
DuelingDQN,small_grid,2,517,22535,-65.0,28,1,0.8089,0.000565
DuelingDQN,small_grid,2,518,22546,-28.0,11,1,0.8088,0.000375
DuelingDQN,small_grid,2,519,22559,-14.0,13,1,0.8087,0.00024
DuelingDQN,small_grid,2,520,22562,8.0,3,1,0.8086,0.000225
DuelingDQN,small_grid,2,521,22578,-21.0,16,1,0.8085,0.00023
DuelingDQN,small_grid,2,522,22657,-148.0,79,1,0.8078,0.000366
DuelingDQN,small_grid,2,523,22681,-49.0,24,1,0.8076,0.000321
DuelingDQN,small_grid,2,524,22683,9.0,2,1,0.8076,0.000391
DuelingDQN,small_grid,2,525,22696,-10.0,13,1,0.8075,0.000356
DuelingDQN,small_grid,2,526,22704,3.0,8,1,0.8074,0.000264
DuelingDQN,small_grid,2,527,22728,-29.0,24,1,0.8072,0.000379
DuelingDQN,small_grid,2,528,22730,9.0,2,1,0.8072,0.000377
DuelingDQN,small_grid,2,529,22744,-7.0,14,1,0.8071,0.00036
DuelingDQN,small_grid,2,530,22745,10.0,1,1,0.8071,0.000208
DuelingDQN,small_grid,2,531,22792,-92.0,47,1,0.8067,0.000235
DuelingDQN,small_grid,2,532,22807,-16.0,15,1,0.8066,0.000478
DuelingDQN,small_grid,2,533,22813,1.0,6,1,0.8065,0.001186
DuelingDQN,small_grid,2,534,22841,-57.0,28,1,0.8063,0.001665
DuelingDQN,small_grid,2,535,22854,-22.0,13,1,0.8062,0.001896
DuelingDQN,small_grid,2,536,22867,-14.0,13,1,0.806,0.002109
DuelingDQN,small_grid,2,537,22892,-50.0,25,1,0.8058,0.002216
DuelingDQN,small_grid,2,538,22954,-127.0,62,1,0.8053,0.001751
DuelingDQN,small_grid,2,539,22967,-14.0,13,1,0.8052,0.001197
DuelingDQN,small_grid,2,540,22981,-19.0,14,1,0.8051,0.000989
DuelingDQN,small_grid,2,541,23034,-122.0,53,1,0.8046,0.002291
DuelingDQN,small_grid,2,542,23042,-1.0,8,1,0.8046,0.002507
DuelingDQN,small_grid,2,543,23046,7.0,4,1,0.8045,0.002431
DuelingDQN,small_grid,2,544,23070,-41.0,24,1,0.8043,0.001756
DuelingDQN,small_grid,2,545,23084,-23.0,14,1,0.8042,0.000807
DuelingDQN,small_grid,2,546,23127,-88.0,43,1,0.8038,0.000716
DuelingDQN,small_grid,2,547,23131,3.0,4,1,0.8038,0.000541
DuelingDQN,small_grid,2,548,23144,-22.0,13,1,0.8037,0.000368
DuelingDQN,small_grid,2,549,23151,4.0,7,1,0.8036,0.000265
DuelingDQN,small_grid,2,550,23177,-71.0,26,1,0.8034,0.000235
DuelingDQN,small_grid,2,551,23195,-31.0,18,1,0.8033,0.000158
DuelingDQN,small_grid,2,552,23220,-26.0,25,1,0.8031,0.000261
DuelingDQN,small_grid,2,553,23304,-197.0,84,1,0.8023,0.000194
DuelingDQN,small_grid,2,554,23327,-40.0,23,1,0.8021,7.1e-05
DuelingDQN,small_grid,2,555,23335,-5.0,8,1,0.8021,6.3e-05
DuelingDQN,small_grid,2,556,23349,-11.0,14,1,0.802,5.4e-05
DuelingDQN,small_grid,2,557,23356,4.0,7,1,0.8019,5.2e-05
DuelingDQN,small_grid,2,558,23358,5.0,2,1,0.8019,3.8e-05
DuelingDQN,small_grid,2,559,23364,-3.0,6,1,0.8018,4.4e-05
DuelingDQN,small_grid,2,560,23455,-164.0,91,1,0.8011,6.9e-05
DuelingDQN,small_grid,2,561,23460,6.0,5,1,0.801,4.9e-05
DuelingDQN,small_grid,2,562,23492,-37.0,32,1,0.8007,6.5e-05
DuelingDQN,small_grid,2,563,23507,-16.0,15,1,0.8006,0.000857
DuelingDQN,small_grid,2,564,23534,-40.0,27,1,0.8004,0.000747
DuelingDQN,small_grid,2,565,23545,-16.0,11,1,0.8003,0.000405
DuelingDQN,small_grid,2,566,23549,3.0,4,1,0.8003,0.000383
DuelingDQN,small_grid,2,567,23588,-68.0,39,1,0.7999,0.00048
DuelingDQN,small_grid,2,568,23593,6.0,5,1,0.7999,0.000464
DuelingDQN,small_grid,2,569,23629,-45.0,36,1,0.7996,0.000367
DuelingDQN,small_grid,2,570,23632,4.0,3,1,0.7996,0.000248
DuelingDQN,small_grid,2,571,23639,-8.0,7,1,0.7995,0.000277
DuelingDQN,small_grid,2,572,23663,-37.0,24,1,0.7993,0.000331
DuelingDQN,small_grid,2,573,23757,-215.0,94,1,0.7985,0.000313
DuelingDQN,small_grid,2,574,23771,-3.0,14,1,0.7984,0.000163
DuelingDQN,small_grid,2,575,23882,-220.0,111,1,0.7974,0.000307
DuelingDQN,small_grid,2,576,23903,-30.0,21,1,0.7973,0.000217
DuelingDQN,small_grid,2,577,23910,-4.0,7,1,0.7972,0.00024
DuelingDQN,small_grid,2,578,23915,2.0,5,1,0.7972,0.000278
DuelingDQN,small_grid,2,579,23917,5.0,2,1,0.7971,0.000314
DuelingDQN,small_grid,2,580,23985,-153.0,68,1,0.7966,0.000474
DuelingDQN,small_grid,2,581,24015,-51.0,30,1,0.7963,0.00172
DuelingDQN,small_grid,2,582,24024,-6.0,9,1,0.7962,0.00272
DuelingDQN,small_grid,2,583,24042,-43.0,18,1,0.7961,0.002414
DuelingDQN,small_grid,2,584,24076,-75.0,34,1,0.7958,0.00199
DuelingDQN,small_grid,2,585,24082,5.0,6,1,0.7957,0.00294
DuelingDQN,small_grid,2,586,24090,-5.0,8,1,0.7957,0.002391
DuelingDQN,small_grid,2,587,24147,-90.0,57,1,0.7952,0.001055
DuelingDQN,small_grid,2,588,24152,2.0,5,1,0.7951,0.000661
DuelingDQN,small_grid,2,589,24164,-9.0,12,1,0.795,0.000576
DuelingDQN,small_grid,2,590,24170,-3.0,6,1,0.795,0.000575
DuelingDQN,small_grid,2,591,24193,-52.0,23,1,0.7948,0.000369
DuelingDQN,small_grid,2,592,24205,-9.0,12,1,0.7947,0.000307
DuelingDQN,small_grid,2,593,24252,-100.0,47,1,0.7943,0.000301
DuelingDQN,small_grid,2,594,24255,0.0,3,1,0.7943,0.000276
DuelingDQN,small_grid,2,595,24258,8.0,3,1,0.7942,0.000457
DuelingDQN,small_grid,2,596,24262,7.0,4,1,0.7942,0.000634
DuelingDQN,small_grid,2,597,24282,-25.0,20,1,0.794,0.000474
DuelingDQN,small_grid,2,598,24327,-78.0,45,1,0.7937,0.000388
DuelingDQN,small_grid,2,599,24352,-34.0,25,1,0.7935,0.000502
DuelingDQN,small_grid,2,600,24368,-25.0,16,1,0.7933,0.000353
DuelingDQN,small_grid,2,601,24377,-6.0,9,1,0.7932,0.000278
DuelingDQN,small_grid,2,602,24399,-31.0,22,1,0.7931,0.000215
DuelingDQN,small_grid,2,603,24402,4.0,3,1,0.793,0.000245
DuelingDQN,small_grid,2,604,24427,-30.0,25,1,0.7928,0.000195
DuelingDQN,small_grid,2,605,24437,1.0,10,1,0.7927,0.000122
DuelingDQN,small_grid,2,606,24443,5.0,6,1,0.7927,0.000115
DuelingDQN,small_grid,2,607,24476,-50.0,33,1,0.7924,0.000124
DuelingDQN,small_grid,2,608,24497,-22.0,21,1,0.7922,0.000146
DuelingDQN,small_grid,2,609,24506,-2.0,9,1,0.7921,0.001593
DuelingDQN,small_grid,2,610,24559,-78.0,53,1,0.7917,0.001345
DuelingDQN,small_grid,2,611,24576,-18.0,17,1,0.7916,0.000725
DuelingDQN,small_grid,2,612,24590,-11.0,14,1,0.7914,0.000717
DuelingDQN,small_grid,2,613,24602,-1.0,12,1,0.7913,0.000738
DuelingDQN,small_grid,2,614,24605,4.0,3,1,0.7913,0.000623
DuelingDQN,small_grid,2,615,24630,-30.0,25,1,0.7911,0.00044
DuelingDQN,small_grid,2,616,24667,-66.0,37,1,0.7908,0.000521
DuelingDQN,small_grid,2,617,24685,-23.0,18,1,0.7906,0.000431
DuelingDQN,small_grid,2,618,24705,-25.0,20,1,0.7905,0.000745
DuelingDQN,small_grid,2,619,24713,-5.0,8,1,0.7904,0.000676
DuelingDQN,small_grid,2,620,24714,10.0,1,1,0.7904,0.000422
DuelingDQN,small_grid,2,621,24735,-42.0,21,1,0.7902,0.00076
DuelingDQN,small_grid,2,622,24792,-130.0,57,1,0.7897,0.00067
DuelingDQN,small_grid,2,623,24795,4.0,3,1,0.7897,0.000621
DuelingDQN,small_grid,2,624,24820,-50.0,25,1,0.7895,0.000743
DuelingDQN,small_grid,2,625,24838,-23.0,18,1,0.7893,0.000881
DuelingDQN,small_grid,2,626,24871,-62.0,33,1,0.789,0.00102
DuelingDQN,small_grid,2,627,24915,-69.0,44,1,0.7887,0.000701
DuelingDQN,small_grid,2,628,24939,-25.0,24,1,0.7885,0.000299
DuelingDQN,small_grid,2,629,24968,-58.0,29,1,0.7882,0.000261
DuelingDQN,small_grid,2,630,25026,-103.0,58,1,0.7877,0.000846
DuelingDQN,small_grid,2,631,25027,10.0,1,1,0.7877,0.002127
DuelingDQN,small_grid,2,632,25040,-10.0,13,1,0.7876,0.001885
DuelingDQN,small_grid,2,633,25065,-26.0,25,1,0.7874,0.003327
DuelingDQN,small_grid,2,634,25088,-44.0,23,1,0.7872,0.003034
DuelingDQN,small_grid,2,635,25092,3.0,4,1,0.7872,0.002324
DuelingDQN,small_grid,2,636,25116,-53.0,24,1,0.787,0.001765
DuelingDQN,small_grid,2,637,25134,-15.0,18,1,0.7868,0.001086
DuelingDQN,small_grid,2,638,25152,-15.0,18,1,0.7867,0.000504
DuelingDQN,small_grid,2,639,25161,-10.0,9,1,0.7866,0.000382
DuelingDQN,small_grid,2,640,25241,-157.0,80,1,0.7859,0.000363
DuelingDQN,small_grid,2,641,25264,-20.0,23,1,0.7857,0.000249
DuelingDQN,small_grid,2,642,25279,-24.0,15,1,0.7856,0.000194
DuelingDQN,small_grid,2,643,25281,9.0,2,1,0.7856,0.000174
DuelingDQN,small_grid,2,644,25291,-11.0,10,1,0.7855,0.000193
DuelingDQN,small_grid,2,645,25300,-2.0,9,1,0.7854,0.000185
DuelingDQN,small_grid,2,646,25398,-199.0,98,1,0.7846,7.3e-05
DuelingDQN,small_grid,2,647,25454,-93.0,56,1,0.7841,2.1e-05
DuelingDQN,small_grid,2,648,25455,10.0,1,1,0.7841,2.1e-05
DuelingDQN,small_grid,2,649,25488,-54.0,33,1,0.7838,2e-05
DuelingDQN,small_grid,2,650,25501,-22.0,13,1,0.7837,0.000295
DuelingDQN,small_grid,2,651,25507,-3.0,6,1,0.7837,0.001774
DuelingDQN,small_grid,2,652,25587,-149.0,80,1,0.783,0.001433
DuelingDQN,small_grid,2,653,25606,-32.0,19,1,0.7828,0.000623
DuelingDQN,small_grid,2,654,25643,-54.0,37,1,0.7825,0.000498
DuelingDQN,small_grid,2,655,25651,-1.0,8,1,0.7824,0.000311
DuelingDQN,small_grid,2,656,25688,-82.0,37,1,0.7821,0.000142
DuelingDQN,small_grid,2,657,25727,-72.0,39,1,0.7818,5.7e-05
DuelingDQN,small_grid,2,658,25742,-12.0,15,1,0.7817,4.4e-05
DuelingDQN,small_grid,2,659,25778,-65.0,36,1,0.7814,4.1e-05
DuelingDQN,small_grid,2,660,25805,-36.0,27,1,0.7811,3.8e-05
DuelingDQN,small_grid,2,661,25815,-3.0,10,1,0.781,5.5e-05
DuelingDQN,small_grid,2,662,25847,-57.0,32,1,0.7808,6.4e-05
DuelingDQN,small_grid,2,663,25910,-112.0,63,1,0.7802,7.8e-05
DuelingDQN,small_grid,2,664,25927,-26.0,17,1,0.7801,7.9e-05
DuelingDQN,small_grid,2,665,25947,-17.0,20,1,0.7799,7.6e-05
DuelingDQN,small_grid,2,666,25967,-33.0,20,1,0.7798,4.9e-05
DuelingDQN,small_grid,2,667,25988,-34.0,21,1,0.7796,0.000116
DuelingDQN,small_grid,2,668,26012,-29.0,24,1,0.7794,0.000599
DuelingDQN,small_grid,2,669,26028,-21.0,16,1,0.7792,0.000945
DuelingDQN,small_grid,2,670,26119,-160.0,91,1,0.7785,0.001162
DuelingDQN,small_grid,2,671,26123,7.0,4,1,0.7784,0.001347
DuelingDQN,small_grid,2,672,26139,-9.0,16,1,0.7783,0.002054
DuelingDQN,small_grid,2,673,26142,4.0,3,1,0.7783,0.001981
DuelingDQN,small_grid,2,674,26171,-58.0,29,1,0.778,0.002651
DuelingDQN,small_grid,2,675,26181,-7.0,10,1,0.7779,0.002106
DuelingDQN,small_grid,2,676,26190,-2.0,9,1,0.7779,0.001956
DuelingDQN,small_grid,2,677,26207,-22.0,17,1,0.7777,0.00182
DuelingDQN,small_grid,2,678,26219,-9.0,12,1,0.7776,0.001293
DuelingDQN,small_grid,2,679,26230,-8.0,11,1,0.7775,0.001138
DuelingDQN,small_grid,2,680,26272,-75.0,42,1,0.7772,0.001124
DuelingDQN,small_grid,2,681,26275,8.0,3,1,0.7771,0.000989
DuelingDQN,small_grid,2,682,26282,-4.0,7,1,0.7771,0.000853
DuelingDQN,small_grid,2,683,26300,-31.0,18,1,0.7769,0.001162
DuelingDQN,small_grid,2,684,26314,-15.0,14,1,0.7768,0.001178
DuelingDQN,small_grid,2,685,26315,10.0,1,1,0.7768,0.000838
DuelingDQN,small_grid,2,686,26325,-7.0,10,1,0.7767,0.001003
DuelingDQN,small_grid,2,687,26335,-7.0,10,1,0.7766,0.000781
DuelingDQN,small_grid,2,688,26351,-21.0,16,1,0.7765,0.000776
DuelingDQN,small_grid,2,689,26366,-28.0,15,1,0.7764,0.00042
DuelingDQN,small_grid,2,690,26396,-63.0,30,1,0.7761,0.000304
DuelingDQN,small_grid,2,691,26424,-41.0,28,1,0.7759,0.000105
DuelingDQN,small_grid,2,692,26429,2.0,5,1,0.7758,6.1e-05
DuelingDQN,small_grid,2,693,26453,-29.0,24,1,0.7756,5.1e-05
DuelingDQN,small_grid,2,694,26482,-38.0,29,1,0.7754,6.2e-05
DuelingDQN,small_grid,2,695,26501,-36.0,19,1,0.7752,0.000163
DuelingDQN,small_grid,2,696,26514,-18.0,13,1,0.7751,0.000713
DuelingDQN,small_grid,2,697,26519,-2.0,5,1,0.7751,0.000745
DuelingDQN,small_grid,2,698,26524,-2.0,5,1,0.775,0.000688
DuelingDQN,small_grid,2,699,26527,4.0,3,1,0.775,0.000803
DuelingDQN,small_grid,2,700,26547,-25.0,20,1,0.7748,0.000889
DuelingDQN,small_grid,2,701,26578,-64.0,31,1,0.7746,0.000586
DuelingDQN,small_grid,2,702,26602,-53.0,24,1,0.7744,0.000344
DuelingDQN,small_grid,2,703,26610,-5.0,8,1,0.7743,0.00029
DuelingDQN,small_grid,2,704,26612,9.0,2,1,0.7743,0.000573
DuelingDQN,small_grid,2,705,26616,3.0,4,1,0.7742,0.00041
DuelingDQN,small_grid,2,706,26623,-8.0,7,1,0.7742,0.000416
DuelingDQN,small_grid,2,707,26641,-35.0,18,1,0.774,0.000358
DuelingDQN,small_grid,2,708,26667,-27.0,26,1,0.7738,0.000421
DuelingDQN,small_grid,2,709,26700,-46.0,33,1,0.7735,0.000223
DuelingDQN,small_grid,2,710,26745,-110.0,45,1,0.7732,0.00024
DuelingDQN,small_grid,2,711,26749,7.0,4,1,0.7731,0.000427
DuelingDQN,small_grid,2,712,26754,2.0,5,1,0.7731,0.000345
DuelingDQN,small_grid,2,713,26779,-34.0,25,1,0.7729,0.0003
DuelingDQN,small_grid,2,714,26805,-35.0,26,1,0.7726,0.000405
DuelingDQN,small_grid,2,715,26815,-11.0,10,1,0.7726,0.000473
DuelingDQN,small_grid,2,716,26846,-64.0,31,1,0.7723,0.000325
DuelingDQN,small_grid,2,717,26864,-19.0,18,1,0.7721,0.000291
DuelingDQN,small_grid,2,718,26878,-19.0,14,1,0.772,0.000309
DuelingDQN,small_grid,2,719,26886,-9.0,8,1,0.772,0.000256
DuelingDQN,small_grid,2,720,26928,-59.0,42,1,0.7716,0.000352
DuelingDQN,small_grid,2,721,26963,-44.0,35,1,0.7713,0.000459
DuelingDQN,small_grid,2,722,27016,-90.0,53,1,0.7709,0.000664
DuelingDQN,small_grid,2,723,27022,5.0,6,1,0.7708,0.001314
DuelingDQN,small_grid,2,724,27033,-12.0,11,1,0.7707,0.001113
DuelingDQN,small_grid,2,725,27035,9.0,2,1,0.7707,0.001092
DuelingDQN,small_grid,2,726,27041,-3.0,6,1,0.7706,0.000904
DuelingDQN,small_grid,2,727,27081,-61.0,40,1,0.7703,0.002044
DuelingDQN,small_grid,2,728,27088,0.0,7,1,0.7702,0.003259
DuelingDQN,small_grid,2,729,27103,-24.0,15,1,0.7701,0.004816
DuelingDQN,small_grid,2,730,27113,-11.0,10,1,0.77,0.005194
DuelingDQN,small_grid,2,731,27136,-40.0,23,1,0.7698,0.003087
DuelingDQN,small_grid,2,732,27160,-65.0,24,1,0.7696,0.001578
DuelingDQN,small_grid,2,733,27176,-17.0,16,1,0.7695,0.001122
DuelingDQN,small_grid,2,734,27180,7.0,4,1,0.7695,0.001133
DuelingDQN,small_grid,2,735,27195,-24.0,15,1,0.7693,0.000972
DuelingDQN,small_grid,2,736,27243,-89.0,48,1,0.7689,0.000721
DuelingDQN,small_grid,2,737,27267,-53.0,24,1,0.7687,0.000309
DuelingDQN,small_grid,2,738,27276,-2.0,9,1,0.7686,0.000206
DuelingDQN,small_grid,2,739,27299,-36.0,23,1,0.7685,0.000151
DuelingDQN,small_grid,2,740,27300,10.0,1,1,0.7684,8e-05
DuelingDQN,small_grid,2,741,27400,-213.0,100,1,0.7676,9.4e-05
DuelingDQN,small_grid,2,742,27403,8.0,3,1,0.7676,0.000108
DuelingDQN,small_grid,2,743,27486,-156.0,83,1,0.7669,5.4e-05
DuelingDQN,small_grid,2,744,27526,-65.0,40,1,0.7665,0.000664
DuelingDQN,small_grid,2,745,27561,-72.0,35,1,0.7662,0.000503
DuelingDQN,small_grid,2,746,27563,9.0,2,1,0.7662,0.000469
DuelingDQN,small_grid,2,747,27566,4.0,3,1,0.7662,0.000425
DuelingDQN,small_grid,2,748,27603,-102.0,37,1,0.7659,0.000445
DuelingDQN,small_grid,2,749,27620,-10.0,17,1,0.7657,0.000334
DuelingDQN,small_grid,2,750,27638,-23.0,18,1,0.7656,0.000374
DuelingDQN,small_grid,2,751,27660,-43.0,22,1,0.7654,0.000287
DuelingDQN,small_grid,2,752,27684,-33.0,24,1,0.7652,0.000156
DuelingDQN,small_grid,2,753,27699,-24.0,15,1,0.7651,0.000102
DuelingDQN,small_grid,2,754,27735,-49.0,36,1,0.7648,0.000164
DuelingDQN,small_grid,2,755,27742,0.0,7,1,0.7647,0.000157
DuelingDQN,small_grid,2,756,27774,-37.0,32,1,0.7644,9.9e-05
DuelingDQN,small_grid,2,757,27821,-116.0,47,1,0.764,5.7e-05
DuelingDQN,small_grid,2,758,27825,7.0,4,1,0.764,4.3e-05
DuelingDQN,small_grid,2,759,27835,-7.0,10,1,0.7639,4.5e-05
DuelingDQN,small_grid,2,760,27849,-23.0,14,1,0.7638,4.5e-05
DuelingDQN,small_grid,2,761,27857,3.0,8,1,0.7637,5e-05
DuelingDQN,small_grid,2,762,27866,-2.0,9,1,0.7636,4.2e-05
DuelingDQN,small_grid,2,763,27872,-3.0,6,1,0.7636,3.2e-05
DuelingDQN,small_grid,2,764,27914,-51.0,42,1,0.7632,4e-05
DuelingDQN,small_grid,2,765,27918,3.0,4,1,0.7632,3.9e-05
DuelingDQN,small_grid,2,766,27936,-27.0,18,1,0.7631,4e-05
DuelingDQN,small_grid,2,767,28010,-151.0,74,1,0.7624,0.000242
DuelingDQN,small_grid,2,768,28022,-9.0,12,1,0.7623,0.00099
DuelingDQN,small_grid,2,769,28025,4.0,3,1,0.7623,0.001291
DuelingDQN,small_grid,2,770,28038,-18.0,13,1,0.7622,0.001632
DuelingDQN,small_grid,2,771,28060,-31.0,22,1,0.762,0.002161
DuelingDQN,small_grid,2,772,28105,-86.0,45,1,0.7616,0.00179
DuelingDQN,small_grid,2,773,28115,-11.0,10,1,0.7615,0.001388
DuelingDQN,small_grid,2,774,28140,-82.0,25,1,0.7613,0.001484
DuelingDQN,small_grid,2,775,28203,-112.0,63,1,0.7608,0.001723
DuelingDQN,small_grid,2,776,28212,-14.0,9,1,0.7607,0.002362
DuelingDQN,small_grid,2,777,28236,-45.0,24,1,0.7605,0.001697
DuelingDQN,small_grid,2,778,28262,-59.0,26,1,0.7603,0.001657
DuelingDQN,small_grid,2,779,28319,-106.0,57,1,0.7598,0.000862
DuelingDQN,small_grid,2,780,28327,-13.0,8,1,0.7597,0.000237
DuelingDQN,small_grid,2,781,28332,2.0,5,1,0.7597,0.000168
DuelingDQN,small_grid,2,782,28360,-57.0,28,1,0.7595,0.000146
DuelingDQN,small_grid,2,783,28373,-18.0,13,1,0.7593,7.1e-05
DuelingDQN,small_grid,2,784,28384,-8.0,11,1,0.7593,6.6e-05
DuelingDQN,small_grid,2,785,28411,-52.0,27,1,0.759,4.7e-05
DuelingDQN,small_grid,2,786,28500,-158.0,89,1,0.7583,3.3e-05
DuelingDQN,small_grid,2,787,28533,-46.0,33,1,0.758,0.000519
DuelingDQN,small_grid,2,788,28538,-2.0,5,1,0.7579,0.000286
DuelingDQN,small_grid,2,789,28566,-45.0,28,1,0.7577,0.00019
DuelingDQN,small_grid,2,790,28589,-32.0,23,1,0.7575,0.000134
DuelingDQN,small_grid,2,791,28604,-12.0,15,1,0.7574,8.1e-05
DuelingDQN,small_grid,2,792,28609,-2.0,5,1,0.7573,7.9e-05
DuelingDQN,small_grid,2,793,28615,-3.0,6,1,0.7573,7e-05
DuelingDQN,small_grid,2,794,28627,-9.0,12,1,0.7572,7.5e-05
DuelingDQN,small_grid,2,795,28635,-5.0,8,1,0.7571,7.9e-05
DuelingDQN,small_grid,2,796,28667,-49.0,32,1,0.7569,8.9e-05
DuelingDQN,small_grid,2,797,28674,0.0,7,1,0.7568,6.1e-05
DuelingDQN,small_grid,2,798,28693,-40.0,19,1,0.7566,4.9e-05
DuelingDQN,small_grid,2,799,28706,-26.0,13,1,0.7565,4.2e-05
DuelingDQN,small_grid,2,800,28707,10.0,1,1,0.7565,2.9e-05
DQN,small_grid,3,1,41,-82.0,41,1,0.9997,
DQN,small_grid,3,2,54,-26.0,13,1,0.9995,
DQN,small_grid,3,3,71,-34.0,17,1,0.9994,
DQN,small_grid,3,4,115,-81.0,44,1,0.999,
DQN,small_grid,3,5,118,4.0,3,1,0.999,
DQN,small_grid,3,6,194,-193.0,76,1,0.9984,
DQN,small_grid,3,7,317,-272.0,123,1,0.9973,
DQN,small_grid,3,8,320,8.0,3,1,0.9973,
DQN,small_grid,3,9,476,-401.0,156,1,0.996,
DQN,small_grid,3,10,487,-24.0,11,1,0.9959,
DQN,small_grid,3,11,687,-536.0,200,0,0.9942,
DQN,small_grid,3,12,702,-16.0,15,1,0.994,
DQN,small_grid,3,13,719,-30.0,17,1,0.9939,
DQN,small_grid,3,14,722,4.0,3,1,0.9939,
DQN,small_grid,3,15,738,-33.0,16,1,0.9937,
DQN,small_grid,3,16,739,10.0,1,1,0.9937,
DQN,small_grid,3,17,877,-311.0,138,1,0.9926,
DQN,small_grid,3,18,1042,-406.0,165,1,0.9912,1.613526
DQN,small_grid,3,19,1242,-472.0,200,0,0.9895,1.103872
DQN,small_grid,3,20,1246,7.0,4,1,0.9894,0.827805
DQN,small_grid,3,21,1282,-97.0,36,1,0.9891,0.759204
DQN,small_grid,3,22,1318,-85.0,36,1,0.9888,0.642198
DQN,small_grid,3,23,1332,-15.0,14,1,0.9887,0.626567
DQN,small_grid,3,24,1420,-213.0,88,1,0.988,0.558616
DQN,small_grid,3,25,1494,-183.0,74,1,0.9873,0.536835
DQN,small_grid,3,26,1596,-219.0,102,1,0.9865,0.572792
DQN,small_grid,3,27,1618,-31.0,22,1,0.9863,0.525866
DQN,small_grid,3,28,1802,-445.0,184,1,0.9847,0.473179
DQN,small_grid,3,29,1818,-29.0,16,1,0.9846,0.52416
DQN,small_grid,3,30,2018,-508.0,200,0,0.9829,0.393954
DQN,small_grid,3,31,2208,-475.0,190,1,0.9813,0.326184
DQN,small_grid,3,32,2405,-466.0,197,1,0.9796,0.268869
DQN,small_grid,3,33,2485,-185.0,80,1,0.9789,0.241997
DQN,small_grid,3,34,2488,8.0,3,1,0.9789,0.225062
DQN,small_grid,3,35,2571,-224.0,83,1,0.9782,0.281296
DQN,small_grid,3,36,2607,-77.0,36,1,0.9779,0.248462
DQN,small_grid,3,37,2699,-229.0,92,1,0.9771,0.257675
DQN,small_grid,3,38,2758,-124.0,59,1,0.9766,0.231044
DQN,small_grid,3,39,2841,-216.0,83,1,0.9759,0.219641
DQN,small_grid,3,40,2843,5.0,2,1,0.9759,0.424543
DQN,small_grid,3,41,3043,-500.0,200,0,0.9742,0.222537
DQN,small_grid,3,42,3174,-256.0,131,1,0.9731,0.237991
DQN,small_grid,3,43,3194,-37.0,20,1,0.9729,0.136816
DQN,small_grid,3,44,3287,-202.0,93,1,0.9721,0.179888
DQN,small_grid,3,45,3305,-27.0,18,1,0.972,0.274753
DQN,small_grid,3,46,3310,6.0,5,1,0.9719,0.429562
DQN,small_grid,3,47,3319,2.0,9,1,0.9718,0.203181
DQN,small_grid,3,48,3519,-484.0,200,0,0.9702,0.208487
DQN,small_grid,3,49,3550,-80.0,31,1,0.9699,0.189682
DQN,small_grid,3,50,3690,-349.0,140,1,0.9687,0.200082
DQN,small_grid,3,51,3875,-430.0,185,1,0.9671,0.195755
DQN,small_grid,3,52,3908,-54.0,33,1,0.9669,0.210591
DQN,small_grid,3,53,3909,10.0,1,1,0.9668,0.475409
DQN,small_grid,3,54,3928,-36.0,19,1,0.9667,0.218647
DQN,small_grid,3,55,3931,4.0,3,1,0.9667,0.355868
DQN,small_grid,3,56,3952,-18.0,21,1,0.9665,0.232579
DQN,small_grid,3,57,3962,-7.0,10,1,0.9664,0.239259
DQN,small_grid,3,58,4026,-145.0,64,1,0.9659,0.252152
DQN,small_grid,3,59,4031,-2.0,5,1,0.9658,0.180709
DQN,small_grid,3,60,4166,-376.0,135,1,0.9647,0.20909
DQN,small_grid,3,61,4171,2.0,5,1,0.9646,0.163837
DQN,small_grid,3,62,4217,-99.0,46,1,0.9642,0.248105
DQN,small_grid,3,63,4218,10.0,1,1,0.9642,0.014767
DQN,small_grid,3,64,4235,-38.0,17,1,0.9641,0.255021
DQN,small_grid,3,65,4260,-34.0,25,1,0.9639,0.212987
DQN,small_grid,3,66,4460,-532.0,200,0,0.9622,0.242395
DQN,small_grid,3,67,4516,-101.0,56,1,0.9617,0.255065
DQN,small_grid,3,68,4602,-191.0,86,1,0.961,0.247369
DQN,small_grid,3,69,4802,-468.0,200,0,0.9593,0.223547
DQN,small_grid,3,70,4947,-354.0,145,1,0.958,0.199198
DQN,small_grid,3,71,5052,-250.0,105,1,0.9571,0.225699
DQN,small_grid,3,72,5061,-14.0,9,1,0.9571,0.351605
DQN,small_grid,3,73,5104,-72.0,43,1,0.9567,0.332401
DQN,small_grid,3,74,5133,-74.0,29,1,0.9565,0.255904
DQN,small_grid,3,75,5259,-299.0,126,1,0.9554,0.254075
DQN,small_grid,3,76,5306,-96.0,47,1,0.955,0.227372
DQN,small_grid,3,77,5386,-145.0,80,1,0.9543,0.213302
DQN,small_grid,3,78,5452,-127.0,66,1,0.9538,0.19452
DQN,small_grid,3,79,5475,-44.0,23,1,0.9536,0.152623
DQN,small_grid,3,80,5502,-44.0,27,1,0.9533,0.221261
DQN,small_grid,3,81,5509,4.0,7,1,0.9533,0.193243
DQN,small_grid,3,82,5602,-214.0,93,1,0.9525,0.256278
DQN,small_grid,3,83,5736,-307.0,134,1,0.9513,0.256102
DQN,small_grid,3,84,5766,-47.0,30,1,0.9511,0.112623
DQN,small_grid,3,85,5781,-28.0,15,1,0.951,0.198004
DQN,small_grid,3,86,5902,-238.0,121,1,0.9499,0.235767
DQN,small_grid,3,87,6091,-454.0,189,1,0.9483,0.224672
DQN,small_grid,3,88,6195,-229.0,104,1,0.9475,0.200639
DQN,small_grid,3,89,6264,-150.0,69,1,0.9469,0.215206
DQN,small_grid,3,90,6297,-74.0,33,1,0.9466,0.232164
DQN,small_grid,3,91,6497,-424.0,200,0,0.9449,0.17764
DQN,small_grid,3,92,6513,-25.0,16,1,0.9448,0.343138
DQN,small_grid,3,93,6557,-77.0,44,1,0.9444,0.260982
DQN,small_grid,3,94,6644,-196.0,87,1,0.9436,0.224471
DQN,small_grid,3,95,6725,-190.0,81,1,0.943,0.215751
DQN,small_grid,3,96,6729,3.0,4,1,0.9429,0.201847
DQN,small_grid,3,97,6735,5.0,6,1,0.9429,0.139305
DQN,small_grid,3,98,6749,-19.0,14,1,0.9428,0.136297
DQN,small_grid,3,99,6796,-100.0,47,1,0.9424,0.165012
DQN,small_grid,3,100,6898,-239.0,102,1,0.9415,0.196038
DQN,small_grid,3,101,7098,-480.0,200,0,0.9398,0.204007
DQN,small_grid,3,102,7100,9.0,2,1,0.9398,0.180098
DQN,small_grid,3,103,7157,-94.0,57,1,0.9393,0.144118
DQN,small_grid,3,104,7164,-4.0,7,1,0.9392,0.237619
DQN,small_grid,3,105,7214,-111.0,50,1,0.9388,0.147981
DQN,small_grid,3,106,7414,-460.0,200,0,0.9371,0.125221
DQN,small_grid,3,107,7511,-242.0,97,1,0.9363,0.173647
DQN,small_grid,3,108,7517,1.0,6,1,0.9362,0.414881
DQN,small_grid,3,109,7534,-14.0,17,1,0.9361,0.31044
DQN,small_grid,3,110,7645,-252.0,111,1,0.9352,0.149999
DQN,small_grid,3,111,7652,-4.0,7,1,0.9351,0.124759
DQN,small_grid,3,112,7660,-1.0,8,1,0.935,0.096812
DQN,small_grid,3,113,7669,-10.0,9,1,0.935,0.071059
DQN,small_grid,3,114,7702,-62.0,33,1,0.9347,0.094839
DQN,small_grid,3,115,7739,-82.0,37,1,0.9344,0.097109
DQN,small_grid,3,116,7774,-72.0,35,1,0.9341,0.072513
DQN,small_grid,3,117,7892,-283.0,118,1,0.9331,0.070012
DQN,small_grid,3,118,7911,-20.0,19,1,0.9329,0.066051
DQN,small_grid,3,119,7960,-94.0,49,1,0.9325,0.050765
DQN,small_grid,3,120,7962,9.0,2,1,0.9325,0.018479
DQN,small_grid,3,121,8055,-166.0,93,1,0.9317,0.224657
DQN,small_grid,3,122,8069,-19.0,14,1,0.9316,0.125833
DQN,small_grid,3,123,8101,-77.0,32,1,0.9313,0.104609
DQN,small_grid,3,124,8114,-22.0,13,1,0.9312,0.104541
DQN,small_grid,3,125,8119,-6.0,5,1,0.9311,0.083335
DQN,small_grid,3,126,8202,-196.0,83,1,0.9304,0.075666
DQN,small_grid,3,127,8333,-272.0,131,1,0.9293,0.046926
DQN,small_grid,3,128,8381,-81.0,48,1,0.9289,0.037265
DQN,small_grid,3,129,8476,-260.0,95,1,0.9281,0.042651
DQN,small_grid,3,130,8555,-208.0,79,1,0.9274,0.353403
DQN,small_grid,3,131,8561,5.0,6,1,0.9274,0.153423
DQN,small_grid,3,132,8563,9.0,2,1,0.9274,0.17281
DQN,small_grid,3,133,8564,10.0,1,1,0.9274,0.139429
DQN,small_grid,3,134,8600,-73.0,36,1,0.9271,0.131449
DQN,small_grid,3,135,8617,-26.0,17,1,0.9269,0.103049
DQN,small_grid,3,136,8618,10.0,1,1,0.9269,0.078717
DQN,small_grid,3,137,8651,-78.0,33,1,0.9266,0.078016
DQN,small_grid,3,138,8700,-78.0,49,1,0.9262,0.058277
DQN,small_grid,3,139,8726,-51.0,26,1,0.926,0.041588
DQN,small_grid,3,140,8890,-357.0,164,1,0.9246,0.032318
DQN,small_grid,3,141,8946,-137.0,56,1,0.9241,0.021794
DQN,small_grid,3,142,9042,-205.0,96,1,0.9233,0.267215
DQN,small_grid,3,143,9090,-109.0,48,1,0.9229,0.189784
DQN,small_grid,3,144,9207,-266.0,117,1,0.9219,0.075457
DQN,small_grid,3,145,9217,-7.0,10,1,0.9218,0.043152
DQN,small_grid,3,146,9236,-32.0,19,1,0.9217,0.041245
DQN,small_grid,3,147,9263,-72.0,27,1,0.9214,0.049417
DQN,small_grid,3,148,9389,-263.0,126,1,0.9204,0.032763
DQN,small_grid,3,149,9404,-12.0,15,1,0.9202,0.024745
DQN,small_grid,3,150,9604,-412.0,200,0,0.9185,0.214935
DQN,small_grid,3,151,9615,-12.0,11,1,0.9184,0.111511
DQN,small_grid,3,152,9711,-237.0,96,1,0.9176,0.073068
DQN,small_grid,3,153,9722,-20.0,11,1,0.9175,0.048179
DQN,small_grid,3,154,9729,-4.0,7,1,0.9175,0.038718
DQN,small_grid,3,155,9730,10.0,1,1,0.9175,0.037041
DQN,small_grid,3,156,9735,2.0,5,1,0.9174,0.042107
DQN,small_grid,3,157,9788,-118.0,53,1,0.917,0.040417
DQN,small_grid,3,158,9882,-187.0,94,1,0.9162,0.029029
DQN,small_grid,3,159,9890,-1.0,8,1,0.9161,0.029162
DQN,small_grid,3,160,9986,-197.0,96,1,0.9153,0.019953
DQN,small_grid,3,161,10039,-118.0,53,1,0.9148,0.436642
DQN,small_grid,3,162,10051,-25.0,12,1,0.9147,0.255791
DQN,small_grid,3,163,10141,-167.0,90,1,0.914,0.126554
DQN,small_grid,3,164,10152,-16.0,11,1,0.9139,0.088284
DQN,small_grid,3,165,10190,-87.0,38,1,0.9136,0.078046
DQN,small_grid,3,166,10306,-257.0,116,1,0.9126,0.046008
DQN,small_grid,3,167,10310,3.0,4,1,0.9125,0.025096
DQN,small_grid,3,168,10339,-54.0,29,1,0.9123,0.032728
DQN,small_grid,3,169,10427,-185.0,88,1,0.9116,0.025037
DQN,small_grid,3,170,10584,-330.0,157,1,0.9102,0.142846
DQN,small_grid,3,171,10623,-76.0,39,1,0.9099,0.092623
DQN,small_grid,3,172,10682,-132.0,59,1,0.9094,0.057848
DQN,small_grid,3,173,10698,-25.0,16,1,0.9093,0.044009
DQN,small_grid,3,174,10813,-236.0,115,1,0.9083,0.028019
DQN,small_grid,3,175,10836,-48.0,23,1,0.9081,0.020673
DQN,small_grid,3,176,10912,-145.0,76,1,0.9074,0.016644
DQN,small_grid,3,177,10968,-153.0,56,1,0.907,0.014744
DQN,small_grid,3,178,11012,-81.0,44,1,0.9066,0.143552
DQN,small_grid,3,179,11050,-83.0,38,1,0.9063,0.146581
DQN,small_grid,3,180,11068,-39.0,18,1,0.9061,0.092848
DQN,small_grid,3,181,11072,3.0,4,1,0.9061,0.088655
DQN,small_grid,3,182,11137,-150.0,65,1,0.9055,0.052788
DQN,small_grid,3,183,11142,6.0,5,1,0.9055,0.038115
DQN,small_grid,3,184,11262,-277.0,120,1,0.9045,0.028839
DQN,small_grid,3,185,11266,3.0,4,1,0.9044,0.017643
DQN,small_grid,3,186,11297,-48.0,31,1,0.9042,0.015885
DQN,small_grid,3,187,11302,6.0,5,1,0.9041,0.024144
DQN,small_grid,3,188,11332,-63.0,30,1,0.9039,0.015418
DQN,small_grid,3,189,11358,-47.0,26,1,0.9037,0.014699
DQN,small_grid,3,190,11382,-41.0,24,1,0.9035,0.012735
DQN,small_grid,3,191,11389,0.0,7,1,0.9034,0.010869
DQN,small_grid,3,192,11578,-382.0,189,1,0.9018,0.061658
DQN,small_grid,3,193,11659,-190.0,81,1,0.9011,0.023111
DQN,small_grid,3,194,11718,-120.0,59,1,0.9006,0.014652
DQN,small_grid,3,195,11911,-438.0,193,1,0.899,0.007535
DQN,small_grid,3,196,11918,0.0,7,1,0.8989,0.006689
DQN,small_grid,3,197,12053,-416.0,135,1,0.8978,0.053368
DQN,small_grid,3,198,12188,-328.0,135,1,0.8966,0.018571
DQN,small_grid,3,199,12217,-46.0,29,1,0.8964,0.007937
DQN,small_grid,3,200,12274,-114.0,57,1,0.8959,0.007685
DQN,small_grid,3,201,12319,-110.0,45,1,0.8955,0.005612
DQN,small_grid,3,202,12327,-5.0,8,1,0.8954,0.00702
DQN,small_grid,3,203,12338,-16.0,11,1,0.8953,0.004478
DQN,small_grid,3,204,12413,-172.0,75,1,0.8947,0.004185
DQN,small_grid,3,205,12432,-28.0,19,1,0.8945,0.003637
DQN,small_grid,3,206,12479,-84.0,47,1,0.8942,0.003331
DQN,small_grid,3,207,12546,-132.0,67,1,0.8936,0.011096
DQN,small_grid,3,208,12582,-61.0,36,1,0.8933,0.006306
DQN,small_grid,3,209,12598,-9.0,16,1,0.8931,0.005317
DQN,small_grid,3,210,12612,-15.0,14,1,0.893,0.003831
DQN,small_grid,3,211,12652,-93.0,40,1,0.8927,0.003484
DQN,small_grid,3,212,12669,-18.0,17,1,0.8925,0.00302
DQN,small_grid,3,213,12673,3.0,4,1,0.8925,0.004304
DQN,small_grid,3,214,12719,-107.0,46,1,0.8921,0.003281
DQN,small_grid,3,215,12747,-37.0,28,1,0.8919,0.002193
DQN,small_grid,3,216,12797,-95.0,50,1,0.8915,0.002102
DQN,small_grid,3,217,12892,-252.0,95,1,0.8906,0.001834
DQN,small_grid,3,218,12958,-139.0,66,1,0.8901,0.001875
DQN,small_grid,3,219,13020,-127.0,62,1,0.8896,0.002725
DQN,small_grid,3,220,13099,-156.0,79,1,0.8889,0.002798
DQN,small_grid,3,221,13112,-26.0,13,1,0.8888,0.001793
DQN,small_grid,3,222,13134,-43.0,22,1,0.8886,0.001884
DQN,small_grid,3,223,13137,8.0,3,1,0.8886,0.001465
DQN,small_grid,3,224,13155,-19.0,18,1,0.8884,0.001678
DQN,small_grid,3,225,13193,-95.0,38,1,0.8881,0.001486
DQN,small_grid,3,226,13207,-11.0,14,1,0.888,0.00169
DQN,small_grid,3,227,13242,-68.0,35,1,0.8877,0.001561
DQN,small_grid,3,228,13290,-109.0,48,1,0.8873,0.001147
DQN,small_grid,3,229,13365,-188.0,75,1,0.8866,0.001274
DQN,small_grid,3,230,13386,-54.0,21,1,0.8865,0.001378
DQN,small_grid,3,231,13426,-101.0,40,1,0.8861,0.001226
DQN,small_grid,3,232,13430,3.0,4,1,0.8861,0.001383
DQN,small_grid,3,233,13431,10.0,1,1,0.8861,0.000602
DQN,small_grid,3,234,13482,-100.0,51,1,0.8856,0.001201
DQN,small_grid,3,235,13493,-24.0,11,1,0.8856,0.000863
DQN,small_grid,3,236,13555,-123.0,62,1,0.885,0.002732
DQN,small_grid,3,237,13604,-114.0,49,1,0.8846,0.001135
DQN,small_grid,3,238,13639,-56.0,35,1,0.8843,0.001016
DQN,small_grid,3,239,13656,-18.0,17,1,0.8842,0.000911
DQN,small_grid,3,240,13676,-33.0,20,1,0.884,0.000776
DQN,small_grid,3,241,13710,-75.0,34,1,0.8837,0.000816
DQN,small_grid,3,242,13796,-159.0,86,1,0.883,0.000834
DQN,small_grid,3,243,13800,7.0,4,1,0.8829,0.000635
DQN,small_grid,3,244,13818,-23.0,18,1,0.8828,0.001384
DQN,small_grid,3,245,13868,-95.0,50,1,0.8824,0.000527
DQN,small_grid,3,246,13907,-72.0,39,1,0.882,0.000465
DQN,small_grid,3,247,13910,4.0,3,1,0.882,0.000897
DQN,small_grid,3,248,13983,-138.0,73,1,0.8814,0.000805
DQN,small_grid,3,249,14183,-452.0,200,0,0.8797,0.000952
DQN,small_grid,3,250,14201,-15.0,18,1,0.8795,0.000423
DQN,small_grid,3,251,14277,-129.0,76,1,0.8789,0.000532
DQN,small_grid,3,252,14325,-89.0,48,1,0.8785,0.000862
DQN,small_grid,3,253,14329,3.0,4,1,0.8785,0.000782
DQN,small_grid,3,254,14343,-27.0,14,1,0.8783,0.000502
DQN,small_grid,3,255,14386,-64.0,43,1,0.878,0.000707
DQN,small_grid,3,256,14419,-54.0,33,1,0.8777,0.000757
DQN,small_grid,3,257,14424,6.0,5,1,0.8777,0.00063
DQN,small_grid,3,258,14426,5.0,2,1,0.8776,0.000444
DQN,small_grid,3,259,14492,-143.0,66,1,0.8771,0.000557
DQN,small_grid,3,260,14500,-1.0,8,1,0.877,0.001139
DQN,small_grid,3,261,14504,7.0,4,1,0.877,0.0032
DQN,small_grid,3,262,14630,-255.0,126,1,0.8759,0.000904
DQN,small_grid,3,263,14688,-119.0,58,1,0.8754,0.000421
DQN,small_grid,3,264,14701,-14.0,13,1,0.8753,0.000441
DQN,small_grid,3,265,14708,-4.0,7,1,0.8752,0.000657
DQN,small_grid,3,266,14776,-101.0,68,1,0.8747,0.000429
DQN,small_grid,3,267,14807,-56.0,31,1,0.8744,0.000448
DQN,small_grid,3,268,14872,-154.0,65,1,0.8739,0.000619
DQN,small_grid,3,269,14897,-26.0,25,1,0.8736,0.000613
DQN,small_grid,3,270,14900,4.0,3,1,0.8736,0.000857
DQN,small_grid,3,271,14910,-3.0,10,1,0.8735,0.001418
DQN,small_grid,3,272,14941,-52.0,31,1,0.8733,0.000695
DQN,small_grid,3,273,14972,-60.0,31,1,0.873,0.000625
DQN,small_grid,3,274,14989,-18.0,17,1,0.8729,0.000901
DQN,small_grid,3,275,15041,-117.0,52,1,0.8724,0.001523
DQN,small_grid,3,276,15053,-13.0,12,1,0.8723,0.000947
DQN,small_grid,3,277,15064,-4.0,11,1,0.8722,0.000958
DQN,small_grid,3,278,15065,10.0,1,1,0.8722,0.002352
DQN,small_grid,3,279,15121,-113.0,56,1,0.8717,0.000585
DQN,small_grid,3,280,15149,-57.0,28,1,0.8715,0.00043
DQN,small_grid,3,281,15154,6.0,5,1,0.8715,0.000365
DQN,small_grid,3,282,15161,-4.0,7,1,0.8714,0.000618
DQN,small_grid,3,283,15191,-63.0,30,1,0.8711,0.000552
DQN,small_grid,3,284,15215,-33.0,24,1,0.8709,0.000386
DQN,small_grid,3,285,15217,5.0,2,1,0.8709,0.00049
DQN,small_grid,3,286,15233,-17.0,16,1,0.8708,0.000472
DQN,small_grid,3,287,15240,0.0,7,1,0.8707,0.000409
DQN,small_grid,3,288,15252,-9.0,12,1,0.8706,0.000523
DQN,small_grid,3,289,15311,-108.0,59,1,0.8701,0.000399
DQN,small_grid,3,290,15324,-18.0,13,1,0.87,0.000291
DQN,small_grid,3,291,15330,5.0,6,1,0.87,0.000571
DQN,small_grid,3,292,15336,1.0,6,1,0.8699,0.000474
DQN,small_grid,3,293,15373,-54.0,37,1,0.8696,0.000756
DQN,small_grid,3,294,15374,10.0,1,1,0.8696,0.000475
DQN,small_grid,3,295,15386,-21.0,12,1,0.8695,0.000554
DQN,small_grid,3,296,15392,1.0,6,1,0.8694,0.000279
DQN,small_grid,3,297,15445,-94.0,53,1,0.869,0.000316
DQN,small_grid,3,298,15454,2.0,9,1,0.8689,0.00033
DQN,small_grid,3,299,15460,-7.0,6,1,0.8689,0.000399
DQN,small_grid,3,300,15497,-70.0,37,1,0.8686,0.000401
DQN,small_grid,3,301,15512,-28.0,15,1,0.8684,0.001533
DQN,small_grid,3,302,15529,-26.0,17,1,0.8683,0.000996
DQN,small_grid,3,303,15627,-227.0,98,1,0.8674,0.000742
DQN,small_grid,3,304,15655,-61.0,28,1,0.8672,0.000551
DQN,small_grid,3,305,15676,-34.0,21,1,0.867,0.000405
DQN,small_grid,3,306,15679,4.0,3,1,0.867,0.000283
DQN,small_grid,3,307,15771,-189.0,92,1,0.8662,0.000711
DQN,small_grid,3,308,15803,-61.0,32,1,0.866,0.001747
DQN,small_grid,3,309,15824,-38.0,21,1,0.8658,0.001625
DQN,small_grid,3,310,15858,-67.0,34,1,0.8655,0.000866
DQN,small_grid,3,311,15883,-50.0,25,1,0.8653,0.00077
DQN,small_grid,3,312,15902,-32.0,19,1,0.8651,0.000688
DQN,small_grid,3,313,15917,-24.0,15,1,0.865,0.000924
DQN,small_grid,3,314,15945,-37.0,28,1,0.8648,0.001488
DQN,small_grid,3,315,16006,-126.0,61,1,0.8642,0.001278
DQN,small_grid,3,316,16007,10.0,1,1,0.8642,0.002327
DQN,small_grid,3,317,16012,-2.0,5,1,0.8642,0.002156
DQN,small_grid,3,318,16041,-46.0,29,1,0.8639,0.002565
DQN,small_grid,3,319,16070,-34.0,29,1,0.8637,0.002071
DQN,small_grid,3,320,16125,-108.0,55,1,0.8632,0.00127
DQN,small_grid,3,321,16165,-93.0,40,1,0.8629,0.000584
DQN,small_grid,3,322,16204,-80.0,39,1,0.8626,0.000491
DQN,small_grid,3,323,16258,-99.0,54,1,0.8621,0.000451
DQN,small_grid,3,324,16268,1.0,10,1,0.862,0.000244
DQN,small_grid,3,325,16304,-61.0,36,1,0.8617,0.000652
DQN,small_grid,3,326,16309,2.0,5,1,0.8617,0.00133
DQN,small_grid,3,327,16373,-129.0,64,1,0.8611,0.001948
DQN,small_grid,3,328,16413,-73.0,40,1,0.8608,0.001146
DQN,small_grid,3,329,16459,-111.0,46,1,0.8604,0.001319
DQN,small_grid,3,330,16544,-170.0,85,1,0.8597,0.001223
DQN,small_grid,3,331,16547,8.0,3,1,0.8596,0.001064
DQN,small_grid,3,332,16583,-81.0,36,1,0.8593,0.001991
DQN,small_grid,3,333,16610,-60.0,27,1,0.8591,0.00301
DQN,small_grid,3,334,16683,-174.0,73,1,0.8585,0.001975
DQN,small_grid,3,335,16732,-82.0,49,1,0.8581,0.000688
DQN,small_grid,3,336,16758,-47.0,26,1,0.8579,0.000319
DQN,small_grid,3,337,16760,9.0,2,1,0.8578,0.000401
DQN,small_grid,3,338,16781,-30.0,21,1,0.8577,0.000367
DQN,small_grid,3,339,16830,-106.0,49,1,0.8572,0.000483
DQN,small_grid,3,340,16845,-32.0,15,1,0.8571,0.000384
DQN,small_grid,3,341,16859,-15.0,14,1,0.857,0.000396
DQN,small_grid,3,342,16871,-9.0,12,1,0.8569,0.000412
DQN,small_grid,3,343,16875,-1.0,4,1,0.8569,0.000567
DQN,small_grid,3,344,16933,-107.0,58,1,0.8564,0.000495
DQN,small_grid,3,345,16949,-21.0,16,1,0.8562,0.000454
DQN,small_grid,3,346,16952,8.0,3,1,0.8562,0.00056
DQN,small_grid,3,347,16982,-59.0,30,1,0.856,0.000357
DQN,small_grid,3,348,16983,10.0,1,1,0.8559,0.000153
DQN,small_grid,3,349,17002,-24.0,19,1,0.8558,0.000567
DQN,small_grid,3,350,17064,-147.0,62,1,0.8553,0.002235
DQN,small_grid,3,351,17253,-410.0,189,1,0.8537,0.00087
DQN,small_grid,3,352,17257,3.0,4,1,0.8536,0.001116
DQN,small_grid,3,353,17366,-222.0,109,1,0.8527,0.001158
DQN,small_grid,3,354,17395,-54.0,29,1,0.8525,0.000299
DQN,small_grid,3,355,17416,-46.0,21,1,0.8523,0.00029
DQN,small_grid,3,356,17426,-3.0,10,1,0.8522,0.000478
DQN,small_grid,3,357,17434,3.0,8,1,0.8521,0.000446
DQN,small_grid,3,358,17487,-126.0,53,1,0.8517,0.000398
DQN,small_grid,3,359,17501,-23.0,14,1,0.8516,0.0007
DQN,small_grid,3,360,17517,-25.0,16,1,0.8514,0.002336
DQN,small_grid,3,361,17518,10.0,1,1,0.8514,0.001753
DQN,small_grid,3,362,17534,-21.0,16,1,0.8513,0.001765
DQN,small_grid,3,363,17552,-15.0,18,1,0.8511,0.001804
DQN,small_grid,3,364,17588,-53.0,36,1,0.8508,0.004269
DQN,small_grid,3,365,17607,-36.0,19,1,0.8507,0.004397
DQN,small_grid,3,366,17626,-36.0,19,1,0.8505,0.002701
DQN,small_grid,3,367,17642,-17.0,16,1,0.8504,0.001911
DQN,small_grid,3,368,17663,-26.0,21,1,0.8502,0.001783
DQN,small_grid,3,369,17699,-65.0,36,1,0.8499,0.001075
DQN,small_grid,3,370,17717,-19.0,18,1,0.8497,0.000927
DQN,small_grid,3,371,17728,-8.0,11,1,0.8496,0.000631
DQN,small_grid,3,372,17796,-149.0,68,1,0.8491,0.000359
DQN,small_grid,3,373,17802,5.0,6,1,0.849,0.000516
DQN,small_grid,3,374,17821,-32.0,19,1,0.8488,0.000613
DQN,small_grid,3,375,17866,-110.0,45,1,0.8485,0.000598
DQN,small_grid,3,376,17912,-87.0,46,1,0.8481,0.000939
DQN,small_grid,3,377,17952,-93.0,40,1,0.8477,0.002533
DQN,small_grid,3,378,17983,-60.0,31,1,0.8475,0.002209
DQN,small_grid,3,379,18036,-122.0,53,1,0.847,0.003348
DQN,small_grid,3,380,18164,-313.0,128,1,0.8459,0.001957
DQN,small_grid,3,381,18167,4.0,3,1,0.8459,0.001668
DQN,small_grid,3,382,18180,-18.0,13,1,0.8458,0.001096
DQN,small_grid,3,383,18277,-154.0,97,1,0.845,0.000545
DQN,small_grid,3,384,18348,-140.0,71,1,0.8444,0.000266
DQN,small_grid,3,385,18382,-55.0,34,1,0.8441,0.000415
DQN,small_grid,3,386,18442,-117.0,60,1,0.8436,0.000346
DQN,small_grid,3,387,18470,-41.0,28,1,0.8433,0.000343
DQN,small_grid,3,388,18512,-67.0,42,1,0.843,0.00163
DQN,small_grid,3,389,18514,9.0,2,1,0.843,0.005186
DQN,small_grid,3,390,18553,-56.0,39,1,0.8426,0.003351
DQN,small_grid,3,391,18555,9.0,2,1,0.8426,0.003346
DQN,small_grid,3,392,18591,-53.0,36,1,0.8423,0.002035
DQN,small_grid,3,393,18638,-72.0,47,1,0.8419,0.001214
DQN,small_grid,3,394,18671,-54.0,33,1,0.8416,0.000772
DQN,small_grid,3,395,18676,2.0,5,1,0.8416,0.000591
DQN,small_grid,3,396,18722,-87.0,46,1,0.8412,0.00052
DQN,small_grid,3,397,18800,-163.0,78,1,0.8405,0.000461
DQN,small_grid,3,398,18845,-98.0,45,1,0.8402,0.00043
DQN,small_grid,3,399,18854,-2.0,9,1,0.8401,0.000303
DQN,small_grid,3,400,18868,-19.0,14,1,0.84,0.000443
DQN,small_grid,3,401,18944,-169.0,76,1,0.8393,0.000758
DQN,small_grid,3,402,18985,-78.0,41,1,0.839,0.000999
DQN,small_grid,3,403,19010,-42.0,25,1,0.8388,0.002739
DQN,small_grid,3,404,19016,-11.0,6,1,0.8387,0.006647
DQN,small_grid,3,405,19032,-29.0,16,1,0.8386,0.004719
DQN,small_grid,3,406,19120,-161.0,88,1,0.8378,0.001652
DQN,small_grid,3,407,19179,-124.0,59,1,0.8373,0.001604
DQN,small_grid,3,408,19189,-7.0,10,1,0.8372,0.001231
DQN,small_grid,3,409,19204,-24.0,15,1,0.8371,0.000655
DQN,small_grid,3,410,19237,-42.0,33,1,0.8368,0.000558
DQN,small_grid,3,411,19241,7.0,4,1,0.8368,0.000755
DQN,small_grid,3,412,19253,-5.0,12,1,0.8367,0.000473
DQN,small_grid,3,413,19275,-55.0,22,1,0.8365,0.000335
DQN,small_grid,3,414,19326,-72.0,51,1,0.8361,0.000314
DQN,small_grid,3,415,19332,1.0,6,1,0.836,0.000496
DQN,small_grid,3,416,19356,-41.0,24,1,0.8358,0.000403
DQN,small_grid,3,417,19357,10.0,1,1,0.8358,0.000484
DQN,small_grid,3,418,19397,-85.0,40,1,0.8355,0.000388
DQN,small_grid,3,419,19399,9.0,2,1,0.8355,0.000363
DQN,small_grid,3,420,19430,-32.0,31,1,0.8352,0.000299
DQN,small_grid,3,421,19503,-150.0,73,1,0.8346,0.000734
DQN,small_grid,3,422,19513,-3.0,10,1,0.8345,0.002878
DQN,small_grid,3,423,19514,10.0,1,1,0.8345,0.003054
DQN,small_grid,3,424,19549,-64.0,35,1,0.8342,0.00218
DQN,small_grid,3,425,19559,-7.0,10,1,0.8341,0.00187
DQN,small_grid,3,426,19577,-19.0,18,1,0.8339,0.001669
DQN,small_grid,3,427,19584,-8.0,7,1,0.8339,0.001082
DQN,small_grid,3,428,19618,-51.0,34,1,0.8336,0.000615
DQN,small_grid,3,429,19620,9.0,2,1,0.8336,0.00039
DQN,small_grid,3,430,19629,-10.0,9,1,0.8335,0.000355
DQN,small_grid,3,431,19650,-22.0,21,1,0.8333,0.00052
DQN,small_grid,3,432,19671,-46.0,21,1,0.8331,0.000785
DQN,small_grid,3,433,19682,-20.0,11,1,0.8331,0.000559
DQN,small_grid,3,434,19733,-88.0,51,1,0.8326,0.000387
DQN,small_grid,3,435,19735,9.0,2,1,0.8326,0.000451
DQN,small_grid,3,436,19750,-12.0,15,1,0.8325,0.000639
DQN,small_grid,3,437,19785,-80.0,35,1,0.8322,0.000571
DQN,small_grid,3,438,19786,10.0,1,1,0.8322,0.000455
DQN,small_grid,3,439,19788,5.0,2,1,0.8322,0.000502
DQN,small_grid,3,440,19824,-61.0,36,1,0.8318,0.000557
DQN,small_grid,3,441,19853,-34.0,29,1,0.8316,0.000629
DQN,small_grid,3,442,19891,-87.0,38,1,0.8313,0.000499
DQN,small_grid,3,443,19898,-4.0,7,1,0.8312,0.000643
DQN,small_grid,3,444,19902,3.0,4,1,0.8312,0.000589
DQN,small_grid,3,445,19917,-16.0,15,1,0.8311,0.00085
DQN,small_grid,3,446,19982,-130.0,65,1,0.8305,0.000971
DQN,small_grid,3,447,19986,7.0,4,1,0.8305,0.00107
DQN,small_grid,3,448,20005,-24.0,19,1,0.8303,0.001714
DQN,small_grid,3,449,20009,7.0,4,1,0.8303,0.001742
DQN,small_grid,3,450,20043,-71.0,34,1,0.83,0.00118
DQN,small_grid,3,451,20052,-10.0,9,1,0.8299,0.000719
DQN,small_grid,3,452,20066,-23.0,14,1,0.8298,0.000867
DQN,small_grid,3,453,20093,-40.0,27,1,0.8296,0.000646
DQN,small_grid,3,454,20276,-400.0,183,1,0.828,0.000555
DQN,small_grid,3,455,20331,-128.0,55,1,0.8275,0.000377
DQN,small_grid,3,456,20401,-139.0,70,1,0.827,0.000627
DQN,small_grid,3,457,20455,-103.0,54,1,0.8265,0.00174
DQN,small_grid,3,458,20457,9.0,2,1,0.8265,0.002462
DQN,small_grid,3,459,20485,-41.0,28,1,0.8262,0.003495
DQN,small_grid,3,460,20490,6.0,5,1,0.8262,0.004539
DQN,small_grid,3,461,20514,-37.0,24,1,0.826,0.008176
DQN,small_grid,3,462,20580,-131.0,66,1,0.8254,0.003091
DQN,small_grid,3,463,20582,9.0,2,1,0.8254,0.001355
DQN,small_grid,3,464,20612,-63.0,30,1,0.8252,0.001713
DQN,small_grid,3,465,20614,9.0,2,1,0.8251,0.001766
DQN,small_grid,3,466,20626,-9.0,12,1,0.825,0.001054
DQN,small_grid,3,467,20665,-60.0,39,1,0.8247,0.000634
DQN,small_grid,3,468,20678,-14.0,13,1,0.8246,0.000508
DQN,small_grid,3,469,20706,-69.0,28,1,0.8244,0.000347
DQN,small_grid,3,470,20709,8.0,3,1,0.8243,0.000326
DQN,small_grid,3,471,20716,-4.0,7,1,0.8243,0.000306
DQN,small_grid,3,472,20747,-48.0,31,1,0.824,0.000247
DQN,small_grid,3,473,20771,-37.0,24,1,0.8238,0.000181
DQN,small_grid,3,474,20823,-121.0,52,1,0.8234,0.00021
DQN,small_grid,3,475,20853,-39.0,30,1,0.8231,0.000211
DQN,small_grid,3,476,20871,-19.0,18,1,0.823,0.000228
DQN,small_grid,3,477,20880,-10.0,9,1,0.8229,0.000178
DQN,small_grid,3,478,20882,9.0,2,1,0.8229,0.000136
DQN,small_grid,3,479,20916,-47.0,34,1,0.8226,0.000137
DQN,small_grid,3,480,20952,-85.0,36,1,0.8223,9.6e-05
DQN,small_grid,3,481,21020,-145.0,68,1,0.8217,0.002991
DQN,small_grid,3,482,21102,-171.0,82,1,0.821,0.007782
DQN,small_grid,3,483,21137,-72.0,35,1,0.8207,0.002925
DQN,small_grid,3,484,21141,-1.0,4,1,0.8207,0.003493
DQN,small_grid,3,485,21214,-142.0,73,1,0.8201,0.001336
DQN,small_grid,3,486,21222,-5.0,8,1,0.82,0.000649
DQN,small_grid,3,487,21225,8.0,3,1,0.82,0.00062
DQN,small_grid,3,488,21329,-229.0,104,1,0.8191,0.000282
DQN,small_grid,3,489,21354,-34.0,25,1,0.8189,0.000114
DQN,small_grid,3,490,21400,-75.0,46,1,0.8185,0.000142
DQN,small_grid,3,491,21405,-2.0,5,1,0.8184,9.7e-05
DQN,small_grid,3,492,21407,9.0,2,1,0.8184,6.6e-05
DQN,small_grid,3,493,21430,-52.0,23,1,0.8182,9.2e-05
DQN,small_grid,3,494,21449,-24.0,19,1,0.8181,5.9e-05
DQN,small_grid,3,495,21454,6.0,5,1,0.818,0.000155
DQN,small_grid,3,496,21496,-99.0,42,1,0.8177,9.1e-05
DQN,small_grid,3,497,21538,-75.0,42,1,0.8173,0.003643
DQN,small_grid,3,498,21700,-359.0,162,1,0.8159,0.001115
DQN,small_grid,3,499,21705,6.0,5,1,0.8159,0.000447
DQN,small_grid,3,500,21739,-35.0,34,1,0.8156,0.000255
DQN,small_grid,3,501,21745,5.0,6,1,0.8156,0.000243
DQN,small_grid,3,502,21748,8.0,3,1,0.8155,0.000201
DQN,small_grid,3,503,21779,-52.0,31,1,0.8153,0.000187
DQN,small_grid,3,504,21806,-44.0,27,1,0.815,0.000148
DQN,small_grid,3,505,21885,-176.0,79,1,0.8144,0.000122
DQN,small_grid,3,506,21909,-37.0,24,1,0.8142,0.000113
DQN,small_grid,3,507,21967,-111.0,58,1,0.8137,7.5e-05
DQN,small_grid,3,508,22020,-82.0,53,1,0.8132,0.001483
DQN,small_grid,3,509,22029,-2.0,9,1,0.8131,0.003177
DQN,small_grid,3,510,22031,9.0,2,1,0.8131,0.003407
DQN,small_grid,3,511,22032,10.0,1,1,0.8131,0.002229
DQN,small_grid,3,512,22109,-182.0,77,1,0.8125,0.004638
DQN,small_grid,3,513,22159,-95.0,50,1,0.812,0.001991
DQN,small_grid,3,514,22161,9.0,2,1,0.812,0.000779
DQN,small_grid,3,515,22220,-112.0,59,1,0.8115,0.000553
DQN,small_grid,3,516,22221,10.0,1,1,0.8115,0.00028
DQN,small_grid,3,517,22237,-21.0,16,1,0.8114,0.00036
DQN,small_grid,3,518,22281,-69.0,44,1,0.811,0.000349
DQN,small_grid,3,519,22288,0.0,7,1,0.811,0.000316
DQN,small_grid,3,520,22307,-28.0,19,1,0.8108,0.000256
DQN,small_grid,3,521,22334,-44.0,27,1,0.8106,0.00016
DQN,small_grid,3,522,22341,-4.0,7,1,0.8105,0.000132
DQN,small_grid,3,523,22358,-26.0,17,1,0.8104,0.000108
DQN,small_grid,3,524,22398,-85.0,40,1,0.81,6.9e-05
DQN,small_grid,3,525,22410,-21.0,12,1,0.8099,6.5e-05
DQN,small_grid,3,526,22427,-30.0,17,1,0.8098,9.8e-05
DQN,small_grid,3,527,22478,-116.0,51,1,0.8093,0.000139
DQN,small_grid,3,528,22480,9.0,2,1,0.8093,0.000195
DQN,small_grid,3,529,22570,-179.0,90,1,0.8086,0.003391
DQN,small_grid,3,530,22582,-17.0,12,1,0.8085,0.005125
DQN,small_grid,3,531,22591,-10.0,9,1,0.8084,0.003737
DQN,small_grid,3,532,22602,-12.0,11,1,0.8083,0.003496
DQN,small_grid,3,533,22624,-47.0,22,1,0.8081,0.001897
DQN,small_grid,3,534,22640,-29.0,16,1,0.808,0.001183
DQN,small_grid,3,535,22683,-92.0,43,1,0.8076,0.000578
DQN,small_grid,3,536,22709,-31.0,26,1,0.8074,0.000275
DQN,small_grid,3,537,22725,-17.0,16,1,0.8072,0.000239
DQN,small_grid,3,538,22764,-60.0,39,1,0.8069,0.000197
DQN,small_grid,3,539,22772,-1.0,8,1,0.8068,0.000155
DQN,small_grid,3,540,22774,9.0,2,1,0.8068,0.000214
DQN,small_grid,3,541,22786,-13.0,12,1,0.8067,0.000201
DQN,small_grid,3,542,22805,-28.0,19,1,0.8066,0.000142
DQN,small_grid,3,543,22818,-10.0,13,1,0.8065,0.000108
DQN,small_grid,3,544,22834,-29.0,16,1,0.8063,0.000117
DQN,small_grid,3,545,22842,-9.0,8,1,0.8063,0.00012
DQN,small_grid,3,546,22850,-5.0,8,1,0.8062,0.00011
DQN,small_grid,3,547,22869,-48.0,19,1,0.806,0.000154
DQN,small_grid,3,548,22896,-36.0,27,1,0.8058,0.000115
DQN,small_grid,3,549,22916,-33.0,20,1,0.8056,0.000157
DQN,small_grid,3,550,22994,-155.0,78,1,0.805,0.000133
DQN,small_grid,3,551,23018,-41.0,24,1,0.8048,0.001469
DQN,small_grid,3,552,23039,-26.0,21,1,0.8046,0.001306
DQN,small_grid,3,553,23050,-12.0,11,1,0.8045,0.001183
DQN,small_grid,3,554,23055,2.0,5,1,0.8044,0.001049
DQN,small_grid,3,555,23065,-15.0,10,1,0.8044,0.000959
DQN,small_grid,3,556,23084,-20.0,19,1,0.8042,0.000694
DQN,small_grid,3,557,23091,-8.0,7,1,0.8041,0.000535
DQN,small_grid,3,558,23104,-30.0,13,1,0.804,0.000741
DQN,small_grid,3,559,23107,8.0,3,1,0.804,0.000725
DQN,small_grid,3,560,23133,-47.0,26,1,0.8038,0.000595
DQN,small_grid,3,561,23140,4.0,7,1,0.8037,0.000495
DQN,small_grid,3,562,23171,-52.0,31,1,0.8035,0.000613
DQN,small_grid,3,563,23232,-90.0,61,1,0.8029,0.000339
DQN,small_grid,3,564,23327,-188.0,95,1,0.8021,0.000171
DQN,small_grid,3,565,23328,10.0,1,1,0.8021,0.000408
DQN,small_grid,3,566,23367,-44.0,39,1,0.8018,0.000186
DQN,small_grid,3,567,23435,-125.0,68,1,0.8012,0.000288
DQN,small_grid,3,568,23439,7.0,4,1,0.8012,0.000204
DQN,small_grid,3,569,23455,-17.0,16,1,0.8011,0.000247
DQN,small_grid,3,570,23460,-2.0,5,1,0.801,0.000329
DQN,small_grid,3,571,23499,-64.0,39,1,0.8007,0.000512
DQN,small_grid,3,572,23561,-107.0,62,1,0.8002,0.001637
DQN,small_grid,3,573,23584,-40.0,23,1,0.8,0.00116
DQN,small_grid,3,574,23608,-33.0,24,1,0.7998,0.001927
DQN,small_grid,3,575,23667,-76.0,59,1,0.7993,0.00188
DQN,small_grid,3,576,23693,-15.0,26,1,0.799,0.001827
DQN,small_grid,3,577,23732,-72.0,39,1,0.7987,0.001982
DQN,small_grid,3,578,23737,6.0,5,1,0.7987,0.001669
DQN,small_grid,3,579,23754,-22.0,17,1,0.7985,0.001268
DQN,small_grid,3,580,23792,-59.0,38,1,0.7982,0.000579
DQN,small_grid,3,581,23799,0.0,7,1,0.7981,0.000498
DQN,small_grid,3,582,23827,-49.0,28,1,0.7979,0.000347
DQN,small_grid,3,583,23869,-87.0,42,1,0.7975,0.000326
DQN,small_grid,3,584,23881,-9.0,12,1,0.7974,0.000392
DQN,small_grid,3,585,23917,-73.0,36,1,0.7971,0.000313
DQN,small_grid,3,586,23924,0.0,7,1,0.7971,0.000247
DQN,small_grid,3,587,23938,-23.0,14,1,0.797,0.000212
DQN,small_grid,3,588,23961,-40.0,23,1,0.7968,0.000159
DQN,small_grid,3,589,23986,-54.0,25,1,0.7965,0.000123
DQN,small_grid,3,590,24001,-12.0,15,1,0.7964,0.000441
DQN,small_grid,3,591,24007,-7.0,6,1,0.7964,0.002033
DQN,small_grid,3,592,24028,-30.0,21,1,0.7962,0.002781
DQN,small_grid,3,593,24044,-25.0,16,1,0.7961,0.003389
DQN,small_grid,3,594,24065,-18.0,21,1,0.7959,0.002594
DQN,small_grid,3,595,24075,-15.0,10,1,0.7958,0.002673
DQN,small_grid,3,596,24083,-1.0,8,1,0.7957,0.001942
DQN,small_grid,3,597,24134,-96.0,51,1,0.7953,0.000771
DQN,small_grid,3,598,24142,-1.0,8,1,0.7952,0.000672
DQN,small_grid,3,599,24144,9.0,2,1,0.7952,0.000469
DQN,small_grid,3,600,24233,-194.0,89,1,0.7945,0.000612
DQN,small_grid,3,601,24272,-72.0,39,1,0.7941,0.000257
DQN,small_grid,3,602,24295,-24.0,23,1,0.7939,0.000165
DQN,small_grid,3,603,24335,-77.0,40,1,0.7936,0.000249
DQN,small_grid,3,604,24397,-123.0,62,1,0.7931,0.000202
DQN,small_grid,3,605,24421,-29.0,24,1,0.7929,0.00019
DQN,small_grid,3,606,24425,7.0,4,1,0.7928,0.000153
DQN,small_grid,3,607,24455,-63.0,30,1,0.7926,0.000114
DQN,small_grid,3,608,24469,-23.0,14,1,0.7925,0.000101
DQN,small_grid,3,609,24507,-59.0,38,1,0.7921,0.000509
DQN,small_grid,3,610,24524,-22.0,17,1,0.792,0.001172
DQN,small_grid,3,611,24546,-39.0,22,1,0.7918,0.001337
DQN,small_grid,3,612,24565,-28.0,19,1,0.7916,0.001004
DQN,small_grid,3,613,24568,8.0,3,1,0.7916,0.001081
DQN,small_grid,3,614,24584,-17.0,16,1,0.7915,0.000879
DQN,small_grid,3,615,24609,-46.0,25,1,0.7913,0.000858
DQN,small_grid,3,616,24651,-63.0,42,1,0.7909,0.001287
DQN,small_grid,3,617,24681,-59.0,30,1,0.7907,0.001277
DQN,small_grid,3,618,24699,-15.0,18,1,0.7905,0.001111
DQN,small_grid,3,619,24709,-7.0,10,1,0.7904,0.000726
DQN,small_grid,3,620,24725,-17.0,16,1,0.7903,0.000714
DQN,small_grid,3,621,24729,3.0,4,1,0.7902,0.000789
DQN,small_grid,3,622,24752,-36.0,23,1,0.7901,0.001074
DQN,small_grid,3,623,24766,-19.0,14,1,0.7899,0.000808
DQN,small_grid,3,624,24772,-3.0,6,1,0.7899,0.00059
DQN,small_grid,3,625,24806,-59.0,34,1,0.7896,0.000708
DQN,small_grid,3,626,24815,-2.0,9,1,0.7895,0.000707
DQN,small_grid,3,627,24821,5.0,6,1,0.7895,0.001373
DQN,small_grid,3,628,24836,-28.0,15,1,0.7893,0.001316
DQN,small_grid,3,629,24842,5.0,6,1,0.7893,0.001008
DQN,small_grid,3,630,24852,-7.0,10,1,0.7892,0.000951
DQN,small_grid,3,631,24854,9.0,2,1,0.7892,0.000971
DQN,small_grid,3,632,24863,2.0,9,1,0.7891,0.000714
DQN,small_grid,3,633,24875,-17.0,12,1,0.789,0.000601
DQN,small_grid,3,634,24893,-31.0,18,1,0.7889,0.000415
DQN,small_grid,3,635,24956,-104.0,63,1,0.7883,0.000219
DQN,small_grid,3,636,24992,-77.0,36,1,0.788,0.000247
DQN,small_grid,3,637,25045,-94.0,53,1,0.7876,0.001552
DQN,small_grid,3,638,25061,-17.0,16,1,0.7874,0.001738
DQN,small_grid,3,639,25063,9.0,2,1,0.7874,0.001417
DQN,small_grid,3,640,25123,-121.0,60,1,0.7869,0.001844
DQN,small_grid,3,641,25128,2.0,5,1,0.7869,0.003037
DQN,small_grid,3,642,25151,-36.0,23,1,0.7867,0.001527
DQN,small_grid,3,643,25179,-61.0,28,1,0.7864,0.000954
DQN,small_grid,3,644,25182,4.0,3,1,0.7864,0.001032
DQN,small_grid,3,645,25199,-18.0,17,1,0.7863,0.000588
DQN,small_grid,3,646,25238,-76.0,39,1,0.7859,0.000572
DQN,small_grid,3,647,25254,-13.0,16,1,0.7858,0.000466
DQN,small_grid,3,648,25263,-14.0,9,1,0.7857,0.000567
DQN,small_grid,3,649,25267,3.0,4,1,0.7857,0.000512
DQN,small_grid,3,650,25279,-25.0,12,1,0.7856,0.000593
DQN,small_grid,3,651,25287,3.0,8,1,0.7855,0.000355
DQN,small_grid,3,652,25291,3.0,4,1,0.7855,0.000429
DQN,small_grid,3,653,25310,-20.0,19,1,0.7853,0.000331
DQN,small_grid,3,654,25321,-8.0,11,1,0.7852,0.000301
DQN,small_grid,3,655,25334,-18.0,13,1,0.7851,0.000282
DQN,small_grid,3,656,25357,-32.0,23,1,0.7849,0.00036
DQN,small_grid,3,657,25381,-65.0,24,1,0.7847,0.000335
DQN,small_grid,3,658,25389,-9.0,8,1,0.7846,0.000402
DQN,small_grid,3,659,25400,-12.0,11,1,0.7846,0.000392
DQN,small_grid,3,660,25431,-56.0,31,1,0.7843,0.000321
DQN,small_grid,3,661,25457,-51.0,26,1,0.7841,0.000237
DQN,small_grid,3,662,25471,-3.0,14,1,0.784,0.000169
DQN,small_grid,3,663,25505,-67.0,34,1,0.7837,0.00039
DQN,small_grid,3,664,25512,-4.0,7,1,0.7836,0.001718
DQN,small_grid,3,665,25576,-133.0,64,1,0.7831,0.002693
DQN,small_grid,3,666,25597,-46.0,21,1,0.7829,0.0011
DQN,small_grid,3,667,25613,-13.0,16,1,0.7827,0.00121
DQN,small_grid,3,668,25632,-32.0,19,1,0.7826,0.000965
DQN,small_grid,3,669,25636,3.0,4,1,0.7826,0.001421
DQN,small_grid,3,670,25657,-62.0,21,1,0.7824,0.000953
DQN,small_grid,3,671,25689,-61.0,32,1,0.7821,0.000658
DQN,small_grid,3,672,25691,5.0,2,1,0.7821,0.000349
DQN,small_grid,3,673,25698,0.0,7,1,0.782,0.000345
DQN,small_grid,3,674,25706,-1.0,8,1,0.782,0.000282
DQN,small_grid,3,675,25710,3.0,4,1,0.7819,0.000423
DQN,small_grid,3,676,25741,-44.0,31,1,0.7817,0.000361
DQN,small_grid,3,677,25768,-28.0,27,1,0.7814,0.000635
DQN,small_grid,3,678,25776,-5.0,8,1,0.7814,0.000691
DQN,small_grid,3,679,25803,-60.0,27,1,0.7811,0.001129
DQN,small_grid,3,680,25809,-3.0,6,1,0.7811,0.001016
DQN,small_grid,3,681,25814,2.0,5,1,0.781,0.000673
DQN,small_grid,3,682,25893,-168.0,79,1,0.7804,0.000632
DQN,small_grid,3,683,25901,3.0,8,1,0.7803,0.000526
DQN,small_grid,3,684,25944,-76.0,43,1,0.7799,0.001202
DQN,small_grid,3,685,25954,-11.0,10,1,0.7799,0.003821
DQN,small_grid,3,686,25955,10.0,1,1,0.7798,0.001125
DQN,small_grid,3,687,25957,9.0,2,1,0.7798,0.001892
DQN,small_grid,3,688,25966,-6.0,9,1,0.7798,0.001444
DQN,small_grid,3,689,25981,-24.0,15,1,0.7796,0.001741
DQN,small_grid,3,690,25985,-1.0,4,1,0.7796,0.002116
DQN,small_grid,3,691,26046,-118.0,61,1,0.7791,0.002243
DQN,small_grid,3,692,26057,-8.0,11,1,0.779,0.003753
DQN,small_grid,3,693,26066,-10.0,9,1,0.7789,0.002502
DQN,small_grid,3,694,26079,-14.0,13,1,0.7788,0.001707
DQN,small_grid,3,695,26088,-2.0,9,1,0.7787,0.001597
DQN,small_grid,3,696,26104,-21.0,16,1,0.7786,0.001547
DQN,small_grid,3,697,26152,-89.0,48,1,0.7782,0.001045
DQN,small_grid,3,698,26153,10.0,1,1,0.7782,0.000843
DQN,small_grid,3,699,26179,-27.0,26,1,0.7779,0.000417
DQN,small_grid,3,700,26193,-7.0,14,1,0.7778,0.000418
DQN,small_grid,3,701,26195,9.0,2,1,0.7778,0.000628
DQN,small_grid,3,702,26231,-57.0,36,1,0.7775,0.000253
DQN,small_grid,3,703,26235,-1.0,4,1,0.7775,0.000172
DQN,small_grid,3,704,26258,-36.0,23,1,0.7773,0.000136
DQN,small_grid,3,705,26268,-7.0,10,1,0.7772,7.4e-05
DQN,small_grid,3,706,26276,-1.0,8,1,0.7771,9.2e-05
DQN,small_grid,3,707,26340,-121.0,64,1,0.7766,7.6e-05
DQN,small_grid,3,708,26349,-14.0,9,1,0.7765,5.1e-05
DQN,small_grid,3,709,26354,2.0,5,1,0.7765,7.2e-05
DQN,small_grid,3,710,26363,2.0,9,1,0.7764,7e-05
DQN,small_grid,3,711,26386,-40.0,23,1,0.7762,7.2e-05
DQN,small_grid,3,712,26405,-44.0,19,1,0.776,7e-05
DQN,small_grid,3,713,26423,-23.0,18,1,0.7759,9.2e-05
DQN,small_grid,3,714,26432,-2.0,9,1,0.7758,8.9e-05
DQN,small_grid,3,715,26450,-23.0,18,1,0.7756,7.2e-05
DQN,small_grid,3,716,26453,8.0,3,1,0.7756,0.000121
DQN,small_grid,3,717,26495,-55.0,42,1,0.7753,9.4e-05
DQN,small_grid,3,718,26500,6.0,5,1,0.7752,0.000922
DQN,small_grid,3,719,26533,-50.0,33,1,0.7749,0.002263
DQN,small_grid,3,720,26538,-2.0,5,1,0.7749,0.001525
DQN,small_grid,3,721,26569,-56.0,31,1,0.7746,0.001728
DQN,small_grid,3,722,26584,-28.0,15,1,0.7745,0.001897
DQN,small_grid,3,723,26617,-74.0,33,1,0.7742,0.002126
DQN,small_grid,3,724,26634,-22.0,17,1,0.7741,0.001654
DQN,small_grid,3,725,26688,-83.0,54,1,0.7736,0.001437
DQN,small_grid,3,726,26700,-9.0,12,1,0.7735,0.001965
DQN,small_grid,3,727,26723,-32.0,23,1,0.7733,0.004
DQN,small_grid,3,728,26725,9.0,2,1,0.7733,0.005624
DQN,small_grid,3,729,26735,-19.0,10,1,0.7732,0.002791
DQN,small_grid,3,730,26736,10.0,1,1,0.7732,0.001986
DQN,small_grid,3,731,26764,-49.0,28,1,0.773,0.001518
DQN,small_grid,3,732,26775,-12.0,11,1,0.7729,0.000592
DQN,small_grid,3,733,26817,-79.0,42,1,0.7725,0.000536
DQN,small_grid,3,734,26821,-1.0,4,1,0.7725,0.008369
DQN,small_grid,3,735,26855,-67.0,34,1,0.7722,0.00099
DQN,small_grid,3,736,26886,-56.0,31,1,0.7719,0.000435
DQN,small_grid,3,737,26907,-50.0,21,1,0.7718,0.000321
DQN,small_grid,3,738,26927,-25.0,20,1,0.7716,0.000353
DQN,small_grid,3,739,26934,-8.0,7,1,0.7715,0.000411
DQN,small_grid,3,740,26974,-85.0,40,1,0.7712,0.000249
DQN,small_grid,3,741,26982,-5.0,8,1,0.7711,0.00015
DQN,small_grid,3,742,27012,-51.0,30,1,0.7709,0.000855
DQN,small_grid,3,743,27041,-50.0,29,1,0.7706,0.001126
DQN,small_grid,3,744,27079,-91.0,38,1,0.7703,0.001953
DQN,small_grid,3,745,27107,-37.0,28,1,0.7701,0.001411
DQN,small_grid,3,746,27134,-56.0,27,1,0.7698,0.000853
DQN,small_grid,3,747,27139,2.0,5,1,0.7698,0.000676
DQN,small_grid,3,748,27143,-1.0,4,1,0.7698,0.0008
DQN,small_grid,3,749,27152,-10.0,9,1,0.7697,0.000966
DQN,small_grid,3,750,27172,-33.0,20,1,0.7695,0.000544
DQN,small_grid,3,751,27194,-35.0,22,1,0.7693,0.00275
DQN,small_grid,3,752,27235,-82.0,41,1,0.769,0.001112
DQN,small_grid,3,753,27262,-48.0,27,1,0.7688,0.000683
DQN,small_grid,3,754,27263,10.0,1,1,0.7688,0.00053
DQN,small_grid,3,755,27319,-117.0,56,1,0.7683,0.000517
DQN,small_grid,3,756,27324,2.0,5,1,0.7682,0.000467
DQN,small_grid,3,757,27340,-25.0,16,1,0.7681,0.000432
DQN,small_grid,3,758,27353,-10.0,13,1,0.768,0.00037
DQN,small_grid,3,759,27359,-3.0,6,1,0.7679,0.000341
DQN,small_grid,3,760,27369,1.0,10,1,0.7679,0.000301
DQN,small_grid,3,761,27371,9.0,2,1,0.7678,0.000226
DQN,small_grid,3,762,27409,-95.0,38,1,0.7675,0.000268
DQN,small_grid,3,763,27424,-12.0,15,1,0.7674,0.000213
DQN,small_grid,3,764,27447,-56.0,23,1,0.7672,0.001249
DQN,small_grid,3,765,27453,1.0,6,1,0.7671,0.000713
DQN,small_grid,3,766,27462,-6.0,9,1,0.7671,0.000858
DQN,small_grid,3,767,27472,-11.0,10,1,0.767,0.000814
DQN,small_grid,3,768,27490,-27.0,18,1,0.7668,0.000749
DQN,small_grid,3,769,27500,-11.0,10,1,0.7667,0.000792
DQN,small_grid,3,770,27515,-16.0,15,1,0.7666,0.002226
DQN,small_grid,3,771,27519,3.0,4,1,0.7666,0.001916
DQN,small_grid,3,772,27524,2.0,5,1,0.7665,0.001563
DQN,small_grid,3,773,27536,-17.0,12,1,0.7664,0.001899
DQN,small_grid,3,774,27558,-23.0,22,1,0.7662,0.001113
DQN,small_grid,3,775,27576,-19.0,18,1,0.7661,0.00077
DQN,small_grid,3,776,27697,-230.0,121,1,0.7651,0.000951
DQN,small_grid,3,777,27699,5.0,2,1,0.7651,0.000676
DQN,small_grid,3,778,27714,-12.0,15,1,0.7649,0.000535
DQN,small_grid,3,779,27739,-42.0,25,1,0.7647,0.000445
DQN,small_grid,3,780,27749,-7.0,10,1,0.7646,0.000322
DQN,small_grid,3,781,27779,-87.0,30,1,0.7644,0.000373
DQN,small_grid,3,782,27809,-35.0,30,1,0.7641,0.000674
DQN,small_grid,3,783,27838,-42.0,29,1,0.7639,0.000963
DQN,small_grid,3,784,27892,-127.0,54,1,0.7634,0.000482
DQN,small_grid,3,785,27911,-24.0,19,1,0.7633,0.000224
DQN,small_grid,3,786,27945,-63.0,34,1,0.763,0.000166
DQN,small_grid,3,787,27951,-7.0,6,1,0.7629,0.000133
DQN,small_grid,3,788,27956,6.0,5,1,0.7629,0.000139
DQN,small_grid,3,789,27963,0.0,7,1,0.7628,0.000186
DQN,small_grid,3,790,27966,8.0,3,1,0.7628,0.00015
DQN,small_grid,3,791,27987,-26.0,21,1,0.7626,0.000219
DQN,small_grid,3,792,27999,-25.0,12,1,0.7625,0.000223
DQN,small_grid,3,793,28016,-46.0,17,1,0.7624,0.000952
DQN,small_grid,3,794,28027,-20.0,11,1,0.7623,0.000598
DQN,small_grid,3,795,28032,-6.0,5,1,0.7622,0.000548
DQN,small_grid,3,796,28037,6.0,5,1,0.7622,0.00069
DQN,small_grid,3,797,28038,10.0,1,1,0.7622,0.001076
DQN,small_grid,3,798,28047,-2.0,9,1,0.7621,0.000678
DQN,small_grid,3,799,28101,-95.0,54,1,0.7616,0.000643
DQN,small_grid,3,800,28116,-12.0,15,1,0.7615,0.000376
DuelingDQN,small_grid,3,1,42,-103.0,42,1,0.9997,
DuelingDQN,small_grid,3,2,242,-500.0,200,0,0.998,
DuelingDQN,small_grid,3,3,262,-41.0,20,1,0.9978,
DuelingDQN,small_grid,3,4,462,-532.0,200,0,0.9961,
DuelingDQN,small_grid,3,5,466,-1.0,4,1,0.9961,
DuelingDQN,small_grid,3,6,553,-192.0,87,1,0.9953,
DuelingDQN,small_grid,3,7,753,-576.0,200,0,0.9936,
DuelingDQN,small_grid,3,8,844,-216.0,91,1,0.9928,
DuelingDQN,small_grid,3,9,874,-83.0,30,1,0.9926,
DuelingDQN,small_grid,3,10,881,-4.0,7,1,0.9925,
DuelingDQN,small_grid,3,11,1012,-376.0,131,1,0.9914,1.804533
DuelingDQN,small_grid,3,12,1022,-7.0,10,1,0.9913,1.377055
DuelingDQN,small_grid,3,13,1033,-16.0,11,1,0.9912,1.19784
DuelingDQN,small_grid,3,14,1078,-78.0,45,1,0.9909,0.635531
DuelingDQN,small_grid,3,15,1081,8.0,3,1,0.9908,0.303896
DuelingDQN,small_grid,3,16,1084,8.0,3,1,0.9908,0.163321
DuelingDQN,small_grid,3,17,1284,-500.0,200,0,0.9891,0.12804
DuelingDQN,small_grid,3,18,1353,-158.0,69,1,0.9885,0.054905
DuelingDQN,small_grid,3,19,1428,-184.0,75,1,0.9879,0.033814
DuelingDQN,small_grid,3,20,1444,-37.0,16,1,0.9878,0.037399
DuelingDQN,small_grid,3,21,1484,-117.0,40,1,0.9874,0.02693
DuelingDQN,small_grid,3,22,1519,-64.0,35,1,0.9871,0.267794
DuelingDQN,small_grid,3,23,1566,-92.0,47,1,0.9867,0.297236
DuelingDQN,small_grid,3,24,1702,-349.0,136,1,0.9856,0.060123
DuelingDQN,small_grid,3,25,1784,-191.0,82,1,0.9849,0.015241
DuelingDQN,small_grid,3,26,1822,-67.0,38,1,0.9846,0.00331
DuelingDQN,small_grid,3,27,1940,-287.0,118,1,0.9836,0.007153
DuelingDQN,small_grid,3,28,1984,-97.0,44,1,0.9832,0.001706
DuelingDQN,small_grid,3,29,1990,-3.0,6,1,0.9831,0.001266
DuelingDQN,small_grid,3,30,2112,-335.0,122,1,0.9821,0.332842
DuelingDQN,small_grid,3,31,2237,-262.0,125,1,0.981,0.022305
DuelingDQN,small_grid,3,32,2384,-336.0,147,1,0.9798,0.001048
DuelingDQN,small_grid,3,33,2584,-544.0,200,0,0.9781,0.244056
DuelingDQN,small_grid,3,34,2596,-13.0,12,1,0.978,0.128877
DuelingDQN,small_grid,3,35,2618,-31.0,22,1,0.9778,0.093954
DuelingDQN,small_grid,3,36,2685,-128.0,67,1,0.9772,0.04407
DuelingDQN,small_grid,3,37,2736,-104.0,51,1,0.9768,0.01734
DuelingDQN,small_grid,3,38,2931,-548.0,195,1,0.9751,0.009197
DuelingDQN,small_grid,3,39,3003,-161.0,72,1,0.9745,0.109437
DuelingDQN,small_grid,3,40,3006,0.0,3,1,0.9745,1.821655
DuelingDQN,small_grid,3,41,3206,-448.0,200,0,0.9728,0.220239
DuelingDQN,small_grid,3,42,3297,-216.0,91,1,0.972,0.009506
DuelingDQN,small_grid,3,43,3305,-1.0,8,1,0.972,0.003264
DuelingDQN,small_grid,3,44,3422,-266.0,117,1,0.971,0.001913
DuelingDQN,small_grid,3,45,3556,-359.0,134,1,0.9698,0.356502
DuelingDQN,small_grid,3,46,3563,-4.0,7,1,0.9698,0.300529
DuelingDQN,small_grid,3,47,3564,10.0,1,1,0.9698,0.149579
DuelingDQN,small_grid,3,48,3764,-544.0,200,0,0.9681,0.062633
DuelingDQN,small_grid,3,49,3770,-3.0,6,1,0.968,0.000517
DuelingDQN,small_grid,3,50,3849,-172.0,79,1,0.9674,0.000318
DuelingDQN,small_grid,3,51,3904,-124.0,55,1,0.9669,0.000217
DuelingDQN,small_grid,3,52,4064,-377.0,160,1,0.9655,0.203739
DuelingDQN,small_grid,3,53,4065,10.0,1,1,0.9655,0.042412
DuelingDQN,small_grid,3,54,4180,-244.0,115,1,0.9646,0.005655
DuelingDQN,small_grid,3,55,4184,-1.0,4,1,0.9645,0.00053
DuelingDQN,small_grid,3,56,4330,-323.0,146,1,0.9633,0.000348
DuelingDQN,small_grid,3,57,4378,-109.0,48,1,0.9629,0.00023
DuelingDQN,small_grid,3,58,4410,-81.0,32,1,0.9626,0.0002
DuelingDQN,small_grid,3,59,4413,0.0,3,1,0.9626,0.000249
DuelingDQN,small_grid,3,60,4453,-77.0,40,1,0.9622,0.000164
DuelingDQN,small_grid,3,61,4481,-49.0,28,1,0.962,0.000152
DuelingDQN,small_grid,3,62,4531,-159.0,50,1,0.9616,0.28919
DuelingDQN,small_grid,3,63,4534,8.0,3,1,0.9616,0.2502
DuelingDQN,small_grid,3,64,4540,1.0,6,1,0.9615,0.146485
DuelingDQN,small_grid,3,65,4631,-236.0,91,1,0.9607,0.024028
DuelingDQN,small_grid,3,66,4678,-92.0,47,1,0.9603,0.000372
DuelingDQN,small_grid,3,67,4772,-219.0,94,1,0.9595,0.000175
DuelingDQN,small_grid,3,68,4900,-241.0,128,1,0.9584,0.000109
DuelingDQN,small_grid,3,69,4996,-237.0,96,1,0.9576,7.5e-05
DuelingDQN,small_grid,3,70,5005,-2.0,9,1,0.9576,0.505909
DuelingDQN,small_grid,3,71,5130,-294.0,125,1,0.9565,0.03463
DuelingDQN,small_grid,3,72,5133,8.0,3,1,0.9565,0.000253
DuelingDQN,small_grid,3,73,5150,-30.0,17,1,0.9563,0.0002
DuelingDQN,small_grid,3,74,5243,-194.0,93,1,0.9555,0.00013
DuelingDQN,small_grid,3,75,5386,-376.0,143,1,0.9543,7.2e-05
DuelingDQN,small_grid,3,76,5501,-236.0,115,1,0.9533,0.000141
DuelingDQN,small_grid,3,77,5523,-23.0,22,1,0.9532,0.001773
DuelingDQN,small_grid,3,78,5600,-182.0,77,1,0.9525,0.000159
DuelingDQN,small_grid,3,79,5623,-76.0,23,1,0.9523,4.4e-05
DuelingDQN,small_grid,3,80,5680,-130.0,57,1,0.9518,4.1e-05
DuelingDQN,small_grid,3,81,5733,-146.0,53,1,0.9514,4.5e-05
DuelingDQN,small_grid,3,82,5833,-249.0,100,1,0.9505,3.3e-05
DuelingDQN,small_grid,3,83,5923,-183.0,90,1,0.9498,3e-05
DuelingDQN,small_grid,3,84,5982,-144.0,59,1,0.9493,3.5e-05
DuelingDQN,small_grid,3,85,6018,-93.0,36,1,0.949,0.000351
DuelingDQN,small_grid,3,86,6122,-217.0,104,1,0.9481,0.000121
DuelingDQN,small_grid,3,87,6232,-259.0,110,1,0.9471,2.7e-05
DuelingDQN,small_grid,3,88,6299,-156.0,67,1,0.9466,3e-05
DuelingDQN,small_grid,3,89,6335,-81.0,36,1,0.9463,2.6e-05
DuelingDQN,small_grid,3,90,6337,9.0,2,1,0.9463,2.2e-05
DuelingDQN,small_grid,3,91,6375,-95.0,38,1,0.9459,2.7e-05
DuelingDQN,small_grid,3,92,6464,-206.0,89,1,0.9452,2.4e-05
DuelingDQN,small_grid,3,93,6531,-152.0,67,1,0.9446,0.000255
DuelingDQN,small_grid,3,94,6600,-162.0,69,1,0.944,0.000107
DuelingDQN,small_grid,3,95,6715,-224.0,115,1,0.9431,4.4e-05
DuelingDQN,small_grid,3,96,6732,-22.0,17,1,0.9429,3e-05
DuelingDQN,small_grid,3,97,6833,-286.0,101,1,0.9421,3.6e-05
DuelingDQN,small_grid,3,98,6898,-130.0,65,1,0.9415,7.4e-05
DuelingDQN,small_grid,3,99,7046,-333.0,148,1,0.9402,0.000192
DuelingDQN,small_grid,3,100,7068,-47.0,22,1,0.9401,0.00028
DuelingDQN,small_grid,3,101,7142,-159.0,74,1,0.9394,0.000428
DuelingDQN,small_grid,3,102,7150,-5.0,8,1,0.9394,0.000292
DuelingDQN,small_grid,3,103,7192,-83.0,42,1,0.939,0.000541
DuelingDQN,small_grid,3,104,7193,10.0,1,1,0.939,0.000624
DuelingDQN,small_grid,3,105,7216,-72.0,23,1,0.9388,0.000568
DuelingDQN,small_grid,3,106,7275,-116.0,59,1,0.9383,0.000787
DuelingDQN,small_grid,3,107,7332,-98.0,57,1,0.9378,0.001086
DuelingDQN,small_grid,3,108,7333,10.0,1,1,0.9378,0.001055
DuelingDQN,small_grid,3,109,7345,-21.0,12,1,0.9377,0.001143
DuelingDQN,small_grid,3,110,7412,-144.0,67,1,0.9371,0.000767
DuelingDQN,small_grid,3,111,7413,10.0,1,1,0.9371,0.000457
DuelingDQN,small_grid,3,112,7493,-185.0,80,1,0.9365,0.000671
DuelingDQN,small_grid,3,113,7533,-101.0,40,1,0.9361,0.002362
DuelingDQN,small_grid,3,114,7566,-54.0,33,1,0.9358,0.004004
DuelingDQN,small_grid,3,115,7572,1.0,6,1,0.9358,0.0047
DuelingDQN,small_grid,3,116,7576,3.0,4,1,0.9357,0.006509
DuelingDQN,small_grid,3,117,7578,9.0,2,1,0.9357,0.005523
DuelingDQN,small_grid,3,118,7648,-131.0,70,1,0.9351,0.006244
DuelingDQN,small_grid,3,119,7766,-287.0,118,1,0.9341,0.00153
DuelingDQN,small_grid,3,120,7774,-5.0,8,1,0.9341,0.000861
DuelingDQN,small_grid,3,121,7802,-57.0,28,1,0.9338,0.000427
DuelingDQN,small_grid,3,122,7811,-18.0,9,1,0.9338,0.00032
DuelingDQN,small_grid,3,123,7826,-24.0,15,1,0.9336,0.000348
DuelingDQN,small_grid,3,124,7842,-21.0,16,1,0.9335,0.000281
DuelingDQN,small_grid,3,125,7844,9.0,2,1,0.9335,0.000252
DuelingDQN,small_grid,3,126,8044,-428.0,200,0,0.9318,0.000676
DuelingDQN,small_grid,3,127,8062,-27.0,18,1,0.9316,0.004254
DuelingDQN,small_grid,3,128,8262,-424.0,200,0,0.9299,0.005161
DuelingDQN,small_grid,3,129,8362,-237.0,100,1,0.9291,0.000343
DuelingDQN,small_grid,3,130,8400,-83.0,38,1,0.9288,6e-05
DuelingDQN,small_grid,3,131,8447,-88.0,47,1,0.9284,3.8e-05
DuelingDQN,small_grid,3,132,8578,-244.0,131,1,0.9272,0.000584
DuelingDQN,small_grid,3,133,8581,8.0,3,1,0.9272,0.000451
DuelingDQN,small_grid,3,134,8701,-277.0,120,1,0.9262,0.000572
DuelingDQN,small_grid,3,135,8744,-68.0,43,1,0.9258,0.001499
DuelingDQN,small_grid,3,136,8745,10.0,1,1,0.9258,0.001634
DuelingDQN,small_grid,3,137,8804,-136.0,59,1,0.9253,0.00085
DuelingDQN,small_grid,3,138,8852,-73.0,48,1,0.9249,0.000481
DuelingDQN,small_grid,3,139,8878,-75.0,26,1,0.9247,0.000871
DuelingDQN,small_grid,3,140,8979,-210.0,101,1,0.9238,0.001014
DuelingDQN,small_grid,3,141,8996,-14.0,17,1,0.9237,0.001128
DuelingDQN,small_grid,3,142,9111,-236.0,115,1,0.9227,0.002747
DuelingDQN,small_grid,3,143,9119,-5.0,8,1,0.9227,0.001505
DuelingDQN,small_grid,3,144,9155,-61.0,36,1,0.9224,0.001583
DuelingDQN,small_grid,3,145,9241,-171.0,86,1,0.9216,0.001149
DuelingDQN,small_grid,3,146,9274,-78.0,33,1,0.9213,0.001984
DuelingDQN,small_grid,3,147,9316,-59.0,42,1,0.921,0.002162
DuelingDQN,small_grid,3,148,9401,-186.0,85,1,0.9203,0.000544
DuelingDQN,small_grid,3,149,9478,-146.0,77,1,0.9196,0.000425
DuelingDQN,small_grid,3,150,9510,-77.0,32,1,0.9193,0.002068
DuelingDQN,small_grid,3,151,9521,-12.0,11,1,0.9193,0.003646
DuelingDQN,small_grid,3,152,9558,-62.0,37,1,0.9189,0.003016
DuelingDQN,small_grid,3,153,9588,-75.0,30,1,0.9187,0.003828
DuelingDQN,small_grid,3,154,9593,-2.0,5,1,0.9186,0.002954
DuelingDQN,small_grid,3,155,9594,10.0,1,1,0.9186,0.003408
DuelingDQN,small_grid,3,156,9605,-12.0,11,1,0.9185,0.003655
DuelingDQN,small_grid,3,157,9733,-317.0,128,1,0.9175,0.001379
DuelingDQN,small_grid,3,158,9764,-56.0,31,1,0.9172,0.001223
DuelingDQN,small_grid,3,159,9783,-32.0,19,1,0.917,0.001077
DuelingDQN,small_grid,3,160,9859,-169.0,76,1,0.9164,0.000833
DuelingDQN,small_grid,3,161,9884,-50.0,25,1,0.9162,0.000643
DuelingDQN,small_grid,3,162,9967,-188.0,83,1,0.9155,0.000513
DuelingDQN,small_grid,3,163,10014,-112.0,47,1,0.9151,0.00181
DuelingDQN,small_grid,3,164,10015,10.0,1,1,0.9151,0.002192
DuelingDQN,small_grid,3,165,10042,-48.0,27,1,0.9148,0.003026
DuelingDQN,small_grid,3,166,10061,-28.0,19,1,0.9147,0.005828
DuelingDQN,small_grid,3,167,10094,-78.0,33,1,0.9144,0.006925
DuelingDQN,small_grid,3,168,10188,-187.0,94,1,0.9136,0.0025
DuelingDQN,small_grid,3,169,10194,1.0,6,1,0.9135,0.000596
DuelingDQN,small_grid,3,170,10209,-12.0,15,1,0.9134,0.000485
DuelingDQN,small_grid,3,171,10214,6.0,5,1,0.9134,0.000458
DuelingDQN,small_grid,3,172,10282,-145.0,68,1,0.9128,0.000273
DuelingDQN,small_grid,3,173,10294,-13.0,12,1,0.9127,0.000159
DuelingDQN,small_grid,3,174,10331,-102.0,37,1,0.9124,0.000175
DuelingDQN,small_grid,3,175,10487,-369.0,156,1,0.9111,0.00028
DuelingDQN,small_grid,3,176,10604,-262.0,117,1,0.9101,0.005786
DuelingDQN,small_grid,3,177,10619,-36.0,15,1,0.9099,0.007555
DuelingDQN,small_grid,3,178,10669,-79.0,50,1,0.9095,0.007454
DuelingDQN,small_grid,3,179,10682,-22.0,13,1,0.9094,0.003936
DuelingDQN,small_grid,3,180,10882,-452.0,200,0,0.9077,0.000846
DuelingDQN,small_grid,3,181,10883,10.0,1,1,0.9077,8.1e-05
DuelingDQN,small_grid,3,182,10930,-92.0,47,1,0.9073,7.1e-05
DuelingDQN,small_grid,3,183,10948,-19.0,18,1,0.9071,5.6e-05
DuelingDQN,small_grid,3,184,10987,-64.0,39,1,0.9068,5.7e-05
DuelingDQN,small_grid,3,185,10988,10.0,1,1,0.9068,3.3e-05
DuelingDQN,small_grid,3,186,11094,-215.0,106,1,0.9059,0.001457
DuelingDQN,small_grid,3,187,11097,8.0,3,1,0.9059,0.000785
DuelingDQN,small_grid,3,188,11168,-156.0,71,1,0.9053,0.000502
DuelingDQN,small_grid,3,189,11315,-324.0,147,1,0.904,0.000122
DuelingDQN,small_grid,3,190,11432,-298.0,117,1,0.903,6.7e-05
DuelingDQN,small_grid,3,191,11450,-31.0,18,1,0.9029,9.6e-05
DuelingDQN,small_grid,3,192,11648,-427.0,198,1,0.9012,0.002965
DuelingDQN,small_grid,3,193,11651,8.0,3,1,0.9012,0.00612
DuelingDQN,small_grid,3,194,11654,8.0,3,1,0.9012,0.008214
DuelingDQN,small_grid,3,195,11679,-54.0,25,1,0.9009,0.007749
DuelingDQN,small_grid,3,196,11681,9.0,2,1,0.9009,0.005828
DuelingDQN,small_grid,3,197,11685,7.0,4,1,0.9009,0.007167
DuelingDQN,small_grid,3,198,11728,-52.0,43,1,0.9005,0.008491
DuelingDQN,small_grid,3,199,11739,-12.0,11,1,0.9004,0.004428
DuelingDQN,small_grid,3,200,11758,-20.0,19,1,0.9003,0.003237
DuelingDQN,small_grid,3,201,11797,-56.0,39,1,0.8999,0.00133
DuelingDQN,small_grid,3,202,11803,-3.0,6,1,0.8999,0.001262
DuelingDQN,small_grid,3,203,11817,-31.0,14,1,0.8998,0.001729
DuelingDQN,small_grid,3,204,11966,-342.0,149,1,0.8985,0.000396
DuelingDQN,small_grid,3,205,12039,-218.0,73,1,0.8979,0.000603
DuelingDQN,small_grid,3,206,12047,-1.0,8,1,0.8978,0.000416
DuelingDQN,small_grid,3,207,12081,-63.0,34,1,0.8975,0.000461
DuelingDQN,small_grid,3,208,12098,-30.0,17,1,0.8974,0.000325
DuelingDQN,small_grid,3,209,12113,-20.0,15,1,0.8973,0.000237
DuelingDQN,small_grid,3,210,12135,-39.0,22,1,0.8971,0.000206
DuelingDQN,small_grid,3,211,12274,-308.0,139,1,0.8959,0.000137
DuelingDQN,small_grid,3,212,12290,-13.0,16,1,0.8958,0.000194
DuelingDQN,small_grid,3,213,12298,-1.0,8,1,0.8957,0.000199
DuelingDQN,small_grid,3,214,12300,9.0,2,1,0.8957,0.000162
DuelingDQN,small_grid,3,215,12335,-72.0,35,1,0.8954,0.000166
DuelingDQN,small_grid,3,216,12352,-34.0,17,1,0.8952,0.000197
DuelingDQN,small_grid,3,217,12394,-99.0,42,1,0.8949,0.000153
DuelingDQN,small_grid,3,218,12397,8.0,3,1,0.8949,0.000165
DuelingDQN,small_grid,3,219,12427,-47.0,30,1,0.8946,0.000159
DuelingDQN,small_grid,3,220,12433,1.0,6,1,0.8945,0.000198
DuelingDQN,small_grid,3,221,12444,-8.0,11,1,0.8945,0.000267
DuelingDQN,small_grid,3,222,12466,-19.0,22,1,0.8943,0.000313
DuelingDQN,small_grid,3,223,12485,-40.0,19,1,0.8941,0.000392
DuelingDQN,small_grid,3,224,12493,-1.0,8,1,0.894,0.000415
DuelingDQN,small_grid,3,225,12516,-36.0,23,1,0.8938,0.001254
DuelingDQN,small_grid,3,226,12559,-84.0,43,1,0.8935,0.002252
DuelingDQN,small_grid,3,227,12575,-13.0,16,1,0.8933,0.002522
DuelingDQN,small_grid,3,228,12593,-31.0,18,1,0.8932,0.002397
DuelingDQN,small_grid,3,229,12709,-249.0,116,1,0.8922,0.001637
DuelingDQN,small_grid,3,230,12762,-94.0,53,1,0.8918,0.001833
DuelingDQN,small_grid,3,231,12767,2.0,5,1,0.8917,0.002197
DuelingDQN,small_grid,3,232,12823,-121.0,56,1,0.8912,0.002062
DuelingDQN,small_grid,3,233,12824,10.0,1,1,0.8912,0.002306
DuelingDQN,small_grid,3,234,12828,7.0,4,1,0.8912,0.00187
DuelingDQN,small_grid,3,235,12841,-10.0,13,1,0.8911,0.002789
DuelingDQN,small_grid,3,236,12858,-26.0,17,1,0.8909,0.001856
DuelingDQN,small_grid,3,237,12887,-38.0,29,1,0.8907,0.001665
DuelingDQN,small_grid,3,238,12998,-228.0,111,1,0.8898,0.000435
DuelingDQN,small_grid,3,239,13107,-238.0,109,1,0.8888,0.002077
DuelingDQN,small_grid,3,240,13116,-10.0,9,1,0.8888,0.001469
DuelingDQN,small_grid,3,241,13132,-25.0,16,1,0.8886,0.001177
DuelingDQN,small_grid,3,242,13171,-68.0,39,1,0.8883,0.001971
DuelingDQN,small_grid,3,243,13178,0.0,7,1,0.8882,0.002177
DuelingDQN,small_grid,3,244,13218,-69.0,40,1,0.8879,0.002858
DuelingDQN,small_grid,3,245,13274,-141.0,56,1,0.8874,0.003129
DuelingDQN,small_grid,3,246,13317,-68.0,43,1,0.8871,0.001308
DuelingDQN,small_grid,3,247,13323,-3.0,6,1,0.887,0.000534
DuelingDQN,small_grid,3,248,13351,-57.0,28,1,0.8868,0.000398
DuelingDQN,small_grid,3,249,13362,-16.0,11,1,0.8867,0.000333
DuelingDQN,small_grid,3,250,13397,-60.0,35,1,0.8864,0.000285
DuelingDQN,small_grid,3,251,13490,-222.0,93,1,0.8856,0.00012
DuelingDQN,small_grid,3,252,13494,3.0,4,1,0.8856,7.6e-05
DuelingDQN,small_grid,3,253,13498,3.0,4,1,0.8855,5.6e-05
DuelingDQN,small_grid,3,254,13531,-58.0,33,1,0.8852,0.001381
DuelingDQN,small_grid,3,255,13643,-225.0,112,1,0.8843,0.000647
DuelingDQN,small_grid,3,256,13707,-113.0,64,1,0.8837,0.000359
DuelingDQN,small_grid,3,257,13733,-43.0,26,1,0.8835,0.000463
DuelingDQN,small_grid,3,258,13737,-5.0,4,1,0.8835,0.000449
DuelingDQN,small_grid,3,259,13774,-70.0,37,1,0.8832,0.000412
DuelingDQN,small_grid,3,260,13783,-6.0,9,1,0.8831,0.000431
DuelingDQN,small_grid,3,261,13791,-5.0,8,1,0.883,0.000393
DuelingDQN,small_grid,3,262,13922,-272.0,131,1,0.8819,0.000286
DuelingDQN,small_grid,3,263,13938,-29.0,16,1,0.8818,0.000529
DuelingDQN,small_grid,3,264,13971,-58.0,33,1,0.8815,0.000354
DuelingDQN,small_grid,3,265,13979,-1.0,8,1,0.8814,0.000262
DuelingDQN,small_grid,3,266,13984,6.0,5,1,0.8814,0.000248
DuelingDQN,small_grid,3,267,14015,-48.0,31,1,0.8811,0.001778
DuelingDQN,small_grid,3,268,14022,0.0,7,1,0.8811,0.003637
DuelingDQN,small_grid,3,269,14040,-23.0,18,1,0.8809,0.003372
DuelingDQN,small_grid,3,270,14099,-108.0,59,1,0.8804,0.001807
DuelingDQN,small_grid,3,271,14121,-47.0,22,1,0.8802,0.002617
DuelingDQN,small_grid,3,272,14131,-11.0,10,1,0.8801,0.002383
DuelingDQN,small_grid,3,273,14181,-83.0,50,1,0.8797,0.002395
DuelingDQN,small_grid,3,274,14281,-201.0,100,1,0.8789,0.001239
DuelingDQN,small_grid,3,275,14310,-58.0,29,1,0.8786,0.000687
DuelingDQN,small_grid,3,276,14313,8.0,3,1,0.8786,0.000684
DuelingDQN,small_grid,3,277,14315,9.0,2,1,0.8786,0.000619
DuelingDQN,small_grid,3,278,14316,10.0,1,1,0.8786,0.000755
DuelingDQN,small_grid,3,279,14327,-8.0,11,1,0.8785,0.000565
DuelingDQN,small_grid,3,280,14401,-143.0,74,1,0.8779,0.000823
DuelingDQN,small_grid,3,281,14436,-56.0,35,1,0.8776,0.000961
DuelingDQN,small_grid,3,282,14445,2.0,9,1,0.8775,0.000912
DuelingDQN,small_grid,3,283,14488,-96.0,43,1,0.8771,0.001055
DuelingDQN,small_grid,3,284,14512,-49.0,24,1,0.8769,0.00242
DuelingDQN,small_grid,3,285,14513,10.0,1,1,0.8769,0.002735
DuelingDQN,small_grid,3,286,14546,-62.0,33,1,0.8766,0.003216
DuelingDQN,small_grid,3,287,14548,9.0,2,1,0.8766,0.003031
DuelingDQN,small_grid,3,288,14573,-42.0,25,1,0.8764,0.003101
DuelingDQN,small_grid,3,289,14610,-62.0,37,1,0.8761,0.002002
DuelingDQN,small_grid,3,290,14631,-26.0,21,1,0.8759,0.001382
DuelingDQN,small_grid,3,291,14633,9.0,2,1,0.8759,0.001106
DuelingDQN,small_grid,3,292,14634,10.0,1,1,0.8759,0.001537
DuelingDQN,small_grid,3,293,14655,-22.0,21,1,0.8757,0.000819
DuelingDQN,small_grid,3,294,14668,-10.0,13,1,0.8756,0.00081
DuelingDQN,small_grid,3,295,14669,10.0,1,1,0.8756,0.000628
DuelingDQN,small_grid,3,296,14670,10.0,1,1,0.8756,0.001097
DuelingDQN,small_grid,3,297,14684,-11.0,14,1,0.8755,0.001593
DuelingDQN,small_grid,3,298,14720,-45.0,36,1,0.8752,0.001315
DuelingDQN,small_grid,3,299,14738,-43.0,18,1,0.875,0.001171
DuelingDQN,small_grid,3,300,14758,-25.0,20,1,0.8748,0.000927
DuelingDQN,small_grid,3,301,14766,-1.0,8,1,0.8748,0.000707
DuelingDQN,small_grid,3,302,14788,-43.0,22,1,0.8746,0.000761
DuelingDQN,small_grid,3,303,14807,-16.0,19,1,0.8744,0.000723
DuelingDQN,small_grid,3,304,14833,-27.0,26,1,0.8742,0.0008
DuelingDQN,small_grid,3,305,14898,-142.0,65,1,0.8736,0.000533
DuelingDQN,small_grid,3,306,14900,9.0,2,1,0.8736,0.000566
DuelingDQN,small_grid,3,307,14931,-76.0,31,1,0.8734,0.000552
DuelingDQN,small_grid,3,308,14955,-37.0,24,1,0.8732,0.000789
DuelingDQN,small_grid,3,309,14963,3.0,8,1,0.8731,0.001292
DuelingDQN,small_grid,3,310,15056,-186.0,93,1,0.8723,0.001426
DuelingDQN,small_grid,3,311,15071,-40.0,15,1,0.8722,0.001875
DuelingDQN,small_grid,3,312,15114,-72.0,43,1,0.8718,0.001776
DuelingDQN,small_grid,3,313,15200,-171.0,86,1,0.8711,0.002795
DuelingDQN,small_grid,3,314,15227,-40.0,27,1,0.8709,0.001349
DuelingDQN,small_grid,3,315,15289,-131.0,62,1,0.8703,0.000606
DuelingDQN,small_grid,3,316,15294,-2.0,5,1,0.8703,0.000512
DuelingDQN,small_grid,3,317,15306,-13.0,12,1,0.8702,0.000475
DuelingDQN,small_grid,3,318,15311,2.0,5,1,0.8701,0.000453
DuelingDQN,small_grid,3,319,15315,3.0,4,1,0.8701,0.000362
DuelingDQN,small_grid,3,320,15356,-86.0,41,1,0.8698,0.000392
DuelingDQN,small_grid,3,321,15373,-26.0,17,1,0.8696,0.000281
DuelingDQN,small_grid,3,322,15379,-3.0,6,1,0.8696,0.000235
DuelingDQN,small_grid,3,323,15424,-94.0,45,1,0.8692,0.0003
DuelingDQN,small_grid,3,324,15443,-20.0,19,1,0.869,0.000212
DuelingDQN,small_grid,3,325,15454,-16.0,11,1,0.8689,0.000203
DuelingDQN,small_grid,3,326,15460,-3.0,6,1,0.8689,0.000159
DuelingDQN,small_grid,3,327,15492,-49.0,32,1,0.8686,8.9e-05
DuelingDQN,small_grid,3,328,15524,-49.0,32,1,0.8683,0.001457
DuelingDQN,small_grid,3,329,15614,-179.0,90,1,0.8676,0.001494
DuelingDQN,small_grid,3,330,15667,-106.0,53,1,0.8671,0.001172
DuelingDQN,small_grid,3,331,15672,-2.0,5,1,0.8671,0.000679
DuelingDQN,small_grid,3,332,15682,-7.0,10,1,0.867,0.000787
DuelingDQN,small_grid,3,333,15757,-172.0,75,1,0.8664,0.000362
DuelingDQN,small_grid,3,334,15766,-14.0,9,1,0.8663,0.00043
DuelingDQN,small_grid,3,335,15787,-38.0,21,1,0.8661,0.000441
DuelingDQN,small_grid,3,336,15799,-9.0,12,1,0.866,0.000404
DuelingDQN,small_grid,3,337,15804,2.0,5,1,0.866,0.000351
DuelingDQN,small_grid,3,338,15807,4.0,3,1,0.8659,0.000314
DuelingDQN,small_grid,3,339,15853,-83.0,46,1,0.8655,0.000337
DuelingDQN,small_grid,3,340,15957,-205.0,104,1,0.8647,0.000275
DuelingDQN,small_grid,3,341,15965,-1.0,8,1,0.8646,0.0002
DuelingDQN,small_grid,3,342,16007,-95.0,42,1,0.8642,0.000855
DuelingDQN,small_grid,3,343,16061,-91.0,54,1,0.8638,0.001722
DuelingDQN,small_grid,3,344,16123,-127.0,62,1,0.8633,0.001162
DuelingDQN,small_grid,3,345,16137,-11.0,14,1,0.8631,0.000956
DuelingDQN,small_grid,3,346,16183,-95.0,46,1,0.8627,0.001005
DuelingDQN,small_grid,3,347,16186,4.0,3,1,0.8627,0.001452
DuelingDQN,small_grid,3,348,16188,5.0,2,1,0.8627,0.000833
DuelingDQN,small_grid,3,349,16197,-6.0,9,1,0.8626,0.000826
DuelingDQN,small_grid,3,350,16250,-110.0,53,1,0.8622,0.000839
DuelingDQN,small_grid,3,351,16284,-43.0,34,1,0.8619,0.000843
DuelingDQN,small_grid,3,352,16285,10.0,1,1,0.8619,0.001489
DuelingDQN,small_grid,3,353,16317,-37.0,32,1,0.8616,0.001404
DuelingDQN,small_grid,3,354,16340,-24.0,23,1,0.8614,0.001337
DuelingDQN,small_grid,3,355,16342,9.0,2,1,0.8614,0.001693
DuelingDQN,small_grid,3,356,16459,-226.0,117,1,0.8604,0.001158
DuelingDQN,small_grid,3,357,16462,4.0,3,1,0.8604,0.000489
DuelingDQN,small_grid,3,358,16484,-35.0,22,1,0.8602,0.000484
DuelingDQN,small_grid,3,359,16518,-75.0,34,1,0.8599,0.001343
DuelingDQN,small_grid,3,360,16564,-79.0,46,1,0.8595,0.001501
DuelingDQN,small_grid,3,361,16565,10.0,1,1,0.8595,0.001429
DuelingDQN,small_grid,3,362,16646,-170.0,81,1,0.8588,0.001297
DuelingDQN,small_grid,3,363,16662,-29.0,16,1,0.8587,0.00102
DuelingDQN,small_grid,3,364,16663,10.0,1,1,0.8587,0.000905
DuelingDQN,small_grid,3,365,16682,-20.0,19,1,0.8585,0.000891
DuelingDQN,small_grid,3,366,16743,-118.0,61,1,0.858,0.001477
DuelingDQN,small_grid,3,367,16746,8.0,3,1,0.858,0.001411
DuelingDQN,small_grid,3,368,16810,-129.0,64,1,0.8574,0.00112
DuelingDQN,small_grid,3,369,16844,-63.0,34,1,0.8571,0.000591
DuelingDQN,small_grid,3,370,16857,-10.0,13,1,0.857,0.000432
DuelingDQN,small_grid,3,371,16879,-23.0,22,1,0.8568,0.000321
DuelingDQN,small_grid,3,372,16927,-105.0,48,1,0.8564,0.000182
DuelingDQN,small_grid,3,373,16935,-13.0,8,1,0.8564,0.000265
DuelingDQN,small_grid,3,374,16943,-9.0,8,1,0.8563,0.000221
DuelingDQN,small_grid,3,375,16990,-88.0,47,1,0.8559,0.000321
DuelingDQN,small_grid,3,376,17027,-74.0,37,1,0.8556,0.001048
DuelingDQN,small_grid,3,377,17045,-39.0,18,1,0.8554,0.000901
DuelingDQN,small_grid,3,378,17069,-33.0,24,1,0.8552,0.000898
DuelingDQN,small_grid,3,379,17081,-21.0,12,1,0.8551,0.000902
DuelingDQN,small_grid,3,380,17135,-111.0,54,1,0.8547,0.001517
DuelingDQN,small_grid,3,381,17140,2.0,5,1,0.8546,0.002175
DuelingDQN,small_grid,3,382,17162,-39.0,22,1,0.8544,0.002004
DuelingDQN,small_grid,3,383,17173,-20.0,11,1,0.8543,0.001567
DuelingDQN,small_grid,3,384,17201,-45.0,28,1,0.8541,0.003251
DuelingDQN,small_grid,3,385,17265,-125.0,64,1,0.8536,0.001325
DuelingDQN,small_grid,3,386,17289,-49.0,24,1,0.8534,0.000637
DuelingDQN,small_grid,3,387,17297,3.0,8,1,0.8533,0.000425
DuelingDQN,small_grid,3,388,17349,-85.0,52,1,0.8529,0.000346
DuelingDQN,small_grid,3,389,17366,-34.0,17,1,0.8527,0.000262
DuelingDQN,small_grid,3,390,17403,-62.0,37,1,0.8524,0.000208
DuelingDQN,small_grid,3,391,17411,-5.0,8,1,0.8523,0.000437
DuelingDQN,small_grid,3,392,17467,-105.0,56,1,0.8519,0.000386
DuelingDQN,small_grid,3,393,17481,-19.0,14,1,0.8517,0.000207
DuelingDQN,small_grid,3,394,17553,-145.0,72,1,0.8511,0.000938
DuelingDQN,small_grid,3,395,17562,-10.0,9,1,0.851,0.001364
DuelingDQN,small_grid,3,396,17629,-176.0,67,1,0.8505,0.001082
DuelingDQN,small_grid,3,397,17661,-61.0,32,1,0.8502,0.000893
DuelingDQN,small_grid,3,398,17692,-52.0,31,1,0.8499,0.000558
DuelingDQN,small_grid,3,399,17702,-15.0,10,1,0.8499,0.000648
DuelingDQN,small_grid,3,400,17712,-23.0,10,1,0.8498,0.000722
DuelingDQN,small_grid,3,401,17753,-66.0,41,1,0.8494,0.000686
DuelingDQN,small_grid,3,402,17775,-39.0,22,1,0.8492,0.000691
DuelingDQN,small_grid,3,403,17794,-20.0,19,1,0.8491,0.000648
DuelingDQN,small_grid,3,404,17807,-30.0,13,1,0.849,0.000407
DuelingDQN,small_grid,3,405,17818,-12.0,11,1,0.8489,0.000554
DuelingDQN,small_grid,3,406,17862,-85.0,44,1,0.8485,0.00053
DuelingDQN,small_grid,3,407,17890,-65.0,28,1,0.8483,0.000696
DuelingDQN,small_grid,3,408,17919,-54.0,29,1,0.848,0.000659
DuelingDQN,small_grid,3,409,17958,-64.0,39,1,0.8477,0.000798
DuelingDQN,small_grid,3,410,18080,-247.0,122,1,0.8467,0.001259
DuelingDQN,small_grid,3,411,18082,9.0,2,1,0.8466,0.001255
DuelingDQN,small_grid,3,412,18098,-17.0,16,1,0.8465,0.001
DuelingDQN,small_grid,3,413,18222,-277.0,124,1,0.8454,0.000771
DuelingDQN,small_grid,3,414,18225,8.0,3,1,0.8454,0.001022
DuelingDQN,small_grid,3,415,18235,-11.0,10,1,0.8453,0.001459
DuelingDQN,small_grid,3,416,18259,-41.0,24,1,0.8451,0.001874
DuelingDQN,small_grid,3,417,18311,-93.0,52,1,0.8447,0.001077
DuelingDQN,small_grid,3,418,18345,-63.0,34,1,0.8444,0.000623
DuelingDQN,small_grid,3,419,18372,-68.0,27,1,0.8442,0.000739
DuelingDQN,small_grid,3,420,18460,-165.0,88,1,0.8434,0.000401
DuelingDQN,small_grid,3,421,18527,-168.0,67,1,0.8429,0.001054
DuelingDQN,small_grid,3,422,18530,8.0,3,1,0.8428,0.001368
DuelingDQN,small_grid,3,423,18533,8.0,3,1,0.8428,0.001817
DuelingDQN,small_grid,3,424,18564,-52.0,31,1,0.8425,0.003123
DuelingDQN,small_grid,3,425,18671,-236.0,107,1,0.8416,0.003227
DuelingDQN,small_grid,3,426,18715,-61.0,44,1,0.8413,0.000944
DuelingDQN,small_grid,3,427,18736,-22.0,21,1,0.8411,0.000471
DuelingDQN,small_grid,3,428,18847,-244.0,111,1,0.8401,0.000326
DuelingDQN,small_grid,3,429,18862,-16.0,15,1,0.84,0.000398
DuelingDQN,small_grid,3,430,18865,4.0,3,1,0.84,0.000261
DuelingDQN,small_grid,3,431,18900,-44.0,35,1,0.8397,0.000192
DuelingDQN,small_grid,3,432,18905,2.0,5,1,0.8397,0.000132
DuelingDQN,small_grid,3,433,18961,-93.0,56,1,0.8392,0.000167
DuelingDQN,small_grid,3,434,19000,-68.0,39,1,0.8388,0.000238
DuelingDQN,small_grid,3,435,19006,-3.0,6,1,0.8388,0.002579
DuelingDQN,small_grid,3,436,19056,-83.0,50,1,0.8384,0.002363
DuelingDQN,small_grid,3,437,19095,-84.0,39,1,0.838,0.005187
DuelingDQN,small_grid,3,438,19096,10.0,1,1,0.838,0.005808
DuelingDQN,small_grid,3,439,19182,-167.0,86,1,0.8373,0.003341
DuelingDQN,small_grid,3,440,19191,-6.0,9,1,0.8372,0.000978
DuelingDQN,small_grid,3,441,19217,-35.0,26,1,0.837,0.000657
DuelingDQN,small_grid,3,442,19318,-226.0,101,1,0.8362,0.000123
DuelingDQN,small_grid,3,443,19346,-69.0,28,1,0.8359,1.3e-05
DuelingDQN,small_grid,3,444,19360,-23.0,14,1,0.8358,1.5e-05
DuelingDQN,small_grid,3,445,19402,-87.0,42,1,0.8354,1.2e-05
DuelingDQN,small_grid,3,446,19425,-40.0,23,1,0.8352,7e-06
DuelingDQN,small_grid,3,447,19436,-12.0,11,1,0.8351,7e-06
DuelingDQN,small_grid,3,448,19505,-130.0,69,1,0.8346,0.000213
DuelingDQN,small_grid,3,449,19515,-7.0,10,1,0.8345,0.001824
DuelingDQN,small_grid,3,450,19642,-240.0,127,1,0.8334,0.000618
DuelingDQN,small_grid,3,451,19646,7.0,4,1,0.8334,0.000108
DuelingDQN,small_grid,3,452,19746,-253.0,100,1,0.8325,6.7e-05
DuelingDQN,small_grid,3,453,19873,-268.0,127,1,0.8314,3.1e-05
DuelingDQN,small_grid,3,454,19879,-3.0,6,1,0.8314,2.6e-05
DuelingDQN,small_grid,3,455,19959,-189.0,80,1,0.8307,1.6e-05
DuelingDQN,small_grid,3,456,19970,-12.0,11,1,0.8306,1.7e-05
DuelingDQN,small_grid,3,457,19977,4.0,7,1,0.8306,2e-05
DuelingDQN,small_grid,3,458,20005,-41.0,28,1,0.8303,0.000375
DuelingDQN,small_grid,3,459,20077,-157.0,72,1,0.8297,0.001965
DuelingDQN,small_grid,3,460,20082,6.0,5,1,0.8297,0.002915
DuelingDQN,small_grid,3,461,20098,-21.0,16,1,0.8295,0.002295
DuelingDQN,small_grid,3,462,20099,10.0,1,1,0.8295,0.001478
DuelingDQN,small_grid,3,463,20108,-10.0,9,1,0.8294,0.001298
DuelingDQN,small_grid,3,464,20132,-49.0,24,1,0.8292,0.001857
DuelingDQN,small_grid,3,465,20136,-1.0,4,1,0.8292,0.002234
DuelingDQN,small_grid,3,466,20169,-58.0,33,1,0.8289,0.001775
DuelingDQN,small_grid,3,467,20176,-4.0,7,1,0.8289,0.002226
DuelingDQN,small_grid,3,468,20205,-46.0,29,1,0.8286,0.001699
DuelingDQN,small_grid,3,469,20235,-55.0,30,1,0.8284,0.002012
DuelingDQN,small_grid,3,470,20236,10.0,1,1,0.8284,0.001242
DuelingDQN,small_grid,3,471,20270,-75.0,34,1,0.8281,0.001752
DuelingDQN,small_grid,3,472,20279,-10.0,9,1,0.828,0.001298
DuelingDQN,small_grid,3,473,20357,-147.0,78,1,0.8273,0.000739
DuelingDQN,small_grid,3,474,20379,-43.0,22,1,0.8272,0.000235
DuelingDQN,small_grid,3,475,20386,-4.0,7,1,0.8271,0.000242
DuelingDQN,small_grid,3,476,20454,-141.0,68,1,0.8265,0.000159
DuelingDQN,small_grid,3,477,20472,-47.0,18,1,0.8264,0.000107
DuelingDQN,small_grid,3,478,20475,4.0,3,1,0.8263,0.000122
DuelingDQN,small_grid,3,479,20531,-117.0,56,1,0.8259,0.000421
DuelingDQN,small_grid,3,480,20551,-21.0,20,1,0.8257,0.000765
DuelingDQN,small_grid,3,481,20578,-68.0,27,1,0.8255,0.000771
DuelingDQN,small_grid,3,482,20630,-93.0,52,1,0.825,0.000998
DuelingDQN,small_grid,3,483,20644,-23.0,14,1,0.8249,0.00055
DuelingDQN,small_grid,3,484,20662,-39.0,18,1,0.8248,0.000408
DuelingDQN,small_grid,3,485,20669,-4.0,7,1,0.8247,0.000381
DuelingDQN,small_grid,3,486,20716,-104.0,47,1,0.8243,0.000251
DuelingDQN,small_grid,3,487,20727,-8.0,11,1,0.8242,0.000301
DuelingDQN,small_grid,3,488,20801,-151.0,74,1,0.8236,0.000247
DuelingDQN,small_grid,3,489,20828,-52.0,27,1,0.8233,0.00014
DuelingDQN,small_grid,3,490,20842,-19.0,14,1,0.8232,0.000138
DuelingDQN,small_grid,3,491,20844,5.0,2,1,0.8232,0.000199
DuelingDQN,small_grid,3,492,20855,-20.0,11,1,0.8231,0.000152
DuelingDQN,small_grid,3,493,20859,3.0,4,1,0.8231,9.2e-05
DuelingDQN,small_grid,3,494,20866,-4.0,7,1,0.823,7.6e-05
DuelingDQN,small_grid,3,495,20885,-32.0,19,1,0.8229,7.4e-05
DuelingDQN,small_grid,3,496,20920,-56.0,35,1,0.8226,9.1e-05
DuelingDQN,small_grid,3,497,20937,-30.0,17,1,0.8224,8.1e-05
DuelingDQN,small_grid,3,498,20954,-26.0,17,1,0.8223,5.8e-05
DuelingDQN,small_grid,3,499,20986,-57.0,32,1,0.822,6.7e-05
DuelingDQN,small_grid,3,500,20989,8.0,3,1,0.822,8e-05
DuelingDQN,small_grid,3,501,21027,-51.0,38,1,0.8217,0.000345
DuelingDQN,small_grid,3,502,21075,-89.0,48,1,0.8212,0.000823
DuelingDQN,small_grid,3,503,21077,5.0,2,1,0.8212,0.001677
DuelingDQN,small_grid,3,504,21118,-58.0,41,1,0.8209,0.002616
DuelingDQN,small_grid,3,505,21142,-37.0,24,1,0.8207,0.002734
DuelingDQN,small_grid,3,506,21169,-60.0,27,1,0.8205,0.00219
DuelingDQN,small_grid,3,507,21176,0.0,7,1,0.8204,0.001144
DuelingDQN,small_grid,3,508,21275,-216.0,99,1,0.8196,0.000457
DuelingDQN,small_grid,3,509,21349,-143.0,74,1,0.8189,0.000121
DuelingDQN,small_grid,3,510,21357,-5.0,8,1,0.8189,6e-05
DuelingDQN,small_grid,3,511,21358,10.0,1,1,0.8188,3.9e-05
DuelingDQN,small_grid,3,512,21480,-303.0,122,1,0.8178,4.4e-05
DuelingDQN,small_grid,3,513,21533,-126.0,53,1,0.8174,0.000247
DuelingDQN,small_grid,3,514,21535,9.0,2,1,0.8173,0.00033
DuelingDQN,small_grid,3,515,21548,-18.0,13,1,0.8172,0.000256
DuelingDQN,small_grid,3,516,21549,10.0,1,1,0.8172,0.000225
DuelingDQN,small_grid,3,517,21552,4.0,3,1,0.8172,0.000216
DuelingDQN,small_grid,3,518,21580,-45.0,28,1,0.817,0.000314
DuelingDQN,small_grid,3,519,21593,-14.0,13,1,0.8169,0.000283
DuelingDQN,small_grid,3,520,21615,-35.0,22,1,0.8167,0.000284
DuelingDQN,small_grid,3,521,21620,-6.0,5,1,0.8166,0.00022
DuelingDQN,small_grid,3,522,21628,-1.0,8,1,0.8166,0.000209
DuelingDQN,small_grid,3,523,21665,-78.0,37,1,0.8162,0.000363
DuelingDQN,small_grid,3,524,21686,-38.0,21,1,0.8161,0.00084
DuelingDQN,small_grid,3,525,21695,-6.0,9,1,0.816,0.001254
DuelingDQN,small_grid,3,526,21698,0.0,3,1,0.816,0.001464
DuelingDQN,small_grid,3,527,21710,-17.0,12,1,0.8159,0.001983
DuelingDQN,small_grid,3,528,21714,-1.0,4,1,0.8158,0.003361
DuelingDQN,small_grid,3,529,21760,-79.0,46,1,0.8154,0.002437
DuelingDQN,small_grid,3,530,21771,-12.0,11,1,0.8153,0.001683
DuelingDQN,small_grid,3,531,21795,-29.0,24,1,0.8151,0.001812
DuelingDQN,small_grid,3,532,21807,-1.0,12,1,0.815,0.001636
DuelingDQN,small_grid,3,533,21868,-106.0,61,1,0.8145,0.001157
DuelingDQN,small_grid,3,534,21991,-268.0,123,1,0.8135,0.000858
DuelingDQN,small_grid,3,535,22012,-38.0,21,1,0.8133,0.001413
DuelingDQN,small_grid,3,536,22030,-23.0,18,1,0.8131,0.002191
DuelingDQN,small_grid,3,537,22083,-98.0,53,1,0.8127,0.002223
DuelingDQN,small_grid,3,538,22114,-44.0,31,1,0.8124,0.004519
DuelingDQN,small_grid,3,539,22124,-11.0,10,1,0.8123,0.003779
DuelingDQN,small_grid,3,540,22126,9.0,2,1,0.8123,0.002832
DuelingDQN,small_grid,3,541,22160,-75.0,34,1,0.812,0.001651
DuelingDQN,small_grid,3,542,22194,-55.0,34,1,0.8118,0.000492
DuelingDQN,small_grid,3,543,22236,-67.0,42,1,0.8114,0.000197
DuelingDQN,small_grid,3,544,22305,-102.0,69,1,0.8108,3.3e-05
DuelingDQN,small_grid,3,545,22306,10.0,1,1,0.8108,2.6e-05
DuelingDQN,small_grid,3,546,22339,-58.0,33,1,0.8105,3.8e-05
DuelingDQN,small_grid,3,547,22349,-11.0,10,1,0.8104,5.9e-05
DuelingDQN,small_grid,3,548,22448,-228.0,99,1,0.8096,7.2e-05
DuelingDQN,small_grid,3,549,22457,-10.0,9,1,0.8095,3e-05
DuelingDQN,small_grid,3,550,22486,-54.0,29,1,0.8093,2e-05
DuelingDQN,small_grid,3,551,22490,3.0,4,1,0.8092,1.5e-05
DuelingDQN,small_grid,3,552,22502,-5.0,12,1,0.8091,0.000306
DuelingDQN,small_grid,3,553,22509,0.0,7,1,0.8091,0.000752
DuelingDQN,small_grid,3,554,22511,9.0,2,1,0.8091,0.000975
DuelingDQN,small_grid,3,555,22547,-65.0,36,1,0.8088,0.000809
DuelingDQN,small_grid,3,556,22593,-123.0,46,1,0.8084,0.000575
DuelingDQN,small_grid,3,557,22596,4.0,3,1,0.8083,0.000365
DuelingDQN,small_grid,3,558,22624,-49.0,28,1,0.8081,0.000311
DuelingDQN,small_grid,3,559,22683,-104.0,59,1,0.8076,0.000467
DuelingDQN,small_grid,3,560,22695,-17.0,12,1,0.8075,0.00026
DuelingDQN,small_grid,3,561,22725,-63.0,30,1,0.8073,0.000231
DuelingDQN,small_grid,3,562,22732,-4.0,7,1,0.8072,0.000214
DuelingDQN,small_grid,3,563,22752,-37.0,20,1,0.807,0.000265
DuelingDQN,small_grid,3,564,22783,-52.0,31,1,0.8068,0.000365
DuelingDQN,small_grid,3,565,22784,10.0,1,1,0.8068,0.000164
DuelingDQN,small_grid,3,566,22792,-9.0,8,1,0.8067,0.000184
DuelingDQN,small_grid,3,567,22846,-119.0,54,1,0.8062,0.000115
DuelingDQN,small_grid,3,568,22848,9.0,2,1,0.8062,0.000125
DuelingDQN,small_grid,3,569,22858,-3.0,10,1,0.8061,0.000117
DuelingDQN,small_grid,3,570,22862,3.0,4,1,0.8061,8.5e-05
DuelingDQN,small_grid,3,571,22869,0.0,7,1,0.806,8e-05
DuelingDQN,small_grid,3,572,22968,-212.0,99,1,0.8052,0.000226
DuelingDQN,small_grid,3,573,22982,-27.0,14,1,0.8051,0.000284
DuelingDQN,small_grid,3,574,23004,-23.0,22,1,0.8049,0.000401
DuelingDQN,small_grid,3,575,23025,-46.0,21,1,0.8047,0.000416
DuelingDQN,small_grid,3,576,23042,-34.0,17,1,0.8046,0.000398
DuelingDQN,small_grid,3,577,23121,-184.0,79,1,0.8039,0.000641
DuelingDQN,small_grid,3,578,23133,-13.0,12,1,0.8038,0.000953
DuelingDQN,small_grid,3,579,23154,-42.0,21,1,0.8036,0.001068
DuelingDQN,small_grid,3,580,23233,-216.0,79,1,0.8029,0.001642
DuelingDQN,small_grid,3,581,23235,9.0,2,1,0.8029,0.001589
DuelingDQN,small_grid,3,582,23270,-52.0,35,1,0.8026,0.001815
DuelingDQN,small_grid,3,583,23298,-49.0,28,1,0.8024,0.001617
DuelingDQN,small_grid,3,584,23306,3.0,8,1,0.8023,0.00218
DuelingDQN,small_grid,3,585,23377,-120.0,71,1,0.8017,0.001649
DuelingDQN,small_grid,3,586,23407,-75.0,30,1,0.8015,0.000589
DuelingDQN,small_grid,3,587,23427,-37.0,20,1,0.8013,0.000283
DuelingDQN,small_grid,3,588,23460,-58.0,33,1,0.801,0.000215
DuelingDQN,small_grid,3,589,23585,-282.0,125,1,0.8,0.000396
DuelingDQN,small_grid,3,590,23611,-59.0,26,1,0.7997,0.000143
DuelingDQN,small_grid,3,591,23685,-155.0,74,1,0.7991,8.9e-05
DuelingDQN,small_grid,3,592,23702,-26.0,17,1,0.799,6.5e-05
DuelingDQN,small_grid,3,593,23712,-3.0,10,1,0.7989,6.3e-05
DuelingDQN,small_grid,3,594,23745,-70.0,33,1,0.7986,6.9e-05
DuelingDQN,small_grid,3,595,23768,-32.0,23,1,0.7984,3.6e-05
DuelingDQN,small_grid,3,596,23779,-8.0,11,1,0.7983,2.2e-05
DuelingDQN,small_grid,3,597,23790,-8.0,11,1,0.7982,2.3e-05
DuelingDQN,small_grid,3,598,23801,-16.0,11,1,0.7981,2.1e-05
DuelingDQN,small_grid,3,599,23803,9.0,2,1,0.7981,2.3e-05
DuelingDQN,small_grid,3,600,23817,-19.0,14,1,0.798,2.9e-05
DuelingDQN,small_grid,3,601,23830,-14.0,13,1,0.7979,5.3e-05
DuelingDQN,small_grid,3,602,23879,-106.0,49,1,0.7975,6.9e-05
DuelingDQN,small_grid,3,603,23915,-73.0,36,1,0.7972,7.7e-05
DuelingDQN,small_grid,3,604,23943,-65.0,28,1,0.7969,0.000116
DuelingDQN,small_grid,3,605,23966,-32.0,23,1,0.7967,0.00012
DuelingDQN,small_grid,3,606,23969,4.0,3,1,0.7967,0.000133
DuelingDQN,small_grid,3,607,24003,-59.0,34,1,0.7964,0.000246
DuelingDQN,small_grid,3,608,24158,-280.0,155,1,0.7951,0.001991
DuelingDQN,small_grid,3,609,24197,-88.0,39,1,0.7948,0.001053
DuelingDQN,small_grid,3,610,24220,-52.0,23,1,0.7946,0.00079
DuelingDQN,small_grid,3,611,24244,-41.0,24,1,0.7944,0.00043
DuelingDQN,small_grid,3,612,24287,-84.0,43,1,0.794,0.000301
DuelingDQN,small_grid,3,613,24294,-4.0,7,1,0.7939,0.000163
DuelingDQN,small_grid,3,614,24316,-23.0,22,1,0.7938,0.000166
DuelingDQN,small_grid,3,615,24339,-44.0,23,1,0.7936,0.000194
DuelingDQN,small_grid,3,616,24414,-196.0,75,1,0.7929,0.000204
DuelingDQN,small_grid,3,617,24418,7.0,4,1,0.7929,0.000265
DuelingDQN,small_grid,3,618,24425,-8.0,7,1,0.7928,0.000177
DuelingDQN,small_grid,3,619,24433,3.0,8,1,0.7928,0.000145
DuelingDQN,small_grid,3,620,24436,8.0,3,1,0.7927,0.000162
DuelingDQN,small_grid,3,621,24468,-57.0,32,1,0.7925,0.000131
DuelingDQN,small_grid,3,622,24496,-53.0,28,1,0.7922,0.000137
DuelingDQN,small_grid,3,623,24521,-50.0,25,1,0.792,0.000544
DuelingDQN,small_grid,3,624,24528,0.0,7,1,0.792,0.00071
DuelingDQN,small_grid,3,625,24558,-39.0,30,1,0.7917,0.000642
DuelingDQN,small_grid,3,626,24567,-10.0,9,1,0.7916,0.001002
DuelingDQN,small_grid,3,627,24580,-30.0,13,1,0.7915,0.000775
DuelingDQN,small_grid,3,628,24601,-18.0,21,1,0.7913,0.001165
DuelingDQN,small_grid,3,629,24603,9.0,2,1,0.7913,0.002232
DuelingDQN,small_grid,3,630,24625,-43.0,22,1,0.7911,0.003149
DuelingDQN,small_grid,3,631,24631,5.0,6,1,0.7911,0.002423
DuelingDQN,small_grid,3,632,24652,-34.0,21,1,0.7909,0.003672
DuelingDQN,small_grid,3,633,24707,-88.0,55,1,0.7904,0.003236
DuelingDQN,small_grid,3,634,24785,-155.0,78,1,0.7898,0.001993
DuelingDQN,small_grid,3,635,24831,-99.0,46,1,0.7894,0.000511
DuelingDQN,small_grid,3,636,24855,-49.0,24,1,0.7892,0.000381
DuelingDQN,small_grid,3,637,24869,-27.0,14,1,0.7891,0.000248
DuelingDQN,small_grid,3,638,24896,-24.0,27,1,0.7888,0.000205
DuelingDQN,small_grid,3,639,24898,9.0,2,1,0.7888,0.000143
DuelingDQN,small_grid,3,640,24904,5.0,6,1,0.7888,0.000162
DuelingDQN,small_grid,3,641,24923,-28.0,19,1,0.7886,0.00016
DuelingDQN,small_grid,3,642,24931,-1.0,8,1,0.7885,0.00014
DuelingDQN,small_grid,3,643,25009,-143.0,78,1,0.7879,0.00035
DuelingDQN,small_grid,3,644,25011,9.0,2,1,0.7879,0.000435
DuelingDQN,small_grid,3,645,25034,-24.0,23,1,0.7877,0.000389
DuelingDQN,small_grid,3,646,25092,-91.0,58,1,0.7872,0.000249
DuelingDQN,small_grid,3,647,25098,-3.0,6,1,0.7871,0.000182
DuelingDQN,small_grid,3,648,25103,6.0,5,1,0.7871,0.000196
DuelingDQN,small_grid,3,649,25111,-1.0,8,1,0.787,0.000192
DuelingDQN,small_grid,3,650,25126,-16.0,15,1,0.7869,0.000146
DuelingDQN,small_grid,3,651,25185,-92.0,59,1,0.7864,0.000167
DuelingDQN,small_grid,3,652,25186,10.0,1,1,0.7864,0.000134
DuelingDQN,small_grid,3,653,25254,-121.0,68,1,0.7858,7.2e-05
DuelingDQN,small_grid,3,654,25296,-59.0,42,1,0.7854,4.1e-05
DuelingDQN,small_grid,3,655,25299,8.0,3,1,0.7854,3.1e-05
DuelingDQN,small_grid,3,656,25305,5.0,6,1,0.7854,3.7e-05
DuelingDQN,small_grid,3,657,25323,-27.0,18,1,0.7852,3.4e-05
DuelingDQN,small_grid,3,658,25328,6.0,5,1,0.7852,2.8e-05
DuelingDQN,small_grid,3,659,25333,2.0,5,1,0.7851,3.1e-05
DuelingDQN,small_grid,3,660,25358,-42.0,25,1,0.7849,2.3e-05
DuelingDQN,small_grid,3,661,25395,-82.0,37,1,0.7846,3.3e-05
DuelingDQN,small_grid,3,662,25397,9.0,2,1,0.7846,4.7e-05
DuelingDQN,small_grid,3,663,25446,-126.0,49,1,0.7842,3.8e-05
DuelingDQN,small_grid,3,664,25447,10.0,1,1,0.7842,5.3e-05
DuelingDQN,small_grid,3,665,25454,0.0,7,1,0.7841,3.8e-05
DuelingDQN,small_grid,3,666,25524,-163.0,70,1,0.7835,0.000236
DuelingDQN,small_grid,3,667,25531,0.0,7,1,0.7835,0.000598
DuelingDQN,small_grid,3,668,25572,-70.0,41,1,0.7831,0.000617
DuelingDQN,small_grid,3,669,25574,5.0,2,1,0.7831,0.000803
DuelingDQN,small_grid,3,670,25582,-5.0,8,1,0.783,0.001203
DuelingDQN,small_grid,3,671,25618,-65.0,36,1,0.7827,0.00084
DuelingDQN,small_grid,3,672,25619,10.0,1,1,0.7827,0.000726
DuelingDQN,small_grid,3,673,25624,2.0,5,1,0.7827,0.00071
DuelingDQN,small_grid,3,674,25633,-6.0,9,1,0.7826,0.000872
DuelingDQN,small_grid,3,675,25634,10.0,1,1,0.7826,0.000647
DuelingDQN,small_grid,3,676,25636,5.0,2,1,0.7826,0.000933
DuelingDQN,small_grid,3,677,25736,-177.0,100,1,0.7817,0.000683
DuelingDQN,small_grid,3,678,25765,-38.0,29,1,0.7815,0.000533
DuelingDQN,small_grid,3,679,25788,-40.0,23,1,0.7813,0.000768
DuelingDQN,small_grid,3,680,25801,-14.0,13,1,0.7812,0.000707
DuelingDQN,small_grid,3,681,25822,-38.0,21,1,0.781,0.000615
DuelingDQN,small_grid,3,682,25832,-7.0,10,1,0.7809,0.000405
DuelingDQN,small_grid,3,683,25858,-39.0,26,1,0.7807,0.000241
DuelingDQN,small_grid,3,684,25872,-19.0,14,1,0.7806,0.000249
DuelingDQN,small_grid,3,685,25884,-13.0,12,1,0.7805,0.000258
DuelingDQN,small_grid,3,686,25885,10.0,1,1,0.7804,0.000204
DuelingDQN,small_grid,3,687,25887,9.0,2,1,0.7804,0.000137
DuelingDQN,small_grid,3,688,25898,-8.0,11,1,0.7803,0.000209
DuelingDQN,small_grid,3,689,25928,-51.0,30,1,0.7801,0.000231
DuelingDQN,small_grid,3,690,25934,-3.0,6,1,0.78,0.000228
DuelingDQN,small_grid,3,691,25959,-42.0,25,1,0.7798,0.000284
DuelingDQN,small_grid,3,692,25960,10.0,1,1,0.7798,0.000225
DuelingDQN,small_grid,3,693,25972,-1.0,12,1,0.7797,0.000318
DuelingDQN,small_grid,3,694,25992,-25.0,20,1,0.7795,0.000343
DuelingDQN,small_grid,3,695,26004,-9.0,12,1,0.7794,0.000542
DuelingDQN,small_grid,3,696,26034,-35.0,30,1,0.7792,0.000951
DuelingDQN,small_grid,3,697,26036,5.0,2,1,0.7792,0.000708
DuelingDQN,small_grid,3,698,26040,3.0,4,1,0.7791,0.000764
DuelingDQN,small_grid,3,699,26120,-145.0,80,1,0.7785,0.001279
DuelingDQN,small_grid,3,700,26156,-53.0,36,1,0.7781,0.001785
DuelingDQN,small_grid,3,701,26161,2.0,5,1,0.7781,0.002947
DuelingDQN,small_grid,3,702,26203,-79.0,42,1,0.7778,0.002533
DuelingDQN,small_grid,3,703,26206,4.0,3,1,0.7777,0.001688
DuelingDQN,small_grid,3,704,26331,-250.0,125,1,0.7767,0.001748
DuelingDQN,small_grid,3,705,26342,-12.0,11,1,0.7766,0.001236
DuelingDQN,small_grid,3,706,26347,6.0,5,1,0.7765,0.001022
DuelingDQN,small_grid,3,707,26359,-5.0,12,1,0.7764,0.000803
DuelingDQN,small_grid,3,708,26365,1.0,6,1,0.7764,0.001238
DuelingDQN,small_grid,3,709,26367,9.0,2,1,0.7764,0.000776
DuelingDQN,small_grid,3,710,26374,-4.0,7,1,0.7763,0.000847
DuelingDQN,small_grid,3,711,26378,7.0,4,1,0.7763,0.00077
DuelingDQN,small_grid,3,712,26397,-20.0,19,1,0.7761,0.00087
DuelingDQN,small_grid,3,713,26443,-99.0,46,1,0.7757,0.000402
DuelingDQN,small_grid,3,714,26473,-35.0,30,1,0.7755,0.000327
DuelingDQN,small_grid,3,715,26526,-118.0,53,1,0.775,0.000408
DuelingDQN,small_grid,3,716,26535,-14.0,9,1,0.7749,0.000366
DuelingDQN,small_grid,3,717,26546,-12.0,11,1,0.7748,0.000281
DuelingDQN,small_grid,3,718,26575,-34.0,29,1,0.7746,0.000223
DuelingDQN,small_grid,3,719,26585,-7.0,10,1,0.7745,0.00014
DuelingDQN,small_grid,3,720,26588,8.0,3,1,0.7745,0.000145
DuelingDQN,small_grid,3,721,26678,-175.0,90,1,0.7737,7.7e-05
DuelingDQN,small_grid,3,722,26707,-42.0,29,1,0.7735,1.9e-05
DuelingDQN,small_grid,3,723,26718,-12.0,11,1,0.7734,1.5e-05
DuelingDQN,small_grid,3,724,26726,-1.0,8,1,0.7733,1.3e-05
DuelingDQN,small_grid,3,725,26739,-14.0,13,1,0.7732,1.1e-05
DuelingDQN,small_grid,3,726,26752,-14.0,13,1,0.7731,1e-05
DuelingDQN,small_grid,3,727,26777,-34.0,25,1,0.7729,8e-06
DuelingDQN,small_grid,3,728,26822,-62.0,45,1,0.7725,9e-06
DuelingDQN,small_grid,3,729,26852,-55.0,30,1,0.7722,1e-05
DuelingDQN,small_grid,3,730,26857,-2.0,5,1,0.7722,1e-05
DuelingDQN,small_grid,3,731,26865,-5.0,8,1,0.7721,1.4e-05
DuelingDQN,small_grid,3,732,26878,-14.0,13,1,0.772,1.7e-05
DuelingDQN,small_grid,3,733,26887,-2.0,9,1,0.7719,1.6e-05
DuelingDQN,small_grid,3,734,26895,-5.0,8,1,0.7719,2e-05
DuelingDQN,small_grid,3,735,26901,-7.0,6,1,0.7718,1.9e-05
DuelingDQN,small_grid,3,736,26918,-18.0,17,1,0.7717,1.6e-05
DuelingDQN,small_grid,3,737,26945,-32.0,27,1,0.7715,1.5e-05
DuelingDQN,small_grid,3,738,26994,-98.0,49,1,0.771,1.2e-05
DuelingDQN,small_grid,3,739,27013,-20.0,19,1,0.7709,0.000392
DuelingDQN,small_grid,3,740,27041,-49.0,28,1,0.7706,0.000921
DuelingDQN,small_grid,3,741,27051,-23.0,10,1,0.7706,0.00133
DuelingDQN,small_grid,3,742,27104,-94.0,53,1,0.7701,0.001718
DuelingDQN,small_grid,3,743,27109,-2.0,5,1,0.7701,0.001367
DuelingDQN,small_grid,3,744,27112,4.0,3,1,0.77,0.001116
DuelingDQN,small_grid,3,745,27128,-17.0,16,1,0.7699,0.001319
DuelingDQN,small_grid,3,746,27167,-68.0,39,1,0.7696,0.002093
DuelingDQN,small_grid,3,747,27172,2.0,5,1,0.7695,0.002299
DuelingDQN,small_grid,3,748,27178,-3.0,6,1,0.7695,0.00188
DuelingDQN,small_grid,3,749,27190,-17.0,12,1,0.7694,0.001561
DuelingDQN,small_grid,3,750,27207,-26.0,17,1,0.7692,0.001542
DuelingDQN,small_grid,3,751,27221,-19.0,14,1,0.7691,0.001284
DuelingDQN,small_grid,3,752,27249,-33.0,28,1,0.7689,0.001362
DuelingDQN,small_grid,3,753,27254,6.0,5,1,0.7688,0.001117
DuelingDQN,small_grid,3,754,27259,-2.0,5,1,0.7688,0.001071
DuelingDQN,small_grid,3,755,27267,-5.0,8,1,0.7687,0.001067
DuelingDQN,small_grid,3,756,27272,2.0,5,1,0.7687,0.000845
DuelingDQN,small_grid,3,757,27295,-28.0,23,1,0.7685,0.000507
DuelingDQN,small_grid,3,758,27299,3.0,4,1,0.7685,0.000444
DuelingDQN,small_grid,3,759,27309,-7.0,10,1,0.7684,0.000256
DuelingDQN,small_grid,3,760,27344,-76.0,35,1,0.7681,0.000174
DuelingDQN,small_grid,3,761,27347,4.0,3,1,0.768,0.000158
DuelingDQN,small_grid,3,762,27418,-156.0,71,1,0.7674,0.000174
DuelingDQN,small_grid,3,763,27515,-206.0,97,1,0.7666,0.000244
DuelingDQN,small_grid,3,764,27524,-2.0,9,1,0.7665,0.000362
DuelingDQN,small_grid,3,765,27544,-21.0,20,1,0.7664,0.000374
DuelingDQN,small_grid,3,766,27571,-40.0,27,1,0.7661,0.000305
DuelingDQN,small_grid,3,767,27585,-15.0,14,1,0.766,0.000262
DuelingDQN,small_grid,3,768,27602,-38.0,17,1,0.7659,0.000252
DuelingDQN,small_grid,3,769,27609,-4.0,7,1,0.7658,0.000307
DuelingDQN,small_grid,3,770,27632,-40.0,23,1,0.7656,0.000318
DuelingDQN,small_grid,3,771,27646,-15.0,14,1,0.7655,0.000333
DuelingDQN,small_grid,3,772,27655,-10.0,9,1,0.7654,0.000317
DuelingDQN,small_grid,3,773,27675,-33.0,20,1,0.7653,0.000348
DuelingDQN,small_grid,3,774,27688,-18.0,13,1,0.7652,0.000582
DuelingDQN,small_grid,3,775,27737,-110.0,49,1,0.7647,0.000415
DuelingDQN,small_grid,3,776,27744,4.0,7,1,0.7647,0.000188
DuelingDQN,small_grid,3,777,27745,10.0,1,1,0.7647,0.00013
DuelingDQN,small_grid,3,778,27784,-60.0,39,1,0.7643,0.000167
DuelingDQN,small_grid,3,779,27801,-26.0,17,1,0.7642,8.9e-05
DuelingDQN,small_grid,3,780,27822,-30.0,21,1,0.764,0.000144
DuelingDQN,small_grid,3,781,27837,-28.0,15,1,0.7639,0.000209
DuelingDQN,small_grid,3,782,27842,2.0,5,1,0.7638,0.000202
DuelingDQN,small_grid,3,783,27868,-75.0,26,1,0.7636,0.000237
DuelingDQN,small_grid,3,784,27876,-1.0,8,1,0.7636,0.000226
DuelingDQN,small_grid,3,785,27930,-111.0,54,1,0.7631,0.000651
DuelingDQN,small_grid,3,786,27952,-35.0,22,1,0.7629,0.002293
DuelingDQN,small_grid,3,787,28030,-167.0,78,1,0.7623,0.002974
DuelingDQN,small_grid,3,788,28043,-18.0,13,1,0.7621,0.000971
DuelingDQN,small_grid,3,789,28083,-61.0,40,1,0.7618,0.000652
DuelingDQN,small_grid,3,790,28104,-18.0,21,1,0.7616,0.000435
DuelingDQN,small_grid,3,791,28128,-41.0,24,1,0.7614,0.000487
DuelingDQN,small_grid,3,792,28151,-24.0,23,1,0.7612,0.00074
DuelingDQN,small_grid,3,793,28164,-18.0,13,1,0.7611,0.000916
DuelingDQN,small_grid,3,794,28177,-22.0,13,1,0.761,0.000969
DuelingDQN,small_grid,3,795,28183,-11.0,6,1,0.761,0.00094
DuelingDQN,small_grid,3,796,28201,-27.0,18,1,0.7608,0.000958
DuelingDQN,small_grid,3,797,28203,5.0,2,1,0.7608,0.000524
DuelingDQN,small_grid,3,798,28215,-17.0,12,1,0.7607,0.000553
DuelingDQN,small_grid,3,799,28243,-29.0,28,1,0.7604,0.000315
DuelingDQN,small_grid,3,800,28244,10.0,1,1,0.7604,0.000162
DQN,small_grid,4,1,68,-161.0,68,1,0.9994,
DQN,small_grid,4,2,263,-488.0,195,1,0.9978,
DQN,small_grid,4,3,416,-334.0,153,1,0.9965,
DQN,small_grid,4,4,612,-497.0,196,1,0.9948,
DQN,small_grid,4,5,728,-277.0,116,1,0.9938,
DQN,small_grid,4,6,902,-439.0,174,1,0.9923,
DQN,small_grid,4,7,940,-95.0,38,1,0.992,
DQN,small_grid,4,8,950,-11.0,10,1,0.9919,
DQN,small_grid,4,9,963,-22.0,13,1,0.9918,
DQN,small_grid,4,10,1056,-206.0,93,1,0.991,1.444567
DQN,small_grid,4,11,1072,-41.0,16,1,0.9909,1.165523
DQN,small_grid,4,12,1187,-292.0,115,1,0.9899,1.092934
DQN,small_grid,4,13,1387,-544.0,200,0,0.9882,0.621343
DQN,small_grid,4,14,1458,-176.0,71,1,0.9876,0.474797
DQN,small_grid,4,15,1658,-468.0,200,0,0.9859,0.413757
DQN,small_grid,4,16,1661,4.0,3,1,0.9859,0.484006
DQN,small_grid,4,17,1722,-154.0,61,1,0.9854,0.39723
DQN,small_grid,4,18,1885,-432.0,163,1,0.984,0.340954
DQN,small_grid,4,19,1997,-285.0,112,1,0.9831,0.31049
DQN,small_grid,4,20,2003,-3.0,6,1,0.983,0.409496
DQN,small_grid,4,21,2203,-552.0,200,0,0.9813,0.303032
DQN,small_grid,4,22,2403,-468.0,200,0,0.9796,0.249493
DQN,small_grid,4,23,2570,-384.0,167,1,0.9782,0.226971
DQN,small_grid,4,24,2578,-5.0,8,1,0.9781,0.107503
DQN,small_grid,4,25,2607,-70.0,29,1,0.9779,0.15396
DQN,small_grid,4,26,2618,-4.0,11,1,0.9778,0.21387
DQN,small_grid,4,27,2622,3.0,4,1,0.9778,0.229997
DQN,small_grid,4,28,2647,-30.0,25,1,0.9775,0.235466
DQN,small_grid,4,29,2813,-407.0,166,1,0.9761,0.182761
DQN,small_grid,4,30,2855,-91.0,42,1,0.9758,0.137865
DQN,small_grid,4,31,2933,-171.0,78,1,0.9751,0.176029
DQN,small_grid,4,32,3078,-362.0,145,1,0.9739,0.195303
DQN,small_grid,4,33,3143,-114.0,65,1,0.9733,0.184329
DQN,small_grid,4,34,3260,-258.0,117,1,0.9723,0.179462
DQN,small_grid,4,35,3460,-452.0,200,0,0.9707,0.181146
DQN,small_grid,4,36,3540,-149.0,80,1,0.97,0.194264
DQN,small_grid,4,37,3580,-85.0,40,1,0.9696,0.17888
DQN,small_grid,4,38,3587,-16.0,7,1,0.9696,0.168412
DQN,small_grid,4,39,3590,4.0,3,1,0.9695,0.11576
DQN,small_grid,4,40,3606,-21.0,16,1,0.9694,0.17362
DQN,small_grid,4,41,3610,-5.0,4,1,0.9694,0.202693
DQN,small_grid,4,42,3638,-33.0,28,1,0.9691,0.246657
DQN,small_grid,4,43,3820,-455.0,182,1,0.9676,0.182175
DQN,small_grid,4,44,4020,-520.0,200,0,0.9659,0.192165
DQN,small_grid,4,45,4123,-264.0,103,1,0.965,0.163908
DQN,small_grid,4,46,4186,-132.0,63,1,0.9645,0.182546
DQN,small_grid,4,47,4213,-56.0,27,1,0.9643,0.185746
DQN,small_grid,4,48,4215,9.0,2,1,0.9642,0.011142
DQN,small_grid,4,49,4273,-119.0,58,1,0.9638,0.219272
DQN,small_grid,4,50,4386,-274.0,113,1,0.9628,0.162158
DQN,small_grid,4,51,4478,-185.0,92,1,0.962,0.162151
DQN,small_grid,4,52,4581,-248.0,103,1,0.9611,0.21736
DQN,small_grid,4,53,4606,-50.0,25,1,0.9609,0.15209
DQN,small_grid,4,54,4701,-200.0,95,1,0.9601,0.219002
DQN,small_grid,4,55,4797,-245.0,96,1,0.9593,0.195122
DQN,small_grid,4,56,4820,-36.0,23,1,0.9591,0.148354
DQN,small_grid,4,57,4886,-147.0,66,1,0.9586,0.205192
DQN,small_grid,4,58,4911,-66.0,25,1,0.9583,0.190264
DQN,small_grid,4,59,4923,-17.0,12,1,0.9582,0.144855
DQN,small_grid,4,60,4949,-55.0,26,1,0.958,0.198227
DQN,small_grid,4,61,4950,10.0,1,1,0.958,0.011765
DQN,small_grid,4,62,4994,-81.0,44,1,0.9576,0.257774
DQN,small_grid,4,63,5094,-229.0,100,1,0.9568,0.255134
DQN,small_grid,4,64,5108,-7.0,14,1,0.9567,0.188718
DQN,small_grid,4,65,5203,-216.0,95,1,0.9559,0.185782
DQN,small_grid,4,66,5261,-115.0,58,1,0.9554,0.256844
DQN,small_grid,4,67,5461,-508.0,200,0,0.9537,0.213694
DQN,small_grid,4,68,5513,-77.0,52,1,0.9532,0.258878
DQN,small_grid,4,69,5524,-16.0,11,1,0.9531,0.207889
DQN,small_grid,4,70,5527,8.0,3,1,0.9531,0.234892
DQN,small_grid,4,71,5702,-396.0,175,1,0.9516,0.218529
DQN,small_grid,4,72,5805,-248.0,103,1,0.9508,0.226779
DQN,small_grid,4,73,5823,-35.0,18,1,0.9506,0.194459
DQN,small_grid,4,74,5929,-223.0,106,1,0.9497,0.223388
DQN,small_grid,4,75,6039,-283.0,110,1,0.9488,0.267527
DQN,small_grid,4,76,6110,-196.0,71,1,0.9482,0.202582
DQN,small_grid,4,77,6121,-12.0,11,1,0.9481,0.139644
DQN,small_grid,4,78,6140,-44.0,19,1,0.9479,0.215236
DQN,small_grid,4,79,6153,-14.0,13,1,0.9478,0.189849
DQN,small_grid,4,80,6170,-50.0,17,1,0.9477,0.27369
DQN,small_grid,4,81,6241,-144.0,71,1,0.9471,0.186519
DQN,small_grid,4,82,6311,-155.0,70,1,0.9465,0.213513
DQN,small_grid,4,83,6326,-24.0,15,1,0.9463,0.246854
DQN,small_grid,4,84,6448,-299.0,122,1,0.9453,0.174728
DQN,small_grid,4,85,6648,-544.0,200,0,0.9436,0.2629
DQN,small_grid,4,86,6680,-77.0,32,1,0.9433,0.14711
DQN,small_grid,4,87,6880,-524.0,200,0,0.9416,0.166854
DQN,small_grid,4,88,6882,9.0,2,1,0.9416,0.014474
DQN,small_grid,4,89,6947,-122.0,65,1,0.9411,0.127674
DQN,small_grid,4,90,7004,-106.0,57,1,0.9406,0.236182
DQN,small_grid,4,91,7114,-207.0,110,1,0.9397,0.253619
DQN,small_grid,4,92,7134,-45.0,20,1,0.9395,0.204518
DQN,small_grid,4,93,7153,-32.0,19,1,0.9393,0.175541
DQN,small_grid,4,94,7175,-43.0,22,1,0.9391,0.197413
DQN,small_grid,4,95,7225,-111.0,50,1,0.9387,0.178136
DQN,small_grid,4,96,7417,-425.0,192,1,0.9371,0.152709
DQN,small_grid,4,97,7457,-77.0,40,1,0.9367,0.197093
DQN,small_grid,4,98,7509,-85.0,52,1,0.9363,0.215254
DQN,small_grid,4,99,7591,-207.0,82,1,0.9356,0.268548
DQN,small_grid,4,100,7791,-492.0,200,0,0.9339,0.156978
DQN,small_grid,4,101,7805,-19.0,14,1,0.9338,0.175574
DQN,small_grid,4,102,7869,-133.0,64,1,0.9333,0.140072
DQN,small_grid,4,103,7870,10.0,1,1,0.9332,0.259873
DQN,small_grid,4,104,7892,-43.0,22,1,0.9331,0.107708
DQN,small_grid,4,105,7901,-14.0,9,1,0.933,0.082626
DQN,small_grid,4,106,7948,-88.0,47,1,0.9326,0.102906
DQN,small_grid,4,107,7977,-66.0,29,1,0.9323,0.156796
DQN,small_grid,4,108,8010,-82.0,33,1,0.9321,0.260464
DQN,small_grid,4,109,8034,-49.0,24,1,0.9319,0.376877
DQN,small_grid,4,110,8045,-12.0,11,1,0.9318,0.236113
DQN,small_grid,4,111,8062,-30.0,17,1,0.9316,0.262377
DQN,small_grid,4,112,8063,10.0,1,1,0.9316,0.336145
DQN,small_grid,4,113,8101,-75.0,38,1,0.9313,0.223376
DQN,small_grid,4,114,8144,-108.0,43,1,0.9309,0.155159
DQN,small_grid,4,115,8168,-65.0,24,1,0.9307,0.196869
DQN,small_grid,4,116,8190,-35.0,22,1,0.9305,0.114608
DQN,small_grid,4,117,8192,5.0,2,1,0.9305,0.163184
DQN,small_grid,4,118,8287,-228.0,95,1,0.9297,0.109555
DQN,small_grid,4,119,8311,-49.0,24,1,0.9295,0.14234
DQN,small_grid,4,120,8394,-180.0,83,1,0.9288,0.134776
DQN,small_grid,4,121,8415,-10.0,21,1,0.9286,0.154311
DQN,small_grid,4,122,8482,-172.0,67,1,0.9281,0.102934
DQN,small_grid,4,123,8555,-182.0,73,1,0.9274,0.377507
DQN,small_grid,4,124,8683,-305.0,128,1,0.9263,0.165001
DQN,small_grid,4,125,8803,-333.0,120,1,0.9253,0.098187
DQN,small_grid,4,126,8845,-71.0,42,1,0.925,0.071863
DQN,small_grid,4,127,8846,10.0,1,1,0.925,0.02546
DQN,small_grid,4,128,8872,-43.0,26,1,0.9247,0.070093
DQN,small_grid,4,129,8896,-49.0,24,1,0.9245,0.065758
DQN,small_grid,4,130,8900,3.0,4,1,0.9245,0.061957
DQN,small_grid,4,131,8916,-33.0,16,1,0.9244,0.081663
DQN,small_grid,4,132,8955,-72.0,39,1,0.924,0.075668
DQN,small_grid,4,133,9041,-211.0,86,1,0.9233,0.350718
DQN,small_grid,4,134,9082,-90.0,41,1,0.923,0.316976
DQN,small_grid,4,135,9084,9.0,2,1,0.9229,0.267963
DQN,small_grid,4,136,9087,8.0,3,1,0.9229,0.262714
DQN,small_grid,4,137,9119,-37.0,32,1,0.9227,0.208187
DQN,small_grid,4,138,9176,-126.0,57,1,0.9222,0.168891
DQN,small_grid,4,139,9183,-8.0,7,1,0.9221,0.169961
DQN,small_grid,4,140,9335,-325.0,152,1,0.9208,0.11518
DQN,small_grid,4,141,9344,2.0,9,1,0.9207,0.097997
DQN,small_grid,4,142,9393,-138.0,49,1,0.9203,0.084511
DQN,small_grid,4,143,9408,-28.0,15,1,0.9202,0.085723
DQN,small_grid,4,144,9428,-53.0,20,1,0.92,0.074225
DQN,small_grid,4,145,9457,-62.0,29,1,0.9198,0.064261
DQN,small_grid,4,146,9474,-30.0,17,1,0.9196,0.064012
DQN,small_grid,4,147,9513,-60.0,39,1,0.9193,0.440509
DQN,small_grid,4,148,9545,-57.0,32,1,0.919,0.54929
DQN,small_grid,4,149,9560,-28.0,15,1,0.9189,0.384257
DQN,small_grid,4,150,9594,-63.0,34,1,0.9186,0.322329
DQN,small_grid,4,151,9612,-11.0,18,1,0.9185,0.311334
DQN,small_grid,4,152,9664,-129.0,52,1,0.918,0.232055
DQN,small_grid,4,153,9673,-6.0,9,1,0.918,0.199909
DQN,small_grid,4,154,9716,-128.0,43,1,0.9176,0.174061
DQN,small_grid,4,155,9728,-13.0,12,1,0.9175,0.139897
DQN,small_grid,4,156,9817,-218.0,89,1,0.9167,0.144003
DQN,small_grid,4,157,9902,-206.0,85,1,0.916,0.126102
DQN,small_grid,4,158,9960,-87.0,58,1,0.9155,0.11194
DQN,small_grid,4,159,10005,-98.0,45,1,0.9151,0.280281
DQN,small_grid,4,160,10051,-107.0,46,1,0.9147,0.719866
DQN,small_grid,4,161,10122,-172.0,71,1,0.9141,0.376337
DQN,small_grid,4,162,10133,-8.0,11,1,0.9141,0.273708
DQN,small_grid,4,163,10165,-61.0,32,1,0.9138,0.251301
DQN,small_grid,4,164,10206,-102.0,41,1,0.9134,0.23869
DQN,small_grid,4,165,10268,-135.0,62,1,0.9129,0.201699
DQN,small_grid,4,166,10282,-27.0,14,1,0.9128,0.18319
DQN,small_grid,4,167,10308,-51.0,26,1,0.9126,0.205827
DQN,small_grid,4,168,10335,-60.0,27,1,0.9123,0.167602
DQN,small_grid,4,169,10535,-444.0,200,0,0.9106,0.260785
DQN,small_grid,4,170,10586,-64.0,51,1,0.9102,0.370395
DQN,small_grid,4,171,10635,-74.0,49,1,0.9098,0.260685
DQN,small_grid,4,172,10649,-15.0,14,1,0.9097,0.220624
DQN,small_grid,4,173,10727,-147.0,78,1,0.909,0.184647
DQN,small_grid,4,174,10798,-156.0,71,1,0.9084,0.149588
DQN,small_grid,4,175,10907,-258.0,109,1,0.9075,0.116877
DQN,small_grid,4,176,10915,3.0,8,1,0.9074,0.089916
DQN,small_grid,4,177,10949,-103.0,34,1,0.9071,0.093934
DQN,small_grid,4,178,10977,-65.0,28,1,0.9069,0.066781
DQN,small_grid,4,179,10994,-22.0,17,1,0.9067,0.078463
DQN,small_grid,4,180,11023,-70.0,29,1,0.9065,0.658167
DQN,small_grid,4,181,11055,-65.0,32,1,0.9062,0.324816
DQN,small_grid,4,182,11066,-8.0,11,1,0.9061,0.25344
DQN,small_grid,4,183,11085,-24.0,19,1,0.906,0.22473
DQN,small_grid,4,184,11155,-175.0,70,1,0.9054,0.14546
DQN,small_grid,4,185,11181,-83.0,26,1,0.9052,0.094937
DQN,small_grid,4,186,11183,9.0,2,1,0.9051,0.104126
DQN,small_grid,4,187,11187,7.0,4,1,0.9051,0.085491
DQN,small_grid,4,188,11191,7.0,4,1,0.9051,0.100868
DQN,small_grid,4,189,11217,-43.0,26,1,0.9049,0.077005
DQN,small_grid,4,190,11243,-51.0,26,1,0.9046,0.074493
DQN,small_grid,4,191,11280,-58.0,37,1,0.9043,0.05991
DQN,small_grid,4,192,11299,-36.0,19,1,0.9042,0.056549
DQN,small_grid,4,193,11318,-20.0,19,1,0.904,0.047736
DQN,small_grid,4,194,11339,-38.0,21,1,0.9038,0.046068
DQN,small_grid,4,195,11343,3.0,4,1,0.9038,0.066868
DQN,small_grid,4,196,11382,-64.0,39,1,0.9035,0.039234
DQN,small_grid,4,197,11412,-55.0,30,1,0.9032,0.033503
DQN,small_grid,4,198,11612,-476.0,200,0,0.9015,0.133169
DQN,small_grid,4,199,11644,-49.0,32,1,0.9012,0.06543
DQN,small_grid,4,200,11661,-18.0,17,1,0.9011,0.054131
DQN,small_grid,4,201,11704,-72.0,43,1,0.9007,0.044622
DQN,small_grid,4,202,11710,1.0,6,1,0.9007,0.033281
DQN,small_grid,4,203,11755,-74.0,45,1,0.9003,0.033267
DQN,small_grid,4,204,11756,10.0,1,1,0.9003,0.04815
DQN,small_grid,4,205,11818,-131.0,62,1,0.8998,0.030025
DQN,small_grid,4,206,11859,-50.0,41,1,0.8994,0.018575
DQN,small_grid,4,207,11865,-3.0,6,1,0.8994,0.038386
DQN,small_grid,4,208,11953,-177.0,88,1,0.8986,0.01674
DQN,small_grid,4,209,12002,-90.0,49,1,0.8982,0.056685
DQN,small_grid,4,210,12044,-71.0,42,1,0.8978,0.219584
DQN,small_grid,4,211,12068,-49.0,24,1,0.8976,0.062787
DQN,small_grid,4,212,12092,-37.0,24,1,0.8974,0.040885
DQN,small_grid,4,213,12122,-47.0,30,1,0.8972,0.031097
DQN,small_grid,4,214,12138,-17.0,16,1,0.897,0.024367
DQN,small_grid,4,215,12172,-79.0,34,1,0.8968,0.019824
DQN,small_grid,4,216,12190,-23.0,18,1,0.8966,0.018087
DQN,small_grid,4,217,12257,-128.0,67,1,0.896,0.014357
DQN,small_grid,4,218,12262,2.0,5,1,0.896,0.015109
DQN,small_grid,4,219,12394,-273.0,132,1,0.8949,0.011059
DQN,small_grid,4,220,12395,10.0,1,1,0.8949,0.008424
DQN,small_grid,4,221,12435,-65.0,40,1,0.8945,0.00731
DQN,small_grid,4,222,12439,3.0,4,1,0.8945,0.017657
DQN,small_grid,4,223,12468,-62.0,29,1,0.8942,0.006287
DQN,small_grid,4,224,12484,-21.0,16,1,0.8941,0.008087
DQN,small_grid,4,225,12505,-30.0,21,1,0.8939,0.119582
DQN,small_grid,4,226,12520,-32.0,15,1,0.8938,0.277975
DQN,small_grid,4,227,12549,-38.0,29,1,0.8936,0.113143
DQN,small_grid,4,228,12605,-101.0,56,1,0.8931,0.057285
DQN,small_grid,4,229,12610,2.0,5,1,0.893,0.033027
DQN,small_grid,4,230,12659,-106.0,49,1,0.8926,0.033006
DQN,small_grid,4,231,12692,-82.0,33,1,0.8923,0.021605
DQN,small_grid,4,232,12707,-20.0,15,1,0.8922,0.0151
DQN,small_grid,4,233,12779,-125.0,72,1,0.8916,0.01476
DQN,small_grid,4,234,12805,-51.0,26,1,0.8914,0.009566
DQN,small_grid,4,235,12855,-95.0,50,1,0.891,0.010124
DQN,small_grid,4,236,12863,-9.0,8,1,0.8909,0.012464
DQN,small_grid,4,237,12903,-101.0,40,1,0.8906,0.009164
DQN,small_grid,4,238,13010,-204.0,107,1,0.8896,0.023154
DQN,small_grid,4,239,13043,-74.0,33,1,0.8894,0.067046
DQN,small_grid,4,240,13067,-37.0,24,1,0.8892,0.049175
DQN,small_grid,4,241,13141,-135.0,74,1,0.8885,0.030185
DQN,small_grid,4,242,13153,-17.0,12,1,0.8884,0.017017
DQN,small_grid,4,243,13174,-26.0,21,1,0.8883,0.014916
DQN,small_grid,4,244,13209,-68.0,35,1,0.888,0.015317
DQN,small_grid,4,245,13238,-34.0,29,1,0.8877,0.010968
DQN,small_grid,4,246,13280,-79.0,42,1,0.8874,0.010798
DQN,small_grid,4,247,13328,-101.0,48,1,0.887,0.009647
DQN,small_grid,4,248,13426,-227.0,98,1,0.8861,0.00724
DQN,small_grid,4,249,13427,10.0,1,1,0.8861,0.007344
DQN,small_grid,4,250,13492,-114.0,65,1,0.8856,0.005541
DQN,small_grid,4,251,13505,-6.0,13,1,0.8854,0.018138
DQN,small_grid,4,252,13514,-2.0,9,1,0.8854,0.022785
DQN,small_grid,4,253,13572,-107.0,58,1,0.8849,0.011302
DQN,small_grid,4,254,13673,-182.0,101,1,0.884,0.005425
DQN,small_grid,4,255,13676,8.0,3,1,0.884,0.00368
DQN,small_grid,4,256,13683,-12.0,7,1,0.8839,0.003961
DQN,small_grid,4,257,13763,-177.0,80,1,0.8833,0.003445
DQN,small_grid,4,258,13835,-149.0,72,1,0.8826,0.0029
DQN,small_grid,4,259,13860,-50.0,25,1,0.8824,0.002358
DQN,small_grid,4,260,13864,-1.0,4,1,0.8824,0.002005
DQN,small_grid,4,261,13907,-108.0,43,1,0.882,0.002213
DQN,small_grid,4,262,13990,-156.0,83,1,0.8813,0.002171
DQN,small_grid,4,263,14121,-288.0,131,1,0.8802,0.008235
DQN,small_grid,4,264,14155,-91.0,34,1,0.8799,0.002361
DQN,small_grid,4,265,14206,-108.0,51,1,0.8795,0.001884
DQN,small_grid,4,266,14284,-187.0,78,1,0.8788,0.001709
DQN,small_grid,4,267,14292,3.0,8,1,0.8788,0.00118
DQN,small_grid,4,268,14304,-17.0,12,1,0.8787,0.001416
DQN,small_grid,4,269,14351,-128.0,47,1,0.8783,0.00124
DQN,small_grid,4,270,14367,-25.0,16,1,0.8781,0.001391
DQN,small_grid,4,271,14494,-260.0,127,1,0.8771,0.001118
DQN,small_grid,4,272,14529,-64.0,35,1,0.8768,0.008261
DQN,small_grid,4,273,14558,-42.0,29,1,0.8765,0.003704
DQN,small_grid,4,274,14586,-57.0,28,1,0.8763,0.002288
DQN,small_grid,4,275,14598,-9.0,12,1,0.8762,0.002047
DQN,small_grid,4,276,14603,6.0,5,1,0.8761,0.001826
DQN,small_grid,4,277,14620,-18.0,17,1,0.876,0.00187
DQN,small_grid,4,278,14631,-8.0,11,1,0.8759,0.001714
DQN,small_grid,4,279,14700,-142.0,69,1,0.8753,0.001063
DQN,small_grid,4,280,14726,-35.0,26,1,0.8751,0.000772
DQN,small_grid,4,281,14744,-19.0,18,1,0.8749,0.00097
DQN,small_grid,4,282,14746,5.0,2,1,0.8749,0.002614
DQN,small_grid,4,283,14770,-41.0,24,1,0.8747,0.001014
DQN,small_grid,4,284,14825,-132.0,55,1,0.8743,0.001061
DQN,small_grid,4,285,14924,-244.0,99,1,0.8734,0.001014
DQN,small_grid,4,286,15004,-173.0,80,1,0.8727,0.000968
DQN,small_grid,4,287,15005,10.0,1,1,0.8727,0.003549
DQN,small_grid,4,288,15050,-70.0,45,1,0.8723,0.002937
DQN,small_grid,4,289,15180,-287.0,130,1,0.8712,0.001593
DQN,small_grid,4,290,15242,-179.0,62,1,0.8707,0.00073
DQN,small_grid,4,291,15261,-32.0,19,1,0.8706,0.000775
DQN,small_grid,4,292,15374,-230.0,113,1,0.8696,0.000789
DQN,small_grid,4,293,15386,-25.0,12,1,0.8695,0.000593
DQN,small_grid,4,294,15497,-208.0,111,1,0.8686,0.00074
DQN,small_grid,4,295,15530,-54.0,33,1,0.8683,0.004221
DQN,small_grid,4,296,15587,-98.0,57,1,0.8678,0.001682
DQN,small_grid,4,297,15606,-28.0,19,1,0.8676,0.000609
DQN,small_grid,4,298,15684,-143.0,78,1,0.867,0.00103
DQN,small_grid,4,299,15706,-55.0,22,1,0.8668,0.000788
DQN,small_grid,4,300,15767,-102.0,61,1,0.8663,0.000691
DQN,small_grid,4,301,15830,-116.0,63,1,0.8657,0.001065
DQN,small_grid,4,302,15833,8.0,3,1,0.8657,0.000275
DQN,small_grid,4,303,15834,10.0,1,1,0.8657,0.000216
DQN,small_grid,4,304,15884,-111.0,50,1,0.8653,0.000691
DQN,small_grid,4,305,15948,-161.0,64,1,0.8647,0.000869
DQN,small_grid,4,306,16044,-201.0,96,1,0.8639,0.001141
DQN,small_grid,4,307,16082,-47.0,38,1,0.8636,0.001221
DQN,small_grid,4,308,16110,-21.0,28,1,0.8634,0.000729
DQN,small_grid,4,309,16115,2.0,5,1,0.8633,0.000516
DQN,small_grid,4,310,16133,-19.0,18,1,0.8632,0.0006
DQN,small_grid,4,311,16165,-65.0,32,1,0.8629,0.001015
DQN,small_grid,4,312,16282,-246.0,117,1,0.8619,0.000869
DQN,small_grid,4,313,16295,-18.0,13,1,0.8618,0.001364
DQN,small_grid,4,314,16344,-98.0,49,1,0.8614,0.000991
DQN,small_grid,4,315,16351,-4.0,7,1,0.8613,0.00067
DQN,small_grid,4,316,16381,-43.0,30,1,0.8611,0.000806
DQN,small_grid,4,317,16428,-80.0,47,1,0.8607,0.000741
DQN,small_grid,4,318,16437,-6.0,9,1,0.8606,0.001018
DQN,small_grid,4,319,16444,-4.0,7,1,0.8605,0.00131
DQN,small_grid,4,320,16480,-53.0,36,1,0.8602,0.000737
DQN,small_grid,4,321,16501,-30.0,21,1,0.86,0.000854
DQN,small_grid,4,322,16507,1.0,6,1,0.86,0.002438
DQN,small_grid,4,323,16516,-14.0,9,1,0.8599,0.002143
DQN,small_grid,4,324,16584,-133.0,68,1,0.8593,0.001341
DQN,small_grid,4,325,16593,-2.0,9,1,0.8593,0.001648
DQN,small_grid,4,326,16631,-63.0,38,1,0.8589,0.001194
DQN,small_grid,4,327,16641,-15.0,10,1,0.8588,0.00124
DQN,small_grid,4,328,16656,-16.0,15,1,0.8587,0.000973
DQN,small_grid,4,329,16714,-127.0,58,1,0.8582,0.000553
DQN,small_grid,4,330,16768,-119.0,54,1,0.8578,0.00062
DQN,small_grid,4,331,16786,-39.0,18,1,0.8576,0.000824
DQN,small_grid,4,332,16804,-47.0,18,1,0.8575,0.00072
DQN,small_grid,4,333,16815,0.0,11,1,0.8574,0.000431
DQN,small_grid,4,334,16816,10.0,1,1,0.8574,0.000231
DQN,small_grid,4,335,16826,-3.0,10,1,0.8573,0.000393
DQN,small_grid,4,336,16833,-8.0,7,1,0.8572,0.000415
DQN,small_grid,4,337,16918,-154.0,85,1,0.8565,0.000728
DQN,small_grid,4,338,16948,-67.0,30,1,0.8562,0.001129
DQN,small_grid,4,339,16949,10.0,1,1,0.8562,0.000793
DQN,small_grid,4,340,17070,-270.0,121,1,0.8552,0.002284
DQN,small_grid,4,341,17097,-64.0,27,1,0.855,0.001278
DQN,small_grid,4,342,17103,-7.0,6,1,0.8549,0.001103
DQN,small_grid,4,343,17250,-372.0,147,1,0.8537,0.00118
DQN,small_grid,4,344,17258,-1.0,8,1,0.8536,0.001159
DQN,small_grid,4,345,17269,-12.0,11,1,0.8535,0.001049
DQN,small_grid,4,346,17283,-15.0,14,1,0.8534,0.000658
DQN,small_grid,4,347,17288,6.0,5,1,0.8534,0.000549
DQN,small_grid,4,348,17341,-82.0,53,1,0.8529,0.000614
DQN,small_grid,4,349,17354,-18.0,13,1,0.8528,0.000395
DQN,small_grid,4,350,17453,-216.0,99,1,0.852,0.00068
DQN,small_grid,4,351,17469,-29.0,16,1,0.8518,0.000774
DQN,small_grid,4,352,17501,-49.0,32,1,0.8516,0.000767
DQN,small_grid,4,353,17548,-104.0,47,1,0.8512,0.002516
DQN,small_grid,4,354,17571,-68.0,23,1,0.851,0.00244
DQN,small_grid,4,355,17584,-6.0,13,1,0.8508,0.002695
DQN,small_grid,4,356,17606,-31.0,22,1,0.8507,0.002434
DQN,small_grid,4,357,17612,5.0,6,1,0.8506,0.002073
DQN,small_grid,4,358,17619,-4.0,7,1,0.8506,0.002172
DQN,small_grid,4,359,17737,-275.0,118,1,0.8496,0.001657
DQN,small_grid,4,360,17785,-93.0,48,1,0.8491,0.000561
DQN,small_grid,4,361,17820,-88.0,35,1,0.8488,0.000494
DQN,small_grid,4,362,17869,-110.0,49,1,0.8484,0.001062
DQN,small_grid,4,363,17887,-27.0,18,1,0.8483,0.001821
DQN,small_grid,4,364,17907,-37.0,20,1,0.8481,0.001905
DQN,small_grid,4,365,17910,8.0,3,1,0.8481,0.002412
DQN,small_grid,4,366,17957,-92.0,47,1,0.8477,0.00158
DQN,small_grid,4,367,18011,-91.0,54,1,0.8472,0.001647
DQN,small_grid,4,368,18034,-44.0,23,1,0.847,0.001733
DQN,small_grid,4,369,18072,-63.0,38,1,0.8467,0.003613
DQN,small_grid,4,370,18115,-92.0,43,1,0.8463,0.003536
DQN,small_grid,4,371,18215,-185.0,100,1,0.8455,0.00139
DQN,small_grid,4,372,18216,10.0,1,1,0.8455,0.001138
DQN,small_grid,4,373,18220,3.0,4,1,0.8455,0.000857
DQN,small_grid,4,374,18246,-35.0,26,1,0.8452,0.001044
DQN,small_grid,4,375,18273,-48.0,27,1,0.845,0.000754
DQN,small_grid,4,376,18283,-7.0,10,1,0.8449,0.0008
DQN,small_grid,4,377,18300,-26.0,17,1,0.8448,0.000528
DQN,small_grid,4,378,18322,-43.0,22,1,0.8446,0.000634
DQN,small_grid,4,379,18325,8.0,3,1,0.8446,0.000547
DQN,small_grid,4,380,18365,-69.0,40,1,0.8442,0.000548
DQN,small_grid,4,381,18390,-42.0,25,1,0.844,0.000614
DQN,small_grid,4,382,18446,-109.0,56,1,0.8435,0.00092
DQN,small_grid,4,383,18454,-9.0,8,1,0.8435,0.000794
DQN,small_grid,4,384,18480,-55.0,26,1,0.8433,0.000769
DQN,small_grid,4,385,18505,-54.0,25,1,0.843,0.001467
DQN,small_grid,4,386,18577,-137.0,72,1,0.8424,0.003647
DQN,small_grid,4,387,18625,-81.0,48,1,0.842,0.00473
DQN,small_grid,4,388,18690,-142.0,65,1,0.8415,0.003372
DQN,small_grid,4,389,18751,-102.0,61,1,0.841,0.000733
DQN,small_grid,4,390,18793,-87.0,42,1,0.8406,0.000496
DQN,small_grid,4,391,18804,-8.0,11,1,0.8405,0.00054
DQN,small_grid,4,392,18822,-39.0,18,1,0.8403,0.000588
DQN,small_grid,4,393,18826,7.0,4,1,0.8403,0.000299
DQN,small_grid,4,394,18840,-11.0,14,1,0.8402,0.000469
DQN,small_grid,4,395,18846,-3.0,6,1,0.8401,0.000333
DQN,small_grid,4,396,18865,-32.0,19,1,0.84,0.000371
DQN,small_grid,4,397,18871,5.0,6,1,0.8399,0.000403
DQN,small_grid,4,398,18883,-17.0,12,1,0.8398,0.000263
DQN,small_grid,4,399,18903,-21.0,20,1,0.8397,0.00042
DQN,small_grid,4,400,18935,-57.0,32,1,0.8394,0.000338
DQN,small_grid,4,401,18953,-27.0,18,1,0.8392,0.000224
DQN,small_grid,4,402,18962,-10.0,9,1,0.8392,0.000705
DQN,small_grid,4,403,18987,-26.0,25,1,0.8389,0.001144
DQN,small_grid,4,404,19013,-63.0,26,1,0.8387,0.002151
DQN,small_grid,4,405,19048,-68.0,35,1,0.8384,0.0018
DQN,small_grid,4,406,19056,-5.0,8,1,0.8384,0.001436
DQN,small_grid,4,407,19062,1.0,6,1,0.8383,0.001185
DQN,small_grid,4,408,19092,-67.0,30,1,0.8381,0.001242
DQN,small_grid,4,409,19105,-14.0,13,1,0.8379,0.001023
DQN,small_grid,4,410,19121,-21.0,16,1,0.8378,0.000776
DQN,small_grid,4,411,19144,-24.0,23,1,0.8376,0.001107
DQN,small_grid,4,412,19150,5.0,6,1,0.8376,0.001181
DQN,small_grid,4,413,19184,-51.0,34,1,0.8373,0.000906
DQN,small_grid,4,414,19228,-65.0,44,1,0.8369,0.000574
DQN,small_grid,4,415,19231,8.0,3,1,0.8369,0.000679
DQN,small_grid,4,416,19248,-26.0,17,1,0.8367,0.000505
DQN,small_grid,4,417,19331,-172.0,83,1,0.836,0.000349
DQN,small_grid,4,418,19345,-27.0,14,1,0.8359,0.000517
DQN,small_grid,4,419,19357,-13.0,12,1,0.8358,0.000642
DQN,small_grid,4,420,19434,-178.0,77,1,0.8352,0.000524
DQN,small_grid,4,421,19514,-137.0,80,1,0.8345,0.001638
DQN,small_grid,4,422,19518,7.0,4,1,0.8344,0.003107
DQN,small_grid,4,423,19562,-97.0,44,1,0.8341,0.003178
DQN,small_grid,4,424,19607,-58.0,45,1,0.8337,0.002749
DQN,small_grid,4,425,19608,10.0,1,1,0.8337,0.002404
DQN,small_grid,4,426,19609,10.0,1,1,0.8337,0.002208
DQN,small_grid,4,427,19610,10.0,1,1,0.8337,0.001191
DQN,small_grid,4,428,19636,-55.0,26,1,0.8334,0.001399
DQN,small_grid,4,429,19641,2.0,5,1,0.8334,0.000937
DQN,small_grid,4,430,19705,-117.0,64,1,0.8329,0.001208
DQN,small_grid,4,431,19731,-39.0,26,1,0.8326,0.001106
DQN,small_grid,4,432,19749,-15.0,18,1,0.8325,0.000956
DQN,small_grid,4,433,19806,-134.0,57,1,0.832,0.000461
DQN,small_grid,4,434,19814,-9.0,8,1,0.8319,0.000346
DQN,small_grid,4,435,19831,-50.0,17,1,0.8318,0.000689
DQN,small_grid,4,436,19897,-119.0,66,1,0.8312,0.000863
DQN,small_grid,4,437,19978,-190.0,81,1,0.8305,0.001352
DQN,small_grid,4,438,20015,-106.0,37,1,0.8302,0.002517
DQN,small_grid,4,439,20019,7.0,4,1,0.8302,0.002968
DQN,small_grid,4,440,20028,-10.0,9,1,0.8301,0.002816
DQN,small_grid,4,441,20052,-37.0,24,1,0.8299,0.002114
DQN,small_grid,4,442,20079,-36.0,27,1,0.8297,0.001517
DQN,small_grid,4,443,20120,-58.0,41,1,0.8293,0.001092
DQN,small_grid,4,444,20136,-21.0,16,1,0.8292,0.00092
DQN,small_grid,4,445,20157,-46.0,21,1,0.829,0.001482
DQN,small_grid,4,446,20201,-69.0,44,1,0.8287,0.001708
DQN,small_grid,4,447,20202,10.0,1,1,0.8286,0.002225
DQN,small_grid,4,448,20255,-78.0,53,1,0.8282,0.001212
DQN,small_grid,4,449,20266,0.0,11,1,0.8281,0.000882
DQN,small_grid,4,450,20298,-73.0,32,1,0.8278,0.000867
DQN,small_grid,4,451,20308,-7.0,10,1,0.8277,0.000727
DQN,small_grid,4,452,20342,-51.0,34,1,0.8275,0.000797
DQN,small_grid,4,453,20361,-36.0,19,1,0.8273,0.000997
DQN,small_grid,4,454,20378,-30.0,17,1,0.8272,0.000665
DQN,small_grid,4,455,20426,-77.0,48,1,0.8267,0.000503
DQN,small_grid,4,456,20436,1.0,10,1,0.8267,0.00066
DQN,small_grid,4,457,20460,-45.0,24,1,0.8265,0.000536
DQN,small_grid,4,458,20511,-88.0,51,1,0.826,0.001137
DQN,small_grid,4,459,20540,-50.0,29,1,0.8258,0.003239
DQN,small_grid,4,460,20574,-55.0,34,1,0.8255,0.002289
DQN,small_grid,4,461,20599,-46.0,25,1,0.8253,0.001226
DQN,small_grid,4,462,20607,-1.0,8,1,0.8252,0.000987
DQN,small_grid,4,463,20638,-52.0,31,1,0.8249,0.000714
DQN,small_grid,4,464,20710,-165.0,72,1,0.8243,0.000436
DQN,small_grid,4,465,20713,4.0,3,1,0.8243,0.000343
DQN,small_grid,4,466,20718,6.0,5,1,0.8243,0.000446
DQN,small_grid,4,467,20727,-10.0,9,1,0.8242,0.00024
DQN,small_grid,4,468,20732,6.0,5,1,0.8241,0.000274
DQN,small_grid,4,469,20740,-5.0,8,1,0.8241,0.000195
DQN,small_grid,4,470,20766,-43.0,26,1,0.8239,0.000315
DQN,small_grid,4,471,20776,-11.0,10,1,0.8238,0.000326
DQN,small_grid,4,472,20782,1.0,6,1,0.8237,0.000394
DQN,small_grid,4,473,20804,-47.0,22,1,0.8235,0.000542
DQN,small_grid,4,474,20806,9.0,2,1,0.8235,0.000602
DQN,small_grid,4,475,20814,-1.0,8,1,0.8235,0.000581
DQN,small_grid,4,476,20830,-13.0,16,1,0.8233,0.000595
DQN,small_grid,4,477,20833,8.0,3,1,0.8233,0.000567
DQN,small_grid,4,478,20850,-22.0,17,1,0.8231,0.000782
DQN,small_grid,4,479,20853,8.0,3,1,0.8231,0.000918
DQN,small_grid,4,480,20878,-58.0,25,1,0.8229,0.001371
DQN,small_grid,4,481,20938,-93.0,60,1,0.8224,0.001716
DQN,small_grid,4,482,20939,10.0,1,1,0.8224,0.000807
DQN,small_grid,4,483,20950,-4.0,11,1,0.8223,0.00087
DQN,small_grid,4,484,20980,-51.0,30,1,0.822,0.001132
DQN,small_grid,4,485,21021,-70.0,41,1,0.8217,0.003072
DQN,small_grid,4,486,21030,-14.0,9,1,0.8216,0.003492
DQN,small_grid,4,487,21031,10.0,1,1,0.8216,0.003137
DQN,small_grid,4,488,21057,-47.0,26,1,0.8214,0.003402
DQN,small_grid,4,489,21097,-85.0,40,1,0.8211,0.003949
DQN,small_grid,4,490,21098,10.0,1,1,0.821,0.00275
DQN,small_grid,4,491,21130,-61.0,32,1,0.8208,0.002899
DQN,small_grid,4,492,21139,-10.0,9,1,0.8207,0.002129
DQN,small_grid,4,493,21184,-102.0,45,1,0.8203,0.002644
DQN,small_grid,4,494,21186,5.0,2,1,0.8203,0.002541
DQN,small_grid,4,495,21189,8.0,3,1,0.8203,0.002496
DQN,small_grid,4,496,21195,-7.0,6,1,0.8202,0.003177
DQN,small_grid,4,497,21199,3.0,4,1,0.8202,0.003084
DQN,small_grid,4,498,21210,-8.0,11,1,0.8201,0.002664
DQN,small_grid,4,499,21230,-37.0,20,1,0.8199,0.003099
DQN,small_grid,4,500,21244,-19.0,14,1,0.8198,0.002389
DQN,small_grid,4,501,21261,-38.0,17,1,0.8197,0.00178
DQN,small_grid,4,502,21290,-50.0,29,1,0.8194,0.001083
DQN,small_grid,4,503,21321,-52.0,31,1,0.8192,0.002116
DQN,small_grid,4,504,21331,-7.0,10,1,0.8191,0.001762
DQN,small_grid,4,505,21346,-8.0,15,1,0.8189,0.001288
DQN,small_grid,4,506,21349,4.0,3,1,0.8189,0.000947
DQN,small_grid,4,507,21380,-48.0,31,1,0.8187,0.000697
DQN,small_grid,4,508,21455,-132.0,75,1,0.818,0.000551
DQN,small_grid,4,509,21476,-50.0,21,1,0.8178,0.000786
DQN,small_grid,4,510,21505,-46.0,29,1,0.8176,0.001569
DQN,small_grid,4,511,21528,-40.0,23,1,0.8174,0.003045
DQN,small_grid,4,512,21542,-7.0,14,1,0.8173,0.00182
DQN,small_grid,4,513,21571,-50.0,29,1,0.817,0.001232
DQN,small_grid,4,514,21581,-15.0,10,1,0.8169,0.00072
DQN,small_grid,4,515,21588,0.0,7,1,0.8169,0.000627
DQN,small_grid,4,516,21611,-36.0,23,1,0.8167,0.000558
DQN,small_grid,4,517,21666,-124.0,55,1,0.8162,0.001066
DQN,small_grid,4,518,21702,-81.0,36,1,0.8159,0.001365
DQN,small_grid,4,519,21712,-15.0,10,1,0.8158,0.00086
DQN,small_grid,4,520,21758,-87.0,46,1,0.8154,0.001073
DQN,small_grid,4,521,21794,-53.0,36,1,0.8151,0.000979
DQN,small_grid,4,522,21801,-4.0,7,1,0.8151,0.000815
DQN,small_grid,4,523,21819,-31.0,18,1,0.8149,0.000711
DQN,small_grid,4,524,21826,0.0,7,1,0.8149,0.000475
DQN,small_grid,4,525,21838,-25.0,12,1,0.8148,0.0008
DQN,small_grid,4,526,21871,-62.0,33,1,0.8145,0.000632
DQN,small_grid,4,527,21924,-106.0,53,1,0.814,0.000592
DQN,small_grid,4,528,21954,-47.0,30,1,0.8138,0.000521
DQN,small_grid,4,529,21967,-10.0,13,1,0.8137,0.000816
DQN,small_grid,4,530,21986,-20.0,19,1,0.8135,0.000859
DQN,small_grid,4,531,21995,2.0,9,1,0.8134,0.000641
DQN,small_grid,4,532,22014,-36.0,19,1,0.8133,0.002761
DQN,small_grid,4,533,22029,-40.0,15,1,0.8131,0.002324
DQN,small_grid,4,534,22044,-20.0,15,1,0.813,0.001773
DQN,small_grid,4,535,22065,-46.0,21,1,0.8128,0.001704
DQN,small_grid,4,536,22081,-21.0,16,1,0.8127,0.0019
DQN,small_grid,4,537,22137,-117.0,56,1,0.8122,0.002276
DQN,small_grid,4,538,22145,-9.0,8,1,0.8122,0.001723
DQN,small_grid,4,539,22153,3.0,8,1,0.8121,0.001367
DQN,small_grid,4,540,22170,-22.0,17,1,0.812,0.001444
DQN,small_grid,4,541,22240,-115.0,70,1,0.8114,0.000793
DQN,small_grid,4,542,22270,-51.0,30,1,0.8111,0.000679
DQN,small_grid,4,543,22352,-171.0,82,1,0.8104,0.000778
DQN,small_grid,4,544,22394,-75.0,42,1,0.8101,0.000403
DQN,small_grid,4,545,22396,5.0,2,1,0.81,0.00036
DQN,small_grid,4,546,22439,-84.0,43,1,0.8097,0.000304
DQN,small_grid,4,547,22468,-74.0,29,1,0.8094,0.000547
DQN,small_grid,4,548,22500,-49.0,32,1,0.8092,0.000852
DQN,small_grid,4,549,22511,-20.0,11,1,0.8091,0.004255
DQN,small_grid,4,550,22659,-293.0,148,1,0.8078,0.003184
DQN,small_grid,4,551,22665,-3.0,6,1,0.8078,0.001667
DQN,small_grid,4,552,22723,-103.0,58,1,0.8073,0.001185
DQN,small_grid,4,553,22738,-28.0,15,1,0.8071,0.001142
DQN,small_grid,4,554,22762,-41.0,24,1,0.8069,0.000732
DQN,small_grid,4,555,22772,1.0,10,1,0.8068,0.000476
DQN,small_grid,4,556,22808,-65.0,36,1,0.8065,0.000434
DQN,small_grid,4,557,22831,-20.0,23,1,0.8063,0.000429
DQN,small_grid,4,558,22860,-58.0,29,1,0.8061,0.000397
DQN,small_grid,4,559,22862,5.0,2,1,0.8061,0.000284
DQN,small_grid,4,560,22889,-52.0,27,1,0.8059,0.000339
DQN,small_grid,4,561,22924,-64.0,35,1,0.8056,0.000497
DQN,small_grid,4,562,22992,-129.0,68,1,0.805,0.00035
DQN,small_grid,4,563,23006,-7.0,14,1,0.8049,0.001403
DQN,small_grid,4,564,23040,-67.0,34,1,0.8046,0.002455
DQN,small_grid,4,565,23078,-75.0,38,1,0.8042,0.002506
DQN,small_grid,4,566,23079,10.0,1,1,0.8042,0.002165
DQN,small_grid,4,567,23081,9.0,2,1,0.8042,0.002348
DQN,small_grid,4,568,23087,-3.0,6,1,0.8042,0.00159
DQN,small_grid,4,569,23091,7.0,4,1,0.8041,0.001945
DQN,small_grid,4,570,23107,-33.0,16,1,0.804,0.002163
DQN,small_grid,4,571,23130,-32.0,23,1,0.8038,0.001862
DQN,small_grid,4,572,23132,9.0,2,1,0.8038,0.001219
DQN,small_grid,4,573,23145,-18.0,13,1,0.8037,0.001447
DQN,small_grid,4,574,23196,-76.0,51,1,0.8032,0.001337
DQN,small_grid,4,575,23249,-94.0,53,1,0.8028,0.000628
DQN,small_grid,4,576,23253,7.0,4,1,0.8028,0.000579
DQN,small_grid,4,577,23273,-21.0,20,1,0.8026,0.000524
DQN,small_grid,4,578,23307,-71.0,34,1,0.8023,0.000292
DQN,small_grid,4,579,23310,4.0,3,1,0.8023,0.000306
DQN,small_grid,4,580,23350,-61.0,40,1,0.8019,0.000254
DQN,small_grid,4,581,23365,-20.0,15,1,0.8018,0.000226
DQN,small_grid,4,582,23382,-22.0,17,1,0.8017,0.00037
DQN,small_grid,4,583,23421,-52.0,39,1,0.8013,0.000386
DQN,small_grid,4,584,23433,-13.0,12,1,0.8012,0.000373
DQN,small_grid,4,585,23478,-86.0,45,1,0.8009,0.000631
DQN,small_grid,4,586,23492,-23.0,14,1,0.8007,0.000558
DQN,small_grid,4,587,23502,-19.0,10,1,0.8007,0.001207
DQN,small_grid,4,588,23516,-15.0,14,1,0.8005,0.001789
DQN,small_grid,4,589,23547,-52.0,31,1,0.8003,0.002423
DQN,small_grid,4,590,23577,-55.0,30,1,0.8,0.001586
DQN,small_grid,4,591,23594,-30.0,17,1,0.7999,0.00135
DQN,small_grid,4,592,23596,9.0,2,1,0.7999,0.00131
DQN,small_grid,4,593,23612,-13.0,16,1,0.7997,0.001319
DQN,small_grid,4,594,23658,-91.0,46,1,0.7993,0.000724
DQN,small_grid,4,595,23713,-96.0,55,1,0.7989,0.000684
DQN,small_grid,4,596,23726,-10.0,13,1,0.7988,0.000428
DQN,small_grid,4,597,23751,-58.0,25,1,0.7985,0.000266
DQN,small_grid,4,598,23758,0.0,7,1,0.7985,0.000246
DQN,small_grid,4,599,23779,-54.0,21,1,0.7983,0.000629
DQN,small_grid,4,600,23813,-67.0,34,1,0.798,0.000409
DQN,small_grid,4,601,23845,-53.0,32,1,0.7977,0.000226
DQN,small_grid,4,602,23858,-14.0,13,1,0.7976,0.000233
DQN,small_grid,4,603,23872,-11.0,14,1,0.7975,0.000147
DQN,small_grid,4,604,23890,-27.0,18,1,0.7974,0.000206
DQN,small_grid,4,605,23916,-75.0,26,1,0.7971,0.000445
DQN,small_grid,4,606,23927,-12.0,11,1,0.797,0.000531
DQN,small_grid,4,607,23937,-7.0,10,1,0.797,0.000926
DQN,small_grid,4,608,23950,-22.0,13,1,0.7969,0.000929
DQN,small_grid,4,609,23953,4.0,3,1,0.7968,0.00135
DQN,small_grid,4,610,23964,-16.0,11,1,0.7967,0.00119
DQN,small_grid,4,611,23987,-48.0,23,1,0.7965,0.001508
DQN,small_grid,4,612,23995,-5.0,8,1,0.7965,0.001532
DQN,small_grid,4,613,23996,10.0,1,1,0.7965,0.002199
DQN,small_grid,4,614,23999,4.0,3,1,0.7964,0.002025
DQN,small_grid,4,615,24026,-48.0,27,1,0.7962,0.002304
DQN,small_grid,4,616,24053,-72.0,27,1,0.796,0.001585
DQN,small_grid,4,617,24060,0.0,7,1,0.7959,0.001445
DQN,small_grid,4,618,24062,9.0,2,1,0.7959,0.001072
DQN,small_grid,4,619,24068,-3.0,6,1,0.7959,0.001667
DQN,small_grid,4,620,24087,-16.0,19,1,0.7957,0.001633
DQN,small_grid,4,621,24120,-70.0,33,1,0.7954,0.001805
DQN,small_grid,4,622,24129,-2.0,9,1,0.7953,0.002234
DQN,small_grid,4,623,24198,-154.0,69,1,0.7947,0.002921
DQN,small_grid,4,624,24244,-87.0,46,1,0.7944,0.003352
DQN,small_grid,4,625,24268,-41.0,24,1,0.7942,0.002297
DQN,small_grid,4,626,24289,-30.0,21,1,0.794,0.00235
DQN,small_grid,4,627,24296,-4.0,7,1,0.7939,0.00318
DQN,small_grid,4,628,24307,-16.0,11,1,0.7938,0.002558
DQN,small_grid,4,629,24314,-4.0,7,1,0.7938,0.0022
DQN,small_grid,4,630,24324,1.0,10,1,0.7937,0.001696
DQN,small_grid,4,631,24325,10.0,1,1,0.7937,0.00148
DQN,small_grid,4,632,24326,10.0,1,1,0.7937,0.001229
DQN,small_grid,4,633,24344,-27.0,18,1,0.7935,0.001111
DQN,small_grid,4,634,24368,-45.0,24,1,0.7933,0.000493
DQN,small_grid,4,635,24380,-1.0,12,1,0.7932,0.000367
DQN,small_grid,4,636,24445,-122.0,65,1,0.7927,0.000202
DQN,small_grid,4,637,24452,-8.0,7,1,0.7926,0.000163
DQN,small_grid,4,638,24476,-37.0,24,1,0.7924,0.000171
DQN,small_grid,4,639,24511,-64.0,35,1,0.7921,0.001059
DQN,small_grid,4,640,24540,-46.0,29,1,0.7918,0.002159
DQN,small_grid,4,641,24566,-39.0,26,1,0.7916,0.001424
DQN,small_grid,4,642,24571,-2.0,5,1,0.7916,0.00113
DQN,small_grid,4,643,24574,8.0,3,1,0.7916,0.000988
DQN,small_grid,4,644,24588,-19.0,14,1,0.7914,0.001481
DQN,small_grid,4,645,24626,-99.0,38,1,0.7911,0.000862
DQN,small_grid,4,646,24643,-26.0,17,1,0.791,0.000673
DQN,small_grid,4,647,24696,-118.0,53,1,0.7905,0.000749
DQN,small_grid,4,648,24717,-22.0,21,1,0.7903,0.000414
DQN,small_grid,4,649,24744,-44.0,27,1,0.7901,0.000365
DQN,small_grid,4,650,24751,4.0,7,1,0.7901,0.00047
DQN,small_grid,4,651,24771,-49.0,20,1,0.7899,0.000528
DQN,small_grid,4,652,24800,-30.0,29,1,0.7896,0.000583
DQN,small_grid,4,653,24814,-11.0,14,1,0.7895,0.000709
DQN,small_grid,4,654,24821,-4.0,7,1,0.7895,0.000743
DQN,small_grid,4,655,24903,-187.0,82,1,0.7888,0.000443
DQN,small_grid,4,656,24915,-5.0,12,1,0.7887,0.000317
DQN,small_grid,4,657,24945,-43.0,30,1,0.7884,0.000752
DQN,small_grid,4,658,24987,-107.0,42,1,0.7881,0.001084
DQN,small_grid,4,659,24988,10.0,1,1,0.788,0.000729
DQN,small_grid,4,660,25006,-31.0,18,1,0.7879,0.002015
DQN,small_grid,4,661,25007,10.0,1,1,0.7879,0.005504
DQN,small_grid,4,662,25013,-7.0,6,1,0.7878,0.003696
DQN,small_grid,4,663,25023,-7.0,10,1,0.7878,0.004103
DQN,small_grid,4,664,25048,-46.0,25,1,0.7875,0.003622
DQN,small_grid,4,665,25066,-15.0,18,1,0.7874,0.002874
DQN,small_grid,4,666,25090,-29.0,24,1,0.7872,0.004302
DQN,small_grid,4,667,25099,-6.0,9,1,0.7871,0.005174
DQN,small_grid,4,668,25104,6.0,5,1,0.7871,0.00361
DQN,small_grid,4,669,25106,9.0,2,1,0.787,0.005232
DQN,small_grid,4,670,25147,-74.0,41,1,0.7867,0.004079
DQN,small_grid,4,671,25149,9.0,2,1,0.7867,0.001923
DQN,small_grid,4,672,25210,-106.0,61,1,0.7862,0.001155
DQN,small_grid,4,673,25223,-14.0,13,1,0.7861,0.000843
DQN,small_grid,4,674,25237,-15.0,14,1,0.7859,0.000469
DQN,small_grid,4,675,25255,-15.0,18,1,0.7858,0.000362
DQN,small_grid,4,676,25280,-42.0,25,1,0.7856,0.000325
DQN,small_grid,4,677,25314,-91.0,34,1,0.7853,0.000243
DQN,small_grid,4,678,25315,10.0,1,1,0.7853,0.000139
DQN,small_grid,4,679,25348,-34.0,33,1,0.785,0.000186
DQN,small_grid,4,680,25394,-95.0,46,1,0.7846,0.000128
DQN,small_grid,4,681,25467,-134.0,73,1,0.784,0.000128
DQN,small_grid,4,682,25520,-86.0,53,1,0.7835,0.002391
DQN,small_grid,4,683,25557,-78.0,37,1,0.7832,0.005197
DQN,small_grid,4,684,25559,9.0,2,1,0.7832,0.002974
DQN,small_grid,4,685,25602,-72.0,43,1,0.7828,0.003916
DQN,small_grid,4,686,25629,-44.0,27,1,0.7826,0.00116
DQN,small_grid,4,687,25659,-43.0,30,1,0.7824,0.000815
DQN,small_grid,4,688,25731,-157.0,72,1,0.7817,0.000381
DQN,small_grid,4,689,25752,-34.0,21,1,0.7816,0.000139
DQN,small_grid,4,690,25761,2.0,9,1,0.7815,9.6e-05
DQN,small_grid,4,691,25808,-84.0,47,1,0.7811,0.000116
DQN,small_grid,4,692,25809,10.0,1,1,0.7811,0.000132
DQN,small_grid,4,693,25810,10.0,1,1,0.7811,7.1e-05
DQN,small_grid,4,694,25811,10.0,1,1,0.7811,0.000163
DQN,small_grid,4,695,25825,-7.0,14,1,0.7809,0.000123
DQN,small_grid,4,696,25838,-14.0,13,1,0.7808,0.000122
DQN,small_grid,4,697,25853,-16.0,15,1,0.7807,7.3e-05
DQN,small_grid,4,698,25854,10.0,1,1,0.7807,5.3e-05
DQN,small_grid,4,699,25878,-49.0,24,1,0.7805,7.4e-05
DQN,small_grid,4,700,25905,-40.0,27,1,0.7803,9.3e-05
DQN,small_grid,4,701,25911,1.0,6,1,0.7802,0.00014
DQN,small_grid,4,702,26018,-216.0,107,1,0.7793,0.000907
DQN,small_grid,4,703,26030,-21.0,12,1,0.7792,0.003413
DQN,small_grid,4,704,26078,-97.0,48,1,0.7788,0.00197
DQN,small_grid,4,705,26093,-20.0,15,1,0.7787,0.000874
DQN,small_grid,4,706,26097,7.0,4,1,0.7786,0.000644
DQN,small_grid,4,707,26142,-114.0,45,1,0.7783,0.000568
DQN,small_grid,4,708,26153,-12.0,11,1,0.7782,0.000397
DQN,small_grid,4,709,26162,-6.0,9,1,0.7781,0.000281
DQN,small_grid,4,710,26177,-8.0,15,1,0.778,0.00031
DQN,small_grid,4,711,26196,-20.0,19,1,0.7778,0.000397
DQN,small_grid,4,712,26198,5.0,2,1,0.7778,0.000356
DQN,small_grid,4,713,26199,10.0,1,1,0.7778,0.000403
DQN,small_grid,4,714,26216,-18.0,17,1,0.7776,0.000359
DQN,small_grid,4,715,26232,-29.0,16,1,0.7775,0.000413
DQN,small_grid,4,716,26267,-60.0,35,1,0.7772,0.000967
DQN,small_grid,4,717,26300,-90.0,33,1,0.7769,0.000913
DQN,small_grid,4,718,26307,0.0,7,1,0.7769,0.000657
DQN,small_grid,4,719,26327,-49.0,20,1,0.7767,0.000477
DQN,small_grid,4,720,26366,-56.0,39,1,0.7764,0.000713
DQN,small_grid,4,721,26399,-62.0,33,1,0.7761,0.000682
DQN,small_grid,4,722,26451,-121.0,52,1,0.7756,0.000776
DQN,small_grid,4,723,26470,-16.0,19,1,0.7755,0.000474
DQN,small_grid,4,724,26494,-49.0,24,1,0.7753,0.000381
DQN,small_grid,4,725,26532,-55.0,38,1,0.775,0.005274
DQN,small_grid,4,726,26539,-4.0,7,1,0.7749,0.002943
DQN,small_grid,4,727,26553,-19.0,14,1,0.7748,0.002999
DQN,small_grid,4,728,26561,-1.0,8,1,0.7747,0.003179
DQN,small_grid,4,729,26578,-14.0,17,1,0.7746,0.002341
DQN,small_grid,4,730,26598,-41.0,20,1,0.7744,0.00386
DQN,small_grid,4,731,26658,-101.0,60,1,0.7739,0.002756
DQN,small_grid,4,732,26680,-23.0,22,1,0.7737,0.001761
DQN,small_grid,4,733,26690,-7.0,10,1,0.7736,0.001542
DQN,small_grid,4,734,26708,-23.0,18,1,0.7735,0.001586
DQN,small_grid,4,735,26720,-9.0,12,1,0.7734,0.000989
DQN,small_grid,4,736,26721,10.0,1,1,0.7733,0.00056
DQN,small_grid,4,737,26740,-28.0,19,1,0.7732,0.001098
DQN,small_grid,4,738,26766,-43.0,26,1,0.773,0.000839
DQN,small_grid,4,739,26835,-146.0,69,1,0.7724,0.000712
DQN,small_grid,4,740,26843,-1.0,8,1,0.7723,0.00074
DQN,small_grid,4,741,26940,-242.0,97,1,0.7715,0.000487
DQN,small_grid,4,742,26969,-50.0,29,1,0.7712,0.000508
DQN,small_grid,4,743,26993,-53.0,24,1,0.771,0.000303
DQN,small_grid,4,744,27009,-33.0,16,1,0.7709,0.003969
DQN,small_grid,4,745,27037,-41.0,28,1,0.7707,0.006495
DQN,small_grid,4,746,27152,-244.0,115,1,0.7697,0.002251
DQN,small_grid,4,747,27170,-43.0,18,1,0.7695,0.000839
DQN,small_grid,4,748,27179,-6.0,9,1,0.7695,0.000526
DQN,small_grid,4,749,27182,8.0,3,1,0.7694,0.000413
DQN,small_grid,4,750,27183,10.0,1,1,0.7694,0.000751
DQN,small_grid,4,751,27205,-55.0,22,1,0.7692,0.000368
DQN,small_grid,4,752,27211,5.0,6,1,0.7692,0.000276
DQN,small_grid,4,753,27302,-144.0,91,1,0.7684,0.000325
DQN,small_grid,4,754,27327,-34.0,25,1,0.7682,0.000431
DQN,small_grid,4,755,27338,-4.0,11,1,0.7681,0.00035
DQN,small_grid,4,756,27345,4.0,7,1,0.7681,0.000324
DQN,small_grid,4,757,27403,-107.0,58,1,0.7676,0.000413
DQN,small_grid,4,758,27429,-67.0,26,1,0.7673,0.000271
DQN,small_grid,4,759,27442,-10.0,13,1,0.7672,0.000157
DQN,small_grid,4,760,27484,-79.0,42,1,0.7669,0.000262
DQN,small_grid,4,761,27492,3.0,8,1,0.7668,0.000204
DQN,small_grid,4,762,27503,-12.0,11,1,0.7667,0.002674
DQN,small_grid,4,763,27517,-23.0,14,1,0.7666,0.004568
DQN,small_grid,4,764,27533,-21.0,16,1,0.7665,0.002927
DQN,small_grid,4,765,27541,-1.0,8,1,0.7664,0.002079
DQN,small_grid,4,766,27556,-24.0,15,1,0.7663,0.001762
DQN,small_grid,4,767,27575,-12.0,19,1,0.7661,0.001149
DQN,small_grid,4,768,27594,-28.0,19,1,0.7659,0.001367
DQN,small_grid,4,769,27611,-22.0,17,1,0.7658,0.000962
DQN,small_grid,4,770,27646,-84.0,35,1,0.7655,0.00145
DQN,small_grid,4,771,27680,-39.0,34,1,0.7652,0.001558
DQN,small_grid,4,772,27693,-22.0,13,1,0.7651,0.000812
DQN,small_grid,4,773,27701,-9.0,8,1,0.765,0.000512
DQN,small_grid,4,774,27754,-94.0,53,1,0.7646,0.000341
DQN,small_grid,4,775,27756,9.0,2,1,0.7646,0.000266
DQN,small_grid,4,776,27758,9.0,2,1,0.7646,0.000409
DQN,small_grid,4,777,27777,-28.0,19,1,0.7644,0.000353
DQN,small_grid,4,778,27781,7.0,4,1,0.7644,0.000322
DQN,small_grid,4,779,27798,-30.0,17,1,0.7642,0.000275
DQN,small_grid,4,780,27836,-59.0,38,1,0.7639,0.000323
DQN,small_grid,4,781,27841,2.0,5,1,0.7638,0.000386
DQN,small_grid,4,782,27842,10.0,1,1,0.7638,0.000451
DQN,small_grid,4,783,27846,3.0,4,1,0.7638,0.00032
DQN,small_grid,4,784,27850,3.0,4,1,0.7638,0.000261
DQN,small_grid,4,785,27860,-3.0,10,1,0.7637,0.000258
DQN,small_grid,4,786,27868,-1.0,8,1,0.7636,0.000411
DQN,small_grid,4,787,27877,-2.0,9,1,0.7635,0.00067
DQN,small_grid,4,788,27920,-80.0,43,1,0.7632,0.000951
DQN,small_grid,4,789,27933,-18.0,13,1,0.7631,0.001181
DQN,small_grid,4,790,28039,-231.0,106,1,0.7622,0.002063
DQN,small_grid,4,791,28047,-5.0,8,1,0.7621,0.003909
DQN,small_grid,4,792,28098,-84.0,51,1,0.7617,0.002447
DQN,small_grid,4,793,28121,-44.0,23,1,0.7615,0.001296
DQN,small_grid,4,794,28131,-3.0,10,1,0.7614,0.000974
DQN,small_grid,4,795,28149,-35.0,18,1,0.7612,0.001405
DQN,small_grid,4,796,28151,5.0,2,1,0.7612,0.00147
DQN,small_grid,4,797,28189,-91.0,38,1,0.7609,0.000971
DQN,small_grid,4,798,28216,-24.0,27,1,0.7607,0.001131
DQN,small_grid,4,799,28243,-40.0,27,1,0.7604,0.001415
DQN,small_grid,4,800,28264,-30.0,21,1,0.7603,0.000897
DuelingDQN,small_grid,4,1,22,-35.0,22,1,0.9998,
DuelingDQN,small_grid,4,2,122,-229.0,100,1,0.999,
DuelingDQN,small_grid,4,3,295,-418.0,173,1,0.9975,
DuelingDQN,small_grid,4,4,495,-484.0,200,0,0.9958,
DuelingDQN,small_grid,4,5,637,-359.0,142,1,0.9946,
DuelingDQN,small_grid,4,6,837,-508.0,200,0,0.9929,
DuelingDQN,small_grid,4,7,845,-1.0,8,1,0.9928,
DuelingDQN,small_grid,4,8,879,-99.0,34,1,0.9926,
DuelingDQN,small_grid,4,9,891,-25.0,12,1,0.9925,
DuelingDQN,small_grid,4,10,1000,-262.0,109,1,0.9915,1.703346
DuelingDQN,small_grid,4,11,1003,8.0,3,1,0.9915,1.764586
DuelingDQN,small_grid,4,12,1029,-55.0,26,1,0.9913,1.318982
DuelingDQN,small_grid,4,13,1229,-512.0,200,0,0.9896,0.234389
DuelingDQN,small_grid,4,14,1429,-572.0,200,0,0.9879,0.040619
DuelingDQN,small_grid,4,15,1629,-492.0,200,0,0.9862,0.102415
DuelingDQN,small_grid,4,16,1636,0.0,7,1,0.9861,0.016299
DuelingDQN,small_grid,4,17,1732,-257.0,96,1,0.9853,0.037582
DuelingDQN,small_grid,4,18,1852,-297.0,120,1,0.9843,0.003573
DuelingDQN,small_grid,4,19,1986,-299.0,134,1,0.9832,0.007423
DuelingDQN,small_grid,4,20,2186,-492.0,200,0,0.9815,0.126384
DuelingDQN,small_grid,4,21,2236,-107.0,50,1,0.981,0.006219
DuelingDQN,small_grid,4,22,2436,-508.0,200,0,0.9793,0.008588
DuelingDQN,small_grid,4,23,2483,-120.0,47,1,0.9789,0.007224
DuelingDQN,small_grid,4,24,2498,-24.0,15,1,0.9788,0.000439
DuelingDQN,small_grid,4,25,2539,-90.0,41,1,0.9785,0.369837
DuelingDQN,small_grid,4,26,2560,-30.0,21,1,0.9783,0.168121
DuelingDQN,small_grid,4,27,2561,10.0,1,1,0.9783,0.13514
DuelingDQN,small_grid,4,28,2629,-133.0,68,1,0.9777,0.053301
DuelingDQN,small_grid,4,29,2683,-119.0,54,1,0.9773,0.022261
DuelingDQN,small_grid,4,30,2700,-38.0,17,1,0.9771,0.00846
DuelingDQN,small_grid,4,31,2778,-171.0,78,1,0.9764,0.007678
DuelingDQN,small_grid,4,32,2846,-129.0,68,1,0.9759,0.004559
DuelingDQN,small_grid,4,33,2935,-194.0,89,1,0.9751,0.001054
DuelingDQN,small_grid,4,34,3077,-319.0,142,1,0.9739,0.279886
DuelingDQN,small_grid,4,35,3111,-51.0,34,1,0.9736,0.116183
DuelingDQN,small_grid,4,36,3285,-395.0,174,1,0.9721,0.010275
DuelingDQN,small_grid,4,37,3321,-89.0,36,1,0.9718,0.000357
DuelingDQN,small_grid,4,38,3357,-97.0,36,1,0.9715,0.000336
DuelingDQN,small_grid,4,39,3373,-29.0,16,1,0.9714,0.000324
DuelingDQN,small_grid,4,40,3385,-9.0,12,1,0.9713,0.000293
DuelingDQN,small_grid,4,41,3389,3.0,4,1,0.9713,0.000255
DuelingDQN,small_grid,4,42,3589,-488.0,200,0,0.9696,0.228869
DuelingDQN,small_grid,4,43,3692,-212.0,103,1,0.9687,0.056812
DuelingDQN,small_grid,4,44,3774,-187.0,82,1,0.968,0.006066
DuelingDQN,small_grid,4,45,3826,-145.0,52,1,0.9676,0.004498
DuelingDQN,small_grid,4,46,3971,-374.0,145,1,0.9663,0.000857
DuelingDQN,small_grid,4,47,3982,-16.0,11,1,0.9662,0.000473
DuelingDQN,small_grid,4,48,4093,-248.0,111,1,0.9653,0.358927
DuelingDQN,small_grid,4,49,4256,-332.0,163,1,0.9639,0.008969
DuelingDQN,small_grid,4,50,4456,-564.0,200,0,0.9622,0.000317
DuelingDQN,small_grid,4,51,4620,-393.0,164,1,0.9608,0.21143
DuelingDQN,small_grid,4,52,4697,-230.0,77,1,0.9602,0.002536
DuelingDQN,small_grid,4,53,4768,-168.0,71,1,0.9596,0.00027
DuelingDQN,small_grid,4,54,4810,-95.0,42,1,0.9592,0.000205
DuelingDQN,small_grid,4,55,4835,-50.0,25,1,0.959,0.000247
DuelingDQN,small_grid,4,56,4894,-104.0,59,1,0.9585,0.000177
DuelingDQN,small_grid,4,57,5038,-337.0,144,1,0.9573,0.142199
DuelingDQN,small_grid,4,58,5128,-175.0,90,1,0.9565,0.059612
DuelingDQN,small_grid,4,59,5147,-44.0,19,1,0.9564,0.00662
DuelingDQN,small_grid,4,60,5184,-86.0,37,1,0.956,0.001903
DuelingDQN,small_grid,4,61,5185,10.0,1,1,0.956,0.000728
DuelingDQN,small_grid,4,62,5210,-42.0,25,1,0.9558,0.00054
DuelingDQN,small_grid,4,63,5328,-279.0,118,1,0.9548,0.00021
DuelingDQN,small_grid,4,64,5340,-21.0,12,1,0.9547,0.000138
DuelingDQN,small_grid,4,65,5389,-90.0,49,1,0.9543,0.000139
DuelingDQN,small_grid,4,66,5558,-438.0,169,1,0.9529,0.105236
DuelingDQN,small_grid,4,67,5577,-28.0,19,1,0.9527,0.03646
DuelingDQN,small_grid,4,68,5587,-3.0,10,1,0.9526,0.026968
DuelingDQN,small_grid,4,69,5597,-11.0,10,1,0.9525,0.019266
DuelingDQN,small_grid,4,70,5620,-28.0,23,1,0.9523,0.008412
DuelingDQN,small_grid,4,71,5789,-406.0,169,1,0.9509,0.001885
DuelingDQN,small_grid,4,72,5989,-472.0,200,0,0.9492,0.000129
DuelingDQN,small_grid,4,73,6006,-30.0,17,1,0.9491,0.323409
DuelingDQN,small_grid,4,74,6040,-63.0,34,1,0.9488,0.183592
DuelingDQN,small_grid,4,75,6112,-221.0,72,1,0.9482,0.00648
DuelingDQN,small_grid,4,76,6148,-61.0,36,1,0.9479,0.000354
DuelingDQN,small_grid,4,77,6263,-308.0,115,1,0.9469,9.9e-05
DuelingDQN,small_grid,4,78,6271,-13.0,8,1,0.9468,8.7e-05
DuelingDQN,small_grid,4,79,6298,-52.0,27,1,0.9466,7.5e-05
DuelingDQN,small_grid,4,80,6498,-520.0,200,0,0.9449,5.9e-05
DuelingDQN,small_grid,4,81,6519,-22.0,21,1,0.9447,0.069114
DuelingDQN,small_grid,4,82,6565,-131.0,46,1,0.9443,0.008411
DuelingDQN,small_grid,4,83,6721,-297.0,156,1,0.943,0.000275
DuelingDQN,small_grid,4,84,6802,-182.0,81,1,0.9423,4.3e-05
DuelingDQN,small_grid,4,85,6863,-126.0,61,1,0.9418,4e-05
DuelingDQN,small_grid,4,86,6866,4.0,3,1,0.9418,4.5e-05
DuelingDQN,small_grid,4,87,6891,-46.0,25,1,0.9416,3.9e-05
DuelingDQN,small_grid,4,88,6998,-252.0,107,1,0.9407,3.7e-05
DuelingDQN,small_grid,4,89,7105,-244.0,107,1,0.9397,0.00015
DuelingDQN,small_grid,4,90,7136,-48.0,31,1,0.9395,4.1e-05
DuelingDQN,small_grid,4,91,7212,-173.0,76,1,0.9388,2.9e-05
DuelingDQN,small_grid,4,92,7215,8.0,3,1,0.9388,2.8e-05
DuelingDQN,small_grid,4,93,7241,-59.0,26,1,0.9386,2.9e-05
DuelingDQN,small_grid,4,94,7333,-209.0,92,1,0.9378,3.8e-05
DuelingDQN,small_grid,4,95,7371,-91.0,38,1,0.9375,2.7e-05
DuelingDQN,small_grid,4,96,7414,-80.0,43,1,0.9371,3.1e-05
DuelingDQN,small_grid,4,97,7418,-1.0,4,1,0.9371,2.9e-05
DuelingDQN,small_grid,4,98,7452,-67.0,34,1,0.9368,3.2e-05
DuelingDQN,small_grid,4,99,7460,-13.0,8,1,0.9367,3.7e-05
DuelingDQN,small_grid,4,100,7493,-62.0,33,1,0.9365,4.6e-05
DuelingDQN,small_grid,4,101,7513,-25.0,20,1,0.9363,0.00037
DuelingDQN,small_grid,4,102,7569,-125.0,56,1,0.9358,0.000174
DuelingDQN,small_grid,4,103,7575,1.0,6,1,0.9358,0.000137
DuelingDQN,small_grid,4,104,7628,-118.0,53,1,0.9353,9.1e-05
DuelingDQN,small_grid,4,105,7649,-66.0,21,1,0.9351,6.5e-05
DuelingDQN,small_grid,4,106,7794,-290.0,145,1,0.9339,5.4e-05
DuelingDQN,small_grid,4,107,7827,-70.0,33,1,0.9336,3.5e-05
DuelingDQN,small_grid,4,108,7837,-7.0,10,1,0.9335,2.9e-05
DuelingDQN,small_grid,4,109,7852,-28.0,15,1,0.9334,3.5e-05
DuelingDQN,small_grid,4,110,7894,-111.0,42,1,0.9331,5.7e-05
DuelingDQN,small_grid,4,111,7968,-131.0,74,1,0.9324,0.000163
DuelingDQN,small_grid,4,112,7971,8.0,3,1,0.9324,0.000197
DuelingDQN,small_grid,4,113,8031,-129.0,60,1,0.9319,0.000549
DuelingDQN,small_grid,4,114,8054,-56.0,23,1,0.9317,0.000538
DuelingDQN,small_grid,4,115,8055,10.0,1,1,0.9317,0.000502
DuelingDQN,small_grid,4,116,8105,-103.0,50,1,0.9313,0.000754
DuelingDQN,small_grid,4,117,8113,-9.0,8,1,0.9312,0.001101
DuelingDQN,small_grid,4,118,8122,-6.0,9,1,0.9311,0.001216
DuelingDQN,small_grid,4,119,8132,-3.0,10,1,0.931,0.001173
DuelingDQN,small_grid,4,120,8174,-95.0,42,1,0.9307,0.002616
DuelingDQN,small_grid,4,121,8177,8.0,3,1,0.9306,0.003716
DuelingDQN,small_grid,4,122,8318,-326.0,141,1,0.9295,0.003759
DuelingDQN,small_grid,4,123,8344,-51.0,26,1,0.9292,0.003853
DuelingDQN,small_grid,4,124,8447,-236.0,103,1,0.9284,0.003599
DuelingDQN,small_grid,4,125,8554,-244.0,107,1,0.9275,0.001345
DuelingDQN,small_grid,4,126,8622,-153.0,68,1,0.9269,0.000202
DuelingDQN,small_grid,4,127,8627,-2.0,5,1,0.9268,0.000144
DuelingDQN,small_grid,4,128,8655,-61.0,28,1,0.9266,0.000118
DuelingDQN,small_grid,4,129,8779,-261.0,124,1,0.9255,0.000114
DuelingDQN,small_grid,4,130,8783,3.0,4,1,0.9255,0.00013
DuelingDQN,small_grid,4,131,8815,-73.0,32,1,0.9252,0.000131
DuelingDQN,small_grid,4,132,8985,-407.0,170,1,0.9238,8.6e-05
DuelingDQN,small_grid,4,133,8991,5.0,6,1,0.9237,0.000172
DuelingDQN,small_grid,4,134,9010,-36.0,19,1,0.9236,0.001842
DuelingDQN,small_grid,4,135,9012,9.0,2,1,0.9236,0.003893
DuelingDQN,small_grid,4,136,9022,-11.0,10,1,0.9235,0.002829
DuelingDQN,small_grid,4,137,9081,-148.0,59,1,0.923,0.002771
DuelingDQN,small_grid,4,138,9126,-98.0,45,1,0.9226,0.001479
DuelingDQN,small_grid,4,139,9200,-199.0,74,1,0.922,0.001761
DuelingDQN,small_grid,4,140,9217,-26.0,17,1,0.9218,0.004732
DuelingDQN,small_grid,4,141,9219,5.0,2,1,0.9218,0.002065
DuelingDQN,small_grid,4,142,9315,-245.0,96,1,0.921,0.001164
DuelingDQN,small_grid,4,143,9340,-54.0,25,1,0.9208,0.000613
DuelingDQN,small_grid,4,144,9366,-35.0,26,1,0.9206,0.000376
DuelingDQN,small_grid,4,145,9494,-301.0,128,1,0.9195,0.000473
DuelingDQN,small_grid,4,146,9525,-52.0,31,1,0.9192,0.005761
DuelingDQN,small_grid,4,147,9532,-12.0,7,1,0.9192,0.007025
DuelingDQN,small_grid,4,148,9536,3.0,4,1,0.9191,0.006963
DuelingDQN,small_grid,4,149,9556,-45.0,20,1,0.919,0.004438
DuelingDQN,small_grid,4,150,9615,-148.0,59,1,0.9185,0.007944
DuelingDQN,small_grid,4,151,9625,-19.0,10,1,0.9184,0.008674
DuelingDQN,small_grid,4,152,9671,-91.0,46,1,0.918,0.003921
DuelingDQN,small_grid,4,153,9672,10.0,1,1,0.918,0.002877
DuelingDQN,small_grid,4,154,9679,-12.0,7,1,0.9179,0.002261
DuelingDQN,small_grid,4,155,9739,-133.0,60,1,0.9174,0.00129
DuelingDQN,small_grid,4,156,9772,-82.0,33,1,0.9171,0.000514
DuelingDQN,small_grid,4,157,9810,-59.0,38,1,0.9168,0.000305
DuelingDQN,small_grid,4,158,9854,-73.0,44,1,0.9164,0.000107
DuelingDQN,small_grid,4,159,9877,-44.0,23,1,0.9162,0.000108
DuelingDQN,small_grid,4,160,9910,-50.0,33,1,0.916,0.0001
DuelingDQN,small_grid,4,161,9984,-155.0,74,1,0.9153,9.6e-05
DuelingDQN,small_grid,4,162,9997,-26.0,13,1,0.9152,6.9e-05
DuelingDQN,small_grid,4,163,10013,-21.0,16,1,0.9151,0.004941
DuelingDQN,small_grid,4,164,10081,-117.0,68,1,0.9145,0.004453
DuelingDQN,small_grid,4,165,10113,-57.0,32,1,0.9142,0.004403
DuelingDQN,small_grid,4,166,10135,-43.0,22,1,0.914,0.002893
DuelingDQN,small_grid,4,167,10146,-8.0,11,1,0.9139,0.002222
DuelingDQN,small_grid,4,168,10162,-37.0,16,1,0.9138,0.001756
DuelingDQN,small_grid,4,169,10218,-125.0,56,1,0.9133,0.001111
DuelingDQN,small_grid,4,170,10275,-118.0,57,1,0.9129,0.000397
DuelingDQN,small_grid,4,171,10475,-464.0,200,0,0.9112,9.1e-05
DuelingDQN,small_grid,4,172,10631,-333.0,156,1,0.9098,0.002254
DuelingDQN,small_grid,4,173,10647,-13.0,16,1,0.9097,0.002565
DuelingDQN,small_grid,4,174,10692,-98.0,45,1,0.9093,0.002882
DuelingDQN,small_grid,4,175,10892,-448.0,200,0,0.9076,0.001099
DuelingDQN,small_grid,4,176,10905,-14.0,13,1,0.9075,0.000561
DuelingDQN,small_grid,4,177,10941,-89.0,36,1,0.9072,0.0005
DuelingDQN,small_grid,4,178,10958,-18.0,17,1,0.9071,0.000583
DuelingDQN,small_grid,4,179,10970,-13.0,12,1,0.907,0.00047
DuelingDQN,small_grid,4,180,11063,-174.0,93,1,0.9062,0.004596
DuelingDQN,small_grid,4,181,11096,-54.0,33,1,0.9059,0.003423
DuelingDQN,small_grid,4,182,11125,-66.0,29,1,0.9056,0.001858
DuelingDQN,small_grid,4,183,11136,0.0,11,1,0.9056,0.001332
DuelingDQN,small_grid,4,184,11160,-33.0,24,1,0.9053,0.00133
DuelingDQN,small_grid,4,185,11334,-439.0,174,1,0.9039,0.000571
DuelingDQN,small_grid,4,186,11359,-26.0,25,1,0.9037,0.000216
DuelingDQN,small_grid,4,187,11370,-4.0,11,1,0.9036,0.000307
DuelingDQN,small_grid,4,188,11378,-5.0,8,1,0.9035,0.000309
DuelingDQN,small_grid,4,189,11545,-420.0,167,1,0.9021,0.002381
DuelingDQN,small_grid,4,190,11697,-385.0,152,1,0.9008,0.004166
DuelingDQN,small_grid,4,191,11726,-50.0,29,1,0.9005,0.00153
DuelingDQN,small_grid,4,192,11854,-285.0,128,1,0.8995,0.000959
DuelingDQN,small_grid,4,193,11886,-45.0,32,1,0.8992,0.001385
DuelingDQN,small_grid,4,194,11937,-108.0,51,1,0.8988,0.001
DuelingDQN,small_grid,4,195,12060,-264.0,123,1,0.8977,0.001692
DuelingDQN,small_grid,4,196,12126,-135.0,66,1,0.8972,0.001142
DuelingDQN,small_grid,4,197,12151,-38.0,25,1,0.8969,0.00059
DuelingDQN,small_grid,4,198,12209,-131.0,58,1,0.8964,0.00085
DuelingDQN,small_grid,4,199,12228,-32.0,19,1,0.8963,0.001416
DuelingDQN,small_grid,4,200,12302,-167.0,74,1,0.8957,0.000475
DuelingDQN,small_grid,4,201,12339,-66.0,37,1,0.8953,0.00039
DuelingDQN,small_grid,4,202,12348,-14.0,9,1,0.8953,0.000616
DuelingDQN,small_grid,4,203,12354,1.0,6,1,0.8952,0.000644
DuelingDQN,small_grid,4,204,12368,-31.0,14,1,0.8951,0.000696
DuelingDQN,small_grid,4,205,12381,-14.0,13,1,0.895,0.000694
DuelingDQN,small_grid,4,206,12448,-148.0,67,1,0.8944,0.000361
DuelingDQN,small_grid,4,207,12455,0.0,7,1,0.8944,0.000216
DuelingDQN,small_grid,4,208,12467,-13.0,12,1,0.8943,0.000193
DuelingDQN,small_grid,4,209,12518,-108.0,51,1,0.8938,0.000944
DuelingDQN,small_grid,4,210,12609,-172.0,91,1,0.8931,0.001572
DuelingDQN,small_grid,4,211,12633,-41.0,24,1,0.8929,0.001614
DuelingDQN,small_grid,4,212,12816,-448.0,183,1,0.8913,0.002423
DuelingDQN,small_grid,4,213,12829,-18.0,13,1,0.8912,0.002971
DuelingDQN,small_grid,4,214,12840,-16.0,11,1,0.8911,0.002413
DuelingDQN,small_grid,4,215,12846,-3.0,6,1,0.891,0.001594
DuelingDQN,small_grid,4,216,12875,-62.0,29,1,0.8908,0.001846
DuelingDQN,small_grid,4,217,12903,-69.0,28,1,0.8906,0.003744
DuelingDQN,small_grid,4,218,12905,9.0,2,1,0.8905,0.004441
DuelingDQN,small_grid,4,219,12945,-69.0,40,1,0.8902,0.006078
DuelingDQN,small_grid,4,220,12948,8.0,3,1,0.8902,0.007276
DuelingDQN,small_grid,4,221,12976,-69.0,28,1,0.8899,0.006519
DuelingDQN,small_grid,4,222,12988,-13.0,12,1,0.8898,0.00374
DuelingDQN,small_grid,4,223,13014,-39.0,26,1,0.8896,0.007462
DuelingDQN,small_grid,4,224,13018,7.0,4,1,0.8896,0.01018
DuelingDQN,small_grid,4,225,13082,-173.0,64,1,0.889,0.004595
DuelingDQN,small_grid,4,226,13129,-88.0,47,1,0.8886,0.000672
DuelingDQN,small_grid,4,227,13135,-3.0,6,1,0.8886,0.000384
DuelingDQN,small_grid,4,228,13152,-34.0,17,1,0.8885,0.000458
DuelingDQN,small_grid,4,229,13154,9.0,2,1,0.8884,0.000321
DuelingDQN,small_grid,4,230,13241,-208.0,87,1,0.8877,0.000172
DuelingDQN,small_grid,4,231,13268,-60.0,27,1,0.8875,6.2e-05
DuelingDQN,small_grid,4,232,13275,-4.0,7,1,0.8874,3.9e-05
DuelingDQN,small_grid,4,233,13323,-77.0,48,1,0.887,9.4e-05
DuelingDQN,small_grid,4,234,13354,-36.0,31,1,0.8867,0.0001
DuelingDQN,small_grid,4,235,13409,-128.0,55,1,0.8863,3.5e-05
DuelingDQN,small_grid,4,236,13428,-32.0,19,1,0.8861,2e-05
DuelingDQN,small_grid,4,237,13481,-134.0,53,1,0.8857,1.7e-05
DuelingDQN,small_grid,4,238,13502,-30.0,21,1,0.8855,0.001035
DuelingDQN,small_grid,4,239,13559,-130.0,57,1,0.885,0.003031
DuelingDQN,small_grid,4,240,13581,-43.0,22,1,0.8848,0.001879
DuelingDQN,small_grid,4,241,13601,-41.0,20,1,0.8846,0.002185
DuelingDQN,small_grid,4,242,13612,-12.0,11,1,0.8845,0.002847
DuelingDQN,small_grid,4,243,13626,-7.0,14,1,0.8844,0.002869
DuelingDQN,small_grid,4,244,13638,-17.0,12,1,0.8843,0.001423
DuelingDQN,small_grid,4,245,13685,-76.0,47,1,0.8839,0.00056
DuelingDQN,small_grid,4,246,13760,-140.0,75,1,0.8833,0.00036
DuelingDQN,small_grid,4,247,13816,-141.0,56,1,0.8828,0.000455
DuelingDQN,small_grid,4,248,13916,-221.0,100,1,0.882,0.000457
DuelingDQN,small_grid,4,249,13917,10.0,1,1,0.882,0.000519
DuelingDQN,small_grid,4,250,13922,2.0,5,1,0.8819,0.000413
DuelingDQN,small_grid,4,251,13939,-18.0,17,1,0.8818,0.000449
DuelingDQN,small_grid,4,252,14013,-191.0,74,1,0.8811,0.001453
DuelingDQN,small_grid,4,253,14133,-265.0,120,1,0.8801,0.002879
DuelingDQN,small_grid,4,254,14177,-57.0,44,1,0.8798,0.000752
DuelingDQN,small_grid,4,255,14182,-2.0,5,1,0.8797,0.000733
DuelingDQN,small_grid,4,256,14187,6.0,5,1,0.8797,0.000982
DuelingDQN,small_grid,4,257,14190,8.0,3,1,0.8796,0.001001
DuelingDQN,small_grid,4,258,14207,-18.0,17,1,0.8795,0.001064
DuelingDQN,small_grid,4,259,14232,-50.0,25,1,0.8793,0.000598
DuelingDQN,small_grid,4,260,14241,-10.0,9,1,0.8792,0.000467
DuelingDQN,small_grid,4,261,14295,-123.0,54,1,0.8788,0.000369
DuelingDQN,small_grid,4,262,14306,-4.0,11,1,0.8787,0.000339
DuelingDQN,small_grid,4,263,14325,-24.0,19,1,0.8785,0.000236
DuelingDQN,small_grid,4,264,14355,-63.0,30,1,0.8782,0.000198
DuelingDQN,small_grid,4,265,14367,-9.0,12,1,0.8781,0.000124
DuelingDQN,small_grid,4,266,14395,-65.0,28,1,0.8779,0.000106
DuelingDQN,small_grid,4,267,14425,-67.0,30,1,0.8777,0.000114
DuelingDQN,small_grid,4,268,14466,-82.0,41,1,0.8773,9.6e-05
DuelingDQN,small_grid,4,269,14513,-104.0,47,1,0.8769,0.001918
DuelingDQN,small_grid,4,270,14518,-2.0,5,1,0.8769,0.004558
DuelingDQN,small_grid,4,271,14533,-20.0,15,1,0.8767,0.004184
DuelingDQN,small_grid,4,272,14585,-77.0,52,1,0.8763,0.005723
DuelingDQN,small_grid,4,273,14642,-110.0,57,1,0.8758,0.005503
DuelingDQN,small_grid,4,274,14656,-11.0,14,1,0.8757,0.00512
DuelingDQN,small_grid,4,275,14672,-21.0,16,1,0.8756,0.003084
DuelingDQN,small_grid,4,276,14681,-6.0,9,1,0.8755,0.003213
DuelingDQN,small_grid,4,277,14755,-199.0,74,1,0.8749,0.001639
DuelingDQN,small_grid,4,278,14776,-58.0,21,1,0.8747,0.000688
DuelingDQN,small_grid,4,279,14834,-135.0,58,1,0.8742,0.000439
DuelingDQN,small_grid,4,280,14839,6.0,5,1,0.8741,0.000451
DuelingDQN,small_grid,4,281,14868,-58.0,29,1,0.8739,0.000342
DuelingDQN,small_grid,4,282,14880,-5.0,12,1,0.8738,0.000253
DuelingDQN,small_grid,4,283,14959,-172.0,79,1,0.8731,0.00028
DuelingDQN,small_grid,4,284,14996,-106.0,37,1,0.8728,0.000176
DuelingDQN,small_grid,4,285,15109,-282.0,113,1,0.8719,0.004548
DuelingDQN,small_grid,4,286,15121,-17.0,12,1,0.8718,0.000891
DuelingDQN,small_grid,4,287,15122,10.0,1,1,0.8717,0.000538
DuelingDQN,small_grid,4,288,15148,-55.0,26,1,0.8715,0.000556
DuelingDQN,small_grid,4,289,15173,-34.0,25,1,0.8713,0.000339
DuelingDQN,small_grid,4,290,15212,-96.0,39,1,0.871,0.000182
DuelingDQN,small_grid,4,291,15213,10.0,1,1,0.871,0.00011
DuelingDQN,small_grid,4,292,15231,-27.0,18,1,0.8708,0.000161
DuelingDQN,small_grid,4,293,15266,-76.0,35,1,0.8705,0.000225
DuelingDQN,small_grid,4,294,15310,-65.0,44,1,0.8701,0.000156
DuelingDQN,small_grid,4,295,15389,-164.0,79,1,0.8695,6.3e-05
DuelingDQN,small_grid,4,296,15421,-45.0,32,1,0.8692,5.1e-05
DuelingDQN,small_grid,4,297,15457,-57.0,36,1,0.8689,3.7e-05
DuelingDQN,small_grid,4,298,15562,-230.0,105,1,0.868,0.002466
DuelingDQN,small_grid,4,299,15579,-14.0,17,1,0.8679,0.003237
DuelingDQN,small_grid,4,300,15610,-64.0,31,1,0.8676,0.002208
DuelingDQN,small_grid,4,301,15647,-58.0,37,1,0.8673,0.001465
DuelingDQN,small_grid,4,302,15653,1.0,6,1,0.8672,0.00102
DuelingDQN,small_grid,4,303,15655,5.0,2,1,0.8672,0.000697
DuelingDQN,small_grid,4,304,15723,-145.0,68,1,0.8666,0.000459
DuelingDQN,small_grid,4,305,15738,-20.0,15,1,0.8665,0.000182
DuelingDQN,small_grid,4,306,15807,-138.0,69,1,0.8659,0.000186
DuelingDQN,small_grid,4,307,15835,-45.0,28,1,0.8657,0.000175
DuelingDQN,small_grid,4,308,15928,-178.0,93,1,0.8649,0.000132
DuelingDQN,small_grid,4,309,15930,9.0,2,1,0.8649,0.000139
DuelingDQN,small_grid,4,310,15974,-69.0,44,1,0.8645,0.00012
DuelingDQN,small_grid,4,311,15985,-16.0,11,1,0.8644,0.000139
DuelingDQN,small_grid,4,312,15992,0.0,7,1,0.8644,0.000216
DuelingDQN,small_grid,4,313,16075,-152.0,83,1,0.8637,0.001982
DuelingDQN,small_grid,4,314,16119,-81.0,44,1,0.8633,0.008788
DuelingDQN,small_grid,4,315,16128,-14.0,9,1,0.8632,0.005214
DuelingDQN,small_grid,4,316,16166,-67.0,38,1,0.8629,0.005826
DuelingDQN,small_grid,4,317,16209,-84.0,43,1,0.8625,0.004467
DuelingDQN,small_grid,4,318,16241,-65.0,32,1,0.8622,0.001642
DuelingDQN,small_grid,4,319,16260,-24.0,19,1,0.8621,0.000885
DuelingDQN,small_grid,4,320,16291,-44.0,31,1,0.8618,0.000574
DuelingDQN,small_grid,4,321,16317,-39.0,26,1,0.8616,0.000413
DuelingDQN,small_grid,4,322,16326,-6.0,9,1,0.8615,0.000257
DuelingDQN,small_grid,4,323,16327,10.0,1,1,0.8615,0.000208
DuelingDQN,small_grid,4,324,16334,-12.0,7,1,0.8615,0.000171
DuelingDQN,small_grid,4,325,16341,0.0,7,1,0.8614,0.000213
DuelingDQN,small_grid,4,326,16409,-133.0,68,1,0.8608,0.00011
DuelingDQN,small_grid,4,327,16500,-220.0,91,1,0.8601,8.1e-05
DuelingDQN,small_grid,4,328,16506,-3.0,6,1,0.86,0.001305
DuelingDQN,small_grid,4,329,16620,-207.0,114,1,0.859,0.000704
DuelingDQN,small_grid,4,330,16657,-58.0,37,1,0.8587,0.000279
DuelingDQN,small_grid,4,331,16667,-7.0,10,1,0.8586,0.000212
DuelingDQN,small_grid,4,332,16706,-96.0,39,1,0.8583,0.000134
DuelingDQN,small_grid,4,333,16721,-12.0,15,1,0.8582,0.000187
DuelingDQN,small_grid,4,334,16729,-9.0,8,1,0.8581,0.000172
DuelingDQN,small_grid,4,335,16820,-200.0,91,1,0.8573,0.000154
DuelingDQN,small_grid,4,336,16847,-52.0,27,1,0.8571,0.00023
DuelingDQN,small_grid,4,337,16897,-107.0,50,1,0.8567,0.000239
DuelingDQN,small_grid,4,338,16967,-163.0,70,1,0.8561,0.000269
DuelingDQN,small_grid,4,339,17046,-164.0,79,1,0.8554,0.000881
DuelingDQN,small_grid,4,340,17076,-39.0,30,1,0.8552,0.001211
DuelingDQN,small_grid,4,341,17101,-30.0,25,1,0.855,0.001071
DuelingDQN,small_grid,4,342,17111,-3.0,10,1,0.8549,0.000991
DuelingDQN,small_grid,4,343,17168,-74.0,57,1,0.8544,0.001507
DuelingDQN,small_grid,4,344,17187,-24.0,19,1,0.8542,0.001355
DuelingDQN,small_grid,4,345,17192,2.0,5,1,0.8542,0.00128
DuelingDQN,small_grid,4,346,17210,-19.0,18,1,0.854,0.001295
DuelingDQN,small_grid,4,347,17217,-4.0,7,1,0.854,0.001481
DuelingDQN,small_grid,4,348,17281,-129.0,64,1,0.8534,0.00121
DuelingDQN,small_grid,4,349,17290,-6.0,9,1,0.8534,0.000853
DuelingDQN,small_grid,4,350,17302,-21.0,12,1,0.8533,0.000834
DuelingDQN,small_grid,4,351,17322,-41.0,20,1,0.8531,0.001041
DuelingDQN,small_grid,4,352,17412,-179.0,90,1,0.8523,0.001168
DuelingDQN,small_grid,4,353,17423,-12.0,11,1,0.8522,0.00187
DuelingDQN,small_grid,4,354,17448,-46.0,25,1,0.852,0.001721
DuelingDQN,small_grid,4,355,17450,9.0,2,1,0.852,0.001044
DuelingDQN,small_grid,4,356,17467,-14.0,17,1,0.8519,0.001572
DuelingDQN,small_grid,4,357,17469,9.0,2,1,0.8518,0.001327
DuelingDQN,small_grid,4,358,17483,-31.0,14,1,0.8517,0.000939
DuelingDQN,small_grid,4,359,17495,-9.0,12,1,0.8516,0.000796
DuelingDQN,small_grid,4,360,17561,-159.0,66,1,0.8511,0.004236
DuelingDQN,small_grid,4,361,17613,-117.0,52,1,0.8506,0.003573
DuelingDQN,small_grid,4,362,17666,-130.0,53,1,0.8502,0.001784
DuelingDQN,small_grid,4,363,17696,-47.0,30,1,0.8499,0.000737
DuelingDQN,small_grid,4,364,17716,-37.0,20,1,0.8497,0.000312
DuelingDQN,small_grid,4,365,17781,-142.0,65,1,0.8492,0.000376
DuelingDQN,small_grid,4,366,17788,4.0,7,1,0.8491,0.000185
DuelingDQN,small_grid,4,367,17804,-21.0,16,1,0.849,0.00011
DuelingDQN,small_grid,4,368,17812,-1.0,8,1,0.8489,0.000139
DuelingDQN,small_grid,4,369,17848,-61.0,36,1,0.8486,0.000175
DuelingDQN,small_grid,4,370,17920,-149.0,72,1,0.848,8.3e-05
DuelingDQN,small_grid,4,371,17951,-48.0,31,1,0.8477,4.4e-05
DuelingDQN,small_grid,4,372,17953,5.0,2,1,0.8477,2.6e-05
DuelingDQN,small_grid,4,373,17954,10.0,1,1,0.8477,4.5e-05
DuelingDQN,small_grid,4,374,17957,8.0,3,1,0.8477,3.4e-05
DuelingDQN,small_grid,4,375,17989,-65.0,32,1,0.8474,4e-05
DuelingDQN,small_grid,4,376,17996,0.0,7,1,0.8474,4.8e-05
DuelingDQN,small_grid,4,377,18012,-29.0,16,1,0.8472,0.002205
DuelingDQN,small_grid,4,378,18031,-36.0,19,1,0.8471,0.001942
DuelingDQN,small_grid,4,379,18035,3.0,4,1,0.847,0.002225
DuelingDQN,small_grid,4,380,18064,-46.0,29,1,0.8468,0.002166
DuelingDQN,small_grid,4,381,18112,-85.0,48,1,0.8464,0.002541
DuelingDQN,small_grid,4,382,18134,-27.0,22,1,0.8462,0.002262
DuelingDQN,small_grid,4,383,18147,-10.0,13,1,0.8461,0.001968
DuelingDQN,small_grid,4,384,18172,-34.0,25,1,0.8459,0.001786
DuelingDQN,small_grid,4,385,18192,-29.0,20,1,0.8457,0.001811
DuelingDQN,small_grid,4,386,18199,-4.0,7,1,0.8456,0.001383
DuelingDQN,small_grid,4,387,18209,-3.0,10,1,0.8456,0.001257
DuelingDQN,small_grid,4,388,18221,-5.0,12,1,0.8455,0.001281
DuelingDQN,small_grid,4,389,18252,-40.0,31,1,0.8452,0.001541
DuelingDQN,small_grid,4,390,18274,-51.0,22,1,0.845,0.001389
DuelingDQN,small_grid,4,391,18297,-44.0,23,1,0.8448,0.001516
DuelingDQN,small_grid,4,392,18321,-45.0,24,1,0.8446,0.00098
DuelingDQN,small_grid,4,393,18405,-193.0,84,1,0.8439,0.000402
DuelingDQN,small_grid,4,394,18433,-41.0,28,1,0.8437,0.000205
DuelingDQN,small_grid,4,395,18442,-10.0,9,1,0.8436,0.000143
DuelingDQN,small_grid,4,396,18545,-188.0,103,1,0.8427,0.001144
DuelingDQN,small_grid,4,397,18554,-2.0,9,1,0.8426,0.001477
DuelingDQN,small_grid,4,398,18572,-31.0,18,1,0.8425,0.000921
DuelingDQN,small_grid,4,399,18632,-125.0,60,1,0.842,0.00097
DuelingDQN,small_grid,4,400,18772,-373.0,140,1,0.8408,0.001423
DuelingDQN,small_grid,4,401,18873,-210.0,101,1,0.8399,0.00049
DuelingDQN,small_grid,4,402,18906,-50.0,33,1,0.8396,0.000218
DuelingDQN,small_grid,4,403,18923,-26.0,17,1,0.8395,0.000158
DuelingDQN,small_grid,4,404,18951,-65.0,28,1,0.8393,0.000144
DuelingDQN,small_grid,4,405,18970,-20.0,19,1,0.8391,0.000221
DuelingDQN,small_grid,4,406,18993,-40.0,23,1,0.8389,0.000454
DuelingDQN,small_grid,4,407,19006,-10.0,13,1,0.8388,0.003484
DuelingDQN,small_grid,4,408,19036,-59.0,30,1,0.8385,0.004577
DuelingDQN,small_grid,4,409,19042,-3.0,6,1,0.8385,0.002798
DuelingDQN,small_grid,4,410,19080,-75.0,38,1,0.8382,0.002422
DuelingDQN,small_grid,4,411,19108,-25.0,28,1,0.8379,0.001537
DuelingDQN,small_grid,4,412,19161,-142.0,53,1,0.8375,0.000821
DuelingDQN,small_grid,4,413,19233,-145.0,72,1,0.8369,0.000499
DuelingDQN,small_grid,4,414,19249,-37.0,16,1,0.8367,0.000288
DuelingDQN,small_grid,4,415,19259,-3.0,10,1,0.8367,0.000212
DuelingDQN,small_grid,4,416,19293,-71.0,34,1,0.8364,0.000163
DuelingDQN,small_grid,4,417,19313,-25.0,20,1,0.8362,0.000101
DuelingDQN,small_grid,4,418,19351,-83.0,38,1,0.8359,7.3e-05
DuelingDQN,small_grid,4,419,19356,6.0,5,1,0.8358,4.8e-05
DuelingDQN,small_grid,4,420,19385,-50.0,29,1,0.8356,3.3e-05
DuelingDQN,small_grid,4,421,19395,-11.0,10,1,0.8355,3.1e-05
DuelingDQN,small_grid,4,422,19428,-66.0,33,1,0.8352,3.6e-05
DuelingDQN,small_grid,4,423,19502,-175.0,74,1,0.8346,0.000215
DuelingDQN,small_grid,4,424,19545,-96.0,43,1,0.8342,0.005333
DuelingDQN,small_grid,4,425,19548,8.0,3,1,0.8342,0.005438
DuelingDQN,small_grid,4,426,19549,10.0,1,1,0.8342,0.0034
DuelingDQN,small_grid,4,427,19551,5.0,2,1,0.8342,0.00586
DuelingDQN,small_grid,4,428,19555,7.0,4,1,0.8341,0.005551
DuelingDQN,small_grid,4,429,19566,-4.0,11,1,0.834,0.003777
DuelingDQN,small_grid,4,430,19620,-147.0,54,1,0.8336,0.001323
DuelingDQN,small_grid,4,431,19631,-20.0,11,1,0.8335,0.000402
DuelingDQN,small_grid,4,432,19641,-23.0,10,1,0.8334,0.000289
DuelingDQN,small_grid,4,433,19645,3.0,4,1,0.8334,0.00022
DuelingDQN,small_grid,4,434,19650,-2.0,5,1,0.8333,0.000266
DuelingDQN,small_grid,4,435,19699,-98.0,49,1,0.8329,0.000152
DuelingDQN,small_grid,4,436,19713,-27.0,14,1,0.8328,0.000129
DuelingDQN,small_grid,4,437,19755,-83.0,42,1,0.8324,0.000111
DuelingDQN,small_grid,4,438,19762,-12.0,7,1,0.8324,5.6e-05
DuelingDQN,small_grid,4,439,19796,-47.0,34,1,0.8321,8.9e-05
DuelingDQN,small_grid,4,440,19800,-1.0,4,1,0.8321,0.000127
DuelingDQN,small_grid,4,441,19853,-118.0,53,1,0.8316,5.8e-05
DuelingDQN,small_grid,4,442,19887,-47.0,34,1,0.8313,5.4e-05
DuelingDQN,small_grid,4,443,19903,-37.0,16,1,0.8312,6.4e-05
DuelingDQN,small_grid,4,444,19910,-8.0,7,1,0.8311,3.4e-05
DuelingDQN,small_grid,4,445,19960,-63.0,50,1,0.8307,7.1e-05
DuelingDQN,small_grid,4,446,20051,-208.0,91,1,0.8299,0.001539
DuelingDQN,small_grid,4,447,20054,0.0,3,1,0.8299,0.003315
DuelingDQN,small_grid,4,448,20108,-123.0,54,1,0.8294,0.004115
DuelingDQN,small_grid,4,449,20139,-52.0,31,1,0.8292,0.005156
DuelingDQN,small_grid,4,450,20161,-39.0,22,1,0.829,0.003074
DuelingDQN,small_grid,4,451,20167,5.0,6,1,0.8289,0.001443
DuelingDQN,small_grid,4,452,20195,-29.0,28,1,0.8287,0.001297
DuelingDQN,small_grid,4,453,20265,-107.0,70,1,0.8281,0.000989
DuelingDQN,small_grid,4,454,20283,-35.0,18,1,0.828,0.00033
DuelingDQN,small_grid,4,455,20407,-281.0,124,1,0.8269,0.000226
DuelingDQN,small_grid,4,456,20417,-7.0,10,1,0.8268,4.3e-05
DuelingDQN,small_grid,4,457,20453,-81.0,36,1,0.8265,2.8e-05
DuelingDQN,small_grid,4,458,20488,-72.0,35,1,0.8262,2.8e-05
DuelingDQN,small_grid,4,459,20654,-327.0,166,1,0.8248,0.000942
DuelingDQN,small_grid,4,460,20677,-32.0,23,1,0.8246,0.000508
DuelingDQN,small_grid,4,461,20688,-16.0,11,1,0.8245,0.000657
DuelingDQN,small_grid,4,462,20775,-148.0,87,1,0.8238,0.000411
DuelingDQN,small_grid,4,463,20834,-144.0,59,1,0.8233,0.000262
DuelingDQN,small_grid,4,464,20897,-152.0,63,1,0.8228,8.9e-05
DuelingDQN,small_grid,4,465,20912,-24.0,15,1,0.8226,6.8e-05
DuelingDQN,small_grid,4,466,20914,5.0,2,1,0.8226,4.8e-05
DuelingDQN,small_grid,4,467,20923,-10.0,9,1,0.8225,8.4e-05
DuelingDQN,small_grid,4,468,20928,6.0,5,1,0.8225,9.9e-05
DuelingDQN,small_grid,4,469,20937,-18.0,9,1,0.8224,8.5e-05
DuelingDQN,small_grid,4,470,20939,5.0,2,1,0.8224,5.6e-05
DuelingDQN,small_grid,4,471,20952,-26.0,13,1,0.8223,0.000123
DuelingDQN,small_grid,4,472,21015,-100.0,63,1,0.8218,0.000602
DuelingDQN,small_grid,4,473,21035,-37.0,20,1,0.8216,0.001657
DuelingDQN,small_grid,4,474,21043,-5.0,8,1,0.8215,0.001939
DuelingDQN,small_grid,4,475,21062,-32.0,19,1,0.8214,0.00263
DuelingDQN,small_grid,4,476,21084,-35.0,22,1,0.8212,0.002981
DuelingDQN,small_grid,4,477,21086,5.0,2,1,0.8212,0.001733
DuelingDQN,small_grid,4,478,21164,-119.0,78,1,0.8205,0.002561
DuelingDQN,small_grid,4,479,21167,8.0,3,1,0.8205,0.001117
DuelingDQN,small_grid,4,480,21202,-76.0,35,1,0.8202,0.00084
DuelingDQN,small_grid,4,481,21216,-7.0,14,1,0.8201,0.000549
DuelingDQN,small_grid,4,482,21217,10.0,1,1,0.82,0.000485
DuelingDQN,small_grid,4,483,21240,-40.0,23,1,0.8198,0.000311
DuelingDQN,small_grid,4,484,21257,-18.0,17,1,0.8197,0.000356
DuelingDQN,small_grid,4,485,21297,-65.0,40,1,0.8194,0.000325
DuelingDQN,small_grid,4,486,21326,-34.0,29,1,0.8191,0.000249
DuelingDQN,small_grid,4,487,21327,10.0,1,1,0.8191,0.000275
DuelingDQN,small_grid,4,488,21337,-15.0,10,1,0.819,0.000166
DuelingDQN,small_grid,4,489,21344,0.0,7,1,0.819,0.000123
DuelingDQN,small_grid,4,490,21348,3.0,4,1,0.8189,0.000138
DuelingDQN,small_grid,4,491,21352,7.0,4,1,0.8189,0.000172
DuelingDQN,small_grid,4,492,21371,-36.0,19,1,0.8187,0.000371
DuelingDQN,small_grid,4,493,21414,-92.0,43,1,0.8184,0.000377
DuelingDQN,small_grid,4,494,21415,10.0,1,1,0.8184,0.000342
DuelingDQN,small_grid,4,495,21416,10.0,1,1,0.8184,0.000431
DuelingDQN,small_grid,4,496,21429,-10.0,13,1,0.8182,0.000314
DuelingDQN,small_grid,4,497,21449,-37.0,20,1,0.8181,0.000207
DuelingDQN,small_grid,4,498,21458,-6.0,9,1,0.818,0.000175
DuelingDQN,small_grid,4,499,21483,-54.0,25,1,0.8178,0.000175
DuelingDQN,small_grid,4,500,21488,2.0,5,1,0.8177,0.000211
DuelingDQN,small_grid,4,501,21497,-6.0,9,1,0.8177,0.000198
DuelingDQN,small_grid,4,502,21523,-67.0,26,1,0.8174,0.000896
DuelingDQN,small_grid,4,503,21539,-33.0,16,1,0.8173,0.000841
DuelingDQN,small_grid,4,504,21554,-24.0,15,1,0.8172,0.000656
DuelingDQN,small_grid,4,505,21603,-90.0,49,1,0.8168,0.000783
DuelingDQN,small_grid,4,506,21641,-83.0,38,1,0.8164,0.000602
DuelingDQN,small_grid,4,507,21665,-37.0,24,1,0.8162,0.000964
DuelingDQN,small_grid,4,508,21715,-95.0,50,1,0.8158,0.001331
DuelingDQN,small_grid,4,509,21733,-11.0,18,1,0.8157,0.001137
DuelingDQN,small_grid,4,510,21764,-48.0,31,1,0.8154,0.00094
DuelingDQN,small_grid,4,511,21778,-19.0,14,1,0.8153,0.000742
DuelingDQN,small_grid,4,512,21784,1.0,6,1,0.8152,0.000701
DuelingDQN,small_grid,4,513,21805,-26.0,21,1,0.8151,0.000658
DuelingDQN,small_grid,4,514,21807,9.0,2,1,0.815,0.000326
DuelingDQN,small_grid,4,515,21810,4.0,3,1,0.815,0.000239
DuelingDQN,small_grid,4,516,21848,-79.0,38,1,0.8147,0.000452
DuelingDQN,small_grid,4,517,21858,-3.0,10,1,0.8146,0.000416
DuelingDQN,small_grid,4,518,21865,0.0,7,1,0.8145,0.000386
DuelingDQN,small_grid,4,519,21894,-38.0,29,1,0.8143,0.000467
DuelingDQN,small_grid,4,520,21907,-10.0,13,1,0.8142,0.000367
DuelingDQN,small_grid,4,521,21972,-142.0,65,1,0.8136,0.000536
DuelingDQN,small_grid,4,522,22004,-57.0,32,1,0.8134,0.000926
DuelingDQN,small_grid,4,523,22010,-3.0,6,1,0.8133,0.001721
DuelingDQN,small_grid,4,524,22030,-41.0,20,1,0.8131,0.002377
DuelingDQN,small_grid,4,525,22054,-37.0,24,1,0.8129,0.004003
DuelingDQN,small_grid,4,526,22111,-118.0,57,1,0.8125,0.002913
DuelingDQN,small_grid,4,527,22140,-50.0,29,1,0.8122,0.001165
DuelingDQN,small_grid,4,528,22158,-19.0,18,1,0.8121,0.000974
DuelingDQN,small_grid,4,529,22160,5.0,2,1,0.812,0.000675
DuelingDQN,small_grid,4,530,22182,-27.0,22,1,0.8119,0.000364
DuelingDQN,small_grid,4,531,22207,-54.0,25,1,0.8116,0.000218
DuelingDQN,small_grid,4,532,22231,-29.0,24,1,0.8114,9.4e-05
DuelingDQN,small_grid,4,533,22246,-16.0,15,1,0.8113,4.7e-05
DuelingDQN,small_grid,4,534,22319,-134.0,73,1,0.8107,2.8e-05
DuelingDQN,small_grid,4,535,22358,-64.0,39,1,0.8104,2.9e-05
DuelingDQN,small_grid,4,536,22361,4.0,3,1,0.8103,4.2e-05
DuelingDQN,small_grid,4,537,22366,2.0,5,1,0.8103,4.3e-05
DuelingDQN,small_grid,4,538,22369,8.0,3,1,0.8103,4.8e-05
DuelingDQN,small_grid,4,539,22438,-166.0,69,1,0.8097,4.6e-05
DuelingDQN,small_grid,4,540,22501,-124.0,63,1,0.8092,0.00012
DuelingDQN,small_grid,4,541,22539,-67.0,38,1,0.8088,0.001271
DuelingDQN,small_grid,4,542,22564,-50.0,25,1,0.8086,0.001039
DuelingDQN,small_grid,4,543,22565,10.0,1,1,0.8086,0.00078
DuelingDQN,small_grid,4,544,22594,-34.0,29,1,0.8084,0.000714
DuelingDQN,small_grid,4,545,22600,1.0,6,1,0.8083,0.000934
DuelingDQN,small_grid,4,546,22627,-52.0,27,1,0.8081,0.001185
DuelingDQN,small_grid,4,547,22684,-86.0,57,1,0.8076,0.00082
DuelingDQN,small_grid,4,548,22728,-85.0,44,1,0.8072,0.002086
DuelingDQN,small_grid,4,549,22819,-228.0,91,1,0.8065,0.001205
DuelingDQN,small_grid,4,550,22833,-15.0,14,1,0.8063,0.000655
DuelingDQN,small_grid,4,551,22835,9.0,2,1,0.8063,0.000731
DuelingDQN,small_grid,4,552,22867,-61.0,32,1,0.806,0.000424
DuelingDQN,small_grid,4,553,22873,1.0,6,1,0.806,0.000381
DuelingDQN,small_grid,4,554,22896,-36.0,23,1,0.8058,0.000705
DuelingDQN,small_grid,4,555,22913,-10.0,17,1,0.8057,0.000749
DuelingDQN,small_grid,4,556,22929,-13.0,16,1,0.8055,0.000644
DuelingDQN,small_grid,4,557,22949,-37.0,20,1,0.8054,0.000606
DuelingDQN,small_grid,4,558,22970,-42.0,21,1,0.8052,0.000498
DuelingDQN,small_grid,4,559,22979,-6.0,9,1,0.8051,0.000397
DuelingDQN,small_grid,4,560,23044,-130.0,65,1,0.8045,0.00232
DuelingDQN,small_grid,4,561,23059,-20.0,15,1,0.8044,0.002823
DuelingDQN,small_grid,4,562,23092,-42.0,33,1,0.8041,0.001606
DuelingDQN,small_grid,4,563,23104,-13.0,12,1,0.804,0.001148
DuelingDQN,small_grid,4,564,23139,-40.0,35,1,0.8037,0.000683
DuelingDQN,small_grid,4,565,23163,-29.0,24,1,0.8035,0.00036
DuelingDQN,small_grid,4,566,23170,-4.0,7,1,0.8035,0.000307
DuelingDQN,small_grid,4,567,23189,-36.0,19,1,0.8033,0.000301
DuelingDQN,small_grid,4,568,23211,-35.0,22,1,0.8031,0.00023
DuelingDQN,small_grid,4,569,23243,-53.0,32,1,0.8029,0.000139
DuelingDQN,small_grid,4,570,23286,-80.0,43,1,0.8025,9.1e-05
DuelingDQN,small_grid,4,571,23315,-62.0,29,1,0.8022,5.9e-05
DuelingDQN,small_grid,4,572,23321,-11.0,6,1,0.8022,4.1e-05
DuelingDQN,small_grid,4,573,23345,-49.0,24,1,0.802,5.4e-05
DuelingDQN,small_grid,4,574,23390,-78.0,45,1,0.8016,5.5e-05
DuelingDQN,small_grid,4,575,23397,0.0,7,1,0.8016,6.8e-05
DuelingDQN,small_grid,4,576,23427,-51.0,30,1,0.8013,7.2e-05
DuelingDQN,small_grid,4,577,23435,-1.0,8,1,0.8012,6.7e-05
DuelingDQN,small_grid,4,578,23446,-4.0,11,1,0.8011,6.3e-05
DuelingDQN,small_grid,4,579,23453,0.0,7,1,0.8011,6.1e-05
DuelingDQN,small_grid,4,580,23474,-30.0,21,1,0.8009,6e-05
DuelingDQN,small_grid,4,581,23480,1.0,6,1,0.8008,6e-05
DuelingDQN,small_grid,4,582,23538,-107.0,58,1,0.8004,0.000905
DuelingDQN,small_grid,4,583,23556,-11.0,18,1,0.8002,0.001496
DuelingDQN,small_grid,4,584,23659,-228.0,103,1,0.7993,0.002936
DuelingDQN,small_grid,4,585,23682,-40.0,23,1,0.7991,0.000999
DuelingDQN,small_grid,4,586,23721,-60.0,39,1,0.7988,0.000591
DuelingDQN,small_grid,4,587,23770,-78.0,49,1,0.7984,0.000247
DuelingDQN,small_grid,4,588,23775,6.0,5,1,0.7983,0.000214
DuelingDQN,small_grid,4,589,23778,8.0,3,1,0.7983,0.000172
DuelingDQN,small_grid,4,590,23802,-49.0,24,1,0.7981,0.000165
DuelingDQN,small_grid,4,591,23839,-58.0,37,1,0.7978,0.000181
DuelingDQN,small_grid,4,592,23894,-104.0,55,1,0.7973,0.000204
DuelingDQN,small_grid,4,593,23918,-53.0,24,1,0.7971,0.000205
DuelingDQN,small_grid,4,594,23942,-37.0,24,1,0.7969,0.000118
DuelingDQN,small_grid,4,595,23967,-66.0,25,1,0.7967,0.00015
DuelingDQN,small_grid,4,596,23979,-13.0,12,1,0.7966,0.000173
DuelingDQN,small_grid,4,597,23995,-13.0,16,1,0.7965,0.000168
DuelingDQN,small_grid,4,598,24006,-12.0,11,1,0.7964,0.000855
DuelingDQN,small_grid,4,599,24011,2.0,5,1,0.7963,0.000971
DuelingDQN,small_grid,4,600,24014,8.0,3,1,0.7963,0.000878
DuelingDQN,small_grid,4,601,24041,-60.0,27,1,0.7961,0.000737
DuelingDQN,small_grid,4,602,24051,-7.0,10,1,0.796,0.000499
DuelingDQN,small_grid,4,603,24058,0.0,7,1,0.7959,0.000511
DuelingDQN,small_grid,4,604,24131,-206.0,73,1,0.7953,0.00037
DuelingDQN,small_grid,4,605,24196,-118.0,65,1,0.7948,0.000146
DuelingDQN,small_grid,4,606,24201,2.0,5,1,0.7947,0.000118
DuelingDQN,small_grid,4,607,24244,-68.0,43,1,0.7944,8.6e-05
DuelingDQN,small_grid,4,608,24248,-1.0,4,1,0.7943,5.9e-05
DuelingDQN,small_grid,4,609,24255,-8.0,7,1,0.7943,6.3e-05
DuelingDQN,small_grid,4,610,24285,-55.0,30,1,0.794,0.000112
DuelingDQN,small_grid,4,611,24304,-36.0,19,1,0.7939,0.000216
DuelingDQN,small_grid,4,612,24306,9.0,2,1,0.7938,0.000256
DuelingDQN,small_grid,4,613,24314,-9.0,8,1,0.7938,0.00039
DuelingDQN,small_grid,4,614,24344,-43.0,30,1,0.7935,0.000427
DuelingDQN,small_grid,4,615,24368,-25.0,24,1,0.7933,0.000819
DuelingDQN,small_grid,4,616,24379,-16.0,11,1,0.7932,0.000743
DuelingDQN,small_grid,4,617,24385,-3.0,6,1,0.7932,0.000665
DuelingDQN,small_grid,4,618,24390,2.0,5,1,0.7931,0.000696
DuelingDQN,small_grid,4,619,24393,4.0,3,1,0.7931,0.000541
DuelingDQN,small_grid,4,620,24400,4.0,7,1,0.793,0.0006
DuelingDQN,small_grid,4,621,24427,-40.0,27,1,0.7928,0.000855
DuelingDQN,small_grid,4,622,24434,-8.0,7,1,0.7928,0.001107
DuelingDQN,small_grid,4,623,24474,-57.0,40,1,0.7924,0.001286
DuelingDQN,small_grid,4,624,24487,-10.0,13,1,0.7923,0.001924
DuelingDQN,small_grid,4,625,24510,-44.0,23,1,0.7921,0.00317
DuelingDQN,small_grid,4,626,24538,-65.0,28,1,0.7919,0.005849
DuelingDQN,small_grid,4,627,24546,-1.0,8,1,0.7918,0.01118
DuelingDQN,small_grid,4,628,24571,-62.0,25,1,0.7916,0.009294
DuelingDQN,small_grid,4,629,24576,-2.0,5,1,0.7916,0.009096
DuelingDQN,small_grid,4,630,24606,-59.0,30,1,0.7913,0.008206
DuelingDQN,small_grid,4,631,24610,3.0,4,1,0.7913,0.005736
DuelingDQN,small_grid,4,632,24612,5.0,2,1,0.7912,0.002729
DuelingDQN,small_grid,4,633,24628,-25.0,16,1,0.7911,0.004621
DuelingDQN,small_grid,4,634,24664,-81.0,36,1,0.7908,0.001945
DuelingDQN,small_grid,4,635,24674,-7.0,10,1,0.7907,0.000613
DuelingDQN,small_grid,4,636,24770,-181.0,96,1,0.7899,0.00032
DuelingDQN,small_grid,4,637,24801,-56.0,31,1,0.7896,8.3e-05
DuelingDQN,small_grid,4,638,24807,5.0,6,1,0.7896,6.3e-05
DuelingDQN,small_grid,4,639,24828,-42.0,21,1,0.7894,4.4e-05
DuelingDQN,small_grid,4,640,24857,-38.0,29,1,0.7892,3.3e-05
DuelingDQN,small_grid,4,641,24895,-67.0,38,1,0.7888,2.3e-05
DuelingDQN,small_grid,4,642,24896,10.0,1,1,0.7888,3.5e-05
DuelingDQN,small_grid,4,643,24897,10.0,1,1,0.7888,1.6e-05
DuelingDQN,small_grid,4,644,24906,-2.0,9,1,0.7888,1.9e-05
DuelingDQN,small_grid,4,645,24934,-57.0,28,1,0.7885,1.2e-05
DuelingDQN,small_grid,4,646,24941,0.0,7,1,0.7885,8e-06
DuelingDQN,small_grid,4,647,24964,-56.0,23,1,0.7883,6e-06
DuelingDQN,small_grid,4,648,24983,-20.0,19,1,0.7881,4e-06
DuelingDQN,small_grid,4,649,24989,5.0,6,1,0.788,4e-06
DuelingDQN,small_grid,4,650,25019,-47.0,30,1,0.7878,0.002369
DuelingDQN,small_grid,4,651,25045,-31.0,26,1,0.7876,0.001223
DuelingDQN,small_grid,4,652,25073,-65.0,28,1,0.7873,0.000566
DuelingDQN,small_grid,4,653,25092,-36.0,19,1,0.7872,0.00061
DuelingDQN,small_grid,4,654,25094,5.0,2,1,0.7872,0.000462
DuelingDQN,small_grid,4,655,25136,-83.0,42,1,0.7868,0.000478
DuelingDQN,small_grid,4,656,25159,-36.0,23,1,0.7866,0.000216
DuelingDQN,small_grid,4,657,25174,-16.0,15,1,0.7865,0.000165
DuelingDQN,small_grid,4,658,25187,-10.0,13,1,0.7864,0.000105
DuelingDQN,small_grid,4,659,25191,3.0,4,1,0.7863,6.4e-05
DuelingDQN,small_grid,4,660,25232,-98.0,41,1,0.786,3.8e-05
DuelingDQN,small_grid,4,661,25238,1.0,6,1,0.7859,2.9e-05
DuelingDQN,small_grid,4,662,25262,-33.0,24,1,0.7857,2.5e-05
DuelingDQN,small_grid,4,663,25272,-7.0,10,1,0.7856,2.4e-05
DuelingDQN,small_grid,4,664,25304,-57.0,32,1,0.7854,4.4e-05
DuelingDQN,small_grid,4,665,25317,-14.0,13,1,0.7853,9.3e-05
DuelingDQN,small_grid,4,666,25347,-51.0,30,1,0.785,6.7e-05
DuelingDQN,small_grid,4,667,25360,-26.0,13,1,0.7849,5.4e-05
DuelingDQN,small_grid,4,668,25361,10.0,1,1,0.7849,3.8e-05
DuelingDQN,small_grid,4,669,25364,4.0,3,1,0.7849,4.3e-05
DuelingDQN,small_grid,4,670,25411,-80.0,47,1,0.7845,6.4e-05
DuelingDQN,small_grid,4,671,25422,-12.0,11,1,0.7844,8.5e-05
DuelingDQN,small_grid,4,672,25431,-14.0,9,1,0.7843,6.6e-05
DuelingDQN,small_grid,4,673,25444,-22.0,13,1,0.7842,3.7e-05
DuelingDQN,small_grid,4,674,25462,-27.0,18,1,0.784,4e-05
DuelingDQN,small_grid,4,675,25490,-41.0,28,1,0.7838,4.4e-05
DuelingDQN,small_grid,4,676,25505,-16.0,15,1,0.7837,0.001864
DuelingDQN,small_grid,4,677,25540,-72.0,35,1,0.7834,0.002095
DuelingDQN,small_grid,4,678,25541,10.0,1,1,0.7834,0.00189
DuelingDQN,small_grid,4,679,25560,-28.0,19,1,0.7832,0.001354
DuelingDQN,small_grid,4,680,25562,5.0,2,1,0.7832,0.001606
DuelingDQN,small_grid,4,681,25593,-36.0,31,1,0.7829,0.001348
DuelingDQN,small_grid,4,682,25596,4.0,3,1,0.7829,0.001446
DuelingDQN,small_grid,4,683,25639,-68.0,43,1,0.7825,0.002304
DuelingDQN,small_grid,4,684,25676,-46.0,37,1,0.7822,0.001369
DuelingDQN,small_grid,4,685,25682,1.0,6,1,0.7822,0.000992
DuelingDQN,small_grid,4,686,25695,-14.0,13,1,0.7821,0.000852
DuelingDQN,small_grid,4,687,25719,-29.0,24,1,0.7819,0.000714
DuelingDQN,small_grid,4,688,25739,-33.0,20,1,0.7817,0.000639
DuelingDQN,small_grid,4,689,25750,-16.0,11,1,0.7816,0.000501
DuelingDQN,small_grid,4,690,25760,-11.0,10,1,0.7815,0.000352
DuelingDQN,small_grid,4,691,25763,8.0,3,1,0.7815,0.000271
DuelingDQN,small_grid,4,692,25771,-1.0,8,1,0.7814,0.000283
DuelingDQN,small_grid,4,693,25774,8.0,3,1,0.7814,0.000269
DuelingDQN,small_grid,4,694,25780,1.0,6,1,0.7813,0.000295
DuelingDQN,small_grid,4,695,25803,-44.0,23,1,0.7811,0.000214
DuelingDQN,small_grid,4,696,25814,-12.0,11,1,0.7811,0.00017
DuelingDQN,small_grid,4,697,25846,-53.0,32,1,0.7808,0.0001
DuelingDQN,small_grid,4,698,25851,-2.0,5,1,0.7807,9.3e-05
DuelingDQN,small_grid,4,699,25879,-53.0,28,1,0.7805,0.000105
DuelingDQN,small_grid,4,700,25925,-63.0,46,1,0.7801,9.5e-05
DuelingDQN,small_grid,4,701,25927,5.0,2,1,0.7801,0.000152
DuelingDQN,small_grid,4,702,25939,-13.0,12,1,0.78,0.000128
DuelingDQN,small_grid,4,703,25950,-24.0,11,1,0.7799,8.2e-05
DuelingDQN,small_grid,4,704,25957,-4.0,7,1,0.7798,8.1e-05
DuelingDQN,small_grid,4,705,25963,1.0,6,1,0.7798,9.1e-05
DuelingDQN,small_grid,4,706,25971,3.0,8,1,0.7797,9.4e-05
DuelingDQN,small_grid,4,707,26004,-70.0,33,1,0.7794,0.000906
DuelingDQN,small_grid,4,708,26080,-137.0,76,1,0.7788,0.001589
DuelingDQN,small_grid,4,709,26105,-62.0,25,1,0.7786,0.000299
DuelingDQN,small_grid,4,710,26122,-10.0,17,1,0.7784,0.000197
DuelingDQN,small_grid,4,711,26135,-14.0,13,1,0.7783,0.000275
DuelingDQN,small_grid,4,712,26138,8.0,3,1,0.7783,0.000427
DuelingDQN,small_grid,4,713,26253,-232.0,115,1,0.7773,0.000215
DuelingDQN,small_grid,4,714,26296,-92.0,43,1,0.777,9.6e-05
DuelingDQN,small_grid,4,715,26306,-15.0,10,1,0.7769,8.3e-05
DuelingDQN,small_grid,4,716,26324,-31.0,18,1,0.7767,9.2e-05
DuelingDQN,small_grid,4,717,26383,-124.0,59,1,0.7762,0.000215
DuelingDQN,small_grid,4,718,26389,5.0,6,1,0.7762,0.000285
DuelingDQN,small_grid,4,719,26408,-28.0,19,1,0.776,0.000297
DuelingDQN,small_grid,4,720,26416,-5.0,8,1,0.7759,0.000542
DuelingDQN,small_grid,4,721,26426,-11.0,10,1,0.7759,0.000684
DuelingDQN,small_grid,4,722,26449,-48.0,23,1,0.7757,0.000788
DuelingDQN,small_grid,4,723,26525,-165.0,76,1,0.775,0.001637
DuelingDQN,small_grid,4,724,26550,-30.0,25,1,0.7748,0.011967
DuelingDQN,small_grid,4,725,26573,-20.0,23,1,0.7746,0.012609
DuelingDQN,small_grid,4,726,26617,-93.0,44,1,0.7742,0.00252
DuelingDQN,small_grid,4,727,26622,-6.0,5,1,0.7742,0.000803
DuelingDQN,small_grid,4,728,26637,-20.0,15,1,0.7741,0.000497
DuelingDQN,small_grid,4,729,26642,6.0,5,1,0.774,0.000394
DuelingDQN,small_grid,4,730,26644,9.0,2,1,0.774,0.000197
DuelingDQN,small_grid,4,731,26653,-6.0,9,1,0.7739,0.000275
DuelingDQN,small_grid,4,732,26675,-23.0,22,1,0.7737,0.000189
DuelingDQN,small_grid,4,733,26677,9.0,2,1,0.7737,0.000111
DuelingDQN,small_grid,4,734,26689,-9.0,12,1,0.7736,0.000102
DuelingDQN,small_grid,4,735,26718,-70.0,29,1,0.7734,8.5e-05
DuelingDQN,small_grid,4,736,26726,-17.0,8,1,0.7733,5.6e-05
DuelingDQN,small_grid,4,737,26743,-26.0,17,1,0.7732,3.7e-05
DuelingDQN,small_grid,4,738,26756,-10.0,13,1,0.7731,2.1e-05
DuelingDQN,small_grid,4,739,26788,-65.0,32,1,0.7728,1.6e-05
DuelingDQN,small_grid,4,740,26815,-48.0,27,1,0.7726,2e-05
DuelingDQN,small_grid,4,741,26821,5.0,6,1,0.7725,1.3e-05
DuelingDQN,small_grid,4,742,26858,-58.0,37,1,0.7722,9e-06
DuelingDQN,small_grid,4,743,26875,-18.0,17,1,0.7721,7e-06
DuelingDQN,small_grid,4,744,26886,-8.0,11,1,0.772,8e-06
DuelingDQN,small_grid,4,745,26912,-47.0,26,1,0.7717,6e-06
DuelingDQN,small_grid,4,746,26928,-21.0,16,1,0.7716,5e-06
DuelingDQN,small_grid,4,747,26970,-67.0,42,1,0.7712,6e-06
DuelingDQN,small_grid,4,748,26974,3.0,4,1,0.7712,8e-06
DuelingDQN,small_grid,4,749,26982,-9.0,8,1,0.7711,8e-06
DuelingDQN,small_grid,4,750,26983,10.0,1,1,0.7711,7e-06
DuelingDQN,small_grid,4,751,26988,6.0,5,1,0.7711,7e-06
DuelingDQN,small_grid,4,752,26998,1.0,10,1,0.771,9e-06
DuelingDQN,small_grid,4,753,27027,-42.0,29,1,0.7708,0.002477
DuelingDQN,small_grid,4,754,27050,-24.0,23,1,0.7706,0.001785
DuelingDQN,small_grid,4,755,27069,-12.0,19,1,0.7704,0.001555
DuelingDQN,small_grid,4,756,27084,-20.0,15,1,0.7703,0.001374
DuelingDQN,small_grid,4,757,27104,-29.0,20,1,0.7701,0.000892
DuelingDQN,small_grid,4,758,27107,8.0,3,1,0.7701,0.000791
DuelingDQN,small_grid,4,759,27122,-12.0,15,1,0.77,0.00046
DuelingDQN,small_grid,4,760,27180,-95.0,58,1,0.7695,0.000165
DuelingDQN,small_grid,4,761,27194,-11.0,14,1,0.7693,8.7e-05
DuelingDQN,small_grid,4,762,27212,-23.0,18,1,0.7692,7.6e-05
DuelingDQN,small_grid,4,763,27242,-55.0,30,1,0.7689,6.7e-05
DuelingDQN,small_grid,4,764,27244,9.0,2,1,0.7689,4.3e-05
DuelingDQN,small_grid,4,765,27258,-15.0,14,1,0.7688,5.6e-05
DuelingDQN,small_grid,4,766,27280,-59.0,22,1,0.7686,6.7e-05
DuelingDQN,small_grid,4,767,27295,-16.0,15,1,0.7685,4.6e-05
DuelingDQN,small_grid,4,768,27316,-30.0,21,1,0.7683,3.6e-05
DuelingDQN,small_grid,4,769,27348,-57.0,32,1,0.768,2.7e-05
DuelingDQN,small_grid,4,770,27366,-31.0,18,1,0.7679,2.2e-05
DuelingDQN,small_grid,4,771,27388,-35.0,22,1,0.7677,2.3e-05
DuelingDQN,small_grid,4,772,27398,-7.0,10,1,0.7676,4e-05
DuelingDQN,small_grid,4,773,27401,0.0,3,1,0.7676,4.5e-05
DuelingDQN,small_grid,4,774,27424,-48.0,23,1,0.7674,7.5e-05
DuelingDQN,small_grid,4,775,27430,-11.0,6,1,0.7673,5.5e-05
DuelingDQN,small_grid,4,776,27435,2.0,5,1,0.7673,5.2e-05
DuelingDQN,small_grid,4,777,27439,7.0,4,1,0.7673,4.1e-05
DuelingDQN,small_grid,4,778,27474,-68.0,35,1,0.767,3.6e-05
DuelingDQN,small_grid,4,779,27481,4.0,7,1,0.7669,4.9e-05
DuelingDQN,small_grid,4,780,27509,-41.0,28,1,0.7667,0.001386
DuelingDQN,small_grid,4,781,27514,2.0,5,1,0.7666,0.003617
DuelingDQN,small_grid,4,782,27519,-2.0,5,1,0.7666,0.002657
DuelingDQN,small_grid,4,783,27522,8.0,3,1,0.7666,0.002257
DuelingDQN,small_grid,4,784,27533,-24.0,11,1,0.7665,0.003564
DuelingDQN,small_grid,4,785,27559,-43.0,26,1,0.7662,0.005888
DuelingDQN,small_grid,4,786,27572,-10.0,13,1,0.7661,0.004062
DuelingDQN,small_grid,4,787,27582,-7.0,10,1,0.7661,0.002018
DuelingDQN,small_grid,4,788,27603,-34.0,21,1,0.7659,0.00105
DuelingDQN,small_grid,4,789,27621,-35.0,18,1,0.7657,0.00069
DuelingDQN,small_grid,4,790,27651,-51.0,30,1,0.7655,0.000552
DuelingDQN,small_grid,4,791,27653,9.0,2,1,0.7655,0.000873
DuelingDQN,small_grid,4,792,27680,-36.0,27,1,0.7652,0.000485
DuelingDQN,small_grid,4,793,27694,-23.0,14,1,0.7651,0.000349
DuelingDQN,small_grid,4,794,27705,-8.0,11,1,0.765,0.000347
DuelingDQN,small_grid,4,795,27708,8.0,3,1,0.765,0.000236
DuelingDQN,small_grid,4,796,27723,-20.0,15,1,0.7649,0.000292
DuelingDQN,small_grid,4,797,27772,-74.0,49,1,0.7644,0.000112
DuelingDQN,small_grid,4,798,27793,-34.0,21,1,0.7643,5.5e-05
DuelingDQN,small_grid,4,799,27831,-79.0,38,1,0.7639,3.7e-05
DuelingDQN,small_grid,4,800,27850,-28.0,19,1,0.7638,1.9e-05
