algo,grid,seed,episode,global_step,episode_return,episode_length,success,epsilon,mean_loss
DQN,deceptive_grid,0,1,200,-231.12,200,0,0.9977,
DQN,deceptive_grid,0,2,400,-52.96,200,0,0.9955,
DQN,deceptive_grid,0,3,600,-60.96,200,0,0.9932,
DQN,deceptive_grid,0,4,800,-38.32,200,0,0.991,
DQN,deceptive_grid,0,5,1000,-3.2,200,0,0.9887,7.320038
DQN,deceptive_grid,0,6,1185,108.16,185,1,0.9866,4.25385
DQN,deceptive_grid,0,7,1385,18.56,200,0,0.9843,2.843738
DQN,deceptive_grid,0,8,1585,55.12,200,0,0.9821,2.672453
DQN,deceptive_grid,0,9,1785,-25.04,200,0,0.9798,2.039707
DQN,deceptive_grid,0,10,1901,-24.84,116,1,0.9785,2.123908
DQN,deceptive_grid,0,11,2101,-310.88,200,0,0.9762,2.57758
DQN,deceptive_grid,0,12,2139,-12.36,38,1,0.9758,2.335698
DQN,deceptive_grid,0,13,2339,-136.72,200,0,0.9735,2.230253
DQN,deceptive_grid,0,14,2539,-196.4,200,0,0.9713,2.430127
DQN,deceptive_grid,0,15,2590,-24.8,51,1,0.9707,2.29374
DQN,deceptive_grid,0,16,2670,9.88,80,1,0.9698,2.131354
DQN,deceptive_grid,0,17,2870,-102.4,200,0,0.9675,2.119647
DQN,deceptive_grid,0,18,3070,-112.4,200,0,0.9653,2.309273
DQN,deceptive_grid,0,19,3270,-41.68,200,0,0.963,2.120057
DQN,deceptive_grid,0,20,3371,-25.92,101,1,0.9619,2.124725
DQN,deceptive_grid,0,21,3571,33.68,200,0,0.9596,2.270536
DQN,deceptive_grid,0,22,3771,-186.88,200,0,0.9574,2.231299
DQN,deceptive_grid,0,23,3971,-119.68,200,0,0.9551,2.144779
DQN,deceptive_grid,0,24,4171,28.16,200,0,0.9528,2.452502
DQN,deceptive_grid,0,25,4371,-252.08,200,0,0.9506,2.227021
DQN,deceptive_grid,0,26,4373,25.08,2,1,0.9505,1.932734
DQN,deceptive_grid,0,27,4573,-48.64,200,0,0.9483,2.411832
DQN,deceptive_grid,0,28,4773,33.84,200,0,0.946,2.249945
DQN,deceptive_grid,0,29,4973,-143.44,200,0,0.9438,2.174862
DQN,deceptive_grid,0,30,5173,-120.08,200,0,0.9415,2.38379
DQN,deceptive_grid,0,31,5349,-115.32,176,1,0.9395,2.197731
DQN,deceptive_grid,0,32,5549,77.36,200,0,0.9372,2.352029
DQN,deceptive_grid,0,33,5749,-95.92,200,0,0.935,2.301656
DQN,deceptive_grid,0,34,5949,-209.44,200,0,0.9327,2.221381
DQN,deceptive_grid,0,35,6149,-8.24,200,0,0.9305,2.420197
DQN,deceptive_grid,0,36,6349,-93.28,200,0,0.9282,2.253685
DQN,deceptive_grid,0,37,6549,-115.2,200,0,0.9259,2.365513
DQN,deceptive_grid,0,38,6749,48.32,200,0,0.9237,2.256429
DQN,deceptive_grid,0,39,6908,-13.12,159,1,0.9219,2.19001
DQN,deceptive_grid,0,40,7108,-138.64,200,0,0.9196,2.333674
DQN,deceptive_grid,0,41,7308,34.4,200,0,0.9173,2.205035
DQN,deceptive_grid,0,42,7508,9.2,200,0,0.9151,2.250891
DQN,deceptive_grid,0,43,7708,103.92,200,0,0.9128,2.408954
DQN,deceptive_grid,0,44,7908,17.04,200,0,0.9106,2.253383
DQN,deceptive_grid,0,45,8091,67.76,183,1,0.9085,2.416142
DQN,deceptive_grid,0,46,8291,-87.28,200,0,0.9062,2.320084
DQN,deceptive_grid,0,47,8431,39.56,140,1,0.9046,2.293664
DQN,deceptive_grid,0,48,8631,-313.36,200,0,0.9024,2.511949
DQN,deceptive_grid,0,49,8831,-113.76,200,0,0.9001,2.330765
DQN,deceptive_grid,0,50,9031,-174.64,200,0,0.8979,2.391859
DQN,deceptive_grid,0,51,9104,14.32,73,1,0.897,2.382762
DQN,deceptive_grid,0,52,9304,-54.48,200,0,0.8948,2.406018
DQN,deceptive_grid,0,53,9404,33.4,100,1,0.8936,2.367252
DQN,deceptive_grid,0,54,9526,9.8,122,1,0.8923,2.601575
DQN,deceptive_grid,0,55,9726,-170.56,200,0,0.89,2.615038
DQN,deceptive_grid,0,56,9736,51.16,10,1,0.8899,2.468509
DQN,deceptive_grid,0,57,9936,-138.96,200,0,0.8876,2.593483
DQN,deceptive_grid,0,58,10062,-20.2,126,1,0.8862,2.655218
DQN,deceptive_grid,0,59,10189,2.8,127,1,0.8848,2.484377
DQN,deceptive_grid,0,60,10389,-258.16,200,0,0.8825,2.497105
DQN,deceptive_grid,0,61,10521,-60.76,132,1,0.881,2.612643
DQN,deceptive_grid,0,62,10606,11.52,85,1,0.8801,2.502878
DQN,deceptive_grid,0,63,10806,-200.64,200,0,0.8778,2.474243
DQN,deceptive_grid,0,64,11006,-208.8,200,0,0.8755,2.483046
DQN,deceptive_grid,0,65,11156,-20.12,150,1,0.8738,2.606862
DQN,deceptive_grid,0,66,11356,-36.96,200,0,0.8716,2.485251
DQN,deceptive_grid,0,67,11556,-190.0,200,0,0.8693,2.434474
DQN,deceptive_grid,0,68,11740,-33.24,184,1,0.8672,2.519257
DQN,deceptive_grid,0,69,11940,-168.08,200,0,0.865,2.633261
DQN,deceptive_grid,0,70,11990,91.4,50,1,0.8644,2.550337
DQN,deceptive_grid,0,71,12190,-56.64,200,0,0.8621,2.690704
DQN,deceptive_grid,0,72,12390,-44.96,200,0,0.8599,2.626973
DQN,deceptive_grid,0,73,12538,-0.84,148,1,0.8582,2.623724
DQN,deceptive_grid,0,74,12598,64.44,60,1,0.8575,2.743765
DQN,deceptive_grid,0,75,12645,11.6,47,1,0.857,2.76371
DQN,deceptive_grid,0,76,12737,-18.76,92,1,0.856,2.593701
DQN,deceptive_grid,0,77,12937,21.52,200,0,0.8537,2.583448
DQN,deceptive_grid,0,78,12976,50.08,39,1,0.8532,2.426304
DQN,deceptive_grid,0,79,13027,82.08,51,1,0.8527,2.785768
DQN,deceptive_grid,0,80,13206,55.2,179,1,0.8506,2.650523
DQN,deceptive_grid,0,81,13267,22.88,61,1,0.85,2.684037
DQN,deceptive_grid,0,82,13467,-93.6,200,0,0.8477,2.713221
DQN,deceptive_grid,0,83,13667,-103.04,200,0,0.8454,2.680704
DQN,deceptive_grid,0,84,13867,-32.8,200,0,0.8432,2.597926
DQN,deceptive_grid,0,85,13985,-18.52,118,1,0.8418,2.569681
DQN,deceptive_grid,0,86,14185,-203.52,200,0,0.8396,2.629887
DQN,deceptive_grid,0,87,14385,-242.96,200,0,0.8373,2.516122
DQN,deceptive_grid,0,88,14484,64.24,99,1,0.8362,2.428699
DQN,deceptive_grid,0,89,14641,-105.68,157,1,0.8344,2.601618
DQN,deceptive_grid,0,90,14730,64.64,89,1,0.8334,2.585071
DQN,deceptive_grid,0,91,14871,36.96,141,1,0.8318,2.384369
DQN,deceptive_grid,0,92,14908,45.44,37,1,0.8314,2.257402
DQN,deceptive_grid,0,93,14968,72.52,60,1,0.8307,2.387161
DQN,deceptive_grid,0,94,15168,14.16,200,0,0.8285,2.430257
DQN,deceptive_grid,0,95,15270,-36.92,102,1,0.8273,2.483603
DQN,deceptive_grid,0,96,15470,-158.0,200,0,0.825,2.40947
DQN,deceptive_grid,0,97,15670,-34.56,200,0,0.8228,2.391891
DQN,deceptive_grid,0,98,15870,0.16,200,0,0.8205,2.365247
DQN,deceptive_grid,0,99,15970,21.4,100,1,0.8194,2.294174
DQN,deceptive_grid,0,100,16119,-57.52,149,1,0.8177,2.446225
DQN,deceptive_grid,0,101,16198,65.28,79,1,0.8168,2.285207
DQN,deceptive_grid,0,102,16356,-63.72,158,1,0.815,2.31046
DQN,deceptive_grid,0,103,16556,-12.4,200,0,0.8128,2.210496
DQN,deceptive_grid,0,104,16756,-41.68,200,0,0.8105,2.287741
DQN,deceptive_grid,0,105,16760,23.48,4,1,0.8105,2.381549
DQN,deceptive_grid,0,106,16960,-175.04,200,0,0.8082,2.239592
DQN,deceptive_grid,0,107,17103,87.12,143,1,0.8066,2.216773
DQN,deceptive_grid,0,108,17277,145.0,174,1,0.8046,2.202365
DQN,deceptive_grid,0,109,17477,-145.6,200,0,0.8023,2.118734
DQN,deceptive_grid,0,110,17659,-56.52,182,1,0.8003,2.16676
DQN,deceptive_grid,0,111,17859,-11.28,200,0,0.798,2.099673
DQN,deceptive_grid,0,112,18022,-10.72,163,1,0.7962,2.077267
DQN,deceptive_grid,0,113,18064,-8.2,42,1,0.7957,2.099263
DQN,deceptive_grid,0,114,18264,-117.84,200,0,0.7934,1.987769
DQN,deceptive_grid,0,115,18464,-137.68,200,0,0.7912,1.991082
DQN,deceptive_grid,0,116,18472,7.8,8,1,0.7911,2.098851
DQN,deceptive_grid,0,117,18672,-164.4,200,0,0.7888,2.068532
DQN,deceptive_grid,0,118,18872,-76.32,200,0,0.7866,2.049572
DQN,deceptive_grid,0,119,19059,-44.0,187,1,0.7845,1.996985
DQN,deceptive_grid,0,120,19230,87.36,171,1,0.7825,2.081677
DQN,deceptive_grid,0,121,19384,-7.0,154,1,0.7808,1.932066
DQN,deceptive_grid,0,122,19510,64.84,126,1,0.7794,1.913211
DQN,deceptive_grid,0,123,19635,-11.44,125,1,0.7779,1.896452
DQN,deceptive_grid,0,124,19789,84.6,154,1,0.7762,1.946872
DQN,deceptive_grid,0,125,19913,-47.88,124,1,0.7748,1.944421
DQN,deceptive_grid,0,126,20097,-22.12,184,1,0.7727,1.900857
DQN,deceptive_grid,0,127,20297,-69.76,200,0,0.7705,1.88411
DQN,deceptive_grid,0,128,20497,-113.84,200,0,0.7682,1.948434
DQN,deceptive_grid,0,129,20697,-162.0,200,0,0.7659,1.946085
DQN,deceptive_grid,0,130,20855,72.76,158,1,0.7641,1.850218
DQN,deceptive_grid,0,131,21055,-176.08,200,0,0.7619,1.855643
DQN,deceptive_grid,0,132,21255,-137.04,200,0,0.7596,1.841651
DQN,deceptive_grid,0,133,21378,-15.84,123,1,0.7582,1.664072
DQN,deceptive_grid,0,134,21578,-83.92,200,0,0.756,1.805611
DQN,deceptive_grid,0,135,21670,-7.96,92,1,0.7549,1.77317
DQN,deceptive_grid,0,136,21793,-12.48,123,1,0.7535,1.760004
DQN,deceptive_grid,0,137,21993,-45.52,200,0,0.7513,1.759079
DQN,deceptive_grid,0,138,22193,-114.32,200,0,0.749,1.779561
DQN,deceptive_grid,0,139,22356,-67.76,163,1,0.7472,1.814576
DQN,deceptive_grid,0,140,22498,57.4,142,1,0.7456,1.743887
DQN,deceptive_grid,0,141,22596,10.44,98,1,0.7445,1.659959
DQN,deceptive_grid,0,142,22735,-31.52,139,1,0.7429,1.733076
DQN,deceptive_grid,0,143,22935,-127.52,200,0,0.7406,1.64671
DQN,deceptive_grid,0,144,23135,-186.08,200,0,0.7384,1.67747
DQN,deceptive_grid,0,145,23335,4.08,200,0,0.7361,1.660058
DQN,deceptive_grid,0,146,23535,-134.56,200,0,0.7338,1.621397
DQN,deceptive_grid,0,147,23735,-55.6,200,0,0.7316,1.733211
DQN,deceptive_grid,0,148,23935,-147.6,200,0,0.7293,1.703065
DQN,deceptive_grid,0,149,24135,-72.88,200,0,0.727,1.735063
DQN,deceptive_grid,0,150,24335,-85.76,200,0,0.7248,1.700889
DQN,deceptive_grid,0,151,24429,90.6,94,1,0.7237,1.72273
DQN,deceptive_grid,0,152,24629,-101.12,200,0,0.7215,1.732931
DQN,deceptive_grid,0,153,24713,23.88,84,1,0.7205,1.694256
DQN,deceptive_grid,0,154,24913,-88.96,200,0,0.7182,1.693447
DQN,deceptive_grid,0,155,25113,-38.16,200,0,0.716,1.683712
DQN,deceptive_grid,0,156,25313,-150.4,200,0,0.7137,1.744569
DQN,deceptive_grid,0,157,25513,-175.2,200,0,0.7115,1.711325
DQN,deceptive_grid,0,158,25713,-143.2,200,0,0.7092,1.65466
DQN,deceptive_grid,0,159,25913,43.04,200,0,0.7069,1.636204
DQN,deceptive_grid,0,160,26113,-54.16,200,0,0.7047,1.732242
DQN,deceptive_grid,0,161,26313,-131.44,200,0,0.7024,1.730505
DQN,deceptive_grid,0,162,26513,-153.44,200,0,0.7002,1.641838
DQN,deceptive_grid,0,163,26713,-9.44,200,0,0.6979,1.734094
DQN,deceptive_grid,0,164,26913,-98.64,200,0,0.6956,1.623462
DQN,deceptive_grid,0,165,27113,-20.24,200,0,0.6934,1.691396
DQN,deceptive_grid,0,166,27313,-97.12,200,0,0.6911,1.68264
DQN,deceptive_grid,0,167,27513,36.96,200,0,0.6888,1.652166
DQN,deceptive_grid,0,168,27713,-159.6,200,0,0.6866,1.614048
DQN,deceptive_grid,0,169,27913,23.68,200,0,0.6843,1.569907
DQN,deceptive_grid,0,170,28113,5.12,200,0,0.6821,1.550628
DQN,deceptive_grid,0,171,28313,-24.08,200,0,0.6798,1.567309
DQN,deceptive_grid,0,172,28513,-90.8,200,0,0.6775,1.570515
DQN,deceptive_grid,0,173,28713,-150.24,200,0,0.6753,1.475526
DQN,deceptive_grid,0,174,28913,-87.04,200,0,0.673,1.462496
DQN,deceptive_grid,0,175,29030,-17.68,117,1,0.6717,1.477451
DQN,deceptive_grid,0,176,29230,-71.92,200,0,0.6694,1.387147
DQN,deceptive_grid,0,177,29430,-89.36,200,0,0.6672,1.344653
DQN,deceptive_grid,0,178,29630,30.88,200,0,0.6649,1.415833
DQN,deceptive_grid,0,179,29830,6.72,200,0,0.6626,1.316547
DQN,deceptive_grid,0,180,30030,-78.56,200,0,0.6604,1.293619
DQN,deceptive_grid,0,181,30230,-223.04,200,0,0.6581,1.291188
DQN,deceptive_grid,0,182,30430,-90.08,200,0,0.6559,1.306877
DQN,deceptive_grid,0,183,30573,-42.16,143,1,0.6542,1.251927
DQN,deceptive_grid,0,184,30773,-204.72,200,0,0.652,1.263939
DQN,deceptive_grid,0,185,30973,-192.72,200,0,0.6497,1.224954
DQN,deceptive_grid,0,186,31173,26.96,200,0,0.6474,1.228689
DQN,deceptive_grid,0,187,31373,27.44,200,0,0.6452,1.247097
DQN,deceptive_grid,0,188,31573,-155.76,200,0,0.6429,1.250422
DQN,deceptive_grid,0,189,31773,28.88,200,0,0.6407,1.221397
DQN,deceptive_grid,0,190,31973,-153.04,200,0,0.6384,1.212502
DQN,deceptive_grid,0,191,32173,-88.56,200,0,0.6361,1.265562
DQN,deceptive_grid,0,192,32373,-99.84,200,0,0.6339,1.259784
DQN,deceptive_grid,0,193,32573,-46.08,200,0,0.6316,1.197551
DQN,deceptive_grid,0,194,32773,23.68,200,0,0.6294,1.248834
DQN,deceptive_grid,0,195,32973,-3.84,200,0,0.6271,1.259921
DQN,deceptive_grid,0,196,33173,-182.48,200,0,0.6248,1.226443
DQN,deceptive_grid,0,197,33373,-40.16,200,0,0.6226,1.216522
DQN,deceptive_grid,0,198,33573,-58.08,200,0,0.6203,1.224115
DQN,deceptive_grid,0,199,33773,-50.32,200,0,0.618,1.240948
DQN,deceptive_grid,0,200,33973,-96.88,200,0,0.6158,1.239036
DQN,deceptive_grid,0,201,34173,25.6,200,0,0.6135,1.244056
DQN,deceptive_grid,0,202,34373,32.8,200,0,0.6113,1.205412
DQN,deceptive_grid,0,203,34573,-38.08,200,0,0.609,1.194218
DQN,deceptive_grid,0,204,34773,41.76,200,0,0.6067,1.201372
DQN,deceptive_grid,0,205,34929,-67.0,156,1,0.605,1.198625
DQN,deceptive_grid,0,206,35054,-96.96,125,1,0.6036,1.194592
DQN,deceptive_grid,0,207,35167,98.16,113,1,0.6023,1.140583
DQN,deceptive_grid,0,208,35235,-5.0,68,1,0.6015,1.161689
DQN,deceptive_grid,0,209,35272,4.56,37,1,0.6011,1.026788
DQN,deceptive_grid,0,210,35472,-78.96,200,0,0.5988,1.109983
DQN,deceptive_grid,0,211,35672,15.84,200,0,0.5966,1.129259
DQN,deceptive_grid,0,212,35872,-25.6,200,0,0.5943,1.070424
DQN,deceptive_grid,0,213,36033,3.44,161,1,0.5925,1.103679
DQN,deceptive_grid,0,214,36233,-21.28,200,0,0.5902,1.102382
DQN,deceptive_grid,0,215,36433,-5.68,200,0,0.588,1.11044
DQN,deceptive_grid,0,216,36485,25.72,52,1,0.5874,1.076515
DQN,deceptive_grid,0,217,36685,-35.76,200,0,0.5851,1.106446
DQN,deceptive_grid,0,218,36855,93.72,170,1,0.5832,1.090992
DQN,deceptive_grid,0,219,37055,-165.2,200,0,0.5809,1.004253
DQN,deceptive_grid,0,220,37255,-15.92,200,0,0.5787,1.094358
DQN,deceptive_grid,0,221,37455,40.16,200,0,0.5764,1.074647
DQN,deceptive_grid,0,222,37655,-35.44,200,0,0.5741,1.062223
DQN,deceptive_grid,0,223,37855,-51.6,200,0,0.5719,1.007003
DQN,deceptive_grid,0,224,38055,10.72,200,0,0.5696,1.066816
DQN,deceptive_grid,0,225,38183,-49.56,128,1,0.5682,0.967044
DQN,deceptive_grid,0,226,38383,-151.76,200,0,0.5659,0.981709
DQN,deceptive_grid,0,227,38583,18.8,200,0,0.5636,1.007762
DQN,deceptive_grid,0,228,38783,30.0,200,0,0.5614,0.983831
DQN,deceptive_grid,0,229,38983,-4.0,200,0,0.5591,1.003623
DQN,deceptive_grid,0,230,39027,29.96,44,1,0.5586,1.091284
DQN,deceptive_grid,0,231,39227,-6.32,200,0,0.5564,1.007007
DQN,deceptive_grid,0,232,39414,-4.0,187,1,0.5542,0.951545
DQN,deceptive_grid,0,233,39437,19.28,23,1,0.554,0.934671
DQN,deceptive_grid,0,234,39508,8.32,71,1,0.5532,0.976822
DQN,deceptive_grid,0,235,39708,-34.64,200,0,0.5509,0.993124
DQN,deceptive_grid,0,236,39908,35.12,200,0,0.5487,0.853568
DQN,deceptive_grid,0,237,40108,-64.8,200,0,0.5464,0.937359
DQN,deceptive_grid,0,238,40308,-17.6,200,0,0.5441,0.92934
DQN,deceptive_grid,0,239,40508,27.68,200,0,0.5419,0.878907
DQN,deceptive_grid,0,240,40708,89.44,200,0,0.5396,0.964427
DQN,deceptive_grid,0,241,40908,-102.0,200,0,0.5373,0.894441
DQN,deceptive_grid,0,242,41108,23.6,200,0,0.5351,0.916697
DQN,deceptive_grid,0,243,41308,39.28,200,0,0.5328,0.833661
DQN,deceptive_grid,0,244,41508,21.84,200,0,0.5306,0.855995
DQN,deceptive_grid,0,245,41602,-6.68,94,1,0.5295,0.95487
DQN,deceptive_grid,0,246,41621,36.4,19,1,0.5293,1.001734
DQN,deceptive_grid,0,247,41821,-41.76,200,0,0.527,0.910651
DQN,deceptive_grid,0,248,42021,17.36,200,0,0.5248,0.89832
DQN,deceptive_grid,0,249,42221,-106.48,200,0,0.5225,0.944939
DQN,deceptive_grid,0,250,42421,0.24,200,0,0.5202,0.897164
DQN,deceptive_grid,0,251,42621,-17.76,200,0,0.518,0.927803
DQN,deceptive_grid,0,252,42821,18.24,200,0,0.5157,0.867865
DQN,deceptive_grid,0,253,43021,-49.28,200,0,0.5135,0.864002
DQN,deceptive_grid,0,254,43221,-37.92,200,0,0.5112,0.881849
DQN,deceptive_grid,0,255,43421,-0.56,200,0,0.5089,0.819378
DQN,deceptive_grid,0,256,43621,29.36,200,0,0.5067,0.838636
DQN,deceptive_grid,0,257,43821,57.12,200,0,0.5044,0.820769
DQN,deceptive_grid,0,258,44021,46.72,200,0,0.5021,0.837144
DQN,deceptive_grid,0,259,44221,-50.8,200,0,0.4999,0.867454
DQN,deceptive_grid,0,260,44421,-10.08,200,0,0.4976,0.872711
DQN,deceptive_grid,0,261,44621,-191.6,200,0,0.4954,0.866359
DQN,deceptive_grid,0,262,44821,-48.4,200,0,0.4931,0.881701
DQN,deceptive_grid,0,263,45021,-170.64,200,0,0.4908,0.830981
DQN,deceptive_grid,0,264,45221,-89.44,200,0,0.4886,0.862846
DQN,deceptive_grid,0,265,45421,-111.2,200,0,0.4863,0.816523
DQN,deceptive_grid,0,266,45441,27.16,20,1,0.4861,0.735524
DQN,deceptive_grid,0,267,45641,43.04,200,0,0.4838,0.819045
DQN,deceptive_grid,0,268,45841,-120.0,200,0,0.4816,0.779604
DQN,deceptive_grid,0,269,46041,-58.32,200,0,0.4793,0.794333
DQN,deceptive_grid,0,270,46241,-6.0,200,0,0.477,0.756241
DQN,deceptive_grid,0,271,46441,-64.16,200,0,0.4748,0.765231
DQN,deceptive_grid,0,272,46641,22.88,200,0,0.4725,0.736651
DQN,deceptive_grid,0,273,46841,-110.16,200,0,0.4703,0.716125
DQN,deceptive_grid,0,274,47041,-126.56,200,0,0.468,0.737301
DQN,deceptive_grid,0,275,47241,-22.8,200,0,0.4657,0.714087
DQN,deceptive_grid,0,276,47441,-68.0,200,0,0.4635,0.69039
DQN,deceptive_grid,0,277,47641,-127.6,200,0,0.4612,0.706048
DQN,deceptive_grid,0,278,47841,-122.08,200,0,0.4589,0.657566
DQN,deceptive_grid,0,279,48041,-53.92,200,0,0.4567,0.689811
DQN,deceptive_grid,0,280,48241,-42.64,200,0,0.4544,0.685904
DQN,deceptive_grid,0,281,48441,-18.08,200,0,0.4522,0.645209
DQN,deceptive_grid,0,282,48641,-119.68,200,0,0.4499,0.637668
DQN,deceptive_grid,0,283,48841,-2.48,200,0,0.4476,0.594213
DQN,deceptive_grid,0,284,49041,-112.48,200,0,0.4454,0.635074
DQN,deceptive_grid,0,285,49241,-20.8,200,0,0.4431,0.63064
DQN,deceptive_grid,0,286,49441,-131.68,200,0,0.4408,0.633642
DQN,deceptive_grid,0,287,49641,-75.36,200,0,0.4386,0.587591
DQN,deceptive_grid,0,288,49841,-72.4,200,0,0.4363,0.562564
DQN,deceptive_grid,0,289,50041,-84.72,200,0,0.4341,0.583193
DQN,deceptive_grid,0,290,50241,-35.84,200,0,0.4318,0.560386
DQN,deceptive_grid,0,291,50441,7.2,200,0,0.4295,0.527615
DQN,deceptive_grid,0,292,50641,-150.88,200,0,0.4273,0.541607
DQN,deceptive_grid,0,293,50841,-38.4,200,0,0.425,0.510311
DQN,deceptive_grid,0,294,51041,5.92,200,0,0.4228,0.519631
DQN,deceptive_grid,0,295,51241,-88.88,200,0,0.4205,0.539538
DQN,deceptive_grid,0,296,51441,-87.12,200,0,0.4182,0.513705
DQN,deceptive_grid,0,297,51641,-113.28,200,0,0.416,0.492438
DQN,deceptive_grid,0,298,51841,11.36,200,0,0.4137,0.511359
DQN,deceptive_grid,0,299,52041,-90.16,200,0,0.4114,0.475471
DQN,deceptive_grid,0,300,52241,-86.32,200,0,0.4092,0.463832
DQN,deceptive_grid,0,301,52441,18.56,200,0,0.4069,0.465908
DQN,deceptive_grid,0,302,52641,37.76,200,0,0.4047,0.44559
DQN,deceptive_grid,0,303,52841,-23.36,200,0,0.4024,0.426354
DQN,deceptive_grid,0,304,53041,-46.88,200,0,0.4001,0.399819
DQN,deceptive_grid,0,305,53241,69.76,200,0,0.3979,0.400814
DQN,deceptive_grid,0,306,53441,-8.88,200,0,0.3956,0.360811
DQN,deceptive_grid,0,307,53641,-22.88,200,0,0.3933,0.388731
DQN,deceptive_grid,0,308,53841,-112.88,200,0,0.3911,0.375869
DQN,deceptive_grid,0,309,54041,42.24,200,0,0.3888,0.395548
DQN,deceptive_grid,0,310,54241,-13.12,200,0,0.3866,0.367236
DQN,deceptive_grid,0,311,54441,-55.04,200,0,0.3843,0.329048
DQN,deceptive_grid,0,312,54641,-125.36,200,0,0.382,0.361958
DQN,deceptive_grid,0,313,54841,-28.8,200,0,0.3798,0.348899
DQN,deceptive_grid,0,314,55041,-15.36,200,0,0.3775,0.357436
DQN,deceptive_grid,0,315,55241,-118.4,200,0,0.3753,0.343669
DQN,deceptive_grid,0,316,55441,26.72,200,0,0.373,0.358521
DQN,deceptive_grid,0,317,55641,2.24,200,0,0.3707,0.344568
DQN,deceptive_grid,0,318,55841,-95.76,200,0,0.3685,0.33501
DQN,deceptive_grid,0,319,56041,18.16,200,0,0.3662,0.343124
DQN,deceptive_grid,0,320,56241,83.52,200,0,0.3639,0.324216
DQN,deceptive_grid,0,321,56441,22.88,200,0,0.3617,0.309271
DQN,deceptive_grid,0,322,56641,-21.12,200,0,0.3594,0.349796
DQN,deceptive_grid,0,323,56841,8.0,200,0,0.3572,0.327256
DQN,deceptive_grid,0,324,57041,3.36,200,0,0.3549,0.311818
DQN,deceptive_grid,0,325,57241,-21.28,200,0,0.3526,0.299422
DQN,deceptive_grid,0,326,57441,-30.24,200,0,0.3504,0.292898
DQN,deceptive_grid,0,327,57641,-33.92,200,0,0.3481,0.339069
DQN,deceptive_grid,0,328,57841,-126.08,200,0,0.3458,0.318761
DQN,deceptive_grid,0,329,58041,-97.92,200,0,0.3436,0.336266
DQN,deceptive_grid,0,330,58241,-81.12,200,0,0.3413,0.306025
DQN,deceptive_grid,0,331,58441,59.6,200,0,0.3391,0.301583
DQN,deceptive_grid,0,332,58641,1.44,200,0,0.3368,0.32396
DQN,deceptive_grid,0,333,58841,-89.36,200,0,0.3345,0.312398
DQN,deceptive_grid,0,334,59041,-4.48,200,0,0.3323,0.335198
DQN,deceptive_grid,0,335,59241,-20.64,200,0,0.33,0.326561
DQN,deceptive_grid,0,336,59441,-78.88,200,0,0.3278,0.299197
DQN,deceptive_grid,0,337,59641,-28.48,200,0,0.3255,0.328927
DQN,deceptive_grid,0,338,59841,-48.64,200,0,0.3232,0.317399
DQN,deceptive_grid,0,339,60041,37.28,200,0,0.321,0.299957
DQN,deceptive_grid,0,340,60241,-25.92,200,0,0.3187,0.316343
DQN,deceptive_grid,0,341,60441,-52.56,200,0,0.3164,0.313507
DQN,deceptive_grid,0,342,60641,17.92,200,0,0.3142,0.313949
DQN,deceptive_grid,0,343,60841,-21.12,200,0,0.3119,0.304462
DQN,deceptive_grid,0,344,60857,73.16,16,1,0.3117,0.288506
DQN,deceptive_grid,0,345,61057,-69.76,200,0,0.3095,0.299916
DQN,deceptive_grid,0,346,61257,-23.04,200,0,0.3072,0.305995
DQN,deceptive_grid,0,347,61457,68.32,200,0,0.305,0.286231
DQN,deceptive_grid,0,348,61657,38.16,200,0,0.3027,0.345181
DQN,deceptive_grid,0,349,61857,-39.6,200,0,0.3004,0.30537
DQN,deceptive_grid,0,350,62057,-43.28,200,0,0.2982,0.323599
DQN,deceptive_grid,0,351,62257,-40.48,200,0,0.2959,0.310811
DQN,deceptive_grid,0,352,62457,-64.16,200,0,0.2936,0.286422
DQN,deceptive_grid,0,353,62657,-70.64,200,0,0.2914,0.311459
DQN,deceptive_grid,0,354,62857,-110.0,200,0,0.2891,0.292238
DQN,deceptive_grid,0,355,63057,-29.92,200,0,0.2869,0.301616
DQN,deceptive_grid,0,356,63257,-203.44,200,0,0.2846,0.321879
DQN,deceptive_grid,0,357,63457,-77.92,200,0,0.2823,0.295045
DQN,deceptive_grid,0,358,63657,-126.64,200,0,0.2801,0.31224
DQN,deceptive_grid,0,359,63857,-90.32,200,0,0.2778,0.2857
DQN,deceptive_grid,0,360,64057,-103.04,200,0,0.2755,0.285987
DQN,deceptive_grid,0,361,64257,-33.12,200,0,0.2733,0.273722
DQN,deceptive_grid,0,362,64264,29.52,7,1,0.2732,0.305141
DQN,deceptive_grid,0,363,64464,-105.84,200,0,0.2709,0.254439
DQN,deceptive_grid,0,364,64664,50.48,200,0,0.2687,0.308078
DQN,deceptive_grid,0,365,64864,-47.36,200,0,0.2664,0.270422
DQN,deceptive_grid,0,366,65064,87.04,200,0,0.2642,0.273024
DQN,deceptive_grid,0,367,65264,-1.84,200,0,0.2619,0.269884
DQN,deceptive_grid,0,368,65464,-79.52,200,0,0.2596,0.248092
DQN,deceptive_grid,0,369,65664,-11.76,200,0,0.2574,0.266267
DQN,deceptive_grid,0,370,65864,-89.36,200,0,0.2551,0.249849
DQN,deceptive_grid,0,371,66064,-94.08,200,0,0.2528,0.254883
DQN,deceptive_grid,0,372,66264,-14.24,200,0,0.2506,0.253207
DQN,deceptive_grid,0,373,66464,-60.96,200,0,0.2483,0.25693
DQN,deceptive_grid,0,374,66664,-71.92,200,0,0.2461,0.240937
DQN,deceptive_grid,0,375,66864,-97.12,200,0,0.2438,0.244571
DQN,deceptive_grid,0,376,67064,-147.52,200,0,0.2415,0.240358
DQN,deceptive_grid,0,377,67264,-50.72,200,0,0.2393,0.230759
DQN,deceptive_grid,0,378,67464,-42.4,200,0,0.237,0.204795
DQN,deceptive_grid,0,379,67664,-142.72,200,0,0.2348,0.21389
DQN,deceptive_grid,0,380,67864,-58.4,200,0,0.2325,0.199803
DQN,deceptive_grid,0,381,68064,-114.8,200,0,0.2302,0.212123
DQN,deceptive_grid,0,382,68264,19.68,200,0,0.228,0.199273
DQN,deceptive_grid,0,383,68464,-102.56,200,0,0.2257,0.189337
DQN,deceptive_grid,0,384,68664,-31.6,200,0,0.2234,0.188621
DQN,deceptive_grid,0,385,68864,-72.48,200,0,0.2212,0.189949
DQN,deceptive_grid,0,386,69064,-0.32,200,0,0.2189,0.197857
DQN,deceptive_grid,0,387,69264,35.04,200,0,0.2167,0.206677
DQN,deceptive_grid,0,388,69464,9.6,200,0,0.2144,0.183982
DQN,deceptive_grid,0,389,69664,-23.2,200,0,0.2121,0.191664
DQN,deceptive_grid,0,390,69864,-63.2,200,0,0.2099,0.186806
DQN,deceptive_grid,0,391,70064,11.84,200,0,0.2076,0.174484
DQN,deceptive_grid,0,392,70264,-53.36,200,0,0.2053,0.16885
DQN,deceptive_grid,0,393,70464,-63.12,200,0,0.2031,0.172703
DQN,deceptive_grid,0,394,70664,94.32,200,0,0.2008,0.176961
DQN,deceptive_grid,0,395,70864,-42.24,200,0,0.1986,0.179041
DQN,deceptive_grid,0,396,71064,-80.88,200,0,0.1963,0.184431
DQN,deceptive_grid,0,397,71264,-76.88,200,0,0.194,0.155728
DQN,deceptive_grid,0,398,71464,-117.28,200,0,0.1918,0.154098
DQN,deceptive_grid,0,399,71664,-30.32,200,0,0.1895,0.180597
DQN,deceptive_grid,0,400,71864,-58.48,200,0,0.1873,0.145765
DQN,deceptive_grid,0,401,72064,-62.4,200,0,0.185,0.171984
DQN,deceptive_grid,0,402,72264,-11.84,200,0,0.1827,0.173573
DQN,deceptive_grid,0,403,72464,-120.96,200,0,0.1805,0.169524
DQN,deceptive_grid,0,404,72664,-2.08,200,0,0.1782,0.173695
DQN,deceptive_grid,0,405,72841,55.76,177,1,0.1762,0.163212
DQN,deceptive_grid,0,406,73041,-103.2,200,0,0.1739,0.168842
DQN,deceptive_grid,0,407,73241,-23.04,200,0,0.1717,0.16385
DQN,deceptive_grid,0,408,73441,11.36,200,0,0.1694,0.144179
DQN,deceptive_grid,0,409,73641,-227.12,200,0,0.1672,0.156719
DQN,deceptive_grid,0,410,73841,-6.08,200,0,0.1649,0.148686
DQN,deceptive_grid,0,411,74041,-54.4,200,0,0.1626,0.156736
DQN,deceptive_grid,0,412,74241,-99.84,200,0,0.1604,0.157148
DQN,deceptive_grid,0,413,74441,-38.4,200,0,0.1581,0.142816
DQN,deceptive_grid,0,414,74447,54.2,6,1,0.158,0.150838
DQN,deceptive_grid,0,415,74647,50.0,200,0,0.1558,0.145401
DQN,deceptive_grid,0,416,74847,68.0,200,0,0.1535,0.143423
DQN,deceptive_grid,0,417,75047,-46.56,200,0,0.1513,0.159041
DQN,deceptive_grid,0,418,75247,-75.28,200,0,0.149,0.149887
DQN,deceptive_grid,0,419,75447,-113.6,200,0,0.1467,0.144909
DQN,deceptive_grid,0,420,75647,-91.52,200,0,0.1445,0.163338
DQN,deceptive_grid,0,421,75847,-29.76,200,0,0.1422,0.129151
DQN,deceptive_grid,0,422,76047,51.52,200,0,0.1399,0.13604
DQN,deceptive_grid,0,423,76221,61.4,174,1,0.138,0.13132
DQN,deceptive_grid,0,424,76421,-116.64,200,0,0.1357,0.132622
DQN,deceptive_grid,0,425,76621,-124.0,200,0,0.1335,0.153069
DQN,deceptive_grid,0,426,76821,-3.84,200,0,0.1312,0.12691
DQN,deceptive_grid,0,427,77021,-150.88,200,0,0.1289,0.130653
DQN,deceptive_grid,0,428,77221,-72.64,200,0,0.1267,0.13612
DQN,deceptive_grid,0,429,77421,-2.48,200,0,0.1244,0.136291
DQN,deceptive_grid,0,430,77621,29.76,200,0,0.1221,0.145648
DQN,deceptive_grid,0,431,77821,-107.12,200,0,0.1199,0.119651
DQN,deceptive_grid,0,432,78021,-100.56,200,0,0.1176,0.130139
DQN,deceptive_grid,0,433,78221,-100.16,200,0,0.1154,0.13965
DQN,deceptive_grid,0,434,78421,-103.84,200,0,0.1131,0.125141
DQN,deceptive_grid,0,435,78621,4.48,200,0,0.1108,0.12026
DQN,deceptive_grid,0,436,78821,-23.28,200,0,0.1086,0.118732
DQN,deceptive_grid,0,437,79021,-163.28,200,0,0.1063,0.117797
DQN,deceptive_grid,0,438,79221,-137.44,200,0,0.104,0.119067
DQN,deceptive_grid,0,439,79421,-28.08,200,0,0.1018,0.101678
DQN,deceptive_grid,0,440,79621,-86.72,200,0,0.0995,0.136689
DQN,deceptive_grid,0,441,79659,28.12,38,1,0.0991,0.10575
DQN,deceptive_grid,0,442,79712,-11.28,53,1,0.0985,0.120612
DQN,deceptive_grid,0,443,79912,-89.28,200,0,0.0962,0.110395
DQN,deceptive_grid,0,444,80112,-45.28,200,0,0.094,0.134459
DQN,deceptive_grid,0,445,80312,-151.84,200,0,0.0917,0.121016
DQN,deceptive_grid,0,446,80512,68.0,200,0,0.0894,0.120933
DQN,deceptive_grid,0,447,80712,-40.48,200,0,0.0872,0.131117
DQN,deceptive_grid,0,448,80912,-35.12,200,0,0.0849,0.116615
DQN,deceptive_grid,0,449,81112,-87.2,200,0,0.0827,0.120233
DQN,deceptive_grid,0,450,81122,50.84,10,1,0.0825,0.118233
DQN,deceptive_grid,0,451,81161,59.52,39,1,0.0821,0.118217
DQN,deceptive_grid,0,452,81180,71.28,19,1,0.0819,0.12567
DQN,deceptive_grid,0,453,81223,33.36,43,1,0.0814,0.100815
DQN,deceptive_grid,0,454,81423,-119.28,200,0,0.0791,0.115635
DQN,deceptive_grid,0,455,81623,63.84,200,0,0.0769,0.121537
DQN,deceptive_grid,0,456,81692,143.28,69,1,0.0761,0.114094
DQN,deceptive_grid,0,457,81892,7.84,200,0,0.0738,0.106973
DQN,deceptive_grid,0,458,82061,45.84,169,1,0.0719,0.116964
DQN,deceptive_grid,0,459,82261,-40.88,200,0,0.0697,0.124934
DQN,deceptive_grid,0,460,82461,-96.8,200,0,0.0674,0.102846
DQN,deceptive_grid,0,461,82661,28.56,200,0,0.0651,0.132418
DQN,deceptive_grid,0,462,82861,-138.72,200,0,0.0629,0.109567
DQN,deceptive_grid,0,463,83025,179.0,164,1,0.061,0.126043
DQN,deceptive_grid,0,464,83107,52.12,82,1,0.0601,0.119522
DQN,deceptive_grid,0,465,83117,52.12,10,1,0.06,0.117923
DQN,deceptive_grid,0,466,83317,-117.28,200,0,0.0577,0.121326
DQN,deceptive_grid,0,467,83331,65.56,14,1,0.0576,0.111076
DQN,deceptive_grid,0,468,83333,25.08,2,1,0.0575,0.135397
DQN,deceptive_grid,0,469,83402,102.48,69,1,0.0568,0.111597
DQN,deceptive_grid,0,470,83602,-39.04,200,0,0.0545,0.12321
DQN,deceptive_grid,0,471,83772,64.6,170,1,0.0526,0.11006
DQN,deceptive_grid,0,472,83783,92.4,11,1,0.0525,0.091557
DQN,deceptive_grid,0,473,83983,-93.76,200,0,0.0502,0.112553
DQN,deceptive_grid,0,474,84183,-57.6,200,0,0.05,0.120142
DQN,deceptive_grid,0,475,84192,76.88,9,1,0.05,0.076368
DQN,deceptive_grid,0,476,84218,27.32,26,1,0.05,0.118402
DQN,deceptive_grid,0,477,84226,69.24,8,1,0.05,0.109586
DQN,deceptive_grid,0,478,84236,84.6,10,1,0.05,0.080653
DQN,deceptive_grid,0,479,84260,110.84,24,1,0.05,0.133775
DQN,deceptive_grid,0,480,84270,67.64,10,1,0.05,0.1825
DQN,deceptive_grid,0,481,84470,-129.36,200,0,0.05,0.133867
DQN,deceptive_grid,0,482,84670,-23.28,200,0,0.05,0.116754
DQN,deceptive_grid,0,483,84870,-63.52,200,0,0.05,0.100294
DQN,deceptive_grid,0,484,84876,54.2,6,1,0.05,0.102395
DQN,deceptive_grid,0,485,85076,-5.44,200,0,0.05,0.117073
DQN,deceptive_grid,0,486,85078,25.08,2,1,0.05,0.18247
DQN,deceptive_grid,0,487,85278,-135.28,200,0,0.05,0.104996
DQN,deceptive_grid,0,488,85291,108.24,13,1,0.05,0.117621
DQN,deceptive_grid,0,489,85298,61.68,7,1,0.05,0.0887
DQN,deceptive_grid,0,490,85310,49.08,12,1,0.05,0.10365
DQN,deceptive_grid,0,491,85510,-95.68,200,0,0.05,0.123612
DQN,deceptive_grid,0,492,85710,-120.16,200,0,0.05,0.141417
DQN,deceptive_grid,0,493,85901,-12.24,191,1,0.05,0.109181
DQN,deceptive_grid,0,494,86101,-138.08,200,0,0.05,0.128256
DQN,deceptive_grid,0,495,86113,87.64,12,1,0.05,0.13631
DQN,deceptive_grid,0,496,86117,23.32,4,1,0.05,0.100867
DQN,deceptive_grid,0,497,86128,92.4,11,1,0.05,0.095553
DQN,deceptive_grid,0,498,86328,14.24,200,0,0.05,0.119712
DQN,deceptive_grid,0,499,86528,-122.88,200,0,0.05,0.127232
DQN,deceptive_grid,0,500,86534,54.2,6,1,0.05,0.156271
DQN,deceptive_grid,0,501,86734,-3.68,200,0,0.05,0.114629
DQN,deceptive_grid,0,502,86934,-71.68,200,0,0.05,0.10613
DQN,deceptive_grid,0,503,86945,79.68,11,1,0.05,0.073757
DQN,deceptive_grid,0,504,87145,-63.44,200,0,0.05,0.118032
DQN,deceptive_grid,0,505,87154,48.72,9,1,0.05,0.115417
DQN,deceptive_grid,0,506,87164,84.6,10,1,0.05,0.100385
DQN,deceptive_grid,0,507,87178,116.28,14,1,0.05,0.090666
DQN,deceptive_grid,0,508,87183,46.8,5,1,0.05,0.092147
DQN,deceptive_grid,0,509,87383,14.88,200,0,0.05,0.107714
DQN,deceptive_grid,0,510,87398,90.48,15,1,0.05,0.101898
DQN,deceptive_grid,0,511,87598,9.92,200,0,0.05,0.121865
DQN,deceptive_grid,0,512,87611,108.24,13,1,0.05,0.117321
DQN,deceptive_grid,0,513,87811,49.76,200,0,0.05,0.117406
DQN,deceptive_grid,0,514,87819,69.24,8,1,0.05,0.093674
DQN,deceptive_grid,0,515,87823,39.48,4,1,0.05,0.086101
DQN,deceptive_grid,0,516,88023,-10.56,200,0,0.05,0.121539
DQN,deceptive_grid,0,517,88030,61.68,7,1,0.05,0.157902
DQN,deceptive_grid,0,518,88230,-112.88,200,0,0.05,0.13692
DQN,deceptive_grid,0,519,88246,132.6,16,1,0.05,0.111436
DQN,deceptive_grid,0,520,88248,25.08,2,1,0.05,0.088439
DQN,deceptive_grid,0,521,88254,54.2,6,1,0.05,0.090148
DQN,deceptive_grid,0,522,88256,25.08,2,1,0.05,0.094349
DQN,deceptive_grid,0,523,88263,61.68,7,1,0.05,0.104912
DQN,deceptive_grid,0,524,88463,4.64,200,0,0.05,0.114783
DQN,deceptive_grid,0,525,88663,-64.32,200,0,0.05,0.115435
DQN,deceptive_grid,0,526,88664,18.0,1,1,0.05,0.088457
DQN,deceptive_grid,0,527,88674,52.28,10,1,0.05,0.077721
DQN,deceptive_grid,0,528,88874,8.8,200,0,0.05,0.108635
DQN,deceptive_grid,0,529,88900,134.2,26,1,0.05,0.094768
DQN,deceptive_grid,0,530,88915,124.4,15,1,0.05,0.097259
DQN,deceptive_grid,0,531,88925,51.8,10,1,0.05,0.103663
DQN,deceptive_grid,0,532,88940,124.4,15,1,0.05,0.108317
DQN,deceptive_grid,0,533,88954,116.28,14,1,0.05,0.133766
DQN,deceptive_grid,0,534,88967,74.8,13,1,0.05,0.103084
DQN,deceptive_grid,0,535,88978,92.4,11,1,0.05,0.127868
DQN,deceptive_grid,0,536,89178,44.0,200,0,0.05,0.121393
DQN,deceptive_grid,0,537,89191,45.28,13,1,0.05,0.103818
DQN,deceptive_grid,0,538,89206,124.4,15,1,0.05,0.136057
DQN,deceptive_grid,0,539,89226,166.2,20,1,0.05,0.098928
DQN,deceptive_grid,0,540,89249,192.24,23,1,0.05,0.113395
DQN,deceptive_grid,0,541,89263,84.12,14,1,0.05,0.094833
DQN,deceptive_grid,0,542,89269,54.2,6,1,0.05,0.078231
DQN,deceptive_grid,0,543,89287,149.24,18,1,0.05,0.108589
DQN,deceptive_grid,0,544,89290,16.24,3,1,0.05,0.121331
DQN,deceptive_grid,0,545,89490,-41.76,200,0,0.05,0.104778
DQN,deceptive_grid,0,546,89690,-39.84,200,0,0.05,0.132212
DQN,deceptive_grid,0,547,89890,-44.64,200,0,0.05,0.1197
DQN,deceptive_grid,0,548,90090,-128.16,200,0,0.05,0.126945
DQN,deceptive_grid,0,549,90109,140.08,19,1,0.05,0.119501
DQN,deceptive_grid,0,550,90117,69.24,8,1,0.05,0.1716
DQN,deceptive_grid,0,551,90317,9.92,200,0,0.05,0.115138
DQN,deceptive_grid,0,552,90325,52.44,8,1,0.05,0.100192
DQN,deceptive_grid,0,553,90525,7.36,200,0,0.05,0.110828
DQN,deceptive_grid,0,554,90529,39.48,4,1,0.05,0.116135
DQN,deceptive_grid,0,555,90552,180.08,23,1,0.05,0.159049
DQN,deceptive_grid,0,556,90565,108.24,13,1,0.05,0.140237
DQN,deceptive_grid,0,557,90579,116.28,14,1,0.05,0.160121
DQN,deceptive_grid,0,558,90586,45.04,7,1,0.05,0.135744
DQN,deceptive_grid,0,559,90786,-627.84,200,0,0.05,0.127691
DQN,deceptive_grid,0,560,90792,37.72,6,1,0.05,0.131336
DQN,deceptive_grid,0,561,90810,131.48,18,1,0.05,0.165011
DQN,deceptive_grid,0,562,91010,-102.88,200,0,0.05,0.1273
DQN,deceptive_grid,0,563,91210,-55.36,200,0,0.05,0.144375
DQN,deceptive_grid,0,564,91216,54.2,6,1,0.05,0.103631
DQN,deceptive_grid,0,565,91416,-34.24,200,0,0.05,0.117001
DQN,deceptive_grid,0,566,91418,25.08,2,1,0.05,0.092112
DQN,deceptive_grid,0,567,91437,124.08,19,1,0.05,0.146562
DQN,deceptive_grid,0,568,91451,116.28,14,1,0.05,0.082766
DQN,deceptive_grid,0,569,91467,132.6,16,1,0.05,0.087381
DQN,deceptive_grid,0,570,91471,39.48,4,1,0.05,0.085364
DQN,deceptive_grid,0,571,91556,120.88,85,1,0.05,0.140935
DQN,deceptive_grid,0,572,91756,-169.84,200,0,0.05,0.117617
DQN,deceptive_grid,0,573,91758,25.08,2,1,0.05,0.087354
DQN,deceptive_grid,0,574,91776,149.24,18,1,0.05,0.10721
DQN,deceptive_grid,0,575,91834,121.4,58,1,0.05,0.121348
DQN,deceptive_grid,0,576,91843,76.88,9,1,0.05,0.113382
DQN,deceptive_grid,0,577,92043,-129.6,200,0,0.05,0.123641
DQN,deceptive_grid,0,578,92056,108.24,13,1,0.05,0.14082
DQN,deceptive_grid,0,579,92069,92.24,13,1,0.05,0.164566
DQN,deceptive_grid,0,580,92104,124.24,35,1,0.05,0.159241
DQN,deceptive_grid,0,581,92152,96.44,48,1,0.05,0.130405
DQN,deceptive_grid,0,582,92172,83.0,20,1,0.05,0.129193
DQN,deceptive_grid,0,583,92175,32.24,3,1,0.05,0.113669
DQN,deceptive_grid,0,584,92193,149.24,18,1,0.05,0.1303
DQN,deceptive_grid,0,585,92393,-91.28,200,0,0.05,0.104622
DQN,deceptive_grid,0,586,92409,115.32,16,1,0.05,0.118235
DQN,deceptive_grid,0,587,92430,157.84,21,1,0.05,0.097164
DQN,deceptive_grid,0,588,92443,95.44,13,1,0.05,0.118875
DQN,deceptive_grid,0,589,92475,27.16,32,1,0.05,0.106745
DQN,deceptive_grid,0,590,92488,108.24,13,1,0.05,0.111626
DQN,deceptive_grid,0,591,92505,124.24,17,1,0.05,0.180705
DQN,deceptive_grid,0,592,92516,75.92,11,1,0.05,0.224654
DQN,deceptive_grid,0,593,92524,52.92,8,1,0.05,0.185081
DQN,deceptive_grid,0,594,92543,157.68,19,1,0.05,0.134079
DQN,deceptive_grid,0,595,92743,29.28,200,0,0.05,0.117052
DQN,deceptive_grid,0,596,92753,67.48,10,1,0.05,0.117713
DQN,deceptive_grid,0,597,92773,149.88,20,1,0.05,0.096055
DQN,deceptive_grid,0,598,92782,76.88,9,1,0.05,0.101348
DQN,deceptive_grid,0,599,92799,140.88,17,1,0.05,0.091238
DQN,deceptive_grid,0,600,92809,84.6,10,1,0.05,0.117415
DQN,deceptive_grid,1,1,200,12.4,200,0,0.9977,
DQN,deceptive_grid,1,2,400,-39.28,200,0,0.9955,
DQN,deceptive_grid,1,3,600,-203.76,200,0,0.9932,
DQN,deceptive_grid,1,4,800,-151.04,200,0,0.991,
DQN,deceptive_grid,1,5,1000,-81.52,200,0,0.9887,7.058908
DQN,deceptive_grid,1,6,1200,-30.88,200,0,0.9864,4.70912
DQN,deceptive_grid,1,7,1400,-82.72,200,0,0.9842,2.865392
DQN,deceptive_grid,1,8,1434,38.92,34,1,0.9838,2.634963
DQN,deceptive_grid,1,9,1634,-9.28,200,0,0.9815,2.985382
DQN,deceptive_grid,1,10,1834,-36.96,200,0,0.9793,2.356042
DQN,deceptive_grid,1,11,2034,-166.72,200,0,0.977,2.478765
DQN,deceptive_grid,1,12,2234,-71.68,200,0,0.9747,2.236631
DQN,deceptive_grid,1,13,2434,-264.64,200,0,0.9725,2.099767
DQN,deceptive_grid,1,14,2634,-102.56,200,0,0.9702,2.328915
DQN,deceptive_grid,1,15,2834,-25.76,200,0,0.9679,2.082838
DQN,deceptive_grid,1,16,3027,35.12,193,1,0.9658,2.26075
DQN,deceptive_grid,1,17,3227,-213.92,200,0,0.9635,2.056599
DQN,deceptive_grid,1,18,3427,-295.68,200,0,0.9612,2.049738
DQN,deceptive_grid,1,19,3627,-87.12,200,0,0.959,2.261698
DQN,deceptive_grid,1,20,3827,1.68,200,0,0.9567,2.096273
DQN,deceptive_grid,1,21,4027,-162.72,200,0,0.9545,2.191615
DQN,deceptive_grid,1,22,4227,-178.16,200,0,0.9522,2.158385
DQN,deceptive_grid,1,23,4281,27.16,54,1,0.9516,2.168286
DQN,deceptive_grid,1,24,4481,-88.8,200,0,0.9493,2.120459
DQN,deceptive_grid,1,25,4661,-104.12,180,1,0.9473,2.386567
DQN,deceptive_grid,1,26,4861,-41.36,200,0,0.945,2.190915
DQN,deceptive_grid,1,27,5061,-37.28,200,0,0.9428,2.267373
DQN,deceptive_grid,1,28,5261,-184.16,200,0,0.9405,2.172001
DQN,deceptive_grid,1,29,5461,-1.12,200,0,0.9382,2.180182
DQN,deceptive_grid,1,30,5661,-69.28,200,0,0.936,2.343177
DQN,deceptive_grid,1,31,5861,39.92,200,0,0.9337,2.207569
DQN,deceptive_grid,1,32,6061,-36.48,200,0,0.9315,2.30996
DQN,deceptive_grid,1,33,6087,26.92,26,1,0.9312,2.315752
DQN,deceptive_grid,1,34,6287,-82.56,200,0,0.9289,2.262165
DQN,deceptive_grid,1,35,6487,-115.84,200,0,0.9266,2.195373
DQN,deceptive_grid,1,36,6687,-52.4,200,0,0.9244,2.29742
DQN,deceptive_grid,1,37,6698,42.8,11,1,0.9242,2.174492
DQN,deceptive_grid,1,38,6898,-57.68,200,0,0.922,2.214253
DQN,deceptive_grid,1,39,7098,-173.84,200,0,0.9197,2.238886
DQN,deceptive_grid,1,40,7298,-221.44,200,0,0.9175,2.173374
DQN,deceptive_grid,1,41,7498,-8.32,200,0,0.9152,2.079591
DQN,deceptive_grid,1,42,7698,-170.56,200,0,0.9129,2.190026
DQN,deceptive_grid,1,43,7898,9.44,200,0,0.9107,2.031517
DQN,deceptive_grid,1,44,8098,-28.08,200,0,0.9084,2.147932
DQN,deceptive_grid,1,45,8298,-62.0,200,0,0.9062,2.00792
DQN,deceptive_grid,1,46,8498,-60.0,200,0,0.9039,1.896435
DQN,deceptive_grid,1,47,8698,14.88,200,0,0.9016,2.001563
DQN,deceptive_grid,1,48,8871,-113.28,173,1,0.8997,1.94357
DQN,deceptive_grid,1,49,9005,-77.0,134,1,0.8982,1.955462
DQN,deceptive_grid,1,50,9019,49.4,14,1,0.898,2.443178
DQN,deceptive_grid,1,51,9219,-91.52,200,0,0.8957,2.037409
DQN,deceptive_grid,1,52,9377,-31.88,158,1,0.894,2.028169
DQN,deceptive_grid,1,53,9551,26.6,174,1,0.892,2.104915
DQN,deceptive_grid,1,54,9651,0.92,100,1,0.8909,2.156779
DQN,deceptive_grid,1,55,9850,-113.84,199,1,0.8886,2.187846
DQN,deceptive_grid,1,56,10050,-70.72,200,0,0.8863,2.241903
DQN,deceptive_grid,1,57,10177,-20.72,127,1,0.8849,2.196667
DQN,deceptive_grid,1,58,10377,-58.88,200,0,0.8826,2.196709
DQN,deceptive_grid,1,59,10577,-52.16,200,0,0.8804,2.266335
DQN,deceptive_grid,1,60,10741,-119.0,164,1,0.8785,2.152117
DQN,deceptive_grid,1,61,10941,4.0,200,0,0.8763,2.221063
DQN,deceptive_grid,1,62,11095,6.6,154,1,0.8745,2.297091
DQN,deceptive_grid,1,63,11282,50.32,187,1,0.8724,2.211173
DQN,deceptive_grid,1,64,11415,82.4,133,1,0.8709,2.311587
DQN,deceptive_grid,1,65,11615,-58.8,200,0,0.8686,2.251444
DQN,deceptive_grid,1,66,11815,-147.36,200,0,0.8664,2.374565
DQN,deceptive_grid,1,67,11891,67.4,76,1,0.8655,2.208493
DQN,deceptive_grid,1,68,11922,33.68,31,1,0.8652,2.153344
DQN,deceptive_grid,1,69,12001,80.24,79,1,0.8643,2.169133
DQN,deceptive_grid,1,70,12067,37.16,66,1,0.8635,2.423076
DQN,deceptive_grid,1,71,12145,3.4,78,1,0.8626,2.282835
DQN,deceptive_grid,1,72,12278,-99.12,133,1,0.8611,2.335841
DQN,deceptive_grid,1,73,12360,43.4,82,1,0.8602,2.221259
DQN,deceptive_grid,1,74,12560,-5.12,200,0,0.858,2.372228
DQN,deceptive_grid,1,75,12705,-54.96,145,1,0.8563,2.347026
DQN,deceptive_grid,1,76,12814,62.24,109,1,0.8551,2.231113
DQN,deceptive_grid,1,77,12858,24.04,44,1,0.8546,2.367949
DQN,deceptive_grid,1,78,12994,49.08,136,1,0.853,2.255528
DQN,deceptive_grid,1,79,13194,-12.64,200,0,0.8508,2.325187
DQN,deceptive_grid,1,80,13394,78.32,200,0,0.8485,2.181247
DQN,deceptive_grid,1,81,13569,18.64,175,1,0.8465,2.1211
DQN,deceptive_grid,1,82,13703,-53.16,134,1,0.845,2.100851
DQN,deceptive_grid,1,83,13776,-6.56,73,1,0.8442,2.246143
DQN,deceptive_grid,1,84,13952,-152.6,176,1,0.8422,2.094238
DQN,deceptive_grid,1,85,14152,0.32,200,0,0.8399,2.126503
DQN,deceptive_grid,1,86,14284,-43.96,132,1,0.8385,2.00693
DQN,deceptive_grid,1,87,14473,-158.88,189,1,0.8363,2.069136
DQN,deceptive_grid,1,88,14673,-55.84,200,0,0.8341,2.043394
DQN,deceptive_grid,1,89,14873,-16.4,200,0,0.8318,1.970717
DQN,deceptive_grid,1,90,14996,-95.68,123,1,0.8304,1.981452
DQN,deceptive_grid,1,91,15187,-66.16,191,1,0.8282,1.960023
DQN,deceptive_grid,1,92,15252,46.64,65,1,0.8275,1.962467
DQN,deceptive_grid,1,93,15319,56.0,67,1,0.8267,1.89762
DQN,deceptive_grid,1,94,15519,-87.12,200,0,0.8245,1.908601
DQN,deceptive_grid,1,95,15552,23.92,33,1,0.8241,2.018636
DQN,deceptive_grid,1,96,15636,-0.84,84,1,0.8232,2.049643
DQN,deceptive_grid,1,97,15830,115.24,194,1,0.821,1.978174
DQN,deceptive_grid,1,98,15976,47.64,146,1,0.8193,1.864298
DQN,deceptive_grid,1,99,16176,-142.08,200,0,0.8171,2.001239
DQN,deceptive_grid,1,100,16244,25.72,68,1,0.8163,1.877716
DQN,deceptive_grid,1,101,16443,79.84,199,1,0.814,1.907892
DQN,deceptive_grid,1,102,16544,-23.44,101,1,0.8129,1.979349
DQN,deceptive_grid,1,103,16670,-48.6,126,1,0.8115,1.854459
DQN,deceptive_grid,1,104,16732,-22.2,62,1,0.8108,1.880029
DQN,deceptive_grid,1,105,16765,34.48,33,1,0.8104,1.917275
DQN,deceptive_grid,1,106,16927,108.92,162,1,0.8086,1.941956
DQN,deceptive_grid,1,107,16980,46.24,53,1,0.808,1.895609
DQN,deceptive_grid,1,108,16996,19.16,16,1,0.8078,1.941666
DQN,deceptive_grid,1,109,17196,-13.12,200,0,0.8055,1.882204
DQN,deceptive_grid,1,110,17368,66.12,172,1,0.8036,1.932008
DQN,deceptive_grid,1,111,17568,-95.2,200,0,0.8013,1.852873
DQN,deceptive_grid,1,112,17711,13.92,143,1,0.7997,1.865234
DQN,deceptive_grid,1,113,17775,89.24,64,1,0.799,1.913417
DQN,deceptive_grid,1,114,17796,-10.08,21,1,0.7987,1.995433
DQN,deceptive_grid,1,115,17852,23.0,56,1,0.7981,1.855883
DQN,deceptive_grid,1,116,17859,28.88,7,1,0.798,1.813897
DQN,deceptive_grid,1,117,17880,36.88,21,1,0.7978,2.132409
DQN,deceptive_grid,1,118,17977,-16.16,97,1,0.7967,1.853456
DQN,deceptive_grid,1,119,18074,39.52,97,1,0.7956,1.961234
DQN,deceptive_grid,1,120,18207,55.28,133,1,0.7941,1.939447
DQN,deceptive_grid,1,121,18407,-99.36,200,0,0.7918,1.884515
DQN,deceptive_grid,1,122,18466,85.84,59,1,0.7912,1.745619
DQN,deceptive_grid,1,123,18482,31.48,16,1,0.791,2.166263
DQN,deceptive_grid,1,124,18595,129.28,113,1,0.7897,1.871867
DQN,deceptive_grid,1,125,18679,-21.16,84,1,0.7887,1.931416
DQN,deceptive_grid,1,126,18879,-208.56,200,0,0.7865,1.865732
DQN,deceptive_grid,1,127,18996,56.48,117,1,0.7852,1.899274
DQN,deceptive_grid,1,128,19008,67.32,12,1,0.785,2.027485
DQN,deceptive_grid,1,129,19156,25.96,148,1,0.7834,1.898539
DQN,deceptive_grid,1,130,19356,-149.44,200,0,0.7811,1.961415
DQN,deceptive_grid,1,131,19385,77.12,29,1,0.7808,1.840913
DQN,deceptive_grid,1,132,19503,53.8,118,1,0.7794,1.914125
DQN,deceptive_grid,1,133,19600,106.8,97,1,0.7783,2.042892
DQN,deceptive_grid,1,134,19682,55.24,82,1,0.7774,1.810694
DQN,deceptive_grid,1,135,19692,55.72,10,1,0.7773,1.622781
DQN,deceptive_grid,1,136,19773,3.68,81,1,0.7764,1.900058
DQN,deceptive_grid,1,137,19784,29.52,11,1,0.7763,1.907557
DQN,deceptive_grid,1,138,19810,5.56,26,1,0.776,1.782369
DQN,deceptive_grid,1,139,19866,-4.44,56,1,0.7753,1.95873
DQN,deceptive_grid,1,140,19883,41.2,17,1,0.7751,1.848788
DQN,deceptive_grid,1,141,20056,-133.2,173,1,0.7732,1.962134
DQN,deceptive_grid,1,142,20219,73.44,163,1,0.7713,1.912201
DQN,deceptive_grid,1,143,20382,83.84,163,1,0.7695,1.972797
DQN,deceptive_grid,1,144,20448,32.52,66,1,0.7687,1.959331
DQN,deceptive_grid,1,145,20624,-19.4,176,1,0.7668,1.902171
DQN,deceptive_grid,1,146,20702,-25.8,78,1,0.7659,1.821287
DQN,deceptive_grid,1,147,20902,-156.88,200,0,0.7636,1.921094
DQN,deceptive_grid,1,148,20954,73.64,52,1,0.763,2.043355
DQN,deceptive_grid,1,149,21008,57.8,54,1,0.7624,2.07618
DQN,deceptive_grid,1,150,21088,29.96,80,1,0.7615,2.0629
DQN,deceptive_grid,1,151,21202,-9.0,114,1,0.7602,2.000485
DQN,deceptive_grid,1,152,21344,62.92,142,1,0.7586,1.933147
DQN,deceptive_grid,1,153,21375,62.48,31,1,0.7583,2.106731
DQN,deceptive_grid,1,154,21445,43.56,70,1,0.7575,1.933292
DQN,deceptive_grid,1,155,21511,71.0,66,1,0.7567,1.985229
DQN,deceptive_grid,1,156,21655,-99.8,144,1,0.7551,2.064208
DQN,deceptive_grid,1,157,21828,-20.32,173,1,0.7531,1.918109
DQN,deceptive_grid,1,158,21899,24.72,71,1,0.7523,1.897574
DQN,deceptive_grid,1,159,22099,-43.36,200,0,0.7501,2.050443
DQN,deceptive_grid,1,160,22171,28.92,72,1,0.7493,2.148625
DQN,deceptive_grid,1,161,22371,17.84,200,0,0.747,2.049383
DQN,deceptive_grid,1,162,22571,-139.68,200,0,0.7447,2.146056
DQN,deceptive_grid,1,163,22696,77.92,125,1,0.7433,2.094888
DQN,deceptive_grid,1,164,22869,52.08,173,1,0.7414,2.198916
DQN,deceptive_grid,1,165,23069,-70.8,200,0,0.7391,2.060209
DQN,deceptive_grid,1,166,23153,-3.4,84,1,0.7382,2.282744
DQN,deceptive_grid,1,167,23282,-19.28,129,1,0.7367,2.097264
DQN,deceptive_grid,1,168,23482,-79.28,200,0,0.7344,2.082159
DQN,deceptive_grid,1,169,23531,25.92,49,1,0.7339,2.190179
DQN,deceptive_grid,1,170,23606,-2.32,75,1,0.733,2.150741
DQN,deceptive_grid,1,171,23806,-62.08,200,0,0.7308,2.18035
DQN,deceptive_grid,1,172,23913,131.28,107,1,0.7296,2.097062
DQN,deceptive_grid,1,173,24113,-164.4,200,0,0.7273,2.136423
DQN,deceptive_grid,1,174,24313,-143.04,200,0,0.725,2.200647
DQN,deceptive_grid,1,175,24442,11.76,129,1,0.7236,2.237792
DQN,deceptive_grid,1,176,24642,36.88,200,0,0.7213,2.179942
DQN,deceptive_grid,1,177,24842,-74.48,200,0,0.719,2.159012
DQN,deceptive_grid,1,178,25042,-84.4,200,0,0.7168,2.233828
DQN,deceptive_grid,1,179,25156,-35.32,114,1,0.7155,2.157337
DQN,deceptive_grid,1,180,25337,3.2,181,1,0.7135,2.069442
DQN,deceptive_grid,1,181,25537,-53.12,200,0,0.7112,2.079244
DQN,deceptive_grid,1,182,25613,8.76,76,1,0.7103,2.156382
DQN,deceptive_grid,1,183,25813,-126.32,200,0,0.7081,2.147822
DQN,deceptive_grid,1,184,26013,-19.52,200,0,0.7058,2.058942
DQN,deceptive_grid,1,185,26139,-10.12,126,1,0.7044,1.978692
DQN,deceptive_grid,1,186,26339,-111.44,200,0,0.7021,2.025357
DQN,deceptive_grid,1,187,26539,-131.68,200,0,0.6999,1.937759
DQN,deceptive_grid,1,188,26739,9.76,200,0,0.6976,1.977102
DQN,deceptive_grid,1,189,26939,-96.4,200,0,0.6953,1.888744
DQN,deceptive_grid,1,190,27033,57.72,94,1,0.6943,1.925228
DQN,deceptive_grid,1,191,27150,-5.52,117,1,0.6929,1.982613
DQN,deceptive_grid,1,192,27350,-76.8,200,0,0.6907,1.873814
DQN,deceptive_grid,1,193,27550,-122.8,200,0,0.6884,1.827992
DQN,deceptive_grid,1,194,27742,35.4,192,1,0.6863,1.998627
DQN,deceptive_grid,1,195,27942,-66.32,200,0,0.684,1.795099
DQN,deceptive_grid,1,196,28142,-157.12,200,0,0.6817,1.807467
DQN,deceptive_grid,1,197,28342,-169.2,200,0,0.6795,1.739607
DQN,deceptive_grid,1,198,28542,-79.52,200,0,0.6772,1.831152
DQN,deceptive_grid,1,199,28742,-22.24,200,0,0.6749,1.780195
DQN,deceptive_grid,1,200,28846,-0.28,104,1,0.6738,1.635518
DQN,deceptive_grid,1,201,29046,-218.24,200,0,0.6715,1.722779
DQN,deceptive_grid,1,202,29246,-303.36,200,0,0.6692,1.673634
DQN,deceptive_grid,1,203,29446,-28.0,200,0,0.667,1.643275
DQN,deceptive_grid,1,204,29646,-127.68,200,0,0.6647,1.642002
DQN,deceptive_grid,1,205,29846,-116.32,200,0,0.6625,1.660329
DQN,deceptive_grid,1,206,30046,-128.08,200,0,0.6602,1.62911
DQN,deceptive_grid,1,207,30246,5.12,200,0,0.6579,1.549905
DQN,deceptive_grid,1,208,30285,62.88,39,1,0.6575,1.759206
DQN,deceptive_grid,1,209,30485,-44.8,200,0,0.6552,1.521632
DQN,deceptive_grid,1,210,30685,-186.8,200,0,0.653,1.627923
DQN,deceptive_grid,1,211,30885,-101.28,200,0,0.6507,1.61266
DQN,deceptive_grid,1,212,31085,-1.68,200,0,0.6484,1.550102
DQN,deceptive_grid,1,213,31285,-171.84,200,0,0.6462,1.555559
DQN,deceptive_grid,1,214,31416,-24.16,131,1,0.6447,1.500842
DQN,deceptive_grid,1,215,31616,-129.04,200,0,0.6424,1.452889
DQN,deceptive_grid,1,216,31816,33.84,200,0,0.6402,1.420963
DQN,deceptive_grid,1,217,32016,-106.32,200,0,0.6379,1.436944
DQN,deceptive_grid,1,218,32044,68.28,28,1,0.6376,1.470987
DQN,deceptive_grid,1,219,32223,61.12,179,1,0.6356,1.476869
DQN,deceptive_grid,1,220,32423,52.0,200,0,0.6333,1.529286
DQN,deceptive_grid,1,221,32527,45.16,104,1,0.6321,1.465463
DQN,deceptive_grid,1,222,32727,22.24,200,0,0.6299,1.449131
DQN,deceptive_grid,1,223,32927,5.76,200,0,0.6276,1.327865
DQN,deceptive_grid,1,224,33127,26.0,200,0,0.6253,1.425892
DQN,deceptive_grid,1,225,33181,0.92,54,1,0.6247,1.404843
DQN,deceptive_grid,1,226,33268,71.44,87,1,0.6238,1.443945
DQN,deceptive_grid,1,227,33327,5.04,59,1,0.6231,1.235914
DQN,deceptive_grid,1,228,33527,-158.24,200,0,0.6208,1.376823
DQN,deceptive_grid,1,229,33727,67.04,200,0,0.6186,1.430745
DQN,deceptive_grid,1,230,33927,-105.76,200,0,0.6163,1.335774
DQN,deceptive_grid,1,231,34127,-129.12,200,0,0.614,1.36325
DQN,deceptive_grid,1,232,34327,42.0,200,0,0.6118,1.331301
DQN,deceptive_grid,1,233,34527,35.44,200,0,0.6095,1.344468
DQN,deceptive_grid,1,234,34727,-37.44,200,0,0.6073,1.410278
DQN,deceptive_grid,1,235,34927,98.64,200,0,0.605,1.354025
DQN,deceptive_grid,1,236,35127,-39.36,200,0,0.6027,1.341531
DQN,deceptive_grid,1,237,35327,-38.32,200,0,0.6005,1.310746
DQN,deceptive_grid,1,238,35527,-119.84,200,0,0.5982,1.358323
DQN,deceptive_grid,1,239,35727,8.32,200,0,0.5959,1.241552
DQN,deceptive_grid,1,240,35927,-32.08,200,0,0.5937,1.284972
DQN,deceptive_grid,1,241,36127,10.64,200,0,0.5914,1.238656
DQN,deceptive_grid,1,242,36182,32.24,55,1,0.5908,1.184702
DQN,deceptive_grid,1,243,36382,-86.96,200,0,0.5885,1.284697
DQN,deceptive_grid,1,244,36582,-124.96,200,0,0.5863,1.249918
DQN,deceptive_grid,1,245,36782,-129.28,200,0,0.584,1.200691
DQN,deceptive_grid,1,246,36982,-89.68,200,0,0.5818,1.213523
DQN,deceptive_grid,1,247,37182,-26.56,200,0,0.5795,1.050279
DQN,deceptive_grid,1,248,37382,-1.44,200,0,0.5772,1.109118
DQN,deceptive_grid,1,249,37582,-28.0,200,0,0.575,1.111337
DQN,deceptive_grid,1,250,37782,-35.68,200,0,0.5727,1.135237
DQN,deceptive_grid,1,251,37982,-6.32,200,0,0.5704,1.02507
DQN,deceptive_grid,1,252,38182,-69.84,200,0,0.5682,1.046695
DQN,deceptive_grid,1,253,38382,-22.56,200,0,0.5659,1.102109
DQN,deceptive_grid,1,254,38553,78.56,171,1,0.564,1.089901
DQN,deceptive_grid,1,255,38753,81.36,200,0,0.5617,1.053754
DQN,deceptive_grid,1,256,38953,-14.08,200,0,0.5595,1.018349
DQN,deceptive_grid,1,257,39119,23.0,166,1,0.5576,1.005451
DQN,deceptive_grid,1,258,39319,49.76,200,0,0.5553,1.01252
DQN,deceptive_grid,1,259,39519,-16.64,200,0,0.5531,0.961497
DQN,deceptive_grid,1,260,39719,-28.32,200,0,0.5508,1.001781
DQN,deceptive_grid,1,261,39919,-129.12,200,0,0.5485,0.976417
DQN,deceptive_grid,1,262,40119,-4.8,200,0,0.5463,0.976881
DQN,deceptive_grid,1,263,40319,-150.72,200,0,0.544,0.946585
DQN,deceptive_grid,1,264,40442,36.32,123,1,0.5426,0.974454
DQN,deceptive_grid,1,265,40642,-15.12,200,0,0.5404,1.060421
DQN,deceptive_grid,1,266,40842,-113.6,200,0,0.5381,0.895151
DQN,deceptive_grid,1,267,41042,-70.72,200,0,0.5358,0.91081
DQN,deceptive_grid,1,268,41140,-23.0,98,1,0.5347,0.953785
DQN,deceptive_grid,1,269,41340,12.0,200,0,0.5325,0.88638
DQN,deceptive_grid,1,270,41540,-181.36,200,0,0.5302,0.909699
DQN,deceptive_grid,1,271,41740,-122.8,200,0,0.5279,0.890291
DQN,deceptive_grid,1,272,41815,19.12,75,1,0.5271,0.915595
DQN,deceptive_grid,1,273,42015,-76.48,200,0,0.5248,0.88886
DQN,deceptive_grid,1,274,42215,-84.0,200,0,0.5226,0.81957
DQN,deceptive_grid,1,275,42415,6.4,200,0,0.5203,0.84939
DQN,deceptive_grid,1,276,42475,9.08,60,1,0.5196,0.814877
DQN,deceptive_grid,1,277,42520,12.96,45,1,0.5191,0.887172
DQN,deceptive_grid,1,278,42720,-79.68,200,0,0.5169,0.848058
DQN,deceptive_grid,1,279,42920,-7.04,200,0,0.5146,0.769746
DQN,deceptive_grid,1,280,43120,-60.16,200,0,0.5123,0.759879
DQN,deceptive_grid,1,281,43320,-84.8,200,0,0.5101,0.772072
DQN,deceptive_grid,1,282,43520,29.12,200,0,0.5078,0.709525
DQN,deceptive_grid,1,283,43658,90.04,138,1,0.5062,0.750535
DQN,deceptive_grid,1,284,43858,-29.52,200,0,0.504,0.800514
DQN,deceptive_grid,1,285,43899,80.24,41,1,0.5035,0.824014
DQN,deceptive_grid,1,286,44099,3.52,200,0,0.5013,0.743595
DQN,deceptive_grid,1,287,44299,-46.4,200,0,0.499,0.751788
DQN,deceptive_grid,1,288,44425,99.8,126,1,0.4976,0.746928
DQN,deceptive_grid,1,289,44434,27.6,9,1,0.4975,0.580013
DQN,deceptive_grid,1,290,44634,-84.08,200,0,0.4952,0.753466
DQN,deceptive_grid,1,291,44834,22.16,200,0,0.4929,0.749789
DQN,deceptive_grid,1,292,44864,18.52,30,1,0.4926,0.630695
DQN,deceptive_grid,1,293,44888,45.08,24,1,0.4923,0.89965
DQN,deceptive_grid,1,294,44985,119.84,97,1,0.4912,0.739485
DQN,deceptive_grid,1,295,44999,47.64,14,1,0.4911,0.941763
DQN,deceptive_grid,1,296,45199,-56.4,200,0,0.4888,0.715006
DQN,deceptive_grid,1,297,45202,16.24,3,1,0.4888,0.830006
DQN,deceptive_grid,1,298,45402,8.64,200,0,0.4865,0.705096
DQN,deceptive_grid,1,299,45405,32.24,3,1,0.4865,0.907417
DQN,deceptive_grid,1,300,45605,-24.32,200,0,0.4842,0.709416
DQN,deceptive_grid,1,301,45805,3.04,200,0,0.482,0.732922
DQN,deceptive_grid,1,302,45822,37.52,17,1,0.4818,0.644403
DQN,deceptive_grid,1,303,45867,62.24,45,1,0.4813,0.680185
DQN,deceptive_grid,1,304,46067,-65.68,200,0,0.479,0.738574
DQN,deceptive_grid,1,305,46170,48.88,103,1,0.4778,0.692614
DQN,deceptive_grid,1,306,46370,30.96,200,0,0.4756,0.763128
DQN,deceptive_grid,1,307,46404,47.64,34,1,0.4752,0.683013
DQN,deceptive_grid,1,308,46421,20.72,17,1,0.475,0.702139
DQN,deceptive_grid,1,309,46478,-26.16,57,1,0.4744,0.751411
DQN,deceptive_grid,1,310,46678,49.84,200,0,0.4721,0.693953
DQN,deceptive_grid,1,311,46688,26.12,10,1,0.472,0.592193
DQN,deceptive_grid,1,312,46719,63.44,31,1,0.4716,0.638371
DQN,deceptive_grid,1,313,46919,-86.96,200,0,0.4694,0.678493
DQN,deceptive_grid,1,314,47119,61.76,200,0,0.4671,0.638628
DQN,deceptive_grid,1,315,47126,45.04,7,1,0.467,0.579889
DQN,deceptive_grid,1,316,47326,-24.48,200,0,0.4648,0.664911
DQN,deceptive_grid,1,317,47434,14.12,108,1,0.4635,0.629446
DQN,deceptive_grid,1,318,47634,92.8,200,0,0.4613,0.672
DQN,deceptive_grid,1,319,47834,-22.64,200,0,0.459,0.625284
DQN,deceptive_grid,1,320,47843,44.72,9,1,0.4589,0.422261
DQN,deceptive_grid,1,321,47878,68.64,35,1,0.4585,0.746624
DQN,deceptive_grid,1,322,48078,-13.92,200,0,0.4563,0.661122
DQN,deceptive_grid,1,323,48088,34.52,10,1,0.4561,0.525399
DQN,deceptive_grid,1,324,48099,29.28,11,1,0.456,0.778805
DQN,deceptive_grid,1,325,48299,87.04,200,0,0.4538,0.673617
DQN,deceptive_grid,1,326,48334,86.08,35,1,0.4534,0.630875
DQN,deceptive_grid,1,327,48361,17.12,27,1,0.4531,0.678381
DQN,deceptive_grid,1,328,48444,-13.68,83,1,0.4521,0.59525
DQN,deceptive_grid,1,329,48644,-78.96,200,0,0.4499,0.632496
DQN,deceptive_grid,1,330,48695,83.76,51,1,0.4493,0.66327
DQN,deceptive_grid,1,331,48761,46.04,66,1,0.4485,0.568836
DQN,deceptive_grid,1,332,48961,25.44,200,0,0.4463,0.638125
DQN,deceptive_grid,1,333,49161,83.2,200,0,0.444,0.637605
DQN,deceptive_grid,1,334,49361,14.72,200,0,0.4418,0.599655
DQN,deceptive_grid,1,335,49386,39.28,25,1,0.4415,0.681901
DQN,deceptive_grid,1,336,49531,-13.6,145,1,0.4398,0.587002
DQN,deceptive_grid,1,337,49557,29.72,26,1,0.4395,0.604534
DQN,deceptive_grid,1,338,49757,9.6,200,0,0.4373,0.668438
DQN,deceptive_grid,1,339,49957,8.8,200,0,0.435,0.608939
DQN,deceptive_grid,1,340,49992,48.0,35,1,0.4346,0.578329
DQN,deceptive_grid,1,341,50192,-75.44,200,0,0.4324,0.589782
DQN,deceptive_grid,1,342,50392,-117.44,200,0,0.4301,0.544123
DQN,deceptive_grid,1,343,50533,-38.88,141,1,0.4285,0.604913
DQN,deceptive_grid,1,344,50665,144.2,132,1,0.427,0.545596
DQN,deceptive_grid,1,345,50678,34.56,13,1,0.4269,0.543895
DQN,deceptive_grid,1,346,50702,40.2,24,1,0.4266,0.481476
DQN,deceptive_grid,1,347,50733,27.28,31,1,0.4262,0.638721
DQN,deceptive_grid,1,348,50933,12.48,200,0,0.424,0.566647
DQN,deceptive_grid,1,349,50981,105.48,48,1,0.4234,0.536782
DQN,deceptive_grid,1,350,51120,-5.6,139,1,0.4219,0.587816
DQN,deceptive_grid,1,351,51277,-61.2,157,1,0.4201,0.502942
DQN,deceptive_grid,1,352,51368,14.64,91,1,0.4191,0.535097
DQN,deceptive_grid,1,353,51459,127.6,91,1,0.418,0.571361
DQN,deceptive_grid,1,354,51659,-17.92,200,0,0.4158,0.547947
DQN,deceptive_grid,1,355,51859,-24.96,200,0,0.4135,0.538869
DQN,deceptive_grid,1,356,52059,29.12,200,0,0.4112,0.581136
DQN,deceptive_grid,1,357,52259,-18.48,200,0,0.409,0.527373
DQN,deceptive_grid,1,358,52279,13.56,20,1,0.4087,0.570635
DQN,deceptive_grid,1,359,52294,30.16,15,1,0.4086,0.497866
DQN,deceptive_grid,1,360,52494,28.32,200,0,0.4063,0.568443
DQN,deceptive_grid,1,361,52525,91.28,31,1,0.406,0.589568
DQN,deceptive_grid,1,362,52538,40.88,13,1,0.4058,0.696968
DQN,deceptive_grid,1,363,52550,82.84,12,1,0.4057,0.508057
DQN,deceptive_grid,1,364,52603,32.88,53,1,0.4051,0.562849
DQN,deceptive_grid,1,365,52631,41.24,28,1,0.4048,0.447288
DQN,deceptive_grid,1,366,52701,73.48,70,1,0.404,0.525778
DQN,deceptive_grid,1,367,52770,54.56,69,1,0.4032,0.558002
DQN,deceptive_grid,1,368,52778,36.6,8,1,0.4031,0.399422
DQN,deceptive_grid,1,369,52912,-14.04,134,1,0.4016,0.592758
DQN,deceptive_grid,1,370,52985,100.64,73,1,0.4008,0.513922
DQN,deceptive_grid,1,371,52993,20.12,8,1,0.4007,0.497906
DQN,deceptive_grid,1,372,53073,96.68,80,1,0.3998,0.529295
DQN,deceptive_grid,1,373,53273,-55.68,200,0,0.3975,0.512026
DQN,deceptive_grid,1,374,53291,84.76,18,1,0.3973,0.513026
DQN,deceptive_grid,1,375,53491,2.24,200,0,0.395,0.561038
DQN,deceptive_grid,1,376,53566,60.96,75,1,0.3942,0.561566
DQN,deceptive_grid,1,377,53668,140.36,102,1,0.393,0.580371
DQN,deceptive_grid,1,378,53670,25.08,2,1,0.393,0.595713
DQN,deceptive_grid,1,379,53870,-42.24,200,0,0.3908,0.532269
DQN,deceptive_grid,1,380,53983,-22.8,113,1,0.3895,0.51435
DQN,deceptive_grid,1,381,54035,143.96,52,1,0.3889,0.600198
DQN,deceptive_grid,1,382,54048,28.48,13,1,0.3887,0.520634
DQN,deceptive_grid,1,383,54067,52.4,19,1,0.3885,0.515629
DQN,deceptive_grid,1,384,54088,87.76,21,1,0.3883,0.536892
DQN,deceptive_grid,1,385,54288,28.96,200,0,0.386,0.532365
DQN,deceptive_grid,1,386,54488,-16.96,200,0,0.3838,0.557687
DQN,deceptive_grid,1,387,54500,84.12,12,1,0.3836,0.483594
DQN,deceptive_grid,1,388,54520,60.92,20,1,0.3834,0.708964
DQN,deceptive_grid,1,389,54675,-16.24,155,1,0.3817,0.535676
DQN,deceptive_grid,1,390,54875,-17.52,200,0,0.3794,0.508391
DQN,deceptive_grid,1,391,55075,35.52,200,0,0.3771,0.499298
DQN,deceptive_grid,1,392,55232,-25.36,157,1,0.3754,0.526998
DQN,deceptive_grid,1,393,55260,94.68,28,1,0.375,0.539965
DQN,deceptive_grid,1,394,55342,96.76,82,1,0.3741,0.583617
DQN,deceptive_grid,1,395,55351,60.24,9,1,0.374,0.59383
DQN,deceptive_grid,1,396,55373,104.6,22,1,0.3738,0.440365
DQN,deceptive_grid,1,397,55389,0.76,16,1,0.3736,0.409235
DQN,deceptive_grid,1,398,55582,82.96,193,1,0.3714,0.492484
DQN,deceptive_grid,1,399,55782,-63.6,200,0,0.3691,0.520271
DQN,deceptive_grid,1,400,55956,64.44,174,1,0.3672,0.496865
DQN,deceptive_grid,1,401,56156,-43.92,200,0,0.3649,0.495911
DQN,deceptive_grid,1,402,56185,82.96,29,1,0.3646,0.462305
DQN,deceptive_grid,1,403,56385,-47.76,200,0,0.3623,0.520852
DQN,deceptive_grid,1,404,56585,-89.68,200,0,0.3601,0.446572
DQN,deceptive_grid,1,405,56623,51.24,38,1,0.3596,0.527695
DQN,deceptive_grid,1,406,56632,15.2,9,1,0.3595,0.348287
DQN,deceptive_grid,1,407,56824,14.76,192,1,0.3573,0.436063
DQN,deceptive_grid,1,408,56876,29.8,52,1,0.3568,0.491932
DQN,deceptive_grid,1,409,56941,138.96,65,1,0.356,0.375368
DQN,deceptive_grid,1,410,56972,2.4,31,1,0.3557,0.542838
DQN,deceptive_grid,1,411,57058,104.52,86,1,0.3547,0.555287
DQN,deceptive_grid,1,412,57074,79.96,16,1,0.3545,0.484277
DQN,deceptive_grid,1,413,57229,26.72,155,1,0.3528,0.438726
DQN,deceptive_grid,1,414,57429,-133.6,200,0,0.3505,0.471947
DQN,deceptive_grid,1,415,57487,84.12,58,1,0.3498,0.452915
DQN,deceptive_grid,1,416,57687,14.32,200,0,0.3476,0.467447
DQN,deceptive_grid,1,417,57744,104.08,57,1,0.3469,0.541145
DQN,deceptive_grid,1,418,57754,34.84,10,1,0.3468,0.503604
DQN,deceptive_grid,1,419,57852,-64.44,98,1,0.3457,0.464804
DQN,deceptive_grid,1,420,58052,-76.48,200,0,0.3435,0.44059
DQN,deceptive_grid,1,421,58086,57.64,34,1,0.3431,0.421368
DQN,deceptive_grid,1,422,58286,42.4,200,0,0.3408,0.430155
DQN,deceptive_grid,1,423,58315,60.08,29,1,0.3405,0.403766
DQN,deceptive_grid,1,424,58417,-27.64,102,1,0.3393,0.413579
DQN,deceptive_grid,1,425,58480,91.92,63,1,0.3386,0.393523
DQN,deceptive_grid,1,426,58530,53.88,50,1,0.3381,0.408606
DQN,deceptive_grid,1,427,58730,-96.88,200,0,0.3358,0.456814
DQN,deceptive_grid,1,428,58798,19.32,68,1,0.335,0.405291
DQN,deceptive_grid,1,429,58855,133.04,57,1,0.3344,0.431108
DQN,deceptive_grid,1,430,58889,87.48,34,1,0.334,0.436984
DQN,deceptive_grid,1,431,58907,20.2,18,1,0.3338,0.474223
DQN,deceptive_grid,1,432,58922,72.72,15,1,0.3336,0.492561
DQN,deceptive_grid,1,433,58984,39.48,62,1,0.3329,0.409758
DQN,deceptive_grid,1,434,59133,25.04,149,1,0.3312,0.449697
DQN,deceptive_grid,1,435,59227,-24.2,94,1,0.3302,0.441687
DQN,deceptive_grid,1,436,59342,101.76,115,1,0.3289,0.37688
DQN,deceptive_grid,1,437,59379,138.16,37,1,0.3285,0.421934
DQN,deceptive_grid,1,438,59531,6.76,152,1,0.3267,0.445126
DQN,deceptive_grid,1,439,59590,61.44,59,1,0.3261,0.418395
DQN,deceptive_grid,1,440,59629,91.28,39,1,0.3256,0.432879
DQN,deceptive_grid,1,441,59763,-37.24,134,1,0.3241,0.429424
DQN,deceptive_grid,1,442,59887,92.76,124,1,0.3227,0.406504
DQN,deceptive_grid,1,443,60087,-1.04,200,0,0.3204,0.436144
DQN,deceptive_grid,1,444,60173,-4.6,86,1,0.3195,0.464786
DQN,deceptive_grid,1,445,60373,-142.08,200,0,0.3172,0.407383
DQN,deceptive_grid,1,446,60449,67.48,76,1,0.3164,0.360708
DQN,deceptive_grid,1,447,60477,74.04,28,1,0.316,0.344074
DQN,deceptive_grid,1,448,60518,58.88,41,1,0.3156,0.493316
DQN,deceptive_grid,1,449,60546,56.92,28,1,0.3153,0.375009
DQN,deceptive_grid,1,450,60583,98.16,37,1,0.3148,0.385496
DQN,deceptive_grid,1,451,60703,-55.0,120,1,0.3135,0.396578
DQN,deceptive_grid,1,452,60789,-2.68,86,1,0.3125,0.370271
DQN,deceptive_grid,1,453,60825,73.32,36,1,0.3121,0.437045
DQN,deceptive_grid,1,454,61025,-67.12,200,0,0.3098,0.394502
DQN,deceptive_grid,1,455,61084,68.4,59,1,0.3092,0.372309
DQN,deceptive_grid,1,456,61148,113.56,64,1,0.3084,0.413096
DQN,deceptive_grid,1,457,61222,106.28,74,1,0.3076,0.394251
DQN,deceptive_grid,1,458,61290,130.28,68,1,0.3068,0.411908
DQN,deceptive_grid,1,459,61321,57.84,31,1,0.3065,0.418103
DQN,deceptive_grid,1,460,61495,107.08,174,1,0.3045,0.398224
DQN,deceptive_grid,1,461,61553,18.52,58,1,0.3039,0.448398
DQN,deceptive_grid,1,462,61753,-41.84,200,0,0.3016,0.397931
DQN,deceptive_grid,1,463,61925,-6.12,172,1,0.2997,0.376188
DQN,deceptive_grid,1,464,61985,60.6,60,1,0.299,0.337225
DQN,deceptive_grid,1,465,62185,-104.8,200,0,0.2967,0.394188
DQN,deceptive_grid,1,466,62326,-16.96,141,1,0.2951,0.377019
DQN,deceptive_grid,1,467,62353,81.68,27,1,0.2948,0.385836
DQN,deceptive_grid,1,468,62553,-111.68,200,0,0.2926,0.394924
DQN,deceptive_grid,1,469,62753,-77.92,200,0,0.2903,0.360655
DQN,deceptive_grid,1,470,62837,14.36,84,1,0.2893,0.384691
DQN,deceptive_grid,1,471,63037,-37.28,200,0,0.2871,0.355717
DQN,deceptive_grid,1,472,63237,-130.88,200,0,0.2848,0.335739
DQN,deceptive_grid,1,473,63437,-22.4,200,0,0.2826,0.324706
DQN,deceptive_grid,1,474,63637,-60.4,200,0,0.2803,0.336911
DQN,deceptive_grid,1,475,63837,-110.48,200,0,0.278,0.347539
DQN,deceptive_grid,1,476,64037,-141.12,200,0,0.2758,0.340048
DQN,deceptive_grid,1,477,64237,-95.52,200,0,0.2735,0.334406
DQN,deceptive_grid,1,478,64437,-93.92,200,0,0.2712,0.296871
DQN,deceptive_grid,1,479,64637,-104.8,200,0,0.269,0.330997
DQN,deceptive_grid,1,480,64837,24.72,200,0,0.2667,0.304673
DQN,deceptive_grid,1,481,65037,36.0,200,0,0.2645,0.29654
DQN,deceptive_grid,1,482,65237,36.96,200,0,0.2622,0.300751
DQN,deceptive_grid,1,483,65437,-86.56,200,0,0.2599,0.283873
DQN,deceptive_grid,1,484,65637,0.88,200,0,0.2577,0.328235
DQN,deceptive_grid,1,485,65837,-20.64,200,0,0.2554,0.284818
DQN,deceptive_grid,1,486,66037,2.4,200,0,0.2532,0.299474
DQN,deceptive_grid,1,487,66237,-125.12,200,0,0.2509,0.286623
DQN,deceptive_grid,1,488,66437,-104.96,200,0,0.2486,0.268808
DQN,deceptive_grid,1,489,66637,-21.68,200,0,0.2464,0.273984
DQN,deceptive_grid,1,490,66837,-54.16,200,0,0.2441,0.280645
DQN,deceptive_grid,1,491,67037,-94.32,200,0,0.2418,0.265168
DQN,deceptive_grid,1,492,67237,-68.64,200,0,0.2396,0.267619
DQN,deceptive_grid,1,493,67437,-65.12,200,0,0.2373,0.246475
DQN,deceptive_grid,1,494,67637,-46.72,200,0,0.2351,0.252829
DQN,deceptive_grid,1,495,67837,-43.52,200,0,0.2328,0.238346
DQN,deceptive_grid,1,496,68037,8.32,200,0,0.2305,0.242902
DQN,deceptive_grid,1,497,68237,-132.16,200,0,0.2283,0.230855
DQN,deceptive_grid,1,498,68437,-137.76,200,0,0.226,0.228997
DQN,deceptive_grid,1,499,68637,-55.52,200,0,0.2237,0.241146
DQN,deceptive_grid,1,500,68837,-103.52,200,0,0.2215,0.224103
DQN,deceptive_grid,1,501,69037,60.48,200,0,0.2192,0.24467
DQN,deceptive_grid,1,502,69237,-18.08,200,0,0.217,0.218788
DQN,deceptive_grid,1,503,69437,-108.8,200,0,0.2147,0.239849
DQN,deceptive_grid,1,504,69637,-24.8,200,0,0.2124,0.244673
DQN,deceptive_grid,1,505,69837,-13.84,200,0,0.2102,0.192696
DQN,deceptive_grid,1,506,70037,-39.68,200,0,0.2079,0.217614
DQN,deceptive_grid,1,507,70237,-98.96,200,0,0.2057,0.199754
DQN,deceptive_grid,1,508,70437,-13.92,200,0,0.2034,0.199643
DQN,deceptive_grid,1,509,70637,71.36,200,0,0.2011,0.220393
DQN,deceptive_grid,1,510,70837,72.32,200,0,0.1989,0.229722
DQN,deceptive_grid,1,511,71037,-67.12,200,0,0.1966,0.191542
DQN,deceptive_grid,1,512,71237,-83.6,200,0,0.1943,0.194265
DQN,deceptive_grid,1,513,71437,2.8,200,0,0.1921,0.182422
DQN,deceptive_grid,1,514,71637,60.32,200,0,0.1898,0.191474
DQN,deceptive_grid,1,515,71837,29.28,200,0,0.1876,0.191317
DQN,deceptive_grid,1,516,72037,-20.48,200,0,0.1853,0.212278
DQN,deceptive_grid,1,517,72237,-13.2,200,0,0.183,0.187057
DQN,deceptive_grid,1,518,72437,-32.64,200,0,0.1808,0.179423
DQN,deceptive_grid,1,519,72637,-58.64,200,0,0.1785,0.179177
DQN,deceptive_grid,1,520,72837,-13.28,200,0,0.1762,0.16548
DQN,deceptive_grid,1,521,73037,17.92,200,0,0.174,0.177066
DQN,deceptive_grid,1,522,73237,-87.44,200,0,0.1717,0.181876
DQN,deceptive_grid,1,523,73437,-131.6,200,0,0.1695,0.148126
DQN,deceptive_grid,1,524,73637,-43.68,200,0,0.1672,0.206221
DQN,deceptive_grid,1,525,73837,51.76,200,0,0.1649,0.170475
DQN,deceptive_grid,1,526,74037,-38.88,200,0,0.1627,0.170859
DQN,deceptive_grid,1,527,74237,-126.8,200,0,0.1604,0.173855
DQN,deceptive_grid,1,528,74437,-17.68,200,0,0.1582,0.165258
DQN,deceptive_grid,1,529,74637,-37.12,200,0,0.1559,0.176363
DQN,deceptive_grid,1,530,74837,-66.24,200,0,0.1536,0.14862
DQN,deceptive_grid,1,531,75037,-119.36,200,0,0.1514,0.154719
DQN,deceptive_grid,1,532,75237,28.64,200,0,0.1491,0.144435
DQN,deceptive_grid,1,533,75437,-27.2,200,0,0.1468,0.140929
DQN,deceptive_grid,1,534,75637,-6.72,200,0,0.1446,0.177697
DQN,deceptive_grid,1,535,75837,-65.2,200,0,0.1423,0.176588
DQN,deceptive_grid,1,536,75849,50.2,12,1,0.1422,0.152432
DQN,deceptive_grid,1,537,75949,-48.04,100,1,0.1411,0.159748
DQN,deceptive_grid,1,538,76149,-103.04,200,0,0.1388,0.18164
DQN,deceptive_grid,1,539,76349,-126.96,200,0,0.1365,0.157632
DQN,deceptive_grid,1,540,76549,6.08,200,0,0.1343,0.166738
DQN,deceptive_grid,1,541,76732,-102.24,183,1,0.1322,0.16659
DQN,deceptive_grid,1,542,76932,20.16,200,0,0.1299,0.156225
DQN,deceptive_grid,1,543,77132,-20.4,200,0,0.1277,0.166476
DQN,deceptive_grid,1,544,77332,-112.4,200,0,0.1254,0.168228
DQN,deceptive_grid,1,545,77442,24.92,110,1,0.1242,0.138767
DQN,deceptive_grid,1,546,77642,-48.96,200,0,0.1219,0.172368
DQN,deceptive_grid,1,547,77842,15.2,200,0,0.1196,0.138595
DQN,deceptive_grid,1,548,77849,61.68,7,1,0.1196,0.120393
DQN,deceptive_grid,1,549,78049,42.08,200,0,0.1173,0.169744
DQN,deceptive_grid,1,550,78249,-1.2,200,0,0.115,0.158429
DQN,deceptive_grid,1,551,78449,-61.6,200,0,0.1128,0.146938
DQN,deceptive_grid,1,552,78649,9.92,200,0,0.1105,0.174971
DQN,deceptive_grid,1,553,78697,51.8,48,1,0.11,0.152977
DQN,deceptive_grid,1,554,78705,53.24,8,1,0.1099,0.114224
DQN,deceptive_grid,1,555,78905,-17.68,200,0,0.1076,0.15279
DQN,deceptive_grid,1,556,78932,87.84,27,1,0.1073,0.146156
DQN,deceptive_grid,1,557,78942,84.6,10,1,0.1072,0.129486
DQN,deceptive_grid,1,558,79142,41.04,200,0,0.1049,0.154111
DQN,deceptive_grid,1,559,79342,53.92,200,0,0.1027,0.138143
DQN,deceptive_grid,1,560,79542,44.48,200,0,0.1004,0.152775
DQN,deceptive_grid,1,561,79546,39.48,4,1,0.1004,0.179673
DQN,deceptive_grid,1,562,79746,33.04,200,0,0.0981,0.163897
DQN,deceptive_grid,1,563,79753,61.68,7,1,0.098,0.153241
DQN,deceptive_grid,1,564,79953,61.76,200,0,0.0958,0.152457
DQN,deceptive_grid,1,565,79961,69.24,8,1,0.0957,0.163621
DQN,deceptive_grid,1,566,80161,-15.04,200,0,0.0934,0.163703
DQN,deceptive_grid,1,567,80361,-24.64,200,0,0.0912,0.164204
DQN,deceptive_grid,1,568,80561,-74.4,200,0,0.0889,0.157747
DQN,deceptive_grid,1,569,80761,86.72,200,0,0.0866,0.157938
DQN,deceptive_grid,1,570,80961,46.24,200,0,0.0844,0.145797
DQN,deceptive_grid,1,571,81161,-9.76,200,0,0.0821,0.185359
DQN,deceptive_grid,1,572,81169,37.08,8,1,0.082,0.127394
DQN,deceptive_grid,1,573,81175,54.2,6,1,0.0819,0.145973
DQN,deceptive_grid,1,574,81178,32.24,3,1,0.0819,0.177505
DQN,deceptive_grid,1,575,81378,-37.12,200,0,0.0797,0.157472
DQN,deceptive_grid,1,576,81381,32.24,3,1,0.0796,0.153773
DQN,deceptive_grid,1,577,81581,24.64,200,0,0.0774,0.188741
DQN,deceptive_grid,1,578,81641,72.12,60,1,0.0767,0.154128
DQN,deceptive_grid,1,579,81664,88.24,23,1,0.0764,0.178711
DQN,deceptive_grid,1,580,81671,61.68,7,1,0.0763,0.210568
DQN,deceptive_grid,1,581,81679,52.76,8,1,0.0762,0.143365
DQN,deceptive_grid,1,582,81718,140.4,39,1,0.0758,0.187464
DQN,deceptive_grid,1,583,81723,46.8,5,1,0.0758,0.214961
DQN,deceptive_grid,1,584,81923,24.0,200,0,0.0735,0.157141
DQN,deceptive_grid,1,585,81955,95.48,32,1,0.0731,0.195291
DQN,deceptive_grid,1,586,82096,169.52,141,1,0.0715,0.188296
DQN,deceptive_grid,1,587,82154,126.52,58,1,0.0709,0.179035
DQN,deceptive_grid,1,588,82159,46.8,5,1,0.0708,0.105915
DQN,deceptive_grid,1,589,82198,126.8,39,1,0.0704,0.151646
DQN,deceptive_grid,1,590,82398,-153.44,200,0,0.0681,0.152728
DQN,deceptive_grid,1,591,82407,76.88,9,1,0.068,0.119883
DQN,deceptive_grid,1,592,82422,89.84,15,1,0.0678,0.152293
DQN,deceptive_grid,1,593,82484,107.8,62,1,0.0671,0.143661
DQN,deceptive_grid,1,594,82512,132.28,28,1,0.0668,0.205994
DQN,deceptive_grid,1,595,82523,80.0,11,1,0.0667,0.259373
DQN,deceptive_grid,1,596,82535,50.36,12,1,0.0666,0.192425
DQN,deceptive_grid,1,597,82565,111.32,30,1,0.0662,0.167814
DQN,deceptive_grid,1,598,82621,181.32,56,1,0.0656,0.167579
DQN,deceptive_grid,1,599,82821,-151.2,200,0,0.0633,0.167957
DQN,deceptive_grid,1,600,83021,83.52,200,0,0.0611,0.155703
DQN,deceptive_grid,2,1,200,-157.6,200,0,0.9977,
DQN,deceptive_grid,2,2,400,-7.04,200,0,0.9955,
DQN,deceptive_grid,2,3,600,16.56,200,0,0.9932,
DQN,deceptive_grid,2,4,800,-46.32,200,0,0.991,
DQN,deceptive_grid,2,5,1000,24.56,200,0,0.9887,7.381805
DQN,deceptive_grid,2,6,1121,-92.0,121,1,0.9873,5.194621
DQN,deceptive_grid,2,7,1321,-61.6,200,0,0.9851,3.541154
DQN,deceptive_grid,2,8,1521,-21.92,200,0,0.9828,3.031168
DQN,deceptive_grid,2,9,1721,-122.0,200,0,0.9805,2.759866
DQN,deceptive_grid,2,10,1921,-252.4,200,0,0.9783,2.405397
DQN,deceptive_grid,2,11,1932,46.56,11,1,0.9781,2.358498
DQN,deceptive_grid,2,12,2132,-134.88,200,0,0.9759,2.780997
DQN,deceptive_grid,2,13,2159,51.36,27,1,0.9756,2.486896
DQN,deceptive_grid,2,14,2359,-39.84,200,0,0.9733,2.377952
DQN,deceptive_grid,2,15,2559,-141.68,200,0,0.9711,2.5825
DQN,deceptive_grid,2,16,2759,-7.44,200,0,0.9688,2.292954
DQN,deceptive_grid,2,17,2959,-139.12,200,0,0.9665,2.259847
DQN,deceptive_grid,2,18,3159,28.88,200,0,0.9643,2.366911
DQN,deceptive_grid,2,19,3359,16.8,200,0,0.962,2.1472
DQN,deceptive_grid,2,20,3559,-282.4,200,0,0.9597,2.25129
DQN,deceptive_grid,2,21,3759,1.12,200,0,0.9575,2.110378
DQN,deceptive_grid,2,22,3959,-27.6,200,0,0.9552,2.125528
DQN,deceptive_grid,2,23,4159,-234.64,200,0,0.953,2.429898
DQN,deceptive_grid,2,24,4359,-10.88,200,0,0.9507,2.258453
DQN,deceptive_grid,2,25,4559,-195.6,200,0,0.9484,2.367113
DQN,deceptive_grid,2,26,4759,-75.2,200,0,0.9462,2.262156
DQN,deceptive_grid,2,27,4959,-122.64,200,0,0.9439,2.23843
DQN,deceptive_grid,2,28,5159,-163.28,200,0,0.9417,2.461974
DQN,deceptive_grid,2,29,5359,-86.32,200,0,0.9394,2.281822
DQN,deceptive_grid,2,30,5559,-9.28,200,0,0.9371,2.381252
DQN,deceptive_grid,2,31,5759,34.16,200,0,0.9349,2.240684
DQN,deceptive_grid,2,32,5848,30.96,89,1,0.9339,2.229044
DQN,deceptive_grid,2,33,5938,9.24,90,1,0.9328,2.162275
DQN,deceptive_grid,2,34,6083,-113.6,145,1,0.9312,2.43204
DQN,deceptive_grid,2,35,6283,-165.12,200,0,0.9289,2.251585
DQN,deceptive_grid,2,36,6483,-105.28,200,0,0.9267,2.273917
DQN,deceptive_grid,2,37,6683,-92.24,200,0,0.9244,2.455384
DQN,deceptive_grid,2,38,6807,38.04,124,1,0.923,2.321719
DQN,deceptive_grid,2,39,7007,54.48,200,0,0.9208,2.312194
DQN,deceptive_grid,2,40,7207,-51.68,200,0,0.9185,2.345488
DQN,deceptive_grid,2,41,7407,-225.2,200,0,0.9162,2.185922
DQN,deceptive_grid,2,42,7607,-19.12,200,0,0.914,2.221361
DQN,deceptive_grid,2,43,7807,-84.32,200,0,0.9117,2.072174
DQN,deceptive_grid,2,44,8007,-84.48,200,0,0.9094,2.118154
DQN,deceptive_grid,2,45,8207,-146.0,200,0,0.9072,2.189127
DQN,deceptive_grid,2,46,8263,-5.08,56,1,0.9065,2.106552
DQN,deceptive_grid,2,47,8463,-150.4,200,0,0.9043,2.048911
DQN,deceptive_grid,2,48,8663,-124.32,200,0,0.902,2.215325
DQN,deceptive_grid,2,49,8692,20.56,29,1,0.9017,1.957476
DQN,deceptive_grid,2,50,8892,-10.32,200,0,0.8994,2.062703
DQN,deceptive_grid,2,51,8914,19.24,22,1,0.8992,1.850411
DQN,deceptive_grid,2,52,9026,-51.08,112,1,0.8979,2.115532
DQN,deceptive_grid,2,53,9226,-65.04,200,0,0.8957,2.139989
DQN,deceptive_grid,2,54,9324,65.48,98,1,0.8945,2.063558
DQN,deceptive_grid,2,55,9524,-113.04,200,0,0.8923,2.145205
DQN,deceptive_grid,2,56,9599,-16.8,75,1,0.8914,2.182721
DQN,deceptive_grid,2,57,9756,-60.48,157,1,0.8897,2.113916
DQN,deceptive_grid,2,58,9956,11.04,200,0,0.8874,2.00062
DQN,deceptive_grid,2,59,10048,76.68,92,1,0.8864,2.338436
DQN,deceptive_grid,2,60,10155,114.64,107,1,0.8852,2.119219
DQN,deceptive_grid,2,61,10226,-6.96,71,1,0.8843,2.11474
DQN,deceptive_grid,2,62,10426,-18.88,200,0,0.8821,2.131426
DQN,deceptive_grid,2,63,10626,-160.88,200,0,0.8798,2.183821
DQN,deceptive_grid,2,64,10686,55.88,60,1,0.8791,2.184266
DQN,deceptive_grid,2,65,10886,-33.52,200,0,0.8769,2.132458
DQN,deceptive_grid,2,66,11059,-45.52,173,1,0.8749,2.224242
DQN,deceptive_grid,2,67,11259,-106.72,200,0,0.8727,2.210898
DQN,deceptive_grid,2,68,11358,-69.76,99,1,0.8715,2.058753
DQN,deceptive_grid,2,69,11558,-241.68,200,0,0.8693,2.236553
DQN,deceptive_grid,2,70,11758,-177.6,200,0,0.867,2.154081
DQN,deceptive_grid,2,71,11958,-8.16,200,0,0.8648,2.155155
DQN,deceptive_grid,2,72,12158,-22.48,200,0,0.8625,2.165099
DQN,deceptive_grid,2,73,12268,-46.92,110,1,0.8613,2.033782
DQN,deceptive_grid,2,74,12440,-21.8,172,1,0.8593,2.034519
DQN,deceptive_grid,2,75,12496,3.4,56,1,0.8587,2.10578
DQN,deceptive_grid,2,76,12666,-67.96,170,1,0.8568,2.158035
DQN,deceptive_grid,2,77,12777,57.28,111,1,0.8555,2.07193
DQN,deceptive_grid,2,78,12783,37.72,6,1,0.8554,2.205963
DQN,deceptive_grid,2,79,12963,112.76,180,1,0.8534,2.056591
DQN,deceptive_grid,2,80,13037,25.4,74,1,0.8526,2.158238
DQN,deceptive_grid,2,81,13147,33.24,110,1,0.8513,2.167586
DQN,deceptive_grid,2,82,13347,-123.52,200,0,0.8491,2.155869
DQN,deceptive_grid,2,83,13547,-237.52,200,0,0.8468,2.09365
DQN,deceptive_grid,2,84,13743,-74.12,196,1,0.8446,2.085493
DQN,deceptive_grid,2,85,13911,59.32,168,1,0.8427,2.10712
DQN,deceptive_grid,2,86,14111,-120.24,200,0,0.8404,2.197576
DQN,deceptive_grid,2,87,14311,-102.8,200,0,0.8381,2.105445
DQN,deceptive_grid,2,88,14511,-135.76,200,0,0.8359,2.074126
DQN,deceptive_grid,2,89,14711,-83.68,200,0,0.8336,2.163734
DQN,deceptive_grid,2,90,14911,-106.48,200,0,0.8314,2.128174
DQN,deceptive_grid,2,91,15111,-143.68,200,0,0.8291,2.137943
DQN,deceptive_grid,2,92,15212,66.0,101,1,0.828,2.10534
DQN,deceptive_grid,2,93,15412,-153.12,200,0,0.8257,2.120565
DQN,deceptive_grid,2,94,15612,-13.92,200,0,0.8234,2.196203
DQN,deceptive_grid,2,95,15812,-41.52,200,0,0.8212,1.987408
DQN,deceptive_grid,2,96,15979,52.16,167,1,0.8193,2.036339
DQN,deceptive_grid,2,97,16179,2.96,200,0,0.817,2.201282
DQN,deceptive_grid,2,98,16379,-29.12,200,0,0.8148,2.093882
DQN,deceptive_grid,2,99,16579,-130.8,200,0,0.8125,2.148632
DQN,deceptive_grid,2,100,16779,-43.6,200,0,0.8102,2.030048
DQN,deceptive_grid,2,101,16979,-64.72,200,0,0.808,2.064657
DQN,deceptive_grid,2,102,17179,-147.52,200,0,0.8057,2.151938
DQN,deceptive_grid,2,103,17379,-88.48,200,0,0.8035,2.052724
DQN,deceptive_grid,2,104,17579,-82.16,200,0,0.8012,2.113401
DQN,deceptive_grid,2,105,17779,-135.52,200,0,0.7989,2.022336
DQN,deceptive_grid,2,106,17979,-173.36,200,0,0.7967,2.051819
DQN,deceptive_grid,2,107,18179,-46.56,200,0,0.7944,2.110397
DQN,deceptive_grid,2,108,18270,-11.2,91,1,0.7934,1.980165
DQN,deceptive_grid,2,109,18327,29.2,57,1,0.7927,1.950664
DQN,deceptive_grid,2,110,18458,-17.04,131,1,0.7912,2.148382
DQN,deceptive_grid,2,111,18658,-158.56,200,0,0.789,2.209112
DQN,deceptive_grid,2,112,18755,-56.0,97,1,0.7879,2.104637
DQN,deceptive_grid,2,113,18837,-9.32,82,1,0.787,2.032902
DQN,deceptive_grid,2,114,19037,-111.2,200,0,0.7847,2.08236
DQN,deceptive_grid,2,115,19162,100.24,125,1,0.7833,2.036354
DQN,deceptive_grid,2,116,19200,38.76,38,1,0.7829,1.842722
DQN,deceptive_grid,2,117,19265,-20.32,65,1,0.7821,1.974284
DQN,deceptive_grid,2,118,19465,-5.36,200,0,0.7799,2.029811
DQN,deceptive_grid,2,119,19553,65.64,88,1,0.7789,2.311304
DQN,deceptive_grid,2,120,19753,-33.92,200,0,0.7766,2.038588
DQN,deceptive_grid,2,121,19897,-61.72,144,1,0.775,2.060429
DQN,deceptive_grid,2,122,20052,72.32,155,1,0.7732,2.086552
DQN,deceptive_grid,2,123,20249,-27.52,197,1,0.771,2.147946
DQN,deceptive_grid,2,124,20342,132.56,93,1,0.7699,2.051164
DQN,deceptive_grid,2,125,20355,16.32,13,1,0.7698,2.199408
DQN,deceptive_grid,2,126,20555,-100.8,200,0,0.7675,2.076992
DQN,deceptive_grid,2,127,20707,94.6,152,1,0.7658,2.039739
DQN,deceptive_grid,2,128,20907,50.4,200,0,0.7636,2.036126
DQN,deceptive_grid,2,129,21013,95.8,106,1,0.7624,1.942662
DQN,deceptive_grid,2,130,21213,29.44,200,0,0.7601,2.014827
DQN,deceptive_grid,2,131,21241,-9.4,28,1,0.7598,1.977852
DQN,deceptive_grid,2,132,21441,-140.24,200,0,0.7575,2.042778
DQN,deceptive_grid,2,133,21501,67.32,60,1,0.7568,2.001652
DQN,deceptive_grid,2,134,21701,0.88,200,0,0.7546,1.954384
DQN,deceptive_grid,2,135,21839,2.52,138,1,0.753,1.972918
DQN,deceptive_grid,2,136,22039,-51.84,200,0,0.7507,1.88136
DQN,deceptive_grid,2,137,22196,-6.08,157,1,0.749,1.928581
DQN,deceptive_grid,2,138,22277,43.2,81,1,0.7481,1.899915
DQN,deceptive_grid,2,139,22477,-132.88,200,0,0.7458,1.987185
DQN,deceptive_grid,2,140,22491,86.36,14,1,0.7456,1.919521
DQN,deceptive_grid,2,141,22561,44.6,70,1,0.7448,1.939898
DQN,deceptive_grid,2,142,22738,-27.76,177,1,0.7428,1.934362
DQN,deceptive_grid,2,143,22938,-119.76,200,0,0.7406,1.93218
DQN,deceptive_grid,2,144,22956,79.32,18,1,0.7404,1.999482
DQN,deceptive_grid,2,145,22986,50.28,30,1,0.74,2.117265
DQN,deceptive_grid,2,146,23042,13.88,56,1,0.7394,1.961738
DQN,deceptive_grid,2,147,23242,46.08,200,0,0.7371,1.956497
DQN,deceptive_grid,2,148,23316,40.36,74,1,0.7363,1.871652
DQN,deceptive_grid,2,149,23341,85.36,25,1,0.736,1.858504
DQN,deceptive_grid,2,150,23442,-10.4,101,1,0.7349,1.872192
DQN,deceptive_grid,2,151,23552,68.44,110,1,0.7336,1.97821
DQN,deceptive_grid,2,152,23752,-82.24,200,0,0.7314,1.987206
DQN,deceptive_grid,2,153,23922,-92.92,170,1,0.7295,1.957985
DQN,deceptive_grid,2,154,23937,30.4,15,1,0.7293,2.089215
DQN,deceptive_grid,2,155,24137,-131.12,200,0,0.727,1.8965
DQN,deceptive_grid,2,156,24337,-73.28,200,0,0.7248,1.825379
DQN,deceptive_grid,2,157,24400,152.32,63,1,0.724,1.882557
DQN,deceptive_grid,2,158,24600,-91.68,200,0,0.7218,1.769658
DQN,deceptive_grid,2,159,24800,-153.84,200,0,0.7195,1.846851
DQN,deceptive_grid,2,160,25000,-145.28,200,0,0.7173,1.839032
DQN,deceptive_grid,2,161,25200,-91.36,200,0,0.715,1.937728
DQN,deceptive_grid,2,162,25331,57.84,131,1,0.7135,1.839071
DQN,deceptive_grid,2,163,25531,-127.36,200,0,0.7113,1.81936
DQN,deceptive_grid,2,164,25731,-3.76,200,0,0.709,1.804051
DQN,deceptive_grid,2,165,25931,-106.16,200,0,0.7067,1.759735
DQN,deceptive_grid,2,166,26112,-94.64,181,1,0.7047,1.756857
DQN,deceptive_grid,2,167,26312,-53.44,200,0,0.7024,1.710276
DQN,deceptive_grid,2,168,26512,-163.92,200,0,0.7002,1.729107
DQN,deceptive_grid,2,169,26712,9.28,200,0,0.6979,1.666185
DQN,deceptive_grid,2,170,26912,33.84,200,0,0.6956,1.649035
DQN,deceptive_grid,2,171,27112,-124.56,200,0,0.6934,1.757071
DQN,deceptive_grid,2,172,27248,82.52,136,1,0.6918,1.672487
DQN,deceptive_grid,2,173,27448,-139.76,200,0,0.6896,1.66101
DQN,deceptive_grid,2,174,27648,34.0,200,0,0.6873,1.663467
DQN,deceptive_grid,2,175,27848,-133.76,200,0,0.6851,1.562768
DQN,deceptive_grid,2,176,28048,-92.96,200,0,0.6828,1.592754
DQN,deceptive_grid,2,177,28248,-75.2,200,0,0.6805,1.54555
DQN,deceptive_grid,2,178,28448,-4.08,200,0,0.6783,1.529259
DQN,deceptive_grid,2,179,28648,-52.48,200,0,0.676,1.626504
DQN,deceptive_grid,2,180,28724,137.4,76,1,0.6751,1.426851
DQN,deceptive_grid,2,181,28924,-124.08,200,0,0.6729,1.498794
DQN,deceptive_grid,2,182,29071,-30.48,147,1,0.6712,1.589774
DQN,deceptive_grid,2,183,29249,66.28,178,1,0.6692,1.54407
DQN,deceptive_grid,2,184,29449,-129.84,200,0,0.6669,1.50352
DQN,deceptive_grid,2,185,29621,80.44,172,1,0.665,1.464615
DQN,deceptive_grid,2,186,29821,-60.48,200,0,0.6627,1.654355
DQN,deceptive_grid,2,187,30019,91.72,198,1,0.6605,1.489351
DQN,deceptive_grid,2,188,30219,-19.68,200,0,0.6582,1.53624
DQN,deceptive_grid,2,189,30419,-68.0,200,0,0.656,1.507399
DQN,deceptive_grid,2,190,30619,-63.2,200,0,0.6537,1.530019
DQN,deceptive_grid,2,191,30819,-88.24,200,0,0.6515,1.475053
DQN,deceptive_grid,2,192,31019,-27.28,200,0,0.6492,1.471099
DQN,deceptive_grid,2,193,31023,39.48,4,1,0.6491,1.316251
DQN,deceptive_grid,2,194,31223,-53.76,200,0,0.6469,1.490666
DQN,deceptive_grid,2,195,31384,-5.36,161,1,0.6451,1.483085
DQN,deceptive_grid,2,196,31584,85.2,200,0,0.6428,1.525457
DQN,deceptive_grid,2,197,31784,-155.6,200,0,0.6405,1.490445
DQN,deceptive_grid,2,198,31984,11.84,200,0,0.6383,1.454415
DQN,deceptive_grid,2,199,32093,-48.8,109,1,0.637,1.545284
DQN,deceptive_grid,2,200,32293,9.12,200,0,0.6348,1.463624
DQN,deceptive_grid,2,201,32397,18.76,104,1,0.6336,1.382575
DQN,deceptive_grid,2,202,32597,-91.68,200,0,0.6313,1.452701
DQN,deceptive_grid,2,203,32797,-61.84,200,0,0.6291,1.40259
DQN,deceptive_grid,2,204,32997,14.4,200,0,0.6268,1.407412
DQN,deceptive_grid,2,205,33130,64.56,133,1,0.6253,1.455226
DQN,deceptive_grid,2,206,33330,-56.0,200,0,0.6231,1.450659
DQN,deceptive_grid,2,207,33530,100.24,200,0,0.6208,1.4691
DQN,deceptive_grid,2,208,33730,-4.64,200,0,0.6185,1.380402
DQN,deceptive_grid,2,209,33930,-70.56,200,0,0.6163,1.42729
DQN,deceptive_grid,2,210,34130,-171.76,200,0,0.614,1.458287
DQN,deceptive_grid,2,211,34330,30.48,200,0,0.6117,1.416565
DQN,deceptive_grid,2,212,34378,8.12,48,1,0.6112,1.274737
DQN,deceptive_grid,2,213,34575,56.56,197,1,0.609,1.412017
DQN,deceptive_grid,2,214,34775,10.08,200,0,0.6067,1.456849
DQN,deceptive_grid,2,215,34975,-131.68,200,0,0.6044,1.4491
DQN,deceptive_grid,2,216,35175,-19.44,200,0,0.6022,1.401188
DQN,deceptive_grid,2,217,35193,28.12,18,1,0.602,1.355059
DQN,deceptive_grid,2,218,35393,-36.08,200,0,0.5997,1.335653
DQN,deceptive_grid,2,219,35403,51.48,10,1,0.5996,1.438238
DQN,deceptive_grid,2,220,35425,59.48,22,1,0.5994,1.559749
DQN,deceptive_grid,2,221,35455,48.44,30,1,0.599,1.25677
DQN,deceptive_grid,2,222,35655,88.08,200,0,0.5968,1.445372
DQN,deceptive_grid,2,223,35794,-59.76,139,1,0.5952,1.378117
DQN,deceptive_grid,2,224,35892,115.0,98,1,0.5941,1.446436
DQN,deceptive_grid,2,225,36092,-54.96,200,0,0.5918,1.453959
DQN,deceptive_grid,2,226,36292,-57.2,200,0,0.5896,1.331714
DQN,deceptive_grid,2,227,36492,3.92,200,0,0.5873,1.33907
DQN,deceptive_grid,2,228,36692,-63.68,200,0,0.585,1.384068
DQN,deceptive_grid,2,229,36892,-146.16,200,0,0.5828,1.412501
DQN,deceptive_grid,2,230,36942,8.28,50,1,0.5822,1.376941
DQN,deceptive_grid,2,231,37142,-96.8,200,0,0.5799,1.241086
DQN,deceptive_grid,2,232,37239,-13.52,97,1,0.5788,1.380828
DQN,deceptive_grid,2,233,37439,56.0,200,0,0.5766,1.2599
DQN,deceptive_grid,2,234,37441,13.08,2,1,0.5766,1.365082
DQN,deceptive_grid,2,235,37641,-2.56,200,0,0.5743,1.253137
DQN,deceptive_grid,2,236,37745,125.08,104,1,0.5731,1.19412
DQN,deceptive_grid,2,237,37917,-51.08,172,1,0.5712,1.231729
DQN,deceptive_grid,2,238,37929,24.76,12,1,0.571,1.08697
DQN,deceptive_grid,2,239,38129,-164.0,200,0,0.5688,1.208535
DQN,deceptive_grid,2,240,38329,-70.4,200,0,0.5665,1.226443
DQN,deceptive_grid,2,241,38366,23.68,37,1,0.5661,1.198062
DQN,deceptive_grid,2,242,38566,-31.2,200,0,0.5638,1.125902
DQN,deceptive_grid,2,243,38766,53.28,200,0,0.5616,1.140941
DQN,deceptive_grid,2,244,38966,22.4,200,0,0.5593,1.082656
DQN,deceptive_grid,2,245,39096,145.24,130,1,0.5578,1.123767
DQN,deceptive_grid,2,246,39202,35.4,106,1,0.5566,1.122954
DQN,deceptive_grid,2,247,39402,44.16,200,0,0.5544,1.105729
DQN,deceptive_grid,2,248,39602,-82.48,200,0,0.5521,1.005826
DQN,deceptive_grid,2,249,39802,-81.68,200,0,0.5499,1.07831
DQN,deceptive_grid,2,250,39961,9.2,159,1,0.5481,1.045822
DQN,deceptive_grid,2,251,40161,-88.96,200,0,0.5458,0.986733
DQN,deceptive_grid,2,252,40361,-136.08,200,0,0.5435,0.990538
DQN,deceptive_grid,2,253,40381,77.88,20,1,0.5433,1.034604
DQN,deceptive_grid,2,254,40449,48.92,68,1,0.5425,0.961505
DQN,deceptive_grid,2,255,40649,-155.6,200,0,0.5403,0.997336
DQN,deceptive_grid,2,256,40849,-72.48,200,0,0.538,0.964165
DQN,deceptive_grid,2,257,41049,-55.84,200,0,0.5358,0.942221
DQN,deceptive_grid,2,258,41053,11.4,4,1,0.5357,1.032922
DQN,deceptive_grid,2,259,41253,-49.52,200,0,0.5334,0.982648
DQN,deceptive_grid,2,260,41453,36.88,200,0,0.5312,1.034085
DQN,deceptive_grid,2,261,41532,-0.08,79,1,0.5303,1.066264
DQN,deceptive_grid,2,262,41540,35.96,8,1,0.5302,1.072689
DQN,deceptive_grid,2,263,41740,-46.16,200,0,0.5279,1.058731
DQN,deceptive_grid,2,264,41940,-86.16,200,0,0.5257,0.969324
DQN,deceptive_grid,2,265,42140,-24.08,200,0,0.5234,0.924563
DQN,deceptive_grid,2,266,42171,13.84,31,1,0.5231,0.947231
DQN,deceptive_grid,2,267,42371,-86.8,200,0,0.5208,0.879593
DQN,deceptive_grid,2,268,42571,-14.48,200,0,0.5185,0.905089
DQN,deceptive_grid,2,269,42771,-24.16,200,0,0.5163,0.822608
DQN,deceptive_grid,2,270,42841,45.0,70,1,0.5155,0.89624
DQN,deceptive_grid,2,271,42860,70.48,19,1,0.5153,1.002005
DQN,deceptive_grid,2,272,43060,-14.24,200,0,0.513,0.852627
DQN,deceptive_grid,2,273,43260,55.12,200,0,0.5108,0.862299
DQN,deceptive_grid,2,274,43460,-70.0,200,0,0.5085,0.793983
DQN,deceptive_grid,2,275,43510,69.88,50,1,0.5079,0.875242
DQN,deceptive_grid,2,276,43710,16.64,200,0,0.5057,0.809437
DQN,deceptive_grid,2,277,43731,102.8,21,1,0.5054,0.748393
DQN,deceptive_grid,2,278,43931,-126.4,200,0,0.5032,0.85621
DQN,deceptive_grid,2,279,44131,-32.96,200,0,0.5009,0.796611
DQN,deceptive_grid,2,280,44331,33.6,200,0,0.4986,0.838661
DQN,deceptive_grid,2,281,44531,-33.04,200,0,0.4964,0.781134
DQN,deceptive_grid,2,282,44731,57.44,200,0,0.4941,0.762065
DQN,deceptive_grid,2,283,44882,-26.4,151,1,0.4924,0.760468
DQN,deceptive_grid,2,284,45082,72.16,200,0,0.4901,0.745531
DQN,deceptive_grid,2,285,45282,26.24,200,0,0.4879,0.761262
DQN,deceptive_grid,2,286,45288,37.72,6,1,0.4878,0.61269
DQN,deceptive_grid,2,287,45320,64.04,32,1,0.4875,0.773319
DQN,deceptive_grid,2,288,45520,-31.36,200,0,0.4852,0.826845
DQN,deceptive_grid,2,289,45545,107.28,25,1,0.4849,0.703779
DQN,deceptive_grid,2,290,45745,-35.84,200,0,0.4826,0.737486
DQN,deceptive_grid,2,291,45945,5.2,200,0,0.4804,0.696637
DQN,deceptive_grid,2,292,46145,-39.04,200,0,0.4781,0.694969
DQN,deceptive_grid,2,293,46345,28.4,200,0,0.4759,0.740205
DQN,deceptive_grid,2,294,46545,-32.0,200,0,0.4736,0.715697
DQN,deceptive_grid,2,295,46745,-20.4,200,0,0.4713,0.741491
DQN,deceptive_grid,2,296,46945,-67.68,200,0,0.4691,0.685486
DQN,deceptive_grid,2,297,47145,-15.52,200,0,0.4668,0.677913
DQN,deceptive_grid,2,298,47345,137.36,200,0,0.4646,0.681887
DQN,deceptive_grid,2,299,47545,86.48,200,0,0.4623,0.665929
DQN,deceptive_grid,2,300,47549,39.48,4,1,0.4622,0.576538
DQN,deceptive_grid,2,301,47749,-9.84,200,0,0.46,0.653492
DQN,deceptive_grid,2,302,47768,86.32,19,1,0.4598,0.608232
DQN,deceptive_grid,2,303,47790,64.04,22,1,0.4595,0.583791
DQN,deceptive_grid,2,304,47990,26.56,200,0,0.4573,0.610036
DQN,deceptive_grid,2,305,48190,-6.32,200,0,0.455,0.679606
DQN,deceptive_grid,2,306,48390,-17.84,200,0,0.4527,0.593424
DQN,deceptive_grid,2,307,48590,-62.96,200,0,0.4505,0.629981
DQN,deceptive_grid,2,308,48790,57.6,200,0,0.4482,0.601038
DQN,deceptive_grid,2,309,48990,-30.4,200,0,0.4459,0.603406
DQN,deceptive_grid,2,310,49190,-59.36,200,0,0.4437,0.619448
DQN,deceptive_grid,2,311,49390,-0.32,200,0,0.4414,0.597296
DQN,deceptive_grid,2,312,49590,70.72,200,0,0.4392,0.562866
DQN,deceptive_grid,2,313,49790,-106.64,200,0,0.4369,0.561629
DQN,deceptive_grid,2,314,49990,1.12,200,0,0.4346,0.566009
DQN,deceptive_grid,2,315,49993,32.24,3,1,0.4346,0.4436
DQN,deceptive_grid,2,316,50008,61.28,15,1,0.4344,0.6486
DQN,deceptive_grid,2,317,50208,-5.28,200,0,0.4322,0.561284
DQN,deceptive_grid,2,318,50230,94.68,22,1,0.4319,0.66066
DQN,deceptive_grid,2,319,50430,-93.52,200,0,0.4297,0.538135
DQN,deceptive_grid,2,320,50465,42.32,35,1,0.4293,0.447113
DQN,deceptive_grid,2,321,50665,26.32,200,0,0.427,0.573351
DQN,deceptive_grid,2,322,50675,68.28,10,1,0.4269,0.578287
DQN,deceptive_grid,2,323,50875,-108.88,200,0,0.4246,0.519518
DQN,deceptive_grid,2,324,51075,30.64,200,0,0.4224,0.587935
DQN,deceptive_grid,2,325,51275,-99.52,200,0,0.4201,0.526644
DQN,deceptive_grid,2,326,51475,62.08,200,0,0.4178,0.498185
DQN,deceptive_grid,2,327,51487,33.24,12,1,0.4177,0.50504
DQN,deceptive_grid,2,328,51687,-63.52,200,0,0.4154,0.541102
DQN,deceptive_grid,2,329,51887,24.16,200,0,0.4132,0.545628
DQN,deceptive_grid,2,330,51946,94.32,59,1,0.4125,0.480432
DQN,deceptive_grid,2,331,52146,51.12,200,0,0.4103,0.508249
DQN,deceptive_grid,2,332,52158,49.4,12,1,0.4101,0.651168
DQN,deceptive_grid,2,333,52165,28.72,7,1,0.41,0.550057
DQN,deceptive_grid,2,334,52365,-164.4,200,0,0.4078,0.534337
DQN,deceptive_grid,2,335,52565,9.04,200,0,0.4055,0.527915
DQN,deceptive_grid,2,336,52587,59.32,22,1,0.4053,0.48202
DQN,deceptive_grid,2,337,52787,-5.68,200,0,0.403,0.497486
DQN,deceptive_grid,2,338,52794,29.04,7,1,0.4029,0.331986
DQN,deceptive_grid,2,339,52821,36.8,27,1,0.4026,0.512132
DQN,deceptive_grid,2,340,53021,-5.84,200,0,0.4004,0.475564
DQN,deceptive_grid,2,341,53221,14.88,200,0,0.3981,0.459186
DQN,deceptive_grid,2,342,53421,-35.2,200,0,0.3958,0.444951
DQN,deceptive_grid,2,343,53455,72.28,34,1,0.3954,0.480179
DQN,deceptive_grid,2,344,53655,7.2,200,0,0.3932,0.448958
DQN,deceptive_grid,2,345,53855,-11.04,200,0,0.3909,0.480373
DQN,deceptive_grid,2,346,54055,62.48,200,0,0.3887,0.497438
DQN,deceptive_grid,2,347,54073,46.04,18,1,0.3885,0.427275
DQN,deceptive_grid,2,348,54273,-69.04,200,0,0.3862,0.469958
DQN,deceptive_grid,2,349,54473,64.32,200,0,0.3839,0.433569
DQN,deceptive_grid,2,350,54490,72.88,17,1,0.3837,0.422959
DQN,deceptive_grid,2,351,54690,90.8,200,0,0.3815,0.440729
DQN,deceptive_grid,2,352,54890,12.0,200,0,0.3792,0.421159
DQN,deceptive_grid,2,353,55090,106.56,200,0,0.377,0.526117
DQN,deceptive_grid,2,354,55148,89.64,58,1,0.3763,0.39504
DQN,deceptive_grid,2,355,55169,75.12,21,1,0.3761,0.401028
DQN,deceptive_grid,2,356,55186,87.6,17,1,0.3759,0.56617
DQN,deceptive_grid,2,357,55386,2.4,200,0,0.3736,0.405474
DQN,deceptive_grid,2,358,55586,-184.0,200,0,0.3713,0.483618
DQN,deceptive_grid,2,359,55631,69.04,45,1,0.3708,0.445063
DQN,deceptive_grid,2,360,55649,11.8,18,1,0.3706,0.416549
DQN,deceptive_grid,2,361,55690,119.52,41,1,0.3702,0.439518
DQN,deceptive_grid,2,362,55714,57.88,24,1,0.3699,0.435653
DQN,deceptive_grid,2,363,55914,8.16,200,0,0.3676,0.416585
DQN,deceptive_grid,2,364,55945,79.76,31,1,0.3673,0.435126
DQN,deceptive_grid,2,365,55995,7.08,50,1,0.3667,0.468417
DQN,deceptive_grid,2,366,56131,102.2,136,1,0.3652,0.410507
DQN,deceptive_grid,2,367,56331,16.0,200,0,0.3629,0.400996
DQN,deceptive_grid,2,368,56531,51.36,200,0,0.3607,0.454712
DQN,deceptive_grid,2,369,56731,56.08,200,0,0.3584,0.446021
DQN,deceptive_grid,2,370,56931,47.92,200,0,0.3561,0.434332
DQN,deceptive_grid,2,371,56946,38.32,15,1,0.356,0.443389
DQN,deceptive_grid,2,372,56956,67.48,10,1,0.3559,0.406522
DQN,deceptive_grid,2,373,57156,4.16,200,0,0.3536,0.428132
DQN,deceptive_grid,2,374,57189,27.12,33,1,0.3532,0.423498
DQN,deceptive_grid,2,375,57222,29.12,33,1,0.3528,0.514553
DQN,deceptive_grid,2,376,57368,58.04,146,1,0.3512,0.403406
DQN,deceptive_grid,2,377,57463,21.12,95,1,0.3501,0.365663
DQN,deceptive_grid,2,378,57470,16.64,7,1,0.35,0.273605
DQN,deceptive_grid,2,379,57597,-27.68,127,1,0.3486,0.416421
DQN,deceptive_grid,2,380,57625,72.28,28,1,0.3483,0.363691
DQN,deceptive_grid,2,381,57690,23.76,65,1,0.3476,0.350164
DQN,deceptive_grid,2,382,57713,15.28,23,1,0.3473,0.416095
DQN,deceptive_grid,2,383,57721,52.44,8,1,0.3472,0.448067
DQN,deceptive_grid,2,384,57921,-51.68,200,0,0.3449,0.388676
DQN,deceptive_grid,2,385,58121,-87.12,200,0,0.3427,0.450697
DQN,deceptive_grid,2,386,58137,47.16,16,1,0.3425,0.401051
DQN,deceptive_grid,2,387,58271,95.56,134,1,0.341,0.390737
DQN,deceptive_grid,2,388,58471,15.12,200,0,0.3387,0.378712
DQN,deceptive_grid,2,389,58671,-98.4,200,0,0.3365,0.390643
DQN,deceptive_grid,2,390,58871,87.92,200,0,0.3342,0.411684
DQN,deceptive_grid,2,391,59071,152.56,200,0,0.3319,0.421681
DQN,deceptive_grid,2,392,59188,-35.6,117,1,0.3306,0.400876
DQN,deceptive_grid,2,393,59222,36.92,34,1,0.3302,0.414608
DQN,deceptive_grid,2,394,59381,157.68,159,1,0.3284,0.393999
DQN,deceptive_grid,2,395,59570,-67.28,189,1,0.3263,0.403753
DQN,deceptive_grid,2,396,59770,-160.64,200,0,0.324,0.370275
DQN,deceptive_grid,2,397,59970,-88.32,200,0,0.3218,0.375772
DQN,deceptive_grid,2,398,60170,-28.96,200,0,0.3195,0.387311
DQN,deceptive_grid,2,399,60370,-25.2,200,0,0.3172,0.379376
DQN,deceptive_grid,2,400,60516,18.04,146,1,0.3156,0.355462
DQN,deceptive_grid,2,401,60716,57.04,200,0,0.3133,0.395063
DQN,deceptive_grid,2,402,60733,58.88,17,1,0.3131,0.422851
DQN,deceptive_grid,2,403,60753,49.08,20,1,0.3129,0.336919
DQN,deceptive_grid,2,404,60886,149.52,133,1,0.3114,0.373197
DQN,deceptive_grid,2,405,60902,79.96,16,1,0.3112,0.296753
DQN,deceptive_grid,2,406,60932,108.92,30,1,0.3109,0.38209
DQN,deceptive_grid,2,407,61056,28.12,124,1,0.3095,0.379434
DQN,deceptive_grid,2,408,61256,-36.64,200,0,0.3072,0.323925
DQN,deceptive_grid,2,409,61328,-13.4,72,1,0.3064,0.343732
DQN,deceptive_grid,2,410,61426,95.0,98,1,0.3053,0.339601
DQN,deceptive_grid,2,411,61465,145.52,39,1,0.3049,0.416165
DQN,deceptive_grid,2,412,61665,-82.32,200,0,0.3026,0.376879
DQN,deceptive_grid,2,413,61781,44.28,116,1,0.3013,0.352594
DQN,deceptive_grid,2,414,61981,-17.12,200,0,0.299,0.336234
DQN,deceptive_grid,2,415,62181,-112.08,200,0,0.2968,0.354094
DQN,deceptive_grid,2,416,62240,-18.56,59,1,0.2961,0.344119
DQN,deceptive_grid,2,417,62306,27.0,66,1,0.2953,0.412066
DQN,deceptive_grid,2,418,62360,45.8,54,1,0.2947,0.307497
DQN,deceptive_grid,2,419,62543,-88.24,183,1,0.2927,0.354291
DQN,deceptive_grid,2,420,62577,104.84,34,1,0.2923,0.320757
DQN,deceptive_grid,2,421,62698,79.36,121,1,0.2909,0.352145
DQN,deceptive_grid,2,422,62726,10.04,28,1,0.2906,0.393414
DQN,deceptive_grid,2,423,62827,126.56,101,1,0.2895,0.343106
DQN,deceptive_grid,2,424,62874,107.12,47,1,0.2889,0.346368
DQN,deceptive_grid,2,425,63074,-8.56,200,0,0.2867,0.361402
DQN,deceptive_grid,2,426,63176,23.64,102,1,0.2855,0.360111
DQN,deceptive_grid,2,427,63376,-142.56,200,0,0.2832,0.314845
DQN,deceptive_grid,2,428,63424,48.2,48,1,0.2827,0.301273
DQN,deceptive_grid,2,429,63624,-142.48,200,0,0.2804,0.333523
DQN,deceptive_grid,2,430,63712,43.16,88,1,0.2794,0.336361
DQN,deceptive_grid,2,431,63757,112.24,45,1,0.2789,0.321725
DQN,deceptive_grid,2,432,63957,-38.32,200,0,0.2767,0.314555
DQN,deceptive_grid,2,433,64020,100.88,63,1,0.276,0.36502
DQN,deceptive_grid,2,434,64220,-105.28,200,0,0.2737,0.342271
DQN,deceptive_grid,2,435,64280,113.8,60,1,0.273,0.359879
DQN,deceptive_grid,2,436,64480,-77.68,200,0,0.2708,0.340427
DQN,deceptive_grid,2,437,64680,-17.76,200,0,0.2685,0.334555
DQN,deceptive_grid,2,438,64712,147.96,32,1,0.2681,0.387442
DQN,deceptive_grid,2,439,64912,-54.8,200,0,0.2659,0.315414
DQN,deceptive_grid,2,440,64935,109.52,23,1,0.2656,0.402023
DQN,deceptive_grid,2,441,65135,-101.28,200,0,0.2634,0.344577
DQN,deceptive_grid,2,442,65335,-83.44,200,0,0.2611,0.311313
DQN,deceptive_grid,2,443,65535,-18.4,200,0,0.2588,0.331111
DQN,deceptive_grid,2,444,65735,-142.4,200,0,0.2566,0.300206
DQN,deceptive_grid,2,445,65935,-123.04,200,0,0.2543,0.282282
DQN,deceptive_grid,2,446,66135,-112.0,200,0,0.252,0.319575
DQN,deceptive_grid,2,447,66335,-175.52,200,0,0.2498,0.320631
DQN,deceptive_grid,2,448,66535,-138.88,200,0,0.2475,0.312913
DQN,deceptive_grid,2,449,66735,-60.8,200,0,0.2453,0.297579
DQN,deceptive_grid,2,450,66935,-76.4,200,0,0.243,0.296832
DQN,deceptive_grid,2,451,67135,-56.48,200,0,0.2407,0.291411
DQN,deceptive_grid,2,452,67335,25.28,200,0,0.2385,0.312822
DQN,deceptive_grid,2,453,67535,-59.04,200,0,0.2362,0.29509
DQN,deceptive_grid,2,454,67735,-99.44,200,0,0.2339,0.29971
DQN,deceptive_grid,2,455,67935,-73.68,200,0,0.2317,0.305888
DQN,deceptive_grid,2,456,68135,-71.6,200,0,0.2294,0.264878
DQN,deceptive_grid,2,457,68335,23.12,200,0,0.2272,0.28843
DQN,deceptive_grid,2,458,68535,-14.96,200,0,0.2249,0.244767
DQN,deceptive_grid,2,459,68735,71.52,200,0,0.2226,0.254586
DQN,deceptive_grid,2,460,68935,98.0,200,0,0.2204,0.241024
DQN,deceptive_grid,2,461,69135,49.6,200,0,0.2181,0.24658
DQN,deceptive_grid,2,462,69335,-33.12,200,0,0.2159,0.233952
DQN,deceptive_grid,2,463,69535,-86.88,200,0,0.2136,0.257465
DQN,deceptive_grid,2,464,69735,11.28,200,0,0.2113,0.228256
DQN,deceptive_grid,2,465,69935,-103.6,200,0,0.2091,0.23238
DQN,deceptive_grid,2,466,70135,25.92,200,0,0.2068,0.234428
DQN,deceptive_grid,2,467,70335,52.8,200,0,0.2045,0.214544
DQN,deceptive_grid,2,468,70535,25.76,200,0,0.2023,0.23922
DQN,deceptive_grid,2,469,70735,-4.16,200,0,0.2,0.221166
DQN,deceptive_grid,2,470,70935,11.28,200,0,0.1978,0.193171
DQN,deceptive_grid,2,471,71135,-113.6,200,0,0.1955,0.237229
DQN,deceptive_grid,2,472,71335,-49.12,200,0,0.1932,0.228831
DQN,deceptive_grid,2,473,71535,-48.72,200,0,0.191,0.217092
DQN,deceptive_grid,2,474,71735,-25.36,200,0,0.1887,0.211884
DQN,deceptive_grid,2,475,71935,28.48,200,0,0.1864,0.208488
DQN,deceptive_grid,2,476,72135,31.04,200,0,0.1842,0.203371
DQN,deceptive_grid,2,477,72335,-32.16,200,0,0.1819,0.206593
DQN,deceptive_grid,2,478,72535,-56.0,200,0,0.1797,0.21371
DQN,deceptive_grid,2,479,72735,-104.48,200,0,0.1774,0.19676
DQN,deceptive_grid,2,480,72935,-79.12,200,0,0.1751,0.18518
DQN,deceptive_grid,2,481,73135,-100.08,200,0,0.1729,0.21118
DQN,deceptive_grid,2,482,73335,-103.76,200,0,0.1706,0.192549
DQN,deceptive_grid,2,483,73535,-165.6,200,0,0.1684,0.20812
DQN,deceptive_grid,2,484,73735,-70.24,200,0,0.1661,0.201927
DQN,deceptive_grid,2,485,73935,42.4,200,0,0.1638,0.195048
DQN,deceptive_grid,2,486,74135,32.64,200,0,0.1616,0.214916
DQN,deceptive_grid,2,487,74335,-106.32,200,0,0.1593,0.203422
DQN,deceptive_grid,2,488,74535,43.52,200,0,0.157,0.179555
DQN,deceptive_grid,2,489,74735,39.68,200,0,0.1548,0.203828
DQN,deceptive_grid,2,490,74935,25.76,200,0,0.1525,0.18129
DQN,deceptive_grid,2,491,75135,96.96,200,0,0.1503,0.213491
DQN,deceptive_grid,2,492,75335,-81.36,200,0,0.148,0.188888
DQN,deceptive_grid,2,493,75535,-187.28,200,0,0.1457,0.194203
DQN,deceptive_grid,2,494,75735,6.56,200,0,0.1435,0.198359
DQN,deceptive_grid,2,495,75935,-40.8,200,0,0.1412,0.177026
DQN,deceptive_grid,2,496,76135,72.32,200,0,0.1389,0.220598
DQN,deceptive_grid,2,497,76335,-133.92,200,0,0.1367,0.185195
DQN,deceptive_grid,2,498,76535,-5.6,200,0,0.1344,0.181743
DQN,deceptive_grid,2,499,76735,-48.48,200,0,0.1322,0.183806
DQN,deceptive_grid,2,500,76935,53.6,200,0,0.1299,0.166397
DQN,deceptive_grid,2,501,77135,-173.36,200,0,0.1276,0.189511
DQN,deceptive_grid,2,502,77335,3.28,200,0,0.1254,0.15078
DQN,deceptive_grid,2,503,77535,-140.0,200,0,0.1231,0.169494
DQN,deceptive_grid,2,504,77735,-5.52,200,0,0.1209,0.153395
DQN,deceptive_grid,2,505,77935,-115.28,200,0,0.1186,0.149489
DQN,deceptive_grid,2,506,78135,-78.08,200,0,0.1163,0.154388
DQN,deceptive_grid,2,507,78335,90.56,200,0,0.1141,0.14862
DQN,deceptive_grid,2,508,78535,-21.44,200,0,0.1118,0.160922
DQN,deceptive_grid,2,509,78735,-111.44,200,0,0.1095,0.163407
DQN,deceptive_grid,2,510,78935,-14.16,200,0,0.1073,0.147011
DQN,deceptive_grid,2,511,79118,43.12,183,1,0.1052,0.171272
DQN,deceptive_grid,2,512,79318,76.96,200,0,0.103,0.143959
DQN,deceptive_grid,2,513,79518,50.64,200,0,0.1007,0.166859
DQN,deceptive_grid,2,514,79718,-36.48,200,0,0.0984,0.145954
DQN,deceptive_grid,2,515,79918,76.96,200,0,0.0962,0.145268
DQN,deceptive_grid,2,516,80118,-96.48,200,0,0.0939,0.166613
DQN,deceptive_grid,2,517,80318,5.28,200,0,0.0916,0.151103
DQN,deceptive_grid,2,518,80518,87.36,200,0,0.0894,0.154496
DQN,deceptive_grid,2,519,80523,46.8,5,1,0.0893,0.121552
DQN,deceptive_grid,2,520,80723,72.72,200,0,0.0871,0.149517
DQN,deceptive_grid,2,521,80923,57.44,200,0,0.0848,0.145653
DQN,deceptive_grid,2,522,81123,-51.68,200,0,0.0825,0.16452
DQN,deceptive_grid,2,523,81323,-83.2,200,0,0.0803,0.14924
DQN,deceptive_grid,2,524,81345,146.68,22,1,0.08,0.156689
DQN,deceptive_grid,2,525,81350,46.8,5,1,0.08,0.11056
DQN,deceptive_grid,2,526,81360,67.96,10,1,0.0799,0.151309
DQN,deceptive_grid,2,527,81560,-154.48,200,0,0.0776,0.151622
DQN,deceptive_grid,2,528,81760,15.36,200,0,0.0753,0.144104
DQN,deceptive_grid,2,529,81960,-67.04,200,0,0.0731,0.144943
DQN,deceptive_grid,2,530,82160,4.16,200,0,0.0708,0.159651
DQN,deceptive_grid,2,531,82360,-74.72,200,0,0.0685,0.147236
DQN,deceptive_grid,2,532,82560,64.48,200,0,0.0663,0.154147
DQN,deceptive_grid,2,533,82566,54.2,6,1,0.0662,0.132877
DQN,deceptive_grid,2,534,82586,43.32,20,1,0.066,0.13967
DQN,deceptive_grid,2,535,82621,87.44,35,1,0.0656,0.153273
DQN,deceptive_grid,2,536,82821,-44.4,200,0,0.0633,0.150193
DQN,deceptive_grid,2,537,83021,-102.96,200,0,0.0611,0.159307
DQN,deceptive_grid,2,538,83221,-130.24,200,0,0.0588,0.144819
DQN,deceptive_grid,2,539,83421,-65.6,200,0,0.0565,0.155465
DQN,deceptive_grid,2,540,83531,108.76,110,1,0.0553,0.170818
DQN,deceptive_grid,2,541,83731,-3.36,200,0,0.053,0.151038
DQN,deceptive_grid,2,542,83931,-16.32,200,0,0.0508,0.139553
DQN,deceptive_grid,2,543,84131,-88.4,200,0,0.05,0.1767
DQN,deceptive_grid,2,544,84331,-35.68,200,0,0.05,0.136101
DQN,deceptive_grid,2,545,84531,-19.2,200,0,0.05,0.146428
DQN,deceptive_grid,2,546,84538,45.68,7,1,0.05,0.148544
DQN,deceptive_grid,2,547,84593,93.36,55,1,0.05,0.210469
DQN,deceptive_grid,2,548,84599,54.2,6,1,0.05,0.169669
DQN,deceptive_grid,2,549,84615,97.08,16,1,0.05,0.154386
DQN,deceptive_grid,2,550,84663,119.96,48,1,0.05,0.136757
DQN,deceptive_grid,2,551,84707,101.08,44,1,0.05,0.143333
DQN,deceptive_grid,2,552,84710,32.24,3,1,0.05,0.110688
DQN,deceptive_grid,2,553,84747,155.28,37,1,0.05,0.151373
DQN,deceptive_grid,2,554,84839,140.76,92,1,0.05,0.155856
DQN,deceptive_grid,2,555,84871,102.36,32,1,0.05,0.165191
DQN,deceptive_grid,2,556,84978,86.16,107,1,0.05,0.142205
DQN,deceptive_grid,2,557,85178,1.12,200,0,0.05,0.1413
DQN,deceptive_grid,2,558,85378,-18.88,200,0,0.05,0.127262
DQN,deceptive_grid,2,559,85578,-39.52,200,0,0.05,0.122973
DQN,deceptive_grid,2,560,85778,-88.16,200,0,0.05,0.131889
DQN,deceptive_grid,2,561,85978,-103.84,200,0,0.05,0.119045
DQN,deceptive_grid,2,562,86178,-28.72,200,0,0.05,0.140263
DQN,deceptive_grid,2,563,86193,107.12,15,1,0.05,0.123108
DQN,deceptive_grid,2,564,86201,69.24,8,1,0.05,0.120385
DQN,deceptive_grid,2,565,86377,132.76,176,1,0.05,0.110261
DQN,deceptive_grid,2,566,86395,131.32,18,1,0.05,0.133567
DQN,deceptive_grid,2,567,86401,21.88,6,1,0.05,0.097341
DQN,deceptive_grid,2,568,86412,92.4,11,1,0.05,0.1189
DQN,deceptive_grid,2,569,86420,53.24,8,1,0.05,0.118836
DQN,deceptive_grid,2,570,86548,159.8,128,1,0.05,0.142022
DQN,deceptive_grid,2,571,86748,44.32,200,0,0.05,0.133269
DQN,deceptive_grid,2,572,86948,44.4,200,0,0.05,0.136325
DQN,deceptive_grid,2,573,87148,56.08,200,0,0.05,0.125729
DQN,deceptive_grid,2,574,87348,-107.84,200,0,0.05,0.120894
DQN,deceptive_grid,2,575,87374,80.68,26,1,0.05,0.145547
DQN,deceptive_grid,2,576,87574,-141.44,200,0,0.05,0.135046
DQN,deceptive_grid,2,577,87774,-27.36,200,0,0.05,0.12865
DQN,deceptive_grid,2,578,87844,124.92,70,1,0.05,0.122833
DQN,deceptive_grid,2,579,88044,-80.0,200,0,0.05,0.142907
DQN,deceptive_grid,2,580,88244,58.56,200,0,0.05,0.131791
DQN,deceptive_grid,2,581,88390,178.36,146,1,0.05,0.142068
DQN,deceptive_grid,2,582,88523,162.8,133,1,0.05,0.127404
DQN,deceptive_grid,2,583,88537,81.08,14,1,0.05,0.112507
DQN,deceptive_grid,2,584,88554,106.48,17,1,0.05,0.131062
DQN,deceptive_grid,2,585,88575,120.72,21,1,0.05,0.179362
DQN,deceptive_grid,2,586,88594,70.16,19,1,0.05,0.124552
DQN,deceptive_grid,2,587,88608,99.32,14,1,0.05,0.134991
DQN,deceptive_grid,2,588,88808,-0.16,200,0,0.05,0.126895
DQN,deceptive_grid,2,589,88826,114.04,18,1,0.05,0.141261
DQN,deceptive_grid,2,590,88845,104.08,19,1,0.05,0.135641
DQN,deceptive_grid,2,591,88854,76.88,9,1,0.05,0.13262
DQN,deceptive_grid,2,592,88877,156.72,23,1,0.05,0.123344
DQN,deceptive_grid,2,593,89077,-28.56,200,0,0.05,0.12681
DQN,deceptive_grid,2,594,89109,149.24,32,1,0.05,0.123055
DQN,deceptive_grid,2,595,89137,104.84,28,1,0.05,0.133601
DQN,deceptive_grid,2,596,89161,163.96,24,1,0.05,0.144996
DQN,deceptive_grid,2,597,89215,35.16,54,1,0.05,0.110064
DQN,deceptive_grid,2,598,89233,48.44,18,1,0.05,0.125664
DQN,deceptive_grid,2,599,89345,13.4,112,1,0.05,0.120989
DQN,deceptive_grid,2,600,89355,67.96,10,1,0.05,0.134574
