algo,grid,seed,episode,global_step,episode_return,episode_length,success,epsilon,mean_loss
DQN,large_grid,0,1,200,-584.0,200,0,0.9983,
DQN,large_grid,0,2,400,-580.0,200,0,0.9966,
DQN,large_grid,0,3,600,-600.0,200,0,0.9949,
DQN,large_grid,0,4,800,-568.0,200,0,0.9932,
DQN,large_grid,0,5,1000,-624.0,200,0,0.9915,2.310183
DQN,large_grid,0,6,1200,-592.0,200,0,0.9898,1.309866
DQN,large_grid,0,7,1400,-416.0,200,0,0.9881,0.725411
DQN,large_grid,0,8,1600,-616.0,200,0,0.9864,0.675383
DQN,large_grid,0,9,1800,-548.0,200,0,0.9847,0.645257
DQN,large_grid,0,10,2000,-620.0,200,0,0.983,0.551536
DQN,large_grid,0,11,2200,-612.0,200,0,0.9813,0.470536
DQN,large_grid,0,12,2399,-484.0,199,1,0.9797,0.354853
DQN,large_grid,0,13,2599,-592.0,200,0,0.978,0.289452
DQN,large_grid,0,14,2799,-600.0,200,0,0.9763,0.204547
DQN,large_grid,0,15,2999,-564.0,200,0,0.9746,0.157031
DQN,large_grid,0,16,3199,-572.0,200,0,0.9729,0.151628
DQN,large_grid,0,17,3399,-628.0,200,0,0.9712,0.115938
DQN,large_grid,0,18,3599,-568.0,200,0,0.9695,0.105594
DQN,large_grid,0,19,3799,-572.0,200,0,0.9678,0.077373
DQN,large_grid,0,20,3999,-576.0,200,0,0.9661,0.072689
DQN,large_grid,0,21,4199,-456.0,200,0,0.9644,0.073806
DQN,large_grid,0,22,4399,-560.0,200,0,0.9627,0.054617
DQN,large_grid,0,23,4599,-572.0,200,0,0.961,0.054753
DQN,large_grid,0,24,4799,-600.0,200,0,0.9593,0.040411
DQN,large_grid,0,25,4954,-360.0,155,1,0.958,0.037752
DQN,large_grid,0,26,5154,-548.0,200,0,0.9563,0.054521
DQN,large_grid,0,27,5354,-556.0,200,0,0.9546,0.042998
DQN,large_grid,0,28,5554,-488.0,200,0,0.9529,0.046585
DQN,large_grid,0,29,5754,-612.0,200,0,0.9512,0.034884
DQN,large_grid,0,30,5852,-279.0,98,1,0.9504,0.023556
DQN,large_grid,0,31,6052,-532.0,200,0,0.9487,0.050581
DQN,large_grid,0,32,6252,-424.0,200,0,0.947,0.036931
DQN,large_grid,0,33,6452,-472.0,200,0,0.9453,0.030161
DQN,large_grid,0,34,6627,-476.0,175,1,0.9438,0.042212
DQN,large_grid,0,35,6827,-612.0,200,0,0.9421,0.030898
DQN,large_grid,0,36,7027,-540.0,200,0,0.9404,0.035681
DQN,large_grid,0,37,7227,-440.0,200,0,0.9387,0.019821
DQN,large_grid,0,38,7427,-492.0,200,0,0.937,0.029551
DQN,large_grid,0,39,7627,-576.0,200,0,0.9353,0.039516
DQN,large_grid,0,40,7827,-524.0,200,0,0.9336,0.022911
DQN,large_grid,0,41,8027,-532.0,200,0,0.9319,0.038292
DQN,large_grid,0,42,8227,-544.0,200,0,0.9302,0.017042
DQN,large_grid,0,43,8427,-604.0,200,0,0.9285,0.014335
DQN,large_grid,0,44,8627,-396.0,200,0,0.9268,0.026886
DQN,large_grid,0,45,8827,-568.0,200,0,0.9251,0.032558
DQN,large_grid,0,46,9027,-532.0,200,0,0.9234,0.03384
DQN,large_grid,0,47,9227,-540.0,200,0,0.9217,0.01794
DQN,large_grid,0,48,9427,-620.0,200,0,0.92,0.022803
DQN,large_grid,0,49,9627,-568.0,200,0,0.9183,0.030563
DQN,large_grid,0,50,9631,7.0,4,1,0.9183,0.116204
DQN,large_grid,0,51,9768,-270.0,137,1,0.9171,0.012108
DQN,large_grid,0,52,9798,-63.0,30,1,0.9169,0.005448
DQN,large_grid,0,53,9998,-624.0,200,0,0.9152,0.023016
DQN,large_grid,0,54,10198,-564.0,200,0,0.9135,0.039272
DQN,large_grid,0,55,10398,-600.0,200,0,0.9118,0.023027
DQN,large_grid,0,56,10598,-592.0,200,0,0.9101,0.047859
DQN,large_grid,0,57,10668,-191.0,70,1,0.9095,0.018941
DQN,large_grid,0,58,10799,-344.0,131,1,0.9084,0.022924
DQN,large_grid,0,59,10999,-580.0,200,0,0.9067,0.023262
DQN,large_grid,0,60,11199,-616.0,200,0,0.905,0.041367
DQN,large_grid,0,61,11399,-552.0,200,0,0.9033,0.030647
DQN,large_grid,0,62,11521,-299.0,122,1,0.9023,0.041756
DQN,large_grid,0,63,11721,-392.0,200,0,0.9006,0.044329
DQN,large_grid,0,64,11823,-227.0,102,1,0.8997,0.028157
DQN,large_grid,0,65,12023,-528.0,200,0,0.898,0.033421
DQN,large_grid,0,66,12223,-480.0,200,0,0.8963,0.039557
DQN,large_grid,0,67,12423,-528.0,200,0,0.8946,0.036798
DQN,large_grid,0,68,12548,-270.0,125,1,0.8936,0.052492
DQN,large_grid,0,69,12740,-457.0,192,1,0.8919,0.038807
DQN,large_grid,0,70,12816,-217.0,76,1,0.8913,0.030035
DQN,large_grid,0,71,13016,-548.0,200,0,0.8896,0.051922
DQN,large_grid,0,72,13216,-592.0,200,0,0.8879,0.039137
DQN,large_grid,0,73,13416,-516.0,200,0,0.8862,0.037316
DQN,large_grid,0,74,13616,-524.0,200,0,0.8845,0.04892
DQN,large_grid,0,75,13816,-560.0,200,0,0.8828,0.03509
DQN,large_grid,0,76,14003,-404.0,187,1,0.8812,0.037559
DQN,large_grid,0,77,14203,-388.0,200,0,0.8795,0.063593
DQN,large_grid,0,78,14293,-207.0,90,1,0.8788,0.057404
DQN,large_grid,0,79,14493,-536.0,200,0,0.8771,0.035621
DQN,large_grid,0,80,14693,-536.0,200,0,0.8754,0.053518
DQN,large_grid,0,81,14893,-528.0,200,0,0.8737,0.042181
DQN,large_grid,0,82,15093,-520.0,200,0,0.872,0.05944
DQN,large_grid,0,83,15293,-484.0,200,0,0.8703,0.03986
DQN,large_grid,0,84,15340,-104.0,47,1,0.8699,0.027131
DQN,large_grid,0,85,15540,-512.0,200,0,0.8682,0.053496
DQN,large_grid,0,86,15740,-540.0,200,0,0.8665,0.052922
DQN,large_grid,0,87,15940,-516.0,200,0,0.8648,0.045681
DQN,large_grid,0,88,16140,-508.0,200,0,0.8631,0.05299
DQN,large_grid,0,89,16340,-508.0,200,0,0.8614,0.029113
DQN,large_grid,0,90,16540,-440.0,200,0,0.8597,0.027167
DQN,large_grid,0,91,16593,-102.0,53,1,0.8593,0.0508
DQN,large_grid,0,92,16793,-524.0,200,0,0.8576,0.041314
DQN,large_grid,0,93,16993,-448.0,200,0,0.8559,0.041721
DQN,large_grid,0,94,17193,-556.0,200,0,0.8542,0.055985
DQN,large_grid,0,95,17393,-520.0,200,0,0.8525,0.038855
DQN,large_grid,0,96,17593,-512.0,200,0,0.8508,0.03824
DQN,large_grid,0,97,17793,-380.0,200,0,0.8491,0.039828
DQN,large_grid,0,98,17993,-412.0,200,0,0.8474,0.045663
DQN,large_grid,0,99,18018,-38.0,25,1,0.8472,0.135439
DQN,large_grid,0,100,18218,-524.0,200,0,0.8455,0.04261
DQN,large_grid,0,101,18418,-532.0,200,0,0.8438,0.046827
DQN,large_grid,0,102,18453,-44.0,35,1,0.8435,0.127194
DQN,large_grid,0,103,18653,-616.0,200,0,0.8418,0.042082
DQN,large_grid,0,104,18853,-556.0,200,0,0.8401,0.046919
DQN,large_grid,0,105,18861,3.0,8,1,0.84,0.004134
DQN,large_grid,0,106,19061,-492.0,200,0,0.8383,0.065433
DQN,large_grid,0,107,19261,-432.0,200,0,0.8366,0.058391
DQN,large_grid,0,108,19461,-396.0,200,0,0.8349,0.057038
DQN,large_grid,0,109,19661,-520.0,200,0,0.8332,0.058512
DQN,large_grid,0,110,19861,-380.0,200,0,0.8315,0.041433
DQN,large_grid,0,111,19871,-3.0,10,1,0.8315,0.065517
DQN,large_grid,0,112,20071,-400.0,200,0,0.8298,0.067635
DQN,large_grid,0,113,20271,-480.0,200,0,0.8281,0.04605
DQN,large_grid,0,114,20471,-496.0,200,0,0.8264,0.042726
DQN,large_grid,0,115,20630,-356.0,159,1,0.825,0.059991
DQN,large_grid,0,116,20830,-444.0,200,0,0.8233,0.039676
DQN,large_grid,0,117,21029,-468.0,199,1,0.8216,0.076833
DQN,large_grid,0,118,21229,-360.0,200,0,0.8199,0.051081
DQN,large_grid,0,119,21429,-492.0,200,0,0.8182,0.064128
DQN,large_grid,0,120,21629,-376.0,200,0,0.8165,0.055606
DQN,large_grid,0,121,21631,5.0,2,1,0.8165,0.002423
DQN,large_grid,0,122,21831,-432.0,200,0,0.8148,0.051281
DQN,large_grid,0,123,22031,-456.0,200,0,0.8131,0.087954
DQN,large_grid,0,124,22231,-484.0,200,0,0.8114,0.071331
DQN,large_grid,0,125,22428,-430.0,197,1,0.8098,0.053022
DQN,large_grid,0,126,22628,-412.0,200,0,0.8081,0.060793
DQN,large_grid,0,127,22633,6.0,5,1,0.808,0.002461
DQN,large_grid,0,128,22833,-524.0,200,0,0.8063,0.038043
DQN,large_grid,0,129,23033,-536.0,200,0,0.8046,0.0451
DQN,large_grid,0,130,23233,-324.0,200,0,0.8029,0.079211
DQN,large_grid,0,131,23363,-335.0,130,1,0.8018,0.053165
DQN,large_grid,0,132,23563,-464.0,200,0,0.8001,0.064797
DQN,large_grid,0,133,23651,-173.0,88,1,0.7994,0.071025
DQN,large_grid,0,134,23851,-492.0,200,0,0.7977,0.060674
DQN,large_grid,0,135,24051,-424.0,200,0,0.796,0.056833
DQN,large_grid,0,136,24251,-564.0,200,0,0.7943,0.080631
DQN,large_grid,0,137,24451,-364.0,200,0,0.7926,0.036081
DQN,large_grid,0,138,24651,-532.0,200,0,0.7909,0.061614
DQN,large_grid,0,139,24851,-448.0,200,0,0.7892,0.046994
DQN,large_grid,0,140,25040,-442.0,189,1,0.7876,0.059527
DQN,large_grid,0,141,25240,-416.0,200,0,0.7859,0.055595
DQN,large_grid,0,142,25248,-1.0,8,1,0.7858,0.001908
DQN,large_grid,0,143,25448,-504.0,200,0,0.7841,0.074543
DQN,large_grid,0,144,25648,-480.0,200,0,0.7824,0.073317
DQN,large_grid,0,145,25848,-488.0,200,0,0.7808,0.05635
DQN,large_grid,0,146,26048,-360.0,200,0,0.7791,0.076187
DQN,large_grid,0,147,26248,-404.0,200,0,0.7774,0.062068
DQN,large_grid,0,148,26448,-496.0,200,0,0.7757,0.061112
DQN,large_grid,0,149,26648,-508.0,200,0,0.774,0.087517
DQN,large_grid,0,150,26848,-472.0,200,0,0.7723,0.056724
DQN,large_grid,0,151,27048,-376.0,200,0,0.7706,0.059738
DQN,large_grid,0,152,27248,-348.0,200,0,0.7689,0.05038
DQN,large_grid,0,153,27448,-512.0,200,0,0.7672,0.061788
DQN,large_grid,0,154,27470,-19.0,22,1,0.767,0.114364
DQN,large_grid,0,155,27670,-472.0,200,0,0.7653,0.074066
DQN,large_grid,0,156,27870,-496.0,200,0,0.7636,0.030432
DQN,large_grid,0,157,28070,-504.0,200,0,0.7619,0.045241
DQN,large_grid,0,158,28270,-460.0,200,0,0.7602,0.063564
DQN,large_grid,0,159,28470,-516.0,200,0,0.7585,0.071356
DQN,large_grid,0,160,28670,-444.0,200,0,0.7568,0.079208
DQN,large_grid,0,161,28870,-520.0,200,0,0.7551,0.054946
DQN,large_grid,0,162,29070,-488.0,200,0,0.7534,0.04567
DQN,large_grid,0,163,29270,-360.0,200,0,0.7517,0.05605
DQN,large_grid,0,164,29470,-492.0,200,0,0.75,0.064357
DQN,large_grid,0,165,29670,-424.0,200,0,0.7483,0.07228
DQN,large_grid,0,166,29870,-352.0,200,0,0.7466,0.06979
DQN,large_grid,0,167,30070,-336.0,200,0,0.7449,0.057785
DQN,large_grid,0,168,30094,-45.0,24,1,0.7447,0.00247
DQN,large_grid,0,169,30294,-384.0,200,0,0.743,0.052936
DQN,large_grid,0,170,30494,-480.0,200,0,0.7413,0.048986
DQN,large_grid,0,171,30661,-376.0,167,1,0.7399,0.076085
DQN,large_grid,0,172,30675,-7.0,14,1,0.7398,0.065385
DQN,large_grid,0,173,30875,-488.0,200,0,0.7381,0.061294
DQN,large_grid,0,174,31075,-480.0,200,0,0.7364,0.056532
DQN,large_grid,0,175,31275,-456.0,200,0,0.7347,0.075775
DQN,large_grid,0,176,31372,-194.0,97,1,0.7339,0.12596
DQN,large_grid,0,177,31572,-520.0,200,0,0.7322,0.050871
DQN,large_grid,0,178,31772,-392.0,200,0,0.7305,0.067499
DQN,large_grid,0,179,31972,-324.0,200,0,0.7288,0.076498
DQN,large_grid,0,180,32172,-464.0,200,0,0.7271,0.047461
DQN,large_grid,0,181,32243,-144.0,71,1,0.7265,0.040259
DQN,large_grid,0,182,32443,-496.0,200,0,0.7248,0.046092
DQN,large_grid,0,183,32449,-3.0,6,1,0.7248,0.139365
DQN,large_grid,0,184,32649,-488.0,200,0,0.7231,0.056827
DQN,large_grid,0,185,32708,-108.0,59,1,0.7226,0.093878
DQN,large_grid,0,186,32908,-460.0,200,0,0.7209,0.077945
DQN,large_grid,0,187,33108,-376.0,200,0,0.7192,0.062438
DQN,large_grid,0,188,33308,-424.0,200,0,0.7175,0.082126
DQN,large_grid,0,189,33508,-348.0,200,0,0.7158,0.079803
DQN,large_grid,0,190,33708,-476.0,200,0,0.7141,0.057752
DQN,large_grid,0,191,33808,-205.0,100,1,0.7132,0.055821
DQN,large_grid,0,192,34008,-468.0,200,0,0.7115,0.050826
DQN,large_grid,0,193,34208,-392.0,200,0,0.7098,0.062321
DQN,large_grid,0,194,34408,-264.0,200,0,0.7081,0.062214
DQN,large_grid,0,195,34608,-360.0,200,0,0.7065,0.068575
DQN,large_grid,0,196,34808,-404.0,200,0,0.7048,0.085619
DQN,large_grid,0,197,35008,-352.0,200,0,0.7031,0.071339
DQN,large_grid,0,198,35051,-76.0,43,1,0.7027,0.03888
DQN,large_grid,0,199,35069,-27.0,18,1,0.7025,0.106247
DQN,large_grid,0,200,35203,-315.0,134,1,0.7014,0.087022
DQN,large_grid,0,201,35403,-360.0,200,0,0.6997,0.074187
DQN,large_grid,0,202,35502,-252.0,99,1,0.6989,0.068738
DQN,large_grid,0,203,35702,-384.0,200,0,0.6972,0.081787
DQN,large_grid,0,204,35902,-476.0,200,0,0.6955,0.082962
DQN,large_grid,0,205,35924,-31.0,22,1,0.6953,0.005018
DQN,large_grid,0,206,36124,-440.0,200,0,0.6936,0.073939
DQN,large_grid,0,207,36324,-332.0,200,0,0.6919,0.069467
DQN,large_grid,0,208,36380,-81.0,56,1,0.6914,0.066161
DQN,large_grid,0,209,36580,-424.0,200,0,0.6897,0.085899
DQN,large_grid,0,210,36780,-380.0,200,0,0.688,0.069497
DQN,large_grid,0,211,36980,-332.0,200,0,0.6863,0.079926
DQN,large_grid,0,212,37180,-320.0,200,0,0.6846,0.08176
DQN,large_grid,0,213,37183,8.0,3,1,0.6846,0.006837
DQN,large_grid,0,214,37383,-316.0,200,0,0.6829,0.084858
DQN,large_grid,0,215,37583,-352.0,200,0,0.6812,0.080867
DQN,large_grid,0,216,37783,-524.0,200,0,0.6795,0.113427
DQN,large_grid,0,217,37983,-472.0,200,0,0.6778,0.079732
DQN,large_grid,0,218,38183,-340.0,200,0,0.6761,0.091602
DQN,large_grid,0,219,38365,-427.0,182,1,0.6746,0.102261
DQN,large_grid,0,220,38380,-12.0,15,1,0.6745,0.071563
DQN,large_grid,0,221,38580,-348.0,200,0,0.6728,0.084235
DQN,large_grid,0,222,38634,-87.0,54,1,0.6723,0.059318
DQN,large_grid,0,223,38643,-14.0,9,1,0.6722,0.007473
DQN,large_grid,0,224,38843,-476.0,200,0,0.6705,0.114678
DQN,large_grid,0,225,38896,-90.0,53,1,0.6701,0.025752
DQN,large_grid,0,226,38992,-189.0,96,1,0.6693,0.057094
DQN,large_grid,0,227,39192,-432.0,200,0,0.6676,0.099956
DQN,large_grid,0,228,39392,-448.0,200,0,0.6659,0.114497
DQN,large_grid,0,229,39592,-360.0,200,0,0.6642,0.094222
DQN,large_grid,0,230,39792,-352.0,200,0,0.6625,0.11795
DQN,large_grid,0,231,39992,-336.0,200,0,0.6608,0.104057
DQN,large_grid,0,232,40045,-110.0,53,1,0.6603,0.135732
DQN,large_grid,0,233,40058,-10.0,13,1,0.6602,0.232607
DQN,large_grid,0,234,40109,-88.0,51,1,0.6598,0.056374
DQN,large_grid,0,235,40309,-392.0,200,0,0.6581,0.080481
DQN,large_grid,0,236,40509,-352.0,200,0,0.6564,0.094877
DQN,large_grid,0,237,40709,-380.0,200,0,0.6547,0.148779
DQN,large_grid,0,238,40909,-472.0,200,0,0.653,0.094879
DQN,large_grid,0,239,40913,3.0,4,1,0.653,0.014622
DQN,large_grid,0,240,41113,-320.0,200,0,0.6513,0.107545
DQN,large_grid,0,241,41313,-460.0,200,0,0.6496,0.099042
DQN,large_grid,0,242,41513,-352.0,200,0,0.6479,0.126365
DQN,large_grid,0,243,41713,-336.0,200,0,0.6462,0.09773
DQN,large_grid,0,244,41913,-352.0,200,0,0.6445,0.125012
DQN,large_grid,0,245,42020,-196.0,107,1,0.6436,0.101849
DQN,large_grid,0,246,42220,-440.0,200,0,0.6419,0.138098
DQN,large_grid,0,247,42420,-316.0,200,0,0.6402,0.110041
DQN,large_grid,0,248,42620,-436.0,200,0,0.6385,0.111635
DQN,large_grid,0,249,42820,-440.0,200,0,0.6368,0.09847
DQN,large_grid,0,250,43020,-392.0,200,0,0.6351,0.122795
DQN,large_grid,0,251,43220,-392.0,200,0,0.6334,0.12638
DQN,large_grid,0,252,43420,-348.0,200,0,0.6317,0.159557
DQN,large_grid,0,253,43620,-420.0,200,0,0.63,0.089408
DQN,large_grid,0,254,43642,-35.0,22,1,0.6298,0.0813
DQN,large_grid,0,255,43842,-352.0,200,0,0.6281,0.121565
DQN,large_grid,0,256,44042,-348.0,200,0,0.6264,0.106182
DQN,large_grid,0,257,44242,-372.0,200,0,0.6247,0.134198
DQN,large_grid,0,258,44442,-364.0,200,0,0.623,0.113297
DQN,large_grid,0,259,44452,-3.0,10,1,0.623,0.039739
DQN,large_grid,0,260,44652,-356.0,200,0,0.6213,0.103851
DQN,large_grid,0,261,44852,-448.0,200,0,0.6196,0.101435
DQN,large_grid,0,262,44918,-115.0,66,1,0.619,0.159294
DQN,large_grid,0,263,44959,-50.0,41,1,0.6187,0.111801
DQN,large_grid,0,264,45159,-332.0,200,0,0.617,0.1251
DQN,large_grid,0,265,45359,-484.0,200,0,0.6153,0.119788
DQN,large_grid,0,266,45457,-239.0,98,1,0.6144,0.127768
DQN,large_grid,0,267,45657,-404.0,200,0,0.6127,0.156782
DQN,large_grid,0,268,45857,-460.0,200,0,0.611,0.110685
DQN,large_grid,0,269,45918,-114.0,61,1,0.6105,0.15282
DQN,large_grid,0,270,46118,-352.0,200,0,0.6088,0.145418
DQN,large_grid,0,271,46318,-344.0,200,0,0.6071,0.142941
DQN,large_grid,0,272,46518,-476.0,200,0,0.6054,0.127414
DQN,large_grid,0,273,46537,-16.0,19,1,0.6053,0.093866
DQN,large_grid,0,274,46581,-57.0,44,1,0.6049,0.121423
DQN,large_grid,0,275,46618,-58.0,37,1,0.6046,0.145646
DQN,large_grid,0,276,46619,10.0,1,1,0.6046,0.037314
DQN,large_grid,0,277,46819,-432.0,200,0,0.6029,0.153744
DQN,large_grid,0,278,46966,-312.0,147,1,0.6016,0.1236
DQN,large_grid,0,279,47166,-412.0,200,0,0.5999,0.159239
DQN,large_grid,0,280,47273,-196.0,107,1,0.599,0.148525
DQN,large_grid,0,281,47473,-332.0,200,0,0.5973,0.14457
DQN,large_grid,0,282,47477,7.0,4,1,0.5973,0.252953
DQN,large_grid,0,283,47677,-404.0,200,0,0.5956,0.176542
DQN,large_grid,0,284,47877,-440.0,200,0,0.5939,0.138514
DQN,large_grid,0,285,48077,-396.0,200,0,0.5922,0.170511
DQN,large_grid,0,286,48099,-23.0,22,1,0.592,0.234492
DQN,large_grid,0,287,48299,-376.0,200,0,0.5903,0.197123
DQN,large_grid,0,288,48499,-352.0,200,0,0.5886,0.186457
DQN,large_grid,0,289,48615,-217.0,116,1,0.5876,0.230085
DQN,large_grid,0,290,48815,-344.0,200,0,0.5859,0.182485
DQN,large_grid,0,291,49015,-384.0,200,0,0.5842,0.171826
DQN,large_grid,0,292,49101,-175.0,86,1,0.5835,0.214721
DQN,large_grid,0,293,49190,-198.0,89,1,0.5828,0.171963
DQN,large_grid,0,294,49390,-336.0,200,0,0.5811,0.175065
DQN,large_grid,0,295,49590,-420.0,200,0,0.5794,0.210555
DQN,large_grid,0,296,49636,-75.0,46,1,0.579,0.162889
DQN,large_grid,0,297,49649,-6.0,13,1,0.5789,0.088885
DQN,large_grid,0,298,49720,-148.0,71,1,0.5783,0.164986
DQN,large_grid,0,299,49774,-67.0,54,1,0.5778,0.116088
DQN,large_grid,0,300,49801,-40.0,27,1,0.5776,0.187501
DQN,large_grid,0,301,50001,-376.0,200,0,0.5759,0.190197
DQN,large_grid,0,302,50201,-444.0,200,0,0.5742,0.267189
DQN,large_grid,0,303,50401,-472.0,200,0,0.5725,0.227335
DQN,large_grid,0,304,50496,-148.0,95,1,0.5717,0.190516
DQN,large_grid,0,305,50696,-308.0,200,0,0.57,0.230327
DQN,large_grid,0,306,50896,-316.0,200,0,0.5683,0.233535
DQN,large_grid,0,307,51096,-316.0,200,0,0.5666,0.245622
DQN,large_grid,0,308,51142,-75.0,46,1,0.5662,0.279632
DQN,large_grid,0,309,51342,-320.0,200,0,0.5645,0.246045
DQN,large_grid,0,310,51542,-376.0,200,0,0.5628,0.244545
DQN,large_grid,0,311,51584,-63.0,42,1,0.5625,0.27921
DQN,large_grid,0,312,51592,-1.0,8,1,0.5624,0.167555
DQN,large_grid,0,313,51792,-400.0,200,0,0.5607,0.254415
DQN,large_grid,0,314,51842,-91.0,50,1,0.5603,0.289935
DQN,large_grid,0,315,51857,-16.0,15,1,0.5601,0.25122
DQN,large_grid,0,316,52057,-292.0,200,0,0.5584,0.225044
DQN,large_grid,0,317,52257,-328.0,200,0,0.5567,0.272068
DQN,large_grid,0,318,52296,-60.0,39,1,0.5564,0.303821
DQN,large_grid,0,319,52342,-71.0,46,1,0.556,0.217905
DQN,large_grid,0,320,52542,-304.0,200,0,0.5543,0.26593
DQN,large_grid,0,321,52742,-396.0,200,0,0.5526,0.254475
DQN,large_grid,0,322,52787,-58.0,45,1,0.5523,0.351728
DQN,large_grid,0,323,52987,-344.0,200,0,0.5506,0.277345
DQN,large_grid,0,324,53187,-348.0,200,0,0.5489,0.261393
DQN,large_grid,0,325,53387,-360.0,200,0,0.5472,0.290574
DQN,large_grid,0,326,53420,-46.0,33,1,0.5469,0.315301
DQN,large_grid,0,327,53620,-336.0,200,0,0.5452,0.285695
DQN,large_grid,0,328,53820,-396.0,200,0,0.5435,0.293876
DQN,large_grid,0,329,53828,3.0,8,1,0.5434,0.240102
DQN,large_grid,0,330,53847,-28.0,19,1,0.5433,0.187878
DQN,large_grid,0,331,54047,-368.0,200,0,0.5416,0.254719
DQN,large_grid,0,332,54247,-404.0,200,0,0.5399,0.346918
DQN,large_grid,0,333,54447,-388.0,200,0,0.5382,0.314351
DQN,large_grid,0,334,54647,-388.0,200,0,0.5365,0.324842
DQN,large_grid,0,335,54657,-7.0,10,1,0.5364,0.314599
DQN,large_grid,0,336,54698,-62.0,41,1,0.536,0.297005
DQN,large_grid,0,337,54898,-336.0,200,0,0.5343,0.292019
DQN,large_grid,0,338,54932,-35.0,34,1,0.5341,0.359205
DQN,large_grid,0,339,55132,-388.0,200,0,0.5324,0.353884
DQN,large_grid,0,340,55136,7.0,4,1,0.5323,0.275331
DQN,large_grid,0,341,55332,-333.0,196,1,0.5307,0.33637
DQN,large_grid,0,342,55532,-360.0,200,0,0.529,0.387143
DQN,large_grid,0,343,55546,-7.0,14,1,0.5289,0.250277
DQN,large_grid,0,344,55746,-456.0,200,0,0.5272,0.362989
DQN,large_grid,0,345,55754,-1.0,8,1,0.5271,0.337394
DQN,large_grid,0,346,55843,-178.0,89,1,0.5263,0.366432
DQN,large_grid,0,347,56043,-328.0,200,0,0.5246,0.340082
DQN,large_grid,0,348,56243,-352.0,200,0,0.5229,0.421686
DQN,large_grid,0,349,56443,-328.0,200,0,0.5212,0.368934
DQN,large_grid,0,350,56458,-12.0,15,1,0.5211,0.377371
DQN,large_grid,0,351,56658,-312.0,200,0,0.5194,0.388838
DQN,large_grid,0,352,56833,-328.0,175,1,0.5179,0.409331
DQN,large_grid,0,353,57033,-340.0,200,0,0.5162,0.365354
DQN,large_grid,0,354,57036,4.0,3,1,0.5162,0.411259
DQN,large_grid,0,355,57236,-300.0,200,0,0.5145,0.406174
DQN,large_grid,0,356,57402,-295.0,166,1,0.5131,0.387141
DQN,large_grid,0,357,57440,-51.0,38,1,0.5128,0.362458
DQN,large_grid,0,358,57466,-35.0,26,1,0.5126,0.440258
DQN,large_grid,0,359,57628,-279.0,162,1,0.5112,0.449453
DQN,large_grid,0,360,57795,-296.0,167,1,0.5098,0.448055
DQN,large_grid,0,361,57796,10.0,1,1,0.5098,0.330104
DQN,large_grid,0,362,57821,-26.0,25,1,0.5096,0.45029
DQN,large_grid,0,363,58021,-428.0,200,0,0.5079,0.468068
DQN,large_grid,0,364,58221,-444.0,200,0,0.5062,0.434515
DQN,large_grid,0,365,58278,-98.0,57,1,0.5057,0.45269
DQN,large_grid,0,366,58478,-320.0,200,0,0.504,0.470155
DQN,large_grid,0,367,58678,-420.0,200,0,0.5023,0.482688
DQN,large_grid,0,368,58878,-312.0,200,0,0.5006,0.453827
DQN,large_grid,0,369,59078,-284.0,200,0,0.4989,0.461378
DQN,large_grid,0,370,59136,-91.0,58,1,0.4984,0.441978
DQN,large_grid,0,371,59192,-85.0,56,1,0.4979,0.488103
DQN,large_grid,0,372,59392,-288.0,200,0,0.4962,0.476768
DQN,large_grid,0,373,59592,-324.0,200,0,0.4945,0.457553
DQN,large_grid,0,374,59792,-308.0,200,0,0.4928,0.495587
DQN,large_grid,0,375,59809,-14.0,17,1,0.4927,0.562319
DQN,large_grid,0,376,59825,-17.0,16,1,0.4926,0.531539
DQN,large_grid,0,377,60025,-340.0,200,0,0.4909,0.505845
DQN,large_grid,0,378,60225,-336.0,200,0,0.4892,0.531674
DQN,large_grid,0,379,60267,-51.0,42,1,0.4888,0.455175
DQN,large_grid,0,380,60462,-380.0,195,1,0.4872,0.502994
DQN,large_grid,0,381,60484,-35.0,22,1,0.487,0.460884
DQN,large_grid,0,382,60684,-360.0,200,0,0.4853,0.563519
DQN,large_grid,0,383,60694,-11.0,10,1,0.4852,0.537569
DQN,large_grid,0,384,60894,-296.0,200,0,0.4835,0.50414
DQN,large_grid,0,385,61094,-328.0,200,0,0.4818,0.549986
DQN,large_grid,0,386,61294,-300.0,200,0,0.4801,0.576503
DQN,large_grid,0,387,61494,-268.0,200,0,0.4784,0.502572
DQN,large_grid,0,388,61694,-400.0,200,0,0.4767,0.563708
DQN,large_grid,0,389,61894,-388.0,200,0,0.475,0.555232
DQN,large_grid,0,390,61933,-44.0,39,1,0.4747,0.588824
DQN,large_grid,0,391,62133,-320.0,200,0,0.473,0.586452
DQN,large_grid,0,392,62134,10.0,1,1,0.473,0.781525
DQN,large_grid,0,393,62192,-103.0,58,1,0.4725,0.489662
DQN,large_grid,0,394,62392,-380.0,200,0,0.4708,0.543772
DQN,large_grid,0,395,62445,-82.0,53,1,0.4703,0.588082
DQN,large_grid,0,396,62464,-20.0,19,1,0.4702,0.573746
DQN,large_grid,0,397,62475,-4.0,11,1,0.4701,0.459588
DQN,large_grid,0,398,62508,-54.0,33,1,0.4698,0.502327
DQN,large_grid,0,399,62708,-320.0,200,0,0.4681,0.624673
DQN,large_grid,0,400,62832,-197.0,124,1,0.467,0.590459
DQN,large_grid,0,401,62890,-87.0,58,1,0.4666,0.569944
DQN,large_grid,0,402,63090,-412.0,200,0,0.4649,0.614752
DQN,large_grid,0,403,63096,1.0,6,1,0.4648,0.737065
DQN,large_grid,0,404,63296,-360.0,200,0,0.4631,0.595114
DQN,large_grid,0,405,63496,-364.0,200,0,0.4614,0.56948
DQN,large_grid,0,406,63540,-57.0,44,1,0.461,0.736644
DQN,large_grid,0,407,63589,-82.0,49,1,0.4606,0.682134
DQN,large_grid,0,408,63789,-388.0,200,0,0.4589,0.632463
DQN,large_grid,0,409,63792,8.0,3,1,0.4589,0.561095
DQN,large_grid,0,410,63856,-101.0,64,1,0.4584,0.618555
DQN,large_grid,0,411,63888,-53.0,32,1,0.4581,0.534952
DQN,large_grid,0,412,63985,-190.0,97,1,0.4573,0.596077
DQN,large_grid,0,413,64004,-8.0,19,1,0.4571,0.470636
DQN,large_grid,0,414,64085,-138.0,81,1,0.4564,0.725581
DQN,large_grid,0,415,64285,-272.0,200,0,0.4547,0.686257
DQN,large_grid,0,416,64485,-280.0,200,0,0.453,0.645384
DQN,large_grid,0,417,64495,-11.0,10,1,0.4529,0.603314
DQN,large_grid,0,418,64525,-35.0,30,1,0.4527,0.765723
DQN,large_grid,0,419,64564,-44.0,39,1,0.4524,0.669825
DQN,large_grid,0,420,64570,5.0,6,1,0.4523,0.566844
DQN,large_grid,0,421,64770,-384.0,200,0,0.4506,0.655295
DQN,large_grid,0,422,64970,-312.0,200,0,0.4489,0.624732
DQN,large_grid,0,423,65046,-109.0,76,1,0.4483,0.723343
DQN,large_grid,0,424,65246,-364.0,200,0,0.4466,0.720365
DQN,large_grid,0,425,65269,-20.0,23,1,0.4464,0.80426
DQN,large_grid,0,426,65469,-288.0,200,0,0.4447,0.664457
DQN,large_grid,0,427,65510,-70.0,41,1,0.4443,0.786918
DQN,large_grid,0,428,65540,-19.0,30,1,0.4441,0.780156
DQN,large_grid,0,429,65740,-356.0,200,0,0.4424,0.766505
DQN,large_grid,0,430,65940,-320.0,200,0,0.4407,0.722396
DQN,large_grid,0,431,66140,-392.0,200,0,0.439,0.737545
DQN,large_grid,0,432,66340,-368.0,200,0,0.4373,0.658287
DQN,large_grid,0,433,66380,-57.0,40,1,0.437,0.699826
DQN,large_grid,0,434,66398,-7.0,18,1,0.4368,0.801031
DQN,large_grid,0,435,66598,-368.0,200,0,0.4351,0.719309
DQN,large_grid,0,436,66663,-78.0,65,1,0.4346,0.798415
DQN,large_grid,0,437,66730,-100.0,67,1,0.434,0.741598
DQN,large_grid,0,438,66756,-43.0,26,1,0.4338,0.828913
DQN,large_grid,0,439,66956,-368.0,200,0,0.4321,0.708569
DQN,large_grid,0,440,66995,-60.0,39,1,0.4317,0.644164
DQN,large_grid,0,441,67025,-31.0,30,1,0.4315,0.810131
DQN,large_grid,0,442,67053,-29.0,28,1,0.4312,0.764597
DQN,large_grid,0,443,67253,-320.0,200,0,0.4296,0.749615
DQN,large_grid,0,444,67453,-292.0,200,0,0.4279,0.722885
DQN,large_grid,0,445,67578,-214.0,125,1,0.4268,0.83922
DQN,large_grid,0,446,67773,-300.0,195,1,0.4251,0.763205
DQN,large_grid,0,447,67973,-380.0,200,0,0.4234,0.721389
DQN,large_grid,0,448,68173,-352.0,200,0,0.4217,0.79069
DQN,large_grid,0,449,68373,-316.0,200,0,0.4201,0.753713
DQN,large_grid,0,450,68390,-22.0,17,1,0.4199,0.757453
DQN,large_grid,0,451,68440,-55.0,50,1,0.4195,0.754238
DQN,large_grid,0,452,68474,-51.0,34,1,0.4192,0.746884
DQN,large_grid,0,453,68521,-80.0,47,1,0.4188,0.868186
DQN,large_grid,0,454,68721,-348.0,200,0,0.4171,0.814713
DQN,large_grid,0,455,68921,-280.0,200,0,0.4154,0.826908
DQN,large_grid,0,456,69121,-332.0,200,0,0.4137,0.831567
DQN,large_grid,0,457,69321,-396.0,200,0,0.412,0.807021
DQN,large_grid,0,458,69368,-80.0,47,1,0.4116,0.888672
DQN,large_grid,0,459,69413,-54.0,45,1,0.4112,0.815034
DQN,large_grid,0,460,69613,-396.0,200,0,0.4095,0.852188
DQN,large_grid,0,461,69813,-292.0,200,0,0.4078,0.856307
DQN,large_grid,0,462,70013,-296.0,200,0,0.4061,0.803997
DQN,large_grid,0,463,70213,-356.0,200,0,0.4044,0.848982
DQN,large_grid,0,464,70236,-20.0,23,1,0.4042,0.861714
DQN,large_grid,0,465,70243,0.0,7,1,0.4042,0.733762
DQN,large_grid,0,466,70250,4.0,7,1,0.4041,0.766298
DQN,large_grid,0,467,70290,-49.0,40,1,0.4038,0.830992
DQN,large_grid,0,468,70304,-3.0,14,1,0.4037,0.769863
DQN,large_grid,0,469,70504,-328.0,200,0,0.402,0.803252
DQN,large_grid,0,470,70704,-336.0,200,0,0.4003,0.848407
DQN,large_grid,0,471,70904,-256.0,200,0,0.3986,0.729693
DQN,large_grid,0,472,71104,-332.0,200,0,0.3969,0.79109
DQN,large_grid,0,473,71304,-320.0,200,0,0.3952,0.734061
DQN,large_grid,0,474,71504,-380.0,200,0,0.3935,0.745336
DQN,large_grid,0,475,71513,-6.0,9,1,0.3934,0.55633
DQN,large_grid,0,476,71551,-35.0,38,1,0.3931,0.857592
DQN,large_grid,0,477,71576,-30.0,25,1,0.3929,0.732479
DQN,large_grid,0,478,71624,-73.0,48,1,0.3925,0.771745
DQN,large_grid,0,479,71824,-404.0,200,0,0.3908,0.782395
DQN,large_grid,0,480,71854,-35.0,30,1,0.3905,0.725766
DQN,large_grid,0,481,71860,1.0,6,1,0.3905,0.758606
DQN,large_grid,0,482,72060,-288.0,200,0,0.3888,0.799337
DQN,large_grid,0,483,72260,-308.0,200,0,0.3871,0.751428
DQN,large_grid,0,484,72304,-65.0,44,1,0.3867,0.818578
DQN,large_grid,0,485,72504,-272.0,200,0,0.385,0.787541
DQN,large_grid,0,486,72538,-43.0,34,1,0.3847,0.785762
DQN,large_grid,0,487,72581,-68.0,43,1,0.3844,0.75763
DQN,large_grid,0,488,72614,-42.0,33,1,0.3841,0.853133
DQN,large_grid,0,489,72647,-42.0,33,1,0.3838,0.792486
DQN,large_grid,0,490,72684,-46.0,37,1,0.3835,0.818484
DQN,large_grid,0,491,72884,-340.0,200,0,0.3818,0.743337
DQN,large_grid,0,492,72937,-74.0,53,1,0.3813,0.790965
DQN,large_grid,0,493,72967,-39.0,30,1,0.3811,0.768442
DQN,large_grid,0,494,72970,8.0,3,1,0.3811,0.861674
DQN,large_grid,0,495,72983,-10.0,13,1,0.3809,0.56498
DQN,large_grid,0,496,73009,-27.0,26,1,0.3807,0.809528
DQN,large_grid,0,497,73023,-7.0,14,1,0.3806,0.732089
DQN,large_grid,0,498,73223,-396.0,200,0,0.3789,0.823299
DQN,large_grid,0,499,73235,-17.0,12,1,0.3788,0.595404
DQN,large_grid,0,500,73269,-39.0,34,1,0.3785,0.686045
DQN,large_grid,0,501,73421,-241.0,152,1,0.3772,0.80834
DQN,large_grid,0,502,73432,0.0,11,1,0.3771,0.595104
DQN,large_grid,0,503,73439,0.0,7,1,0.3771,0.647367
DQN,large_grid,0,504,73639,-344.0,200,0,0.3754,0.784734
DQN,large_grid,0,505,73643,7.0,4,1,0.3753,0.847423
DQN,large_grid,0,506,73682,-60.0,39,1,0.375,0.695792
DQN,large_grid,0,507,73882,-356.0,200,0,0.3733,0.742814
DQN,large_grid,0,508,73891,2.0,9,1,0.3732,0.806739
DQN,large_grid,0,509,74091,-344.0,200,0,0.3715,0.817949
DQN,large_grid,0,510,74114,-36.0,23,1,0.3714,0.751676
DQN,large_grid,0,511,74314,-316.0,200,0,0.3697,0.765769
DQN,large_grid,0,512,74514,-316.0,200,0,0.368,0.790661
DQN,large_grid,0,513,74714,-368.0,200,0,0.3663,0.829109
DQN,large_grid,0,514,74727,-10.0,13,1,0.3662,0.904488
DQN,large_grid,0,515,74764,-54.0,37,1,0.3658,0.770408
DQN,large_grid,0,516,74964,-348.0,200,0,0.3641,0.777248
DQN,large_grid,0,517,74993,-38.0,29,1,0.3639,0.771217
DQN,large_grid,0,518,75038,-58.0,45,1,0.3635,0.85235
DQN,large_grid,0,519,75238,-328.0,200,0,0.3618,0.771483
DQN,large_grid,0,520,75246,3.0,8,1,0.3618,0.80622
DQN,large_grid,0,521,75282,-49.0,36,1,0.3614,0.775924
DQN,large_grid,0,522,75299,-14.0,17,1,0.3613,0.737267
DQN,large_grid,0,523,75303,7.0,4,1,0.3613,0.611398
DQN,large_grid,0,524,75503,-388.0,200,0,0.3596,0.760528
DQN,large_grid,0,525,75703,-288.0,200,0,0.3579,0.742808
DQN,large_grid,0,526,75708,6.0,5,1,0.3578,0.58488
DQN,large_grid,0,527,75748,-49.0,40,1,0.3575,0.68076
DQN,large_grid,0,528,75948,-296.0,200,0,0.3558,0.752921
DQN,large_grid,0,529,76148,-360.0,200,0,0.3541,0.802783
DQN,large_grid,0,530,76198,-91.0,50,1,0.3537,0.786661
DQN,large_grid,0,531,76202,7.0,4,1,0.3536,1.044512
DQN,large_grid,0,532,76402,-356.0,200,0,0.3519,0.778647
DQN,large_grid,0,533,76491,-142.0,89,1,0.3512,0.802885
DQN,large_grid,0,534,76542,-80.0,51,1,0.3508,0.827326
DQN,large_grid,0,535,76742,-288.0,200,0,0.3491,0.789509
DQN,large_grid,0,536,76942,-284.0,200,0,0.3474,0.779346
DQN,large_grid,0,537,76966,-25.0,24,1,0.3472,0.688846
DQN,large_grid,0,538,77166,-304.0,200,0,0.3455,0.788512
DQN,large_grid,0,539,77366,-260.0,200,0,0.3438,0.716685
DQN,large_grid,0,540,77566,-300.0,200,0,0.3421,0.701024
DQN,large_grid,0,541,77612,-47.0,46,1,0.3417,0.839901
DQN,large_grid,0,542,77616,7.0,4,1,0.3417,0.769231
DQN,large_grid,0,543,77816,-296.0,200,0,0.34,0.713796
DQN,large_grid,0,544,77835,-16.0,19,1,0.3398,0.781642
DQN,large_grid,0,545,78035,-288.0,200,0,0.3381,0.738905
DQN,large_grid,0,546,78235,-269.0,200,1,0.3364,0.756683
DQN,large_grid,0,547,78257,-11.0,22,1,0.3362,0.794483
DQN,large_grid,0,548,78262,6.0,5,1,0.3362,0.755079
DQN,large_grid,0,549,78462,-296.0,200,0,0.3345,0.719735
DQN,large_grid,0,550,78489,-44.0,27,1,0.3342,0.799785
DQN,large_grid,0,551,78689,-308.0,200,0,0.3325,0.713234
DQN,large_grid,0,552,78718,-34.0,29,1,0.3323,0.616111
DQN,large_grid,0,553,78759,-54.0,41,1,0.332,0.680059
DQN,large_grid,0,554,78797,-39.0,38,1,0.3316,0.668746
DQN,large_grid,0,555,78997,-364.0,200,0,0.3299,0.684236
DQN,large_grid,0,556,79071,-111.0,74,1,0.3293,0.813208
DQN,large_grid,0,557,79271,-316.0,200,0,0.3276,0.742505
DQN,large_grid,0,558,79301,-39.0,30,1,0.3274,0.675198
DQN,large_grid,0,559,79304,8.0,3,1,0.3273,1.02937
DQN,large_grid,0,560,79331,-28.0,27,1,0.3271,0.867507
DQN,large_grid,0,561,79349,-19.0,18,1,0.327,0.762784
DQN,large_grid,0,562,79356,4.0,7,1,0.3269,0.736935
DQN,large_grid,0,563,79364,-1.0,8,1,0.3268,0.593486
DQN,large_grid,0,564,79400,-49.0,36,1,0.3265,0.737569
DQN,large_grid,0,565,79425,-34.0,25,1,0.3263,0.809153
DQN,large_grid,0,566,79440,-12.0,15,1,0.3262,0.707354
DQN,large_grid,0,567,79640,-328.0,200,0,0.3245,0.762333
DQN,large_grid,0,568,79722,-123.0,82,1,0.3238,0.83321
DQN,large_grid,0,569,79922,-340.0,200,0,0.3221,0.714457
DQN,large_grid,0,570,79939,-6.0,17,1,0.3219,0.844815
DQN,large_grid,0,571,79978,-52.0,39,1,0.3216,0.612606
DQN,large_grid,0,572,79985,4.0,7,1,0.3216,0.731618
DQN,large_grid,0,573,80024,-60.0,39,1,0.3212,0.89121
DQN,large_grid,0,574,80224,-284.0,200,0,0.3195,0.769394
DQN,large_grid,0,575,80263,-48.0,39,1,0.3192,0.910168
DQN,large_grid,0,576,80282,-16.0,19,1,0.319,0.62777
DQN,large_grid,0,577,80322,-57.0,40,1,0.3187,0.834889
DQN,large_grid,0,578,80332,-3.0,10,1,0.3186,0.88264
DQN,large_grid,0,579,80359,-48.0,27,1,0.3184,0.788157
DQN,large_grid,0,580,80559,-272.0,200,0,0.3167,0.800742
DQN,large_grid,0,581,80759,-280.0,200,0,0.315,0.748635
DQN,large_grid,0,582,80785,-39.0,26,1,0.3148,0.79135
DQN,large_grid,0,583,80805,-17.0,20,1,0.3146,0.704904
DQN,large_grid,0,584,81005,-252.0,200,0,0.3129,0.794564
DQN,large_grid,0,585,81041,-49.0,36,1,0.3126,0.862583
DQN,large_grid,0,586,81077,-37.0,36,1,0.3123,0.700091
DQN,large_grid,0,587,81277,-320.0,200,0,0.3106,0.757583
DQN,large_grid,0,588,81325,-77.0,48,1,0.3102,0.810288
DQN,large_grid,0,589,81351,-23.0,26,1,0.31,0.801014
DQN,large_grid,0,590,81551,-276.0,200,0,0.3083,0.727539
DQN,large_grid,0,591,81751,-276.0,200,0,0.3066,0.750576
DQN,large_grid,0,592,81784,-38.0,33,1,0.3063,0.740197
DQN,large_grid,0,593,81812,-29.0,28,1,0.3061,0.709556
DQN,large_grid,0,594,82012,-228.0,200,0,0.3044,0.737247
DQN,large_grid,0,595,82069,-62.0,57,1,0.3039,0.821553
DQN,large_grid,0,596,82090,-14.0,21,1,0.3037,0.89008
DQN,large_grid,0,597,82211,-170.0,121,1,0.3027,0.744482
DQN,large_grid,0,598,82269,-83.0,58,1,0.3022,0.821734
DQN,large_grid,0,599,82469,-316.0,200,0,0.3005,0.760915
DQN,large_grid,0,600,82482,-18.0,13,1,0.3004,0.854823
DQN,large_grid,0,601,82519,-42.0,37,1,0.3001,0.840706
DQN,large_grid,0,602,82530,0.0,11,1,0.3,0.981342
DQN,large_grid,0,603,82574,-45.0,44,1,0.2996,0.818381
DQN,large_grid,0,604,82610,-41.0,36,1,0.2993,0.686515
DQN,large_grid,0,605,82636,-19.0,26,1,0.2991,0.758568
DQN,large_grid,0,606,82681,-54.0,45,1,0.2987,0.710824
DQN,large_grid,0,607,82724,-56.0,43,1,0.2983,0.666788
DQN,large_grid,0,608,82757,-38.0,33,1,0.298,0.670683
DQN,large_grid,0,609,82790,-34.0,33,1,0.2978,0.646269
DQN,large_grid,0,610,82823,-42.0,33,1,0.2975,0.858825
DQN,large_grid,0,611,82853,-31.0,30,1,0.2972,0.718952
DQN,large_grid,0,612,82868,-12.0,15,1,0.2971,0.712899
DQN,large_grid,0,613,82874,1.0,6,1,0.2971,0.781665
DQN,large_grid,0,614,82912,-43.0,38,1,0.2967,0.693514
DQN,large_grid,0,615,82978,-91.0,66,1,0.2962,0.795426
DQN,large_grid,0,616,83014,-41.0,36,1,0.2959,0.818682
DQN,large_grid,0,617,83033,-16.0,19,1,0.2957,1.106859
DQN,large_grid,0,618,83067,-43.0,34,1,0.2954,0.704125
DQN,large_grid,0,619,83141,-103.0,74,1,0.2948,0.815883
DQN,large_grid,0,620,83341,-292.0,200,0,0.2931,0.798789
DQN,large_grid,0,621,83375,-35.0,34,1,0.2928,0.842791
DQN,large_grid,0,622,83575,-256.0,200,0,0.2911,0.810567
DQN,large_grid,0,623,83775,-300.0,200,0,0.2894,0.776532
DQN,large_grid,0,624,83790,-16.0,15,1,0.2893,0.511528
DQN,large_grid,0,625,83818,-25.0,28,1,0.289,0.695886
DQN,large_grid,0,626,83850,-53.0,32,1,0.2888,0.675796
DQN,large_grid,0,627,83856,5.0,6,1,0.2887,0.754371
DQN,large_grid,0,628,83889,-34.0,33,1,0.2884,0.891553
DQN,large_grid,0,629,83916,-32.0,27,1,0.2882,0.670361
DQN,large_grid,0,630,83949,-46.0,33,1,0.2879,0.584345
DQN,large_grid,0,631,83964,-16.0,15,1,0.2878,0.547882
DQN,large_grid,0,632,84012,-61.0,48,1,0.2874,0.711509
DQN,large_grid,0,633,84212,-312.0,200,0,0.2857,0.761278
DQN,large_grid,0,634,84238,-31.0,26,1,0.2855,0.691375
DQN,large_grid,0,635,84305,-104.0,67,1,0.2849,0.723134
DQN,large_grid,0,636,84399,-131.0,94,1,0.2841,0.765
DQN,large_grid,0,637,84429,-31.0,30,1,0.2839,0.808428
DQN,large_grid,0,638,84517,-129.0,88,1,0.2831,0.706629
DQN,large_grid,0,639,84550,-54.0,33,1,0.2828,0.872019
DQN,large_grid,0,640,84580,-39.0,30,1,0.2826,0.849212
DQN,large_grid,0,641,84611,-32.0,31,1,0.2823,0.787979
DQN,large_grid,0,642,84644,-50.0,33,1,0.282,0.770701
DQN,large_grid,0,643,84749,-170.0,105,1,0.2811,0.742965
DQN,large_grid,0,644,84796,-56.0,47,1,0.2807,0.809926
DQN,large_grid,0,645,84831,-40.0,35,1,0.2805,0.860375
DQN,large_grid,0,646,84847,-17.0,16,1,0.2803,0.745431
DQN,large_grid,0,647,84869,-19.0,22,1,0.2801,0.643706
DQN,large_grid,0,648,84960,-124.0,91,1,0.2794,0.734663
DQN,large_grid,0,649,85089,-190.0,129,1,0.2783,0.846065
DQN,large_grid,0,650,85097,-5.0,8,1,0.2782,0.786041
DQN,large_grid,0,651,85152,-68.0,55,1,0.2777,0.717523
DQN,large_grid,0,652,85171,-20.0,19,1,0.2776,0.803144
DQN,large_grid,0,653,85213,-35.0,42,1,0.2772,0.736486
DQN,large_grid,0,654,85304,-132.0,91,1,0.2764,0.816646
DQN,large_grid,0,655,85340,-45.0,36,1,0.2761,0.797736
DQN,large_grid,0,656,85367,-20.0,27,1,0.2759,0.776076
DQN,large_grid,0,657,85437,-99.0,70,1,0.2753,0.755473
DQN,large_grid,0,658,85449,-5.0,12,1,0.2752,0.986158
DQN,large_grid,0,659,85481,-37.0,32,1,0.2749,0.785556
DQN,large_grid,0,660,85500,-20.0,19,1,0.2748,0.945489
DQN,large_grid,0,661,85504,7.0,4,1,0.2747,0.794049
DQN,large_grid,0,662,85528,-25.0,24,1,0.2745,0.981025
DQN,large_grid,0,663,85728,-320.0,200,0,0.2728,0.838932
DQN,large_grid,0,664,85928,-296.0,200,0,0.2711,0.759797
DQN,large_grid,0,665,85946,-11.0,18,1,0.271,0.830163
DQN,large_grid,0,666,85953,0.0,7,1,0.2709,0.806483
DQN,large_grid,0,667,85993,-57.0,40,1,0.2706,0.696373
DQN,large_grid,0,668,86193,-312.0,200,0,0.2689,0.772876
DQN,large_grid,0,669,86238,-62.0,45,1,0.2685,0.815238
DQN,large_grid,0,670,86438,-264.0,200,0,0.2668,0.821463
DQN,large_grid,0,671,86442,3.0,4,1,0.2668,0.735378
DQN,large_grid,0,672,86454,-5.0,12,1,0.2667,0.731108
DQN,large_grid,0,673,86654,-324.0,200,0,0.265,0.789632
DQN,large_grid,0,674,86660,5.0,6,1,0.2649,0.688329
DQN,large_grid,0,675,86683,-12.0,23,1,0.2647,0.806701
DQN,large_grid,0,676,86719,-37.0,36,1,0.2644,0.853661
DQN,large_grid,0,677,86722,4.0,3,1,0.2644,1.003642
DQN,large_grid,0,678,86777,-76.0,55,1,0.2639,0.761219
DQN,large_grid,0,679,86792,-12.0,15,1,0.2638,0.724099
DQN,large_grid,0,680,86827,-48.0,35,1,0.2635,0.818131
DQN,large_grid,0,681,86846,-16.0,19,1,0.2634,0.763077
DQN,large_grid,0,682,87046,-296.0,200,0,0.2617,0.805244
DQN,large_grid,0,683,87246,-224.0,200,0,0.26,0.850144
DQN,large_grid,0,684,87276,-31.0,30,1,0.2597,0.948228
DQN,large_grid,0,685,87476,-284.0,200,0,0.258,0.769744
DQN,large_grid,0,686,87524,-53.0,48,1,0.2576,0.918794
DQN,large_grid,0,687,87561,-58.0,37,1,0.2573,0.903899
DQN,large_grid,0,688,87634,-106.0,73,1,0.2567,0.771361
DQN,large_grid,0,689,87641,0.0,7,1,0.2566,1.072231
DQN,large_grid,0,690,87666,-22.0,25,1,0.2564,0.865873
DQN,large_grid,0,691,87827,-206.0,161,1,0.255,0.80789
DQN,large_grid,0,692,87897,-83.0,70,1,0.2544,0.757132
DQN,large_grid,0,693,87920,-12.0,23,1,0.2542,0.718805
DQN,large_grid,0,694,88120,-296.0,200,0,0.2526,0.817519
DQN,large_grid,0,695,88215,-156.0,95,1,0.2517,0.799113
DQN,large_grid,0,696,88220,6.0,5,1,0.2517,0.654085
DQN,large_grid,0,697,88245,-22.0,25,1,0.2515,0.879961
DQN,large_grid,0,698,88260,-4.0,15,1,0.2514,0.891133
DQN,large_grid,0,699,88265,6.0,5,1,0.2513,0.65189
DQN,large_grid,0,700,88293,-25.0,28,1,0.2511,0.808479
DQN,large_grid,0,701,88329,-29.0,36,1,0.2508,0.8381
DQN,large_grid,0,702,88345,-9.0,16,1,0.2506,0.800383
DQN,large_grid,0,703,88427,-107.0,82,1,0.2499,0.80944
DQN,large_grid,0,704,88491,-81.0,64,1,0.2494,0.744768
DQN,large_grid,0,705,88582,-108.0,91,1,0.2486,0.860996
DQN,large_grid,0,706,88616,-27.0,34,1,0.2483,0.913306
DQN,large_grid,0,707,88621,2.0,5,1,0.2483,0.414805
DQN,large_grid,0,708,88625,7.0,4,1,0.2483,1.009535
DQN,large_grid,0,709,88637,-1.0,12,1,0.2482,0.826726
DQN,large_grid,0,710,88657,-13.0,20,1,0.248,0.881124
DQN,large_grid,0,711,88712,-80.0,55,1,0.2475,0.878279
DQN,large_grid,0,712,88912,-296.0,200,0,0.2458,0.830334
DQN,large_grid,0,713,88987,-96.0,75,1,0.2452,0.78022
DQN,large_grid,0,714,89021,-31.0,34,1,0.2449,0.853818
DQN,large_grid,0,715,89133,-153.0,112,1,0.244,0.838675
DQN,large_grid,0,716,89146,-6.0,13,1,0.2439,0.875837
DQN,large_grid,0,717,89292,-207.0,146,1,0.2426,0.861022
DQN,large_grid,0,718,89492,-268.0,200,0,0.2409,0.806806
DQN,large_grid,0,719,89692,-208.0,200,0,0.2392,0.837465
DQN,large_grid,0,720,89892,-296.0,200,0,0.2375,0.78323
DQN,large_grid,0,721,89928,-37.0,36,1,0.2372,0.820418
DQN,large_grid,0,722,89956,-17.0,28,1,0.237,0.941749
DQN,large_grid,0,723,90053,-138.0,97,1,0.2362,0.906446
DQN,large_grid,0,724,90087,-35.0,34,1,0.2359,0.846001
DQN,large_grid,0,725,90100,-10.0,13,1,0.2358,0.959644
DQN,large_grid,0,726,90116,-9.0,16,1,0.2356,0.907075
DQN,large_grid,0,727,90134,-7.0,18,1,0.2355,0.755231
DQN,large_grid,0,728,90334,-292.0,200,0,0.2338,0.818607
DQN,large_grid,0,729,90389,-72.0,55,1,0.2333,0.800638
DQN,large_grid,0,730,90461,-77.0,72,1,0.2327,0.833043
DQN,large_grid,0,731,90505,-61.0,44,1,0.2323,0.764151
DQN,large_grid,0,732,90705,-336.0,200,0,0.2306,0.840547
DQN,large_grid,0,733,90845,-181.0,140,1,0.2294,0.821859
DQN,large_grid,0,734,90880,-36.0,35,1,0.2291,0.811704
DQN,large_grid,0,735,90940,-65.0,60,1,0.2286,0.837302
DQN,large_grid,0,736,91140,-260.0,200,0,0.2269,0.884994
DQN,large_grid,0,737,91148,3.0,8,1,0.2269,0.74198
DQN,large_grid,0,738,91168,-9.0,20,1,0.2267,0.799034
DQN,large_grid,0,739,91199,-28.0,31,1,0.2264,0.880232
DQN,large_grid,0,740,91399,-272.0,200,0,0.2247,0.753449
DQN,large_grid,0,741,91428,-22.0,29,1,0.2245,0.777457
DQN,large_grid,0,742,91460,-37.0,32,1,0.2242,0.857252
DQN,large_grid,0,743,91476,-13.0,16,1,0.2241,0.718956
DQN,large_grid,0,744,91508,-41.0,32,1,0.2238,0.802419
DQN,large_grid,0,745,91533,-26.0,25,1,0.2236,1.123179
DQN,large_grid,0,746,91733,-284.0,200,0,0.2219,0.839327
DQN,large_grid,0,747,91790,-62.0,57,1,0.2214,0.8435
DQN,large_grid,0,748,91827,-38.0,37,1,0.2211,0.80071
DQN,large_grid,0,749,91840,-10.0,13,1,0.221,0.849228
DQN,large_grid,0,750,91886,-67.0,46,1,0.2206,0.910171
DQN,large_grid,0,751,92086,-300.0,200,0,0.2189,0.867905
DQN,large_grid,0,752,92121,-52.0,35,1,0.2186,0.70435
DQN,large_grid,0,753,92180,-80.0,59,1,0.2181,0.875176
DQN,large_grid,0,754,92241,-74.0,61,1,0.2176,0.888347
DQN,large_grid,0,755,92284,-44.0,43,1,0.2172,0.776973
DQN,large_grid,0,756,92484,-292.0,200,0,0.2155,0.773748
DQN,large_grid,0,757,92521,-38.0,37,1,0.2152,0.975259
DQN,large_grid,0,758,92532,0.0,11,1,0.2151,0.965169
DQN,large_grid,0,759,92572,-61.0,40,1,0.2148,0.835295
DQN,large_grid,0,760,92586,-3.0,14,1,0.2147,0.803954
DQN,large_grid,0,761,92600,-3.0,14,1,0.2146,0.892512
DQN,large_grid,0,762,92631,-40.0,31,1,0.2143,0.915139
DQN,large_grid,0,763,92647,-5.0,16,1,0.2142,0.780137
DQN,large_grid,0,764,92847,-288.0,200,0,0.2125,0.846186
DQN,large_grid,0,765,92860,-10.0,13,1,0.2123,0.863154
DQN,large_grid,0,766,92883,-28.0,23,1,0.2122,0.864232
DQN,large_grid,0,767,92902,-8.0,19,1,0.212,0.766731
DQN,large_grid,0,768,92967,-70.0,65,1,0.2114,0.923182
DQN,large_grid,0,769,92974,4.0,7,1,0.2114,0.88481
DQN,large_grid,0,770,92993,-16.0,19,1,0.2112,1.048387
DQN,large_grid,0,771,93193,-264.0,200,0,0.2095,0.866375
DQN,large_grid,0,772,93214,-22.0,21,1,0.2093,0.804429
DQN,large_grid,0,773,93223,2.0,9,1,0.2093,0.798553
DQN,large_grid,0,774,93232,-2.0,9,1,0.2092,0.894133
DQN,large_grid,0,775,93262,-35.0,30,1,0.2089,0.898704
DQN,large_grid,0,776,93290,-17.0,28,1,0.2087,0.802713
DQN,large_grid,0,777,93300,-3.0,10,1,0.2086,0.79841
DQN,large_grid,0,778,93310,-3.0,10,1,0.2085,0.836221
DQN,large_grid,0,779,93510,-288.0,200,0,0.2068,0.840479
DQN,large_grid,0,780,93574,-81.0,64,1,0.2063,0.964139
DQN,large_grid,0,781,93627,-66.0,53,1,0.2058,0.858703
DQN,large_grid,0,782,93661,-23.0,34,1,0.2056,0.868664
DQN,large_grid,0,783,93710,-54.0,49,1,0.2051,0.890711
DQN,large_grid,0,784,93744,-27.0,34,1,0.2049,0.909663
DQN,large_grid,0,785,93766,-11.0,22,1,0.2047,0.856452
DQN,large_grid,0,786,93837,-60.0,71,1,0.2041,0.755229
DQN,large_grid,0,787,93855,-11.0,18,1,0.2039,0.850305
DQN,large_grid,0,788,93911,-65.0,56,1,0.2034,0.922899
DQN,large_grid,0,789,93990,-92.0,79,1,0.2028,0.851814
DQN,large_grid,0,790,94010,-17.0,20,1,0.2026,1.083319
DQN,large_grid,0,791,94210,-304.0,200,0,0.2009,0.919672
DQN,large_grid,0,792,94237,-16.0,27,1,0.2007,0.914539
DQN,large_grid,0,793,94241,7.0,4,1,0.2006,0.898219
DQN,large_grid,0,794,94267,-23.0,26,1,0.2004,0.852596
DQN,large_grid,0,795,94285,-7.0,18,1,0.2003,0.996579
DQN,large_grid,0,796,94337,-57.0,52,1,0.1998,0.867421
DQN,large_grid,0,797,94352,-8.0,15,1,0.1997,0.851738
DQN,large_grid,0,798,94367,-16.0,15,1,0.1996,0.884796
DQN,large_grid,0,799,94389,-11.0,22,1,0.1994,0.801037
DQN,large_grid,0,800,94403,-7.0,14,1,0.1993,0.864925
DuelingDQN,large_grid,0,1,200,-576.0,200,0,0.9983,
DuelingDQN,large_grid,0,2,400,-572.0,200,0,0.9966,
DuelingDQN,large_grid,0,3,415,-32.0,15,1,0.9965,
DuelingDQN,large_grid,0,4,615,-612.0,200,0,0.9948,
DuelingDQN,large_grid,0,5,815,-620.0,200,0,0.9931,
DuelingDQN,large_grid,0,6,1015,-444.0,200,0,0.9914,1.589567
DuelingDQN,large_grid,0,7,1215,-412.0,200,0,0.9897,0.301035
DuelingDQN,large_grid,0,8,1415,-552.0,200,0,0.988,0.023954
DuelingDQN,large_grid,0,9,1615,-480.0,200,0,0.9863,0.031122
DuelingDQN,large_grid,0,10,1815,-572.0,200,0,0.9846,0.011581
DuelingDQN,large_grid,0,11,2015,-540.0,200,0,0.9829,0.022259
DuelingDQN,large_grid,0,12,2215,-492.0,200,0,0.9812,0.013628
DuelingDQN,large_grid,0,13,2259,-125.0,44,1,0.9808,0.013036
DuelingDQN,large_grid,0,14,2459,-580.0,200,0,0.9792,0.018258
DuelingDQN,large_grid,0,15,2659,-580.0,200,0,0.9775,0.027026
DuelingDQN,large_grid,0,16,2859,-556.0,200,0,0.9758,0.009825
DuelingDQN,large_grid,0,17,3059,-604.0,200,0,0.9741,0.024143
DuelingDQN,large_grid,0,18,3184,-330.0,125,1,0.973,0.011832
DuelingDQN,large_grid,0,19,3384,-564.0,200,0,0.9713,0.012734
DuelingDQN,large_grid,0,20,3584,-524.0,200,0,0.9696,0.036121
DuelingDQN,large_grid,0,21,3784,-472.0,200,0,0.9679,0.01022
DuelingDQN,large_grid,0,22,3984,-552.0,200,0,0.9662,0.007748
DuelingDQN,large_grid,0,23,4184,-636.0,200,0,0.9645,0.032047
DuelingDQN,large_grid,0,24,4384,-580.0,200,0,0.9628,0.009621
DuelingDQN,large_grid,0,25,4584,-420.0,200,0,0.9611,0.027135
DuelingDQN,large_grid,0,26,4784,-616.0,200,0,0.9594,0.013744
DuelingDQN,large_grid,0,27,4984,-576.0,200,0,0.9577,0.012877
DuelingDQN,large_grid,0,28,5184,-504.0,200,0,0.956,0.041466
DuelingDQN,large_grid,0,29,5353,-406.0,169,1,0.9546,0.006167
DuelingDQN,large_grid,0,30,5419,-159.0,66,1,0.954,0.012322
DuelingDQN,large_grid,0,31,5619,-616.0,200,0,0.9523,0.049832
DuelingDQN,large_grid,0,32,5819,-412.0,200,0,0.9507,0.026738
DuelingDQN,large_grid,0,33,6019,-400.0,200,0,0.949,0.040785
DuelingDQN,large_grid,0,34,6173,-419.0,154,1,0.9476,0.045773
DuelingDQN,large_grid,0,35,6373,-496.0,200,0,0.946,0.028511
DuelingDQN,large_grid,0,36,6563,-495.0,190,1,0.9443,0.056874
DuelingDQN,large_grid,0,37,6763,-404.0,200,0,0.9426,0.038772
DuelingDQN,large_grid,0,38,6963,-488.0,200,0,0.9409,0.032398
DuelingDQN,large_grid,0,39,7033,-131.0,70,1,0.9404,0.122497
DuelingDQN,large_grid,0,40,7131,-275.0,98,1,0.9395,0.048329
DuelingDQN,large_grid,0,41,7331,-408.0,200,0,0.9378,0.036966
DuelingDQN,large_grid,0,42,7531,-604.0,200,0,0.9361,0.045181
DuelingDQN,large_grid,0,43,7731,-556.0,200,0,0.9344,0.066314
DuelingDQN,large_grid,0,44,7931,-488.0,200,0,0.9327,0.02846
DuelingDQN,large_grid,0,45,8131,-580.0,200,0,0.931,0.08662
DuelingDQN,large_grid,0,46,8226,-248.0,95,1,0.9302,0.065151
DuelingDQN,large_grid,0,47,8334,-241.0,108,1,0.9293,0.066002
DuelingDQN,large_grid,0,48,8534,-596.0,200,0,0.9276,0.0888
DuelingDQN,large_grid,0,49,8734,-496.0,200,0,0.9259,0.094226
DuelingDQN,large_grid,0,50,8751,-10.0,17,1,0.9258,0.060396
DuelingDQN,large_grid,0,51,8951,-592.0,200,0,0.9241,0.066156
DuelingDQN,large_grid,0,52,9072,-318.0,121,1,0.9231,0.201912
DuelingDQN,large_grid,0,53,9113,-110.0,41,1,0.9227,0.194704
DuelingDQN,large_grid,0,54,9313,-548.0,200,0,0.921,0.132256
DuelingDQN,large_grid,0,55,9513,-564.0,200,0,0.9193,0.114888
DuelingDQN,large_grid,0,56,9640,-332.0,127,1,0.9182,0.182356
DuelingDQN,large_grid,0,57,9702,-135.0,62,1,0.9177,0.110258
DuelingDQN,large_grid,0,58,9873,-432.0,171,1,0.9163,0.101568
DuelingDQN,large_grid,0,59,10073,-564.0,200,0,0.9146,0.16473
DuelingDQN,large_grid,0,60,10273,-604.0,200,0,0.9129,0.138751
DuelingDQN,large_grid,0,61,10473,-536.0,200,0,0.9112,0.06758
DuelingDQN,large_grid,0,62,10673,-544.0,200,0,0.9095,0.173733
DuelingDQN,large_grid,0,63,10676,8.0,3,1,0.9095,0.092038
DuelingDQN,large_grid,0,64,10876,-592.0,200,0,0.9078,0.084537
DuelingDQN,large_grid,0,65,10939,-160.0,63,1,0.9072,0.058448
DuelingDQN,large_grid,0,66,11139,-416.0,200,0,0.9055,0.185595
DuelingDQN,large_grid,0,67,11339,-476.0,200,0,0.9038,0.08964
DuelingDQN,large_grid,0,68,11406,-132.0,67,1,0.9033,0.052078
DuelingDQN,large_grid,0,69,11603,-482.0,197,1,0.9016,0.167342
DuelingDQN,large_grid,0,70,11623,-49.0,20,1,0.9014,0.125835
DuelingDQN,large_grid,0,71,11679,-101.0,56,1,0.9009,0.157741
DuelingDQN,large_grid,0,72,11879,-548.0,200,0,0.8992,0.107145
DuelingDQN,large_grid,0,73,12019,-341.0,140,1,0.8981,0.115039
DuelingDQN,large_grid,0,74,12030,-24.0,11,1,0.898,0.299485
DuelingDQN,large_grid,0,75,12230,-524.0,200,0,0.8963,0.16577
DuelingDQN,large_grid,0,76,12344,-263.0,114,1,0.8953,0.089703
DuelingDQN,large_grid,0,77,12544,-420.0,200,0,0.8936,0.115963
DuelingDQN,large_grid,0,78,12744,-492.0,200,0,0.8919,0.11309
DuelingDQN,large_grid,0,79,12944,-496.0,200,0,0.8902,0.076528
DuelingDQN,large_grid,0,80,13144,-580.0,200,0,0.8885,0.16661
DuelingDQN,large_grid,0,81,13344,-508.0,200,0,0.8868,0.104377
DuelingDQN,large_grid,0,82,13355,-16.0,11,1,0.8867,0.13446
DuelingDQN,large_grid,0,83,13555,-512.0,200,0,0.885,0.142368
DuelingDQN,large_grid,0,84,13657,-219.0,102,1,0.8842,0.184385
DuelingDQN,large_grid,0,85,13857,-580.0,200,0,0.8825,0.117293
DuelingDQN,large_grid,0,86,14036,-372.0,179,1,0.881,0.141024
DuelingDQN,large_grid,0,87,14084,-121.0,48,1,0.8805,0.192674
DuelingDQN,large_grid,0,88,14284,-428.0,200,0,0.8788,0.134329
DuelingDQN,large_grid,0,89,14484,-524.0,200,0,0.8772,0.099279
DuelingDQN,large_grid,0,90,14684,-564.0,200,0,0.8755,0.196216
DuelingDQN,large_grid,0,91,14740,-117.0,56,1,0.875,0.094876
DuelingDQN,large_grid,0,92,14810,-163.0,70,1,0.8744,0.085411
DuelingDQN,large_grid,0,93,15010,-572.0,200,0,0.8727,0.110671
DuelingDQN,large_grid,0,94,15210,-424.0,200,0,0.871,0.214998
DuelingDQN,large_grid,0,95,15322,-273.0,112,1,0.87,0.104709
DuelingDQN,large_grid,0,96,15325,0.0,3,1,0.87,0.071347
DuelingDQN,large_grid,0,97,15432,-232.0,107,1,0.8691,0.097844
DuelingDQN,large_grid,0,98,15556,-341.0,124,1,0.8681,0.194458
DuelingDQN,large_grid,0,99,15574,-27.0,18,1,0.8679,0.184167
DuelingDQN,large_grid,0,100,15609,-44.0,35,1,0.8676,0.162121
DuelingDQN,large_grid,0,101,15809,-480.0,200,0,0.8659,0.131726
DuelingDQN,large_grid,0,102,15868,-100.0,59,1,0.8654,0.088982
DuelingDQN,large_grid,0,103,15948,-173.0,80,1,0.8647,0.095707
DuelingDQN,large_grid,0,104,16086,-339.0,138,1,0.8636,0.196442
DuelingDQN,large_grid,0,105,16100,-11.0,14,1,0.8634,0.194303
DuelingDQN,large_grid,0,106,16174,-159.0,74,1,0.8628,0.155264
DuelingDQN,large_grid,0,107,16374,-392.0,200,0,0.8611,0.090318
DuelingDQN,large_grid,0,108,16574,-460.0,200,0,0.8594,0.200064
DuelingDQN,large_grid,0,109,16774,-544.0,200,0,0.8577,0.128954
DuelingDQN,large_grid,0,110,16974,-532.0,200,0,0.856,0.087912
DuelingDQN,large_grid,0,111,16975,10.0,1,1,0.856,0.110219
DuelingDQN,large_grid,0,112,17111,-361.0,136,1,0.8549,0.252208
DuelingDQN,large_grid,0,113,17203,-217.0,92,1,0.8541,0.126139
DuelingDQN,large_grid,0,114,17310,-260.0,107,1,0.8532,0.072123
DuelingDQN,large_grid,0,115,17432,-243.0,122,1,0.8521,0.069782
DuelingDQN,large_grid,0,116,17465,-38.0,33,1,0.8519,0.061593
DuelingDQN,large_grid,0,117,17538,-118.0,73,1,0.8512,0.229355
DuelingDQN,large_grid,0,118,17663,-254.0,125,1,0.8502,0.147796
DuelingDQN,large_grid,0,119,17766,-268.0,103,1,0.8493,0.088021
DuelingDQN,large_grid,0,120,17870,-257.0,104,1,0.8484,0.076844
DuelingDQN,large_grid,0,121,17885,-36.0,15,1,0.8483,0.112236
DuelingDQN,large_grid,0,122,18085,-432.0,200,0,0.8466,0.160726
DuelingDQN,large_grid,0,123,18177,-229.0,92,1,0.8458,0.104549
DuelingDQN,large_grid,0,124,18302,-318.0,125,1,0.8448,0.082573
DuelingDQN,large_grid,0,125,18477,-432.0,175,1,0.8433,0.08016
DuelingDQN,large_grid,0,126,18616,-308.0,139,1,0.8421,0.216794
DuelingDQN,large_grid,0,127,18617,10.0,1,1,0.8421,0.108086
DuelingDQN,large_grid,0,128,18817,-512.0,200,0,0.8404,0.086593
DuelingDQN,large_grid,0,129,18867,-91.0,50,1,0.84,0.084172
DuelingDQN,large_grid,0,130,18929,-107.0,62,1,0.8395,0.050006
DuelingDQN,large_grid,0,131,18992,-152.0,63,1,0.8389,0.051228
DuelingDQN,large_grid,0,132,19115,-308.0,123,1,0.8379,0.237678
DuelingDQN,large_grid,0,133,19251,-293.0,136,1,0.8367,0.111577
DuelingDQN,large_grid,0,134,19373,-295.0,122,1,0.8357,0.065541
DuelingDQN,large_grid,0,135,19490,-298.0,117,1,0.8347,0.048149
DuelingDQN,large_grid,0,136,19554,-137.0,64,1,0.8341,0.253449
DuelingDQN,large_grid,0,137,19669,-248.0,115,1,0.8332,0.154065
DuelingDQN,large_grid,0,138,19713,-93.0,44,1,0.8328,0.103154
DuelingDQN,large_grid,0,139,19908,-456.0,195,1,0.8311,0.073707
DuelingDQN,large_grid,0,140,19994,-151.0,86,1,0.8304,0.070739
DuelingDQN,large_grid,0,141,20019,-66.0,25,1,0.8302,0.339488
DuelingDQN,large_grid,0,142,20020,10.0,1,1,0.8302,0.269424
DuelingDQN,large_grid,0,143,20166,-331.0,146,1,0.829,0.15285
DuelingDQN,large_grid,0,144,20303,-342.0,137,1,0.8278,0.050733
DuelingDQN,large_grid,0,145,20324,-42.0,21,1,0.8276,0.073501
DuelingDQN,large_grid,0,146,20420,-197.0,96,1,0.8268,0.078719
DuelingDQN,large_grid,0,147,20511,-192.0,91,1,0.826,0.083244
DuelingDQN,large_grid,0,148,20615,-233.0,104,1,0.8251,0.205751
DuelingDQN,large_grid,0,149,20815,-532.0,200,0,0.8235,0.079582
DuelingDQN,large_grid,0,150,20875,-137.0,60,1,0.8229,0.066397
DuelingDQN,large_grid,0,151,20962,-172.0,87,1,0.8222,0.078185
DuelingDQN,large_grid,0,152,21023,-150.0,61,1,0.8217,0.19237
DuelingDQN,large_grid,0,153,21143,-273.0,120,1,0.8207,0.150548
DuelingDQN,large_grid,0,154,21151,-5.0,8,1,0.8206,0.112951
DuelingDQN,large_grid,0,155,21190,-76.0,39,1,0.8203,0.088257
DuelingDQN,large_grid,0,156,21317,-300.0,127,1,0.8192,0.066408
DuelingDQN,large_grid,0,157,21440,-304.0,123,1,0.8182,0.060041
DuelingDQN,large_grid,0,158,21564,-305.0,124,1,0.8171,0.159198
DuelingDQN,large_grid,0,159,21694,-299.0,130,1,0.816,0.126743
DuelingDQN,large_grid,0,160,21725,-68.0,31,1,0.8157,0.104599
DuelingDQN,large_grid,0,161,21802,-206.0,77,1,0.8151,0.089425
DuelingDQN,large_grid,0,162,21898,-209.0,96,1,0.8143,0.063249
DuelingDQN,large_grid,0,163,22017,-260.0,119,1,0.8133,0.116409
DuelingDQN,large_grid,0,164,22047,-59.0,30,1,0.813,0.238853
DuelingDQN,large_grid,0,165,22068,-18.0,21,1,0.8128,0.205473
DuelingDQN,large_grid,0,166,22107,-88.0,39,1,0.8125,0.159476
DuelingDQN,large_grid,0,167,22307,-508.0,200,0,0.8108,0.086101
DuelingDQN,large_grid,0,168,22318,-12.0,11,1,0.8107,0.099289
DuelingDQN,large_grid,0,169,22372,-103.0,54,1,0.8102,0.089024
DuelingDQN,large_grid,0,170,22389,-22.0,17,1,0.8101,0.092307
DuelingDQN,large_grid,0,171,22491,-227.0,102,1,0.8092,0.067807
DuelingDQN,large_grid,0,172,22501,-11.0,10,1,0.8092,0.111234
DuelingDQN,large_grid,0,173,22609,-265.0,108,1,0.8082,0.230398
DuelingDQN,large_grid,0,174,22672,-124.0,63,1,0.8077,0.127908
DuelingDQN,large_grid,0,175,22819,-360.0,147,1,0.8065,0.095663
DuelingDQN,large_grid,0,176,22906,-192.0,87,1,0.8057,0.068231
DuelingDQN,large_grid,0,177,22996,-227.0,90,1,0.805,0.072552
DuelingDQN,large_grid,0,178,23062,-111.0,66,1,0.8044,0.244153
DuelingDQN,large_grid,0,179,23146,-205.0,84,1,0.8037,0.128344
DuelingDQN,large_grid,0,180,23257,-248.0,111,1,0.8027,0.084289
DuelingDQN,large_grid,0,181,23333,-177.0,76,1,0.8021,0.07328
DuelingDQN,large_grid,0,182,23403,-135.0,70,1,0.8015,0.081702
DuelingDQN,large_grid,0,183,23413,-7.0,10,1,0.8014,0.089358
DuelingDQN,large_grid,0,184,23613,-420.0,200,0,0.7997,0.142401
DuelingDQN,large_grid,0,185,23680,-148.0,67,1,0.7992,0.087861
DuelingDQN,large_grid,0,186,23820,-345.0,140,1,0.798,0.090035
DuelingDQN,large_grid,0,187,23860,-73.0,40,1,0.7976,0.089697
DuelingDQN,large_grid,0,188,23906,-111.0,46,1,0.7972,0.064306
DuelingDQN,large_grid,0,189,24106,-436.0,200,0,0.7955,0.138024
DuelingDQN,large_grid,0,190,24238,-309.0,132,1,0.7944,0.088374
DuelingDQN,large_grid,0,191,24249,0.0,11,1,0.7943,0.172399
DuelingDQN,large_grid,0,192,24345,-225.0,96,1,0.7935,0.081353
DuelingDQN,large_grid,0,193,24408,-160.0,63,1,0.793,0.076163
DuelingDQN,large_grid,0,194,24491,-120.0,83,1,0.7923,0.085268
DuelingDQN,large_grid,0,195,24500,-6.0,9,1,0.7922,0.080075
DuelingDQN,large_grid,0,196,24654,-391.0,154,1,0.7909,0.146382
DuelingDQN,large_grid,0,197,24713,-120.0,59,1,0.7904,0.093934
DuelingDQN,large_grid,0,198,24739,-47.0,26,1,0.7902,0.069555
DuelingDQN,large_grid,0,199,24758,-24.0,19,1,0.79,0.072587
DuelingDQN,large_grid,0,200,24810,-89.0,52,1,0.7896,0.058282
DuelingDQN,large_grid,0,201,24913,-224.0,103,1,0.7887,0.062534
DuelingDQN,large_grid,0,202,24937,-37.0,24,1,0.7885,0.055854
DuelingDQN,large_grid,0,203,25037,-217.0,100,1,0.7876,0.112226
DuelingDQN,large_grid,0,204,25115,-179.0,78,1,0.787,0.124146
DuelingDQN,large_grid,0,205,25165,-99.0,50,1,0.7866,0.070033
DuelingDQN,large_grid,0,206,25286,-302.0,121,1,0.7855,0.059316
DuelingDQN,large_grid,0,207,25357,-144.0,71,1,0.7849,0.045051
DuelingDQN,large_grid,0,208,25439,-219.0,82,1,0.7842,0.052812
DuelingDQN,large_grid,0,209,25536,-210.0,97,1,0.7834,0.104048
DuelingDQN,large_grid,0,210,25662,-299.0,126,1,0.7823,0.087918
DuelingDQN,large_grid,0,211,25678,-13.0,16,1,0.7822,0.076669
DuelingDQN,large_grid,0,212,25878,-524.0,200,0,0.7805,0.055382
DuelingDQN,large_grid,0,213,25885,4.0,7,1,0.7804,0.047611
DuelingDQN,large_grid,0,214,25978,-190.0,93,1,0.7797,0.037233
DuelingDQN,large_grid,0,215,26041,-100.0,63,1,0.7791,0.131265
DuelingDQN,large_grid,0,216,26122,-138.0,81,1,0.7784,0.085341
DuelingDQN,large_grid,0,217,26203,-198.0,81,1,0.7778,0.057398
DuelingDQN,large_grid,0,218,26340,-290.0,137,1,0.7766,0.054792
DuelingDQN,large_grid,0,219,26486,-383.0,146,1,0.7754,0.038565
DuelingDQN,large_grid,0,220,26550,-113.0,64,1,0.7748,0.099649
DuelingDQN,large_grid,0,221,26646,-185.0,96,1,0.774,0.080678
DuelingDQN,large_grid,0,222,26682,-61.0,36,1,0.7737,0.05859
DuelingDQN,large_grid,0,223,26687,6.0,5,1,0.7736,0.028218
DuelingDQN,large_grid,0,224,26760,-162.0,73,1,0.773,0.064107
DuelingDQN,large_grid,0,225,26854,-191.0,94,1,0.7722,0.049617
DuelingDQN,large_grid,0,226,26972,-267.0,118,1,0.7712,0.038085
DuelingDQN,large_grid,0,227,27018,-95.0,46,1,0.7708,0.058005
DuelingDQN,large_grid,0,228,27139,-270.0,121,1,0.7698,0.079118
DuelingDQN,large_grid,0,229,27177,-67.0,38,1,0.7695,0.035524
DuelingDQN,large_grid,0,230,27284,-240.0,107,1,0.7686,0.043943
DuelingDQN,large_grid,0,231,27342,-107.0,58,1,0.7681,0.038327
DuelingDQN,large_grid,0,232,27346,7.0,4,1,0.7681,0.007331
DuelingDQN,large_grid,0,233,27378,-57.0,32,1,0.7678,0.048758
DuelingDQN,large_grid,0,234,27415,-66.0,37,1,0.7675,0.032551
DuelingDQN,large_grid,0,235,27487,-165.0,72,1,0.7669,0.045555
DuelingDQN,large_grid,0,236,27606,-220.0,119,1,0.7659,0.08685
DuelingDQN,large_grid,0,237,27629,-48.0,23,1,0.7657,0.045074
DuelingDQN,large_grid,0,238,27744,-280.0,115,1,0.7647,0.058383
DuelingDQN,large_grid,0,239,27745,10.0,1,1,0.7647,0.02356
DuelingDQN,large_grid,0,240,27798,-98.0,53,1,0.7642,0.057286
DuelingDQN,large_grid,0,241,27841,-76.0,43,1,0.7639,0.051615
DuelingDQN,large_grid,0,242,27992,-244.0,151,1,0.7626,0.039137
DuelingDQN,large_grid,0,243,28086,-187.0,94,1,0.7618,0.094621
DuelingDQN,large_grid,0,244,28118,-53.0,32,1,0.7615,0.04014
DuelingDQN,large_grid,0,245,28175,-114.0,57,1,0.761,0.06722
DuelingDQN,large_grid,0,246,28258,-196.0,83,1,0.7603,0.036656
DuelingDQN,large_grid,0,247,28320,-115.0,62,1,0.7598,0.060223
DuelingDQN,large_grid,0,248,28443,-332.0,123,1,0.7588,0.058938
DuelingDQN,large_grid,0,249,28579,-305.0,136,1,0.7576,0.058708
DuelingDQN,large_grid,0,250,28673,-255.0,94,1,0.7568,0.045805
DuelingDQN,large_grid,0,251,28724,-96.0,51,1,0.7564,0.06135
DuelingDQN,large_grid,0,252,28801,-170.0,77,1,0.7557,0.041651
DuelingDQN,large_grid,0,253,28875,-159.0,74,1,0.7551,0.033704
DuelingDQN,large_grid,0,254,28931,-117.0,56,1,0.7546,0.066886
DuelingDQN,large_grid,0,255,29085,-299.0,154,1,0.7533,0.082301
DuelingDQN,large_grid,0,256,29146,-110.0,61,1,0.7528,0.066371
DuelingDQN,large_grid,0,257,29186,-77.0,40,1,0.7524,0.053432
DuelingDQN,large_grid,0,258,29230,-89.0,44,1,0.7521,0.045035
DuelingDQN,large_grid,0,259,29259,-42.0,29,1,0.7518,0.043062
DuelingDQN,large_grid,0,260,29331,-153.0,72,1,0.7512,0.043032
DuelingDQN,large_grid,0,261,29447,-253.0,116,1,0.7502,0.058179
DuelingDQN,large_grid,0,262,29594,-328.0,147,1,0.749,0.084252
DuelingDQN,large_grid,0,263,29650,-117.0,56,1,0.7485,0.045821
DuelingDQN,large_grid,0,264,29739,-190.0,89,1,0.7478,0.051481
DuelingDQN,large_grid,0,265,29784,-90.0,45,1,0.7474,0.047752
DuelingDQN,large_grid,0,266,29888,-237.0,104,1,0.7465,0.038187
DuelingDQN,large_grid,0,267,29953,-114.0,65,1,0.7459,0.031077
DuelingDQN,large_grid,0,268,30071,-223.0,118,1,0.7449,0.090242
DuelingDQN,large_grid,0,269,30126,-132.0,55,1,0.7445,0.055761
DuelingDQN,large_grid,0,270,30175,-70.0,49,1,0.7441,0.048053
DuelingDQN,large_grid,0,271,30190,-16.0,15,1,0.7439,0.035247
DuelingDQN,large_grid,0,272,30229,-84.0,39,1,0.7436,0.035331
DuelingDQN,large_grid,0,273,30238,-6.0,9,1,0.7435,0.019715
DuelingDQN,large_grid,0,274,30282,-81.0,44,1,0.7432,0.060632
DuelingDQN,large_grid,0,275,30321,-44.0,39,1,0.7428,0.066226
DuelingDQN,large_grid,0,276,30322,10.0,1,1,0.7428,0.01184
DuelingDQN,large_grid,0,277,30423,-218.0,101,1,0.742,0.050132
DuelingDQN,large_grid,0,278,30488,-126.0,65,1,0.7414,0.05508
DuelingDQN,large_grid,0,279,30587,-216.0,99,1,0.7406,0.095591
DuelingDQN,large_grid,0,280,30608,-46.0,21,1,0.7404,0.089174
DuelingDQN,large_grid,0,281,30689,-182.0,81,1,0.7397,0.06982
DuelingDQN,large_grid,0,282,30696,-8.0,7,1,0.7396,0.060134
DuelingDQN,large_grid,0,283,30817,-282.0,121,1,0.7386,0.058736
DuelingDQN,large_grid,0,284,30941,-297.0,124,1,0.7376,0.051056
DuelingDQN,large_grid,0,285,31036,-216.0,95,1,0.7368,0.066915
DuelingDQN,large_grid,0,286,31070,-43.0,34,1,0.7365,0.070824
DuelingDQN,large_grid,0,287,31151,-198.0,81,1,0.7358,0.073581
DuelingDQN,large_grid,0,288,31200,-74.0,49,1,0.7354,0.036471
DuelingDQN,large_grid,0,289,31266,-135.0,66,1,0.7348,0.035121
DuelingDQN,large_grid,0,290,31360,-215.0,94,1,0.734,0.038722
DuelingDQN,large_grid,0,291,31436,-185.0,76,1,0.7334,0.034324
DuelingDQN,large_grid,0,292,31497,-122.0,61,1,0.7328,0.041185
DuelingDQN,large_grid,0,293,31582,-194.0,85,1,0.7321,0.077493
DuelingDQN,large_grid,0,294,31688,-231.0,106,1,0.7312,0.050458
DuelingDQN,large_grid,0,295,31884,-457.0,196,1,0.7296,0.047484
DuelingDQN,large_grid,0,296,31956,-125.0,72,1,0.729,0.031544
DuelingDQN,large_grid,0,297,31970,-19.0,14,1,0.7288,0.043053
DuelingDQN,large_grid,0,298,32015,-90.0,45,1,0.7285,0.051052
DuelingDQN,large_grid,0,299,32105,-159.0,90,1,0.7277,0.086192
DuelingDQN,large_grid,0,300,32173,-101.0,68,1,0.7271,0.06876
DuelingDQN,large_grid,0,301,32267,-219.0,94,1,0.7263,0.046392
DuelingDQN,large_grid,0,302,32433,-339.0,166,1,0.7249,0.042002
DuelingDQN,large_grid,0,303,32591,-335.0,158,1,0.7236,0.048897
DuelingDQN,large_grid,0,304,32631,-97.0,40,1,0.7232,0.052186
DuelingDQN,large_grid,0,305,32692,-110.0,61,1,0.7227,0.053073
DuelingDQN,large_grid,0,306,32791,-168.0,99,1,0.7219,0.047621
DuelingDQN,large_grid,0,307,32864,-134.0,73,1,0.7213,0.052025
DuelingDQN,large_grid,0,308,32908,-89.0,44,1,0.7209,0.049811
DuelingDQN,large_grid,0,309,32945,-78.0,37,1,0.7206,0.047294
DuelingDQN,large_grid,0,310,33043,-195.0,98,1,0.7197,0.069336
DuelingDQN,large_grid,0,311,33099,-109.0,56,1,0.7193,0.066596
DuelingDQN,large_grid,0,312,33113,-15.0,14,1,0.7191,0.058329
DuelingDQN,large_grid,0,313,33224,-204.0,111,1,0.7182,0.048821
DuelingDQN,large_grid,0,314,33274,-99.0,50,1,0.7178,0.036574
DuelingDQN,large_grid,0,315,33305,-56.0,31,1,0.7175,0.039408
DuelingDQN,large_grid,0,316,33400,-160.0,95,1,0.7167,0.034979
DuelingDQN,large_grid,0,317,33454,-111.0,54,1,0.7162,0.047707
DuelingDQN,large_grid,0,318,33487,-70.0,33,1,0.716,0.032649
DuelingDQN,large_grid,0,319,33520,-70.0,33,1,0.7157,0.060997
DuelingDQN,large_grid,0,320,33555,-36.0,35,1,0.7154,0.065635
DuelingDQN,large_grid,0,321,33592,-74.0,37,1,0.7151,0.069688
DuelingDQN,large_grid,0,322,33665,-166.0,73,1,0.7145,0.048313
DuelingDQN,large_grid,0,323,33758,-202.0,93,1,0.7137,0.040571
DuelingDQN,large_grid,0,324,33791,-58.0,33,1,0.7134,0.036289
DuelingDQN,large_grid,0,325,33823,-57.0,32,1,0.7131,0.056523
DuelingDQN,large_grid,0,326,33857,-59.0,34,1,0.7128,0.050011
DuelingDQN,large_grid,0,327,33863,1.0,6,1,0.7128,0.015771
DuelingDQN,large_grid,0,328,33905,-87.0,42,1,0.7124,0.053022
DuelingDQN,large_grid,0,329,33921,-21.0,16,1,0.7123,0.042635
DuelingDQN,large_grid,0,330,33939,-31.0,18,1,0.7121,0.068183
DuelingDQN,large_grid,0,331,34066,-272.0,127,1,0.7111,0.076693
DuelingDQN,large_grid,0,332,34138,-137.0,72,1,0.7104,0.059498
DuelingDQN,large_grid,0,333,34210,-153.0,72,1,0.7098,0.039676
DuelingDQN,large_grid,0,334,34257,-68.0,47,1,0.7094,0.03342
DuelingDQN,large_grid,0,335,34272,-16.0,15,1,0.7093,0.061011
DuelingDQN,large_grid,0,336,34349,-138.0,77,1,0.7087,0.046357
DuelingDQN,large_grid,0,337,34449,-225.0,100,1,0.7078,0.054257
DuelingDQN,large_grid,0,338,34463,-7.0,14,1,0.7077,0.06766
DuelingDQN,large_grid,0,339,34532,-122.0,69,1,0.7071,0.061205
DuelingDQN,large_grid,0,340,34556,-45.0,24,1,0.7069,0.046881
DuelingDQN,large_grid,0,341,34675,-236.0,119,1,0.7059,0.057953
DuelingDQN,large_grid,0,342,34730,-92.0,55,1,0.7054,0.052782
DuelingDQN,large_grid,0,343,34731,10.0,1,1,0.7054,0.024838
DuelingDQN,large_grid,0,344,34815,-157.0,84,1,0.7047,0.047452
DuelingDQN,large_grid,0,345,34839,-25.0,24,1,0.7045,0.063159
DuelingDQN,large_grid,0,346,34876,-62.0,37,1,0.7042,0.031298
DuelingDQN,large_grid,0,347,34937,-98.0,61,1,0.7037,0.029283
DuelingDQN,large_grid,0,348,35016,-140.0,79,1,0.703,0.045327
DuelingDQN,large_grid,0,349,35053,-50.0,37,1,0.7027,0.070105
DuelingDQN,large_grid,0,350,35085,-65.0,32,1,0.7024,0.071705
DuelingDQN,large_grid,0,351,35147,-127.0,62,1,0.7019,0.067092
DuelingDQN,large_grid,0,352,35279,-281.0,132,1,0.7008,0.052139
DuelingDQN,large_grid,0,353,35331,-93.0,52,1,0.7003,0.029566
DuelingDQN,large_grid,0,354,35333,9.0,2,1,0.7003,0.04505
DuelingDQN,large_grid,0,355,35348,-40.0,15,1,0.7002,0.041823
DuelingDQN,large_grid,0,356,35434,-183.0,86,1,0.6995,0.035713
DuelingDQN,large_grid,0,357,35463,-46.0,29,1,0.6992,0.033249
DuelingDQN,large_grid,0,358,35556,-178.0,93,1,0.6984,0.078462
DuelingDQN,large_grid,0,359,35624,-129.0,68,1,0.6978,0.082584
DuelingDQN,large_grid,0,360,35740,-225.0,116,1,0.6969,0.055909
DuelingDQN,large_grid,0,361,35743,8.0,3,1,0.6968,0.092905
DuelingDQN,large_grid,0,362,35760,-10.0,17,1,0.6967,0.068175
DuelingDQN,large_grid,0,363,35807,-84.0,47,1,0.6963,0.042053
DuelingDQN,large_grid,0,364,35862,-88.0,55,1,0.6958,0.033866
DuelingDQN,large_grid,0,365,35894,-53.0,32,1,0.6956,0.054085
DuelingDQN,large_grid,0,366,35951,-98.0,57,1,0.6951,0.045501
DuelingDQN,large_grid,0,367,36044,-194.0,93,1,0.6943,0.056645
DuelingDQN,large_grid,0,368,36136,-153.0,92,1,0.6935,0.053296
DuelingDQN,large_grid,0,369,36177,-86.0,41,1,0.6931,0.054312
DuelingDQN,large_grid,0,370,36268,-192.0,91,1,0.6924,0.040818
DuelingDQN,large_grid,0,371,36347,-184.0,79,1,0.6917,0.051504
DuelingDQN,large_grid,0,372,36447,-181.0,100,1,0.6909,0.043406
DuelingDQN,large_grid,0,373,36502,-108.0,55,1,0.6904,0.037276
DuelingDQN,large_grid,0,374,36534,-73.0,32,1,0.6901,0.08016
DuelingDQN,large_grid,0,375,36572,-71.0,38,1,0.6898,0.075002
DuelingDQN,large_grid,0,376,36660,-185.0,88,1,0.6891,0.049803
DuelingDQN,large_grid,0,377,36755,-208.0,95,1,0.6882,0.041452
DuelingDQN,large_grid,0,378,36841,-183.0,86,1,0.6875,0.030222
DuelingDQN,large_grid,0,379,36899,-115.0,58,1,0.687,0.032247
DuelingDQN,large_grid,0,380,36957,-95.0,58,1,0.6865,0.044997
DuelingDQN,large_grid,0,381,36963,-3.0,6,1,0.6865,0.010176
DuelingDQN,large_grid,0,382,37015,-113.0,52,1,0.686,0.040033
DuelingDQN,large_grid,0,383,37041,-51.0,26,1,0.6858,0.113471
DuelingDQN,large_grid,0,384,37052,-12.0,11,1,0.6857,0.048787
DuelingDQN,large_grid,0,385,37124,-173.0,72,1,0.6851,0.046298
DuelingDQN,large_grid,0,386,37139,-8.0,15,1,0.685,0.020925
DuelingDQN,large_grid,0,387,37249,-207.0,110,1,0.6841,0.048787
DuelingDQN,large_grid,0,388,37329,-165.0,80,1,0.6834,0.043478
DuelingDQN,large_grid,0,389,37348,-28.0,19,1,0.6832,0.051348
DuelingDQN,large_grid,0,390,37415,-136.0,67,1,0.6826,0.032878
DuelingDQN,large_grid,0,391,37458,-80.0,43,1,0.6823,0.050696
DuelingDQN,large_grid,0,392,37459,10.0,1,1,0.6823,0.009248
DuelingDQN,large_grid,0,393,37559,-217.0,100,1,0.6814,0.060586
DuelingDQN,large_grid,0,394,37623,-105.0,64,1,0.6809,0.074949
DuelingDQN,large_grid,0,395,37678,-124.0,55,1,0.6804,0.037143
DuelingDQN,large_grid,0,396,37697,-20.0,19,1,0.6803,0.045129
DuelingDQN,large_grid,0,397,37717,-33.0,20,1,0.6801,0.070554
DuelingDQN,large_grid,0,398,37809,-205.0,92,1,0.6793,0.04142
DuelingDQN,large_grid,0,399,37841,-77.0,32,1,0.679,0.058629
DuelingDQN,large_grid,0,400,37934,-194.0,93,1,0.6782,0.036238
DuelingDQN,large_grid,0,401,38014,-141.0,80,1,0.6776,0.060432
DuelingDQN,large_grid,0,402,38038,-29.0,24,1,0.6774,0.081546
DuelingDQN,large_grid,0,403,38049,-8.0,11,1,0.6773,0.088752
DuelingDQN,large_grid,0,404,38081,-73.0,32,1,0.677,0.073442
DuelingDQN,large_grid,0,405,38146,-150.0,65,1,0.6764,0.059341
DuelingDQN,large_grid,0,406,38224,-179.0,78,1,0.6758,0.049625
DuelingDQN,large_grid,0,407,38318,-195.0,94,1,0.675,0.047001
DuelingDQN,large_grid,0,408,38424,-215.0,106,1,0.6741,0.040979
DuelingDQN,large_grid,0,409,38428,3.0,4,1,0.6741,0.005428
DuelingDQN,large_grid,0,410,38507,-160.0,79,1,0.6734,0.044335
DuelingDQN,large_grid,0,411,38547,-45.0,40,1,0.673,0.08944
DuelingDQN,large_grid,0,412,38637,-187.0,90,1,0.6723,0.051923
DuelingDQN,large_grid,0,413,38679,-83.0,42,1,0.6719,0.052501
DuelingDQN,large_grid,0,414,38763,-161.0,84,1,0.6712,0.032338
DuelingDQN,large_grid,0,415,38798,-52.0,35,1,0.6709,0.035617
DuelingDQN,large_grid,0,416,38896,-191.0,98,1,0.6701,0.032654
DuelingDQN,large_grid,0,417,38899,8.0,3,1,0.6701,0.047959
DuelingDQN,large_grid,0,418,38911,-9.0,12,1,0.67,0.007769
DuelingDQN,large_grid,0,419,38965,-71.0,54,1,0.6695,0.027959
DuelingDQN,large_grid,0,420,38976,-12.0,11,1,0.6694,0.069923
DuelingDQN,large_grid,0,421,39005,-42.0,29,1,0.6692,0.033262
DuelingDQN,large_grid,0,422,39083,-135.0,78,1,0.6685,0.069702
DuelingDQN,large_grid,0,423,39216,-258.0,133,1,0.6674,0.051443
DuelingDQN,large_grid,0,424,39228,-9.0,12,1,0.6673,0.052111
DuelingDQN,large_grid,0,425,39277,-94.0,49,1,0.6669,0.033169
DuelingDQN,large_grid,0,426,39326,-94.0,49,1,0.6664,0.034819
DuelingDQN,large_grid,0,427,39415,-166.0,89,1,0.6657,0.041643
DuelingDQN,large_grid,0,428,39449,-55.0,34,1,0.6654,0.052387
DuelingDQN,large_grid,0,429,39513,-105.0,64,1,0.6649,0.050661
DuelingDQN,large_grid,0,430,39635,-255.0,122,1,0.6638,0.078755
DuelingDQN,large_grid,0,431,39656,-22.0,21,1,0.6636,0.045624
DuelingDQN,large_grid,0,432,39692,-77.0,36,1,0.6633,0.0392
DuelingDQN,large_grid,0,433,39737,-74.0,45,1,0.663,0.042797
DuelingDQN,large_grid,0,434,39763,-39.0,26,1,0.6627,0.060462
DuelingDQN,large_grid,0,435,39797,-55.0,34,1,0.6624,0.034933
DuelingDQN,large_grid,0,436,39829,-49.0,32,1,0.6622,0.042138
DuelingDQN,large_grid,0,437,39926,-218.0,97,1,0.6614,0.03309
DuelingDQN,large_grid,0,438,39997,-124.0,71,1,0.6607,0.070968
DuelingDQN,large_grid,0,439,40027,-55.0,30,1,0.6605,0.072527
DuelingDQN,large_grid,0,440,40065,-95.0,38,1,0.6602,0.07087
DuelingDQN,large_grid,0,441,40105,-89.0,40,1,0.6598,0.055143
DuelingDQN,large_grid,0,442,40152,-68.0,47,1,0.6594,0.057681
DuelingDQN,large_grid,0,443,40190,-67.0,38,1,0.6591,0.064531
DuelingDQN,large_grid,0,444,40232,-55.0,42,1,0.6588,0.043922
DuelingDQN,large_grid,0,445,40326,-203.0,94,1,0.658,0.051774
DuelingDQN,large_grid,0,446,40392,-111.0,66,1,0.6574,0.039333
DuelingDQN,large_grid,0,447,40461,-142.0,69,1,0.6568,0.036905
DuelingDQN,large_grid,0,448,40523,-139.0,62,1,0.6563,0.044923
DuelingDQN,large_grid,0,449,40577,-139.0,54,1,0.6558,0.078967
DuelingDQN,large_grid,0,450,40623,-71.0,46,1,0.6554,0.063632
DuelingDQN,large_grid,0,451,40681,-103.0,58,1,0.6549,0.045006
DuelingDQN,large_grid,0,452,40775,-207.0,94,1,0.6541,0.049559
DuelingDQN,large_grid,0,453,40820,-70.0,45,1,0.6538,0.024696
DuelingDQN,large_grid,0,454,40836,-13.0,16,1,0.6536,0.010762
DuelingDQN,large_grid,0,455,40899,-128.0,63,1,0.6531,0.025741
DuelingDQN,large_grid,0,456,40953,-71.0,54,1,0.6526,0.0255
DuelingDQN,large_grid,0,457,40999,-79.0,46,1,0.6522,0.015199
DuelingDQN,large_grid,0,458,41057,-111.0,58,1,0.6518,0.091387
DuelingDQN,large_grid,0,459,41097,-93.0,40,1,0.6514,0.073445
DuelingDQN,large_grid,0,460,41120,-24.0,23,1,0.6512,0.045346
DuelingDQN,large_grid,0,461,41172,-113.0,52,1,0.6508,0.04185
DuelingDQN,large_grid,0,462,41227,-92.0,55,1,0.6503,0.042795
DuelingDQN,large_grid,0,463,41340,-242.0,113,1,0.6494,0.037132
DuelingDQN,large_grid,0,464,41385,-90.0,45,1,0.649,0.033316
DuelingDQN,large_grid,0,465,41389,7.0,4,1,0.6489,0.102695
DuelingDQN,large_grid,0,466,41393,3.0,4,1,0.6489,0.018545
DuelingDQN,large_grid,0,467,41444,-112.0,51,1,0.6485,0.05346
DuelingDQN,large_grid,0,468,41451,0.0,7,1,0.6484,0.089574
DuelingDQN,large_grid,0,469,41493,-79.0,42,1,0.6481,0.047693
DuelingDQN,large_grid,0,470,41563,-163.0,70,1,0.6475,0.065174
DuelingDQN,large_grid,0,471,41598,-44.0,35,1,0.6472,0.05718
DuelingDQN,large_grid,0,472,41681,-164.0,83,1,0.6465,0.052107
DuelingDQN,large_grid,0,473,41734,-110.0,53,1,0.646,0.062498
DuelingDQN,large_grid,0,474,41786,-113.0,52,1,0.6456,0.030089
DuelingDQN,large_grid,0,475,41802,-25.0,16,1,0.6454,0.031926
DuelingDQN,large_grid,0,476,41862,-113.0,60,1,0.6449,0.044903
DuelingDQN,large_grid,0,477,41890,-37.0,28,1,0.6447,0.026128
DuelingDQN,large_grid,0,478,41906,-17.0,16,1,0.6446,0.02427
DuelingDQN,large_grid,0,479,41958,-101.0,52,1,0.6441,0.016947
DuelingDQN,large_grid,0,480,42012,-91.0,54,1,0.6437,0.047463
DuelingDQN,large_grid,0,481,42022,-11.0,10,1,0.6436,0.088713
DuelingDQN,large_grid,0,482,42080,-131.0,58,1,0.6431,0.076129
DuelingDQN,large_grid,0,483,42131,-88.0,51,1,0.6426,0.071662
DuelingDQN,large_grid,0,484,42189,-95.0,58,1,0.6422,0.038608
DuelingDQN,large_grid,0,485,42233,-73.0,44,1,0.6418,0.022606
DuelingDQN,large_grid,0,486,42281,-81.0,48,1,0.6414,0.040556
DuelingDQN,large_grid,0,487,42308,-44.0,27,1,0.6411,0.065139
DuelingDQN,large_grid,0,488,42368,-113.0,60,1,0.6406,0.03539
DuelingDQN,large_grid,0,489,42402,-55.0,34,1,0.6403,0.050238
DuelingDQN,large_grid,0,490,42460,-103.0,58,1,0.6399,0.015569
DuelingDQN,large_grid,0,491,42548,-157.0,88,1,0.6391,0.062321
DuelingDQN,large_grid,0,492,42646,-203.0,98,1,0.6383,0.03603
DuelingDQN,large_grid,0,493,42677,-36.0,31,1,0.638,0.036592
DuelingDQN,large_grid,0,494,42680,8.0,3,1,0.638,0.101394
DuelingDQN,large_grid,0,495,42697,-22.0,17,1,0.6378,0.035347
DuelingDQN,large_grid,0,496,42729,-41.0,32,1,0.6376,0.026168
DuelingDQN,large_grid,0,497,42767,-63.0,38,1,0.6373,0.045671
DuelingDQN,large_grid,0,498,42811,-69.0,44,1,0.6369,0.039606
DuelingDQN,large_grid,0,499,42815,7.0,4,1,0.6368,0.01936
DuelingDQN,large_grid,0,500,42868,-94.0,53,1,0.6364,0.038096
DuelingDQN,large_grid,0,501,42921,-82.0,53,1,0.6359,0.039349
DuelingDQN,large_grid,0,502,42967,-79.0,46,1,0.6356,0.055154
DuelingDQN,large_grid,0,503,42974,-8.0,7,1,0.6355,0.050939
DuelingDQN,large_grid,0,504,43035,-94.0,61,1,0.635,0.076014
DuelingDQN,large_grid,0,505,43043,-5.0,8,1,0.6349,0.074317
DuelingDQN,large_grid,0,506,43126,-168.0,83,1,0.6342,0.043029
DuelingDQN,large_grid,0,507,43144,-19.0,18,1,0.6341,0.040653
DuelingDQN,large_grid,0,508,43159,-20.0,15,1,0.6339,0.034636
DuelingDQN,large_grid,0,509,43205,-95.0,46,1,0.6335,0.045117
DuelingDQN,large_grid,0,510,43212,-4.0,7,1,0.6335,0.023388
DuelingDQN,large_grid,0,511,43249,-66.0,37,1,0.6332,0.025743
DuelingDQN,large_grid,0,512,43264,-28.0,15,1,0.633,0.033184
DuelingDQN,large_grid,0,513,43343,-144.0,79,1,0.6324,0.059973
DuelingDQN,large_grid,0,514,43358,-20.0,15,1,0.6322,0.061949
DuelingDQN,large_grid,0,515,43399,-66.0,41,1,0.6319,0.047842
DuelingDQN,large_grid,0,516,43449,-87.0,50,1,0.6315,0.040872
DuelingDQN,large_grid,0,517,43497,-77.0,48,1,0.6311,0.046534
DuelingDQN,large_grid,0,518,43638,-306.0,141,1,0.6299,0.064464
DuelingDQN,large_grid,0,519,43713,-160.0,75,1,0.6292,0.0613
DuelingDQN,large_grid,0,520,43730,-26.0,17,1,0.6291,0.056998
DuelingDQN,large_grid,0,521,43799,-142.0,69,1,0.6285,0.054281
DuelingDQN,large_grid,0,522,43810,-8.0,11,1,0.6284,0.049487
DuelingDQN,large_grid,0,523,43829,-28.0,19,1,0.6282,0.037278
DuelingDQN,large_grid,0,524,43853,-45.0,24,1,0.628,0.040318
DuelingDQN,large_grid,0,525,43913,-109.0,60,1,0.6275,0.04094
DuelingDQN,large_grid,0,526,43948,-40.0,35,1,0.6272,0.028795
DuelingDQN,large_grid,0,527,44009,-122.0,61,1,0.6267,0.041961
DuelingDQN,large_grid,0,528,44055,-67.0,46,1,0.6263,0.063167
DuelingDQN,large_grid,0,529,44100,-74.0,45,1,0.6259,0.061031
DuelingDQN,large_grid,0,530,44117,-30.0,17,1,0.6258,0.048346
DuelingDQN,large_grid,0,531,44134,-18.0,17,1,0.6257,0.036826
DuelingDQN,large_grid,0,532,44148,-7.0,14,1,0.6255,0.048553
DuelingDQN,large_grid,0,533,44167,-32.0,19,1,0.6254,0.033039
DuelingDQN,large_grid,0,534,44186,-24.0,19,1,0.6252,0.057027
DuelingDQN,large_grid,0,535,44246,-113.0,60,1,0.6247,0.040935
DuelingDQN,large_grid,0,536,44311,-122.0,65,1,0.6242,0.035766
DuelingDQN,large_grid,0,537,44340,-42.0,29,1,0.6239,0.033722
DuelingDQN,large_grid,0,538,44411,-148.0,71,1,0.6233,0.037961
DuelingDQN,large_grid,0,539,44466,-104.0,55,1,0.6228,0.037597
DuelingDQN,large_grid,0,540,44557,-184.0,91,1,0.6221,0.068151
DuelingDQN,large_grid,0,541,44637,-129.0,80,1,0.6214,0.043928
DuelingDQN,large_grid,0,542,44641,7.0,4,1,0.6214,0.015352
DuelingDQN,large_grid,0,543,44744,-184.0,103,1,0.6205,0.053075
DuelingDQN,large_grid,0,544,44795,-112.0,51,1,0.6201,0.034106
DuelingDQN,large_grid,0,545,44860,-130.0,65,1,0.6195,0.046563
DuelingDQN,large_grid,0,546,44897,-54.0,37,1,0.6192,0.048161
DuelingDQN,large_grid,0,547,44912,-8.0,15,1,0.6191,0.03097
DuelingDQN,large_grid,0,548,44916,3.0,4,1,0.619,0.014059
DuelingDQN,large_grid,0,549,44979,-104.0,63,1,0.6185,0.057408
DuelingDQN,large_grid,0,550,45020,-74.0,41,1,0.6181,0.048291
DuelingDQN,large_grid,0,551,45090,-127.0,70,1,0.6175,0.06354
DuelingDQN,large_grid,0,552,45167,-146.0,77,1,0.6169,0.04707
DuelingDQN,large_grid,0,553,45201,-59.0,34,1,0.6166,0.030865
DuelingDQN,large_grid,0,554,45291,-179.0,90,1,0.6158,0.041806
DuelingDQN,large_grid,0,555,45330,-84.0,39,1,0.6155,0.035197
DuelingDQN,large_grid,0,556,45347,-42.0,17,1,0.6154,0.047466
DuelingDQN,large_grid,0,557,45405,-123.0,58,1,0.6149,0.041855
DuelingDQN,large_grid,0,558,45505,-221.0,100,1,0.614,0.043348
DuelingDQN,large_grid,0,559,45514,-6.0,9,1,0.614,0.063245
DuelingDQN,large_grid,0,560,45562,-93.0,48,1,0.6135,0.085934
DuelingDQN,large_grid,0,561,45567,6.0,5,1,0.6135,0.070051
DuelingDQN,large_grid,0,562,45573,1.0,6,1,0.6135,0.099232
DuelingDQN,large_grid,0,563,45576,8.0,3,1,0.6134,0.103877
DuelingDQN,large_grid,0,564,45663,-200.0,87,1,0.6127,0.054611
DuelingDQN,large_grid,0,565,45667,7.0,4,1,0.6127,0.123001
DuelingDQN,large_grid,0,566,45695,-29.0,28,1,0.6124,0.020105
DuelingDQN,large_grid,0,567,45721,-27.0,26,1,0.6122,0.040011
DuelingDQN,large_grid,0,568,45746,-30.0,25,1,0.612,0.048783
DuelingDQN,large_grid,0,569,45810,-117.0,64,1,0.6114,0.0507
DuelingDQN,large_grid,0,570,45834,-25.0,24,1,0.6112,0.051046
DuelingDQN,large_grid,0,571,45880,-79.0,46,1,0.6108,0.038596
DuelingDQN,large_grid,0,572,45892,-13.0,12,1,0.6107,0.010481
DuelingDQN,large_grid,0,573,45933,-70.0,41,1,0.6104,0.065904
DuelingDQN,large_grid,0,574,45977,-57.0,44,1,0.61,0.024027
DuelingDQN,large_grid,0,575,46007,-51.0,30,1,0.6098,0.06367
DuelingDQN,large_grid,0,576,46042,-56.0,35,1,0.6095,0.072682
DuelingDQN,large_grid,0,577,46135,-218.0,93,1,0.6087,0.048748
DuelingDQN,large_grid,0,578,46138,8.0,3,1,0.6087,0.082714
DuelingDQN,large_grid,0,579,46203,-134.0,65,1,0.6081,0.041674
DuelingDQN,large_grid,0,580,46277,-135.0,74,1,0.6075,0.039509
DuelingDQN,large_grid,0,581,46343,-115.0,66,1,0.6069,0.049087
DuelingDQN,large_grid,0,582,46355,-9.0,12,1,0.6068,0.047384
DuelingDQN,large_grid,0,583,46395,-69.0,40,1,0.6065,0.049053
DuelingDQN,large_grid,0,584,46493,-183.0,98,1,0.6056,0.041682
DuelingDQN,large_grid,0,585,46515,-43.0,22,1,0.6055,0.093432
DuelingDQN,large_grid,0,586,46523,-1.0,8,1,0.6054,0.132737
DuelingDQN,large_grid,0,587,46596,-146.0,73,1,0.6048,0.094889
DuelingDQN,large_grid,0,588,46623,-36.0,27,1,0.6045,0.0689
DuelingDQN,large_grid,0,589,46681,-127.0,58,1,0.6041,0.059085
DuelingDQN,large_grid,0,590,46696,-16.0,15,1,0.6039,0.022553
DuelingDQN,large_grid,0,591,46743,-84.0,47,1,0.6035,0.046784
DuelingDQN,large_grid,0,592,46822,-148.0,79,1,0.6029,0.042581
DuelingDQN,large_grid,0,593,46909,-188.0,87,1,0.6021,0.045523
DuelingDQN,large_grid,0,594,46969,-93.0,60,1,0.6016,0.033456
DuelingDQN,large_grid,0,595,46993,-41.0,24,1,0.6014,0.018462
DuelingDQN,large_grid,0,596,47032,-64.0,39,1,0.6011,0.098492
DuelingDQN,large_grid,0,597,47064,-29.0,32,1,0.6008,0.087468
DuelingDQN,large_grid,0,598,47117,-90.0,53,1,0.6004,0.072793
DuelingDQN,large_grid,0,599,47148,-44.0,31,1,0.6001,0.093116
DuelingDQN,large_grid,0,600,47158,-3.0,10,1,0.6,0.059388
DuelingDQN,large_grid,0,601,47225,-128.0,67,1,0.5994,0.043413
DuelingDQN,large_grid,0,602,47262,-58.0,37,1,0.5991,0.034859
DuelingDQN,large_grid,0,603,47317,-116.0,55,1,0.5987,0.027051
DuelingDQN,large_grid,0,604,47400,-156.0,83,1,0.598,0.03402
DuelingDQN,large_grid,0,605,47414,-23.0,14,1,0.5978,0.025135
DuelingDQN,large_grid,0,606,47450,-57.0,36,1,0.5975,0.02867
DuelingDQN,large_grid,0,607,47497,-92.0,47,1,0.5971,0.044125
DuelingDQN,large_grid,0,608,47572,-152.0,75,1,0.5965,0.071344
DuelingDQN,large_grid,0,609,47656,-137.0,84,1,0.5958,0.054075
DuelingDQN,large_grid,0,610,47678,-27.0,22,1,0.5956,0.048505
DuelingDQN,large_grid,0,611,47744,-139.0,66,1,0.595,0.044373
DuelingDQN,large_grid,0,612,47755,-8.0,11,1,0.5949,0.02702
DuelingDQN,large_grid,0,613,47770,-12.0,15,1,0.5948,0.051136
DuelingDQN,large_grid,0,614,47970,-412.0,200,0,0.5931,0.035641
DuelingDQN,large_grid,0,615,48043,-142.0,73,1,0.5925,0.07253
DuelingDQN,large_grid,0,616,48098,-96.0,55,1,0.592,0.056646
DuelingDQN,large_grid,0,617,48105,4.0,7,1,0.592,0.059958
DuelingDQN,large_grid,0,618,48147,-59.0,42,1,0.5916,0.061656
DuelingDQN,large_grid,0,619,48179,-45.0,32,1,0.5913,0.068293
DuelingDQN,large_grid,0,620,48216,-58.0,37,1,0.591,0.035307
DuelingDQN,large_grid,0,621,48257,-62.0,41,1,0.5907,0.026684
DuelingDQN,large_grid,0,622,48317,-97.0,60,1,0.5902,0.039952
DuelingDQN,large_grid,0,623,48336,-20.0,19,1,0.59,0.073884
DuelingDQN,large_grid,0,624,48345,-2.0,9,1,0.5899,0.014763
DuelingDQN,large_grid,0,625,48396,-84.0,51,1,0.5895,0.046324
DuelingDQN,large_grid,0,626,48438,-71.0,42,1,0.5892,0.037524
DuelingDQN,large_grid,0,627,48451,-14.0,13,1,0.589,0.016722
DuelingDQN,large_grid,0,628,48510,-100.0,59,1,0.5885,0.042768
DuelingDQN,large_grid,0,629,48537,-48.0,27,1,0.5883,0.111456
DuelingDQN,large_grid,0,630,48631,-215.0,94,1,0.5875,0.075977
DuelingDQN,large_grid,0,631,48643,-9.0,12,1,0.5874,0.063242
DuelingDQN,large_grid,0,632,48679,-73.0,36,1,0.5871,0.043579
DuelingDQN,large_grid,0,633,48701,-27.0,22,1,0.5869,0.040683
DuelingDQN,large_grid,0,634,48773,-117.0,72,1,0.5863,0.044673
DuelingDQN,large_grid,0,635,48813,-73.0,40,1,0.586,0.030542
DuelingDQN,large_grid,0,636,48848,-60.0,35,1,0.5857,0.020057
DuelingDQN,large_grid,0,637,48882,-51.0,34,1,0.5854,0.018759
DuelingDQN,large_grid,0,638,48915,-54.0,33,1,0.5851,0.029478
DuelingDQN,large_grid,0,639,48957,-67.0,42,1,0.5847,0.030444
DuelingDQN,large_grid,0,640,48978,-18.0,21,1,0.5846,0.045282
DuelingDQN,large_grid,0,641,49035,-122.0,57,1,0.5841,0.081508
DuelingDQN,large_grid,0,642,49061,-39.0,26,1,0.5839,0.067835
DuelingDQN,large_grid,0,643,49087,-39.0,26,1,0.5836,0.05062
DuelingDQN,large_grid,0,644,49109,-19.0,22,1,0.5835,0.043463
DuelingDQN,large_grid,0,645,49136,-32.0,27,1,0.5832,0.049543
DuelingDQN,large_grid,0,646,49156,-13.0,20,1,0.5831,0.06559
DuelingDQN,large_grid,0,647,49189,-58.0,33,1,0.5828,0.035036
DuelingDQN,large_grid,0,648,49256,-124.0,67,1,0.5822,0.033312
DuelingDQN,large_grid,0,649,49290,-51.0,34,1,0.5819,0.054762
DuelingDQN,large_grid,0,650,49294,7.0,4,1,0.5819,0.057914
DuelingDQN,large_grid,0,651,49322,-29.0,28,1,0.5817,0.028147
DuelingDQN,large_grid,0,652,49356,-71.0,34,1,0.5814,0.059362
DuelingDQN,large_grid,0,653,49493,-254.0,137,1,0.5802,0.042838
DuelingDQN,large_grid,0,654,49534,-58.0,41,1,0.5799,0.081299
DuelingDQN,large_grid,0,655,49572,-63.0,38,1,0.5795,0.0823
DuelingDQN,large_grid,0,656,49619,-80.0,47,1,0.5791,0.064342
DuelingDQN,large_grid,0,657,49665,-83.0,46,1,0.5787,0.043183
DuelingDQN,large_grid,0,658,49682,-30.0,17,1,0.5786,0.064536
DuelingDQN,large_grid,0,659,49711,-62.0,29,1,0.5784,0.056271
DuelingDQN,large_grid,0,660,49740,-46.0,29,1,0.5781,0.038544
DuelingDQN,large_grid,0,661,49744,7.0,4,1,0.5781,0.124196
DuelingDQN,large_grid,0,662,49787,-72.0,43,1,0.5777,0.047734
DuelingDQN,large_grid,0,663,49808,-34.0,21,1,0.5775,0.04591
DuelingDQN,large_grid,0,664,49903,-232.0,95,1,0.5767,0.045913
DuelingDQN,large_grid,0,665,49933,-31.0,30,1,0.5765,0.055398
DuelingDQN,large_grid,0,666,49939,-3.0,6,1,0.5764,0.016754
DuelingDQN,large_grid,0,667,50030,-168.0,91,1,0.5756,0.071984
DuelingDQN,large_grid,0,668,50061,-48.0,31,1,0.5754,0.08841
DuelingDQN,large_grid,0,669,50165,-221.0,104,1,0.5745,0.075083
DuelingDQN,large_grid,0,670,50204,-60.0,39,1,0.5742,0.048596
DuelingDQN,large_grid,0,671,50205,10.0,1,1,0.5742,0.202316
DuelingDQN,large_grid,0,672,50243,-63.0,38,1,0.5738,0.042907
DuelingDQN,large_grid,0,673,50308,-114.0,65,1,0.5733,0.045764
DuelingDQN,large_grid,0,674,50338,-35.0,30,1,0.573,0.038856
DuelingDQN,large_grid,0,675,50383,-74.0,45,1,0.5727,0.034364
DuelingDQN,large_grid,0,676,50459,-125.0,76,1,0.572,0.050982
DuelingDQN,large_grid,0,677,50468,-2.0,9,1,0.5719,0.018683
DuelingDQN,large_grid,0,678,50498,-47.0,30,1,0.5717,0.039952
DuelingDQN,large_grid,0,679,50508,-3.0,10,1,0.5716,0.126684
DuelingDQN,large_grid,0,680,50564,-81.0,56,1,0.5711,0.100651
DuelingDQN,large_grid,0,681,50591,-48.0,27,1,0.5709,0.08416
DuelingDQN,large_grid,0,682,50692,-214.0,101,1,0.57,0.070863
DuelingDQN,large_grid,0,683,50739,-76.0,47,1,0.5696,0.043034
DuelingDQN,large_grid,0,684,50795,-97.0,56,1,0.5692,0.070627
DuelingDQN,large_grid,0,685,50853,-107.0,58,1,0.5687,0.050673
DuelingDQN,large_grid,0,686,50902,-58.0,49,1,0.5683,0.059564
DuelingDQN,large_grid,0,687,50960,-107.0,58,1,0.5678,0.035457
DuelingDQN,large_grid,0,688,51026,-127.0,66,1,0.5672,0.067863
DuelingDQN,large_grid,0,689,51034,-5.0,8,1,0.5671,0.093206
DuelingDQN,large_grid,0,690,51059,-38.0,25,1,0.5669,0.10423
DuelingDQN,large_grid,0,691,51117,-99.0,58,1,0.5664,0.072207
DuelingDQN,large_grid,0,692,51160,-52.0,43,1,0.5661,0.072176
DuelingDQN,large_grid,0,693,51182,-31.0,22,1,0.5659,0.082213
DuelingDQN,large_grid,0,694,51229,-56.0,47,1,0.5655,0.045186
DuelingDQN,large_grid,0,695,51268,-84.0,39,1,0.5651,0.04687
DuelingDQN,large_grid,0,696,51269,10.0,1,1,0.5651,0.007111
DuelingDQN,large_grid,0,697,51311,-59.0,42,1,0.5648,0.056416
DuelingDQN,large_grid,0,698,51328,-22.0,17,1,0.5646,0.043066
DuelingDQN,large_grid,0,699,51329,10.0,1,1,0.5646,0.042035
DuelingDQN,large_grid,0,700,51367,-59.0,38,1,0.5643,0.048025
DuelingDQN,large_grid,0,701,51435,-133.0,68,1,0.5637,0.045179
DuelingDQN,large_grid,0,702,51474,-76.0,39,1,0.5634,0.041919
DuelingDQN,large_grid,0,703,51503,-42.0,29,1,0.5632,0.083467
DuelingDQN,large_grid,0,704,51539,-53.0,36,1,0.5628,0.088775
DuelingDQN,large_grid,0,705,51555,-29.0,16,1,0.5627,0.082938
DuelingDQN,large_grid,0,706,51622,-128.0,67,1,0.5621,0.072182
DuelingDQN,large_grid,0,707,51639,-18.0,17,1,0.562,0.066135
DuelingDQN,large_grid,0,708,51644,2.0,5,1,0.562,0.067331
DuelingDQN,large_grid,0,709,51667,-32.0,23,1,0.5618,0.072191
DuelingDQN,large_grid,0,710,51717,-123.0,50,1,0.5613,0.055258
DuelingDQN,large_grid,0,711,51756,-64.0,39,1,0.561,0.048736
DuelingDQN,large_grid,0,712,51777,-18.0,21,1,0.5608,0.084985
DuelingDQN,large_grid,0,713,51826,-78.0,49,1,0.5604,0.057983
DuelingDQN,large_grid,0,714,51905,-136.0,79,1,0.5597,0.045735
DuelingDQN,large_grid,0,715,51923,-35.0,18,1,0.5596,0.05526
DuelingDQN,large_grid,0,716,51941,-23.0,18,1,0.5594,0.027213
DuelingDQN,large_grid,0,717,51989,-77.0,48,1,0.559,0.063945
DuelingDQN,large_grid,0,718,52028,-36.0,39,1,0.5587,0.068865
DuelingDQN,large_grid,0,719,52065,-46.0,37,1,0.5584,0.073999
DuelingDQN,large_grid,0,720,52223,-303.0,158,1,0.557,0.048684
DuelingDQN,large_grid,0,721,52273,-99.0,50,1,0.5566,0.047068
DuelingDQN,large_grid,0,722,52299,-23.0,26,1,0.5564,0.034513
DuelingDQN,large_grid,0,723,52358,-100.0,59,1,0.5559,0.039092
DuelingDQN,large_grid,0,724,52408,-91.0,50,1,0.5555,0.043056
DuelingDQN,large_grid,0,725,52442,-67.0,34,1,0.5552,0.029461
DuelingDQN,large_grid,0,726,52466,-25.0,24,1,0.555,0.044993
DuelingDQN,large_grid,0,727,52493,-52.0,27,1,0.5548,0.046046
DuelingDQN,large_grid,0,728,52566,-158.0,73,1,0.5541,0.07663
DuelingDQN,large_grid,0,729,52610,-65.0,44,1,0.5538,0.067219
DuelingDQN,large_grid,0,730,52666,-85.0,56,1,0.5533,0.082222
DuelingDQN,large_grid,0,731,52719,-90.0,53,1,0.5528,0.051157
DuelingDQN,large_grid,0,732,52867,-333.0,148,1,0.5516,0.053573
DuelingDQN,large_grid,0,733,52905,-47.0,38,1,0.5513,0.056434
DuelingDQN,large_grid,0,734,52983,-139.0,78,1,0.5506,0.040233
DuelingDQN,large_grid,0,735,53057,-135.0,74,1,0.55,0.089485
DuelingDQN,large_grid,0,736,53080,-28.0,23,1,0.5498,0.092445
DuelingDQN,large_grid,0,737,53084,7.0,4,1,0.5497,0.105631
DuelingDQN,large_grid,0,738,53128,-73.0,44,1,0.5494,0.072065
DuelingDQN,large_grid,0,739,53176,-89.0,48,1,0.549,0.0683
DuelingDQN,large_grid,0,740,53246,-127.0,70,1,0.5484,0.046916
DuelingDQN,large_grid,0,741,53287,-58.0,41,1,0.548,0.055646
DuelingDQN,large_grid,0,742,53308,-30.0,21,1,0.5478,0.042142
DuelingDQN,large_grid,0,743,53332,-29.0,24,1,0.5476,0.016027
DuelingDQN,large_grid,0,744,53350,-19.0,18,1,0.5475,0.079702
DuelingDQN,large_grid,0,745,53402,-81.0,52,1,0.547,0.057974
DuelingDQN,large_grid,0,746,53423,-22.0,21,1,0.5469,0.044644
DuelingDQN,large_grid,0,747,53481,-99.0,58,1,0.5464,0.04263
DuelingDQN,large_grid,0,748,53531,-103.0,50,1,0.546,0.071114
DuelingDQN,large_grid,0,749,53548,-22.0,17,1,0.5458,0.071623
DuelingDQN,large_grid,0,750,53606,-103.0,58,1,0.5453,0.049158
DuelingDQN,large_grid,0,751,53641,-72.0,35,1,0.545,0.036288
DuelingDQN,large_grid,0,752,53695,-99.0,54,1,0.5446,0.063482
DuelingDQN,large_grid,0,753,53743,-73.0,48,1,0.5442,0.038746
DuelingDQN,large_grid,0,754,53796,-98.0,53,1,0.5437,0.058745
DuelingDQN,large_grid,0,755,53841,-78.0,45,1,0.5433,0.033678
DuelingDQN,large_grid,0,756,53871,-55.0,30,1,0.5431,0.075056
DuelingDQN,large_grid,0,757,53947,-145.0,76,1,0.5424,0.033846
DuelingDQN,large_grid,0,758,53961,-31.0,14,1,0.5423,0.01325
DuelingDQN,large_grid,0,759,54007,-83.0,46,1,0.5419,0.055059
DuelingDQN,large_grid,0,760,54024,-34.0,17,1,0.5418,0.084863
DuelingDQN,large_grid,0,761,54045,-14.0,21,1,0.5416,0.08456
DuelingDQN,large_grid,0,762,54070,-34.0,25,1,0.5414,0.074132
DuelingDQN,large_grid,0,763,54089,-28.0,19,1,0.5412,0.061429
DuelingDQN,large_grid,0,764,54133,-81.0,44,1,0.5408,0.074653
DuelingDQN,large_grid,0,765,54159,-43.0,26,1,0.5406,0.048998
DuelingDQN,large_grid,0,766,54214,-100.0,55,1,0.5402,0.064089
DuelingDQN,large_grid,0,767,54265,-88.0,51,1,0.5397,0.038329
DuelingDQN,large_grid,0,768,54294,-34.0,29,1,0.5395,0.043368
DuelingDQN,large_grid,0,769,54336,-51.0,42,1,0.5391,0.035994
DuelingDQN,large_grid,0,770,54380,-93.0,44,1,0.5387,0.051699
DuelingDQN,large_grid,0,771,54408,-33.0,28,1,0.5385,0.061902
DuelingDQN,large_grid,0,772,54443,-52.0,35,1,0.5382,0.022036
DuelingDQN,large_grid,0,773,54456,-10.0,13,1,0.5381,0.029481
DuelingDQN,large_grid,0,774,54478,-27.0,22,1,0.5379,0.067295
DuelingDQN,large_grid,0,775,54501,-32.0,23,1,0.5377,0.067754
DuelingDQN,large_grid,0,776,54509,3.0,8,1,0.5377,0.08079
DuelingDQN,large_grid,0,777,54514,6.0,5,1,0.5376,0.114218
DuelingDQN,large_grid,0,778,54529,-20.0,15,1,0.5375,0.089144
DuelingDQN,large_grid,0,779,54560,-48.0,31,1,0.5372,0.059699
DuelingDQN,large_grid,0,780,54622,-87.0,62,1,0.5367,0.08003
DuelingDQN,large_grid,0,781,54667,-66.0,45,1,0.5363,0.0517
DuelingDQN,large_grid,0,782,54708,-50.0,41,1,0.536,0.062665
DuelingDQN,large_grid,0,783,54750,-75.0,42,1,0.5356,0.045001
DuelingDQN,large_grid,0,784,54813,-132.0,63,1,0.5351,0.055597
DuelingDQN,large_grid,0,785,54851,-83.0,38,1,0.5348,0.047722
DuelingDQN,large_grid,0,786,54887,-53.0,36,1,0.5344,0.052402
DuelingDQN,large_grid,0,787,54896,2.0,9,1,0.5344,0.047154
DuelingDQN,large_grid,0,788,54920,-33.0,24,1,0.5342,0.060963
DuelingDQN,large_grid,0,789,54991,-100.0,71,1,0.5336,0.03989
DuelingDQN,large_grid,0,790,55029,-83.0,38,1,0.5332,0.061585
DuelingDQN,large_grid,0,791,55097,-125.0,68,1,0.5327,0.04866
DuelingDQN,large_grid,0,792,55127,-31.0,30,1,0.5324,0.075124
DuelingDQN,large_grid,0,793,55131,7.0,4,1,0.5324,0.129169
DuelingDQN,large_grid,0,794,55192,-102.0,61,1,0.5319,0.046992
DuelingDQN,large_grid,0,795,55228,-49.0,36,1,0.5316,0.043896
DuelingDQN,large_grid,0,796,55273,-70.0,45,1,0.5312,0.055238
DuelingDQN,large_grid,0,797,55332,-84.0,59,1,0.5307,0.030324
DuelingDQN,large_grid,0,798,55347,-16.0,15,1,0.5305,0.03622
DuelingDQN,large_grid,0,799,55380,-50.0,33,1,0.5303,0.055779
DuelingDQN,large_grid,0,800,55399,-16.0,19,1,0.5301,0.068362
DQN,large_grid,1,1,195,-528.0,195,1,0.9983,
DQN,large_grid,1,2,395,-464.0,200,0,0.9966,
DQN,large_grid,1,3,595,-588.0,200,0,0.995,
DQN,large_grid,1,4,795,-572.0,200,0,0.9933,
DQN,large_grid,1,5,947,-393.0,152,1,0.992,
DQN,large_grid,1,6,1147,-456.0,200,0,0.9903,1.308615
DQN,large_grid,1,7,1347,-600.0,200,0,0.9886,0.634712
DQN,large_grid,1,8,1547,-552.0,200,0,0.9869,0.438672
DQN,large_grid,1,9,1747,-644.0,200,0,0.9852,0.447507
DQN,large_grid,1,10,1947,-576.0,200,0,0.9835,0.43196
DQN,large_grid,1,11,2147,-588.0,200,0,0.9818,0.378024
DQN,large_grid,1,12,2347,-604.0,200,0,0.9801,0.296554
DQN,large_grid,1,13,2547,-564.0,200,0,0.9784,0.256012
DQN,large_grid,1,14,2733,-467.0,186,1,0.9768,0.213877
DQN,large_grid,1,15,2933,-484.0,200,0,0.9751,0.182933
DQN,large_grid,1,16,3133,-608.0,200,0,0.9734,0.205187
DQN,large_grid,1,17,3333,-568.0,200,0,0.9717,0.182357
DQN,large_grid,1,18,3364,-56.0,31,1,0.9715,0.175528
DQN,large_grid,1,19,3564,-416.0,200,0,0.9698,0.180747
DQN,large_grid,1,20,3764,-484.0,200,0,0.9681,0.167374
DQN,large_grid,1,21,3955,-548.0,191,1,0.9665,0.156933
DQN,large_grid,1,22,4155,-540.0,200,0,0.9648,0.146593
DQN,large_grid,1,23,4355,-536.0,200,0,0.9631,0.134475
DQN,large_grid,1,24,4555,-572.0,200,0,0.9614,0.121705
DQN,large_grid,1,25,4755,-564.0,200,0,0.9597,0.111823
DQN,large_grid,1,26,4955,-520.0,200,0,0.958,0.106276
DQN,large_grid,1,27,5155,-536.0,200,0,0.9563,0.118958
DQN,large_grid,1,28,5230,-172.0,75,1,0.9556,0.098024
DQN,large_grid,1,29,5430,-568.0,200,0,0.9539,0.096987
DQN,large_grid,1,30,5630,-400.0,200,0,0.9522,0.100303
DQN,large_grid,1,31,5830,-436.0,200,0,0.9505,0.08163
DQN,large_grid,1,32,6030,-568.0,200,0,0.9489,0.093353
DQN,large_grid,1,33,6230,-544.0,200,0,0.9472,0.081412
DQN,large_grid,1,34,6430,-440.0,200,0,0.9455,0.06586
DQN,large_grid,1,35,6630,-588.0,200,0,0.9438,0.073533
DQN,large_grid,1,36,6830,-436.0,200,0,0.9421,0.067082
DQN,large_grid,1,37,7030,-536.0,200,0,0.9404,0.083121
DQN,large_grid,1,38,7230,-468.0,200,0,0.9387,0.057993
DQN,large_grid,1,39,7261,-52.0,31,1,0.9384,0.035607
DQN,large_grid,1,40,7461,-448.0,200,0,0.9367,0.049307
DQN,large_grid,1,41,7661,-524.0,200,0,0.935,0.055126
DQN,large_grid,1,42,7861,-584.0,200,0,0.9333,0.045616
DQN,large_grid,1,43,8061,-404.0,200,0,0.9316,0.060436
DQN,large_grid,1,44,8261,-528.0,200,0,0.9299,0.036608
DQN,large_grid,1,45,8461,-428.0,200,0,0.9282,0.036553
DQN,large_grid,1,46,8661,-568.0,200,0,0.9265,0.045831
DQN,large_grid,1,47,8861,-444.0,200,0,0.9248,0.041092
DQN,large_grid,1,48,9061,-540.0,200,0,0.9231,0.040711
DQN,large_grid,1,49,9261,-556.0,200,0,0.9214,0.026072
DQN,large_grid,1,50,9461,-608.0,200,0,0.9198,0.024286
DQN,large_grid,1,51,9661,-440.0,200,0,0.9181,0.043481
DQN,large_grid,1,52,9861,-552.0,200,0,0.9164,0.030215
DQN,large_grid,1,53,10061,-512.0,200,0,0.9147,0.048406
DQN,large_grid,1,54,10261,-508.0,200,0,0.913,0.025947
DQN,large_grid,1,55,10461,-492.0,200,0,0.9113,0.027302
DQN,large_grid,1,56,10661,-496.0,200,0,0.9096,0.03877
DQN,large_grid,1,57,10861,-516.0,200,0,0.9079,0.031706
DQN,large_grid,1,58,11061,-408.0,200,0,0.9062,0.039581
DQN,large_grid,1,59,11261,-524.0,200,0,0.9045,0.023791
DQN,large_grid,1,60,11461,-492.0,200,0,0.9028,0.032815
DQN,large_grid,1,61,11661,-476.0,200,0,0.9011,0.04263
DQN,large_grid,1,62,11732,-124.0,71,1,0.9005,0.013595
DQN,large_grid,1,63,11932,-440.0,200,0,0.8988,0.023458
DQN,large_grid,1,64,12132,-508.0,200,0,0.8971,0.033345
DQN,large_grid,1,65,12332,-516.0,200,0,0.8954,0.030003
DQN,large_grid,1,66,12333,10.0,1,1,0.8954,0.007707
DQN,large_grid,1,67,12533,-556.0,200,0,0.8937,0.037228
DQN,large_grid,1,68,12733,-536.0,200,0,0.892,0.034431
DQN,large_grid,1,69,12933,-568.0,200,0,0.8903,0.025022
DQN,large_grid,1,70,13133,-532.0,200,0,0.8886,0.024108
DQN,large_grid,1,71,13164,-48.0,31,1,0.8883,0.02203
DQN,large_grid,1,72,13341,-410.0,177,1,0.8868,0.027948
DQN,large_grid,1,73,13376,-52.0,35,1,0.8865,0.019149
DQN,large_grid,1,74,13576,-420.0,200,0,0.8848,0.045676
DQN,large_grid,1,75,13776,-540.0,200,0,0.8831,0.030686
DQN,large_grid,1,76,13844,-169.0,68,1,0.8826,0.028078
DQN,large_grid,1,77,14044,-588.0,200,0,0.8809,0.042085
DQN,large_grid,1,78,14244,-512.0,200,0,0.8792,0.02908
DQN,large_grid,1,79,14292,-97.0,48,1,0.8788,0.049225
DQN,large_grid,1,80,14492,-416.0,200,0,0.8771,0.038912
DQN,large_grid,1,81,14668,-417.0,176,1,0.8756,0.065778
DQN,large_grid,1,82,14868,-536.0,200,0,0.8739,0.047724
DQN,large_grid,1,83,14957,-226.0,89,1,0.8731,0.022801
DQN,large_grid,1,84,15157,-528.0,200,0,0.8714,0.041549
DQN,large_grid,1,85,15357,-436.0,200,0,0.8697,0.028617
DQN,large_grid,1,86,15557,-568.0,200,0,0.868,0.058163
DQN,large_grid,1,87,15757,-508.0,200,0,0.8663,0.035533
DQN,large_grid,1,88,15957,-508.0,200,0,0.8647,0.031609
DQN,large_grid,1,89,16157,-424.0,200,0,0.863,0.046969
DQN,large_grid,1,90,16357,-536.0,200,0,0.8613,0.046483
DQN,large_grid,1,91,16557,-584.0,200,0,0.8596,0.066356
DQN,large_grid,1,92,16757,-480.0,200,0,0.8579,0.047614
DQN,large_grid,1,93,16957,-536.0,200,0,0.8562,0.051109
DQN,large_grid,1,94,17157,-516.0,200,0,0.8545,0.03589
DQN,large_grid,1,95,17357,-508.0,200,0,0.8528,0.035454
DQN,large_grid,1,96,17557,-552.0,200,0,0.8511,0.035966
DQN,large_grid,1,97,17757,-384.0,200,0,0.8494,0.036673
DQN,large_grid,1,98,17957,-392.0,200,0,0.8477,0.033322
DQN,large_grid,1,99,18157,-584.0,200,0,0.846,0.034188
DQN,large_grid,1,100,18357,-428.0,200,0,0.8443,0.036728
DQN,large_grid,1,101,18557,-448.0,200,0,0.8426,0.038628
DQN,large_grid,1,102,18757,-504.0,200,0,0.8409,0.044252
DQN,large_grid,1,103,18957,-560.0,200,0,0.8392,0.028225
DQN,large_grid,1,104,19096,-252.0,139,1,0.838,0.06727
DQN,large_grid,1,105,19282,-439.0,186,1,0.8364,0.033982
DQN,large_grid,1,106,19482,-540.0,200,0,0.8348,0.054705
DQN,large_grid,1,107,19682,-564.0,200,0,0.8331,0.047891
DQN,large_grid,1,108,19882,-520.0,200,0,0.8314,0.031846
DQN,large_grid,1,109,20032,-387.0,150,1,0.8301,0.038953
DQN,large_grid,1,110,20138,-251.0,106,1,0.8292,0.05452
DQN,large_grid,1,111,20234,-181.0,96,1,0.8284,0.050868
DQN,large_grid,1,112,20434,-436.0,200,0,0.8267,0.069117
DQN,large_grid,1,113,20634,-384.0,200,0,0.825,0.052397
DQN,large_grid,1,114,20737,-192.0,103,1,0.8241,0.042161
DQN,large_grid,1,115,20881,-309.0,144,1,0.8229,0.040512
DQN,large_grid,1,116,21022,-302.0,141,1,0.8217,0.019962
DQN,large_grid,1,117,21222,-532.0,200,0,0.82,0.037766
DQN,large_grid,1,118,21335,-298.0,113,1,0.819,0.045223
DQN,large_grid,1,119,21535,-540.0,200,0,0.8173,0.071141
DQN,large_grid,1,120,21735,-436.0,200,0,0.8156,0.048728
DQN,large_grid,1,121,21816,-178.0,81,1,0.815,0.0198
DQN,large_grid,1,122,22016,-404.0,200,0,0.8133,0.074114
DQN,large_grid,1,123,22216,-488.0,200,0,0.8116,0.078237
DQN,large_grid,1,124,22364,-349.0,148,1,0.8103,0.069385
DQN,large_grid,1,125,22564,-424.0,200,0,0.8086,0.079868
DQN,large_grid,1,126,22764,-500.0,200,0,0.8069,0.056373
DQN,large_grid,1,127,22964,-432.0,200,0,0.8052,0.038354
DQN,large_grid,1,128,23164,-484.0,200,0,0.8035,0.065341
DQN,large_grid,1,129,23364,-548.0,200,0,0.8018,0.078954
DQN,large_grid,1,130,23564,-508.0,200,0,0.8001,0.089512
DQN,large_grid,1,131,23764,-440.0,200,0,0.7984,0.068485
DQN,large_grid,1,132,23964,-424.0,200,0,0.7967,0.053691
DQN,large_grid,1,133,24164,-488.0,200,0,0.795,0.076567
DQN,large_grid,1,134,24364,-348.0,200,0,0.7933,0.054512
DQN,large_grid,1,135,24497,-278.0,133,1,0.7922,0.025304
DQN,large_grid,1,136,24697,-536.0,200,0,0.7905,0.058542
DQN,large_grid,1,137,24897,-568.0,200,0,0.7888,0.047198
DQN,large_grid,1,138,25097,-540.0,200,0,0.7871,0.065906
DQN,large_grid,1,139,25297,-464.0,200,0,0.7854,0.044039
DQN,large_grid,1,140,25497,-480.0,200,0,0.7837,0.055198
DQN,large_grid,1,141,25615,-191.0,118,1,0.7827,0.080045
DQN,large_grid,1,142,25815,-352.0,200,0,0.781,0.044997
DQN,large_grid,1,143,26015,-400.0,200,0,0.7793,0.067949
DQN,large_grid,1,144,26215,-476.0,200,0,0.7776,0.027988
DQN,large_grid,1,145,26415,-388.0,200,0,0.7759,0.076178
DQN,large_grid,1,146,26445,-39.0,30,1,0.7757,0.079382
DQN,large_grid,1,147,26492,-76.0,47,1,0.7753,0.069841
DQN,large_grid,1,148,26692,-444.0,200,0,0.7736,0.076364
DQN,large_grid,1,149,26693,10.0,1,1,0.7736,0.786902
DQN,large_grid,1,150,26847,-379.0,154,1,0.7723,0.073742
DQN,large_grid,1,151,27047,-512.0,200,0,0.7706,0.038201
DQN,large_grid,1,152,27247,-464.0,200,0,0.7689,0.054774
DQN,large_grid,1,153,27447,-540.0,200,0,0.7672,0.05764
DQN,large_grid,1,154,27647,-368.0,200,0,0.7655,0.08311
DQN,large_grid,1,155,27847,-512.0,200,0,0.7638,0.057907
DQN,large_grid,1,156,28047,-508.0,200,0,0.7621,0.076806
DQN,large_grid,1,157,28247,-496.0,200,0,0.7604,0.067591
DQN,large_grid,1,158,28302,-100.0,55,1,0.7599,0.031475
DQN,large_grid,1,159,28502,-484.0,200,0,0.7582,0.077883
DQN,large_grid,1,160,28702,-484.0,200,0,0.7565,0.067103
DQN,large_grid,1,161,28902,-364.0,200,0,0.7548,0.047666
DQN,large_grid,1,162,28920,-19.0,18,1,0.7547,0.002196
DQN,large_grid,1,163,29120,-384.0,200,0,0.753,0.077387
DQN,large_grid,1,164,29320,-528.0,200,0,0.7513,0.038966
DQN,large_grid,1,165,29520,-516.0,200,0,0.7496,0.073265
DQN,large_grid,1,166,29665,-318.0,145,1,0.7484,0.062442
DQN,large_grid,1,167,29794,-250.0,129,1,0.7473,0.066713
DQN,large_grid,1,168,29994,-364.0,200,0,0.7456,0.068219
DQN,large_grid,1,169,30109,-284.0,115,1,0.7446,0.096926
DQN,large_grid,1,170,30309,-468.0,200,0,0.7429,0.071153
DQN,large_grid,1,171,30509,-452.0,200,0,0.7412,0.060742
DQN,large_grid,1,172,30709,-400.0,200,0,0.7395,0.059164
DQN,large_grid,1,173,30789,-117.0,80,1,0.7388,0.086863
DQN,large_grid,1,174,30989,-488.0,200,0,0.7371,0.065159
DQN,large_grid,1,175,31088,-208.0,99,1,0.7363,0.085944
DQN,large_grid,1,176,31288,-356.0,200,0,0.7346,0.066052
DQN,large_grid,1,177,31488,-396.0,200,0,0.7329,0.078643
DQN,large_grid,1,178,31580,-169.0,92,1,0.7321,0.141902
DQN,large_grid,1,179,31780,-488.0,200,0,0.7304,0.080793
DQN,large_grid,1,180,31980,-460.0,200,0,0.7287,0.07992
DQN,large_grid,1,181,32180,-368.0,200,0,0.727,0.083272
DQN,large_grid,1,182,32311,-320.0,131,1,0.7259,0.069259
DQN,large_grid,1,183,32323,-9.0,12,1,0.7258,0.00274
DQN,large_grid,1,184,32523,-332.0,200,0,0.7241,0.078266
DQN,large_grid,1,185,32723,-444.0,200,0,0.7224,0.080243
DQN,large_grid,1,186,32923,-364.0,200,0,0.7207,0.054602
DQN,large_grid,1,187,33123,-392.0,200,0,0.719,0.055253
DQN,large_grid,1,188,33323,-436.0,200,0,0.7173,0.120497
DQN,large_grid,1,189,33523,-460.0,200,0,0.7157,0.089782
DQN,large_grid,1,190,33723,-364.0,200,0,0.714,0.080492
DQN,large_grid,1,191,33923,-420.0,200,0,0.7123,0.078703
DQN,large_grid,1,192,34123,-292.0,200,0,0.7106,0.052988
DQN,large_grid,1,193,34323,-480.0,200,0,0.7089,0.048164
DQN,large_grid,1,194,34523,-408.0,200,0,0.7072,0.088299
DQN,large_grid,1,195,34632,-258.0,109,1,0.7062,0.11019
DQN,large_grid,1,196,34832,-460.0,200,0,0.7046,0.079803
DQN,large_grid,1,197,35032,-428.0,200,0,0.7029,0.097455
DQN,large_grid,1,198,35066,-51.0,34,1,0.7026,0.03606
DQN,large_grid,1,199,35266,-392.0,200,0,0.7009,0.066549
DQN,large_grid,1,200,35466,-456.0,200,0,0.6992,0.071726
DQN,large_grid,1,201,35485,-40.0,19,1,0.699,0.050436
DQN,large_grid,1,202,35494,2.0,9,1,0.6989,0.105299
DQN,large_grid,1,203,35694,-348.0,200,0,0.6972,0.059095
DQN,large_grid,1,204,35894,-364.0,200,0,0.6955,0.088769
DQN,large_grid,1,205,35937,-72.0,43,1,0.6952,0.087005
DQN,large_grid,1,206,35992,-124.0,55,1,0.6947,0.053345
DQN,large_grid,1,207,36192,-504.0,200,0,0.693,0.077751
DQN,large_grid,1,208,36322,-243.0,130,1,0.6919,0.073768
DQN,large_grid,1,209,36522,-340.0,200,0,0.6902,0.071364
DQN,large_grid,1,210,36722,-516.0,200,0,0.6885,0.054184
DQN,large_grid,1,211,36922,-476.0,200,0,0.6868,0.050334
DQN,large_grid,1,212,37122,-408.0,200,0,0.6851,0.111953
DQN,large_grid,1,213,37322,-488.0,200,0,0.6834,0.087167
DQN,large_grid,1,214,37429,-248.0,107,1,0.6825,0.099365
DQN,large_grid,1,215,37508,-136.0,79,1,0.6819,0.045345
DQN,large_grid,1,216,37708,-460.0,200,0,0.6802,0.082801
DQN,large_grid,1,217,37908,-496.0,200,0,0.6785,0.109329
DQN,large_grid,1,218,38108,-476.0,200,0,0.6768,0.069929
DQN,large_grid,1,219,38308,-324.0,200,0,0.6751,0.102229
DQN,large_grid,1,220,38508,-452.0,200,0,0.6734,0.081925
DQN,large_grid,1,221,38708,-356.0,200,0,0.6717,0.09364
DQN,large_grid,1,222,38908,-432.0,200,0,0.67,0.1038
DQN,large_grid,1,223,38956,-81.0,48,1,0.6696,0.049017
DQN,large_grid,1,224,39156,-388.0,200,0,0.6679,0.065569
DQN,large_grid,1,225,39182,-35.0,26,1,0.6677,0.079161
DQN,large_grid,1,226,39382,-388.0,200,0,0.666,0.09544
DQN,large_grid,1,227,39425,-84.0,43,1,0.6656,0.047928
DQN,large_grid,1,228,39572,-312.0,147,1,0.6643,0.123369
DQN,large_grid,1,229,39772,-352.0,200,0,0.6626,0.102916
DQN,large_grid,1,230,39780,-5.0,8,1,0.6626,0.012994
DQN,large_grid,1,231,39800,-25.0,20,1,0.6624,0.149172
DQN,large_grid,1,232,40000,-316.0,200,0,0.6607,0.118011
DQN,large_grid,1,233,40200,-332.0,200,0,0.659,0.112588
DQN,large_grid,1,234,40400,-444.0,200,0,0.6573,0.050677
DQN,large_grid,1,235,40600,-348.0,200,0,0.6556,0.142181
DQN,large_grid,1,236,40800,-476.0,200,0,0.6539,0.08969
DQN,large_grid,1,237,40837,-70.0,37,1,0.6536,0.110792
DQN,large_grid,1,238,40843,5.0,6,1,0.6536,0.012122
DQN,large_grid,1,239,40858,-12.0,15,1,0.6534,0.14376
DQN,large_grid,1,240,41000,-279.0,142,1,0.6522,0.065751
DQN,large_grid,1,241,41200,-320.0,200,0,0.6505,0.106494
DQN,large_grid,1,242,41400,-456.0,200,0,0.6488,0.101862
DQN,large_grid,1,243,41436,-61.0,36,1,0.6485,0.118757
DQN,large_grid,1,244,41557,-238.0,121,1,0.6475,0.075092
DQN,large_grid,1,245,41575,-15.0,18,1,0.6474,0.018518
DQN,large_grid,1,246,41775,-436.0,200,0,0.6457,0.124011
DQN,large_grid,1,247,41781,1.0,6,1,0.6456,0.022197
DQN,large_grid,1,248,41981,-416.0,200,0,0.6439,0.127956
DQN,large_grid,1,249,42181,-348.0,200,0,0.6422,0.131166
DQN,large_grid,1,250,42238,-106.0,57,1,0.6417,0.15217
DQN,large_grid,1,251,42244,1.0,6,1,0.6417,0.014868
DQN,large_grid,1,252,42444,-408.0,200,0,0.64,0.096719
DQN,large_grid,1,253,42644,-332.0,200,0,0.6383,0.138558
DQN,large_grid,1,254,42844,-344.0,200,0,0.6366,0.160041
DQN,large_grid,1,255,43044,-328.0,200,0,0.6349,0.136857
DQN,large_grid,1,256,43244,-352.0,200,0,0.6332,0.116045
DQN,large_grid,1,257,43444,-352.0,200,0,0.6315,0.099981
DQN,large_grid,1,258,43644,-300.0,200,0,0.6298,0.104127
DQN,large_grid,1,259,43844,-304.0,200,0,0.6281,0.136249
DQN,large_grid,1,260,44044,-456.0,200,0,0.6264,0.11002
DQN,large_grid,1,261,44244,-428.0,200,0,0.6247,0.100099
DQN,large_grid,1,262,44444,-452.0,200,0,0.623,0.118695
DQN,large_grid,1,263,44504,-129.0,60,1,0.6225,0.156666
DQN,large_grid,1,264,44507,8.0,3,1,0.6225,0.053623
DQN,large_grid,1,265,44707,-324.0,200,0,0.6208,0.133572
DQN,large_grid,1,266,44807,-193.0,100,1,0.6199,0.156997
DQN,large_grid,1,267,44830,-28.0,23,1,0.6197,0.10931
DQN,large_grid,1,268,44859,-30.0,29,1,0.6195,0.215619
DQN,large_grid,1,269,45059,-292.0,200,0,0.6178,0.119885
DQN,large_grid,1,270,45075,-21.0,16,1,0.6177,0.149041
DQN,large_grid,1,271,45079,3.0,4,1,0.6176,0.034728
DQN,large_grid,1,272,45279,-524.0,200,0,0.6159,0.116983
DQN,large_grid,1,273,45479,-436.0,200,0,0.6142,0.113811
DQN,large_grid,1,274,45679,-372.0,200,0,0.6125,0.138344
DQN,large_grid,1,275,45879,-316.0,200,0,0.6108,0.160981
DQN,large_grid,1,276,45907,-49.0,28,1,0.6106,0.115678
DQN,large_grid,1,277,46043,-265.0,136,1,0.6095,0.074991
DQN,large_grid,1,278,46243,-412.0,200,0,0.6078,0.108932
DQN,large_grid,1,279,46443,-400.0,200,0,0.6061,0.12709
DQN,large_grid,1,280,46458,-4.0,15,1,0.6059,0.123488
DQN,large_grid,1,281,46658,-412.0,200,0,0.6042,0.127667
DQN,large_grid,1,282,46858,-316.0,200,0,0.6025,0.140296
DQN,large_grid,1,283,47058,-308.0,200,0,0.6008,0.179345
DQN,large_grid,1,284,47078,-21.0,20,1,0.6007,0.145563
DQN,large_grid,1,285,47139,-134.0,61,1,0.6002,0.116945
DQN,large_grid,1,286,47339,-364.0,200,0,0.5985,0.152665
DQN,large_grid,1,287,47539,-360.0,200,0,0.5968,0.170096
DQN,large_grid,1,288,47739,-368.0,200,0,0.5951,0.16142
DQN,large_grid,1,289,47790,-116.0,51,1,0.5946,0.17663
DQN,large_grid,1,290,47796,1.0,6,1,0.5946,0.201192
DQN,large_grid,1,291,47996,-352.0,200,0,0.5929,0.175041
DQN,large_grid,1,292,48016,-25.0,20,1,0.5927,0.120958
DQN,large_grid,1,293,48216,-452.0,200,0,0.591,0.182377
DQN,large_grid,1,294,48416,-308.0,200,0,0.5893,0.203017
DQN,large_grid,1,295,48438,-23.0,22,1,0.5891,0.113515
DQN,large_grid,1,296,48638,-424.0,200,0,0.5874,0.165339
DQN,large_grid,1,297,48649,-8.0,11,1,0.5874,0.17025
DQN,large_grid,1,298,48658,-2.0,9,1,0.5873,0.273159
DQN,large_grid,1,299,48677,-24.0,19,1,0.5871,0.140979
DQN,large_grid,1,300,48877,-324.0,200,0,0.5854,0.161669
DQN,large_grid,1,301,49077,-324.0,200,0,0.5837,0.178193
DQN,large_grid,1,302,49173,-181.0,96,1,0.5829,0.250111
DQN,large_grid,1,303,49373,-400.0,200,0,0.5812,0.19462
DQN,large_grid,1,304,49573,-384.0,200,0,0.5795,0.205794
DQN,large_grid,1,305,49773,-436.0,200,0,0.5778,0.198487
DQN,large_grid,1,306,49973,-304.0,200,0,0.5761,0.216688
DQN,large_grid,1,307,50173,-356.0,200,0,0.5744,0.240573
DQN,large_grid,1,308,50373,-452.0,200,0,0.5727,0.201239
DQN,large_grid,1,309,50573,-336.0,200,0,0.571,0.204667
DQN,large_grid,1,310,50773,-284.0,200,0,0.5693,0.230192
DQN,large_grid,1,311,50973,-444.0,200,0,0.5676,0.22833
DQN,large_grid,1,312,50978,6.0,5,1,0.5676,0.147057
DQN,large_grid,1,313,50982,7.0,4,1,0.5676,0.141714
DQN,large_grid,1,314,51182,-384.0,200,0,0.5659,0.218681
DQN,large_grid,1,315,51215,-50.0,33,1,0.5656,0.265841
DQN,large_grid,1,316,51415,-352.0,200,0,0.5639,0.240824
DQN,large_grid,1,317,51615,-420.0,200,0,0.5622,0.244857
DQN,large_grid,1,318,51815,-328.0,200,0,0.5605,0.236804
DQN,large_grid,1,319,52015,-352.0,200,0,0.5588,0.238452
DQN,large_grid,1,320,52215,-440.0,200,0,0.5571,0.227326
DQN,large_grid,1,321,52415,-388.0,200,0,0.5554,0.287346
DQN,large_grid,1,322,52615,-396.0,200,0,0.5537,0.249534
DQN,large_grid,1,323,52815,-380.0,200,0,0.552,0.267821
DQN,large_grid,1,324,53015,-424.0,200,0,0.5503,0.272742
DQN,large_grid,1,325,53215,-396.0,200,0,0.5486,0.329668
DQN,large_grid,1,326,53217,5.0,2,1,0.5486,0.10817
DQN,large_grid,1,327,53396,-340.0,179,1,0.5471,0.285077
DQN,large_grid,1,328,53414,-15.0,18,1,0.5469,0.242379
DQN,large_grid,1,329,53614,-388.0,200,0,0.5452,0.282344
DQN,large_grid,1,330,53625,-8.0,11,1,0.5451,0.29303
DQN,large_grid,1,331,53825,-400.0,200,0,0.5434,0.307101
DQN,large_grid,1,332,54025,-464.0,200,0,0.5418,0.260168
DQN,large_grid,1,333,54225,-280.0,200,0,0.5401,0.35006
DQN,large_grid,1,334,54256,-52.0,31,1,0.5398,0.271605
DQN,large_grid,1,335,54261,2.0,5,1,0.5398,0.118867
DQN,large_grid,1,336,54286,-22.0,25,1,0.5395,0.325137
DQN,large_grid,1,337,54486,-376.0,200,0,0.5378,0.285993
DQN,large_grid,1,338,54686,-372.0,200,0,0.5361,0.317766
DQN,large_grid,1,339,54886,-328.0,200,0,0.5344,0.346254
DQN,large_grid,1,340,55086,-408.0,200,0,0.5328,0.31203
DQN,large_grid,1,341,55286,-416.0,200,0,0.5311,0.338269
DQN,large_grid,1,342,55486,-384.0,200,0,0.5294,0.321826
DQN,large_grid,1,343,55686,-464.0,200,0,0.5277,0.320591
DQN,large_grid,1,344,55759,-130.0,73,1,0.527,0.28168
DQN,large_grid,1,345,55799,-81.0,40,1,0.5267,0.375925
DQN,large_grid,1,346,55999,-392.0,200,0,0.525,0.347577
DQN,large_grid,1,347,56199,-408.0,200,0,0.5233,0.42301
DQN,large_grid,1,348,56213,-15.0,14,1,0.5232,0.381086
DQN,large_grid,1,349,56413,-352.0,200,0,0.5215,0.341138
DQN,large_grid,1,350,56425,-13.0,12,1,0.5214,0.364757
DQN,large_grid,1,351,56625,-356.0,200,0,0.5197,0.345968
DQN,large_grid,1,352,56640,-20.0,15,1,0.5196,0.376052
DQN,large_grid,1,353,56741,-178.0,101,1,0.5187,0.38601
DQN,large_grid,1,354,56906,-370.0,165,1,0.5173,0.363228
DQN,large_grid,1,355,57106,-332.0,200,0,0.5156,0.414326
DQN,large_grid,1,356,57130,-21.0,24,1,0.5154,0.41332
DQN,large_grid,1,357,57330,-364.0,200,0,0.5137,0.414902
DQN,large_grid,1,358,57424,-171.0,94,1,0.5129,0.393366
DQN,large_grid,1,359,57437,-10.0,13,1,0.5128,0.456977
DQN,large_grid,1,360,57495,-91.0,58,1,0.5123,0.407136
DQN,large_grid,1,361,57695,-404.0,200,0,0.5106,0.466166
DQN,large_grid,1,362,57761,-103.0,66,1,0.5101,0.370003
DQN,large_grid,1,363,57781,-17.0,20,1,0.5099,0.382991
DQN,large_grid,1,364,57981,-332.0,200,0,0.5082,0.431129
DQN,large_grid,1,365,58181,-300.0,200,0,0.5065,0.472374
DQN,large_grid,1,366,58381,-272.0,200,0,0.5048,0.458189
DQN,large_grid,1,367,58581,-364.0,200,0,0.5031,0.452215
DQN,large_grid,1,368,58599,-23.0,18,1,0.503,0.549384
DQN,large_grid,1,369,58735,-265.0,136,1,0.5018,0.499217
DQN,large_grid,1,370,58935,-324.0,200,0,0.5001,0.470297
DQN,large_grid,1,371,58954,-20.0,19,1,0.4999,0.410155
DQN,large_grid,1,372,59154,-292.0,200,0,0.4982,0.455955
DQN,large_grid,1,373,59354,-340.0,200,0,0.4966,0.479338
DQN,large_grid,1,374,59480,-247.0,126,1,0.4955,0.471603
DQN,large_grid,1,375,59680,-360.0,200,0,0.4938,0.509961
DQN,large_grid,1,376,59880,-344.0,200,0,0.4921,0.523383
DQN,large_grid,1,377,60080,-364.0,200,0,0.4904,0.542902
DQN,large_grid,1,378,60182,-159.0,102,1,0.4895,0.555479
DQN,large_grid,1,379,60382,-328.0,200,0,0.4878,0.490714
DQN,large_grid,1,380,60582,-300.0,200,0,0.4861,0.581683
DQN,large_grid,1,381,60782,-416.0,200,0,0.4844,0.579685
DQN,large_grid,1,382,60819,-34.0,37,1,0.4841,0.556402
DQN,large_grid,1,383,61019,-380.0,200,0,0.4824,0.573745
DQN,large_grid,1,384,61020,10.0,1,1,0.4824,0.424652
DQN,large_grid,1,385,61220,-312.0,200,0,0.4807,0.599515
DQN,large_grid,1,386,61420,-320.0,200,0,0.479,0.572132
DQN,large_grid,1,387,61620,-384.0,200,0,0.4773,0.613628
DQN,large_grid,1,388,61820,-356.0,200,0,0.4756,0.590025
DQN,large_grid,1,389,61847,-28.0,27,1,0.4754,0.589655
DQN,large_grid,1,390,62047,-380.0,200,0,0.4737,0.553564
DQN,large_grid,1,391,62247,-300.0,200,0,0.472,0.676738
DQN,large_grid,1,392,62447,-404.0,200,0,0.4703,0.621537
DQN,large_grid,1,393,62513,-107.0,66,1,0.4698,0.59844
DQN,large_grid,1,394,62535,-19.0,22,1,0.4696,0.66567
DQN,large_grid,1,395,62581,-71.0,46,1,0.4692,0.641425
DQN,large_grid,1,396,62608,-36.0,27,1,0.4689,0.695641
DQN,large_grid,1,397,62615,-4.0,7,1,0.4689,0.620771
DQN,large_grid,1,398,62815,-336.0,200,0,0.4672,0.67905
DQN,large_grid,1,399,62872,-82.0,57,1,0.4667,0.717642
DQN,large_grid,1,400,63072,-332.0,200,0,0.465,0.710403
DQN,large_grid,1,401,63272,-292.0,200,0,0.4633,0.6955
DQN,large_grid,1,402,63472,-388.0,200,0,0.4616,0.668099
DQN,large_grid,1,403,63672,-300.0,200,0,0.4599,0.70266
DQN,large_grid,1,404,63693,-22.0,21,1,0.4597,0.609112
DQN,large_grid,1,405,63729,-53.0,36,1,0.4594,0.698542
DQN,large_grid,1,406,63738,-2.0,9,1,0.4594,0.593072
DQN,large_grid,1,407,63938,-372.0,200,0,0.4577,0.652329
DQN,large_grid,1,408,64138,-384.0,200,0,0.456,0.69798
DQN,large_grid,1,409,64338,-356.0,200,0,0.4543,0.662888
DQN,large_grid,1,410,64368,-51.0,30,1,0.454,0.691616
DQN,large_grid,1,411,64484,-205.0,116,1,0.453,0.593464
DQN,large_grid,1,412,64494,-3.0,10,1,0.453,0.786034
DQN,large_grid,1,413,64694,-304.0,200,0,0.4513,0.735008
DQN,large_grid,1,414,64802,-157.0,108,1,0.4503,0.723526
DQN,large_grid,1,415,65002,-316.0,200,0,0.4486,0.638229
DQN,large_grid,1,416,65202,-316.0,200,0,0.4469,0.705674
DQN,large_grid,1,417,65402,-280.0,200,0,0.4453,0.676914
DQN,large_grid,1,418,65409,4.0,7,1,0.4452,0.619508
DQN,large_grid,1,419,65415,5.0,6,1,0.4451,0.749728
DQN,large_grid,1,420,65615,-328.0,200,0,0.4434,0.742952
DQN,large_grid,1,421,65639,-33.0,24,1,0.4432,0.767283
DQN,large_grid,1,422,65839,-316.0,200,0,0.4415,0.686811
DQN,large_grid,1,423,65854,-16.0,15,1,0.4414,0.686094
DQN,large_grid,1,424,66054,-400.0,200,0,0.4397,0.712136
DQN,large_grid,1,425,66089,-40.0,35,1,0.4394,0.741542
DQN,large_grid,1,426,66286,-378.0,197,1,0.4378,0.844536
DQN,large_grid,1,427,66486,-308.0,200,0,0.4361,0.72764
DQN,large_grid,1,428,66499,-6.0,13,1,0.4359,0.653918
DQN,large_grid,1,429,66699,-264.0,200,0,0.4342,0.827955
DQN,large_grid,1,430,66899,-296.0,200,0,0.4326,0.717641
DQN,large_grid,1,431,67099,-368.0,200,0,0.4309,0.757265
DQN,large_grid,1,432,67262,-304.0,163,1,0.4295,0.805301
DQN,large_grid,1,433,67364,-159.0,102,1,0.4286,0.760482
DQN,large_grid,1,434,67564,-272.0,200,0,0.4269,0.731039
DQN,large_grid,1,435,67583,-16.0,19,1,0.4268,0.934058
DQN,large_grid,1,436,67783,-320.0,200,0,0.4251,0.744951
DQN,large_grid,1,437,67810,-32.0,27,1,0.4248,0.829369
DQN,large_grid,1,438,68010,-372.0,200,0,0.4231,0.755352
DQN,large_grid,1,439,68052,-67.0,42,1,0.4228,0.878505
DQN,large_grid,1,440,68055,8.0,3,1,0.4227,0.959715
DQN,large_grid,1,441,68255,-368.0,200,0,0.4211,0.728448
DQN,large_grid,1,442,68455,-320.0,200,0,0.4194,0.733379
DQN,large_grid,1,443,68655,-340.0,200,0,0.4177,0.728206
DQN,large_grid,1,444,68849,-319.0,194,1,0.416,0.710135
DQN,large_grid,1,445,69049,-372.0,200,0,0.4143,0.756027
DQN,large_grid,1,446,69249,-260.0,200,0,0.4126,0.694374
DQN,large_grid,1,447,69449,-360.0,200,0,0.4109,0.737895
DQN,large_grid,1,448,69455,-3.0,6,1,0.4109,0.704643
DQN,large_grid,1,449,69462,4.0,7,1,0.4108,0.435383
DQN,large_grid,1,450,69662,-276.0,200,0,0.4091,0.739755
DQN,large_grid,1,451,69666,3.0,4,1,0.4091,0.713174
DQN,large_grid,1,452,69866,-324.0,200,0,0.4074,0.688078
DQN,large_grid,1,453,70066,-368.0,200,0,0.4057,0.688718
DQN,large_grid,1,454,70266,-336.0,200,0,0.404,0.684562
DQN,large_grid,1,455,70466,-356.0,200,0,0.4023,0.660119
DQN,large_grid,1,456,70666,-296.0,200,0,0.4006,0.682821
DQN,large_grid,1,457,70866,-348.0,200,0,0.3989,0.681744
DQN,large_grid,1,458,71066,-300.0,200,0,0.3972,0.622853
DQN,large_grid,1,459,71266,-368.0,200,0,0.3955,0.68788
DQN,large_grid,1,460,71466,-348.0,200,0,0.3938,0.605451
DQN,large_grid,1,461,71470,7.0,4,1,0.3938,0.907337
DQN,large_grid,1,462,71670,-344.0,200,0,0.3921,0.686733
DQN,large_grid,1,463,71672,5.0,2,1,0.3921,1.806544
DQN,large_grid,1,464,71872,-272.0,200,0,0.3904,0.619426
DQN,large_grid,1,465,72072,-336.0,200,0,0.3887,0.631808
DQN,large_grid,1,466,72091,-28.0,19,1,0.3885,0.689816
DQN,large_grid,1,467,72139,-73.0,48,1,0.3881,0.640511
DQN,large_grid,1,468,72186,-68.0,47,1,0.3877,0.6791
DQN,large_grid,1,469,72386,-300.0,200,0,0.386,0.642872
DQN,large_grid,1,470,72418,-41.0,32,1,0.3857,0.457323
DQN,large_grid,1,471,72618,-284.0,200,0,0.384,0.618732
DQN,large_grid,1,472,72627,2.0,9,1,0.384,0.929971
DQN,large_grid,1,473,72827,-296.0,200,0,0.3823,0.639618
DQN,large_grid,1,474,72877,-71.0,50,1,0.3818,0.619214
DQN,large_grid,1,475,73020,-232.0,143,1,0.3806,0.581478
DQN,large_grid,1,476,73072,-93.0,52,1,0.3802,0.681188
DQN,large_grid,1,477,73165,-178.0,93,1,0.3794,0.657923
DQN,large_grid,1,478,73200,-56.0,35,1,0.3791,0.62413
DQN,large_grid,1,479,73217,-6.0,17,1,0.379,0.759931
DQN,large_grid,1,480,73417,-296.0,200,0,0.3773,0.626704
DQN,large_grid,1,481,73617,-336.0,200,0,0.3756,0.608604
DQN,large_grid,1,482,73817,-256.0,200,0,0.3739,0.645545
DQN,large_grid,1,483,73850,-42.0,33,1,0.3736,0.65933
DQN,large_grid,1,484,73874,-21.0,24,1,0.3734,0.667771
DQN,large_grid,1,485,74074,-256.0,200,0,0.3717,0.63542
DQN,large_grid,1,486,74274,-304.0,200,0,0.37,0.672488
DQN,large_grid,1,487,74290,-13.0,16,1,0.3699,0.516459
DQN,large_grid,1,488,74490,-308.0,200,0,0.3682,0.615961
DQN,large_grid,1,489,74690,-256.0,200,0,0.3665,0.631033
DQN,large_grid,1,490,74890,-332.0,200,0,0.3648,0.574667
DQN,large_grid,1,491,74893,8.0,3,1,0.3647,0.804163
DQN,large_grid,1,492,75093,-360.0,200,0,0.3631,0.68167
DQN,large_grid,1,493,75120,-40.0,27,1,0.3628,0.732394
DQN,large_grid,1,494,75320,-356.0,200,0,0.3611,0.666272
DQN,large_grid,1,495,75493,-266.0,173,1,0.3597,0.588893
DQN,large_grid,1,496,75693,-332.0,200,0,0.358,0.614408
DQN,large_grid,1,497,75893,-328.0,200,0,0.3563,0.615149
DQN,large_grid,1,498,75902,-2.0,9,1,0.3562,0.443119
DQN,large_grid,1,499,75939,-50.0,37,1,0.3559,0.573725
DQN,large_grid,1,500,75973,-39.0,34,1,0.3556,0.54365
DQN,large_grid,1,501,76173,-240.0,200,0,0.3539,0.632249
DQN,large_grid,1,502,76373,-340.0,200,0,0.3522,0.674031
DQN,large_grid,1,503,76385,-13.0,12,1,0.3521,0.637383
DQN,large_grid,1,504,76585,-348.0,200,0,0.3504,0.59792
DQN,large_grid,1,505,76785,-360.0,200,0,0.3487,0.612251
DQN,large_grid,1,506,76985,-340.0,200,0,0.347,0.604558
DQN,large_grid,1,507,77074,-130.0,89,1,0.3462,0.659866
DQN,large_grid,1,508,77133,-80.0,59,1,0.3457,0.615268
DQN,large_grid,1,509,77333,-272.0,200,0,0.3441,0.587881
DQN,large_grid,1,510,77533,-264.0,200,0,0.3424,0.683843
DQN,large_grid,1,511,77733,-296.0,200,0,0.3407,0.605732
DQN,large_grid,1,512,77746,-14.0,13,1,0.3405,0.640585
DQN,large_grid,1,513,77946,-264.0,200,0,0.3389,0.565255
DQN,large_grid,1,514,78146,-320.0,200,0,0.3372,0.605527
DQN,large_grid,1,515,78168,-15.0,22,1,0.337,0.56095
DQN,large_grid,1,516,78368,-304.0,200,0,0.3353,0.579068
DQN,large_grid,1,517,78568,-356.0,200,0,0.3336,0.570263
DQN,large_grid,1,518,78621,-74.0,53,1,0.3331,0.604702
DQN,large_grid,1,519,78636,-4.0,15,1,0.333,0.655481
DQN,large_grid,1,520,78643,4.0,7,1,0.3329,0.716632
DQN,large_grid,1,521,78843,-264.0,200,0,0.3312,0.535393
DQN,large_grid,1,522,78859,-13.0,16,1,0.3311,0.566322
DQN,large_grid,1,523,78877,-15.0,18,1,0.331,0.671559
DQN,large_grid,1,524,78895,-19.0,18,1,0.3308,0.684976
DQN,large_grid,1,525,79095,-320.0,200,0,0.3291,0.614371
DQN,large_grid,1,526,79295,-332.0,200,0,0.3274,0.581061
DQN,large_grid,1,527,79298,8.0,3,1,0.3274,0.437248
DQN,large_grid,1,528,79498,-284.0,200,0,0.3257,0.534452
DQN,large_grid,1,529,79499,10.0,1,1,0.3257,0.376796
DQN,large_grid,1,530,79516,-6.0,17,1,0.3255,0.689178
DQN,large_grid,1,531,79526,1.0,10,1,0.3254,0.37744
DQN,large_grid,1,532,79572,-79.0,46,1,0.3251,0.649093
DQN,large_grid,1,533,79772,-276.0,200,0,0.3234,0.599067
DQN,large_grid,1,534,79972,-340.0,200,0,0.3217,0.611706
DQN,large_grid,1,535,79975,8.0,3,1,0.3216,0.781929
DQN,large_grid,1,536,80168,-314.0,193,1,0.32,0.659781
DQN,large_grid,1,537,80173,6.0,5,1,0.32,0.394843
DQN,large_grid,1,538,80206,-42.0,33,1,0.3197,0.664339
DQN,large_grid,1,539,80246,-45.0,40,1,0.3193,0.584523
DQN,large_grid,1,540,80446,-264.0,200,0,0.3176,0.593258
DQN,large_grid,1,541,80646,-332.0,200,0,0.3159,0.5891
DQN,large_grid,1,542,80846,-352.0,200,0,0.3143,0.596586
DQN,large_grid,1,543,81046,-308.0,200,0,0.3126,0.495125
DQN,large_grid,1,544,81052,5.0,6,1,0.3125,0.549711
DQN,large_grid,1,545,81062,-3.0,10,1,0.3124,0.591199
DQN,large_grid,1,546,81262,-252.0,200,0,0.3107,0.579794
DQN,large_grid,1,547,81270,-1.0,8,1,0.3107,0.418372
DQN,large_grid,1,548,81285,-8.0,15,1,0.3105,0.490022
DQN,large_grid,1,549,81302,-18.0,17,1,0.3104,0.735365
DQN,large_grid,1,550,81416,-147.0,114,1,0.3094,0.528097
DQN,large_grid,1,551,81461,-74.0,45,1,0.309,0.628555
DQN,large_grid,1,552,81661,-312.0,200,0,0.3073,0.582997
DQN,large_grid,1,553,81675,-7.0,14,1,0.3072,0.430129
DQN,large_grid,1,554,81700,-22.0,25,1,0.307,0.463871
DQN,large_grid,1,555,81900,-324.0,200,0,0.3053,0.554422
DQN,large_grid,1,556,81902,9.0,2,1,0.3053,0.334981
DQN,large_grid,1,557,81932,-39.0,30,1,0.305,0.795608
DQN,large_grid,1,558,82023,-120.0,91,1,0.3043,0.587705
DQN,large_grid,1,559,82223,-336.0,200,0,0.3026,0.537507
DQN,large_grid,1,560,82325,-171.0,102,1,0.3017,0.538471
DQN,large_grid,1,561,82344,-12.0,19,1,0.3015,0.682462
DQN,large_grid,1,562,82447,-136.0,103,1,0.3007,0.469935
DQN,large_grid,1,563,82469,-15.0,22,1,0.3005,0.508013
DQN,large_grid,1,564,82576,-140.0,107,1,0.2996,0.660116
DQN,large_grid,1,565,82612,-45.0,36,1,0.2993,0.625158
DQN,large_grid,1,566,82669,-78.0,57,1,0.2988,0.593989
DQN,large_grid,1,567,82795,-211.0,126,1,0.2977,0.497323
DQN,large_grid,1,568,82797,9.0,2,1,0.2977,0.452704
DQN,large_grid,1,569,82847,-71.0,50,1,0.2973,0.619373
DQN,large_grid,1,570,82884,-50.0,37,1,0.297,0.459707
DQN,large_grid,1,571,82886,9.0,2,1,0.2969,0.594867
DQN,large_grid,1,572,82918,-41.0,32,1,0.2967,0.523428
DQN,large_grid,1,573,82933,-12.0,15,1,0.2966,0.483087
DQN,large_grid,1,574,82941,-5.0,8,1,0.2965,0.490512
DQN,large_grid,1,575,82951,-3.0,10,1,0.2964,0.581845
DQN,large_grid,1,576,82972,-10.0,21,1,0.2962,0.343353
DQN,large_grid,1,577,83043,-92.0,71,1,0.2956,0.668202
DQN,large_grid,1,578,83076,-42.0,33,1,0.2953,0.538736
DQN,large_grid,1,579,83082,5.0,6,1,0.2953,0.615614
DQN,large_grid,1,580,83086,7.0,4,1,0.2953,0.437735
DQN,large_grid,1,581,83105,-12.0,19,1,0.2951,0.669776
DQN,large_grid,1,582,83305,-276.0,200,0,0.2934,0.603181
DQN,large_grid,1,583,83314,2.0,9,1,0.2933,0.576339
DQN,large_grid,1,584,83514,-328.0,200,0,0.2916,0.636572
DQN,large_grid,1,585,83527,-10.0,13,1,0.2915,0.722287
DQN,large_grid,1,586,83679,-217.0,152,1,0.2902,0.684493
DQN,large_grid,1,587,83879,-332.0,200,0,0.2885,0.603173
DQN,large_grid,1,588,83916,-46.0,37,1,0.2882,0.6043
DQN,large_grid,1,589,83989,-86.0,73,1,0.2876,0.670174
DQN,large_grid,1,590,84031,-47.0,42,1,0.2872,0.678203
DQN,large_grid,1,591,84065,-55.0,34,1,0.2869,0.678413
DQN,large_grid,1,592,84087,-19.0,22,1,0.2868,0.624482
DQN,large_grid,1,593,84287,-284.0,200,0,0.2851,0.617774
DQN,large_grid,1,594,84322,-40.0,35,1,0.2848,0.706638
DQN,large_grid,1,595,84464,-215.0,142,1,0.2836,0.584311
DQN,large_grid,1,596,84534,-87.0,70,1,0.283,0.646202
DQN,large_grid,1,597,84608,-115.0,74,1,0.2823,0.603614
DQN,large_grid,1,598,84768,-225.0,160,1,0.281,0.607255
DQN,large_grid,1,599,84794,-31.0,26,1,0.2808,0.59262
DQN,large_grid,1,600,84994,-292.0,200,0,0.2791,0.603284
DQN,large_grid,1,601,85007,-6.0,13,1,0.279,0.58413
DQN,large_grid,1,602,85207,-308.0,200,0,0.2773,0.609035
DQN,large_grid,1,603,85242,-44.0,35,1,0.277,0.652791
DQN,large_grid,1,604,85246,7.0,4,1,0.2769,0.62111
DQN,large_grid,1,605,85268,-23.0,22,1,0.2767,0.56829
DQN,large_grid,1,606,85304,-45.0,36,1,0.2764,0.496899
DQN,large_grid,1,607,85334,-31.0,30,1,0.2762,0.699231
DQN,large_grid,1,608,85340,5.0,6,1,0.2761,0.559442
DQN,large_grid,1,609,85396,-77.0,56,1,0.2757,0.478218
DQN,large_grid,1,610,85408,-9.0,12,1,0.2756,0.547776
DQN,large_grid,1,611,85416,-1.0,8,1,0.2755,0.582508
DQN,large_grid,1,612,85417,10.0,1,1,0.2755,0.546741
DQN,large_grid,1,613,85430,-6.0,13,1,0.2754,0.482976
DQN,large_grid,1,614,85463,-42.0,33,1,0.2751,0.658956
DQN,large_grid,1,615,85663,-268.0,200,0,0.2734,0.71091
DQN,large_grid,1,616,85673,-3.0,10,1,0.2733,0.488387
DQN,large_grid,1,617,85697,-25.0,24,1,0.2731,0.761495
DQN,large_grid,1,618,85729,-37.0,32,1,0.2728,0.556201
DQN,large_grid,1,619,85734,6.0,5,1,0.2728,0.504639
DQN,large_grid,1,620,85797,-56.0,63,1,0.2723,0.706869
DQN,large_grid,1,621,85849,-61.0,52,1,0.2718,0.680171
DQN,large_grid,1,622,85868,-20.0,19,1,0.2717,0.603399
DQN,large_grid,1,623,85907,-56.0,39,1,0.2713,0.784891
DQN,large_grid,1,624,85971,-97.0,64,1,0.2708,0.660659
DQN,large_grid,1,625,85972,10.0,1,1,0.2708,0.899946
DQN,large_grid,1,626,85977,2.0,5,1,0.2707,0.504976
DQN,large_grid,1,627,85984,-4.0,7,1,0.2707,0.530819
DQN,large_grid,1,628,86099,-156.0,115,1,0.2697,0.719176
DQN,large_grid,1,629,86106,0.0,7,1,0.2696,0.937853
DQN,large_grid,1,630,86306,-304.0,200,0,0.2679,0.67467
DQN,large_grid,1,631,86315,2.0,9,1,0.2679,0.752811
DQN,large_grid,1,632,86335,-17.0,20,1,0.2677,0.660846
DQN,large_grid,1,633,86400,-90.0,65,1,0.2671,0.620935
DQN,large_grid,1,634,86432,-29.0,32,1,0.2669,0.835158
DQN,large_grid,1,635,86632,-264.0,200,0,0.2652,0.66454
DQN,large_grid,1,636,86712,-89.0,80,1,0.2645,0.667349
DQN,large_grid,1,637,86746,-35.0,34,1,0.2642,0.63375
DQN,large_grid,1,638,86776,-23.0,30,1,0.264,0.693302
DQN,large_grid,1,639,86801,-22.0,25,1,0.2637,0.716786
DQN,large_grid,1,640,86830,-34.0,29,1,0.2635,0.672895
DQN,large_grid,1,641,86843,-2.0,13,1,0.2634,0.507337
DQN,large_grid,1,642,86857,-11.0,14,1,0.2633,0.645304
DQN,large_grid,1,643,86878,-26.0,21,1,0.2631,0.620331
DQN,large_grid,1,644,86897,-16.0,19,1,0.2629,0.689118
DQN,large_grid,1,645,86921,-13.0,24,1,0.2627,0.770705
DQN,large_grid,1,646,86944,-12.0,23,1,0.2625,0.583189
DQN,large_grid,1,647,86964,-17.0,20,1,0.2624,0.811893
DQN,large_grid,1,648,87164,-296.0,200,0,0.2607,0.738617
DQN,large_grid,1,649,87364,-320.0,200,0,0.259,0.666074
DQN,large_grid,1,650,87382,-19.0,18,1,0.2588,0.729291
DQN,large_grid,1,651,87419,-42.0,37,1,0.2585,0.695493
DQN,large_grid,1,652,87490,-80.0,71,1,0.2579,0.725183
DQN,large_grid,1,653,87532,-43.0,42,1,0.2575,0.67262
DQN,large_grid,1,654,87732,-332.0,200,0,0.2558,0.721929
DQN,large_grid,1,655,87787,-64.0,55,1,0.2554,0.668497
DQN,large_grid,1,656,87827,-57.0,40,1,0.255,0.658354
DQN,large_grid,1,657,87835,-1.0,8,1,0.255,0.944906
DQN,large_grid,1,658,87897,-79.0,62,1,0.2544,0.597172
DQN,large_grid,1,659,87925,-29.0,28,1,0.2542,0.733447
DQN,large_grid,1,660,87972,-44.0,47,1,0.2538,0.663511
DQN,large_grid,1,661,87985,-2.0,13,1,0.2537,0.626827
DQN,large_grid,1,662,88013,-21.0,28,1,0.2535,0.667141
DQN,large_grid,1,663,88041,-25.0,28,1,0.2532,0.799773
DQN,large_grid,1,664,88042,10.0,1,1,0.2532,0.289434
DQN,large_grid,1,665,88085,-52.0,43,1,0.2529,0.631182
DQN,large_grid,1,666,88110,-30.0,25,1,0.2526,0.773285
DQN,large_grid,1,667,88310,-304.0,200,0,0.2509,0.716579
DQN,large_grid,1,668,88510,-296.0,200,0,0.2492,0.718863
DQN,large_grid,1,669,88526,-13.0,16,1,0.2491,0.877867
DQN,large_grid,1,670,88726,-276.0,200,0,0.2474,0.675747
DQN,large_grid,1,671,88732,1.0,6,1,0.2474,0.591617
DQN,large_grid,1,672,88748,-17.0,16,1,0.2472,0.755387
DQN,large_grid,1,673,88784,-49.0,36,1,0.2469,0.756844
DQN,large_grid,1,674,88790,5.0,6,1,0.2469,0.679385
DQN,large_grid,1,675,88826,-37.0,36,1,0.2466,0.710902
DQN,large_grid,1,676,88854,-25.0,28,1,0.2463,0.672839
DQN,large_grid,1,677,88876,-19.0,22,1,0.2461,0.698917
DQN,large_grid,1,678,88921,-58.0,45,1,0.2458,0.705568
DQN,large_grid,1,679,89075,-195.0,154,1,0.2445,0.744517
DQN,large_grid,1,680,89110,-44.0,35,1,0.2442,0.864973
DQN,large_grid,1,681,89137,-32.0,27,1,0.2439,0.76723
DQN,large_grid,1,682,89337,-232.0,200,0,0.2422,0.761482
DQN,large_grid,1,683,89537,-236.0,200,0,0.2405,0.783063
DQN,large_grid,1,684,89540,8.0,3,1,0.2405,0.686794
DQN,large_grid,1,685,89740,-292.0,200,0,0.2388,0.738688
DQN,large_grid,1,686,89940,-288.0,200,0,0.2371,0.709784
DQN,large_grid,1,687,89964,-29.0,24,1,0.2369,0.79924
DQN,large_grid,1,688,90164,-316.0,200,0,0.2352,0.695512
DQN,large_grid,1,689,90364,-304.0,200,0,0.2335,0.753764
DQN,large_grid,1,690,90370,5.0,6,1,0.2335,0.524659
DQN,large_grid,1,691,90570,-256.0,200,0,0.2318,0.727896
DQN,large_grid,1,692,90577,4.0,7,1,0.2317,0.791265
DQN,large_grid,1,693,90597,-17.0,20,1,0.2315,0.862774
DQN,large_grid,1,694,90616,-12.0,19,1,0.2314,0.657975
DQN,large_grid,1,695,90630,-3.0,14,1,0.2313,0.725532
DQN,large_grid,1,696,90644,-7.0,14,1,0.2311,0.799874
DQN,large_grid,1,697,90663,-16.0,19,1,0.231,0.748872
DQN,large_grid,1,698,90677,-3.0,14,1,0.2309,0.814469
DQN,large_grid,1,699,90684,4.0,7,1,0.2308,0.722009
DQN,large_grid,1,700,90691,4.0,7,1,0.2307,0.677291
DQN,large_grid,1,701,90709,-11.0,18,1,0.2306,0.677575
DQN,large_grid,1,702,90909,-252.0,200,0,0.2289,0.707233
DQN,large_grid,1,703,90929,-17.0,20,1,0.2287,0.774876
DQN,large_grid,1,704,90948,-24.0,19,1,0.2286,0.737261
DQN,large_grid,1,705,90980,-29.0,32,1,0.2283,0.695228
DQN,large_grid,1,706,90986,5.0,6,1,0.2282,0.553663
DQN,large_grid,1,707,91025,-52.0,39,1,0.2279,0.795456
DQN,large_grid,1,708,91225,-236.0,200,0,0.2262,0.817648
DQN,large_grid,1,709,91425,-248.0,200,0,0.2245,0.740199
DQN,large_grid,1,710,91625,-236.0,200,0,0.2228,0.776582
DQN,large_grid,1,711,91669,-57.0,44,1,0.2225,0.738715
DQN,large_grid,1,712,91728,-64.0,59,1,0.222,0.886885
DQN,large_grid,1,713,91747,-12.0,19,1,0.2218,0.778034
DQN,large_grid,1,714,91947,-284.0,200,0,0.2201,0.70588
DQN,large_grid,1,715,91992,-58.0,45,1,0.2197,0.735363
DQN,large_grid,1,716,91993,10.0,1,1,0.2197,0.850899
DQN,large_grid,1,717,92003,1.0,10,1,0.2196,0.721362
DQN,large_grid,1,718,92039,-33.0,36,1,0.2193,0.846098
DQN,large_grid,1,719,92239,-288.0,200,0,0.2176,0.789752
DQN,large_grid,1,720,92439,-236.0,200,0,0.2159,0.758391
DQN,large_grid,1,721,92443,3.0,4,1,0.2159,0.673617
DQN,large_grid,1,722,92475,-37.0,32,1,0.2156,0.80845
DQN,large_grid,1,723,92476,10.0,1,1,0.2156,0.430541
DQN,large_grid,1,724,92546,-87.0,70,1,0.215,0.828709
DQN,large_grid,1,725,92746,-312.0,200,0,0.2133,0.747389
DQN,large_grid,1,726,92761,-12.0,15,1,0.2132,0.874867
DQN,large_grid,1,727,92782,-18.0,21,1,0.213,0.687861
DQN,large_grid,1,728,92813,-24.0,31,1,0.2127,0.801465
DQN,large_grid,1,729,92859,-55.0,46,1,0.2124,0.738612
DQN,large_grid,1,730,92885,-27.0,26,1,0.2121,0.866317
DQN,large_grid,1,731,92939,-67.0,54,1,0.2117,0.730238
DQN,large_grid,1,732,92944,2.0,5,1,0.2116,0.839354
DQN,large_grid,1,733,92971,-28.0,27,1,0.2114,0.787508
DQN,large_grid,1,734,92991,-9.0,20,1,0.2112,0.634516
DQN,large_grid,1,735,93043,-57.0,52,1,0.2108,0.892985
DQN,large_grid,1,736,93089,-51.0,46,1,0.2104,0.801997
DQN,large_grid,1,737,93289,-236.0,200,0,0.2087,0.784516
DQN,large_grid,1,738,93329,-53.0,40,1,0.2084,0.74413
DQN,large_grid,1,739,93451,-155.0,122,1,0.2073,0.799869
DQN,large_grid,1,740,93476,-14.0,25,1,0.2071,0.888198
DQN,large_grid,1,741,93496,-17.0,20,1,0.207,0.71413
DQN,large_grid,1,742,93696,-288.0,200,0,0.2053,0.788131
DQN,large_grid,1,743,93740,-49.0,44,1,0.2049,0.831451
DQN,large_grid,1,744,93766,-15.0,26,1,0.2047,0.739729
DQN,large_grid,1,745,93786,-17.0,20,1,0.2045,0.923525
DQN,large_grid,1,746,93817,-44.0,31,1,0.2042,0.68238
DQN,large_grid,1,747,93882,-82.0,65,1,0.2037,0.864179
DQN,large_grid,1,748,94082,-241.0,200,1,0.202,0.806863
DQN,large_grid,1,749,94101,-8.0,19,1,0.2018,0.969824
DQN,large_grid,1,750,94130,-26.0,29,1,0.2016,0.923033
DQN,large_grid,1,751,94196,-75.0,66,1,0.201,0.883557
DQN,large_grid,1,752,94211,-16.0,15,1,0.2009,0.879673
DQN,large_grid,1,753,94232,-14.0,21,1,0.2007,0.752605
DQN,large_grid,1,754,94340,-125.0,108,1,0.1998,0.824166
DQN,large_grid,1,755,94540,-280.0,200,0,0.1981,0.830736
DQN,large_grid,1,756,94572,-29.0,32,1,0.1978,0.866627
DQN,large_grid,1,757,94601,-26.0,29,1,0.1976,0.831388
DQN,large_grid,1,758,94626,-22.0,25,1,0.1974,0.968801
DQN,large_grid,1,759,94667,-42.0,41,1,0.197,0.857534
DQN,large_grid,1,760,94687,-9.0,20,1,0.1969,0.772618
DQN,large_grid,1,761,94709,-11.0,22,1,0.1967,0.805252
DQN,large_grid,1,762,94909,-260.0,200,0,0.195,0.822459
DQN,large_grid,1,763,94994,-106.0,85,1,0.1942,0.772223
DQN,large_grid,1,764,95023,-18.0,29,1,0.194,0.876685
DQN,large_grid,1,765,95065,-51.0,42,1,0.1936,0.990983
DQN,large_grid,1,766,95102,-38.0,37,1,0.1933,0.852483
DQN,large_grid,1,767,95302,-252.0,200,0,0.1916,0.813683
DQN,large_grid,1,768,95330,-21.0,28,1,0.1914,0.882037
DQN,large_grid,1,769,95361,-28.0,31,1,0.1911,0.901041
DQN,large_grid,1,770,95561,-280.0,200,0,0.1894,0.881085
DQN,large_grid,1,771,95583,-19.0,22,1,0.1893,0.833459
DQN,large_grid,1,772,95601,-15.0,18,1,0.1891,0.931975
DQN,large_grid,1,773,95606,6.0,5,1,0.1891,1.114024
DQN,large_grid,1,774,95612,5.0,6,1,0.189,0.824136
DQN,large_grid,1,775,95812,-244.0,200,0,0.1873,0.89936
DQN,large_grid,1,776,95841,-34.0,29,1,0.1871,0.766995
DQN,large_grid,1,777,95861,-25.0,20,1,0.1869,0.851628
DQN,large_grid,1,778,96061,-316.0,200,0,0.1852,0.882535
DQN,large_grid,1,779,96091,-39.0,30,1,0.1849,0.837036
DQN,large_grid,1,780,96291,-280.0,200,0,0.1832,0.886904
DQN,large_grid,1,781,96491,-244.0,200,0,0.1815,0.851385
DQN,large_grid,1,782,96535,-45.0,44,1,0.1812,1.051666
DQN,large_grid,1,783,96558,-12.0,23,1,0.181,0.835607
DQN,large_grid,1,784,96594,-33.0,36,1,0.1807,0.984631
DQN,large_grid,1,785,96620,-15.0,26,1,0.1805,0.957445
DQN,large_grid,1,786,96820,-276.0,200,0,0.1788,0.894101
DQN,large_grid,1,787,96847,-20.0,27,1,0.1785,0.996533
DQN,large_grid,1,788,96874,-28.0,27,1,0.1783,0.817053
DQN,large_grid,1,789,96889,-8.0,15,1,0.1782,0.847238
DQN,large_grid,1,790,96928,-36.0,39,1,0.1778,1.001097
DQN,large_grid,1,791,96958,-23.0,30,1,0.1776,0.853141
DQN,large_grid,1,792,97018,-65.0,60,1,0.1771,0.987905
DQN,large_grid,1,793,97112,-99.0,94,1,0.1763,1.021369
DQN,large_grid,1,794,97141,-30.0,29,1,0.176,0.983705
DQN,large_grid,1,795,97200,-88.0,59,1,0.1755,0.914222
DQN,large_grid,1,796,97208,3.0,8,1,0.1755,0.736045
DQN,large_grid,1,797,97215,4.0,7,1,0.1754,0.960408
DQN,large_grid,1,798,97415,-240.0,200,0,0.1737,0.914866
DQN,large_grid,1,799,97420,6.0,5,1,0.1737,0.795178
DQN,large_grid,1,800,97432,-5.0,12,1,0.1736,0.838267
DuelingDQN,large_grid,1,1,200,-648.0,200,0,0.9983,
DuelingDQN,large_grid,1,2,400,-588.0,200,0,0.9966,
DuelingDQN,large_grid,1,3,600,-612.0,200,0,0.9949,
DuelingDQN,large_grid,1,4,800,-560.0,200,0,0.9932,
DuelingDQN,large_grid,1,5,1000,-384.0,200,0,0.9915,2.510268
DuelingDQN,large_grid,1,6,1200,-412.0,200,0,0.9898,0.41542
DuelingDQN,large_grid,1,7,1390,-571.0,190,1,0.9882,0.033817
DuelingDQN,large_grid,1,8,1590,-564.0,200,0,0.9865,0.023963
DuelingDQN,large_grid,1,9,1790,-552.0,200,0,0.9848,0.013444
DuelingDQN,large_grid,1,10,1990,-608.0,200,0,0.9831,0.007414
DuelingDQN,large_grid,1,11,2190,-608.0,200,0,0.9814,0.027829
DuelingDQN,large_grid,1,12,2390,-584.0,200,0,0.9797,0.006538
DuelingDQN,large_grid,1,13,2590,-568.0,200,0,0.978,0.020009
DuelingDQN,large_grid,1,14,2643,-154.0,53,1,0.9776,0.01599
DuelingDQN,large_grid,1,15,2843,-536.0,200,0,0.9759,0.009865
DuelingDQN,large_grid,1,16,2982,-360.0,139,1,0.9747,0.013966
DuelingDQN,large_grid,1,17,3182,-544.0,200,0,0.973,0.036507
DuelingDQN,large_grid,1,18,3382,-512.0,200,0,0.9713,0.021386
DuelingDQN,large_grid,1,19,3582,-428.0,200,0,0.9696,0.036851
DuelingDQN,large_grid,1,20,3782,-560.0,200,0,0.9679,0.017726
DuelingDQN,large_grid,1,21,3982,-556.0,200,0,0.9662,0.007079
DuelingDQN,large_grid,1,22,4182,-568.0,200,0,0.9645,0.025918
DuelingDQN,large_grid,1,23,4382,-624.0,200,0,0.9628,0.012324
DuelingDQN,large_grid,1,24,4582,-512.0,200,0,0.9611,0.03987
DuelingDQN,large_grid,1,25,4782,-528.0,200,0,0.9594,0.015794
DuelingDQN,large_grid,1,26,4982,-588.0,200,0,0.9578,0.01002
DuelingDQN,large_grid,1,27,5182,-588.0,200,0,0.9561,0.03962
DuelingDQN,large_grid,1,28,5201,-28.0,19,1,0.9559,0.012437
DuelingDQN,large_grid,1,29,5401,-412.0,200,0,0.9542,0.018302
DuelingDQN,large_grid,1,30,5601,-380.0,200,0,0.9525,0.046665
DuelingDQN,large_grid,1,31,5697,-253.0,96,1,0.9517,0.021255
DuelingDQN,large_grid,1,32,5897,-560.0,200,0,0.95,0.020886
DuelingDQN,large_grid,1,33,6097,-560.0,200,0,0.9483,0.041872
DuelingDQN,large_grid,1,34,6297,-580.0,200,0,0.9466,0.026006
DuelingDQN,large_grid,1,35,6497,-577.0,200,1,0.9449,0.022748
DuelingDQN,large_grid,1,36,6697,-488.0,200,0,0.9432,0.061461
DuelingDQN,large_grid,1,37,6837,-321.0,140,1,0.942,0.019567
DuelingDQN,large_grid,1,38,7037,-516.0,200,0,0.9403,0.051151
DuelingDQN,large_grid,1,39,7041,3.0,4,1,0.9403,0.109235
DuelingDQN,large_grid,1,40,7241,-424.0,200,0,0.9386,0.052788
DuelingDQN,large_grid,1,41,7441,-520.0,200,0,0.9369,0.023331
DuelingDQN,large_grid,1,42,7641,-616.0,200,0,0.9352,0.105229
DuelingDQN,large_grid,1,43,7714,-174.0,73,1,0.9346,0.042523
DuelingDQN,large_grid,1,44,7914,-476.0,200,0,0.9329,0.024656
DuelingDQN,large_grid,1,45,8069,-396.0,155,1,0.9316,0.147255
DuelingDQN,large_grid,1,46,8078,-14.0,9,1,0.9315,0.121228
DuelingDQN,large_grid,1,47,8278,-480.0,200,0,0.9298,0.08838
DuelingDQN,large_grid,1,48,8478,-564.0,200,0,0.9281,0.034043
DuelingDQN,large_grid,1,49,8678,-536.0,200,0,0.9264,0.227952
DuelingDQN,large_grid,1,50,8878,-532.0,200,0,0.9247,0.073732
DuelingDQN,large_grid,1,51,9078,-416.0,200,0,0.923,0.164028
DuelingDQN,large_grid,1,52,9278,-560.0,200,0,0.9213,0.132507
DuelingDQN,large_grid,1,53,9478,-464.0,200,0,0.9196,0.077017
DuelingDQN,large_grid,1,54,9496,-19.0,18,1,0.9195,0.0614
DuelingDQN,large_grid,1,55,9696,-576.0,200,0,0.9178,0.236536
DuelingDQN,large_grid,1,56,9896,-480.0,200,0,0.9161,0.100454
DuelingDQN,large_grid,1,57,10096,-604.0,200,0,0.9144,0.187171
DuelingDQN,large_grid,1,58,10296,-460.0,200,0,0.9127,0.144441
DuelingDQN,large_grid,1,59,10392,-213.0,96,1,0.9119,0.077807
DuelingDQN,large_grid,1,60,10592,-580.0,200,0,0.9102,0.188417
DuelingDQN,large_grid,1,61,10636,-117.0,44,1,0.9098,0.224337
DuelingDQN,large_grid,1,62,10645,-6.0,9,1,0.9097,0.137103
DuelingDQN,large_grid,1,63,10845,-468.0,200,0,0.908,0.135775
DuelingDQN,large_grid,1,64,10939,-215.0,94,1,0.9072,0.087703
DuelingDQN,large_grid,1,65,10982,-84.0,43,1,0.9069,0.048977
DuelingDQN,large_grid,1,66,10983,10.0,1,1,0.9068,0.305028
DuelingDQN,large_grid,1,67,11183,-572.0,200,0,0.9052,0.260072
DuelingDQN,large_grid,1,68,11220,-46.0,37,1,0.9048,0.188421
DuelingDQN,large_grid,1,69,11420,-552.0,200,0,0.9031,0.108426
DuelingDQN,large_grid,1,70,11578,-383.0,158,1,0.9018,0.226557
DuelingDQN,large_grid,1,71,11624,-107.0,46,1,0.9014,0.313819
DuelingDQN,large_grid,1,72,11816,-469.0,192,1,0.8998,0.160887
DuelingDQN,large_grid,1,73,11857,-90.0,41,1,0.8994,0.117211
DuelingDQN,large_grid,1,74,12057,-504.0,200,0,0.8977,0.222117
DuelingDQN,large_grid,1,75,12257,-480.0,200,0,0.896,0.256801
DuelingDQN,large_grid,1,76,12279,-43.0,22,1,0.8959,0.140533
DuelingDQN,large_grid,1,77,12466,-500.0,187,1,0.8943,0.122977
DuelingDQN,large_grid,1,78,12547,-190.0,81,1,0.8936,0.338341
DuelingDQN,large_grid,1,79,12575,-61.0,28,1,0.8933,0.367877
DuelingDQN,large_grid,1,80,12775,-412.0,200,0,0.8916,0.162138
DuelingDQN,large_grid,1,81,12858,-224.0,83,1,0.8909,0.11037
DuelingDQN,large_grid,1,82,13058,-512.0,200,0,0.8892,0.233402
DuelingDQN,large_grid,1,83,13121,-152.0,63,1,0.8887,0.346703
DuelingDQN,large_grid,1,84,13220,-256.0,99,1,0.8879,0.193697
DuelingDQN,large_grid,1,85,13297,-166.0,77,1,0.8872,0.129609
DuelingDQN,large_grid,1,86,13497,-548.0,200,0,0.8855,0.098181
DuelingDQN,large_grid,1,87,13697,-544.0,200,0,0.8838,0.345297
DuelingDQN,large_grid,1,88,13897,-556.0,200,0,0.8821,0.130142
DuelingDQN,large_grid,1,89,14097,-476.0,200,0,0.8804,0.28128
DuelingDQN,large_grid,1,90,14297,-532.0,200,0,0.8787,0.175553
DuelingDQN,large_grid,1,91,14497,-604.0,200,0,0.877,0.113356
DuelingDQN,large_grid,1,92,14587,-191.0,90,1,0.8763,0.534504
DuelingDQN,large_grid,1,93,14787,-488.0,200,0,0.8746,0.183666
DuelingDQN,large_grid,1,94,14807,-25.0,20,1,0.8744,0.07829
DuelingDQN,large_grid,1,95,15007,-556.0,200,0,0.8727,0.146321
DuelingDQN,large_grid,1,96,15115,-233.0,108,1,0.8718,0.466605
DuelingDQN,large_grid,1,97,15253,-311.0,138,1,0.8706,0.172797
DuelingDQN,large_grid,1,98,15364,-268.0,111,1,0.8697,0.107953
DuelingDQN,large_grid,1,99,15564,-544.0,200,0,0.868,0.251396
DuelingDQN,large_grid,1,100,15647,-204.0,83,1,0.8673,0.224584
DuelingDQN,large_grid,1,101,15714,-144.0,67,1,0.8667,0.093734
DuelingDQN,large_grid,1,102,15914,-548.0,200,0,0.865,0.080432
DuelingDQN,large_grid,1,103,16114,-544.0,200,0,0.8633,0.269751
DuelingDQN,large_grid,1,104,16128,-11.0,14,1,0.8632,0.17702
DuelingDQN,large_grid,1,105,16157,-46.0,29,1,0.863,0.128447
DuelingDQN,large_grid,1,106,16357,-508.0,200,0,0.8613,0.083395
DuelingDQN,large_grid,1,107,16557,-524.0,200,0,0.8596,0.193946
DuelingDQN,large_grid,1,108,16702,-294.0,145,1,0.8583,0.157024
DuelingDQN,large_grid,1,109,16785,-244.0,83,1,0.8576,0.06696
DuelingDQN,large_grid,1,110,16957,-453.0,172,1,0.8562,0.055945
DuelingDQN,large_grid,1,111,16982,-42.0,25,1,0.856,0.037432
DuelingDQN,large_grid,1,112,17137,-360.0,155,1,0.8547,0.244621
DuelingDQN,large_grid,1,113,17325,-461.0,188,1,0.8531,0.080588
DuelingDQN,large_grid,1,114,17446,-282.0,121,1,0.852,0.028727
DuelingDQN,large_grid,1,115,17452,5.0,6,1,0.852,0.034159
DuelingDQN,large_grid,1,116,17511,-100.0,59,1,0.8515,0.138776
DuelingDQN,large_grid,1,117,17711,-508.0,200,0,0.8498,0.190329
DuelingDQN,large_grid,1,118,17776,-146.0,65,1,0.8492,0.063814
DuelingDQN,large_grid,1,119,17962,-467.0,186,1,0.8477,0.066353
DuelingDQN,large_grid,1,120,18162,-516.0,200,0,0.846,0.228666
DuelingDQN,large_grid,1,121,18170,-5.0,8,1,0.8459,0.139317
DuelingDQN,large_grid,1,122,18328,-327.0,158,1,0.8445,0.090046
DuelingDQN,large_grid,1,123,18412,-201.0,84,1,0.8438,0.062371
DuelingDQN,large_grid,1,124,18531,-316.0,119,1,0.8428,0.154337
DuelingDQN,large_grid,1,125,18635,-237.0,104,1,0.8419,0.274153
DuelingDQN,large_grid,1,126,18835,-472.0,200,0,0.8402,0.141018
DuelingDQN,large_grid,1,127,19013,-447.0,178,1,0.8387,0.107519
DuelingDQN,large_grid,1,128,19213,-456.0,200,0,0.837,0.186088
DuelingDQN,large_grid,1,129,19222,-14.0,9,1,0.837,0.09138
DuelingDQN,large_grid,1,130,19370,-329.0,148,1,0.8357,0.065593
DuelingDQN,large_grid,1,131,19473,-212.0,103,1,0.8348,0.045114
DuelingDQN,large_grid,1,132,19660,-436.0,187,1,0.8332,0.206277
DuelingDQN,large_grid,1,133,19737,-178.0,77,1,0.8326,0.151361
DuelingDQN,large_grid,1,134,19816,-176.0,79,1,0.8319,0.111283
DuelingDQN,large_grid,1,135,19840,-37.0,24,1,0.8317,0.068191
DuelingDQN,large_grid,1,136,20040,-456.0,200,0,0.83,0.111034
DuelingDQN,large_grid,1,137,20194,-379.0,154,1,0.8287,0.157274
DuelingDQN,large_grid,1,138,20394,-464.0,200,0,0.827,0.06477
DuelingDQN,large_grid,1,139,20483,-230.0,89,1,0.8263,0.05198
DuelingDQN,large_grid,1,140,20617,-363.0,134,1,0.8251,0.178677
DuelingDQN,large_grid,1,141,20817,-440.0,200,0,0.8234,0.072694
DuelingDQN,large_grid,1,142,21017,-444.0,200,0,0.8217,0.068044
DuelingDQN,large_grid,1,143,21217,-496.0,200,0,0.82,0.086696
DuelingDQN,large_grid,1,144,21264,-104.0,47,1,0.8196,0.044694
DuelingDQN,large_grid,1,145,21464,-488.0,200,0,0.8179,0.042774
DuelingDQN,large_grid,1,146,21560,-153.0,96,1,0.8171,0.087581
DuelingDQN,large_grid,1,147,21573,-10.0,13,1,0.817,0.054502
DuelingDQN,large_grid,1,148,21589,-41.0,16,1,0.8169,0.04896
DuelingDQN,large_grid,1,149,21590,10.0,1,1,0.8169,0.219437
DuelingDQN,large_grid,1,150,21719,-350.0,129,1,0.8158,0.065153
DuelingDQN,large_grid,1,151,21830,-232.0,111,1,0.8148,0.032657
DuelingDQN,large_grid,1,152,22018,-409.0,188,1,0.8132,0.045031
DuelingDQN,large_grid,1,153,22063,-106.0,45,1,0.8129,0.095851
DuelingDQN,large_grid,1,154,22263,-496.0,200,0,0.8112,0.052132
DuelingDQN,large_grid,1,155,22372,-270.0,109,1,0.8102,0.05392
DuelingDQN,large_grid,1,156,22406,-55.0,34,1,0.81,0.062557
DuelingDQN,large_grid,1,157,22569,-396.0,163,1,0.8086,0.075258
DuelingDQN,large_grid,1,158,22590,-42.0,21,1,0.8084,0.08194
DuelingDQN,large_grid,1,159,22625,-76.0,35,1,0.8081,0.119614
DuelingDQN,large_grid,1,160,22676,-92.0,51,1,0.8077,0.07348
DuelingDQN,large_grid,1,161,22786,-203.0,110,1,0.8067,0.056828
DuelingDQN,large_grid,1,162,22790,3.0,4,1,0.8067,0.058367
DuelingDQN,large_grid,1,163,22990,-432.0,200,0,0.805,0.045327
DuelingDQN,large_grid,1,164,23070,-185.0,80,1,0.8043,0.122309
DuelingDQN,large_grid,1,165,23199,-286.0,129,1,0.8032,0.068792
DuelingDQN,large_grid,1,166,23243,-93.0,44,1,0.8029,0.057951
DuelingDQN,large_grid,1,167,23301,-127.0,58,1,0.8024,0.067382
DuelingDQN,large_grid,1,168,23325,-29.0,24,1,0.8022,0.040263
DuelingDQN,large_grid,1,169,23387,-123.0,62,1,0.8016,0.055658
DuelingDQN,large_grid,1,170,23534,-348.0,147,1,0.8004,0.073787
DuelingDQN,large_grid,1,171,23553,-24.0,19,1,0.8002,0.146462
DuelingDQN,large_grid,1,172,23598,-82.0,45,1,0.7998,0.091931
DuelingDQN,large_grid,1,173,23617,-20.0,19,1,0.7997,0.121518
DuelingDQN,large_grid,1,174,23668,-112.0,51,1,0.7993,0.073373
DuelingDQN,large_grid,1,175,23689,-34.0,21,1,0.7991,0.066017
DuelingDQN,large_grid,1,176,23780,-160.0,91,1,0.7983,0.049605
DuelingDQN,large_grid,1,177,23859,-152.0,79,1,0.7976,0.054811
DuelingDQN,large_grid,1,178,23983,-329.0,124,1,0.7966,0.039365
DuelingDQN,large_grid,1,179,24066,-192.0,83,1,0.7959,0.118816
DuelingDQN,large_grid,1,180,24122,-117.0,56,1,0.7954,0.068673
DuelingDQN,large_grid,1,181,24321,-404.0,199,1,0.7937,0.055327
DuelingDQN,large_grid,1,182,24413,-229.0,92,1,0.7929,0.041007
DuelingDQN,large_grid,1,183,24426,-6.0,13,1,0.7928,0.035507
DuelingDQN,large_grid,1,184,24546,-201.0,120,1,0.7918,0.086231
DuelingDQN,large_grid,1,185,24673,-276.0,127,1,0.7907,0.070479
DuelingDQN,large_grid,1,186,24690,-22.0,17,1,0.7906,0.077869
DuelingDQN,large_grid,1,187,24720,-47.0,30,1,0.7903,0.053691
DuelingDQN,large_grid,1,188,24867,-352.0,147,1,0.7891,0.043507
DuelingDQN,large_grid,1,189,24924,-110.0,57,1,0.7886,0.030433
DuelingDQN,large_grid,1,190,24995,-136.0,71,1,0.788,0.036487
DuelingDQN,large_grid,1,191,25174,-400.0,179,1,0.7865,0.106836
DuelingDQN,large_grid,1,192,25193,-32.0,19,1,0.7863,0.038025
DuelingDQN,large_grid,1,193,25259,-171.0,66,1,0.7858,0.05074
DuelingDQN,large_grid,1,194,25364,-286.0,105,1,0.7849,0.052614
DuelingDQN,large_grid,1,195,25468,-201.0,104,1,0.784,0.063425
DuelingDQN,large_grid,1,196,25652,-425.0,184,1,0.7824,0.069072
DuelingDQN,large_grid,1,197,25719,-144.0,67,1,0.7819,0.063059
DuelingDQN,large_grid,1,198,25737,-19.0,18,1,0.7817,0.042004
DuelingDQN,large_grid,1,199,25837,-193.0,100,1,0.7809,0.047721
DuelingDQN,large_grid,1,200,25889,-129.0,52,1,0.7804,0.028032
DuelingDQN,large_grid,1,201,25899,-3.0,10,1,0.7803,0.080197
DuelingDQN,large_grid,1,202,25914,-20.0,15,1,0.7802,0.05191
DuelingDQN,large_grid,1,203,25987,-146.0,73,1,0.7796,0.050588
DuelingDQN,large_grid,1,204,26187,-552.0,200,0,0.7779,0.076541
DuelingDQN,large_grid,1,205,26244,-102.0,57,1,0.7774,0.054052
DuelingDQN,large_grid,1,206,26327,-160.0,83,1,0.7767,0.040447
DuelingDQN,large_grid,1,207,26378,-100.0,51,1,0.7763,0.046796
DuelingDQN,large_grid,1,208,26445,-136.0,67,1,0.7757,0.030852
DuelingDQN,large_grid,1,209,26530,-186.0,85,1,0.775,0.0845
DuelingDQN,large_grid,1,210,26635,-234.0,105,1,0.7741,0.078422
DuelingDQN,large_grid,1,211,26747,-245.0,112,1,0.7731,0.050633
DuelingDQN,large_grid,1,212,26947,-544.0,200,0,0.7714,0.042362
DuelingDQN,large_grid,1,213,27052,-202.0,105,1,0.7705,0.07675
DuelingDQN,large_grid,1,214,27144,-221.0,92,1,0.7698,0.070682
DuelingDQN,large_grid,1,215,27179,-52.0,35,1,0.7695,0.062638
DuelingDQN,large_grid,1,216,27247,-153.0,68,1,0.7689,0.038485
DuelingDQN,large_grid,1,217,27447,-528.0,200,0,0.7672,0.039511
DuelingDQN,large_grid,1,218,27495,-105.0,48,1,0.7668,0.044515
DuelingDQN,large_grid,1,219,27609,-227.0,114,1,0.7658,0.102427
DuelingDQN,large_grid,1,220,27727,-231.0,118,1,0.7648,0.067266
DuelingDQN,large_grid,1,221,27778,-104.0,51,1,0.7644,0.054804
DuelingDQN,large_grid,1,222,27880,-199.0,102,1,0.7635,0.051709
DuelingDQN,large_grid,1,223,27902,-31.0,22,1,0.7633,0.044743
DuelingDQN,large_grid,1,224,27985,-132.0,83,1,0.7626,0.037187
DuelingDQN,large_grid,1,225,28086,-218.0,101,1,0.7618,0.098617
DuelingDQN,large_grid,1,226,28209,-288.0,123,1,0.7607,0.06572
DuelingDQN,large_grid,1,227,28279,-139.0,70,1,0.7601,0.043448
DuelingDQN,large_grid,1,228,28391,-289.0,112,1,0.7592,0.034019
DuelingDQN,large_grid,1,229,28466,-116.0,75,1,0.7586,0.037081
DuelingDQN,large_grid,1,230,28477,-12.0,11,1,0.7585,0.04508
DuelingDQN,large_grid,1,231,28502,-42.0,25,1,0.7583,0.053
DuelingDQN,large_grid,1,232,28559,-130.0,57,1,0.7578,0.108803
DuelingDQN,large_grid,1,233,28618,-124.0,59,1,0.7573,0.082107
DuelingDQN,large_grid,1,234,28659,-90.0,41,1,0.7569,0.077951
DuelingDQN,large_grid,1,235,28719,-133.0,60,1,0.7564,0.055282
DuelingDQN,large_grid,1,236,28746,-48.0,27,1,0.7562,0.033356
DuelingDQN,large_grid,1,237,28774,-41.0,28,1,0.7559,0.049671
DuelingDQN,large_grid,1,238,28810,-57.0,36,1,0.7556,0.073339
DuelingDQN,large_grid,1,239,28815,6.0,5,1,0.7556,0.128616
DuelingDQN,large_grid,1,240,28914,-216.0,99,1,0.7548,0.061049
DuelingDQN,large_grid,1,241,28996,-139.0,82,1,0.7541,0.055512
DuelingDQN,large_grid,1,242,29096,-205.0,100,1,0.7532,0.114691
DuelingDQN,large_grid,1,243,29163,-136.0,67,1,0.7526,0.084653
DuelingDQN,large_grid,1,244,29241,-183.0,78,1,0.752,0.055157
DuelingDQN,large_grid,1,245,29258,-18.0,17,1,0.7518,0.046302
DuelingDQN,large_grid,1,246,29324,-151.0,66,1,0.7513,0.05933
DuelingDQN,large_grid,1,247,29329,-2.0,5,1,0.7512,0.108414
DuelingDQN,large_grid,1,248,29345,-9.0,16,1,0.7511,0.044081
DuelingDQN,large_grid,1,249,29413,-177.0,68,1,0.7505,0.05189
DuelingDQN,large_grid,1,250,29456,-84.0,43,1,0.7502,0.030372
DuelingDQN,large_grid,1,251,29461,6.0,5,1,0.7501,0.060554
DuelingDQN,large_grid,1,252,29492,-52.0,31,1,0.7499,0.020512
DuelingDQN,large_grid,1,253,29636,-249.0,144,1,0.7486,0.100525
DuelingDQN,large_grid,1,254,29680,-89.0,44,1,0.7483,0.068255
DuelingDQN,large_grid,1,255,29763,-188.0,83,1,0.7476,0.060113
DuelingDQN,large_grid,1,256,29910,-368.0,147,1,0.7463,0.058142
DuelingDQN,large_grid,1,257,29996,-159.0,86,1,0.7456,0.06705
DuelingDQN,large_grid,1,258,30185,-366.0,189,1,0.744,0.078023
DuelingDQN,large_grid,1,259,30261,-181.0,76,1,0.7433,0.064371
DuelingDQN,large_grid,1,260,30345,-221.0,84,1,0.7426,0.063015
DuelingDQN,large_grid,1,261,30476,-368.0,131,1,0.7415,0.068091
DuelingDQN,large_grid,1,262,30500,-33.0,24,1,0.7413,0.107429
DuelingDQN,large_grid,1,263,30550,-119.0,50,1,0.7409,0.125258
DuelingDQN,large_grid,1,264,30551,10.0,1,1,0.7409,0.025645
DuelingDQN,large_grid,1,265,30587,-61.0,36,1,0.7406,0.100322
DuelingDQN,large_grid,1,266,30628,-66.0,41,1,0.7402,0.065544
DuelingDQN,large_grid,1,267,30673,-82.0,45,1,0.7398,0.074243
DuelingDQN,large_grid,1,268,30690,-18.0,17,1,0.7397,0.104014
DuelingDQN,large_grid,1,269,30759,-126.0,69,1,0.7391,0.074942
DuelingDQN,large_grid,1,270,30776,-10.0,17,1,0.739,0.053379
DuelingDQN,large_grid,1,271,30789,-18.0,13,1,0.7389,0.057085
DuelingDQN,large_grid,1,272,30892,-196.0,103,1,0.738,0.068563
DuelingDQN,large_grid,1,273,31007,-224.0,115,1,0.737,0.055181
DuelingDQN,large_grid,1,274,31126,-264.0,119,1,0.736,0.092394
DuelingDQN,large_grid,1,275,31216,-187.0,90,1,0.7352,0.068591
DuelingDQN,large_grid,1,276,31258,-71.0,42,1,0.7349,0.048669
DuelingDQN,large_grid,1,277,31342,-173.0,84,1,0.7342,0.086073
DuelingDQN,large_grid,1,278,31433,-200.0,91,1,0.7334,0.072937
DuelingDQN,large_grid,1,279,31480,-104.0,47,1,0.733,0.049063
DuelingDQN,large_grid,1,280,31515,-48.0,35,1,0.7327,0.112437
DuelingDQN,large_grid,1,281,31669,-299.0,154,1,0.7314,0.089445
DuelingDQN,large_grid,1,282,31760,-160.0,91,1,0.7306,0.063004
DuelingDQN,large_grid,1,283,31838,-115.0,78,1,0.73,0.071574
DuelingDQN,large_grid,1,284,31874,-77.0,36,1,0.7296,0.0527
DuelingDQN,large_grid,1,285,31921,-64.0,47,1,0.7292,0.062233
DuelingDQN,large_grid,1,286,32044,-212.0,123,1,0.7282,0.063075
DuelingDQN,large_grid,1,287,32122,-155.0,78,1,0.7275,0.068186
DuelingDQN,large_grid,1,288,32174,-93.0,52,1,0.7271,0.057297
DuelingDQN,large_grid,1,289,32218,-105.0,44,1,0.7267,0.056718
DuelingDQN,large_grid,1,290,32234,-33.0,16,1,0.7266,0.042192
DuelingDQN,large_grid,1,291,32287,-114.0,53,1,0.7261,0.057932
DuelingDQN,large_grid,1,292,32314,-52.0,27,1,0.7259,0.076649
DuelingDQN,large_grid,1,293,32363,-110.0,49,1,0.7255,0.075749
DuelingDQN,large_grid,1,294,32426,-104.0,63,1,0.725,0.092244
DuelingDQN,large_grid,1,295,32476,-91.0,50,1,0.7245,0.070082
DuelingDQN,large_grid,1,296,32535,-128.0,59,1,0.724,0.0826
DuelingDQN,large_grid,1,297,32559,-17.0,24,1,0.7238,0.087416
DuelingDQN,large_grid,1,298,32584,-34.0,25,1,0.7236,0.085482
DuelingDQN,large_grid,1,299,32614,-55.0,30,1,0.7234,0.046623
DuelingDQN,large_grid,1,300,32676,-127.0,62,1,0.7228,0.071805
DuelingDQN,large_grid,1,301,32756,-149.0,80,1,0.7222,0.080781
DuelingDQN,large_grid,1,302,32831,-172.0,75,1,0.7215,0.078516
DuelingDQN,large_grid,1,303,32863,-81.0,32,1,0.7213,0.067641
DuelingDQN,large_grid,1,304,32966,-164.0,103,1,0.7204,0.059591
DuelingDQN,large_grid,1,305,33007,-82.0,41,1,0.72,0.107338
DuelingDQN,large_grid,1,306,33086,-152.0,79,1,0.7194,0.086059
DuelingDQN,large_grid,1,307,33177,-224.0,91,1,0.7186,0.081422
DuelingDQN,large_grid,1,308,33252,-168.0,75,1,0.718,0.045399
DuelingDQN,large_grid,1,309,33327,-144.0,75,1,0.7173,0.040299
DuelingDQN,large_grid,1,310,33402,-188.0,75,1,0.7167,0.04894
DuelingDQN,large_grid,1,311,33516,-247.0,114,1,0.7157,0.087056
DuelingDQN,large_grid,1,312,33525,-6.0,9,1,0.7156,0.087179
DuelingDQN,large_grid,1,313,33529,7.0,4,1,0.7156,0.044863
DuelingDQN,large_grid,1,314,33647,-263.0,118,1,0.7146,0.070043
DuelingDQN,large_grid,1,315,33692,-94.0,45,1,0.7142,0.065035
DuelingDQN,large_grid,1,316,33725,-62.0,33,1,0.7139,0.073236
DuelingDQN,large_grid,1,317,33792,-152.0,67,1,0.7134,0.088863
DuelingDQN,large_grid,1,318,33825,-66.0,33,1,0.7131,0.060555
DuelingDQN,large_grid,1,319,34025,-464.0,200,0,0.7114,0.049144
DuelingDQN,large_grid,1,320,34152,-300.0,127,1,0.7103,0.082787
DuelingDQN,large_grid,1,321,34251,-204.0,99,1,0.7095,0.057357
DuelingDQN,large_grid,1,322,34291,-77.0,40,1,0.7091,0.074424
DuelingDQN,large_grid,1,323,34382,-196.0,91,1,0.7084,0.060948
DuelingDQN,large_grid,1,324,34434,-105.0,52,1,0.7079,0.068977
DuelingDQN,large_grid,1,325,34502,-161.0,68,1,0.7074,0.05754
DuelingDQN,large_grid,1,326,34505,8.0,3,1,0.7073,0.066739
DuelingDQN,large_grid,1,327,34589,-169.0,84,1,0.7066,0.079579
DuelingDQN,large_grid,1,328,34602,-6.0,13,1,0.7065,0.080315
DuelingDQN,large_grid,1,329,34731,-278.0,129,1,0.7054,0.079325
DuelingDQN,large_grid,1,330,34749,-19.0,18,1,0.7053,0.060575
DuelingDQN,large_grid,1,331,34851,-203.0,102,1,0.7044,0.074728
DuelingDQN,large_grid,1,332,34897,-87.0,46,1,0.704,0.06073
DuelingDQN,large_grid,1,333,34963,-127.0,66,1,0.7034,0.079641
DuelingDQN,large_grid,1,334,34985,-39.0,22,1,0.7033,0.091632
DuelingDQN,large_grid,1,335,34989,7.0,4,1,0.7032,0.010359
DuelingDQN,large_grid,1,336,35020,-44.0,31,1,0.703,0.102868
DuelingDQN,large_grid,1,337,35090,-131.0,70,1,0.7024,0.05526
DuelingDQN,large_grid,1,338,35143,-130.0,53,1,0.7019,0.078864
DuelingDQN,large_grid,1,339,35251,-209.0,108,1,0.701,0.065766
DuelingDQN,large_grid,1,340,35294,-68.0,43,1,0.7006,0.037918
DuelingDQN,large_grid,1,341,35382,-173.0,88,1,0.6999,0.056816
DuelingDQN,large_grid,1,342,35472,-195.0,90,1,0.6991,0.065706
DuelingDQN,large_grid,1,343,35545,-186.0,73,1,0.6985,0.101535
DuelingDQN,large_grid,1,344,35595,-87.0,50,1,0.6981,0.091875
DuelingDQN,large_grid,1,345,35650,-108.0,55,1,0.6976,0.090183
DuelingDQN,large_grid,1,346,35729,-168.0,79,1,0.6969,0.067624
DuelingDQN,large_grid,1,347,35882,-394.0,153,1,0.6957,0.051214
DuelingDQN,large_grid,1,348,35895,-26.0,13,1,0.6955,0.042612
DuelingDQN,large_grid,1,349,36016,-214.0,121,1,0.6945,0.062052
DuelingDQN,large_grid,1,350,36032,-25.0,16,1,0.6944,0.087469
DuelingDQN,large_grid,1,351,36193,-358.0,161,1,0.693,0.084388
DuelingDQN,large_grid,1,352,36207,-23.0,14,1,0.6929,0.074891
DuelingDQN,large_grid,1,353,36281,-171.0,74,1,0.6923,0.059133
DuelingDQN,large_grid,1,354,36402,-254.0,121,1,0.6912,0.06574
DuelingDQN,large_grid,1,355,36504,-195.0,102,1,0.6904,0.071728
DuelingDQN,large_grid,1,356,36535,-48.0,31,1,0.6901,0.086008
DuelingDQN,large_grid,1,357,36630,-176.0,95,1,0.6893,0.053791
DuelingDQN,large_grid,1,358,36669,-56.0,39,1,0.689,0.098506
DuelingDQN,large_grid,1,359,36676,4.0,7,1,0.6889,0.072712
DuelingDQN,large_grid,1,360,36700,-41.0,24,1,0.6887,0.088754
DuelingDQN,large_grid,1,361,36709,-10.0,9,1,0.6886,0.098769
DuelingDQN,large_grid,1,362,36824,-204.0,115,1,0.6877,0.082388
DuelingDQN,large_grid,1,363,36867,-92.0,43,1,0.6873,0.059984
DuelingDQN,large_grid,1,364,37000,-262.0,133,1,0.6862,0.066075
DuelingDQN,large_grid,1,365,37128,-317.0,128,1,0.6851,0.074051
DuelingDQN,large_grid,1,366,37189,-110.0,61,1,0.6846,0.07079
DuelingDQN,large_grid,1,367,37228,-92.0,39,1,0.6842,0.046988
DuelingDQN,large_grid,1,368,37262,-47.0,34,1,0.6839,0.062394
DuelingDQN,large_grid,1,369,37281,-16.0,19,1,0.6838,0.06686
DuelingDQN,large_grid,1,370,37368,-196.0,87,1,0.683,0.060285
DuelingDQN,large_grid,1,371,37377,-2.0,9,1,0.683,0.053941
DuelingDQN,large_grid,1,372,37424,-76.0,47,1,0.6826,0.062839
DuelingDQN,large_grid,1,373,37528,-173.0,104,1,0.6817,0.080273
DuelingDQN,large_grid,1,374,37643,-248.0,115,1,0.6807,0.079872
DuelingDQN,large_grid,1,375,37657,-11.0,14,1,0.6806,0.07829
DuelingDQN,large_grid,1,376,37709,-105.0,52,1,0.6802,0.050921
DuelingDQN,large_grid,1,377,37763,-131.0,54,1,0.6797,0.072625
DuelingDQN,large_grid,1,378,37799,-53.0,36,1,0.6794,0.044418
DuelingDQN,large_grid,1,379,37827,-57.0,28,1,0.6792,0.056003
DuelingDQN,large_grid,1,380,37927,-213.0,100,1,0.6783,0.05706
DuelingDQN,large_grid,1,381,37965,-91.0,38,1,0.678,0.073052
DuelingDQN,large_grid,1,382,38046,-174.0,81,1,0.6773,0.092446
DuelingDQN,large_grid,1,383,38148,-235.0,102,1,0.6764,0.10075
DuelingDQN,large_grid,1,384,38150,5.0,2,1,0.6764,0.053945
DuelingDQN,large_grid,1,385,38193,-84.0,43,1,0.6761,0.08009
DuelingDQN,large_grid,1,386,38232,-68.0,39,1,0.6757,0.077819
DuelingDQN,large_grid,1,387,38323,-172.0,91,1,0.6749,0.082253
DuelingDQN,large_grid,1,388,38443,-313.0,120,1,0.6739,0.071275
DuelingDQN,large_grid,1,389,38457,-27.0,14,1,0.6738,0.092101
DuelingDQN,large_grid,1,390,38530,-138.0,73,1,0.6732,0.07482
DuelingDQN,large_grid,1,391,38564,-71.0,34,1,0.6729,0.058695
DuelingDQN,large_grid,1,392,38587,-32.0,23,1,0.6727,0.066995
DuelingDQN,large_grid,1,393,38601,-15.0,14,1,0.6726,0.054824
DuelingDQN,large_grid,1,394,38642,-66.0,41,1,0.6722,0.069889
DuelingDQN,large_grid,1,395,38716,-131.0,74,1,0.6716,0.050808
DuelingDQN,large_grid,1,396,38749,-66.0,33,1,0.6713,0.075817
DuelingDQN,large_grid,1,397,38777,-45.0,28,1,0.6711,0.063205
DuelingDQN,large_grid,1,398,38817,-69.0,40,1,0.6708,0.087285
DuelingDQN,large_grid,1,399,38835,-23.0,18,1,0.6706,0.044416
DuelingDQN,large_grid,1,400,38906,-116.0,71,1,0.67,0.063906
DuelingDQN,large_grid,1,401,38948,-63.0,42,1,0.6696,0.08749
DuelingDQN,large_grid,1,402,38968,-33.0,20,1,0.6695,0.023748
DuelingDQN,large_grid,1,403,39011,-76.0,43,1,0.6691,0.075503
DuelingDQN,large_grid,1,404,39035,-37.0,24,1,0.6689,0.090986
DuelingDQN,large_grid,1,405,39084,-102.0,49,1,0.6685,0.064258
DuelingDQN,large_grid,1,406,39095,-4.0,11,1,0.6684,0.07097
DuelingDQN,large_grid,1,407,39173,-159.0,78,1,0.6677,0.067917
DuelingDQN,large_grid,1,408,39231,-115.0,58,1,0.6672,0.059452
DuelingDQN,large_grid,1,409,39330,-172.0,99,1,0.6664,0.068741
DuelingDQN,large_grid,1,410,39351,-38.0,21,1,0.6662,0.082883
DuelingDQN,large_grid,1,411,39411,-101.0,60,1,0.6657,0.067828
DuelingDQN,large_grid,1,412,39417,1.0,6,1,0.6657,0.033392
DuelingDQN,large_grid,1,413,39482,-138.0,65,1,0.6651,0.070131
DuelingDQN,large_grid,1,414,39588,-227.0,106,1,0.6642,0.099041
DuelingDQN,large_grid,1,415,39639,-76.0,51,1,0.6638,0.080097
DuelingDQN,large_grid,1,416,39688,-110.0,49,1,0.6634,0.060833
DuelingDQN,large_grid,1,417,39744,-113.0,56,1,0.6629,0.078324
DuelingDQN,large_grid,1,418,39765,-34.0,21,1,0.6627,0.101084
DuelingDQN,large_grid,1,419,39796,-40.0,31,1,0.6625,0.056568
DuelingDQN,large_grid,1,420,39847,-92.0,51,1,0.662,0.076171
DuelingDQN,large_grid,1,421,39889,-91.0,42,1,0.6617,0.065327
DuelingDQN,large_grid,1,422,39963,-143.0,74,1,0.661,0.04728
DuelingDQN,large_grid,1,423,40006,-84.0,43,1,0.6607,0.079763
DuelingDQN,large_grid,1,424,40049,-68.0,43,1,0.6603,0.115111
DuelingDQN,large_grid,1,425,40077,-61.0,28,1,0.6601,0.107152
DuelingDQN,large_grid,1,426,40131,-103.0,54,1,0.6596,0.065828
DuelingDQN,large_grid,1,427,40194,-120.0,63,1,0.6591,0.041858
DuelingDQN,large_grid,1,428,40221,-36.0,27,1,0.6588,0.053024
DuelingDQN,large_grid,1,429,40271,-95.0,50,1,0.6584,0.097747
DuelingDQN,large_grid,1,430,40283,-17.0,12,1,0.6583,0.060487
DuelingDQN,large_grid,1,431,40352,-138.0,69,1,0.6577,0.078891
DuelingDQN,large_grid,1,432,40393,-78.0,41,1,0.6574,0.044442
DuelingDQN,large_grid,1,433,40489,-161.0,96,1,0.6566,0.072802
DuelingDQN,large_grid,1,434,40550,-130.0,61,1,0.6561,0.113624
DuelingDQN,large_grid,1,435,40590,-73.0,40,1,0.6557,0.084777
DuelingDQN,large_grid,1,436,40646,-121.0,56,1,0.6552,0.058724
DuelingDQN,large_grid,1,437,40700,-95.0,54,1,0.6548,0.058085
DuelingDQN,large_grid,1,438,40777,-142.0,77,1,0.6541,0.065139
DuelingDQN,large_grid,1,439,40790,-18.0,13,1,0.654,0.045708
DuelingDQN,large_grid,1,440,40791,10.0,1,1,0.654,0.01598
DuelingDQN,large_grid,1,441,40853,-135.0,62,1,0.6535,0.046054
DuelingDQN,large_grid,1,442,40906,-94.0,53,1,0.653,0.046898
DuelingDQN,large_grid,1,443,40951,-94.0,45,1,0.6527,0.070896
DuelingDQN,large_grid,1,444,41006,-112.0,55,1,0.6522,0.07399
DuelingDQN,large_grid,1,445,41077,-128.0,71,1,0.6516,0.083545
DuelingDQN,large_grid,1,446,41114,-54.0,37,1,0.6513,0.037601
DuelingDQN,large_grid,1,447,41188,-175.0,74,1,0.6506,0.041398
DuelingDQN,large_grid,1,448,41200,-17.0,12,1,0.6505,0.052848
DuelingDQN,large_grid,1,449,41211,-8.0,11,1,0.6505,0.051348
DuelingDQN,large_grid,1,450,41249,-75.0,38,1,0.6501,0.069034
DuelingDQN,large_grid,1,451,41252,8.0,3,1,0.6501,0.033971
DuelingDQN,large_grid,1,452,41346,-203.0,94,1,0.6493,0.049235
DuelingDQN,large_grid,1,453,41381,-48.0,35,1,0.649,0.064641
DuelingDQN,large_grid,1,454,41422,-78.0,41,1,0.6487,0.027465
DuelingDQN,large_grid,1,455,41438,-21.0,16,1,0.6485,0.076896
DuelingDQN,large_grid,1,456,41484,-63.0,46,1,0.6481,0.054098
DuelingDQN,large_grid,1,457,41540,-85.0,56,1,0.6477,0.101335
DuelingDQN,large_grid,1,458,41575,-60.0,35,1,0.6474,0.070585
DuelingDQN,large_grid,1,459,41625,-95.0,50,1,0.6469,0.052125
DuelingDQN,large_grid,1,460,41682,-98.0,57,1,0.6465,0.042575
DuelingDQN,large_grid,1,461,41694,-1.0,12,1,0.6464,0.04267
DuelingDQN,large_grid,1,462,41755,-146.0,61,1,0.6458,0.061211
DuelingDQN,large_grid,1,463,41765,-3.0,10,1,0.6458,0.030931
DuelingDQN,large_grid,1,464,41843,-139.0,78,1,0.6451,0.050815
DuelingDQN,large_grid,1,465,41865,-27.0,22,1,0.6449,0.05033
DuelingDQN,large_grid,1,466,41881,-13.0,16,1,0.6448,0.018233
DuelingDQN,large_grid,1,467,41964,-168.0,83,1,0.6441,0.069338
DuelingDQN,large_grid,1,468,42017,-98.0,53,1,0.6436,0.086355
DuelingDQN,large_grid,1,469,42057,-73.0,40,1,0.6433,0.076373
DuelingDQN,large_grid,1,470,42104,-76.0,47,1,0.6429,0.067132
DuelingDQN,large_grid,1,471,42200,-177.0,96,1,0.6421,0.051662
DuelingDQN,large_grid,1,472,42210,-3.0,10,1,0.642,0.043226
DuelingDQN,large_grid,1,473,42263,-74.0,53,1,0.6415,0.090985
DuelingDQN,large_grid,1,474,42363,-241.0,100,1,0.6407,0.051865
DuelingDQN,large_grid,1,475,42412,-98.0,49,1,0.6403,0.036239
DuelingDQN,large_grid,1,476,42496,-141.0,84,1,0.6396,0.048672
DuelingDQN,large_grid,1,477,42538,-67.0,42,1,0.6392,0.080561
DuelingDQN,large_grid,1,478,42602,-129.0,64,1,0.6387,0.058041
DuelingDQN,large_grid,1,479,42633,-52.0,31,1,0.6384,0.059312
DuelingDQN,large_grid,1,480,42695,-111.0,62,1,0.6379,0.050457
DuelingDQN,large_grid,1,481,42752,-114.0,57,1,0.6374,0.061957
DuelingDQN,large_grid,1,482,42814,-111.0,62,1,0.6369,0.055323
DuelingDQN,large_grid,1,483,42879,-138.0,65,1,0.6363,0.078018
DuelingDQN,large_grid,1,484,42916,-54.0,37,1,0.636,0.044804
DuelingDQN,large_grid,1,485,42938,-31.0,22,1,0.6358,0.093462
DuelingDQN,large_grid,1,486,42968,-51.0,30,1,0.6355,0.067714
DuelingDQN,large_grid,1,487,43001,-74.0,33,1,0.6353,0.090006
DuelingDQN,large_grid,1,488,43070,-118.0,69,1,0.6347,0.107899
DuelingDQN,large_grid,1,489,43127,-110.0,57,1,0.6342,0.076938
DuelingDQN,large_grid,1,490,43178,-104.0,51,1,0.6338,0.072242
DuelingDQN,large_grid,1,491,43182,3.0,4,1,0.6337,0.113396
DuelingDQN,large_grid,1,492,43231,-74.0,49,1,0.6333,0.059289
DuelingDQN,large_grid,1,493,43274,-80.0,43,1,0.633,0.060449
DuelingDQN,large_grid,1,494,43324,-91.0,50,1,0.6325,0.059016
DuelingDQN,large_grid,1,495,43387,-116.0,63,1,0.632,0.062582
DuelingDQN,large_grid,1,496,43416,-46.0,29,1,0.6317,0.083507
DuelingDQN,large_grid,1,497,43492,-137.0,76,1,0.6311,0.041667
DuelingDQN,large_grid,1,498,43496,7.0,4,1,0.6311,0.06039
DuelingDQN,large_grid,1,499,43533,-66.0,37,1,0.6308,0.09594
DuelingDQN,large_grid,1,500,43571,-75.0,38,1,0.6304,0.072099
DuelingDQN,large_grid,1,501,43608,-50.0,37,1,0.6301,0.081301
DuelingDQN,large_grid,1,502,43694,-159.0,86,1,0.6294,0.077691
DuelingDQN,large_grid,1,503,43711,-30.0,17,1,0.6292,0.039917
DuelingDQN,large_grid,1,504,43735,-41.0,24,1,0.629,0.065076
DuelingDQN,large_grid,1,505,43795,-121.0,60,1,0.6285,0.061044
DuelingDQN,large_grid,1,506,43811,-29.0,16,1,0.6284,0.081779
DuelingDQN,large_grid,1,507,43921,-203.0,110,1,0.6275,0.057846
DuelingDQN,large_grid,1,508,43953,-57.0,32,1,0.6272,0.111692
DuelingDQN,large_grid,1,509,44000,-64.0,47,1,0.6268,0.081485
DuelingDQN,large_grid,1,510,44068,-97.0,68,1,0.6262,0.106374
DuelingDQN,large_grid,1,511,44115,-80.0,47,1,0.6258,0.071658
DuelingDQN,large_grid,1,512,44143,-49.0,28,1,0.6256,0.047828
DuelingDQN,large_grid,1,513,44163,-21.0,20,1,0.6254,0.05426
DuelingDQN,large_grid,1,514,44245,-147.0,82,1,0.6247,0.073264
DuelingDQN,large_grid,1,515,44256,-8.0,11,1,0.6246,0.046371
DuelingDQN,large_grid,1,516,44302,-79.0,46,1,0.6242,0.056585
DuelingDQN,large_grid,1,517,44353,-84.0,51,1,0.6238,0.047187
DuelingDQN,large_grid,1,518,44389,-53.0,36,1,0.6235,0.04391
DuelingDQN,large_grid,1,519,44402,-10.0,13,1,0.6234,0.074715
DuelingDQN,large_grid,1,520,44443,-86.0,41,1,0.623,0.07389
DuelingDQN,large_grid,1,521,44468,-46.0,25,1,0.6228,0.038029
DuelingDQN,large_grid,1,522,44499,-48.0,31,1,0.6226,0.055401
DuelingDQN,large_grid,1,523,44528,-46.0,29,1,0.6223,0.145333
DuelingDQN,large_grid,1,524,44584,-121.0,56,1,0.6218,0.09463
DuelingDQN,large_grid,1,525,44641,-90.0,57,1,0.6214,0.074407
DuelingDQN,large_grid,1,526,44661,-25.0,20,1,0.6212,0.052414
DuelingDQN,large_grid,1,527,44665,3.0,4,1,0.6212,0.055261
DuelingDQN,large_grid,1,528,44710,-82.0,45,1,0.6208,0.072142
DuelingDQN,large_grid,1,529,44715,6.0,5,1,0.6207,0.085912
DuelingDQN,large_grid,1,530,44743,-29.0,28,1,0.6205,0.080339
DuelingDQN,large_grid,1,531,44756,-6.0,13,1,0.6204,0.029818
DuelingDQN,large_grid,1,532,44820,-89.0,64,1,0.6198,0.070461
DuelingDQN,large_grid,1,533,44904,-141.0,84,1,0.6191,0.07422
DuelingDQN,large_grid,1,534,44969,-138.0,65,1,0.6186,0.091668
DuelingDQN,large_grid,1,535,44972,8.0,3,1,0.6185,0.139334
DuelingDQN,large_grid,1,536,45053,-178.0,81,1,0.6179,0.121903
DuelingDQN,large_grid,1,537,45062,-6.0,9,1,0.6178,0.089273
DuelingDQN,large_grid,1,538,45122,-105.0,60,1,0.6173,0.089303
DuelingDQN,large_grid,1,539,45166,-65.0,44,1,0.6169,0.081278
DuelingDQN,large_grid,1,540,45252,-163.0,86,1,0.6162,0.076814
DuelingDQN,large_grid,1,541,45328,-157.0,76,1,0.6155,0.054011
DuelingDQN,large_grid,1,542,45358,-55.0,30,1,0.6153,0.062489
DuelingDQN,large_grid,1,543,45394,-61.0,36,1,0.615,0.079108
DuelingDQN,large_grid,1,544,45422,-49.0,28,1,0.6147,0.069015
DuelingDQN,large_grid,1,545,45441,-24.0,19,1,0.6146,0.091468
DuelingDQN,large_grid,1,546,45641,-449.0,200,1,0.6129,0.088524
DuelingDQN,large_grid,1,547,45674,-70.0,33,1,0.6126,0.102919
DuelingDQN,large_grid,1,548,45699,-34.0,25,1,0.6124,0.07815
DuelingDQN,large_grid,1,549,45734,-52.0,35,1,0.6121,0.073019
DuelingDQN,large_grid,1,550,45760,-43.0,26,1,0.6119,0.047584
DuelingDQN,large_grid,1,551,45824,-113.0,64,1,0.6113,0.058991
DuelingDQN,large_grid,1,552,45858,-51.0,34,1,0.611,0.06199
DuelingDQN,large_grid,1,553,45891,-78.0,33,1,0.6108,0.063548
DuelingDQN,large_grid,1,554,45918,-32.0,27,1,0.6105,0.052853
DuelingDQN,large_grid,1,555,46015,-230.0,97,1,0.6097,0.058972
DuelingDQN,large_grid,1,556,46019,7.0,4,1,0.6097,0.193009
DuelingDQN,large_grid,1,557,46068,-70.0,49,1,0.6093,0.094646
DuelingDQN,large_grid,1,558,46114,-95.0,46,1,0.6089,0.066196
DuelingDQN,large_grid,1,559,46161,-84.0,47,1,0.6085,0.061159
DuelingDQN,large_grid,1,560,46215,-83.0,54,1,0.608,0.060689
DuelingDQN,large_grid,1,561,46256,-74.0,41,1,0.6077,0.05022
DuelingDQN,large_grid,1,562,46283,-28.0,27,1,0.6074,0.052913
DuelingDQN,large_grid,1,563,46344,-114.0,61,1,0.6069,0.062211
DuelingDQN,large_grid,1,564,46388,-65.0,44,1,0.6065,0.033056
DuelingDQN,large_grid,1,565,46445,-94.0,57,1,0.6061,0.062451
DuelingDQN,large_grid,1,566,46527,-163.0,82,1,0.6054,0.089098
DuelingDQN,large_grid,1,567,46727,-432.0,200,0,0.6037,0.060781
DuelingDQN,large_grid,1,568,46731,7.0,4,1,0.6036,0.016276
DuelingDQN,large_grid,1,569,46759,-57.0,28,1,0.6034,0.066887
DuelingDQN,large_grid,1,570,46787,-29.0,28,1,0.6032,0.043167
DuelingDQN,large_grid,1,571,46790,4.0,3,1,0.6031,0.029886
DuelingDQN,large_grid,1,572,46841,-104.0,51,1,0.6027,0.063603
DuelingDQN,large_grid,1,573,46880,-68.0,39,1,0.6024,0.068112
DuelingDQN,large_grid,1,574,46887,0.0,7,1,0.6023,0.086686
DuelingDQN,large_grid,1,575,46918,-60.0,31,1,0.602,0.086716
DuelingDQN,large_grid,1,576,46957,-100.0,39,1,0.6017,0.073568
DuelingDQN,large_grid,1,577,46984,-40.0,27,1,0.6015,0.035686
DuelingDQN,large_grid,1,578,47032,-61.0,48,1,0.6011,0.072596
DuelingDQN,large_grid,1,579,47044,-1.0,12,1,0.601,0.129305
DuelingDQN,large_grid,1,580,47048,7.0,4,1,0.6009,0.034693
DuelingDQN,large_grid,1,581,47072,-29.0,24,1,0.6007,0.069443
DuelingDQN,large_grid,1,582,47139,-136.0,67,1,0.6002,0.072664
DuelingDQN,large_grid,1,583,47158,-24.0,19,1,0.6,0.047678
DuelingDQN,large_grid,1,584,47232,-135.0,74,1,0.5994,0.049104
DuelingDQN,large_grid,1,585,47255,-28.0,23,1,0.5992,0.034519
DuelingDQN,large_grid,1,586,47311,-81.0,56,1,0.5987,0.045424
DuelingDQN,large_grid,1,587,47379,-133.0,68,1,0.5981,0.070106
DuelingDQN,large_grid,1,588,47480,-206.0,101,1,0.5973,0.055671
DuelingDQN,large_grid,1,589,47529,-102.0,49,1,0.5969,0.073714
DuelingDQN,large_grid,1,590,47612,-156.0,83,1,0.5962,0.071661
DuelingDQN,large_grid,1,591,47667,-88.0,55,1,0.5957,0.058449
DuelingDQN,large_grid,1,592,47700,-50.0,33,1,0.5954,0.071624
DuelingDQN,large_grid,1,593,47766,-119.0,66,1,0.5949,0.051347
DuelingDQN,large_grid,1,594,47799,-54.0,33,1,0.5946,0.053429
DuelingDQN,large_grid,1,595,47845,-87.0,46,1,0.5942,0.092653
DuelingDQN,large_grid,1,596,47946,-218.0,101,1,0.5933,0.075123
DuelingDQN,large_grid,1,597,47962,-25.0,16,1,0.5932,0.087702
DuelingDQN,large_grid,1,598,47989,-48.0,27,1,0.593,0.059648
DuelingDQN,large_grid,1,599,48038,-90.0,49,1,0.5925,0.085593
DuelingDQN,large_grid,1,600,48086,-89.0,48,1,0.5921,0.075855
DuelingDQN,large_grid,1,601,48102,-13.0,16,1,0.592,0.105015
DuelingDQN,large_grid,1,602,48150,-85.0,48,1,0.5916,0.078169
DuelingDQN,large_grid,1,603,48179,-46.0,29,1,0.5913,0.087395
DuelingDQN,large_grid,1,604,48181,9.0,2,1,0.5913,0.00467
DuelingDQN,large_grid,1,605,48190,-14.0,9,1,0.5913,0.050024
DuelingDQN,large_grid,1,606,48251,-122.0,61,1,0.5907,0.087973
DuelingDQN,large_grid,1,607,48314,-116.0,63,1,0.5902,0.065112
DuelingDQN,large_grid,1,608,48318,7.0,4,1,0.5902,0.066455
DuelingDQN,large_grid,1,609,48372,-91.0,54,1,0.5897,0.055997
DuelingDQN,large_grid,1,610,48380,3.0,8,1,0.5896,0.044362
DuelingDQN,large_grid,1,611,48385,6.0,5,1,0.5896,0.109688
DuelingDQN,large_grid,1,612,48386,10.0,1,1,0.5896,0.484494
DuelingDQN,large_grid,1,613,48407,-38.0,21,1,0.5894,0.075835
DuelingDQN,large_grid,1,614,48458,-68.0,51,1,0.589,0.05194
DuelingDQN,large_grid,1,615,48509,-96.0,51,1,0.5885,0.061784
DuelingDQN,large_grid,1,616,48522,-10.0,13,1,0.5884,0.081397
DuelingDQN,large_grid,1,617,48566,-69.0,44,1,0.5881,0.092704
DuelingDQN,large_grid,1,618,48628,-99.0,62,1,0.5875,0.077416
DuelingDQN,large_grid,1,619,48629,10.0,1,1,0.5875,0.068563
DuelingDQN,large_grid,1,620,48674,-78.0,45,1,0.5871,0.082778
DuelingDQN,large_grid,1,621,48765,-152.0,91,1,0.5864,0.068185
DuelingDQN,large_grid,1,622,48776,-4.0,11,1,0.5863,0.099036
DuelingDQN,large_grid,1,623,48818,-63.0,42,1,0.5859,0.072674
DuelingDQN,large_grid,1,624,48899,-158.0,81,1,0.5852,0.072972
DuelingDQN,large_grid,1,625,48904,6.0,5,1,0.5852,0.111377
DuelingDQN,large_grid,1,626,48906,9.0,2,1,0.5852,0.013148
DuelingDQN,large_grid,1,627,48912,1.0,6,1,0.5851,0.121059
DuelingDQN,large_grid,1,628,48976,-109.0,64,1,0.5846,0.068986
DuelingDQN,large_grid,1,629,48982,5.0,6,1,0.5845,0.102763
DuelingDQN,large_grid,1,630,49001,-32.0,19,1,0.5844,0.083308
DuelingDQN,large_grid,1,631,49021,-13.0,20,1,0.5842,0.111359
DuelingDQN,large_grid,1,632,49059,-51.0,38,1,0.5839,0.114896
DuelingDQN,large_grid,1,633,49077,-15.0,18,1,0.5837,0.050018
DuelingDQN,large_grid,1,634,49118,-74.0,41,1,0.5834,0.09235
DuelingDQN,large_grid,1,635,49166,-85.0,48,1,0.583,0.06087
DuelingDQN,large_grid,1,636,49220,-79.0,54,1,0.5825,0.073418
DuelingDQN,large_grid,1,637,49264,-77.0,44,1,0.5821,0.047312
DuelingDQN,large_grid,1,638,49290,-27.0,26,1,0.5819,0.071768
DuelingDQN,large_grid,1,639,49353,-132.0,63,1,0.5814,0.064357
DuelingDQN,large_grid,1,640,49386,-46.0,33,1,0.5811,0.077318
DuelingDQN,large_grid,1,641,49403,-14.0,17,1,0.581,0.059543
DuelingDQN,large_grid,1,642,49444,-58.0,41,1,0.5806,0.056724
DuelingDQN,large_grid,1,643,49481,-50.0,37,1,0.5803,0.056117
DuelingDQN,large_grid,1,644,49529,-81.0,48,1,0.5799,0.073001
DuelingDQN,large_grid,1,645,49578,-90.0,49,1,0.5795,0.069033
DuelingDQN,large_grid,1,646,49638,-101.0,60,1,0.579,0.068443
DuelingDQN,large_grid,1,647,49665,-36.0,27,1,0.5787,0.032213
DuelingDQN,large_grid,1,648,49807,-287.0,142,1,0.5775,0.082466
DuelingDQN,large_grid,1,649,49851,-73.0,44,1,0.5772,0.062227
DuelingDQN,large_grid,1,650,49886,-72.0,35,1,0.5769,0.064994
DuelingDQN,large_grid,1,651,49893,4.0,7,1,0.5768,0.074879
DuelingDQN,large_grid,1,652,49928,-52.0,35,1,0.5765,0.075568
DuelingDQN,large_grid,1,653,49970,-67.0,42,1,0.5762,0.036692
DuelingDQN,large_grid,1,654,50047,-134.0,77,1,0.5755,0.081544
DuelingDQN,large_grid,1,655,50113,-111.0,66,1,0.5749,0.081271
DuelingDQN,large_grid,1,656,50177,-121.0,64,1,0.5744,0.069472
DuelingDQN,large_grid,1,657,50188,-8.0,11,1,0.5743,0.09767
DuelingDQN,large_grid,1,658,50219,-44.0,31,1,0.574,0.06125
DuelingDQN,large_grid,1,659,50242,-28.0,23,1,0.5738,0.053891
DuelingDQN,large_grid,1,660,50314,-137.0,72,1,0.5732,0.064644
DuelingDQN,large_grid,1,661,50322,-1.0,8,1,0.5732,0.086874
DuelingDQN,large_grid,1,662,50393,-156.0,71,1,0.5726,0.059789
DuelingDQN,large_grid,1,663,50461,-137.0,68,1,0.572,0.093667
DuelingDQN,large_grid,1,664,50462,10.0,1,1,0.572,0.046148
DuelingDQN,large_grid,1,665,50523,-110.0,61,1,0.5715,0.10042
DuelingDQN,large_grid,1,666,50561,-71.0,38,1,0.5711,0.11353
DuelingDQN,large_grid,1,667,50634,-154.0,73,1,0.5705,0.066243
DuelingDQN,large_grid,1,668,50693,-108.0,59,1,0.57,0.068595
DuelingDQN,large_grid,1,669,50716,-32.0,23,1,0.5698,0.028041
DuelingDQN,large_grid,1,670,50752,-57.0,36,1,0.5695,0.081001
DuelingDQN,large_grid,1,671,50768,-17.0,16,1,0.5694,0.118941
DuelingDQN,large_grid,1,672,50786,-27.0,18,1,0.5692,0.093311
DuelingDQN,large_grid,1,673,50799,-14.0,13,1,0.5691,0.119917
DuelingDQN,large_grid,1,674,50804,2.0,5,1,0.5691,0.108704
DuelingDQN,large_grid,1,675,50852,-73.0,48,1,0.5687,0.054815
DuelingDQN,large_grid,1,676,50876,-29.0,24,1,0.5685,0.052277
DuelingDQN,large_grid,1,677,50911,-44.0,35,1,0.5682,0.062973
DuelingDQN,large_grid,1,678,50957,-71.0,46,1,0.5678,0.066234
DuelingDQN,large_grid,1,679,50980,-36.0,23,1,0.5676,0.066865
DuelingDQN,large_grid,1,680,51037,-106.0,57,1,0.5671,0.102801
DuelingDQN,large_grid,1,681,51091,-87.0,54,1,0.5666,0.073192
DuelingDQN,large_grid,1,682,51150,-88.0,59,1,0.5661,0.093506
DuelingDQN,large_grid,1,683,51180,-39.0,30,1,0.5659,0.092412
DuelingDQN,large_grid,1,684,51181,10.0,1,1,0.5659,0.009147
DuelingDQN,large_grid,1,685,51213,-57.0,32,1,0.5656,0.072631
DuelingDQN,large_grid,1,686,51252,-48.0,39,1,0.5653,0.082327
DuelingDQN,large_grid,1,687,51297,-78.0,45,1,0.5649,0.064244
DuelingDQN,large_grid,1,688,51368,-148.0,71,1,0.5643,0.064804
DuelingDQN,large_grid,1,689,51404,-57.0,36,1,0.564,0.055393
DuelingDQN,large_grid,1,690,51413,-2.0,9,1,0.5639,0.066286
DuelingDQN,large_grid,1,691,51427,-7.0,14,1,0.5638,0.029571
DuelingDQN,large_grid,1,692,51439,-13.0,12,1,0.5637,0.024429
DuelingDQN,large_grid,1,693,51456,-18.0,17,1,0.5636,0.049573
DuelingDQN,large_grid,1,694,51466,-7.0,10,1,0.5635,0.104289
DuelingDQN,large_grid,1,695,51482,-13.0,16,1,0.5633,0.054162
DuelingDQN,large_grid,1,696,51508,-51.0,26,1,0.5631,0.088836
DuelingDQN,large_grid,1,697,51532,-33.0,24,1,0.5629,0.106197
DuelingDQN,large_grid,1,698,51555,-32.0,23,1,0.5627,0.054038
DuelingDQN,large_grid,1,699,51573,-19.0,18,1,0.5626,0.104689
DuelingDQN,large_grid,1,700,51589,-9.0,16,1,0.5624,0.052822
DuelingDQN,large_grid,1,701,51610,-34.0,21,1,0.5622,0.089798
DuelingDQN,large_grid,1,702,51656,-83.0,46,1,0.5619,0.071635
DuelingDQN,large_grid,1,703,51687,-32.0,31,1,0.5616,0.080735
DuelingDQN,large_grid,1,704,51725,-71.0,38,1,0.5613,0.105778
DuelingDQN,large_grid,1,705,51755,-51.0,30,1,0.561,0.056748
DuelingDQN,large_grid,1,706,51759,7.0,4,1,0.561,0.007781
DuelingDQN,large_grid,1,707,51792,-38.0,33,1,0.5607,0.117087
DuelingDQN,large_grid,1,708,51844,-77.0,52,1,0.5603,0.074313
DuelingDQN,large_grid,1,709,51904,-93.0,60,1,0.5598,0.033883
DuelingDQN,large_grid,1,710,51927,-32.0,23,1,0.5596,0.077789
DuelingDQN,large_grid,1,711,51945,-15.0,18,1,0.5594,0.095572
DuelingDQN,large_grid,1,712,51958,-10.0,13,1,0.5593,0.09039
DuelingDQN,large_grid,1,713,51981,-24.0,23,1,0.5591,0.077009
DuelingDQN,large_grid,1,714,52014,-42.0,33,1,0.5588,0.102567
DuelingDQN,large_grid,1,715,52023,-6.0,9,1,0.5587,0.147846
DuelingDQN,large_grid,1,716,52024,10.0,1,1,0.5587,0.060625
DuelingDQN,large_grid,1,717,52033,-10.0,9,1,0.5587,0.071646
DuelingDQN,large_grid,1,718,52037,7.0,4,1,0.5586,0.076061
DuelingDQN,large_grid,1,719,52069,-41.0,32,1,0.5584,0.075507
DuelingDQN,large_grid,1,720,52100,-44.0,31,1,0.5581,0.070544
DuelingDQN,large_grid,1,721,52118,-35.0,18,1,0.5579,0.109862
DuelingDQN,large_grid,1,722,52159,-42.0,41,1,0.5576,0.054976
DuelingDQN,large_grid,1,723,52160,10.0,1,1,0.5576,0.006832
DuelingDQN,large_grid,1,724,52191,-44.0,31,1,0.5573,0.112745
DuelingDQN,large_grid,1,725,52288,-238.0,97,1,0.5565,0.075707
DuelingDQN,large_grid,1,726,52312,-17.0,24,1,0.5563,0.062462
DuelingDQN,large_grid,1,727,52331,-16.0,19,1,0.5561,0.056485
DuelingDQN,large_grid,1,728,52385,-83.0,54,1,0.5557,0.084322
DuelingDQN,large_grid,1,729,52413,-37.0,28,1,0.5554,0.070159
DuelingDQN,large_grid,1,730,52453,-81.0,40,1,0.5551,0.08389
DuelingDQN,large_grid,1,731,52487,-63.0,34,1,0.5548,0.070856
DuelingDQN,large_grid,1,732,52489,9.0,2,1,0.5548,0.004357
DuelingDQN,large_grid,1,733,52512,-32.0,23,1,0.5546,0.071309
DuelingDQN,large_grid,1,734,52559,-96.0,47,1,0.5542,0.078232
DuelingDQN,large_grid,1,735,52624,-106.0,65,1,0.5536,0.093394
DuelingDQN,large_grid,1,736,52666,-71.0,42,1,0.5533,0.044303
DuelingDQN,large_grid,1,737,52712,-59.0,46,1,0.5529,0.050215
DuelingDQN,large_grid,1,738,52764,-89.0,52,1,0.5525,0.064223
DuelingDQN,large_grid,1,739,52794,-79.0,30,1,0.5522,0.044937
DuelingDQN,large_grid,1,740,52852,-107.0,58,1,0.5517,0.05275
DuelingDQN,large_grid,1,741,52881,-38.0,29,1,0.5515,0.08301
DuelingDQN,large_grid,1,742,52894,-10.0,13,1,0.5514,0.053041
DuelingDQN,large_grid,1,743,52905,-4.0,11,1,0.5513,0.076871
DuelingDQN,large_grid,1,744,53002,-162.0,97,1,0.5504,0.053325
DuelingDQN,large_grid,1,745,53036,-71.0,34,1,0.5501,0.099011
DuelingDQN,large_grid,1,746,53060,-33.0,24,1,0.5499,0.09377
DuelingDQN,large_grid,1,747,53093,-42.0,33,1,0.5497,0.123724
DuelingDQN,large_grid,1,748,53109,-17.0,16,1,0.5495,0.123874
DuelingDQN,large_grid,1,749,53144,-56.0,35,1,0.5492,0.078155
DuelingDQN,large_grid,1,750,53160,-17.0,16,1,0.5491,0.07547
DuelingDQN,large_grid,1,751,53193,-54.0,33,1,0.5488,0.069991
DuelingDQN,large_grid,1,752,53220,-36.0,27,1,0.5486,0.08641
DuelingDQN,large_grid,1,753,53267,-72.0,47,1,0.5482,0.064062
DuelingDQN,large_grid,1,754,53311,-61.0,44,1,0.5478,0.080583
DuelingDQN,large_grid,1,755,53368,-90.0,57,1,0.5473,0.074567
DuelingDQN,large_grid,1,756,53430,-107.0,62,1,0.5468,0.069269
DuelingDQN,large_grid,1,757,53455,-30.0,25,1,0.5466,0.106957
DuelingDQN,large_grid,1,758,53481,-43.0,26,1,0.5464,0.081619
DuelingDQN,large_grid,1,759,53539,-87.0,58,1,0.5459,0.086213
DuelingDQN,large_grid,1,760,53591,-97.0,52,1,0.5454,0.06933
DuelingDQN,large_grid,1,761,53620,-30.0,29,1,0.5452,0.070279
DuelingDQN,large_grid,1,762,53639,-28.0,19,1,0.545,0.086287
DuelingDQN,large_grid,1,763,53690,-96.0,51,1,0.5446,0.064266
DuelingDQN,large_grid,1,764,53732,-59.0,42,1,0.5442,0.079205
DuelingDQN,large_grid,1,765,53792,-101.0,60,1,0.5437,0.077222
DuelingDQN,large_grid,1,766,53849,-122.0,57,1,0.5433,0.059314
DuelingDQN,large_grid,1,767,53894,-86.0,45,1,0.5429,0.059542
DuelingDQN,large_grid,1,768,53948,-79.0,54,1,0.5424,0.071537
DuelingDQN,large_grid,1,769,54003,-84.0,55,1,0.5419,0.071137
DuelingDQN,large_grid,1,770,54069,-127.0,66,1,0.5414,0.075568
DuelingDQN,large_grid,1,771,54114,-62.0,45,1,0.541,0.072568
DuelingDQN,large_grid,1,772,54129,-8.0,15,1,0.5409,0.042606
DuelingDQN,large_grid,1,773,54136,4.0,7,1,0.5408,0.01611
DuelingDQN,large_grid,1,774,54142,5.0,6,1,0.5408,0.030597
DuelingDQN,large_grid,1,775,54188,-59.0,46,1,0.5404,0.092284
DuelingDQN,large_grid,1,776,54225,-50.0,37,1,0.5401,0.065912
DuelingDQN,large_grid,1,777,54255,-51.0,30,1,0.5398,0.063525
DuelingDQN,large_grid,1,778,54299,-65.0,44,1,0.5394,0.041859
DuelingDQN,large_grid,1,779,54364,-110.0,65,1,0.5389,0.043717
DuelingDQN,large_grid,1,780,54415,-88.0,51,1,0.5385,0.076685
DuelingDQN,large_grid,1,781,54448,-58.0,33,1,0.5382,0.075146
DuelingDQN,large_grid,1,782,54461,-18.0,13,1,0.5381,0.0579
DuelingDQN,large_grid,1,783,54483,-23.0,22,1,0.5379,0.073531
DuelingDQN,large_grid,1,784,54546,-112.0,63,1,0.5373,0.089026
DuelingDQN,large_grid,1,785,54594,-77.0,48,1,0.5369,0.081848
DuelingDQN,large_grid,1,786,54617,-36.0,23,1,0.5367,0.054661
DuelingDQN,large_grid,1,787,54661,-73.0,44,1,0.5364,0.075881
DuelingDQN,large_grid,1,788,54697,-49.0,36,1,0.5361,0.062388
DuelingDQN,large_grid,1,789,54720,-32.0,23,1,0.5359,0.078059
DuelingDQN,large_grid,1,790,54789,-130.0,69,1,0.5353,0.069521
DuelingDQN,large_grid,1,791,54855,-115.0,66,1,0.5347,0.039376
DuelingDQN,large_grid,1,792,54898,-68.0,43,1,0.5344,0.032495
DuelingDQN,large_grid,1,793,54938,-45.0,40,1,0.534,0.067407
DuelingDQN,large_grid,1,794,54991,-94.0,53,1,0.5336,0.078513
DuelingDQN,large_grid,1,795,55049,-99.0,58,1,0.5331,0.093987
DuelingDQN,large_grid,1,796,55064,-8.0,15,1,0.5329,0.074252
DuelingDQN,large_grid,1,797,55072,-1.0,8,1,0.5329,0.093378
DuelingDQN,large_grid,1,798,55112,-65.0,40,1,0.5325,0.074702
DuelingDQN,large_grid,1,799,55123,-16.0,11,1,0.5324,0.070646
DuelingDQN,large_grid,1,800,55151,-53.0,28,1,0.5322,0.082996
DQN,large_grid,2,1,200,-556.0,200,0,0.9983,
DQN,large_grid,2,2,400,-556.0,200,0,0.9966,
DQN,large_grid,2,3,600,-408.0,200,0,0.9949,
DQN,large_grid,2,4,800,-572.0,200,0,0.9932,
DQN,large_grid,2,5,1000,-568.0,200,0,0.9915,2.242756
DQN,large_grid,2,6,1200,-592.0,200,0,0.9898,1.280231
DQN,large_grid,2,7,1355,-396.0,155,1,0.9885,0.555425
DQN,large_grid,2,8,1555,-428.0,200,0,0.9868,0.557298
DQN,large_grid,2,9,1755,-608.0,200,0,0.9851,0.538757
DQN,large_grid,2,10,1955,-576.0,200,0,0.9834,0.461574
DQN,large_grid,2,11,2155,-588.0,200,0,0.9817,0.392747
DQN,large_grid,2,12,2355,-580.0,200,0,0.98,0.322216
DQN,large_grid,2,13,2555,-592.0,200,0,0.9783,0.277438
DQN,large_grid,2,14,2755,-556.0,200,0,0.9766,0.224052
DQN,large_grid,2,15,2955,-520.0,200,0,0.9749,0.200035
DQN,large_grid,2,16,3155,-508.0,200,0,0.9732,0.192449
DQN,large_grid,2,17,3355,-588.0,200,0,0.9715,0.169673
DQN,large_grid,2,18,3555,-628.0,200,0,0.9698,0.170141
DQN,large_grid,2,19,3755,-448.0,200,0,0.9681,0.147646
DQN,large_grid,2,20,3896,-410.0,141,1,0.967,0.133257
DQN,large_grid,2,21,4096,-464.0,200,0,0.9653,0.142283
DQN,large_grid,2,22,4190,-235.0,94,1,0.9645,0.131283
DQN,large_grid,2,23,4390,-548.0,200,0,0.9628,0.132494
DQN,large_grid,2,24,4590,-540.0,200,0,0.9611,0.123641
DQN,large_grid,2,25,4790,-596.0,200,0,0.9594,0.101544
DQN,large_grid,2,26,4990,-592.0,200,0,0.9577,0.092545
DQN,large_grid,2,27,5190,-580.0,200,0,0.956,0.101268
DQN,large_grid,2,28,5390,-508.0,200,0,0.9543,0.082597
DQN,large_grid,2,29,5590,-612.0,200,0,0.9526,0.088839
DQN,large_grid,2,30,5790,-388.0,200,0,0.9509,0.072756
DQN,large_grid,2,31,5990,-368.0,200,0,0.9492,0.064998
DQN,large_grid,2,32,6190,-564.0,200,0,0.9475,0.065962
DQN,large_grid,2,33,6390,-484.0,200,0,0.9458,0.055809
DQN,large_grid,2,34,6590,-588.0,200,0,0.9441,0.054869
DQN,large_grid,2,35,6790,-616.0,200,0,0.9424,0.044621
DQN,large_grid,2,36,6990,-536.0,200,0,0.9407,0.040186
DQN,large_grid,2,37,7190,-560.0,200,0,0.939,0.047502
DQN,large_grid,2,38,7390,-500.0,200,0,0.9373,0.039666
DQN,large_grid,2,39,7590,-428.0,200,0,0.9356,0.044106
DQN,large_grid,2,40,7790,-584.0,200,0,0.9339,0.030822
DQN,large_grid,2,41,7990,-424.0,200,0,0.9322,0.024217
DQN,large_grid,2,42,8190,-532.0,200,0,0.9305,0.035252
DQN,large_grid,2,43,8390,-584.0,200,0,0.9288,0.023868
DQN,large_grid,2,44,8403,-30.0,13,1,0.9287,0.044747
DQN,large_grid,2,45,8413,-7.0,10,1,0.9286,0.014694
DQN,large_grid,2,46,8613,-528.0,200,0,0.9269,0.043897
DQN,large_grid,2,47,8813,-536.0,200,0,0.9252,0.024741
DQN,large_grid,2,48,9013,-536.0,200,0,0.9236,0.036955
DQN,large_grid,2,49,9207,-503.0,194,1,0.9219,0.026454
DQN,large_grid,2,50,9407,-612.0,200,0,0.9202,0.026642
DQN,large_grid,2,51,9504,-218.0,97,1,0.9194,0.037567
DQN,large_grid,2,52,9704,-552.0,200,0,0.9177,0.036447
DQN,large_grid,2,53,9904,-416.0,200,0,0.916,0.033991
DQN,large_grid,2,54,10104,-496.0,200,0,0.9143,0.034663
DQN,large_grid,2,55,10304,-504.0,200,0,0.9126,0.026085
DQN,large_grid,2,56,10369,-146.0,65,1,0.912,0.03637
DQN,large_grid,2,57,10396,-48.0,27,1,0.9118,0.026382
DQN,large_grid,2,58,10596,-524.0,200,0,0.9101,0.051123
DQN,large_grid,2,59,10634,-99.0,38,1,0.9098,0.034065
DQN,large_grid,2,60,10834,-496.0,200,0,0.9081,0.040964
DQN,large_grid,2,61,11034,-504.0,200,0,0.9064,0.058266
DQN,large_grid,2,62,11234,-424.0,200,0,0.9047,0.027953
DQN,large_grid,2,63,11434,-528.0,200,0,0.903,0.043123
DQN,large_grid,2,64,11634,-464.0,200,0,0.9013,0.052534
DQN,large_grid,2,65,11834,-520.0,200,0,0.8996,0.0304
DQN,large_grid,2,66,12034,-548.0,200,0,0.8979,0.037397
DQN,large_grid,2,67,12210,-477.0,176,1,0.8964,0.041601
DQN,large_grid,2,68,12410,-556.0,200,0,0.8947,0.026906
DQN,large_grid,2,69,12610,-480.0,200,0,0.893,0.049698
DQN,large_grid,2,70,12810,-516.0,200,0,0.8913,0.033437
DQN,large_grid,2,71,13010,-540.0,200,0,0.8896,0.037079
DQN,large_grid,2,72,13210,-508.0,200,0,0.888,0.029808
DQN,large_grid,2,73,13410,-568.0,200,0,0.8863,0.029755
DQN,large_grid,2,74,13600,-391.0,190,1,0.8846,0.04971
DQN,large_grid,2,75,13648,-85.0,48,1,0.8842,0.038399
DQN,large_grid,2,76,13848,-536.0,200,0,0.8825,0.011337
DQN,large_grid,2,77,14048,-504.0,200,0,0.8808,0.047184
DQN,large_grid,2,78,14224,-441.0,176,1,0.8793,0.032107
DQN,large_grid,2,79,14424,-444.0,200,0,0.8777,0.044467
DQN,large_grid,2,80,14624,-488.0,200,0,0.876,0.045466
DQN,large_grid,2,81,14656,-73.0,32,1,0.8757,0.055054
DQN,large_grid,2,82,14838,-459.0,182,1,0.8741,0.051752
DQN,large_grid,2,83,15038,-536.0,200,0,0.8724,0.044098
DQN,large_grid,2,84,15238,-520.0,200,0,0.8707,0.041227
DQN,large_grid,2,85,15438,-424.0,200,0,0.8691,0.044991
DQN,large_grid,2,86,15638,-516.0,200,0,0.8674,0.047534
DQN,large_grid,2,87,15838,-504.0,200,0,0.8657,0.048395
DQN,large_grid,2,88,15951,-298.0,113,1,0.8647,0.05376
DQN,large_grid,2,89,16151,-548.0,200,0,0.863,0.056039
DQN,large_grid,2,90,16173,-43.0,22,1,0.8628,0.056572
DQN,large_grid,2,91,16373,-532.0,200,0,0.8611,0.029616
DQN,large_grid,2,92,16573,-384.0,200,0,0.8594,0.060166
DQN,large_grid,2,93,16773,-548.0,200,0,0.8577,0.046742
DQN,large_grid,2,94,16973,-492.0,200,0,0.856,0.040686
DQN,large_grid,2,95,17173,-440.0,200,0,0.8543,0.073596
DQN,large_grid,2,96,17373,-412.0,200,0,0.8526,0.053182
DQN,large_grid,2,97,17573,-516.0,200,0,0.8509,0.048596
DQN,large_grid,2,98,17773,-516.0,200,0,0.8492,0.044736
DQN,large_grid,2,99,17843,-159.0,70,1,0.8487,0.04598
DQN,large_grid,2,100,18043,-488.0,200,0,0.847,0.041902
DQN,large_grid,2,101,18135,-213.0,92,1,0.8462,0.05103
DQN,large_grid,2,102,18273,-275.0,138,1,0.845,0.034868
DQN,large_grid,2,103,18473,-460.0,200,0,0.8433,0.036599
DQN,large_grid,2,104,18550,-154.0,77,1,0.8427,0.065562
DQN,large_grid,2,105,18750,-456.0,200,0,0.841,0.049742
DQN,large_grid,2,106,18950,-520.0,200,0,0.8393,0.034205
DQN,large_grid,2,107,19150,-512.0,200,0,0.8376,0.047919
DQN,large_grid,2,108,19260,-243.0,110,1,0.8366,0.026142
DQN,large_grid,2,109,19460,-492.0,200,0,0.8349,0.059091
DQN,large_grid,2,110,19660,-488.0,200,0,0.8332,0.052578
DQN,large_grid,2,111,19780,-253.0,120,1,0.8322,0.061627
DQN,large_grid,2,112,19980,-548.0,200,0,0.8305,0.03794
DQN,large_grid,2,113,20046,-119.0,66,1,0.83,0.066417
DQN,large_grid,2,114,20246,-484.0,200,0,0.8283,0.032737
DQN,large_grid,2,115,20446,-432.0,200,0,0.8266,0.065676
DQN,large_grid,2,116,20646,-492.0,200,0,0.8249,0.048724
DQN,large_grid,2,117,20784,-263.0,138,1,0.8237,0.076772
DQN,large_grid,2,118,20984,-420.0,200,0,0.822,0.043917
DQN,large_grid,2,119,21092,-269.0,108,1,0.8211,0.085617
DQN,large_grid,2,120,21292,-388.0,200,0,0.8194,0.055613
DQN,large_grid,2,121,21455,-320.0,163,1,0.818,0.063298
DQN,large_grid,2,122,21655,-368.0,200,0,0.8163,0.086232
DQN,large_grid,2,123,21747,-217.0,92,1,0.8155,0.038811
DQN,large_grid,2,124,21947,-376.0,200,0,0.8138,0.045922
DQN,large_grid,2,125,22147,-436.0,200,0,0.8121,0.059628
DQN,large_grid,2,126,22347,-544.0,200,0,0.8104,0.053568
DQN,large_grid,2,127,22547,-400.0,200,0,0.8088,0.07855
DQN,large_grid,2,128,22747,-396.0,200,0,0.8071,0.058256
DQN,large_grid,2,129,22947,-416.0,200,0,0.8054,0.064559
DQN,large_grid,2,130,23147,-524.0,200,0,0.8037,0.072691
DQN,large_grid,2,131,23347,-500.0,200,0,0.802,0.072465
DQN,large_grid,2,132,23547,-548.0,200,0,0.8003,0.05811
DQN,large_grid,2,133,23701,-355.0,154,1,0.799,0.058856
DQN,large_grid,2,134,23901,-552.0,200,0,0.7973,0.068633
DQN,large_grid,2,135,24101,-420.0,200,0,0.7956,0.061757
DQN,large_grid,2,136,24133,-61.0,32,1,0.7953,0.048631
DQN,large_grid,2,137,24333,-476.0,200,0,0.7936,0.058258
DQN,large_grid,2,138,24383,-67.0,50,1,0.7932,0.017011
DQN,large_grid,2,139,24391,-5.0,8,1,0.7931,0.002443
DQN,large_grid,2,140,24445,-107.0,54,1,0.7927,0.066737
DQN,large_grid,2,141,24446,10.0,1,1,0.7926,0.001408
DQN,large_grid,2,142,24483,-58.0,37,1,0.7923,0.09776
DQN,large_grid,2,143,24683,-536.0,200,0,0.7906,0.106255
DQN,large_grid,2,144,24883,-480.0,200,0,0.7889,0.052914
DQN,large_grid,2,145,25081,-419.0,198,1,0.7873,0.058632
DQN,large_grid,2,146,25281,-536.0,200,0,0.7856,0.079588
DQN,large_grid,2,147,25481,-412.0,200,0,0.7839,0.065469
DQN,large_grid,2,148,25490,-6.0,9,1,0.7838,0.002677
DQN,large_grid,2,149,25690,-460.0,200,0,0.7821,0.119953
DQN,large_grid,2,150,25698,-5.0,8,1,0.782,0.004269
DQN,large_grid,2,151,25898,-496.0,200,0,0.7803,0.067236
DQN,large_grid,2,152,25933,-80.0,35,1,0.78,0.044106
DQN,large_grid,2,153,25936,4.0,3,1,0.78,0.003902
DQN,large_grid,2,154,26136,-496.0,200,0,0.7783,0.095971
DQN,large_grid,2,155,26336,-512.0,200,0,0.7766,0.06903
DQN,large_grid,2,156,26536,-444.0,200,0,0.7749,0.10853
DQN,large_grid,2,157,26736,-372.0,200,0,0.7732,0.081525
DQN,large_grid,2,158,26922,-443.0,186,1,0.7716,0.068286
DQN,large_grid,2,159,27122,-460.0,200,0,0.7699,0.086355
DQN,large_grid,2,160,27322,-436.0,200,0,0.7683,0.086393
DQN,large_grid,2,161,27522,-496.0,200,0,0.7666,0.078839
DQN,large_grid,2,162,27722,-416.0,200,0,0.7649,0.112042
DQN,large_grid,2,163,27741,-32.0,19,1,0.7647,0.126938
DQN,large_grid,2,164,27941,-368.0,200,0,0.763,0.079817
DQN,large_grid,2,165,28141,-492.0,200,0,0.7613,0.08334
DQN,large_grid,2,166,28200,-128.0,59,1,0.7608,0.055314
DQN,large_grid,2,167,28400,-516.0,200,0,0.7591,0.072018
DQN,large_grid,2,168,28486,-191.0,86,1,0.7584,0.102374
DQN,large_grid,2,169,28686,-372.0,200,0,0.7567,0.102168
DQN,large_grid,2,170,28886,-452.0,200,0,0.755,0.104242
DQN,large_grid,2,171,29086,-384.0,200,0,0.7533,0.06483
DQN,large_grid,2,172,29286,-396.0,200,0,0.7516,0.074552
DQN,large_grid,2,173,29486,-488.0,200,0,0.7499,0.07535
DQN,large_grid,2,174,29686,-496.0,200,0,0.7482,0.092895
DQN,large_grid,2,175,29886,-424.0,200,0,0.7465,0.071758
DQN,large_grid,2,176,29954,-133.0,68,1,0.7459,0.087642
DQN,large_grid,2,177,30021,-144.0,67,1,0.7454,0.124962
DQN,large_grid,2,178,30221,-424.0,200,0,0.7437,0.128868
DQN,large_grid,2,179,30244,-36.0,23,1,0.7435,0.144751
DQN,large_grid,2,180,30444,-356.0,200,0,0.7418,0.064715
DQN,large_grid,2,181,30483,-80.0,39,1,0.7414,0.182264
DQN,large_grid,2,182,30683,-476.0,200,0,0.7397,0.064777
DQN,large_grid,2,183,30883,-544.0,200,0,0.738,0.078798
DQN,large_grid,2,184,31083,-452.0,200,0,0.7363,0.107127
DQN,large_grid,2,185,31283,-492.0,200,0,0.7347,0.079949
DQN,large_grid,2,186,31483,-516.0,200,0,0.733,0.079637
DQN,large_grid,2,187,31683,-488.0,200,0,0.7313,0.086363
DQN,large_grid,2,188,31883,-336.0,200,0,0.7296,0.084544
DQN,large_grid,2,189,31911,-49.0,28,1,0.7293,0.094561
DQN,large_grid,2,190,32111,-524.0,200,0,0.7276,0.107676
DQN,large_grid,2,191,32311,-476.0,200,0,0.7259,0.103267
DQN,large_grid,2,192,32395,-221.0,84,1,0.7252,0.130664
DQN,large_grid,2,193,32423,-45.0,28,1,0.725,0.067528
DQN,large_grid,2,194,32484,-126.0,61,1,0.7245,0.064795
DQN,large_grid,2,195,32499,-12.0,15,1,0.7243,0.066607
DQN,large_grid,2,196,32699,-500.0,200,0,0.7226,0.131314
DQN,large_grid,2,197,32733,-59.0,34,1,0.7224,0.129511
DQN,large_grid,2,198,32933,-332.0,200,0,0.7207,0.096096
DQN,large_grid,2,199,33133,-472.0,200,0,0.719,0.118956
DQN,large_grid,2,200,33333,-356.0,200,0,0.7173,0.07317
DQN,large_grid,2,201,33533,-480.0,200,0,0.7156,0.130873
DQN,large_grid,2,202,33733,-460.0,200,0,0.7139,0.124661
DQN,large_grid,2,203,33870,-258.0,137,1,0.7127,0.098117
DQN,large_grid,2,204,34070,-408.0,200,0,0.711,0.107831
DQN,large_grid,2,205,34270,-344.0,200,0,0.7093,0.080708
DQN,large_grid,2,206,34470,-456.0,200,0,0.7076,0.09963
DQN,large_grid,2,207,34670,-468.0,200,0,0.7059,0.132165
DQN,large_grid,2,208,34870,-376.0,200,0,0.7042,0.134493
DQN,large_grid,2,209,35070,-396.0,200,0,0.7025,0.120436
DQN,large_grid,2,210,35113,-96.0,43,1,0.7022,0.13155
DQN,large_grid,2,211,35213,-193.0,100,1,0.7013,0.104783
DQN,large_grid,2,212,35413,-476.0,200,0,0.6996,0.151709
DQN,large_grid,2,213,35601,-309.0,188,1,0.698,0.110977
DQN,large_grid,2,214,35712,-184.0,111,1,0.6971,0.129516
DQN,large_grid,2,215,35872,-345.0,160,1,0.6957,0.088482
DQN,large_grid,2,216,35979,-244.0,107,1,0.6948,0.103902
DQN,large_grid,2,217,36030,-84.0,51,1,0.6944,0.156612
DQN,large_grid,2,218,36207,-386.0,177,1,0.6929,0.146785
DQN,large_grid,2,219,36402,-444.0,195,1,0.6912,0.141176
DQN,large_grid,2,220,36417,-16.0,15,1,0.6911,0.138157
DQN,large_grid,2,221,36617,-452.0,200,0,0.6894,0.141728
DQN,large_grid,2,222,36817,-344.0,200,0,0.6877,0.110652
DQN,large_grid,2,223,37017,-468.0,200,0,0.686,0.130986
DQN,large_grid,2,224,37217,-448.0,200,0,0.6843,0.147986
DQN,large_grid,2,225,37417,-316.0,200,0,0.6826,0.117675
DQN,large_grid,2,226,37617,-472.0,200,0,0.6809,0.12829
DQN,large_grid,2,227,37817,-304.0,200,0,0.6792,0.186382
DQN,large_grid,2,228,37819,9.0,2,1,0.6792,0.813334
DQN,large_grid,2,229,38019,-368.0,200,0,0.6775,0.148756
DQN,large_grid,2,230,38055,-57.0,36,1,0.6772,0.197562
DQN,large_grid,2,231,38087,-65.0,32,1,0.6769,0.125566
DQN,large_grid,2,232,38135,-73.0,48,1,0.6765,0.21493
DQN,large_grid,2,233,38335,-404.0,200,0,0.6748,0.155492
DQN,large_grid,2,234,38346,-16.0,11,1,0.6747,0.268133
DQN,large_grid,2,235,38546,-380.0,200,0,0.673,0.134246
DQN,large_grid,2,236,38746,-400.0,200,0,0.6714,0.146618
DQN,large_grid,2,237,38775,-54.0,29,1,0.6711,0.115891
DQN,large_grid,2,238,38975,-436.0,200,0,0.6694,0.140768
DQN,large_grid,2,239,39175,-456.0,200,0,0.6677,0.16739
DQN,large_grid,2,240,39375,-476.0,200,0,0.666,0.160923
DQN,large_grid,2,241,39575,-432.0,200,0,0.6643,0.178739
DQN,large_grid,2,242,39775,-324.0,200,0,0.6626,0.188069
DQN,large_grid,2,243,39975,-360.0,200,0,0.6609,0.152882
DQN,large_grid,2,244,40175,-364.0,200,0,0.6592,0.210587
DQN,large_grid,2,245,40375,-324.0,200,0,0.6575,0.192583
DQN,large_grid,2,246,40377,9.0,2,1,0.6575,0.121247
DQN,large_grid,2,247,40489,-205.0,112,1,0.6566,0.199899
DQN,large_grid,2,248,40511,-35.0,22,1,0.6564,0.255997
DQN,large_grid,2,249,40520,-10.0,9,1,0.6563,0.132747
DQN,large_grid,2,250,40615,-176.0,95,1,0.6555,0.238905
DQN,large_grid,2,251,40815,-400.0,200,0,0.6538,0.197155
DQN,large_grid,2,252,41015,-456.0,200,0,0.6521,0.209161
DQN,large_grid,2,253,41046,-48.0,31,1,0.6518,0.296424
DQN,large_grid,2,254,41090,-77.0,44,1,0.6515,0.195863
DQN,large_grid,2,255,41290,-484.0,200,0,0.6498,0.236104
DQN,large_grid,2,256,41303,-14.0,13,1,0.6497,0.180444
DQN,large_grid,2,257,41503,-468.0,200,0,0.648,0.223207
DQN,large_grid,2,258,41515,-13.0,12,1,0.6479,0.45031
DQN,large_grid,2,259,41551,-69.0,36,1,0.6476,0.28633
DQN,large_grid,2,260,41751,-420.0,200,0,0.6459,0.230134
DQN,large_grid,2,261,41776,-54.0,25,1,0.6457,0.184864
DQN,large_grid,2,262,41976,-468.0,200,0,0.644,0.214322
DQN,large_grid,2,263,42176,-468.0,200,0,0.6423,0.272129
DQN,large_grid,2,264,42376,-324.0,200,0,0.6406,0.267513
DQN,large_grid,2,265,42576,-284.0,200,0,0.6389,0.274803
DQN,large_grid,2,266,42776,-356.0,200,0,0.6372,0.303927
DQN,large_grid,2,267,42976,-448.0,200,0,0.6355,0.243951
DQN,large_grid,2,268,43176,-356.0,200,0,0.6338,0.280293
DQN,large_grid,2,269,43322,-323.0,146,1,0.6325,0.306856
DQN,large_grid,2,270,43365,-64.0,43,1,0.6322,0.255274
DQN,large_grid,2,271,43422,-118.0,57,1,0.6317,0.436257
DQN,large_grid,2,272,43622,-396.0,200,0,0.63,0.296033
DQN,large_grid,2,273,43822,-328.0,200,0,0.6283,0.302053
DQN,large_grid,2,274,43909,-172.0,87,1,0.6276,0.289533
DQN,large_grid,2,275,43910,10.0,1,1,0.6275,0.227862
DQN,large_grid,2,276,44110,-400.0,200,0,0.6259,0.319947
DQN,large_grid,2,277,44221,-256.0,111,1,0.6249,0.323662
DQN,large_grid,2,278,44224,4.0,3,1,0.6249,0.278702
DQN,large_grid,2,279,44424,-340.0,200,0,0.6232,0.300031
DQN,large_grid,2,280,44624,-312.0,200,0,0.6215,0.363617
DQN,large_grid,2,281,44643,-36.0,19,1,0.6213,0.374453
DQN,large_grid,2,282,44843,-308.0,200,0,0.6196,0.391851
DQN,large_grid,2,283,45043,-368.0,200,0,0.6179,0.382668
DQN,large_grid,2,284,45243,-496.0,200,0,0.6162,0.43235
DQN,large_grid,2,285,45443,-460.0,200,0,0.6145,0.373822
DQN,large_grid,2,286,45476,-58.0,33,1,0.6143,0.447656
DQN,large_grid,2,287,45498,-47.0,22,1,0.6141,0.364405
DQN,large_grid,2,288,45698,-348.0,200,0,0.6124,0.418353
DQN,large_grid,2,289,45898,-452.0,200,0,0.6107,0.436577
DQN,large_grid,2,290,46098,-332.0,200,0,0.609,0.472976
DQN,large_grid,2,291,46174,-153.0,76,1,0.6083,0.413838
DQN,large_grid,2,292,46374,-360.0,200,0,0.6066,0.423775
DQN,large_grid,2,293,46574,-444.0,200,0,0.605,0.469347
DQN,large_grid,2,294,46651,-174.0,77,1,0.6043,0.52665
DQN,large_grid,2,295,46689,-59.0,38,1,0.604,0.448535
DQN,large_grid,2,296,46719,-43.0,30,1,0.6037,0.479988
DQN,large_grid,2,297,46919,-340.0,200,0,0.602,0.46142
DQN,large_grid,2,298,47119,-364.0,200,0,0.6003,0.514052
DQN,large_grid,2,299,47319,-364.0,200,0,0.5986,0.496085
DQN,large_grid,2,300,47519,-336.0,200,0,0.5969,0.507382
DQN,large_grid,2,301,47719,-372.0,200,0,0.5952,0.582899
DQN,large_grid,2,302,47755,-69.0,36,1,0.5949,0.557301
DQN,large_grid,2,303,47875,-265.0,120,1,0.5939,0.593157
DQN,large_grid,2,304,48075,-444.0,200,0,0.5922,0.560773
DQN,large_grid,2,305,48275,-320.0,200,0,0.5905,0.553012
DQN,large_grid,2,306,48475,-356.0,200,0,0.5888,0.529028
DQN,large_grid,2,307,48675,-448.0,200,0,0.5871,0.643278
DQN,large_grid,2,308,48737,-115.0,62,1,0.5866,0.601454
DQN,large_grid,2,309,48937,-432.0,200,0,0.5849,0.630222
DQN,large_grid,2,310,48946,-2.0,9,1,0.5848,0.430988
DQN,large_grid,2,311,48953,-4.0,7,1,0.5848,0.725745
DQN,large_grid,2,312,49153,-336.0,200,0,0.5831,0.667955
DQN,large_grid,2,313,49353,-452.0,200,0,0.5814,0.608436
DQN,large_grid,2,314,49505,-321.0,152,1,0.5801,0.621305
DQN,large_grid,2,315,49705,-328.0,200,0,0.5784,0.650655
DQN,large_grid,2,316,49905,-344.0,200,0,0.5767,0.639848
DQN,large_grid,2,317,50105,-380.0,200,0,0.575,0.708525
DQN,large_grid,2,318,50106,10.0,1,1,0.575,0.543247
DQN,large_grid,2,319,50306,-388.0,200,0,0.5733,0.7103
DQN,large_grid,2,320,50311,2.0,5,1,0.5733,0.630869
DQN,large_grid,2,321,50511,-284.0,200,0,0.5716,0.707249
DQN,large_grid,2,322,50548,-54.0,37,1,0.5712,0.814718
DQN,large_grid,2,323,50561,-10.0,13,1,0.5711,0.878042
DQN,large_grid,2,324,50761,-356.0,200,0,0.5694,0.709674
DQN,large_grid,2,325,50800,-52.0,39,1,0.5691,0.710591
DQN,large_grid,2,326,51000,-300.0,200,0,0.5674,0.734956
DQN,large_grid,2,327,51029,-30.0,29,1,0.5672,0.821846
DQN,large_grid,2,328,51229,-420.0,200,0,0.5655,0.796151
DQN,large_grid,2,329,51429,-424.0,200,0,0.5638,0.799462
DQN,large_grid,2,330,51629,-404.0,200,0,0.5621,0.833115
DQN,large_grid,2,331,51829,-428.0,200,0,0.5604,0.828244
DQN,large_grid,2,332,51866,-58.0,37,1,0.5601,0.714789
DQN,large_grid,2,333,52066,-416.0,200,0,0.5584,0.831197
DQN,large_grid,2,334,52118,-77.0,52,1,0.5579,0.874921
DQN,large_grid,2,335,52318,-436.0,200,0,0.5562,0.902749
DQN,large_grid,2,336,52324,1.0,6,1,0.5562,0.7859
DQN,large_grid,2,337,52524,-388.0,200,0,0.5545,0.869886
DQN,large_grid,2,338,52624,-185.0,100,1,0.5536,0.988519
DQN,large_grid,2,339,52639,-16.0,15,1,0.5535,0.94506
DQN,large_grid,2,340,52804,-302.0,165,1,0.5521,0.912292
DQN,large_grid,2,341,53004,-364.0,200,0,0.5504,0.908504
DQN,large_grid,2,342,53204,-328.0,200,0,0.5487,0.927163
DQN,large_grid,2,343,53404,-300.0,200,0,0.547,0.919847
DQN,large_grid,2,344,53604,-328.0,200,0,0.5453,0.910136
DQN,large_grid,2,345,53804,-416.0,200,0,0.5436,0.980214
DQN,large_grid,2,346,54004,-324.0,200,0,0.5419,0.958954
DQN,large_grid,2,347,54204,-428.0,200,0,0.5402,0.958256
DQN,large_grid,2,348,54404,-392.0,200,0,0.5385,0.953128
DQN,large_grid,2,349,54604,-304.0,200,0,0.5368,0.996711
DQN,large_grid,2,350,54644,-69.0,40,1,0.5365,0.893487
DQN,large_grid,2,351,54844,-460.0,200,0,0.5348,0.992009
DQN,large_grid,2,352,55044,-300.0,200,0,0.5331,0.96411
DQN,large_grid,2,353,55244,-324.0,200,0,0.5314,0.944075
DQN,large_grid,2,354,55260,-25.0,16,1,0.5313,0.889959
DQN,large_grid,2,355,55295,-48.0,35,1,0.531,1.046553
DQN,large_grid,2,356,55356,-90.0,61,1,0.5305,1.004545
DQN,large_grid,2,357,55556,-324.0,200,0,0.5288,1.023523
DQN,large_grid,2,358,55756,-368.0,200,0,0.5271,0.975177
DQN,large_grid,2,359,55956,-400.0,200,0,0.5254,1.00464
DQN,large_grid,2,360,56156,-400.0,200,0,0.5237,1.06315
DQN,large_grid,2,361,56356,-348.0,200,0,0.522,1.018019
DQN,large_grid,2,362,56367,-8.0,11,1,0.5219,0.93043
DQN,large_grid,2,363,56567,-344.0,200,0,0.5202,0.93084
DQN,large_grid,2,364,56677,-183.0,110,1,0.5193,1.020669
DQN,large_grid,2,365,56877,-340.0,200,0,0.5176,0.987029
DQN,large_grid,2,366,57077,-284.0,200,0,0.5159,0.922974
DQN,large_grid,2,367,57277,-300.0,200,0,0.5142,1.002116
DQN,large_grid,2,368,57477,-432.0,200,0,0.5125,0.933672
DQN,large_grid,2,369,57677,-336.0,200,0,0.5108,1.025148
DQN,large_grid,2,370,57877,-364.0,200,0,0.5091,0.9817
DQN,large_grid,2,371,57961,-149.0,84,1,0.5084,0.962853
DQN,large_grid,2,372,57980,-24.0,19,1,0.5082,0.965516
DQN,large_grid,2,373,58180,-328.0,200,0,0.5065,0.971901
DQN,large_grid,2,374,58221,-58.0,41,1,0.5062,0.829807
DQN,large_grid,2,375,58421,-352.0,200,0,0.5045,0.964341
DQN,large_grid,2,376,58621,-360.0,200,0,0.5028,0.952086
DQN,large_grid,2,377,58821,-312.0,200,0,0.5011,1.012916
DQN,large_grid,2,378,58829,-5.0,8,1,0.501,0.868115
DQN,large_grid,2,379,58893,-121.0,64,1,0.5005,0.875647
DQN,large_grid,2,380,58931,-67.0,38,1,0.5001,0.95524
DQN,large_grid,2,381,59016,-170.0,85,1,0.4994,0.963221
DQN,large_grid,2,382,59062,-71.0,46,1,0.499,1.028729
DQN,large_grid,2,383,59119,-98.0,57,1,0.4985,0.929745
DQN,large_grid,2,384,59319,-408.0,200,0,0.4968,0.961705
DQN,large_grid,2,385,59519,-364.0,200,0,0.4952,0.896578
DQN,large_grid,2,386,59582,-92.0,63,1,0.4946,1.0253
DQN,large_grid,2,387,59782,-372.0,200,0,0.4929,0.968225
DQN,large_grid,2,388,59982,-416.0,200,0,0.4912,0.89927
DQN,large_grid,2,389,60182,-332.0,200,0,0.4895,0.95226
DQN,large_grid,2,390,60382,-336.0,200,0,0.4878,0.856183
DQN,large_grid,2,391,60582,-272.0,200,0,0.4861,0.892848
DQN,large_grid,2,392,60746,-249.0,164,1,0.4847,0.845274
DQN,large_grid,2,393,60946,-312.0,200,0,0.483,0.858698
DQN,large_grid,2,394,61146,-284.0,200,0,0.4814,0.843786
DQN,large_grid,2,395,61270,-201.0,124,1,0.4803,0.771899
DQN,large_grid,2,396,61343,-90.0,73,1,0.4797,0.784887
DQN,large_grid,2,397,61543,-392.0,200,0,0.478,0.81034
DQN,large_grid,2,398,61743,-308.0,200,0,0.4763,0.841403
DQN,large_grid,2,399,61943,-392.0,200,0,0.4746,0.82741
DQN,large_grid,2,400,61981,-55.0,38,1,0.4743,0.804193
DQN,large_grid,2,401,62181,-356.0,200,0,0.4726,0.832642
DQN,large_grid,2,402,62235,-75.0,54,1,0.4721,0.806718
DQN,large_grid,2,403,62280,-58.0,45,1,0.4717,0.74737
DQN,large_grid,2,404,62480,-356.0,200,0,0.47,0.793078
DQN,large_grid,2,405,62680,-312.0,200,0,0.4683,0.814892
DQN,large_grid,2,406,62707,-28.0,27,1,0.4681,0.82434
DQN,large_grid,2,407,62731,-25.0,24,1,0.4679,0.799686
DQN,large_grid,2,408,62931,-432.0,200,0,0.4662,0.738868
DQN,large_grid,2,409,63131,-300.0,200,0,0.4645,0.80539
DQN,large_grid,2,410,63331,-340.0,200,0,0.4628,0.768818
DQN,large_grid,2,411,63531,-432.0,200,0,0.4611,0.748957
DQN,large_grid,2,412,63556,-30.0,25,1,0.4609,0.681707
DQN,large_grid,2,413,63756,-364.0,200,0,0.4592,0.790705
DQN,large_grid,2,414,63956,-308.0,200,0,0.4575,0.762975
DQN,large_grid,2,415,64083,-192.0,127,1,0.4564,0.749007
DQN,large_grid,2,416,64266,-260.0,183,1,0.4549,0.712852
DQN,large_grid,2,417,64282,-13.0,16,1,0.4548,0.604662
DQN,large_grid,2,418,64482,-396.0,200,0,0.4531,0.64631
DQN,large_grid,2,419,64525,-84.0,43,1,0.4527,0.74883
DQN,large_grid,2,420,64725,-356.0,200,0,0.451,0.707574
DQN,large_grid,2,421,64925,-368.0,200,0,0.4493,0.680754
DQN,large_grid,2,422,65064,-188.0,139,1,0.4481,0.715617
DQN,large_grid,2,423,65264,-312.0,200,0,0.4464,0.693079
DQN,large_grid,2,424,65464,-296.0,200,0,0.4447,0.663026
DQN,large_grid,2,425,65664,-324.0,200,0,0.443,0.739366
DQN,large_grid,2,426,65864,-340.0,200,0,0.4413,0.646858
DQN,large_grid,2,427,65908,-65.0,44,1,0.441,0.674261
DQN,large_grid,2,428,65956,-65.0,48,1,0.4406,0.672166
DQN,large_grid,2,429,66156,-368.0,200,0,0.4389,0.722424
DQN,large_grid,2,430,66356,-352.0,200,0,0.4372,0.620463
DQN,large_grid,2,431,66556,-376.0,200,0,0.4355,0.653059
DQN,large_grid,2,432,66756,-372.0,200,0,0.4338,0.680259
DQN,large_grid,2,433,66956,-388.0,200,0,0.4321,0.675244
DQN,large_grid,2,434,67156,-320.0,200,0,0.4304,0.666686
DQN,large_grid,2,435,67356,-348.0,200,0,0.4287,0.643707
DQN,large_grid,2,436,67507,-220.0,151,1,0.4274,0.576106
DQN,large_grid,2,437,67707,-256.0,200,0,0.4257,0.653913
DQN,large_grid,2,438,67907,-292.0,200,0,0.424,0.648874
DQN,large_grid,2,439,68107,-332.0,200,0,0.4223,0.621393
DQN,large_grid,2,440,68307,-324.0,200,0,0.4206,0.592882
DQN,large_grid,2,441,68507,-352.0,200,0,0.4189,0.590386
DQN,large_grid,2,442,68707,-272.0,200,0,0.4172,0.636747
DQN,large_grid,2,443,68907,-280.0,200,0,0.4155,0.586886
DQN,large_grid,2,444,69107,-304.0,200,0,0.4138,0.625852
DQN,large_grid,2,445,69299,-285.0,192,1,0.4122,0.565022
DQN,large_grid,2,446,69461,-231.0,162,1,0.4108,0.577053
DQN,large_grid,2,447,69605,-193.0,144,1,0.4096,0.551979
DQN,large_grid,2,448,69805,-356.0,200,0,0.4079,0.580344
DQN,large_grid,2,449,69897,-101.0,92,1,0.4071,0.555644
DQN,large_grid,2,450,70097,-292.0,200,0,0.4054,0.534428
DQN,large_grid,2,451,70297,-324.0,200,0,0.4037,0.526651
DQN,large_grid,2,452,70497,-292.0,200,0,0.402,0.527052
DQN,large_grid,2,453,70585,-125.0,88,1,0.4013,0.560532
DQN,large_grid,2,454,70785,-292.0,200,0,0.3996,0.598792
DQN,large_grid,2,455,70985,-304.0,200,0,0.3979,0.52338
DQN,large_grid,2,456,71185,-312.0,200,0,0.3962,0.54811
DQN,large_grid,2,457,71231,-47.0,46,1,0.3958,0.599385
DQN,large_grid,2,458,71431,-340.0,200,0,0.3941,0.561322
DQN,large_grid,2,459,71631,-272.0,200,0,0.3924,0.603009
DQN,large_grid,2,460,71831,-288.0,200,0,0.3907,0.527292
DQN,large_grid,2,461,72031,-360.0,200,0,0.389,0.548717
DQN,large_grid,2,462,72231,-280.0,200,0,0.3873,0.550211
DQN,large_grid,2,463,72431,-268.0,200,0,0.3856,0.521339
DQN,large_grid,2,464,72631,-376.0,200,0,0.3839,0.516028
DQN,large_grid,2,465,72659,-25.0,28,1,0.3837,0.51008
DQN,large_grid,2,466,72859,-264.0,200,0,0.382,0.493787
DQN,large_grid,2,467,73059,-240.0,200,0,0.3803,0.533392
DQN,large_grid,2,468,73259,-268.0,200,0,0.3786,0.49621
DQN,large_grid,2,469,73269,-3.0,10,1,0.3785,0.357172
DQN,large_grid,2,470,73469,-288.0,200,0,0.3768,0.536384
DQN,large_grid,2,471,73514,-58.0,45,1,0.3764,0.500435
DQN,large_grid,2,472,73516,9.0,2,1,0.3764,0.472313
DQN,large_grid,2,473,73716,-332.0,200,0,0.3747,0.52474
DQN,large_grid,2,474,73722,5.0,6,1,0.3747,0.513282
DQN,large_grid,2,475,73922,-288.0,200,0,0.373,0.495706
DQN,large_grid,2,476,74122,-348.0,200,0,0.3713,0.54026
DQN,large_grid,2,477,74216,-135.0,94,1,0.3705,0.500731
DQN,large_grid,2,478,74240,-21.0,24,1,0.3703,0.427656
DQN,large_grid,2,479,74268,-37.0,28,1,0.37,0.365706
DQN,large_grid,2,480,74468,-272.0,200,0,0.3684,0.49986
DQN,large_grid,2,481,74490,-23.0,22,1,0.3682,0.441562
DQN,large_grid,2,482,74505,-20.0,15,1,0.368,0.366837
DQN,large_grid,2,483,74521,-9.0,16,1,0.3679,0.602935
DQN,large_grid,2,484,74551,-43.0,30,1,0.3676,0.589184
DQN,large_grid,2,485,74751,-340.0,200,0,0.366,0.545708
DQN,large_grid,2,486,74776,-30.0,25,1,0.3657,0.533059
DQN,large_grid,2,487,74806,-31.0,30,1,0.3655,0.52426
DQN,large_grid,2,488,74878,-125.0,72,1,0.3649,0.554843
DQN,large_grid,2,489,75078,-304.0,200,0,0.3632,0.513681
DQN,large_grid,2,490,75278,-272.0,200,0,0.3615,0.527926
DQN,large_grid,2,491,75478,-264.0,200,0,0.3598,0.5248
DQN,large_grid,2,492,75509,-28.0,31,1,0.3595,0.471038
DQN,large_grid,2,493,75513,3.0,4,1,0.3595,0.874325
DQN,large_grid,2,494,75515,9.0,2,1,0.3595,0.587323
DQN,large_grid,2,495,75537,-27.0,22,1,0.3593,0.508829
DQN,large_grid,2,496,75726,-310.0,189,1,0.3577,0.538123
DQN,large_grid,2,497,75765,-56.0,39,1,0.3574,0.548679
DQN,large_grid,2,498,75965,-304.0,200,0,0.3557,0.528507
DQN,large_grid,2,499,76029,-101.0,64,1,0.3551,0.479541
DQN,large_grid,2,500,76229,-264.0,200,0,0.3534,0.547504
DQN,large_grid,2,501,76255,-31.0,26,1,0.3532,0.554547
DQN,large_grid,2,502,76344,-118.0,89,1,0.3524,0.456984
DQN,large_grid,2,503,76511,-260.0,167,1,0.351,0.536208
DQN,large_grid,2,504,76711,-284.0,200,0,0.3493,0.494446
DQN,large_grid,2,505,76738,-24.0,27,1,0.3491,0.477098
DQN,large_grid,2,506,76756,-7.0,18,1,0.3489,0.637715
DQN,large_grid,2,507,76956,-336.0,200,0,0.3472,0.473227
DQN,large_grid,2,508,76997,-54.0,41,1,0.3469,0.392614
DQN,large_grid,2,509,77158,-250.0,161,1,0.3455,0.566029
DQN,large_grid,2,510,77358,-352.0,200,0,0.3438,0.525173
DQN,large_grid,2,511,77400,-51.0,42,1,0.3435,0.508058
DQN,large_grid,2,512,77600,-312.0,200,0,0.3418,0.572585
DQN,large_grid,2,513,77800,-316.0,200,0,0.3401,0.570876
DQN,large_grid,2,514,78000,-320.0,200,0,0.3384,0.525165
DQN,large_grid,2,515,78200,-224.0,200,0,0.3367,0.582033
DQN,large_grid,2,516,78206,1.0,6,1,0.3366,0.478998
DQN,large_grid,2,517,78406,-352.0,200,0,0.3349,0.510072
DQN,large_grid,2,518,78606,-340.0,200,0,0.3333,0.528485
DQN,large_grid,2,519,78623,-10.0,17,1,0.3331,0.450775
DQN,large_grid,2,520,78823,-340.0,200,0,0.3314,0.518963
DQN,large_grid,2,521,79023,-344.0,200,0,0.3297,0.524268
DQN,large_grid,2,522,79223,-320.0,200,0,0.328,0.556245
DQN,large_grid,2,523,79423,-316.0,200,0,0.3263,0.604026
DQN,large_grid,2,524,79623,-268.0,200,0,0.3246,0.576743
DQN,large_grid,2,525,79655,-33.0,32,1,0.3244,0.595604
DQN,large_grid,2,526,79666,-8.0,11,1,0.3243,0.633454
DQN,large_grid,2,527,79866,-332.0,200,0,0.3226,0.576087
DQN,large_grid,2,528,80066,-276.0,200,0,0.3209,0.559834
DQN,large_grid,2,529,80101,-48.0,35,1,0.3206,0.606255
DQN,large_grid,2,530,80301,-280.0,200,0,0.3189,0.542889
DQN,large_grid,2,531,80501,-316.0,200,0,0.3172,0.546861
DQN,large_grid,2,532,80701,-292.0,200,0,0.3155,0.560834
DQN,large_grid,2,533,80901,-312.0,200,0,0.3138,0.584039
DQN,large_grid,2,534,81101,-340.0,200,0,0.3121,0.562041
DQN,large_grid,2,535,81103,9.0,2,1,0.3121,0.716203
DQN,large_grid,2,536,81303,-380.0,200,0,0.3104,0.593724
DQN,large_grid,2,537,81370,-76.0,67,1,0.3098,0.528698
DQN,large_grid,2,538,81373,8.0,3,1,0.3098,0.57521
DQN,large_grid,2,539,81440,-76.0,67,1,0.3092,0.526979
DQN,large_grid,2,540,81640,-248.0,200,0,0.3075,0.55714
DQN,large_grid,2,541,81840,-292.0,200,0,0.3058,0.528389
DQN,large_grid,2,542,82040,-312.0,200,0,0.3041,0.544856
DQN,large_grid,2,543,82110,-95.0,70,1,0.3035,0.507178
DQN,large_grid,2,544,82310,-324.0,200,0,0.3018,0.531101
DQN,large_grid,2,545,82510,-296.0,200,0,0.3001,0.538133
DQN,large_grid,2,546,82524,-7.0,14,1,0.3,0.533083
DQN,large_grid,2,547,82724,-320.0,200,0,0.2983,0.515564
DQN,large_grid,2,548,82751,-28.0,27,1,0.2981,0.493233
DQN,large_grid,2,549,82779,-25.0,28,1,0.2979,0.540813
DQN,large_grid,2,550,82807,-37.0,28,1,0.2976,0.569577
DQN,large_grid,2,551,82853,-71.0,46,1,0.2972,0.46605
DQN,large_grid,2,552,82875,-15.0,22,1,0.297,0.490967
DQN,large_grid,2,553,83075,-324.0,200,0,0.2953,0.536939
DQN,large_grid,2,554,83275,-264.0,200,0,0.2936,0.540048
DQN,large_grid,2,555,83475,-276.0,200,0,0.292,0.515514
DQN,large_grid,2,556,83675,-300.0,200,0,0.2903,0.537989
DQN,large_grid,2,557,83754,-116.0,79,1,0.2896,0.531183
DQN,large_grid,2,558,83954,-324.0,200,0,0.2879,0.507363
DQN,large_grid,2,559,84038,-121.0,84,1,0.2872,0.622039
DQN,large_grid,2,560,84077,-40.0,39,1,0.2868,0.580339
DQN,large_grid,2,561,84277,-344.0,200,0,0.2852,0.588
DQN,large_grid,2,562,84477,-276.0,200,0,0.2835,0.58585
DQN,large_grid,2,563,84677,-264.0,200,0,0.2818,0.583923
DQN,large_grid,2,564,84691,-7.0,14,1,0.2816,0.677777
DQN,large_grid,2,565,84891,-304.0,200,0,0.2799,0.540126
DQN,large_grid,2,566,85091,-264.0,200,0,0.2782,0.601006
DQN,large_grid,2,567,85102,-4.0,11,1,0.2782,0.42524
DQN,large_grid,2,568,85139,-50.0,37,1,0.2778,0.446838
DQN,large_grid,2,569,85152,-10.0,13,1,0.2777,0.56154
DQN,large_grid,2,570,85327,-240.0,175,1,0.2762,0.538613
DQN,large_grid,2,571,85527,-296.0,200,0,0.2745,0.507373
DQN,large_grid,2,572,85727,-348.0,200,0,0.2729,0.536186
DQN,large_grid,2,573,85927,-288.0,200,0,0.2712,0.505224
DQN,large_grid,2,574,85982,-72.0,55,1,0.2707,0.499849
DQN,large_grid,2,575,86018,-33.0,36,1,0.2704,0.521919
DQN,large_grid,2,576,86083,-78.0,65,1,0.2698,0.614611
DQN,large_grid,2,577,86283,-276.0,200,0,0.2681,0.536543
DQN,large_grid,2,578,86483,-228.0,200,0,0.2664,0.45901
DQN,large_grid,2,579,86683,-268.0,200,0,0.2647,0.513324
DQN,large_grid,2,580,86695,-9.0,12,1,0.2646,0.651309
DQN,large_grid,2,581,86895,-328.0,200,0,0.2629,0.437287
DQN,large_grid,2,582,87095,-260.0,200,0,0.2612,0.487609
DQN,large_grid,2,583,87295,-332.0,200,0,0.2596,0.477721
DQN,large_grid,2,584,87495,-320.0,200,0,0.2579,0.46996
DQN,large_grid,2,585,87695,-244.0,200,0,0.2562,0.479852
DQN,large_grid,2,586,87722,-28.0,27,1,0.2559,0.430805
DQN,large_grid,2,587,87774,-65.0,52,1,0.2555,0.488764
DQN,large_grid,2,588,87974,-276.0,200,0,0.2538,0.474193
DQN,large_grid,2,589,88149,-220.0,175,1,0.2523,0.514277
DQN,large_grid,2,590,88189,-53.0,40,1,0.252,0.525572
DQN,large_grid,2,591,88214,-26.0,25,1,0.2518,0.451151
DQN,large_grid,2,592,88414,-296.0,200,0,0.2501,0.43886
DQN,large_grid,2,593,88614,-248.0,200,0,0.2484,0.460031
DQN,large_grid,2,594,88814,-244.0,200,0,0.2467,0.452445
DQN,large_grid,2,595,89014,-276.0,200,0,0.245,0.432048
DQN,large_grid,2,596,89214,-280.0,200,0,0.2433,0.452166
DQN,large_grid,2,597,89414,-280.0,200,0,0.2416,0.486613
DQN,large_grid,2,598,89594,-281.0,180,1,0.2401,0.44167
DQN,large_grid,2,599,89633,-36.0,39,1,0.2397,0.41622
DQN,large_grid,2,600,89664,-36.0,31,1,0.2395,0.521836
DQN,large_grid,2,601,89864,-308.0,200,0,0.2378,0.471738
DQN,large_grid,2,602,89957,-114.0,93,1,0.237,0.458954
DQN,large_grid,2,603,90157,-276.0,200,0,0.2353,0.452027
DQN,large_grid,2,604,90175,-7.0,18,1,0.2351,0.416824
DQN,large_grid,2,605,90375,-268.0,200,0,0.2334,0.450108
DQN,large_grid,2,606,90402,-44.0,27,1,0.2332,0.488991
DQN,large_grid,2,607,90429,-20.0,27,1,0.233,0.469277
DQN,large_grid,2,608,90629,-280.0,200,0,0.2313,0.490994
DQN,large_grid,2,609,90718,-130.0,89,1,0.2305,0.56784
DQN,large_grid,2,610,90737,-12.0,19,1,0.2304,0.507698
DQN,large_grid,2,611,90754,-6.0,17,1,0.2302,0.517207
DQN,large_grid,2,612,90773,-20.0,19,1,0.2301,0.52401
DQN,large_grid,2,613,90815,-39.0,42,1,0.2297,0.456103
DQN,large_grid,2,614,90847,-29.0,32,1,0.2294,0.429373
DQN,large_grid,2,615,91047,-268.0,200,0,0.2277,0.428828
DQN,large_grid,2,616,91053,1.0,6,1,0.2277,0.323276
DQN,large_grid,2,617,91094,-54.0,41,1,0.2273,0.481836
DQN,large_grid,2,618,91122,-21.0,28,1,0.2271,0.503108
DQN,large_grid,2,619,91322,-268.0,200,0,0.2254,0.431076
DQN,large_grid,2,620,91522,-292.0,200,0,0.2237,0.468706
DQN,large_grid,2,621,91609,-120.0,87,1,0.223,0.472007
DQN,large_grid,2,622,91650,-42.0,41,1,0.2226,0.396316
DQN,large_grid,2,623,91680,-35.0,30,1,0.2224,0.466379
DQN,large_grid,2,624,91805,-174.0,125,1,0.2213,0.495568
DQN,large_grid,2,625,91821,-9.0,16,1,0.2212,0.343568
DQN,large_grid,2,626,91825,7.0,4,1,0.2211,0.632543
DQN,large_grid,2,627,91872,-64.0,47,1,0.2207,0.514159
DQN,large_grid,2,628,91934,-71.0,62,1,0.2202,0.446766
DQN,large_grid,2,629,91964,-27.0,30,1,0.2199,0.385916
DQN,large_grid,2,630,92020,-81.0,56,1,0.2195,0.480295
DQN,large_grid,2,631,92220,-296.0,200,0,0.2178,0.470635
DQN,large_grid,2,632,92245,-26.0,25,1,0.2176,0.440469
DQN,large_grid,2,633,92250,6.0,5,1,0.2175,0.446257
DQN,large_grid,2,634,92258,3.0,8,1,0.2175,0.76101
DQN,large_grid,2,635,92259,10.0,1,1,0.2174,0.30129
DQN,large_grid,2,636,92459,-280.0,200,0,0.2157,0.450675
DQN,large_grid,2,637,92517,-63.0,58,1,0.2153,0.446082
DQN,large_grid,2,638,92717,-272.0,200,0,0.2136,0.490248
DQN,large_grid,2,639,92798,-98.0,81,1,0.2129,0.49414
DQN,large_grid,2,640,92818,-17.0,20,1,0.2127,0.638975
DQN,large_grid,2,641,93018,-292.0,200,0,0.211,0.522729
DQN,large_grid,2,642,93037,-12.0,19,1,0.2108,0.596542
DQN,large_grid,2,643,93237,-292.0,200,0,0.2092,0.479349
DQN,large_grid,2,644,93336,-112.0,99,1,0.2083,0.474758
DQN,large_grid,2,645,93536,-260.0,200,0,0.2066,0.494457
DQN,large_grid,2,646,93736,-252.0,200,0,0.2049,0.485366
DQN,large_grid,2,647,93936,-240.0,200,0,0.2032,0.496631
DQN,large_grid,2,648,94136,-272.0,200,0,0.2015,0.490198
DQN,large_grid,2,649,94148,-13.0,12,1,0.2014,0.403002
DQN,large_grid,2,650,94348,-264.0,200,0,0.1997,0.486488
DQN,large_grid,2,651,94548,-284.0,200,0,0.198,0.496298
DQN,large_grid,2,652,94584,-29.0,36,1,0.1977,0.467179
DQN,large_grid,2,653,94587,8.0,3,1,0.1977,0.506485
DQN,large_grid,2,654,94607,-13.0,20,1,0.1975,0.447028
DQN,large_grid,2,655,94807,-256.0,200,0,0.1958,0.441662
DQN,large_grid,2,656,94829,-23.0,22,1,0.1956,0.511849
DQN,large_grid,2,657,94839,-3.0,10,1,0.1956,0.544696
DQN,large_grid,2,658,94843,7.0,4,1,0.1955,0.373279
DQN,large_grid,2,659,94866,-12.0,23,1,0.1953,0.42398
DQN,large_grid,2,660,94891,-22.0,25,1,0.1951,0.417783
DQN,large_grid,2,661,95091,-272.0,200,0,0.1934,0.471056
DQN,large_grid,2,662,95096,6.0,5,1,0.1934,0.506896
DQN,large_grid,2,663,95102,5.0,6,1,0.1933,0.364263
DQN,large_grid,2,664,95302,-260.0,200,0,0.1916,0.441703
DQN,large_grid,2,665,95329,-24.0,27,1,0.1914,0.377042
DQN,large_grid,2,666,95358,-26.0,29,1,0.1912,0.515564
DQN,large_grid,2,667,95367,-6.0,9,1,0.1911,0.632303
DQN,large_grid,2,668,95547,-229.0,180,1,0.1896,0.472092
DQN,large_grid,2,669,95551,7.0,4,1,0.1895,0.32103
DQN,large_grid,2,670,95561,1.0,10,1,0.1894,0.410932
DQN,large_grid,2,671,95568,4.0,7,1,0.1894,0.329393
DQN,large_grid,2,672,95768,-256.0,200,0,0.1877,0.496209
DQN,large_grid,2,673,95968,-276.0,200,0,0.186,0.462721
DQN,large_grid,2,674,96098,-151.0,130,1,0.1849,0.515856
DQN,large_grid,2,675,96158,-61.0,60,1,0.1844,0.509904
DQN,large_grid,2,676,96177,-12.0,19,1,0.1842,0.450345
DQN,large_grid,2,677,96195,-7.0,18,1,0.1841,0.454568
DQN,large_grid,2,678,96395,-280.0,200,0,0.1824,0.525649
DQN,large_grid,2,679,96595,-292.0,200,0,0.1807,0.533672
DQN,large_grid,2,680,96611,-5.0,16,1,0.1805,0.483503
DQN,large_grid,2,681,96811,-272.0,200,0,0.1788,0.517788
DQN,large_grid,2,682,96820,-6.0,9,1,0.1788,0.364512
DQN,large_grid,2,683,96844,-25.0,24,1,0.1786,0.4314
DQN,large_grid,2,684,96851,4.0,7,1,0.1785,0.534136
DQN,large_grid,2,685,97051,-256.0,200,0,0.1768,0.484161
DQN,large_grid,2,686,97251,-244.0,200,0,0.1751,0.517241
DQN,large_grid,2,687,97266,-4.0,15,1,0.175,0.515566
DQN,large_grid,2,688,97300,-35.0,34,1,0.1747,0.492809
DQN,large_grid,2,689,97500,-260.0,200,0,0.173,0.458265
DQN,large_grid,2,690,97527,-20.0,27,1,0.1728,0.572453
DQN,large_grid,2,691,97727,-264.0,200,0,0.1711,0.496822
DQN,large_grid,2,692,97927,-248.0,200,0,0.1694,0.499927
DQN,large_grid,2,693,97941,-3.0,14,1,0.1693,0.398945
DQN,large_grid,2,694,97966,-22.0,25,1,0.169,0.46253
DQN,large_grid,2,695,98012,-51.0,46,1,0.1686,0.491984
DQN,large_grid,2,696,98212,-252.0,200,0,0.167,0.517189
DQN,large_grid,2,697,98412,-248.0,200,0,0.1653,0.468457
DQN,large_grid,2,698,98508,-97.0,96,1,0.1644,0.416353
DQN,large_grid,2,699,98550,-43.0,42,1,0.1641,0.602613
DQN,large_grid,2,700,98750,-260.0,200,0,0.1624,0.546891
DQN,large_grid,2,701,98780,-27.0,30,1,0.1621,0.437222
DQN,large_grid,2,702,98782,9.0,2,1,0.1621,0.224503
DQN,large_grid,2,703,98835,-62.0,53,1,0.1617,0.526355
DQN,large_grid,2,704,99035,-244.0,200,0,0.16,0.510586
DQN,large_grid,2,705,99235,-268.0,200,0,0.1583,0.498273
DQN,large_grid,2,706,99435,-244.0,200,0,0.1566,0.497434
DQN,large_grid,2,707,99635,-256.0,200,0,0.1549,0.485387
DQN,large_grid,2,708,99642,4.0,7,1,0.1548,0.51085
DQN,large_grid,2,709,99842,-248.0,200,0,0.1531,0.495151
DQN,large_grid,2,710,100042,-264.0,200,0,0.1514,0.477494
DQN,large_grid,2,711,100077,-36.0,35,1,0.1511,0.484251
DQN,large_grid,2,712,100112,-40.0,35,1,0.1508,0.483385
DQN,large_grid,2,713,100132,-9.0,20,1,0.1507,0.416492
DQN,large_grid,2,714,100332,-256.0,200,0,0.149,0.485252
DQN,large_grid,2,715,100368,-37.0,36,1,0.1487,0.482877
DQN,large_grid,2,716,100393,-22.0,25,1,0.1485,0.467237
DQN,large_grid,2,717,100406,-2.0,13,1,0.1483,0.439856
DQN,large_grid,2,718,100439,-26.0,33,1,0.1481,0.50337
DQN,large_grid,2,719,100639,-240.0,200,0,0.1464,0.507889
DQN,large_grid,2,720,100662,-20.0,23,1,0.1462,0.404806
DQN,large_grid,2,721,100671,2.0,9,1,0.1461,0.349866
DQN,large_grid,2,722,100683,-1.0,12,1,0.146,0.353154
DQN,large_grid,2,723,100689,-3.0,6,1,0.1459,0.442553
DQN,large_grid,2,724,100889,-264.0,200,0,0.1442,0.468961
DQN,large_grid,2,725,100920,-28.0,31,1,0.144,0.493728
DQN,large_grid,2,726,100943,-12.0,23,1,0.1438,0.583205
DQN,large_grid,2,727,100948,6.0,5,1,0.1437,0.525352
DQN,large_grid,2,728,100950,9.0,2,1,0.1437,0.43364
DQN,large_grid,2,729,101049,-116.0,99,1,0.1429,0.551416
DQN,large_grid,2,730,101249,-284.0,200,0,0.1412,0.551975
DQN,large_grid,2,731,101449,-256.0,200,0,0.1395,0.507551
DQN,large_grid,2,732,101649,-252.0,200,0,0.1378,0.513937
DQN,large_grid,2,733,101657,3.0,8,1,0.1377,0.66961
DQN,large_grid,2,734,101687,-35.0,30,1,0.1375,0.64574
DQN,large_grid,2,735,101703,-5.0,16,1,0.1373,0.586931
DQN,large_grid,2,736,101724,-10.0,21,1,0.1372,0.582962
DQN,large_grid,2,737,101755,-20.0,31,1,0.1369,0.509019
DQN,large_grid,2,738,101770,-8.0,15,1,0.1368,0.536917
DQN,large_grid,2,739,101792,-15.0,22,1,0.1366,0.514871
DQN,large_grid,2,740,101992,-220.0,200,0,0.1349,0.482944
DQN,large_grid,2,741,102006,-3.0,14,1,0.1348,0.54722
DQN,large_grid,2,742,102206,-256.0,200,0,0.1331,0.577472
DQN,large_grid,2,743,102230,-13.0,24,1,0.1329,0.557669
DQN,large_grid,2,744,102241,0.0,11,1,0.1328,0.603872
DQN,large_grid,2,745,102247,5.0,6,1,0.1327,0.595097
DQN,large_grid,2,746,102447,-228.0,200,0,0.131,0.492081
DQN,large_grid,2,747,102647,-240.0,200,0,0.1293,0.551613
DQN,large_grid,2,748,102828,-202.0,181,1,0.1278,0.484633
DQN,large_grid,2,749,103028,-224.0,200,0,0.1261,0.508189
DQN,large_grid,2,750,103059,-28.0,31,1,0.1258,0.562775
DQN,large_grid,2,751,103081,-19.0,22,1,0.1257,0.55888
DQN,large_grid,2,752,103281,-244.0,200,0,0.124,0.5434
DQN,large_grid,2,753,103307,-19.0,26,1,0.1237,0.482786
DQN,large_grid,2,754,103507,-228.0,200,0,0.122,0.516476
DQN,large_grid,2,755,103707,-236.0,200,0,0.1203,0.588091
DQN,large_grid,2,756,103714,4.0,7,1,0.1203,0.491289
DQN,large_grid,2,757,103742,-25.0,28,1,0.12,0.581039
DQN,large_grid,2,758,103760,-15.0,18,1,0.1199,0.564676
DQN,large_grid,2,759,103960,-260.0,200,0,0.1182,0.505683
DQN,large_grid,2,760,104160,-240.0,200,0,0.1165,0.554179
DQN,large_grid,2,761,104360,-224.0,200,0,0.1148,0.511544
DQN,large_grid,2,762,104367,4.0,7,1,0.1147,0.366439
DQN,large_grid,2,763,104567,-224.0,200,0,0.113,0.50399
DQN,large_grid,2,764,104570,8.0,3,1,0.113,0.573935
DQN,large_grid,2,765,104770,-240.0,200,0,0.1113,0.509994
DQN,large_grid,2,766,104970,-244.0,200,0,0.1096,0.472629
DQN,large_grid,2,767,105170,-244.0,200,0,0.1079,0.503597
DQN,large_grid,2,768,105370,-252.0,200,0,0.1062,0.461969
DQN,large_grid,2,769,105570,-228.0,200,0,0.1045,0.475685
DQN,large_grid,2,770,105770,-236.0,200,0,0.1028,0.459957
DQN,large_grid,2,771,105970,-220.0,200,0,0.1011,0.490006
DQN,large_grid,2,772,105984,-11.0,14,1,0.101,0.422139
DQN,large_grid,2,773,106184,-216.0,200,0,0.0993,0.507507
DQN,large_grid,2,774,106208,-21.0,24,1,0.0991,0.447238
DQN,large_grid,2,775,106242,-31.0,34,1,0.0988,0.540253
DQN,large_grid,2,776,106442,-220.0,200,0,0.0971,0.445103
DQN,large_grid,2,777,106459,-14.0,17,1,0.097,0.518547
DQN,large_grid,2,778,106485,-15.0,26,1,0.0968,0.39179
DQN,large_grid,2,779,106516,-24.0,31,1,0.0965,0.566579
DQN,large_grid,2,780,106716,-236.0,200,0,0.0948,0.547158
DQN,large_grid,2,781,106916,-200.0,200,0,0.0931,0.469359
DQN,large_grid,2,782,106926,1.0,10,1,0.093,0.493026
DQN,large_grid,2,783,107126,-244.0,200,0,0.0913,0.511999
DQN,large_grid,2,784,107148,-11.0,22,1,0.0912,0.431846
DQN,large_grid,2,785,107348,-236.0,200,0,0.0895,0.474114
DQN,large_grid,2,786,107361,-2.0,13,1,0.0893,0.418477
DQN,large_grid,2,787,107372,0.0,11,1,0.0893,0.600548
DQN,large_grid,2,788,107572,-252.0,200,0,0.0876,0.470409
DQN,large_grid,2,789,107600,-17.0,28,1,0.0873,0.475046
DQN,large_grid,2,790,107615,-8.0,15,1,0.0872,0.511139
DQN,large_grid,2,791,107637,-15.0,22,1,0.087,0.483039
DQN,large_grid,2,792,107837,-232.0,200,0,0.0853,0.474021
DQN,large_grid,2,793,108037,-244.0,200,0,0.0836,0.535951
DQN,large_grid,2,794,108051,-7.0,14,1,0.0835,0.633276
DQN,large_grid,2,795,108067,-13.0,16,1,0.0834,0.549181
DQN,large_grid,2,796,108267,-208.0,200,0,0.0817,0.49598
DQN,large_grid,2,797,108272,6.0,5,1,0.0816,0.292354
DQN,large_grid,2,798,108472,-224.0,200,0,0.0799,0.475734
DQN,large_grid,2,799,108672,-260.0,200,0,0.0782,0.538875
DQN,large_grid,2,800,108713,-38.0,41,1,0.0779,0.483353
DuelingDQN,large_grid,2,1,200,-572.0,200,0,0.9983,
DuelingDQN,large_grid,2,2,400,-588.0,200,0,0.9966,
DuelingDQN,large_grid,2,3,600,-436.0,200,0,0.9949,
DuelingDQN,large_grid,2,4,800,-436.0,200,0,0.9932,
DuelingDQN,large_grid,2,5,1000,-564.0,200,0,0.9915,1.873229
DuelingDQN,large_grid,2,6,1200,-612.0,200,0,0.9898,0.473677
DuelingDQN,large_grid,2,7,1400,-596.0,200,0,0.9881,0.015225
DuelingDQN,large_grid,2,8,1600,-500.0,200,0,0.9864,0.021281
DuelingDQN,large_grid,2,9,1800,-512.0,200,0,0.9847,0.00311
DuelingDQN,large_grid,2,10,2000,-564.0,200,0,0.983,0.003542
DuelingDQN,large_grid,2,11,2200,-568.0,200,0,0.9813,0.022745
DuelingDQN,large_grid,2,12,2398,-571.0,198,1,0.9797,0.004933
DuelingDQN,large_grid,2,13,2598,-564.0,200,0,0.978,0.032577
DuelingDQN,large_grid,2,14,2798,-584.0,200,0,0.9763,0.008159
DuelingDQN,large_grid,2,15,2975,-470.0,177,1,0.9748,0.004805
DuelingDQN,large_grid,2,16,3175,-496.0,200,0,0.9731,0.040856
DuelingDQN,large_grid,2,17,3375,-556.0,200,0,0.9714,0.01312
DuelingDQN,large_grid,2,18,3575,-600.0,200,0,0.9697,0.028196
DuelingDQN,large_grid,2,19,3775,-408.0,200,0,0.968,0.012323
DuelingDQN,large_grid,2,20,3806,-60.0,31,1,0.9677,0.009126
DuelingDQN,large_grid,2,21,4006,-476.0,200,0,0.966,0.016952
DuelingDQN,large_grid,2,22,4206,-592.0,200,0,0.9643,0.019247
DuelingDQN,large_grid,2,23,4406,-604.0,200,0,0.9626,0.014771
DuelingDQN,large_grid,2,24,4606,-464.0,200,0,0.9609,0.029668
DuelingDQN,large_grid,2,25,4806,-564.0,200,0,0.9592,0.01693
DuelingDQN,large_grid,2,26,5006,-520.0,200,0,0.9575,0.017157
DuelingDQN,large_grid,2,27,5206,-568.0,200,0,0.9559,0.030196
DuelingDQN,large_grid,2,28,5406,-568.0,200,0,0.9542,0.008721
DuelingDQN,large_grid,2,29,5606,-520.0,200,0,0.9525,0.039876
DuelingDQN,large_grid,2,30,5806,-620.0,200,0,0.9508,0.019948
DuelingDQN,large_grid,2,31,6006,-440.0,200,0,0.9491,0.017838
DuelingDQN,large_grid,2,32,6206,-584.0,200,0,0.9474,0.031501
DuelingDQN,large_grid,2,33,6406,-600.0,200,0,0.9457,0.013173
DuelingDQN,large_grid,2,34,6606,-568.0,200,0,0.944,0.034576
DuelingDQN,large_grid,2,35,6806,-520.0,200,0,0.9423,0.009501
DuelingDQN,large_grid,2,36,7006,-588.0,200,0,0.9406,0.017172
DuelingDQN,large_grid,2,37,7206,-600.0,200,0,0.9389,0.022579
DuelingDQN,large_grid,2,38,7406,-544.0,200,0,0.9372,0.006237
DuelingDQN,large_grid,2,39,7606,-572.0,200,0,0.9355,0.038087
DuelingDQN,large_grid,2,40,7806,-584.0,200,0,0.9338,0.019536
DuelingDQN,large_grid,2,41,8006,-544.0,200,0,0.9321,0.019483
DuelingDQN,large_grid,2,42,8206,-508.0,200,0,0.9304,0.048337
DuelingDQN,large_grid,2,43,8406,-428.0,200,0,0.9287,0.018995
DuelingDQN,large_grid,2,44,8426,-49.0,20,1,0.9285,0.013692
DuelingDQN,large_grid,2,45,8626,-452.0,200,0,0.9268,0.068525
DuelingDQN,large_grid,2,46,8751,-342.0,125,1,0.9258,0.040665
DuelingDQN,large_grid,2,47,8823,-153.0,72,1,0.9252,0.057353
DuelingDQN,large_grid,2,48,8888,-122.0,65,1,0.9246,0.040945
DuelingDQN,large_grid,2,49,9088,-544.0,200,0,0.9229,0.103756
DuelingDQN,large_grid,2,50,9288,-576.0,200,0,0.9212,0.063223
DuelingDQN,large_grid,2,51,9337,-114.0,49,1,0.9208,0.060182
DuelingDQN,large_grid,2,52,9537,-560.0,200,0,0.9191,0.072583
DuelingDQN,large_grid,2,53,9737,-376.0,200,0,0.9174,0.050172
DuelingDQN,large_grid,2,54,9823,-191.0,86,1,0.9167,0.035985
DuelingDQN,large_grid,2,55,9828,-2.0,5,1,0.9166,0.034446
DuelingDQN,large_grid,2,56,9849,-22.0,21,1,0.9165,0.020122
DuelingDQN,large_grid,2,57,9876,-24.0,27,1,0.9162,0.020299
DuelingDQN,large_grid,2,58,10076,-560.0,200,0,0.9145,0.08727
DuelingDQN,large_grid,2,59,10276,-456.0,200,0,0.9128,0.074534
DuelingDQN,large_grid,2,60,10476,-536.0,200,0,0.9111,0.046116
DuelingDQN,large_grid,2,61,10676,-552.0,200,0,0.9095,0.115156
DuelingDQN,large_grid,2,62,10876,-452.0,200,0,0.9078,0.049906
DuelingDQN,large_grid,2,63,11076,-528.0,200,0,0.9061,0.101593
DuelingDQN,large_grid,2,64,11276,-544.0,200,0,0.9044,0.085372
DuelingDQN,large_grid,2,65,11324,-105.0,48,1,0.904,0.086914
DuelingDQN,large_grid,2,66,11524,-568.0,200,0,0.9023,0.083002
DuelingDQN,large_grid,2,67,11724,-544.0,200,0,0.9006,0.1517
DuelingDQN,large_grid,2,68,11924,-544.0,200,0,0.8989,0.076748
DuelingDQN,large_grid,2,69,12124,-508.0,200,0,0.8972,0.186042
DuelingDQN,large_grid,2,70,12324,-496.0,200,0,0.8955,0.112293
DuelingDQN,large_grid,2,71,12359,-96.0,35,1,0.8952,0.076377
DuelingDQN,large_grid,2,72,12559,-416.0,200,0,0.8935,0.180536
DuelingDQN,large_grid,2,73,12759,-476.0,200,0,0.8918,0.254002
DuelingDQN,large_grid,2,74,12959,-496.0,200,0,0.8901,0.148572
DuelingDQN,large_grid,2,75,13022,-136.0,63,1,0.8896,0.249174
DuelingDQN,large_grid,2,76,13222,-552.0,200,0,0.8879,0.19716
DuelingDQN,large_grid,2,77,13422,-532.0,200,0,0.8862,0.083403
DuelingDQN,large_grid,2,78,13622,-500.0,200,0,0.8845,0.253164
DuelingDQN,large_grid,2,79,13686,-149.0,64,1,0.8839,0.167129
DuelingDQN,large_grid,2,80,13886,-408.0,200,0,0.8822,0.097708
DuelingDQN,large_grid,2,81,14035,-330.0,149,1,0.881,0.178131
DuelingDQN,large_grid,2,82,14118,-164.0,83,1,0.8803,0.298151
DuelingDQN,large_grid,2,83,14318,-440.0,200,0,0.8786,0.17145
DuelingDQN,large_grid,2,84,14440,-283.0,122,1,0.8775,0.12346
DuelingDQN,large_grid,2,85,14568,-261.0,128,1,0.8764,0.29096
DuelingDQN,large_grid,2,86,14622,-111.0,54,1,0.876,0.292662
DuelingDQN,large_grid,2,87,14822,-480.0,200,0,0.8743,0.198979
DuelingDQN,large_grid,2,88,14861,-56.0,39,1,0.874,0.143422
DuelingDQN,large_grid,2,89,15061,-516.0,200,0,0.8723,0.227415
DuelingDQN,large_grid,2,90,15077,-13.0,16,1,0.8721,0.239078
DuelingDQN,large_grid,2,91,15277,-548.0,200,0,0.8704,0.191979
DuelingDQN,large_grid,2,92,15477,-496.0,200,0,0.8687,0.120791
DuelingDQN,large_grid,2,93,15677,-564.0,200,0,0.867,0.274448
DuelingDQN,large_grid,2,94,15710,-86.0,33,1,0.8668,0.181306
DuelingDQN,large_grid,2,95,15910,-436.0,200,0,0.8651,0.125478
DuelingDQN,large_grid,2,96,16110,-512.0,200,0,0.8634,0.270905
DuelingDQN,large_grid,2,97,16310,-520.0,200,0,0.8617,0.167017
DuelingDQN,large_grid,2,98,16510,-464.0,200,0,0.86,0.132246
DuelingDQN,large_grid,2,99,16518,-1.0,8,1,0.8599,0.679675
DuelingDQN,large_grid,2,100,16718,-508.0,200,0,0.8582,0.310973
DuelingDQN,large_grid,2,101,16734,-33.0,16,1,0.8581,0.189814
DuelingDQN,large_grid,2,102,16777,-80.0,43,1,0.8577,0.196261
DuelingDQN,large_grid,2,103,16977,-444.0,200,0,0.856,0.127422
DuelingDQN,large_grid,2,104,17064,-212.0,87,1,0.8553,0.456732
DuelingDQN,large_grid,2,105,17264,-488.0,200,0,0.8536,0.232812
DuelingDQN,large_grid,2,106,17386,-275.0,122,1,0.8525,0.126006
DuelingDQN,large_grid,2,107,17527,-358.0,141,1,0.8513,0.251615
DuelingDQN,large_grid,2,108,17711,-405.0,184,1,0.8498,0.358247
DuelingDQN,large_grid,2,109,17911,-528.0,200,0,0.8481,0.179167
DuelingDQN,large_grid,2,110,18050,-348.0,139,1,0.8469,0.384085
DuelingDQN,large_grid,2,111,18057,0.0,7,1,0.8468,0.555325
DuelingDQN,large_grid,2,112,18204,-364.0,147,1,0.8456,0.377293
DuelingDQN,large_grid,2,113,18232,-49.0,28,1,0.8454,0.258311
DuelingDQN,large_grid,2,114,18432,-580.0,200,0,0.8437,0.17792
DuelingDQN,large_grid,2,115,18632,-536.0,200,0,0.842,0.443131
DuelingDQN,large_grid,2,116,18711,-156.0,79,1,0.8413,0.333442
DuelingDQN,large_grid,2,117,18738,-36.0,27,1,0.8411,0.236598
DuelingDQN,large_grid,2,118,18938,-496.0,200,0,0.8394,0.230816
DuelingDQN,large_grid,2,119,18997,-120.0,59,1,0.8389,0.190845
DuelingDQN,large_grid,2,120,19197,-464.0,200,0,0.8372,0.46441
DuelingDQN,large_grid,2,121,19326,-318.0,129,1,0.8361,0.208912
DuelingDQN,large_grid,2,122,19526,-360.0,200,0,0.8344,0.268946
DuelingDQN,large_grid,2,123,19589,-136.0,63,1,0.8339,0.474761
DuelingDQN,large_grid,2,124,19731,-303.0,142,1,0.8326,0.292042
DuelingDQN,large_grid,2,125,19769,-91.0,38,1,0.8323,0.197594
DuelingDQN,large_grid,2,126,19964,-528.0,195,1,0.8307,0.173301
DuelingDQN,large_grid,2,127,20159,-404.0,195,1,0.829,0.462926
DuelingDQN,large_grid,2,128,20359,-388.0,200,0,0.8273,0.214721
DuelingDQN,large_grid,2,129,20508,-422.0,149,1,0.8261,0.227015
DuelingDQN,large_grid,2,130,20708,-512.0,200,0,0.8244,0.397261
DuelingDQN,large_grid,2,131,20778,-163.0,70,1,0.8238,0.227076
DuelingDQN,large_grid,2,132,20978,-516.0,200,0,0.8221,0.196163
DuelingDQN,large_grid,2,133,21016,-87.0,38,1,0.8217,0.520676
DuelingDQN,large_grid,2,134,21155,-324.0,139,1,0.8206,0.412439
DuelingDQN,large_grid,2,135,21355,-524.0,200,0,0.8189,0.191995
DuelingDQN,large_grid,2,136,21470,-276.0,115,1,0.8179,0.197086
DuelingDQN,large_grid,2,137,21642,-441.0,172,1,0.8164,0.349878
DuelingDQN,large_grid,2,138,21656,-15.0,14,1,0.8163,0.182769
DuelingDQN,large_grid,2,139,21666,-7.0,10,1,0.8162,0.151145
DuelingDQN,large_grid,2,140,21668,9.0,2,1,0.8162,0.08642
DuelingDQN,large_grid,2,141,21669,10.0,1,1,0.8162,0.509997
DuelingDQN,large_grid,2,142,21691,-39.0,22,1,0.816,0.208884
DuelingDQN,large_grid,2,143,21891,-412.0,200,0,0.8143,0.129914
DuelingDQN,large_grid,2,144,22027,-373.0,136,1,0.8132,0.199323
DuelingDQN,large_grid,2,145,22080,-102.0,53,1,0.8127,0.313323
DuelingDQN,large_grid,2,146,22267,-420.0,187,1,0.8111,0.146487
DuelingDQN,large_grid,2,147,22423,-385.0,156,1,0.8098,0.11177
DuelingDQN,large_grid,2,148,22424,10.0,1,1,0.8098,0.02041
DuelingDQN,large_grid,2,149,22493,-162.0,69,1,0.8092,0.089927
DuelingDQN,large_grid,2,150,22498,2.0,5,1,0.8092,0.082444
DuelingDQN,large_grid,2,151,22622,-341.0,124,1,0.8081,0.264068
DuelingDQN,large_grid,2,152,22643,-34.0,21,1,0.8079,0.127818
DuelingDQN,large_grid,2,153,22832,-478.0,189,1,0.8063,0.086699
DuelingDQN,large_grid,2,154,23032,-512.0,200,0,0.8046,0.122749
DuelingDQN,large_grid,2,155,23043,-20.0,11,1,0.8046,0.282131
DuelingDQN,large_grid,2,156,23243,-380.0,200,0,0.8029,0.116286
DuelingDQN,large_grid,2,157,23327,-153.0,84,1,0.8021,0.081193
DuelingDQN,large_grid,2,158,23401,-171.0,74,1,0.8015,0.071738
DuelingDQN,large_grid,2,159,23497,-241.0,96,1,0.8007,0.066291
DuelingDQN,large_grid,2,160,23697,-540.0,200,0,0.799,0.143844
DuelingDQN,large_grid,2,161,23868,-484.0,171,1,0.7976,0.09446
DuelingDQN,large_grid,2,162,24032,-393.0,164,1,0.7962,0.104169
DuelingDQN,large_grid,2,163,24085,-98.0,53,1,0.7957,0.172776
DuelingDQN,large_grid,2,164,24251,-379.0,166,1,0.7943,0.07602
DuelingDQN,large_grid,2,165,24282,-88.0,31,1,0.794,0.058262
DuelingDQN,large_grid,2,166,24322,-65.0,40,1,0.7937,0.036642
DuelingDQN,large_grid,2,167,24510,-457.0,188,1,0.7921,0.067519
DuelingDQN,large_grid,2,168,24575,-102.0,65,1,0.7916,0.142931
DuelingDQN,large_grid,2,169,24696,-282.0,121,1,0.7905,0.082072
DuelingDQN,large_grid,2,170,24896,-508.0,200,0,0.7888,0.076352
DuelingDQN,large_grid,2,171,24932,-69.0,36,1,0.7885,0.068879
DuelingDQN,large_grid,2,172,25087,-332.0,155,1,0.7872,0.104968
DuelingDQN,large_grid,2,173,25095,-5.0,8,1,0.7871,0.066447
DuelingDQN,large_grid,2,174,25278,-448.0,183,1,0.7856,0.077988
DuelingDQN,large_grid,2,175,25319,-70.0,41,1,0.7852,0.059682
DuelingDQN,large_grid,2,176,25363,-93.0,44,1,0.7849,0.070295
DuelingDQN,large_grid,2,177,25367,3.0,4,1,0.7848,0.015981
DuelingDQN,large_grid,2,178,25517,-339.0,150,1,0.7836,0.081487
DuelingDQN,large_grid,2,179,25576,-128.0,59,1,0.7831,0.121177
DuelingDQN,large_grid,2,180,25689,-226.0,113,1,0.7821,0.068896
DuelingDQN,large_grid,2,181,25693,7.0,4,1,0.7821,0.098364
DuelingDQN,large_grid,2,182,25803,-287.0,110,1,0.7811,0.060562
DuelingDQN,large_grid,2,183,25893,-191.0,90,1,0.7804,0.056994
DuelingDQN,large_grid,2,184,25999,-239.0,106,1,0.7795,0.061193
DuelingDQN,large_grid,2,185,26071,-185.0,72,1,0.7789,0.134407
DuelingDQN,large_grid,2,186,26122,-124.0,51,1,0.7784,0.085685
DuelingDQN,large_grid,2,187,26250,-321.0,128,1,0.7774,0.077223
DuelingDQN,large_grid,2,188,26321,-108.0,71,1,0.7768,0.053988
DuelingDQN,large_grid,2,189,26377,-93.0,56,1,0.7763,0.080276
DuelingDQN,large_grid,2,190,26442,-122.0,65,1,0.7757,0.061487
DuelingDQN,large_grid,2,191,26550,-269.0,108,1,0.7748,0.109932
DuelingDQN,large_grid,2,192,26597,-84.0,47,1,0.7744,0.089807
DuelingDQN,large_grid,2,193,26645,-81.0,48,1,0.774,0.089978
DuelingDQN,large_grid,2,194,26655,-7.0,10,1,0.7739,0.102194
DuelingDQN,large_grid,2,195,26660,6.0,5,1,0.7739,0.072571
DuelingDQN,large_grid,2,196,26768,-317.0,108,1,0.773,0.073413
DuelingDQN,large_grid,2,197,26817,-94.0,49,1,0.7725,0.0778
DuelingDQN,large_grid,2,198,26911,-223.0,94,1,0.7717,0.066853
DuelingDQN,large_grid,2,199,26984,-174.0,73,1,0.7711,0.056503
DuelingDQN,large_grid,2,200,27010,-55.0,26,1,0.7709,0.120161
DuelingDQN,large_grid,2,201,27210,-428.0,200,0,0.7692,0.078998
DuelingDQN,large_grid,2,202,27328,-275.0,118,1,0.7682,0.067671
DuelingDQN,large_grid,2,203,27399,-144.0,71,1,0.7676,0.066176
DuelingDQN,large_grid,2,204,27467,-157.0,68,1,0.767,0.062101
DuelingDQN,large_grid,2,205,27641,-391.0,174,1,0.7656,0.102533
DuelingDQN,large_grid,2,206,27711,-135.0,70,1,0.765,0.062838
DuelingDQN,large_grid,2,207,27767,-121.0,56,1,0.7645,0.067371
DuelingDQN,large_grid,2,208,27801,-75.0,34,1,0.7642,0.074379
DuelingDQN,large_grid,2,209,27876,-156.0,75,1,0.7636,0.053716
DuelingDQN,large_grid,2,210,27951,-152.0,75,1,0.7629,0.058341
DuelingDQN,large_grid,2,211,27977,-47.0,26,1,0.7627,0.062786
DuelingDQN,large_grid,2,212,28058,-170.0,81,1,0.762,0.122597
DuelingDQN,large_grid,2,213,28188,-323.0,130,1,0.7609,0.071435
DuelingDQN,large_grid,2,214,28279,-164.0,91,1,0.7601,0.065526
DuelingDQN,large_grid,2,215,28432,-358.0,153,1,0.7588,0.05054
DuelingDQN,large_grid,2,216,28455,-32.0,23,1,0.7586,0.034558
DuelingDQN,large_grid,2,217,28540,-198.0,85,1,0.7579,0.091069
DuelingDQN,large_grid,2,218,28629,-194.0,89,1,0.7572,0.119734
DuelingDQN,large_grid,2,219,28711,-159.0,82,1,0.7565,0.079048
DuelingDQN,large_grid,2,220,28757,-83.0,46,1,0.7561,0.067654
DuelingDQN,large_grid,2,221,28820,-132.0,63,1,0.7556,0.055945
DuelingDQN,large_grid,2,222,28876,-137.0,56,1,0.7551,0.044323
DuelingDQN,large_grid,2,223,29055,-408.0,179,1,0.7536,0.076142
DuelingDQN,large_grid,2,224,29134,-164.0,79,1,0.7529,0.092351
DuelingDQN,large_grid,2,225,29252,-203.0,118,1,0.7519,0.06962
DuelingDQN,large_grid,2,226,29339,-180.0,87,1,0.7512,0.072114
DuelingDQN,large_grid,2,227,29435,-213.0,96,1,0.7503,0.049611
DuelingDQN,large_grid,2,228,29437,9.0,2,1,0.7503,0.008944
DuelingDQN,large_grid,2,229,29504,-136.0,67,1,0.7498,0.075689
DuelingDQN,large_grid,2,230,29543,-48.0,39,1,0.7494,0.158843
DuelingDQN,large_grid,2,231,29580,-90.0,37,1,0.7491,0.09066
DuelingDQN,large_grid,2,232,29617,-58.0,37,1,0.7488,0.080236
DuelingDQN,large_grid,2,233,29757,-269.0,140,1,0.7476,0.070644
DuelingDQN,large_grid,2,234,29771,-7.0,14,1,0.7475,0.034553
DuelingDQN,large_grid,2,235,29971,-476.0,200,0,0.7458,0.077538
DuelingDQN,large_grid,2,236,30071,-173.0,100,1,0.7449,0.073773
DuelingDQN,large_grid,2,237,30093,-27.0,22,1,0.7448,0.052167
DuelingDQN,large_grid,2,238,30188,-184.0,95,1,0.7439,0.062003
DuelingDQN,large_grid,2,239,30262,-159.0,74,1,0.7433,0.059796
DuelingDQN,large_grid,2,240,30336,-179.0,74,1,0.7427,0.055096
DuelingDQN,large_grid,2,241,30456,-281.0,120,1,0.7417,0.048637
DuelingDQN,large_grid,2,242,30508,-97.0,52,1,0.7412,0.079976
DuelingDQN,large_grid,2,243,30634,-299.0,126,1,0.7402,0.102814
DuelingDQN,large_grid,2,244,30712,-183.0,78,1,0.7395,0.064336
DuelingDQN,large_grid,2,245,30789,-182.0,77,1,0.7389,0.074717
DuelingDQN,large_grid,2,246,30791,9.0,2,1,0.7388,0.011189
DuelingDQN,large_grid,2,247,30840,-98.0,49,1,0.7384,0.058114
DuelingDQN,large_grid,2,248,30856,-29.0,16,1,0.7383,0.041708
DuelingDQN,large_grid,2,249,30882,-47.0,26,1,0.7381,0.051093
DuelingDQN,large_grid,2,250,31006,-289.0,124,1,0.737,0.059317
DuelingDQN,large_grid,2,251,31141,-296.0,135,1,0.7359,0.074548
DuelingDQN,large_grid,2,252,31230,-198.0,89,1,0.7351,0.052545
DuelingDQN,large_grid,2,253,31242,-9.0,12,1,0.735,0.053007
DuelingDQN,large_grid,2,254,31270,-53.0,28,1,0.7348,0.057563
DuelingDQN,large_grid,2,255,31326,-93.0,56,1,0.7343,0.067126
DuelingDQN,large_grid,2,256,31332,-11.0,6,1,0.7342,0.058966
DuelingDQN,large_grid,2,257,31432,-209.0,100,1,0.7334,0.044502
DuelingDQN,large_grid,2,258,31441,-6.0,9,1,0.7333,0.030788
DuelingDQN,large_grid,2,259,31491,-107.0,50,1,0.7329,0.052112
DuelingDQN,large_grid,2,260,31633,-279.0,142,1,0.7317,0.071793
DuelingDQN,large_grid,2,261,31654,-34.0,21,1,0.7315,0.048594
DuelingDQN,large_grid,2,262,31712,-119.0,58,1,0.731,0.065903
DuelingDQN,large_grid,2,263,31755,-72.0,43,1,0.7307,0.068977
DuelingDQN,large_grid,2,264,31837,-179.0,82,1,0.73,0.058566
DuelingDQN,large_grid,2,265,31884,-72.0,47,1,0.7296,0.057276
DuelingDQN,large_grid,2,266,31992,-249.0,108,1,0.7286,0.041354
DuelingDQN,large_grid,2,267,32084,-225.0,92,1,0.7279,0.085508
DuelingDQN,large_grid,2,268,32122,-75.0,38,1,0.7275,0.065591
DuelingDQN,large_grid,2,269,32159,-74.0,37,1,0.7272,0.085584
DuelingDQN,large_grid,2,270,32193,-59.0,34,1,0.7269,0.044922
DuelingDQN,large_grid,2,271,32260,-112.0,67,1,0.7264,0.038124
DuelingDQN,large_grid,2,272,32346,-159.0,86,1,0.7256,0.083429
DuelingDQN,large_grid,2,273,32430,-149.0,84,1,0.7249,0.073497
DuelingDQN,large_grid,2,274,32535,-206.0,105,1,0.724,0.060203
DuelingDQN,large_grid,2,275,32549,-15.0,14,1,0.7239,0.109561
DuelingDQN,large_grid,2,276,32616,-124.0,67,1,0.7234,0.061922
DuelingDQN,large_grid,2,277,32639,-40.0,23,1,0.7232,0.035044
DuelingDQN,large_grid,2,278,32643,-1.0,4,1,0.7231,0.075069
DuelingDQN,large_grid,2,279,32803,-345.0,160,1,0.7218,0.051701
DuelingDQN,large_grid,2,280,32845,-67.0,42,1,0.7214,0.041017
DuelingDQN,large_grid,2,281,32862,-10.0,17,1,0.7213,0.093535
DuelingDQN,large_grid,2,282,32941,-156.0,79,1,0.7206,0.047973
DuelingDQN,large_grid,2,283,33021,-145.0,80,1,0.7199,0.07361
DuelingDQN,large_grid,2,284,33074,-130.0,53,1,0.7195,0.075087
DuelingDQN,large_grid,2,285,33140,-131.0,66,1,0.7189,0.067287
DuelingDQN,large_grid,2,286,33184,-65.0,44,1,0.7185,0.06115
DuelingDQN,large_grid,2,287,33205,-26.0,21,1,0.7184,0.041053
DuelingDQN,large_grid,2,288,33270,-146.0,65,1,0.7178,0.067183
DuelingDQN,large_grid,2,289,33314,-89.0,44,1,0.7174,0.045419
DuelingDQN,large_grid,2,290,33383,-122.0,69,1,0.7168,0.041453
DuelingDQN,large_grid,2,291,33405,-35.0,22,1,0.7167,0.06155
DuelingDQN,large_grid,2,292,33502,-206.0,97,1,0.7158,0.052978
DuelingDQN,large_grid,2,293,33660,-415.0,158,1,0.7145,0.090134
DuelingDQN,large_grid,2,294,33683,-40.0,23,1,0.7143,0.060113
DuelingDQN,large_grid,2,295,33690,0.0,7,1,0.7142,0.105093
DuelingDQN,large_grid,2,296,33717,-44.0,27,1,0.714,0.059835
DuelingDQN,large_grid,2,297,33833,-225.0,116,1,0.713,0.060038
DuelingDQN,large_grid,2,298,33918,-194.0,85,1,0.7123,0.057166
DuelingDQN,large_grid,2,299,33953,-64.0,35,1,0.712,0.061887
DuelingDQN,large_grid,2,300,34079,-291.0,126,1,0.7109,0.075069
DuelingDQN,large_grid,2,301,34116,-58.0,37,1,0.7106,0.066191
DuelingDQN,large_grid,2,302,34179,-140.0,63,1,0.7101,0.067569
DuelingDQN,large_grid,2,303,34286,-240.0,107,1,0.7092,0.041753
DuelingDQN,large_grid,2,304,34363,-170.0,77,1,0.7085,0.039434
DuelingDQN,large_grid,2,305,34499,-313.0,136,1,0.7074,0.050099
DuelingDQN,large_grid,2,306,34610,-248.0,111,1,0.7064,0.080065
DuelingDQN,large_grid,2,307,34747,-294.0,137,1,0.7053,0.047255
DuelingDQN,large_grid,2,308,34782,-76.0,35,1,0.705,0.039545
DuelingDQN,large_grid,2,309,34804,-51.0,22,1,0.7048,0.070962
DuelingDQN,large_grid,2,310,34808,7.0,4,1,0.7048,0.012776
DuelingDQN,large_grid,2,311,34823,-12.0,15,1,0.7046,0.050296
DuelingDQN,large_grid,2,312,34887,-125.0,64,1,0.7041,0.043771
DuelingDQN,large_grid,2,313,34954,-116.0,67,1,0.7035,0.057142
DuelingDQN,large_grid,2,314,34992,-55.0,38,1,0.7032,0.069631
DuelingDQN,large_grid,2,315,35055,-132.0,63,1,0.7027,0.096939
DuelingDQN,large_grid,2,316,35150,-188.0,95,1,0.7019,0.089578
DuelingDQN,large_grid,2,317,35272,-255.0,122,1,0.7008,0.057129
DuelingDQN,large_grid,2,318,35277,6.0,5,1,0.7008,0.074218
DuelingDQN,large_grid,2,319,35304,-48.0,27,1,0.7006,0.054511
DuelingDQN,large_grid,2,320,35313,-10.0,9,1,0.7005,0.070921
DuelingDQN,large_grid,2,321,35394,-198.0,81,1,0.6998,0.059133
DuelingDQN,large_grid,2,322,35413,-20.0,19,1,0.6996,0.054791
DuelingDQN,large_grid,2,323,35428,-20.0,15,1,0.6995,0.058735
DuelingDQN,large_grid,2,324,35516,-209.0,88,1,0.6988,0.065957
DuelingDQN,large_grid,2,325,35533,-22.0,17,1,0.6986,0.136433
DuelingDQN,large_grid,2,326,35594,-122.0,61,1,0.6981,0.113017
DuelingDQN,large_grid,2,327,35641,-80.0,47,1,0.6977,0.06861
DuelingDQN,large_grid,2,328,35656,-16.0,15,1,0.6976,0.044388
DuelingDQN,large_grid,2,329,35704,-113.0,48,1,0.6972,0.10296
DuelingDQN,large_grid,2,330,35744,-61.0,40,1,0.6968,0.070665
DuelingDQN,large_grid,2,331,35850,-211.0,106,1,0.6959,0.061535
DuelingDQN,large_grid,2,332,35906,-121.0,56,1,0.6954,0.073783
DuelingDQN,large_grid,2,333,35966,-101.0,60,1,0.6949,0.055236
DuelingDQN,large_grid,2,334,36060,-167.0,94,1,0.6941,0.084257
DuelingDQN,large_grid,2,335,36129,-114.0,69,1,0.6936,0.049528
DuelingDQN,large_grid,2,336,36143,-23.0,14,1,0.6934,0.067675
DuelingDQN,large_grid,2,337,36167,-49.0,24,1,0.6932,0.055469
DuelingDQN,large_grid,2,338,36212,-86.0,45,1,0.6929,0.059066
DuelingDQN,large_grid,2,339,36228,-21.0,16,1,0.6927,0.067639
DuelingDQN,large_grid,2,340,36280,-97.0,52,1,0.6923,0.0397
DuelingDQN,large_grid,2,341,36333,-122.0,53,1,0.6918,0.051896
DuelingDQN,large_grid,2,342,36392,-112.0,59,1,0.6913,0.048525
DuelingDQN,large_grid,2,343,36463,-128.0,71,1,0.6907,0.047086
DuelingDQN,large_grid,2,344,36474,-8.0,11,1,0.6906,0.057848
DuelingDQN,large_grid,2,345,36513,-64.0,39,1,0.6903,0.053843
DuelingDQN,large_grid,2,346,36610,-178.0,97,1,0.6895,0.080344
DuelingDQN,large_grid,2,347,36659,-106.0,49,1,0.6891,0.086379
DuelingDQN,large_grid,2,348,36701,-87.0,42,1,0.6887,0.046549
DuelingDQN,large_grid,2,349,36755,-71.0,54,1,0.6882,0.070038
DuelingDQN,large_grid,2,350,36820,-130.0,65,1,0.6877,0.046188
DuelingDQN,large_grid,2,351,37020,-468.0,200,0,0.686,0.054542
DuelingDQN,large_grid,2,352,37047,-40.0,27,1,0.6858,0.065757
DuelingDQN,large_grid,2,353,37083,-65.0,36,1,0.6855,0.070827
DuelingDQN,large_grid,2,354,37107,-33.0,24,1,0.6853,0.080628
DuelingDQN,large_grid,2,355,37134,-40.0,27,1,0.685,0.075025
DuelingDQN,large_grid,2,356,37197,-140.0,63,1,0.6845,0.084448
DuelingDQN,large_grid,2,357,37249,-85.0,52,1,0.6841,0.065737
DuelingDQN,large_grid,2,358,37257,-13.0,8,1,0.684,0.113728
DuelingDQN,large_grid,2,359,37354,-158.0,97,1,0.6832,0.048682
DuelingDQN,large_grid,2,360,37411,-150.0,57,1,0.6827,0.052063
DuelingDQN,large_grid,2,361,37475,-117.0,64,1,0.6821,0.03894
DuelingDQN,large_grid,2,362,37485,-3.0,10,1,0.6821,0.039568
DuelingDQN,large_grid,2,363,37589,-193.0,104,1,0.6812,0.080911
DuelingDQN,large_grid,2,364,37656,-120.0,67,1,0.6806,0.048196
DuelingDQN,large_grid,2,365,37751,-216.0,95,1,0.6798,0.037496
DuelingDQN,large_grid,2,366,37788,-62.0,37,1,0.6795,0.039038
DuelingDQN,large_grid,2,367,37866,-163.0,78,1,0.6788,0.049658
DuelingDQN,large_grid,2,368,37960,-187.0,94,1,0.678,0.051533
DuelingDQN,large_grid,2,369,38016,-77.0,56,1,0.6776,0.064627
DuelingDQN,large_grid,2,370,38052,-53.0,36,1,0.6772,0.058475
DuelingDQN,large_grid,2,371,38099,-84.0,47,1,0.6768,0.07158
DuelingDQN,large_grid,2,372,38129,-47.0,30,1,0.6766,0.074424
DuelingDQN,large_grid,2,373,38233,-217.0,104,1,0.6757,0.07531
DuelingDQN,large_grid,2,374,38303,-123.0,70,1,0.6751,0.061188
DuelingDQN,large_grid,2,375,38401,-235.0,98,1,0.6743,0.058711
DuelingDQN,large_grid,2,376,38498,-202.0,97,1,0.6735,0.065049
DuelingDQN,large_grid,2,377,38583,-210.0,85,1,0.6727,0.119484
DuelingDQN,large_grid,2,378,38594,-4.0,11,1,0.6726,0.090984
DuelingDQN,large_grid,2,379,38640,-95.0,46,1,0.6723,0.046285
DuelingDQN,large_grid,2,380,38710,-123.0,70,1,0.6717,0.058487
DuelingDQN,large_grid,2,381,38758,-121.0,48,1,0.6713,0.061792
DuelingDQN,large_grid,2,382,38788,-55.0,30,1,0.671,0.04084
DuelingDQN,large_grid,2,383,38855,-140.0,67,1,0.6704,0.036665
DuelingDQN,large_grid,2,384,38894,-52.0,39,1,0.6701,0.070422
DuelingDQN,large_grid,2,385,38986,-197.0,92,1,0.6693,0.049985
DuelingDQN,large_grid,2,386,39037,-96.0,51,1,0.6689,0.136022
DuelingDQN,large_grid,2,387,39092,-96.0,55,1,0.6684,0.092702
DuelingDQN,large_grid,2,388,39145,-118.0,53,1,0.668,0.074886
DuelingDQN,large_grid,2,389,39218,-126.0,73,1,0.6674,0.057535
DuelingDQN,large_grid,2,390,39296,-131.0,78,1,0.6667,0.051447
DuelingDQN,large_grid,2,391,39383,-136.0,87,1,0.666,0.056433
DuelingDQN,large_grid,2,392,39425,-63.0,42,1,0.6656,0.063665
DuelingDQN,large_grid,2,393,39560,-344.0,135,1,0.6645,0.085661
DuelingDQN,large_grid,2,394,39591,-56.0,31,1,0.6642,0.148164
DuelingDQN,large_grid,2,395,39624,-66.0,33,1,0.6639,0.094336
DuelingDQN,large_grid,2,396,39632,3.0,8,1,0.6638,0.052263
DuelingDQN,large_grid,2,397,39661,-50.0,29,1,0.6636,0.127565
DuelingDQN,large_grid,2,398,39737,-137.0,76,1,0.663,0.076832
DuelingDQN,large_grid,2,399,39808,-128.0,71,1,0.6624,0.067757
DuelingDQN,large_grid,2,400,39844,-61.0,36,1,0.662,0.043282
DuelingDQN,large_grid,2,401,39925,-110.0,81,1,0.6614,0.052797
DuelingDQN,large_grid,2,402,39959,-63.0,34,1,0.6611,0.05946
DuelingDQN,large_grid,2,403,39986,-24.0,27,1,0.6608,0.074351
DuelingDQN,large_grid,2,404,40071,-178.0,85,1,0.6601,0.123864
DuelingDQN,large_grid,2,405,40115,-77.0,44,1,0.6597,0.091525
DuelingDQN,large_grid,2,406,40149,-55.0,34,1,0.6595,0.068331
DuelingDQN,large_grid,2,407,40154,-2.0,5,1,0.6594,0.069198
DuelingDQN,large_grid,2,408,40186,-61.0,32,1,0.6591,0.083184
DuelingDQN,large_grid,2,409,40244,-111.0,58,1,0.6587,0.070247
DuelingDQN,large_grid,2,410,40289,-74.0,45,1,0.6583,0.05277
DuelingDQN,large_grid,2,411,40331,-87.0,42,1,0.6579,0.050755
DuelingDQN,large_grid,2,412,40345,-15.0,14,1,0.6578,0.038208
DuelingDQN,large_grid,2,413,40359,-15.0,14,1,0.6577,0.030348
DuelingDQN,large_grid,2,414,40473,-219.0,114,1,0.6567,0.0585
DuelingDQN,large_grid,2,415,40511,-67.0,38,1,0.6564,0.083604
DuelingDQN,large_grid,2,416,40522,-16.0,11,1,0.6563,0.134547
DuelingDQN,large_grid,2,417,40535,-22.0,13,1,0.6562,0.09456
DuelingDQN,large_grid,2,418,40564,-58.0,29,1,0.6559,0.10531
DuelingDQN,large_grid,2,419,40604,-85.0,40,1,0.6556,0.121916
DuelingDQN,large_grid,2,420,40656,-97.0,52,1,0.6552,0.113127
DuelingDQN,large_grid,2,421,40684,-57.0,28,1,0.6549,0.083008
DuelingDQN,large_grid,2,422,40774,-191.0,90,1,0.6542,0.056494
DuelingDQN,large_grid,2,423,40880,-175.0,106,1,0.6533,0.037006
DuelingDQN,large_grid,2,424,40959,-164.0,79,1,0.6526,0.054822
DuelingDQN,large_grid,2,425,41027,-105.0,68,1,0.652,0.087713
DuelingDQN,large_grid,2,426,41099,-157.0,72,1,0.6514,0.091149
DuelingDQN,large_grid,2,427,41144,-70.0,45,1,0.651,0.061697
DuelingDQN,large_grid,2,428,41153,2.0,9,1,0.6509,0.095014
DuelingDQN,large_grid,2,429,41254,-210.0,101,1,0.6501,0.068118
DuelingDQN,large_grid,2,430,41299,-94.0,45,1,0.6497,0.049349
DuelingDQN,large_grid,2,431,41499,-456.0,200,0,0.648,0.057156
DuelingDQN,large_grid,2,432,41584,-182.0,85,1,0.6473,0.121049
DuelingDQN,large_grid,2,433,41784,-448.0,200,0,0.6456,0.053352
DuelingDQN,large_grid,2,434,41809,-30.0,25,1,0.6454,0.020455
DuelingDQN,large_grid,2,435,41897,-197.0,88,1,0.6446,0.060352
DuelingDQN,large_grid,2,436,41948,-112.0,51,1,0.6442,0.048164
DuelingDQN,large_grid,2,437,41995,-80.0,47,1,0.6438,0.050574
DuelingDQN,large_grid,2,438,42041,-67.0,46,1,0.6434,0.134654
DuelingDQN,large_grid,2,439,42112,-108.0,71,1,0.6428,0.088817
DuelingDQN,large_grid,2,440,42130,-11.0,18,1,0.6427,0.043692
DuelingDQN,large_grid,2,441,42208,-167.0,78,1,0.642,0.07176
DuelingDQN,large_grid,2,442,42255,-92.0,47,1,0.6416,0.080642
DuelingDQN,large_grid,2,443,42269,-15.0,14,1,0.6415,0.04731
DuelingDQN,large_grid,2,444,42345,-153.0,76,1,0.6408,0.07609
DuelingDQN,large_grid,2,445,42446,-182.0,101,1,0.64,0.058822
DuelingDQN,large_grid,2,446,42554,-217.0,108,1,0.6391,0.135844
DuelingDQN,large_grid,2,447,42570,-17.0,16,1,0.6389,0.118702
DuelingDQN,large_grid,2,448,42617,-104.0,47,1,0.6385,0.114033
DuelingDQN,large_grid,2,449,42644,-24.0,27,1,0.6383,0.081375
DuelingDQN,large_grid,2,450,42705,-134.0,61,1,0.6378,0.087488
DuelingDQN,large_grid,2,451,42789,-165.0,84,1,0.6371,0.070811
DuelingDQN,large_grid,2,452,42871,-171.0,82,1,0.6364,0.053544
DuelingDQN,large_grid,2,453,42909,-67.0,38,1,0.636,0.055068
DuelingDQN,large_grid,2,454,42963,-83.0,54,1,0.6356,0.064511
DuelingDQN,large_grid,2,455,43078,-248.0,115,1,0.6346,0.116305
DuelingDQN,large_grid,2,456,43147,-130.0,69,1,0.634,0.058468
DuelingDQN,large_grid,2,457,43161,-15.0,14,1,0.6339,0.061478
DuelingDQN,large_grid,2,458,43198,-62.0,37,1,0.6336,0.066645
DuelingDQN,large_grid,2,459,43233,-68.0,35,1,0.6333,0.046149
DuelingDQN,large_grid,2,460,43296,-108.0,63,1,0.6328,0.050859
DuelingDQN,large_grid,2,461,43339,-64.0,43,1,0.6324,0.069249
DuelingDQN,large_grid,2,462,43394,-84.0,55,1,0.6319,0.054657
DuelingDQN,large_grid,2,463,43466,-93.0,72,1,0.6313,0.048598
DuelingDQN,large_grid,2,464,43486,-25.0,20,1,0.6312,0.039418
DuelingDQN,large_grid,2,465,43528,-71.0,42,1,0.6308,0.112306
DuelingDQN,large_grid,2,466,43590,-107.0,62,1,0.6303,0.110701
DuelingDQN,large_grid,2,467,43639,-78.0,49,1,0.6299,0.090062
DuelingDQN,large_grid,2,468,43696,-110.0,57,1,0.6294,0.071512
DuelingDQN,large_grid,2,469,43704,-9.0,8,1,0.6293,0.191006
DuelingDQN,large_grid,2,470,43725,-22.0,21,1,0.6291,0.057075
DuelingDQN,large_grid,2,471,43765,-57.0,40,1,0.6288,0.043656
DuelingDQN,large_grid,2,472,43769,7.0,4,1,0.6288,0.096593
DuelingDQN,large_grid,2,473,43816,-64.0,47,1,0.6284,0.046832
DuelingDQN,large_grid,2,474,43831,-16.0,15,1,0.6282,0.037133
DuelingDQN,large_grid,2,475,43878,-80.0,47,1,0.6278,0.051279
DuelingDQN,large_grid,2,476,43919,-62.0,41,1,0.6275,0.048022
DuelingDQN,large_grid,2,477,43935,-25.0,16,1,0.6273,0.027818
DuelingDQN,large_grid,2,478,43968,-58.0,33,1,0.6271,0.07009
DuelingDQN,large_grid,2,479,43999,-36.0,31,1,0.6268,0.066889
DuelingDQN,large_grid,2,480,44017,-23.0,18,1,0.6266,0.131693
DuelingDQN,large_grid,2,481,44034,-14.0,17,1,0.6265,0.135103
DuelingDQN,large_grid,2,482,44037,8.0,3,1,0.6265,0.152449
DuelingDQN,large_grid,2,483,44050,-2.0,13,1,0.6264,0.094452
DuelingDQN,large_grid,2,484,44083,-58.0,33,1,0.6261,0.12183
DuelingDQN,large_grid,2,485,44148,-134.0,65,1,0.6255,0.07808
DuelingDQN,large_grid,2,486,44191,-96.0,43,1,0.6252,0.054521
DuelingDQN,large_grid,2,487,44266,-152.0,75,1,0.6245,0.05018
DuelingDQN,large_grid,2,488,44364,-183.0,98,1,0.6237,0.056788
DuelingDQN,large_grid,2,489,44401,-46.0,37,1,0.6234,0.08241
DuelingDQN,large_grid,2,490,44476,-128.0,75,1,0.6228,0.052447
DuelingDQN,large_grid,2,491,44528,-85.0,52,1,0.6223,0.097738
DuelingDQN,large_grid,2,492,44556,-53.0,28,1,0.6221,0.109588
DuelingDQN,large_grid,2,493,44559,8.0,3,1,0.6221,0.034907
DuelingDQN,large_grid,2,494,44563,7.0,4,1,0.622,0.057417
DuelingDQN,large_grid,2,495,44587,-29.0,24,1,0.6218,0.072952
DuelingDQN,large_grid,2,496,44658,-128.0,71,1,0.6212,0.048962
DuelingDQN,large_grid,2,497,44703,-102.0,45,1,0.6208,0.098426
DuelingDQN,large_grid,2,498,44745,-75.0,42,1,0.6205,0.062569
DuelingDQN,large_grid,2,499,44796,-92.0,51,1,0.62,0.042079
DuelingDQN,large_grid,2,500,44855,-76.0,59,1,0.6195,0.073565
DuelingDQN,large_grid,2,501,44874,-20.0,19,1,0.6194,0.062097
DuelingDQN,large_grid,2,502,44908,-43.0,34,1,0.6191,0.04856
DuelingDQN,large_grid,2,503,44973,-142.0,65,1,0.6185,0.064487
DuelingDQN,large_grid,2,504,45031,-99.0,58,1,0.618,0.092052
DuelingDQN,large_grid,2,505,45064,-54.0,33,1,0.6178,0.089709
DuelingDQN,large_grid,2,506,45097,-42.0,33,1,0.6175,0.067731
DuelingDQN,large_grid,2,507,45128,-72.0,31,1,0.6172,0.065447
DuelingDQN,large_grid,2,508,45164,-61.0,36,1,0.6169,0.080795
DuelingDQN,large_grid,2,509,45206,-63.0,42,1,0.6166,0.074797
DuelingDQN,large_grid,2,510,45264,-127.0,58,1,0.6161,0.06115
DuelingDQN,large_grid,2,511,45291,-48.0,27,1,0.6158,0.041446
DuelingDQN,large_grid,2,512,45300,-6.0,9,1,0.6158,0.074735
DuelingDQN,large_grid,2,513,45391,-212.0,91,1,0.615,0.060309
DuelingDQN,large_grid,2,514,45440,-106.0,49,1,0.6146,0.04715
DuelingDQN,large_grid,2,515,45490,-95.0,50,1,0.6142,0.041991
DuelingDQN,large_grid,2,516,45496,1.0,6,1,0.6141,0.126582
DuelingDQN,large_grid,2,517,45508,-9.0,12,1,0.614,0.10567
DuelingDQN,large_grid,2,518,45549,-58.0,41,1,0.6137,0.082053
DuelingDQN,large_grid,2,519,45608,-84.0,59,1,0.6132,0.050568
DuelingDQN,large_grid,2,520,45637,-66.0,29,1,0.6129,0.060553
DuelingDQN,large_grid,2,521,45679,-79.0,42,1,0.6126,0.035286
DuelingDQN,large_grid,2,522,45699,-25.0,20,1,0.6124,0.065772
DuelingDQN,large_grid,2,523,45722,-28.0,23,1,0.6122,0.045294
DuelingDQN,large_grid,2,524,45760,-39.0,38,1,0.6119,0.060793
DuelingDQN,large_grid,2,525,45817,-110.0,57,1,0.6114,0.043713
DuelingDQN,large_grid,2,526,45829,-5.0,12,1,0.6113,0.027337
DuelingDQN,large_grid,2,527,45899,-139.0,70,1,0.6107,0.060101
DuelingDQN,large_grid,2,528,45951,-85.0,52,1,0.6102,0.040617
DuelingDQN,large_grid,2,529,46004,-98.0,53,1,0.6098,0.066923
DuelingDQN,large_grid,2,530,46050,-79.0,46,1,0.6094,0.10898
DuelingDQN,large_grid,2,531,46066,-13.0,16,1,0.6093,0.142736
DuelingDQN,large_grid,2,532,46109,-84.0,43,1,0.6089,0.086115
DuelingDQN,large_grid,2,533,46189,-157.0,80,1,0.6082,0.062598
DuelingDQN,large_grid,2,534,46240,-80.0,51,1,0.6078,0.056722
DuelingDQN,large_grid,2,535,46243,4.0,3,1,0.6078,0.041832
DuelingDQN,large_grid,2,536,46265,-39.0,22,1,0.6076,0.05495
DuelingDQN,large_grid,2,537,46351,-155.0,86,1,0.6069,0.061379
DuelingDQN,large_grid,2,538,46356,6.0,5,1,0.6068,0.006118
DuelingDQN,large_grid,2,539,46437,-154.0,81,1,0.6061,0.042543
DuelingDQN,large_grid,2,540,46472,-56.0,35,1,0.6058,0.087721
DuelingDQN,large_grid,2,541,46513,-54.0,41,1,0.6055,0.072361
DuelingDQN,large_grid,2,542,46556,-88.0,43,1,0.6051,0.133798
DuelingDQN,large_grid,2,543,46648,-157.0,92,1,0.6043,0.086474
DuelingDQN,large_grid,2,544,46689,-90.0,41,1,0.604,0.034098
DuelingDQN,large_grid,2,545,46758,-106.0,69,1,0.6034,0.048678
DuelingDQN,large_grid,2,546,46779,-34.0,21,1,0.6032,0.047824
DuelingDQN,large_grid,2,547,46850,-124.0,71,1,0.6026,0.067267
DuelingDQN,large_grid,2,548,46916,-151.0,66,1,0.6021,0.051759
DuelingDQN,large_grid,2,549,46950,-55.0,34,1,0.6018,0.069398
DuelingDQN,large_grid,2,550,46973,-36.0,23,1,0.6016,0.064275
DuelingDQN,large_grid,2,551,46982,-6.0,9,1,0.6015,0.009581
DuelingDQN,large_grid,2,552,47027,-58.0,45,1,0.6011,0.103858
DuelingDQN,large_grid,2,553,47094,-144.0,67,1,0.6006,0.063578
DuelingDQN,large_grid,2,554,47130,-69.0,36,1,0.6002,0.057428
DuelingDQN,large_grid,2,555,47197,-104.0,67,1,0.5997,0.048375
DuelingDQN,large_grid,2,556,47210,-10.0,13,1,0.5996,0.046464
DuelingDQN,large_grid,2,557,47253,-40.0,43,1,0.5992,0.057749
DuelingDQN,large_grid,2,558,47303,-83.0,50,1,0.5988,0.085306
DuelingDQN,large_grid,2,559,47330,-36.0,27,1,0.5985,0.064627
DuelingDQN,large_grid,2,560,47392,-123.0,62,1,0.598,0.056823
DuelingDQN,large_grid,2,561,47413,-22.0,21,1,0.5978,0.063515
DuelingDQN,large_grid,2,562,47485,-137.0,72,1,0.5972,0.040288
DuelingDQN,large_grid,2,563,47498,-14.0,13,1,0.5971,0.031644
DuelingDQN,large_grid,2,564,47553,-84.0,55,1,0.5967,0.113145
DuelingDQN,large_grid,2,565,47609,-89.0,56,1,0.5962,0.075284
DuelingDQN,large_grid,2,566,47678,-98.0,69,1,0.5956,0.057915
DuelingDQN,large_grid,2,567,47699,-38.0,21,1,0.5954,0.113997
DuelingDQN,large_grid,2,568,47733,-67.0,34,1,0.5951,0.052077
DuelingDQN,large_grid,2,569,47752,-16.0,19,1,0.595,0.054775
DuelingDQN,large_grid,2,570,47785,-42.0,33,1,0.5947,0.051599
DuelingDQN,large_grid,2,571,47810,-38.0,25,1,0.5945,0.06405
DuelingDQN,large_grid,2,572,47831,-30.0,21,1,0.5943,0.058702
DuelingDQN,large_grid,2,573,47901,-131.0,70,1,0.5937,0.067178
DuelingDQN,large_grid,2,574,47968,-132.0,67,1,0.5931,0.058412
DuelingDQN,large_grid,2,575,48037,-142.0,69,1,0.5926,0.088722
DuelingDQN,large_grid,2,576,48098,-114.0,61,1,0.592,0.106584
DuelingDQN,large_grid,2,577,48153,-124.0,55,1,0.5916,0.075913
DuelingDQN,large_grid,2,578,48182,-34.0,29,1,0.5913,0.069399
DuelingDQN,large_grid,2,579,48215,-58.0,33,1,0.591,0.083838
DuelingDQN,large_grid,2,580,48231,-5.0,16,1,0.5909,0.064994
DuelingDQN,large_grid,2,581,48258,-28.0,27,1,0.5907,0.077741
DuelingDQN,large_grid,2,582,48289,-40.0,31,1,0.5904,0.059509
DuelingDQN,large_grid,2,583,48327,-55.0,38,1,0.5901,0.038896
DuelingDQN,large_grid,2,584,48360,-54.0,33,1,0.5898,0.089273
DuelingDQN,large_grid,2,585,48410,-67.0,50,1,0.5894,0.079313
DuelingDQN,large_grid,2,586,48447,-78.0,37,1,0.5891,0.079846
DuelingDQN,large_grid,2,587,48496,-74.0,49,1,0.5887,0.077299
DuelingDQN,large_grid,2,588,48552,-105.0,56,1,0.5882,0.110636
DuelingDQN,large_grid,2,589,48575,-44.0,23,1,0.588,0.083066
DuelingDQN,large_grid,2,590,48588,-22.0,13,1,0.5879,0.067994
DuelingDQN,large_grid,2,591,48622,-55.0,34,1,0.5876,0.073249
DuelingDQN,large_grid,2,592,48671,-90.0,49,1,0.5872,0.055961
DuelingDQN,large_grid,2,593,48706,-32.0,35,1,0.5869,0.111313
DuelingDQN,large_grid,2,594,48764,-115.0,58,1,0.5864,0.059858
DuelingDQN,large_grid,2,595,48826,-95.0,62,1,0.5859,0.08614
DuelingDQN,large_grid,2,596,48849,-20.0,23,1,0.5857,0.087021
DuelingDQN,large_grid,2,597,48905,-85.0,56,1,0.5852,0.054365
DuelingDQN,large_grid,2,598,48993,-197.0,88,1,0.5844,0.058737
DuelingDQN,large_grid,2,599,49002,-14.0,9,1,0.5844,0.08613
DuelingDQN,large_grid,2,600,49027,-46.0,25,1,0.5842,0.139824
DuelingDQN,large_grid,2,601,49154,-268.0,127,1,0.5831,0.090332
DuelingDQN,large_grid,2,602,49179,-54.0,25,1,0.5829,0.049117
DuelingDQN,large_grid,2,603,49238,-104.0,59,1,0.5824,0.052866
DuelingDQN,large_grid,2,604,49247,-2.0,9,1,0.5823,0.079729
DuelingDQN,large_grid,2,605,49299,-73.0,52,1,0.5818,0.084262
DuelingDQN,large_grid,2,606,49348,-106.0,49,1,0.5814,0.069886
DuelingDQN,large_grid,2,607,49421,-154.0,73,1,0.5808,0.051595
DuelingDQN,large_grid,2,608,49494,-166.0,73,1,0.5802,0.025785
DuelingDQN,large_grid,2,609,49564,-123.0,70,1,0.5796,0.074548
DuelingDQN,large_grid,2,610,49600,-57.0,36,1,0.5793,0.073068
DuelingDQN,large_grid,2,611,49648,-89.0,48,1,0.5789,0.077735
DuelingDQN,large_grid,2,612,49680,-45.0,32,1,0.5786,0.073853
DuelingDQN,large_grid,2,613,49743,-120.0,63,1,0.5781,0.069521
DuelingDQN,large_grid,2,614,49760,-26.0,17,1,0.5779,0.068066
DuelingDQN,large_grid,2,615,49778,-15.0,18,1,0.5778,0.045122
DuelingDQN,large_grid,2,616,49782,3.0,4,1,0.5778,0.127765
DuelingDQN,large_grid,2,617,49810,-61.0,28,1,0.5775,0.053035
DuelingDQN,large_grid,2,618,49831,-26.0,21,1,0.5773,0.039191
DuelingDQN,large_grid,2,619,49854,-44.0,23,1,0.5771,0.049674
DuelingDQN,large_grid,2,620,49879,-46.0,25,1,0.5769,0.052609
DuelingDQN,large_grid,2,621,49941,-115.0,62,1,0.5764,0.088007
DuelingDQN,large_grid,2,622,49959,-31.0,18,1,0.5762,0.056294
DuelingDQN,large_grid,2,623,49987,-41.0,28,1,0.576,0.043963
DuelingDQN,large_grid,2,624,50083,-189.0,96,1,0.5752,0.073813
DuelingDQN,large_grid,2,625,50126,-96.0,43,1,0.5748,0.077837
DuelingDQN,large_grid,2,626,50131,2.0,5,1,0.5748,0.028804
DuelingDQN,large_grid,2,627,50177,-59.0,46,1,0.5744,0.060939
DuelingDQN,large_grid,2,628,50251,-139.0,74,1,0.5738,0.082022
DuelingDQN,large_grid,2,629,50288,-62.0,37,1,0.5735,0.049245
DuelingDQN,large_grid,2,630,50328,-65.0,40,1,0.5731,0.041771
DuelingDQN,large_grid,2,631,50378,-79.0,50,1,0.5727,0.035227
DuelingDQN,large_grid,2,632,50408,-35.0,30,1,0.5724,0.056234
DuelingDQN,large_grid,2,633,50423,-4.0,15,1,0.5723,0.032129
DuelingDQN,large_grid,2,634,50436,-14.0,13,1,0.5722,0.037707
DuelingDQN,large_grid,2,635,50439,8.0,3,1,0.5722,0.084993
DuelingDQN,large_grid,2,636,50477,-55.0,38,1,0.5719,0.051237
DuelingDQN,large_grid,2,637,50495,-15.0,18,1,0.5717,0.03214
DuelingDQN,large_grid,2,638,50564,-118.0,69,1,0.5711,0.121716
DuelingDQN,large_grid,2,639,50608,-81.0,44,1,0.5707,0.04714
DuelingDQN,large_grid,2,640,50632,-37.0,24,1,0.5705,0.037089
DuelingDQN,large_grid,2,641,50706,-119.0,74,1,0.5699,0.059489
DuelingDQN,large_grid,2,642,50733,-52.0,27,1,0.5697,0.067628
DuelingDQN,large_grid,2,643,50758,-38.0,25,1,0.5695,0.08021
DuelingDQN,large_grid,2,644,50800,-75.0,42,1,0.5691,0.058929
DuelingDQN,large_grid,2,645,50820,-17.0,20,1,0.5689,0.071365
DuelingDQN,large_grid,2,646,50838,-19.0,18,1,0.5688,0.078869
DuelingDQN,large_grid,2,647,50862,-37.0,24,1,0.5686,0.047009
DuelingDQN,large_grid,2,648,50891,-34.0,29,1,0.5683,0.025472
DuelingDQN,large_grid,2,649,50930,-60.0,39,1,0.568,0.070375
DuelingDQN,large_grid,2,650,50978,-61.0,48,1,0.5676,0.06087
DuelingDQN,large_grid,2,651,51010,-69.0,32,1,0.5673,0.078416
DuelingDQN,large_grid,2,652,51032,-31.0,22,1,0.5671,0.091679
DuelingDQN,large_grid,2,653,51037,6.0,5,1,0.5671,0.180264
DuelingDQN,large_grid,2,654,51058,-26.0,21,1,0.5669,0.076754
DuelingDQN,large_grid,2,655,51111,-82.0,53,1,0.5665,0.059385
DuelingDQN,large_grid,2,656,51158,-84.0,47,1,0.5661,0.077619
DuelingDQN,large_grid,2,657,51171,-18.0,13,1,0.566,0.033613
DuelingDQN,large_grid,2,658,51173,9.0,2,1,0.566,0.151186
DuelingDQN,large_grid,2,659,51201,-45.0,28,1,0.5657,0.057484
DuelingDQN,large_grid,2,660,51229,-45.0,28,1,0.5655,0.046372
DuelingDQN,large_grid,2,661,51307,-183.0,78,1,0.5648,0.067037
DuelingDQN,large_grid,2,662,51312,6.0,5,1,0.5648,0.027579
DuelingDQN,large_grid,2,663,51322,-7.0,10,1,0.5647,0.008353
DuelingDQN,large_grid,2,664,51369,-72.0,47,1,0.5643,0.034331
DuelingDQN,large_grid,2,665,51392,-20.0,23,1,0.5641,0.078947
DuelingDQN,large_grid,2,666,51426,-67.0,34,1,0.5638,0.065542
DuelingDQN,large_grid,2,667,51440,-7.0,14,1,0.5637,0.064484
DuelingDQN,large_grid,2,668,51461,-34.0,21,1,0.5635,0.038746
DuelingDQN,large_grid,2,669,51471,-7.0,10,1,0.5634,0.075856
DuelingDQN,large_grid,2,670,51512,-58.0,41,1,0.5631,0.066333
DuelingDQN,large_grid,2,671,51525,-18.0,13,1,0.563,0.146064
DuelingDQN,large_grid,2,672,51546,-30.0,21,1,0.5628,0.10768
DuelingDQN,large_grid,2,673,51600,-83.0,54,1,0.5623,0.064468
DuelingDQN,large_grid,2,674,51648,-45.0,48,1,0.5619,0.05827
DuelingDQN,large_grid,2,675,51685,-42.0,37,1,0.5616,0.035722
DuelingDQN,large_grid,2,676,51731,-91.0,46,1,0.5612,0.046025
DuelingDQN,large_grid,2,677,51747,-13.0,16,1,0.5611,0.060835
DuelingDQN,large_grid,2,678,51812,-110.0,65,1,0.5605,0.090337
DuelingDQN,large_grid,2,679,51829,-14.0,17,1,0.5604,0.062126
DuelingDQN,large_grid,2,680,51849,-17.0,20,1,0.5602,0.024407
DuelingDQN,large_grid,2,681,51859,-3.0,10,1,0.5601,0.082686
DuelingDQN,large_grid,2,682,51866,-4.0,7,1,0.5601,0.170729
DuelingDQN,large_grid,2,683,51925,-88.0,59,1,0.5596,0.069647
DuelingDQN,large_grid,2,684,51935,-3.0,10,1,0.5595,0.036352
DuelingDQN,large_grid,2,685,51975,-77.0,40,1,0.5591,0.056197
DuelingDQN,large_grid,2,686,52005,-47.0,30,1,0.5589,0.088028
DuelingDQN,large_grid,2,687,52019,-15.0,14,1,0.5588,0.094784
DuelingDQN,large_grid,2,688,52040,-34.0,21,1,0.5586,0.081499
DuelingDQN,large_grid,2,689,52072,-57.0,32,1,0.5583,0.07857
DuelingDQN,large_grid,2,690,52136,-117.0,64,1,0.5578,0.071364
DuelingDQN,large_grid,2,691,52184,-93.0,48,1,0.5574,0.052569
DuelingDQN,large_grid,2,692,52221,-62.0,37,1,0.5571,0.079885
DuelingDQN,large_grid,2,693,52256,-44.0,35,1,0.5568,0.057444
DuelingDQN,large_grid,2,694,52284,-53.0,28,1,0.5565,0.036773
DuelingDQN,large_grid,2,695,52307,-24.0,23,1,0.5563,0.024875
DuelingDQN,large_grid,2,696,52339,-45.0,32,1,0.5561,0.0482
DuelingDQN,large_grid,2,697,52376,-58.0,37,1,0.5557,0.043792
DuelingDQN,large_grid,2,698,52415,-52.0,39,1,0.5554,0.062518
DuelingDQN,large_grid,2,699,52443,-45.0,28,1,0.5552,0.022756
DuelingDQN,large_grid,2,700,52477,-59.0,34,1,0.5549,0.044275
DuelingDQN,large_grid,2,701,52506,-30.0,29,1,0.5546,0.069386
DuelingDQN,large_grid,2,702,52508,9.0,2,1,0.5546,0.137863
DuelingDQN,large_grid,2,703,52556,-101.0,48,1,0.5542,0.092529
DuelingDQN,large_grid,2,704,52586,-43.0,30,1,0.554,0.085987
DuelingDQN,large_grid,2,705,52628,-63.0,42,1,0.5536,0.091435
DuelingDQN,large_grid,2,706,52669,-78.0,41,1,0.5533,0.053675
DuelingDQN,large_grid,2,707,52738,-102.0,69,1,0.5527,0.056762
DuelingDQN,large_grid,2,708,52759,-26.0,21,1,0.5525,0.045045
DuelingDQN,large_grid,2,709,52773,-19.0,14,1,0.5524,0.07375
DuelingDQN,large_grid,2,710,52816,-60.0,43,1,0.552,0.068919
DuelingDQN,large_grid,2,711,52880,-117.0,64,1,0.5515,0.056449
DuelingDQN,large_grid,2,712,52911,-52.0,31,1,0.5512,0.071136
DuelingDQN,large_grid,2,713,52950,-72.0,39,1,0.5509,0.057224
DuelingDQN,large_grid,2,714,52996,-59.0,46,1,0.5505,0.05103
DuelingDQN,large_grid,2,715,53075,-156.0,79,1,0.5498,0.115215
DuelingDQN,large_grid,2,716,53112,-82.0,37,1,0.5495,0.067134
DuelingDQN,large_grid,2,717,53140,-45.0,28,1,0.5493,0.075773
DuelingDQN,large_grid,2,718,53164,-37.0,24,1,0.5491,0.04704
DuelingDQN,large_grid,2,719,53200,-53.0,36,1,0.5488,0.04625
DuelingDQN,large_grid,2,720,53243,-80.0,43,1,0.5484,0.054999
DuelingDQN,large_grid,2,721,53258,-12.0,15,1,0.5483,0.024262
DuelingDQN,large_grid,2,722,53280,-35.0,22,1,0.5481,0.039631
DuelingDQN,large_grid,2,723,53289,-2.0,9,1,0.548,0.056519
DuelingDQN,large_grid,2,724,53324,-64.0,35,1,0.5477,0.046099
DuelingDQN,large_grid,2,725,53352,-37.0,28,1,0.5475,0.084623
DuelingDQN,large_grid,2,726,53401,-62.0,49,1,0.5471,0.053859
DuelingDQN,large_grid,2,727,53414,-10.0,13,1,0.5469,0.039729
DuelingDQN,large_grid,2,728,53416,9.0,2,1,0.5469,0.015237
DuelingDQN,large_grid,2,729,53443,-28.0,27,1,0.5467,0.077035
DuelingDQN,large_grid,2,730,53513,-131.0,70,1,0.5461,0.073754
DuelingDQN,large_grid,2,731,53542,-46.0,29,1,0.5459,0.087115
DuelingDQN,large_grid,2,732,53635,-194.0,93,1,0.5451,0.080972
DuelingDQN,large_grid,2,733,53649,-11.0,14,1,0.545,0.128453
DuelingDQN,large_grid,2,734,53685,-49.0,36,1,0.5446,0.075768
DuelingDQN,large_grid,2,735,53739,-107.0,54,1,0.5442,0.040117
DuelingDQN,large_grid,2,736,53776,-42.0,37,1,0.5439,0.035343
DuelingDQN,large_grid,2,737,53793,-14.0,17,1,0.5437,0.117712
DuelingDQN,large_grid,2,738,53818,-26.0,25,1,0.5435,0.055595
DuelingDQN,large_grid,2,739,53876,-91.0,58,1,0.543,0.051932
DuelingDQN,large_grid,2,740,53929,-82.0,53,1,0.5426,0.07461
DuelingDQN,large_grid,2,741,53952,-32.0,23,1,0.5424,0.07505
DuelingDQN,large_grid,2,742,54005,-82.0,53,1,0.5419,0.087679
DuelingDQN,large_grid,2,743,54047,-79.0,42,1,0.5416,0.09819
DuelingDQN,large_grid,2,744,54067,-37.0,20,1,0.5414,0.096212
DuelingDQN,large_grid,2,745,54073,5.0,6,1,0.5414,0.099051
DuelingDQN,large_grid,2,746,54099,-27.0,26,1,0.5411,0.067075
DuelingDQN,large_grid,2,747,54145,-95.0,46,1,0.5407,0.06702
DuelingDQN,large_grid,2,748,54183,-47.0,38,1,0.5404,0.060574
DuelingDQN,large_grid,2,749,54247,-109.0,64,1,0.5399,0.052549
DuelingDQN,large_grid,2,750,54293,-87.0,46,1,0.5395,0.038444
DuelingDQN,large_grid,2,751,54332,-56.0,39,1,0.5392,0.036235
DuelingDQN,large_grid,2,752,54386,-83.0,54,1,0.5387,0.066893
DuelingDQN,large_grid,2,753,54406,-29.0,20,1,0.5385,0.017835
DuelingDQN,large_grid,2,754,54464,-107.0,58,1,0.538,0.058105
DuelingDQN,large_grid,2,755,54547,-152.0,83,1,0.5373,0.086649
DuelingDQN,large_grid,2,756,54562,-20.0,15,1,0.5372,0.09225
DuelingDQN,large_grid,2,757,54611,-90.0,49,1,0.5368,0.065809
DuelingDQN,large_grid,2,758,54643,-53.0,32,1,0.5365,0.094168
DuelingDQN,large_grid,2,759,54693,-67.0,50,1,0.5361,0.052738
DuelingDQN,large_grid,2,760,54752,-124.0,59,1,0.5356,0.07122
DuelingDQN,large_grid,2,761,54778,-35.0,26,1,0.5354,0.059552
DuelingDQN,large_grid,2,762,54783,6.0,5,1,0.5353,0.064543
DuelingDQN,large_grid,2,763,54842,-120.0,59,1,0.5348,0.06912
DuelingDQN,large_grid,2,764,54843,10.0,1,1,0.5348,0.00771
DuelingDQN,large_grid,2,765,54889,-71.0,46,1,0.5344,0.049436
DuelingDQN,large_grid,2,766,54931,-55.0,42,1,0.5341,0.037035
DuelingDQN,large_grid,2,767,54974,-64.0,43,1,0.5337,0.065493
DuelingDQN,large_grid,2,768,55036,-107.0,62,1,0.5332,0.077691
DuelingDQN,large_grid,2,769,55104,-93.0,68,1,0.5326,0.074096
DuelingDQN,large_grid,2,770,55173,-126.0,69,1,0.532,0.065419
DuelingDQN,large_grid,2,771,55231,-103.0,58,1,0.5315,0.068624
DuelingDQN,large_grid,2,772,55255,-37.0,24,1,0.5313,0.031436
DuelingDQN,large_grid,2,773,55306,-84.0,51,1,0.5309,0.042641
DuelingDQN,large_grid,2,774,55346,-69.0,40,1,0.5306,0.076975
DuelingDQN,large_grid,2,775,55352,-3.0,6,1,0.5305,0.054204
DuelingDQN,large_grid,2,776,55402,-79.0,50,1,0.5301,0.073005
DuelingDQN,large_grid,2,777,55439,-58.0,37,1,0.5298,0.055804
DuelingDQN,large_grid,2,778,55510,-128.0,71,1,0.5292,0.076259
DuelingDQN,large_grid,2,779,55516,5.0,6,1,0.5291,0.182627
DuelingDQN,large_grid,2,780,55540,-33.0,24,1,0.5289,0.110786
DuelingDQN,large_grid,2,781,55570,-23.0,30,1,0.5287,0.077735
DuelingDQN,large_grid,2,782,55572,9.0,2,1,0.5286,0.079078
DuelingDQN,large_grid,2,783,55616,-77.0,44,1,0.5283,0.079961
DuelingDQN,large_grid,2,784,55646,-43.0,30,1,0.528,0.053615
DuelingDQN,large_grid,2,785,55741,-188.0,95,1,0.5272,0.05644
DuelingDQN,large_grid,2,786,55759,-19.0,18,1,0.5271,0.074091
DuelingDQN,large_grid,2,787,55775,-9.0,16,1,0.5269,0.053032
DuelingDQN,large_grid,2,788,55830,-100.0,55,1,0.5265,0.055815
DuelingDQN,large_grid,2,789,55900,-107.0,70,1,0.5259,0.055228
DuelingDQN,large_grid,2,790,55930,-43.0,30,1,0.5256,0.044743
DuelingDQN,large_grid,2,791,55958,-37.0,28,1,0.5254,0.064358
DuelingDQN,large_grid,2,792,55973,-4.0,15,1,0.5252,0.016313
DuelingDQN,large_grid,2,793,56022,-74.0,49,1,0.5248,0.101922
DuelingDQN,large_grid,2,794,56031,-6.0,9,1,0.5247,0.102614
DuelingDQN,large_grid,2,795,56051,-25.0,20,1,0.5246,0.122972
DuelingDQN,large_grid,2,796,56063,-9.0,12,1,0.5245,0.082493
DuelingDQN,large_grid,2,797,56070,4.0,7,1,0.5244,0.061464
DuelingDQN,large_grid,2,798,56113,-56.0,43,1,0.5241,0.085567
DuelingDQN,large_grid,2,799,56161,-77.0,48,1,0.5236,0.07283
DuelingDQN,large_grid,2,800,56199,-55.0,38,1,0.5233,0.056166
DQN,large_grid,3,1,200,-596.0,200,0,0.9983,
DQN,large_grid,3,2,400,-464.0,200,0,0.9966,
DQN,large_grid,3,3,600,-468.0,200,0,0.9949,
DQN,large_grid,3,4,800,-588.0,200,0,0.9932,
DQN,large_grid,3,5,1000,-544.0,200,0,0.9915,1.938045
DQN,large_grid,3,6,1200,-560.0,200,0,0.9898,1.172971
DQN,large_grid,3,7,1400,-576.0,200,0,0.9881,0.681216
DQN,large_grid,3,8,1600,-568.0,200,0,0.9864,0.564151
DQN,large_grid,3,9,1800,-612.0,200,0,0.9847,0.490772
DQN,large_grid,3,10,2000,-600.0,200,0,0.983,0.413176
DQN,large_grid,3,11,2200,-472.0,200,0,0.9813,0.404856
DQN,large_grid,3,12,2400,-488.0,200,0,0.9796,0.350239
DQN,large_grid,3,13,2405,2.0,5,1,0.9796,0.328424
DQN,large_grid,3,14,2605,-596.0,200,0,0.9779,0.311694
DQN,large_grid,3,15,2805,-600.0,200,0,0.9762,0.264425
DQN,large_grid,3,16,3005,-412.0,200,0,0.9745,0.235197
DQN,large_grid,3,17,3160,-360.0,155,1,0.9732,0.219108
DQN,large_grid,3,18,3360,-540.0,200,0,0.9715,0.198514
DQN,large_grid,3,19,3463,-268.0,103,1,0.9706,0.180252
DQN,large_grid,3,20,3663,-484.0,200,0,0.9689,0.176147
DQN,large_grid,3,21,3863,-584.0,200,0,0.9672,0.133419
DQN,large_grid,3,22,4063,-516.0,200,0,0.9655,0.131292
DQN,large_grid,3,23,4263,-488.0,200,0,0.9638,0.101062
DQN,large_grid,3,24,4292,-58.0,29,1,0.9636,0.078718
DQN,large_grid,3,25,4443,-388.0,151,1,0.9623,0.099224
DQN,large_grid,3,26,4643,-532.0,200,0,0.9606,0.098603
DQN,large_grid,3,27,4652,-2.0,9,1,0.9605,0.101986
DQN,large_grid,3,28,4852,-580.0,200,0,0.9588,0.087323
DQN,large_grid,3,29,5052,-496.0,200,0,0.9571,0.089167
DQN,large_grid,3,30,5082,-31.0,30,1,0.9569,0.062037
DQN,large_grid,3,31,5282,-536.0,200,0,0.9552,0.072268
DQN,large_grid,3,32,5482,-540.0,200,0,0.9535,0.055535
DQN,large_grid,3,33,5540,-119.0,58,1,0.953,0.072291
DQN,large_grid,3,34,5740,-436.0,200,0,0.9513,0.057614
DQN,large_grid,3,35,5776,-105.0,36,1,0.951,0.053912
DQN,large_grid,3,36,5976,-576.0,200,0,0.9493,0.063875
DQN,large_grid,3,37,6176,-568.0,200,0,0.9476,0.057998
DQN,large_grid,3,38,6194,-39.0,18,1,0.9475,0.063469
DQN,large_grid,3,39,6300,-287.0,106,1,0.9466,0.078899
DQN,large_grid,3,40,6500,-580.0,200,0,0.9449,0.063521
DQN,large_grid,3,41,6700,-492.0,200,0,0.9432,0.081349
DQN,large_grid,3,42,6900,-576.0,200,0,0.9415,0.052723
DQN,large_grid,3,43,7100,-468.0,200,0,0.9398,0.052492
DQN,large_grid,3,44,7300,-568.0,200,0,0.9381,0.039231
DQN,large_grid,3,45,7500,-552.0,200,0,0.9364,0.03835
DQN,large_grid,3,46,7700,-468.0,200,0,0.9347,0.0578
DQN,large_grid,3,47,7900,-356.0,200,0,0.933,0.05577
DQN,large_grid,3,48,8100,-532.0,200,0,0.9313,0.05527
DQN,large_grid,3,49,8300,-456.0,200,0,0.9296,0.037717
DQN,large_grid,3,50,8412,-301.0,112,1,0.9286,0.055391
DQN,large_grid,3,51,8422,-7.0,10,1,0.9286,0.013837
DQN,large_grid,3,52,8622,-576.0,200,0,0.9269,0.047364
DQN,large_grid,3,53,8822,-596.0,200,0,0.9252,0.03526
DQN,large_grid,3,54,9022,-544.0,200,0,0.9235,0.054137
DQN,large_grid,3,55,9136,-315.0,114,1,0.9225,0.056413
DQN,large_grid,3,56,9336,-512.0,200,0,0.9208,0.041507
DQN,large_grid,3,57,9428,-229.0,92,1,0.92,0.040513
DQN,large_grid,3,58,9628,-496.0,200,0,0.9183,0.067983
DQN,large_grid,3,59,9828,-572.0,200,0,0.9166,0.048769
DQN,large_grid,3,60,9851,-28.0,23,1,0.9164,0.028182
DQN,large_grid,3,61,10051,-528.0,200,0,0.9147,0.065485
DQN,large_grid,3,62,10251,-564.0,200,0,0.913,0.05275
DQN,large_grid,3,63,10451,-476.0,200,0,0.9114,0.060434
DQN,large_grid,3,64,10651,-444.0,200,0,0.9097,0.053455
DQN,large_grid,3,65,10851,-528.0,200,0,0.908,0.048097
DQN,large_grid,3,66,11051,-508.0,200,0,0.9063,0.045385
DQN,large_grid,3,67,11097,-95.0,46,1,0.9059,0.048762
DQN,large_grid,3,68,11297,-536.0,200,0,0.9042,0.037398
DQN,large_grid,3,69,11470,-434.0,173,1,0.9027,0.053596
DQN,large_grid,3,70,11626,-421.0,156,1,0.9014,0.067455
DQN,large_grid,3,71,11826,-556.0,200,0,0.8997,0.038339
DQN,large_grid,3,72,11828,5.0,2,1,0.8997,0.245189
DQN,large_grid,3,73,12028,-544.0,200,0,0.898,0.062767
DQN,large_grid,3,74,12228,-448.0,200,0,0.8963,0.038364
DQN,large_grid,3,75,12318,-195.0,90,1,0.8955,0.026574
DQN,large_grid,3,76,12332,-3.0,14,1,0.8954,0.143666
DQN,large_grid,3,77,12532,-472.0,200,0,0.8937,0.068509
DQN,large_grid,3,78,12732,-540.0,200,0,0.892,0.065117
DQN,large_grid,3,79,12823,-244.0,91,1,0.8912,0.062955
DQN,large_grid,3,80,13023,-428.0,200,0,0.8895,0.081916
DQN,large_grid,3,81,13164,-398.0,141,1,0.8883,0.075721
DQN,large_grid,3,82,13259,-204.0,95,1,0.8875,0.069501
DQN,large_grid,3,83,13459,-544.0,200,0,0.8858,0.056273
DQN,large_grid,3,84,13496,-74.0,37,1,0.8855,0.097358
DQN,large_grid,3,85,13696,-532.0,200,0,0.8838,0.064446
DQN,large_grid,3,86,13896,-596.0,200,0,0.8821,0.049739
DQN,large_grid,3,87,14096,-476.0,200,0,0.8804,0.056898
DQN,large_grid,3,88,14199,-272.0,103,1,0.8796,0.059388
DQN,large_grid,3,89,14399,-528.0,200,0,0.8779,0.058401
DQN,large_grid,3,90,14599,-556.0,200,0,0.8762,0.081549
DQN,large_grid,3,91,14799,-600.0,200,0,0.8745,0.079718
DQN,large_grid,3,92,14999,-504.0,200,0,0.8728,0.070943
DQN,large_grid,3,93,15199,-404.0,200,0,0.8711,0.091212
DQN,large_grid,3,94,15329,-283.0,130,1,0.87,0.060863
DQN,large_grid,3,95,15529,-440.0,200,0,0.8683,0.066269
DQN,large_grid,3,96,15729,-552.0,200,0,0.8666,0.073685
DQN,large_grid,3,97,15929,-552.0,200,0,0.8649,0.082362
DQN,large_grid,3,98,16129,-548.0,200,0,0.8632,0.082009
DQN,large_grid,3,99,16156,-32.0,27,1,0.863,0.048913
DQN,large_grid,3,100,16356,-392.0,200,0,0.8613,0.085915
DQN,large_grid,3,101,16556,-512.0,200,0,0.8596,0.071107
DQN,large_grid,3,102,16756,-472.0,200,0,0.8579,0.06393
DQN,large_grid,3,103,16956,-420.0,200,0,0.8562,0.055341
DQN,large_grid,3,104,17156,-364.0,200,0,0.8545,0.075967
DQN,large_grid,3,105,17356,-348.0,200,0,0.8528,0.074812
DQN,large_grid,3,106,17373,-26.0,17,1,0.8526,0.041841
DQN,large_grid,3,107,17425,-85.0,52,1,0.8522,0.036383
DQN,large_grid,3,108,17625,-412.0,200,0,0.8505,0.055711
DQN,large_grid,3,109,17630,-2.0,5,1,0.8505,0.003813
DQN,large_grid,3,110,17750,-301.0,120,1,0.8494,0.056855
DQN,large_grid,3,111,17950,-432.0,200,0,0.8477,0.071839
DQN,large_grid,3,112,18150,-492.0,200,0,0.846,0.087582
DQN,large_grid,3,113,18350,-396.0,200,0,0.8444,0.063261
DQN,large_grid,3,114,18440,-191.0,90,1,0.8436,0.083618
DQN,large_grid,3,115,18640,-416.0,200,0,0.8419,0.095576
DQN,large_grid,3,116,18758,-247.0,118,1,0.8409,0.044692
DQN,large_grid,3,117,18958,-360.0,200,0,0.8392,0.092381
DQN,large_grid,3,118,19054,-241.0,96,1,0.8384,0.092386
DQN,large_grid,3,119,19254,-524.0,200,0,0.8367,0.080655
DQN,large_grid,3,120,19454,-532.0,200,0,0.835,0.081651
DQN,large_grid,3,121,19654,-428.0,200,0,0.8333,0.08237
DQN,large_grid,3,122,19854,-396.0,200,0,0.8316,0.080807
DQN,large_grid,3,123,20054,-412.0,200,0,0.8299,0.097391
DQN,large_grid,3,124,20254,-568.0,200,0,0.8282,0.097409
DQN,large_grid,3,125,20454,-436.0,200,0,0.8265,0.062674
DQN,large_grid,3,126,20654,-384.0,200,0,0.8248,0.087785
DQN,large_grid,3,127,20854,-400.0,200,0,0.8231,0.07498
DQN,large_grid,3,128,21017,-452.0,163,1,0.8217,0.113128
DQN,large_grid,3,129,21104,-188.0,87,1,0.821,0.069032
DQN,large_grid,3,130,21304,-437.0,200,1,0.8193,0.073684
DQN,large_grid,3,131,21346,-107.0,42,1,0.8189,0.094485
DQN,large_grid,3,132,21546,-456.0,200,0,0.8172,0.128167
DQN,large_grid,3,133,21746,-496.0,200,0,0.8155,0.110947
DQN,large_grid,3,134,21805,-144.0,59,1,0.815,0.038282
DQN,large_grid,3,135,22005,-552.0,200,0,0.8134,0.084668
DQN,large_grid,3,136,22205,-404.0,200,0,0.8117,0.078286
DQN,large_grid,3,137,22237,-53.0,32,1,0.8114,0.068831
DQN,large_grid,3,138,22437,-512.0,200,0,0.8097,0.086055
DQN,large_grid,3,139,22637,-540.0,200,0,0.808,0.100733
DQN,large_grid,3,140,22638,10.0,1,1,0.808,0.005663
DQN,large_grid,3,141,22838,-536.0,200,0,0.8063,0.077079
DQN,large_grid,3,142,23038,-536.0,200,0,0.8046,0.085688
DQN,large_grid,3,143,23061,-44.0,23,1,0.8044,0.040173
DQN,large_grid,3,144,23261,-528.0,200,0,0.8027,0.053082
DQN,large_grid,3,145,23461,-512.0,200,0,0.801,0.076272
DQN,large_grid,3,146,23560,-156.0,99,1,0.8002,0.113847
DQN,large_grid,3,147,23760,-332.0,200,0,0.7985,0.110823
DQN,large_grid,3,148,23793,-66.0,33,1,0.7982,0.091984
DQN,large_grid,3,149,23993,-540.0,200,0,0.7965,0.07668
DQN,large_grid,3,150,24193,-368.0,200,0,0.7948,0.121961
DQN,large_grid,3,151,24393,-532.0,200,0,0.7931,0.078615
DQN,large_grid,3,152,24449,-93.0,56,1,0.7926,0.137611
DQN,large_grid,3,153,24649,-340.0,200,0,0.7909,0.098503
DQN,large_grid,3,154,24849,-400.0,200,0,0.7892,0.061733
DQN,large_grid,3,155,25049,-368.0,200,0,0.7875,0.106391
DQN,large_grid,3,156,25249,-460.0,200,0,0.7858,0.123467
DQN,large_grid,3,157,25449,-468.0,200,0,0.7841,0.131451
DQN,large_grid,3,158,25649,-356.0,200,0,0.7824,0.080575
DQN,large_grid,3,159,25654,6.0,5,1,0.7824,0.141221
DQN,large_grid,3,160,25692,-75.0,38,1,0.7821,0.067044
DQN,large_grid,3,161,25713,-30.0,21,1,0.7819,0.110517
DQN,large_grid,3,162,25913,-428.0,200,0,0.7802,0.119828
DQN,large_grid,3,163,26113,-344.0,200,0,0.7785,0.089305
DQN,large_grid,3,164,26313,-364.0,200,0,0.7768,0.109718
DQN,large_grid,3,165,26513,-440.0,200,0,0.7751,0.115372
DQN,large_grid,3,166,26532,-28.0,19,1,0.775,0.045482
DQN,large_grid,3,167,26732,-372.0,200,0,0.7733,0.104104
DQN,large_grid,3,168,26932,-512.0,200,0,0.7716,0.094958
DQN,large_grid,3,169,27132,-528.0,200,0,0.7699,0.106911
DQN,large_grid,3,170,27332,-444.0,200,0,0.7682,0.114984
DQN,large_grid,3,171,27368,-65.0,36,1,0.7679,0.056631
DQN,large_grid,3,172,27568,-420.0,200,0,0.7662,0.161504
DQN,large_grid,3,173,27768,-444.0,200,0,0.7645,0.144456
DQN,large_grid,3,174,27968,-416.0,200,0,0.7628,0.078183
DQN,large_grid,3,175,28168,-444.0,200,0,0.7611,0.108547
DQN,large_grid,3,176,28368,-464.0,200,0,0.7594,0.081666
DQN,large_grid,3,177,28446,-175.0,78,1,0.7587,0.095043
DQN,large_grid,3,178,28449,8.0,3,1,0.7587,0.024054
DQN,large_grid,3,179,28561,-189.0,112,1,0.7577,0.099736
DQN,large_grid,3,180,28761,-392.0,200,0,0.756,0.119506
DQN,large_grid,3,181,28961,-384.0,200,0,0.7543,0.11789
DQN,large_grid,3,182,29161,-476.0,200,0,0.7527,0.128554
DQN,large_grid,3,183,29361,-416.0,200,0,0.751,0.129524
DQN,large_grid,3,184,29561,-484.0,200,0,0.7493,0.125291
DQN,large_grid,3,185,29761,-396.0,200,0,0.7476,0.110078
DQN,large_grid,3,186,29961,-448.0,200,0,0.7459,0.108342
DQN,large_grid,3,187,30161,-408.0,200,0,0.7442,0.129278
DQN,large_grid,3,188,30361,-452.0,200,0,0.7425,0.135102
DQN,large_grid,3,189,30561,-540.0,200,0,0.7408,0.153882
DQN,large_grid,3,190,30567,-3.0,6,1,0.7407,0.155816
DQN,large_grid,3,191,30767,-360.0,200,0,0.739,0.155872
DQN,large_grid,3,192,30967,-392.0,200,0,0.7373,0.117904
DQN,large_grid,3,193,31167,-336.0,200,0,0.7356,0.116596
DQN,large_grid,3,194,31367,-468.0,200,0,0.7339,0.123183
DQN,large_grid,3,195,31567,-468.0,200,0,0.7322,0.139765
DQN,large_grid,3,196,31767,-504.0,200,0,0.7305,0.185776
DQN,large_grid,3,197,31967,-392.0,200,0,0.7289,0.12284
DQN,large_grid,3,198,32165,-451.0,198,1,0.7272,0.158172
DQN,large_grid,3,199,32190,-26.0,25,1,0.727,0.113668
DQN,large_grid,3,200,32390,-356.0,200,0,0.7253,0.120986
DQN,large_grid,3,201,32421,-48.0,31,1,0.725,0.257217
DQN,large_grid,3,202,32621,-380.0,200,0,0.7233,0.191901
DQN,large_grid,3,203,32821,-464.0,200,0,0.7216,0.15871
DQN,large_grid,3,204,33021,-444.0,200,0,0.7199,0.150512
DQN,large_grid,3,205,33097,-177.0,76,1,0.7193,0.177366
DQN,large_grid,3,206,33158,-86.0,61,1,0.7187,0.126329
DQN,large_grid,3,207,33201,-68.0,43,1,0.7184,0.222837
DQN,large_grid,3,208,33401,-472.0,200,0,0.7167,0.15514
DQN,large_grid,3,209,33412,-4.0,11,1,0.7166,0.084103
DQN,large_grid,3,210,33612,-404.0,200,0,0.7149,0.169624
DQN,large_grid,3,211,33628,-13.0,16,1,0.7148,0.226714
DQN,large_grid,3,212,33828,-444.0,200,0,0.7131,0.190959
DQN,large_grid,3,213,34028,-392.0,200,0,0.7114,0.156099
DQN,large_grid,3,214,34228,-408.0,200,0,0.7097,0.171833
DQN,large_grid,3,215,34428,-396.0,200,0,0.708,0.164626
DQN,large_grid,3,216,34440,-9.0,12,1,0.7079,0.243973
DQN,large_grid,3,217,34567,-228.0,127,1,0.7068,0.211245
DQN,large_grid,3,218,34610,-60.0,43,1,0.7064,0.173493
DQN,large_grid,3,219,34751,-290.0,141,1,0.7052,0.185624
DQN,large_grid,3,220,34951,-384.0,200,0,0.7035,0.195695
DQN,large_grid,3,221,35151,-372.0,200,0,0.7018,0.20738
DQN,large_grid,3,222,35193,-59.0,42,1,0.7015,0.262241
DQN,large_grid,3,223,35393,-316.0,200,0,0.6998,0.201702
DQN,large_grid,3,224,35593,-396.0,200,0,0.6981,0.233674
DQN,large_grid,3,225,35793,-420.0,200,0,0.6964,0.244959
DQN,large_grid,3,226,35993,-456.0,200,0,0.6947,0.217981
DQN,large_grid,3,227,36072,-136.0,79,1,0.694,0.247644
DQN,large_grid,3,228,36272,-460.0,200,0,0.6923,0.241251
DQN,large_grid,3,229,36472,-448.0,200,0,0.6906,0.25807
DQN,large_grid,3,230,36579,-212.0,107,1,0.6897,0.251138
DQN,large_grid,3,231,36779,-340.0,200,0,0.688,0.219929
DQN,large_grid,3,232,36979,-488.0,200,0,0.6863,0.228452
DQN,large_grid,3,233,37179,-368.0,200,0,0.6846,0.279618
DQN,large_grid,3,234,37220,-74.0,41,1,0.6843,0.225871
DQN,large_grid,3,235,37420,-360.0,200,0,0.6826,0.226609
DQN,large_grid,3,236,37504,-153.0,84,1,0.6819,0.257871
DQN,large_grid,3,237,37659,-364.0,155,1,0.6806,0.30129
DQN,large_grid,3,238,37859,-508.0,200,0,0.6789,0.296844
DQN,large_grid,3,239,37874,-12.0,15,1,0.6787,0.258138
DQN,large_grid,3,240,37883,-2.0,9,1,0.6787,0.188046
DQN,large_grid,3,241,38083,-484.0,200,0,0.677,0.332492
DQN,large_grid,3,242,38198,-228.0,115,1,0.676,0.277708
DQN,large_grid,3,243,38398,-420.0,200,0,0.6743,0.312216
DQN,large_grid,3,244,38598,-432.0,200,0,0.6726,0.306809
DQN,large_grid,3,245,38798,-424.0,200,0,0.6709,0.308991
DQN,large_grid,3,246,38811,-22.0,13,1,0.6708,0.231569
DQN,large_grid,3,247,39011,-348.0,200,0,0.6691,0.307088
DQN,large_grid,3,248,39211,-492.0,200,0,0.6674,0.353462
DQN,large_grid,3,249,39411,-444.0,200,0,0.6657,0.319151
DQN,large_grid,3,250,39479,-121.0,68,1,0.6651,0.362073
DQN,large_grid,3,251,39518,-56.0,39,1,0.6648,0.318666
DQN,large_grid,3,252,39718,-504.0,200,0,0.6631,0.400184
DQN,large_grid,3,253,39918,-376.0,200,0,0.6614,0.319309
DQN,large_grid,3,254,40118,-429.0,200,1,0.6597,0.396166
DQN,large_grid,3,255,40151,-50.0,33,1,0.6594,0.400762
DQN,large_grid,3,256,40351,-408.0,200,0,0.6577,0.377604
DQN,large_grid,3,257,40363,-13.0,12,1,0.6576,0.475727
DQN,large_grid,3,258,40563,-376.0,200,0,0.6559,0.358215
DQN,large_grid,3,259,40581,-27.0,18,1,0.6558,0.319401
DQN,large_grid,3,260,40600,-24.0,19,1,0.6556,0.321234
DQN,large_grid,3,261,40800,-424.0,200,0,0.6539,0.405612
DQN,large_grid,3,262,41000,-468.0,200,0,0.6522,0.410586
DQN,large_grid,3,263,41017,-26.0,17,1,0.6521,0.438653
DQN,large_grid,3,264,41023,5.0,6,1,0.652,0.38437
DQN,large_grid,3,265,41223,-332.0,200,0,0.6503,0.413426
DQN,large_grid,3,266,41423,-420.0,200,0,0.6486,0.419651
DQN,large_grid,3,267,41430,-4.0,7,1,0.6486,0.337164
DQN,large_grid,3,268,41630,-480.0,200,0,0.6469,0.440545
DQN,large_grid,3,269,41633,4.0,3,1,0.6469,0.472956
DQN,large_grid,3,270,41833,-404.0,200,0,0.6452,0.448535
DQN,large_grid,3,271,41984,-312.0,151,1,0.6439,0.443908
DQN,large_grid,3,272,42184,-500.0,200,0,0.6422,0.47526
DQN,large_grid,3,273,42384,-468.0,200,0,0.6405,0.41492
DQN,large_grid,3,274,42387,8.0,3,1,0.6405,0.347033
DQN,large_grid,3,275,42423,-77.0,36,1,0.6402,0.405322
DQN,large_grid,3,276,42623,-412.0,200,0,0.6385,0.484335
DQN,large_grid,3,277,42823,-484.0,200,0,0.6368,0.473718
DQN,large_grid,3,278,43023,-336.0,200,0,0.6351,0.447108
DQN,large_grid,3,279,43223,-324.0,200,0,0.6334,0.479273
DQN,large_grid,3,280,43243,-25.0,20,1,0.6332,0.414199
DQN,large_grid,3,281,43443,-452.0,200,0,0.6315,0.44815
DQN,large_grid,3,282,43643,-376.0,200,0,0.6298,0.479409
DQN,large_grid,3,283,43682,-68.0,39,1,0.6295,0.538199
DQN,large_grid,3,284,43685,4.0,3,1,0.6295,0.593561
DQN,large_grid,3,285,43885,-356.0,200,0,0.6278,0.545192
DQN,large_grid,3,286,44085,-384.0,200,0,0.6261,0.538747
DQN,large_grid,3,287,44285,-440.0,200,0,0.6244,0.453032
DQN,large_grid,3,288,44485,-428.0,200,0,0.6227,0.487844
DQN,large_grid,3,289,44529,-77.0,44,1,0.6223,0.56007
DQN,large_grid,3,290,44580,-84.0,51,1,0.6219,0.531572
DQN,large_grid,3,291,44780,-404.0,200,0,0.6202,0.481083
DQN,large_grid,3,292,44869,-142.0,89,1,0.6194,0.445973
DQN,large_grid,3,293,45069,-376.0,200,0,0.6177,0.465857
DQN,large_grid,3,294,45227,-311.0,158,1,0.6164,0.511727
DQN,large_grid,3,295,45308,-174.0,81,1,0.6157,0.476992
DQN,large_grid,3,296,45499,-304.0,191,1,0.6141,0.486712
DQN,large_grid,3,297,45699,-440.0,200,0,0.6124,0.501581
DQN,large_grid,3,298,45899,-320.0,200,0,0.6107,0.475455
DQN,large_grid,3,299,46063,-265.0,164,1,0.6093,0.497998
DQN,large_grid,3,300,46263,-364.0,200,0,0.6076,0.518713
DQN,large_grid,3,301,46264,10.0,1,1,0.6076,0.340088
DQN,large_grid,3,302,46464,-424.0,200,0,0.6059,0.493763
DQN,large_grid,3,303,46467,8.0,3,1,0.6059,0.208619
DQN,large_grid,3,304,46502,-52.0,35,1,0.6056,0.479701
DQN,large_grid,3,305,46578,-161.0,76,1,0.6049,0.505481
DQN,large_grid,3,306,46778,-344.0,200,0,0.6032,0.512865
DQN,large_grid,3,307,46794,-21.0,16,1,0.6031,0.457045
DQN,large_grid,3,308,46994,-464.0,200,0,0.6014,0.506452
DQN,large_grid,3,309,47027,-50.0,33,1,0.6011,0.504068
DQN,large_grid,3,310,47031,7.0,4,1,0.6011,0.376729
DQN,large_grid,3,311,47231,-320.0,200,0,0.5994,0.536574
DQN,large_grid,3,312,47247,-13.0,16,1,0.5992,0.536596
DQN,large_grid,3,313,47279,-57.0,32,1,0.599,0.520406
DQN,large_grid,3,314,47479,-356.0,200,0,0.5973,0.490458
DQN,large_grid,3,315,47679,-360.0,200,0,0.5956,0.568117
DQN,large_grid,3,316,47813,-227.0,134,1,0.5944,0.537141
DQN,large_grid,3,317,47819,1.0,6,1,0.5944,0.558217
DQN,large_grid,3,318,48019,-360.0,200,0,0.5927,0.518016
DQN,large_grid,3,319,48219,-468.0,200,0,0.591,0.516089
DQN,large_grid,3,320,48283,-105.0,64,1,0.5905,0.495104
DQN,large_grid,3,321,48483,-452.0,200,0,0.5888,0.498159
DQN,large_grid,3,322,48683,-360.0,200,0,0.5871,0.529291
DQN,large_grid,3,323,48719,-73.0,36,1,0.5868,0.482327
DQN,large_grid,3,324,48783,-105.0,64,1,0.5862,0.63098
DQN,large_grid,3,325,48983,-380.0,200,0,0.5845,0.487249
DQN,large_grid,3,326,49183,-352.0,200,0,0.5828,0.512662
DQN,large_grid,3,327,49226,-56.0,43,1,0.5825,0.552688
DQN,large_grid,3,328,49253,-32.0,27,1,0.5822,0.508677
DQN,large_grid,3,329,49286,-62.0,33,1,0.5819,0.46087
DQN,large_grid,3,330,49328,-71.0,42,1,0.5816,0.547983
DQN,large_grid,3,331,49528,-408.0,200,0,0.5799,0.500945
DQN,large_grid,3,332,49728,-288.0,200,0,0.5782,0.510959
DQN,large_grid,3,333,49928,-440.0,200,0,0.5765,0.496333
DQN,large_grid,3,334,50128,-436.0,200,0,0.5748,0.527003
DQN,large_grid,3,335,50328,-432.0,200,0,0.5731,0.54924
DQN,large_grid,3,336,50528,-332.0,200,0,0.5714,0.527162
DQN,large_grid,3,337,50557,-42.0,29,1,0.5712,0.576272
DQN,large_grid,3,338,50589,-57.0,32,1,0.5709,0.603591
DQN,large_grid,3,339,50616,-44.0,27,1,0.5707,0.561841
DQN,large_grid,3,340,50673,-102.0,57,1,0.5702,0.718158
DQN,large_grid,3,341,50873,-400.0,200,0,0.5685,0.539528
DQN,large_grid,3,342,51073,-460.0,200,0,0.5668,0.55663
DQN,large_grid,3,343,51273,-316.0,200,0,0.5651,0.547292
DQN,large_grid,3,344,51276,4.0,3,1,0.5651,0.677119
DQN,large_grid,3,345,51281,6.0,5,1,0.565,0.472618
DQN,large_grid,3,346,51481,-332.0,200,0,0.5633,0.52891
DQN,large_grid,3,347,51681,-308.0,200,0,0.5616,0.568805
DQN,large_grid,3,348,51881,-288.0,200,0,0.5599,0.562174
DQN,large_grid,3,349,52058,-330.0,177,1,0.5584,0.557398
DQN,large_grid,3,350,52067,2.0,9,1,0.5584,0.524619
DQN,large_grid,3,351,52128,-126.0,61,1,0.5578,0.552318
DQN,large_grid,3,352,52328,-408.0,200,0,0.5561,0.579947
DQN,large_grid,3,353,52356,-41.0,28,1,0.5559,0.508389
DQN,large_grid,3,354,52458,-179.0,102,1,0.555,0.535074
DQN,large_grid,3,355,52530,-125.0,72,1,0.5544,0.552335
DQN,large_grid,3,356,52569,-68.0,39,1,0.5541,0.656342
DQN,large_grid,3,357,52769,-472.0,200,0,0.5524,0.56045
DQN,large_grid,3,358,52777,-5.0,8,1,0.5523,0.663192
DQN,large_grid,3,359,52977,-416.0,200,0,0.5506,0.503714
DQN,large_grid,3,360,53000,-20.0,23,1,0.5504,0.510893
DQN,large_grid,3,361,53200,-416.0,200,0,0.5488,0.558609
DQN,large_grid,3,362,53225,-30.0,25,1,0.5485,0.648511
DQN,large_grid,3,363,53237,-1.0,12,1,0.5484,0.489675
DQN,large_grid,3,364,53437,-300.0,200,0,0.5467,0.529245
DQN,large_grid,3,365,53637,-312.0,200,0,0.545,0.571415
DQN,large_grid,3,366,53837,-356.0,200,0,0.5433,0.563033
DQN,large_grid,3,367,54037,-416.0,200,0,0.5417,0.536996
DQN,large_grid,3,368,54050,-6.0,13,1,0.5415,0.496931
DQN,large_grid,3,369,54250,-380.0,200,0,0.5398,0.547712
DQN,large_grid,3,370,54302,-89.0,52,1,0.5394,0.531942
DQN,large_grid,3,371,54401,-176.0,99,1,0.5386,0.566345
DQN,large_grid,3,372,54504,-192.0,103,1,0.5377,0.563956
DQN,large_grid,3,373,54529,-30.0,25,1,0.5375,0.548771
DQN,large_grid,3,374,54729,-440.0,200,0,0.5358,0.536535
DQN,large_grid,3,375,54929,-416.0,200,0,0.5341,0.507799
DQN,large_grid,3,376,55129,-372.0,200,0,0.5324,0.578569
DQN,large_grid,3,377,55329,-436.0,200,0,0.5307,0.587464
DQN,large_grid,3,378,55380,-72.0,51,1,0.5303,0.635099
DQN,large_grid,3,379,55440,-77.0,60,1,0.5297,0.502144
DQN,large_grid,3,380,55480,-49.0,40,1,0.5294,0.550446
DQN,large_grid,3,381,55680,-416.0,200,0,0.5277,0.606379
DQN,large_grid,3,382,55880,-412.0,200,0,0.526,0.565272
DQN,large_grid,3,383,56070,-347.0,190,1,0.5244,0.539242
DQN,large_grid,3,384,56075,2.0,5,1,0.5244,0.530115
DQN,large_grid,3,385,56142,-108.0,67,1,0.5238,0.523628
DQN,large_grid,3,386,56161,-12.0,19,1,0.5236,0.613283
DQN,large_grid,3,387,56220,-112.0,59,1,0.5231,0.538062
DQN,large_grid,3,388,56420,-436.0,200,0,0.5214,0.5413
DQN,large_grid,3,389,56452,-49.0,32,1,0.5212,0.556891
DQN,large_grid,3,390,56456,7.0,4,1,0.5211,0.721725
DQN,large_grid,3,391,56656,-304.0,200,0,0.5194,0.525853
DQN,large_grid,3,392,56706,-63.0,50,1,0.519,0.539806
DQN,large_grid,3,393,56716,-7.0,10,1,0.5189,0.695269
DQN,large_grid,3,394,56718,9.0,2,1,0.5189,0.544593
DQN,large_grid,3,395,56871,-306.0,153,1,0.5176,0.502825
DQN,large_grid,3,396,57071,-308.0,200,0,0.5159,0.511759
DQN,large_grid,3,397,57271,-356.0,200,0,0.5142,0.481529
DQN,large_grid,3,398,57471,-352.0,200,0,0.5125,0.461387
DQN,large_grid,3,399,57671,-412.0,200,0,0.5108,0.529586
DQN,large_grid,3,400,57759,-169.0,88,1,0.5101,0.532358
DQN,large_grid,3,401,57959,-416.0,200,0,0.5084,0.474585
DQN,large_grid,3,402,57985,-31.0,26,1,0.5082,0.527774
DQN,large_grid,3,403,58185,-336.0,200,0,0.5065,0.556691
DQN,large_grid,3,404,58385,-448.0,200,0,0.5048,0.535786
DQN,large_grid,3,405,58585,-360.0,200,0,0.5031,0.534726
DQN,large_grid,3,406,58785,-420.0,200,0,0.5014,0.502671
DQN,large_grid,3,407,58985,-400.0,200,0,0.4997,0.514017
DQN,large_grid,3,408,59185,-464.0,200,0,0.498,0.535161
DQN,large_grid,3,409,59368,-348.0,183,1,0.4964,0.515919
DQN,large_grid,3,410,59419,-92.0,51,1,0.496,0.509749
DQN,large_grid,3,411,59491,-125.0,72,1,0.4954,0.546801
DQN,large_grid,3,412,59601,-171.0,110,1,0.4945,0.599865
DQN,large_grid,3,413,59611,-7.0,10,1,0.4944,0.6269
DQN,large_grid,3,414,59811,-376.0,200,0,0.4927,0.558115
DQN,large_grid,3,415,60011,-348.0,200,0,0.491,0.499522
DQN,large_grid,3,416,60042,-40.0,31,1,0.4907,0.4144
DQN,large_grid,3,417,60242,-336.0,200,0,0.489,0.538229
DQN,large_grid,3,418,60278,-57.0,36,1,0.4887,0.524756
DQN,large_grid,3,419,60478,-384.0,200,0,0.487,0.48725
DQN,large_grid,3,420,60564,-123.0,86,1,0.4863,0.586103
DQN,large_grid,3,421,60653,-166.0,89,1,0.4855,0.5903
DQN,large_grid,3,422,60853,-336.0,200,0,0.4838,0.515148
DQN,large_grid,3,423,61053,-340.0,200,0,0.4821,0.591537
DQN,large_grid,3,424,61081,-21.0,28,1,0.4819,0.532407
DQN,large_grid,3,425,61099,-15.0,18,1,0.4817,0.447548
DQN,large_grid,3,426,61121,-27.0,22,1,0.4816,0.510909
DQN,large_grid,3,427,61321,-336.0,200,0,0.4799,0.564433
DQN,large_grid,3,428,61521,-372.0,200,0,0.4782,0.522853
DQN,large_grid,3,429,61561,-49.0,40,1,0.4778,0.519569
DQN,large_grid,3,430,61761,-288.0,200,0,0.4761,0.558373
DQN,large_grid,3,431,61807,-63.0,46,1,0.4757,0.591384
DQN,large_grid,3,432,62007,-288.0,200,0,0.474,0.532866
DQN,large_grid,3,433,62207,-344.0,200,0,0.4724,0.545595
DQN,large_grid,3,434,62224,-14.0,17,1,0.4722,0.447915
DQN,large_grid,3,435,62421,-386.0,197,1,0.4705,0.520825
DQN,large_grid,3,436,62621,-356.0,200,0,0.4688,0.551023
DQN,large_grid,3,437,62634,-10.0,13,1,0.4687,0.653372
DQN,large_grid,3,438,62834,-428.0,200,0,0.467,0.544503
DQN,large_grid,3,439,63034,-276.0,200,0,0.4653,0.516118
DQN,large_grid,3,440,63050,-25.0,16,1,0.4652,0.777223
DQN,large_grid,3,441,63095,-66.0,45,1,0.4648,0.524367
DQN,large_grid,3,442,63100,-2.0,5,1,0.4648,0.515855
DQN,large_grid,3,443,63300,-308.0,200,0,0.4631,0.55247
DQN,large_grid,3,444,63500,-276.0,200,0,0.4614,0.542113
DQN,large_grid,3,445,63536,-37.0,36,1,0.4611,0.526806
DQN,large_grid,3,446,63547,0.0,11,1,0.461,0.463234
DQN,large_grid,3,447,63583,-61.0,36,1,0.4607,0.51335
DQN,large_grid,3,448,63588,6.0,5,1,0.4606,0.806586
DQN,large_grid,3,449,63770,-311.0,182,1,0.4591,0.535111
DQN,large_grid,3,450,63946,-285.0,176,1,0.4576,0.537374
DQN,large_grid,3,451,63972,-35.0,26,1,0.4574,0.46758
DQN,large_grid,3,452,64172,-392.0,200,0,0.4557,0.524274
DQN,large_grid,3,453,64177,2.0,5,1,0.4556,0.716602
DQN,large_grid,3,454,64223,-51.0,46,1,0.4553,0.570207
DQN,large_grid,3,455,64384,-250.0,161,1,0.4539,0.526737
DQN,large_grid,3,456,64444,-93.0,60,1,0.4534,0.547681
DQN,large_grid,3,457,64504,-97.0,60,1,0.4529,0.544305
DQN,large_grid,3,458,64598,-159.0,94,1,0.4521,0.531531
DQN,large_grid,3,459,64611,-10.0,13,1,0.452,0.595064
DQN,large_grid,3,460,64659,-77.0,48,1,0.4516,0.587198
DQN,large_grid,3,461,64778,-216.0,119,1,0.4505,0.556406
DQN,large_grid,3,462,64978,-332.0,200,0,0.4488,0.522586
DQN,large_grid,3,463,65178,-348.0,200,0,0.4472,0.554083
DQN,large_grid,3,464,65209,-40.0,31,1,0.4469,0.551827
DQN,large_grid,3,465,65409,-344.0,200,0,0.4452,0.560548
DQN,large_grid,3,466,65609,-284.0,200,0,0.4435,0.617838
DQN,large_grid,3,467,65809,-368.0,200,0,0.4418,0.598503
DQN,large_grid,3,468,65977,-305.0,168,1,0.4404,0.555868
DQN,large_grid,3,469,66016,-64.0,39,1,0.44,0.57468
DQN,large_grid,3,470,66216,-264.0,200,0,0.4383,0.596579
DQN,large_grid,3,471,66416,-416.0,200,0,0.4367,0.562382
DQN,large_grid,3,472,66420,7.0,4,1,0.4366,0.650166
DQN,large_grid,3,473,66427,0.0,7,1,0.4366,0.403525
DQN,large_grid,3,474,66449,-19.0,22,1,0.4364,0.492812
DQN,large_grid,3,475,66486,-54.0,37,1,0.4361,0.502951
DQN,large_grid,3,476,66501,-12.0,15,1,0.4359,0.512286
DQN,large_grid,3,477,66701,-388.0,200,0,0.4342,0.53365
DQN,large_grid,3,478,66901,-352.0,200,0,0.4325,0.588008
DQN,large_grid,3,479,67101,-372.0,200,0,0.4308,0.572372
DQN,large_grid,3,480,67102,10.0,1,1,0.4308,1.000918
DQN,large_grid,3,481,67302,-320.0,200,0,0.4291,0.611045
DQN,large_grid,3,482,67317,-4.0,15,1,0.429,0.526603
DQN,large_grid,3,483,67340,-20.0,23,1,0.4288,0.577099
DQN,large_grid,3,484,67540,-360.0,200,0,0.4271,0.583558
DQN,large_grid,3,485,67732,-325.0,192,1,0.4255,0.555981
DQN,large_grid,3,486,67750,-11.0,18,1,0.4253,0.613106
DQN,large_grid,3,487,67797,-68.0,47,1,0.4249,0.57015
DQN,large_grid,3,488,67837,-57.0,40,1,0.4246,0.643675
DQN,large_grid,3,489,67855,-19.0,18,1,0.4244,0.535861
DQN,large_grid,3,490,67868,-18.0,13,1,0.4243,0.642572
DQN,large_grid,3,491,68068,-396.0,200,0,0.4226,0.559659
DQN,large_grid,3,492,68113,-70.0,45,1,0.4223,0.564952
DQN,large_grid,3,493,68222,-170.0,109,1,0.4213,0.556874
DQN,large_grid,3,494,68289,-84.0,67,1,0.4208,0.50114
DQN,large_grid,3,495,68489,-404.0,200,0,0.4191,0.529386
DQN,large_grid,3,496,68491,9.0,2,1,0.419,0.385789
DQN,large_grid,3,497,68530,-48.0,39,1,0.4187,0.653917
DQN,large_grid,3,498,68582,-85.0,52,1,0.4183,0.561631
DQN,large_grid,3,499,68603,-26.0,21,1,0.4181,0.636444
DQN,large_grid,3,500,68629,-15.0,26,1,0.4179,0.595775
DQN,large_grid,3,501,68637,-5.0,8,1,0.4178,0.652068
DQN,large_grid,3,502,68684,-64.0,47,1,0.4174,0.578034
DQN,large_grid,3,503,68884,-364.0,200,0,0.4157,0.605509
DQN,large_grid,3,504,68888,7.0,4,1,0.4157,0.888041
DQN,large_grid,3,505,68913,-34.0,25,1,0.4155,0.61357
DQN,large_grid,3,506,68925,-9.0,12,1,0.4154,0.586744
DQN,large_grid,3,507,68968,-72.0,43,1,0.415,0.606679
DQN,large_grid,3,508,69168,-340.0,200,0,0.4133,0.538921
DQN,large_grid,3,509,69191,-24.0,23,1,0.4131,0.647261
DQN,large_grid,3,510,69391,-392.0,200,0,0.4114,0.561762
DQN,large_grid,3,511,69481,-143.0,90,1,0.4107,0.518209
DQN,large_grid,3,512,69502,-22.0,21,1,0.4105,0.677115
DQN,large_grid,3,513,69523,-18.0,21,1,0.4103,0.677439
DQN,large_grid,3,514,69723,-392.0,200,0,0.4086,0.615551
DQN,large_grid,3,515,69823,-149.0,100,1,0.4078,0.574931
DQN,large_grid,3,516,70023,-332.0,200,0,0.4061,0.604697
DQN,large_grid,3,517,70223,-296.0,200,0,0.4044,0.614031
DQN,large_grid,3,518,70423,-356.0,200,0,0.4027,0.541663
DQN,large_grid,3,519,70623,-388.0,200,0,0.401,0.592714
DQN,large_grid,3,520,70640,-6.0,17,1,0.4008,0.553739
DQN,large_grid,3,521,70840,-368.0,200,0,0.3991,0.569528
DQN,large_grid,3,522,70885,-46.0,45,1,0.3987,0.640231
DQN,large_grid,3,523,70945,-85.0,60,1,0.3982,0.542206
DQN,large_grid,3,524,71014,-126.0,69,1,0.3976,0.612109
DQN,large_grid,3,525,71058,-45.0,44,1,0.3973,0.655363
DQN,large_grid,3,526,71258,-312.0,200,0,0.3956,0.594102
DQN,large_grid,3,527,71290,-37.0,32,1,0.3953,0.518495
DQN,large_grid,3,528,71490,-396.0,200,0,0.3936,0.515595
DQN,large_grid,3,529,71524,-39.0,34,1,0.3933,0.635712
DQN,large_grid,3,530,71724,-340.0,200,0,0.3916,0.618017
DQN,large_grid,3,531,71733,-2.0,9,1,0.3916,0.677125
DQN,large_grid,3,532,71755,-23.0,22,1,0.3914,0.613594
DQN,large_grid,3,533,71809,-75.0,54,1,0.3909,0.607188
DQN,large_grid,3,534,71830,-30.0,21,1,0.3907,0.667705
DQN,large_grid,3,535,72030,-356.0,200,0,0.389,0.624605
DQN,large_grid,3,536,72107,-102.0,77,1,0.3884,0.550736
DQN,large_grid,3,537,72139,-29.0,32,1,0.3881,0.594053
DQN,large_grid,3,538,72163,-17.0,24,1,0.3879,0.73299
DQN,large_grid,3,539,72215,-69.0,52,1,0.3875,0.625122
DQN,large_grid,3,540,72267,-73.0,52,1,0.387,0.534963
DQN,large_grid,3,541,72467,-324.0,200,0,0.3853,0.593284
DQN,large_grid,3,542,72535,-105.0,68,1,0.3847,0.600148
DQN,large_grid,3,543,72552,-14.0,17,1,0.3846,0.750022
DQN,large_grid,3,544,72603,-64.0,51,1,0.3842,0.563671
DQN,large_grid,3,545,72657,-91.0,54,1,0.3837,0.56669
DQN,large_grid,3,546,72692,-64.0,35,1,0.3834,0.527913
DQN,large_grid,3,547,72892,-324.0,200,0,0.3817,0.560422
DQN,large_grid,3,548,72898,5.0,6,1,0.3817,0.899846
DQN,large_grid,3,549,72926,-33.0,28,1,0.3814,0.632414
DQN,large_grid,3,550,72967,-62.0,41,1,0.3811,0.55309
DQN,large_grid,3,551,73167,-348.0,200,0,0.3794,0.565074
DQN,large_grid,3,552,73231,-81.0,64,1,0.3788,0.552511
DQN,large_grid,3,553,73264,-50.0,33,1,0.3786,0.701281
DQN,large_grid,3,554,73370,-171.0,106,1,0.3777,0.579433
DQN,large_grid,3,555,73391,-22.0,21,1,0.3775,0.517444
DQN,large_grid,3,556,73403,-5.0,12,1,0.3774,0.565647
DQN,large_grid,3,557,73603,-372.0,200,0,0.3757,0.630933
DQN,large_grid,3,558,73625,-15.0,22,1,0.3755,0.600001
DQN,large_grid,3,559,73644,-8.0,19,1,0.3753,0.682163
DQN,large_grid,3,560,73677,-46.0,33,1,0.3751,0.593902
DQN,large_grid,3,561,73722,-42.0,45,1,0.3747,0.578057
DQN,large_grid,3,562,73877,-232.0,155,1,0.3734,0.60377
DQN,large_grid,3,563,73889,-5.0,12,1,0.3733,0.613873
DQN,large_grid,3,564,73891,9.0,2,1,0.3732,0.310343
DQN,large_grid,3,565,73941,-67.0,50,1,0.3728,0.591156
DQN,large_grid,3,566,73958,-26.0,17,1,0.3727,0.589071
DQN,large_grid,3,567,73976,-11.0,18,1,0.3725,0.616163
DQN,large_grid,3,568,73996,-13.0,20,1,0.3724,0.583904
DQN,large_grid,3,569,74018,-23.0,22,1,0.3722,0.75797
DQN,large_grid,3,570,74048,-27.0,30,1,0.3719,0.679348
DQN,large_grid,3,571,74060,-9.0,12,1,0.3718,0.856212
DQN,large_grid,3,572,74071,0.0,11,1,0.3717,0.537245
DQN,large_grid,3,573,74128,-94.0,57,1,0.3712,0.696138
DQN,large_grid,3,574,74166,-55.0,38,1,0.3709,0.623113
DQN,large_grid,3,575,74191,-22.0,25,1,0.3707,0.646817
DQN,large_grid,3,576,74208,-14.0,17,1,0.3706,0.631637
DQN,large_grid,3,577,74211,8.0,3,1,0.3705,0.490992
DQN,large_grid,3,578,74220,2.0,9,1,0.3705,0.585958
DQN,large_grid,3,579,74234,-11.0,14,1,0.3703,0.694241
DQN,large_grid,3,580,74246,-1.0,12,1,0.3702,0.659754
DQN,large_grid,3,581,74303,-86.0,57,1,0.3698,0.632872
DQN,large_grid,3,582,74323,-21.0,20,1,0.3696,0.655909
DQN,large_grid,3,583,74353,-35.0,30,1,0.3693,0.659344
DQN,large_grid,3,584,74380,-28.0,27,1,0.3691,0.70434
DQN,large_grid,3,585,74411,-28.0,31,1,0.3688,0.653574
DQN,large_grid,3,586,74455,-45.0,44,1,0.3685,0.667869
DQN,large_grid,3,587,74559,-137.0,104,1,0.3676,0.657378
DQN,large_grid,3,588,74575,-13.0,16,1,0.3674,0.74506
DQN,large_grid,3,589,74668,-114.0,93,1,0.3667,0.624638
DQN,large_grid,3,590,74684,-17.0,16,1,0.3665,0.537531
DQN,large_grid,3,591,74758,-107.0,74,1,0.3659,0.615451
DQN,large_grid,3,592,74763,2.0,5,1,0.3658,0.835281
DQN,large_grid,3,593,74791,-29.0,28,1,0.3656,0.631577
DQN,large_grid,3,594,74803,-5.0,12,1,0.3655,0.63476
DQN,large_grid,3,595,74821,-11.0,18,1,0.3654,0.541329
DQN,large_grid,3,596,74852,-28.0,31,1,0.3651,0.492757
DQN,large_grid,3,597,74885,-50.0,33,1,0.3648,0.554713
DQN,large_grid,3,598,74919,-59.0,34,1,0.3645,0.631201
DQN,large_grid,3,599,74949,-43.0,30,1,0.3643,0.55706
DQN,large_grid,3,600,74973,-17.0,24,1,0.3641,0.662405
DQN,large_grid,3,601,75173,-352.0,200,0,0.3624,0.688713
DQN,large_grid,3,602,75224,-80.0,51,1,0.3619,0.734126
DQN,large_grid,3,603,75239,-8.0,15,1,0.3618,0.653014
DQN,large_grid,3,604,75394,-220.0,155,1,0.3605,0.637742
DQN,large_grid,3,605,75409,-8.0,15,1,0.3604,0.640869
DQN,large_grid,3,606,75469,-93.0,60,1,0.3599,0.610627
DQN,large_grid,3,607,75546,-162.0,77,1,0.3592,0.643886
DQN,large_grid,3,608,75746,-296.0,200,0,0.3575,0.701746
DQN,large_grid,3,609,75783,-42.0,37,1,0.3572,0.750125
DQN,large_grid,3,610,75812,-38.0,29,1,0.357,0.594366
DQN,large_grid,3,611,76012,-312.0,200,0,0.3553,0.641548
DQN,large_grid,3,612,76095,-144.0,83,1,0.3546,0.809516
DQN,large_grid,3,613,76295,-216.0,200,0,0.3529,0.705395
DQN,large_grid,3,614,76320,-38.0,25,1,0.3526,0.63431
DQN,large_grid,3,615,76343,-28.0,23,1,0.3524,0.736195
DQN,large_grid,3,616,76379,-49.0,36,1,0.3521,0.689332
DQN,large_grid,3,617,76392,-10.0,13,1,0.352,0.835283
DQN,large_grid,3,618,76526,-167.0,134,1,0.3509,0.712458
DQN,large_grid,3,619,76549,-24.0,23,1,0.3507,0.853338
DQN,large_grid,3,620,76570,-26.0,21,1,0.3505,0.798293
DQN,large_grid,3,621,76770,-292.0,200,0,0.3488,0.764857
DQN,large_grid,3,622,76802,-45.0,32,1,0.3486,0.786239
DQN,large_grid,3,623,76825,-20.0,23,1,0.3484,0.641531
DQN,large_grid,3,624,76838,-14.0,13,1,0.3482,0.622577
DQN,large_grid,3,625,76852,-7.0,14,1,0.3481,0.701844
DQN,large_grid,3,626,76872,-25.0,20,1,0.348,0.78793
DQN,large_grid,3,627,77072,-328.0,200,0,0.3463,0.726849
DQN,large_grid,3,628,77097,-22.0,25,1,0.3461,0.705197
DQN,large_grid,3,629,77120,-20.0,23,1,0.3459,0.730772
DQN,large_grid,3,630,77141,-10.0,21,1,0.3457,0.682086
DQN,large_grid,3,631,77148,4.0,7,1,0.3456,0.705532
DQN,large_grid,3,632,77177,-42.0,29,1,0.3454,0.649325
DQN,large_grid,3,633,77184,0.0,7,1,0.3453,0.695796
DQN,large_grid,3,634,77205,-22.0,21,1,0.3451,0.609831
DQN,large_grid,3,635,77226,-10.0,21,1,0.345,0.601897
DQN,large_grid,3,636,77245,-12.0,19,1,0.3448,0.734127
DQN,large_grid,3,637,77257,-17.0,12,1,0.3447,0.662579
DQN,large_grid,3,638,77298,-50.0,41,1,0.3443,0.637653
DQN,large_grid,3,639,77498,-304.0,200,0,0.3427,0.676827
DQN,large_grid,3,640,77522,-29.0,24,1,0.3424,0.790822
DQN,large_grid,3,641,77722,-264.0,200,0,0.3408,0.677413
DQN,large_grid,3,642,77878,-237.0,156,1,0.3394,0.709732
DQN,large_grid,3,643,77907,-46.0,29,1,0.3392,0.665773
DQN,large_grid,3,644,77938,-48.0,31,1,0.3389,0.739794
DQN,large_grid,3,645,77985,-80.0,47,1,0.3385,0.620682
DQN,large_grid,3,646,78133,-221.0,148,1,0.3373,0.774483
DQN,large_grid,3,647,78311,-235.0,178,1,0.3358,0.683215
DQN,large_grid,3,648,78312,10.0,1,1,0.3357,0.690494
DQN,large_grid,3,649,78355,-52.0,43,1,0.3354,0.645614
DQN,large_grid,3,650,78382,-40.0,27,1,0.3352,0.789573
DQN,large_grid,3,651,78417,-36.0,35,1,0.3349,0.718798
DQN,large_grid,3,652,78539,-147.0,122,1,0.3338,0.775329
DQN,large_grid,3,653,78713,-279.0,174,1,0.3323,0.807303
DQN,large_grid,3,654,78791,-95.0,78,1,0.3317,0.672776
DQN,large_grid,3,655,78794,8.0,3,1,0.3317,0.927374
DQN,large_grid,3,656,78944,-231.0,150,1,0.3304,0.74181
DQN,large_grid,3,657,79033,-146.0,89,1,0.3296,0.722172
DQN,large_grid,3,658,79233,-252.0,200,0,0.3279,0.766478
DQN,large_grid,3,659,79255,-27.0,22,1,0.3277,0.757837
DQN,large_grid,3,660,79281,-31.0,26,1,0.3275,0.736846
DQN,large_grid,3,661,79307,-19.0,26,1,0.3273,0.727252
DQN,large_grid,3,662,79321,-23.0,14,1,0.3272,0.674583
DQN,large_grid,3,663,79465,-217.0,144,1,0.326,0.701121
DQN,large_grid,3,664,79665,-316.0,200,0,0.3243,0.803077
DQN,large_grid,3,665,79865,-344.0,200,0,0.3226,0.681998
DQN,large_grid,3,666,79907,-43.0,42,1,0.3222,0.689672
DQN,large_grid,3,667,80107,-320.0,200,0,0.3205,0.731603
DQN,large_grid,3,668,80199,-129.0,92,1,0.3197,0.747247
DQN,large_grid,3,669,80399,-240.0,200,0,0.318,0.673036
DQN,large_grid,3,670,80566,-228.0,167,1,0.3166,0.68404
DQN,large_grid,3,671,80599,-62.0,33,1,0.3163,0.657722
DQN,large_grid,3,672,80687,-161.0,88,1,0.3156,0.719317
DQN,large_grid,3,673,80713,-35.0,26,1,0.3154,0.797267
DQN,large_grid,3,674,80779,-99.0,66,1,0.3148,0.812059
DQN,large_grid,3,675,80898,-180.0,119,1,0.3138,0.674368
DQN,large_grid,3,676,80970,-89.0,72,1,0.3132,0.675969
DQN,large_grid,3,677,81170,-316.0,200,0,0.3115,0.746125
DQN,large_grid,3,678,81192,-19.0,22,1,0.3113,0.708776
DQN,large_grid,3,679,81209,-6.0,17,1,0.3112,0.65917
DQN,large_grid,3,680,81409,-276.0,200,0,0.3095,0.724707
DQN,large_grid,3,681,81462,-74.0,53,1,0.309,0.720304
DQN,large_grid,3,682,81486,-29.0,24,1,0.3088,0.723478
DQN,large_grid,3,683,81526,-49.0,40,1,0.3085,0.799562
DQN,large_grid,3,684,81530,3.0,4,1,0.3085,0.883453
DQN,large_grid,3,685,81557,-36.0,27,1,0.3082,0.764769
DQN,large_grid,3,686,81603,-59.0,46,1,0.3078,0.731041
DQN,large_grid,3,687,81803,-296.0,200,0,0.3061,0.753175
DQN,large_grid,3,688,82003,-236.0,200,0,0.3044,0.757074
DQN,large_grid,3,689,82053,-71.0,50,1,0.304,0.85018
DQN,large_grid,3,690,82088,-44.0,35,1,0.3037,0.820674
DQN,large_grid,3,691,82153,-94.0,65,1,0.3032,0.726752
DQN,large_grid,3,692,82345,-297.0,192,1,0.3015,0.726754
DQN,large_grid,3,693,82418,-110.0,73,1,0.3009,0.647225
DQN,large_grid,3,694,82555,-190.0,137,1,0.2998,0.755876
DQN,large_grid,3,695,82599,-49.0,44,1,0.2994,0.717121
DQN,large_grid,3,696,82606,4.0,7,1,0.2993,0.795206
DQN,large_grid,3,697,82806,-340.0,200,0,0.2976,0.728157
DQN,large_grid,3,698,82858,-89.0,52,1,0.2972,0.728611
DQN,large_grid,3,699,82932,-119.0,74,1,0.2966,0.759213
DQN,large_grid,3,700,82995,-108.0,63,1,0.296,0.693112
DQN,large_grid,3,701,83021,-19.0,26,1,0.2958,0.851058
DQN,large_grid,3,702,83051,-31.0,30,1,0.2955,0.941056
DQN,large_grid,3,703,83251,-348.0,200,0,0.2939,0.813404
DQN,large_grid,3,704,83278,-24.0,27,1,0.2936,0.797521
DQN,large_grid,3,705,83478,-288.0,200,0,0.2919,0.792642
DQN,large_grid,3,706,83518,-45.0,40,1,0.2916,0.760227
DQN,large_grid,3,707,83532,-11.0,14,1,0.2915,0.847503
DQN,large_grid,3,708,83566,-31.0,34,1,0.2912,0.825888
DQN,large_grid,3,709,83618,-57.0,52,1,0.2907,0.813717
DQN,large_grid,3,710,83665,-44.0,47,1,0.2903,0.716045
DQN,large_grid,3,711,83865,-308.0,200,0,0.2886,0.732072
DQN,large_grid,3,712,83881,-5.0,16,1,0.2885,0.678447
DQN,large_grid,3,713,83905,-17.0,24,1,0.2883,0.720665
DQN,large_grid,3,714,83987,-103.0,82,1,0.2876,0.770003
DQN,large_grid,3,715,84005,-7.0,18,1,0.2875,0.781525
DQN,large_grid,3,716,84068,-76.0,63,1,0.2869,0.811018
DQN,large_grid,3,717,84193,-198.0,125,1,0.2859,0.794678
DQN,large_grid,3,718,84393,-284.0,200,0,0.2842,0.823082
DQN,large_grid,3,719,84576,-272.0,183,1,0.2826,0.800352
DQN,large_grid,3,720,84726,-179.0,150,1,0.2813,0.800032
DQN,large_grid,3,721,84748,-15.0,22,1,0.2812,0.755681
DQN,large_grid,3,722,84792,-49.0,44,1,0.2808,0.83302
DQN,large_grid,3,723,84800,-1.0,8,1,0.2807,0.634234
DQN,large_grid,3,724,84823,-28.0,23,1,0.2805,0.760381
DQN,large_grid,3,725,84828,6.0,5,1,0.2805,0.722282
DQN,large_grid,3,726,84891,-84.0,63,1,0.2799,0.814078
DQN,large_grid,3,727,84904,-6.0,13,1,0.2798,0.565695
DQN,large_grid,3,728,84924,-13.0,20,1,0.2797,0.773902
DQN,large_grid,3,729,85001,-110.0,77,1,0.279,0.745679
DQN,large_grid,3,730,85201,-300.0,200,0,0.2773,0.787977
DQN,large_grid,3,731,85228,-20.0,27,1,0.2771,0.786262
DQN,large_grid,3,732,85274,-63.0,46,1,0.2767,0.830789
DQN,large_grid,3,733,85283,-6.0,9,1,0.2766,0.916004
DQN,large_grid,3,734,85353,-95.0,70,1,0.276,0.727301
DQN,large_grid,3,735,85376,-12.0,23,1,0.2758,0.678902
DQN,large_grid,3,736,85410,-39.0,34,1,0.2755,0.694748
DQN,large_grid,3,737,85436,-35.0,26,1,0.2753,0.807474
DQN,large_grid,3,738,85456,-25.0,20,1,0.2752,0.759165
DQN,large_grid,3,739,85466,1.0,10,1,0.2751,0.48182
DQN,large_grid,3,740,85486,-13.0,20,1,0.2749,0.657835
DQN,large_grid,3,741,85631,-190.0,145,1,0.2737,0.844258
DQN,large_grid,3,742,85643,-5.0,12,1,0.2736,1.057901
DQN,large_grid,3,743,85843,-264.0,200,0,0.2719,0.772884
DQN,large_grid,3,744,85906,-68.0,63,1,0.2713,0.817123
DQN,large_grid,3,745,85908,9.0,2,1,0.2713,0.903732
DQN,large_grid,3,746,85922,-7.0,14,1,0.2712,0.682697
DQN,large_grid,3,747,85960,-39.0,38,1,0.2709,0.667582
DQN,large_grid,3,748,85990,-35.0,30,1,0.2706,0.736886
DQN,large_grid,3,749,86190,-264.0,200,0,0.2689,0.852318
DQN,large_grid,3,750,86219,-30.0,29,1,0.2687,0.762372
DQN,large_grid,3,751,86250,-28.0,31,1,0.2684,0.838284
DQN,large_grid,3,752,86450,-336.0,200,0,0.2667,0.791164
DQN,large_grid,3,753,86457,4.0,7,1,0.2667,0.778913
DQN,large_grid,3,754,86516,-80.0,59,1,0.2662,0.830973
DQN,large_grid,3,755,86539,-28.0,23,1,0.266,0.947025
DQN,large_grid,3,756,86739,-280.0,200,0,0.2643,0.824538
DQN,large_grid,3,757,86747,-5.0,8,1,0.2642,0.868689
DQN,large_grid,3,758,86947,-300.0,200,0,0.2625,0.780294
DQN,large_grid,3,759,87052,-114.0,105,1,0.2616,0.852883
DQN,large_grid,3,760,87057,6.0,5,1,0.2616,0.868215
DQN,large_grid,3,761,87122,-82.0,65,1,0.261,0.723876
DQN,large_grid,3,762,87322,-316.0,200,0,0.2593,0.868303
DQN,large_grid,3,763,87346,-21.0,24,1,0.2591,0.779625
DQN,large_grid,3,764,87546,-244.0,200,0,0.2574,0.832563
DQN,large_grid,3,765,87599,-58.0,53,1,0.257,0.904216
DQN,large_grid,3,766,87703,-129.0,104,1,0.2561,0.810077
DQN,large_grid,3,767,87876,-282.0,173,1,0.2546,0.808315
DQN,large_grid,3,768,87892,-9.0,16,1,0.2545,0.720473
DQN,large_grid,3,769,88058,-211.0,166,1,0.2531,0.799837
DQN,large_grid,3,770,88069,-4.0,11,1,0.253,0.994943
DQN,large_grid,3,771,88100,-24.0,31,1,0.2527,1.004901
DQN,large_grid,3,772,88300,-280.0,200,0,0.251,0.836986
DQN,large_grid,3,773,88500,-308.0,200,0,0.2493,0.785247
DQN,large_grid,3,774,88520,-13.0,20,1,0.2492,0.945501
DQN,large_grid,3,775,88541,-18.0,21,1,0.249,0.722168
DQN,large_grid,3,776,88548,0.0,7,1,0.2489,0.884157
DQN,large_grid,3,777,88604,-69.0,56,1,0.2484,0.789014
DQN,large_grid,3,778,88606,9.0,2,1,0.2484,0.664534
DQN,large_grid,3,779,88630,-29.0,24,1,0.2482,0.826939
DQN,large_grid,3,780,88643,-14.0,13,1,0.2481,0.900759
DQN,large_grid,3,781,88768,-170.0,125,1,0.2471,0.834276
DQN,large_grid,3,782,88780,-9.0,12,1,0.247,0.981207
DQN,large_grid,3,783,88833,-70.0,53,1,0.2465,0.773793
DQN,large_grid,3,784,88880,-44.0,47,1,0.2461,0.745649
DQN,large_grid,3,785,88897,-10.0,17,1,0.246,0.848746
DQN,large_grid,3,786,88908,-8.0,11,1,0.2459,0.764344
DQN,large_grid,3,787,88975,-72.0,67,1,0.2453,0.752733
DQN,large_grid,3,788,89175,-244.0,200,0,0.2436,0.852173
DQN,large_grid,3,789,89217,-47.0,42,1,0.2432,0.82599
DQN,large_grid,3,790,89417,-256.0,200,0,0.2416,0.741144
DQN,large_grid,3,791,89617,-264.0,200,0,0.2399,0.861892
DQN,large_grid,3,792,89817,-276.0,200,0,0.2382,0.779704
DQN,large_grid,3,793,90017,-300.0,200,0,0.2365,0.761099
DQN,large_grid,3,794,90028,0.0,11,1,0.2364,0.87978
DQN,large_grid,3,795,90112,-101.0,84,1,0.2357,0.917424
DQN,large_grid,3,796,90141,-18.0,29,1,0.2354,0.890837
DQN,large_grid,3,797,90341,-304.0,200,0,0.2337,0.897713
DQN,large_grid,3,798,90345,7.0,4,1,0.2337,1.308679
DQN,large_grid,3,799,90371,-31.0,26,1,0.2335,0.80843
DQN,large_grid,3,800,90431,-57.0,60,1,0.233,0.853254
DuelingDQN,large_grid,3,1,200,-568.0,200,0,0.9983,
DuelingDQN,large_grid,3,2,400,-548.0,200,0,0.9966,
DuelingDQN,large_grid,3,3,600,-388.0,200,0,0.9949,
DuelingDQN,large_grid,3,4,800,-616.0,200,0,0.9932,
DuelingDQN,large_grid,3,5,1000,-460.0,200,0,0.9915,1.964744
DuelingDQN,large_grid,3,6,1200,-532.0,200,0,0.9898,0.429496
DuelingDQN,large_grid,3,7,1400,-620.0,200,0,0.9881,0.016343
DuelingDQN,large_grid,3,8,1600,-608.0,200,0,0.9864,0.021812
DuelingDQN,large_grid,3,9,1800,-440.0,200,0,0.9847,0.002943
DuelingDQN,large_grid,3,10,2000,-616.0,200,0,0.983,0.003841
DuelingDQN,large_grid,3,11,2200,-588.0,200,0,0.9813,0.021381
DuelingDQN,large_grid,3,12,2400,-532.0,200,0,0.9797,0.001916
DuelingDQN,large_grid,3,13,2600,-548.0,200,0,0.978,0.015474
DuelingDQN,large_grid,3,14,2658,-183.0,58,1,0.9775,0.001809
DuelingDQN,large_grid,3,15,2858,-576.0,200,0,0.9758,0.00565
DuelingDQN,large_grid,3,16,3058,-460.0,200,0,0.9741,0.025513
DuelingDQN,large_grid,3,17,3258,-576.0,200,0,0.9724,0.007048
DuelingDQN,large_grid,3,18,3458,-492.0,200,0,0.9707,0.006865
DuelingDQN,large_grid,3,19,3658,-532.0,200,0,0.969,0.028211
DuelingDQN,large_grid,3,20,3858,-404.0,200,0,0.9673,0.008254
DuelingDQN,large_grid,3,21,3983,-374.0,125,1,0.9662,0.005315
DuelingDQN,large_grid,3,22,4183,-520.0,200,0,0.9645,0.02612
DuelingDQN,large_grid,3,23,4383,-608.0,200,0,0.9628,0.003745
DuelingDQN,large_grid,3,24,4583,-472.0,200,0,0.9611,0.027747
DuelingDQN,large_grid,3,25,4783,-556.0,200,0,0.9594,0.008252
DuelingDQN,large_grid,3,26,4983,-520.0,200,0,0.9577,0.007834
DuelingDQN,large_grid,3,27,4987,7.0,4,1,0.9577,0.066521
DuelingDQN,large_grid,3,28,5187,-544.0,200,0,0.956,0.03598
DuelingDQN,large_grid,3,29,5387,-436.0,200,0,0.9543,0.015624
DuelingDQN,large_grid,3,30,5522,-316.0,135,1,0.9532,0.038229
DuelingDQN,large_grid,3,31,5722,-580.0,200,0,0.9515,0.025537
DuelingDQN,large_grid,3,32,5922,-604.0,200,0,0.9498,0.025889
DuelingDQN,large_grid,3,33,5959,-62.0,37,1,0.9495,0.03969
DuelingDQN,large_grid,3,34,6159,-524.0,200,0,0.9478,0.045724
DuelingDQN,large_grid,3,35,6359,-560.0,200,0,0.9461,0.022028
DuelingDQN,large_grid,3,36,6559,-576.0,200,0,0.9444,0.035827
DuelingDQN,large_grid,3,37,6759,-596.0,200,0,0.9427,0.014418
DuelingDQN,large_grid,3,38,6770,-4.0,11,1,0.9426,0.003283
DuelingDQN,large_grid,3,39,6970,-560.0,200,0,0.9409,0.009835
DuelingDQN,large_grid,3,40,7170,-416.0,200,0,0.9392,0.045946
DuelingDQN,large_grid,3,41,7370,-536.0,200,0,0.9375,0.009164
DuelingDQN,large_grid,3,42,7570,-556.0,200,0,0.9358,0.050984
DuelingDQN,large_grid,3,43,7770,-424.0,200,0,0.9341,0.029629
DuelingDQN,large_grid,3,44,7970,-552.0,200,0,0.9324,0.011338
DuelingDQN,large_grid,3,45,8170,-528.0,200,0,0.9307,0.070664
DuelingDQN,large_grid,3,46,8370,-412.0,200,0,0.929,0.015046
DuelingDQN,large_grid,3,47,8570,-476.0,200,0,0.9273,0.072184
DuelingDQN,large_grid,3,48,8698,-337.0,128,1,0.9262,0.051849
DuelingDQN,large_grid,3,49,8898,-516.0,200,0,0.9245,0.026779
DuelingDQN,large_grid,3,50,9098,-496.0,200,0,0.9228,0.08225
DuelingDQN,large_grid,3,51,9166,-113.0,68,1,0.9223,0.060525
DuelingDQN,large_grid,3,52,9366,-540.0,200,0,0.9206,0.035408
DuelingDQN,large_grid,3,53,9566,-464.0,200,0,0.9189,0.106523
DuelingDQN,large_grid,3,54,9618,-109.0,52,1,0.9184,0.118658
DuelingDQN,large_grid,3,55,9818,-592.0,200,0,0.9167,0.052353
DuelingDQN,large_grid,3,56,9868,-79.0,50,1,0.9163,0.038032
DuelingDQN,large_grid,3,57,9912,-109.0,44,1,0.9159,0.04342
DuelingDQN,large_grid,3,58,10112,-508.0,200,0,0.9142,0.128021
DuelingDQN,large_grid,3,59,10312,-568.0,200,0,0.9125,0.071543
DuelingDQN,large_grid,3,60,10319,4.0,7,1,0.9125,0.023714
DuelingDQN,large_grid,3,61,10334,-36.0,15,1,0.9124,0.045013
DuelingDQN,large_grid,3,62,10356,-35.0,22,1,0.9122,0.045483
DuelingDQN,large_grid,3,63,10556,-488.0,200,0,0.9105,0.116037
DuelingDQN,large_grid,3,64,10756,-520.0,200,0,0.9088,0.113859
DuelingDQN,large_grid,3,65,10956,-552.0,200,0,0.9071,0.057036
DuelingDQN,large_grid,3,66,11078,-267.0,122,1,0.906,0.175728
DuelingDQN,large_grid,3,67,11104,-59.0,26,1,0.9058,0.130744
DuelingDQN,large_grid,3,68,11304,-520.0,200,0,0.9041,0.075117
DuelingDQN,large_grid,3,69,11504,-548.0,200,0,0.9024,0.055932
DuelingDQN,large_grid,3,70,11704,-540.0,200,0,0.9007,0.150898
DuelingDQN,large_grid,3,71,11793,-166.0,89,1,0.9,0.051038
DuelingDQN,large_grid,3,72,11796,8.0,3,1,0.9,0.024134
DuelingDQN,large_grid,3,73,11996,-544.0,200,0,0.8983,0.056943
DuelingDQN,large_grid,3,74,12196,-448.0,200,0,0.8966,0.162214
DuelingDQN,large_grid,3,75,12208,-13.0,12,1,0.8965,0.074403
DuelingDQN,large_grid,3,76,12235,-36.0,27,1,0.8962,0.041341
DuelingDQN,large_grid,3,77,12361,-235.0,126,1,0.8952,0.065422
DuelingDQN,large_grid,3,78,12561,-580.0,200,0,0.8935,0.100835
DuelingDQN,large_grid,3,79,12761,-536.0,200,0,0.8918,0.108285
DuelingDQN,large_grid,3,80,12961,-468.0,200,0,0.8901,0.061782
DuelingDQN,large_grid,3,81,12987,-39.0,26,1,0.8899,0.045776
DuelingDQN,large_grid,3,82,13056,-114.0,69,1,0.8893,0.256403
DuelingDQN,large_grid,3,83,13256,-608.0,200,0,0.8876,0.105047
DuelingDQN,large_grid,3,84,13266,-3.0,10,1,0.8875,0.031812
DuelingDQN,large_grid,3,85,13466,-448.0,200,0,0.8858,0.046621
DuelingDQN,large_grid,3,86,13666,-524.0,200,0,0.8841,0.1723
DuelingDQN,large_grid,3,87,13866,-420.0,200,0,0.8824,0.063116
DuelingDQN,large_grid,3,88,14066,-528.0,200,0,0.8807,0.14715
DuelingDQN,large_grid,3,89,14183,-290.0,117,1,0.8797,0.149371
DuelingDQN,large_grid,3,90,14207,-61.0,24,1,0.8795,0.094394
DuelingDQN,large_grid,3,91,14326,-308.0,119,1,0.8785,0.071594
DuelingDQN,large_grid,3,92,14526,-532.0,200,0,0.8768,0.117608
DuelingDQN,large_grid,3,93,14593,-180.0,67,1,0.8762,0.230659
DuelingDQN,large_grid,3,94,14683,-203.0,90,1,0.8755,0.15152
DuelingDQN,large_grid,3,95,14874,-436.0,191,1,0.8738,0.105018
DuelingDQN,large_grid,3,96,15074,-552.0,200,0,0.8721,0.182388
DuelingDQN,large_grid,3,97,15274,-572.0,200,0,0.8705,0.139506
DuelingDQN,large_grid,3,98,15474,-536.0,200,0,0.8688,0.099785
DuelingDQN,large_grid,3,99,15490,-17.0,16,1,0.8686,0.101939
DuelingDQN,large_grid,3,100,15533,-96.0,43,1,0.8683,0.417542
DuelingDQN,large_grid,3,101,15671,-343.0,138,1,0.8671,0.242021
DuelingDQN,large_grid,3,102,15708,-102.0,37,1,0.8668,0.153155
DuelingDQN,large_grid,3,103,15775,-148.0,67,1,0.8662,0.132649
DuelingDQN,large_grid,3,104,15944,-382.0,169,1,0.8648,0.094852
DuelingDQN,large_grid,3,105,16059,-316.0,115,1,0.8638,0.265698
DuelingDQN,large_grid,3,106,16074,-8.0,15,1,0.8637,0.25186
DuelingDQN,large_grid,3,107,16083,-14.0,9,1,0.8636,0.2053
DuelingDQN,large_grid,3,108,16106,-36.0,23,1,0.8634,0.18398
DuelingDQN,large_grid,3,109,16107,10.0,1,1,0.8634,0.123511
DuelingDQN,large_grid,3,110,16263,-393.0,156,1,0.8621,0.155169
DuelingDQN,large_grid,3,111,16434,-408.0,171,1,0.8606,0.093868
DuelingDQN,large_grid,3,112,16599,-362.0,165,1,0.8592,0.217627
DuelingDQN,large_grid,3,113,16661,-171.0,62,1,0.8587,0.169413
DuelingDQN,large_grid,3,114,16743,-215.0,82,1,0.858,0.120461
DuelingDQN,large_grid,3,115,16791,-113.0,48,1,0.8576,0.102223
DuelingDQN,large_grid,3,116,16817,-59.0,26,1,0.8574,0.087019
DuelingDQN,large_grid,3,117,16944,-328.0,127,1,0.8563,0.089283
DuelingDQN,large_grid,3,118,17050,-235.0,106,1,0.8554,0.194158
DuelingDQN,large_grid,3,119,17096,-75.0,46,1,0.855,0.183473
DuelingDQN,large_grid,3,120,17296,-420.0,200,0,0.8533,0.124383
DuelingDQN,large_grid,3,121,17318,-23.0,22,1,0.8531,0.061082
DuelingDQN,large_grid,3,122,17476,-327.0,158,1,0.8518,0.096423
DuelingDQN,large_grid,3,123,17533,-162.0,57,1,0.8513,0.247664
DuelingDQN,large_grid,3,124,17733,-492.0,200,0,0.8496,0.129445
DuelingDQN,large_grid,3,125,17933,-468.0,200,0,0.8479,0.079575
DuelingDQN,large_grid,3,126,17984,-124.0,51,1,0.8475,0.072473
DuelingDQN,large_grid,3,127,18107,-284.0,123,1,0.8464,0.233782
DuelingDQN,large_grid,3,128,18258,-392.0,151,1,0.8451,0.092564
DuelingDQN,large_grid,3,129,18412,-379.0,154,1,0.8438,0.080105
DuelingDQN,large_grid,3,130,18530,-267.0,118,1,0.8428,0.133669
DuelingDQN,large_grid,3,131,18563,-70.0,33,1,0.8426,0.156299
DuelingDQN,large_grid,3,132,18635,-185.0,72,1,0.8419,0.138814
DuelingDQN,large_grid,3,133,18786,-328.0,151,1,0.8407,0.08405
DuelingDQN,large_grid,3,134,18870,-229.0,84,1,0.84,0.051465
DuelingDQN,large_grid,3,135,19069,-476.0,199,1,0.8383,0.108638
DuelingDQN,large_grid,3,136,19220,-324.0,151,1,0.837,0.09769
DuelingDQN,large_grid,3,137,19397,-378.0,177,1,0.8355,0.047629
DuelingDQN,large_grid,3,138,19511,-223.0,114,1,0.8345,0.063641
DuelingDQN,large_grid,3,139,19643,-281.0,132,1,0.8334,0.139461
DuelingDQN,large_grid,3,140,19651,-1.0,8,1,0.8333,0.107256
DuelingDQN,large_grid,3,141,19782,-292.0,131,1,0.8322,0.055486
DuelingDQN,large_grid,3,142,19929,-376.0,147,1,0.831,0.053262
DuelingDQN,large_grid,3,143,19959,-47.0,30,1,0.8307,0.022727
DuelingDQN,large_grid,3,144,20077,-219.0,118,1,0.8297,0.163671
DuelingDQN,large_grid,3,145,20277,-468.0,200,0,0.828,0.078003
DuelingDQN,large_grid,3,146,20297,-41.0,20,1,0.8278,0.021857
DuelingDQN,large_grid,3,147,20462,-314.0,165,1,0.8264,0.052169
DuelingDQN,large_grid,3,148,20498,-33.0,36,1,0.8261,0.034574
DuelingDQN,large_grid,3,149,20662,-385.0,164,1,0.8248,0.114201
DuelingDQN,large_grid,3,150,20862,-476.0,200,0,0.8231,0.045138
DuelingDQN,large_grid,3,151,21058,-473.0,196,1,0.8214,0.08453
DuelingDQN,large_grid,3,152,21085,-60.0,27,1,0.8212,0.137884
DuelingDQN,large_grid,3,153,21134,-110.0,49,1,0.8207,0.070703
DuelingDQN,large_grid,3,154,21231,-194.0,97,1,0.8199,0.049527
DuelingDQN,large_grid,3,155,21364,-334.0,133,1,0.8188,0.05106
DuelingDQN,large_grid,3,156,21480,-273.0,116,1,0.8178,0.044286
DuelingDQN,large_grid,3,157,21658,-431.0,178,1,0.8163,0.111583
DuelingDQN,large_grid,3,158,21686,-41.0,28,1,0.8161,0.042728
DuelingDQN,large_grid,3,159,21687,10.0,1,1,0.8161,0.023577
DuelingDQN,large_grid,3,160,21741,-139.0,54,1,0.8156,0.048996
DuelingDQN,large_grid,3,161,21752,-20.0,11,1,0.8155,0.079667
DuelingDQN,large_grid,3,162,21810,-135.0,58,1,0.815,0.050346
DuelingDQN,large_grid,3,163,21894,-157.0,84,1,0.8143,0.043604
DuelingDQN,large_grid,3,164,22015,-258.0,121,1,0.8133,0.07567
DuelingDQN,large_grid,3,165,22032,-22.0,17,1,0.8131,0.220059
DuelingDQN,large_grid,3,166,22074,-95.0,42,1,0.8128,0.120075
DuelingDQN,large_grid,3,167,22221,-304.0,147,1,0.8115,0.069365
DuelingDQN,large_grid,3,168,22256,-40.0,35,1,0.8112,0.043948
DuelingDQN,large_grid,3,169,22332,-153.0,76,1,0.8106,0.047689
DuelingDQN,large_grid,3,170,22412,-157.0,80,1,0.8099,0.038196
DuelingDQN,large_grid,3,171,22478,-119.0,66,1,0.8093,0.03268
DuelingDQN,large_grid,3,172,22678,-500.0,200,0,0.8077,0.087408
DuelingDQN,large_grid,3,173,22848,-383.0,170,1,0.8062,0.040355
DuelingDQN,large_grid,3,174,22893,-110.0,45,1,0.8058,0.040707
DuelingDQN,large_grid,3,175,23008,-324.0,115,1,0.8049,0.061683
DuelingDQN,large_grid,3,176,23066,-131.0,58,1,0.8044,0.129319
DuelingDQN,large_grid,3,177,23154,-169.0,88,1,0.8036,0.072587
DuelingDQN,large_grid,3,178,23158,3.0,4,1,0.8036,0.048105
DuelingDQN,large_grid,3,179,23210,-89.0,52,1,0.8031,0.055127
DuelingDQN,large_grid,3,180,23250,-65.0,40,1,0.8028,0.038655
DuelingDQN,large_grid,3,181,23356,-191.0,106,1,0.8019,0.026781
DuelingDQN,large_grid,3,182,23481,-298.0,125,1,0.8008,0.027804
DuelingDQN,large_grid,3,183,23618,-302.0,137,1,0.7997,0.095605
DuelingDQN,large_grid,3,184,23657,-100.0,39,1,0.7993,0.053022
DuelingDQN,large_grid,3,185,23691,-47.0,34,1,0.7991,0.05247
DuelingDQN,large_grid,3,186,23847,-333.0,156,1,0.7977,0.035964
DuelingDQN,large_grid,3,187,23924,-182.0,77,1,0.7971,0.049081
DuelingDQN,large_grid,3,188,24037,-282.0,113,1,0.7961,0.079017
DuelingDQN,large_grid,3,189,24148,-252.0,111,1,0.7952,0.079137
DuelingDQN,large_grid,3,190,24152,7.0,4,1,0.7951,0.130041
DuelingDQN,large_grid,3,191,24352,-452.0,200,0,0.7935,0.038498
DuelingDQN,large_grid,3,192,24367,-28.0,15,1,0.7933,0.014145
DuelingDQN,large_grid,3,193,24483,-213.0,116,1,0.7923,0.023971
DuelingDQN,large_grid,3,194,24683,-388.0,200,0,0.7906,0.094727
DuelingDQN,large_grid,3,195,24883,-488.0,200,0,0.7889,0.03725
DuelingDQN,large_grid,3,196,24980,-194.0,97,1,0.7881,0.045484
DuelingDQN,large_grid,3,197,25018,-79.0,38,1,0.7878,0.091032
DuelingDQN,large_grid,3,198,25046,-57.0,28,1,0.7876,0.119368
DuelingDQN,large_grid,3,199,25054,3.0,8,1,0.7875,0.121664
DuelingDQN,large_grid,3,200,25112,-111.0,58,1,0.787,0.066967
DuelingDQN,large_grid,3,201,25164,-105.0,52,1,0.7866,0.069495
DuelingDQN,large_grid,3,202,25181,-26.0,17,1,0.7864,0.028443
DuelingDQN,large_grid,3,203,25265,-161.0,84,1,0.7857,0.053003
DuelingDQN,large_grid,3,204,25436,-356.0,171,1,0.7843,0.040002
DuelingDQN,large_grid,3,205,25534,-223.0,98,1,0.7834,0.075439
DuelingDQN,large_grid,3,206,25557,-24.0,23,1,0.7832,0.075839
DuelingDQN,large_grid,3,207,25602,-102.0,45,1,0.7828,0.054229
DuelingDQN,large_grid,3,208,25644,-75.0,42,1,0.7825,0.060805
DuelingDQN,large_grid,3,209,25646,9.0,2,1,0.7825,0.057106
DuelingDQN,large_grid,3,210,25757,-252.0,111,1,0.7815,0.042612
DuelingDQN,large_grid,3,211,25759,9.0,2,1,0.7815,0.114787
DuelingDQN,large_grid,3,212,25808,-90.0,49,1,0.7811,0.034923
DuelingDQN,large_grid,3,213,25875,-144.0,67,1,0.7805,0.049468
DuelingDQN,large_grid,3,214,25944,-138.0,69,1,0.7799,0.027714
DuelingDQN,large_grid,3,215,25973,-42.0,29,1,0.7797,0.024812
DuelingDQN,large_grid,3,216,26003,-35.0,30,1,0.7794,0.055745
DuelingDQN,large_grid,3,217,26139,-313.0,136,1,0.7783,0.061938
DuelingDQN,large_grid,3,218,26164,-42.0,25,1,0.7781,0.028555
DuelingDQN,large_grid,3,219,26255,-192.0,91,1,0.7773,0.029806
DuelingDQN,large_grid,3,220,26294,-68.0,39,1,0.777,0.028726
DuelingDQN,large_grid,3,221,26408,-219.0,114,1,0.776,0.041787
DuelingDQN,large_grid,3,222,26444,-53.0,36,1,0.7757,0.051938
DuelingDQN,large_grid,3,223,26524,-153.0,80,1,0.775,0.059917
DuelingDQN,large_grid,3,224,26545,-34.0,21,1,0.7749,0.102326
DuelingDQN,large_grid,3,225,26666,-314.0,121,1,0.7738,0.086811
DuelingDQN,large_grid,3,226,26798,-301.0,132,1,0.7727,0.052638
DuelingDQN,large_grid,3,227,26879,-162.0,81,1,0.772,0.048378
DuelingDQN,large_grid,3,228,26941,-143.0,62,1,0.7715,0.047477
DuelingDQN,large_grid,3,229,27038,-226.0,97,1,0.7707,0.074979
DuelingDQN,large_grid,3,230,27076,-67.0,38,1,0.7703,0.052023
DuelingDQN,large_grid,3,231,27132,-129.0,56,1,0.7699,0.070394
DuelingDQN,large_grid,3,232,27202,-155.0,70,1,0.7693,0.050614
DuelingDQN,large_grid,3,233,27402,-396.0,200,0,0.7676,0.042421
DuelingDQN,large_grid,3,234,27443,-66.0,41,1,0.7672,0.04788
DuelingDQN,large_grid,3,235,27595,-277.0,152,1,0.7659,0.059728
DuelingDQN,large_grid,3,236,27670,-156.0,75,1,0.7653,0.055183
DuelingDQN,large_grid,3,237,27708,-91.0,38,1,0.765,0.050141
DuelingDQN,large_grid,3,238,27858,-387.0,150,1,0.7637,0.035338
DuelingDQN,large_grid,3,239,27904,-71.0,46,1,0.7633,0.019379
DuelingDQN,large_grid,3,240,27932,-41.0,28,1,0.7631,0.062315
DuelingDQN,large_grid,3,241,28001,-150.0,69,1,0.7625,0.028018
DuelingDQN,large_grid,3,242,28052,-100.0,51,1,0.7621,0.070867
DuelingDQN,large_grid,3,243,28085,-62.0,33,1,0.7618,0.065207
DuelingDQN,large_grid,3,244,28243,-343.0,158,1,0.7604,0.045874
DuelingDQN,large_grid,3,245,28321,-139.0,78,1,0.7598,0.047481
DuelingDQN,large_grid,3,246,28333,-17.0,12,1,0.7597,0.039281
DuelingDQN,large_grid,3,247,28432,-224.0,99,1,0.7588,0.05045
DuelingDQN,large_grid,3,248,28587,-308.0,155,1,0.7575,0.051784
DuelingDQN,large_grid,3,249,28645,-107.0,58,1,0.757,0.056862
DuelingDQN,large_grid,3,250,28690,-94.0,45,1,0.7567,0.066095
DuelingDQN,large_grid,3,251,28703,-14.0,13,1,0.7565,0.015559
DuelingDQN,large_grid,3,252,28903,-500.0,200,0,0.7548,0.03876
DuelingDQN,large_grid,3,253,28973,-143.0,70,1,0.7543,0.033423
DuelingDQN,large_grid,3,254,28984,-4.0,11,1,0.7542,0.018153
DuelingDQN,large_grid,3,255,29067,-180.0,83,1,0.7535,0.062855
DuelingDQN,large_grid,3,256,29163,-201.0,96,1,0.7526,0.050213
DuelingDQN,large_grid,3,257,29206,-112.0,43,1,0.7523,0.043973
DuelingDQN,large_grid,3,258,29261,-120.0,55,1,0.7518,0.042493
DuelingDQN,large_grid,3,259,29266,6.0,5,1,0.7518,0.081272
DuelingDQN,large_grid,3,260,29299,-62.0,33,1,0.7515,0.017294
DuelingDQN,large_grid,3,261,29339,-81.0,40,1,0.7512,0.046453
DuelingDQN,large_grid,3,262,29394,-136.0,55,1,0.7507,0.032897
DuelingDQN,large_grid,3,263,29399,2.0,5,1,0.7506,0.04451
DuelingDQN,large_grid,3,264,29403,7.0,4,1,0.7506,0.027654
DuelingDQN,large_grid,3,265,29466,-116.0,63,1,0.7501,0.029135
DuelingDQN,large_grid,3,266,29572,-239.0,106,1,0.7492,0.063377
DuelingDQN,large_grid,3,267,29584,-5.0,12,1,0.7491,0.073392
DuelingDQN,large_grid,3,268,29693,-266.0,109,1,0.7481,0.056383
DuelingDQN,large_grid,3,269,29703,-7.0,10,1,0.7481,0.04022
DuelingDQN,large_grid,3,270,29884,-326.0,181,1,0.7465,0.036107
DuelingDQN,large_grid,3,271,29979,-208.0,95,1,0.7457,0.044296
DuelingDQN,large_grid,3,272,29988,-10.0,9,1,0.7456,0.033611
DuelingDQN,large_grid,3,273,30009,-30.0,21,1,0.7455,0.09268
DuelingDQN,large_grid,3,274,30023,-7.0,14,1,0.7453,0.117101
DuelingDQN,large_grid,3,275,30066,-72.0,43,1,0.745,0.065115
DuelingDQN,large_grid,3,276,30153,-192.0,87,1,0.7442,0.054572
DuelingDQN,large_grid,3,277,30254,-194.0,101,1,0.7434,0.061595
DuelingDQN,large_grid,3,278,30286,-65.0,32,1,0.7431,0.036977
DuelingDQN,large_grid,3,279,30486,-384.0,200,0,0.7414,0.051457
DuelingDQN,large_grid,3,280,30528,-71.0,42,1,0.7411,0.072409
DuelingDQN,large_grid,3,281,30575,-120.0,47,1,0.7407,0.080457
DuelingDQN,large_grid,3,282,30687,-193.0,112,1,0.7397,0.067663
DuelingDQN,large_grid,3,283,30711,-25.0,24,1,0.7395,0.019764
DuelingDQN,large_grid,3,284,30713,9.0,2,1,0.7395,0.044159
DuelingDQN,large_grid,3,285,30876,-336.0,163,1,0.7381,0.039303
DuelingDQN,large_grid,3,286,30997,-226.0,121,1,0.7371,0.034191
DuelingDQN,large_grid,3,287,31072,-164.0,75,1,0.7365,0.073701
DuelingDQN,large_grid,3,288,31183,-248.0,111,1,0.7355,0.050429
DuelingDQN,large_grid,3,289,31237,-111.0,54,1,0.7351,0.073699
DuelingDQN,large_grid,3,290,31290,-86.0,53,1,0.7346,0.054785
DuelingDQN,large_grid,3,291,31371,-142.0,81,1,0.7339,0.044629
DuelingDQN,large_grid,3,292,31558,-432.0,187,1,0.7323,0.060523
DuelingDQN,large_grid,3,293,31636,-179.0,78,1,0.7317,0.072421
DuelingDQN,large_grid,3,294,31691,-84.0,55,1,0.7312,0.050964
DuelingDQN,large_grid,3,295,31736,-90.0,45,1,0.7308,0.040953
DuelingDQN,large_grid,3,296,31784,-101.0,48,1,0.7304,0.038716
DuelingDQN,large_grid,3,297,31875,-184.0,91,1,0.7296,0.067932
DuelingDQN,large_grid,3,298,31940,-126.0,65,1,0.7291,0.051497
DuelingDQN,large_grid,3,299,32011,-120.0,71,1,0.7285,0.052869
DuelingDQN,large_grid,3,300,32085,-143.0,74,1,0.7279,0.058946
DuelingDQN,large_grid,3,301,32098,-10.0,13,1,0.7277,0.070766
DuelingDQN,large_grid,3,302,32235,-298.0,137,1,0.7266,0.051518
DuelingDQN,large_grid,3,303,32242,-4.0,7,1,0.7265,0.059192
DuelingDQN,large_grid,3,304,32279,-62.0,37,1,0.7262,0.071991
DuelingDQN,large_grid,3,305,32330,-100.0,51,1,0.7258,0.038166
DuelingDQN,large_grid,3,306,32370,-53.0,40,1,0.7254,0.044625
DuelingDQN,large_grid,3,307,32382,-1.0,12,1,0.7253,0.008522
DuelingDQN,large_grid,3,308,32399,-30.0,17,1,0.7252,0.046724
DuelingDQN,large_grid,3,309,32440,-90.0,41,1,0.7248,0.032165
DuelingDQN,large_grid,3,310,32444,7.0,4,1,0.7248,0.00461
DuelingDQN,large_grid,3,311,32553,-246.0,109,1,0.7239,0.076842
DuelingDQN,large_grid,3,312,32607,-91.0,54,1,0.7234,0.041014
DuelingDQN,large_grid,3,313,32718,-236.0,111,1,0.7225,0.040035
DuelingDQN,large_grid,3,314,32820,-223.0,102,1,0.7216,0.046015
DuelingDQN,large_grid,3,315,32863,-84.0,43,1,0.7213,0.047148
DuelingDQN,large_grid,3,316,32914,-92.0,51,1,0.7208,0.064379
DuelingDQN,large_grid,3,317,32923,-6.0,9,1,0.7208,0.108336
DuelingDQN,large_grid,3,318,33034,-272.0,111,1,0.7198,0.064192
DuelingDQN,large_grid,3,319,33077,-100.0,43,1,0.7194,0.067514
DuelingDQN,large_grid,3,320,33106,-58.0,29,1,0.7192,0.070064
DuelingDQN,large_grid,3,321,33169,-152.0,63,1,0.7187,0.051783
DuelingDQN,large_grid,3,322,33228,-120.0,59,1,0.7182,0.026146
DuelingDQN,large_grid,3,323,33290,-123.0,62,1,0.7176,0.059729
DuelingDQN,large_grid,3,324,33375,-162.0,85,1,0.7169,0.033452
DuelingDQN,large_grid,3,325,33450,-164.0,75,1,0.7163,0.052345
DuelingDQN,large_grid,3,326,33494,-65.0,44,1,0.7159,0.030541
DuelingDQN,large_grid,3,327,33529,-64.0,35,1,0.7156,0.070352
DuelingDQN,large_grid,3,328,33594,-134.0,65,1,0.7151,0.054393
DuelingDQN,large_grid,3,329,33621,-40.0,27,1,0.7148,0.058124
DuelingDQN,large_grid,3,330,33698,-118.0,77,1,0.7142,0.05687
DuelingDQN,large_grid,3,331,33813,-256.0,115,1,0.7132,0.038697
DuelingDQN,large_grid,3,332,33873,-97.0,60,1,0.7127,0.05559
DuelingDQN,large_grid,3,333,33921,-85.0,48,1,0.7123,0.050793
DuelingDQN,large_grid,3,334,34112,-416.0,191,1,0.7107,0.054294
DuelingDQN,large_grid,3,335,34166,-115.0,54,1,0.7102,0.036084
DuelingDQN,large_grid,3,336,34213,-92.0,47,1,0.7098,0.056123
DuelingDQN,large_grid,3,337,34309,-209.0,96,1,0.709,0.045537
DuelingDQN,large_grid,3,338,34346,-58.0,37,1,0.7087,0.046147
DuelingDQN,large_grid,3,339,34435,-210.0,89,1,0.7079,0.046735
DuelingDQN,large_grid,3,340,34518,-176.0,83,1,0.7072,0.042748
DuelingDQN,large_grid,3,341,34660,-291.0,142,1,0.706,0.053739
DuelingDQN,large_grid,3,342,34697,-78.0,37,1,0.7057,0.028513
DuelingDQN,large_grid,3,343,34728,-48.0,31,1,0.7054,0.039517
DuelingDQN,large_grid,3,344,34744,-13.0,16,1,0.7053,0.039111
DuelingDQN,large_grid,3,345,34749,6.0,5,1,0.7053,0.019092
DuelingDQN,large_grid,3,346,34869,-273.0,120,1,0.7042,0.036338
DuelingDQN,large_grid,3,347,34906,-66.0,37,1,0.7039,0.052782
DuelingDQN,large_grid,3,348,34982,-169.0,76,1,0.7033,0.04369
DuelingDQN,large_grid,3,349,35094,-237.0,112,1,0.7023,0.062173
DuelingDQN,large_grid,3,350,35104,-11.0,10,1,0.7023,0.031475
DuelingDQN,large_grid,3,351,35180,-169.0,76,1,0.7016,0.04621
DuelingDQN,large_grid,3,352,35246,-147.0,66,1,0.701,0.052302
DuelingDQN,large_grid,3,353,35311,-146.0,65,1,0.7005,0.043629
DuelingDQN,large_grid,3,354,35352,-74.0,41,1,0.7001,0.052809
DuelingDQN,large_grid,3,355,35368,-21.0,16,1,0.7,0.039615
DuelingDQN,large_grid,3,356,35410,-99.0,42,1,0.6997,0.051986
DuelingDQN,large_grid,3,357,35423,-26.0,13,1,0.6995,0.035373
DuelingDQN,large_grid,3,358,35429,5.0,6,1,0.6995,0.019027
DuelingDQN,large_grid,3,359,35515,-171.0,86,1,0.6988,0.047621
DuelingDQN,large_grid,3,360,35528,-2.0,13,1,0.6987,0.055527
DuelingDQN,large_grid,3,361,35604,-145.0,76,1,0.698,0.07108
DuelingDQN,large_grid,3,362,35643,-60.0,39,1,0.6977,0.060534
DuelingDQN,large_grid,3,363,35647,7.0,4,1,0.6976,0.151737
DuelingDQN,large_grid,3,364,35676,-46.0,29,1,0.6974,0.034781
DuelingDQN,large_grid,3,365,35722,-87.0,46,1,0.697,0.039611
DuelingDQN,large_grid,3,366,35796,-159.0,74,1,0.6964,0.058828
DuelingDQN,large_grid,3,367,35984,-445.0,188,1,0.6948,0.044903
DuelingDQN,large_grid,3,368,36028,-81.0,44,1,0.6944,0.085404
DuelingDQN,large_grid,3,369,36107,-172.0,79,1,0.6937,0.082111
DuelingDQN,large_grid,3,370,36137,-67.0,30,1,0.6935,0.051501
DuelingDQN,large_grid,3,371,36214,-154.0,77,1,0.6928,0.063124
DuelingDQN,large_grid,3,372,36270,-141.0,56,1,0.6924,0.032339
DuelingDQN,large_grid,3,373,36296,-51.0,26,1,0.6921,0.041061
DuelingDQN,large_grid,3,374,36359,-132.0,63,1,0.6916,0.049044
DuelingDQN,large_grid,3,375,36395,-69.0,36,1,0.6913,0.049406
DuelingDQN,large_grid,3,376,36500,-190.0,105,1,0.6904,0.052989
DuelingDQN,large_grid,3,377,36539,-72.0,39,1,0.6901,0.06885
DuelingDQN,large_grid,3,378,36578,-76.0,39,1,0.6897,0.047378
DuelingDQN,large_grid,3,379,36699,-262.0,121,1,0.6887,0.050756
DuelingDQN,large_grid,3,380,36757,-123.0,58,1,0.6882,0.03079
DuelingDQN,large_grid,3,381,36788,-60.0,31,1,0.688,0.043553
DuelingDQN,large_grid,3,382,36921,-290.0,133,1,0.6868,0.046346
DuelingDQN,large_grid,3,383,36958,-78.0,37,1,0.6865,0.041719
DuelingDQN,large_grid,3,384,36973,-16.0,15,1,0.6864,0.077794
DuelingDQN,large_grid,3,385,37031,-103.0,58,1,0.6859,0.077419
DuelingDQN,large_grid,3,386,37075,-89.0,44,1,0.6855,0.089718
DuelingDQN,large_grid,3,387,37133,-115.0,58,1,0.685,0.04387
DuelingDQN,large_grid,3,388,37216,-144.0,83,1,0.6843,0.043038
DuelingDQN,large_grid,3,389,37265,-86.0,49,1,0.6839,0.039186
DuelingDQN,large_grid,3,390,37276,-12.0,11,1,0.6838,0.035894
DuelingDQN,large_grid,3,391,37368,-189.0,92,1,0.683,0.045683
DuelingDQN,large_grid,3,392,37412,-89.0,44,1,0.6827,0.0454
DuelingDQN,large_grid,3,393,37424,-9.0,12,1,0.6826,0.075688
DuelingDQN,large_grid,3,394,37431,0.0,7,1,0.6825,0.042009
DuelingDQN,large_grid,3,395,37444,-14.0,13,1,0.6824,0.033827
DuelingDQN,large_grid,3,396,37480,-81.0,36,1,0.6821,0.054354
DuelingDQN,large_grid,3,397,37497,-18.0,17,1,0.682,0.035315
DuelingDQN,large_grid,3,398,37556,-140.0,59,1,0.6815,0.099346
DuelingDQN,large_grid,3,399,37626,-163.0,70,1,0.6809,0.061668
DuelingDQN,large_grid,3,400,37654,-45.0,28,1,0.6806,0.040184
DuelingDQN,large_grid,3,401,37727,-166.0,73,1,0.68,0.045065
DuelingDQN,large_grid,3,402,37734,0.0,7,1,0.6799,0.037992
DuelingDQN,large_grid,3,403,37840,-195.0,106,1,0.679,0.046671
DuelingDQN,large_grid,3,404,37877,-62.0,37,1,0.6787,0.035045
DuelingDQN,large_grid,3,405,37986,-218.0,109,1,0.6778,0.030804
DuelingDQN,large_grid,3,406,38123,-306.0,137,1,0.6766,0.072604
DuelingDQN,large_grid,3,407,38171,-81.0,48,1,0.6762,0.05659
DuelingDQN,large_grid,3,408,38246,-148.0,75,1,0.6756,0.033902
DuelingDQN,large_grid,3,409,38258,-13.0,12,1,0.6755,0.020426
DuelingDQN,large_grid,3,410,38315,-114.0,57,1,0.675,0.028959
DuelingDQN,large_grid,3,411,38393,-131.0,78,1,0.6744,0.039714
DuelingDQN,large_grid,3,412,38526,-286.0,133,1,0.6732,0.043331
DuelingDQN,large_grid,3,413,38563,-78.0,37,1,0.6729,0.073993
DuelingDQN,large_grid,3,414,38625,-107.0,62,1,0.6724,0.071508
DuelingDQN,large_grid,3,415,38708,-140.0,83,1,0.6717,0.0628
DuelingDQN,large_grid,3,416,38773,-130.0,65,1,0.6711,0.055465
DuelingDQN,large_grid,3,417,38809,-65.0,36,1,0.6708,0.038658
DuelingDQN,large_grid,3,418,38835,-39.0,26,1,0.6706,0.022154
DuelingDQN,large_grid,3,419,38877,-59.0,42,1,0.6702,0.031104
DuelingDQN,large_grid,3,420,38950,-122.0,73,1,0.6696,0.05808
DuelingDQN,large_grid,3,421,39010,-133.0,60,1,0.6691,0.061237
DuelingDQN,large_grid,3,422,39034,-33.0,24,1,0.6689,0.102454
DuelingDQN,large_grid,3,423,39090,-101.0,56,1,0.6684,0.086114
DuelingDQN,large_grid,3,424,39134,-93.0,44,1,0.6681,0.069852
DuelingDQN,large_grid,3,425,39173,-80.0,39,1,0.6677,0.048896
DuelingDQN,large_grid,3,426,39202,-38.0,29,1,0.6675,0.079223
DuelingDQN,large_grid,3,427,39247,-90.0,45,1,0.6671,0.048805
DuelingDQN,large_grid,3,428,39325,-155.0,78,1,0.6664,0.036277
DuelingDQN,large_grid,3,429,39335,-11.0,10,1,0.6664,0.020196
DuelingDQN,large_grid,3,430,39363,-37.0,28,1,0.6661,0.058018
DuelingDQN,large_grid,3,431,39429,-123.0,66,1,0.6656,0.046987
DuelingDQN,large_grid,3,432,39481,-73.0,52,1,0.6651,0.055043
DuelingDQN,large_grid,3,433,39577,-185.0,96,1,0.6643,0.085286
DuelingDQN,large_grid,3,434,39620,-56.0,43,1,0.6639,0.06218
DuelingDQN,large_grid,3,435,39654,-51.0,34,1,0.6637,0.057689
DuelingDQN,large_grid,3,436,39731,-154.0,77,1,0.663,0.049547
DuelingDQN,large_grid,3,437,39775,-77.0,44,1,0.6626,0.043923
DuelingDQN,large_grid,3,438,39834,-104.0,59,1,0.6621,0.03632
DuelingDQN,large_grid,3,439,39907,-146.0,73,1,0.6615,0.041487
DuelingDQN,large_grid,3,440,39954,-92.0,47,1,0.6611,0.049333
DuelingDQN,large_grid,3,441,39984,-39.0,30,1,0.6609,0.046806
DuelingDQN,large_grid,3,442,39987,8.0,3,1,0.6608,0.117971
DuelingDQN,large_grid,3,443,40070,-168.0,83,1,0.6601,0.089684
DuelingDQN,large_grid,3,444,40103,-42.0,33,1,0.6598,0.101913
DuelingDQN,large_grid,3,445,40237,-279.0,134,1,0.6587,0.048126
DuelingDQN,large_grid,3,446,40249,-13.0,12,1,0.6586,0.087177
DuelingDQN,large_grid,3,447,40265,-17.0,16,1,0.6585,0.06473
DuelingDQN,large_grid,3,448,40277,-13.0,12,1,0.6584,0.029325
DuelingDQN,large_grid,3,449,40409,-285.0,132,1,0.6573,0.048616
DuelingDQN,large_grid,3,450,40463,-99.0,54,1,0.6568,0.031795
DuelingDQN,large_grid,3,451,40489,-51.0,26,1,0.6566,0.043073
DuelingDQN,large_grid,3,452,40534,-86.0,45,1,0.6562,0.079982
DuelingDQN,large_grid,3,453,40539,2.0,5,1,0.6562,0.042136
DuelingDQN,large_grid,3,454,40601,-115.0,62,1,0.6556,0.073425
DuelingDQN,large_grid,3,455,40641,-69.0,40,1,0.6553,0.05296
DuelingDQN,large_grid,3,456,40723,-139.0,82,1,0.6546,0.043697
DuelingDQN,large_grid,3,457,40813,-175.0,90,1,0.6538,0.051816
DuelingDQN,large_grid,3,458,40863,-67.0,50,1,0.6534,0.054032
DuelingDQN,large_grid,3,459,40873,-19.0,10,1,0.6533,0.043592
DuelingDQN,large_grid,3,460,40896,-40.0,23,1,0.6531,0.046547
DuelingDQN,large_grid,3,461,41010,-247.0,114,1,0.6522,0.069611
DuelingDQN,large_grid,3,462,41065,-104.0,55,1,0.6517,0.074138
DuelingDQN,large_grid,3,463,41125,-109.0,60,1,0.6512,0.064439
DuelingDQN,large_grid,3,464,41153,-49.0,28,1,0.6509,0.07177
DuelingDQN,large_grid,3,465,41164,-4.0,11,1,0.6508,0.047077
DuelingDQN,large_grid,3,466,41192,-57.0,28,1,0.6506,0.092726
DuelingDQN,large_grid,3,467,41251,-112.0,59,1,0.6501,0.057329
DuelingDQN,large_grid,3,468,41281,-55.0,30,1,0.6499,0.040806
DuelingDQN,large_grid,3,469,41318,-70.0,37,1,0.6495,0.047839
DuelingDQN,large_grid,3,470,41395,-122.0,77,1,0.6489,0.057181
DuelingDQN,large_grid,3,471,41487,-209.0,92,1,0.6481,0.050522
DuelingDQN,large_grid,3,472,41492,2.0,5,1,0.6481,0.264523
DuelingDQN,large_grid,3,473,41494,9.0,2,1,0.6481,0.009679
DuelingDQN,large_grid,3,474,41552,-103.0,58,1,0.6476,0.07173
DuelingDQN,large_grid,3,475,41606,-107.0,54,1,0.6471,0.071728
DuelingDQN,large_grid,3,476,41625,-24.0,19,1,0.6469,0.054722
DuelingDQN,large_grid,3,477,41682,-74.0,57,1,0.6465,0.057779
DuelingDQN,large_grid,3,478,41731,-78.0,49,1,0.646,0.066031
DuelingDQN,large_grid,3,479,41838,-256.0,107,1,0.6451,0.03778
DuelingDQN,large_grid,3,480,41839,10.0,1,1,0.6451,0.007931
DuelingDQN,large_grid,3,481,41879,-93.0,40,1,0.6448,0.042772
DuelingDQN,large_grid,3,482,41922,-72.0,43,1,0.6444,0.037301
DuelingDQN,large_grid,3,483,41998,-157.0,76,1,0.6438,0.039457
DuelingDQN,large_grid,3,484,42031,-62.0,33,1,0.6435,0.085304
DuelingDQN,large_grid,3,485,42104,-154.0,73,1,0.6429,0.077112
DuelingDQN,large_grid,3,486,42131,-48.0,27,1,0.6426,0.074899
DuelingDQN,large_grid,3,487,42192,-106.0,61,1,0.6421,0.052574
DuelingDQN,large_grid,3,488,42267,-160.0,75,1,0.6415,0.048506
DuelingDQN,large_grid,3,489,42279,-13.0,12,1,0.6414,0.042107
DuelingDQN,large_grid,3,490,42287,-1.0,8,1,0.6413,0.066009
DuelingDQN,large_grid,3,491,42380,-198.0,93,1,0.6405,0.051683
DuelingDQN,large_grid,3,492,42401,-46.0,21,1,0.6404,0.053659
DuelingDQN,large_grid,3,493,42447,-71.0,46,1,0.64,0.033119
DuelingDQN,large_grid,3,494,42552,-242.0,105,1,0.6391,0.061837
DuelingDQN,large_grid,3,495,42578,-47.0,26,1,0.6389,0.081868
DuelingDQN,large_grid,3,496,42580,9.0,2,1,0.6388,0.012195
DuelingDQN,large_grid,3,497,42624,-89.0,44,1,0.6385,0.053176
DuelingDQN,large_grid,3,498,42660,-77.0,36,1,0.6382,0.064012
DuelingDQN,large_grid,3,499,42682,-23.0,22,1,0.638,0.05131
DuelingDQN,large_grid,3,500,42698,-13.0,16,1,0.6378,0.070762
DuelingDQN,large_grid,3,501,42706,-5.0,8,1,0.6378,0.007759
DuelingDQN,large_grid,3,502,42767,-94.0,61,1,0.6373,0.051797
DuelingDQN,large_grid,3,503,42829,-107.0,62,1,0.6367,0.049586
DuelingDQN,large_grid,3,504,42837,-5.0,8,1,0.6367,0.019876
DuelingDQN,large_grid,3,505,42860,-40.0,23,1,0.6365,0.063137
DuelingDQN,large_grid,3,506,42869,-10.0,9,1,0.6364,0.018835
DuelingDQN,large_grid,3,507,42890,-42.0,21,1,0.6362,0.032311
DuelingDQN,large_grid,3,508,43017,-232.0,127,1,0.6351,0.056942
DuelingDQN,large_grid,3,509,43046,-46.0,29,1,0.6349,0.076873
DuelingDQN,large_grid,3,510,43108,-111.0,62,1,0.6344,0.060327
DuelingDQN,large_grid,3,511,43155,-88.0,47,1,0.634,0.052943
DuelingDQN,large_grid,3,512,43177,-19.0,22,1,0.6338,0.040734
DuelingDQN,large_grid,3,513,43224,-84.0,47,1,0.6334,0.045387
DuelingDQN,large_grid,3,514,43244,-13.0,20,1,0.6332,0.086029
DuelingDQN,large_grid,3,515,43334,-163.0,90,1,0.6324,0.079935
DuelingDQN,large_grid,3,516,43371,-66.0,37,1,0.6321,0.050198
DuelingDQN,large_grid,3,517,43439,-149.0,68,1,0.6316,0.045759
DuelingDQN,large_grid,3,518,43477,-75.0,38,1,0.6312,0.026909
DuelingDQN,large_grid,3,519,43514,-46.0,37,1,0.6309,0.072758
DuelingDQN,large_grid,3,520,43548,-67.0,34,1,0.6306,0.051958
DuelingDQN,large_grid,3,521,43602,-95.0,54,1,0.6302,0.061717
DuelingDQN,large_grid,3,522,43661,-124.0,59,1,0.6297,0.065302
DuelingDQN,large_grid,3,523,43715,-79.0,54,1,0.6292,0.066872
DuelingDQN,large_grid,3,524,43751,-65.0,36,1,0.6289,0.062283
DuelingDQN,large_grid,3,525,43831,-129.0,80,1,0.6282,0.041291
DuelingDQN,large_grid,3,526,43896,-106.0,65,1,0.6277,0.071941
DuelingDQN,large_grid,3,527,43913,-26.0,17,1,0.6275,0.04204
DuelingDQN,large_grid,3,528,43986,-122.0,73,1,0.6269,0.059832
DuelingDQN,large_grid,3,529,44000,-11.0,14,1,0.6268,0.030104
DuelingDQN,large_grid,3,530,44095,-196.0,95,1,0.626,0.057983
DuelingDQN,large_grid,3,531,44118,-32.0,23,1,0.6258,0.063669
DuelingDQN,large_grid,3,532,44134,-17.0,16,1,0.6257,0.065953
DuelingDQN,large_grid,3,533,44196,-131.0,62,1,0.6251,0.050866
DuelingDQN,large_grid,3,534,44233,-46.0,37,1,0.6248,0.043859
DuelingDQN,large_grid,3,535,44319,-187.0,86,1,0.6241,0.055665
DuelingDQN,large_grid,3,536,44345,-39.0,26,1,0.6239,0.03552
DuelingDQN,large_grid,3,537,44391,-67.0,46,1,0.6235,0.080223
DuelingDQN,large_grid,3,538,44428,-74.0,37,1,0.6232,0.039077
DuelingDQN,large_grid,3,539,44502,-115.0,74,1,0.6225,0.049653
DuelingDQN,large_grid,3,540,44514,-9.0,12,1,0.6224,0.029823
DuelingDQN,large_grid,3,541,44609,-184.0,95,1,0.6216,0.073423
DuelingDQN,large_grid,3,542,44719,-235.0,110,1,0.6207,0.052766
DuelingDQN,large_grid,3,543,44733,-15.0,14,1,0.6206,0.064058
DuelingDQN,large_grid,3,544,44792,-112.0,59,1,0.6201,0.059639
DuelingDQN,large_grid,3,545,44851,-92.0,59,1,0.6196,0.05625
DuelingDQN,large_grid,3,546,44884,-54.0,33,1,0.6193,0.066169
DuelingDQN,large_grid,3,547,44944,-97.0,60,1,0.6188,0.048409
DuelingDQN,large_grid,3,548,44954,-15.0,10,1,0.6187,0.026469
DuelingDQN,large_grid,3,549,44998,-97.0,44,1,0.6183,0.069664
DuelingDQN,large_grid,3,550,45030,-49.0,32,1,0.6181,0.062868
DuelingDQN,large_grid,3,551,45094,-109.0,64,1,0.6175,0.071761
DuelingDQN,large_grid,3,552,45205,-220.0,111,1,0.6166,0.05041
DuelingDQN,large_grid,3,553,45246,-74.0,41,1,0.6162,0.056761
DuelingDQN,large_grid,3,554,45269,-44.0,23,1,0.616,0.053566
DuelingDQN,large_grid,3,555,45286,-18.0,17,1,0.6159,0.024454
DuelingDQN,large_grid,3,556,45291,6.0,5,1,0.6158,0.015239
DuelingDQN,large_grid,3,557,45331,-57.0,40,1,0.6155,0.042523
DuelingDQN,large_grid,3,558,45358,-40.0,27,1,0.6153,0.032444
DuelingDQN,large_grid,3,559,45398,-73.0,40,1,0.6149,0.039227
DuelingDQN,large_grid,3,560,45431,-46.0,33,1,0.6147,0.055281
DuelingDQN,large_grid,3,561,45503,-113.0,72,1,0.614,0.072995
DuelingDQN,large_grid,3,562,45572,-114.0,69,1,0.6135,0.060496
DuelingDQN,large_grid,3,563,45590,-11.0,18,1,0.6133,0.047359
DuelingDQN,large_grid,3,564,45592,9.0,2,1,0.6133,0.052079
DuelingDQN,large_grid,3,565,45639,-68.0,47,1,0.6129,0.057036
DuelingDQN,large_grid,3,566,45667,-57.0,28,1,0.6127,0.076466
DuelingDQN,large_grid,3,567,45747,-153.0,80,1,0.612,0.065645
DuelingDQN,large_grid,3,568,45800,-130.0,53,1,0.6115,0.07831
DuelingDQN,large_grid,3,569,45824,-17.0,24,1,0.6113,0.05056
DuelingDQN,large_grid,3,570,45850,-31.0,26,1,0.6111,0.051483
DuelingDQN,large_grid,3,571,45870,-25.0,20,1,0.6109,0.03962
DuelingDQN,large_grid,3,572,45900,-55.0,30,1,0.6107,0.065992
DuelingDQN,large_grid,3,573,45928,-21.0,28,1,0.6104,0.0388
DuelingDQN,large_grid,3,574,45968,-49.0,40,1,0.6101,0.064617
DuelingDQN,large_grid,3,575,46019,-104.0,51,1,0.6097,0.060644
DuelingDQN,large_grid,3,576,46046,-56.0,27,1,0.6094,0.0586
DuelingDQN,large_grid,3,577,46049,8.0,3,1,0.6094,0.032028
DuelingDQN,large_grid,3,578,46060,-16.0,11,1,0.6093,0.051692
DuelingDQN,large_grid,3,579,46106,-83.0,46,1,0.6089,0.056901
DuelingDQN,large_grid,3,580,46118,-9.0,12,1,0.6088,0.076038
DuelingDQN,large_grid,3,581,46181,-116.0,63,1,0.6083,0.053489
DuelingDQN,large_grid,3,582,46205,-33.0,24,1,0.6081,0.05503
DuelingDQN,large_grid,3,583,46243,-67.0,38,1,0.6078,0.04256
DuelingDQN,large_grid,3,584,46288,-78.0,45,1,0.6074,0.039211
DuelingDQN,large_grid,3,585,46350,-103.0,62,1,0.6069,0.048646
DuelingDQN,large_grid,3,586,46376,-35.0,26,1,0.6066,0.077529
DuelingDQN,large_grid,3,587,46412,-45.0,36,1,0.6063,0.03908
DuelingDQN,large_grid,3,588,46449,-54.0,37,1,0.606,0.037442
DuelingDQN,large_grid,3,589,46536,-180.0,87,1,0.6053,0.071449
DuelingDQN,large_grid,3,590,46571,-56.0,35,1,0.605,0.050608
DuelingDQN,large_grid,3,591,46626,-100.0,55,1,0.6045,0.063496
DuelingDQN,large_grid,3,592,46652,-39.0,26,1,0.6043,0.045385
DuelingDQN,large_grid,3,593,46716,-121.0,64,1,0.6038,0.042005
DuelingDQN,large_grid,3,594,46719,8.0,3,1,0.6037,0.009506
DuelingDQN,large_grid,3,595,46744,-30.0,25,1,0.6035,0.057463
DuelingDQN,large_grid,3,596,46762,-11.0,18,1,0.6034,0.05746
DuelingDQN,large_grid,3,597,46795,-42.0,33,1,0.6031,0.054382
DuelingDQN,large_grid,3,598,46862,-128.0,67,1,0.6025,0.040689
DuelingDQN,large_grid,3,599,46908,-75.0,46,1,0.6021,0.040233
DuelingDQN,large_grid,3,600,46913,6.0,5,1,0.6021,0.071074
DuelingDQN,large_grid,3,601,46989,-141.0,76,1,0.6014,0.038431
DuelingDQN,large_grid,3,602,47016,-24.0,27,1,0.6012,0.07379
DuelingDQN,large_grid,3,603,47025,-2.0,9,1,0.6011,0.079219
DuelingDQN,large_grid,3,604,47075,-87.0,50,1,0.6007,0.074591
DuelingDQN,large_grid,3,605,47096,-30.0,21,1,0.6005,0.042026
DuelingDQN,large_grid,3,606,47149,-90.0,53,1,0.6001,0.053199
DuelingDQN,large_grid,3,607,47258,-250.0,109,1,0.5992,0.058478
DuelingDQN,large_grid,3,608,47312,-103.0,54,1,0.5987,0.056705
DuelingDQN,large_grid,3,609,47387,-144.0,75,1,0.5981,0.040814
DuelingDQN,large_grid,3,610,47455,-113.0,68,1,0.5975,0.027004
DuelingDQN,large_grid,3,611,47527,-129.0,72,1,0.5969,0.050499
DuelingDQN,large_grid,3,612,47547,-13.0,20,1,0.5967,0.077494
DuelingDQN,large_grid,3,613,47580,-58.0,33,1,0.5964,0.0441
DuelingDQN,large_grid,3,614,47605,-38.0,25,1,0.5962,0.062757
DuelingDQN,large_grid,3,615,47633,-45.0,28,1,0.596,0.055448
DuelingDQN,large_grid,3,616,47677,-105.0,44,1,0.5956,0.045517
DuelingDQN,large_grid,3,617,47685,-1.0,8,1,0.5955,0.04254
DuelingDQN,large_grid,3,618,47716,-52.0,31,1,0.5953,0.056165
DuelingDQN,large_grid,3,619,47773,-114.0,57,1,0.5948,0.056443
DuelingDQN,large_grid,3,620,47792,-24.0,19,1,0.5946,0.049215
DuelingDQN,large_grid,3,621,47846,-91.0,54,1,0.5942,0.040502
DuelingDQN,large_grid,3,622,47884,-91.0,38,1,0.5938,0.043471
DuelingDQN,large_grid,3,623,47915,-44.0,31,1,0.5936,0.063206
DuelingDQN,large_grid,3,624,47942,-52.0,27,1,0.5934,0.070255
DuelingDQN,large_grid,3,625,47946,3.0,4,1,0.5933,0.01588
DuelingDQN,large_grid,3,626,47962,-13.0,16,1,0.5932,0.038666
DuelingDQN,large_grid,3,627,48013,-84.0,51,1,0.5928,0.055114
DuelingDQN,large_grid,3,628,48056,-72.0,43,1,0.5924,0.055003
DuelingDQN,large_grid,3,629,48083,-48.0,27,1,0.5922,0.046216
DuelingDQN,large_grid,3,630,48108,-30.0,25,1,0.5919,0.042874
DuelingDQN,large_grid,3,631,48118,-11.0,10,1,0.5919,0.051639
DuelingDQN,large_grid,3,632,48150,-73.0,32,1,0.5916,0.04817
DuelingDQN,large_grid,3,633,48187,-54.0,37,1,0.5913,0.035445
DuelingDQN,large_grid,3,634,48220,-66.0,33,1,0.591,0.04263
DuelingDQN,large_grid,3,635,48247,-32.0,27,1,0.5908,0.031096
DuelingDQN,large_grid,3,636,48291,-89.0,44,1,0.5904,0.07473
DuelingDQN,large_grid,3,637,48298,0.0,7,1,0.5903,0.05378
DuelingDQN,large_grid,3,638,48378,-149.0,80,1,0.5897,0.050905
DuelingDQN,large_grid,3,639,48468,-171.0,90,1,0.5889,0.053277
DuelingDQN,large_grid,3,640,48507,-72.0,39,1,0.5886,0.04112
DuelingDQN,large_grid,3,641,48580,-130.0,73,1,0.5879,0.045462
DuelingDQN,large_grid,3,642,48651,-132.0,71,1,0.5873,0.044907
DuelingDQN,large_grid,3,643,48696,-62.0,45,1,0.587,0.062623
DuelingDQN,large_grid,3,644,48722,-47.0,26,1,0.5867,0.052143
DuelingDQN,large_grid,3,645,48743,-14.0,21,1,0.5866,0.031495
DuelingDQN,large_grid,3,646,48803,-125.0,60,1,0.5861,0.049809
DuelingDQN,large_grid,3,647,48842,-68.0,39,1,0.5857,0.05955
DuelingDQN,large_grid,3,648,48843,10.0,1,1,0.5857,0.013526
DuelingDQN,large_grid,3,649,48894,-84.0,51,1,0.5853,0.046331
DuelingDQN,large_grid,3,650,48979,-178.0,85,1,0.5846,0.057971
DuelingDQN,large_grid,3,651,48995,-13.0,16,1,0.5844,0.016836
DuelingDQN,large_grid,3,652,49028,-46.0,33,1,0.5841,0.096262
DuelingDQN,large_grid,3,653,49054,-43.0,26,1,0.5839,0.064293
DuelingDQN,large_grid,3,654,49160,-219.0,106,1,0.583,0.061982
DuelingDQN,large_grid,3,655,49167,4.0,7,1,0.583,0.02592
DuelingDQN,large_grid,3,656,49189,-23.0,22,1,0.5828,0.068858
DuelingDQN,large_grid,3,657,49243,-99.0,54,1,0.5823,0.067518
DuelingDQN,large_grid,3,658,49297,-99.0,54,1,0.5819,0.051135
DuelingDQN,large_grid,3,659,49327,-51.0,30,1,0.5816,0.056908
DuelingDQN,large_grid,3,660,49378,-100.0,51,1,0.5812,0.04745
DuelingDQN,large_grid,3,661,49406,-45.0,28,1,0.5809,0.064391
DuelingDQN,large_grid,3,662,49421,-28.0,15,1,0.5808,0.032479
DuelingDQN,large_grid,3,663,49501,-137.0,80,1,0.5801,0.050245
DuelingDQN,large_grid,3,664,49567,-131.0,66,1,0.5796,0.093001
DuelingDQN,large_grid,3,665,49604,-66.0,37,1,0.5793,0.061862
DuelingDQN,large_grid,3,666,49649,-106.0,45,1,0.5789,0.025745
DuelingDQN,large_grid,3,667,49662,-14.0,13,1,0.5788,0.052102
DuelingDQN,large_grid,3,668,49701,-88.0,39,1,0.5784,0.040298
DuelingDQN,large_grid,3,669,49747,-79.0,46,1,0.578,0.058467
DuelingDQN,large_grid,3,670,49773,-43.0,26,1,0.5778,0.026404
DuelingDQN,large_grid,3,671,49833,-117.0,60,1,0.5773,0.045146
DuelingDQN,large_grid,3,672,49904,-140.0,71,1,0.5767,0.045677
DuelingDQN,large_grid,3,673,49925,-26.0,21,1,0.5765,0.071629
DuelingDQN,large_grid,3,674,49980,-92.0,55,1,0.5761,0.042604
DuelingDQN,large_grid,3,675,50024,-69.0,44,1,0.5757,0.058064
DuelingDQN,large_grid,3,676,50083,-104.0,59,1,0.5752,0.052648
DuelingDQN,large_grid,3,677,50124,-58.0,41,1,0.5748,0.056508
DuelingDQN,large_grid,3,678,50163,-64.0,39,1,0.5745,0.058435
DuelingDQN,large_grid,3,679,50184,-34.0,21,1,0.5743,0.030296
DuelingDQN,large_grid,3,680,50246,-115.0,62,1,0.5738,0.044051
DuelingDQN,large_grid,3,681,50424,-363.0,178,1,0.5723,0.037745
DuelingDQN,large_grid,3,682,50451,-44.0,27,1,0.5721,0.023543
DuelingDQN,large_grid,3,683,50526,-136.0,75,1,0.5714,0.064335
DuelingDQN,large_grid,3,684,50531,6.0,5,1,0.5714,0.059934
DuelingDQN,large_grid,3,685,50575,-73.0,44,1,0.571,0.074715
DuelingDQN,large_grid,3,686,50605,-43.0,30,1,0.5708,0.054213
DuelingDQN,large_grid,3,687,50631,-39.0,26,1,0.5705,0.070509
DuelingDQN,large_grid,3,688,50655,-53.0,24,1,0.5703,0.04236
DuelingDQN,large_grid,3,689,50684,-38.0,29,1,0.5701,0.059395
DuelingDQN,large_grid,3,690,50718,-47.0,34,1,0.5698,0.053699
DuelingDQN,large_grid,3,691,50724,1.0,6,1,0.5698,0.053308
DuelingDQN,large_grid,3,692,50832,-245.0,108,1,0.5688,0.040286
DuelingDQN,large_grid,3,693,50852,-21.0,20,1,0.5687,0.033395
DuelingDQN,large_grid,3,694,50940,-161.0,88,1,0.5679,0.033824
DuelingDQN,large_grid,3,695,51057,-214.0,117,1,0.5669,0.071143
DuelingDQN,large_grid,3,696,51079,-31.0,22,1,0.5667,0.065922
DuelingDQN,large_grid,3,697,51137,-107.0,58,1,0.5663,0.056249
DuelingDQN,large_grid,3,698,51168,-40.0,31,1,0.566,0.036454
DuelingDQN,large_grid,3,699,51243,-148.0,75,1,0.5654,0.049274
DuelingDQN,large_grid,3,700,51292,-54.0,49,1,0.5649,0.047053
DuelingDQN,large_grid,3,701,51324,-41.0,32,1,0.5647,0.032799
DuelingDQN,large_grid,3,702,51354,-39.0,30,1,0.5644,0.035576
DuelingDQN,large_grid,3,703,51405,-84.0,51,1,0.564,0.026918
DuelingDQN,large_grid,3,704,51479,-115.0,74,1,0.5634,0.035054
DuelingDQN,large_grid,3,705,51539,-89.0,60,1,0.5628,0.070988
DuelingDQN,large_grid,3,706,51604,-114.0,65,1,0.5623,0.065365
DuelingDQN,large_grid,3,707,51618,-11.0,14,1,0.5622,0.046764
DuelingDQN,large_grid,3,708,51644,-39.0,26,1,0.562,0.051872
DuelingDQN,large_grid,3,709,51656,-9.0,12,1,0.5619,0.048843
DuelingDQN,large_grid,3,710,51740,-165.0,84,1,0.5611,0.048485
DuelingDQN,large_grid,3,711,51756,-17.0,16,1,0.561,0.033159
DuelingDQN,large_grid,3,712,51763,0.0,7,1,0.5609,0.062008
DuelingDQN,large_grid,3,713,51805,-59.0,42,1,0.5606,0.063046
DuelingDQN,large_grid,3,714,51816,-12.0,11,1,0.5605,0.053417
DuelingDQN,large_grid,3,715,51825,-10.0,9,1,0.5604,0.038416
DuelingDQN,large_grid,3,716,51892,-112.0,67,1,0.5599,0.063764
DuelingDQN,large_grid,3,717,51970,-155.0,78,1,0.5592,0.052091
DuelingDQN,large_grid,3,718,52015,-74.0,45,1,0.5588,0.063358
DuelingDQN,large_grid,3,719,52087,-141.0,72,1,0.5582,0.092104
DuelingDQN,large_grid,3,720,52129,-71.0,42,1,0.5578,0.053257
DuelingDQN,large_grid,3,721,52161,-49.0,32,1,0.5576,0.035382
DuelingDQN,large_grid,3,722,52202,-58.0,41,1,0.5572,0.0561
DuelingDQN,large_grid,3,723,52225,-20.0,23,1,0.557,0.065103
DuelingDQN,large_grid,3,724,52263,-55.0,38,1,0.5567,0.046587
DuelingDQN,large_grid,3,725,52278,-12.0,15,1,0.5566,0.080873
DuelingDQN,large_grid,3,726,52290,-5.0,12,1,0.5565,0.088145
DuelingDQN,large_grid,3,727,52301,-12.0,11,1,0.5564,0.072588
DuelingDQN,large_grid,3,728,52324,-36.0,23,1,0.5562,0.051086
DuelingDQN,large_grid,3,729,52396,-133.0,72,1,0.5556,0.047802
DuelingDQN,large_grid,3,730,52434,-55.0,38,1,0.5553,0.033239
DuelingDQN,large_grid,3,731,52451,-34.0,17,1,0.5551,0.030494
DuelingDQN,large_grid,3,732,52514,-124.0,63,1,0.5546,0.059885
DuelingDQN,large_grid,3,733,52525,-8.0,11,1,0.5545,0.121633
DuelingDQN,large_grid,3,734,52566,-86.0,41,1,0.5541,0.082129
DuelingDQN,large_grid,3,735,52592,-51.0,26,1,0.5539,0.070488
DuelingDQN,large_grid,3,736,52664,-117.0,72,1,0.5533,0.052787
DuelingDQN,large_grid,3,737,52702,-63.0,38,1,0.553,0.046304
DuelingDQN,large_grid,3,738,52721,-20.0,19,1,0.5528,0.108535
DuelingDQN,large_grid,3,739,52733,-17.0,12,1,0.5527,0.041011
DuelingDQN,large_grid,3,740,52742,2.0,9,1,0.5526,0.021295
DuelingDQN,large_grid,3,741,52791,-86.0,49,1,0.5522,0.045368
DuelingDQN,large_grid,3,742,52819,-21.0,28,1,0.552,0.065718
DuelingDQN,large_grid,3,743,53019,-436.0,200,0,0.5503,0.058542
DuelingDQN,large_grid,3,744,53073,-71.0,54,1,0.5498,0.062466
DuelingDQN,large_grid,3,745,53081,-5.0,8,1,0.5498,0.061717
DuelingDQN,large_grid,3,746,53100,-24.0,19,1,0.5496,0.064698
DuelingDQN,large_grid,3,747,53187,-164.0,87,1,0.5489,0.052387
DuelingDQN,large_grid,3,748,53220,-50.0,33,1,0.5486,0.056351
DuelingDQN,large_grid,3,749,53280,-121.0,60,1,0.5481,0.040511
DuelingDQN,large_grid,3,750,53298,-23.0,18,1,0.5479,0.054533
DuelingDQN,large_grid,3,751,53366,-149.0,68,1,0.5474,0.052738
DuelingDQN,large_grid,3,752,53422,-101.0,56,1,0.5469,0.054084
DuelingDQN,large_grid,3,753,53449,-56.0,27,1,0.5466,0.084978
DuelingDQN,large_grid,3,754,53513,-105.0,64,1,0.5461,0.047152
DuelingDQN,large_grid,3,755,53531,-27.0,18,1,0.546,0.082269
DuelingDQN,large_grid,3,756,53597,-123.0,66,1,0.5454,0.079561
DuelingDQN,large_grid,3,757,53612,-8.0,15,1,0.5453,0.063467
DuelingDQN,large_grid,3,758,53651,-80.0,39,1,0.5449,0.047378
DuelingDQN,large_grid,3,759,53687,-41.0,36,1,0.5446,0.069836
DuelingDQN,large_grid,3,760,53701,-7.0,14,1,0.5445,0.068293
DuelingDQN,large_grid,3,761,53738,-46.0,37,1,0.5442,0.092131
DuelingDQN,large_grid,3,762,53829,-176.0,91,1,0.5434,0.086066
DuelingDQN,large_grid,3,763,53853,-37.0,24,1,0.5432,0.041508
DuelingDQN,large_grid,3,764,53882,-38.0,29,1,0.543,0.088691
DuelingDQN,large_grid,3,765,53929,-68.0,47,1,0.5426,0.06707
DuelingDQN,large_grid,3,766,53966,-58.0,37,1,0.5423,0.03762
DuelingDQN,large_grid,3,767,54005,-76.0,39,1,0.5419,0.072537
DuelingDQN,large_grid,3,768,54019,-15.0,14,1,0.5418,0.111804
DuelingDQN,large_grid,3,769,54082,-96.0,63,1,0.5413,0.067177
DuelingDQN,large_grid,3,770,54093,-4.0,11,1,0.5412,0.054215
DuelingDQN,large_grid,3,771,54140,-64.0,47,1,0.5408,0.057317
DuelingDQN,large_grid,3,772,54184,-57.0,44,1,0.5404,0.037779
DuelingDQN,large_grid,3,773,54240,-65.0,56,1,0.5399,0.07711
DuelingDQN,large_grid,3,774,54258,-19.0,18,1,0.5398,0.024822
DuelingDQN,large_grid,3,775,54307,-70.0,49,1,0.5394,0.024365
DuelingDQN,large_grid,3,776,54328,-22.0,21,1,0.5392,0.069887
DuelingDQN,large_grid,3,777,54358,-35.0,30,1,0.5389,0.063452
DuelingDQN,large_grid,3,778,54362,-1.0,4,1,0.5389,0.134802
DuelingDQN,large_grid,3,779,54381,-12.0,19,1,0.5387,0.088613
DuelingDQN,large_grid,3,780,54391,-7.0,10,1,0.5387,0.01833
DuelingDQN,large_grid,3,781,54415,-25.0,24,1,0.5385,0.049061
DuelingDQN,large_grid,3,782,54430,-16.0,15,1,0.5383,0.049381
DuelingDQN,large_grid,3,783,54506,-153.0,76,1,0.5377,0.05722
DuelingDQN,large_grid,3,784,54546,-65.0,40,1,0.5373,0.058349
DuelingDQN,large_grid,3,785,54562,-13.0,16,1,0.5372,0.071986
DuelingDQN,large_grid,3,786,54570,-9.0,8,1,0.5371,0.090098
DuelingDQN,large_grid,3,787,54620,-91.0,50,1,0.5367,0.061977
DuelingDQN,large_grid,3,788,54648,-37.0,28,1,0.5365,0.039439
DuelingDQN,large_grid,3,789,54694,-67.0,46,1,0.5361,0.080832
DuelingDQN,large_grid,3,790,54722,-41.0,28,1,0.5358,0.047367
DuelingDQN,large_grid,3,791,54771,-66.0,49,1,0.5354,0.053663
DuelingDQN,large_grid,3,792,54852,-130.0,81,1,0.5347,0.045868
DuelingDQN,large_grid,3,793,54882,-35.0,30,1,0.5345,0.042939
DuelingDQN,large_grid,3,794,54891,2.0,9,1,0.5344,0.055186
DuelingDQN,large_grid,3,795,54914,-36.0,23,1,0.5342,0.07312
DuelingDQN,large_grid,3,796,54915,10.0,1,1,0.5342,0.234719
DuelingDQN,large_grid,3,797,54969,-95.0,54,1,0.5338,0.063689
DuelingDQN,large_grid,3,798,54977,3.0,8,1,0.5337,0.077198
DuelingDQN,large_grid,3,799,55000,-32.0,23,1,0.5335,0.06173
DuelingDQN,large_grid,3,800,55057,-90.0,57,1,0.533,0.068304
DQN,large_grid,4,1,200,-616.0,200,0,0.9983,
DQN,large_grid,4,2,400,-572.0,200,0,0.9966,
DQN,large_grid,4,3,600,-576.0,200,0,0.9949,
DQN,large_grid,4,4,612,-9.0,12,1,0.9948,
DQN,large_grid,4,5,812,-548.0,200,0,0.9931,
DQN,large_grid,4,6,1012,-620.0,200,0,0.9914,2.147531
DQN,large_grid,4,7,1212,-616.0,200,0,0.9897,1.059007
DQN,large_grid,4,8,1271,-136.0,59,1,0.9892,0.438945
DQN,large_grid,4,9,1471,-608.0,200,0,0.9875,0.41773
DQN,large_grid,4,10,1671,-600.0,200,0,0.9858,0.446343
DQN,large_grid,4,11,1871,-600.0,200,0,0.9841,0.423372
DQN,large_grid,4,12,2071,-588.0,200,0,0.9824,0.379664
DQN,large_grid,4,13,2271,-400.0,200,0,0.9807,0.337791
DQN,large_grid,4,14,2471,-588.0,200,0,0.979,0.303202
DQN,large_grid,4,15,2671,-580.0,200,0,0.9773,0.27041
DQN,large_grid,4,16,2871,-608.0,200,0,0.9756,0.237325
DQN,large_grid,4,17,3071,-540.0,200,0,0.974,0.236533
DQN,large_grid,4,18,3271,-564.0,200,0,0.9723,0.190284
DQN,large_grid,4,19,3471,-512.0,200,0,0.9706,0.177001
DQN,large_grid,4,20,3671,-592.0,200,0,0.9689,0.180179
DQN,large_grid,4,21,3871,-496.0,200,0,0.9672,0.163525
DQN,large_grid,4,22,3922,-100.0,51,1,0.9667,0.166119
DQN,large_grid,4,23,4122,-528.0,200,0,0.965,0.18458
DQN,large_grid,4,24,4322,-556.0,200,0,0.9633,0.15524
DQN,large_grid,4,25,4522,-584.0,200,0,0.9616,0.154714
DQN,large_grid,4,26,4722,-556.0,200,0,0.9599,0.129239
DQN,large_grid,4,27,4922,-484.0,200,0,0.9583,0.132447
DQN,large_grid,4,28,5122,-512.0,200,0,0.9566,0.133451
DQN,large_grid,4,29,5322,-576.0,200,0,0.9549,0.11618
DQN,large_grid,4,30,5522,-640.0,200,0,0.9532,0.11038
DQN,large_grid,4,31,5722,-560.0,200,0,0.9515,0.092411
DQN,large_grid,4,32,5922,-572.0,200,0,0.9498,0.089958
DQN,large_grid,4,33,5941,-24.0,19,1,0.9496,0.073772
DQN,large_grid,4,34,6141,-484.0,200,0,0.9479,0.091186
DQN,large_grid,4,35,6143,5.0,2,1,0.9479,0.069696
DQN,large_grid,4,36,6343,-600.0,200,0,0.9462,0.094936
DQN,large_grid,4,37,6543,-564.0,200,0,0.9445,0.082508
DQN,large_grid,4,38,6743,-440.0,200,0,0.9428,0.079443
DQN,large_grid,4,39,6943,-576.0,200,0,0.9411,0.064342
DQN,large_grid,4,40,7143,-588.0,200,0,0.9394,0.075411
DQN,large_grid,4,41,7343,-424.0,200,0,0.9377,0.071642
DQN,large_grid,4,42,7426,-160.0,83,1,0.937,0.043806
DQN,large_grid,4,43,7450,-49.0,24,1,0.9368,0.094529
DQN,large_grid,4,44,7650,-572.0,200,0,0.9351,0.075703
DQN,large_grid,4,45,7850,-500.0,200,0,0.9334,0.058529
DQN,large_grid,4,46,7990,-329.0,140,1,0.9322,0.046087
DQN,large_grid,4,47,8190,-436.0,200,0,0.9305,0.067915
DQN,large_grid,4,48,8390,-396.0,200,0,0.9288,0.054762
DQN,large_grid,4,49,8590,-564.0,200,0,0.9271,0.054255
DQN,large_grid,4,50,8790,-572.0,200,0,0.9254,0.044365
DQN,large_grid,4,51,8990,-488.0,200,0,0.9237,0.051625
DQN,large_grid,4,52,9190,-508.0,200,0,0.922,0.052787
DQN,large_grid,4,53,9390,-560.0,200,0,0.9204,0.041914
DQN,large_grid,4,54,9399,-14.0,9,1,0.9203,0.019115
DQN,large_grid,4,55,9599,-580.0,200,0,0.9186,0.051363
DQN,large_grid,4,56,9727,-337.0,128,1,0.9175,0.04309
DQN,large_grid,4,57,9927,-576.0,200,0,0.9158,0.036839
DQN,large_grid,4,58,10112,-462.0,185,1,0.9142,0.039897
DQN,large_grid,4,59,10312,-520.0,200,0,0.9125,0.03888
DQN,large_grid,4,60,10512,-456.0,200,0,0.9108,0.050478
DQN,large_grid,4,61,10712,-392.0,200,0,0.9091,0.041788
DQN,large_grid,4,62,10912,-528.0,200,0,0.9074,0.042762
DQN,large_grid,4,63,11085,-458.0,173,1,0.906,0.047882
DQN,large_grid,4,64,11285,-508.0,200,0,0.9043,0.043032
DQN,large_grid,4,65,11485,-440.0,200,0,0.9026,0.037531
DQN,large_grid,4,66,11685,-520.0,200,0,0.9009,0.038035
DQN,large_grid,4,67,11885,-500.0,200,0,0.8992,0.05311
DQN,large_grid,4,68,12085,-536.0,200,0,0.8975,0.057913
DQN,large_grid,4,69,12285,-448.0,200,0,0.8958,0.04515
DQN,large_grid,4,70,12485,-552.0,200,0,0.8941,0.024309
DQN,large_grid,4,71,12685,-568.0,200,0,0.8924,0.044012
DQN,large_grid,4,72,12885,-560.0,200,0,0.8907,0.053773
DQN,large_grid,4,73,13085,-576.0,200,0,0.889,0.039604
DQN,large_grid,4,74,13207,-291.0,122,1,0.888,0.026495
DQN,large_grid,4,75,13225,-23.0,18,1,0.8878,0.006196
DQN,large_grid,4,76,13425,-592.0,200,0,0.8861,0.031704
DQN,large_grid,4,77,13625,-412.0,200,0,0.8844,0.043665
DQN,large_grid,4,78,13825,-528.0,200,0,0.8827,0.031921
DQN,large_grid,4,79,14025,-596.0,200,0,0.881,0.054576
DQN,large_grid,4,80,14225,-476.0,200,0,0.8793,0.051655
DQN,large_grid,4,81,14425,-568.0,200,0,0.8776,0.056207
DQN,large_grid,4,82,14493,-121.0,68,1,0.8771,0.005256
DQN,large_grid,4,83,14693,-380.0,200,0,0.8754,0.061307
DQN,large_grid,4,84,14766,-130.0,73,1,0.8748,0.050179
DQN,large_grid,4,85,14966,-456.0,200,0,0.8731,0.035673
DQN,large_grid,4,86,15166,-488.0,200,0,0.8714,0.052147
DQN,large_grid,4,87,15195,-42.0,29,1,0.8711,0.004975
DQN,large_grid,4,88,15395,-576.0,200,0,0.8694,0.03542
DQN,large_grid,4,89,15415,-33.0,20,1,0.8692,0.060566
DQN,large_grid,4,90,15615,-552.0,200,0,0.8676,0.050151
DQN,large_grid,4,91,15815,-512.0,200,0,0.8659,0.05835
DQN,large_grid,4,92,16015,-428.0,200,0,0.8642,0.052391
DQN,large_grid,4,93,16215,-500.0,200,0,0.8625,0.04032
DQN,large_grid,4,94,16415,-368.0,200,0,0.8608,0.018337
DQN,large_grid,4,95,16509,-207.0,94,1,0.86,0.063177
DQN,large_grid,4,96,16709,-516.0,200,0,0.8583,0.040939
DQN,large_grid,4,97,16909,-384.0,200,0,0.8566,0.036162
DQN,large_grid,4,98,17109,-556.0,200,0,0.8549,0.048934
DQN,large_grid,4,99,17309,-460.0,200,0,0.8532,0.058025
DQN,large_grid,4,100,17509,-532.0,200,0,0.8515,0.053831
DQN,large_grid,4,101,17709,-408.0,200,0,0.8498,0.03563
DQN,large_grid,4,102,17909,-492.0,200,0,0.8481,0.040105
DQN,large_grid,4,103,18109,-376.0,200,0,0.8464,0.060391
DQN,large_grid,4,104,18309,-420.0,200,0,0.8447,0.044856
DQN,large_grid,4,105,18509,-424.0,200,0,0.843,0.036119
DQN,large_grid,4,106,18709,-528.0,200,0,0.8413,0.053829
DQN,large_grid,4,107,18909,-524.0,200,0,0.8396,0.048239
DQN,large_grid,4,108,19109,-376.0,200,0,0.8379,0.056831
DQN,large_grid,4,109,19309,-352.0,200,0,0.8362,0.020051
DQN,large_grid,4,110,19509,-452.0,200,0,0.8345,0.043612
DQN,large_grid,4,111,19709,-532.0,200,0,0.8328,0.063647
DQN,large_grid,4,112,19909,-524.0,200,0,0.8311,0.059162
DQN,large_grid,4,113,20039,-251.0,130,1,0.83,0.066308
DQN,large_grid,4,114,20239,-536.0,200,0,0.8283,0.037135
DQN,large_grid,4,115,20439,-356.0,200,0,0.8266,0.049909
DQN,large_grid,4,116,20639,-540.0,200,0,0.8249,0.061088
DQN,large_grid,4,117,20839,-412.0,200,0,0.8232,0.054122
DQN,large_grid,4,118,21039,-516.0,200,0,0.8215,0.048962
DQN,large_grid,4,119,21239,-464.0,200,0,0.8198,0.041053
DQN,large_grid,4,120,21439,-408.0,200,0,0.8182,0.033526
DQN,large_grid,4,121,21639,-488.0,200,0,0.8165,0.058553
DQN,large_grid,4,122,21839,-512.0,200,0,0.8148,0.044773
DQN,large_grid,4,123,22039,-496.0,200,0,0.8131,0.048875
DQN,large_grid,4,124,22239,-500.0,200,0,0.8114,0.056211
DQN,large_grid,4,125,22439,-488.0,200,0,0.8097,0.038103
DQN,large_grid,4,126,22639,-452.0,200,0,0.808,0.071291
DQN,large_grid,4,127,22839,-364.0,200,0,0.8063,0.042185
DQN,large_grid,4,128,23039,-360.0,200,0,0.8046,0.053886
DQN,large_grid,4,129,23239,-404.0,200,0,0.8029,0.043411
DQN,large_grid,4,130,23439,-360.0,200,0,0.8012,0.031621
DQN,large_grid,4,131,23639,-508.0,200,0,0.7995,0.074106
DQN,large_grid,4,132,23811,-365.0,172,1,0.798,0.066863
DQN,large_grid,4,133,23854,-72.0,43,1,0.7977,0.036101
DQN,large_grid,4,134,24054,-528.0,200,0,0.796,0.04702
DQN,large_grid,4,135,24254,-388.0,200,0,0.7943,0.032486
DQN,large_grid,4,136,24454,-468.0,200,0,0.7926,0.050693
DQN,large_grid,4,137,24536,-155.0,82,1,0.7919,0.055863
DQN,large_grid,4,138,24736,-500.0,200,0,0.7902,0.044893
DQN,large_grid,4,139,24936,-436.0,200,0,0.7885,0.066553
DQN,large_grid,4,140,25136,-460.0,200,0,0.7868,0.046728
DQN,large_grid,4,141,25336,-376.0,200,0,0.7851,0.048254
DQN,large_grid,4,142,25536,-516.0,200,0,0.7834,0.025625
DQN,large_grid,4,143,25664,-289.0,128,1,0.7823,0.057913
DQN,large_grid,4,144,25864,-440.0,200,0,0.7806,0.056232
DQN,large_grid,4,145,26064,-444.0,200,0,0.7789,0.04441
DQN,large_grid,4,146,26080,-29.0,16,1,0.7788,0.003044
DQN,large_grid,4,147,26280,-376.0,200,0,0.7771,0.049218
DQN,large_grid,4,148,26480,-580.0,200,0,0.7754,0.05305
DQN,large_grid,4,149,26680,-356.0,200,0,0.7737,0.056915
DQN,large_grid,4,150,26880,-504.0,200,0,0.772,0.041633
DQN,large_grid,4,151,27080,-388.0,200,0,0.7703,0.073457
DQN,large_grid,4,152,27243,-360.0,163,1,0.7689,0.051074
DQN,large_grid,4,153,27443,-388.0,200,0,0.7672,0.045731
DQN,large_grid,4,154,27643,-328.0,200,0,0.7655,0.04167
DQN,large_grid,4,155,27843,-520.0,200,0,0.7638,0.050847
DQN,large_grid,4,156,27905,-119.0,62,1,0.7633,0.055147
DQN,large_grid,4,157,28105,-440.0,200,0,0.7616,0.070753
DQN,large_grid,4,158,28293,-409.0,188,1,0.76,0.05443
DQN,large_grid,4,159,28493,-432.0,200,0,0.7583,0.04231
DQN,large_grid,4,160,28530,-66.0,37,1,0.758,0.056476
DQN,large_grid,4,161,28730,-384.0,200,0,0.7563,0.056343
DQN,large_grid,4,162,28930,-368.0,200,0,0.7546,0.059897
DQN,large_grid,4,163,29130,-404.0,200,0,0.7529,0.07538
DQN,large_grid,4,164,29330,-512.0,200,0,0.7512,0.051696
DQN,large_grid,4,165,29530,-464.0,200,0,0.7495,0.046149
DQN,large_grid,4,166,29730,-544.0,200,0,0.7478,0.02865
DQN,large_grid,4,167,29930,-456.0,200,0,0.7461,0.060948
DQN,large_grid,4,168,29973,-76.0,43,1,0.7458,0.041677
DQN,large_grid,4,169,30173,-452.0,200,0,0.7441,0.069564
DQN,large_grid,4,170,30373,-364.0,200,0,0.7424,0.061298
DQN,large_grid,4,171,30573,-464.0,200,0,0.7407,0.05007
DQN,large_grid,4,172,30773,-468.0,200,0,0.739,0.036142
DQN,large_grid,4,173,30973,-472.0,200,0,0.7373,0.040636
DQN,large_grid,4,174,31173,-512.0,200,0,0.7356,0.048691
DQN,large_grid,4,175,31373,-492.0,200,0,0.7339,0.046067
DQN,large_grid,4,176,31573,-496.0,200,0,0.7322,0.05685
DQN,large_grid,4,177,31773,-384.0,200,0,0.7305,0.050646
DQN,large_grid,4,178,31973,-400.0,200,0,0.7288,0.054345
DQN,large_grid,4,179,32173,-464.0,200,0,0.7271,0.064682
DQN,large_grid,4,180,32373,-328.0,200,0,0.7254,0.045891
DQN,large_grid,4,181,32573,-488.0,200,0,0.7237,0.046925
DQN,large_grid,4,182,32773,-344.0,200,0,0.722,0.082011
DQN,large_grid,4,183,32973,-468.0,200,0,0.7203,0.037323
DQN,large_grid,4,184,33144,-336.0,171,1,0.7189,0.076114
DQN,large_grid,4,185,33294,-271.0,150,1,0.7176,0.085536
DQN,large_grid,4,186,33377,-132.0,83,1,0.7169,0.045225
DQN,large_grid,4,187,33577,-356.0,200,0,0.7152,0.092327
DQN,large_grid,4,188,33777,-376.0,200,0,0.7135,0.047712
DQN,large_grid,4,189,33805,-61.0,28,1,0.7133,0.001946
DQN,large_grid,4,190,33821,-13.0,16,1,0.7131,0.225212
DQN,large_grid,4,191,33857,-69.0,36,1,0.7128,0.051842
DQN,large_grid,4,192,34057,-396.0,200,0,0.7111,0.043901
DQN,large_grid,4,193,34257,-412.0,200,0,0.7094,0.052505
DQN,large_grid,4,194,34457,-484.0,200,0,0.7077,0.083739
DQN,large_grid,4,195,34640,-368.0,183,1,0.7062,0.048835
DQN,large_grid,4,196,34840,-468.0,200,0,0.7045,0.085108
DQN,large_grid,4,197,35006,-343.0,166,1,0.7031,0.07174
DQN,large_grid,4,198,35062,-125.0,56,1,0.7026,0.029405
DQN,large_grid,4,199,35262,-348.0,200,0,0.7009,0.075483
DQN,large_grid,4,200,35462,-432.0,200,0,0.6992,0.07543
DQN,large_grid,4,201,35570,-245.0,108,1,0.6983,0.067515
DQN,large_grid,4,202,35770,-412.0,200,0,0.6966,0.053141
DQN,large_grid,4,203,35837,-120.0,67,1,0.696,0.057921
DQN,large_grid,4,204,36037,-296.0,200,0,0.6943,0.072352
DQN,large_grid,4,205,36237,-472.0,200,0,0.6926,0.08218
DQN,large_grid,4,206,36437,-448.0,200,0,0.6909,0.067558
DQN,large_grid,4,207,36637,-488.0,200,0,0.6892,0.078746
DQN,large_grid,4,208,36837,-460.0,200,0,0.6875,0.069055
DQN,large_grid,4,209,36932,-136.0,95,1,0.6867,0.042276
DQN,large_grid,4,210,37132,-452.0,200,0,0.685,0.074926
DQN,large_grid,4,211,37332,-436.0,200,0,0.6833,0.068729
DQN,large_grid,4,212,37532,-460.0,200,0,0.6816,0.087048
DQN,large_grid,4,213,37694,-275.0,162,1,0.6803,0.103258
DQN,large_grid,4,214,37844,-295.0,150,1,0.679,0.066492
DQN,large_grid,4,215,38044,-328.0,200,0,0.6773,0.085061
DQN,large_grid,4,216,38244,-360.0,200,0,0.6756,0.064608
DQN,large_grid,4,217,38444,-420.0,200,0,0.6739,0.08448
DQN,large_grid,4,218,38644,-388.0,200,0,0.6722,0.06441
DQN,large_grid,4,219,38844,-456.0,200,0,0.6705,0.079302
DQN,large_grid,4,220,39044,-364.0,200,0,0.6688,0.062621
DQN,large_grid,4,221,39244,-316.0,200,0,0.6671,0.061292
DQN,large_grid,4,222,39444,-380.0,200,0,0.6654,0.065675
DQN,large_grid,4,223,39644,-488.0,200,0,0.6637,0.084819
DQN,large_grid,4,224,39844,-400.0,200,0,0.662,0.055699
DQN,large_grid,4,225,39861,-22.0,17,1,0.6619,0.061082
DQN,large_grid,4,226,39931,-139.0,70,1,0.6613,0.099352
DQN,large_grid,4,227,40131,-452.0,200,0,0.6596,0.046262
DQN,large_grid,4,228,40331,-468.0,200,0,0.6579,0.051608
DQN,large_grid,4,229,40531,-340.0,200,0,0.6562,0.045742
DQN,large_grid,4,230,40731,-380.0,200,0,0.6545,0.0986
DQN,large_grid,4,231,40900,-274.0,169,1,0.6531,0.07327
DQN,large_grid,4,232,41100,-412.0,200,0,0.6514,0.081461
DQN,large_grid,4,233,41300,-452.0,200,0,0.6497,0.077226
DQN,large_grid,4,234,41500,-372.0,200,0,0.648,0.092614
DQN,large_grid,4,235,41541,-54.0,41,1,0.6476,0.071318
DQN,large_grid,4,236,41741,-360.0,200,0,0.6459,0.043045
DQN,large_grid,4,237,41769,-29.0,28,1,0.6457,0.111311
DQN,large_grid,4,238,41969,-452.0,200,0,0.644,0.062593
DQN,large_grid,4,239,42169,-376.0,200,0,0.6423,0.100468
DQN,large_grid,4,240,42217,-81.0,48,1,0.6419,0.087959
DQN,large_grid,4,241,42366,-286.0,149,1,0.6406,0.036349
DQN,large_grid,4,242,42566,-432.0,200,0,0.6389,0.095164
DQN,large_grid,4,243,42626,-97.0,60,1,0.6384,0.087302
DQN,large_grid,4,244,42725,-148.0,99,1,0.6376,0.085096
DQN,large_grid,4,245,42925,-416.0,200,0,0.6359,0.09316
DQN,large_grid,4,246,42998,-126.0,73,1,0.6353,0.155926
DQN,large_grid,4,247,43198,-348.0,200,0,0.6336,0.093784
DQN,large_grid,4,248,43398,-312.0,200,0,0.6319,0.079235
DQN,large_grid,4,249,43598,-320.0,200,0,0.6302,0.110859
DQN,large_grid,4,250,43798,-388.0,200,0,0.6285,0.054236
DQN,large_grid,4,251,43998,-400.0,200,0,0.6268,0.028877
DQN,large_grid,4,252,44198,-432.0,200,0,0.6251,0.105331
DQN,large_grid,4,253,44398,-400.0,200,0,0.6234,0.053252
DQN,large_grid,4,254,44598,-404.0,200,0,0.6217,0.099662
DQN,large_grid,4,255,44798,-388.0,200,0,0.62,0.100059
DQN,large_grid,4,256,44906,-165.0,108,1,0.6191,0.059625
DQN,large_grid,4,257,45106,-428.0,200,0,0.6174,0.137946
DQN,large_grid,4,258,45177,-116.0,71,1,0.6168,0.060777
DQN,large_grid,4,259,45209,-49.0,32,1,0.6165,0.130464
DQN,large_grid,4,260,45409,-332.0,200,0,0.6148,0.085917
DQN,large_grid,4,261,45454,-62.0,45,1,0.6145,0.049425
DQN,large_grid,4,262,45588,-247.0,134,1,0.6133,0.071118
DQN,large_grid,4,263,45788,-320.0,200,0,0.6116,0.076392
DQN,large_grid,4,264,45853,-114.0,65,1,0.6111,0.100497
DQN,large_grid,4,265,46053,-448.0,200,0,0.6094,0.070221
DQN,large_grid,4,266,46253,-424.0,200,0,0.6077,0.114279
DQN,large_grid,4,267,46335,-159.0,82,1,0.607,0.154815
DQN,large_grid,4,268,46535,-384.0,200,0,0.6053,0.110169
DQN,large_grid,4,269,46735,-356.0,200,0,0.6036,0.11913
DQN,large_grid,4,270,46935,-464.0,200,0,0.6019,0.081507
DQN,large_grid,4,271,47135,-448.0,200,0,0.6002,0.086543
DQN,large_grid,4,272,47243,-217.0,108,1,0.5993,0.071547
DQN,large_grid,4,273,47396,-334.0,153,1,0.598,0.038519
DQN,large_grid,4,274,47596,-376.0,200,0,0.5963,0.082672
DQN,large_grid,4,275,47796,-344.0,200,0,0.5946,0.099631
DQN,large_grid,4,276,47811,-16.0,15,1,0.5945,0.219603
DQN,large_grid,4,277,48011,-472.0,200,0,0.5928,0.090046
DQN,large_grid,4,278,48211,-344.0,200,0,0.5911,0.118862
DQN,large_grid,4,279,48411,-456.0,200,0,0.5894,0.087765
DQN,large_grid,4,280,48485,-107.0,74,1,0.5887,0.132185
DQN,large_grid,4,281,48615,-279.0,130,1,0.5876,0.075215
DQN,large_grid,4,282,48815,-436.0,200,0,0.5859,0.083757
DQN,large_grid,4,283,49015,-452.0,200,0,0.5842,0.064475
DQN,large_grid,4,284,49215,-424.0,200,0,0.5826,0.0904
DQN,large_grid,4,285,49415,-420.0,200,0,0.5809,0.137836
DQN,large_grid,4,286,49615,-360.0,200,0,0.5792,0.091708
DQN,large_grid,4,287,49815,-416.0,200,0,0.5775,0.123021
DQN,large_grid,4,288,50015,-432.0,200,0,0.5758,0.066852
DQN,large_grid,4,289,50058,-68.0,43,1,0.5754,0.040642
DQN,large_grid,4,290,50258,-392.0,200,0,0.5737,0.122219
DQN,large_grid,4,291,50458,-296.0,200,0,0.572,0.122272
DQN,large_grid,4,292,50658,-352.0,200,0,0.5703,0.085115
DQN,large_grid,4,293,50858,-360.0,200,0,0.5686,0.079221
DQN,large_grid,4,294,50874,-9.0,16,1,0.5685,0.073931
DQN,large_grid,4,295,51074,-344.0,200,0,0.5668,0.106243
DQN,large_grid,4,296,51274,-432.0,200,0,0.5651,0.090897
DQN,large_grid,4,297,51474,-488.0,200,0,0.5634,0.097032
DQN,large_grid,4,298,51500,-39.0,26,1,0.5632,0.133666
DQN,large_grid,4,299,51700,-276.0,200,0,0.5615,0.122249
DQN,large_grid,4,300,51900,-412.0,200,0,0.5598,0.096799
DQN,large_grid,4,301,52087,-328.0,187,1,0.5582,0.141946
DQN,large_grid,4,302,52287,-452.0,200,0,0.5565,0.075518
DQN,large_grid,4,303,52487,-320.0,200,0,0.5548,0.086544
DQN,large_grid,4,304,52517,-47.0,30,1,0.5545,0.054639
DQN,large_grid,4,305,52717,-332.0,200,0,0.5528,0.160396
DQN,large_grid,4,306,52731,-3.0,14,1,0.5527,0.004721
DQN,large_grid,4,307,52931,-344.0,200,0,0.551,0.114671
DQN,large_grid,4,308,53131,-324.0,200,0,0.5493,0.082991
DQN,large_grid,4,309,53331,-356.0,200,0,0.5476,0.087988
DQN,large_grid,4,310,53355,-33.0,24,1,0.5474,0.09466
DQN,large_grid,4,311,53555,-464.0,200,0,0.5457,0.051089
DQN,large_grid,4,312,53755,-344.0,200,0,0.544,0.065239
DQN,large_grid,4,313,53955,-372.0,200,0,0.5423,0.076229
DQN,large_grid,4,314,54041,-135.0,86,1,0.5416,0.117639
DQN,large_grid,4,315,54241,-424.0,200,0,0.5399,0.123608
DQN,large_grid,4,316,54262,-14.0,21,1,0.5397,0.059695
DQN,large_grid,4,317,54462,-408.0,200,0,0.538,0.143474
DQN,large_grid,4,318,54662,-344.0,200,0,0.5363,0.103544
DQN,large_grid,4,319,54862,-440.0,200,0,0.5347,0.089106
DQN,large_grid,4,320,54932,-123.0,70,1,0.5341,0.148038
DQN,large_grid,4,321,55132,-368.0,200,0,0.5324,0.110335
DQN,large_grid,4,322,55146,-15.0,14,1,0.5322,0.086742
DQN,large_grid,4,323,55346,-328.0,200,0,0.5305,0.087048
DQN,large_grid,4,324,55347,10.0,1,1,0.5305,0.00977
DQN,large_grid,4,325,55416,-94.0,69,1,0.53,0.151672
DQN,large_grid,4,326,55430,-11.0,14,1,0.5298,0.319165
DQN,large_grid,4,327,55630,-340.0,200,0,0.5281,0.137395
DQN,large_grid,4,328,55830,-416.0,200,0,0.5264,0.154708
DQN,large_grid,4,329,56030,-324.0,200,0,0.5247,0.097409
DQN,large_grid,4,330,56230,-344.0,200,0,0.523,0.118781
DQN,large_grid,4,331,56430,-308.0,200,0,0.5214,0.103661
DQN,large_grid,4,332,56630,-396.0,200,0,0.5197,0.123994
DQN,large_grid,4,333,56830,-312.0,200,0,0.518,0.114939
DQN,large_grid,4,334,57030,-364.0,200,0,0.5163,0.122337
DQN,large_grid,4,335,57031,10.0,1,1,0.5163,0.011614
DQN,large_grid,4,336,57231,-340.0,200,0,0.5146,0.135997
DQN,large_grid,4,337,57431,-328.0,200,0,0.5129,0.130514
DQN,large_grid,4,338,57625,-363.0,194,1,0.5112,0.145835
DQN,large_grid,4,339,57825,-276.0,200,0,0.5095,0.123452
DQN,large_grid,4,340,57875,-79.0,50,1,0.5091,0.10338
DQN,large_grid,4,341,58012,-242.0,137,1,0.5079,0.110266
DQN,large_grid,4,342,58212,-388.0,200,0,0.5062,0.139632
DQN,large_grid,4,343,58412,-300.0,200,0,0.5045,0.142445
DQN,large_grid,4,344,58419,0.0,7,1,0.5045,0.010486
DQN,large_grid,4,345,58619,-320.0,200,0,0.5028,0.136341
DQN,large_grid,4,346,58819,-400.0,200,0,0.5011,0.125273
DQN,large_grid,4,347,59019,-344.0,200,0,0.4994,0.082514
DQN,large_grid,4,348,59025,1.0,6,1,0.4993,0.197716
DQN,large_grid,4,349,59225,-336.0,200,0,0.4976,0.18773
DQN,large_grid,4,350,59425,-284.0,200,0,0.4959,0.118783
DQN,large_grid,4,351,59437,-5.0,12,1,0.4958,0.103886
DQN,large_grid,4,352,59440,8.0,3,1,0.4958,0.374223
DQN,large_grid,4,353,59544,-185.0,104,1,0.4949,0.150679
DQN,large_grid,4,354,59744,-404.0,200,0,0.4932,0.130065
DQN,large_grid,4,355,59944,-304.0,200,0,0.4915,0.146552
DQN,large_grid,4,356,60019,-136.0,75,1,0.4909,0.116734
DQN,large_grid,4,357,60219,-244.0,200,0,0.4892,0.180939
DQN,large_grid,4,358,60419,-372.0,200,0,0.4875,0.14742
DQN,large_grid,4,359,60519,-185.0,100,1,0.4867,0.132471
DQN,large_grid,4,360,60549,-31.0,30,1,0.4864,0.185633
DQN,large_grid,4,361,60560,-4.0,11,1,0.4863,0.231454
DQN,large_grid,4,362,60760,-420.0,200,0,0.4846,0.130584
DQN,large_grid,4,363,60773,-18.0,13,1,0.4845,0.115179
DQN,large_grid,4,364,60973,-336.0,200,0,0.4828,0.189997
DQN,large_grid,4,365,61017,-65.0,44,1,0.4824,0.212246
DQN,large_grid,4,366,61217,-404.0,200,0,0.4807,0.149319
DQN,large_grid,4,367,61417,-276.0,200,0,0.4791,0.206581
DQN,large_grid,4,368,61617,-276.0,200,0,0.4774,0.133194
DQN,large_grid,4,369,61817,-300.0,200,0,0.4757,0.140193
DQN,large_grid,4,370,62017,-328.0,200,0,0.474,0.192291
DQN,large_grid,4,371,62217,-352.0,200,0,0.4723,0.192741
DQN,large_grid,4,372,62417,-276.0,200,0,0.4706,0.149606
DQN,large_grid,4,373,62617,-308.0,200,0,0.4689,0.166333
DQN,large_grid,4,374,62817,-276.0,200,0,0.4672,0.161876
DQN,large_grid,4,375,63017,-352.0,200,0,0.4655,0.178032
DQN,large_grid,4,376,63217,-284.0,200,0,0.4638,0.155347
DQN,large_grid,4,377,63417,-416.0,200,0,0.4621,0.115326
DQN,large_grid,4,378,63617,-320.0,200,0,0.4604,0.222019
DQN,large_grid,4,379,63817,-316.0,200,0,0.4587,0.18951
DQN,large_grid,4,380,64017,-380.0,200,0,0.457,0.192025
DQN,large_grid,4,381,64039,-23.0,22,1,0.4568,0.152146
DQN,large_grid,4,382,64043,7.0,4,1,0.4568,0.11409
DQN,large_grid,4,383,64243,-368.0,200,0,0.4551,0.259107
DQN,large_grid,4,384,64443,-324.0,200,0,0.4534,0.224042
DQN,large_grid,4,385,64643,-312.0,200,0,0.4517,0.172876
DQN,large_grid,4,386,64645,9.0,2,1,0.4517,0.100389
DQN,large_grid,4,387,64654,-2.0,9,1,0.4516,0.088523
DQN,large_grid,4,388,64854,-268.0,200,0,0.4499,0.245891
DQN,large_grid,4,389,64878,-33.0,24,1,0.4497,0.159251
DQN,large_grid,4,390,65078,-320.0,200,0,0.448,0.264979
DQN,large_grid,4,391,65082,3.0,4,1,0.448,0.342776
DQN,large_grid,4,392,65282,-332.0,200,0,0.4463,0.18659
DQN,large_grid,4,393,65482,-392.0,200,0,0.4446,0.217122
DQN,large_grid,4,394,65682,-352.0,200,0,0.4429,0.259406
DQN,large_grid,4,395,65748,-91.0,66,1,0.4423,0.274779
DQN,large_grid,4,396,65771,-32.0,23,1,0.4421,0.283531
DQN,large_grid,4,397,65971,-288.0,200,0,0.4404,0.198832
DQN,large_grid,4,398,66171,-292.0,200,0,0.4387,0.233053
DQN,large_grid,4,399,66371,-324.0,200,0,0.437,0.215142
DQN,large_grid,4,400,66571,-284.0,200,0,0.4353,0.239574
DQN,large_grid,4,401,66771,-316.0,200,0,0.4336,0.269252
DQN,large_grid,4,402,66971,-376.0,200,0,0.4319,0.194241
DQN,large_grid,4,403,67171,-340.0,200,0,0.4302,0.281183
DQN,large_grid,4,404,67174,8.0,3,1,0.4302,0.469484
DQN,large_grid,4,405,67194,-21.0,20,1,0.4301,0.242581
DQN,large_grid,4,406,67206,-5.0,12,1,0.4299,0.5198
DQN,large_grid,4,407,67406,-312.0,200,0,0.4283,0.239798
DQN,large_grid,4,408,67606,-300.0,200,0,0.4266,0.259642
DQN,large_grid,4,409,67806,-372.0,200,0,0.4249,0.256137
DQN,large_grid,4,410,67830,-17.0,24,1,0.4247,0.328201
DQN,large_grid,4,411,67866,-37.0,36,1,0.4244,0.264998
DQN,large_grid,4,412,68066,-364.0,200,0,0.4227,0.317404
DQN,large_grid,4,413,68266,-360.0,200,0,0.421,0.269614
DQN,large_grid,4,414,68466,-364.0,200,0,0.4193,0.299396
DQN,large_grid,4,415,68666,-344.0,200,0,0.4176,0.310776
DQN,large_grid,4,416,68671,2.0,5,1,0.4175,0.481098
DQN,large_grid,4,417,68871,-312.0,200,0,0.4158,0.299582
DQN,large_grid,4,418,68877,1.0,6,1,0.4158,0.155643
DQN,large_grid,4,419,69077,-292.0,200,0,0.4141,0.331804
DQN,large_grid,4,420,69277,-356.0,200,0,0.4124,0.339159
DQN,large_grid,4,421,69284,4.0,7,1,0.4123,0.238428
DQN,large_grid,4,422,69484,-356.0,200,0,0.4106,0.316941
DQN,large_grid,4,423,69684,-384.0,200,0,0.4089,0.35322
DQN,large_grid,4,424,69707,-24.0,23,1,0.4087,0.45293
DQN,large_grid,4,425,69907,-280.0,200,0,0.407,0.339614
DQN,large_grid,4,426,70107,-296.0,200,0,0.4053,0.337855
DQN,large_grid,4,427,70307,-296.0,200,0,0.4036,0.375704
DQN,large_grid,4,428,70507,-388.0,200,0,0.4019,0.399653
DQN,large_grid,4,429,70707,-304.0,200,0,0.4003,0.421406
DQN,large_grid,4,430,70907,-340.0,200,0,0.3986,0.393569
DQN,large_grid,4,431,71107,-336.0,200,0,0.3969,0.447382
DQN,large_grid,4,432,71307,-340.0,200,0,0.3952,0.449541
DQN,large_grid,4,433,71507,-308.0,200,0,0.3935,0.429373
DQN,large_grid,4,434,71707,-304.0,200,0,0.3918,0.450969
DQN,large_grid,4,435,71754,-68.0,47,1,0.3914,0.395811
DQN,large_grid,4,436,71954,-328.0,200,0,0.3897,0.38339
DQN,large_grid,4,437,71989,-40.0,35,1,0.3894,0.453646
DQN,large_grid,4,438,72189,-292.0,200,0,0.3877,0.501678
DQN,large_grid,4,439,72389,-336.0,200,0,0.386,0.425378
DQN,large_grid,4,440,72589,-336.0,200,0,0.3843,0.496126
DQN,large_grid,4,441,72789,-348.0,200,0,0.3826,0.489141
DQN,large_grid,4,442,72799,-11.0,10,1,0.3825,0.516201
DQN,large_grid,4,443,72999,-336.0,200,0,0.3808,0.474422
DQN,large_grid,4,444,73199,-376.0,200,0,0.3791,0.495377
DQN,large_grid,4,445,73231,-41.0,32,1,0.3788,0.498639
DQN,large_grid,4,446,73246,-8.0,15,1,0.3787,0.50699
DQN,large_grid,4,447,73446,-308.0,200,0,0.377,0.481398
DQN,large_grid,4,448,73646,-280.0,200,0,0.3753,0.49446
DQN,large_grid,4,449,73846,-336.0,200,0,0.3736,0.483363
DQN,large_grid,4,450,74046,-340.0,200,0,0.3719,0.485702
DQN,large_grid,4,451,74246,-336.0,200,0,0.3702,0.549957
DQN,large_grid,4,452,74256,1.0,10,1,0.3701,0.584401
DQN,large_grid,4,453,74456,-372.0,200,0,0.3685,0.538314
DQN,large_grid,4,454,74656,-332.0,200,0,0.3668,0.545528
DQN,large_grid,4,455,74856,-300.0,200,0,0.3651,0.551245
DQN,large_grid,4,456,75030,-247.0,174,1,0.3636,0.525229
DQN,large_grid,4,457,75230,-284.0,200,0,0.3619,0.581051
DQN,large_grid,4,458,75430,-368.0,200,0,0.3602,0.562669
DQN,large_grid,4,459,75630,-312.0,200,0,0.3585,0.594714
DQN,large_grid,4,460,75830,-300.0,200,0,0.3568,0.609504
DQN,large_grid,4,461,76030,-356.0,200,0,0.3551,0.552005
DQN,large_grid,4,462,76230,-308.0,200,0,0.3534,0.665042
DQN,large_grid,4,463,76430,-320.0,200,0,0.3517,0.633406
DQN,large_grid,4,464,76457,-40.0,27,1,0.3515,0.555366
DQN,large_grid,4,465,76657,-344.0,200,0,0.3498,0.709347
DQN,large_grid,4,466,76857,-264.0,200,0,0.3481,0.657273
DQN,large_grid,4,467,77057,-268.0,200,0,0.3464,0.688464
DQN,large_grid,4,468,77257,-340.0,200,0,0.3447,0.714743
DQN,large_grid,4,469,77457,-320.0,200,0,0.343,0.654271
DQN,large_grid,4,470,77657,-324.0,200,0,0.3413,0.666353
DQN,large_grid,4,471,77857,-332.0,200,0,0.3396,0.65778
DQN,large_grid,4,472,77858,10.0,1,1,0.3396,0.422505
DQN,large_grid,4,473,78058,-308.0,200,0,0.3379,0.703836
DQN,large_grid,4,474,78258,-316.0,200,0,0.3362,0.676082
DQN,large_grid,4,475,78458,-360.0,200,0,0.3345,0.65835
DQN,large_grid,4,476,78462,3.0,4,1,0.3345,0.460714
DQN,large_grid,4,477,78662,-264.0,200,0,0.3328,0.720398
DQN,large_grid,4,478,78862,-312.0,200,0,0.3311,0.715433
DQN,large_grid,4,479,79062,-260.0,200,0,0.3294,0.741286
DQN,large_grid,4,480,79262,-352.0,200,0,0.3277,0.742339
DQN,large_grid,4,481,79297,-52.0,35,1,0.3274,0.605949
DQN,large_grid,4,482,79497,-320.0,200,0,0.3257,0.750275
DQN,large_grid,4,483,79658,-234.0,161,1,0.3243,0.750599
DQN,large_grid,4,484,79677,-16.0,19,1,0.3242,0.802688
DQN,large_grid,4,485,79877,-352.0,200,0,0.3225,0.703339
DQN,large_grid,4,486,80077,-288.0,200,0,0.3208,0.703803
DQN,large_grid,4,487,80277,-332.0,200,0,0.3191,0.790849
DQN,large_grid,4,488,80477,-248.0,200,0,0.3174,0.752905
DQN,large_grid,4,489,80677,-300.0,200,0,0.3157,0.754384
DQN,large_grid,4,490,80877,-276.0,200,0,0.314,0.731847
DQN,large_grid,4,491,81077,-244.0,200,0,0.3123,0.792526
DQN,large_grid,4,492,81156,-128.0,79,1,0.3116,0.783543
DQN,large_grid,4,493,81356,-252.0,200,0,0.3099,0.762977
DQN,large_grid,4,494,81556,-264.0,200,0,0.3082,0.776335
DQN,large_grid,4,495,81756,-312.0,200,0,0.3065,0.841925
DQN,large_grid,4,496,81956,-296.0,200,0,0.3048,0.812466
DQN,large_grid,4,497,81957,10.0,1,1,0.3048,0.245597
DQN,large_grid,4,498,82157,-292.0,200,0,0.3031,0.832543
DQN,large_grid,4,499,82230,-90.0,73,1,0.3025,0.813739
DQN,large_grid,4,500,82430,-320.0,200,0,0.3008,0.770836
DQN,large_grid,4,501,82630,-316.0,200,0,0.2991,0.805682
DQN,large_grid,4,502,82709,-112.0,79,1,0.2985,0.823502
DQN,large_grid,4,503,82909,-344.0,200,0,0.2968,0.801396
DQN,large_grid,4,504,83109,-304.0,200,0,0.2951,0.832618
DQN,large_grid,4,505,83149,-49.0,40,1,0.2947,0.78035
DQN,large_grid,4,506,83219,-99.0,70,1,0.2941,0.819327
DQN,large_grid,4,507,83419,-332.0,200,0,0.2924,0.802332
DQN,large_grid,4,508,83430,0.0,11,1,0.2923,0.757821
DQN,large_grid,4,509,83530,-157.0,100,1,0.2915,0.800821
DQN,large_grid,4,510,83730,-296.0,200,0,0.2898,0.736058
DQN,large_grid,4,511,83762,-29.0,32,1,0.2895,0.840718
DQN,large_grid,4,512,83962,-292.0,200,0,0.2878,0.786443
DQN,large_grid,4,513,83993,-40.0,31,1,0.2876,0.74389
DQN,large_grid,4,514,84193,-264.0,200,0,0.2859,0.784124
DQN,large_grid,4,515,84393,-256.0,200,0,0.2842,0.732775
DQN,large_grid,4,516,84593,-316.0,200,0,0.2825,0.783335
DQN,large_grid,4,517,84616,-24.0,23,1,0.2823,0.752219
DQN,large_grid,4,518,84816,-332.0,200,0,0.2806,0.748087
DQN,large_grid,4,519,84829,-10.0,13,1,0.2805,0.819206
DQN,large_grid,4,520,85029,-308.0,200,0,0.2788,0.76863
DQN,large_grid,4,521,85066,-38.0,37,1,0.2785,0.772023
DQN,large_grid,4,522,85266,-280.0,200,0,0.2768,0.721976
DQN,large_grid,4,523,85466,-284.0,200,0,0.2751,0.747203
DQN,large_grid,4,524,85666,-296.0,200,0,0.2734,0.750198
DQN,large_grid,4,525,85866,-292.0,200,0,0.2717,0.681
DQN,large_grid,4,526,86066,-260.0,200,0,0.27,0.77846
DQN,large_grid,4,527,86081,-8.0,15,1,0.2698,0.784132
DQN,large_grid,4,528,86102,-10.0,21,1,0.2697,0.870112
DQN,large_grid,4,529,86302,-248.0,200,0,0.268,0.729654
DQN,large_grid,4,530,86308,5.0,6,1,0.2679,0.536661
DQN,large_grid,4,531,86508,-280.0,200,0,0.2662,0.732667
DQN,large_grid,4,532,86597,-118.0,89,1,0.2655,0.762991
DQN,large_grid,4,533,86797,-260.0,200,0,0.2638,0.735286
DQN,large_grid,4,534,86997,-264.0,200,0,0.2621,0.702445
DQN,large_grid,4,535,87197,-236.0,200,0,0.2604,0.702855
DQN,large_grid,4,536,87397,-260.0,200,0,0.2587,0.627847
DQN,large_grid,4,537,87597,-240.0,200,0,0.257,0.691539
DQN,large_grid,4,538,87797,-232.0,200,0,0.2553,0.681223
DQN,large_grid,4,539,87997,-224.0,200,0,0.2536,0.610841
DQN,large_grid,4,540,88017,-21.0,20,1,0.2534,0.532696
DQN,large_grid,4,541,88067,-67.0,50,1,0.253,0.624084
DQN,large_grid,4,542,88081,-7.0,14,1,0.2529,0.588938
DQN,large_grid,4,543,88281,-292.0,200,0,0.2512,0.592111
DQN,large_grid,4,544,88311,-31.0,30,1,0.2509,0.639588
DQN,large_grid,4,545,88511,-224.0,200,0,0.2492,0.649232
DQN,large_grid,4,546,88517,1.0,6,1,0.2492,0.595337
DQN,large_grid,4,547,88717,-300.0,200,0,0.2475,0.604578
DQN,large_grid,4,548,88731,-7.0,14,1,0.2474,0.78794
DQN,large_grid,4,549,88931,-272.0,200,0,0.2457,0.600206
DQN,large_grid,4,550,89131,-300.0,200,0,0.244,0.706502
DQN,large_grid,4,551,89331,-252.0,200,0,0.2423,0.646323
DQN,large_grid,4,552,89373,-43.0,42,1,0.2419,0.633187
DQN,large_grid,4,553,89408,-44.0,35,1,0.2416,0.518243
DQN,large_grid,4,554,89608,-260.0,200,0,0.2399,0.686147
DQN,large_grid,4,555,89654,-55.0,46,1,0.2395,0.638326
DQN,large_grid,4,556,89696,-67.0,42,1,0.2392,0.602136
DQN,large_grid,4,557,89896,-304.0,200,0,0.2375,0.628946
DQN,large_grid,4,558,89952,-65.0,56,1,0.237,0.630675
DQN,large_grid,4,559,90152,-236.0,200,0,0.2353,0.610107
DQN,large_grid,4,560,90156,7.0,4,1,0.2353,0.393969
DQN,large_grid,4,561,90356,-304.0,200,0,0.2336,0.588873
DQN,large_grid,4,562,90556,-296.0,200,0,0.2319,0.585356
DQN,large_grid,4,563,90638,-119.0,82,1,0.2312,0.574893
DQN,large_grid,4,564,90838,-240.0,200,0,0.2295,0.581402
DQN,large_grid,4,565,90884,-55.0,46,1,0.2291,0.513017
DQN,large_grid,4,566,91084,-220.0,200,0,0.2274,0.509268
DQN,large_grid,4,567,91284,-236.0,200,0,0.2257,0.573235
DQN,large_grid,4,568,91484,-224.0,200,0,0.224,0.513574
DQN,large_grid,4,569,91684,-252.0,200,0,0.2223,0.518893
DQN,large_grid,4,570,91884,-228.0,200,0,0.2206,0.539291
DQN,large_grid,4,571,92084,-252.0,200,0,0.2189,0.512631
DQN,large_grid,4,572,92284,-280.0,200,0,0.2172,0.499275
DQN,large_grid,4,573,92285,10.0,1,1,0.2172,0.823246
DQN,large_grid,4,574,92321,-33.0,36,1,0.2169,0.462362
DQN,large_grid,4,575,92331,1.0,10,1,0.2168,0.791129
DQN,large_grid,4,576,92531,-280.0,200,0,0.2151,0.503315
DQN,large_grid,4,577,92540,2.0,9,1,0.2151,0.501068
DQN,large_grid,4,578,92636,-125.0,96,1,0.2142,0.552536
DQN,large_grid,4,579,92836,-260.0,200,0,0.2126,0.50805
DQN,large_grid,4,580,92853,-6.0,17,1,0.2124,0.375242
DQN,large_grid,4,581,93053,-276.0,200,0,0.2107,0.499492
DQN,large_grid,4,582,93064,-4.0,11,1,0.2106,0.359463
DQN,large_grid,4,583,93264,-252.0,200,0,0.2089,0.519773
DQN,large_grid,4,584,93320,-57.0,56,1,0.2084,0.454293
DQN,large_grid,4,585,93520,-288.0,200,0,0.2068,0.526207
DQN,large_grid,4,586,93720,-244.0,200,0,0.2051,0.490662
DQN,large_grid,4,587,93920,-248.0,200,0,0.2034,0.500612
DQN,large_grid,4,588,94081,-214.0,161,1,0.202,0.554497
DQN,large_grid,4,589,94091,-3.0,10,1,0.2019,0.542699
DQN,large_grid,4,590,94119,-29.0,28,1,0.2017,0.545574
DQN,large_grid,4,591,94139,-13.0,20,1,0.2015,0.413769
DQN,large_grid,4,592,94339,-232.0,200,0,0.1998,0.490253
DQN,large_grid,4,593,94364,-14.0,25,1,0.1996,0.352952
DQN,large_grid,4,594,94368,3.0,4,1,0.1996,0.27192
DQN,large_grid,4,595,94398,-35.0,30,1,0.1993,0.435527
DQN,large_grid,4,596,94426,-25.0,28,1,0.1991,0.590969
DQN,large_grid,4,597,94626,-296.0,200,0,0.1974,0.576673
DQN,large_grid,4,598,94826,-280.0,200,0,0.1957,0.504521
DQN,large_grid,4,599,95026,-300.0,200,0,0.194,0.448375
DQN,large_grid,4,600,95226,-228.0,200,0,0.1923,0.457181
DQN,large_grid,4,601,95259,-38.0,33,1,0.192,0.585986
DQN,large_grid,4,602,95333,-79.0,74,1,0.1914,0.452669
DQN,large_grid,4,603,95459,-147.0,126,1,0.1903,0.544914
DQN,large_grid,4,604,95469,1.0,10,1,0.1902,0.62853
DQN,large_grid,4,605,95669,-256.0,200,0,0.1885,0.431325
DQN,large_grid,4,606,95869,-264.0,200,0,0.1868,0.461805
DQN,large_grid,4,607,96069,-232.0,200,0,0.1851,0.447933
DQN,large_grid,4,608,96269,-236.0,200,0,0.1834,0.45178
DQN,large_grid,4,609,96277,3.0,8,1,0.1834,0.354295
DQN,large_grid,4,610,96304,-20.0,27,1,0.1831,0.405443
DQN,large_grid,4,611,96335,-32.0,31,1,0.1829,0.426782
DQN,large_grid,4,612,96357,-23.0,22,1,0.1827,0.354601
DQN,large_grid,4,613,96557,-272.0,200,0,0.181,0.459142
DQN,large_grid,4,614,96757,-248.0,200,0,0.1793,0.439105
DQN,large_grid,4,615,96957,-296.0,200,0,0.1776,0.39589
DQN,large_grid,4,616,97157,-244.0,200,0,0.1759,0.444763
DQN,large_grid,4,617,97246,-110.0,89,1,0.1751,0.432765
DQN,large_grid,4,618,97409,-212.0,163,1,0.1738,0.409716
DQN,large_grid,4,619,97609,-240.0,200,0,0.1721,0.395915
DQN,large_grid,4,620,97634,-14.0,25,1,0.1719,0.396931
DQN,large_grid,4,621,97834,-232.0,200,0,0.1702,0.410688
DQN,large_grid,4,622,98034,-228.0,200,0,0.1685,0.436246
DQN,large_grid,4,623,98046,-5.0,12,1,0.1684,0.358769
DQN,large_grid,4,624,98056,-3.0,10,1,0.1683,0.504072
DQN,large_grid,4,625,98256,-252.0,200,0,0.1666,0.41649
DQN,large_grid,4,626,98274,-11.0,18,1,0.1664,0.690724
DQN,large_grid,4,627,98314,-37.0,40,1,0.1661,0.416773
DQN,large_grid,4,628,98514,-256.0,200,0,0.1644,0.410186
DQN,large_grid,4,629,98714,-216.0,200,0,0.1627,0.434405
DQN,large_grid,4,630,98743,-34.0,29,1,0.1624,0.424103
DQN,large_grid,4,631,98943,-244.0,200,0,0.1608,0.433537
DQN,large_grid,4,632,99143,-268.0,200,0,0.1591,0.410298
DQN,large_grid,4,633,99156,-2.0,13,1,0.1589,0.339034
DQN,large_grid,4,634,99194,-27.0,38,1,0.1586,0.443639
DQN,large_grid,4,635,99223,-22.0,29,1,0.1584,0.58066
DQN,large_grid,4,636,99241,-11.0,18,1,0.1582,0.470272
DQN,large_grid,4,637,99441,-264.0,200,0,0.1565,0.434278
DQN,large_grid,4,638,99641,-272.0,200,0,0.1548,0.460846
DQN,large_grid,4,639,99664,-16.0,23,1,0.1546,0.41363
DQN,large_grid,4,640,99700,-33.0,36,1,0.1543,0.594159
DQN,large_grid,4,641,99732,-33.0,32,1,0.1541,0.470993
DQN,large_grid,4,642,99932,-224.0,200,0,0.1524,0.484922
DQN,large_grid,4,643,100132,-232.0,200,0,0.1507,0.478692
DQN,large_grid,4,644,100223,-100.0,91,1,0.1499,0.410272
DQN,large_grid,4,645,100247,-17.0,24,1,0.1497,0.506358
DQN,large_grid,4,646,100254,4.0,7,1,0.1496,0.661487
DQN,large_grid,4,647,100278,-25.0,24,1,0.1494,0.520011
DQN,large_grid,4,648,100478,-228.0,200,0,0.1477,0.428732
DQN,large_grid,4,649,100678,-232.0,200,0,0.146,0.490224
DQN,large_grid,4,650,100878,-240.0,200,0,0.1443,0.404844
DQN,large_grid,4,651,101023,-186.0,145,1,0.1431,0.427203
DQN,large_grid,4,652,101027,7.0,4,1,0.1431,0.622136
DQN,large_grid,4,653,101227,-280.0,200,0,0.1414,0.470437
DQN,large_grid,4,654,101427,-216.0,200,0,0.1397,0.44527
DQN,large_grid,4,655,101438,0.0,11,1,0.1396,0.461208
DQN,large_grid,4,656,101638,-240.0,200,0,0.1379,0.489617
DQN,large_grid,4,657,101722,-89.0,84,1,0.1372,0.443583
DQN,large_grid,4,658,101730,3.0,8,1,0.1371,0.357142
DQN,large_grid,4,659,101930,-228.0,200,0,0.1354,0.436034
DQN,large_grid,4,660,101961,-20.0,31,1,0.1352,0.564595
DQN,large_grid,4,661,102161,-216.0,200,0,0.1335,0.505249
DQN,large_grid,4,662,102361,-228.0,200,0,0.1318,0.469923
DQN,large_grid,4,663,102561,-260.0,200,0,0.1301,0.459781
DQN,large_grid,4,664,102596,-32.0,35,1,0.1298,0.493054
DQN,large_grid,4,665,102629,-30.0,33,1,0.1295,0.431763
DQN,large_grid,4,666,102644,-4.0,15,1,0.1294,0.479627
DQN,large_grid,4,667,102844,-224.0,200,0,0.1277,0.469267
DQN,large_grid,4,668,103044,-236.0,200,0,0.126,0.437658
DQN,large_grid,4,669,103244,-208.0,200,0,0.1243,0.456325
DQN,large_grid,4,670,103259,-8.0,15,1,0.1241,0.425476
DQN,large_grid,4,671,103270,0.0,11,1,0.124,0.566957
DQN,large_grid,4,672,103470,-220.0,200,0,0.1224,0.539725
DQN,large_grid,4,673,103479,2.0,9,1,0.1223,0.561559
DQN,large_grid,4,674,103520,-38.0,41,1,0.1219,0.532641
DQN,large_grid,4,675,103542,-15.0,22,1,0.1217,0.512072
DQN,large_grid,4,676,103574,-25.0,32,1,0.1215,0.471666
DQN,large_grid,4,677,103774,-240.0,200,0,0.1198,0.412002
DQN,large_grid,4,678,103974,-256.0,200,0,0.1181,0.457672
DQN,large_grid,4,679,103989,-4.0,15,1,0.118,0.410658
DQN,large_grid,4,680,104189,-232.0,200,0,0.1163,0.406957
DQN,large_grid,4,681,104219,-19.0,30,1,0.116,0.522172
DQN,large_grid,4,682,104419,-228.0,200,0,0.1143,0.402725
DQN,large_grid,4,683,104619,-236.0,200,0,0.1126,0.434808
DQN,large_grid,4,684,104819,-236.0,200,0,0.1109,0.378689
DQN,large_grid,4,685,104849,-27.0,30,1,0.1107,0.384808
DQN,large_grid,4,686,104901,-53.0,52,1,0.1102,0.458331
DQN,large_grid,4,687,104925,-17.0,24,1,0.11,0.33283
DQN,large_grid,4,688,104934,2.0,9,1,0.1099,0.775072
DQN,large_grid,4,689,105134,-232.0,200,0,0.1082,0.476308
DQN,large_grid,4,690,105334,-228.0,200,0,0.1065,0.469044
DQN,large_grid,4,691,105534,-240.0,200,0,0.1048,0.434186
DQN,large_grid,4,692,105734,-236.0,200,0,0.1031,0.426955
DQN,large_grid,4,693,105934,-216.0,200,0,0.1015,0.398863
DQN,large_grid,4,694,106134,-252.0,200,0,0.0998,0.41643
DQN,large_grid,4,695,106334,-264.0,200,0,0.0981,0.387286
DQN,large_grid,4,696,106350,-5.0,16,1,0.0979,0.515264
DQN,large_grid,4,697,106355,6.0,5,1,0.0979,0.337568
DQN,large_grid,4,698,106555,-220.0,200,0,0.0962,0.422208
DQN,large_grid,4,699,106755,-204.0,200,0,0.0945,0.436648
DQN,large_grid,4,700,106757,9.0,2,1,0.0945,0.372624
DQN,large_grid,4,701,106957,-228.0,200,0,0.0928,0.366403
DQN,large_grid,4,702,107157,-208.0,200,0,0.0911,0.469573
DQN,large_grid,4,703,107357,-220.0,200,0,0.0894,0.427002
DQN,large_grid,4,704,107377,-9.0,20,1,0.0892,0.375649
DQN,large_grid,4,705,107402,-22.0,25,1,0.089,0.468719
DQN,large_grid,4,706,107441,-36.0,39,1,0.0887,0.350136
DQN,large_grid,4,707,107474,-30.0,33,1,0.0884,0.394933
DQN,large_grid,4,708,107479,6.0,5,1,0.0883,0.499414
DQN,large_grid,4,709,107679,-236.0,200,0,0.0867,0.43225
DQN,large_grid,4,710,107702,-16.0,23,1,0.0865,0.404304
DQN,large_grid,4,711,107902,-228.0,200,0,0.0848,0.411643
DQN,large_grid,4,712,108102,-252.0,200,0,0.0831,0.448934
DQN,large_grid,4,713,108302,-212.0,200,0,0.0814,0.374414
DQN,large_grid,4,714,108308,5.0,6,1,0.0813,0.457196
DQN,large_grid,4,715,108508,-208.0,200,0,0.0796,0.406965
DQN,large_grid,4,716,108525,-14.0,17,1,0.0795,0.558762
DQN,large_grid,4,717,108725,-220.0,200,0,0.0778,0.414826
DQN,large_grid,4,718,108730,6.0,5,1,0.0777,0.305311
DQN,large_grid,4,719,108930,-216.0,200,0,0.076,0.435288
DQN,large_grid,4,720,109130,-244.0,200,0,0.0743,0.449355
DQN,large_grid,4,721,109330,-212.0,200,0,0.0726,0.407305
DQN,large_grid,4,722,109351,-10.0,21,1,0.0725,0.399391
DQN,large_grid,4,723,109377,-15.0,26,1,0.0722,0.411668
DQN,large_grid,4,724,109388,0.0,11,1,0.0722,0.562638
DQN,large_grid,4,725,109415,-16.0,27,1,0.0719,0.42875
DQN,large_grid,4,726,109615,-220.0,200,0,0.0702,0.418269
DQN,large_grid,4,727,109815,-220.0,200,0,0.0685,0.39447
DQN,large_grid,4,728,110015,-236.0,200,0,0.0668,0.381984
DQN,large_grid,4,729,110022,4.0,7,1,0.0668,0.414451
DQN,large_grid,4,730,110036,-3.0,14,1,0.0667,0.44299
DQN,large_grid,4,731,110047,-4.0,11,1,0.0666,0.422576
DQN,large_grid,4,732,110058,0.0,11,1,0.0665,0.466447
DQN,large_grid,4,733,110258,-208.0,200,0,0.0648,0.44566
DQN,large_grid,4,734,110458,-204.0,200,0,0.0631,0.403102
DQN,large_grid,4,735,110482,-17.0,24,1,0.0629,0.384686
DQN,large_grid,4,736,110682,-212.0,200,0,0.0612,0.43688
DQN,large_grid,4,737,110684,9.0,2,1,0.0612,0.172639
DQN,large_grid,4,738,110712,-21.0,28,1,0.0609,0.37916
DQN,large_grid,4,739,110736,-13.0,24,1,0.0607,0.447073
DQN,large_grid,4,740,110761,-18.0,25,1,0.0605,0.311833
DQN,large_grid,4,741,110818,-54.0,57,1,0.06,0.439743
DQN,large_grid,4,742,110837,-8.0,19,1,0.0599,0.424759
DQN,large_grid,4,743,110878,-34.0,41,1,0.0595,0.480221
DQN,large_grid,4,744,111078,-220.0,200,0,0.0578,0.459798
DQN,large_grid,4,745,111278,-204.0,200,0,0.0561,0.402718
DQN,large_grid,4,746,111478,-224.0,200,0,0.0544,0.458951
DQN,large_grid,4,747,111520,-35.0,42,1,0.0541,0.477225
DQN,large_grid,4,748,111553,-22.0,33,1,0.0538,0.542437
DQN,large_grid,4,749,111753,-216.0,200,0,0.0521,0.481818
DQN,large_grid,4,750,111953,-216.0,200,0,0.0504,0.473648
DQN,large_grid,4,751,111977,-13.0,24,1,0.0502,0.520929
DQN,large_grid,4,752,111992,-12.0,15,1,0.0501,0.659291
DQN,large_grid,4,753,112012,-13.0,20,1,0.05,0.518829
DQN,large_grid,4,754,112212,-220.0,200,0,0.05,0.452207
DQN,large_grid,4,755,112412,-220.0,200,0,0.05,0.447315
DQN,large_grid,4,756,112612,-220.0,200,0,0.05,0.499202
DQN,large_grid,4,757,112812,-224.0,200,0,0.05,0.476779
DQN,large_grid,4,758,112813,10.0,1,1,0.05,0.502559
DQN,large_grid,4,759,112839,-19.0,26,1,0.05,0.465639
DQN,large_grid,4,760,113039,-204.0,200,0,0.05,0.479966
DQN,large_grid,4,761,113053,-7.0,14,1,0.05,0.56915
DQN,large_grid,4,762,113066,-2.0,13,1,0.05,0.436282
DQN,large_grid,4,763,113082,-5.0,16,1,0.05,0.546525
DQN,large_grid,4,764,113282,-224.0,200,0,0.05,0.514652
DQN,large_grid,4,765,113287,6.0,5,1,0.05,0.27643
DQN,large_grid,4,766,113295,-1.0,8,1,0.05,0.421644
DQN,large_grid,4,767,113303,3.0,8,1,0.05,0.490382
DQN,large_grid,4,768,113483,-189.0,180,1,0.05,0.488458
DQN,large_grid,4,769,113533,-55.0,50,1,0.05,0.540549
DQN,large_grid,4,770,113733,-216.0,200,0,0.05,0.480713
DQN,large_grid,4,771,113740,0.0,7,1,0.05,0.537693
DQN,large_grid,4,772,113940,-204.0,200,0,0.05,0.550988
DQN,large_grid,4,773,114140,-220.0,200,0,0.05,0.493497
DQN,large_grid,4,774,114149,2.0,9,1,0.05,0.524666
DQN,large_grid,4,775,114349,-232.0,200,0,0.05,0.511541
DQN,large_grid,4,776,114549,-208.0,200,0,0.05,0.466065
DQN,large_grid,4,777,114603,-47.0,54,1,0.05,0.441467
DQN,large_grid,4,778,114803,-204.0,200,0,0.05,0.529534
DQN,large_grid,4,779,114826,-16.0,23,1,0.05,0.543885
DQN,large_grid,4,780,114838,-1.0,12,1,0.05,0.443463
DQN,large_grid,4,781,115038,-208.0,200,0,0.05,0.472782
DQN,large_grid,4,782,115238,-212.0,200,0,0.05,0.533827
DQN,large_grid,4,783,115438,-204.0,200,0,0.05,0.510809
DQN,large_grid,4,784,115638,-224.0,200,0,0.05,0.528178
DQN,large_grid,4,785,115645,4.0,7,1,0.05,0.48104
DQN,large_grid,4,786,115845,-236.0,200,0,0.05,0.468084
DQN,large_grid,4,787,116045,-220.0,200,0,0.05,0.481368
DQN,large_grid,4,788,116058,-2.0,13,1,0.05,0.424018
DQN,large_grid,4,789,116086,-21.0,28,1,0.05,0.53015
DQN,large_grid,4,790,116100,-3.0,14,1,0.05,0.577011
DQN,large_grid,4,791,116210,-103.0,110,1,0.05,0.451182
DQN,large_grid,4,792,116214,7.0,4,1,0.05,0.340558
DQN,large_grid,4,793,116229,-4.0,15,1,0.05,0.570727
DQN,large_grid,4,794,116235,5.0,6,1,0.05,0.556216
DQN,large_grid,4,795,116435,-208.0,200,0,0.05,0.449445
DQN,large_grid,4,796,116635,-208.0,200,0,0.05,0.529943
DQN,large_grid,4,797,116670,-28.0,35,1,0.05,0.53103
DQN,large_grid,4,798,116702,-37.0,32,1,0.05,0.409449
DQN,large_grid,4,799,116715,-2.0,13,1,0.05,0.505584
DQN,large_grid,4,800,116720,6.0,5,1,0.05,0.48336
DuelingDQN,large_grid,4,1,200,-596.0,200,0,0.9983,
DuelingDQN,large_grid,4,2,400,-640.0,200,0,0.9966,
DuelingDQN,large_grid,4,3,600,-604.0,200,0,0.9949,
DuelingDQN,large_grid,4,4,800,-524.0,200,0,0.9932,
DuelingDQN,large_grid,4,5,1000,-548.0,200,0,0.9915,2.32865
DuelingDQN,large_grid,4,6,1200,-504.0,200,0,0.9898,0.438529
DuelingDQN,large_grid,4,7,1400,-616.0,200,0,0.9881,0.039363
DuelingDQN,large_grid,4,8,1600,-520.0,200,0,0.9864,0.025059
DuelingDQN,large_grid,4,9,1800,-600.0,200,0,0.9847,0.005158
DuelingDQN,large_grid,4,10,2000,-548.0,200,0,0.983,0.005237
DuelingDQN,large_grid,4,11,2196,-545.0,196,1,0.9814,0.021868
DuelingDQN,large_grid,4,12,2280,-217.0,84,1,0.9807,0.020953
DuelingDQN,large_grid,4,13,2281,10.0,1,1,0.9807,0.002035
DuelingDQN,large_grid,4,14,2481,-580.0,200,0,0.979,0.025722
DuelingDQN,large_grid,4,15,2681,-548.0,200,0,0.9773,0.034073
DuelingDQN,large_grid,4,16,2881,-444.0,200,0,0.9756,0.018332
DuelingDQN,large_grid,4,17,3081,-436.0,200,0,0.9739,0.032235
DuelingDQN,large_grid,4,18,3281,-588.0,200,0,0.9722,0.017994
DuelingDQN,large_grid,4,19,3481,-492.0,200,0,0.9705,0.00772
DuelingDQN,large_grid,4,20,3681,-584.0,200,0,0.9688,0.031513
DuelingDQN,large_grid,4,21,3881,-604.0,200,0,0.9671,0.014915
DuelingDQN,large_grid,4,22,4081,-564.0,200,0,0.9654,0.024596
DuelingDQN,large_grid,4,23,4281,-388.0,200,0,0.9637,0.011564
DuelingDQN,large_grid,4,24,4481,-632.0,200,0,0.962,0.014473
DuelingDQN,large_grid,4,25,4681,-540.0,200,0,0.9603,0.027417
DuelingDQN,large_grid,4,26,4881,-512.0,200,0,0.9586,0.009742
DuelingDQN,large_grid,4,27,5081,-512.0,200,0,0.9569,0.041971
DuelingDQN,large_grid,4,28,5187,-279.0,106,1,0.956,0.011623
DuelingDQN,large_grid,4,29,5387,-612.0,200,0,0.9543,0.010893
DuelingDQN,large_grid,4,30,5587,-544.0,200,0,0.9526,0.033918
DuelingDQN,large_grid,4,31,5759,-485.0,172,1,0.9512,0.019482
DuelingDQN,large_grid,4,32,5959,-564.0,200,0,0.9495,0.021687
DuelingDQN,large_grid,4,33,6159,-572.0,200,0,0.9478,0.034492
DuelingDQN,large_grid,4,34,6359,-624.0,200,0,0.9461,0.015605
DuelingDQN,large_grid,4,35,6360,10.0,1,1,0.9461,0.00169
DuelingDQN,large_grid,4,36,6560,-532.0,200,0,0.9444,0.030092
DuelingDQN,large_grid,4,37,6760,-528.0,200,0,0.9427,0.022729
DuelingDQN,large_grid,4,38,6960,-388.0,200,0,0.941,0.021421
DuelingDQN,large_grid,4,39,7160,-548.0,200,0,0.9393,0.044957
DuelingDQN,large_grid,4,40,7360,-584.0,200,0,0.9376,0.015118
DuelingDQN,large_grid,4,41,7560,-536.0,200,0,0.9359,0.036237
DuelingDQN,large_grid,4,42,7579,-24.0,19,1,0.9357,0.028936
DuelingDQN,large_grid,4,43,7622,-112.0,43,1,0.9354,0.035633
DuelingDQN,large_grid,4,44,7822,-560.0,200,0,0.9337,0.01564
DuelingDQN,large_grid,4,45,8022,-396.0,200,0,0.932,0.036615
DuelingDQN,large_grid,4,46,8024,9.0,2,1,0.9319,0.085027
DuelingDQN,large_grid,4,47,8224,-552.0,200,0,0.9303,0.038707
DuelingDQN,large_grid,4,48,8424,-408.0,200,0,0.9286,0.012261
DuelingDQN,large_grid,4,49,8624,-504.0,200,0,0.9269,0.073956
DuelingDQN,large_grid,4,50,8641,-34.0,17,1,0.9267,0.048617
DuelingDQN,large_grid,4,51,8841,-388.0,200,0,0.925,0.044405
DuelingDQN,large_grid,4,52,8898,-122.0,57,1,0.9245,0.029496
DuelingDQN,large_grid,4,53,9098,-572.0,200,0,0.9228,0.108707
DuelingDQN,large_grid,4,54,9231,-306.0,133,1,0.9217,0.080985
DuelingDQN,large_grid,4,55,9431,-596.0,200,0,0.92,0.057433
DuelingDQN,large_grid,4,56,9631,-520.0,200,0,0.9183,0.150632
DuelingDQN,large_grid,4,57,9696,-118.0,65,1,0.9178,0.112653
DuelingDQN,large_grid,4,58,9863,-468.0,167,1,0.9163,0.082821
DuelingDQN,large_grid,4,59,10063,-548.0,200,0,0.9147,0.15072
DuelingDQN,large_grid,4,60,10263,-536.0,200,0,0.913,0.132215
DuelingDQN,large_grid,4,61,10463,-448.0,200,0,0.9113,0.075011
DuelingDQN,large_grid,4,62,10495,-89.0,32,1,0.911,0.070658
DuelingDQN,large_grid,4,63,10496,10.0,1,1,0.911,0.190586
DuelingDQN,large_grid,4,64,10696,-592.0,200,0,0.9093,0.181228
DuelingDQN,large_grid,4,65,10800,-217.0,104,1,0.9084,0.109438
DuelingDQN,large_grid,4,66,11000,-584.0,200,0,0.9067,0.089829
DuelingDQN,large_grid,4,67,11200,-524.0,200,0,0.905,0.172229
DuelingDQN,large_grid,4,68,11400,-536.0,200,0,0.9033,0.062146
DuelingDQN,large_grid,4,69,11600,-392.0,200,0,0.9016,0.177617
DuelingDQN,large_grid,4,70,11800,-416.0,200,0,0.8999,0.101547
DuelingDQN,large_grid,4,71,11886,-183.0,86,1,0.8992,0.048924
DuelingDQN,large_grid,4,72,11999,-270.0,113,1,0.8982,0.048557
DuelingDQN,large_grid,4,73,12192,-498.0,193,1,0.8966,0.241204
DuelingDQN,large_grid,4,74,12216,-41.0,24,1,0.8964,0.117753
DuelingDQN,large_grid,4,75,12271,-144.0,55,1,0.8959,0.085526
DuelingDQN,large_grid,4,76,12471,-556.0,200,0,0.8942,0.065871
DuelingDQN,large_grid,4,77,12671,-552.0,200,0,0.8925,0.259817
DuelingDQN,large_grid,4,78,12871,-476.0,200,0,0.8908,0.11279
DuelingDQN,large_grid,4,79,12985,-323.0,114,1,0.8899,0.073331
DuelingDQN,large_grid,4,80,13170,-430.0,185,1,0.8883,0.248186
DuelingDQN,large_grid,4,81,13370,-556.0,200,0,0.8866,0.092114
DuelingDQN,large_grid,4,82,13444,-159.0,74,1,0.886,0.062684
DuelingDQN,large_grid,4,83,13644,-468.0,200,0,0.8843,0.238547
DuelingDQN,large_grid,4,84,13716,-149.0,72,1,0.8837,0.129764
DuelingDQN,large_grid,4,85,13916,-568.0,200,0,0.882,0.090926
DuelingDQN,large_grid,4,86,14071,-376.0,155,1,0.8807,0.2265
DuelingDQN,large_grid,4,87,14110,-76.0,39,1,0.8803,0.229627
DuelingDQN,large_grid,4,88,14153,-120.0,43,1,0.88,0.187566
DuelingDQN,large_grid,4,89,14244,-236.0,91,1,0.8792,0.115736
DuelingDQN,large_grid,4,90,14353,-290.0,109,1,0.8783,0.074539
DuelingDQN,large_grid,4,91,14553,-568.0,200,0,0.8766,0.177482
DuelingDQN,large_grid,4,92,14753,-464.0,200,0,0.8749,0.151243
DuelingDQN,large_grid,4,93,14953,-584.0,200,0,0.8732,0.064951
DuelingDQN,large_grid,4,94,15091,-307.0,138,1,0.872,0.274397
DuelingDQN,large_grid,4,95,15291,-584.0,200,0,0.8703,0.122313
DuelingDQN,large_grid,4,96,15403,-261.0,112,1,0.8694,0.080645
DuelingDQN,large_grid,4,97,15592,-454.0,189,1,0.8678,0.206092
DuelingDQN,large_grid,4,98,15783,-452.0,191,1,0.8661,0.154603
DuelingDQN,large_grid,4,99,15948,-378.0,165,1,0.8647,0.102807
DuelingDQN,large_grid,4,100,16023,-192.0,75,1,0.8641,0.224385
DuelingDQN,large_grid,4,101,16223,-536.0,200,0,0.8624,0.218249
DuelingDQN,large_grid,4,102,16240,-42.0,17,1,0.8623,0.113975
DuelingDQN,large_grid,4,103,16404,-345.0,164,1,0.8609,0.113765
DuelingDQN,large_grid,4,104,16492,-229.0,88,1,0.8601,0.090383
DuelingDQN,large_grid,4,105,16692,-428.0,200,0,0.8584,0.233009
DuelingDQN,large_grid,4,106,16776,-181.0,84,1,0.8577,0.10147
DuelingDQN,large_grid,4,107,16831,-120.0,55,1,0.8572,0.097727
DuelingDQN,large_grid,4,108,17019,-417.0,188,1,0.8557,0.140065
DuelingDQN,large_grid,4,109,17069,-79.0,50,1,0.8552,0.306877
DuelingDQN,large_grid,4,110,17158,-234.0,89,1,0.8545,0.200939
DuelingDQN,large_grid,4,111,17252,-215.0,94,1,0.8537,0.119374
DuelingDQN,large_grid,4,112,17452,-540.0,200,0,0.852,0.097346
DuelingDQN,large_grid,4,113,17543,-192.0,91,1,0.8512,0.281147
DuelingDQN,large_grid,4,114,17648,-266.0,105,1,0.8503,0.206528
DuelingDQN,large_grid,4,115,17848,-508.0,200,0,0.8486,0.118279
DuelingDQN,large_grid,4,116,17911,-140.0,63,1,0.8481,0.082858
DuelingDQN,large_grid,4,117,18023,-241.0,112,1,0.8471,0.199021
DuelingDQN,large_grid,4,118,18218,-444.0,195,1,0.8455,0.178402
DuelingDQN,large_grid,4,119,18359,-350.0,141,1,0.8443,0.084955
DuelingDQN,large_grid,4,120,18518,-360.0,159,1,0.8429,0.115113
DuelingDQN,large_grid,4,121,18679,-430.0,161,1,0.8416,0.187943
DuelingDQN,large_grid,4,122,18691,-9.0,12,1,0.8415,0.056668
DuelingDQN,large_grid,4,123,18789,-271.0,98,1,0.8406,0.08432
DuelingDQN,large_grid,4,124,18853,-145.0,64,1,0.8401,0.085893
DuelingDQN,large_grid,4,125,18978,-318.0,125,1,0.839,0.055054
DuelingDQN,large_grid,4,126,19023,-102.0,45,1,0.8387,0.237269
DuelingDQN,large_grid,4,127,19155,-257.0,132,1,0.8375,0.192776
DuelingDQN,large_grid,4,128,19271,-205.0,116,1,0.8365,0.069222
DuelingDQN,large_grid,4,129,19471,-452.0,200,0,0.8349,0.07485
DuelingDQN,large_grid,4,130,19635,-357.0,164,1,0.8335,0.164796
DuelingDQN,large_grid,4,131,19835,-508.0,200,0,0.8318,0.070977
DuelingDQN,large_grid,4,132,20035,-520.0,200,0,0.8301,0.092667
DuelingDQN,large_grid,4,133,20051,-17.0,16,1,0.8299,0.248104
DuelingDQN,large_grid,4,134,20251,-516.0,200,0,0.8282,0.105423
DuelingDQN,large_grid,4,135,20334,-184.0,83,1,0.8275,0.05306
DuelingDQN,large_grid,4,136,20354,-25.0,20,1,0.8274,0.059588
DuelingDQN,large_grid,4,137,20538,-425.0,184,1,0.8258,0.111637
DuelingDQN,large_grid,4,138,20597,-116.0,59,1,0.8253,0.213886
DuelingDQN,large_grid,4,139,20797,-436.0,200,0,0.8236,0.087336
DuelingDQN,large_grid,4,140,20839,-95.0,42,1,0.8232,0.067926
DuelingDQN,large_grid,4,141,20947,-209.0,108,1,0.8223,0.053871
DuelingDQN,large_grid,4,142,20994,-120.0,47,1,0.8219,0.047429
DuelingDQN,large_grid,4,143,21146,-385.0,152,1,0.8206,0.172052
DuelingDQN,large_grid,4,144,21309,-352.0,163,1,0.8193,0.058861
DuelingDQN,large_grid,4,145,21457,-349.0,148,1,0.818,0.049512
DuelingDQN,large_grid,4,146,21469,-17.0,12,1,0.8179,0.059032
DuelingDQN,large_grid,4,147,21644,-412.0,175,1,0.8164,0.143824
DuelingDQN,large_grid,4,148,21646,9.0,2,1,0.8164,0.043643
DuelingDQN,large_grid,4,149,21789,-328.0,143,1,0.8152,0.054796
DuelingDQN,large_grid,4,150,21867,-187.0,78,1,0.8145,0.026443
DuelingDQN,large_grid,4,151,22019,-313.0,152,1,0.8132,0.065485
DuelingDQN,large_grid,4,152,22027,-1.0,8,1,0.8132,0.158933
DuelingDQN,large_grid,4,153,22074,-84.0,47,1,0.8128,0.123013
DuelingDQN,large_grid,4,154,22146,-149.0,72,1,0.8122,0.066246
DuelingDQN,large_grid,4,155,22245,-188.0,99,1,0.8113,0.062634
DuelingDQN,large_grid,4,156,22254,-6.0,9,1,0.8112,0.034176
DuelingDQN,large_grid,4,157,22390,-313.0,136,1,0.8101,0.037614
DuelingDQN,large_grid,4,158,22430,-77.0,40,1,0.8098,0.041078
DuelingDQN,large_grid,4,159,22484,-99.0,54,1,0.8093,0.042504
DuelingDQN,large_grid,4,160,22490,1.0,6,1,0.8092,0.038122
DuelingDQN,large_grid,4,161,22661,-392.0,171,1,0.8078,0.099975
DuelingDQN,large_grid,4,162,22725,-149.0,64,1,0.8073,0.03918
DuelingDQN,large_grid,4,163,22798,-158.0,73,1,0.8066,0.025156
DuelingDQN,large_grid,4,164,22986,-457.0,188,1,0.805,0.029683
DuelingDQN,large_grid,4,165,23126,-289.0,140,1,0.8039,0.069157
DuelingDQN,large_grid,4,166,23172,-99.0,46,1,0.8035,0.035118
DuelingDQN,large_grid,4,167,23249,-170.0,77,1,0.8028,0.043983
DuelingDQN,large_grid,4,168,23270,-38.0,21,1,0.8026,0.016411
DuelingDQN,large_grid,4,169,23470,-460.0,200,0,0.8009,0.037841
DuelingDQN,large_grid,4,170,23670,-380.0,200,0,0.7992,0.067302
DuelingDQN,large_grid,4,171,23744,-147.0,74,1,0.7986,0.045296
DuelingDQN,large_grid,4,172,23842,-235.0,98,1,0.7978,0.030004
DuelingDQN,large_grid,4,173,23881,-80.0,39,1,0.7974,0.047293
DuelingDQN,large_grid,4,174,23914,-58.0,33,1,0.7972,0.024363
DuelingDQN,large_grid,4,175,24074,-377.0,160,1,0.7958,0.060413
DuelingDQN,large_grid,4,176,24086,-9.0,12,1,0.7957,0.056373
DuelingDQN,large_grid,4,177,24269,-392.0,183,1,0.7942,0.033724
DuelingDQN,large_grid,4,178,24333,-121.0,64,1,0.7936,0.026124
DuelingDQN,large_grid,4,179,24401,-157.0,68,1,0.793,0.038836
DuelingDQN,large_grid,4,180,24494,-182.0,93,1,0.7922,0.027303
DuelingDQN,large_grid,4,181,24566,-125.0,72,1,0.7916,0.062295
DuelingDQN,large_grid,4,182,24621,-104.0,55,1,0.7912,0.057539
DuelingDQN,large_grid,4,183,24700,-152.0,79,1,0.7905,0.046605
DuelingDQN,large_grid,4,184,24710,-11.0,10,1,0.7904,0.043021
DuelingDQN,large_grid,4,185,24777,-144.0,67,1,0.7898,0.039843
DuelingDQN,large_grid,4,186,24799,-43.0,22,1,0.7897,0.038427
DuelingDQN,large_grid,4,187,24884,-194.0,85,1,0.7889,0.038778
DuelingDQN,large_grid,4,188,24960,-145.0,76,1,0.7883,0.025912
DuelingDQN,large_grid,4,189,25014,-127.0,54,1,0.7878,0.055774
DuelingDQN,large_grid,4,190,25017,4.0,3,1,0.7878,0.107839
DuelingDQN,large_grid,4,191,25098,-166.0,81,1,0.7871,0.073106
DuelingDQN,large_grid,4,192,25119,-26.0,21,1,0.7869,0.052109
DuelingDQN,large_grid,4,193,25214,-240.0,95,1,0.7861,0.035637
DuelingDQN,large_grid,4,194,25217,8.0,3,1,0.7861,0.077193
DuelingDQN,large_grid,4,195,25298,-154.0,81,1,0.7854,0.023918
DuelingDQN,large_grid,4,196,25361,-104.0,63,1,0.7849,0.021452
DuelingDQN,large_grid,4,197,25561,-544.0,200,0,0.7832,0.037442
DuelingDQN,large_grid,4,198,25635,-151.0,74,1,0.7826,0.044362
DuelingDQN,large_grid,4,199,25746,-268.0,111,1,0.7816,0.031165
DuelingDQN,large_grid,4,200,25849,-244.0,103,1,0.7808,0.036235
DuelingDQN,large_grid,4,201,25933,-141.0,84,1,0.78,0.041447
DuelingDQN,large_grid,4,202,26130,-510.0,197,1,0.7784,0.067974
DuelingDQN,large_grid,4,203,26131,10.0,1,1,0.7784,0.118714
DuelingDQN,large_grid,4,204,26231,-237.0,100,1,0.7775,0.041021
DuelingDQN,large_grid,4,205,26250,-8.0,19,1,0.7774,0.034871
DuelingDQN,large_grid,4,206,26260,-7.0,10,1,0.7773,0.030211
DuelingDQN,large_grid,4,207,26322,-143.0,62,1,0.7767,0.036046
DuelingDQN,large_grid,4,208,26396,-167.0,74,1,0.7761,0.053145
DuelingDQN,large_grid,4,209,26398,9.0,2,1,0.7761,0.099972
DuelingDQN,large_grid,4,210,26526,-289.0,128,1,0.775,0.05481
DuelingDQN,large_grid,4,211,26618,-205.0,92,1,0.7742,0.050085
DuelingDQN,large_grid,4,212,26637,-28.0,19,1,0.7741,0.059411
DuelingDQN,large_grid,4,213,26728,-176.0,91,1,0.7733,0.043645
DuelingDQN,large_grid,4,214,26790,-119.0,62,1,0.7728,0.03237
DuelingDQN,large_grid,4,215,26827,-74.0,37,1,0.7725,0.046691
DuelingDQN,large_grid,4,216,26835,3.0,8,1,0.7724,0.027133
DuelingDQN,large_grid,4,217,26938,-268.0,103,1,0.7715,0.034222
DuelingDQN,large_grid,4,218,27007,-138.0,69,1,0.7709,0.05748
DuelingDQN,large_grid,4,219,27176,-394.0,169,1,0.7695,0.051569
DuelingDQN,large_grid,4,220,27213,-82.0,37,1,0.7692,0.052551
DuelingDQN,large_grid,4,221,27293,-157.0,80,1,0.7685,0.031656
DuelingDQN,large_grid,4,222,27323,-55.0,30,1,0.7683,0.04182
DuelingDQN,large_grid,4,223,27374,-132.0,51,1,0.7678,0.041944
DuelingDQN,large_grid,4,224,27386,-13.0,12,1,0.7677,0.032844
DuelingDQN,large_grid,4,225,27408,-31.0,22,1,0.7675,0.023119
DuelingDQN,large_grid,4,226,27457,-98.0,49,1,0.7671,0.050112
DuelingDQN,large_grid,4,227,27500,-96.0,43,1,0.7667,0.032609
DuelingDQN,large_grid,4,228,27624,-281.0,124,1,0.7657,0.068696
DuelingDQN,large_grid,4,229,27684,-133.0,60,1,0.7652,0.050318
DuelingDQN,large_grid,4,230,27752,-145.0,68,1,0.7646,0.033866
DuelingDQN,large_grid,4,231,27761,-10.0,9,1,0.7645,0.019566
DuelingDQN,large_grid,4,232,27912,-356.0,151,1,0.7633,0.041264
DuelingDQN,large_grid,4,233,28008,-205.0,96,1,0.7624,0.041288
DuelingDQN,large_grid,4,234,28082,-191.0,74,1,0.7618,0.066986
DuelingDQN,large_grid,4,235,28092,-3.0,10,1,0.7617,0.078607
DuelingDQN,large_grid,4,236,28127,-64.0,35,1,0.7614,0.054439
DuelingDQN,large_grid,4,237,28138,-8.0,11,1,0.7613,0.040532
DuelingDQN,large_grid,4,238,28158,-45.0,20,1,0.7612,0.039323
DuelingDQN,large_grid,4,239,28244,-179.0,86,1,0.7604,0.030548
DuelingDQN,large_grid,4,240,28310,-131.0,66,1,0.7599,0.033317
DuelingDQN,large_grid,4,241,28378,-113.0,68,1,0.7593,0.044274
DuelingDQN,large_grid,4,242,28391,-18.0,13,1,0.7592,0.011742
DuelingDQN,large_grid,4,243,28411,-41.0,20,1,0.759,0.031258
DuelingDQN,large_grid,4,244,28417,-3.0,6,1,0.759,0.053422
DuelingDQN,large_grid,4,245,28485,-169.0,68,1,0.7584,0.039877
DuelingDQN,large_grid,4,246,28557,-153.0,72,1,0.7578,0.06184
DuelingDQN,large_grid,4,247,28629,-133.0,72,1,0.7572,0.054543
DuelingDQN,large_grid,4,248,28779,-255.0,150,1,0.7559,0.034262
DuelingDQN,large_grid,4,249,28818,-60.0,39,1,0.7556,0.028188
DuelingDQN,large_grid,4,250,28899,-170.0,81,1,0.7549,0.033501
DuelingDQN,large_grid,4,251,29013,-211.0,114,1,0.7539,0.041339
DuelingDQN,large_grid,4,252,29081,-129.0,68,1,0.7533,0.062277
DuelingDQN,large_grid,4,253,29113,-45.0,32,1,0.7531,0.036519
DuelingDQN,large_grid,4,254,29172,-116.0,59,1,0.7526,0.037129
DuelingDQN,large_grid,4,255,29262,-183.0,90,1,0.7518,0.037284
DuelingDQN,large_grid,4,256,29281,-16.0,19,1,0.7516,0.032202
DuelingDQN,large_grid,4,257,29334,-134.0,53,1,0.7512,0.035675
DuelingDQN,large_grid,4,258,29364,-39.0,30,1,0.7509,0.04088
DuelingDQN,large_grid,4,259,29430,-139.0,66,1,0.7504,0.032591
DuelingDQN,large_grid,4,260,29484,-107.0,54,1,0.7499,0.024551
DuelingDQN,large_grid,4,261,29486,9.0,2,1,0.7499,0.004375
DuelingDQN,large_grid,4,262,29505,-16.0,19,1,0.7497,0.048203
DuelingDQN,large_grid,4,263,29597,-197.0,92,1,0.749,0.050454
DuelingDQN,large_grid,4,264,29634,-54.0,37,1,0.7486,0.034176
DuelingDQN,large_grid,4,265,29713,-188.0,79,1,0.748,0.037132
DuelingDQN,large_grid,4,266,29762,-90.0,49,1,0.7476,0.047443
DuelingDQN,large_grid,4,267,29886,-241.0,124,1,0.7465,0.035073
DuelingDQN,large_grid,4,268,29918,-73.0,32,1,0.7462,0.024387
DuelingDQN,large_grid,4,269,30118,-468.0,200,0,0.7445,0.061595
DuelingDQN,large_grid,4,270,30239,-278.0,121,1,0.7435,0.048437
DuelingDQN,large_grid,4,271,30282,-84.0,43,1,0.7432,0.040028
DuelingDQN,large_grid,4,272,30303,-30.0,21,1,0.743,0.029109
DuelingDQN,large_grid,4,273,30374,-148.0,71,1,0.7424,0.035074
DuelingDQN,large_grid,4,274,30453,-148.0,79,1,0.7417,0.028939
DuelingDQN,large_grid,4,275,30603,-275.0,150,1,0.7404,0.050675
DuelingDQN,large_grid,4,276,30638,-68.0,35,1,0.7401,0.040873
DuelingDQN,large_grid,4,277,30662,-41.0,24,1,0.7399,0.027051
DuelingDQN,large_grid,4,278,30757,-200.0,95,1,0.7391,0.033359
DuelingDQN,large_grid,4,279,30812,-108.0,55,1,0.7387,0.038393
DuelingDQN,large_grid,4,280,30879,-136.0,67,1,0.7381,0.051793
DuelingDQN,large_grid,4,281,30941,-131.0,62,1,0.7376,0.034756
DuelingDQN,large_grid,4,282,31141,-432.0,200,0,0.7359,0.054193
DuelingDQN,large_grid,4,283,31187,-79.0,46,1,0.7355,0.04527
DuelingDQN,large_grid,4,284,31243,-109.0,56,1,0.735,0.029362
DuelingDQN,large_grid,4,285,31356,-266.0,113,1,0.734,0.041153
DuelingDQN,large_grid,4,286,31463,-236.0,107,1,0.7331,0.040548
DuelingDQN,large_grid,4,287,31663,-476.0,200,0,0.7314,0.055313
DuelingDQN,large_grid,4,288,31762,-204.0,99,1,0.7306,0.027227
DuelingDQN,large_grid,4,289,31773,-4.0,11,1,0.7305,0.04411
DuelingDQN,large_grid,4,290,31858,-158.0,85,1,0.7298,0.027847
DuelingDQN,large_grid,4,291,31923,-118.0,65,1,0.7292,0.032186
DuelingDQN,large_grid,4,292,32006,-188.0,83,1,0.7285,0.02799
DuelingDQN,large_grid,4,293,32100,-175.0,94,1,0.7277,0.048763
DuelingDQN,large_grid,4,294,32104,3.0,4,1,0.7277,0.057507
DuelingDQN,large_grid,4,295,32197,-182.0,93,1,0.7269,0.037351
DuelingDQN,large_grid,4,296,32266,-134.0,69,1,0.7263,0.045189
DuelingDQN,large_grid,4,297,32408,-331.0,142,1,0.7251,0.038257
DuelingDQN,large_grid,4,298,32438,-43.0,30,1,0.7249,0.023908
DuelingDQN,large_grid,4,299,32521,-176.0,83,1,0.7242,0.048065
DuelingDQN,large_grid,4,300,32659,-287.0,138,1,0.723,0.049028
DuelingDQN,large_grid,4,301,32779,-233.0,120,1,0.722,0.036145
DuelingDQN,large_grid,4,302,32807,-73.0,28,1,0.7217,0.039533
DuelingDQN,large_grid,4,303,32949,-303.0,142,1,0.7205,0.039764
DuelingDQN,large_grid,4,304,33029,-161.0,80,1,0.7199,0.050326
DuelingDQN,large_grid,4,305,33116,-160.0,87,1,0.7191,0.061268
DuelingDQN,large_grid,4,306,33143,-44.0,27,1,0.7189,0.060791
DuelingDQN,large_grid,4,307,33194,-108.0,51,1,0.7185,0.049765
DuelingDQN,large_grid,4,308,33207,-10.0,13,1,0.7183,0.054224
DuelingDQN,large_grid,4,309,33222,-16.0,15,1,0.7182,0.031534
DuelingDQN,large_grid,4,310,33241,-24.0,19,1,0.7181,0.014844
DuelingDQN,large_grid,4,311,33305,-145.0,64,1,0.7175,0.029162
DuelingDQN,large_grid,4,312,33340,-56.0,35,1,0.7172,0.037494
DuelingDQN,large_grid,4,313,33446,-235.0,106,1,0.7163,0.032679
DuelingDQN,large_grid,4,314,33499,-98.0,53,1,0.7159,0.048277
DuelingDQN,large_grid,4,315,33550,-92.0,51,1,0.7154,0.07263
DuelingDQN,large_grid,4,316,33561,-4.0,11,1,0.7153,0.074434
DuelingDQN,large_grid,4,317,33674,-266.0,113,1,0.7144,0.045999
DuelingDQN,large_grid,4,318,33716,-95.0,42,1,0.714,0.052231
DuelingDQN,large_grid,4,319,33787,-124.0,71,1,0.7134,0.037082
DuelingDQN,large_grid,4,320,33850,-120.0,63,1,0.7129,0.037573
DuelingDQN,large_grid,4,321,33904,-103.0,54,1,0.7124,0.021558
DuelingDQN,large_grid,4,322,33949,-90.0,45,1,0.712,0.031629
DuelingDQN,large_grid,4,323,34109,-333.0,160,1,0.7107,0.048449
DuelingDQN,large_grid,4,324,34113,3.0,4,1,0.7107,0.062099
DuelingDQN,large_grid,4,325,34131,-15.0,18,1,0.7105,0.032707
DuelingDQN,large_grid,4,326,34187,-93.0,56,1,0.71,0.037496
DuelingDQN,large_grid,4,327,34242,-80.0,55,1,0.7096,0.058291
DuelingDQN,large_grid,4,328,34255,-18.0,13,1,0.7095,0.043427
DuelingDQN,large_grid,4,329,34351,-229.0,96,1,0.7086,0.03516
DuelingDQN,large_grid,4,330,34404,-110.0,53,1,0.7082,0.043278
DuelingDQN,large_grid,4,331,34435,-56.0,31,1,0.7079,0.043971
DuelingDQN,large_grid,4,332,34452,-34.0,17,1,0.7078,0.068976
DuelingDQN,large_grid,4,333,34532,-137.0,80,1,0.7071,0.059777
DuelingDQN,large_grid,4,334,34625,-182.0,93,1,0.7063,0.071424
DuelingDQN,large_grid,4,335,34633,-1.0,8,1,0.7062,0.010333
DuelingDQN,large_grid,4,336,34650,-18.0,17,1,0.7061,0.019833
DuelingDQN,large_grid,4,337,34719,-154.0,69,1,0.7055,0.039808
DuelingDQN,large_grid,4,338,34837,-279.0,118,1,0.7045,0.04282
DuelingDQN,large_grid,4,339,34872,-64.0,35,1,0.7042,0.044005
DuelingDQN,large_grid,4,340,34954,-159.0,82,1,0.7035,0.052717
DuelingDQN,large_grid,4,341,35011,-114.0,57,1,0.703,0.062965
DuelingDQN,large_grid,4,342,35116,-254.0,105,1,0.7021,0.070335
DuelingDQN,large_grid,4,343,35195,-200.0,79,1,0.7015,0.034821
DuelingDQN,large_grid,4,344,35214,-36.0,19,1,0.7013,0.053812
DuelingDQN,large_grid,4,345,35216,9.0,2,1,0.7013,0.066119
DuelingDQN,large_grid,4,346,35253,-70.0,37,1,0.701,0.048471
DuelingDQN,large_grid,4,347,35307,-123.0,54,1,0.7005,0.043763
DuelingDQN,large_grid,4,348,35325,-19.0,18,1,0.7004,0.060983
DuelingDQN,large_grid,4,349,35525,-436.0,200,0,0.6987,0.052621
DuelingDQN,large_grid,4,350,35618,-190.0,93,1,0.6979,0.056267
DuelingDQN,large_grid,4,351,35632,-15.0,14,1,0.6978,0.02004
DuelingDQN,large_grid,4,352,35633,10.0,1,1,0.6978,0.0082
DuelingDQN,large_grid,4,353,35703,-135.0,70,1,0.6972,0.040656
DuelingDQN,large_grid,4,354,35814,-260.0,111,1,0.6962,0.036373
DuelingDQN,large_grid,4,355,35904,-207.0,90,1,0.6955,0.039263
DuelingDQN,large_grid,4,356,36003,-232.0,99,1,0.6946,0.052583
DuelingDQN,large_grid,4,357,36144,-334.0,141,1,0.6934,0.079255
DuelingDQN,large_grid,4,358,36201,-94.0,57,1,0.6929,0.04752
DuelingDQN,large_grid,4,359,36234,-50.0,33,1,0.6927,0.040323
DuelingDQN,large_grid,4,360,36250,-25.0,16,1,0.6925,0.056282
DuelingDQN,large_grid,4,361,36295,-70.0,45,1,0.6921,0.064103
DuelingDQN,large_grid,4,362,36342,-88.0,47,1,0.6918,0.038707
DuelingDQN,large_grid,4,363,36364,-39.0,22,1,0.6916,0.046024
DuelingDQN,large_grid,4,364,36428,-145.0,64,1,0.691,0.052813
DuelingDQN,large_grid,4,365,36512,-225.0,84,1,0.6903,0.062494
DuelingDQN,large_grid,4,366,36584,-149.0,72,1,0.6897,0.095021
DuelingDQN,large_grid,4,367,36664,-165.0,80,1,0.689,0.044733
DuelingDQN,large_grid,4,368,36709,-82.0,45,1,0.6886,0.041101
DuelingDQN,large_grid,4,369,36802,-178.0,93,1,0.6878,0.043152
DuelingDQN,large_grid,4,370,36884,-147.0,82,1,0.6872,0.041772
DuelingDQN,large_grid,4,371,36916,-49.0,32,1,0.6869,0.052367
DuelingDQN,large_grid,4,372,36964,-61.0,48,1,0.6865,0.046949
DuelingDQN,large_grid,4,373,37027,-112.0,63,1,0.6859,0.075569
DuelingDQN,large_grid,4,374,37056,-58.0,29,1,0.6857,0.071806
DuelingDQN,large_grid,4,375,37116,-117.0,60,1,0.6852,0.055205
DuelingDQN,large_grid,4,376,37149,-54.0,33,1,0.6849,0.063933
DuelingDQN,large_grid,4,377,37216,-164.0,67,1,0.6843,0.04977
DuelingDQN,large_grid,4,378,37312,-201.0,96,1,0.6835,0.037278
DuelingDQN,large_grid,4,379,37371,-108.0,59,1,0.683,0.047579
DuelingDQN,large_grid,4,380,37448,-150.0,77,1,0.6824,0.054116
DuelingDQN,large_grid,4,381,37491,-72.0,43,1,0.682,0.042048
DuelingDQN,large_grid,4,382,37505,-11.0,14,1,0.6819,0.07881
DuelingDQN,large_grid,4,383,37615,-191.0,110,1,0.681,0.068479
DuelingDQN,large_grid,4,384,37657,-71.0,42,1,0.6806,0.050709
DuelingDQN,large_grid,4,385,37732,-140.0,75,1,0.68,0.052513
DuelingDQN,large_grid,4,386,37743,-12.0,11,1,0.6799,0.063213
DuelingDQN,large_grid,4,387,37767,-37.0,24,1,0.6797,0.044457
DuelingDQN,large_grid,4,388,37917,-327.0,150,1,0.6784,0.044168
DuelingDQN,large_grid,4,389,37963,-79.0,46,1,0.678,0.040344
DuelingDQN,large_grid,4,390,38005,-75.0,42,1,0.6776,0.075198
DuelingDQN,large_grid,4,391,38006,10.0,1,1,0.6776,0.040574
DuelingDQN,large_grid,4,392,38097,-176.0,91,1,0.6769,0.061298
DuelingDQN,large_grid,4,393,38231,-311.0,134,1,0.6757,0.051378
DuelingDQN,large_grid,4,394,38317,-191.0,86,1,0.675,0.050289
DuelingDQN,large_grid,4,395,38342,-46.0,25,1,0.6748,0.025946
DuelingDQN,large_grid,4,396,38363,-38.0,21,1,0.6746,0.024816
DuelingDQN,large_grid,4,397,38387,-45.0,24,1,0.6744,0.01768
DuelingDQN,large_grid,4,398,38480,-158.0,93,1,0.6736,0.053811
DuelingDQN,large_grid,4,399,38530,-91.0,50,1,0.6732,0.067363
DuelingDQN,large_grid,4,400,38679,-358.0,149,1,0.6719,0.054879
DuelingDQN,large_grid,4,401,38742,-96.0,63,1,0.6714,0.030312
DuelingDQN,large_grid,4,402,38865,-260.0,123,1,0.6704,0.044861
DuelingDQN,large_grid,4,403,38936,-144.0,71,1,0.6697,0.042455
DuelingDQN,large_grid,4,404,38942,1.0,6,1,0.6697,0.105516
DuelingDQN,large_grid,4,405,38957,-12.0,15,1,0.6696,0.058536
DuelingDQN,large_grid,4,406,38981,-41.0,24,1,0.6694,0.043529
DuelingDQN,large_grid,4,407,39181,-437.0,200,1,0.6677,0.06103
DuelingDQN,large_grid,4,408,39279,-167.0,98,1,0.6668,0.051747
DuelingDQN,large_grid,4,409,39305,-43.0,26,1,0.6666,0.050192
DuelingDQN,large_grid,4,410,39339,-59.0,34,1,0.6663,0.040758
DuelingDQN,large_grid,4,411,39404,-126.0,65,1,0.6658,0.043718
DuelingDQN,large_grid,4,412,39410,1.0,6,1,0.6657,0.016125
DuelingDQN,large_grid,4,413,39449,-84.0,39,1,0.6654,0.03881
DuelingDQN,large_grid,4,414,39516,-124.0,67,1,0.6648,0.061855
DuelingDQN,large_grid,4,415,39595,-148.0,79,1,0.6642,0.086562
DuelingDQN,large_grid,4,416,39616,-22.0,21,1,0.664,0.05544
DuelingDQN,large_grid,4,417,39671,-96.0,55,1,0.6635,0.044763
DuelingDQN,large_grid,4,418,39690,-16.0,19,1,0.6634,0.028028
DuelingDQN,large_grid,4,419,39729,-64.0,39,1,0.663,0.065288
DuelingDQN,large_grid,4,420,39775,-83.0,46,1,0.6626,0.049739
DuelingDQN,large_grid,4,421,39798,-44.0,23,1,0.6624,0.030107
DuelingDQN,large_grid,4,422,39892,-207.0,94,1,0.6616,0.050758
DuelingDQN,large_grid,4,423,39921,-42.0,29,1,0.6614,0.050992
DuelingDQN,large_grid,4,424,39985,-133.0,64,1,0.6609,0.06316
DuelingDQN,large_grid,4,425,40039,-115.0,54,1,0.6604,0.091638
DuelingDQN,large_grid,4,426,40127,-157.0,88,1,0.6596,0.05701
DuelingDQN,large_grid,4,427,40161,-43.0,34,1,0.6594,0.028431
DuelingDQN,large_grid,4,428,40200,-56.0,39,1,0.659,0.056032
DuelingDQN,large_grid,4,429,40259,-116.0,59,1,0.6585,0.041343
DuelingDQN,large_grid,4,430,40300,-82.0,41,1,0.6582,0.024017
DuelingDQN,large_grid,4,431,40353,-102.0,53,1,0.6577,0.047843
DuelingDQN,large_grid,4,432,40374,-22.0,21,1,0.6576,0.100016
DuelingDQN,large_grid,4,433,40419,-70.0,45,1,0.6572,0.040557
DuelingDQN,large_grid,4,434,40494,-108.0,75,1,0.6565,0.058521
DuelingDQN,large_grid,4,435,40528,-51.0,34,1,0.6562,0.099829
DuelingDQN,large_grid,4,436,40559,-36.0,31,1,0.656,0.093938
DuelingDQN,large_grid,4,437,40603,-69.0,44,1,0.6556,0.044242
DuelingDQN,large_grid,4,438,40663,-113.0,60,1,0.6551,0.057776
DuelingDQN,large_grid,4,439,40672,-18.0,9,1,0.655,0.018174
DuelingDQN,large_grid,4,440,40690,-19.0,18,1,0.6549,0.089784
DuelingDQN,large_grid,4,441,40719,-62.0,29,1,0.6546,0.048205
DuelingDQN,large_grid,4,442,40743,-41.0,24,1,0.6544,0.071312
DuelingDQN,large_grid,4,443,40823,-145.0,80,1,0.6537,0.060864
DuelingDQN,large_grid,4,444,40841,-39.0,18,1,0.6536,0.092166
DuelingDQN,large_grid,4,445,40858,-22.0,17,1,0.6534,0.061484
DuelingDQN,large_grid,4,446,40891,-50.0,33,1,0.6532,0.035406
DuelingDQN,large_grid,4,447,40952,-110.0,61,1,0.6526,0.056431
DuelingDQN,large_grid,4,448,40961,-10.0,9,1,0.6526,0.031551
DuelingDQN,large_grid,4,449,41007,-79.0,46,1,0.6522,0.040868
DuelingDQN,large_grid,4,450,41047,-73.0,40,1,0.6518,0.07057
DuelingDQN,large_grid,4,451,41060,-22.0,13,1,0.6517,0.096334
DuelingDQN,large_grid,4,452,41078,-23.0,18,1,0.6516,0.063635
DuelingDQN,large_grid,4,453,41082,3.0,4,1,0.6515,0.081077
DuelingDQN,large_grid,4,454,41142,-109.0,60,1,0.651,0.063181
DuelingDQN,large_grid,4,455,41152,-15.0,10,1,0.651,0.053209
DuelingDQN,large_grid,4,456,41226,-139.0,74,1,0.6503,0.051418
DuelingDQN,large_grid,4,457,41293,-124.0,67,1,0.6498,0.058723
DuelingDQN,large_grid,4,458,41329,-77.0,36,1,0.6495,0.05574
DuelingDQN,large_grid,4,459,41360,-76.0,31,1,0.6492,0.058061
DuelingDQN,large_grid,4,460,41368,-5.0,8,1,0.6491,0.028036
DuelingDQN,large_grid,4,461,41420,-105.0,52,1,0.6487,0.049764
DuelingDQN,large_grid,4,462,41469,-78.0,49,1,0.6483,0.064063
DuelingDQN,large_grid,4,463,41560,-208.0,91,1,0.6475,0.08144
DuelingDQN,large_grid,4,464,41629,-130.0,69,1,0.6469,0.046007
DuelingDQN,large_grid,4,465,41646,-18.0,17,1,0.6468,0.026706
DuelingDQN,large_grid,4,466,41683,-54.0,37,1,0.6464,0.061071
DuelingDQN,large_grid,4,467,41724,-82.0,41,1,0.6461,0.05188
DuelingDQN,large_grid,4,468,41776,-93.0,52,1,0.6457,0.065654
DuelingDQN,large_grid,4,469,41805,-42.0,29,1,0.6454,0.041349
DuelingDQN,large_grid,4,470,41856,-92.0,51,1,0.645,0.051652
DuelingDQN,large_grid,4,471,41928,-161.0,72,1,0.6444,0.05194
DuelingDQN,large_grid,4,472,41929,10.0,1,1,0.6444,0.011672
DuelingDQN,large_grid,4,473,42006,-158.0,77,1,0.6437,0.051654
DuelingDQN,large_grid,4,474,42090,-193.0,84,1,0.643,0.077359
DuelingDQN,large_grid,4,475,42111,-42.0,21,1,0.6428,0.038069
DuelingDQN,large_grid,4,476,42131,-21.0,20,1,0.6426,0.090894
DuelingDQN,large_grid,4,477,42164,-46.0,33,1,0.6424,0.049485
DuelingDQN,large_grid,4,478,42213,-106.0,49,1,0.642,0.038471
DuelingDQN,large_grid,4,479,42239,-35.0,26,1,0.6417,0.061121
DuelingDQN,large_grid,4,480,42273,-55.0,34,1,0.6414,0.025958
DuelingDQN,large_grid,4,481,42308,-52.0,35,1,0.6411,0.029986
DuelingDQN,large_grid,4,482,42351,-84.0,43,1,0.6408,0.040046
DuelingDQN,large_grid,4,483,42419,-153.0,68,1,0.6402,0.054985
DuelingDQN,large_grid,4,484,42467,-113.0,48,1,0.6398,0.041243
DuelingDQN,large_grid,4,485,42497,-47.0,30,1,0.6395,0.042575
DuelingDQN,large_grid,4,486,42576,-128.0,79,1,0.6389,0.076404
DuelingDQN,large_grid,4,487,42648,-157.0,72,1,0.6383,0.05511
DuelingDQN,large_grid,4,488,42679,-60.0,31,1,0.638,0.073404
DuelingDQN,large_grid,4,489,42748,-150.0,69,1,0.6374,0.050536
DuelingDQN,large_grid,4,490,42811,-100.0,63,1,0.6369,0.039312
DuelingDQN,large_grid,4,491,42842,-52.0,31,1,0.6366,0.042748
DuelingDQN,large_grid,4,492,42877,-60.0,35,1,0.6363,0.070085
DuelingDQN,large_grid,4,493,42931,-87.0,54,1,0.6359,0.045933
DuelingDQN,large_grid,4,494,42979,-77.0,48,1,0.6355,0.072781
DuelingDQN,large_grid,4,495,43039,-101.0,60,1,0.6349,0.060057
DuelingDQN,large_grid,4,496,43096,-98.0,57,1,0.6345,0.060472
DuelingDQN,large_grid,4,497,43097,10.0,1,1,0.6345,0.01355
DuelingDQN,large_grid,4,498,43162,-142.0,65,1,0.6339,0.092826
DuelingDQN,large_grid,4,499,43203,-58.0,41,1,0.6336,0.05728
DuelingDQN,large_grid,4,500,43213,-3.0,10,1,0.6335,0.037038
DuelingDQN,large_grid,4,501,43266,-86.0,53,1,0.633,0.02836
DuelingDQN,large_grid,4,502,43361,-208.0,95,1,0.6322,0.071959
DuelingDQN,large_grid,4,503,43390,-46.0,29,1,0.632,0.047906
DuelingDQN,large_grid,4,504,43427,-58.0,37,1,0.6317,0.048016
DuelingDQN,large_grid,4,505,43491,-89.0,64,1,0.6311,0.050726
DuelingDQN,large_grid,4,506,43541,-95.0,50,1,0.6307,0.079617
DuelingDQN,large_grid,4,507,43569,-65.0,28,1,0.6304,0.063525
DuelingDQN,large_grid,4,508,43596,-40.0,27,1,0.6302,0.068413
DuelingDQN,large_grid,4,509,43673,-138.0,77,1,0.6296,0.093457
DuelingDQN,large_grid,4,510,43705,-57.0,32,1,0.6293,0.059688
DuelingDQN,large_grid,4,511,43759,-115.0,54,1,0.6288,0.039536
DuelingDQN,large_grid,4,512,43787,-53.0,28,1,0.6286,0.044344
DuelingDQN,large_grid,4,513,43852,-146.0,65,1,0.628,0.042237
DuelingDQN,large_grid,4,514,43874,-43.0,22,1,0.6279,0.030545
DuelingDQN,large_grid,4,515,43908,-43.0,34,1,0.6276,0.019003
DuelingDQN,large_grid,4,516,43972,-105.0,64,1,0.627,0.051908
DuelingDQN,large_grid,4,517,44030,-119.0,58,1,0.6265,0.072729
DuelingDQN,large_grid,4,518,44062,-45.0,32,1,0.6263,0.077581
DuelingDQN,large_grid,4,519,44074,-5.0,12,1,0.6262,0.060686
DuelingDQN,large_grid,4,520,44245,-352.0,171,1,0.6247,0.065982
DuelingDQN,large_grid,4,521,44287,-71.0,42,1,0.6244,0.035513
DuelingDQN,large_grid,4,522,44454,-352.0,167,1,0.6229,0.052955
DuelingDQN,large_grid,4,523,44524,-139.0,70,1,0.6223,0.052911
DuelingDQN,large_grid,4,524,44612,-177.0,88,1,0.6216,0.067482
DuelingDQN,large_grid,4,525,44647,-52.0,35,1,0.6213,0.067443
DuelingDQN,large_grid,4,526,44712,-130.0,65,1,0.6208,0.065064
DuelingDQN,large_grid,4,527,44734,-27.0,22,1,0.6206,0.043454
DuelingDQN,large_grid,4,528,44767,-62.0,33,1,0.6203,0.053553
DuelingDQN,large_grid,4,529,44825,-107.0,58,1,0.6198,0.052956
DuelingDQN,large_grid,4,530,44836,-12.0,11,1,0.6197,0.115692
DuelingDQN,large_grid,4,531,44872,-81.0,36,1,0.6194,0.054214
DuelingDQN,large_grid,4,532,44933,-130.0,61,1,0.6189,0.04791
DuelingDQN,large_grid,4,533,44990,-106.0,57,1,0.6184,0.055291
DuelingDQN,large_grid,4,534,45053,-108.0,63,1,0.6179,0.088894
DuelingDQN,large_grid,4,535,45088,-52.0,35,1,0.6176,0.067633
DuelingDQN,large_grid,4,536,45103,-20.0,15,1,0.6174,0.130838
DuelingDQN,large_grid,4,537,45138,-64.0,35,1,0.6171,0.061635
DuelingDQN,large_grid,4,538,45179,-58.0,41,1,0.6168,0.046542
DuelingDQN,large_grid,4,539,45207,-29.0,28,1,0.6166,0.078111
DuelingDQN,large_grid,4,540,45237,-39.0,30,1,0.6163,0.020464
DuelingDQN,large_grid,4,541,45257,-21.0,20,1,0.6161,0.058996
DuelingDQN,large_grid,4,542,45279,-15.0,22,1,0.6159,0.032064
DuelingDQN,large_grid,4,543,45312,-62.0,33,1,0.6157,0.057731
DuelingDQN,large_grid,4,544,45387,-152.0,75,1,0.615,0.03249
DuelingDQN,large_grid,4,545,45455,-109.0,68,1,0.6145,0.053398
DuelingDQN,large_grid,4,546,45477,-23.0,22,1,0.6143,0.086641
DuelingDQN,large_grid,4,547,45561,-165.0,84,1,0.6136,0.079609
DuelingDQN,large_grid,4,548,45581,-29.0,20,1,0.6134,0.031192
DuelingDQN,large_grid,4,549,45624,-104.0,43,1,0.613,0.077275
DuelingDQN,large_grid,4,550,45663,-56.0,39,1,0.6127,0.04266
DuelingDQN,large_grid,4,551,45714,-80.0,51,1,0.6123,0.025348
DuelingDQN,large_grid,4,552,45766,-93.0,52,1,0.6118,0.0596
DuelingDQN,large_grid,4,553,45790,-45.0,24,1,0.6116,0.02109
DuelingDQN,large_grid,4,554,45817,-60.0,27,1,0.6114,0.08329
DuelingDQN,large_grid,4,555,45882,-118.0,65,1,0.6108,0.059632
DuelingDQN,large_grid,4,556,45951,-122.0,69,1,0.6102,0.063489
DuelingDQN,large_grid,4,557,45999,-109.0,48,1,0.6098,0.075172
DuelingDQN,large_grid,4,558,46066,-136.0,67,1,0.6093,0.076923
DuelingDQN,large_grid,4,559,46126,-121.0,60,1,0.6088,0.030755
DuelingDQN,large_grid,4,560,46129,4.0,3,1,0.6087,0.08809
DuelingDQN,large_grid,4,561,46180,-96.0,51,1,0.6083,0.056151
DuelingDQN,large_grid,4,562,46235,-76.0,55,1,0.6078,0.032853
DuelingDQN,large_grid,4,563,46307,-149.0,72,1,0.6072,0.052245
DuelingDQN,large_grid,4,564,46375,-145.0,68,1,0.6066,0.041835
DuelingDQN,large_grid,4,565,46436,-138.0,61,1,0.6061,0.063692
DuelingDQN,large_grid,4,566,46490,-91.0,54,1,0.6057,0.027656
DuelingDQN,large_grid,4,567,46547,-78.0,57,1,0.6052,0.087624
DuelingDQN,large_grid,4,568,46631,-149.0,84,1,0.6045,0.044079
DuelingDQN,large_grid,4,569,46700,-138.0,69,1,0.6039,0.053709
DuelingDQN,large_grid,4,570,46737,-62.0,37,1,0.6036,0.0389
DuelingDQN,large_grid,4,571,46798,-102.0,61,1,0.6031,0.061555
DuelingDQN,large_grid,4,572,46850,-105.0,52,1,0.6026,0.056361
DuelingDQN,large_grid,4,573,46852,5.0,2,1,0.6026,0.004475
DuelingDQN,large_grid,4,574,46881,-62.0,29,1,0.6024,0.042409
DuelingDQN,large_grid,4,575,46893,-1.0,12,1,0.6023,0.066625
DuelingDQN,large_grid,4,576,46995,-187.0,102,1,0.6014,0.045266
DuelingDQN,large_grid,4,577,47022,-48.0,27,1,0.6012,0.067485
DuelingDQN,large_grid,4,578,47047,-34.0,25,1,0.6009,0.108838
DuelingDQN,large_grid,4,579,47131,-181.0,84,1,0.6002,0.050954
DuelingDQN,large_grid,4,580,47190,-112.0,59,1,0.5997,0.05413
DuelingDQN,large_grid,4,581,47249,-120.0,59,1,0.5992,0.058566
DuelingDQN,large_grid,4,582,47274,-42.0,25,1,0.599,0.068871
DuelingDQN,large_grid,4,583,47333,-116.0,59,1,0.5985,0.056848
DuelingDQN,large_grid,4,584,47355,-23.0,22,1,0.5983,0.023598
DuelingDQN,large_grid,4,585,47416,-106.0,61,1,0.5978,0.051479
DuelingDQN,large_grid,4,586,47489,-142.0,73,1,0.5972,0.04602
DuelingDQN,large_grid,4,587,47527,-51.0,38,1,0.5969,0.108662
DuelingDQN,large_grid,4,588,47575,-65.0,48,1,0.5965,0.077618
DuelingDQN,large_grid,4,589,47583,-9.0,8,1,0.5964,0.056948
DuelingDQN,large_grid,4,590,47626,-72.0,43,1,0.596,0.069896
DuelingDQN,large_grid,4,591,47663,-42.0,37,1,0.5957,0.057978
DuelingDQN,large_grid,4,592,47738,-148.0,75,1,0.5951,0.066517
DuelingDQN,large_grid,4,593,47763,-30.0,25,1,0.5949,0.039037
DuelingDQN,large_grid,4,594,47770,-4.0,7,1,0.5948,0.063971
DuelingDQN,large_grid,4,595,47799,-46.0,29,1,0.5946,0.062435
DuelingDQN,large_grid,4,596,47857,-111.0,58,1,0.5941,0.036945
DuelingDQN,large_grid,4,597,47870,-14.0,13,1,0.594,0.066158
DuelingDQN,large_grid,4,598,47914,-69.0,44,1,0.5936,0.038955
DuelingDQN,large_grid,4,599,47970,-89.0,56,1,0.5931,0.064357
DuelingDQN,large_grid,4,600,48052,-175.0,82,1,0.5924,0.091697
DuelingDQN,large_grid,4,601,48098,-63.0,46,1,0.592,0.088245
DuelingDQN,large_grid,4,602,48115,-18.0,17,1,0.5919,0.032485
DuelingDQN,large_grid,4,603,48191,-137.0,76,1,0.5912,0.052141
DuelingDQN,large_grid,4,604,48214,-24.0,23,1,0.5911,0.051104
DuelingDQN,large_grid,4,605,48273,-128.0,59,1,0.5906,0.046123
DuelingDQN,large_grid,4,606,48292,-24.0,19,1,0.5904,0.05114
DuelingDQN,large_grid,4,607,48323,-40.0,31,1,0.5901,0.041597
DuelingDQN,large_grid,4,608,48374,-80.0,51,1,0.5897,0.054576
DuelingDQN,large_grid,4,609,48385,-12.0,11,1,0.5896,0.06901
DuelingDQN,large_grid,4,610,48441,-101.0,56,1,0.5891,0.019903
DuelingDQN,large_grid,4,611,48497,-85.0,56,1,0.5887,0.043128
DuelingDQN,large_grid,4,612,48517,-29.0,20,1,0.5885,0.069892
DuelingDQN,large_grid,4,613,48628,-228.0,111,1,0.5875,0.077505
DuelingDQN,large_grid,4,614,48705,-170.0,77,1,0.5869,0.037366
DuelingDQN,large_grid,4,615,48731,-39.0,26,1,0.5867,0.02692
DuelingDQN,large_grid,4,616,48797,-135.0,66,1,0.5861,0.06841
DuelingDQN,large_grid,4,617,48825,-29.0,28,1,0.5859,0.059978
DuelingDQN,large_grid,4,618,48834,-2.0,9,1,0.5858,0.017044
DuelingDQN,large_grid,4,619,48877,-88.0,43,1,0.5854,0.063333
DuelingDQN,large_grid,4,620,48950,-126.0,73,1,0.5848,0.056807
DuelingDQN,large_grid,4,621,49016,-107.0,66,1,0.5842,0.067158
DuelingDQN,large_grid,4,622,49075,-96.0,59,1,0.5837,0.072339
DuelingDQN,large_grid,4,623,49099,-33.0,24,1,0.5835,0.056853
DuelingDQN,large_grid,4,624,49111,-5.0,12,1,0.5834,0.056302
DuelingDQN,large_grid,4,625,49135,-25.0,24,1,0.5832,0.071208
DuelingDQN,large_grid,4,626,49169,-67.0,34,1,0.583,0.047547
DuelingDQN,large_grid,4,627,49199,-59.0,30,1,0.5827,0.053142
DuelingDQN,large_grid,4,628,49302,-164.0,103,1,0.5818,0.046006
DuelingDQN,large_grid,4,629,49338,-57.0,36,1,0.5815,0.029041
DuelingDQN,large_grid,4,630,49381,-96.0,43,1,0.5812,0.046435
DuelingDQN,large_grid,4,631,49428,-56.0,47,1,0.5808,0.052878
DuelingDQN,large_grid,4,632,49459,-40.0,31,1,0.5805,0.057392
DuelingDQN,large_grid,4,633,49520,-106.0,61,1,0.58,0.059565
DuelingDQN,large_grid,4,634,49524,7.0,4,1,0.5799,0.159917
DuelingDQN,large_grid,4,635,49544,-25.0,20,1,0.5798,0.061536
DuelingDQN,large_grid,4,636,49580,-61.0,36,1,0.5795,0.04701
DuelingDQN,large_grid,4,637,49597,-14.0,17,1,0.5793,0.036575
DuelingDQN,large_grid,4,638,49626,-46.0,29,1,0.5791,0.051845
DuelingDQN,large_grid,4,639,49695,-134.0,69,1,0.5785,0.050858
DuelingDQN,large_grid,4,640,49761,-111.0,66,1,0.5779,0.04424
DuelingDQN,large_grid,4,641,49846,-194.0,85,1,0.5772,0.048112
DuelingDQN,large_grid,4,642,49889,-88.0,43,1,0.5768,0.048131
DuelingDQN,large_grid,4,643,49945,-97.0,56,1,0.5764,0.042866
DuelingDQN,large_grid,4,644,50036,-196.0,91,1,0.5756,0.056878
DuelingDQN,large_grid,4,645,50094,-115.0,58,1,0.5751,0.05585
DuelingDQN,large_grid,4,646,50111,-14.0,17,1,0.575,0.061629
DuelingDQN,large_grid,4,647,50148,-58.0,37,1,0.5746,0.038446
DuelingDQN,large_grid,4,648,50172,-33.0,24,1,0.5744,0.087336
DuelingDQN,large_grid,4,649,50179,-8.0,7,1,0.5744,0.054237
DuelingDQN,large_grid,4,650,50220,-74.0,41,1,0.574,0.036127
DuelingDQN,large_grid,4,651,50231,-12.0,11,1,0.5739,0.101639
DuelingDQN,large_grid,4,652,50243,-9.0,12,1,0.5738,0.085089
DuelingDQN,large_grid,4,653,50309,-115.0,66,1,0.5733,0.055223
DuelingDQN,large_grid,4,654,50344,-56.0,35,1,0.573,0.029445
DuelingDQN,large_grid,4,655,50358,-23.0,14,1,0.5729,0.068645
DuelingDQN,large_grid,4,656,50374,-13.0,16,1,0.5727,0.047562
DuelingDQN,large_grid,4,657,50390,-13.0,16,1,0.5726,0.011635
DuelingDQN,large_grid,4,658,50400,-7.0,10,1,0.5725,0.014708
DuelingDQN,large_grid,4,659,50439,-64.0,39,1,0.5722,0.035577
DuelingDQN,large_grid,4,660,50447,-1.0,8,1,0.5721,0.03274
DuelingDQN,large_grid,4,661,50497,-79.0,50,1,0.5717,0.036882
DuelingDQN,large_grid,4,662,50525,-41.0,28,1,0.5714,0.09315
DuelingDQN,large_grid,4,663,50581,-93.0,56,1,0.571,0.104464
DuelingDQN,large_grid,4,664,50633,-85.0,52,1,0.5705,0.073726
DuelingDQN,large_grid,4,665,50650,-22.0,17,1,0.5704,0.059471
DuelingDQN,large_grid,4,666,50683,-46.0,33,1,0.5701,0.055728
DuelingDQN,large_grid,4,667,50712,-34.0,29,1,0.5699,0.062261
DuelingDQN,large_grid,4,668,50744,-45.0,32,1,0.5696,0.04904
DuelingDQN,large_grid,4,669,50779,-56.0,35,1,0.5693,0.026573
DuelingDQN,large_grid,4,670,50812,-50.0,33,1,0.569,0.042373
DuelingDQN,large_grid,4,671,50828,-17.0,16,1,0.5689,0.063728
DuelingDQN,large_grid,4,672,50942,-179.0,114,1,0.5679,0.046456
DuelingDQN,large_grid,4,673,50952,-3.0,10,1,0.5678,0.050846
DuelingDQN,large_grid,4,674,50990,-63.0,38,1,0.5675,0.051055
DuelingDQN,large_grid,4,675,51025,-48.0,35,1,0.5672,0.061154
DuelingDQN,large_grid,4,676,51063,-63.0,38,1,0.5669,0.089023
DuelingDQN,large_grid,4,677,51142,-180.0,79,1,0.5662,0.068096
DuelingDQN,large_grid,4,678,51194,-125.0,52,1,0.5658,0.041684
DuelingDQN,large_grid,4,679,51215,-18.0,21,1,0.5656,0.023533
DuelingDQN,large_grid,4,680,51260,-90.0,45,1,0.5652,0.063206
DuelingDQN,large_grid,4,681,51301,-74.0,41,1,0.5649,0.041923
DuelingDQN,large_grid,4,682,51413,-225.0,112,1,0.5639,0.057004
DuelingDQN,large_grid,4,683,51458,-74.0,45,1,0.5635,0.064185
DuelingDQN,large_grid,4,684,51524,-115.0,66,1,0.563,0.064456
DuelingDQN,large_grid,4,685,51552,-41.0,28,1,0.5627,0.078918
DuelingDQN,large_grid,4,686,51555,8.0,3,1,0.5627,0.266145
DuelingDQN,large_grid,4,687,51602,-84.0,47,1,0.5623,0.073498
DuelingDQN,large_grid,4,688,51613,-16.0,11,1,0.5622,0.098294
DuelingDQN,large_grid,4,689,51656,-68.0,43,1,0.5619,0.045888
DuelingDQN,large_grid,4,690,51695,-56.0,39,1,0.5615,0.048253
DuelingDQN,large_grid,4,691,51762,-96.0,67,1,0.561,0.06437
DuelingDQN,large_grid,4,692,51836,-127.0,74,1,0.5603,0.069026
DuelingDQN,large_grid,4,693,51888,-85.0,52,1,0.5599,0.044661
DuelingDQN,large_grid,4,694,51915,-36.0,27,1,0.5597,0.059063
DuelingDQN,large_grid,4,695,51956,-94.0,41,1,0.5593,0.023787
DuelingDQN,large_grid,4,696,52016,-105.0,60,1,0.5588,0.050239
DuelingDQN,large_grid,4,697,52036,-29.0,20,1,0.5586,0.090527
DuelingDQN,large_grid,4,698,52059,-28.0,23,1,0.5584,0.089318
DuelingDQN,large_grid,4,699,52114,-80.0,55,1,0.558,0.061349
DuelingDQN,large_grid,4,700,52121,0.0,7,1,0.5579,0.061319
DuelingDQN,large_grid,4,701,52157,-61.0,36,1,0.5576,0.049855
DuelingDQN,large_grid,4,702,52216,-100.0,59,1,0.5571,0.041474
DuelingDQN,large_grid,4,703,52241,-50.0,25,1,0.5569,0.030806
DuelingDQN,large_grid,4,704,52262,-22.0,21,1,0.5567,0.021907
DuelingDQN,large_grid,4,705,52298,-61.0,36,1,0.5564,0.01807
DuelingDQN,large_grid,4,706,52371,-142.0,73,1,0.5558,0.047033
DuelingDQN,large_grid,4,707,52422,-80.0,51,1,0.5554,0.026607
DuelingDQN,large_grid,4,708,52433,-8.0,11,1,0.5553,0.022431
DuelingDQN,large_grid,4,709,52505,-145.0,72,1,0.5547,0.045412
DuelingDQN,large_grid,4,710,52589,-161.0,84,1,0.5539,0.093522
DuelingDQN,large_grid,4,711,52618,-58.0,29,1,0.5537,0.094299
DuelingDQN,large_grid,4,712,52635,-14.0,17,1,0.5536,0.027126
DuelingDQN,large_grid,4,713,52688,-110.0,53,1,0.5531,0.062274
DuelingDQN,large_grid,4,714,52694,5.0,6,1,0.5531,0.092117
DuelingDQN,large_grid,4,715,52745,-88.0,51,1,0.5526,0.071248
DuelingDQN,large_grid,4,716,52767,-15.0,22,1,0.5524,0.024095
DuelingDQN,large_grid,4,717,52832,-130.0,65,1,0.5519,0.043135
DuelingDQN,large_grid,4,718,52850,-11.0,18,1,0.5517,0.0409
DuelingDQN,large_grid,4,719,52874,-29.0,24,1,0.5515,0.03279
DuelingDQN,large_grid,4,720,52932,-87.0,58,1,0.551,0.049358
DuelingDQN,large_grid,4,721,52977,-62.0,45,1,0.5507,0.045852
DuelingDQN,large_grid,4,722,53011,-59.0,34,1,0.5504,0.084385
DuelingDQN,large_grid,4,723,53093,-175.0,82,1,0.5497,0.072732
DuelingDQN,large_grid,4,724,53105,-5.0,12,1,0.5496,0.10655
DuelingDQN,large_grid,4,725,53168,-116.0,63,1,0.549,0.068771
DuelingDQN,large_grid,4,726,53213,-70.0,45,1,0.5486,0.069492
DuelingDQN,large_grid,4,727,53281,-145.0,68,1,0.5481,0.042125
DuelingDQN,large_grid,4,728,53324,-80.0,43,1,0.5477,0.044696
DuelingDQN,large_grid,4,729,53347,-28.0,23,1,0.5475,0.064039
DuelingDQN,large_grid,4,730,53358,-4.0,11,1,0.5474,0.073869
DuelingDQN,large_grid,4,731,53367,-2.0,9,1,0.5473,0.073202
DuelingDQN,large_grid,4,732,53385,-19.0,18,1,0.5472,0.036902
DuelingDQN,large_grid,4,733,53402,-6.0,17,1,0.547,0.06564
DuelingDQN,large_grid,4,734,53421,-20.0,19,1,0.5469,0.031511
DuelingDQN,large_grid,4,735,53471,-107.0,50,1,0.5465,0.032352
DuelingDQN,large_grid,4,736,53536,-130.0,65,1,0.5459,0.05696
DuelingDQN,large_grid,4,737,53543,0.0,7,1,0.5458,0.110054
DuelingDQN,large_grid,4,738,53631,-169.0,88,1,0.5451,0.06272
DuelingDQN,large_grid,4,739,53684,-78.0,53,1,0.5447,0.042291
DuelingDQN,large_grid,4,740,53722,-75.0,38,1,0.5443,0.060012
DuelingDQN,large_grid,4,741,53761,-60.0,39,1,0.544,0.055456
DuelingDQN,large_grid,4,742,53800,-76.0,39,1,0.5437,0.044633
DuelingDQN,large_grid,4,743,53847,-72.0,47,1,0.5433,0.046875
DuelingDQN,large_grid,4,744,53876,-46.0,29,1,0.543,0.050538
DuelingDQN,large_grid,4,745,53918,-75.0,42,1,0.5427,0.043007
DuelingDQN,large_grid,4,746,53949,-40.0,31,1,0.5424,0.045722
DuelingDQN,large_grid,4,747,54019,-119.0,70,1,0.5418,0.048265
DuelingDQN,large_grid,4,748,54066,-68.0,47,1,0.5414,0.073338
DuelingDQN,large_grid,4,749,54097,-36.0,31,1,0.5412,0.03852
DuelingDQN,large_grid,4,750,54126,-42.0,29,1,0.5409,0.078913
DuelingDQN,large_grid,4,751,54178,-105.0,52,1,0.5405,0.046658
DuelingDQN,large_grid,4,752,54210,-49.0,32,1,0.5402,0.037131
DuelingDQN,large_grid,4,753,54245,-56.0,35,1,0.5399,0.058387
DuelingDQN,large_grid,4,754,54280,-44.0,35,1,0.5396,0.103047
DuelingDQN,large_grid,4,755,54284,7.0,4,1,0.5396,0.015884
DuelingDQN,large_grid,4,756,54322,-63.0,38,1,0.5392,0.05303
DuelingDQN,large_grid,4,757,54342,-25.0,20,1,0.5391,0.041997
DuelingDQN,large_grid,4,758,54343,10.0,1,1,0.5391,0.00711
DuelingDQN,large_grid,4,759,54385,-75.0,42,1,0.5387,0.094678
DuelingDQN,large_grid,4,760,54444,-76.0,59,1,0.5382,0.041887
DuelingDQN,large_grid,4,761,54458,-15.0,14,1,0.5381,0.096367
DuelingDQN,large_grid,4,762,54494,-77.0,36,1,0.5378,0.044539
DuelingDQN,large_grid,4,763,54519,-26.0,25,1,0.5376,0.118899
DuelingDQN,large_grid,4,764,54578,-88.0,59,1,0.5371,0.081774
DuelingDQN,large_grid,4,765,54598,-45.0,20,1,0.5369,0.043201
DuelingDQN,large_grid,4,766,54631,-46.0,33,1,0.5366,0.081596
DuelingDQN,large_grid,4,767,54642,-20.0,11,1,0.5365,0.069199
DuelingDQN,large_grid,4,768,54702,-101.0,60,1,0.536,0.06293
DuelingDQN,large_grid,4,769,54741,-56.0,39,1,0.5357,0.088449
DuelingDQN,large_grid,4,770,54750,-2.0,9,1,0.5356,0.072471
DuelingDQN,large_grid,4,771,54754,7.0,4,1,0.5356,0.04158
DuelingDQN,large_grid,4,772,54793,-56.0,39,1,0.5352,0.037289
DuelingDQN,large_grid,4,773,54834,-58.0,41,1,0.5349,0.038005
DuelingDQN,large_grid,4,774,54843,2.0,9,1,0.5348,0.021542
DuelingDQN,large_grid,4,775,54899,-109.0,56,1,0.5343,0.084725
DuelingDQN,large_grid,4,776,54940,-74.0,41,1,0.534,0.044109
DuelingDQN,large_grid,4,777,54950,-19.0,10,1,0.5339,0.064015
DuelingDQN,large_grid,4,778,54997,-80.0,47,1,0.5335,0.077736
DuelingDQN,large_grid,4,779,55030,-50.0,33,1,0.5332,0.095182
DuelingDQN,large_grid,4,780,55075,-62.0,45,1,0.5329,0.122155
DuelingDQN,large_grid,4,781,55126,-88.0,51,1,0.5324,0.061006
DuelingDQN,large_grid,4,782,55176,-75.0,50,1,0.532,0.060156
DuelingDQN,large_grid,4,783,55224,-69.0,48,1,0.5316,0.04391
DuelingDQN,large_grid,4,784,55251,-28.0,27,1,0.5314,0.048817
DuelingDQN,large_grid,4,785,55260,2.0,9,1,0.5313,0.037509
DuelingDQN,large_grid,4,786,55322,-99.0,62,1,0.5308,0.037877
DuelingDQN,large_grid,4,787,55373,-92.0,51,1,0.5303,0.074995
DuelingDQN,large_grid,4,788,55389,-17.0,16,1,0.5302,0.03002
DuelingDQN,large_grid,4,789,55438,-86.0,49,1,0.5298,0.102495
DuelingDQN,large_grid,4,790,55474,-65.0,36,1,0.5295,0.066211
DuelingDQN,large_grid,4,791,55497,-20.0,23,1,0.5293,0.075083
DuelingDQN,large_grid,4,792,55505,3.0,8,1,0.5292,0.101181
DuelingDQN,large_grid,4,793,55530,-22.0,25,1,0.529,0.080036
DuelingDQN,large_grid,4,794,55561,-24.0,31,1,0.5287,0.084392
DuelingDQN,large_grid,4,795,55606,-58.0,45,1,0.5284,0.078747
DuelingDQN,large_grid,4,796,55634,-41.0,28,1,0.5281,0.040271
DuelingDQN,large_grid,4,797,55691,-114.0,57,1,0.5276,0.048744
DuelingDQN,large_grid,4,798,55758,-116.0,67,1,0.5271,0.062031
DuelingDQN,large_grid,4,799,55797,-52.0,39,1,0.5267,0.035435
DuelingDQN,large_grid,4,800,55810,-10.0,13,1,0.5266,0.036546
