algo,grid,seed,episode,global_step,episode_return,episode_length,success,epsilon,mean_loss
DQN,deceptive_grid,0,1,200,-352.0,200,0,0.9977,
DQN,deceptive_grid,0,2,400,-228.0,200,0,0.9955,
DQN,deceptive_grid,0,3,600,-316.0,200,0,0.9932,
DQN,deceptive_grid,0,4,800,-212.0,200,0,0.991,
DQN,deceptive_grid,0,5,1000,-228.0,200,0,0.9887,7.408789
DQN,deceptive_grid,0,6,1185,-70.0,185,1,0.9866,4.265395
DQN,deceptive_grid,0,7,1385,-176.0,200,0,0.9843,2.853797
DQN,deceptive_grid,0,8,1585,-208.0,200,0,0.9821,2.655477
DQN,deceptive_grid,0,9,1785,-192.0,200,0,0.9798,1.999389
DQN,deceptive_grid,0,10,1901,-81.0,116,1,0.9785,2.087844
DQN,deceptive_grid,0,11,2101,-444.0,200,0,0.9762,2.510604
DQN,deceptive_grid,0,12,2139,-27.0,38,1,0.9758,2.278502
DQN,deceptive_grid,0,13,2339,-276.0,200,0,0.9735,2.183666
DQN,deceptive_grid,0,14,2539,-404.0,200,0,0.9713,2.370238
DQN,deceptive_grid,0,15,2590,-40.0,51,1,0.9707,2.214945
DQN,deceptive_grid,0,16,2670,-21.0,80,1,0.9698,2.083714
DQN,deceptive_grid,0,17,2870,-224.0,200,0,0.9675,2.084773
DQN,deceptive_grid,0,18,3070,-256.0,200,0,0.9653,2.256103
DQN,deceptive_grid,0,19,3270,-204.0,200,0,0.963,2.066092
DQN,deceptive_grid,0,20,3371,-90.0,101,1,0.9619,2.057686
DQN,deceptive_grid,0,21,3571,-152.0,200,0,0.9596,2.178868
DQN,deceptive_grid,0,22,3771,-312.0,200,0,0.9574,2.113217
DQN,deceptive_grid,0,23,3971,-300.0,200,0,0.9551,2.032768
DQN,deceptive_grid,0,24,4171,-132.0,200,0,0.9528,2.295583
DQN,deceptive_grid,0,25,4371,-344.0,200,0,0.9506,2.104858
DQN,deceptive_grid,0,26,4373,25.0,2,1,0.9505,1.670372
DQN,deceptive_grid,0,27,4573,-224.0,200,0,0.9483,2.27778
DQN,deceptive_grid,0,28,4773,-156.0,200,0,0.946,2.11869
DQN,deceptive_grid,0,29,4973,-284.0,200,0,0.9438,2.025089
DQN,deceptive_grid,0,30,5173,-260.0,200,0,0.9415,2.272505
DQN,deceptive_grid,0,31,5237,-57.0,64,1,0.9408,2.030404
DQN,deceptive_grid,0,32,5437,-212.0,200,0,0.9385,2.062353
DQN,deceptive_grid,0,33,5637,-188.0,200,0,0.9362,2.238434
DQN,deceptive_grid,0,34,5837,-248.0,200,0,0.934,2.05156
DQN,deceptive_grid,0,35,6037,-192.0,200,0,0.9317,2.198642
DQN,deceptive_grid,0,36,6237,-360.0,200,0,0.9295,2.024056
DQN,deceptive_grid,0,37,6437,-140.0,200,0,0.9272,1.966341
DQN,deceptive_grid,0,38,6598,-54.0,161,1,0.9254,2.175877
DQN,deceptive_grid,0,39,6798,-268.0,200,0,0.9231,2.071746
DQN,deceptive_grid,0,40,6899,-2.0,101,1,0.922,1.944916
DQN,deceptive_grid,0,41,7099,-248.0,200,0,0.9197,2.137588
DQN,deceptive_grid,0,42,7299,-188.0,200,0,0.9175,2.011468
DQN,deceptive_grid,0,43,7499,-124.0,200,0,0.9152,1.966918
DQN,deceptive_grid,0,44,7699,-96.0,200,0,0.9129,2.235545
DQN,deceptive_grid,0,45,7899,-132.0,200,0,0.9107,2.034385
DQN,deceptive_grid,0,46,8034,-80.0,135,1,0.9091,2.260276
DQN,deceptive_grid,0,47,8234,-236.0,200,0,0.9069,2.120379
DQN,deceptive_grid,0,48,8434,-376.0,200,0,0.9046,2.067412
DQN,deceptive_grid,0,49,8634,-232.0,200,0,0.9024,2.241891
DQN,deceptive_grid,0,50,8756,-71.0,122,1,0.901,2.112331
DQN,deceptive_grid,0,51,8906,-111.0,150,1,0.8993,2.180413
DQN,deceptive_grid,0,52,9106,-356.0,200,0,0.897,2.28909
DQN,deceptive_grid,0,53,9306,-192.0,200,0,0.8948,2.1745
DQN,deceptive_grid,0,54,9385,-12.0,79,1,0.8939,2.092608
DQN,deceptive_grid,0,55,9585,-276.0,200,0,0.8916,2.34675
DQN,deceptive_grid,0,56,9785,-276.0,200,0,0.8893,2.352047
DQN,deceptive_grid,0,57,9985,-268.0,200,0,0.8871,2.399726
DQN,deceptive_grid,0,58,10185,-220.0,200,0,0.8848,2.432219
DQN,deceptive_grid,0,59,10225,43.0,40,1,0.8844,2.361269
DQN,deceptive_grid,0,60,10425,-380.0,200,0,0.8821,2.285851
DQN,deceptive_grid,0,61,10432,44.0,7,1,0.882,2.019262
DQN,deceptive_grid,0,62,10605,-126.0,173,1,0.8801,2.521692
DQN,deceptive_grid,0,63,10805,-300.0,200,0,0.8778,2.398183
DQN,deceptive_grid,0,64,11005,-320.0,200,0,0.8755,2.379521
DQN,deceptive_grid,0,65,11186,-158.0,181,1,0.8735,2.480148
DQN,deceptive_grid,0,66,11386,-172.0,200,0,0.8712,2.488263
DQN,deceptive_grid,0,67,11432,33.0,46,1,0.8707,2.367905
DQN,deceptive_grid,0,68,11632,-276.0,200,0,0.8684,2.544968
DQN,deceptive_grid,0,69,11673,-6.0,41,1,0.868,2.654355
DQN,deceptive_grid,0,70,11873,-208.0,200,0,0.8657,2.543765
DQN,deceptive_grid,0,71,12073,-220.0,200,0,0.8635,2.592995
DQN,deceptive_grid,0,72,12273,-224.0,200,0,0.8612,2.611433
DQN,deceptive_grid,0,73,12412,-40.0,139,1,0.8596,2.54726
DQN,deceptive_grid,0,74,12539,-60.0,127,1,0.8582,2.5998
DQN,deceptive_grid,0,75,12562,44.0,23,1,0.8579,2.892884
DQN,deceptive_grid,0,76,12598,43.0,36,1,0.8575,2.840834
DQN,deceptive_grid,0,77,12798,-196.0,200,0,0.8553,2.74229
DQN,deceptive_grid,0,78,12998,-200.0,200,0,0.853,2.601487
DQN,deceptive_grid,0,79,13167,-70.0,169,1,0.8511,2.964077
DQN,deceptive_grid,0,80,13358,-88.0,191,1,0.8489,2.798376
DQN,deceptive_grid,0,81,13509,-112.0,151,1,0.8472,2.885531
DQN,deceptive_grid,0,82,13683,-135.0,174,1,0.8453,2.909378
DQN,deceptive_grid,0,83,13883,-200.0,200,0,0.843,2.78249
DQN,deceptive_grid,0,84,14083,-288.0,200,0,0.8407,2.965256
DQN,deceptive_grid,0,85,14143,7.0,60,1,0.84,3.022368
DQN,deceptive_grid,0,86,14343,-328.0,200,0,0.8378,2.753518
DQN,deceptive_grid,0,87,14470,-76.0,127,1,0.8364,2.85963
DQN,deceptive_grid,0,88,14655,-166.0,185,1,0.8343,2.897154
DQN,deceptive_grid,0,89,14786,-92.0,131,1,0.8328,2.784186
DQN,deceptive_grid,0,90,14968,-139.0,182,1,0.8307,2.75422
DQN,deceptive_grid,0,91,15168,-176.0,200,0,0.8285,2.80638
DQN,deceptive_grid,0,92,15368,-240.0,200,0,0.8262,2.771568
DQN,deceptive_grid,0,93,15544,-177.0,176,1,0.8242,2.771795
DQN,deceptive_grid,0,94,15715,-56.0,171,1,0.8223,2.766987
DQN,deceptive_grid,0,95,15754,16.0,39,1,0.8218,2.779339
DQN,deceptive_grid,0,96,15787,70.0,33,1,0.8215,2.858661
DQN,deceptive_grid,0,97,15987,-148.0,200,0,0.8192,2.715476
DQN,deceptive_grid,0,98,16116,-6.0,129,1,0.8177,2.861756
DQN,deceptive_grid,0,99,16316,-204.0,200,0,0.8155,2.688302
DQN,deceptive_grid,0,100,16424,-77.0,108,1,0.8143,2.69487
DQN,deceptive_grid,0,101,16477,54.0,53,1,0.8137,2.654437
DQN,deceptive_grid,0,102,16677,-232.0,200,0,0.8114,2.744913
DQN,deceptive_grid,0,103,16709,75.0,32,1,0.811,2.871498
DQN,deceptive_grid,0,104,16909,-124.0,200,0,0.8088,2.533441
DQN,deceptive_grid,0,105,17109,-276.0,200,0,0.8065,2.575593
DQN,deceptive_grid,0,106,17277,-133.0,168,1,0.8046,2.612924
DQN,deceptive_grid,0,107,17384,20.0,107,1,0.8034,2.550153
DQN,deceptive_grid,0,108,17584,-140.0,200,0,0.8011,2.556518
DQN,deceptive_grid,0,109,17655,-8.0,71,1,0.8003,2.431753
DQN,deceptive_grid,0,110,17855,-144.0,200,0,0.7981,2.442525
DQN,deceptive_grid,0,111,18013,-79.0,158,1,0.7963,2.504157
DQN,deceptive_grid,0,112,18213,-188.0,200,0,0.794,2.483459
DQN,deceptive_grid,0,113,18413,-292.0,200,0,0.7918,2.358788
DQN,deceptive_grid,0,114,18613,-252.0,200,0,0.7895,2.437509
DQN,deceptive_grid,0,115,18813,-320.0,200,0,0.7872,2.541538
DQN,deceptive_grid,0,116,18814,18.0,1,1,0.7872,1.638869
DQN,deceptive_grid,0,117,18976,-167.0,162,1,0.7854,2.467706
DQN,deceptive_grid,0,118,19176,-108.0,200,0,0.7831,2.551635
DQN,deceptive_grid,0,119,19376,-176.0,200,0,0.7809,2.535059
DQN,deceptive_grid,0,120,19525,2.0,149,1,0.7792,2.499999
DQN,deceptive_grid,0,121,19636,-36.0,111,1,0.7779,2.551753
DQN,deceptive_grid,0,122,19836,-236.0,200,0,0.7757,2.506407
DQN,deceptive_grid,0,123,19905,-22.0,69,1,0.7749,2.569971
DQN,deceptive_grid,0,124,20097,-89.0,192,1,0.7727,2.591021
DQN,deceptive_grid,0,125,20146,34.0,49,1,0.7722,2.514578
DQN,deceptive_grid,0,126,20256,-27.0,110,1,0.7709,2.454162
DQN,deceptive_grid,0,127,20285,74.0,29,1,0.7706,2.423901
DQN,deceptive_grid,0,128,20383,-43.0,98,1,0.7695,2.292492
DQN,deceptive_grid,0,129,20583,-272.0,200,0,0.7672,2.453124
DQN,deceptive_grid,0,130,20783,-116.0,200,0,0.765,2.382673
DQN,deceptive_grid,0,131,20855,-41.0,72,1,0.7641,2.251028
DQN,deceptive_grid,0,132,21055,-220.0,200,0,0.7619,2.343089
DQN,deceptive_grid,0,133,21219,-117.0,164,1,0.76,2.335193
DQN,deceptive_grid,0,134,21419,-176.0,200,0,0.7578,2.290237
DQN,deceptive_grid,0,135,21614,-216.0,195,1,0.7556,2.279011
DQN,deceptive_grid,0,136,21694,-13.0,80,1,0.7547,2.220877
DQN,deceptive_grid,0,137,21778,59.0,84,1,0.7537,2.196027
DQN,deceptive_grid,0,138,21978,-204.0,200,0,0.7514,2.195317
DQN,deceptive_grid,0,139,22178,-212.0,200,0,0.7492,2.132964
DQN,deceptive_grid,0,140,22378,-184.0,200,0,0.7469,2.053183
DQN,deceptive_grid,0,141,22414,39.0,36,1,0.7465,2.136373
DQN,deceptive_grid,0,142,22530,-45.0,116,1,0.7452,2.070179
DQN,deceptive_grid,0,143,22663,-74.0,133,1,0.7437,2.037939
DQN,deceptive_grid,0,144,22670,48.0,7,1,0.7436,2.093112
DQN,deceptive_grid,0,145,22811,-70.0,141,1,0.742,2.097773
DQN,deceptive_grid,0,146,22879,-9.0,68,1,0.7412,2.065314
DQN,deceptive_grid,0,147,23079,-164.0,200,0,0.739,2.057345
DQN,deceptive_grid,0,148,23279,-280.0,200,0,0.7367,2.044654
DQN,deceptive_grid,0,149,23479,-160.0,200,0,0.7345,1.987545
DQN,deceptive_grid,0,150,23630,-128.0,151,1,0.7328,2.037973
DQN,deceptive_grid,0,151,23830,-152.0,200,0,0.7305,1.968113
DQN,deceptive_grid,0,152,23975,-46.0,145,1,0.7289,1.952613
DQN,deceptive_grid,0,153,24175,-184.0,200,0,0.7266,1.985838
DQN,deceptive_grid,0,154,24375,-208.0,200,0,0.7243,1.89102
DQN,deceptive_grid,0,155,24575,-216.0,200,0,0.7221,1.914647
DQN,deceptive_grid,0,156,24775,-224.0,200,0,0.7198,1.906629
DQN,deceptive_grid,0,157,24975,-224.0,200,0,0.7175,1.83548
DQN,deceptive_grid,0,158,25175,-220.0,200,0,0.7153,1.820691
DQN,deceptive_grid,0,159,25375,-148.0,200,0,0.713,1.816891
DQN,deceptive_grid,0,160,25486,-8.0,111,1,0.7118,1.841125
DQN,deceptive_grid,0,161,25686,-212.0,200,0,0.7095,1.724643
DQN,deceptive_grid,0,162,25886,-284.0,200,0,0.7072,1.699482
DQN,deceptive_grid,0,163,26075,-98.0,189,1,0.7051,1.735615
DQN,deceptive_grid,0,164,26275,-236.0,200,0,0.7028,1.738501
DQN,deceptive_grid,0,165,26475,-172.0,200,0,0.7006,1.720477
DQN,deceptive_grid,0,166,26675,-176.0,200,0,0.6983,1.681337
DQN,deceptive_grid,0,167,26875,-112.0,200,0,0.6961,1.610659
DQN,deceptive_grid,0,168,27075,-240.0,200,0,0.6938,1.643988
DQN,deceptive_grid,0,169,27275,-144.0,200,0,0.6915,1.673857
DQN,deceptive_grid,0,170,27475,-156.0,200,0,0.6893,1.674072
DQN,deceptive_grid,0,171,27524,82.0,49,1,0.6887,1.521722
DQN,deceptive_grid,0,172,27724,-224.0,200,0,0.6865,1.577026
DQN,deceptive_grid,0,173,27770,-31.0,46,1,0.6859,1.615861
DQN,deceptive_grid,0,174,27970,-288.0,200,0,0.6837,1.633533
DQN,deceptive_grid,0,175,27976,53.0,6,1,0.6836,1.611817
DQN,deceptive_grid,0,176,28047,-8.0,71,1,0.6828,1.710929
DQN,deceptive_grid,0,177,28247,-156.0,200,0,0.6805,1.649244
DQN,deceptive_grid,0,178,28325,89.0,78,1,0.6797,1.590331
DQN,deceptive_grid,0,179,28525,-212.0,200,0,0.6774,1.618934
DQN,deceptive_grid,0,180,28725,-280.0,200,0,0.6751,1.583212
DQN,deceptive_grid,0,181,28925,-312.0,200,0,0.6729,1.568937
DQN,deceptive_grid,0,182,29048,-80.0,123,1,0.6715,1.577045
DQN,deceptive_grid,0,183,29120,7.0,72,1,0.6707,1.504041
DQN,deceptive_grid,0,184,29277,-166.0,157,1,0.6689,1.543122
DQN,deceptive_grid,0,185,29335,-7.0,58,1,0.6682,1.591018
DQN,deceptive_grid,0,186,29514,-80.0,179,1,0.6662,1.580915
DQN,deceptive_grid,0,187,29633,24.0,119,1,0.6649,1.559033
DQN,deceptive_grid,0,188,29753,-101.0,120,1,0.6635,1.529135
DQN,deceptive_grid,0,189,29953,-152.0,200,0,0.6612,1.505946
DQN,deceptive_grid,0,190,30023,-35.0,70,1,0.6605,1.550482
DQN,deceptive_grid,0,191,30192,-110.0,169,1,0.6585,1.482973
DQN,deceptive_grid,0,192,30392,-196.0,200,0,0.6563,1.471753
DQN,deceptive_grid,0,193,30592,-204.0,200,0,0.654,1.420724
DQN,deceptive_grid,0,194,30792,-236.0,200,0,0.6518,1.481065
DQN,deceptive_grid,0,195,30878,-11.0,86,1,0.6508,1.444031
DQN,deceptive_grid,0,196,30917,-20.0,39,1,0.6503,1.321389
DQN,deceptive_grid,0,197,31090,-66.0,173,1,0.6484,1.456344
DQN,deceptive_grid,0,198,31168,-15.0,78,1,0.6475,1.383586
DQN,deceptive_grid,0,199,31368,-192.0,200,0,0.6452,1.380936
DQN,deceptive_grid,0,200,31406,45.0,38,1,0.6448,1.318669
DQN,deceptive_grid,0,201,31606,-148.0,200,0,0.6426,1.401605
DQN,deceptive_grid,0,202,31806,-188.0,200,0,0.6403,1.370553
DQN,deceptive_grid,0,203,31970,-89.0,164,1,0.6384,1.328088
DQN,deceptive_grid,0,204,32170,-172.0,200,0,0.6362,1.398665
DQN,deceptive_grid,0,205,32370,-192.0,200,0,0.6339,1.285074
DQN,deceptive_grid,0,206,32372,25.0,2,1,0.6339,1.37013
DQN,deceptive_grid,0,207,32572,-192.0,200,0,0.6316,1.303827
DQN,deceptive_grid,0,208,32618,-7.0,46,1,0.6311,1.436515
DQN,deceptive_grid,0,209,32630,19.0,12,1,0.631,1.087925
DQN,deceptive_grid,0,210,32830,-188.0,200,0,0.6287,1.372355
DQN,deceptive_grid,0,211,32860,61.0,30,1,0.6284,1.29382
DQN,deceptive_grid,0,212,32921,18.0,61,1,0.6277,1.342836
DQN,deceptive_grid,0,213,33091,-147.0,170,1,0.6258,1.302512
DQN,deceptive_grid,0,214,33291,-196.0,200,0,0.6235,1.256439
DQN,deceptive_grid,0,215,33491,-220.0,200,0,0.6212,1.190678
DQN,deceptive_grid,0,216,33668,-122.0,177,1,0.6192,1.281169
DQN,deceptive_grid,0,217,33868,-216.0,200,0,0.617,1.245509
DQN,deceptive_grid,0,218,34068,-136.0,200,0,0.6147,1.267128
DQN,deceptive_grid,0,219,34124,-13.0,56,1,0.6141,1.28567
DQN,deceptive_grid,0,220,34148,67.0,24,1,0.6138,1.242713
DQN,deceptive_grid,0,221,34345,-54.0,197,1,0.6116,1.265399
DQN,deceptive_grid,0,222,34545,-216.0,200,0,0.6093,1.275368
DQN,deceptive_grid,0,223,34745,-220.0,200,0,0.6071,1.220234
DQN,deceptive_grid,0,224,34945,-160.0,200,0,0.6048,1.166708
DQN,deceptive_grid,0,225,35145,-200.0,200,0,0.6025,1.238476
DQN,deceptive_grid,0,226,35345,-192.0,200,0,0.6003,1.201133
DQN,deceptive_grid,0,227,35499,-63.0,154,1,0.5985,1.230825
DQN,deceptive_grid,0,228,35634,-4.0,135,1,0.597,1.259099
DQN,deceptive_grid,0,229,35834,-184.0,200,0,0.5947,1.166797
DQN,deceptive_grid,0,230,36034,-220.0,200,0,0.5925,1.148962
DQN,deceptive_grid,0,231,36234,-164.0,200,0,0.5902,1.132102
DQN,deceptive_grid,0,232,36274,55.0,40,1,0.5898,1.187008
DQN,deceptive_grid,0,233,36295,34.0,21,1,0.5895,1.144394
DQN,deceptive_grid,0,234,36364,-10.0,69,1,0.5887,1.236966
DQN,deceptive_grid,0,235,36427,36.0,63,1,0.588,1.153244
DQN,deceptive_grid,0,236,36567,23.0,140,1,0.5864,1.207129
DQN,deceptive_grid,0,237,36734,-104.0,167,1,0.5846,1.189327
DQN,deceptive_grid,0,238,36762,11.0,28,1,0.5842,1.104652
DQN,deceptive_grid,0,239,36826,19.0,64,1,0.5835,1.037398
DQN,deceptive_grid,0,240,36898,99.0,72,1,0.5827,1.052509
DQN,deceptive_grid,0,241,37098,-300.0,200,0,0.5804,1.13132
DQN,deceptive_grid,0,242,37178,31.0,80,1,0.5795,1.12863
DQN,deceptive_grid,0,243,37294,27.0,116,1,0.5782,1.151404
DQN,deceptive_grid,0,244,37322,67.0,28,1,0.5779,1.108254
DQN,deceptive_grid,0,245,37522,-224.0,200,0,0.5756,1.111857
DQN,deceptive_grid,0,246,37537,36.0,15,1,0.5755,0.805783
DQN,deceptive_grid,0,247,37573,79.0,36,1,0.5751,1.058735
DQN,deceptive_grid,0,248,37702,-30.0,129,1,0.5736,1.047228
DQN,deceptive_grid,0,249,37901,-128.0,199,1,0.5714,1.059771
DQN,deceptive_grid,0,250,37986,10.0,85,1,0.5704,1.111261
DQN,deceptive_grid,0,251,38091,-2.0,105,1,0.5692,1.094926
DQN,deceptive_grid,0,252,38157,69.0,66,1,0.5685,1.051969
DQN,deceptive_grid,0,253,38225,31.0,68,1,0.5677,1.137925
DQN,deceptive_grid,0,254,38261,43.0,36,1,0.5673,1.042916
DQN,deceptive_grid,0,255,38377,3.0,116,1,0.566,1.034556
DQN,deceptive_grid,0,256,38523,-19.0,146,1,0.5643,1.043348
DQN,deceptive_grid,0,257,38621,41.0,98,1,0.5632,1.076483
DQN,deceptive_grid,0,258,38691,89.0,70,1,0.5624,0.988747
DQN,deceptive_grid,0,259,38742,-12.0,51,1,0.5618,0.991418
DQN,deceptive_grid,0,260,38942,-152.0,200,0,0.5596,1.014743
DQN,deceptive_grid,0,261,38972,-11.0,30,1,0.5592,0.945191
DQN,deceptive_grid,0,262,38993,62.0,21,1,0.559,1.15721
DQN,deceptive_grid,0,263,38996,32.0,3,1,0.559,0.980496
DQN,deceptive_grid,0,264,39089,-54.0,93,1,0.5579,1.052957
DQN,deceptive_grid,0,265,39289,-196.0,200,0,0.5557,1.002787
DQN,deceptive_grid,0,266,39352,-12.0,63,1,0.5549,1.070503
DQN,deceptive_grid,0,267,39423,112.0,71,1,0.5541,0.927285
DQN,deceptive_grid,0,268,39486,16.0,63,1,0.5534,0.992149
DQN,deceptive_grid,0,269,39537,36.0,51,1,0.5529,1.029908
DQN,deceptive_grid,0,270,39737,-92.0,200,0,0.5506,1.001002
DQN,deceptive_grid,0,271,39807,-3.0,70,1,0.5498,0.890622
DQN,deceptive_grid,0,272,39923,-1.0,116,1,0.5485,0.954929
DQN,deceptive_grid,0,273,40123,-184.0,200,0,0.5462,0.964104
DQN,deceptive_grid,0,274,40323,-200.0,200,0,0.544,0.956651
DQN,deceptive_grid,0,275,40360,46.0,37,1,0.5435,0.923351
DQN,deceptive_grid,0,276,40398,61.0,38,1,0.5431,0.937363
DQN,deceptive_grid,0,277,40491,-70.0,93,1,0.5421,0.823833
DQN,deceptive_grid,0,278,40569,-23.0,78,1,0.5412,0.990756
DQN,deceptive_grid,0,279,40624,20.0,55,1,0.5406,0.926873
DQN,deceptive_grid,0,280,40705,26.0,81,1,0.5396,0.910133
DQN,deceptive_grid,0,281,40819,17.0,114,1,0.5384,0.934755
DQN,deceptive_grid,0,282,40874,-8.0,55,1,0.5377,0.947655
DQN,deceptive_grid,0,283,40931,82.0,57,1,0.5371,0.871028
DQN,deceptive_grid,0,284,41131,-260.0,200,0,0.5348,0.901382
DQN,deceptive_grid,0,285,41167,103.0,36,1,0.5344,0.86493
DQN,deceptive_grid,0,286,41183,11.0,16,1,0.5342,0.900961
DQN,deceptive_grid,0,287,41209,61.0,26,1,0.5339,0.900796
DQN,deceptive_grid,0,288,41278,34.0,69,1,0.5332,0.926405
DQN,deceptive_grid,0,289,41301,48.0,23,1,0.5329,0.95174
DQN,deceptive_grid,0,290,41422,-6.0,121,1,0.5315,0.91543
DQN,deceptive_grid,0,291,41539,6.0,117,1,0.5302,0.897286
DQN,deceptive_grid,0,292,41544,30.0,5,1,0.5302,1.160537
DQN,deceptive_grid,0,293,41569,78.0,25,1,0.5299,0.914105
DQN,deceptive_grid,0,294,41661,55.0,92,1,0.5288,0.883831
DQN,deceptive_grid,0,295,41861,-312.0,200,0,0.5266,0.869814
DQN,deceptive_grid,0,296,41883,69.0,22,1,0.5263,0.785185
DQN,deceptive_grid,0,297,41910,-12.0,27,1,0.526,0.727071
DQN,deceptive_grid,0,298,41978,71.0,68,1,0.5252,0.862111
DQN,deceptive_grid,0,299,42173,-184.0,195,1,0.523,0.926899
DQN,deceptive_grid,0,300,42196,48.0,23,1,0.5228,0.904087
DQN,deceptive_grid,0,301,42288,75.0,92,1,0.5217,0.830483
DQN,deceptive_grid,0,302,42376,75.0,88,1,0.5207,0.800806
DQN,deceptive_grid,0,303,42427,96.0,51,1,0.5202,0.845224
DQN,deceptive_grid,0,304,42523,27.0,96,1,0.5191,0.820134
DQN,deceptive_grid,0,305,42588,94.0,65,1,0.5184,0.852001
DQN,deceptive_grid,0,306,42631,104.0,43,1,0.5179,0.893133
DQN,deceptive_grid,0,307,42831,-172.0,200,0,0.5156,0.7786
DQN,deceptive_grid,0,308,42887,-25.0,56,1,0.515,0.755105
DQN,deceptive_grid,0,309,42986,12.0,99,1,0.5138,0.75954
DQN,deceptive_grid,0,310,43032,61.0,46,1,0.5133,0.891621
DQN,deceptive_grid,0,311,43112,11.0,80,1,0.5124,0.766863
DQN,deceptive_grid,0,312,43238,-111.0,126,1,0.511,0.753238
DQN,deceptive_grid,0,313,43326,-17.0,88,1,0.51,0.77326
DQN,deceptive_grid,0,314,43373,56.0,47,1,0.5095,0.766498
DQN,deceptive_grid,0,315,43395,9.0,22,1,0.5092,0.776116
DQN,deceptive_grid,0,316,43455,87.0,60,1,0.5085,0.836375
DQN,deceptive_grid,0,317,43545,41.0,90,1,0.5075,0.840793
DQN,deceptive_grid,0,318,43583,9.0,38,1,0.5071,0.86737
DQN,deceptive_grid,0,319,43606,108.0,23,1,0.5068,0.761975
DQN,deceptive_grid,0,320,43703,70.0,97,1,0.5057,0.793425
DQN,deceptive_grid,0,321,43733,85.0,30,1,0.5054,0.807892
DQN,deceptive_grid,0,322,43807,5.0,74,1,0.5046,0.761306
DQN,deceptive_grid,0,323,43851,43.0,44,1,0.5041,0.72771
DQN,deceptive_grid,0,324,43904,38.0,53,1,0.5035,0.767189
DQN,deceptive_grid,0,325,44086,-131.0,182,1,0.5014,0.805947
DQN,deceptive_grid,0,326,44286,-164.0,200,0,0.4991,0.749593
DQN,deceptive_grid,0,327,44431,-82.0,145,1,0.4975,0.765851
DQN,deceptive_grid,0,328,44528,-74.0,97,1,0.4964,0.835791
DQN,deceptive_grid,0,329,44559,36.0,31,1,0.4961,0.758478
DQN,deceptive_grid,0,330,44578,36.0,19,1,0.4958,0.75885
DQN,deceptive_grid,0,331,44663,70.0,85,1,0.4949,0.754284
DQN,deceptive_grid,0,332,44754,28.0,91,1,0.4939,0.756838
DQN,deceptive_grid,0,333,44782,35.0,28,1,0.4935,0.794309
DQN,deceptive_grid,0,334,44815,66.0,33,1,0.4932,0.786822
DQN,deceptive_grid,0,335,44848,54.0,33,1,0.4928,0.733905
DQN,deceptive_grid,0,336,44876,15.0,28,1,0.4925,0.813814
DQN,deceptive_grid,0,337,44967,-28.0,91,1,0.4914,0.714892
DQN,deceptive_grid,0,338,45031,23.0,64,1,0.4907,0.796432
DQN,deceptive_grid,0,339,45078,92.0,47,1,0.4902,0.761883
DQN,deceptive_grid,0,340,45120,49.0,42,1,0.4897,0.733232
DQN,deceptive_grid,0,341,45143,60.0,23,1,0.4895,0.622948
DQN,deceptive_grid,0,342,45234,24.0,91,1,0.4884,0.706994
DQN,deceptive_grid,0,343,45356,-43.0,122,1,0.487,0.754145
DQN,deceptive_grid,0,344,45377,66.0,21,1,0.4868,0.761173
DQN,deceptive_grid,0,345,45472,-24.0,95,1,0.4857,0.692606
DQN,deceptive_grid,0,346,45529,46.0,57,1,0.4851,0.801152
DQN,deceptive_grid,0,347,45729,-64.0,200,0,0.4828,0.777922
DQN,deceptive_grid,0,348,45836,28.0,107,1,0.4816,0.668034
DQN,deceptive_grid,0,349,45955,-16.0,119,1,0.4803,0.761612
DQN,deceptive_grid,0,350,45975,59.0,20,1,0.48,0.683592
DQN,deceptive_grid,0,351,46021,61.0,46,1,0.4795,0.791255
DQN,deceptive_grid,0,352,46064,12.0,43,1,0.479,0.770253
DQN,deceptive_grid,0,353,46094,77.0,30,1,0.4787,0.766894
DQN,deceptive_grid,0,354,46113,64.0,19,1,0.4785,0.632332
DQN,deceptive_grid,0,355,46313,-172.0,200,0,0.4762,0.679229
DQN,deceptive_grid,0,356,46513,-264.0,200,0,0.474,0.702766
DQN,deceptive_grid,0,357,46624,-24.0,111,1,0.4727,0.654325
DQN,deceptive_grid,0,358,46638,37.0,14,1,0.4725,0.879355
DQN,deceptive_grid,0,359,46684,-3.0,46,1,0.472,0.651553
DQN,deceptive_grid,0,360,46812,-97.0,128,1,0.4706,0.62628
DQN,deceptive_grid,0,361,46904,-13.0,92,1,0.4695,0.659105
DQN,deceptive_grid,0,362,46923,16.0,19,1,0.4693,0.624702
DQN,deceptive_grid,0,363,46950,60.0,27,1,0.469,0.701531
DQN,deceptive_grid,0,364,47044,5.0,94,1,0.468,0.737244
DQN,deceptive_grid,0,365,47128,11.0,84,1,0.467,0.68982
DQN,deceptive_grid,0,366,47181,58.0,53,1,0.4664,0.659063
DQN,deceptive_grid,0,367,47254,70.0,73,1,0.4656,0.689455
DQN,deceptive_grid,0,368,47377,-52.0,123,1,0.4642,0.645514
DQN,deceptive_grid,0,369,47432,100.0,55,1,0.4636,0.718297
DQN,deceptive_grid,0,370,47579,-100.0,147,1,0.4619,0.732301
DQN,deceptive_grid,0,371,47639,7.0,60,1,0.4612,0.705025
DQN,deceptive_grid,0,372,47839,-128.0,200,0,0.459,0.6464
DQN,deceptive_grid,0,373,47861,69.0,22,1,0.4587,0.703494
DQN,deceptive_grid,0,374,47886,74.0,25,1,0.4584,0.64761
DQN,deceptive_grid,0,375,47896,65.0,10,1,0.4583,0.642154
DQN,deceptive_grid,0,376,47925,6.0,29,1,0.458,0.74552
DQN,deceptive_grid,0,377,47983,49.0,58,1,0.4573,0.712329
DQN,deceptive_grid,0,378,47998,84.0,15,1,0.4572,0.631999
DQN,deceptive_grid,0,379,48092,-67.0,94,1,0.4561,0.684299
DQN,deceptive_grid,0,380,48217,-26.0,125,1,0.4547,0.620182
DQN,deceptive_grid,0,381,48326,-54.0,109,1,0.4535,0.60199
DQN,deceptive_grid,0,382,48526,-108.0,200,0,0.4512,0.646771
DQN,deceptive_grid,0,383,48579,-10.0,53,1,0.4506,0.653881
DQN,deceptive_grid,0,384,48779,-136.0,200,0,0.4483,0.590468
DQN,deceptive_grid,0,385,48856,-50.0,77,1,0.4475,0.609909
DQN,deceptive_grid,0,386,48939,28.0,83,1,0.4465,0.578703
DQN,deceptive_grid,0,387,48966,104.0,27,1,0.4462,0.611509
DQN,deceptive_grid,0,388,49086,-5.0,120,1,0.4449,0.661491
DQN,deceptive_grid,0,389,49119,78.0,33,1,0.4445,0.583076
DQN,deceptive_grid,0,390,49151,3.0,32,1,0.4441,0.646833
DQN,deceptive_grid,0,391,49245,25.0,94,1,0.4431,0.568063
DQN,deceptive_grid,0,392,49316,36.0,71,1,0.4423,0.59103
DQN,deceptive_grid,0,393,49408,-41.0,92,1,0.4412,0.60156
DQN,deceptive_grid,0,394,49461,130.0,53,1,0.4406,0.548216
DQN,deceptive_grid,0,395,49622,-110.0,161,1,0.4388,0.618182
DQN,deceptive_grid,0,396,49732,-47.0,110,1,0.4376,0.578481
DQN,deceptive_grid,0,397,49932,-232.0,200,0,0.4353,0.597254
DQN,deceptive_grid,0,398,49995,-12.0,63,1,0.4346,0.606767
DQN,deceptive_grid,0,399,50091,-1.0,96,1,0.4335,0.634717
DQN,deceptive_grid,0,400,50285,-135.0,194,1,0.4313,0.564791
DQN,deceptive_grid,0,401,50375,-43.0,90,1,0.4303,0.596239
DQN,deceptive_grid,0,402,50452,14.0,77,1,0.4294,0.596468
DQN,deceptive_grid,0,403,50456,11.0,4,1,0.4294,0.636197
DQN,deceptive_grid,0,404,50656,-160.0,200,0,0.4271,0.564654
DQN,deceptive_grid,0,405,50815,-52.0,159,1,0.4253,0.585101
DQN,deceptive_grid,0,406,50912,-18.0,97,1,0.4242,0.531352
DQN,deceptive_grid,0,407,51112,-140.0,200,0,0.4219,0.525813
DQN,deceptive_grid,0,408,51178,49.0,66,1,0.4212,0.520146
DQN,deceptive_grid,0,409,51245,-16.0,67,1,0.4204,0.542312
DQN,deceptive_grid,0,410,51397,-57.0,152,1,0.4187,0.50917
DQN,deceptive_grid,0,411,51442,-6.0,45,1,0.4182,0.508032
DQN,deceptive_grid,0,412,51511,-18.0,69,1,0.4174,0.589179
DQN,deceptive_grid,0,413,51596,-2.0,85,1,0.4165,0.550447
DQN,deceptive_grid,0,414,51709,-58.0,113,1,0.4152,0.535791
DQN,deceptive_grid,0,415,51909,-192.0,200,0,0.4129,0.516877
DQN,deceptive_grid,0,416,52109,-152.0,200,0,0.4107,0.522263
DQN,deceptive_grid,0,417,52309,-172.0,200,0,0.4084,0.532988
DQN,deceptive_grid,0,418,52509,-208.0,200,0,0.4061,0.500797
DQN,deceptive_grid,0,419,52709,-164.0,200,0,0.4039,0.483977
DQN,deceptive_grid,0,420,52909,-200.0,200,0,0.4016,0.490679
DQN,deceptive_grid,0,421,53105,-105.0,196,1,0.3994,0.538025
DQN,deceptive_grid,0,422,53305,-144.0,200,0,0.3971,0.480327
DQN,deceptive_grid,0,423,53505,-236.0,200,0,0.3949,0.478464
DQN,deceptive_grid,0,424,53600,-20.0,95,1,0.3938,0.556648
DQN,deceptive_grid,0,425,53645,22.0,45,1,0.3933,0.484323
DQN,deceptive_grid,0,426,53774,26.0,129,1,0.3918,0.462965
DQN,deceptive_grid,0,427,53837,-36.0,63,1,0.3911,0.48026
DQN,deceptive_grid,0,428,53854,66.0,17,1,0.3909,0.440419
DQN,deceptive_grid,0,429,53960,-7.0,106,1,0.3897,0.443809
DQN,deceptive_grid,0,430,54160,-128.0,200,0,0.3875,0.468037
DQN,deceptive_grid,0,431,54360,-180.0,200,0,0.3852,0.457193
DQN,deceptive_grid,0,432,54462,-7.0,102,1,0.3841,0.41099
DQN,deceptive_grid,0,433,54477,36.0,15,1,0.3839,0.426465
DQN,deceptive_grid,0,434,54502,42.0,25,1,0.3836,0.405728
DQN,deceptive_grid,0,435,54577,80.0,75,1,0.3828,0.526135
DQN,deceptive_grid,0,436,54655,49.0,78,1,0.3819,0.409632
DQN,deceptive_grid,0,437,54758,-72.0,103,1,0.3807,0.419857
DQN,deceptive_grid,0,438,54762,23.0,4,1,0.3807,0.409972
DQN,deceptive_grid,0,439,54962,-168.0,200,0,0.3784,0.414697
DQN,deceptive_grid,0,440,55000,41.0,38,1,0.378,0.444987
DQN,deceptive_grid,0,441,55006,53.0,6,1,0.3779,0.504072
DQN,deceptive_grid,0,442,55011,30.0,5,1,0.3779,0.551165
DQN,deceptive_grid,0,443,55078,32.0,67,1,0.3771,0.426951
DQN,deceptive_grid,0,444,55248,-55.0,170,1,0.3752,0.433336
DQN,deceptive_grid,0,445,55322,-31.0,74,1,0.3743,0.437118
DQN,deceptive_grid,0,446,55420,41.0,98,1,0.3732,0.39929
DQN,deceptive_grid,0,447,55557,2.0,137,1,0.3717,0.463034
DQN,deceptive_grid,0,448,55627,81.0,70,1,0.3709,0.405092
DQN,deceptive_grid,0,449,55659,75.0,32,1,0.3705,0.475843
DQN,deceptive_grid,0,450,55665,53.0,6,1,0.3705,0.50877
DQN,deceptive_grid,0,451,55733,7.0,68,1,0.3697,0.393847
DQN,deceptive_grid,0,452,55758,58.0,25,1,0.3694,0.49963
DQN,deceptive_grid,0,453,55823,-6.0,65,1,0.3687,0.353835
DQN,deceptive_grid,0,454,55873,13.0,50,1,0.3681,0.393006
DQN,deceptive_grid,0,455,55913,103.0,40,1,0.3677,0.385971
DQN,deceptive_grid,0,456,55944,116.0,31,1,0.3673,0.325037
DQN,deceptive_grid,0,457,56012,39.0,68,1,0.3665,0.410664
DQN,deceptive_grid,0,458,56034,73.0,22,1,0.3663,0.390103
DQN,deceptive_grid,0,459,56067,102.0,33,1,0.3659,0.411552
DQN,deceptive_grid,0,460,56096,70.0,29,1,0.3656,0.390564
DQN,deceptive_grid,0,461,56137,118.0,41,1,0.3651,0.378875
DQN,deceptive_grid,0,462,56186,-10.0,49,1,0.3646,0.36961
DQN,deceptive_grid,0,463,56241,80.0,55,1,0.3639,0.473241
DQN,deceptive_grid,0,464,56257,91.0,16,1,0.3638,0.358617
DQN,deceptive_grid,0,465,56273,43.0,16,1,0.3636,0.423973
DQN,deceptive_grid,0,466,56304,40.0,31,1,0.3632,0.37849
DQN,deceptive_grid,0,467,56328,51.0,24,1,0.363,0.38552
DQN,deceptive_grid,0,468,56332,23.0,4,1,0.3629,0.42722
DQN,deceptive_grid,0,469,56362,113.0,30,1,0.3626,0.338506
DQN,deceptive_grid,0,470,56447,46.0,85,1,0.3616,0.391856
DQN,deceptive_grid,0,471,56499,135.0,52,1,0.361,0.366314
DQN,deceptive_grid,0,472,56516,82.0,17,1,0.3608,0.461455
DQN,deceptive_grid,0,473,56578,29.0,62,1,0.3601,0.413448
DQN,deceptive_grid,0,474,56614,79.0,36,1,0.3597,0.405874
DQN,deceptive_grid,0,475,56626,67.0,12,1,0.3596,0.404486
DQN,deceptive_grid,0,476,56640,29.0,14,1,0.3594,0.44614
DQN,deceptive_grid,0,477,56651,60.0,11,1,0.3593,0.389438
DQN,deceptive_grid,0,478,56671,71.0,20,1,0.3591,0.405089
DQN,deceptive_grid,0,479,56705,89.0,34,1,0.3587,0.305783
DQN,deceptive_grid,0,480,56715,65.0,10,1,0.3586,0.490723
DQN,deceptive_grid,0,481,56802,-20.0,87,1,0.3576,0.326039
DQN,deceptive_grid,0,482,56835,118.0,33,1,0.3572,0.442995
DQN,deceptive_grid,0,483,56873,73.0,38,1,0.3568,0.417463
DQN,deceptive_grid,0,484,56881,43.0,8,1,0.3567,0.378595
DQN,deceptive_grid,0,485,56924,108.0,43,1,0.3562,0.381573
DQN,deceptive_grid,0,486,56935,12.0,11,1,0.3561,0.406058
DQN,deceptive_grid,0,487,57001,-23.0,66,1,0.3553,0.407238
DQN,deceptive_grid,0,488,57032,84.0,31,1,0.355,0.498424
DQN,deceptive_grid,0,489,57045,54.0,13,1,0.3548,0.394176
DQN,deceptive_grid,0,490,57053,51.0,8,1,0.3548,0.400479
DQN,deceptive_grid,0,491,57077,43.0,24,1,0.3545,0.381217
DQN,deceptive_grid,0,492,57102,26.0,25,1,0.3542,0.402716
DQN,deceptive_grid,0,493,57118,63.0,16,1,0.354,0.382424
DQN,deceptive_grid,0,494,57147,10.0,29,1,0.3537,0.357382
DQN,deceptive_grid,0,495,57162,84.0,15,1,0.3535,0.374733
DQN,deceptive_grid,0,496,57164,25.0,2,1,0.3535,0.424161
DQN,deceptive_grid,0,497,57234,25.0,70,1,0.3527,0.362795
DQN,deceptive_grid,0,498,57287,118.0,53,1,0.3521,0.357655
DQN,deceptive_grid,0,499,57354,-12.0,67,1,0.3514,0.366901
DQN,deceptive_grid,0,500,57382,23.0,28,1,0.351,0.39713
DQN,deceptive_grid,0,501,57437,68.0,55,1,0.3504,0.397425
DQN,deceptive_grid,0,502,57462,58.0,25,1,0.3501,0.377751
DQN,deceptive_grid,0,503,57479,70.0,17,1,0.3499,0.334987
DQN,deceptive_grid,0,504,57543,15.0,64,1,0.3492,0.4253
DQN,deceptive_grid,0,505,57554,44.0,11,1,0.3491,0.31913
DQN,deceptive_grid,0,506,57568,77.0,14,1,0.3489,0.436935
DQN,deceptive_grid,0,507,57627,44.0,59,1,0.3483,0.352805
DQN,deceptive_grid,0,508,57650,28.0,23,1,0.348,0.424898
DQN,deceptive_grid,0,509,57690,135.0,40,1,0.3476,0.364119
DQN,deceptive_grid,0,510,57709,80.0,19,1,0.3473,0.357224
DQN,deceptive_grid,0,511,57741,155.0,32,1,0.347,0.358835
DQN,deceptive_grid,0,512,57766,90.0,25,1,0.3467,0.393433
DQN,deceptive_grid,0,513,57800,125.0,34,1,0.3463,0.326535
DQN,deceptive_grid,0,514,57808,67.0,8,1,0.3462,0.329891
DQN,deceptive_grid,0,515,57819,28.0,11,1,0.3461,0.487006
DQN,deceptive_grid,0,516,57852,86.0,33,1,0.3457,0.348138
DQN,deceptive_grid,0,517,57859,60.0,7,1,0.3456,0.38917
DQN,deceptive_grid,0,518,57903,-13.0,44,1,0.3451,0.354135
DQN,deceptive_grid,0,519,57931,111.0,28,1,0.3448,0.371172
DQN,deceptive_grid,0,520,57937,21.0,6,1,0.3448,0.275633
DQN,deceptive_grid,0,521,57947,49.0,10,1,0.3446,0.353755
DQN,deceptive_grid,0,522,57951,23.0,4,1,0.3446,0.338032
DQN,deceptive_grid,0,523,57970,48.0,19,1,0.3444,0.428321
DQN,deceptive_grid,0,524,58001,56.0,31,1,0.344,0.417518
DQN,deceptive_grid,0,525,58034,14.0,33,1,0.3437,0.450922
DQN,deceptive_grid,0,526,58037,16.0,3,1,0.3436,0.279026
DQN,deceptive_grid,0,527,58046,46.0,9,1,0.3435,0.341622
DQN,deceptive_grid,0,528,58071,122.0,25,1,0.3432,0.411005
DQN,deceptive_grid,0,529,58097,105.0,26,1,0.343,0.352654
DQN,deceptive_grid,0,530,58120,108.0,23,1,0.3427,0.342055
DQN,deceptive_grid,0,531,58132,47.0,12,1,0.3426,0.357228
DQN,deceptive_grid,0,532,58157,106.0,25,1,0.3423,0.377149
DQN,deceptive_grid,0,533,58183,97.0,26,1,0.342,0.336495
DQN,deceptive_grid,0,534,58203,59.0,20,1,0.3418,0.268651
DQN,deceptive_grid,0,535,58220,82.0,17,1,0.3416,0.383886
DQN,deceptive_grid,0,536,58251,148.0,31,1,0.3412,0.306475
DQN,deceptive_grid,0,537,58259,51.0,8,1,0.3411,0.381892
DQN,deceptive_grid,0,538,58295,91.0,36,1,0.3407,0.302009
DQN,deceptive_grid,0,539,58325,133.0,30,1,0.3404,0.360856
DQN,deceptive_grid,0,540,58371,137.0,46,1,0.3399,0.363017
DQN,deceptive_grid,0,541,58403,59.0,32,1,0.3395,0.340035
DQN,deceptive_grid,0,542,58421,41.0,18,1,0.3393,0.303558
DQN,deceptive_grid,0,543,58459,117.0,38,1,0.3389,0.343086
DQN,deceptive_grid,0,544,58460,18.0,1,1,0.3388,0.205731
DQN,deceptive_grid,0,545,58503,72.0,43,1,0.3384,0.341313
DQN,deceptive_grid,0,546,58551,75.0,48,1,0.3378,0.383178
DQN,deceptive_grid,0,547,58593,49.0,42,1,0.3373,0.326816
DQN,deceptive_grid,0,548,58636,-20.0,43,1,0.3369,0.359068
DQN,deceptive_grid,0,549,58664,115.0,28,1,0.3365,0.392538
DQN,deceptive_grid,0,550,58689,46.0,25,1,0.3363,0.354056
DQN,deceptive_grid,0,551,58716,120.0,27,1,0.336,0.342483
DQN,deceptive_grid,0,552,58726,49.0,10,1,0.3358,0.266447
DQN,deceptive_grid,0,553,58767,122.0,41,1,0.3354,0.322088
DQN,deceptive_grid,0,554,58773,29.0,6,1,0.3353,0.358872
DQN,deceptive_grid,0,555,58818,138.0,45,1,0.3348,0.322327
DQN,deceptive_grid,0,556,58849,84.0,31,1,0.3344,0.326864
DQN,deceptive_grid,0,557,58866,102.0,17,1,0.3343,0.283778
DQN,deceptive_grid,0,558,58871,46.0,5,1,0.3342,0.472657
DQN,deceptive_grid,0,559,58909,-11.0,38,1,0.3338,0.377901
DQN,deceptive_grid,0,560,58915,29.0,6,1,0.3337,0.440788
DQN,deceptive_grid,0,561,58937,117.0,22,1,0.3335,0.280919
DQN,deceptive_grid,0,562,58970,26.0,33,1,0.3331,0.35948
DQN,deceptive_grid,0,563,59003,34.0,33,1,0.3327,0.35697
DQN,deceptive_grid,0,564,59009,53.0,6,1,0.3326,0.434137
DQN,deceptive_grid,0,565,59028,68.0,19,1,0.3324,0.511487
DQN,deceptive_grid,0,566,59034,21.0,6,1,0.3324,0.431012
DQN,deceptive_grid,0,567,59066,95.0,32,1,0.332,0.393487
DQN,deceptive_grid,0,568,59082,107.0,16,1,0.3318,0.415791
DQN,deceptive_grid,0,569,59106,107.0,24,1,0.3315,0.347897
DQN,deceptive_grid,0,570,59112,37.0,6,1,0.3315,0.383605
DQN,deceptive_grid,0,571,59156,83.0,44,1,0.331,0.396246
DQN,deceptive_grid,0,572,59201,-18.0,45,1,0.3305,0.329842
DQN,deceptive_grid,0,573,59203,25.0,2,1,0.3304,0.450022
DQN,deceptive_grid,0,574,59227,131.0,24,1,0.3302,0.382084
DQN,deceptive_grid,0,575,59258,88.0,31,1,0.3298,0.367879
DQN,deceptive_grid,0,576,59271,70.0,13,1,0.3297,0.371387
DQN,deceptive_grid,0,577,59311,11.0,40,1,0.3292,0.357131
DQN,deceptive_grid,0,578,59327,95.0,16,1,0.329,0.327554
DQN,deceptive_grid,0,579,59345,77.0,18,1,0.3288,0.368833
DQN,deceptive_grid,0,580,59364,112.0,19,1,0.3286,0.349966
DQN,deceptive_grid,0,581,59391,76.0,27,1,0.3283,0.320514
DQN,deceptive_grid,0,582,59415,67.0,24,1,0.328,0.345423
DQN,deceptive_grid,0,583,59418,32.0,3,1,0.328,0.294723
DQN,deceptive_grid,0,584,59455,106.0,37,1,0.3276,0.309264
DQN,deceptive_grid,0,585,59476,66.0,21,1,0.3274,0.337202
DQN,deceptive_grid,0,586,59502,89.0,26,1,0.3271,0.366216
DQN,deceptive_grid,0,587,59540,113.0,38,1,0.3266,0.378349
DQN,deceptive_grid,0,588,59560,87.0,20,1,0.3264,0.322447
DQN,deceptive_grid,0,589,59600,-5.0,40,1,0.326,0.359218
DQN,deceptive_grid,0,590,59631,84.0,31,1,0.3256,0.364418
DQN,deceptive_grid,0,591,59650,112.0,19,1,0.3254,0.340771
DQN,deceptive_grid,0,592,59671,62.0,21,1,0.3251,0.375584
DQN,deceptive_grid,0,593,59677,53.0,6,1,0.3251,0.312479
DQN,deceptive_grid,0,594,59704,136.0,27,1,0.3248,0.358136
DQN,deceptive_grid,0,595,59738,105.0,34,1,0.3244,0.332584
DQN,deceptive_grid,0,596,59749,60.0,11,1,0.3243,0.38383
DQN,deceptive_grid,0,597,59773,131.0,24,1,0.324,0.348858
DQN,deceptive_grid,0,598,59794,62.0,21,1,0.3238,0.343706
DQN,deceptive_grid,0,599,59817,124.0,23,1,0.3235,0.293737
DQN,deceptive_grid,0,600,59837,71.0,20,1,0.3233,0.326658
DQN,deceptive_grid,1,1,200,-232.0,200,0,0.9977,
DQN,deceptive_grid,1,2,400,-256.0,200,0,0.9955,
DQN,deceptive_grid,1,3,600,-336.0,200,0,0.9932,
DQN,deceptive_grid,1,4,800,-292.0,200,0,0.991,
DQN,deceptive_grid,1,5,1000,-296.0,200,0,0.9887,7.322658
DQN,deceptive_grid,1,6,1200,-236.0,200,0,0.9864,4.745823
DQN,deceptive_grid,1,7,1400,-224.0,200,0,0.9842,2.902216
DQN,deceptive_grid,1,8,1434,25.0,34,1,0.9838,2.670102
DQN,deceptive_grid,1,9,1634,-208.0,200,0,0.9815,2.905773
DQN,deceptive_grid,1,10,1834,-232.0,200,0,0.9793,2.315015
DQN,deceptive_grid,1,11,2034,-284.0,200,0,0.977,2.416639
DQN,deceptive_grid,1,12,2234,-296.0,200,0,0.9747,2.162939
DQN,deceptive_grid,1,13,2434,-348.0,200,0,0.9725,2.020591
DQN,deceptive_grid,1,14,2634,-248.0,200,0,0.9702,2.210698
DQN,deceptive_grid,1,15,2834,-172.0,200,0,0.9679,1.98307
DQN,deceptive_grid,1,16,3027,-110.0,193,1,0.9658,2.13431
DQN,deceptive_grid,1,17,3227,-408.0,200,0,0.9635,1.930181
DQN,deceptive_grid,1,18,3427,-380.0,200,0,0.9612,1.925417
DQN,deceptive_grid,1,19,3627,-192.0,200,0,0.959,2.088518
DQN,deceptive_grid,1,20,3827,-224.0,200,0,0.9567,1.92707
DQN,deceptive_grid,1,21,4027,-260.0,200,0,0.9545,2.005633
DQN,deceptive_grid,1,22,4227,-256.0,200,0,0.9522,1.961403
DQN,deceptive_grid,1,23,4281,5.0,54,1,0.9516,1.963051
DQN,deceptive_grid,1,24,4481,-240.0,200,0,0.9493,1.907451
DQN,deceptive_grid,1,25,4660,-176.0,179,1,0.9473,2.149441
DQN,deceptive_grid,1,26,4860,-284.0,200,0,0.945,1.950531
DQN,deceptive_grid,1,27,5060,-284.0,200,0,0.9428,2.030221
DQN,deceptive_grid,1,28,5065,30.0,5,1,0.9427,2.048095
DQN,deceptive_grid,1,29,5265,-208.0,200,0,0.9405,1.921283
DQN,deceptive_grid,1,30,5465,-208.0,200,0,0.9382,1.889529
DQN,deceptive_grid,1,31,5665,-144.0,200,0,0.9359,2.062849
DQN,deceptive_grid,1,32,5865,-220.0,200,0,0.9337,1.894268
DQN,deceptive_grid,1,33,5882,26.0,17,1,0.9335,1.891841
DQN,deceptive_grid,1,34,6082,-148.0,200,0,0.9312,2.010397
DQN,deceptive_grid,1,35,6282,-292.0,200,0,0.929,1.949861
DQN,deceptive_grid,1,36,6482,-256.0,200,0,0.9267,1.898207
DQN,deceptive_grid,1,37,6682,-272.0,200,0,0.9244,2.042134
DQN,deceptive_grid,1,38,6882,-224.0,200,0,0.9222,1.975616
DQN,deceptive_grid,1,39,7082,-340.0,200,0,0.9199,2.053675
DQN,deceptive_grid,1,40,7282,-296.0,200,0,0.9176,1.96392
DQN,deceptive_grid,1,41,7482,-208.0,200,0,0.9154,1.927663
DQN,deceptive_grid,1,42,7682,-316.0,200,0,0.9131,2.057185
DQN,deceptive_grid,1,43,7882,-168.0,200,0,0.9109,1.893877
DQN,deceptive_grid,1,44,8082,-256.0,200,0,0.9086,1.975514
DQN,deceptive_grid,1,45,8282,-316.0,200,0,0.9063,1.909581
DQN,deceptive_grid,1,46,8482,-236.0,200,0,0.9041,1.784799
DQN,deceptive_grid,1,47,8682,-200.0,200,0,0.9018,1.890424
DQN,deceptive_grid,1,48,8816,-147.0,134,1,0.9003,1.781356
DQN,deceptive_grid,1,49,9005,-218.0,189,1,0.8982,1.774786
DQN,deceptive_grid,1,50,9019,45.0,14,1,0.898,2.388089
DQN,deceptive_grid,1,51,9219,-248.0,200,0,0.8957,1.845792
DQN,deceptive_grid,1,52,9377,-111.0,158,1,0.894,1.783117
DQN,deceptive_grid,1,53,9516,-36.0,139,1,0.8924,1.883623
DQN,deceptive_grid,1,54,9650,-83.0,134,1,0.8909,1.917335
DQN,deceptive_grid,1,55,9850,-236.0,200,0,0.8886,1.934221
DQN,deceptive_grid,1,56,10050,-204.0,200,0,0.8863,1.92322
DQN,deceptive_grid,1,57,10144,-39.0,94,1,0.8853,1.932318
DQN,deceptive_grid,1,58,10344,-176.0,200,0,0.883,1.907998
DQN,deceptive_grid,1,59,10544,-224.0,200,0,0.8808,1.96706
DQN,deceptive_grid,1,60,10567,16.0,23,1,0.8805,1.88347
DQN,deceptive_grid,1,61,10746,-84.0,179,1,0.8785,1.951568
DQN,deceptive_grid,1,62,10946,-284.0,200,0,0.8762,1.926163
DQN,deceptive_grid,1,63,11095,-38.0,149,1,0.8745,2.002606
DQN,deceptive_grid,1,64,11295,-128.0,200,0,0.8723,2.005724
DQN,deceptive_grid,1,65,11415,-49.0,120,1,0.8709,2.032118
DQN,deceptive_grid,1,66,11503,-5.0,88,1,0.8699,1.993229
DQN,deceptive_grid,1,67,11625,-75.0,122,1,0.8685,2.146048
DQN,deceptive_grid,1,68,11719,-59.0,94,1,0.8675,2.165742
DQN,deceptive_grid,1,69,11919,-196.0,200,0,0.8652,1.997114
DQN,deceptive_grid,1,70,12050,-80.0,131,1,0.8637,2.113727
DQN,deceptive_grid,1,71,12099,18.0,49,1,0.8632,2.205069
DQN,deceptive_grid,1,72,12158,-40.0,59,1,0.8625,2.124111
DQN,deceptive_grid,1,73,12342,-117.0,184,1,0.8604,2.027685
DQN,deceptive_grid,1,74,12542,-168.0,200,0,0.8582,2.211399
DQN,deceptive_grid,1,75,12660,-79.0,118,1,0.8568,2.155768
DQN,deceptive_grid,1,76,12799,-64.0,139,1,0.8552,2.058619
DQN,deceptive_grid,1,77,12870,-20.0,71,1,0.8544,2.204558
DQN,deceptive_grid,1,78,13070,-172.0,200,0,0.8522,2.148037
DQN,deceptive_grid,1,79,13270,-176.0,200,0,0.8499,2.134418
DQN,deceptive_grid,1,80,13423,-10.0,153,1,0.8482,2.072438
DQN,deceptive_grid,1,81,13604,-146.0,181,1,0.8461,2.084942
DQN,deceptive_grid,1,82,13804,-256.0,200,0,0.8439,2.059738
DQN,deceptive_grid,1,83,13884,-37.0,80,1,0.843,2.109901
DQN,deceptive_grid,1,84,14018,-151.0,134,1,0.8415,1.955681
DQN,deceptive_grid,1,85,14218,-260.0,200,0,0.8392,2.039578
DQN,deceptive_grid,1,86,14418,-237.0,200,1,0.8369,2.003962
DQN,deceptive_grid,1,87,14507,-86.0,89,1,0.8359,2.142555
DQN,deceptive_grid,1,88,14696,-158.0,189,1,0.8338,1.938068
DQN,deceptive_grid,1,89,14896,-168.0,200,0,0.8315,1.950752
DQN,deceptive_grid,1,90,14990,-95.0,94,1,0.8305,1.927182
DQN,deceptive_grid,1,91,15190,-192.0,200,0,0.8282,1.975629
DQN,deceptive_grid,1,92,15390,-220.0,200,0,0.8259,1.974841
DQN,deceptive_grid,1,93,15415,66.0,25,1,0.8257,1.809795
DQN,deceptive_grid,1,94,15615,-192.0,200,0,0.8234,1.832251
DQN,deceptive_grid,1,95,15636,34.0,21,1,0.8232,1.864094
DQN,deceptive_grid,1,96,15719,-36.0,83,1,0.8222,1.969919
DQN,deceptive_grid,1,97,15909,-63.0,190,1,0.8201,1.854929
DQN,deceptive_grid,1,98,16010,2.0,101,1,0.8189,1.798809
DQN,deceptive_grid,1,99,16210,-220.0,200,0,0.8167,1.903349
DQN,deceptive_grid,1,100,16299,-42.0,89,1,0.8157,1.769814
DQN,deceptive_grid,1,101,16499,-212.0,200,0,0.8134,1.851926
DQN,deceptive_grid,1,102,16651,-97.0,152,1,0.8117,1.843421
DQN,deceptive_grid,1,103,16702,12.0,51,1,0.8111,1.737854
DQN,deceptive_grid,1,104,16902,-292.0,200,0,0.8088,1.845517
DQN,deceptive_grid,1,105,16923,46.0,21,1,0.8086,1.901198
DQN,deceptive_grid,1,106,17123,-152.0,200,0,0.8063,1.779708
DQN,deceptive_grid,1,107,17147,55.0,24,1,0.8061,1.808806
DQN,deceptive_grid,1,108,17181,-11.0,34,1,0.8057,1.837196
DQN,deceptive_grid,1,109,17357,-101.0,176,1,0.8037,1.703094
DQN,deceptive_grid,1,110,17557,-184.0,200,0,0.8014,1.810671
DQN,deceptive_grid,1,111,17746,-178.0,189,1,0.7993,1.700116
DQN,deceptive_grid,1,112,17946,-172.0,200,0,0.797,1.702017
DQN,deceptive_grid,1,113,18070,-13.0,124,1,0.7956,1.741114
DQN,deceptive_grid,1,114,18074,23.0,4,1,0.7956,1.621834
DQN,deceptive_grid,1,115,18150,-13.0,76,1,0.7947,1.855582
DQN,deceptive_grid,1,116,18197,-20.0,47,1,0.7942,1.743264
DQN,deceptive_grid,1,117,18202,46.0,5,1,0.7941,1.800599
DQN,deceptive_grid,1,118,18213,60.0,11,1,0.794,1.637953
DQN,deceptive_grid,1,119,18413,-160.0,200,0,0.7918,1.684577
DQN,deceptive_grid,1,120,18474,38.0,61,1,0.7911,1.688624
DQN,deceptive_grid,1,121,18550,3.0,76,1,0.7902,1.718877
DQN,deceptive_grid,1,122,18617,32.0,67,1,0.7895,1.800011
DQN,deceptive_grid,1,123,18631,21.0,14,1,0.7893,1.5571
DQN,deceptive_grid,1,124,18720,74.0,89,1,0.7883,1.686423
DQN,deceptive_grid,1,125,18902,-155.0,182,1,0.7862,1.652003
DQN,deceptive_grid,1,126,19100,-239.0,198,1,0.784,1.675182
DQN,deceptive_grid,1,127,19300,-172.0,200,0,0.7817,1.645433
DQN,deceptive_grid,1,128,19377,-22.0,77,1,0.7809,1.504473
DQN,deceptive_grid,1,129,19438,66.0,61,1,0.7802,1.624546
DQN,deceptive_grid,1,130,19487,-2.0,49,1,0.7796,1.670414
DQN,deceptive_grid,1,131,19510,60.0,23,1,0.7794,1.577444
DQN,deceptive_grid,1,132,19596,41.0,86,1,0.7784,1.777216
DQN,deceptive_grid,1,133,19651,76.0,55,1,0.7778,1.582576
DQN,deceptive_grid,1,134,19750,-4.0,99,1,0.7766,1.467809
DQN,deceptive_grid,1,135,19788,17.0,38,1,0.7762,1.577619
DQN,deceptive_grid,1,136,19868,-5.0,80,1,0.7753,1.550632
DQN,deceptive_grid,1,137,19894,9.0,26,1,0.775,1.369075
DQN,deceptive_grid,1,138,19898,27.0,4,1,0.775,1.419171
DQN,deceptive_grid,1,139,19913,28.0,15,1,0.7748,1.434118
DQN,deceptive_grid,1,140,20113,-252.0,200,0,0.7725,1.558248
DQN,deceptive_grid,1,141,20212,-48.0,99,1,0.7714,1.523446
DQN,deceptive_grid,1,142,20401,-74.0,189,1,0.7693,1.572984
DQN,deceptive_grid,1,143,20546,-38.0,145,1,0.7676,1.665164
DQN,deceptive_grid,1,144,20702,-105.0,156,1,0.7659,1.579935
DQN,deceptive_grid,1,145,20902,-140.0,200,0,0.7636,1.593337
DQN,deceptive_grid,1,146,20912,53.0,10,1,0.7635,1.553613
DQN,deceptive_grid,1,147,20913,18.0,1,1,0.7635,2.299278
DQN,deceptive_grid,1,148,20952,52.0,39,1,0.763,1.60067
DQN,deceptive_grid,1,149,21008,27.0,56,1,0.7624,1.648207
DQN,deceptive_grid,1,150,21102,-43.0,94,1,0.7613,1.614034
DQN,deceptive_grid,1,151,21229,-76.0,127,1,0.7599,1.707973
DQN,deceptive_grid,1,152,21344,-4.0,115,1,0.7586,1.540022
DQN,deceptive_grid,1,153,21515,-180.0,171,1,0.7567,1.640291
DQN,deceptive_grid,1,154,21655,-85.0,140,1,0.7551,1.729167
DQN,deceptive_grid,1,155,21826,-92.0,171,1,0.7532,1.65485
DQN,deceptive_grid,1,156,21838,31.0,12,1,0.753,1.734585
DQN,deceptive_grid,1,157,21856,61.0,18,1,0.7528,1.91631
DQN,deceptive_grid,1,158,21893,46.0,37,1,0.7524,1.855247
DQN,deceptive_grid,1,159,21984,0.0,91,1,0.7514,1.614415
DQN,deceptive_grid,1,160,22031,32.0,47,1,0.7508,1.838802
DQN,deceptive_grid,1,161,22120,46.0,89,1,0.7498,1.635803
DQN,deceptive_grid,1,162,22137,50.0,17,1,0.7496,1.502167
DQN,deceptive_grid,1,163,22337,-212.0,200,0,0.7474,1.55571
DQN,deceptive_grid,1,164,22451,1.0,114,1,0.7461,1.522029
DQN,deceptive_grid,1,165,22557,-43.0,106,1,0.7449,1.591602
DQN,deceptive_grid,1,166,22684,-60.0,127,1,0.7435,1.632986
DQN,deceptive_grid,1,167,22798,-75.0,114,1,0.7422,1.63825
DQN,deceptive_grid,1,168,22840,53.0,42,1,0.7417,1.600861
DQN,deceptive_grid,1,169,22862,41.0,22,1,0.7414,1.554462
DQN,deceptive_grid,1,170,22882,39.0,20,1,0.7412,1.472186
DQN,deceptive_grid,1,171,23019,-50.0,137,1,0.7397,1.553616
DQN,deceptive_grid,1,172,23147,15.0,128,1,0.7382,1.60468
DQN,deceptive_grid,1,173,23188,30.0,41,1,0.7378,1.542417
DQN,deceptive_grid,1,174,23223,40.0,35,1,0.7374,1.708272
DQN,deceptive_grid,1,175,23286,32.0,63,1,0.7366,1.435737
DQN,deceptive_grid,1,176,23357,68.0,71,1,0.7358,1.674709
DQN,deceptive_grid,1,177,23424,28.0,67,1,0.7351,1.565048
DQN,deceptive_grid,1,178,23471,36.0,47,1,0.7346,1.538486
DQN,deceptive_grid,1,179,23490,48.0,19,1,0.7343,1.663133
DQN,deceptive_grid,1,180,23599,-54.0,109,1,0.7331,1.553137
DQN,deceptive_grid,1,181,23731,-49.0,132,1,0.7316,1.574682
DQN,deceptive_grid,1,182,23787,-9.0,56,1,0.731,1.53605
DQN,deceptive_grid,1,183,23838,-12.0,51,1,0.7304,1.559378
DQN,deceptive_grid,1,184,24009,-96.0,171,1,0.7285,1.568318
DQN,deceptive_grid,1,185,24099,-23.0,90,1,0.7275,1.580647
DQN,deceptive_grid,1,186,24132,62.0,33,1,0.7271,1.422235
DQN,deceptive_grid,1,187,24332,-200.0,200,0,0.7248,1.463117
DQN,deceptive_grid,1,188,24415,84.0,83,1,0.7239,1.485265
DQN,deceptive_grid,1,189,24471,23.0,56,1,0.7232,1.603974
DQN,deceptive_grid,1,190,24646,-180.0,175,1,0.7213,1.515811
DQN,deceptive_grid,1,191,24841,-172.0,195,1,0.7191,1.405483
DQN,deceptive_grid,1,192,24883,81.0,42,1,0.7186,1.317333
DQN,deceptive_grid,1,193,24907,43.0,24,1,0.7183,1.573174
DQN,deceptive_grid,1,194,24991,51.0,84,1,0.7174,1.337742
DQN,deceptive_grid,1,195,25073,25.0,82,1,0.7164,1.414049
DQN,deceptive_grid,1,196,25128,32.0,55,1,0.7158,1.370347
DQN,deceptive_grid,1,197,25259,-72.0,131,1,0.7143,1.49153
DQN,deceptive_grid,1,198,25372,-62.0,113,1,0.7131,1.323974
DQN,deceptive_grid,1,199,25477,14.0,105,1,0.7119,1.431309
DQN,deceptive_grid,1,200,25503,45.0,26,1,0.7116,1.381816
DQN,deceptive_grid,1,201,25584,-14.0,81,1,0.7107,1.392288
DQN,deceptive_grid,1,202,25703,-96.0,119,1,0.7093,1.391852
DQN,deceptive_grid,1,203,25879,-53.0,176,1,0.7073,1.41816
DQN,deceptive_grid,1,204,25923,51.0,44,1,0.7068,1.257767
DQN,deceptive_grid,1,205,25955,55.0,32,1,0.7065,1.438861
DQN,deceptive_grid,1,206,25968,38.0,13,1,0.7063,1.191304
DQN,deceptive_grid,1,207,26077,-14.0,109,1,0.7051,1.469527
DQN,deceptive_grid,1,208,26226,-62.0,149,1,0.7034,1.349516
DQN,deceptive_grid,1,209,26279,62.0,53,1,0.7028,1.356158
DQN,deceptive_grid,1,210,26308,22.0,29,1,0.7025,1.45052
DQN,deceptive_grid,1,211,26372,23.0,64,1,0.7017,1.289636
DQN,deceptive_grid,1,212,26552,-105.0,180,1,0.6997,1.32953
DQN,deceptive_grid,1,213,26566,33.0,14,1,0.6996,1.508525
DQN,deceptive_grid,1,214,26646,-17.0,80,1,0.6986,1.368103
DQN,deceptive_grid,1,215,26696,13.0,50,1,0.6981,1.500638
DQN,deceptive_grid,1,216,26896,-128.0,200,0,0.6958,1.32572
DQN,deceptive_grid,1,217,26984,-33.0,88,1,0.6948,1.190431
DQN,deceptive_grid,1,218,27022,53.0,38,1,0.6944,1.420338
DQN,deceptive_grid,1,219,27137,-8.0,115,1,0.6931,1.327323
DQN,deceptive_grid,1,220,27240,44.0,103,1,0.6919,1.346716
DQN,deceptive_grid,1,221,27350,-35.0,110,1,0.6907,1.325259
DQN,deceptive_grid,1,222,27401,64.0,51,1,0.6901,1.186064
DQN,deceptive_grid,1,223,27478,14.0,77,1,0.6892,1.430325
DQN,deceptive_grid,1,224,27550,59.0,72,1,0.6884,1.398042
DQN,deceptive_grid,1,225,27587,18.0,37,1,0.688,1.387109
DQN,deceptive_grid,1,226,27623,71.0,36,1,0.6876,1.450568
DQN,deceptive_grid,1,227,27653,17.0,30,1,0.6873,1.371401
DQN,deceptive_grid,1,228,27702,18.0,49,1,0.6867,1.484558
DQN,deceptive_grid,1,229,27840,17.0,138,1,0.6851,1.349067
DQN,deceptive_grid,1,230,28040,-216.0,200,0,0.6829,1.299667
DQN,deceptive_grid,1,231,28134,-71.0,94,1,0.6818,1.404728
DQN,deceptive_grid,1,232,28268,5.0,134,1,0.6803,1.298652
DQN,deceptive_grid,1,233,28335,80.0,67,1,0.6795,1.337401
DQN,deceptive_grid,1,234,28523,-137.0,188,1,0.6774,1.31016
DQN,deceptive_grid,1,235,28635,35.0,112,1,0.6762,1.253371
DQN,deceptive_grid,1,236,28770,-40.0,135,1,0.6746,1.306291
DQN,deceptive_grid,1,237,28950,-101.0,180,1,0.6726,1.285531
DQN,deceptive_grid,1,238,29019,-30.0,69,1,0.6718,1.444363
DQN,deceptive_grid,1,239,29084,26.0,65,1,0.6711,1.470491
DQN,deceptive_grid,1,240,29125,50.0,41,1,0.6706,1.391664
DQN,deceptive_grid,1,241,29208,48.0,83,1,0.6697,1.387818
DQN,deceptive_grid,1,242,29270,9.0,62,1,0.669,1.339247
DQN,deceptive_grid,1,243,29324,37.0,54,1,0.6684,1.312572
DQN,deceptive_grid,1,244,29333,42.0,9,1,0.6683,1.387469
DQN,deceptive_grid,1,245,29385,-9.0,52,1,0.6677,1.565829
DQN,deceptive_grid,1,246,29465,11.0,80,1,0.6668,1.523225
DQN,deceptive_grid,1,247,29538,42.0,73,1,0.6659,1.442956
DQN,deceptive_grid,1,248,29585,64.0,47,1,0.6654,1.472394
DQN,deceptive_grid,1,249,29654,46.0,69,1,0.6646,1.337839
DQN,deceptive_grid,1,250,29717,-8.0,63,1,0.6639,1.336752
DQN,deceptive_grid,1,251,29746,86.0,29,1,0.6636,1.389092
DQN,deceptive_grid,1,252,29826,15.0,80,1,0.6627,1.370782
DQN,deceptive_grid,1,253,29894,7.0,68,1,0.6619,1.287742
DQN,deceptive_grid,1,254,29976,73.0,82,1,0.661,1.245812
DQN,deceptive_grid,1,255,30103,16.0,127,1,0.6595,1.403664
DQN,deceptive_grid,1,256,30211,-9.0,108,1,0.6583,1.421809
DQN,deceptive_grid,1,257,30359,-29.0,148,1,0.6567,1.404194
DQN,deceptive_grid,1,258,30496,-22.0,137,1,0.6551,1.520773
DQN,deceptive_grid,1,259,30538,113.0,42,1,0.6546,1.520091
DQN,deceptive_grid,1,260,30571,70.0,33,1,0.6543,1.275504
DQN,deceptive_grid,1,261,30602,24.0,31,1,0.6539,1.385988
DQN,deceptive_grid,1,262,30711,-2.0,109,1,0.6527,1.44292
DQN,deceptive_grid,1,263,30726,24.0,15,1,0.6525,1.614388
DQN,deceptive_grid,1,264,30912,-103.0,186,1,0.6504,1.382376
DQN,deceptive_grid,1,265,30958,73.0,46,1,0.6499,1.414035
DQN,deceptive_grid,1,266,30988,-15.0,30,1,0.6495,1.186475
DQN,deceptive_grid,1,267,31072,3.0,84,1,0.6486,1.51475
DQN,deceptive_grid,1,268,31157,-34.0,85,1,0.6476,1.351664
DQN,deceptive_grid,1,269,31357,-176.0,200,0,0.6454,1.404238
DQN,deceptive_grid,1,270,31375,9.0,18,1,0.6452,1.264101
DQN,deceptive_grid,1,271,31575,-288.0,200,0,0.6429,1.39655
DQN,deceptive_grid,1,272,31651,-17.0,76,1,0.642,1.466997
DQN,deceptive_grid,1,273,31851,-304.0,200,0,0.6398,1.375039
DQN,deceptive_grid,1,274,32051,-300.0,200,0,0.6375,1.380691
DQN,deceptive_grid,1,275,32097,69.0,46,1,0.637,1.467412
DQN,deceptive_grid,1,276,32105,27.0,8,1,0.6369,1.585629
DQN,deceptive_grid,1,277,32125,23.0,20,1,0.6367,1.512061
DQN,deceptive_grid,1,278,32213,-61.0,88,1,0.6357,1.39402
DQN,deceptive_grid,1,279,32256,76.0,43,1,0.6352,1.482389
DQN,deceptive_grid,1,280,32305,6.0,49,1,0.6346,1.423694
DQN,deceptive_grid,1,281,32500,-172.0,195,1,0.6324,1.300428
DQN,deceptive_grid,1,282,32563,76.0,63,1,0.6317,1.418411
DQN,deceptive_grid,1,283,32629,49.0,66,1,0.631,1.458337
DQN,deceptive_grid,1,284,32685,27.0,56,1,0.6303,1.414842
DQN,deceptive_grid,1,285,32755,-7.0,70,1,0.6296,1.365121
DQN,deceptive_grid,1,286,32812,26.0,57,1,0.6289,1.369257
DQN,deceptive_grid,1,287,32871,32.0,59,1,0.6282,1.382346
DQN,deceptive_grid,1,288,33000,-10.0,129,1,0.6268,1.432652
DQN,deceptive_grid,1,289,33005,30.0,5,1,0.6267,1.428147
DQN,deceptive_grid,1,290,33050,10.0,45,1,0.6262,1.385248
DQN,deceptive_grid,1,291,33113,44.0,63,1,0.6255,1.450403
DQN,deceptive_grid,1,292,33149,7.0,36,1,0.6251,1.223898
DQN,deceptive_grid,1,293,33162,54.0,13,1,0.625,1.446696
DQN,deceptive_grid,1,294,33229,84.0,67,1,0.6242,1.352934
DQN,deceptive_grid,1,295,33288,-4.0,59,1,0.6235,1.362258
DQN,deceptive_grid,1,296,33308,51.0,20,1,0.6233,1.138889
DQN,deceptive_grid,1,297,33309,18.0,1,1,0.6233,1.659945
DQN,deceptive_grid,1,298,33386,34.0,77,1,0.6224,1.219476
DQN,deceptive_grid,1,299,33410,7.0,24,1,0.6221,1.392997
DQN,deceptive_grid,1,300,33513,-4.0,103,1,0.621,1.408398
DQN,deceptive_grid,1,301,33683,-87.0,170,1,0.6191,1.44493
DQN,deceptive_grid,1,302,33702,32.0,19,1,0.6188,1.61242
DQN,deceptive_grid,1,303,33750,27.0,48,1,0.6183,1.359756
DQN,deceptive_grid,1,304,33901,-100.0,151,1,0.6166,1.276139
DQN,deceptive_grid,1,305,33943,49.0,42,1,0.6161,1.401994
DQN,deceptive_grid,1,306,34143,-116.0,200,0,0.6139,1.37011
DQN,deceptive_grid,1,307,34242,-36.0,99,1,0.6127,1.340287
DQN,deceptive_grid,1,308,34265,12.0,23,1,0.6125,1.531837
DQN,deceptive_grid,1,309,34306,-14.0,41,1,0.612,1.374923
DQN,deceptive_grid,1,310,34506,-108.0,200,0,0.6098,1.366227
DQN,deceptive_grid,1,311,34596,-63.0,90,1,0.6087,1.386296
DQN,deceptive_grid,1,312,34641,30.0,45,1,0.6082,1.286053
DQN,deceptive_grid,1,313,34841,-292.0,200,0,0.606,1.350774
DQN,deceptive_grid,1,314,35041,-128.0,200,0,0.6037,1.339971
DQN,deceptive_grid,1,315,35052,40.0,11,1,0.6036,1.283757
DQN,deceptive_grid,1,316,35169,-30.0,117,1,0.6023,1.377993
DQN,deceptive_grid,1,317,35255,-3.0,86,1,0.6013,1.287957
DQN,deceptive_grid,1,318,35324,86.0,69,1,0.6005,1.297465
DQN,deceptive_grid,1,319,35469,-46.0,145,1,0.5989,1.315911
DQN,deceptive_grid,1,320,35557,-65.0,88,1,0.5979,1.308142
DQN,deceptive_grid,1,321,35642,-6.0,85,1,0.5969,1.319923
DQN,deceptive_grid,1,322,35803,-122.0,161,1,0.5951,1.336282
DQN,deceptive_grid,1,323,35898,-72.0,95,1,0.594,1.30752
DQN,deceptive_grid,1,324,35995,-66.0,97,1,0.5929,1.285287
DQN,deceptive_grid,1,325,36060,102.0,65,1,0.5922,1.427471
DQN,deceptive_grid,1,326,36156,-13.0,96,1,0.5911,1.2586
DQN,deceptive_grid,1,327,36336,-161.0,180,1,0.5891,1.280491
DQN,deceptive_grid,1,328,36381,2.0,45,1,0.5885,1.30432
DQN,deceptive_grid,1,329,36581,-252.0,200,0,0.5863,1.330924
DQN,deceptive_grid,1,330,36781,-176.0,200,0,0.584,1.233848
DQN,deceptive_grid,1,331,36838,38.0,57,1,0.5834,1.332819
DQN,deceptive_grid,1,332,36878,75.0,40,1,0.5829,1.214165
DQN,deceptive_grid,1,333,37053,-76.0,175,1,0.5809,1.206232
DQN,deceptive_grid,1,334,37253,-196.0,200,0,0.5787,1.24552
DQN,deceptive_grid,1,335,37287,9.0,34,1,0.5783,1.378593
DQN,deceptive_grid,1,336,37316,58.0,29,1,0.578,1.25483
DQN,deceptive_grid,1,337,37330,45.0,14,1,0.5778,1.16614
DQN,deceptive_grid,1,338,37371,58.0,41,1,0.5774,1.250602
DQN,deceptive_grid,1,339,37465,5.0,94,1,0.5763,1.261718
DQN,deceptive_grid,1,340,37488,48.0,23,1,0.576,1.116055
DQN,deceptive_grid,1,341,37688,-212.0,200,0,0.5738,1.282579
DQN,deceptive_grid,1,342,37722,21.0,34,1,0.5734,1.234861
DQN,deceptive_grid,1,343,37734,47.0,12,1,0.5732,0.993867
DQN,deceptive_grid,1,344,37804,49.0,70,1,0.5725,1.236691
DQN,deceptive_grid,1,345,37926,-83.0,122,1,0.5711,1.223507
DQN,deceptive_grid,1,346,37945,48.0,19,1,0.5709,1.203662
DQN,deceptive_grid,1,347,37965,43.0,20,1,0.5706,1.308644
DQN,deceptive_grid,1,348,38165,-192.0,200,0,0.5684,1.286734
DQN,deceptive_grid,1,349,38365,-196.0,200,0,0.5661,1.201802
DQN,deceptive_grid,1,350,38424,8.0,59,1,0.5654,1.326208
DQN,deceptive_grid,1,351,38560,-109.0,136,1,0.5639,1.215303
DQN,deceptive_grid,1,352,38760,-268.0,200,0,0.5616,1.238585
DQN,deceptive_grid,1,353,38814,89.0,54,1,0.561,1.146976
DQN,deceptive_grid,1,354,38910,27.0,96,1,0.5599,1.165079
DQN,deceptive_grid,1,355,38992,37.0,82,1,0.559,1.17337
DQN,deceptive_grid,1,356,39192,-244.0,200,0,0.5568,1.119221
DQN,deceptive_grid,1,357,39324,-121.0,132,1,0.5553,1.097125
DQN,deceptive_grid,1,358,39397,-46.0,73,1,0.5544,1.204033
DQN,deceptive_grid,1,359,39566,-134.0,169,1,0.5525,1.119913
DQN,deceptive_grid,1,360,39698,-1.0,132,1,0.551,1.174785
DQN,deceptive_grid,1,361,39898,-216.0,200,0,0.5488,1.166166
DQN,deceptive_grid,1,362,39929,20.0,31,1,0.5484,1.021426
DQN,deceptive_grid,1,363,39967,45.0,38,1,0.548,1.189531
DQN,deceptive_grid,1,364,40046,-20.0,79,1,0.5471,1.134133
DQN,deceptive_grid,1,365,40158,-69.0,112,1,0.5458,1.15305
DQN,deceptive_grid,1,366,40351,-90.0,193,1,0.5436,1.075306
DQN,deceptive_grid,1,367,40533,-99.0,182,1,0.5416,1.085006
DQN,deceptive_grid,1,368,40552,20.0,19,1,0.5414,1.270216
DQN,deceptive_grid,1,369,40642,-19.0,90,1,0.5404,1.122051
DQN,deceptive_grid,1,370,40842,-140.0,200,0,0.5381,1.052916
DQN,deceptive_grid,1,371,40907,-58.0,65,1,0.5374,1.19629
DQN,deceptive_grid,1,372,41018,8.0,111,1,0.5361,1.112071
DQN,deceptive_grid,1,373,41051,50.0,33,1,0.5357,0.982236
DQN,deceptive_grid,1,374,41072,70.0,21,1,0.5355,1.062364
DQN,deceptive_grid,1,375,41186,-43.0,114,1,0.5342,1.058117
DQN,deceptive_grid,1,376,41386,-156.0,200,0,0.5319,1.074437
DQN,deceptive_grid,1,377,41586,-148.0,200,0,0.5297,1.076707
DQN,deceptive_grid,1,378,41588,25.0,2,1,0.5297,0.779859
DQN,deceptive_grid,1,379,41691,16.0,103,1,0.5285,1.027023
DQN,deceptive_grid,1,380,41891,-292.0,200,0,0.5262,1.01578
DQN,deceptive_grid,1,381,42058,-36.0,167,1,0.5243,1.011012
DQN,deceptive_grid,1,382,42099,-10.0,41,1,0.5239,1.019022
DQN,deceptive_grid,1,383,42123,39.0,24,1,0.5236,0.984216
DQN,deceptive_grid,1,384,42173,45.0,50,1,0.523,1.007225
DQN,deceptive_grid,1,385,42373,-188.0,200,0,0.5208,0.953395
DQN,deceptive_grid,1,386,42573,-136.0,200,0,0.5185,0.967604
DQN,deceptive_grid,1,387,42773,-164.0,200,0,0.5163,0.956841
DQN,deceptive_grid,1,388,42801,47.0,28,1,0.5159,0.903778
DQN,deceptive_grid,1,389,42949,-73.0,148,1,0.5143,0.93983
DQN,deceptive_grid,1,390,43014,58.0,65,1,0.5135,1.018623
DQN,deceptive_grid,1,391,43187,-30.0,173,1,0.5116,0.960024
DQN,deceptive_grid,1,392,43252,-10.0,65,1,0.5108,0.96604
DQN,deceptive_grid,1,393,43385,-38.0,133,1,0.5093,0.886446
DQN,deceptive_grid,1,394,43513,-37.0,128,1,0.5079,0.874836
DQN,deceptive_grid,1,395,43630,-74.0,117,1,0.5066,0.994084
DQN,deceptive_grid,1,396,43705,36.0,75,1,0.5057,0.919971
DQN,deceptive_grid,1,397,43722,2.0,17,1,0.5055,1.043803
DQN,deceptive_grid,1,398,43861,-4.0,139,1,0.504,0.890314
DQN,deceptive_grid,1,399,43938,-2.0,77,1,0.5031,0.953857
DQN,deceptive_grid,1,400,44010,35.0,72,1,0.5023,0.912398
DQN,deceptive_grid,1,401,44119,6.0,109,1,0.501,0.906437
DQN,deceptive_grid,1,402,44319,-216.0,200,0,0.4988,0.890045
DQN,deceptive_grid,1,403,44419,23.0,100,1,0.4976,0.858446
DQN,deceptive_grid,1,404,44610,-108.0,191,1,0.4955,0.893776
DQN,deceptive_grid,1,405,44665,20.0,55,1,0.4949,0.87363
DQN,deceptive_grid,1,406,44706,-34.0,41,1,0.4944,0.849755
DQN,deceptive_grid,1,407,44857,-80.0,151,1,0.4927,0.906116
DQN,deceptive_grid,1,408,44974,-78.0,117,1,0.4914,0.890817
DQN,deceptive_grid,1,409,45025,92.0,51,1,0.4908,0.946882
DQN,deceptive_grid,1,410,45034,18.0,9,1,0.4907,0.957857
DQN,deceptive_grid,1,411,45085,100.0,51,1,0.4901,0.910028
DQN,deceptive_grid,1,412,45114,50.0,29,1,0.4898,0.938906
DQN,deceptive_grid,1,413,45226,11.0,112,1,0.4885,0.889046
DQN,deceptive_grid,1,414,45426,-280.0,200,0,0.4863,0.845749
DQN,deceptive_grid,1,415,45473,72.0,47,1,0.4857,0.86349
DQN,deceptive_grid,1,416,45673,-192.0,200,0,0.4835,0.836491
DQN,deceptive_grid,1,417,45797,-5.0,124,1,0.4821,0.871688
DQN,deceptive_grid,1,418,45812,24.0,15,1,0.4819,0.769941
DQN,deceptive_grid,1,419,45834,-3.0,22,1,0.4816,0.869369
DQN,deceptive_grid,1,420,45898,51.0,64,1,0.4809,0.84228
DQN,deceptive_grid,1,421,46005,-20.0,107,1,0.4797,0.884486
DQN,deceptive_grid,1,422,46063,89.0,58,1,0.479,0.844627
DQN,deceptive_grid,1,423,46078,68.0,15,1,0.4789,0.806054
DQN,deceptive_grid,1,424,46104,33.0,26,1,0.4786,0.944454
DQN,deceptive_grid,1,425,46178,53.0,74,1,0.4777,0.77931
DQN,deceptive_grid,1,426,46299,-42.0,121,1,0.4764,0.811855
DQN,deceptive_grid,1,427,46334,64.0,35,1,0.476,0.879873
DQN,deceptive_grid,1,428,46354,43.0,20,1,0.4758,0.813102
DQN,deceptive_grid,1,429,46451,50.0,97,1,0.4747,0.825787
DQN,deceptive_grid,1,430,46543,11.0,92,1,0.4736,0.803925
DQN,deceptive_grid,1,431,46573,13.0,30,1,0.4733,0.827902
DQN,deceptive_grid,1,432,46588,68.0,15,1,0.4731,0.907712
DQN,deceptive_grid,1,433,46623,48.0,35,1,0.4727,0.753775
DQN,deceptive_grid,1,434,46689,53.0,66,1,0.472,0.733421
DQN,deceptive_grid,1,435,46730,14.0,41,1,0.4715,0.808841
DQN,deceptive_grid,1,436,46816,57.0,86,1,0.4705,0.730295
DQN,deceptive_grid,1,437,46859,88.0,43,1,0.47,0.779935
DQN,deceptive_grid,1,438,46902,56.0,43,1,0.4696,0.922222
DQN,deceptive_grid,1,439,46960,41.0,58,1,0.4689,0.786128
DQN,deceptive_grid,1,440,47022,49.0,62,1,0.4682,0.863362
DQN,deceptive_grid,1,441,47040,57.0,18,1,0.468,0.868113
DQN,deceptive_grid,1,442,47110,61.0,70,1,0.4672,0.752173
DQN,deceptive_grid,1,443,47168,101.0,58,1,0.4666,0.711543
DQN,deceptive_grid,1,444,47210,37.0,42,1,0.4661,0.803453
DQN,deceptive_grid,1,445,47233,28.0,23,1,0.4658,0.928943
DQN,deceptive_grid,1,446,47296,48.0,63,1,0.4651,0.824799
DQN,deceptive_grid,1,447,47330,57.0,34,1,0.4647,0.790976
DQN,deceptive_grid,1,448,47354,59.0,24,1,0.4644,0.707037
DQN,deceptive_grid,1,449,47392,37.0,38,1,0.464,0.764749
DQN,deceptive_grid,1,450,47523,-24.0,131,1,0.4625,0.74721
DQN,deceptive_grid,1,451,47723,-252.0,200,0,0.4603,0.747486
DQN,deceptive_grid,1,452,47732,58.0,9,1,0.4602,0.706811
DQN,deceptive_grid,1,453,47744,83.0,12,1,0.46,0.801004
DQN,deceptive_grid,1,454,47784,71.0,40,1,0.4596,0.875963
DQN,deceptive_grid,1,455,47842,29.0,58,1,0.4589,0.761452
DQN,deceptive_grid,1,456,47876,105.0,34,1,0.4585,0.742521
DQN,deceptive_grid,1,457,47931,100.0,55,1,0.4579,0.718262
DQN,deceptive_grid,1,458,47963,123.0,32,1,0.4576,0.813141
DQN,deceptive_grid,1,459,48013,21.0,50,1,0.457,0.760119
DQN,deceptive_grid,1,460,48047,137.0,34,1,0.4566,0.685736
DQN,deceptive_grid,1,461,48085,9.0,38,1,0.4562,0.768514
DQN,deceptive_grid,1,462,48136,80.0,51,1,0.4556,0.728113
DQN,deceptive_grid,1,463,48160,83.0,24,1,0.4553,0.746402
DQN,deceptive_grid,1,464,48201,50.0,41,1,0.4549,0.717155
DQN,deceptive_grid,1,465,48242,58.0,41,1,0.4544,0.695566
DQN,deceptive_grid,1,466,48279,46.0,37,1,0.454,0.69313
DQN,deceptive_grid,1,467,48302,76.0,23,1,0.4537,0.853685
DQN,deceptive_grid,1,468,48329,32.0,27,1,0.4534,0.763477
DQN,deceptive_grid,1,469,48360,84.0,31,1,0.4531,0.717809
DQN,deceptive_grid,1,470,48399,32.0,39,1,0.4526,0.704501
DQN,deceptive_grid,1,471,48435,91.0,36,1,0.4522,0.631649
DQN,deceptive_grid,1,472,48440,14.0,5,1,0.4522,0.926768
DQN,deceptive_grid,1,473,48469,94.0,29,1,0.4518,0.594695
DQN,deceptive_grid,1,474,48482,74.0,13,1,0.4517,0.707164
DQN,deceptive_grid,1,475,48530,-17.0,48,1,0.4511,0.834498
DQN,deceptive_grid,1,476,48535,30.0,5,1,0.4511,0.92021
DQN,deceptive_grid,1,477,48607,-1.0,72,1,0.4503,0.735549
DQN,deceptive_grid,1,478,48620,74.0,13,1,0.4501,0.738652
DQN,deceptive_grid,1,479,48634,65.0,14,1,0.45,0.832267
DQN,deceptive_grid,1,480,48699,74.0,65,1,0.4492,0.755722
DQN,deceptive_grid,1,481,48737,89.0,38,1,0.4488,0.665202
DQN,deceptive_grid,1,482,48782,134.0,45,1,0.4483,0.702464
DQN,deceptive_grid,1,483,48855,-38.0,73,1,0.4475,0.721332
DQN,deceptive_grid,1,484,48890,88.0,35,1,0.4471,0.698057
DQN,deceptive_grid,1,485,48923,78.0,33,1,0.4467,0.798119
DQN,deceptive_grid,1,486,48967,83.0,44,1,0.4462,0.73425
DQN,deceptive_grid,1,487,48979,19.0,12,1,0.4461,0.77622
DQN,deceptive_grid,1,488,49053,-31.0,74,1,0.4452,0.819112
DQN,deceptive_grid,1,489,49102,82.0,49,1,0.4447,0.708806
DQN,deceptive_grid,1,490,49134,67.0,32,1,0.4443,0.730639
DQN,deceptive_grid,1,491,49233,-48.0,99,1,0.4432,0.70654
DQN,deceptive_grid,1,492,49268,52.0,35,1,0.4428,0.705168
DQN,deceptive_grid,1,493,49289,46.0,21,1,0.4426,0.683309
DQN,deceptive_grid,1,494,49320,100.0,31,1,0.4422,0.652531
DQN,deceptive_grid,1,495,49344,67.0,24,1,0.4419,0.76836
DQN,deceptive_grid,1,496,49425,54.0,81,1,0.441,0.697771
DQN,deceptive_grid,1,497,49434,34.0,9,1,0.4409,0.592027
DQN,deceptive_grid,1,498,49479,22.0,45,1,0.4404,0.66796
DQN,deceptive_grid,1,499,49512,46.0,33,1,0.44,0.666745
DQN,deceptive_grid,1,500,49620,-85.0,108,1,0.4388,0.753754
DQN,deceptive_grid,1,501,49686,109.0,66,1,0.4381,0.748341
DQN,deceptive_grid,1,502,49798,-53.0,112,1,0.4368,0.682287
DQN,deceptive_grid,1,503,49825,72.0,27,1,0.4365,0.760719
DQN,deceptive_grid,1,504,49865,79.0,40,1,0.4361,0.734385
DQN,deceptive_grid,1,505,49948,32.0,83,1,0.4351,0.759766
DQN,deceptive_grid,1,506,49979,68.0,31,1,0.4348,0.649646
DQN,deceptive_grid,1,507,49989,65.0,10,1,0.4346,0.689805
DQN,deceptive_grid,1,508,50032,40.0,43,1,0.4342,0.753846
DQN,deceptive_grid,1,509,50082,97.0,50,1,0.4336,0.629308
DQN,deceptive_grid,1,510,50120,89.0,38,1,0.4332,0.635963
DQN,deceptive_grid,1,511,50144,103.0,24,1,0.4329,0.703639
DQN,deceptive_grid,1,512,50188,31.0,44,1,0.4324,0.714791
DQN,deceptive_grid,1,513,50248,67.0,60,1,0.4317,0.666764
DQN,deceptive_grid,1,514,50282,109.0,34,1,0.4313,0.774847
DQN,deceptive_grid,1,515,50307,106.0,25,1,0.4311,0.619955
DQN,deceptive_grid,1,516,50340,102.0,33,1,0.4307,0.685578
DQN,deceptive_grid,1,517,50385,70.0,45,1,0.4302,0.62339
DQN,deceptive_grid,1,518,50427,65.0,42,1,0.4297,0.642735
DQN,deceptive_grid,1,519,50470,40.0,43,1,0.4292,0.82596
DQN,deceptive_grid,1,520,50516,85.0,46,1,0.4287,0.691759
DQN,deceptive_grid,1,521,50557,126.0,41,1,0.4282,0.669218
DQN,deceptive_grid,1,522,50590,66.0,33,1,0.4279,0.715271
DQN,deceptive_grid,1,523,50601,24.0,11,1,0.4277,0.830253
DQN,deceptive_grid,1,524,50658,30.0,57,1,0.4271,0.805178
DQN,deceptive_grid,1,525,50690,91.0,32,1,0.4267,0.643601
DQN,deceptive_grid,1,526,50721,64.0,31,1,0.4264,0.637362
DQN,deceptive_grid,1,527,50781,-17.0,60,1,0.4257,0.656768
DQN,deceptive_grid,1,528,50838,90.0,57,1,0.425,0.663332
DQN,deceptive_grid,1,529,50885,60.0,47,1,0.4245,0.651503
DQN,deceptive_grid,1,530,50967,-3.0,82,1,0.4236,0.615605
DQN,deceptive_grid,1,531,50981,17.0,14,1,0.4234,0.662189
DQN,deceptive_grid,1,532,51051,117.0,70,1,0.4226,0.686019
DQN,deceptive_grid,1,533,51104,62.0,53,1,0.422,0.675822
DQN,deceptive_grid,1,534,51130,101.0,26,1,0.4217,0.699266
DQN,deceptive_grid,1,535,51161,36.0,31,1,0.4214,0.63545
DQN,deceptive_grid,1,536,51177,35.0,16,1,0.4212,0.676742
DQN,deceptive_grid,1,537,51180,16.0,3,1,0.4212,0.593069
DQN,deceptive_grid,1,538,51193,42.0,13,1,0.421,0.636659
DQN,deceptive_grid,1,539,51209,35.0,16,1,0.4209,0.542061
DQN,deceptive_grid,1,540,51227,93.0,18,1,0.4206,0.709634
DQN,deceptive_grid,1,541,51244,26.0,17,1,0.4205,0.598154
DQN,deceptive_grid,1,542,51299,80.0,55,1,0.4198,0.630042
DQN,deceptive_grid,1,543,51348,74.0,49,1,0.4193,0.671826
DQN,deceptive_grid,1,544,51386,41.0,38,1,0.4188,0.638046
DQN,deceptive_grid,1,545,51403,86.0,17,1,0.4187,0.573775
DQN,deceptive_grid,1,546,51430,88.0,27,1,0.4184,0.620259
DQN,deceptive_grid,1,547,51453,100.0,23,1,0.4181,0.624687
DQN,deceptive_grid,1,548,51478,42.0,25,1,0.4178,0.664159
DQN,deceptive_grid,1,549,51500,89.0,22,1,0.4176,0.719305
DQN,deceptive_grid,1,550,51553,70.0,53,1,0.417,0.639094
DQN,deceptive_grid,1,551,51605,-9.0,52,1,0.4164,0.660459
DQN,deceptive_grid,1,552,51697,39.0,92,1,0.4153,0.667808
DQN,deceptive_grid,1,553,51711,61.0,14,1,0.4152,0.559555
DQN,deceptive_grid,1,554,51717,53.0,6,1,0.4151,0.749371
DQN,deceptive_grid,1,555,51766,90.0,49,1,0.4146,0.655104
DQN,deceptive_grid,1,556,51826,39.0,60,1,0.4139,0.625849
DQN,deceptive_grid,1,557,51841,72.0,15,1,0.4137,0.640946
DQN,deceptive_grid,1,558,51893,123.0,52,1,0.4131,0.623243
DQN,deceptive_grid,1,559,51951,45.0,58,1,0.4125,0.624401
DQN,deceptive_grid,1,560,51987,131.0,36,1,0.4121,0.615345
DQN,deceptive_grid,1,561,51997,33.0,10,1,0.4119,0.719219
DQN,deceptive_grid,1,562,52036,80.0,39,1,0.4115,0.758333
DQN,deceptive_grid,1,563,52069,26.0,33,1,0.4111,0.647996
DQN,deceptive_grid,1,564,52166,14.0,97,1,0.41,0.592662
DQN,deceptive_grid,1,565,52200,41.0,34,1,0.4096,0.633786
DQN,deceptive_grid,1,566,52264,27.0,64,1,0.4089,0.610654
DQN,deceptive_grid,1,567,52283,80.0,19,1,0.4087,0.538613
DQN,deceptive_grid,1,568,52317,57.0,34,1,0.4083,0.590128
DQN,deceptive_grid,1,569,52353,119.0,36,1,0.4079,0.566158
DQN,deceptive_grid,1,570,52393,75.0,40,1,0.4075,0.694159
DQN,deceptive_grid,1,571,52436,48.0,43,1,0.407,0.630432
DQN,deceptive_grid,1,572,52444,35.0,8,1,0.4069,0.583649
DQN,deceptive_grid,1,573,52470,17.0,26,1,0.4066,0.591836
DQN,deceptive_grid,1,574,52480,21.0,10,1,0.4065,0.525432
DQN,deceptive_grid,1,575,52513,70.0,33,1,0.4061,0.631313
DQN,deceptive_grid,1,576,52521,23.0,8,1,0.406,0.675432
DQN,deceptive_grid,1,577,52593,55.0,72,1,0.4052,0.700864
DQN,deceptive_grid,1,578,52665,11.0,72,1,0.4044,0.614102
DQN,deceptive_grid,1,579,52746,2.0,81,1,0.4035,0.565324
DQN,deceptive_grid,1,580,52789,16.0,43,1,0.403,0.562233
DQN,deceptive_grid,1,581,52926,-122.0,137,1,0.4014,0.588659
DQN,deceptive_grid,1,582,52958,111.0,32,1,0.4011,0.623596
DQN,deceptive_grid,1,583,53000,5.0,42,1,0.4006,0.668216
DQN,deceptive_grid,1,584,53092,31.0,92,1,0.3996,0.663829
DQN,deceptive_grid,1,585,53120,79.0,28,1,0.3992,0.552434
DQN,deceptive_grid,1,586,53212,83.0,92,1,0.3982,0.562268
DQN,deceptive_grid,1,587,53288,55.0,76,1,0.3973,0.59151
DQN,deceptive_grid,1,588,53311,28.0,23,1,0.3971,0.604458
DQN,deceptive_grid,1,589,53402,24.0,91,1,0.396,0.573768
DQN,deceptive_grid,1,590,53460,-11.0,58,1,0.3954,0.588235
DQN,deceptive_grid,1,591,53509,34.0,49,1,0.3948,0.603433
DQN,deceptive_grid,1,592,53522,86.0,13,1,0.3947,0.661606
DQN,deceptive_grid,1,593,53587,46.0,65,1,0.394,0.607644
DQN,deceptive_grid,1,594,53625,101.0,38,1,0.3935,0.57459
DQN,deceptive_grid,1,595,53660,52.0,35,1,0.3931,0.537914
DQN,deceptive_grid,1,596,53694,25.0,34,1,0.3927,0.597873
DQN,deceptive_grid,1,597,53726,91.0,32,1,0.3924,0.524353
DQN,deceptive_grid,1,598,53765,140.0,39,1,0.3919,0.533382
DQN,deceptive_grid,1,599,53816,-12.0,51,1,0.3914,0.527718
DQN,deceptive_grid,1,600,53846,125.0,30,1,0.391,0.567913
DQN,deceptive_grid,2,1,200,-272.0,200,0,0.9977,
DQN,deceptive_grid,2,2,400,-252.0,200,0,0.9955,
DQN,deceptive_grid,2,3,600,-240.0,200,0,0.9932,
DQN,deceptive_grid,2,4,800,-184.0,200,0,0.991,
DQN,deceptive_grid,2,5,1000,-160.0,200,0,0.9887,7.325555
DQN,deceptive_grid,2,6,1121,-162.0,121,1,0.9873,5.230244
DQN,deceptive_grid,2,7,1321,-316.0,200,0,0.9851,3.532823
DQN,deceptive_grid,2,8,1521,-184.0,200,0,0.9828,2.987335
DQN,deceptive_grid,2,9,1721,-260.0,200,0,0.9805,2.664937
DQN,deceptive_grid,2,10,1921,-340.0,200,0,0.9783,2.366451
DQN,deceptive_grid,2,11,1932,44.0,11,1,0.9781,2.31864
DQN,deceptive_grid,2,12,2132,-268.0,200,0,0.9759,2.709936
DQN,deceptive_grid,2,13,2159,40.0,27,1,0.9756,2.419745
DQN,deceptive_grid,2,14,2359,-204.0,200,0,0.9733,2.304433
DQN,deceptive_grid,2,15,2559,-272.0,200,0,0.9711,2.481357
DQN,deceptive_grid,2,16,2759,-168.0,200,0,0.9688,2.183634
DQN,deceptive_grid,2,17,2959,-268.0,200,0,0.9665,2.16784
DQN,deceptive_grid,2,18,3159,-212.0,200,0,0.9643,2.240367
DQN,deceptive_grid,2,19,3359,-216.0,200,0,0.962,2.027712
DQN,deceptive_grid,2,20,3559,-356.0,200,0,0.9597,2.115915
DQN,deceptive_grid,2,21,3759,-280.0,200,0,0.9575,1.967756
DQN,deceptive_grid,2,22,3959,-188.0,200,0,0.9552,1.985522
DQN,deceptive_grid,2,23,4159,-312.0,200,0,0.953,2.257449
DQN,deceptive_grid,2,24,4359,-208.0,200,0,0.9507,2.10384
DQN,deceptive_grid,2,25,4559,-296.0,200,0,0.9484,2.186679
DQN,deceptive_grid,2,26,4759,-200.0,200,0,0.9462,2.110198
DQN,deceptive_grid,2,27,4884,-50.0,125,1,0.9448,2.100902
DQN,deceptive_grid,2,28,4921,30.0,37,1,0.9443,2.206525
DQN,deceptive_grid,2,29,5121,-252.0,200,0,0.9421,2.310838
DQN,deceptive_grid,2,30,5321,-240.0,200,0,0.9398,2.172323
DQN,deceptive_grid,2,31,5521,-168.0,200,0,0.9376,2.211259
DQN,deceptive_grid,2,32,5721,-184.0,200,0,0.9353,2.189524
DQN,deceptive_grid,2,33,5921,-216.0,200,0,0.933,2.109847
DQN,deceptive_grid,2,34,5981,-25.0,60,1,0.9324,2.173806
DQN,deceptive_grid,2,35,6083,-103.0,102,1,0.9312,2.469996
DQN,deceptive_grid,2,36,6283,-264.0,200,0,0.9289,2.257188
DQN,deceptive_grid,2,37,6483,-284.0,200,0,0.9267,2.212505
DQN,deceptive_grid,2,38,6683,-232.0,200,0,0.9244,2.352943
DQN,deceptive_grid,2,39,6808,-10.0,125,1,0.923,2.211676
DQN,deceptive_grid,2,40,7008,-192.0,200,0,0.9207,2.240766
DQN,deceptive_grid,2,41,7208,-220.0,200,0,0.9185,2.269975
DQN,deceptive_grid,2,42,7408,-136.0,200,0,0.9162,2.16862
DQN,deceptive_grid,2,43,7608,-244.0,200,0,0.914,2.242159
DQN,deceptive_grid,2,44,7807,-168.0,199,1,0.9117,2.149637
DQN,deceptive_grid,2,45,8007,-316.0,200,0,0.9094,2.173154
DQN,deceptive_grid,2,46,8207,-240.0,200,0,0.9072,2.249309
DQN,deceptive_grid,2,47,8407,-264.0,200,0,0.9049,2.066166
DQN,deceptive_grid,2,48,8607,-260.0,200,0,0.9027,2.276383
DQN,deceptive_grid,2,49,8613,37.0,6,1,0.9026,2.040413
DQN,deceptive_grid,2,50,8813,-232.0,200,0,0.9003,2.18508
DQN,deceptive_grid,2,51,9013,-288.0,200,0,0.8981,2.158652
DQN,deceptive_grid,2,52,9052,16.0,39,1,0.8976,2.519799
DQN,deceptive_grid,2,53,9252,-160.0,200,0,0.8954,2.144562
DQN,deceptive_grid,2,54,9407,-56.0,155,1,0.8936,2.066724
DQN,deceptive_grid,2,55,9607,-212.0,200,0,0.8913,2.269172
DQN,deceptive_grid,2,56,9754,-132.0,147,1,0.8897,2.203042
DQN,deceptive_grid,2,57,9954,-340.0,200,0,0.8874,2.087282
DQN,deceptive_grid,2,58,10154,-176.0,200,0,0.8852,2.264681
DQN,deceptive_grid,2,59,10354,-208.0,200,0,0.8829,2.212929
DQN,deceptive_grid,2,60,10554,-168.0,200,0,0.8806,2.250756
DQN,deceptive_grid,2,61,10602,-1.0,48,1,0.8801,2.177982
DQN,deceptive_grid,2,62,10802,-176.0,200,0,0.8778,2.236028
DQN,deceptive_grid,2,63,11002,-224.0,200,0,0.8756,2.259532
DQN,deceptive_grid,2,64,11098,-41.0,96,1,0.8745,2.365977
DQN,deceptive_grid,2,65,11298,-196.0,200,0,0.8722,2.179276
DQN,deceptive_grid,2,66,11420,-59.0,122,1,0.8708,2.238293
DQN,deceptive_grid,2,67,11620,-308.0,200,0,0.8686,2.224196
DQN,deceptive_grid,2,68,11704,-81.0,84,1,0.8676,2.126161
DQN,deceptive_grid,2,69,11904,-356.0,200,0,0.8654,2.140681
DQN,deceptive_grid,2,70,12104,-296.0,200,0,0.8631,2.225889
DQN,deceptive_grid,2,71,12304,-200.0,200,0,0.8608,2.149264
DQN,deceptive_grid,2,72,12504,-224.0,200,0,0.8586,2.033306
DQN,deceptive_grid,2,73,12638,-99.0,134,1,0.8571,2.069128
DQN,deceptive_grid,2,74,12838,-220.0,200,0,0.8548,2.062406
DQN,deceptive_grid,2,75,12966,-101.0,128,1,0.8534,2.035881
DQN,deceptive_grid,2,76,13142,-173.0,176,1,0.8514,2.059017
DQN,deceptive_grid,2,77,13315,-90.0,173,1,0.8494,2.088535
DQN,deceptive_grid,2,78,13356,-2.0,41,1,0.8489,2.046211
DQN,deceptive_grid,2,79,13556,-184.0,200,0,0.8467,2.125027
DQN,deceptive_grid,2,80,13756,-264.0,200,0,0.8444,2.053937
DQN,deceptive_grid,2,81,13907,-92.0,151,1,0.8427,2.106305
DQN,deceptive_grid,2,82,14050,-120.0,143,1,0.8411,2.040432
DQN,deceptive_grid,2,83,14250,-244.0,200,0,0.8388,2.02708
DQN,deceptive_grid,2,84,14380,-67.0,130,1,0.8374,2.011011
DQN,deceptive_grid,2,85,14577,-58.0,197,1,0.8351,1.985458
DQN,deceptive_grid,2,86,14742,-142.0,165,1,0.8333,2.091426
DQN,deceptive_grid,2,87,14942,-300.0,200,0,0.831,2.008327
DQN,deceptive_grid,2,88,15136,-155.0,194,1,0.8288,2.054728
DQN,deceptive_grid,2,89,15290,-23.0,154,1,0.8271,1.886931
DQN,deceptive_grid,2,90,15393,-52.0,103,1,0.8259,1.969882
DQN,deceptive_grid,2,91,15593,-180.0,200,0,0.8237,2.011387
DQN,deceptive_grid,2,92,15728,-68.0,135,1,0.8221,2.05474
DQN,deceptive_grid,2,93,15802,-23.0,74,1,0.8213,2.083408
DQN,deceptive_grid,2,94,15985,-88.0,183,1,0.8192,1.953732
DQN,deceptive_grid,2,95,16185,-96.0,200,0,0.817,2.104111
DQN,deceptive_grid,2,96,16366,-126.0,181,1,0.8149,2.033706
DQN,deceptive_grid,2,97,16566,-180.0,200,0,0.8126,2.045599
DQN,deceptive_grid,2,98,16766,-160.0,200,0,0.8104,2.004045
DQN,deceptive_grid,2,99,16966,-276.0,200,0,0.8081,1.979728
DQN,deceptive_grid,2,100,17089,4.0,123,1,0.8067,2.125003
DQN,deceptive_grid,2,101,17252,-68.0,163,1,0.8049,2.039031
DQN,deceptive_grid,2,102,17452,-308.0,200,0,0.8026,1.974868
DQN,deceptive_grid,2,103,17652,-196.0,200,0,0.8004,1.969643
DQN,deceptive_grid,2,104,17691,36.0,39,1,0.7999,1.966565
DQN,deceptive_grid,2,105,17891,-276.0,200,0,0.7977,1.965494
DQN,deceptive_grid,2,106,17942,-12.0,51,1,0.7971,1.921729
DQN,deceptive_grid,2,107,18142,-288.0,200,0,0.7948,2.058207
DQN,deceptive_grid,2,108,18152,49.0,10,1,0.7947,2.06271
DQN,deceptive_grid,2,109,18352,-220.0,200,0,0.7924,1.957367
DQN,deceptive_grid,2,110,18458,-71.0,106,1,0.7912,2.08135
DQN,deceptive_grid,2,111,18658,-224.0,200,0,0.789,2.004193
DQN,deceptive_grid,2,112,18665,32.0,7,1,0.7889,2.060889
DQN,deceptive_grid,2,113,18865,-256.0,200,0,0.7866,1.912289
DQN,deceptive_grid,2,114,19065,-236.0,200,0,0.7844,1.950286
DQN,deceptive_grid,2,115,19142,70.0,77,1,0.7835,2.179415
DQN,deceptive_grid,2,116,19267,-82.0,125,1,0.7821,2.034901
DQN,deceptive_grid,2,117,19406,-144.0,139,1,0.7805,1.978016
DQN,deceptive_grid,2,118,19464,61.0,58,1,0.7799,2.019426
DQN,deceptive_grid,2,119,19549,22.0,85,1,0.7789,2.067758
DQN,deceptive_grid,2,120,19749,-152.0,200,0,0.7766,2.052027
DQN,deceptive_grid,2,121,19760,36.0,11,1,0.7765,2.020458
DQN,deceptive_grid,2,122,19855,32.0,95,1,0.7754,1.996619
DQN,deceptive_grid,2,123,20055,-312.0,200,0,0.7732,2.072727
DQN,deceptive_grid,2,124,20255,-124.0,200,0,0.7709,2.017953
DQN,deceptive_grid,2,125,20264,18.0,9,1,0.7708,2.093704
DQN,deceptive_grid,2,126,20464,-272.0,200,0,0.7686,1.985495
DQN,deceptive_grid,2,127,20609,-30.0,145,1,0.7669,2.0534
DQN,deceptive_grid,2,128,20809,-136.0,200,0,0.7647,2.092312
DQN,deceptive_grid,2,129,21009,-164.0,200,0,0.7624,1.947109
DQN,deceptive_grid,2,130,21209,-164.0,200,0,0.7601,1.978782
DQN,deceptive_grid,2,131,21312,-88.0,103,1,0.759,2.112224
DQN,deceptive_grid,2,132,21396,-45.0,84,1,0.758,2.067655
DQN,deceptive_grid,2,133,21596,-204.0,200,0,0.7558,2.141022
DQN,deceptive_grid,2,134,21796,-220.0,200,0,0.7535,2.006081
DQN,deceptive_grid,2,135,21864,39.0,68,1,0.7527,2.037425
DQN,deceptive_grid,2,136,22064,-244.0,200,0,0.7505,2.136545
DQN,deceptive_grid,2,137,22264,-244.0,200,0,0.7482,2.136321
DQN,deceptive_grid,2,138,22310,21.0,46,1,0.7477,2.128065
DQN,deceptive_grid,2,139,22423,-54.0,113,1,0.7464,2.043319
DQN,deceptive_grid,2,140,22623,-236.0,200,0,0.7441,2.21866
DQN,deceptive_grid,2,141,22738,-20.0,115,1,0.7428,2.133407
DQN,deceptive_grid,2,142,22938,-252.0,200,0,0.7406,2.148635
DQN,deceptive_grid,2,143,23138,-196.0,200,0,0.7383,2.233988
DQN,deceptive_grid,2,144,23338,-216.0,200,0,0.7361,2.195474
DQN,deceptive_grid,2,145,23538,-228.0,200,0,0.7338,2.213362
DQN,deceptive_grid,2,146,23616,-47.0,78,1,0.7329,2.245583
DQN,deceptive_grid,2,147,23816,-124.0,200,0,0.7307,2.137315
DQN,deceptive_grid,2,148,24016,-224.0,200,0,0.7284,2.171754
DQN,deceptive_grid,2,149,24216,-192.0,200,0,0.7261,2.170704
DQN,deceptive_grid,2,150,24398,-183.0,182,1,0.7241,2.13532
DQN,deceptive_grid,2,151,24598,-152.0,200,0,0.7218,2.113126
DQN,deceptive_grid,2,152,24688,-23.0,90,1,0.7208,1.992484
DQN,deceptive_grid,2,153,24828,-117.0,140,1,0.7192,2.044844
DQN,deceptive_grid,2,154,24877,2.0,49,1,0.7187,2.180061
DQN,deceptive_grid,2,155,25008,-112.0,131,1,0.7172,2.03891
DQN,deceptive_grid,2,156,25208,-180.0,200,0,0.7149,2.171725
DQN,deceptive_grid,2,157,25408,-108.0,200,0,0.7126,2.157319
DQN,deceptive_grid,2,158,25608,-236.0,200,0,0.7104,2.048069
DQN,deceptive_grid,2,159,25644,27.0,36,1,0.71,2.199113
DQN,deceptive_grid,2,160,25804,-105.0,160,1,0.7082,1.997247
DQN,deceptive_grid,2,161,26004,-132.0,200,0,0.7059,2.028029
DQN,deceptive_grid,2,162,26204,-116.0,200,0,0.7036,1.999383
DQN,deceptive_grid,2,163,26337,-122.0,133,1,0.7021,2.013845
DQN,deceptive_grid,2,164,26434,38.0,97,1,0.701,2.041871
DQN,deceptive_grid,2,165,26634,-168.0,200,0,0.6988,2.016672
DQN,deceptive_grid,2,166,26834,-216.0,200,0,0.6965,1.874282
DQN,deceptive_grid,2,167,26878,71.0,44,1,0.696,1.82653
DQN,deceptive_grid,2,168,26897,20.0,19,1,0.6958,1.765712
DQN,deceptive_grid,2,169,26993,15.0,96,1,0.6947,1.841259
DQN,deceptive_grid,2,170,27094,50.0,101,1,0.6936,2.083911
DQN,deceptive_grid,2,171,27239,-62.0,145,1,0.6919,1.826049
DQN,deceptive_grid,2,172,27394,-76.0,155,1,0.6902,1.865764
DQN,deceptive_grid,2,173,27458,31.0,64,1,0.6895,1.835903
DQN,deceptive_grid,2,174,27625,-12.0,167,1,0.6876,1.829277
DQN,deceptive_grid,2,175,27825,-228.0,200,0,0.6853,1.73646
DQN,deceptive_grid,2,176,28025,-224.0,200,0,0.6831,1.753557
DQN,deceptive_grid,2,177,28178,-90.0,153,1,0.6813,1.791271
DQN,deceptive_grid,2,178,28378,-108.0,200,0,0.6791,1.68044
DQN,deceptive_grid,2,179,28421,36.0,43,1,0.6786,1.813485
DQN,deceptive_grid,2,180,28621,-104.0,200,0,0.6763,1.72477
DQN,deceptive_grid,2,181,28725,-45.0,104,1,0.6751,1.611417
DQN,deceptive_grid,2,182,28925,-204.0,200,0,0.6729,1.622557
DQN,deceptive_grid,2,183,28961,83.0,36,1,0.6725,1.606488
DQN,deceptive_grid,2,184,29124,-132.0,163,1,0.6706,1.633173
DQN,deceptive_grid,2,185,29181,62.0,57,1,0.67,1.548071
DQN,deceptive_grid,2,186,29247,29.0,66,1,0.6692,1.630397
DQN,deceptive_grid,2,187,29347,47.0,100,1,0.6681,1.612091
DQN,deceptive_grid,2,188,29422,64.0,75,1,0.6673,1.639634
DQN,deceptive_grid,2,189,29622,-212.0,200,0,0.665,1.653147
DQN,deceptive_grid,2,190,29784,-119.0,162,1,0.6632,1.670208
DQN,deceptive_grid,2,191,29885,-18.0,101,1,0.662,1.618481
DQN,deceptive_grid,2,192,30075,-123.0,190,1,0.6599,1.614467
DQN,deceptive_grid,2,193,30091,19.0,16,1,0.6597,1.441187
DQN,deceptive_grid,2,194,30291,-184.0,200,0,0.6574,1.49596
DQN,deceptive_grid,2,195,30383,-1.0,92,1,0.6564,1.472762
DQN,deceptive_grid,2,196,30459,75.0,76,1,0.6555,1.444581
DQN,deceptive_grid,2,197,30487,31.0,28,1,0.6552,1.450728
DQN,deceptive_grid,2,198,30687,-152.0,200,0,0.6529,1.671194
DQN,deceptive_grid,2,199,30887,-192.0,200,0,0.6507,1.50715
DQN,deceptive_grid,2,200,31087,-176.0,200,0,0.6484,1.466401
DQN,deceptive_grid,2,201,31115,51.0,28,1,0.6481,1.361181
DQN,deceptive_grid,2,202,31315,-224.0,200,0,0.6458,1.464064
DQN,deceptive_grid,2,203,31362,24.0,47,1,0.6453,1.589581
DQN,deceptive_grid,2,204,31508,-7.0,146,1,0.6437,1.455587
DQN,deceptive_grid,2,205,31708,-176.0,200,0,0.6414,1.600059
DQN,deceptive_grid,2,206,31908,-192.0,200,0,0.6391,1.510262
DQN,deceptive_grid,2,207,31954,141.0,46,1,0.6386,1.412969
DQN,deceptive_grid,2,208,32092,-15.0,138,1,0.6371,1.534447
DQN,deceptive_grid,2,209,32248,-117.0,156,1,0.6353,1.495048
DQN,deceptive_grid,2,210,32328,-65.0,80,1,0.6344,1.511308
DQN,deceptive_grid,2,211,32468,-57.0,140,1,0.6328,1.449406
DQN,deceptive_grid,2,212,32506,13.0,38,1,0.6324,1.414968
DQN,deceptive_grid,2,213,32706,-160.0,200,0,0.6301,1.45892
DQN,deceptive_grid,2,214,32797,68.0,91,1,0.6291,1.426215
DQN,deceptive_grid,2,215,32835,53.0,38,1,0.6287,1.40952
DQN,deceptive_grid,2,216,33035,-172.0,200,0,0.6264,1.324104
DQN,deceptive_grid,2,217,33066,0.0,31,1,0.626,1.518636
DQN,deceptive_grid,2,218,33266,-200.0,200,0,0.6238,1.325811
DQN,deceptive_grid,2,219,33341,-44.0,75,1,0.6229,1.287888
DQN,deceptive_grid,2,220,33378,34.0,37,1,0.6225,1.433767
DQN,deceptive_grid,2,221,33425,24.0,47,1,0.622,1.362854
DQN,deceptive_grid,2,222,33563,-3.0,138,1,0.6204,1.366218
DQN,deceptive_grid,2,223,33594,20.0,31,1,0.6201,1.375272
DQN,deceptive_grid,2,224,33664,85.0,70,1,0.6193,1.278826
DQN,deceptive_grid,2,225,33751,24.0,87,1,0.6183,1.282894
DQN,deceptive_grid,2,226,33915,-117.0,164,1,0.6164,1.253538
DQN,deceptive_grid,2,227,34115,-128.0,200,0,0.6142,1.35946
DQN,deceptive_grid,2,228,34151,43.0,36,1,0.6138,1.210023
DQN,deceptive_grid,2,229,34243,-33.0,92,1,0.6127,1.337603
DQN,deceptive_grid,2,230,34248,46.0,5,1,0.6127,0.933754
DQN,deceptive_grid,2,231,34448,-224.0,200,0,0.6104,1.268138
DQN,deceptive_grid,2,232,34581,-98.0,133,1,0.6089,1.274894
DQN,deceptive_grid,2,233,34615,105.0,34,1,0.6085,1.158902
DQN,deceptive_grid,2,234,34620,14.0,5,1,0.6085,1.065638
DQN,deceptive_grid,2,235,34646,101.0,26,1,0.6082,1.084303
DQN,deceptive_grid,2,236,34846,-120.0,200,0,0.6059,1.259939
DQN,deceptive_grid,2,237,34860,61.0,14,1,0.6058,1.195455
DQN,deceptive_grid,2,238,35060,-248.0,200,0,0.6035,1.344047
DQN,deceptive_grid,2,239,35240,-149.0,180,1,0.6015,1.318378
DQN,deceptive_grid,2,240,35440,-180.0,200,0,0.5992,1.244891
DQN,deceptive_grid,2,241,35451,56.0,11,1,0.5991,1.32065
DQN,deceptive_grid,2,242,35651,-196.0,200,0,0.5968,1.282106
DQN,deceptive_grid,2,243,35851,-144.0,200,0,0.5945,1.298856
DQN,deceptive_grid,2,244,35893,69.0,42,1,0.5941,1.24113
DQN,deceptive_grid,2,245,35951,93.0,58,1,0.5934,1.150181
DQN,deceptive_grid,2,246,36007,51.0,56,1,0.5928,1.105586
DQN,deceptive_grid,2,247,36207,-180.0,200,0,0.5905,1.263292
DQN,deceptive_grid,2,248,36249,33.0,42,1,0.59,1.321029
DQN,deceptive_grid,2,249,36449,-208.0,200,0,0.5878,1.131851
DQN,deceptive_grid,2,250,36649,-236.0,200,0,0.5855,1.20199
DQN,deceptive_grid,2,251,36849,-216.0,200,0,0.5833,1.19906
DQN,deceptive_grid,2,252,37043,-195.0,194,1,0.5811,1.199144
DQN,deceptive_grid,2,253,37067,67.0,24,1,0.5808,1.079062
DQN,deceptive_grid,2,254,37080,66.0,13,1,0.5806,1.285095
DQN,deceptive_grid,2,255,37280,-232.0,200,0,0.5784,1.131597
DQN,deceptive_grid,2,256,37480,-244.0,200,0,0.5761,1.120734
DQN,deceptive_grid,2,257,37674,-183.0,194,1,0.5739,1.251551
DQN,deceptive_grid,2,258,37675,18.0,1,1,0.5739,0.84052
DQN,deceptive_grid,2,259,37811,-25.0,136,1,0.5724,1.139204
DQN,deceptive_grid,2,260,37881,49.0,70,1,0.5716,1.114981
DQN,deceptive_grid,2,261,37907,49.0,26,1,0.5713,1.113304
DQN,deceptive_grid,2,262,37917,25.0,10,1,0.5712,1.086878
DQN,deceptive_grid,2,263,37999,9.0,82,1,0.5702,1.087878
DQN,deceptive_grid,2,264,38199,-232.0,200,0,0.568,1.155687
DQN,deceptive_grid,2,265,38368,-42.0,169,1,0.5661,1.100244
DQN,deceptive_grid,2,266,38374,37.0,6,1,0.566,0.820284
DQN,deceptive_grid,2,267,38574,-192.0,200,0,0.5637,1.12528
DQN,deceptive_grid,2,268,38627,90.0,53,1,0.5631,1.13986
DQN,deceptive_grid,2,269,38696,18.0,69,1,0.5624,1.074844
DQN,deceptive_grid,2,270,38749,30.0,53,1,0.5618,1.054492
DQN,deceptive_grid,2,271,38860,-36.0,111,1,0.5605,1.056854
DQN,deceptive_grid,2,272,38953,-6.0,93,1,0.5595,1.211195
DQN,deceptive_grid,2,273,39153,-100.0,200,0,0.5572,1.063613
DQN,deceptive_grid,2,274,39221,-17.0,68,1,0.5564,1.041562
DQN,deceptive_grid,2,275,39312,12.0,91,1,0.5554,1.114691
DQN,deceptive_grid,2,276,39380,59.0,68,1,0.5546,1.228505
DQN,deceptive_grid,2,277,39462,21.0,82,1,0.5537,1.103712
DQN,deceptive_grid,2,278,39662,-244.0,200,0,0.5514,1.088946
DQN,deceptive_grid,2,279,39862,-196.0,200,0,0.5492,1.099112
DQN,deceptive_grid,2,280,40062,-112.0,200,0,0.5469,1.047902
DQN,deceptive_grid,2,281,40262,-192.0,200,0,0.5447,1.112394
DQN,deceptive_grid,2,282,40462,-136.0,200,0,0.5424,1.113783
DQN,deceptive_grid,2,283,40480,61.0,18,1,0.5422,0.939816
DQN,deceptive_grid,2,284,40617,50.0,137,1,0.5406,1.125868
DQN,deceptive_grid,2,285,40817,-128.0,200,0,0.5384,0.982075
DQN,deceptive_grid,2,286,41017,-228.0,200,0,0.5361,1.03525
DQN,deceptive_grid,2,287,41103,-11.0,86,1,0.5351,1.010402
DQN,deceptive_grid,2,288,41212,-30.0,109,1,0.5339,1.022705
DQN,deceptive_grid,2,289,41244,91.0,32,1,0.5335,0.918148
DQN,deceptive_grid,2,290,41384,-61.0,140,1,0.532,1.003466
DQN,deceptive_grid,2,291,41457,10.0,73,1,0.5311,0.984668
DQN,deceptive_grid,2,292,41657,-196.0,200,0,0.5289,1.00019
DQN,deceptive_grid,2,293,41685,111.0,28,1,0.5286,0.993035
DQN,deceptive_grid,2,294,41885,-180.0,200,0,0.5263,0.997074
DQN,deceptive_grid,2,295,42073,-97.0,188,1,0.5242,0.981393
DQN,deceptive_grid,2,296,42127,9.0,54,1,0.5236,0.993257
DQN,deceptive_grid,2,297,42185,29.0,58,1,0.5229,0.887681
DQN,deceptive_grid,2,298,42234,122.0,49,1,0.5224,1.006314
DQN,deceptive_grid,2,299,42371,-6.0,137,1,0.5208,0.937304
DQN,deceptive_grid,2,300,42387,19.0,16,1,0.5206,1.113319
DQN,deceptive_grid,2,301,42466,16.0,79,1,0.5197,0.975061
DQN,deceptive_grid,2,302,42488,65.0,22,1,0.5195,0.821275
DQN,deceptive_grid,2,303,42510,57.0,22,1,0.5192,0.911651
DQN,deceptive_grid,2,304,42561,84.0,51,1,0.5187,1.002167
DQN,deceptive_grid,2,305,42733,-93.0,172,1,0.5167,0.973876
DQN,deceptive_grid,2,306,42827,-31.0,94,1,0.5156,0.99503
DQN,deceptive_grid,2,307,42973,-127.0,146,1,0.514,0.954472
DQN,deceptive_grid,2,308,43035,57.0,62,1,0.5133,0.986068
DQN,deceptive_grid,2,309,43168,-74.0,133,1,0.5118,0.876436
DQN,deceptive_grid,2,310,43222,-35.0,54,1,0.5112,0.965466
DQN,deceptive_grid,2,311,43246,67.0,24,1,0.5109,0.857001
DQN,deceptive_grid,2,312,43309,48.0,63,1,0.5102,0.976199
DQN,deceptive_grid,2,313,43347,21.0,38,1,0.5098,0.981845
DQN,deceptive_grid,2,314,43547,-184.0,200,0,0.5075,0.899227
DQN,deceptive_grid,2,315,43575,3.0,28,1,0.5072,0.883029
DQN,deceptive_grid,2,316,43601,49.0,26,1,0.5069,0.849905
DQN,deceptive_grid,2,317,43654,50.0,53,1,0.5063,0.904168
DQN,deceptive_grid,2,318,43682,71.0,28,1,0.506,0.898345
DQN,deceptive_grid,2,319,43829,-116.0,147,1,0.5043,0.88293
DQN,deceptive_grid,2,320,43859,17.0,30,1,0.504,0.946199
DQN,deceptive_grid,2,321,43914,80.0,55,1,0.5034,0.898718
DQN,deceptive_grid,2,322,43943,42.0,29,1,0.503,0.901258
DQN,deceptive_grid,2,323,44003,-41.0,60,1,0.5023,0.883659
DQN,deceptive_grid,2,324,44056,86.0,53,1,0.5017,0.78647
DQN,deceptive_grid,2,325,44120,7.0,64,1,0.501,0.912193
DQN,deceptive_grid,2,326,44226,9.0,106,1,0.4998,0.900758
DQN,deceptive_grid,2,327,44245,20.0,19,1,0.4996,0.890645
DQN,deceptive_grid,2,328,44336,-20.0,91,1,0.4986,0.815665
DQN,deceptive_grid,2,329,44483,-64.0,147,1,0.4969,0.873276
DQN,deceptive_grid,2,330,44576,-2.0,93,1,0.4959,0.910766
DQN,deceptive_grid,2,331,44776,-108.0,200,0,0.4936,0.821908
DQN,deceptive_grid,2,332,44824,3.0,48,1,0.4931,0.798438
DQN,deceptive_grid,2,333,44837,22.0,13,1,0.4929,1.02443
DQN,deceptive_grid,2,334,44901,-37.0,64,1,0.4922,0.888425
DQN,deceptive_grid,2,335,44969,75.0,68,1,0.4914,0.754309
DQN,deceptive_grid,2,336,45008,16.0,39,1,0.491,0.795197
DQN,deceptive_grid,2,337,45108,-17.0,100,1,0.4899,0.86141
DQN,deceptive_grid,2,338,45140,-9.0,32,1,0.4895,0.852706
DQN,deceptive_grid,2,339,45174,25.0,34,1,0.4891,0.799086
DQN,deceptive_grid,2,340,45237,36.0,63,1,0.4884,0.833592
DQN,deceptive_grid,2,341,45332,4.0,95,1,0.4873,0.808989
DQN,deceptive_grid,2,342,45381,54.0,49,1,0.4868,0.751693
DQN,deceptive_grid,2,343,45401,63.0,20,1,0.4865,0.775216
DQN,deceptive_grid,2,344,45491,13.0,90,1,0.4855,0.789742
DQN,deceptive_grid,2,345,45566,0.0,75,1,0.4847,0.772325
DQN,deceptive_grid,2,346,45624,89.0,58,1,0.484,0.725107
DQN,deceptive_grid,2,347,45668,15.0,44,1,0.4835,0.904328
DQN,deceptive_grid,2,348,45746,-47.0,78,1,0.4826,0.814686
DQN,deceptive_grid,2,349,45845,44.0,99,1,0.4815,0.910232
DQN,deceptive_grid,2,350,45888,24.0,43,1,0.481,0.70565
DQN,deceptive_grid,2,351,46006,65.0,118,1,0.4797,0.696765
DQN,deceptive_grid,2,352,46101,24.0,95,1,0.4786,0.861271
DQN,deceptive_grid,2,353,46165,99.0,64,1,0.4779,0.837489
DQN,deceptive_grid,2,354,46205,67.0,40,1,0.4774,0.839688
DQN,deceptive_grid,2,355,46224,68.0,19,1,0.4772,0.658006
DQN,deceptive_grid,2,356,46281,34.0,57,1,0.4766,0.758924
DQN,deceptive_grid,2,357,46334,78.0,53,1,0.476,0.790928
DQN,deceptive_grid,2,358,46371,34.0,37,1,0.4756,0.842489
DQN,deceptive_grid,2,359,46397,69.0,26,1,0.4753,0.771228
DQN,deceptive_grid,2,360,46413,11.0,16,1,0.4751,0.925111
DQN,deceptive_grid,2,361,46468,72.0,55,1,0.4745,0.756359
DQN,deceptive_grid,2,362,46478,65.0,10,1,0.4744,0.765175
DQN,deceptive_grid,2,363,46507,54.0,29,1,0.474,0.787195
DQN,deceptive_grid,2,364,46583,3.0,76,1,0.4732,0.751258
DQN,deceptive_grid,2,365,46653,-23.0,70,1,0.4724,0.876408
DQN,deceptive_grid,2,366,46745,71.0,92,1,0.4713,0.796352
DQN,deceptive_grid,2,367,46832,4.0,87,1,0.4704,0.810984
DQN,deceptive_grid,2,368,46921,30.0,89,1,0.4693,0.762011
DQN,deceptive_grid,2,369,47018,70.0,97,1,0.4682,0.876588
DQN,deceptive_grid,2,370,47082,95.0,64,1,0.4675,0.730316
DQN,deceptive_grid,2,371,47091,42.0,9,1,0.4674,0.676193
DQN,deceptive_grid,2,372,47114,48.0,23,1,0.4672,0.7831
DQN,deceptive_grid,2,373,47152,37.0,38,1,0.4667,0.917199
DQN,deceptive_grid,2,374,47211,-12.0,59,1,0.4661,0.761864
DQN,deceptive_grid,2,375,47258,8.0,47,1,0.4655,0.788276
DQN,deceptive_grid,2,376,47351,54.0,93,1,0.4645,0.739336
DQN,deceptive_grid,2,377,47392,50.0,41,1,0.464,0.73177
DQN,deceptive_grid,2,378,47398,21.0,6,1,0.464,0.681164
DQN,deceptive_grid,2,379,47445,28.0,47,1,0.4634,0.762349
DQN,deceptive_grid,2,380,47471,65.0,26,1,0.4631,0.838776
DQN,deceptive_grid,2,381,47534,-12.0,63,1,0.4624,0.844094
DQN,deceptive_grid,2,382,47571,-10.0,37,1,0.462,0.830195
DQN,deceptive_grid,2,383,47586,40.0,15,1,0.4618,0.786765
DQN,deceptive_grid,2,384,47677,-8.0,91,1,0.4608,0.869059
DQN,deceptive_grid,2,385,47786,-14.0,109,1,0.4596,0.804061
DQN,deceptive_grid,2,386,47809,32.0,23,1,0.4593,0.774117
DQN,deceptive_grid,2,387,47899,69.0,90,1,0.4583,0.807549
DQN,deceptive_grid,2,388,47928,134.0,29,1,0.458,0.739014
DQN,deceptive_grid,2,389,48077,-122.0,149,1,0.4563,0.786808
DQN,deceptive_grid,2,390,48196,12.0,119,1,0.4549,0.757552
DQN,deceptive_grid,2,391,48294,5.0,98,1,0.4538,0.801933
DQN,deceptive_grid,2,392,48382,-37.0,88,1,0.4528,0.788668
DQN,deceptive_grid,2,393,48475,-42.0,93,1,0.4518,0.720432
DQN,deceptive_grid,2,394,48529,73.0,54,1,0.4512,0.786195
DQN,deceptive_grid,2,395,48570,42.0,41,1,0.4507,0.776225
DQN,deceptive_grid,2,396,48713,-112.0,143,1,0.4491,0.787087
DQN,deceptive_grid,2,397,48831,-51.0,118,1,0.4477,0.759768
DQN,deceptive_grid,2,398,48980,-26.0,149,1,0.4461,0.749764
DQN,deceptive_grid,2,399,49079,24.0,99,1,0.4449,0.759397
DQN,deceptive_grid,2,400,49105,69.0,26,1,0.4446,0.717965
DQN,deceptive_grid,2,401,49193,75.0,88,1,0.4437,0.731451
DQN,deceptive_grid,2,402,49221,47.0,28,1,0.4433,0.675698
DQN,deceptive_grid,2,403,49266,14.0,45,1,0.4428,0.742033
DQN,deceptive_grid,2,404,49329,84.0,63,1,0.4421,0.719715
DQN,deceptive_grid,2,405,49366,50.0,37,1,0.4417,0.714273
DQN,deceptive_grid,2,406,49405,80.0,39,1,0.4413,0.740431
DQN,deceptive_grid,2,407,49556,-112.0,151,1,0.4395,0.741325
DQN,deceptive_grid,2,408,49754,-63.0,198,1,0.4373,0.707423
DQN,deceptive_grid,2,409,49911,-134.0,157,1,0.4355,0.725375
DQN,deceptive_grid,2,410,50071,-29.0,160,1,0.4337,0.705658
DQN,deceptive_grid,2,411,50124,102.0,53,1,0.4331,0.808474
DQN,deceptive_grid,2,412,50267,-28.0,143,1,0.4315,0.717195
DQN,deceptive_grid,2,413,50293,97.0,26,1,0.4312,0.752212
DQN,deceptive_grid,2,414,50340,104.0,47,1,0.4307,0.716516
DQN,deceptive_grid,2,415,50382,25.0,42,1,0.4302,0.701511
DQN,deceptive_grid,2,416,50446,-45.0,64,1,0.4295,0.74667
DQN,deceptive_grid,2,417,50553,-36.0,107,1,0.4283,0.650116
DQN,deceptive_grid,2,418,50569,75.0,16,1,0.4281,0.59206
DQN,deceptive_grid,2,419,50584,28.0,15,1,0.4279,0.785742
DQN,deceptive_grid,2,420,50627,88.0,43,1,0.4274,0.688496
DQN,deceptive_grid,2,421,50699,79.0,72,1,0.4266,0.781355
DQN,deceptive_grid,2,422,50713,17.0,14,1,0.4265,0.612096
DQN,deceptive_grid,2,423,50913,-44.0,200,0,0.4242,0.661993
DQN,deceptive_grid,2,424,50992,44.0,79,1,0.4233,0.598094
DQN,deceptive_grid,2,425,51051,88.0,59,1,0.4226,0.693917
DQN,deceptive_grid,2,426,51099,43.0,48,1,0.4221,0.688564
DQN,deceptive_grid,2,427,51112,38.0,13,1,0.4219,0.531009
DQN,deceptive_grid,2,428,51140,43.0,28,1,0.4216,0.607172
DQN,deceptive_grid,2,429,51164,19.0,24,1,0.4214,0.614515
DQN,deceptive_grid,2,430,51227,24.0,63,1,0.4206,0.652501
DQN,deceptive_grid,2,431,51271,95.0,44,1,0.4201,0.660797
DQN,deceptive_grid,2,432,51355,79.0,84,1,0.4192,0.693031
DQN,deceptive_grid,2,433,51399,83.0,44,1,0.4187,0.618867
DQN,deceptive_grid,2,434,51447,27.0,48,1,0.4182,0.804623
DQN,deceptive_grid,2,435,51521,81.0,74,1,0.4173,0.705861
DQN,deceptive_grid,2,436,51543,53.0,22,1,0.4171,0.795331
DQN,deceptive_grid,2,437,51585,73.0,42,1,0.4166,0.711467
DQN,deceptive_grid,2,438,51622,126.0,37,1,0.4162,0.49275
DQN,deceptive_grid,2,439,51705,20.0,83,1,0.4152,0.680442
DQN,deceptive_grid,2,440,51807,13.0,102,1,0.4141,0.604173
DQN,deceptive_grid,2,441,51878,-32.0,71,1,0.4133,0.602074
DQN,deceptive_grid,2,442,51930,39.0,52,1,0.4127,0.649362
DQN,deceptive_grid,2,443,51953,124.0,23,1,0.4124,0.699787
DQN,deceptive_grid,2,444,51988,4.0,35,1,0.412,0.585815
DQN,deceptive_grid,2,445,52027,16.0,39,1,0.4116,0.700506
DQN,deceptive_grid,2,446,52037,65.0,10,1,0.4115,0.716493
DQN,deceptive_grid,2,447,52237,-220.0,200,0,0.4092,0.600141
DQN,deceptive_grid,2,448,52437,-204.0,200,0,0.407,0.590768
DQN,deceptive_grid,2,449,52526,-18.0,89,1,0.406,0.788829
DQN,deceptive_grid,2,450,52588,5.0,62,1,0.4053,0.606912
DQN,deceptive_grid,2,451,52727,-36.0,139,1,0.4037,0.584318
DQN,deceptive_grid,2,452,52757,109.0,30,1,0.4033,0.53883
DQN,deceptive_grid,2,453,52797,35.0,40,1,0.4029,0.552411
DQN,deceptive_grid,2,454,52970,-134.0,173,1,0.4009,0.561622
DQN,deceptive_grid,2,455,53035,18.0,65,1,0.4002,0.603335
DQN,deceptive_grid,2,456,53221,-131.0,186,1,0.3981,0.569931
DQN,deceptive_grid,2,457,53331,21.0,110,1,0.3969,0.609347
DQN,deceptive_grid,2,458,53531,-92.0,200,0,0.3946,0.621571
DQN,deceptive_grid,2,459,53575,103.0,44,1,0.3941,0.590863
DQN,deceptive_grid,2,460,53775,-100.0,200,0,0.3918,0.556548
DQN,deceptive_grid,2,461,53975,-112.0,200,0,0.3896,0.610063
DQN,deceptive_grid,2,462,54035,99.0,60,1,0.3889,0.575477
DQN,deceptive_grid,2,463,54191,-77.0,156,1,0.3871,0.54722
DQN,deceptive_grid,2,464,54391,-144.0,200,0,0.3849,0.533314
DQN,deceptive_grid,2,465,54591,-188.0,200,0,0.3826,0.559245
DQN,deceptive_grid,2,466,54791,-116.0,200,0,0.3803,0.517094
DQN,deceptive_grid,2,467,54827,119.0,36,1,0.3799,0.615637
DQN,deceptive_grid,2,468,55027,-144.0,200,0,0.3777,0.530543
DQN,deceptive_grid,2,469,55047,103.0,20,1,0.3774,0.620477
DQN,deceptive_grid,2,470,55077,125.0,30,1,0.3771,0.503145
DQN,deceptive_grid,2,471,55263,-135.0,186,1,0.375,0.537407
DQN,deceptive_grid,2,472,55463,-148.0,200,0,0.3727,0.512703
DQN,deceptive_grid,2,473,55526,84.0,63,1,0.372,0.53227
DQN,deceptive_grid,2,474,55559,38.0,33,1,0.3717,0.551694
DQN,deceptive_grid,2,475,55759,-140.0,200,0,0.3694,0.472374
DQN,deceptive_grid,2,476,55832,74.0,73,1,0.3686,0.465747
DQN,deceptive_grid,2,477,55850,73.0,18,1,0.3684,0.442464
DQN,deceptive_grid,2,478,55899,70.0,49,1,0.3678,0.570618
DQN,deceptive_grid,2,479,56099,-252.0,200,0,0.3655,0.525902
DQN,deceptive_grid,2,480,56178,28.0,79,1,0.3647,0.511295
DQN,deceptive_grid,2,481,56378,-228.0,200,0,0.3624,0.478989
DQN,deceptive_grid,2,482,56578,-176.0,200,0,0.3601,0.506457
DQN,deceptive_grid,2,483,56590,47.0,12,1,0.36,0.534216
DQN,deceptive_grid,2,484,56646,11.0,56,1,0.3594,0.561979
DQN,deceptive_grid,2,485,56846,-120.0,200,0,0.3571,0.478783
DQN,deceptive_grid,2,486,57046,-132.0,200,0,0.3548,0.50175
DQN,deceptive_grid,2,487,57058,19.0,12,1,0.3547,0.521609
DQN,deceptive_grid,2,488,57153,-52.0,95,1,0.3536,0.513749
DQN,deceptive_grid,2,489,57236,52.0,83,1,0.3527,0.472897
DQN,deceptive_grid,2,490,57267,100.0,31,1,0.3523,0.4736
DQN,deceptive_grid,2,491,57340,50.0,73,1,0.3515,0.405256
DQN,deceptive_grid,2,492,57385,42.0,45,1,0.351,0.502461
DQN,deceptive_grid,2,493,57521,-101.0,136,1,0.3495,0.491344
DQN,deceptive_grid,2,494,57721,-148.0,200,0,0.3472,0.472514
DQN,deceptive_grid,2,495,57921,-208.0,200,0,0.3449,0.448198
DQN,deceptive_grid,2,496,58114,-66.0,193,1,0.3428,0.493737
DQN,deceptive_grid,2,497,58272,-135.0,158,1,0.341,0.486649
DQN,deceptive_grid,2,498,58472,-148.0,200,0,0.3387,0.468601
DQN,deceptive_grid,2,499,58672,-188.0,200,0,0.3364,0.431692
DQN,deceptive_grid,2,500,58872,-116.0,200,0,0.3342,0.434352
DQN,deceptive_grid,2,501,58894,21.0,22,1,0.3339,0.421037
DQN,deceptive_grid,2,502,58927,130.0,33,1,0.3336,0.421399
DQN,deceptive_grid,2,503,58976,2.0,49,1,0.333,0.480985
DQN,deceptive_grid,2,504,59176,-96.0,200,0,0.3307,0.458563
DQN,deceptive_grid,2,505,59215,32.0,39,1,0.3303,0.511533
DQN,deceptive_grid,2,506,59278,24.0,63,1,0.3296,0.426009
DQN,deceptive_grid,2,507,59309,116.0,31,1,0.3292,0.392626
DQN,deceptive_grid,2,508,59382,26.0,73,1,0.3284,0.40971
DQN,deceptive_grid,2,509,59422,39.0,40,1,0.328,0.391318
DQN,deceptive_grid,2,510,59570,-37.0,148,1,0.3263,0.464226
DQN,deceptive_grid,2,511,59770,-148.0,200,0,0.324,0.386048
DQN,deceptive_grid,2,512,59822,75.0,52,1,0.3234,0.383216
DQN,deceptive_grid,2,513,59863,70.0,41,1,0.323,0.410934
DQN,deceptive_grid,2,514,59931,27.0,68,1,0.3222,0.357583
DQN,deceptive_grid,2,515,60024,78.0,93,1,0.3212,0.450865
DQN,deceptive_grid,2,516,60091,16.0,67,1,0.3204,0.390598
DQN,deceptive_grid,2,517,60271,-57.0,180,1,0.3184,0.385774
DQN,deceptive_grid,2,518,60423,35.0,152,1,0.3166,0.366766
DQN,deceptive_grid,2,519,60623,-196.0,200,0,0.3144,0.388889
DQN,deceptive_grid,2,520,60794,-24.0,171,1,0.3124,0.368889
DQN,deceptive_grid,2,521,60965,-24.0,171,1,0.3105,0.357338
DQN,deceptive_grid,2,522,61019,29.0,54,1,0.3099,0.39086
DQN,deceptive_grid,2,523,61150,-44.0,131,1,0.3084,0.366833
DQN,deceptive_grid,2,524,61350,-100.0,200,0,0.3062,0.363029
DQN,deceptive_grid,2,525,61365,36.0,15,1,0.306,0.369383
DQN,deceptive_grid,2,526,61565,-180.0,200,0,0.3037,0.381728
DQN,deceptive_grid,2,527,61765,-196.0,200,0,0.3015,0.319538
DQN,deceptive_grid,2,528,61797,127.0,32,1,0.3011,0.343092
DQN,deceptive_grid,2,529,61997,-176.0,200,0,0.2988,0.320511
DQN,deceptive_grid,2,530,62083,45.0,86,1,0.2979,0.401189
DQN,deceptive_grid,2,531,62164,6.0,81,1,0.297,0.360373
DQN,deceptive_grid,2,532,62240,95.0,76,1,0.2961,0.280379
DQN,deceptive_grid,2,533,62272,27.0,32,1,0.2957,0.318302
DQN,deceptive_grid,2,534,62305,14.0,33,1,0.2954,0.341513
DQN,deceptive_grid,2,535,62342,62.0,37,1,0.2949,0.280603
DQN,deceptive_grid,2,536,62517,-80.0,175,1,0.293,0.341299
DQN,deceptive_grid,2,537,62590,-2.0,73,1,0.2921,0.361449
DQN,deceptive_grid,2,538,62653,-24.0,63,1,0.2914,0.283049
DQN,deceptive_grid,2,539,62677,51.0,24,1,0.2912,0.329745
DQN,deceptive_grid,2,540,62761,39.0,84,1,0.2902,0.306546
DQN,deceptive_grid,2,541,62803,81.0,42,1,0.2897,0.294643
DQN,deceptive_grid,2,542,62837,109.0,34,1,0.2893,0.28732
DQN,deceptive_grid,2,543,62858,62.0,21,1,0.2891,0.295873
DQN,deceptive_grid,2,544,63055,-110.0,197,1,0.2869,0.326621
DQN,deceptive_grid,2,545,63176,-34.0,121,1,0.2855,0.302491
DQN,deceptive_grid,2,546,63376,-184.0,200,0,0.2832,0.310355
DQN,deceptive_grid,2,547,63472,-9.0,96,1,0.2822,0.293821
DQN,deceptive_grid,2,548,63545,-18.0,73,1,0.2813,0.321631
DQN,deceptive_grid,2,549,63594,54.0,49,1,0.2808,0.310923
DQN,deceptive_grid,2,550,63684,33.0,90,1,0.2798,0.283856
DQN,deceptive_grid,2,551,63798,-15.0,114,1,0.2785,0.273815
DQN,deceptive_grid,2,552,63832,-3.0,34,1,0.2781,0.31326
DQN,deceptive_grid,2,553,63914,77.0,82,1,0.2772,0.312684
DQN,deceptive_grid,2,554,63974,111.0,60,1,0.2765,0.291908
DQN,deceptive_grid,2,555,64024,57.0,50,1,0.2759,0.37141
DQN,deceptive_grid,2,556,64145,-18.0,121,1,0.2746,0.287094
DQN,deceptive_grid,2,557,64212,48.0,67,1,0.2738,0.286467
DQN,deceptive_grid,2,558,64278,45.0,66,1,0.273,0.274043
DQN,deceptive_grid,2,559,64353,28.0,75,1,0.2722,0.280889
DQN,deceptive_grid,2,560,64433,-5.0,80,1,0.2713,0.270963
DQN,deceptive_grid,2,561,64633,-132.0,200,0,0.269,0.270481
DQN,deceptive_grid,2,562,64653,119.0,20,1,0.2688,0.221145
DQN,deceptive_grid,2,563,64746,22.0,93,1,0.2678,0.252907
DQN,deceptive_grid,2,564,64946,-152.0,200,0,0.2655,0.243517
DQN,deceptive_grid,2,565,65016,85.0,70,1,0.2647,0.283299
DQN,deceptive_grid,2,566,65054,101.0,38,1,0.2643,0.27496
DQN,deceptive_grid,2,567,65254,-224.0,200,0,0.262,0.218979
DQN,deceptive_grid,2,568,65311,34.0,57,1,0.2614,0.217299
DQN,deceptive_grid,2,569,65389,-27.0,78,1,0.2605,0.22522
DQN,deceptive_grid,2,570,65480,68.0,91,1,0.2595,0.24413
DQN,deceptive_grid,2,571,65505,110.0,25,1,0.2592,0.30428
DQN,deceptive_grid,2,572,65619,-19.0,114,1,0.2579,0.279421
DQN,deceptive_grid,2,573,65741,33.0,122,1,0.2565,0.238454
DQN,deceptive_grid,2,574,65838,-30.0,97,1,0.2554,0.203464
DQN,deceptive_grid,2,575,65941,-12.0,103,1,0.2542,0.221666
DQN,deceptive_grid,2,576,66031,-59.0,90,1,0.2532,0.258867
DQN,deceptive_grid,2,577,66065,89.0,34,1,0.2528,0.245524
DQN,deceptive_grid,2,578,66102,86.0,37,1,0.2524,0.230169
DQN,deceptive_grid,2,579,66255,-42.0,153,1,0.2507,0.22609
DQN,deceptive_grid,2,580,66455,-176.0,200,0,0.2484,0.233096
DQN,deceptive_grid,2,581,66535,59.0,80,1,0.2475,0.28245
DQN,deceptive_grid,2,582,66558,140.0,23,1,0.2473,0.280247
DQN,deceptive_grid,2,583,66596,53.0,38,1,0.2468,0.206438
DQN,deceptive_grid,2,584,66679,32.0,83,1,0.2459,0.205796
DQN,deceptive_grid,2,585,66715,91.0,36,1,0.2455,0.233802
DQN,deceptive_grid,2,586,66746,52.0,31,1,0.2451,0.220105
DQN,deceptive_grid,2,587,66781,68.0,35,1,0.2447,0.209386
DQN,deceptive_grid,2,588,66830,114.0,49,1,0.2442,0.211015
DQN,deceptive_grid,2,589,66848,105.0,18,1,0.244,0.246579
DQN,deceptive_grid,2,590,66876,83.0,28,1,0.2437,0.179742
DQN,deceptive_grid,2,591,66915,44.0,39,1,0.2432,0.178752
DQN,deceptive_grid,2,592,66956,122.0,41,1,0.2428,0.213212
DQN,deceptive_grid,2,593,67019,72.0,63,1,0.242,0.250468
DQN,deceptive_grid,2,594,67060,110.0,41,1,0.2416,0.241767
DQN,deceptive_grid,2,595,67114,57.0,54,1,0.241,0.246929
DQN,deceptive_grid,2,596,67148,137.0,34,1,0.2406,0.21518
DQN,deceptive_grid,2,597,67285,-70.0,137,1,0.239,0.230149
DQN,deceptive_grid,2,598,67295,49.0,10,1,0.2389,0.218845
DQN,deceptive_grid,2,599,67343,27.0,48,1,0.2384,0.232198
DQN,deceptive_grid,2,600,67355,63.0,12,1,0.2382,0.195177
