algo,grid,seed,episode,global_step,episode_return,episode_length,success,epsilon,mean_loss
DQN,deceptive_grid,0,1,200,-296.0,200,0,0.9977,
DQN,deceptive_grid,0,2,400,-249.0,200,0,0.9955,
DQN,deceptive_grid,0,3,600,-253.0,200,0,0.9932,
DQN,deceptive_grid,0,4,800,-219.0,200,0,0.991,
DQN,deceptive_grid,0,5,1000,-263.0,200,0,0.9887,0.737136
DQN,deceptive_grid,0,6,1200,-246.0,200,0,0.9864,0.390627
DQN,deceptive_grid,0,7,1400,-256.0,200,0,0.9842,0.232973
DQN,deceptive_grid,0,8,1600,-260.0,200,0,0.9819,0.21283
DQN,deceptive_grid,0,9,1800,-234.0,200,0,0.9796,0.193242
DQN,deceptive_grid,0,10,1875,-78.0,75,1,0.9788,0.203169
DQN,deceptive_grid,0,11,2075,-343.0,200,0,0.9765,0.232658
DQN,deceptive_grid,0,12,2077,11.0,2,1,0.9765,0.192273
DQN,deceptive_grid,0,13,2277,-266.0,200,0,0.9742,0.238662
DQN,deceptive_grid,0,14,2477,-289.0,200,0,0.972,0.222652
DQN,deceptive_grid,0,15,2491,-4.0,14,1,0.9718,0.307685
DQN,deceptive_grid,0,16,2691,-254.0,200,0,0.9696,0.221618
DQN,deceptive_grid,0,17,2891,-293.0,200,0,0.9673,0.202331
DQN,deceptive_grid,0,18,3091,-244.0,200,0,0.965,0.193818
DQN,deceptive_grid,0,19,3291,-264.0,200,0,0.9628,0.188101
DQN,deceptive_grid,0,20,3371,-120.0,80,1,0.9619,0.185041
DQN,deceptive_grid,0,21,3571,-219.0,200,0,0.9596,0.175568
DQN,deceptive_grid,0,22,3771,-290.0,200,0,0.9574,0.170723
DQN,deceptive_grid,0,23,3971,-257.0,200,0,0.9551,0.16502
DQN,deceptive_grid,0,24,4171,-230.0,200,0,0.9528,0.158668
DQN,deceptive_grid,0,25,4371,-316.0,200,0,0.9506,0.15972
DQN,deceptive_grid,0,26,4373,11.0,2,1,0.9505,0.14266
DQN,deceptive_grid,0,27,4573,-217.0,200,0,0.9483,0.154771
DQN,deceptive_grid,0,28,4773,-268.0,200,0,0.946,0.154945
DQN,deceptive_grid,0,29,4973,-313.0,200,0,0.9438,0.144778
DQN,deceptive_grid,0,30,5167,-237.0,194,1,0.9416,0.145575
DQN,deceptive_grid,0,31,5170,11.0,3,1,0.9415,0.133473
DQN,deceptive_grid,0,32,5370,-217.0,200,0,0.9393,0.144767
DQN,deceptive_grid,0,33,5570,-237.0,200,0,0.937,0.132118
DQN,deceptive_grid,0,34,5631,-50.0,61,1,0.9363,0.147567
DQN,deceptive_grid,0,35,5831,-277.0,200,0,0.9341,0.142398
DQN,deceptive_grid,0,36,6031,-245.0,200,0,0.9318,0.127377
DQN,deceptive_grid,0,37,6231,-300.0,200,0,0.9295,0.133088
DQN,deceptive_grid,0,38,6431,-249.0,200,0,0.9273,0.124538
DQN,deceptive_grid,0,39,6600,-225.0,169,1,0.9254,0.121817
DQN,deceptive_grid,0,40,6800,-316.0,200,0,0.9231,0.115803
DQN,deceptive_grid,0,41,6904,-119.0,104,1,0.9219,0.102085
DQN,deceptive_grid,0,42,7104,-294.0,200,0,0.9197,0.118599
DQN,deceptive_grid,0,43,7304,-226.0,200,0,0.9174,0.114558
DQN,deceptive_grid,0,44,7504,-203.0,200,0,0.9151,0.099467
DQN,deceptive_grid,0,45,7704,-240.0,200,0,0.9129,0.105206
DQN,deceptive_grid,0,46,7803,-90.0,99,1,0.9118,0.113939
DQN,deceptive_grid,0,47,7999,-267.0,196,1,0.9095,0.114036
DQN,deceptive_grid,0,48,8199,-269.0,200,0,0.9073,0.099359
DQN,deceptive_grid,0,49,8289,-70.0,90,1,0.9063,0.093302
DQN,deceptive_grid,0,50,8309,-15.0,20,1,0.906,0.092572
DQN,deceptive_grid,0,51,8400,-95.0,91,1,0.905,0.098293
DQN,deceptive_grid,0,52,8450,-39.0,50,1,0.9044,0.090491
DQN,deceptive_grid,0,53,8607,-210.0,157,1,0.9027,0.089403
DQN,deceptive_grid,0,54,8641,-32.0,34,1,0.9023,0.096973
DQN,deceptive_grid,0,55,8670,-39.0,29,1,0.9019,0.085798
DQN,deceptive_grid,0,56,8697,-14.0,27,1,0.9016,0.107691
DQN,deceptive_grid,0,57,8897,-313.0,200,0,0.8994,0.117498
DQN,deceptive_grid,0,58,8966,-97.0,69,1,0.8986,0.111813
DQN,deceptive_grid,0,59,9166,-254.0,200,0,0.8963,0.101237
DQN,deceptive_grid,0,60,9366,-351.0,200,0,0.8941,0.121269
DQN,deceptive_grid,0,61,9391,-17.0,25,1,0.8938,0.121125
DQN,deceptive_grid,0,62,9525,-123.0,134,1,0.8923,0.110544
DQN,deceptive_grid,0,63,9725,-298.0,200,0,0.89,0.118975
DQN,deceptive_grid,0,64,9925,-271.0,200,0,0.8878,0.143749
DQN,deceptive_grid,0,65,9989,-61.0,64,1,0.887,0.090524
DQN,deceptive_grid,0,66,10189,-242.0,200,0,0.8848,0.127985
DQN,deceptive_grid,0,67,10232,-29.0,43,1,0.8843,0.09254
DQN,deceptive_grid,0,68,10298,-63.0,66,1,0.8835,0.107054
DQN,deceptive_grid,0,69,10403,-107.0,105,1,0.8823,0.110288
DQN,deceptive_grid,0,70,10603,-263.0,200,0,0.8801,0.121663
DQN,deceptive_grid,0,71,10803,-202.0,200,0,0.8778,0.127512
DQN,deceptive_grid,0,72,11003,-272.0,200,0,0.8756,0.106853
DQN,deceptive_grid,0,73,11203,-221.0,200,0,0.8733,0.124177
DQN,deceptive_grid,0,74,11253,-48.0,50,1,0.8727,0.104364
DQN,deceptive_grid,0,75,11329,-126.0,76,1,0.8719,0.10689
DQN,deceptive_grid,0,76,11529,-299.0,200,0,0.8696,0.103921
DQN,deceptive_grid,0,77,11729,-249.0,200,0,0.8674,0.114376
DQN,deceptive_grid,0,78,11801,-96.0,72,1,0.8665,0.136467
DQN,deceptive_grid,0,79,12001,-263.0,200,0,0.8643,0.122936
DQN,deceptive_grid,0,80,12201,-221.0,200,0,0.862,0.117186
DQN,deceptive_grid,0,81,12296,-134.0,95,1,0.8609,0.119233
DQN,deceptive_grid,0,82,12393,-105.0,97,1,0.8598,0.134557
DQN,deceptive_grid,0,83,12554,-185.0,161,1,0.858,0.143732
DQN,deceptive_grid,0,84,12754,-292.0,200,0,0.8558,0.133811
DQN,deceptive_grid,0,85,12878,-129.0,124,1,0.8544,0.125668
DQN,deceptive_grid,0,86,13078,-351.0,200,0,0.8521,0.139767
DQN,deceptive_grid,0,87,13256,-236.0,178,1,0.8501,0.135736
DQN,deceptive_grid,0,88,13378,-126.0,122,1,0.8487,0.14205
DQN,deceptive_grid,0,89,13419,-34.0,41,1,0.8482,0.127906
DQN,deceptive_grid,0,90,13489,-65.0,70,1,0.8474,0.15015
DQN,deceptive_grid,0,91,13689,-278.0,200,0,0.8452,0.180029
DQN,deceptive_grid,0,92,13791,-94.0,102,1,0.844,0.152649
DQN,deceptive_grid,0,93,13959,-174.0,168,1,0.8421,0.149735
DQN,deceptive_grid,0,94,14132,-209.0,173,1,0.8402,0.17957
DQN,deceptive_grid,0,95,14144,-3.0,12,1,0.84,0.183683
DQN,deceptive_grid,0,96,14204,-45.0,60,1,0.8394,0.198136
DQN,deceptive_grid,0,97,14304,-98.0,100,1,0.8382,0.171452
DQN,deceptive_grid,0,98,14504,-225.0,200,0,0.836,0.16513
DQN,deceptive_grid,0,99,14613,-116.0,109,1,0.8347,0.203857
DQN,deceptive_grid,0,100,14641,-30.0,28,1,0.8344,0.19055
DQN,deceptive_grid,0,101,14728,-63.0,87,1,0.8334,0.202027
DQN,deceptive_grid,0,102,14780,-58.0,52,1,0.8328,0.179437
DQN,deceptive_grid,0,103,14980,-271.0,200,0,0.8306,0.175563
DQN,deceptive_grid,0,104,15102,-125.0,122,1,0.8292,0.233135
DQN,deceptive_grid,0,105,15104,11.0,2,1,0.8292,0.247176
DQN,deceptive_grid,0,106,15165,-62.0,61,1,0.8285,0.208781
DQN,deceptive_grid,0,107,15348,-192.0,183,1,0.8264,0.197952
DQN,deceptive_grid,0,108,15524,-231.0,176,1,0.8244,0.201608
DQN,deceptive_grid,0,109,15549,-8.0,25,1,0.8241,0.258254
DQN,deceptive_grid,0,110,15749,-207.0,200,0,0.8219,0.228634
DQN,deceptive_grid,0,111,15823,-94.0,74,1,0.821,0.21797
DQN,deceptive_grid,0,112,15908,-85.0,85,1,0.8201,0.257562
DQN,deceptive_grid,0,113,15911,11.0,3,1,0.8201,0.175222
DQN,deceptive_grid,0,114,15971,-60.0,60,1,0.8194,0.206998
DQN,deceptive_grid,0,115,16006,-25.0,35,1,0.819,0.23796
DQN,deceptive_grid,0,116,16007,11.0,1,1,0.819,0.280551
DQN,deceptive_grid,0,117,16118,-158.0,111,1,0.8177,0.273673
DQN,deceptive_grid,0,118,16181,-54.0,63,1,0.817,0.235731
DQN,deceptive_grid,0,119,16381,-233.0,200,0,0.8147,0.236886
DQN,deceptive_grid,0,120,16553,-173.0,172,1,0.8128,0.240582
DQN,deceptive_grid,0,121,16656,-111.0,103,1,0.8116,0.240157
DQN,deceptive_grid,0,122,16856,-254.0,200,0,0.8094,0.239682
DQN,deceptive_grid,0,123,16907,-50.0,51,1,0.8088,0.227082
DQN,deceptive_grid,0,124,17031,-120.0,124,1,0.8074,0.241971
DQN,deceptive_grid,0,125,17061,-20.0,30,1,0.807,0.242356
DQN,deceptive_grid,0,126,17261,-284.0,200,0,0.8048,0.244787
DQN,deceptive_grid,0,127,17347,-111.0,86,1,0.8038,0.244986
DQN,deceptive_grid,0,128,17390,-29.0,43,1,0.8033,0.213568
DQN,deceptive_grid,0,129,17406,-7.0,16,1,0.8031,0.223242
DQN,deceptive_grid,0,130,17478,-56.0,72,1,0.8023,0.246561
DQN,deceptive_grid,0,131,17542,-92.0,64,1,0.8016,0.309518
DQN,deceptive_grid,0,132,17586,-31.0,44,1,0.8011,0.275149
DQN,deceptive_grid,0,133,17629,-39.0,43,1,0.8006,0.247416
DQN,deceptive_grid,0,134,17829,-228.0,200,0,0.7984,0.24168
DQN,deceptive_grid,0,135,17928,-105.0,99,1,0.7972,0.210962
DQN,deceptive_grid,0,136,17994,-59.0,66,1,0.7965,0.21066
DQN,deceptive_grid,0,137,18080,-76.0,86,1,0.7955,0.276283
DQN,deceptive_grid,0,138,18119,-34.0,39,1,0.7951,0.273455
DQN,deceptive_grid,0,139,18143,-16.0,24,1,0.7948,0.229126
DQN,deceptive_grid,0,140,18177,-13.0,34,1,0.7944,0.242371
DQN,deceptive_grid,0,141,18377,-297.0,200,0,0.7922,0.218205
DQN,deceptive_grid,0,142,18470,-79.0,93,1,0.7911,0.214836
DQN,deceptive_grid,0,143,18502,-16.0,32,1,0.7908,0.228693
DQN,deceptive_grid,0,144,18544,-41.0,42,1,0.7903,0.32573
DQN,deceptive_grid,0,145,18610,-47.0,66,1,0.7895,0.271358
DQN,deceptive_grid,0,146,18667,-42.0,57,1,0.7889,0.267709
DQN,deceptive_grid,0,147,18858,-245.0,191,1,0.7867,0.240434
DQN,deceptive_grid,0,148,18907,-42.0,49,1,0.7862,0.231093
DQN,deceptive_grid,0,149,19047,-155.0,140,1,0.7846,0.260509
DQN,deceptive_grid,0,150,19247,-280.0,200,0,0.7823,0.269576
DQN,deceptive_grid,0,151,19329,-75.0,82,1,0.7814,0.233876
DQN,deceptive_grid,0,152,19386,-57.0,57,1,0.7808,0.23834
DQN,deceptive_grid,0,153,19405,3.0,19,1,0.7805,0.215677
DQN,deceptive_grid,0,154,19499,-92.0,94,1,0.7795,0.236343
DQN,deceptive_grid,0,155,19628,-162.0,129,1,0.778,0.295313
DQN,deceptive_grid,0,156,19664,-15.0,36,1,0.7776,0.248615
DQN,deceptive_grid,0,157,19864,-309.0,200,0,0.7753,0.253912
DQN,deceptive_grid,0,158,19906,-61.0,42,1,0.7749,0.228294
DQN,deceptive_grid,0,159,19982,-58.0,76,1,0.774,0.237964
DQN,deceptive_grid,0,160,20052,-55.0,70,1,0.7732,0.294222
DQN,deceptive_grid,0,161,20077,-7.0,25,1,0.7729,0.296962
DQN,deceptive_grid,0,162,20216,-153.0,139,1,0.7714,0.272156
DQN,deceptive_grid,0,163,20259,-25.0,43,1,0.7709,0.244573
DQN,deceptive_grid,0,164,20420,-207.0,161,1,0.7691,0.248633
DQN,deceptive_grid,0,165,20464,-35.0,44,1,0.7686,0.242097
DQN,deceptive_grid,0,166,20663,-231.0,199,1,0.7663,0.26724
DQN,deceptive_grid,0,167,20699,-23.0,36,1,0.7659,0.234538
DQN,deceptive_grid,0,168,20704,9.0,5,1,0.7658,0.258338
DQN,deceptive_grid,0,169,20794,-82.0,90,1,0.7648,0.230931
DQN,deceptive_grid,0,170,20924,-143.0,130,1,0.7634,0.226721
DQN,deceptive_grid,0,171,20984,-62.0,60,1,0.7627,0.219704
DQN,deceptive_grid,0,172,21021,-17.0,37,1,0.7623,0.276469
DQN,deceptive_grid,0,173,21036,-15.0,15,1,0.7621,0.227669
DQN,deceptive_grid,0,174,21235,-276.0,199,1,0.7598,0.22812
DQN,deceptive_grid,0,175,21247,-3.0,12,1,0.7597,0.245459
DQN,deceptive_grid,0,176,21306,-52.0,59,1,0.759,0.227345
DQN,deceptive_grid,0,177,21488,-185.0,182,1,0.757,0.200375
DQN,deceptive_grid,0,178,21566,-74.0,78,1,0.7561,0.244832
DQN,deceptive_grid,0,179,21766,-237.0,200,0,0.7538,0.207776
DQN,deceptive_grid,0,180,21819,-44.0,53,1,0.7532,0.18913
DQN,deceptive_grid,0,181,21832,-7.0,13,1,0.7531,0.201077
DQN,deceptive_grid,0,182,21869,-19.0,37,1,0.7527,0.214969
DQN,deceptive_grid,0,183,21964,-107.0,95,1,0.7516,0.182834
DQN,deceptive_grid,0,184,22051,-84.0,87,1,0.7506,0.217816
DQN,deceptive_grid,0,185,22087,-35.0,36,1,0.7502,0.223475
DQN,deceptive_grid,0,186,22243,-202.0,156,1,0.7484,0.195214
DQN,deceptive_grid,0,187,22322,-68.0,79,1,0.7475,0.197183
DQN,deceptive_grid,0,188,22362,-33.0,40,1,0.7471,0.173734
DQN,deceptive_grid,0,189,22415,-30.0,53,1,0.7465,0.181378
DQN,deceptive_grid,0,190,22423,9.0,8,1,0.7464,0.188891
DQN,deceptive_grid,0,191,22447,-24.0,24,1,0.7461,0.20071
DQN,deceptive_grid,0,192,22472,-31.0,25,1,0.7459,0.190639
DQN,deceptive_grid,0,193,22566,-80.0,94,1,0.7448,0.215175
DQN,deceptive_grid,0,194,22662,-100.0,96,1,0.7437,0.192407
DQN,deceptive_grid,0,195,22757,-92.0,95,1,0.7426,0.171145
DQN,deceptive_grid,0,196,22767,0.0,10,1,0.7425,0.184158
DQN,deceptive_grid,0,197,22838,-47.0,71,1,0.7417,0.188906
DQN,deceptive_grid,0,198,22858,-4.0,20,1,0.7415,0.170631
DQN,deceptive_grid,0,199,22997,-164.0,139,1,0.7399,0.16487
DQN,deceptive_grid,0,200,23079,-77.0,82,1,0.739,0.225902
DQN,deceptive_grid,0,201,23175,-107.0,96,1,0.7379,0.194637
DQN,deceptive_grid,0,202,23249,-78.0,74,1,0.7371,0.163658
DQN,deceptive_grid,0,203,23344,-78.0,95,1,0.736,0.167198
DQN,deceptive_grid,0,204,23462,-116.0,118,1,0.7347,0.171933
DQN,deceptive_grid,0,205,23477,-8.0,15,1,0.7345,0.147093
DQN,deceptive_grid,0,206,23481,9.0,4,1,0.7344,0.166418
DQN,deceptive_grid,0,207,23607,-133.0,126,1,0.733,0.195427
DQN,deceptive_grid,0,208,23639,-20.0,32,1,0.7327,0.168988
DQN,deceptive_grid,0,209,23648,5.0,9,1,0.7326,0.182696
DQN,deceptive_grid,0,210,23785,-144.0,137,1,0.731,0.161676
DQN,deceptive_grid,0,211,23855,-55.0,70,1,0.7302,0.149437
DQN,deceptive_grid,0,212,23905,-45.0,50,1,0.7296,0.147824
DQN,deceptive_grid,0,213,24067,-214.0,162,1,0.7278,0.170068
DQN,deceptive_grid,0,214,24127,-78.0,60,1,0.7271,0.166483
DQN,deceptive_grid,0,215,24162,-11.0,35,1,0.7267,0.154635
DQN,deceptive_grid,0,216,24200,-27.0,38,1,0.7263,0.16696
DQN,deceptive_grid,0,217,24239,-29.0,39,1,0.7259,0.158274
DQN,deceptive_grid,0,218,24327,-72.0,88,1,0.7249,0.14168
DQN,deceptive_grid,0,219,24376,-44.0,49,1,0.7243,0.131468
DQN,deceptive_grid,0,220,24396,-7.0,20,1,0.7241,0.136621
DQN,deceptive_grid,0,221,24430,-13.0,34,1,0.7237,0.130559
DQN,deceptive_grid,0,222,24463,-16.0,33,1,0.7233,0.144805
DQN,deceptive_grid,0,223,24550,-69.0,87,1,0.7224,0.178779
DQN,deceptive_grid,0,224,24659,-99.0,109,1,0.7211,0.162091
DQN,deceptive_grid,0,225,24668,9.0,9,1,0.721,0.159339
DQN,deceptive_grid,0,226,24686,-4.0,18,1,0.7208,0.154216
DQN,deceptive_grid,0,227,24751,-44.0,65,1,0.7201,0.159873
DQN,deceptive_grid,0,228,24818,-37.0,67,1,0.7193,0.149412
DQN,deceptive_grid,0,229,24914,-79.0,96,1,0.7182,0.151681
DQN,deceptive_grid,0,230,25002,-106.0,88,1,0.7172,0.146219
DQN,deceptive_grid,0,231,25128,-146.0,126,1,0.7158,0.172681
DQN,deceptive_grid,0,232,25166,-20.0,38,1,0.7154,0.158101
DQN,deceptive_grid,0,233,25177,2.0,11,1,0.7153,0.163002
DQN,deceptive_grid,0,234,25223,-32.0,46,1,0.7147,0.148782
DQN,deceptive_grid,0,235,25293,-68.0,70,1,0.7139,0.139347
DQN,deceptive_grid,0,236,25416,-112.0,123,1,0.7126,0.145894
DQN,deceptive_grid,0,237,25492,-57.0,76,1,0.7117,0.139262
DQN,deceptive_grid,0,238,25561,-61.0,69,1,0.7109,0.179202
DQN,deceptive_grid,0,239,25624,-52.0,63,1,0.7102,0.157515
DQN,deceptive_grid,0,240,25692,-53.0,68,1,0.7094,0.144748
DQN,deceptive_grid,0,241,25753,-55.0,61,1,0.7087,0.139528
DQN,deceptive_grid,0,242,25882,-103.0,129,1,0.7073,0.142997
DQN,deceptive_grid,0,243,26010,-104.0,128,1,0.7058,0.144658
DQN,deceptive_grid,0,244,26037,-29.0,27,1,0.7055,0.192348
DQN,deceptive_grid,0,245,26069,-34.0,32,1,0.7052,0.164676
DQN,deceptive_grid,0,246,26096,-11.0,27,1,0.7049,0.153515
DQN,deceptive_grid,0,247,26223,-154.0,127,1,0.7034,0.142729
DQN,deceptive_grid,0,248,26305,-104.0,82,1,0.7025,0.127033
DQN,deceptive_grid,0,249,26338,-26.0,33,1,0.7021,0.127663
DQN,deceptive_grid,0,250,26389,-48.0,51,1,0.7016,0.136313
DQN,deceptive_grid,0,251,26441,-29.0,52,1,0.701,0.127564
DQN,deceptive_grid,0,252,26479,-14.0,38,1,0.7005,0.131977
DQN,deceptive_grid,0,253,26593,-123.0,114,1,0.6992,0.150555
DQN,deceptive_grid,0,254,26632,-43.0,39,1,0.6988,0.132021
DQN,deceptive_grid,0,255,26728,-74.0,96,1,0.6977,0.126986
DQN,deceptive_grid,0,256,26774,-22.0,46,1,0.6972,0.124198
DQN,deceptive_grid,0,257,26823,-24.0,49,1,0.6966,0.117433
DQN,deceptive_grid,0,258,26877,-28.0,54,1,0.696,0.115698
DQN,deceptive_grid,0,259,26928,-62.0,51,1,0.6955,0.110635
DQN,deceptive_grid,0,260,26967,-11.0,39,1,0.695,0.105556
DQN,deceptive_grid,0,261,26971,1.0,4,1,0.695,0.126064
DQN,deceptive_grid,0,262,27046,-71.0,75,1,0.6941,0.150346
DQN,deceptive_grid,0,263,27052,4.0,6,1,0.6941,0.134958
DQN,deceptive_grid,0,264,27149,-108.0,97,1,0.693,0.123495
DQN,deceptive_grid,0,265,27180,-27.0,31,1,0.6926,0.121261
DQN,deceptive_grid,0,266,27212,-20.0,32,1,0.6922,0.109965
DQN,deceptive_grid,0,267,27264,-27.0,52,1,0.6917,0.128291
DQN,deceptive_grid,0,268,27313,-32.0,49,1,0.6911,0.106913
DQN,deceptive_grid,0,269,27375,-73.0,62,1,0.6904,0.110776
DQN,deceptive_grid,0,270,27429,-38.0,54,1,0.6898,0.114302
DQN,deceptive_grid,0,271,27476,-38.0,47,1,0.6893,0.099702
DQN,deceptive_grid,0,272,27530,-27.0,54,1,0.6886,0.152659
DQN,deceptive_grid,0,273,27555,-18.0,25,1,0.6884,0.10864
DQN,deceptive_grid,0,274,27589,-20.0,34,1,0.688,0.109532
DQN,deceptive_grid,0,275,27626,-33.0,37,1,0.6876,0.111214
DQN,deceptive_grid,0,276,27655,-10.0,29,1,0.6872,0.099891
DQN,deceptive_grid,0,277,27776,-134.0,121,1,0.6859,0.098667
DQN,deceptive_grid,0,278,27791,-5.0,15,1,0.6857,0.095301
DQN,deceptive_grid,0,279,27862,-59.0,71,1,0.6849,0.094553
DQN,deceptive_grid,0,280,27885,1.0,23,1,0.6846,0.08896
DQN,deceptive_grid,0,281,27978,-70.0,93,1,0.6836,0.090005
DQN,deceptive_grid,0,282,28030,-43.0,52,1,0.683,0.141182
DQN,deceptive_grid,0,283,28093,-65.0,63,1,0.6823,0.104296
DQN,deceptive_grid,0,284,28205,-127.0,112,1,0.681,0.09298
DQN,deceptive_grid,0,285,28266,-46.0,61,1,0.6803,0.088971
DQN,deceptive_grid,0,286,28268,11.0,2,1,0.6803,0.073941
DQN,deceptive_grid,0,287,28293,-19.0,25,1,0.68,0.083503
DQN,deceptive_grid,0,288,28354,-42.0,61,1,0.6793,0.094699
DQN,deceptive_grid,0,289,28374,-9.0,20,1,0.6791,0.094446
DQN,deceptive_grid,0,290,28406,-18.0,32,1,0.6787,0.084703
DQN,deceptive_grid,0,291,28458,-28.0,52,1,0.6782,0.089149
DQN,deceptive_grid,0,292,28463,9.0,5,1,0.6781,0.099212
DQN,deceptive_grid,0,293,28493,-15.0,30,1,0.6778,0.090108
DQN,deceptive_grid,0,294,28548,-38.0,55,1,0.6771,0.116699
DQN,deceptive_grid,0,295,28659,-114.0,111,1,0.6759,0.094276
DQN,deceptive_grid,0,296,28688,-20.0,29,1,0.6756,0.085293
DQN,deceptive_grid,0,297,28690,11.0,2,1,0.6755,0.10166
DQN,deceptive_grid,0,298,28779,-90.0,89,1,0.6745,0.085167
DQN,deceptive_grid,0,299,28800,-15.0,21,1,0.6743,0.078299
DQN,deceptive_grid,0,300,28834,-23.0,34,1,0.6739,0.081937
DQN,deceptive_grid,0,301,28913,-55.0,79,1,0.673,0.083084
DQN,deceptive_grid,0,302,28962,-22.0,49,1,0.6725,0.080916
DQN,deceptive_grid,0,303,29015,-33.0,53,1,0.6719,0.103078
DQN,deceptive_grid,0,304,29068,-40.0,53,1,0.6713,0.095233
DQN,deceptive_grid,0,305,29111,-16.0,43,1,0.6708,0.075342
DQN,deceptive_grid,0,306,29193,-66.0,82,1,0.6698,0.079919
DQN,deceptive_grid,0,307,29225,-9.0,32,1,0.6695,0.06856
DQN,deceptive_grid,0,308,29278,-47.0,53,1,0.6689,0.068071
DQN,deceptive_grid,0,309,29340,-61.0,62,1,0.6682,0.07068
DQN,deceptive_grid,0,310,29387,-44.0,47,1,0.6676,0.060274
DQN,deceptive_grid,0,311,29417,-17.0,30,1,0.6673,0.072623
DQN,deceptive_grid,0,312,29492,-93.0,75,1,0.6665,0.066177
DQN,deceptive_grid,0,313,29513,-1.0,21,1,0.6662,0.101005
DQN,deceptive_grid,0,314,29537,-17.0,24,1,0.666,0.087047
DQN,deceptive_grid,0,315,29553,-6.0,16,1,0.6658,0.074801
DQN,deceptive_grid,0,316,29596,-18.0,43,1,0.6653,0.063577
DQN,deceptive_grid,0,317,29655,-44.0,59,1,0.6646,0.065018
DQN,deceptive_grid,0,318,29661,6.0,6,1,0.6645,0.060718
DQN,deceptive_grid,0,319,29717,-42.0,56,1,0.6639,0.061928
DQN,deceptive_grid,0,320,29790,-60.0,73,1,0.6631,0.056804
DQN,deceptive_grid,0,321,29826,-11.0,36,1,0.6627,0.05416
DQN,deceptive_grid,0,322,29886,-60.0,60,1,0.662,0.057181
DQN,deceptive_grid,0,323,29959,-51.0,73,1,0.6612,0.050821
DQN,deceptive_grid,0,324,29998,-25.0,39,1,0.6607,0.052071
DQN,deceptive_grid,0,325,30038,-17.0,40,1,0.6603,0.084199
DQN,deceptive_grid,0,326,30088,-37.0,50,1,0.6597,0.063914
DQN,deceptive_grid,0,327,30135,-46.0,47,1,0.6592,0.059665
DQN,deceptive_grid,0,328,30151,-9.0,16,1,0.659,0.052246
DQN,deceptive_grid,0,329,30183,-26.0,32,1,0.6586,0.049251
DQN,deceptive_grid,0,330,30213,-21.0,30,1,0.6583,0.050087
DQN,deceptive_grid,0,331,30295,-62.0,82,1,0.6574,0.050634
DQN,deceptive_grid,0,332,30339,-27.0,44,1,0.6569,0.045152
DQN,deceptive_grid,0,333,30360,-11.0,21,1,0.6566,0.045477
DQN,deceptive_grid,0,334,30411,-29.0,51,1,0.6561,0.050382
DQN,deceptive_grid,0,335,30440,-20.0,29,1,0.6557,0.049878
DQN,deceptive_grid,0,336,30448,7.0,8,1,0.6556,0.040601
DQN,deceptive_grid,0,337,30477,-14.0,29,1,0.6553,0.041353
DQN,deceptive_grid,0,338,30507,-20.0,30,1,0.655,0.052938
DQN,deceptive_grid,0,339,30561,-30.0,54,1,0.6544,0.057485
DQN,deceptive_grid,0,340,30605,-39.0,44,1,0.6539,0.046589
DQN,deceptive_grid,0,341,30621,0.0,16,1,0.6537,0.048899
DQN,deceptive_grid,0,342,30652,-5.0,31,1,0.6533,0.045931
DQN,deceptive_grid,0,343,30705,-53.0,53,1,0.6527,0.047405
DQN,deceptive_grid,0,344,30738,-16.0,33,1,0.6524,0.044422
DQN,deceptive_grid,0,345,30778,-29.0,40,1,0.6519,0.041628
DQN,deceptive_grid,0,346,30823,-26.0,45,1,0.6514,0.040833
DQN,deceptive_grid,0,347,30870,-31.0,47,1,0.6509,0.037193
DQN,deceptive_grid,0,348,30951,-64.0,81,1,0.65,0.040745
DQN,deceptive_grid,0,349,31009,-59.0,58,1,0.6493,0.041539
DQN,deceptive_grid,0,350,31025,0.0,16,1,0.6491,0.06171
DQN,deceptive_grid,0,351,31060,-16.0,35,1,0.6487,0.049486
DQN,deceptive_grid,0,352,31071,2.0,11,1,0.6486,0.04044
DQN,deceptive_grid,0,353,31162,-80.0,91,1,0.6476,0.042914
DQN,deceptive_grid,0,354,31199,-17.0,37,1,0.6472,0.042316
DQN,deceptive_grid,0,355,31254,-50.0,55,1,0.6465,0.04222
DQN,deceptive_grid,0,356,31277,-21.0,23,1,0.6463,0.039762
DQN,deceptive_grid,0,357,31304,-8.0,27,1,0.646,0.037089
DQN,deceptive_grid,0,358,31324,-3.0,20,1,0.6457,0.038335
DQN,deceptive_grid,0,359,31340,1.0,16,1,0.6456,0.039559
DQN,deceptive_grid,0,360,31373,-25.0,33,1,0.6452,0.037121
DQN,deceptive_grid,0,361,31405,-14.0,32,1,0.6448,0.032678
DQN,deceptive_grid,0,362,31418,1.0,13,1,0.6447,0.032766
DQN,deceptive_grid,0,363,31445,-10.0,27,1,0.6444,0.040578
DQN,deceptive_grid,0,364,31499,-35.0,54,1,0.6438,0.036712
DQN,deceptive_grid,0,365,31588,-99.0,89,1,0.6428,0.0499
DQN,deceptive_grid,0,366,31647,-46.0,59,1,0.6421,0.037445
DQN,deceptive_grid,0,367,31732,-60.0,85,1,0.6411,0.041946
DQN,deceptive_grid,0,368,31786,-41.0,54,1,0.6405,0.034565
DQN,deceptive_grid,0,369,31829,-21.0,43,1,0.64,0.037405
DQN,deceptive_grid,0,370,31854,-28.0,25,1,0.6397,0.040829
DQN,deceptive_grid,0,371,31914,-65.0,60,1,0.6391,0.0374
DQN,deceptive_grid,0,372,31961,-22.0,47,1,0.6385,0.035949
DQN,deceptive_grid,0,373,31982,-4.0,21,1,0.6383,0.032812
DQN,deceptive_grid,0,374,32009,-13.0,27,1,0.638,0.043781
DQN,deceptive_grid,0,375,32061,-33.0,52,1,0.6374,0.047718
DQN,deceptive_grid,0,376,32074,1.0,13,1,0.6373,0.042583
DQN,deceptive_grid,0,377,32120,-31.0,46,1,0.6367,0.040422
DQN,deceptive_grid,0,378,32169,-27.0,49,1,0.6362,0.032684
DQN,deceptive_grid,0,379,32246,-74.0,77,1,0.6353,0.034562
DQN,deceptive_grid,0,380,32291,-39.0,45,1,0.6348,0.039949
DQN,deceptive_grid,0,381,32318,-14.0,27,1,0.6345,0.03749
DQN,deceptive_grid,0,382,32384,-44.0,66,1,0.6338,0.039156
DQN,deceptive_grid,0,383,32403,-19.0,19,1,0.6335,0.034125
DQN,deceptive_grid,0,384,32428,-4.0,25,1,0.6333,0.032879
DQN,deceptive_grid,0,385,32456,-24.0,28,1,0.6329,0.032942
DQN,deceptive_grid,0,386,32516,-51.0,60,1,0.6323,0.041163
DQN,deceptive_grid,0,387,32595,-69.0,79,1,0.6314,0.042232
DQN,deceptive_grid,0,388,32649,-29.0,54,1,0.6308,0.037216
DQN,deceptive_grid,0,389,32683,-25.0,34,1,0.6304,0.035208
DQN,deceptive_grid,0,390,32725,-25.0,42,1,0.6299,0.039178
DQN,deceptive_grid,0,391,32759,-20.0,34,1,0.6295,0.0319
DQN,deceptive_grid,0,392,32812,-45.0,53,1,0.6289,0.033378
DQN,deceptive_grid,0,393,32865,-38.0,53,1,0.6283,0.030443
DQN,deceptive_grid,0,394,32921,-39.0,56,1,0.6277,0.031061
DQN,deceptive_grid,0,395,32948,-23.0,27,1,0.6274,0.03035
DQN,deceptive_grid,0,396,32974,-28.0,26,1,0.6271,0.032141
DQN,deceptive_grid,0,397,32989,3.0,15,1,0.6269,0.037782
DQN,deceptive_grid,0,398,32998,7.0,9,1,0.6268,0.027929
DQN,deceptive_grid,0,399,33038,-28.0,40,1,0.6264,0.042898
DQN,deceptive_grid,0,400,33075,-30.0,37,1,0.6259,0.042041
DQN,deceptive_grid,0,401,33094,-11.0,19,1,0.6257,0.041517
DQN,deceptive_grid,0,402,33159,-75.0,65,1,0.625,0.035696
DQN,deceptive_grid,0,403,33160,11.0,1,1,0.625,0.024984
DQN,deceptive_grid,0,404,33197,-9.0,37,1,0.6246,0.035312
DQN,deceptive_grid,0,405,33232,-9.0,35,1,0.6242,0.035784
DQN,deceptive_grid,0,406,33262,-9.0,30,1,0.6238,0.035783
DQN,deceptive_grid,0,407,33279,5.0,17,1,0.6236,0.030083
DQN,deceptive_grid,0,408,33320,-20.0,41,1,0.6232,0.032148
DQN,deceptive_grid,0,409,33365,-53.0,45,1,0.6227,0.032671
DQN,deceptive_grid,0,410,33404,-17.0,39,1,0.6222,0.030238
DQN,deceptive_grid,0,411,33412,7.0,8,1,0.6221,0.028731
DQN,deceptive_grid,0,412,33447,-43.0,35,1,0.6217,0.035165
DQN,deceptive_grid,0,413,33460,9.0,13,1,0.6216,0.026579
DQN,deceptive_grid,0,414,33474,3.0,14,1,0.6214,0.037255
DQN,deceptive_grid,0,415,33604,-129.0,130,1,0.62,0.038138
DQN,deceptive_grid,0,416,33660,-30.0,56,1,0.6193,0.035884
DQN,deceptive_grid,0,417,33711,-33.0,51,1,0.6187,0.036208
DQN,deceptive_grid,0,418,33752,-28.0,41,1,0.6183,0.03294
DQN,deceptive_grid,0,419,33785,-21.0,33,1,0.6179,0.034473
DQN,deceptive_grid,0,420,33796,-6.0,11,1,0.6178,0.040759
DQN,deceptive_grid,0,421,33820,-17.0,24,1,0.6175,0.034523
DQN,deceptive_grid,0,422,33863,-16.0,43,1,0.617,0.031661
DQN,deceptive_grid,0,423,33881,3.0,18,1,0.6168,0.028373
DQN,deceptive_grid,0,424,33915,-18.0,34,1,0.6164,0.035883
DQN,deceptive_grid,0,425,33928,5.0,13,1,0.6163,0.035017
DQN,deceptive_grid,0,426,33994,-38.0,66,1,0.6155,0.036963
DQN,deceptive_grid,0,427,34095,-111.0,101,1,0.6144,0.039832
DQN,deceptive_grid,0,428,34128,-13.0,33,1,0.614,0.033404
DQN,deceptive_grid,0,429,34193,-46.0,65,1,0.6133,0.032334
DQN,deceptive_grid,0,430,34288,-90.0,95,1,0.6122,0.033711
DQN,deceptive_grid,0,431,34345,-35.0,57,1,0.6116,0.03124
DQN,deceptive_grid,0,432,34387,-40.0,42,1,0.6111,0.032171
DQN,deceptive_grid,0,433,34406,-11.0,19,1,0.6109,0.02505
DQN,deceptive_grid,0,434,34434,-14.0,28,1,0.6106,0.037787
DQN,deceptive_grid,0,435,34485,-37.0,51,1,0.61,0.033893
DQN,deceptive_grid,0,436,34509,-2.0,24,1,0.6097,0.035779
DQN,deceptive_grid,0,437,34558,-46.0,49,1,0.6092,0.038777
DQN,deceptive_grid,0,438,34564,7.0,6,1,0.6091,0.040923
DQN,deceptive_grid,0,439,34616,-33.0,52,1,0.6085,0.03833
DQN,deceptive_grid,0,440,34640,-8.0,24,1,0.6082,0.030886
DQN,deceptive_grid,0,441,34658,-17.0,18,1,0.608,0.026361
DQN,deceptive_grid,0,442,34676,-8.0,18,1,0.6078,0.033176
DQN,deceptive_grid,0,443,34723,-31.0,47,1,0.6073,0.036349
DQN,deceptive_grid,0,444,34790,-42.0,67,1,0.6065,0.030613
DQN,deceptive_grid,0,445,34848,-49.0,58,1,0.6059,0.034294
DQN,deceptive_grid,0,446,34915,-42.0,67,1,0.6051,0.033088
DQN,deceptive_grid,0,447,34957,-26.0,42,1,0.6047,0.036914
DQN,deceptive_grid,0,448,34985,-2.0,28,1,0.6043,0.032481
DQN,deceptive_grid,0,449,35049,-49.0,64,1,0.6036,0.036758
DQN,deceptive_grid,0,450,35064,-2.0,15,1,0.6034,0.03876
DQN,deceptive_grid,0,451,35082,3.0,18,1,0.6032,0.029816
DQN,deceptive_grid,0,452,35143,-49.0,61,1,0.6025,0.032681
DQN,deceptive_grid,0,453,35157,0.0,14,1,0.6024,0.031688
DQN,deceptive_grid,0,454,35193,-22.0,36,1,0.602,0.033366
DQN,deceptive_grid,0,455,35250,-37.0,57,1,0.6013,0.029296
DQN,deceptive_grid,0,456,35316,-42.0,66,1,0.6006,0.031794
DQN,deceptive_grid,0,457,35368,-37.0,52,1,0.6,0.027558
DQN,deceptive_grid,0,458,35395,-13.0,27,1,0.5997,0.024819
DQN,deceptive_grid,0,459,35450,-40.0,55,1,0.5991,0.026812
DQN,deceptive_grid,0,460,35527,-55.0,77,1,0.5982,0.029697
DQN,deceptive_grid,0,461,35579,-21.0,52,1,0.5976,0.033747
DQN,deceptive_grid,0,462,35637,-51.0,58,1,0.597,0.02692
DQN,deceptive_grid,0,463,35697,-33.0,60,1,0.5963,0.027031
DQN,deceptive_grid,0,464,35737,-17.0,40,1,0.5958,0.033603
DQN,deceptive_grid,0,465,35763,-41.0,26,1,0.5955,0.028678
DQN,deceptive_grid,0,466,35807,-49.0,44,1,0.595,0.026338
DQN,deceptive_grid,0,467,35841,-23.0,34,1,0.5947,0.027011
DQN,deceptive_grid,0,468,35860,-10.0,19,1,0.5944,0.028508
DQN,deceptive_grid,0,469,35923,-51.0,63,1,0.5937,0.024728
DQN,deceptive_grid,0,470,35972,-23.0,49,1,0.5932,0.02144
DQN,deceptive_grid,0,471,36017,-24.0,45,1,0.5927,0.025878
DQN,deceptive_grid,0,472,36063,-36.0,46,1,0.5921,0.027577
DQN,deceptive_grid,0,473,36097,-21.0,34,1,0.5918,0.028854
DQN,deceptive_grid,0,474,36129,-7.0,32,1,0.5914,0.033217
DQN,deceptive_grid,0,475,36150,-9.0,21,1,0.5912,0.023098
DQN,deceptive_grid,0,476,36160,5.0,10,1,0.591,0.02432
DQN,deceptive_grid,0,477,36170,9.0,10,1,0.5909,0.023231
DQN,deceptive_grid,0,478,36208,-17.0,38,1,0.5905,0.025719
DQN,deceptive_grid,0,479,36230,3.0,22,1,0.5903,0.025954
DQN,deceptive_grid,0,480,36251,-6.0,21,1,0.59,0.027037
DQN,deceptive_grid,0,481,36296,-35.0,45,1,0.5895,0.022911
DQN,deceptive_grid,0,482,36335,-14.0,39,1,0.5891,0.022156
DQN,deceptive_grid,0,483,36380,-29.0,45,1,0.5886,0.022856
DQN,deceptive_grid,0,484,36387,6.0,7,1,0.5885,0.021848
DQN,deceptive_grid,0,485,36430,-18.0,43,1,0.588,0.024964
DQN,deceptive_grid,0,486,36432,11.0,2,1,0.588,0.027952
DQN,deceptive_grid,0,487,36470,-23.0,38,1,0.5875,0.029897
DQN,deceptive_grid,0,488,36556,-66.0,86,1,0.5866,0.029515
DQN,deceptive_grid,0,489,36582,-12.0,26,1,0.5863,0.031637
DQN,deceptive_grid,0,490,36623,-28.0,41,1,0.5858,0.025913
DQN,deceptive_grid,0,491,36669,-27.0,46,1,0.5853,0.024991
DQN,deceptive_grid,0,492,36707,-26.0,38,1,0.5849,0.024289
DQN,deceptive_grid,0,493,36728,-1.0,21,1,0.5846,0.023731
DQN,deceptive_grid,0,494,36774,-47.0,46,1,0.5841,0.022325
DQN,deceptive_grid,0,495,36814,-22.0,40,1,0.5837,0.025754
DQN,deceptive_grid,0,496,36826,1.0,12,1,0.5835,0.02017
DQN,deceptive_grid,0,497,36844,0.0,18,1,0.5833,0.021151
DQN,deceptive_grid,0,498,36896,-24.0,52,1,0.5827,0.021902
DQN,deceptive_grid,0,499,36984,-87.0,88,1,0.5817,0.019675
DQN,deceptive_grid,0,500,36997,0.0,13,1,0.5816,0.016116
DQN,deceptive_grid,0,501,37033,-22.0,36,1,0.5812,0.026436
DQN,deceptive_grid,0,502,37058,-5.0,25,1,0.5809,0.024037
DQN,deceptive_grid,0,503,37075,0.0,17,1,0.5807,0.023406
DQN,deceptive_grid,0,504,37117,-26.0,42,1,0.5802,0.021476
DQN,deceptive_grid,0,505,37149,-23.0,32,1,0.5799,0.019535
DQN,deceptive_grid,0,506,37174,-8.0,25,1,0.5796,0.023759
DQN,deceptive_grid,0,507,37218,-27.0,44,1,0.5791,0.02483
DQN,deceptive_grid,0,508,37225,9.0,7,1,0.579,0.028902
DQN,deceptive_grid,0,509,37263,-10.0,38,1,0.5786,0.024372
DQN,deceptive_grid,0,510,37286,-1.0,23,1,0.5783,0.021871
DQN,deceptive_grid,0,511,37322,-3.0,36,1,0.5779,0.020117
DQN,deceptive_grid,0,512,37371,-41.0,49,1,0.5774,0.021577
DQN,deceptive_grid,0,513,37406,-29.0,35,1,0.577,0.020364
DQN,deceptive_grid,0,514,37418,7.0,12,1,0.5768,0.019377
DQN,deceptive_grid,0,515,37427,2.0,9,1,0.5767,0.024305
DQN,deceptive_grid,0,516,37528,-80.0,101,1,0.5756,0.020721
DQN,deceptive_grid,0,517,37576,-42.0,48,1,0.575,0.028508
DQN,deceptive_grid,0,518,37630,-52.0,54,1,0.5744,0.022562
DQN,deceptive_grid,0,519,37659,-6.0,29,1,0.5741,0.017273
DQN,deceptive_grid,0,520,37667,5.0,8,1,0.574,0.018491
DQN,deceptive_grid,0,521,37688,-16.0,21,1,0.5738,0.018196
DQN,deceptive_grid,0,522,37694,7.0,6,1,0.5737,0.016663
DQN,deceptive_grid,0,523,37715,-3.0,21,1,0.5735,0.017019
DQN,deceptive_grid,0,524,37748,-40.0,33,1,0.5731,0.017941
DQN,deceptive_grid,0,525,37792,-35.0,44,1,0.5726,0.017883
DQN,deceptive_grid,0,526,37797,7.0,5,1,0.5725,0.022512
DQN,deceptive_grid,0,527,37809,5.0,12,1,0.5724,0.01494
DQN,deceptive_grid,0,528,37832,5.0,23,1,0.5721,0.015351
DQN,deceptive_grid,0,529,37878,-27.0,46,1,0.5716,0.019103
DQN,deceptive_grid,0,530,37907,-3.0,29,1,0.5713,0.02227
DQN,deceptive_grid,0,531,37933,-9.0,26,1,0.571,0.019302
DQN,deceptive_grid,0,532,37982,-31.0,49,1,0.5704,0.018093
DQN,deceptive_grid,0,533,38004,-13.0,22,1,0.5702,0.020349
DQN,deceptive_grid,0,534,38040,-44.0,36,1,0.5698,0.026701
DQN,deceptive_grid,0,535,38059,3.0,19,1,0.5696,0.024231
DQN,deceptive_grid,0,536,38094,-19.0,35,1,0.5692,0.020352
DQN,deceptive_grid,0,537,38109,-2.0,15,1,0.569,0.018047
DQN,deceptive_grid,0,538,38141,-10.0,32,1,0.5686,0.019099
DQN,deceptive_grid,0,539,38198,-30.0,57,1,0.568,0.019682
DQN,deceptive_grid,0,540,38260,-32.0,62,1,0.5673,0.019338
DQN,deceptive_grid,0,541,38294,-21.0,34,1,0.5669,0.016659
DQN,deceptive_grid,0,542,38324,-29.0,30,1,0.5666,0.015764
DQN,deceptive_grid,0,543,38363,-14.0,39,1,0.5661,0.018416
DQN,deceptive_grid,0,544,38364,11.0,1,1,0.5661,0.012366
DQN,deceptive_grid,0,545,38420,-44.0,56,1,0.5655,0.016708
DQN,deceptive_grid,0,546,38460,-23.0,40,1,0.565,0.015489
DQN,deceptive_grid,0,547,38506,-33.0,46,1,0.5645,0.019518
DQN,deceptive_grid,0,548,38558,-63.0,52,1,0.5639,0.02122
DQN,deceptive_grid,0,549,38626,-44.0,68,1,0.5632,0.021965
DQN,deceptive_grid,0,550,38659,-26.0,33,1,0.5628,0.016964
DQN,deceptive_grid,0,551,38715,-48.0,56,1,0.5622,0.017849
DQN,deceptive_grid,0,552,38724,4.0,9,1,0.562,0.01749
DQN,deceptive_grid,0,553,38781,-27.0,57,1,0.5614,0.016642
DQN,deceptive_grid,0,554,38787,9.0,6,1,0.5613,0.016289
DQN,deceptive_grid,0,555,38872,-64.0,85,1,0.5604,0.015898
DQN,deceptive_grid,0,556,38907,-27.0,35,1,0.56,0.018193
DQN,deceptive_grid,0,557,38934,-22.0,27,1,0.5597,0.015521
DQN,deceptive_grid,0,558,38947,-5.0,13,1,0.5595,0.014062
DQN,deceptive_grid,0,559,38985,-39.0,38,1,0.5591,0.019185
DQN,deceptive_grid,0,560,38998,-2.0,13,1,0.559,0.015909
DQN,deceptive_grid,0,561,39043,-30.0,45,1,0.5584,0.03098
DQN,deceptive_grid,0,562,39112,-59.0,69,1,0.5577,0.023229
DQN,deceptive_grid,0,563,39152,-42.0,40,1,0.5572,0.023081
DQN,deceptive_grid,0,564,39174,-13.0,22,1,0.557,0.020062
DQN,deceptive_grid,0,565,39192,3.0,18,1,0.5568,0.021252
DQN,deceptive_grid,0,566,39196,9.0,4,1,0.5567,0.020931
DQN,deceptive_grid,0,567,39241,-19.0,45,1,0.5562,0.019877
DQN,deceptive_grid,0,568,39271,-5.0,30,1,0.5559,0.017083
DQN,deceptive_grid,0,569,39320,-26.0,49,1,0.5553,0.019278
DQN,deceptive_grid,0,570,39329,2.0,9,1,0.5552,0.014803
DQN,deceptive_grid,0,571,39372,-17.0,43,1,0.5547,0.018138
DQN,deceptive_grid,0,572,39407,-29.0,35,1,0.5543,0.020562
DQN,deceptive_grid,0,573,39411,9.0,4,1,0.5543,0.012737
DQN,deceptive_grid,0,574,39489,-73.0,78,1,0.5534,0.016249
DQN,deceptive_grid,0,575,39527,-21.0,38,1,0.553,0.023055
DQN,deceptive_grid,0,576,39548,-9.0,21,1,0.5527,0.031116
DQN,deceptive_grid,0,577,39582,-25.0,34,1,0.5523,0.021354
DQN,deceptive_grid,0,578,39601,-3.0,19,1,0.5521,0.022325
DQN,deceptive_grid,0,579,39635,-16.0,34,1,0.5517,0.023084
DQN,deceptive_grid,0,580,39680,-19.0,45,1,0.5512,0.018304
DQN,deceptive_grid,0,581,39722,-27.0,42,1,0.5508,0.017438
DQN,deceptive_grid,0,582,39748,-13.0,26,1,0.5505,0.020405
DQN,deceptive_grid,0,583,39765,-11.0,17,1,0.5503,0.017867
DQN,deceptive_grid,0,584,39819,-25.0,54,1,0.5497,0.016909
DQN,deceptive_grid,0,585,39850,-22.0,31,1,0.5493,0.018012
DQN,deceptive_grid,0,586,39910,-43.0,60,1,0.5486,0.015698
DQN,deceptive_grid,0,587,39963,-23.0,53,1,0.548,0.018306
DQN,deceptive_grid,0,588,39984,-2.0,21,1,0.5478,0.016476
DQN,deceptive_grid,0,589,40046,-71.0,62,1,0.5471,0.018668
DQN,deceptive_grid,0,590,40076,-10.0,30,1,0.5468,0.021364
DQN,deceptive_grid,0,591,40116,-18.0,40,1,0.5463,0.020081
DQN,deceptive_grid,0,592,40144,-20.0,28,1,0.546,0.017432
DQN,deceptive_grid,0,593,40152,9.0,8,1,0.5459,0.016331
DQN,deceptive_grid,0,594,40181,-7.0,29,1,0.5456,0.016799
DQN,deceptive_grid,0,595,40210,-6.0,29,1,0.5452,0.017832
DQN,deceptive_grid,0,596,40245,-20.0,35,1,0.5448,0.017234
DQN,deceptive_grid,0,597,40294,-48.0,49,1,0.5443,0.015726
DQN,deceptive_grid,0,598,40318,-8.0,24,1,0.544,0.015948
DQN,deceptive_grid,0,599,40342,0.0,24,1,0.5438,0.014714
DQN,deceptive_grid,0,600,40371,-20.0,29,1,0.5434,0.017924
DQN,deceptive_grid,1,1,200,-260.0,200,0,0.9977,
DQN,deceptive_grid,1,2,400,-228.0,200,0,0.9955,
DQN,deceptive_grid,1,3,600,-322.0,200,0,0.9932,
DQN,deceptive_grid,1,4,800,-327.0,200,0,0.991,
DQN,deceptive_grid,1,5,1000,-268.0,200,0,0.9887,1.122515
DQN,deceptive_grid,1,6,1200,-257.0,200,0,0.9864,0.450207
DQN,deceptive_grid,1,7,1400,-257.0,200,0,0.9842,0.273631
DQN,deceptive_grid,1,8,1434,-45.0,34,1,0.9838,0.247237
DQN,deceptive_grid,1,9,1634,-234.0,200,0,0.9815,0.257932
DQN,deceptive_grid,1,10,1834,-260.0,200,0,0.9793,0.2457
DQN,deceptive_grid,1,11,2034,-277.0,200,0,0.977,0.237223
DQN,deceptive_grid,1,12,2234,-268.0,200,0,0.9747,0.24062
DQN,deceptive_grid,1,13,2434,-381.0,200,0,0.9725,0.236437
DQN,deceptive_grid,1,14,2634,-270.0,200,0,0.9702,0.241241
DQN,deceptive_grid,1,15,2834,-207.0,200,0,0.9679,0.22367
DQN,deceptive_grid,1,16,3027,-223.0,193,1,0.9658,0.211551
DQN,deceptive_grid,1,17,3227,-316.0,200,0,0.9635,0.215716
DQN,deceptive_grid,1,18,3427,-371.0,200,0,0.9612,0.199267
DQN,deceptive_grid,1,19,3627,-268.0,200,0,0.959,0.202156
DQN,deceptive_grid,1,20,3827,-252.0,200,0,0.9567,0.196655
DQN,deceptive_grid,1,21,4027,-253.0,200,0,0.9545,0.178943
DQN,deceptive_grid,1,22,4227,-256.0,200,0,0.9522,0.172484
DQN,deceptive_grid,1,23,4281,-37.0,54,1,0.9516,0.15466
DQN,deceptive_grid,1,24,4481,-260.0,200,0,0.9493,0.165775
DQN,deceptive_grid,1,25,4681,-243.0,200,0,0.9471,0.155494
DQN,deceptive_grid,1,26,4881,-267.0,200,0,0.9448,0.142732
DQN,deceptive_grid,1,27,5081,-260.0,200,0,0.9425,0.136591
DQN,deceptive_grid,1,28,5195,-144.0,114,1,0.9412,0.131311
DQN,deceptive_grid,1,29,5395,-249.0,200,0,0.939,0.135591
DQN,deceptive_grid,1,30,5595,-276.0,200,0,0.9367,0.122956
DQN,deceptive_grid,1,31,5795,-231.0,200,0,0.9345,0.112306
DQN,deceptive_grid,1,32,5995,-228.0,200,0,0.9322,0.109436
DQN,deceptive_grid,1,33,6029,-30.0,34,1,0.9318,0.114579
DQN,deceptive_grid,1,34,6175,-143.0,146,1,0.9302,0.10929
DQN,deceptive_grid,1,35,6375,-285.0,200,0,0.9279,0.111313
DQN,deceptive_grid,1,36,6575,-241.0,200,0,0.9256,0.099945
DQN,deceptive_grid,1,37,6600,-17.0,25,1,0.9254,0.120635
DQN,deceptive_grid,1,38,6800,-254.0,200,0,0.9231,0.102672
DQN,deceptive_grid,1,39,7000,-309.0,200,0,0.9208,0.101677
DQN,deceptive_grid,1,40,7200,-325.0,200,0,0.9186,0.106018
DQN,deceptive_grid,1,41,7400,-217.0,200,0,0.9163,0.100894
DQN,deceptive_grid,1,42,7481,-97.0,81,1,0.9154,0.100072
DQN,deceptive_grid,1,43,7681,-237.0,200,0,0.9131,0.096104
DQN,deceptive_grid,1,44,7881,-218.0,200,0,0.9109,0.101868
DQN,deceptive_grid,1,45,8081,-235.0,200,0,0.9086,0.097925
DQN,deceptive_grid,1,46,8281,-216.0,200,0,0.9063,0.095208
DQN,deceptive_grid,1,47,8481,-228.0,200,0,0.9041,0.088009
DQN,deceptive_grid,1,48,8681,-257.0,200,0,0.9018,0.09076
DQN,deceptive_grid,1,49,8816,-191.0,135,1,0.9003,0.084168
DQN,deceptive_grid,1,50,8881,-60.0,65,1,0.8996,0.086268
DQN,deceptive_grid,1,51,8977,-87.0,96,1,0.8985,0.097659
DQN,deceptive_grid,1,52,9140,-191.0,163,1,0.8966,0.088629
DQN,deceptive_grid,1,53,9202,-57.0,62,1,0.8959,0.095147
DQN,deceptive_grid,1,54,9305,-110.0,103,1,0.8948,0.098521
DQN,deceptive_grid,1,55,9348,-38.0,43,1,0.8943,0.093224
DQN,deceptive_grid,1,56,9548,-237.0,200,0,0.892,0.099033
DQN,deceptive_grid,1,57,9748,-276.0,200,0,0.8898,0.09646
DQN,deceptive_grid,1,58,9948,-221.0,200,0,0.8875,0.098439
DQN,deceptive_grid,1,59,10148,-278.0,200,0,0.8852,0.105126
DQN,deceptive_grid,1,60,10175,-24.0,27,1,0.8849,0.111104
DQN,deceptive_grid,1,61,10242,-70.0,67,1,0.8842,0.090377
DQN,deceptive_grid,1,62,10442,-237.0,200,0,0.8819,0.084373
DQN,deceptive_grid,1,63,10615,-204.0,173,1,0.8799,0.101842
DQN,deceptive_grid,1,64,10815,-271.0,200,0,0.8777,0.096407
DQN,deceptive_grid,1,65,11003,-208.0,188,1,0.8756,0.094785
DQN,deceptive_grid,1,66,11102,-120.0,99,1,0.8744,0.092736
DQN,deceptive_grid,1,67,11170,-58.0,68,1,0.8737,0.086786
DQN,deceptive_grid,1,68,11218,-47.0,48,1,0.8731,0.084322
DQN,deceptive_grid,1,69,11411,-247.0,193,1,0.8709,0.096208
DQN,deceptive_grid,1,70,11494,-103.0,83,1,0.87,0.096165
DQN,deceptive_grid,1,71,11630,-186.0,136,1,0.8685,0.11438
DQN,deceptive_grid,1,72,11646,-14.0,16,1,0.8683,0.163471
DQN,deceptive_grid,1,73,11728,-91.0,82,1,0.8674,0.118748
DQN,deceptive_grid,1,74,11928,-251.0,200,0,0.8651,0.098976
DQN,deceptive_grid,1,75,12050,-140.0,122,1,0.8637,0.119388
DQN,deceptive_grid,1,76,12089,-23.0,39,1,0.8633,0.123426
DQN,deceptive_grid,1,77,12289,-289.0,200,0,0.861,0.110357
DQN,deceptive_grid,1,78,12420,-136.0,131,1,0.8595,0.118088
DQN,deceptive_grid,1,79,12620,-239.0,200,0,0.8573,0.127715
DQN,deceptive_grid,1,80,12813,-196.0,193,1,0.8551,0.128007
DQN,deceptive_grid,1,81,12973,-150.0,160,1,0.8533,0.117276
DQN,deceptive_grid,1,82,13173,-253.0,200,0,0.851,0.1501
DQN,deceptive_grid,1,83,13219,-43.0,46,1,0.8505,0.13633
DQN,deceptive_grid,1,84,13250,-35.0,31,1,0.8501,0.115264
DQN,deceptive_grid,1,85,13450,-270.0,200,0,0.8479,0.12543
DQN,deceptive_grid,1,86,13608,-221.0,158,1,0.8461,0.166156
DQN,deceptive_grid,1,87,13613,1.0,5,1,0.846,0.176054
DQN,deceptive_grid,1,88,13813,-246.0,200,0,0.8438,0.148202
DQN,deceptive_grid,1,89,13955,-152.0,142,1,0.8422,0.140562
DQN,deceptive_grid,1,90,14015,-56.0,60,1,0.8415,0.172595
DQN,deceptive_grid,1,91,14207,-291.0,192,1,0.8393,0.180282
DQN,deceptive_grid,1,92,14261,-57.0,54,1,0.8387,0.155856
DQN,deceptive_grid,1,93,14313,-50.0,52,1,0.8381,0.158639
DQN,deceptive_grid,1,94,14458,-168.0,145,1,0.8365,0.163002
DQN,deceptive_grid,1,95,14466,9.0,8,1,0.8364,0.212024
DQN,deceptive_grid,1,96,14550,-83.0,84,1,0.8354,0.189142
DQN,deceptive_grid,1,97,14750,-250.0,200,0,0.8332,0.193288
DQN,deceptive_grid,1,98,14903,-142.0,153,1,0.8315,0.177879
DQN,deceptive_grid,1,99,15103,-297.0,200,0,0.8292,0.216298
DQN,deceptive_grid,1,100,15123,-9.0,20,1,0.829,0.271409
DQN,deceptive_grid,1,101,15215,-85.0,92,1,0.8279,0.206969
DQN,deceptive_grid,1,102,15333,-142.0,118,1,0.8266,0.214179
DQN,deceptive_grid,1,103,15352,-4.0,19,1,0.8264,0.217959
DQN,deceptive_grid,1,104,15500,-170.0,148,1,0.8247,0.199188
DQN,deceptive_grid,1,105,15530,-16.0,30,1,0.8244,0.322327
DQN,deceptive_grid,1,106,15730,-200.0,200,0,0.8221,0.241477
DQN,deceptive_grid,1,107,15779,-53.0,49,1,0.8215,0.216529
DQN,deceptive_grid,1,108,15842,-73.0,63,1,0.8208,0.217005
DQN,deceptive_grid,1,109,15901,-52.0,59,1,0.8202,0.201527
DQN,deceptive_grid,1,110,15995,-75.0,94,1,0.8191,0.203975
DQN,deceptive_grid,1,111,16086,-115.0,91,1,0.8181,0.267257
DQN,deceptive_grid,1,112,16223,-138.0,137,1,0.8165,0.243727
DQN,deceptive_grid,1,113,16386,-169.0,163,1,0.8147,0.220061
DQN,deceptive_grid,1,114,16388,11.0,2,1,0.8147,0.214864
DQN,deceptive_grid,1,115,16502,-138.0,114,1,0.8134,0.226113
DQN,deceptive_grid,1,116,16598,-126.0,96,1,0.8123,0.284547
DQN,deceptive_grid,1,117,16626,-16.0,28,1,0.812,0.25215
DQN,deceptive_grid,1,118,16665,-32.0,39,1,0.8115,0.240317
DQN,deceptive_grid,1,119,16865,-228.0,200,0,0.8093,0.24952
DQN,deceptive_grid,1,120,16907,-36.0,42,1,0.8088,0.233904
DQN,deceptive_grid,1,121,16961,-36.0,54,1,0.8082,0.262628
DQN,deceptive_grid,1,122,17051,-86.0,90,1,0.8072,0.288343
DQN,deceptive_grid,1,123,17069,-11.0,18,1,0.807,0.279089
DQN,deceptive_grid,1,124,17242,-173.0,173,1,0.805,0.272197
DQN,deceptive_grid,1,125,17256,-5.0,14,1,0.8048,0.252785
DQN,deceptive_grid,1,126,17371,-163.0,115,1,0.8035,0.258691
DQN,deceptive_grid,1,127,17571,-240.0,200,0,0.8013,0.277759
DQN,deceptive_grid,1,128,17676,-146.0,105,1,0.8001,0.278969
DQN,deceptive_grid,1,129,17734,-47.0,58,1,0.7994,0.262156
DQN,deceptive_grid,1,130,17741,6.0,7,1,0.7994,0.264801
DQN,deceptive_grid,1,131,17772,-17.0,31,1,0.799,0.246501
DQN,deceptive_grid,1,132,17852,-66.0,80,1,0.7981,0.255931
DQN,deceptive_grid,1,133,17978,-120.0,126,1,0.7967,0.244297
DQN,deceptive_grid,1,134,18060,-65.0,82,1,0.7957,0.314904
DQN,deceptive_grid,1,135,18150,-92.0,90,1,0.7947,0.28932
DQN,deceptive_grid,1,136,18211,-62.0,61,1,0.794,0.257009
DQN,deceptive_grid,1,137,18286,-96.0,75,1,0.7932,0.241597
DQN,deceptive_grid,1,138,18306,-18.0,20,1,0.793,0.270943
DQN,deceptive_grid,1,139,18315,7.0,9,1,0.7929,0.234433
DQN,deceptive_grid,1,140,18387,-87.0,72,1,0.7921,0.243684
DQN,deceptive_grid,1,141,18422,-33.0,35,1,0.7917,0.207427
DQN,deceptive_grid,1,142,18466,-24.0,44,1,0.7912,0.223498
DQN,deceptive_grid,1,143,18549,-87.0,83,1,0.7902,0.279543
DQN,deceptive_grid,1,144,18600,-48.0,51,1,0.7896,0.232447
DQN,deceptive_grid,1,145,18774,-184.0,174,1,0.7877,0.220665
DQN,deceptive_grid,1,146,18812,-24.0,38,1,0.7872,0.209179
DQN,deceptive_grid,1,147,18813,11.0,1,1,0.7872,0.256329
DQN,deceptive_grid,1,148,18842,-13.0,29,1,0.7869,0.22409
DQN,deceptive_grid,1,149,18904,-63.0,62,1,0.7862,0.199321
DQN,deceptive_grid,1,150,19026,-127.0,122,1,0.7848,0.23638
DQN,deceptive_grid,1,151,19063,-25.0,37,1,0.7844,0.2473
DQN,deceptive_grid,1,152,19229,-163.0,166,1,0.7825,0.212432
DQN,deceptive_grid,1,153,19377,-191.0,148,1,0.7809,0.18495
DQN,deceptive_grid,1,154,19412,-13.0,35,1,0.7805,0.19232
DQN,deceptive_grid,1,155,19487,-66.0,75,1,0.7796,0.182239
DQN,deceptive_grid,1,156,19495,7.0,8,1,0.7795,0.218598
DQN,deceptive_grid,1,157,19539,-36.0,44,1,0.779,0.314337
DQN,deceptive_grid,1,158,19558,1.0,19,1,0.7788,0.249416
DQN,deceptive_grid,1,159,19676,-114.0,118,1,0.7775,0.220479
DQN,deceptive_grid,1,160,19701,-8.0,25,1,0.7772,0.199963
DQN,deceptive_grid,1,161,19773,-51.0,72,1,0.7764,0.209211
DQN,deceptive_grid,1,162,19845,-66.0,72,1,0.7756,0.20689
DQN,deceptive_grid,1,163,19952,-109.0,107,1,0.7744,0.189665
DQN,deceptive_grid,1,164,20063,-120.0,111,1,0.7731,0.254034
DQN,deceptive_grid,1,165,20214,-145.0,151,1,0.7714,0.21678
DQN,deceptive_grid,1,166,20288,-82.0,74,1,0.7706,0.193642
DQN,deceptive_grid,1,167,20299,9.0,11,1,0.7704,0.184626
DQN,deceptive_grid,1,168,20364,-41.0,65,1,0.7697,0.191006
DQN,deceptive_grid,1,169,20424,-54.0,60,1,0.769,0.179079
DQN,deceptive_grid,1,170,20489,-66.0,65,1,0.7683,0.190517
DQN,deceptive_grid,1,171,20629,-157.0,140,1,0.7667,0.236474
DQN,deceptive_grid,1,172,20717,-76.0,88,1,0.7657,0.198698
DQN,deceptive_grid,1,173,20769,-41.0,52,1,0.7651,0.195885
DQN,deceptive_grid,1,174,20906,-149.0,137,1,0.7636,0.179971
DQN,deceptive_grid,1,175,20938,-9.0,32,1,0.7632,0.160417
DQN,deceptive_grid,1,176,21026,-80.0,88,1,0.7622,0.207144
DQN,deceptive_grid,1,177,21114,-73.0,88,1,0.7612,0.204057
DQN,deceptive_grid,1,178,21202,-70.0,88,1,0.7602,0.183778
DQN,deceptive_grid,1,179,21246,-46.0,44,1,0.7597,0.185107
DQN,deceptive_grid,1,180,21341,-108.0,95,1,0.7586,0.173721
DQN,deceptive_grid,1,181,21447,-89.0,106,1,0.7574,0.163678
DQN,deceptive_grid,1,182,21513,-84.0,66,1,0.7567,0.201072
DQN,deceptive_grid,1,183,21539,-33.0,26,1,0.7564,0.238832
DQN,deceptive_grid,1,184,21662,-109.0,123,1,0.755,0.196574
DQN,deceptive_grid,1,185,21738,-95.0,76,1,0.7542,0.168431
DQN,deceptive_grid,1,186,21789,-40.0,51,1,0.7536,0.151308
DQN,deceptive_grid,1,187,21851,-69.0,62,1,0.7529,0.150521
DQN,deceptive_grid,1,188,21907,-39.0,56,1,0.7522,0.153872
DQN,deceptive_grid,1,189,21950,-23.0,43,1,0.7518,0.143134
DQN,deceptive_grid,1,190,22067,-103.0,117,1,0.7504,0.197647
DQN,deceptive_grid,1,191,22211,-199.0,144,1,0.7488,0.1743
DQN,deceptive_grid,1,192,22270,-38.0,59,1,0.7481,0.149476
DQN,deceptive_grid,1,193,22296,-15.0,26,1,0.7478,0.153551
DQN,deceptive_grid,1,194,22372,-74.0,76,1,0.747,0.15044
DQN,deceptive_grid,1,195,22451,-66.0,79,1,0.7461,0.15373
DQN,deceptive_grid,1,196,22560,-116.0,109,1,0.7449,0.1824
DQN,deceptive_grid,1,197,22697,-141.0,137,1,0.7433,0.177697
DQN,deceptive_grid,1,198,22789,-76.0,92,1,0.7423,0.160203
DQN,deceptive_grid,1,199,22846,-42.0,57,1,0.7416,0.141863
DQN,deceptive_grid,1,200,22864,-2.0,18,1,0.7414,0.157498
DQN,deceptive_grid,1,201,22955,-89.0,91,1,0.7404,0.143509
DQN,deceptive_grid,1,202,23053,-99.0,98,1,0.7393,0.199584
DQN,deceptive_grid,1,203,23151,-87.0,98,1,0.7382,0.176568
DQN,deceptive_grid,1,204,23187,-18.0,36,1,0.7378,0.153023
DQN,deceptive_grid,1,205,23245,-48.0,58,1,0.7371,0.15427
DQN,deceptive_grid,1,206,23281,-24.0,36,1,0.7367,0.155181
DQN,deceptive_grid,1,207,23304,-20.0,23,1,0.7364,0.147123
DQN,deceptive_grid,1,208,23356,-39.0,52,1,0.7359,0.145485
DQN,deceptive_grid,1,209,23425,-51.0,69,1,0.7351,0.15244
DQN,deceptive_grid,1,210,23436,5.0,11,1,0.7349,0.144627
DQN,deceptive_grid,1,211,23466,-12.0,30,1,0.7346,0.139205
DQN,deceptive_grid,1,212,23531,-52.0,65,1,0.7339,0.178596
DQN,deceptive_grid,1,213,23550,-11.0,19,1,0.7337,0.197134
DQN,deceptive_grid,1,214,23597,-35.0,47,1,0.7331,0.161014
DQN,deceptive_grid,1,215,23679,-84.0,82,1,0.7322,0.158788
DQN,deceptive_grid,1,216,23754,-78.0,75,1,0.7314,0.151564
DQN,deceptive_grid,1,217,23802,-50.0,48,1,0.7308,0.148376
DQN,deceptive_grid,1,218,23840,-33.0,38,1,0.7304,0.130637
DQN,deceptive_grid,1,219,23919,-51.0,79,1,0.7295,0.155414
DQN,deceptive_grid,1,220,24001,-82.0,82,1,0.7286,0.137033
DQN,deceptive_grid,1,221,24092,-72.0,91,1,0.7275,0.178101
DQN,deceptive_grid,1,222,24171,-63.0,79,1,0.7266,0.14732
DQN,deceptive_grid,1,223,24257,-90.0,86,1,0.7257,0.142886
DQN,deceptive_grid,1,224,24336,-54.0,79,1,0.7248,0.139657
DQN,deceptive_grid,1,225,24376,-47.0,40,1,0.7243,0.134312
DQN,deceptive_grid,1,226,24478,-103.0,102,1,0.7232,0.141426
DQN,deceptive_grid,1,227,24485,9.0,7,1,0.7231,0.107656
DQN,deceptive_grid,1,228,24544,-63.0,59,1,0.7224,0.204684
DQN,deceptive_grid,1,229,24642,-99.0,98,1,0.7213,0.150398
DQN,deceptive_grid,1,230,24692,-51.0,50,1,0.7207,0.136879
DQN,deceptive_grid,1,231,24709,-7.0,17,1,0.7206,0.147518
DQN,deceptive_grid,1,232,24823,-101.0,114,1,0.7193,0.127313
DQN,deceptive_grid,1,233,24890,-47.0,67,1,0.7185,0.125175
DQN,deceptive_grid,1,234,24972,-85.0,82,1,0.7176,0.120335
DQN,deceptive_grid,1,235,25070,-99.0,98,1,0.7165,0.154665
DQN,deceptive_grid,1,236,25130,-43.0,60,1,0.7158,0.131056
DQN,deceptive_grid,1,237,25227,-81.0,97,1,0.7147,0.132088
DQN,deceptive_grid,1,238,25253,-7.0,26,1,0.7144,0.116584
DQN,deceptive_grid,1,239,25325,-52.0,72,1,0.7136,0.121825
DQN,deceptive_grid,1,240,25376,-53.0,51,1,0.713,0.123266
DQN,deceptive_grid,1,241,25407,-13.0,31,1,0.7127,0.11971
DQN,deceptive_grid,1,242,25478,-59.0,71,1,0.7119,0.12561
DQN,deceptive_grid,1,243,25548,-81.0,70,1,0.7111,0.162301
DQN,deceptive_grid,1,244,25564,-4.0,16,1,0.7109,0.139113
DQN,deceptive_grid,1,245,25626,-87.0,62,1,0.7102,0.137817
DQN,deceptive_grid,1,246,25703,-60.0,77,1,0.7093,0.125296
DQN,deceptive_grid,1,247,25845,-146.0,142,1,0.7077,0.119828
DQN,deceptive_grid,1,248,25889,-27.0,44,1,0.7072,0.117186
DQN,deceptive_grid,1,249,25929,-18.0,40,1,0.7068,0.111745
DQN,deceptive_grid,1,250,26125,-185.0,196,1,0.7045,0.139067
DQN,deceptive_grid,1,251,26151,-6.0,26,1,0.7042,0.122703
DQN,deceptive_grid,1,252,26222,-63.0,71,1,0.7034,0.124278
DQN,deceptive_grid,1,253,26296,-59.0,74,1,0.7026,0.129577
DQN,deceptive_grid,1,254,26368,-57.0,72,1,0.7018,0.121803
DQN,deceptive_grid,1,255,26563,-202.0,195,1,0.6996,0.139311
DQN,deceptive_grid,1,256,26646,-72.0,83,1,0.6986,0.125654
DQN,deceptive_grid,1,257,26731,-67.0,85,1,0.6977,0.122078
DQN,deceptive_grid,1,258,26776,-19.0,45,1,0.6972,0.117461
DQN,deceptive_grid,1,259,26835,-48.0,59,1,0.6965,0.124271
DQN,deceptive_grid,1,260,26921,-79.0,86,1,0.6955,0.110341
DQN,deceptive_grid,1,261,26965,-35.0,44,1,0.695,0.110531
DQN,deceptive_grid,1,262,27002,-21.0,37,1,0.6946,0.122099
DQN,deceptive_grid,1,263,27021,-8.0,19,1,0.6944,0.201745
DQN,deceptive_grid,1,264,27062,-38.0,41,1,0.6939,0.147063
DQN,deceptive_grid,1,265,27104,-20.0,42,1,0.6935,0.121735
DQN,deceptive_grid,1,266,27118,-4.0,14,1,0.6933,0.124003
DQN,deceptive_grid,1,267,27140,-4.0,22,1,0.6931,0.11296
DQN,deceptive_grid,1,268,27179,-37.0,39,1,0.6926,0.136465
DQN,deceptive_grid,1,269,27251,-50.0,72,1,0.6918,0.111808
DQN,deceptive_grid,1,270,27253,11.0,2,1,0.6918,0.163604
DQN,deceptive_grid,1,271,27326,-83.0,73,1,0.691,0.116587
DQN,deceptive_grid,1,272,27367,-34.0,41,1,0.6905,0.100877
DQN,deceptive_grid,1,273,27400,-22.0,33,1,0.6901,0.107697
DQN,deceptive_grid,1,274,27476,-104.0,76,1,0.6893,0.096809
DQN,deceptive_grid,1,275,27511,-14.0,35,1,0.6889,0.158591
DQN,deceptive_grid,1,276,27517,9.0,6,1,0.6888,0.165348
DQN,deceptive_grid,1,277,27563,-45.0,46,1,0.6883,0.134155
DQN,deceptive_grid,1,278,27591,-9.0,28,1,0.688,0.127064
DQN,deceptive_grid,1,279,27623,-5.0,32,1,0.6876,0.130815
DQN,deceptive_grid,1,280,27672,-52.0,49,1,0.687,0.113642
DQN,deceptive_grid,1,281,27710,-25.0,38,1,0.6866,0.106846
DQN,deceptive_grid,1,282,27807,-77.0,97,1,0.6855,0.097823
DQN,deceptive_grid,1,283,27847,-15.0,40,1,0.6851,0.092595
DQN,deceptive_grid,1,284,27934,-78.0,87,1,0.6841,0.096107
DQN,deceptive_grid,1,285,28010,-90.0,76,1,0.6832,0.117182
DQN,deceptive_grid,1,286,28103,-101.0,93,1,0.6822,0.129234
DQN,deceptive_grid,1,287,28260,-143.0,157,1,0.6804,0.102042
DQN,deceptive_grid,1,288,28324,-37.0,64,1,0.6797,0.099516
DQN,deceptive_grid,1,289,28329,9.0,5,1,0.6796,0.099304
DQN,deceptive_grid,1,290,28429,-105.0,100,1,0.6785,0.099239
DQN,deceptive_grid,1,291,28520,-83.0,91,1,0.6775,0.104507
DQN,deceptive_grid,1,292,28563,-48.0,43,1,0.677,0.107672
DQN,deceptive_grid,1,293,28607,-38.0,44,1,0.6765,0.101325
DQN,deceptive_grid,1,294,28656,-32.0,49,1,0.6759,0.101521
DQN,deceptive_grid,1,295,28670,3.0,14,1,0.6758,0.100397
DQN,deceptive_grid,1,296,28708,-22.0,38,1,0.6753,0.096871
DQN,deceptive_grid,1,297,28718,-10.0,10,1,0.6752,0.085625
DQN,deceptive_grid,1,298,28769,-30.0,51,1,0.6746,0.089543
DQN,deceptive_grid,1,299,28776,7.0,7,1,0.6746,0.101366
DQN,deceptive_grid,1,300,28818,-22.0,42,1,0.6741,0.085088
DQN,deceptive_grid,1,301,28896,-61.0,78,1,0.6732,0.085309
DQN,deceptive_grid,1,302,28919,-23.0,23,1,0.6729,0.085526
DQN,deceptive_grid,1,303,28948,-28.0,29,1,0.6726,0.077857
DQN,deceptive_grid,1,304,29017,-77.0,69,1,0.6718,0.097073
DQN,deceptive_grid,1,305,29049,-27.0,32,1,0.6715,0.113492
DQN,deceptive_grid,1,306,29088,-14.0,39,1,0.671,0.088035
DQN,deceptive_grid,1,307,29119,-16.0,31,1,0.6707,0.081426
DQN,deceptive_grid,1,308,29128,5.0,9,1,0.6706,0.087766
DQN,deceptive_grid,1,309,29138,-8.0,10,1,0.6705,0.081826
DQN,deceptive_grid,1,310,29290,-166.0,152,1,0.6687,0.077484
DQN,deceptive_grid,1,311,29300,5.0,10,1,0.6686,0.065582
DQN,deceptive_grid,1,312,29309,11.0,9,1,0.6685,0.067256
DQN,deceptive_grid,1,313,29509,-237.0,200,0,0.6663,0.078099
DQN,deceptive_grid,1,314,29574,-45.0,65,1,0.6655,0.08037
DQN,deceptive_grid,1,315,29590,-4.0,16,1,0.6654,0.077521
DQN,deceptive_grid,1,316,29649,-42.0,59,1,0.6647,0.066042
DQN,deceptive_grid,1,317,29726,-74.0,77,1,0.6638,0.061776
DQN,deceptive_grid,1,318,29792,-48.0,66,1,0.6631,0.063271
DQN,deceptive_grid,1,319,29839,-21.0,47,1,0.6625,0.058041
DQN,deceptive_grid,1,320,29870,-23.0,31,1,0.6622,0.060665
DQN,deceptive_grid,1,321,29894,-11.0,24,1,0.6619,0.059436
DQN,deceptive_grid,1,322,29949,-46.0,55,1,0.6613,0.060045
DQN,deceptive_grid,1,323,29955,9.0,6,1,0.6612,0.066018
DQN,deceptive_grid,1,324,29960,6.0,5,1,0.6612,0.055633
DQN,deceptive_grid,1,325,30049,-78.0,89,1,0.6602,0.072434
DQN,deceptive_grid,1,326,30078,-10.0,29,1,0.6598,0.059169
DQN,deceptive_grid,1,327,30086,7.0,8,1,0.6597,0.060542
DQN,deceptive_grid,1,328,30108,-21.0,22,1,0.6595,0.06018
DQN,deceptive_grid,1,329,30210,-106.0,102,1,0.6583,0.055634
DQN,deceptive_grid,1,330,30237,-6.0,27,1,0.658,0.057529
DQN,deceptive_grid,1,331,30277,-17.0,40,1,0.6576,0.048948
DQN,deceptive_grid,1,332,30413,-135.0,136,1,0.656,0.048158
DQN,deceptive_grid,1,333,30509,-84.0,96,1,0.655,0.053205
DQN,deceptive_grid,1,334,30555,-36.0,46,1,0.6544,0.060045
DQN,deceptive_grid,1,335,30569,-5.0,14,1,0.6543,0.053734
DQN,deceptive_grid,1,336,30583,9.0,14,1,0.6541,0.049703
DQN,deceptive_grid,1,337,30620,-40.0,37,1,0.6537,0.05357
DQN,deceptive_grid,1,338,30698,-66.0,78,1,0.6528,0.049415
DQN,deceptive_grid,1,339,30764,-65.0,66,1,0.6521,0.045662
DQN,deceptive_grid,1,340,30783,-4.0,19,1,0.6519,0.03998
DQN,deceptive_grid,1,341,30801,3.0,18,1,0.6517,0.049257
DQN,deceptive_grid,1,342,30837,-46.0,36,1,0.6512,0.042784
DQN,deceptive_grid,1,343,30886,-36.0,49,1,0.6507,0.044185
DQN,deceptive_grid,1,344,30936,-36.0,50,1,0.6501,0.040083
DQN,deceptive_grid,1,345,30977,-25.0,41,1,0.6497,0.046515
DQN,deceptive_grid,1,346,30988,7.0,11,1,0.6495,0.043148
DQN,deceptive_grid,1,347,31011,-13.0,23,1,0.6493,0.063665
DQN,deceptive_grid,1,348,31072,-49.0,61,1,0.6486,0.062183
DQN,deceptive_grid,1,349,31117,-27.0,45,1,0.6481,0.060141
DQN,deceptive_grid,1,350,31189,-64.0,72,1,0.6473,0.045594
DQN,deceptive_grid,1,351,31202,0.0,13,1,0.6471,0.042792
DQN,deceptive_grid,1,352,31265,-45.0,63,1,0.6464,0.046807
DQN,deceptive_grid,1,353,31457,-192.0,192,1,0.6442,0.042056
DQN,deceptive_grid,1,354,31507,-21.0,50,1,0.6437,0.046151
DQN,deceptive_grid,1,355,31534,-1.0,27,1,0.6434,0.062484
DQN,deceptive_grid,1,356,31595,-54.0,61,1,0.6427,0.053263
DQN,deceptive_grid,1,357,31648,-42.0,53,1,0.6421,0.048946
DQN,deceptive_grid,1,358,31653,9.0,5,1,0.642,0.051997
DQN,deceptive_grid,1,359,31664,5.0,11,1,0.6419,0.049936
DQN,deceptive_grid,1,360,31705,-18.0,41,1,0.6414,0.043085
DQN,deceptive_grid,1,361,31728,-9.0,23,1,0.6412,0.044292
DQN,deceptive_grid,1,362,31747,-3.0,19,1,0.641,0.041899
DQN,deceptive_grid,1,363,31808,-84.0,61,1,0.6403,0.038593
DQN,deceptive_grid,1,364,31850,-36.0,42,1,0.6398,0.042144
DQN,deceptive_grid,1,365,31874,-7.0,24,1,0.6395,0.046791
DQN,deceptive_grid,1,366,31933,-56.0,59,1,0.6389,0.037658
DQN,deceptive_grid,1,367,31952,0.0,19,1,0.6386,0.037305
DQN,deceptive_grid,1,368,31958,9.0,6,1,0.6386,0.034432
DQN,deceptive_grid,1,369,32045,-83.0,87,1,0.6376,0.049732
DQN,deceptive_grid,1,370,32095,-29.0,50,1,0.637,0.047565
DQN,deceptive_grid,1,371,32099,1.0,4,1,0.637,0.047264
DQN,deceptive_grid,1,372,32151,-25.0,52,1,0.6364,0.041731
DQN,deceptive_grid,1,373,32190,-35.0,39,1,0.6359,0.043109
DQN,deceptive_grid,1,374,32219,-23.0,29,1,0.6356,0.03663
DQN,deceptive_grid,1,375,32276,-37.0,57,1,0.635,0.038149
DQN,deceptive_grid,1,376,32352,-66.0,76,1,0.6341,0.038608
DQN,deceptive_grid,1,377,32436,-82.0,84,1,0.6332,0.037538
DQN,deceptive_grid,1,378,32438,11.0,2,1,0.6331,0.035897
DQN,deceptive_grid,1,379,32477,-18.0,39,1,0.6327,0.032638
DQN,deceptive_grid,1,380,32569,-99.0,92,1,0.6317,0.049418
DQN,deceptive_grid,1,381,32626,-27.0,57,1,0.631,0.050612
DQN,deceptive_grid,1,382,32631,6.0,5,1,0.631,0.043067
DQN,deceptive_grid,1,383,32650,-1.0,19,1,0.6307,0.044943
DQN,deceptive_grid,1,384,32688,-20.0,38,1,0.6303,0.038951
DQN,deceptive_grid,1,385,32769,-65.0,81,1,0.6294,0.039758
DQN,deceptive_grid,1,386,32800,-21.0,31,1,0.629,0.040149
DQN,deceptive_grid,1,387,32836,-23.0,36,1,0.6286,0.035285
DQN,deceptive_grid,1,388,32854,1.0,18,1,0.6284,0.037351
DQN,deceptive_grid,1,389,32914,-55.0,60,1,0.6278,0.037378
DQN,deceptive_grid,1,390,33020,-92.0,106,1,0.6266,0.040502
DQN,deceptive_grid,1,391,33067,-30.0,47,1,0.626,0.045886
DQN,deceptive_grid,1,392,33141,-79.0,74,1,0.6252,0.039823
DQN,deceptive_grid,1,393,33183,-59.0,42,1,0.6247,0.036397
DQN,deceptive_grid,1,394,33230,-28.0,47,1,0.6242,0.033615
DQN,deceptive_grid,1,395,33242,2.0,12,1,0.624,0.036419
DQN,deceptive_grid,1,396,33270,-3.0,28,1,0.6237,0.032537
DQN,deceptive_grid,1,397,33271,11.0,1,1,0.6237,0.030957
DQN,deceptive_grid,1,398,33323,-39.0,52,1,0.6231,0.035818
DQN,deceptive_grid,1,399,33363,-38.0,40,1,0.6227,0.035001
DQN,deceptive_grid,1,400,33391,-1.0,28,1,0.6224,0.030501
DQN,deceptive_grid,1,401,33428,-21.0,37,1,0.6219,0.0351
DQN,deceptive_grid,1,402,33481,-39.0,53,1,0.6213,0.031807
DQN,deceptive_grid,1,403,33519,-29.0,38,1,0.6209,0.041477
DQN,deceptive_grid,1,404,33541,-14.0,22,1,0.6207,0.038824
DQN,deceptive_grid,1,405,33553,4.0,12,1,0.6205,0.038197
DQN,deceptive_grid,1,406,33563,-5.0,10,1,0.6204,0.034215
DQN,deceptive_grid,1,407,33624,-84.0,61,1,0.6197,0.034691
DQN,deceptive_grid,1,408,33689,-60.0,65,1,0.619,0.031054
DQN,deceptive_grid,1,409,33757,-55.0,68,1,0.6182,0.033891
DQN,deceptive_grid,1,410,33768,3.0,11,1,0.6181,0.028689
DQN,deceptive_grid,1,411,33820,-31.0,52,1,0.6175,0.027164
DQN,deceptive_grid,1,412,33860,-27.0,40,1,0.6171,0.028942
DQN,deceptive_grid,1,413,33900,-15.0,40,1,0.6166,0.030545
DQN,deceptive_grid,1,414,33992,-80.0,92,1,0.6156,0.028036
DQN,deceptive_grid,1,415,34056,-47.0,64,1,0.6148,0.040148
DQN,deceptive_grid,1,416,34099,-15.0,43,1,0.6144,0.037432
DQN,deceptive_grid,1,417,34120,5.0,21,1,0.6141,0.038548
DQN,deceptive_grid,1,418,34144,-9.0,24,1,0.6138,0.038146
DQN,deceptive_grid,1,419,34147,6.0,3,1,0.6138,0.039541
DQN,deceptive_grid,1,420,34186,-26.0,39,1,0.6134,0.035076
DQN,deceptive_grid,1,421,34209,-14.0,23,1,0.6131,0.031232
DQN,deceptive_grid,1,422,34263,-33.0,54,1,0.6125,0.031912
DQN,deceptive_grid,1,423,34306,-31.0,43,1,0.612,0.030492
DQN,deceptive_grid,1,424,34344,-45.0,38,1,0.6116,0.032732
DQN,deceptive_grid,1,425,34387,-25.0,43,1,0.6111,0.029883
DQN,deceptive_grid,1,426,34454,-50.0,67,1,0.6103,0.028875
DQN,deceptive_grid,1,427,34514,-58.0,60,1,0.6097,0.031396
DQN,deceptive_grid,1,428,34538,-10.0,24,1,0.6094,0.046808
DQN,deceptive_grid,1,429,34610,-62.0,72,1,0.6086,0.036193
DQN,deceptive_grid,1,430,34643,-9.0,33,1,0.6082,0.032037
DQN,deceptive_grid,1,431,34649,9.0,6,1,0.6081,0.035327
DQN,deceptive_grid,1,432,34704,-35.0,55,1,0.6075,0.03227
DQN,deceptive_grid,1,433,34727,-3.0,23,1,0.6073,0.032433
DQN,deceptive_grid,1,434,34798,-53.0,71,1,0.6065,0.030331
DQN,deceptive_grid,1,435,34810,-3.0,12,1,0.6063,0.026782
DQN,deceptive_grid,1,436,34873,-43.0,63,1,0.6056,0.027291
DQN,deceptive_grid,1,437,34934,-49.0,61,1,0.6049,0.025938
DQN,deceptive_grid,1,438,34945,11.0,11,1,0.6048,0.026853
DQN,deceptive_grid,1,439,34990,-58.0,45,1,0.6043,0.023427
DQN,deceptive_grid,1,440,35009,5.0,19,1,0.6041,0.044223
DQN,deceptive_grid,1,441,35052,-28.0,43,1,0.6036,0.036325
DQN,deceptive_grid,1,442,35126,-63.0,74,1,0.6027,0.031277
DQN,deceptive_grid,1,443,35169,-21.0,43,1,0.6023,0.034859
DQN,deceptive_grid,1,444,35208,-35.0,39,1,0.6018,0.029352
DQN,deceptive_grid,1,445,35217,7.0,9,1,0.6017,0.02576
DQN,deceptive_grid,1,446,35300,-62.0,83,1,0.6008,0.025794
DQN,deceptive_grid,1,447,35320,1.0,20,1,0.6005,0.029777
DQN,deceptive_grid,1,448,35341,-4.0,21,1,0.6003,0.030328
DQN,deceptive_grid,1,449,35383,-39.0,42,1,0.5998,0.025711
DQN,deceptive_grid,1,450,35443,-48.0,60,1,0.5992,0.024799
DQN,deceptive_grid,1,451,35532,-83.0,89,1,0.5981,0.027349
DQN,deceptive_grid,1,452,35568,-38.0,36,1,0.5977,0.031114
DQN,deceptive_grid,1,453,35617,-43.0,49,1,0.5972,0.025925
DQN,deceptive_grid,1,454,35657,-36.0,40,1,0.5967,0.024373
DQN,deceptive_grid,1,455,35697,-22.0,40,1,0.5963,0.024738
DQN,deceptive_grid,1,456,35732,-12.0,35,1,0.5959,0.023542
DQN,deceptive_grid,1,457,35790,-40.0,58,1,0.5952,0.023111
DQN,deceptive_grid,1,458,35844,-25.0,54,1,0.5946,0.020851
DQN,deceptive_grid,1,459,35878,-34.0,34,1,0.5942,0.022831
DQN,deceptive_grid,1,460,35923,-34.0,45,1,0.5937,0.022369
DQN,deceptive_grid,1,461,35960,-19.0,37,1,0.5933,0.022077
DQN,deceptive_grid,1,462,36018,-36.0,58,1,0.5927,0.023241
DQN,deceptive_grid,1,463,36055,-18.0,37,1,0.5922,0.030257
DQN,deceptive_grid,1,464,36071,-6.0,16,1,0.5921,0.026794
DQN,deceptive_grid,1,465,36105,-16.0,34,1,0.5917,0.026236
DQN,deceptive_grid,1,466,36137,-24.0,32,1,0.5913,0.023642
DQN,deceptive_grid,1,467,36157,-10.0,20,1,0.5911,0.022469
DQN,deceptive_grid,1,468,36173,-2.0,16,1,0.5909,0.027005
DQN,deceptive_grid,1,469,36237,-52.0,64,1,0.5902,0.021261
DQN,deceptive_grid,1,470,36254,-10.0,17,1,0.59,0.021987
DQN,deceptive_grid,1,471,36302,-26.0,48,1,0.5894,0.020411
DQN,deceptive_grid,1,472,36303,11.0,1,1,0.5894,0.02504
DQN,deceptive_grid,1,473,36362,-49.0,59,1,0.5888,0.022399
DQN,deceptive_grid,1,474,36378,5.0,16,1,0.5886,0.019298
DQN,deceptive_grid,1,475,36435,-51.0,57,1,0.5879,0.02236
DQN,deceptive_grid,1,476,36449,-4.0,14,1,0.5878,0.018648
DQN,deceptive_grid,1,477,36475,-10.0,26,1,0.5875,0.018318
DQN,deceptive_grid,1,478,36495,-7.0,20,1,0.5873,0.018503
DQN,deceptive_grid,1,479,36523,-12.0,28,1,0.5869,0.022628
DQN,deceptive_grid,1,480,36625,-86.0,102,1,0.5858,0.022306
DQN,deceptive_grid,1,481,36677,-44.0,52,1,0.5852,0.01953
DQN,deceptive_grid,1,482,36734,-49.0,57,1,0.5846,0.018306
DQN,deceptive_grid,1,483,36804,-66.0,70,1,0.5838,0.01968
DQN,deceptive_grid,1,484,36860,-50.0,56,1,0.5831,0.016941
DQN,deceptive_grid,1,485,36929,-56.0,69,1,0.5824,0.018421
DQN,deceptive_grid,1,486,36977,-26.0,48,1,0.5818,0.01774
DQN,deceptive_grid,1,487,36980,11.0,3,1,0.5818,0.019701
DQN,deceptive_grid,1,488,37027,-36.0,47,1,0.5812,0.021032
DQN,deceptive_grid,1,489,37081,-40.0,54,1,0.5806,0.022134
DQN,deceptive_grid,1,490,37152,-52.0,71,1,0.5798,0.017753
DQN,deceptive_grid,1,491,37224,-68.0,72,1,0.579,0.019556
DQN,deceptive_grid,1,492,37287,-54.0,63,1,0.5783,0.018193
DQN,deceptive_grid,1,493,37325,-22.0,38,1,0.5779,0.01583
DQN,deceptive_grid,1,494,37369,-28.0,44,1,0.5774,0.015654
DQN,deceptive_grid,1,495,37384,2.0,15,1,0.5772,0.016641
DQN,deceptive_grid,1,496,37435,-36.0,51,1,0.5766,0.017583
DQN,deceptive_grid,1,497,37449,-2.0,14,1,0.5765,0.015048
DQN,deceptive_grid,1,498,37471,-8.0,22,1,0.5762,0.014218
DQN,deceptive_grid,1,499,37498,-10.0,27,1,0.5759,0.016345
DQN,deceptive_grid,1,500,37551,-39.0,53,1,0.5753,0.019769
DQN,deceptive_grid,1,501,37602,-27.0,51,1,0.5747,0.016109
DQN,deceptive_grid,1,502,37634,-23.0,32,1,0.5744,0.014524
DQN,deceptive_grid,1,503,37666,-14.0,32,1,0.574,0.015644
DQN,deceptive_grid,1,504,37724,-52.0,58,1,0.5734,0.014035
DQN,deceptive_grid,1,505,37803,-61.0,79,1,0.5725,0.015442
DQN,deceptive_grid,1,506,37841,-28.0,38,1,0.572,0.01544
DQN,deceptive_grid,1,507,37872,-16.0,31,1,0.5717,0.014231
DQN,deceptive_grid,1,508,37895,-3.0,23,1,0.5714,0.01577
DQN,deceptive_grid,1,509,37963,-61.0,68,1,0.5707,0.013315
DQN,deceptive_grid,1,510,38005,-28.0,42,1,0.5702,0.015136
DQN,deceptive_grid,1,511,38033,-6.0,28,1,0.5699,0.020239
DQN,deceptive_grid,1,512,38075,-39.0,42,1,0.5694,0.016197
DQN,deceptive_grid,1,513,38105,-8.0,30,1,0.5691,0.016105
DQN,deceptive_grid,1,514,38152,-27.0,47,1,0.5685,0.017933
DQN,deceptive_grid,1,515,38194,-20.0,42,1,0.568,0.014708
DQN,deceptive_grid,1,516,38233,-16.0,39,1,0.5676,0.013289
DQN,deceptive_grid,1,517,38270,-13.0,37,1,0.5672,0.015819
DQN,deceptive_grid,1,518,38309,-42.0,39,1,0.5667,0.014204
DQN,deceptive_grid,1,519,38347,-22.0,38,1,0.5663,0.01452
DQN,deceptive_grid,1,520,38388,-18.0,41,1,0.5658,0.013254
DQN,deceptive_grid,1,521,38440,-37.0,52,1,0.5653,0.015414
DQN,deceptive_grid,1,522,38479,-15.0,39,1,0.5648,0.012583
DQN,deceptive_grid,1,523,38491,-2.0,12,1,0.5647,0.01223
DQN,deceptive_grid,1,524,38520,-12.0,29,1,0.5644,0.017838
DQN,deceptive_grid,1,525,38588,-59.0,68,1,0.5636,0.014897
DQN,deceptive_grid,1,526,38615,-16.0,27,1,0.5633,0.014425
DQN,deceptive_grid,1,527,38681,-59.0,66,1,0.5625,0.012804
DQN,deceptive_grid,1,528,38743,-46.0,62,1,0.5618,0.014287
DQN,deceptive_grid,1,529,38781,-18.0,38,1,0.5614,0.012495
DQN,deceptive_grid,1,530,38791,6.0,10,1,0.5613,0.010838
DQN,deceptive_grid,1,531,38802,-5.0,11,1,0.5612,0.012012
DQN,deceptive_grid,1,532,38854,-27.0,52,1,0.5606,0.011711
DQN,deceptive_grid,1,533,38906,-32.0,52,1,0.56,0.013132
DQN,deceptive_grid,1,534,38983,-51.0,77,1,0.5591,0.011378
DQN,deceptive_grid,1,535,39030,-37.0,47,1,0.5586,0.014296
DQN,deceptive_grid,1,536,39038,1.0,8,1,0.5585,0.014964
DQN,deceptive_grid,1,537,39040,6.0,2,1,0.5585,0.016286
DQN,deceptive_grid,1,538,39076,-19.0,36,1,0.5581,0.013246
DQN,deceptive_grid,1,539,39084,9.0,8,1,0.558,0.012674
DQN,deceptive_grid,1,540,39101,7.0,17,1,0.5578,0.011466
DQN,deceptive_grid,1,541,39123,-10.0,22,1,0.5575,0.011981
DQN,deceptive_grid,1,542,39182,-76.0,59,1,0.5569,0.010845
DQN,deceptive_grid,1,543,39241,-41.0,59,1,0.5562,0.013499
DQN,deceptive_grid,1,544,39291,-50.0,50,1,0.5556,0.012672
DQN,deceptive_grid,1,545,39333,-19.0,42,1,0.5552,0.012153
DQN,deceptive_grid,1,546,39360,-3.0,27,1,0.5549,0.010722
DQN,deceptive_grid,1,547,39393,-15.0,33,1,0.5545,0.011995
DQN,deceptive_grid,1,548,39405,2.0,12,1,0.5543,0.012192
DQN,deceptive_grid,1,549,39430,-1.0,25,1,0.5541,0.010689
DQN,deceptive_grid,1,550,39473,-17.0,43,1,0.5536,0.00963
DQN,deceptive_grid,1,551,39486,-6.0,13,1,0.5534,0.009998
DQN,deceptive_grid,1,552,39559,-66.0,73,1,0.5526,0.013363
DQN,deceptive_grid,1,553,39581,-19.0,22,1,0.5524,0.013483
DQN,deceptive_grid,1,554,39597,1.0,16,1,0.5522,0.014802
DQN,deceptive_grid,1,555,39628,-11.0,31,1,0.5518,0.011997
DQN,deceptive_grid,1,556,39650,-7.0,22,1,0.5516,0.012213
DQN,deceptive_grid,1,557,39674,-3.0,24,1,0.5513,0.014078
DQN,deceptive_grid,1,558,39730,-44.0,56,1,0.5507,0.01307
DQN,deceptive_grid,1,559,39772,-22.0,42,1,0.5502,0.017825
DQN,deceptive_grid,1,560,39828,-28.0,56,1,0.5496,0.012416
DQN,deceptive_grid,1,561,39845,-22.0,17,1,0.5494,0.011276
DQN,deceptive_grid,1,562,39900,-50.0,55,1,0.5488,0.01044
DQN,deceptive_grid,1,563,39908,6.0,8,1,0.5487,0.014288
DQN,deceptive_grid,1,564,39976,-43.0,68,1,0.5479,0.016415
DQN,deceptive_grid,1,565,40000,-5.0,24,1,0.5476,0.012517
DQN,deceptive_grid,1,566,40022,-1.0,22,1,0.5474,0.017892
DQN,deceptive_grid,1,567,40040,0.0,18,1,0.5472,0.01393
DQN,deceptive_grid,1,568,40077,-20.0,37,1,0.5467,0.014547
DQN,deceptive_grid,1,569,40103,-5.0,26,1,0.5465,0.016284
DQN,deceptive_grid,1,570,40137,-17.0,34,1,0.5461,0.014533
DQN,deceptive_grid,1,571,40169,-22.0,32,1,0.5457,0.013525
DQN,deceptive_grid,1,572,40178,2.0,9,1,0.5456,0.01383
DQN,deceptive_grid,1,573,40197,-6.0,19,1,0.5454,0.013305
DQN,deceptive_grid,1,574,40202,9.0,5,1,0.5453,0.011403
DQN,deceptive_grid,1,575,40244,-27.0,42,1,0.5449,0.012014
DQN,deceptive_grid,1,576,40258,-4.0,14,1,0.5447,0.012386
DQN,deceptive_grid,1,577,40312,-40.0,54,1,0.5441,0.013326
DQN,deceptive_grid,1,578,40341,-12.0,29,1,0.5438,0.011523
DQN,deceptive_grid,1,579,40365,-6.0,24,1,0.5435,0.012495
DQN,deceptive_grid,1,580,40378,5.0,13,1,0.5433,0.012145
DQN,deceptive_grid,1,581,40388,7.0,10,1,0.5432,0.012668
DQN,deceptive_grid,1,582,40429,-21.0,41,1,0.5428,0.011082
DQN,deceptive_grid,1,583,40469,-28.0,40,1,0.5423,0.011003
DQN,deceptive_grid,1,584,40525,-45.0,56,1,0.5417,0.013018
DQN,deceptive_grid,1,585,40543,5.0,18,1,0.5415,0.012731
DQN,deceptive_grid,1,586,40612,-53.0,69,1,0.5407,0.013063
DQN,deceptive_grid,1,587,40638,1.0,26,1,0.5404,0.011346
DQN,deceptive_grid,1,588,40645,9.0,7,1,0.5403,0.010733
DQN,deceptive_grid,1,589,40680,-9.0,35,1,0.5399,0.010643
DQN,deceptive_grid,1,590,40738,-70.0,58,1,0.5393,0.010588
DQN,deceptive_grid,1,591,40757,-7.0,19,1,0.5391,0.010205
DQN,deceptive_grid,1,592,40782,-3.0,25,1,0.5388,0.011373
DQN,deceptive_grid,1,593,40820,-13.0,38,1,0.5383,0.010866
DQN,deceptive_grid,1,594,40855,-12.0,35,1,0.5379,0.011525
DQN,deceptive_grid,1,595,40893,-25.0,38,1,0.5375,0.010191
DQN,deceptive_grid,1,596,40915,-5.0,22,1,0.5373,0.010005
DQN,deceptive_grid,1,597,40947,-7.0,32,1,0.5369,0.008962
DQN,deceptive_grid,1,598,40994,-23.0,47,1,0.5364,0.010121
DQN,deceptive_grid,1,599,41065,-76.0,71,1,0.5356,0.015035
DQN,deceptive_grid,1,600,41098,-24.0,33,1,0.5352,0.013389
DQN,deceptive_grid,2,1,200,-258.0,200,0,0.9977,
DQN,deceptive_grid,2,2,400,-245.0,200,0,0.9955,
DQN,deceptive_grid,2,3,600,-268.0,200,0,0.9932,
DQN,deceptive_grid,2,4,800,-240.0,200,0,0.991,
DQN,deceptive_grid,2,5,1000,-244.0,200,0,0.9887,0.766904
DQN,deceptive_grid,2,6,1121,-204.0,121,1,0.9873,0.546856
DQN,deceptive_grid,2,7,1321,-267.0,200,0,0.9851,0.314571
DQN,deceptive_grid,2,8,1521,-240.0,200,0,0.9828,0.251599
DQN,deceptive_grid,2,9,1721,-273.0,200,0,0.9805,0.255834
DQN,deceptive_grid,2,10,1921,-347.0,200,0,0.9783,0.258007
DQN,deceptive_grid,2,11,1932,2.0,11,1,0.9781,0.233238
DQN,deceptive_grid,2,12,2132,-281.0,200,0,0.9759,0.272536
DQN,deceptive_grid,2,13,2159,-23.0,27,1,0.9756,0.280531
DQN,deceptive_grid,2,14,2359,-267.0,200,0,0.9733,0.244054
DQN,deceptive_grid,2,15,2559,-295.0,200,0,0.9711,0.244684
DQN,deceptive_grid,2,16,2759,-280.0,200,0,0.9688,0.216182
DQN,deceptive_grid,2,17,2959,-309.0,200,0,0.9665,0.217543
DQN,deceptive_grid,2,18,3159,-224.0,200,0,0.9643,0.20686
DQN,deceptive_grid,2,19,3359,-213.0,200,0,0.962,0.188402
DQN,deceptive_grid,2,20,3559,-344.0,200,0,0.9597,0.185817
DQN,deceptive_grid,2,21,3759,-266.0,200,0,0.9575,0.167831
DQN,deceptive_grid,2,22,3959,-223.0,200,0,0.9552,0.166394
DQN,deceptive_grid,2,23,4159,-298.0,200,0,0.953,0.165616
DQN,deceptive_grid,2,24,4359,-236.0,200,0,0.9507,0.154834
DQN,deceptive_grid,2,25,4475,-120.0,116,1,0.9494,0.140017
DQN,deceptive_grid,2,26,4675,-288.0,200,0,0.9471,0.165515
DQN,deceptive_grid,2,27,4808,-151.0,133,1,0.9456,0.151015
DQN,deceptive_grid,2,28,4916,-108.0,108,1,0.9444,0.141156
DQN,deceptive_grid,2,29,5116,-309.0,200,0,0.9421,0.143364
DQN,deceptive_grid,2,30,5316,-255.0,200,0,0.9399,0.156344
DQN,deceptive_grid,2,31,5516,-205.0,200,0,0.9376,0.133354
DQN,deceptive_grid,2,32,5706,-193.0,190,1,0.9355,0.133188
DQN,deceptive_grid,2,33,5737,-19.0,31,1,0.9351,0.123152
DQN,deceptive_grid,2,34,5765,-21.0,28,1,0.9348,0.14912
DQN,deceptive_grid,2,35,5943,-230.0,178,1,0.9328,0.12161
DQN,deceptive_grid,2,36,6009,-77.0,66,1,0.932,0.124651
DQN,deceptive_grid,2,37,6209,-300.0,200,0,0.9298,0.135418
DQN,deceptive_grid,2,38,6409,-274.0,200,0,0.9275,0.121326
DQN,deceptive_grid,2,39,6609,-258.0,200,0,0.9253,0.117403
DQN,deceptive_grid,2,40,6808,-211.0,199,1,0.923,0.117612
DQN,deceptive_grid,2,41,7008,-264.0,200,0,0.9207,0.116393
DQN,deceptive_grid,2,42,7208,-267.0,200,0,0.9185,0.111956
DQN,deceptive_grid,2,43,7256,-38.0,48,1,0.9179,0.112468
DQN,deceptive_grid,2,44,7357,-148.0,101,1,0.9168,0.121662
DQN,deceptive_grid,2,45,7444,-85.0,87,1,0.9158,0.13169
DQN,deceptive_grid,2,46,7644,-263.0,200,0,0.9135,0.121005
DQN,deceptive_grid,2,47,7702,-87.0,58,1,0.9129,0.122475
DQN,deceptive_grid,2,48,7717,-5.0,15,1,0.9127,0.164585
DQN,deceptive_grid,2,49,7791,-91.0,74,1,0.9119,0.110923
DQN,deceptive_grid,2,50,7991,-233.0,200,0,0.9096,0.117208
DQN,deceptive_grid,2,51,8042,-40.0,51,1,0.909,0.140663
DQN,deceptive_grid,2,52,8085,-54.0,43,1,0.9086,0.116945
DQN,deceptive_grid,2,53,8285,-239.0,200,0,0.9063,0.129741
DQN,deceptive_grid,2,54,8392,-129.0,107,1,0.9051,0.116458
DQN,deceptive_grid,2,55,8436,-32.0,44,1,0.9046,0.137249
DQN,deceptive_grid,2,56,8636,-257.0,200,0,0.9023,0.128022
DQN,deceptive_grid,2,57,8836,-276.0,200,0,0.9001,0.121544
DQN,deceptive_grid,2,58,9007,-213.0,171,1,0.8981,0.117918
DQN,deceptive_grid,2,59,9207,-255.0,200,0,0.8959,0.126992
DQN,deceptive_grid,2,60,9407,-255.0,200,0,0.8936,0.121708
DQN,deceptive_grid,2,61,9480,-87.0,73,1,0.8928,0.122028
DQN,deceptive_grid,2,62,9658,-195.0,178,1,0.8908,0.131768
DQN,deceptive_grid,2,63,9858,-315.0,200,0,0.8885,0.122255
DQN,deceptive_grid,2,64,9967,-127.0,109,1,0.8873,0.112755
DQN,deceptive_grid,2,65,10014,-34.0,47,1,0.8867,0.10574
DQN,deceptive_grid,2,66,10049,-29.0,35,1,0.8864,0.143628
DQN,deceptive_grid,2,67,10249,-272.0,200,0,0.8841,0.120723
DQN,deceptive_grid,2,68,10312,-62.0,63,1,0.8834,0.110365
DQN,deceptive_grid,2,69,10485,-216.0,173,1,0.8814,0.121673
DQN,deceptive_grid,2,70,10685,-325.0,200,0,0.8792,0.130186
DQN,deceptive_grid,2,71,10885,-260.0,200,0,0.8769,0.124967
DQN,deceptive_grid,2,72,11053,-194.0,168,1,0.875,0.122135
DQN,deceptive_grid,2,73,11253,-249.0,200,0,0.8727,0.139235
DQN,deceptive_grid,2,74,11359,-139.0,106,1,0.8715,0.124256
DQN,deceptive_grid,2,75,11375,-1.0,16,1,0.8714,0.121668
DQN,deceptive_grid,2,76,11575,-313.0,200,0,0.8691,0.140183
DQN,deceptive_grid,2,77,11678,-109.0,103,1,0.8679,0.142369
DQN,deceptive_grid,2,78,11715,-42.0,37,1,0.8675,0.149694
DQN,deceptive_grid,2,79,11823,-120.0,108,1,0.8663,0.128972
DQN,deceptive_grid,2,80,12023,-247.0,200,0,0.864,0.133599
DQN,deceptive_grid,2,81,12178,-197.0,155,1,0.8623,0.151924
DQN,deceptive_grid,2,82,12210,-21.0,32,1,0.8619,0.165372
DQN,deceptive_grid,2,83,12247,-38.0,37,1,0.8615,0.147708
DQN,deceptive_grid,2,84,12439,-248.0,192,1,0.8593,0.136963
DQN,deceptive_grid,2,85,12636,-233.0,197,1,0.8571,0.162783
DQN,deceptive_grid,2,86,12672,-17.0,36,1,0.8567,0.153346
DQN,deceptive_grid,2,87,12872,-288.0,200,0,0.8544,0.144643
DQN,deceptive_grid,2,88,13006,-216.0,134,1,0.8529,0.146404
DQN,deceptive_grid,2,89,13143,-138.0,137,1,0.8514,0.192161
DQN,deceptive_grid,2,90,13313,-156.0,170,1,0.8494,0.164473
DQN,deceptive_grid,2,91,13440,-134.0,127,1,0.848,0.150046
DQN,deceptive_grid,2,92,13640,-271.0,200,0,0.8457,0.173498
DQN,deceptive_grid,2,93,13727,-96.0,87,1,0.8448,0.165555
DQN,deceptive_grid,2,94,13852,-144.0,125,1,0.8433,0.157242
DQN,deceptive_grid,2,95,13975,-134.0,123,1,0.8419,0.163458
DQN,deceptive_grid,2,96,14100,-112.0,125,1,0.8405,0.200049
DQN,deceptive_grid,2,97,14248,-149.0,148,1,0.8389,0.16556
DQN,deceptive_grid,2,98,14372,-108.0,124,1,0.8375,0.165588
DQN,deceptive_grid,2,99,14502,-129.0,130,1,0.836,0.153588
DQN,deceptive_grid,2,100,14581,-88.0,79,1,0.8351,0.206517
DQN,deceptive_grid,2,101,14710,-148.0,129,1,0.8336,0.170939
DQN,deceptive_grid,2,102,14842,-162.0,132,1,0.8321,0.162868
DQN,deceptive_grid,2,103,14912,-76.0,70,1,0.8314,0.155407
DQN,deceptive_grid,2,104,15112,-280.0,200,0,0.8291,0.184413
DQN,deceptive_grid,2,105,15278,-180.0,166,1,0.8272,0.171222
DQN,deceptive_grid,2,106,15293,-10.0,15,1,0.827,0.174727
DQN,deceptive_grid,2,107,15369,-71.0,76,1,0.8262,0.162039
DQN,deceptive_grid,2,108,15383,3.0,14,1,0.826,0.145901
DQN,deceptive_grid,2,109,15553,-212.0,170,1,0.8241,0.180388
DQN,deceptive_grid,2,110,15745,-237.0,192,1,0.8219,0.181537
DQN,deceptive_grid,2,111,15783,-53.0,38,1,0.8215,0.177045
DQN,deceptive_grid,2,112,15814,-36.0,31,1,0.8212,0.166046
DQN,deceptive_grid,2,113,15839,-19.0,25,1,0.8209,0.168628
DQN,deceptive_grid,2,114,15980,-176.0,141,1,0.8193,0.15836
DQN,deceptive_grid,2,115,16109,-147.0,129,1,0.8178,0.20667
DQN,deceptive_grid,2,116,16309,-272.0,200,0,0.8156,0.168843
DQN,deceptive_grid,2,117,16357,-54.0,48,1,0.815,0.155063
DQN,deceptive_grid,2,118,16442,-75.0,85,1,0.814,0.161247
DQN,deceptive_grid,2,119,16561,-101.0,119,1,0.8127,0.183987
DQN,deceptive_grid,2,120,16728,-194.0,167,1,0.8108,0.17591
DQN,deceptive_grid,2,121,16759,-18.0,31,1,0.8105,0.169543
DQN,deceptive_grid,2,122,16859,-101.0,100,1,0.8093,0.166856
DQN,deceptive_grid,2,123,16944,-86.0,85,1,0.8084,0.159387
DQN,deceptive_grid,2,124,17027,-85.0,83,1,0.8074,0.20214
DQN,deceptive_grid,2,125,17065,-44.0,38,1,0.807,0.221112
DQN,deceptive_grid,2,126,17244,-187.0,179,1,0.805,0.181531
DQN,deceptive_grid,2,127,17318,-52.0,74,1,0.8041,0.181887
DQN,deceptive_grid,2,128,17518,-250.0,200,0,0.8019,0.176108
DQN,deceptive_grid,2,129,17596,-72.0,78,1,0.801,0.205517
DQN,deceptive_grid,2,130,17707,-107.0,111,1,0.7997,0.18917
DQN,deceptive_grid,2,131,17715,5.0,8,1,0.7997,0.181553
DQN,deceptive_grid,2,132,17745,-16.0,30,1,0.7993,0.175558
DQN,deceptive_grid,2,133,17939,-213.0,194,1,0.7971,0.171057
DQN,deceptive_grid,2,134,18055,-92.0,116,1,0.7958,0.196684
DQN,deceptive_grid,2,135,18220,-152.0,165,1,0.7939,0.185331
DQN,deceptive_grid,2,136,18314,-94.0,94,1,0.7929,0.173796
DQN,deceptive_grid,2,137,18360,-33.0,46,1,0.7924,0.173304
DQN,deceptive_grid,2,138,18426,-69.0,66,1,0.7916,0.158772
DQN,deceptive_grid,2,139,18505,-73.0,79,1,0.7907,0.173197
DQN,deceptive_grid,2,140,18550,-23.0,45,1,0.7902,0.21666
DQN,deceptive_grid,2,141,18676,-127.0,126,1,0.7888,0.195079
DQN,deceptive_grid,2,142,18861,-207.0,185,1,0.7867,0.178027
DQN,deceptive_grid,2,143,18985,-145.0,124,1,0.7853,0.168153
DQN,deceptive_grid,2,144,19043,-69.0,58,1,0.7846,0.204062
DQN,deceptive_grid,2,145,19109,-63.0,66,1,0.7839,0.175705
DQN,deceptive_grid,2,146,19120,5.0,11,1,0.7838,0.175943
DQN,deceptive_grid,2,147,19245,-117.0,125,1,0.7823,0.165148
DQN,deceptive_grid,2,148,19298,-50.0,53,1,0.7817,0.164347
DQN,deceptive_grid,2,149,19356,-56.0,58,1,0.7811,0.153906
DQN,deceptive_grid,2,150,19453,-83.0,97,1,0.78,0.146379
DQN,deceptive_grid,2,151,19505,-30.0,52,1,0.7794,0.162749
DQN,deceptive_grid,2,152,19615,-99.0,110,1,0.7782,0.173328
DQN,deceptive_grid,2,153,19711,-108.0,96,1,0.7771,0.153158
DQN,deceptive_grid,2,154,19716,11.0,5,1,0.777,0.158599
DQN,deceptive_grid,2,155,19855,-155.0,139,1,0.7754,0.149976
DQN,deceptive_grid,2,156,19967,-120.0,112,1,0.7742,0.142583
DQN,deceptive_grid,2,157,20064,-94.0,97,1,0.7731,0.154778
DQN,deceptive_grid,2,158,20092,-9.0,28,1,0.7728,0.12838
DQN,deceptive_grid,2,159,20104,2.0,12,1,0.7726,0.139039
DQN,deceptive_grid,2,160,20160,-48.0,56,1,0.772,0.141425
DQN,deceptive_grid,2,161,20322,-143.0,162,1,0.7702,0.126621
DQN,deceptive_grid,2,162,20456,-158.0,134,1,0.7687,0.126296
DQN,deceptive_grid,2,163,20516,-48.0,60,1,0.768,0.143138
DQN,deceptive_grid,2,164,20666,-161.0,150,1,0.7663,0.129092
DQN,deceptive_grid,2,165,20705,-20.0,39,1,0.7658,0.124813
DQN,deceptive_grid,2,166,20732,-22.0,27,1,0.7655,0.121418
DQN,deceptive_grid,2,167,20877,-156.0,145,1,0.7639,0.110331
DQN,deceptive_grid,2,168,21021,-169.0,144,1,0.7623,0.113072
DQN,deceptive_grid,2,169,21124,-77.0,103,1,0.7611,0.120115
DQN,deceptive_grid,2,170,21240,-117.0,116,1,0.7598,0.104397
DQN,deceptive_grid,2,171,21312,-58.0,72,1,0.759,0.105581
DQN,deceptive_grid,2,172,21367,-30.0,55,1,0.7583,0.105623
DQN,deceptive_grid,2,173,21397,-18.0,30,1,0.758,0.087379
DQN,deceptive_grid,2,174,21475,-58.0,78,1,0.7571,0.093008
DQN,deceptive_grid,2,175,21546,-75.0,71,1,0.7563,0.133932
DQN,deceptive_grid,2,176,21571,-5.0,25,1,0.756,0.114341
DQN,deceptive_grid,2,177,21631,-49.0,60,1,0.7554,0.120109
DQN,deceptive_grid,2,178,21751,-113.0,120,1,0.754,0.118452
DQN,deceptive_grid,2,179,21787,-31.0,36,1,0.7536,0.107895
DQN,deceptive_grid,2,180,21848,-40.0,61,1,0.7529,0.116612
DQN,deceptive_grid,2,181,21946,-93.0,98,1,0.7518,0.106894
DQN,deceptive_grid,2,182,21954,1.0,8,1,0.7517,0.101362
DQN,deceptive_grid,2,183,21993,-13.0,39,1,0.7513,0.100773
DQN,deceptive_grid,2,184,22093,-89.0,100,1,0.7501,0.132282
DQN,deceptive_grid,2,185,22287,-209.0,194,1,0.7479,0.106614
DQN,deceptive_grid,2,186,22337,-32.0,50,1,0.7474,0.103955
DQN,deceptive_grid,2,187,22386,-32.0,49,1,0.7468,0.102945
DQN,deceptive_grid,2,188,22460,-48.0,74,1,0.746,0.102007
DQN,deceptive_grid,2,189,22483,-8.0,23,1,0.7457,0.101521
DQN,deceptive_grid,2,190,22551,-55.0,68,1,0.745,0.139098
DQN,deceptive_grid,2,191,22589,-28.0,38,1,0.7445,0.127417
DQN,deceptive_grid,2,192,22759,-185.0,170,1,0.7426,0.104944
DQN,deceptive_grid,2,193,22790,-28.0,31,1,0.7423,0.113979
DQN,deceptive_grid,2,194,22841,-38.0,51,1,0.7417,0.11062
DQN,deceptive_grid,2,195,22893,-37.0,52,1,0.7411,0.100143
DQN,deceptive_grid,2,196,23023,-118.0,130,1,0.7396,0.113357
DQN,deceptive_grid,2,197,23042,-14.0,19,1,0.7394,0.12475
DQN,deceptive_grid,2,198,23171,-118.0,129,1,0.7379,0.107934
DQN,deceptive_grid,2,199,23185,-5.0,14,1,0.7378,0.116024
DQN,deceptive_grid,2,200,23265,-73.0,80,1,0.7369,0.102572
DQN,deceptive_grid,2,201,23315,-58.0,50,1,0.7363,0.099169
DQN,deceptive_grid,2,202,23387,-61.0,72,1,0.7355,0.096627
DQN,deceptive_grid,2,203,23415,-9.0,28,1,0.7352,0.097551
DQN,deceptive_grid,2,204,23552,-138.0,137,1,0.7336,0.113099
DQN,deceptive_grid,2,205,23645,-90.0,93,1,0.7326,0.104154
DQN,deceptive_grid,2,206,23704,-47.0,59,1,0.7319,0.095894
DQN,deceptive_grid,2,207,23771,-38.0,67,1,0.7312,0.084271
DQN,deceptive_grid,2,208,23797,-7.0,26,1,0.7309,0.102359
DQN,deceptive_grid,2,209,23840,-45.0,43,1,0.7304,0.093695
DQN,deceptive_grid,2,210,23865,-19.0,25,1,0.7301,0.086138
DQN,deceptive_grid,2,211,23911,-29.0,46,1,0.7296,0.080364
DQN,deceptive_grid,2,212,23925,-5.0,14,1,0.7294,0.075299
DQN,deceptive_grid,2,213,23992,-55.0,67,1,0.7287,0.093792
DQN,deceptive_grid,2,214,24122,-137.0,130,1,0.7272,0.103946
DQN,deceptive_grid,2,215,24193,-54.0,71,1,0.7264,0.089878
DQN,deceptive_grid,2,216,24308,-112.0,115,1,0.7251,0.083126
DQN,deceptive_grid,2,217,24324,-9.0,16,1,0.7249,0.097134
DQN,deceptive_grid,2,218,24353,-15.0,29,1,0.7246,0.084393
DQN,deceptive_grid,2,219,24361,9.0,8,1,0.7245,0.090003
DQN,deceptive_grid,2,220,24369,11.0,8,1,0.7244,0.078103
DQN,deceptive_grid,2,221,24382,2.0,13,1,0.7243,0.079354
DQN,deceptive_grid,2,222,24514,-120.0,132,1,0.7228,0.086556
DQN,deceptive_grid,2,223,24531,-1.0,17,1,0.7226,0.107298
DQN,deceptive_grid,2,224,24586,-38.0,55,1,0.7219,0.097002
DQN,deceptive_grid,2,225,24688,-77.0,102,1,0.7208,0.095126
DQN,deceptive_grid,2,226,24764,-66.0,76,1,0.7199,0.086785
DQN,deceptive_grid,2,227,24937,-170.0,173,1,0.718,0.085897
DQN,deceptive_grid,2,228,24950,7.0,13,1,0.7178,0.085086
DQN,deceptive_grid,2,229,24968,-9.0,18,1,0.7176,0.080013
DQN,deceptive_grid,2,230,24983,1.0,15,1,0.7175,0.085952
DQN,deceptive_grid,2,231,24991,9.0,8,1,0.7174,0.082484
DQN,deceptive_grid,2,232,25024,-25.0,33,1,0.717,0.117804
DQN,deceptive_grid,2,233,25097,-66.0,73,1,0.7162,0.091246
DQN,deceptive_grid,2,234,25101,4.0,4,1,0.7161,0.089625
DQN,deceptive_grid,2,235,25187,-72.0,86,1,0.7151,0.08251
DQN,deceptive_grid,2,236,25249,-31.0,62,1,0.7144,0.078628
DQN,deceptive_grid,2,237,25273,-5.0,24,1,0.7142,0.069146
DQN,deceptive_grid,2,238,25280,4.0,7,1,0.7141,0.088803
DQN,deceptive_grid,2,239,25307,-11.0,27,1,0.7138,0.075766
DQN,deceptive_grid,2,240,25323,-3.0,16,1,0.7136,0.069692
DQN,deceptive_grid,2,241,25366,-33.0,43,1,0.7131,0.081471
DQN,deceptive_grid,2,242,25472,-113.0,106,1,0.7119,0.07852
DQN,deceptive_grid,2,243,25542,-52.0,70,1,0.7111,0.090226
DQN,deceptive_grid,2,244,25683,-133.0,141,1,0.7095,0.074632
DQN,deceptive_grid,2,245,25756,-51.0,73,1,0.7087,0.061143
DQN,deceptive_grid,2,246,25798,-35.0,42,1,0.7082,0.064885
DQN,deceptive_grid,2,247,25869,-67.0,71,1,0.7074,0.062496
DQN,deceptive_grid,2,248,25912,-28.0,43,1,0.7069,0.06004
DQN,deceptive_grid,2,249,26046,-124.0,134,1,0.7054,0.072296
DQN,deceptive_grid,2,250,26111,-58.0,65,1,0.7047,0.065992
DQN,deceptive_grid,2,251,26186,-75.0,75,1,0.7038,0.06233
DQN,deceptive_grid,2,252,26259,-91.0,73,1,0.703,0.05194
DQN,deceptive_grid,2,253,26281,-1.0,22,1,0.7028,0.053146
DQN,deceptive_grid,2,254,26310,-12.0,29,1,0.7024,0.05554
DQN,deceptive_grid,2,255,26323,0.0,13,1,0.7023,0.063015
DQN,deceptive_grid,2,256,26407,-91.0,84,1,0.7013,0.055957
DQN,deceptive_grid,2,257,26504,-100.0,97,1,0.7003,0.057431
DQN,deceptive_grid,2,258,26505,11.0,1,1,0.7002,0.091993
DQN,deceptive_grid,2,259,26537,-10.0,32,1,0.6999,0.068698
DQN,deceptive_grid,2,260,26580,-25.0,43,1,0.6994,0.0643
DQN,deceptive_grid,2,261,26637,-42.0,57,1,0.6987,0.056704
DQN,deceptive_grid,2,262,26641,11.0,4,1,0.6987,0.050014
DQN,deceptive_grid,2,263,26699,-53.0,58,1,0.698,0.04894
DQN,deceptive_grid,2,264,26787,-87.0,88,1,0.6971,0.05165
DQN,deceptive_grid,2,265,26835,-27.0,48,1,0.6965,0.047047
DQN,deceptive_grid,2,266,26854,-16.0,19,1,0.6963,0.049862
DQN,deceptive_grid,2,267,26876,-10.0,22,1,0.696,0.055286
DQN,deceptive_grid,2,268,26965,-80.0,89,1,0.695,0.047028
DQN,deceptive_grid,2,269,26990,-8.0,25,1,0.6948,0.04372
DQN,deceptive_grid,2,270,27070,-102.0,80,1,0.6939,0.061033
DQN,deceptive_grid,2,271,27095,-13.0,25,1,0.6936,0.045299
DQN,deceptive_grid,2,272,27196,-92.0,101,1,0.6924,0.044429
DQN,deceptive_grid,2,273,27240,-24.0,44,1,0.6919,0.046612
DQN,deceptive_grid,2,274,27252,5.0,12,1,0.6918,0.038549
DQN,deceptive_grid,2,275,27293,-30.0,41,1,0.6913,0.042082
DQN,deceptive_grid,2,276,27322,-11.0,29,1,0.691,0.040346
DQN,deceptive_grid,2,277,27335,11.0,13,1,0.6909,0.040075
DQN,deceptive_grid,2,278,27411,-64.0,76,1,0.69,0.041482
DQN,deceptive_grid,2,279,27439,-7.0,28,1,0.6897,0.034512
DQN,deceptive_grid,2,280,27485,-30.0,46,1,0.6892,0.03657
DQN,deceptive_grid,2,281,27525,-27.0,40,1,0.6887,0.050902
DQN,deceptive_grid,2,282,27611,-65.0,86,1,0.6877,0.045631
DQN,deceptive_grid,2,283,27637,-10.0,26,1,0.6874,0.045919
DQN,deceptive_grid,2,284,27710,-87.0,73,1,0.6866,0.042639
DQN,deceptive_grid,2,285,27767,-29.0,57,1,0.686,0.03776
DQN,deceptive_grid,2,286,27780,-2.0,13,1,0.6858,0.042092
DQN,deceptive_grid,2,287,27817,-28.0,37,1,0.6854,0.037666
DQN,deceptive_grid,2,288,27877,-47.0,60,1,0.6847,0.037498
DQN,deceptive_grid,2,289,27944,-46.0,67,1,0.684,0.035067
DQN,deceptive_grid,2,290,28003,-61.0,59,1,0.6833,0.037705
DQN,deceptive_grid,2,291,28076,-75.0,73,1,0.6825,0.043711
DQN,deceptive_grid,2,292,28148,-49.0,72,1,0.6817,0.039325
DQN,deceptive_grid,2,293,28192,-17.0,44,1,0.6812,0.038132
DQN,deceptive_grid,2,294,28263,-58.0,71,1,0.6804,0.036954
DQN,deceptive_grid,2,295,28304,-20.0,41,1,0.6799,0.033883
DQN,deceptive_grid,2,296,28330,-12.0,26,1,0.6796,0.035341
DQN,deceptive_grid,2,297,28369,-25.0,39,1,0.6792,0.033338
DQN,deceptive_grid,2,298,28424,-31.0,55,1,0.6785,0.032294
DQN,deceptive_grid,2,299,28492,-48.0,68,1,0.6778,0.030153
DQN,deceptive_grid,2,300,28508,-9.0,16,1,0.6776,0.04619
DQN,deceptive_grid,2,301,28573,-46.0,65,1,0.6769,0.045737
DQN,deceptive_grid,2,302,28598,-3.0,25,1,0.6766,0.038869
DQN,deceptive_grid,2,303,28645,-35.0,47,1,0.676,0.03438
DQN,deceptive_grid,2,304,28707,-43.0,62,1,0.6753,0.032758
DQN,deceptive_grid,2,305,28766,-53.0,59,1,0.6747,0.036467
DQN,deceptive_grid,2,306,28784,-12.0,18,1,0.6745,0.029397
DQN,deceptive_grid,2,307,28839,-52.0,55,1,0.6738,0.033396
DQN,deceptive_grid,2,308,28889,-36.0,50,1,0.6733,0.033034
DQN,deceptive_grid,2,309,28958,-49.0,69,1,0.6725,0.029443
DQN,deceptive_grid,2,310,29046,-81.0,88,1,0.6715,0.037868
DQN,deceptive_grid,2,311,29108,-65.0,62,1,0.6708,0.039099
DQN,deceptive_grid,2,312,29159,-30.0,51,1,0.6702,0.032652
DQN,deceptive_grid,2,313,29203,-33.0,44,1,0.6697,0.035059
DQN,deceptive_grid,2,314,29248,-27.0,45,1,0.6692,0.03395
DQN,deceptive_grid,2,315,29296,-62.0,48,1,0.6687,0.030038
DQN,deceptive_grid,2,316,29351,-40.0,55,1,0.6681,0.031174
DQN,deceptive_grid,2,317,29379,-5.0,28,1,0.6677,0.028109
DQN,deceptive_grid,2,318,29416,-26.0,37,1,0.6673,0.029094
DQN,deceptive_grid,2,319,29491,-68.0,75,1,0.6665,0.028841
DQN,deceptive_grid,2,320,29526,-25.0,35,1,0.6661,0.040397
DQN,deceptive_grid,2,321,29617,-92.0,91,1,0.665,0.039369
DQN,deceptive_grid,2,322,29639,-11.0,22,1,0.6648,0.034508
DQN,deceptive_grid,2,323,29703,-75.0,64,1,0.6641,0.036108
DQN,deceptive_grid,2,324,29745,-26.0,42,1,0.6636,0.033689
DQN,deceptive_grid,2,325,29790,-41.0,45,1,0.6631,0.036719
DQN,deceptive_grid,2,326,29853,-42.0,63,1,0.6624,0.034807
DQN,deceptive_grid,2,327,29861,7.0,8,1,0.6623,0.037833
DQN,deceptive_grid,2,328,29886,-16.0,25,1,0.662,0.034338
DQN,deceptive_grid,2,329,29935,-33.0,49,1,0.6614,0.030492
DQN,deceptive_grid,2,330,29980,-37.0,45,1,0.6609,0.028452
DQN,deceptive_grid,2,331,30020,-16.0,40,1,0.6605,0.032727
DQN,deceptive_grid,2,332,30060,-23.0,40,1,0.66,0.038243
DQN,deceptive_grid,2,333,30063,11.0,3,1,0.66,0.038505
DQN,deceptive_grid,2,334,30119,-49.0,56,1,0.6594,0.034764
DQN,deceptive_grid,2,335,30195,-60.0,76,1,0.6585,0.033297
DQN,deceptive_grid,2,336,30246,-36.0,51,1,0.6579,0.029809
DQN,deceptive_grid,2,337,30298,-39.0,52,1,0.6573,0.031991
DQN,deceptive_grid,2,338,30301,11.0,3,1,0.6573,0.028204
DQN,deceptive_grid,2,339,30313,5.0,12,1,0.6572,0.03436
DQN,deceptive_grid,2,340,30407,-84.0,94,1,0.6561,0.029899
DQN,deceptive_grid,2,341,30455,-28.0,48,1,0.6556,0.030013
DQN,deceptive_grid,2,342,30483,-5.0,28,1,0.6553,0.030981
DQN,deceptive_grid,2,343,30546,-46.0,63,1,0.6545,0.036261
DQN,deceptive_grid,2,344,30569,1.0,23,1,0.6543,0.030695
DQN,deceptive_grid,2,345,30659,-98.0,90,1,0.6533,0.030054
DQN,deceptive_grid,2,346,30719,-39.0,60,1,0.6526,0.028337
DQN,deceptive_grid,2,347,30735,1.0,16,1,0.6524,0.030994
DQN,deceptive_grid,2,348,30808,-75.0,73,1,0.6516,0.033439
DQN,deceptive_grid,2,349,30842,-3.0,34,1,0.6512,0.025785
DQN,deceptive_grid,2,350,30860,-2.0,18,1,0.651,0.026822
DQN,deceptive_grid,2,351,30932,-66.0,72,1,0.6502,0.027253
DQN,deceptive_grid,2,352,30982,-41.0,50,1,0.6496,0.02619
DQN,deceptive_grid,2,353,31051,-58.0,69,1,0.6488,0.038661
DQN,deceptive_grid,2,354,31080,-10.0,29,1,0.6485,0.040533
DQN,deceptive_grid,2,355,31099,-2.0,19,1,0.6483,0.035601
DQN,deceptive_grid,2,356,31112,1.0,13,1,0.6481,0.034356
DQN,deceptive_grid,2,357,31179,-49.0,67,1,0.6474,0.031558
DQN,deceptive_grid,2,358,31212,-18.0,33,1,0.647,0.028165
DQN,deceptive_grid,2,359,31265,-47.0,53,1,0.6464,0.030658
DQN,deceptive_grid,2,360,31267,11.0,2,1,0.6464,0.026256
DQN,deceptive_grid,2,361,31367,-97.0,100,1,0.6453,0.027907
DQN,deceptive_grid,2,362,31410,-28.0,43,1,0.6448,0.028308
DQN,deceptive_grid,2,363,31479,-49.0,69,1,0.644,0.030334
DQN,deceptive_grid,2,364,31518,-17.0,39,1,0.6435,0.03495
DQN,deceptive_grid,2,365,31569,-51.0,51,1,0.643,0.033204
DQN,deceptive_grid,2,366,31623,-31.0,54,1,0.6424,0.029862
DQN,deceptive_grid,2,367,31650,-5.0,27,1,0.6421,0.029498
DQN,deceptive_grid,2,368,31751,-96.0,101,1,0.6409,0.028813
DQN,deceptive_grid,2,369,31826,-48.0,75,1,0.6401,0.025332
DQN,deceptive_grid,2,370,31922,-68.0,96,1,0.639,0.022388
DQN,deceptive_grid,2,371,31927,11.0,5,1,0.6389,0.020979
DQN,deceptive_grid,2,372,31954,-12.0,27,1,0.6386,0.025898
DQN,deceptive_grid,2,373,32002,-27.0,48,1,0.6381,0.025528
DQN,deceptive_grid,2,374,32021,-6.0,19,1,0.6379,0.028739
DQN,deceptive_grid,2,375,32036,-2.0,15,1,0.6377,0.032602
DQN,deceptive_grid,2,376,32087,-29.0,51,1,0.6371,0.027713
DQN,deceptive_grid,2,377,32126,-33.0,39,1,0.6367,0.028668
DQN,deceptive_grid,2,378,32129,6.0,3,1,0.6366,0.029714
DQN,deceptive_grid,2,379,32173,-28.0,44,1,0.6361,0.025748
DQN,deceptive_grid,2,380,32220,-38.0,47,1,0.6356,0.024051
DQN,deceptive_grid,2,381,32296,-84.0,76,1,0.6347,0.025373
DQN,deceptive_grid,2,382,32350,-60.0,54,1,0.6341,0.023096
DQN,deceptive_grid,2,383,32366,-7.0,16,1,0.634,0.026886
DQN,deceptive_grid,2,384,32428,-52.0,62,1,0.6333,0.022565
DQN,deceptive_grid,2,385,32516,-89.0,88,1,0.6323,0.022336
DQN,deceptive_grid,2,386,32557,-28.0,41,1,0.6318,0.032296
DQN,deceptive_grid,2,387,32627,-52.0,70,1,0.631,0.028864
DQN,deceptive_grid,2,388,32680,-39.0,53,1,0.6304,0.02379
DQN,deceptive_grid,2,389,32748,-56.0,68,1,0.6296,0.02264
DQN,deceptive_grid,2,390,32798,-26.0,50,1,0.6291,0.022893
DQN,deceptive_grid,2,391,32875,-59.0,77,1,0.6282,0.022963
DQN,deceptive_grid,2,392,32917,-25.0,42,1,0.6277,0.020769
DQN,deceptive_grid,2,393,32929,-6.0,12,1,0.6276,0.017725
DQN,deceptive_grid,2,394,32992,-43.0,63,1,0.6269,0.022331
DQN,deceptive_grid,2,395,33013,-1.0,21,1,0.6266,0.033728
DQN,deceptive_grid,2,396,33072,-64.0,59,1,0.626,0.026301
DQN,deceptive_grid,2,397,33095,-22.0,23,1,0.6257,0.021445
DQN,deceptive_grid,2,398,33127,-10.0,32,1,0.6253,0.021553
DQN,deceptive_grid,2,399,33172,-27.0,45,1,0.6248,0.02518
DQN,deceptive_grid,2,400,33204,-22.0,32,1,0.6245,0.02263
DQN,deceptive_grid,2,401,33266,-31.0,62,1,0.6238,0.020874
DQN,deceptive_grid,2,402,33294,-9.0,28,1,0.6235,0.0212
DQN,deceptive_grid,2,403,33303,1.0,9,1,0.6234,0.019091
DQN,deceptive_grid,2,404,33346,-15.0,43,1,0.6229,0.023259
DQN,deceptive_grid,2,405,33380,-21.0,34,1,0.6225,0.021907
DQN,deceptive_grid,2,406,33409,-8.0,29,1,0.6222,0.019443
DQN,deceptive_grid,2,407,33449,-31.0,40,1,0.6217,0.017705
DQN,deceptive_grid,2,408,33485,-20.0,36,1,0.6213,0.021644
DQN,deceptive_grid,2,409,33501,-17.0,16,1,0.6211,0.01736
DQN,deceptive_grid,2,410,33562,-38.0,61,1,0.6204,0.022088
DQN,deceptive_grid,2,411,33600,-28.0,38,1,0.62,0.021193
DQN,deceptive_grid,2,412,33631,-5.0,31,1,0.6196,0.021939
DQN,deceptive_grid,2,413,33671,-23.0,40,1,0.6192,0.021962
DQN,deceptive_grid,2,414,33722,-26.0,51,1,0.6186,0.022311
DQN,deceptive_grid,2,415,33767,-38.0,45,1,0.6181,0.020258
DQN,deceptive_grid,2,416,33773,7.0,6,1,0.618,0.012015
DQN,deceptive_grid,2,417,33791,1.0,18,1,0.6178,0.015687
DQN,deceptive_grid,2,418,33841,-29.0,50,1,0.6173,0.018114
DQN,deceptive_grid,2,419,33852,5.0,11,1,0.6171,0.021679
DQN,deceptive_grid,2,420,33886,-12.0,34,1,0.6168,0.017563
DQN,deceptive_grid,2,421,33955,-47.0,69,1,0.616,0.016529
DQN,deceptive_grid,2,422,33969,-12.0,14,1,0.6158,0.018355
DQN,deceptive_grid,2,423,34052,-70.0,83,1,0.6149,0.023934
DQN,deceptive_grid,2,424,34102,-52.0,50,1,0.6143,0.021164
DQN,deceptive_grid,2,425,34191,-75.0,89,1,0.6133,0.019585
DQN,deceptive_grid,2,426,34208,0.0,17,1,0.6131,0.018052
DQN,deceptive_grid,2,427,34213,11.0,5,1,0.6131,0.015895
DQN,deceptive_grid,2,428,34243,-22.0,30,1,0.6127,0.018694
DQN,deceptive_grid,2,429,34248,6.0,5,1,0.6127,0.022628
DQN,deceptive_grid,2,430,34310,-49.0,62,1,0.612,0.0193
DQN,deceptive_grid,2,431,34363,-30.0,53,1,0.6114,0.016463
DQN,deceptive_grid,2,432,34413,-27.0,50,1,0.6108,0.019219
DQN,deceptive_grid,2,433,34452,-13.0,39,1,0.6104,0.016469
DQN,deceptive_grid,2,434,34470,1.0,18,1,0.6102,0.015236
DQN,deceptive_grid,2,435,34515,-36.0,45,1,0.6097,0.018738
DQN,deceptive_grid,2,436,34532,-2.0,17,1,0.6095,0.020839
DQN,deceptive_grid,2,437,34614,-65.0,82,1,0.6085,0.020781
DQN,deceptive_grid,2,438,34652,-12.0,38,1,0.6081,0.017649
DQN,deceptive_grid,2,439,34692,-17.0,40,1,0.6077,0.01774
DQN,deceptive_grid,2,440,34761,-56.0,69,1,0.6069,0.01828
DQN,deceptive_grid,2,441,34803,-25.0,42,1,0.6064,0.016893
DQN,deceptive_grid,2,442,34826,-14.0,23,1,0.6061,0.015198
DQN,deceptive_grid,2,443,34892,-42.0,66,1,0.6054,0.016879
DQN,deceptive_grid,2,444,35018,-135.0,126,1,0.604,0.01771
DQN,deceptive_grid,2,445,35053,-22.0,35,1,0.6036,0.020601
DQN,deceptive_grid,2,446,35120,-68.0,67,1,0.6028,0.022554
DQN,deceptive_grid,2,447,35131,-3.0,11,1,0.6027,0.019067
DQN,deceptive_grid,2,448,35145,3.0,14,1,0.6025,0.018443
DQN,deceptive_grid,2,449,35178,-18.0,33,1,0.6022,0.019036
DQN,deceptive_grid,2,450,35197,-4.0,19,1,0.6019,0.016326
DQN,deceptive_grid,2,451,35237,-39.0,40,1,0.6015,0.016622
DQN,deceptive_grid,2,452,35283,-19.0,46,1,0.601,0.01621
DQN,deceptive_grid,2,453,35311,-9.0,28,1,0.6006,0.014694
DQN,deceptive_grid,2,454,35378,-72.0,67,1,0.5999,0.014191
DQN,deceptive_grid,2,455,35400,-6.0,22,1,0.5996,0.016106
DQN,deceptive_grid,2,456,35435,-15.0,35,1,0.5992,0.016425
DQN,deceptive_grid,2,457,35481,-35.0,46,1,0.5987,0.014489
DQN,deceptive_grid,2,458,35553,-62.0,72,1,0.5979,0.020467
DQN,deceptive_grid,2,459,35602,-24.0,49,1,0.5974,0.019
DQN,deceptive_grid,2,460,35677,-51.0,75,1,0.5965,0.014903
DQN,deceptive_grid,2,461,35724,-32.0,47,1,0.596,0.014287
DQN,deceptive_grid,2,462,35767,-29.0,43,1,0.5955,0.01441
DQN,deceptive_grid,2,463,35848,-75.0,81,1,0.5946,0.015109
DQN,deceptive_grid,2,464,35886,-11.0,38,1,0.5941,0.013281
DQN,deceptive_grid,2,465,35901,2.0,15,1,0.594,0.018037
DQN,deceptive_grid,2,466,35963,-45.0,62,1,0.5933,0.017082
DQN,deceptive_grid,2,467,35995,-3.0,32,1,0.5929,0.01451
DQN,deceptive_grid,2,468,36048,-61.0,53,1,0.5923,0.021549
DQN,deceptive_grid,2,469,36073,-4.0,25,1,0.592,0.020894
DQN,deceptive_grid,2,470,36118,-28.0,45,1,0.5915,0.015924
DQN,deceptive_grid,2,471,36133,-2.0,15,1,0.5914,0.01878
DQN,deceptive_grid,2,472,36147,9.0,14,1,0.5912,0.015411
DQN,deceptive_grid,2,473,36198,-31.0,51,1,0.5906,0.015597
DQN,deceptive_grid,2,474,36256,-39.0,58,1,0.59,0.015674
DQN,deceptive_grid,2,475,36315,-33.0,59,1,0.5893,0.015097
DQN,deceptive_grid,2,476,36365,-34.0,50,1,0.5887,0.016282
DQN,deceptive_grid,2,477,36394,-12.0,29,1,0.5884,0.014845
DQN,deceptive_grid,2,478,36422,-3.0,28,1,0.5881,0.011999
DQN,deceptive_grid,2,479,36430,9.0,8,1,0.588,0.012708
DQN,deceptive_grid,2,480,36480,-30.0,50,1,0.5874,0.01293
DQN,deceptive_grid,2,481,36489,7.0,9,1,0.5873,0.010516
DQN,deceptive_grid,2,482,36534,-45.0,45,1,0.5868,0.016587
DQN,deceptive_grid,2,483,36544,7.0,10,1,0.5867,0.016996
DQN,deceptive_grid,2,484,36579,-20.0,35,1,0.5863,0.020889
DQN,deceptive_grid,2,485,36640,-52.0,61,1,0.5856,0.014778
DQN,deceptive_grid,2,486,36703,-51.0,63,1,0.5849,0.017353
DQN,deceptive_grid,2,487,36709,4.0,6,1,0.5848,0.014383
DQN,deceptive_grid,2,488,36784,-91.0,75,1,0.584,0.016713
DQN,deceptive_grid,2,489,36819,-12.0,35,1,0.5836,0.015144
DQN,deceptive_grid,2,490,36854,-9.0,35,1,0.5832,0.017864
DQN,deceptive_grid,2,491,36887,-7.0,33,1,0.5828,0.017737
DQN,deceptive_grid,2,492,36903,-3.0,16,1,0.5826,0.013887
DQN,deceptive_grid,2,493,36984,-70.0,81,1,0.5817,0.014045
DQN,deceptive_grid,2,494,37038,-44.0,54,1,0.5811,0.016508
DQN,deceptive_grid,2,495,37049,7.0,11,1,0.581,0.013754
DQN,deceptive_grid,2,496,37114,-42.0,65,1,0.5803,0.018357
DQN,deceptive_grid,2,497,37117,11.0,3,1,0.5802,0.018419
DQN,deceptive_grid,2,498,37173,-36.0,56,1,0.5796,0.015034
DQN,deceptive_grid,2,499,37211,-25.0,38,1,0.5792,0.019132
DQN,deceptive_grid,2,500,37246,-12.0,35,1,0.5788,0.01543
DQN,deceptive_grid,2,501,37340,-87.0,94,1,0.5777,0.016166
DQN,deceptive_grid,2,502,37367,-5.0,27,1,0.5774,0.01462
DQN,deceptive_grid,2,503,37374,9.0,7,1,0.5773,0.018409
DQN,deceptive_grid,2,504,37399,1.0,25,1,0.577,0.015842
DQN,deceptive_grid,2,505,37432,-26.0,33,1,0.5767,0.016293
DQN,deceptive_grid,2,506,37464,-11.0,32,1,0.5763,0.01564
DQN,deceptive_grid,2,507,37497,-13.0,33,1,0.5759,0.017493
DQN,deceptive_grid,2,508,37537,-22.0,40,1,0.5755,0.020848
DQN,deceptive_grid,2,509,37562,-5.0,25,1,0.5752,0.017702
DQN,deceptive_grid,2,510,37631,-69.0,69,1,0.5744,0.017011
DQN,deceptive_grid,2,511,37676,-28.0,45,1,0.5739,0.014615
DQN,deceptive_grid,2,512,37719,-17.0,43,1,0.5734,0.013042
DQN,deceptive_grid,2,513,37781,-45.0,62,1,0.5727,0.015682
DQN,deceptive_grid,2,514,37819,-36.0,38,1,0.5723,0.016431
DQN,deceptive_grid,2,515,37859,-12.0,40,1,0.5718,0.014255
DQN,deceptive_grid,2,516,37878,1.0,19,1,0.5716,0.014775
DQN,deceptive_grid,2,517,37942,-55.0,64,1,0.5709,0.0132
DQN,deceptive_grid,2,518,37995,-32.0,53,1,0.5703,0.01671
DQN,deceptive_grid,2,519,38008,3.0,13,1,0.5701,0.01814
DQN,deceptive_grid,2,520,38048,-24.0,40,1,0.5697,0.018214
DQN,deceptive_grid,2,521,38085,-9.0,37,1,0.5693,0.017582
DQN,deceptive_grid,2,522,38141,-43.0,56,1,0.5686,0.017598
DQN,deceptive_grid,2,523,38173,-9.0,32,1,0.5683,0.014192
DQN,deceptive_grid,2,524,38226,-28.0,53,1,0.5677,0.013375
DQN,deceptive_grid,2,525,38241,-15.0,15,1,0.5675,0.014551
DQN,deceptive_grid,2,526,38294,-46.0,53,1,0.5669,0.012493
DQN,deceptive_grid,2,527,38331,-29.0,37,1,0.5665,0.014135
DQN,deceptive_grid,2,528,38354,7.0,23,1,0.5662,0.012721
DQN,deceptive_grid,2,529,38402,-45.0,48,1,0.5657,0.010786
DQN,deceptive_grid,2,530,38422,7.0,20,1,0.5655,0.012786
DQN,deceptive_grid,2,531,38467,-28.0,45,1,0.565,0.014209
DQN,deceptive_grid,2,532,38518,-30.0,51,1,0.5644,0.019489
DQN,deceptive_grid,2,533,38536,-9.0,18,1,0.5642,0.016079
DQN,deceptive_grid,2,534,38551,-10.0,15,1,0.564,0.015288
DQN,deceptive_grid,2,535,38586,-13.0,35,1,0.5636,0.017268
DQN,deceptive_grid,2,536,38616,-13.0,30,1,0.5633,0.013977
DQN,deceptive_grid,2,537,38661,-30.0,45,1,0.5628,0.014459
DQN,deceptive_grid,2,538,38692,-20.0,31,1,0.5624,0.014594
DQN,deceptive_grid,2,539,38723,-32.0,31,1,0.5621,0.013084
DQN,deceptive_grid,2,540,38745,3.0,22,1,0.5618,0.012107
DQN,deceptive_grid,2,541,38790,-24.0,45,1,0.5613,0.011551
DQN,deceptive_grid,2,542,38861,-51.0,71,1,0.5605,0.012675
DQN,deceptive_grid,2,543,38882,-9.0,21,1,0.5603,0.011812
DQN,deceptive_grid,2,544,38914,-19.0,32,1,0.5599,0.012995
DQN,deceptive_grid,2,545,38973,-48.0,59,1,0.5592,0.010974
DQN,deceptive_grid,2,546,38978,11.0,5,1,0.5592,0.010185
DQN,deceptive_grid,2,547,39019,-19.0,41,1,0.5587,0.013341
DQN,deceptive_grid,2,548,39030,2.0,11,1,0.5586,0.015542
DQN,deceptive_grid,2,549,39047,2.0,17,1,0.5584,0.015005
DQN,deceptive_grid,2,550,39081,-7.0,34,1,0.558,0.013581
DQN,deceptive_grid,2,551,39137,-49.0,56,1,0.5574,0.01596
DQN,deceptive_grid,2,552,39144,7.0,7,1,0.5573,0.021298
DQN,deceptive_grid,2,553,39208,-54.0,64,1,0.5566,0.013797
DQN,deceptive_grid,2,554,39251,-16.0,43,1,0.5561,0.013947
DQN,deceptive_grid,2,555,39328,-58.0,77,1,0.5552,0.014173
DQN,deceptive_grid,2,556,39361,-12.0,33,1,0.5548,0.01186
DQN,deceptive_grid,2,557,39401,-20.0,40,1,0.5544,0.010933
DQN,deceptive_grid,2,558,39436,-19.0,35,1,0.554,0.010736
DQN,deceptive_grid,2,559,39448,11.0,12,1,0.5539,0.009129
DQN,deceptive_grid,2,560,39498,-55.0,50,1,0.5533,0.01111
DQN,deceptive_grid,2,561,39533,-13.0,35,1,0.5529,0.016206
DQN,deceptive_grid,2,562,39582,-26.0,49,1,0.5523,0.013077
DQN,deceptive_grid,2,563,39607,-1.0,25,1,0.5521,0.012694
DQN,deceptive_grid,2,564,39617,9.0,10,1,0.552,0.013773
DQN,deceptive_grid,2,565,39649,-3.0,32,1,0.5516,0.010973
DQN,deceptive_grid,2,566,39681,-5.0,32,1,0.5512,0.01349
DQN,deceptive_grid,2,567,39693,-15.0,12,1,0.5511,0.01457
DQN,deceptive_grid,2,568,39714,-7.0,21,1,0.5509,0.010903
DQN,deceptive_grid,2,569,39721,6.0,7,1,0.5508,0.009864
DQN,deceptive_grid,2,570,39765,-13.0,44,1,0.5503,0.009559
DQN,deceptive_grid,2,571,39829,-53.0,64,1,0.5496,0.010194
DQN,deceptive_grid,2,572,39857,-26.0,28,1,0.5492,0.01125
DQN,deceptive_grid,2,573,39896,-20.0,39,1,0.5488,0.010738
DQN,deceptive_grid,2,574,39952,-50.0,56,1,0.5482,0.01027
DQN,deceptive_grid,2,575,39994,-32.0,42,1,0.5477,0.008703
DQN,deceptive_grid,2,576,40028,-32.0,34,1,0.5473,0.014188
DQN,deceptive_grid,2,577,40085,-44.0,57,1,0.5467,0.013353
DQN,deceptive_grid,2,578,40108,3.0,23,1,0.5464,0.014696
DQN,deceptive_grid,2,579,40145,-16.0,37,1,0.546,0.012805
DQN,deceptive_grid,2,580,40190,-38.0,45,1,0.5455,0.010886
DQN,deceptive_grid,2,581,40227,-12.0,37,1,0.5451,0.009232
DQN,deceptive_grid,2,582,40265,-12.0,38,1,0.5446,0.013947
DQN,deceptive_grid,2,583,40283,-5.0,18,1,0.5444,0.011857
DQN,deceptive_grid,2,584,40316,-25.0,33,1,0.544,0.0113
DQN,deceptive_grid,2,585,40350,-20.0,34,1,0.5437,0.010709
DQN,deceptive_grid,2,586,40378,-12.0,28,1,0.5433,0.01114
DQN,deceptive_grid,2,587,40415,-34.0,37,1,0.5429,0.011965
DQN,deceptive_grid,2,588,40454,-17.0,39,1,0.5425,0.013849
DQN,deceptive_grid,2,589,40477,-10.0,23,1,0.5422,0.009937
DQN,deceptive_grid,2,590,40517,-28.0,40,1,0.5418,0.013026
DQN,deceptive_grid,2,591,40528,1.0,11,1,0.5416,0.016254
DQN,deceptive_grid,2,592,40581,-31.0,53,1,0.541,0.011915
DQN,deceptive_grid,2,593,40625,-33.0,44,1,0.5406,0.010206
DQN,deceptive_grid,2,594,40659,-5.0,34,1,0.5402,0.011757
DQN,deceptive_grid,2,595,40701,-38.0,42,1,0.5397,0.011054
DQN,deceptive_grid,2,596,40737,-13.0,36,1,0.5393,0.00897
DQN,deceptive_grid,2,597,40764,-17.0,27,1,0.539,0.008867
DQN,deceptive_grid,2,598,40778,3.0,14,1,0.5388,0.009977
DQN,deceptive_grid,2,599,40807,-14.0,29,1,0.5385,0.009122
DQN,deceptive_grid,2,600,40830,-8.0,23,1,0.5382,0.010205
