setup_id,episode,discounted_return,episode_length,success,epsilon,mean_loss,rolling_return,rolling_success_rate,rolling_episode_length,rolling_loss
1,1,-18.012001953612323,1000,0,1.0,0.816161795858214,-18.012001953612323,0.0,1000.0,0.816161795858214
1,2,-16.201346468820596,1000,0,0.995,0.6394143219292164,-17.106674211216458,0.0,1000.0,0.7277880588937152
1,3,-20.066176951266243,1000,0,0.990025,0.6126849417090416,-18.093175124566386,0.0,1000.0,0.6894203531654908
1,4,-16.71145518107274,336,1,0.985074875,0.563087374925436,-17.747745138692974,0.25,834.0,0.6578371086054771
1,5,-14.603878639641616,1000,0,0.9801495006250001,0.5482183564230799,-17.118971838882704,0.2,867.2,0.6359133581689976
1,6,-14.962186652058675,1000,0,0.9752487531218751,0.48400355349481106,-16.7595076410787,0.16666666666666666,889.3333333333334,0.6105950573899666
1,7,-15.657516668084776,1000,0,0.9703725093562657,0.3639329390525818,-16.602080359222423,0.14285714285714285,905.1428571428571,0.5753576119131972
1,8,-11.444940699234824,1000,0,0.9655206468094844,0.27826332992315295,-15.957437901723974,0.125,917.0,0.5382208266644417
1,9,-17.957414204597374,1000,0,0.960693043575437,0.2381559500209987,-16.17965749093213,0.1111111111111111,926.2222222222222,0.5048802848151702
1,10,-22.430927194522305,1000,0,0.9558895783575597,0.20386661436967551,-16.804784461291145,0.1,933.6,0.4747789177706208
1,11,-28.322372689805416,1000,0,0.9511101304657719,0.17304997960012405,-17.851837936610625,0.09090909090909091,939.6363636363636,0.44734901430057566
1,12,-30.741352398616765,1000,0,0.946354579813443,0.16702570721693338,-18.9259641417778,0.08333333333333333,944.6666666666666,0.42398873871027215
1,13,-15.364719613759853,1000,0,0.9416228069143757,0.1450563310403377,-18.65202225500719,0.07692307692307693,948.9230769230769,0.40253239965873877
1,14,-27.464790448752055,1000,0,0.9369146928798039,0.1543670072266832,-19.28150569741754,0.07142857142857142,952.5714285714286,0.3848063001993062
1,15,-19.544604313520903,1000,0,0.9322301194154049,0.14947771465266124,-19.29904560515776,0.06666666666666667,955.7333333333333,0.3691177278295299
1,16,-20.703478060901652,1000,0,0.9275689688183278,0.13656943315966055,-19.386822633641756,0.0625,958.5,0.354583459412663
1,17,-14.726797957146408,1000,0,0.9229311239742362,0.13353762097749858,-19.112703535024384,0.058823529411764705,960.9411764705883,0.3415807630341239
1,18,-23.38387643602011,1000,0,0.918316468354365,0.12868777519697325,-19.349990918413035,0.05555555555555555,963.1111111111111,0.3297533748209489
1,19,-15.196930039199389,1000,0,0.9137248860125932,0.12634066670271568,-19.131408766875474,0.05263157894736842,965.0526315789474,0.3190474428147261
1,20,-18.812848088052657,1000,0,0.9091562615825302,0.12574658215185627,-19.115480732934333,0.05,966.8,0.3093823997815826
1,21,-16.96452909491026,1000,0,0.9046104802746175,0.13495444661891087,-19.013054464456996,0.047619047619047616,968.3809523809524,0.30107630677383634
1,22,-11.545380499871772,1000,0,0.9000874278732445,0.12799599820026197,-18.673614738794033,0.045454545454545456,969.8181818181819,0.29320902002049204
1,23,-17.609784854631886,1000,0,0.8955869907338783,0.12223450323008,-18.62736126556959,0.043478260869565216,971.1304347826087,0.2857753453774307
1,24,-18.36901540042624,1000,0,0.8911090557802088,0.12910540237347595,-18.61659685452195,0.041666666666666664,972.3333333333334,0.2792474310855992
1,25,-12.222448741208199,1000,0,0.8866535105013078,0.11724936309352052,-18.3608309299894,0.04,973.44,0.27276750836591607
1,26,-14.155346271577587,1000,0,0.8822202429488013,0.11455938986095134,-18.199081520050484,0.038461538461538464,974.4615384615385,0.26668258073110973
1,27,-16.184987894842322,1000,0,0.8778091417340573,0.12453817162523047,-18.124485459857592,0.037037037037037035,975.4074074074074,0.26141797298644753
1,28,-17.561919510230215,1000,0,0.8734200960253871,0.11618421120196581,-18.10439381879947,0.03571428571428571,976.2857142857143,0.25623105292271603
1,29,-20.19080290952939,1000,0,0.8690529955452602,0.10810273483709898,-18.176338959859123,0.034482758620689655,977.1034482758621,0.251123179885281
1,30,-17.19708863859758,1000,0,0.8647077305675338,0.10402561970171519,-18.14369728248374,0.03333333333333333,977.8666666666667,0.2462199278791621
1,31,-20.21262431161576,1000,0,0.8603841919146962,0.11570179198076949,-18.210436864068644,0.03225806451612903,978.5806451612904,0.2420096654308269
1,32,-14.21689772223848,1000,0,0.8560822709551227,0.12217539379233494,-18.08563876588645,0.03125,979.25,0.23826484444212398
1,33,-28.96214525756327,1000,0,0.851801859600347,0.10999813484400511,-18.41522987169484,0.030303030303030304,979.8787878787879,0.2343779744543022
1,34,-15.981252103005831,1000,0,0.8475428503023453,0.11070882150740363,-18.34364229026281,0.029411764705882353,980.4705882352941,0.23074064642645223
1,35,-15.393482139571704,1000,0,0.8433051360508336,0.1133148552753264,-18.259352000243066,0.02857142857142857,981.0285714285715,0.22738562382213434
1,36,-14.750952781745875,1000,0,0.8390886103705794,0.1087474981076084,-18.161896466395923,0.027777777777777776,981.5555555555555,0.22409012033006417
1,37,-16.96540153477217,1000,0,0.8348931673187264,0.10308180407201871,-18.129558765541226,0.02702702702702703,982.0540540540541,0.22081962529606297
1,38,-13.635577391022474,95,1,0.8307187014821328,0.09770639129473191,-18.011296097790733,0.05263157894736842,958.7105263157895,0.21757980334865953
1,39,-27.132896466331236,1000,0,0.8265651079747222,0.10555831857258453,-18.245183286727666,0.05128205128205128,959.7692307692307,0.2147074575851704
1,40,-17.966975312020516,1000,0,0.8224322824348486,0.10866988931398373,-18.23822808735999,0.05,960.775,0.21205651837839073
1,41,-23.69688634276201,1000,0,0.8183201210226743,0.111621545384638,-18.371366093589305,0.04878048780487805,961.7317073170732,0.20960688489073823
1,42,-31.29500398639851,1000,0,0.8142285204175609,0.10565847502823453,-18.67907175770381,0.047619047619047616,962.6428571428571,0.20713192275115477
1,43,-16.7476684662854,1000,0,0.810157377815473,0.11183591035910649,-18.634155402089426,0.046511627906976744,963.5116279069767,0.204915736416456
1,44,-27.998858771058252,1000,0,0.8061065909263957,0.11262922115041875,-18.84698956956599,0.045454545454545456,964.3409090909091,0.20281831561495514
1,45,-13.889429907842613,1000,0,0.8020760579717637,0.10045116945996414,-18.73682157708325,0.044444444444444446,965.1333333333333,0.20054349014484424
1,46,-20.973400978680505,1000,0,0.798065677681905,0.1074857185301371,-18.785442868422322,0.043478260869565216,965.8913043478261,0.1985204951097419
1,47,-11.299966337944985,1000,0,0.7940753492934954,0.10643721623835153,-18.62617741032706,0.0425531914893617,966.6170212765958,0.19656127641035062
1,48,-29.550062715054732,1000,0,0.7901049725470279,0.10066291771078249,-18.85375835417555,0.041666666666666664,967.3125,0.194563393937443
1,49,-19.35492467949692,1000,0,0.7861544476842928,0.11393894619541242,-18.863986238365783,0.04081632653061224,967.9795918367347,0.19291799704474852
1,50,-22.860876569359814,1000,0,0.7822236754458713,0.09471165438735625,-18.943924044985664,0.04,968.62,0.19095387019160068
1,51,-19.285206080293246,1000,0,0.778312557068642,0.10211639588593971,-18.950615849599536,0.0392156862745098,969.2352941176471,0.18921195893070536
1,52,-20.36665541849247,1000,0,0.7744209942832988,0.10468930330034346,-18.977847379770555,0.038461538461538464,969.8269230769231,0.1875865232455061
1,53,-12.064783809350507,1000,0,0.7705488893118823,0.10224993787449785,-18.847412218064516,0.03773584905660377,970.3962264150944,0.18597639899322294
1,54,-21.10132685529069,1000,0,0.7666961448653229,0.10292434528190643,-18.88915137801315,0.037037037037037035,970.9444444444445,0.18443839799856893
1,55,-20.04897259518244,1000,0,0.7628626641409962,0.1081837005809648,-18.910239036507136,0.03636363636363636,971.4727272727273,0.18305194895461246
1,56,-22.4353594519357,1000,0,0.7590483508202912,0.1020687079684576,-18.973187615354075,0.03571428571428571,971.9821428571429,0.18160581965128822
1,57,-17.4118805546095,1000,0,0.7552531090661897,0.10275239526864607,-18.945796263411186,0.03508771929824561,972.4736842105264,0.18022242624106644
1,58,-21.00738879068322,1000,0,0.7514768435208588,0.10508100404584547,-18.981340962157258,0.034482758620689655,972.948275862069,0.17892688447907987
1,59,-14.635974638669932,1000,0,0.7477194593032545,0.11033624878316187,-18.90769068548798,0.03389830508474576,973.4067796610169,0.17776433133169142
1,60,-30.03465316034555,1000,0,0.7439808620067382,0.09681529177713674,-19.09314006006894,0.03333333333333333,973.85,0.17641518067244885
1,61,-18.84298876545527,1000,0,0.7402609576967045,0.11075291089602979,-19.089039219173632,0.03278688524590164,974.2786885245902,0.1753387500203764
1,62,-17.38645575893121,1000,0,0.736559652908221,0.10108054241730133,-19.061578195621333,0.03225806451612903,974.6935483870968,0.17414103699452035
1,63,-15.074434621808237,1000,0,0.7328768546436799,0.10904840185842476,-18.998290202386205,0.031746031746031744,975.0952380952381,0.1731078205637887
1,64,-10.610806203408737,1000,0,0.7292124703704616,0.1007465832955204,-18.867235764902187,0.03125,975.484375,0.171977176231472
1,65,-20.862419520932885,1000,0,0.7255664080186093,0.10175892842194298,-18.89793089961035,0.03076923076923077,975.8615384615384,0.17089689549594075
1,66,-17.951874212661796,1000,0,0.7219385759785162,0.10031264002388343,-18.88359670738386,0.030303030303030304,976.2272727272727,0.16982743707969747
1,67,-12.454141842520817,1000,0,0.7183288830986236,0.10161116373335244,-18.787634694475454,0.029850746268656716,976.5820895522388,0.16880928374616994
1,68,-33.455610366455105,1000,0,0.7147372386831305,0.09108084426476853,-19.003340219063393,0.029411764705882353,976.9264705882352,0.16766621845967872
1,69,-25.983748148084604,1000,0,0.7111635524897149,0.09216787076788023,-19.10450555136805,0.028985507246376812,977.2608695652174,0.1665720395076237
1,70,-14.863751299022917,1000,0,0.7076077347272662,0.10093638508714503,-19.043923347763116,0.02857142857142857,977.5857142857143,0.16563438730161684
1,71,-15.830765868092804,1000,0,0.7040696960536299,0.09598285317444243,-18.99866760861283,0.028169014084507043,977.9014084507043,0.1646533797786989
1,72,-16.47899664295486,1000,0,0.7005493475733617,0.09256120410459698,-18.963672178534246,0.027777777777777776,978.2083333333334,0.16365209956100304
1,73,-10.044723156142567,1000,0,0.697046600835495,0.09371781072131126,-18.841494794665866,0.0273972602739726,978.5068493150685,0.16269409560429496
1,74,-22.44782165786226,1000,0,0.6935613678313175,0.10272077818447724,-18.890228941465818,0.02702702702702703,978.7972972972973,0.16188364536889202
1,75,-11.74630072905204,1000,0,0.6900935609921609,0.08955333898126264,-18.7949765653003,0.02666666666666667,979.08,0.16091924128372362
1,76,-18.71660032586159,1000,0,0.6866430931872001,0.0941438633746584,-18.793945298991897,0.02631578947368421,979.3552631578947,0.16004061789018328
1,77,-12.052835600945803,1000,0,0.6832098777212641,0.09680498437926871,-18.706398419796493,0.025974025974025976,979.6233766233767,0.15921937589653504
1,78,-14.183090449683066,1000,0,0.6797938283326578,0.09408670387911842,-18.64840729197453,0.02564102564102564,979.8846153846154,0.15838434163990148
1,79,-10.378167743513142,1000,0,0.6763948591909945,0.09642122014658526,-18.543720715411723,0.02531645569620253,980.1392405063291,0.1575999983298595
1,80,-19.525029773926722,1000,0,0.6730128848950395,0.0994057655435172,-18.55598707864316,0.025,980.3875,0.15687257042003022
1,81,-19.69474186291821,543,1,0.6696478204705644,0.08869491413230948,-18.57004577968359,0.037037037037037035,974.9876543209876,0.15603087095968798
1,82,-25.71314003311219,1000,0,0.6662995813682115,0.10555278355939662,-18.65715668521321,0.036585365853658534,975.2926829268292,0.15541528452797712
1,83,-10.480833491409296,1000,0,0.6629680834613705,0.10417186378338374,-18.55864676721557,0.03614457831325301,975.5903614457832,0.15479789391659649
1,84,-10.182975290439538,1000,0,0.6596532430440636,0.09319985166442347,-18.45893639249205,0.03571428571428571,975.8809523809524,0.1540645838897849
1,85,-21.09373312226852,1000,0,0.6563549768288433,0.09743526515259873,-18.489934001077653,0.03529411764705882,976.1647058823529,0.15339835661052387
1,86,-19.22897010944089,369,1,0.653073201944699,0.10311875415260482,-18.498527444198157,0.046511627906976744,969.1046511627907,0.15281371007031552
1,87,-11.073272574449359,1000,0,0.6498078359349755,0.10317072109156288,-18.41317968707461,0.04597701149425287,969.4597701149426,0.15224310100159422
1,88,-19.396731202567366,428,1,0.6465587967553006,0.0902686212258767,-18.42435640884157,0.056818181818181816,963.3068181818181,0.15153884554959743
1,89,-10.61201282607953,1000,0,0.6433260027715241,0.09285761292000826,-18.33657726746222,0.056179775280898875,963.7191011235955,0.15087950585713014
1,90,-13.613099666613072,1000,0,0.6401093727576664,0.09067592025516205,-18.284094183008342,0.05555555555555555,964.1222222222223,0.1502105771282194
1,91,-14.086009072839227,1000,0,0.6369088258938781,0.09162668537223362,-18.23796137959989,0.054945054945054944,964.5164835164835,0.14956679809793383
1,92,-14.042060195797985,1000,0,0.6337242817644086,0.08942016003915342,-18.19235375803683,0.05434782608695652,964.9021739130435,0.14891303029294709
1,93,-11.179376035474316,42,1,0.6305556603555866,0.08729081746146437,-18.11694539542863,0.06451612903225806,954.9784946236559,0.1482504258538989
1,94,-10.250100235376692,182,1,0.6274028820538087,0.08259435326508938,-18.033255553300418,0.07446808510638298,946.7553191489362,0.14755195699657114
1,95,-22.77718786317783,1000,0,0.6242658676435396,0.10019665847538271,-18.083191682878077,0.07368421052631578,947.3157894736842,0.1470534801700323
1,96,-13.316459106484722,1000,0,0.6211445383053219,0.09252190440596314,-18.03353821854064,0.07291666666666667,947.8645833333334,0.1464854429224899
1,97,-14.976703366506204,1000,0,0.6180388156137953,0.10491060485009802,-18.002024457179463,0.07216494845360824,948.4020618556701,0.146056836344424
1,98,-15.409945515934414,1000,0,0.6149486215357263,0.09452740220405394,-17.975574672064717,0.07142857142857142,948.9285714285714,0.14553102579197127
1,99,-12.410580255583092,1000,0,0.6118738784280476,0.10160242971507251,-17.91936260725177,0.0707070707070707,949.4444444444445,0.14508730259927533
1,100,-10.909085560657767,1000,0,0.6088145090359074,0.10649979186046403,-17.84925983678583,0.07,949.95,0.14470142749188722
1,101,-24.40096635946517,132,1,0.6057704364907278,0.09768342829611908,-17.913149480844357,0.08,941.27,0.13751664381626624
1,102,-17.912096303331214,1000,0,0.6027415843082742,0.10279874817834934,-17.930256979189465,0.08,941.27,0.1321504880787576
1,103,-12.165895747244136,1000,0,0.5997278763867329,0.08816284747963073,-17.851254167149246,0.08,941.27,0.12690526713646347
1,104,-11.869581438717857,1000,0,0.5967292370047992,0.09710830732790054,-17.8028354297257,0.07,947.91,0.1222454764604881
1,105,-11.667630823901703,1000,0,0.5937455908197752,0.09016776335344184,-17.773472951568298,0.07,947.91,0.11766497052979172
1,106,-16.765704951864546,1000,0,0.5907768628656763,0.09518930310296128,-17.791508134566353,0.07,947.91,0.11377682802587323
1,107,-10.463130629936323,1000,0,0.5878229785513479,0.09737031916016713,-17.739564274184872,0.07,947.91,0.1111112018269491
1,108,-27.575594528884736,1000,0,0.5848838636585911,0.09792821559787263,-17.900870812481372,0.07,947.91,0.1093078506836963
1,109,-18.97691389951992,1000,0,0.5819594443402982,0.0995415400036436,-17.911065809430596,0.07,947.91,0.10792170658352275
1,110,-10.29700861054579,34,1,0.5790496471185967,0.06830842271173264,-17.78972662359083,0.08,938.25,0.10656612466694332
1,111,-13.307606318055248,450,1,0.5761543988830038,0.09406308926667811,-17.63957895987333,0.09,932.75,0.10577625576360887
1,112,-24.53121381804714,1000,0,0.5732736268885887,0.09574790196225513,-17.57747757406763,0.09,932.75,0.10506347771106209
1,113,-11.911038865059917,1000,0,0.5704072587541458,0.09577884418988833,-17.54294076658063,0.09,932.75,0.10457070284255758
1,114,-18.255846794027978,1000,0,0.567555222460375,0.1028450857566204,-17.45085133003339,0.09,932.75,0.10405548362785697
1,115,-12.955598498194881,1000,0,0.5647174463480732,0.10041089979556272,-17.38496127188013,0.09,932.75,0.10356481547928598
1,116,-12.91355418313496,1000,0,0.5618938591163328,0.09250025503896177,-17.307062033102465,0.09,932.75,0.10312412369807898
1,117,-12.725763405205726,419,1,0.5590843898207511,0.08986992233810415,-17.28705168758306,0.1,926.94,0.10268744671168503
1,118,-7.968611654739999,13,1,0.5562889678716474,0.07026387298873697,-17.13289903977026,0.11,917.07,0.1021032076896027
1,119,-18.261998186829093,1000,0,0.5535075230322891,0.1020573336048401,-17.163549721246554,0.11,917.07,0.10186037435862393
1,120,-23.803842897663568,1000,0,0.5507399854171277,0.10053329738543834,-17.21345966934266,0.11,917.07,0.10160824151095973
1,121,-15.636592337101126,186,1,0.547986285490042,0.10090475690911614,-17.200180301764572,0.12,908.93,0.10126774461386179
1,122,-13.853121267067584,1000,0,0.5452463540625918,0.10394159977947129,-17.223257709436528,0.12,908.93,0.1010272006296539
1,123,-12.211790721381266,1000,0,0.5425201222922789,0.09459019750513835,-17.16927776810402,0.12,908.93,0.10075075757240447
1,124,-14.528633227350507,45,1,0.5398075216808175,0.0815648473566398,-17.130873946373264,0.13,899.38,0.10027535202223613
1,125,-20.682382592635694,1000,0,0.5371084840724134,0.09241769665540778,-17.21547328488754,0.13,899.38,0.100027035357855
1,126,-20.013661701754668,1000,0,0.5344229416520513,0.10260039013075584,-17.274056439189312,0.13,899.38,0.09990744536055303
1,127,-11.429956929693814,684,1,0.531750826943791,0.1160781396095854,-17.226506129537828,0.14,896.22,0.0998228450403966
1,128,-16.529243142831383,1000,0,0.5290920728090721,0.11364198915936868,-17.21617936586384,0.14,896.22,0.0997974228199706
1,129,-14.350668095963568,687,1,0.5264466124450268,0.11095436854342886,-17.157778017728177,0.15,893.09,0.0998259391570339
1,130,-18.25618969303159,33,1,0.5238143793828016,0.09579598803821048,-17.16836902827252,0.16,883.42,0.09974364284039887
1,131,-22.246551366741453,621,1,0.5211953074858876,0.10464907542927245,-17.188708298823776,0.17,879.63,0.09963311567488388
1,132,-13.27528793739474,133,1,0.5185893309484582,0.1112079971637997,-17.17929220097534,0.18,870.96,0.0995234417085985
1,133,-15.894868508528134,1000,0,0.5159963842937159,0.0988224350445962,-17.048619433484987,0.18,870.96,0.09941168471060441
1,134,-19.104343696588078,24,1,0.5134164023722473,0.13182746429811232,-17.079850349420813,0.19,861.2,0.09962287113851151
1,135,-13.667751209895888,1000,0,0.510849320360386,0.10379456198203843,-17.062593040124053,0.19,861.2,0.09952766820557864
1,136,-16.770369839507353,1000,0,0.5082950737585841,0.10024633940364583,-17.082787210701667,0.19,861.2,0.09944265661853902
1,137,-20.317176435852108,1000,0,0.5057535983897912,0.1077440926367126,-17.11630495971247,0.19,861.2,0.09948927950418597
1,138,-13.704382341171314,41,1,0.5032248303978422,0.10833752613156898,-17.116993009213957,0.19,860.66,0.09959559085255433
1,139,-10.783689059422159,1000,0,0.500708706245853,0.11260911626101006,-16.953500935144863,0.19,860.66,0.09966609882943858
1,140,-13.705639709941604,651,1,0.4982051627146237,0.11259947800683358,-16.910887579124076,0.2,857.17,0.0997053947163671
1,141,-19.89291695367374,1000,0,0.49571413690105054,0.12624901009444148,-16.872847885233192,0.2,857.17,0.09985166936346512
1,142,-11.146743190590415,1000,0,0.4932355662165453,0.139082261583535,-16.67136527727511,0.2,857.17,0.10018590722901814
1,143,-11.49624453862879,1000,0,0.4907693883854626,0.162117730163387,-16.618851037998542,0.2,857.17,0.10068872542706093
1,144,-16.078731033702443,109,1,0.4883155414435353,0.1610219128506788,-16.49964976062499,0.21,848.26,0.10117265234406356
1,145,-12.077995581772303,1000,0,0.4858739637363176,0.14301125925546512,-16.481535417364285,0.21,848.26,0.10159825324201854
1,146,-21.520734218914743,1000,0,0.483444593917636,0.1466866860256996,-16.487008749766627,0.21,848.26,0.10199026291697416
1,147,-13.510882179703913,316,1,0.4810273709480478,0.15178697268976654,-16.509117908184216,0.22,841.42,0.1024437604814883
1,148,-13.211369869866973,1000,0,0.47862223409330756,0.14715144773211797,-16.345730979732338,0.22,841.42,0.10290864578170165
1,149,-17.61340522233572,35,1,0.47622912292284103,0.19165991952509753,-16.32831578516073,0.23,831.77,0.10368585551499851
1,150,-12.407270078761384,1000,0,0.4738479773082268,0.15713315095676808,-16.223779720254743,0.23,831.77,0.10431007048069263
1,151,-15.356646278301605,1000,0,0.47147873742168567,0.15218704842304578,-16.18449412223483,0.23,831.77,0.1048107770060637
1,152,-11.422698972518523,1000,0,0.46912134373457726,0.14633261204406153,-16.09505455777509,0.23,831.77,0.10522721009350089
1,153,-20.30393973694724,1000,0,0.46677573701590436,0.1460881636479753,-16.17744611705106,0.23,831.77,0.10566559235123567
1,154,-15.607462696034426,315,1,0.46444185833082485,0.1499662001116482,-16.12250747545849,0.24,824.92,0.10613601089953308
1,155,-21.92588083369999,912,1,0.46211964903917074,0.13592285971428378,-16.141276557843668,0.25,824.04,0.10641340249086628
1,156,-12.896682063611626,559,1,0.4598090507939749,0.1373390229360562,-16.04588978396043,0.26,819.63,0.10676610564054226
1,157,-13.41484981675694,152,1,0.457510005540005,0.15658613367562985,-16.0059194765819,0.27,811.15,0.10730444302461209
1,158,-13.872839755930258,1000,0,0.45522245551230495,0.13611427041655405,-15.934573986234371,0.27,811.15,0.10761477568831916
1,159,-13.42350795142587,297,1,0.4529463432347434,0.1631807305535336,-15.922449319361931,0.28,804.12,0.10814322050602286
1,160,-10.61440395139043,1000,0,0.4506816115185697,0.13281443939340534,-15.728246827272379,0.28,804.12,0.10850321198218556
1,161,-14.090867421321317,54,1,0.4484282034609769,0.15749107160243309,-15.680725613831036,0.29,794.66,0.1089705935892496
1,162,-17.09043885365268,1000,0,0.446186062443672,0.13878991371922894,-15.677765444778252,0.29,794.66,0.10934768730226888
1,163,-14.72033452859454,1000,0,0.4439551321314536,0.12756295682524796,-15.674224443846114,0.29,794.66,0.10953283285193711
1,164,-13.29517103360228,1000,0,0.4417353564707963,0.13213292719918537,-15.70106809214805,0.29,794.66,0.10984669629097375
1,165,-10.083270929866082,1000,0,0.43952667968844233,0.1279042142710532,-15.593276606237385,0.29,794.66,0.11010814914946489
1,166,-18.56792049067805,1000,0,0.43732904629000013,0.13492069509497379,-15.599437069017547,0.29,794.66,0.11045422970017578
1,167,-4.35140927038,13,1,0.4351424010585501,0.13891511825987926,-15.518409743296138,0.3,784.79,0.11082726924544105
1,168,-12.342055086397115,969,1,0.43296668905325736,0.14356226131498528,-15.307274190495557,0.31,784.48,0.11135208341594321
1,169,-14.039921083054493,1000,0,0.43080185560799106,0.1289127556330641,-15.187835919845256,0.31,784.48,0.11171953226459505
1,170,-17.927232405913397,1000,0,0.4286478463299511,0.12425080159466598,-15.218470730914161,0.31,784.48,0.11195267642967024
1,171,-15.072200150535764,1000,0,0.42650460709830135,0.1258707233740133,-15.210885073738591,0.31,784.48,0.11225155513166596
1,172,-12.29491694082898,1000,0,0.42437208406280985,0.122931928563572,-15.169044276717331,0.31,784.48,0.11255526237625572
1,173,-10.302107181555703,1000,0,0.4222502236424958,0.13418281552562258,-15.171618116971466,0.31,784.48,0.11295991242429886
1,174,-12.123115692271009,183,1,0.42013897252428334,0.1451517982129135,-15.068371057315552,0.32,776.31,0.1133842226245832
1,175,-12.994932783832255,1000,0,0.4180382776616619,0.14712488306773594,-15.080857377863353,0.32,776.31,0.11395993806544792
1,176,-21.606066553288706,1000,0,0.4159480862733536,0.1443926661669393,-15.109752040137629,0.32,776.31,0.11446242609337075
1,177,-18.324156669132105,1000,0,0.41386834584198684,0.14471880671661347,-15.172465250819489,0.32,776.31,0.11494156431674417
1,178,-16.63507295561714,1000,0,0.4117990041127769,0.13079753995087232,-15.196985075878828,0.32,776.31,0.11530867267746173
1,179,-5.152195197999999,11,1,0.40974000909221303,0.0815612870183858,-15.144725350423698,0.33,766.42,0.11516007334617974
1,180,-19.52764502550438,373,1,0.40769130904675194,0.12823553109009708,-15.144751502939478,0.34,760.15,0.11544837100164551
1,181,-13.972434339457338,472,1,0.40565285250151817,0.13362459986129285,-15.087528427704864,0.34,759.44,0.11589766785893536
1,182,-11.697704219459666,1000,0,0.4036245882390106,0.11711006373079727,-14.94737406956834,0.34,759.44,0.11601324066064934
1,183,-17.664991538831856,1000,0,0.4016064652978155,0.12308085317135556,-15.019215650042565,0.34,759.44,0.11620233055452907
1,184,-19.6333746275202,1000,0,0.3995984329713264,0.12563282918022015,-15.113719643413374,0.34,759.44,0.11652666032968705
1,185,-12.4721247488642,105,1,0.3976004408064698,0.14082031222725552,-15.027503559679328,0.35,750.49,0.11696051080043361
1,186,-18.426908502927414,596,1,0.39561243860243744,0.12403156439853433,-15.019482943614197,0.35,752.76,0.1171696389028929
1,187,-15.190992102963872,1000,0,0.3936343764094253,0.12914698584540746,-15.06066013889934,0.35,752.76,0.11742940155043134
1,188,-10.256439813305228,1000,0,0.39166620452737816,0.11384184545761673,-14.96925722500672,0.34,758.48,0.11766513379274876
1,189,-20.350964166241926,1000,0,0.3897078735047413,0.12946412374614738,-15.066646738408345,0.34,758.48,0.11803119890101016
1,190,-10.413406563202889,1000,0,0.3877593341372176,0.12548711505142274,-15.034649807374242,0.34,758.48,0.11837931084897275
1,191,-13.355563967520737,1000,0,0.3858205374665315,0.13193147565360414,-15.027345356321055,0.34,758.48,0.11878235875178648
1,192,-20.813520304680022,984,1,0.38389143477919885,0.1307570983041021,-15.095059957409877,0.35,758.32,0.11919572813443594
1,193,-11.256145693975924,365,1,0.3819719776053028,0.12102789581459883,-15.095827653994894,0.35,761.55,0.11953309891796728
1,194,-15.568381897941068,567,1,0.3800621177172763,0.1242772953668868,-15.149010470620535,0.35,765.4,0.11994992833898527
1,195,-18.648576260878613,308,1,0.37816180712868996,0.1293796115422957,-15.107724354597542,0.36,758.48,0.12024175786965442
1,196,-11.154853116891898,159,1,0.37627099809304654,0.1198536529668472,-15.086108294701614,0.37,750.07,0.12051507535526326
1,197,-12.427817428168982,119,1,0.3743896431025813,0.10406460122845113,-15.060619435318243,0.38,741.26,0.1205066153190468
1,198,-10.916865614299132,799,1,0.37251769488706843,0.11435733657261504,-15.015688636301894,0.39,739.25,0.12070491466273238
1,199,-12.115155357041454,1000,0,0.3706551064126331,0.12202730769486515,-15.012734387316476,0.39,739.25,0.12090916344253032
1,200,-14.19976642208664,618,1,0.36880183088056995,0.10927749795926407,-15.045641195930763,0.4,735.43,0.12093694050351829
1,201,-12.305300369974665,37,1,0.3669578217261671,0.12238225520028405,-14.924684536035858,0.4,734.48,0.12118392877255994
1,202,-13.006299691277,1000,0,0.36512303261753626,0.1099509559762082,-14.875626569915319,0.4,734.48,0.12125545085053853
1,203,-10.01987060707049,1000,0,0.3632974174544486,0.12813496324559673,-14.854166318513581,0.4,734.48,0.12165517200819818
1,204,-10.619779508181418,20,1,0.3614809303671764,0.09920833260403014,-14.841668299208216,0.41,724.68,0.1216761722609595
1,205,-10.58502547107087,338,1,0.3596735257153405,0.13151286181459237,-14.830842245679907,0.42,718.06,0.12208962324557099
1,206,-15.82401312373946,255,1,0.3578751580867638,0.14253123299659268,-14.821425327398654,0.43,710.61,0.12256304254450731
1,207,-14.632529374544786,1000,0,0.35608578229633,0.12107017472153529,-14.86311931484474,0.43,710.61,0.122800041100121
1,208,-10.528852431203433,780,1,0.3543053533848483,0.12797574729081065,-14.692651893867925,0.44,708.41,0.12310051641705037
1,209,-14.231966339609201,1000,0,0.35253382661792404,0.12575850398943295,-14.645202418268818,0.44,708.41,0.12336268605690826
1,210,-11.267960904438953,22,1,0.3507711574848344,0.08336149528622627,-14.654911941207752,0.44,708.29,0.12351321678265319
1,211,-12.64929567322715,1000,0,0.34901730169741024,0.12484993180213497,-14.648328834759473,0.43,713.79,0.12382108520800778
1,212,-11.478422724011379,23,1,0.3472722151889232,0.08602846348303897,-14.517800923819117,0.44,704.02,0.12372389082321562
1,213,-11.84129026568539,565,1,0.3455358541129786,0.10586209149672691,-14.517103437825368,0.45,699.67,0.12382472329628401
1,214,-15.057867223449266,850,1,0.3438081748424137,0.12618467480557122,-14.485123642119582,0.46,698.17,0.12405811918677351
1,215,-13.699029162061633,1000,0,0.3420891339682016,0.10871904652292141,-14.492557948758247,0.46,698.17,0.1241412006540471
1,216,-22.049074509317464,479,1,0.3403786882983606,0.12632863559540933,-14.583913152020072,0.47,692.96,0.12447948445961159
1,217,-10.936031611272908,1000,0,0.3386767948568688,0.11796577031898778,-14.566015834080748,0.46,698.77,0.1247604429394204
1,218,-13.158824835598992,1000,0,0.33698341088258443,0.11237202209956013,-14.617917965889337,0.45,708.64,0.12518152443052866
1,219,-12.353769523583471,1000,0,0.3352984938281715,0.11862551310722483,-14.55883567925688,0.45,708.64,0.12534720622555248
1,220,-10.669548920501047,1000,0,0.33362200135903064,0.11134662309859414,-14.427492739485253,0.45,708.64,0.12545533948268403
1,221,-12.985470266079613,1000,0,0.33195389135223546,0.13897456907876768,-14.40098151877504,0.44,716.78,0.12583603760438056
1,222,-13.296198302433979,57,1,0.3302941218954743,0.12693696886529787,-14.395412289128704,0.45,707.35,0.12606599129523882
1,223,-10.308349392520402,363,1,0.32864265128599696,0.1282033542980576,-14.376377875840097,0.46,700.98,0.12640212286316801
1,224,-11.948361332839243,1000,0,0.326999438029567,0.12252945854980499,-14.350575156894983,0.45,710.53,0.1268117689750997
1,225,-14.026810039412043,197,1,0.3253644408394192,0.11636262630593495,-14.284019431362747,0.46,702.5,0.12705121827160495
1,226,-10.929058628481606,1000,0,0.3237376186352221,0.12541931845090584,-14.193173400630016,0.46,702.5,0.12727940755480643
1,227,-10.011387181231228,555,1,0.322118930542046,0.12501288430360438,-14.178987703145392,0.46,701.21,0.12736875500174663
1,228,-12.409617990273352,1000,0,0.32050833588933575,0.12908649587194668,-14.13779145161981,0.46,701.21,0.12752320006887244
1,229,-13.86077073777883,1000,0,0.31890579420988907,0.12868413898185826,-14.132892478037961,0.45,704.34,0.1277004977732567
1,230,-13.212085943144075,1000,0,0.3173112652388396,0.12416012879012851,-14.082451440539085,0.44,714.01,0.12798413918077592
1,231,-11.762394582431808,475,1,0.3157247089126454,0.12397790403399421,-13.97760987269599,0.44,712.55,0.12817742746682312
1,232,-13.770791316447037,1000,0,0.3141460853680822,0.11520585727284197,-13.982564906486514,0.43,721.22,0.12821740606791354
1,233,-18.353630114148828,1000,0,0.3125753549412418,0.11938295910990564,-14.007152522542722,0.43,721.22,0.12842301130856662
1,234,-18.141878866225486,1000,0,0.31101247816653554,0.12222909706496285,-13.997527874239095,0.42,730.98,0.12832702763623513
1,235,-8.168845449376612,21,1,0.30945741577570285,0.08763303934773874,-13.9425388166339,0.43,721.19,0.12816541240989215
1,236,-13.738593521697215,1000,0,0.3079101286968243,0.12577097909568694,-13.912221053455799,0.43,721.19,0.12842065880681258
1,237,-14.3838785996118,595,1,0.3063705780533402,0.12742312745926823,-13.852888075093395,0.44,717.14,0.12861744915503812
1,238,-10.271304712893077,512,1,0.30483872516307353,0.11579222206376016,-13.818557298810612,0.44,721.85,0.12869199611436005
1,239,-17.13608152449269,454,1,0.3033145315372582,0.13883422736728784,-13.882081223461318,0.45,716.39,0.1289542472254228
1,240,-12.216797091168502,1000,0,0.3017979588795719,0.12628950660291594,-13.867192797273587,0.44,719.88,0.12909114751138362
1,241,-14.8970698366355,1000,0,0.30028896908517405,0.11646567221113946,-13.817234326103206,0.44,719.88,0.12899331413255063
1,242,-12.305308163875411,1000,0,0.2987875242397482,0.12786890075798146,-13.828819975836057,0.44,719.88,0.1288811805242951
1,243,-15.862172914348761,1000,0,0.29729358661854943,0.13586461007362233,-13.872479259593256,0.44,719.88,0.1286186493233974
1,244,-15.693650383678422,616,1,0.29580711868545667,0.12090787023346336,-13.868628453093015,0.44,724.95,0.12821750889722525
1,245,-13.14549777027218,41,1,0.2943280830920294,0.13395384153657844,-13.879303474978014,0.45,715.36,0.1281269347200364
1,246,-16.19572437959745,1000,0,0.29285644267656924,0.1315250595290563,-13.826053376584843,0.45,715.36,0.12797531845506996
1,247,-10.136037187892535,1000,0,0.2913921604631864,0.11642423948756186,-13.792304926666729,0.44,722.2,0.12762169112304794
1,248,-13.994948396435495,468,1,0.28993519966087045,0.12627871355049822,-13.800140711932412,0.45,716.88,0.12741296378123174
1,249,-12.944534612669296,1000,0,0.2884855236625661,0.13339905001170702,-13.753452005835749,0.44,726.53,0.12683035508609783
1,250,-13.380222368067505,1000,0,0.28704309604425327,0.12479778255638667,-13.76318152872881,0.44,726.53,0.12650700140209403
1,251,-14.089806375914737,518,1,0.285607880564032,0.12134557171051866,-13.750513129704943,0.45,721.71,0.12619858663496872
1,252,-11.923916307838706,231,1,0.28417984116121187,0.11699229833033456,-13.755525303058143,0.46,714.02,0.12590518349783145
1,253,-10.181718868661216,406,1,0.2827589419554058,0.1337097701206551,-13.654303094375281,0.47,708.08,0.12578139956255824
1,254,-11.11636680689462,551,1,0.28134514724562876,0.12427633540272144,-13.609392135483883,0.47,710.44,0.12552450091546896
1,255,-15.612593883298144,1000,0,0.2799384215094006,0.12247433130026911,-13.546259265979865,0.46,711.32,0.12539001563132884
1,256,-12.071050333539453,1000,0,0.27853872940185365,0.11753621574694989,-13.538002948679143,0.45,715.73,0.12519198755943775
1,257,-7.795364958107022,16,1,0.27714603575484437,0.16066022260929458,-13.481808100092644,0.45,714.37,0.12523272844877442
1,258,-15.59772710573986,877,1,0.2757603055760701,0.1142295569632701,-13.499056973590738,0.46,713.14,0.1250138813142416
1,259,-12.307842957814438,57,1,0.2743815040481898,0.11146592902705858,-13.487900323654626,0.46,710.74,0.12449673329897683
1,260,-12.818845461549813,1000,0,0.2730095965279488,0.12780457357049455,-13.509944738756216,0.46,710.74,0.12444663464074773
1,261,-11.07999899060925,87,1,0.27164454854530906,0.11826361610216955,-13.4798360544491,0.46,711.07,0.1240543600857451
1,262,-10.542516563194969,1000,0,0.2702863258025825,0.120196052770596,-13.414356831544522,0.46,711.07,0.12386842147625877
1,263,-13.557533497427409,1000,0,0.2689348941735696,0.11784486449760152,-13.402728821232852,0.46,711.07,0.12377124055298232
1,264,-11.273681303613657,1000,0,0.26759021970270175,0.13018814633539297,-13.382513923932963,0.46,711.07,0.12375179274434438
1,265,-10.911551433105055,1000,0,0.2662522686041882,0.12312627270174561,-13.390796728965356,0.46,711.07,0.12370401332865129
1,266,-9.05797426055075,30,1,0.2649210072611673,0.11167241199097286,-13.295697266664082,0.47,701.37,0.1234715304976113
1,267,10.0,1,1,0.26359640222486147,0.21715837717056274,-13.152183173960282,0.47,701.25,0.12425396308671813
1,268,-11.57133385814964,531,1,0.26227842021373715,0.12277253033074141,-13.144475961677808,0.47,696.87,0.12404606577687566
1,269,-10.99797294577525,1000,0,0.2609670281126685,0.1296314527624927,-13.114056480305015,0.47,696.87,0.12405325274816996
1,270,-10.998540118900934,1000,0,0.25966219297210513,0.12396525390219176,-13.044769557434893,0.47,696.87,0.12405039727124523
1,271,-12.179574350062884,1000,0,0.2583638820072446,0.12433864232734777,-13.015843299430164,0.47,696.87,0.12403507646077858
1,272,-10.825275193312082,396,1,0.2570720625972084,0.11068711984041853,-13.001146881954991,0.48,690.83,0.12391262837354704
1,273,-12.636540287106834,1000,0,0.25578670228422234,0.12242191202222602,-13.024491213010506,0.48,690.83,0.12379501933851307
1,274,-13.490164667894565,1000,0,0.25450776877280124,0.11634939687763107,-13.03816170276674,0.47,699.0,0.12350699532516027
1,275,-11.198283079931214,1000,0,0.2532352299289372,0.11946813655586448,-13.020195205727727,0.47,699.0,0.12323042786004153
1,276,-10.622684546425203,1000,0,0.2519690537792925,0.11847257363487733,-12.910361385659092,0.47,699.0,0.1229712269347209
1,277,-11.487076084462357,178,1,0.2507092085103961,0.10615559658486909,-12.841990579812398,0.48,690.78,0.12258559483340348
1,278,-16.44450334564859,571,1,0.2494556624678441,0.12825949119151964,-12.840084883712711,0.49,686.49,0.12256021434580995
1,279,-15.741255540615409,166,1,0.24820838415550486,0.09866612221511271,-12.945975487138867,0.49,688.04,0.12273126269777722
1,280,-11.278228343342004,14,1,0.24696734223472733,0.19169259157830051,-12.863481320317241,0.49,684.45,0.12336583330265925
1,281,-10.520180936201363,1000,0,0.2457325055235537,0.13047948166678544,-12.828958786284682,0.48,689.73,0.12333438212071415
1,282,-17.042056470367186,1000,0,0.24450384299593592,0.11914861492795172,-12.88240230879376,0.48,689.73,0.1233547676326857
1,283,-11.940723494477513,85,1,0.24328132378095624,0.1112696757831145,-12.825159628350214,0.49,680.58,0.1232366558588033
1,284,-16.09670562283053,739,1,0.24206491716205145,0.11061229203197241,-12.789792938303314,0.5,677.97,0.12308645048732082
1,285,-13.325479912952297,1000,0,0.2408545925762412,0.1146271224320517,-12.798326489944197,0.49,686.92,0.12282451858936878
1,286,-15.164108102635431,1000,0,0.23965031961336,0.10994333634222858,-12.765698485941277,0.48,690.96,0.12268363630880572
1,287,-12.766887673048851,1000,0,0.2384520680152932,0.11464320427601342,-12.741457441642128,0.48,690.96,0.12253859849311179
1,288,-11.871637237484086,1000,0,0.23725980767521673,0.12506476978724823,-12.757609415883914,0.48,690.96,0.12265082773640809
1,289,-10.460397489827905,51,1,0.23607350863684065,0.11101851727146947,-12.658703749119777,0.49,681.47,0.12246637167166133
1,290,-13.007144183253907,437,1,0.23489314109365644,0.12578769786191735,-12.684641125320287,0.5,675.84,0.12246937749976626
1,291,-12.83239249114409,1000,0,0.23371867538818816,0.10959306356150773,-12.67940941055652,0.5,675.84,0.12224599337884529
1,292,-15.184650150880884,1000,0,0.23255008201124722,0.11696087700032512,-12.623120709018526,0.49,676.0,0.12210803116580754
1,293,-15.299409999648706,1000,0,0.231387331601191,0.10299727455468383,-12.663553352075258,0.48,682.35,0.12192772495320839
1,294,-15.106222643897024,553,1,0.23023039494318503,0.12096298940635117,-12.658931759534815,0.48,682.21,0.12189458189360301
1,295,-11.707322002705718,1000,0,0.2290792429684691,0.10760929276738898,-12.58951921695309,0.47,689.13,0.12167687870585396
1,296,-17.561438895564404,44,1,0.22793384675362674,0.07938521398517134,-12.653585074739812,0.47,687.98,0.1212721943160372
1,297,-15.809906632393151,88,1,0.22679417751985861,0.10947023048753511,-12.687405966782055,0.47,687.67,0.12132625060862806
1,298,-14.447766165024094,1000,0,0.22566020663225933,0.11324463601931348,-12.722714972289305,0.46,689.68,0.12131512360309502
1,299,-16.31555244563591,1000,0,0.22453190559909803,0.12458152787972358,-12.764718943175248,0.46,689.68,0.12134066580494361
1,300,-13.275543291491305,362,1,0.22340924607110255,0.10721821711046199,-12.755476711869294,0.46,687.12,0.1213200729964556
1,301,-10.641326965263195,1000,0,0.22229219984074702,0.11093455700809136,-12.73883697782218,0.45,696.75,0.12120559601453368
1,302,-19.0896463542199,1000,0,0.2211807388415433,0.12015916766796726,-12.799670444451605,0.45,696.75,0.12130767813145127
1,303,-10.511001517557084,1000,0,0.22007483514733558,0.11039275921689114,-12.804581753556475,0.45,696.75,0.12113025609116422
1,304,-9.236959151046108,32,1,0.2189744609715989,0.12690268324877252,-12.79075354998512,0.45,696.87,0.12140719959761163
1,305,-10.00010139670651,1000,0,0.2178795886667409,0.11469736351951725,-12.784904309241476,0.44,703.49,0.12123904461466088
1,306,-11.016544076671554,1000,0,0.2167901907234072,0.1157031186115346,-12.736829618770798,0.43,710.94,0.1209707634708103
1,307,-10.74120889072027,1000,0,0.21570623976979014,0.11830338624087744,-12.697916413932553,0.43,710.94,0.1209430955860037
1,308,-14.721125208127518,1000,0,0.21462770857094118,0.11425583818930318,-12.739839141701793,0.42,713.14,0.12080589649498866
1,309,-13.722272724294896,311,1,0.21355457002808648,0.11339323417866794,-12.73474220554865,0.43,706.25,0.12068224379688099
1,310,-11.84068975260977,154,1,0.21248679717794605,0.09339140046349358,-12.74046949403036,0.43,707.57,0.12078254284865367
1,311,-12.63258775611969,1000,0,0.21142436319205632,0.12064316312022856,-12.740302414859284,0.43,707.57,0.12074047516183459
1,312,-16.0322942301621,1000,0,0.21036724137609603,0.10312181601670455,-12.78584112992079,0.42,717.34,0.12091140868717126
1,313,-10.086733367926538,1000,0,0.20931540516921554,0.10772901875671233,-12.768295560943201,0.41,721.69,0.1209300779597711
1,314,-10.831019295818038,977,1,0.20826882814336947,0.10810185645051833,-12.726027081666892,0.41,722.96,0.12074924977622059
1,315,-10.722166566552007,1000,0,0.20722748400265262,0.10798442532061017,-12.696258455711796,0.41,722.96,0.12074190356419749
1,316,-1.7902000000000005,6,1,0.20619134658263935,0.07716585409555894,-12.493669710618622,0.41,718.23,0.12025027574919898
1,317,-10.456285629642661,1000,0,0.20516038984972615,0.1140810177604435,-12.48887225080232,0.41,718.23,0.12021142822361354
1,318,-10.000078816171756,436,1,0.2041345879004775,0.10493800075706831,-12.457284790608044,0.42,712.59,0.12013708801018862
1,319,-11.730744961954674,870,1,0.2031139149609751,0.10771414055298323,-12.451054544991758,0.43,711.29,0.12002797428464619
1,320,-14.620814374065175,531,1,0.20209834538617025,0.10516436211381146,-12.490567199527401,0.44,706.6,0.11996615167479836
1,321,-10.35806426969617,1000,0,0.2010878536592394,0.1108319359481684,-12.464293139563566,0.44,706.6,0.11968472534349235
1,322,-13.379024032534494,760,1,0.2000824143909432,0.10605918219650783,-12.46512139686457,0.44,713.63,0.11947594747680448
1,323,-10.107545157847836,1000,0,0.19908200231898848,0.10780704714017338,-12.463113354517846,0.43,720.0,0.11927198440522563
1,324,-11.0658325799023,1000,0,0.19808659230739353,0.10902507431420963,-12.454288066988475,0.43,720.0,0.11913694056286968
1,325,-10.993772660350727,1000,0,0.19709615934585656,0.10286904232107917,-12.42395769319786,0.42,728.03,0.1190020047230211
1,326,-15.563649140213032,1000,0,0.19611067854912728,0.11279931715037674,-12.470303598315176,0.42,728.03,0.11887580471001581
1,327,-10.149521520106193,1000,0,0.19513012515638165,0.1084667818081507,-12.471684941703925,0.41,732.48,0.11871034368506125
1,328,-14.332263007753346,1000,0,0.19415447453059972,0.09618677037302405,-12.490911391878726,0.41,732.48,0.11838134643007203
1,329,-13.572709248664614,614,1,0.19318370215794672,0.10362684249364867,-12.488030776987584,0.42,728.62,0.11813077346518992
1,330,-13.34079660396858,38,1,0.192217783647157,0.1145627167302576,-12.489317883595827,0.43,719.0,0.11803479934459123
1,331,-13.388656386103385,1000,0,0.1912566947289212,0.1029564542863518,-12.505580501632542,0.42,724.25,0.1178245848471148
1,332,-12.326723007395302,1000,0,0.1903004112552766,0.10575859884248348,-12.491139818542024,0.42,724.25,0.11773011226281122
1,333,-10.513946340990858,1000,0,0.18934890919900021,0.10148805877950508,-12.412742980810444,0.42,724.25,0.11755116325950722
1,334,-3.0264311979999996,11,1,0.18840216465300522,0.0537226420128718,-12.26158850412819,0.43,714.36,0.11686609870898632
1,335,-10.440127986150983,1000,0,0.18746015382974018,0.10733370515421847,-12.284301329495936,0.42,724.15,0.11706310536705113
1,336,-10.307500942406582,793,1,0.1865228530605915,0.11771467265573596,-12.24999040370303,0.43,722.08,0.11698254230265162
1,337,-13.840509610189201,1000,0,0.18559023879528855,0.1066597937734332,-12.244556713808802,0.42,726.13,0.11677490896579328
1,338,-11.045658663485849,1000,0,0.1846622876013121,0.1016089158153627,-12.252300253314731,0.41,731.01,0.11663307590330929
1,339,-7.146510349007803,15,1,0.18373897616330553,0.16396442145342008,-12.152404541559882,0.41,726.62,0.11688437784417062
1,340,-12.346177392322057,230,1,0.182820281282489,0.0953634429596486,-12.153698344571417,0.42,718.92,0.11657511720773792
1,341,-14.046421817010604,106,1,0.18190617987607657,0.10841943934682827,-12.14519186437517,0.43,709.98,0.11649465487909483
1,342,-10.152539448804772,85,1,0.18099664897669618,0.09770188716185443,-12.123664177224464,0.44,700.83,0.11619298474313355
1,343,-19.890683650641805,28,1,0.1800916657318127,0.11216850497086332,-12.163949284587396,0.45,691.11,0.11595602369210596
1,344,-15.954466547829364,1000,0,0.17919120740315364,0.10655094514120719,-12.166557446228904,0.44,694.95,0.11581245444118342
1,345,-10.806242546095902,1000,0,0.17829525136613786,0.1119127390684589,-12.14316489398714,0.43,704.54,0.1155920434165022
1,346,-12.569891230756294,1000,0,0.17740377510930716,0.10828971900042961,-12.106906562498727,0.43,704.54,0.11535969001121593
1,347,8.0,2,1,0.17651675623376062,0.0013484334922395647,-11.9255461906198,0.44,694.56,0.11420893195126272
1,348,-10.78038180836262,281,1,0.1756341724525918,0.11545835948860757,-11.893400524739071,0.44,692.69,0.11410072841064382
1,349,-4.916268343342,14,1,0.17475600159032884,0.21508548131013022,-11.813117862045797,0.45,682.83,0.11491759272362806
1,350,-17.50989182594931,124,1,0.17388222158237718,0.09169305296569702,-11.854414556624617,0.46,674.07,0.11458654542772116
1,351,-9.944787443602015,53,1,0.1730128104744653,0.09095935210177042,-11.812964367301493,0.46,669.42,0.11428268323163365
1,352,-10.826615229267738,43,1,0.17214774642209296,0.10836205606045592,-11.801991356515781,0.46,667.54,0.11419638080893486
1,353,-13.089434200693907,549,1,0.1712870076899825,0.10299532355897371,-11.83106850983611,0.46,668.97,0.11388923634331807
1,354,-11.402288061503217,1000,0,0.17043057265153258,0.11512410936001106,-11.833927722382192,0.45,673.46,0.11379771408289095
1,355,-10.0255198860724,1000,0,0.16957841978827493,0.11675950163707603,-11.778056982409934,0.45,673.46,0.11374056578625905
1,356,-14.168493241217426,1000,0,0.16873052768933355,0.10707931488566101,-11.799031411486714,0.45,673.46,0.11363599677764614
1,357,-10.561232378769258,1000,0,0.1678868750508869,0.10889926346580614,-11.826690085693338,0.44,683.3,0.11311838718621128
1,358,-14.74013339147129,1000,0,0.16704744067563246,0.11116165778762661,-11.818114148550654,0.43,684.53,0.11308770819445485
1,359,-13.356921840831506,1000,0,0.1662122034722543,0.1133079138211324,-11.828604937380826,0.42,693.96,0.11310612804239557
1,360,-15.883436766437946,344,1,0.16538114245489302,0.10979498130337709,-11.859250850429708,0.43,687.4,0.1129260321197244
1,361,-16.79188755991971,561,1,0.16455423674261854,0.11453859006984778,-11.91636973612281,0.43,692.14,0.11288878185940118
1,362,-10.059153550030432,198,1,0.16373146555890544,0.10983187437052791,-11.911536105991166,0.44,684.12,0.1127851400754005
1,363,-22.520931922399804,746,1,0.16291280823111093,0.10207876719628185,-12.001170090240889,0.45,681.58,0.1126274791023873
1,364,-11.922352173538552,789,1,0.16209824418995536,0.1085322801373521,-12.007656798940138,0.46,679.47,0.11241092044040689
1,365,-10.003524334611923,1000,0,0.16128775296900558,0.1089102400286647,-11.998576527955207,0.46,679.47,0.11226876011367608
1,366,-11.292053222259998,1000,0,0.16048131420416054,0.10831475397126633,-12.020917317572296,0.45,689.17,0.112235183533479
1,367,-11.797035484821912,1000,0,0.15967890763313974,0.1065370146188361,-12.238887672420514,0.44,699.16,0.11112896990796173
1,368,-10.53558504939537,37,1,0.15888051309497406,0.11241161660291255,-12.228530184332975,0.44,694.22,0.11102536077068345
1,369,-16.679480563057506,1000,0,0.1580861105294992,0.11052802933059866,-12.2853452605058,0.44,694.22,0.11083432653636452
1,370,-10.852879793595385,71,1,0.1572956799768517,0.11678601119136044,-12.283888657252739,0.45,684.93,0.1107625341092562
1,371,-10.384279220398387,526,1,0.15650920157696743,0.1018525849878518,-12.265935705956096,0.46,680.19,0.11053767353586125
1,372,-6.045986489266,14,1,0.1557266555690826,0.18465397975939726,-12.218142818915634,0.46,676.37,0.11127734213505104
1,373,-12.48383427617313,104,1,0.1549480222912372,0.12038525252697022,-12.216615758806297,0.47,667.41,0.11125697554009849
1,374,-10.313536103376414,1000,0,0.15417328217978102,0.11362859247010783,-12.184849473161119,0.47,667.41,0.11122976749602324
1,375,-10.033489549238473,1000,0,0.1534024157688821,0.11354161891399417,-12.17320153785419,0.47,667.41,0.11117050231960453
1,376,-13.844974233603278,151,1,0.1526354036900377,0.13021504619337668,-12.205424434725973,0.48,658.92,0.1112879270451895
1,377,-14.190181929129242,1000,0,0.1518722266715875,0.10502091442298843,-12.23245549317264,0.47,667.14,0.11127658022357072
1,378,-10.498539747597171,1000,0,0.15111286553822956,0.11193750197105692,-12.172995857192127,0.46,671.43,0.1111133603313661
1,379,-10.205501440725945,34,1,0.15035730121053842,0.07599621479782988,-12.11763831619323,0.46,670.11,0.11088666125719326
1,380,-10.100872211957679,70,1,0.14960551470448571,0.12783883872242377,-12.10586475487939,0.46,670.67,0.11024812372863449
1,381,-10.674278762885262,1000,0,0.14885748713096328,0.11001569466269576,-12.107405733146226,0.46,670.67,0.11004348585859361
1,382,-6.0857480782,12,1,0.14811319969530845,0.14475477100738013,-11.997842649224555,0.47,660.79,0.11029954741938786
1,383,-10.256110627834893,36,1,0.1473726336968319,0.09550164813926029,-11.98099652055813,0.47,660.3,0.11014186714294935
1,384,-11.402926560334238,255,1,0.14663577052834775,0.11237165237201706,-11.934058729933165,0.47,655.46,0.11015946074634979
1,385,-13.374084089629198,225,1,0.14590259167570602,0.11410846453392878,-11.934544771699931,0.48,647.71,0.11015427416736856
1,386,-11.178214574112172,456,1,0.1451730787173275,0.1191709588009664,-11.894685836414702,0.49,642.27,0.11024655039195594
1,387,-11.195814987258379,1000,0,0.14444721332374086,0.11889180740070879,-11.878975109556796,0.49,642.27,0.11028903642320291
1,388,-10.860646410766169,1000,0,0.14372497725712216,0.10427887552109315,-11.868865201289616,0.49,642.27,0.11008117748054135
1,389,-15.844389299771665,185,1,0.14300635237083656,0.10916420537034503,-11.922705119389057,0.49,643.61,0.11006263436153009
1,390,-15.376290759145233,758,1,0.14229132060898236,0.10912003621972279,-11.946396585147966,0.49,646.82,0.10989595774510816
1,391,-14.548069912946497,1000,0,0.14157986400593744,0.10772978482834879,-11.963553359365987,0.49,646.82,0.10987732495777656
1,392,-10.39241819563278,23,1,0.14087196468590776,0.08851842223869069,-11.915631039813507,0.5,637.05,0.10959290041016023
1,393,-12.027341826734368,590,1,0.14016760486247823,0.10436451088501954,-11.882910358084365,0.51,632.95,0.10960657277346358
1,394,-10.30945933216321,355,1,0.13946676683816583,0.10526554667223638,-11.834942724967027,0.51,630.97,0.10944959834612245
1,395,-10.213170365777017,132,1,0.138769433003975,0.11480736028170213,-11.82000120859774,0.52,622.29,0.10952157902126557
1,396,-12.580028964975453,36,1,0.13807558583895513,0.07868408118277632,-11.770187109291854,0.52,622.21,0.10951456769324162
1,397,-10.211992089708257,128,1,0.13738520790976036,0.10563400042383364,-11.714207963865006,0.52,622.61,0.1094762053926046
1,398,-14.633806534750457,571,1,0.13669828187021155,0.11326377196058031,-11.716068367562269,0.53,618.32,0.10947639675201729
1,399,-11.83341305489578,843,1,0.13601479046086049,0.10560550369977706,-11.671246973654867,0.54,616.75,0.10928663651021782
1,400,-10.292678955218745,801,1,0.1353347165085562,0.11680355660844659,-11.641418330292142,0.54,621.14,0.10938248990519767
1,401,-13.955364096650559,1000,0,0.1346580429260134,0.10816396398725919,-11.674558701606015,0.54,621.14,0.10935478397498934
1,402,-10.23495034930309,340,1,0.13398475271138335,0.13471020131692057,-11.586011741556847,0.55,614.54,0.10950029431147888
1,403,-9.671535934634786,40,1,0.13331482894782642,0.10002077589160763,-11.577617085727622,0.56,604.94,0.10939657447822602
1,404,-17.133230058432392,1000,0,0.13264825480308728,0.11484090869345527,-11.656579794801488,0.55,614.62,0.10927595673267283
1,405,-10.084048876093059,1000,0,0.13198501352907185,0.11051537601393648,-11.657419269595353,0.55,614.62,0.10923413685761706
1,406,-8.2274123760695,24,1,0.1313250884614265,0.09970965592947323,-11.629527952589331,0.56,604.86,0.10907420223079643
1,407,-12.130817347523328,489,1,0.13066846301911936,0.12140605759401978,-11.643424037157363,0.57,599.75,0.10910522894432786
1,408,0.6288200000000002,7,1,0.13001512070402377,0.0643038279002732,-11.489924585076087,0.58,589.82,0.10860570884143755
1,409,-11.905237024605546,167,1,0.12936504510050365,0.1230181425800798,-11.471754228079194,0.58,588.38,0.10870195792545168
1,410,-11.13124033023314,1000,0,0.12871821987500112,0.1095834964766982,-11.464659733855429,0.57,596.84,0.10886387888558371
1,411,-12.475629914036459,292,1,0.12807462877562611,0.10950358424392331,-11.463090155434598,0.58,589.76,0.10875248309682066
1,412,-11.082731641456778,1000,0,0.12743425563174798,0.12278847389505244,-11.413594529547543,0.58,589.76,0.10894914967560414
1,413,-15.691440161117209,1000,0,0.12679708435358925,0.11872136983834207,-11.469641597479452,0.58,589.76,0.10905907318642044
1,414,-11.142971530726072,978,1,0.1261630989318213,0.12397495571893863,-11.472761119828531,0.58,589.77,0.10921780417910464
1,415,-10.287580145347256,195,1,0.1255322834371622,0.11485433674309976,-11.468415255616483,0.59,581.72,0.10928650329332955
1,416,-10.00156494954591,1000,0,0.12490462201997637,0.12620868016505846,-11.550528905111939,0.58,591.66,0.10977693155402454
1,417,-11.249731475038235,866,1,0.1242800989098765,0.1104297908986518,-11.558463363565895,0.59,590.32,0.1097404192854066
1,418,-10.81042827270433,1000,0,0.12365869841532712,0.11735345956450328,-11.566566858131221,0.58,595.96,0.10986457387348096
1,419,-12.486292157238712,198,1,0.12304040492325048,0.0982046202896692,-11.574122330084062,0.58,589.24,0.10976947867084781
1,420,-14.402964446129792,546,1,0.12242520289863423,0.10943500075451756,-11.571943830804708,0.58,589.39,0.10981218505725489
1,421,-10.419026483781515,427,1,0.12181307688414106,0.13018602658383793,-11.572553452945561,0.59,583.66,0.11000572596361159
1,422,-12.653264527882161,1000,0,0.12120401149972035,0.11694733109889785,-11.565295857899036,0.58,586.06,0.11011460745263549
1,423,-10.331315218573987,221,1,0.12059799144222175,0.09269157146673641,-11.5675335585063,0.59,578.27,0.10996345269590108
1,424,-13.84051520217979,1000,0,0.11999500148501063,0.11746742739199545,-11.595280384729074,0.59,578.27,0.11004787622667894
1,425,-10.21873551159069,67,1,0.11939502647758558,0.07580977590292443,-11.587530013241476,0.6,568.94,0.1097772835624974
1,426,8.0,2,1,0.11879805134519765,0.001574448251631111,-11.351893521839347,0.61,558.96,0.10866503487350995
1,427,-10.071018676354086,87,1,0.11820406108847166,0.08964273173378073,-11.351108493401822,0.62,549.83,0.10847679437276626
1,428,-10.393918780063569,1000,0,0.1176130407830293,0.1158702140878886,-11.311725051124927,0.62,549.83,0.1086736288099149
1,429,-7.209031320494759,17,1,0.11702497557911415,0.09409036572255633,-11.248088271843226,0.62,543.86,0.10857826404220397
1,430,-11.959427373891273,1000,0,0.11643985070121858,0.10944661303207977,-11.234274579542452,0.61,553.48,0.10852710300522221
1,431,-16.72566094193283,1000,0,0.11585765144771248,0.11673363754240564,-11.267644625100747,0.61,553.48,0.10866487483778274
1,432,-10.00213570139828,457,1,0.11527836319047392,0.1279829902232052,-11.244398752040777,0.62,548.05,0.10888711875158999
1,433,-11.990479786309121,859,1,0.11470197137452155,0.12248204929754951,-11.25916408649396,0.63,546.64,0.10909705865677041
1,434,-9.622855320353107,27,1,0.11412846151764894,0.06046652142820811,-11.325128327717493,0.63,546.8,0.10916449745092378
1,435,-10.021217512124954,103,1,0.1135578192100607,0.09756735136938163,-11.32093922297723,0.64,537.83,0.10906683391307541
1,436,-11.91980604442669,18,1,0.11299003011401039,0.08861872342984295,-11.337062273997436,0.64,530.08,0.10877587442081646
1,437,-12.882757228667025,740,1,0.11242507996344034,0.11677861779431083,-11.327484750182212,0.65,527.48,0.10887706266102525
1,438,-13.664473213223923,1000,0,0.11186295456362313,0.11817350285348949,-11.353672895679592,0.65,527.48,0.1090427085314065
1,439,-11.339117768700115,769,1,0.11130363979080501,0.11897227845846685,-11.395598969876517,0.65,535.02,0.10859278710145696
1,440,-10.51865490815258,1000,0,0.11074712159185099,0.1136704476212326,-11.377323745034822,0.64,542.72,0.10877585714807284
1,441,-10.354546156289983,1000,0,0.11019338598389174,0.11903571228974033,-11.340404988427613,0.63,551.66,0.10888201987750196
1,442,-10.10968968320415,1000,0,0.10964241905397228,0.11604867094062501,-11.339976490771605,0.62,560.81,0.10906548771528966
1,443,-13.601889982532896,313,1,0.10909420695870241,0.10939032261525043,-11.277088554090517,0.62,563.66,0.10903770589173353
1,444,1.8098,6,1,0.1085487359239089,0.0400857322383672,-11.099445888612221,0.63,553.72,0.10837305376270515
1,445,-10.689088717715213,1000,0,0.10800599224428936,0.12354947993860696,-11.098274350328417,0.63,553.72,0.10848942117140661
1,446,-10.6546973597128,1000,0,0.10746596228306791,0.11390199833203224,-11.079122411617984,0.63,553.72,0.10854554396472263
1,447,-10.525702802254619,44,1,0.10692863247165257,0.08425863401630936,-11.264379439640532,0.63,554.14,0.10937464596996334
1,448,-12.740849901728474,1000,0,0.1063939893092943,0.11640262554108631,-11.28398412057419,0.62,561.33,0.10938408863048812
1,449,-11.20970240672198,1000,0,0.10586201936274783,0.11321939671158907,-11.34691846120799,0.61,571.19,0.10836542778450271
1,450,-10.157113709886135,1000,0,0.10533270926593409,0.12655085892084753,-11.27339068004736,0.6,579.95,0.10871400584405422
1,451,-10.005478204580317,974,1,0.10480604571960442,0.10935181374361025,-11.27399758765714,0.6,589.16,0.1088979304604726
1,452,-10.02293155576843,172,1,0.1042820154910064,0.10849952644774782,-11.265960750922147,0.6,590.45,0.10889930516434551
1,453,-10.513863428081073,1000,0,0.10376060541355137,0.10578149303063401,-11.24020504319602,0.59,594.96,0.10892716685906212
1,454,-12.682710402448167,980,1,0.1032418023864836,0.11083816616268524,-11.253009266605472,0.6,594.76,0.10888430742708886
1,455,-17.31909539330391,1000,0,0.10272559337455119,0.12075510235925321,-11.325945021677787,0.6,594.76,0.10892426343431062
1,456,3.122,5,1,0.10221196540767843,0.049816411000210795,-11.153040089265607,0.61,584.81,0.10835163439545614
1,457,-5.4296074,9,1,0.10170090558064004,0.04927159061965843,-11.101723839477916,0.62,574.9,0.10775535766699466
1,458,-17.288605007849224,1000,0,0.10119240105273684,0.1157765861931839,-11.127208555641694,0.62,574.9,0.10780150695105023
1,459,-12.363931011884334,1000,0,0.10068643904747315,0.1049782717054768,-11.11727864735222,0.62,574.9,0.10771821052989368
1,460,-10.005866317031703,1000,0,0.10018300685223579,0.11476849872691673,-11.058502942858158,0.61,581.46,0.10776794570412909
1,461,-10.069992652806304,1000,0,0.0996820918179746,0.11022454633755842,-10.991283993787027,0.6,585.85,0.1077248052668062
1,462,-10.027831568168777,191,1,0.09918368135888474,0.1235065707275266,-10.990970773968408,0.6,585.78,0.10786155223037618
1,463,-13.63079435274977,1000,0,0.09868776295209031,0.11869531463274324,-10.90206939827191,0.59,588.32,0.1080277177047408
1,464,-10.006252074072071,1000,0,0.09819432413732986,0.1129263040999649,-10.882908397277246,0.58,590.43,0.10807165794436692
1,465,-13.954289913769529,965,1,0.09770335251664321,0.11674676891129797,-10.92241605306882,0.59,590.08,0.10815002323319325
1,466,-10.367203079427904,87,1,0.09721483575406,0.1291920584091253,-10.913167551640504,0.6,580.95,0.10835879627757183
1,467,-14.057731911243597,1000,0,0.09672876157528969,0.11581581959425238,-10.935774515904718,0.6,580.95,0.10845158432732598
1,468,-10.872494459294318,76,1,0.09624511776741324,0.1284438006244416,-10.939143610003708,0.6,581.34,0.10861190616754128
1,469,-11.9280044322844,1000,0,0.09576389217857617,0.11863979567191564,-10.891628848695975,0.6,581.34,0.10869302383095444
1,470,-20.0357325874306,497,1,0.09528507271768329,0.11720677619720098,-10.983457376634327,0.6,585.6,0.10869723148101286
1,471,-14.430218957932258,1000,0,0.09480864735409487,0.12065788085831446,-11.023916774009665,0.59,590.34,0.1088852844397175
1,472,-13.608647872560118,685,1,0.0943346041173244,0.10936486234635209,-11.099543387842607,0.59,597.05,0.10813239326558702
1,473,-8.134270482006515,17,1,0.09386293109673778,0.13571150723488673,-11.056047749900943,0.59,596.18,0.10828565581266619
1,474,-9.05797426055075,30,1,0.09339361644125409,0.09041473572142422,-11.043492131472686,0.6,586.48,0.10805351724517935
1,475,-9.997419859843658,86,1,0.09292664835904782,0.0729152349007944,-11.043131434578736,0.61,577.34,0.10764725340504738
1,476,-9.752638172996567,40,1,0.09246201511725258,0.12784424266137648,-11.002208073972668,0.61,576.23,0.10762354536972739
1,477,-12.163182929779335,133,1,0.09199970504166631,0.1127192663016582,-10.981938083979172,0.62,567.56,0.10770052888851406
1,478,-10.47302544941929,163,1,0.09153970651645797,0.13223167479058237,-10.981682940997393,0.63,559.19,0.10790347061670932
1,479,-10.066825786763616,1000,0,0.09108200798387568,0.12509375320764957,-10.980296184457766,0.62,568.85,0.10839444600080751
1,480,-15.979174688231645,792,1,0.0906265979439563,0.12023203455218474,-11.03907920922051,0.62,576.07,0.10831837795910511
1,481,-10.378202055517429,1000,0,0.09017346495423652,0.10874284730813816,-11.036118442146831,0.62,576.07,0.10830564948555953
1,482,-10.604196567792465,320,1,0.08972259762946533,0.11638024412895902,-11.08130292704276,0.62,579.15,0.10802190421677534
1,483,-11.637857984594564,609,1,0.089273984641318,0.11035294047700568,-11.095120400610352,0.62,584.88,0.10817041714015278
1,484,-12.51456291603401,540,1,0.0888276147181114,0.11499458687645124,-11.106236764167349,0.62,587.73,0.1081966464851971
1,485,-11.111886271959662,1000,0,0.08838347664452084,0.11098976601767936,-11.083614785990655,0.61,595.48,0.10816545950003462
1,486,-15.471919514561005,760,1,0.08794155926129824,0.11175009324245988,-11.12655183539514,0.61,598.52,0.10809125084444958
1,487,-9.632148369002463,35,1,0.08750185146499175,0.11987517126170652,-11.11091516921258,0.62,588.87,0.10810108448305954
1,488,-11.720669296073886,1000,0,0.08706434220766679,0.11928916350202053,-11.11951539806566,0.62,588.87,0.10825118736286882
1,489,-10.259936744751508,1000,0,0.08662902049662846,0.10966976733747287,-11.063670872515459,0.61,597.02,0.10825624298254008
1,490,-14.144807416067929,97,1,0.08619587539414532,0.11940423302597261,-11.051356039084688,0.61,590.41,0.10835908495060259
1,491,-19.697190699319318,104,1,0.08576489601717459,0.12727927138061765,-11.102847246948416,0.62,581.45,0.10855457981612528
1,492,-11.475862928306867,1000,0,0.08533607153708872,0.11889992942006211,-11.113681694275153,0.61,591.22,0.10885839488793898
1,493,-9.671535934634786,40,1,0.08490939117940327,0.10267183125833981,-11.090123635354157,0.61,585.72,0.1088414680916722
1,494,-10.11125145834108,1000,0,0.08448484422350626,0.11477355016957154,-11.088141556615936,0.6,592.17,0.10893654812664554
1,495,-12.27115373818771,1000,0,0.08406242000238873,0.11538266398117412,-11.108721390340042,0.59,600.85,0.10894230116364026
1,496,-14.70139782305218,1000,0,0.08364210790237678,0.11679027415913878,-11.12993507892081,0.58,610.49,0.10932336309340389
1,497,-10.553647945280048,1000,0,0.0832238973628649,0.12347834502733894,-11.13335163747653,0.57,619.21,0.10950180653943896
1,498,-10.205289153885618,1000,0,0.08280777787605056,0.11915341826272197,-11.08906646366788,0.56,623.5,0.10956070300246036
1,499,-10.210142297710668,860,1,0.08239373898667031,0.12128582093610867,-11.072833756096031,0.56,623.67,0.10971750617482368
1,500,-10.03879207177552,1000,0,0.08198177029173696,0.11491105466443696,-11.070294887261598,0.55,625.66,0.1096985811553836
1,501,-11.206931058689163,148,1,0.08157186144027828,0.10443941095896613,-11.042810556881987,0.56,617.14,0.10966133562510066
1,502,-10.230963090549073,1000,0,0.0811640021330769,0.10945691262878245,-11.042770684294444,0.55,623.74,0.10940880273821929
1,503,-10.11211108273994,782,1,0.08075818212241151,0.12156763857604502,-11.047176435775492,0.55,631.16,0.10962427136506366
1,504,-15.246064890616566,1000,0,0.08035439121179945,0.11843862081496627,-11.028304784097333,0.55,631.16,0.10966024848627878
1,505,-10.229154418769168,718,1,0.07995261925574046,0.11052962693965505,-11.029755839524096,0.56,628.34,0.10966039099553596
1,506,-10.356478082646042,1000,0,0.07955285615946175,0.1176711011780426,-11.05104649658986,0.55,638.1,0.10984000544802167
1,507,-13.564059794001716,61,1,0.07915509187866444,0.0994530418600513,-11.065378921054643,0.55,633.82,0.10962047529068197
1,508,-9.99885738697118,60,1,0.07875931641927113,0.08907453129941131,-11.171655694924358,0.55,634.35,0.10986818232467338
1,509,-15.974036339300811,804,1,0.07836551983717477,0.11539084284722143,-11.212343688071307,0.55,640.72,0.10979190932734477
1,510,-10.029189598812268,86,1,0.07797369223798889,0.11822796271244865,-11.201323180757102,0.56,631.58,0.10987835398970228
1,511,-12.916528429273729,736,1,0.07758382377679894,0.11607546698601452,-11.205732165909476,0.56,636.02,0.1099440728171232
1,512,-10.400123748269417,1000,0,0.07719590465791494,0.12006210161006312,-11.198906086977601,0.56,636.02,0.10991680909427329
1,513,-13.482582770640962,912,1,0.07680992513462537,0.11079540014128597,-11.176817513072837,0.57,635.14,0.10983754939730275
1,514,-10.137667891564963,803,1,0.07642587550895225,0.12333302273618575,-11.166764476681228,0.57,633.39,0.1098311300674752
1,515,-13.007388507297044,218,1,0.07604374613140748,0.11230569174449138,-11.193962560300724,0.57,633.62,0.10980564361748912
1,516,-13.724287407093627,1000,0,0.07566352740075044,0.11815921419317602,-11.231189784876204,0.57,633.62,0.1097251489577703
1,517,-12.127842191787854,64,1,0.07528520976374668,0.1207247375168663,-11.2399708920437,0.57,625.6,0.10982809842395243
1,518,-11.564076955215283,46,1,0.07490878371492794,0.1763236925496882,-11.247507378868809,0.58,616.06,0.11041780075380431
1,519,-9.381936912347348,34,1,0.0745342397963533,0.10210486354652162,-11.216463826419897,0.58,614.42,0.11045680318637281
1,520,-12.689775763840261,51,1,0.07416156859737154,0.1679581633766693,-11.199331939597,0.58,609.47,0.11104203481259432
1,521,-10.930150793256665,1000,0,0.07379076075438468,0.10676267195466789,-11.204443182691753,0.57,615.2,0.11080780126630263
1,522,-10.002955975216894,1000,0,0.07342180695061275,0.11831273251661333,-11.1779400971651,0.57,615.2,0.11082145528047979
1,523,-10.483547723813185,1000,0,0.07305469791585968,0.11570537246132154,-11.179462422217494,0.56,622.99,0.11105159329042563
1,524,-10.05254773275927,1000,0,0.07268942442628039,0.11952458502995432,-11.141582747523287,0.56,622.99,0.11107216486680521
1,525,-10.214485279177616,1000,0,0.07232597730414898,0.12481841312948382,-11.141540245199156,0.55,632.32,0.11156225123907083
1,526,-9.99872515274875,90,1,0.07196434741762824,0.12096518212217941,-11.321527496726642,0.55,633.2,0.11275615857777628
1,527,-8.837005259939197,28,1,0.0716045256805401,0.15116606873510005,-11.30918736256249,0.55,632.61,0.11337139194778946
1,528,-12.426414475532408,1000,0,0.0712465030521374,0.10975602611104841,-11.329512319517182,0.55,632.61,0.11331025006802108
1,529,-10.977869294871414,192,1,0.0708902705368767,0.11237105762241602,-11.367200699260948,0.55,634.36,0.11349305698701968
1,530,-10.015984135021782,276,1,0.07053581918419231,0.0965199239451423,-11.347766266872254,0.56,627.12,0.1133637900961503
1,531,-11.757154621588354,1000,0,0.07018314008827135,0.11358492299888166,-11.298081203668811,0.56,627.12,0.11333230295071506
1,532,-11.691785350379204,51,1,0.06983222438783,0.06373166599466155,-11.31497770015862,0.56,623.06,0.11268978970842962
1,533,-9.94002555051082,51,1,0.06948306326589085,0.114201024903998,-11.294473157800635,0.56,614.98,0.1126069794644941
1,534,-6.664563660066684,18,1,0.0691356479495614,0.09820111966756587,-11.264890241197772,0.56,614.89,0.1129843254468877
1,535,-10.05832172337469,79,1,0.06878996970981359,0.1144705013979132,-11.26526128331027,0.56,614.65,0.113153356947173
1,536,-10.000995669555678,1000,0,0.06844601986126451,0.1155722943925648,-11.246073179561561,0.55,624.47,0.11342289265680025
1,537,-10.487433013532177,1000,0,0.06810378976195819,0.110653948303574,-11.222119937410211,0.54,627.07,0.11336164596189287
1,538,-10.667091884862886,1000,0,0.0677632708131484,0.12422479210607708,-11.1921461241266,0.54,627.07,0.11342215885441873
1,539,-12.809427946199856,475,1,0.06742445445908266,0.12393240813766361,-11.206849225901596,0.54,624.13,0.11347176015121072
1,540,-10.060672603510604,481,1,0.06708733218678724,0.10912176384384843,-11.202269402855174,0.55,618.94,0.11342627331343685
1,541,-10.190544587693104,1000,0,0.0667518955258533,0.11202293062195531,-11.200629387169206,0.55,618.94,0.11335614549675903
1,542,-10.695339329528377,77,1,0.06641813604822402,0.09077517311965635,-11.20648588363245,0.56,609.71,0.11310341051854934
1,543,-3.7237880782,12,1,0.0660860453679829,0.0937112233756731,-11.10770486458912,0.56,606.7,0.11294661952615355
1,544,-10.842648363519277,1000,0,0.06575561514114299,0.11495407148395316,-11.234229348224313,0.55,616.64,0.1136953029186094
1,545,-7.811620217369753,22,1,0.06542683706543727,0.1369759487146935,-11.20545466322086,0.56,606.86,0.1138295676063703
1,546,-10.251295905644211,267,1,0.06509970288011008,0.11434487772086105,-11.201420648680173,0.57,599.53,0.11383399640025857
1,547,-10.010225860063493,1000,0,0.06477420436570952,0.1115185660213465,-11.196265879258263,0.56,609.09,0.11410659572030894
1,548,-11.662953072552044,59,1,0.06445033334388098,0.11171249843940487,-11.185486910966496,0.57,599.68,0.11405969444929212
1,549,-6.71336927038,13,1,0.06412808167716157,0.07435152481775731,-11.140523579603077,0.58,589.81,0.1136710157303538
1,550,-10.06807771098376,90,1,0.06380744126877576,0.10958700357781102,-11.139633219614055,0.59,580.71,0.11350137717692345
1,551,-10.14226262084782,681,1,0.06348840406243188,0.12126219637808903,-11.141001063776727,0.59,577.78,0.11362048100326821
1,552,-10.004879774865003,261,1,0.06317096204211972,0.12356446198566007,-11.140820545967694,0.59,578.67,0.11377113035864735
1,553,-11.80953332289767,1000,0,0.06285510723190912,0.11306318135073525,-11.153777244915862,0.59,578.67,0.11384394724184838
1,554,-14.064132428931517,202,1,0.06254083169574957,0.10826628892117705,-11.167591465180694,0.59,570.89,0.11381822846943328
1,555,-13.988816652020565,306,1,0.062228127537270826,0.1136926390649903,-11.134288677767863,0.6,563.95,0.11374760383649067
1,556,-10.161327663371003,1000,0,0.06191698689958447,0.11981945555013954,-11.267121954401572,0.59,573.9,0.11444763428198992
1,557,-15.603825995785337,1000,0,0.061607401965086545,0.11459438649314689,-11.368864140359426,0.58,583.81,0.11510086224072483
1,558,-11.349452081535777,722,1,0.06129936495526111,0.11205184858110462,-11.30947261109629,0.59,581.03,0.11506361486460402
1,559,-12.720658639735323,520,1,0.0609928681304848,0.12039645663456983,-11.313039887374797,0.6,576.23,0.11521779671389497
1,560,-14.448719644556263,467,1,0.060687903789832374,0.1264134548564977,-11.357468420650047,0.61,570.9,0.11533424627519079
1,561,-12.845039213078977,1000,0,0.06038446427088321,0.11802898853493389,-11.385218886252774,0.61,570.9,0.11541229069716455
1,562,-10.77277495138317,1000,0,0.06008254194952879,0.1131861793390126,-11.392668320084915,0.6,578.99,0.11530908678327938
1,563,-10.436338021401639,238,1,0.05978212923978115,0.12312633447112328,-11.360723756771431,0.61,571.37,0.11535339698166319
1,564,-10.10224235464199,1000,0,0.05948321859358224,0.11332718867086805,-11.361683659577134,0.61,571.37,0.11535740582737222
1,565,-10.503325607033169,1000,0,0.05918580250061433,0.10351864502712851,-11.32717401650977,0.6,571.72,0.1152251245885305
1,566,-12.14071182434591,1000,0,0.058889873488111255,0.10271403036516859,-11.344909103958953,0.59,580.85,0.11496034430809095
1,567,-8.698185054112617,21,1,0.058595424120670696,0.0860131197841838,-11.291313635387642,0.6,571.06,0.11466231730999026
1,568,-16.35653872721165,1000,0,0.05830244700006734,0.11097490519753773,-11.346154078066816,0.59,580.3,0.11448762835572122
1,569,-10.66739503083049,1000,0,0.058010934765067,0.1080204475626233,-11.333547984052277,0.59,580.3,0.11438143487462829
1,570,-11.294069646560999,1000,0,0.05772088009124167,0.10924757371994201,-11.246131354643579,0.58,585.33,0.1143018428498557
1,571,-10.044614373334783,565,1,0.05743227569078546,0.11180964862753687,-11.202275308797603,0.59,580.98,0.11421336052754792
1,572,-10.4222865328739,1000,0,0.05714511431233153,0.11016661900997861,-11.170411695400741,0.58,584.13,0.11422137809418421
1,573,-10.269439704085702,254,1,0.05685938874076987,0.09411660784751903,-11.191763387621531,0.58,586.5,0.11380542910031054
1,574,-12.011551860360443,986,1,0.056575091797066025,0.10774881630745961,-11.221299163619628,0.58,596.06,0.1139787699061709
1,575,-10.000034095156295,858,1,0.056292216338080694,0.10821630673661164,-11.221325305972757,0.58,603.78,0.11433178062452906
1,576,-12.183625893333977,953,1,0.05601075525639029,0.10554475251302207,-11.24563518317613,0.58,612.91,0.11410878572304553
1,577,-12.916037049766054,1000,0,0.05573070148010834,0.10403972047280695,-11.253163724376,0.57,621.58,0.11402199026475701
1,578,-8.564204024616295,26,1,0.0554520479727078,0.051776829368184105,-11.234075510127969,0.57,620.21,0.11321744181053303
1,579,-10.010640083149324,721,1,0.05517478773284426,0.10104079439792632,-11.23351365309183,0.58,617.42,0.11297691222243579
1,580,8.0,2,1,0.05489891379418004,0.09180313377873972,-10.993721906209512,0.58,609.52,0.11269262321470133
1,581,-10.014158372773514,452,1,0.05462441922520914,0.09709736925390892,-10.99008146938207,0.59,604.04,0.11257616843415903
1,582,-10.25586579272498,1000,0,0.0543512971290831,0.11425799122874741,-10.986598161631393,0.58,610.84,0.11255494590515694
1,583,-13.600211425066847,596,1,0.05407954064343768,0.11264108736467456,-11.006221696036118,0.58,610.71,0.1125778273740336
1,584,-14.211051143041358,1000,0,0.05380914294022049,0.09793517694759066,-11.02318657830619,0.57,615.31,0.112407233274745
1,585,-10.124232866410557,1000,0,0.05354009722551939,0.10595720362578868,-11.013310044250701,0.57,615.31,0.1123569076508261
1,586,-12.684319126079894,410,1,0.05327239673939179,0.10896362038833236,-10.98543404036589,0.57,611.81,0.11232904292228481
1,587,-11.566801329120413,426,1,0.053006034755694834,0.10930780318531234,-11.004780569967068,0.57,615.72,0.11222336924152089
1,588,-10.228266748233509,1000,0,0.052741004581916356,0.11930028513944126,-10.989856544488662,0.57,615.72,0.1122234804578951
1,589,-10.004245704980088,418,1,0.052477299559006776,0.11121577182755434,-10.98729963409095,0.58,609.9,0.11223894050279591
1,590,-14.779899916200115,1000,0,0.052214913061211746,0.10525418841984356,-10.99365055909227,0.57,618.93,0.11209744005673464
1,591,-10.534244955993145,1000,0,0.05195383849590569,0.11052711033930246,-10.902021101659011,0.56,627.89,0.11192991844632148
1,592,-10.643504717089373,1000,0,0.05169406930342616,0.1036803809980629,-10.893697519546835,0.56,627.89,0.11177772296210148
1,593,-13.07233111813576,484,1,0.05143559895690903,0.11167507628942233,-10.927705471381847,0.56,632.33,0.1118677554124123
1,594,-14.038951605602113,422,1,0.051178420962124486,0.11996499930165809,-10.966982472854456,0.57,626.55,0.11191966990373317
1,595,-11.460249523143618,1000,0,0.05092252885731386,0.11415647568396525,-10.958873430704015,0.57,626.55,0.11190740802076107
1,596,-10.230224071986852,1000,0,0.05066791621302729,0.10931383009155979,-10.914161693193359,0.57,626.55,0.1118326435800853
1,597,-2.2515902199999993,10,1,0.05041457663196215,0.17606887721922249,-10.831141115940559,0.58,616.65,0.11235854890200411
1,598,-10.287203392354884,1000,0,0.050162503748802344,0.10532826813441352,-10.831960258325255,0.58,616.65,0.11222029740072104
1,599,-10.012182632784487,1000,0,0.05,0.12416570756548026,-10.829980661675993,0.57,618.05,0.11224909626701475
1,600,-10.047874061823565,455,1,0.05,0.10930320524641282,-10.830071481576477,0.58,612.6,0.1121930177728345
1,601,-10.024882713290943,1000,0,0.05,0.12035536257116473,-10.818250998122492,0.57,621.12,0.11235217728895648
1,602,-10.001641852396029,1000,0,0.05,0.10753369834081969,-10.815957785740961,0.57,621.12,0.11233294514607685
1,603,-13.618600623011021,1000,0,0.05,0.11689250602820539,-10.851022681143672,0.56,623.3,0.11228619382059847
1,604,-10.000321516549924,1000,0,0.05,0.1044144006111892,-10.798565247403005,0.56,623.3,0.11214595161856071
1,605,-13.600788711648386,696,1,0.05,0.11613562789110195,-10.832281590331798,0.56,623.08,0.11220201162807518
1,606,-10.030142086598921,1000,0,0.05,0.10653499364110758,-10.829018230371327,0.56,623.08,0.11209065055270581
1,607,-10.519780264016623,1000,0,0.05,0.11135307658516104,-10.798575435071475,0.55,632.47,0.11220965089995691
1,608,-9.05797426055075,30,1,0.05,0.1276299371267669,-10.78916660380727,0.55,632.17,0.11259520495823047
1,609,-10.4883430868427,1000,0,0.05,0.11004897523578257,-10.73430967128269,0.54,634.13,0.11254178628211604
1,610,-13.252673154995117,280,1,0.05,0.11075792442581067,-10.766544506844516,0.54,636.07,0.11246708589924967
1,611,-11.694617261222229,332,1,0.05,0.11260424455316072,-10.754325395164,0.54,632.03,0.11243237367492113
1,612,-10.235412240863077,1000,0,0.05,0.11710938446078217,-10.75267828008994,0.54,632.03,0.11240284650342837
1,613,-17.51949422911279,1000,0,0.05,0.1168976002371055,-10.793047394674657,0.53,632.91,0.11246386850438655
1,614,-10.000077945825819,761,1,0.05,0.11382461282098483,-10.791671495217265,0.53,632.49,0.11236878440523455
1,615,-14.483638267880261,1000,0,0.05,0.11273081497120438,-10.806433992823097,0.52,640.31,0.11237303563750167
1,616,-10.773666513509932,1000,0,0.05,0.1075982206753688,-10.776927783887258,0.52,640.31,0.11226742570232359
1,617,-12.962658837663984,558,1,0.05,0.1109247751579675,-10.785275950346023,0.52,645.25,0.11216942607873459
1,618,-10.005716598478147,1000,0,0.05,0.11192933492557496,-10.769692346778651,0.51,654.79,0.11152548250249347
1,619,-10.003519094296328,1000,0,0.05,0.1068751672807557,-10.775908168598141,0.5,664.45,0.1115731855398358
1,620,-10.31906583919046,1000,0,0.05,0.11655900172507973,-10.752201069351642,0.49,673.94,0.11105919392331991
1,621,-10.135801508579375,336,1,0.05,0.1011287823320821,-10.74425757650487,0.5,667.3,0.11100285502709406
1,622,-10.081305853069567,1000,0,0.05,0.11038406668166863,-10.745041075283396,0.5,667.3,0.11092356836874462
1,623,-13.38520287883272,519,1,0.05,0.0908975326427951,-10.774057626833592,0.51,662.49,0.11067548997055937
1,624,-12.549715705099963,1000,0,0.05,0.10812269082876447,-10.799029306556998,0.51,662.49,0.11056147102854746
1,625,-10.305262081072915,1000,0,0.05,0.09968001771600393,-10.799937074575952,0.51,662.49,0.11031008707441266
1,626,-11.62002918798997,69,1,0.05,0.0884931691828609,-10.816150114928364,0.51,662.28,0.10998536694501947
1,627,-10.060517744514542,1000,0,0.05,0.1026715406581643,-10.828385239774118,0.5,672.0,0.10950042166425013
1,628,-15.255810010667387,571,1,0.05,0.11553773821507712,-10.856679195125466,0.51,667.71,0.1095582387852904
1,629,-15.379906874787997,127,1,0.05,0.08642126475900823,-10.900699570924633,0.51,667.06,0.10929874085665632
1,630,-10.400567806859701,1000,0,0.05,0.1014031452407653,-10.904545407643012,0.5,674.3,0.10934757306961254
1,631,-10.36667729697011,32,1,0.05,0.09644932822538976,-10.89064063439683,0.51,664.62,0.10917621712187761
1,632,4.580000000000001,4,1,0.05,0.16271016473183408,-10.727922780893039,0.51,664.15,0.11016600210924937
1,633,-13.37424867306476,468,1,0.05,0.10925032608245866,-10.762265012118577,0.51,668.32,0.11011649512103394
1,634,-11.38006108059892,84,1,0.05,0.09858819462914696,-10.8094199863239,0.51,668.98,0.11012036587064979
1,635,-10.016227263983177,692,1,0.05,0.1076607570070484,-10.808999041729985,0.51,675.11,0.11005226842674112
1,636,-10.100595958983885,1000,0,0.05,0.10743567658198298,-10.809995044624266,0.51,675.11,0.1099709022486353
1,637,-10.188568030174933,1000,0,0.05,0.10530251297392533,-10.807006394790694,0.51,675.11,0.10991738789533882
1,638,3.122,5,1,0.05,0.17687549074180425,-10.669115475942064,0.52,665.16,0.11044389488169606
1,639,-10.188146728309004,661,1,0.05,0.10688383279490861,-10.642902663763154,0.52,667.02,0.11027340912826852
1,640,-10.142987989360716,698,1,0.05,0.11215563183007421,-10.64372581762166,0.52,669.19,0.11030374780813078
1,641,-14.000040788592438,1000,0,0.05,0.10497087167427525,-10.68182077963065,0.52,669.19,0.110233227218654
1,642,-10.543272433001405,1000,0,0.05,0.11657899632822954,-10.680300110665385,0.51,678.42,0.11049126545073973
1,643,-10.003826174584516,128,1,0.05,0.09945958604930638,-10.743100491629228,0.51,679.58,0.11054874907747607
1,644,-10.419811645417143,1000,0,0.05,0.10639945890748641,-10.738872124448205,0.51,679.58,0.11046320295171139
1,645,-10.075779221156601,95,1,0.05,0.11938677167054265,-10.761513714486075,0.51,680.31,0.1102873111812699
1,646,-10.868827520102307,1000,0,0.05,0.10869715319710667,-10.767689030630656,0.5,687.64,0.11023083393603235
1,647,-12.564575536950318,283,1,0.05,0.1097709305772423,-10.793232527399523,0.51,680.47,0.1102133575815913
1,648,-10.370155542969474,723,1,0.05,0.10647742050902932,-10.780304552103699,0.51,687.11,0.11016100680228756
1,649,-12.626611079214527,378,1,0.05,0.11717468483444973,-10.839436970192043,0.51,690.76,0.11058923840245447
1,650,-12.075770325365847,1000,0,0.05,0.11481626374673215,-10.859513896335864,0.5,699.86,0.11064153100414371
1,651,-10.110544221620353,1000,0,0.05,0.09585979472738108,-10.85919671234359,0.49,703.05,0.11038750698763662
1,652,-11.291099575110675,350,1,0.05,0.11179695579722257,-10.872058910346045,0.49,703.94,0.11026983192575225
1,653,-10.20980457749134,827,1,0.05,0.10696658719106994,-10.85606162289198,0.5,702.21,0.1102088659841556
1,654,-14.993588592302837,1000,0,0.05,0.11936301011618343,-10.865356184525693,0.49,710.19,0.11031983319610567
1,655,-10.002269705101744,1000,0,0.05,0.10542563205465558,-10.825490715056505,0.48,717.13,0.1102371631260023
1,656,-10.168578372715405,35,1,0.05,0.15194859249750153,-10.82556322214995,0.49,707.48,0.11055845449547591
1,657,1.8098,6,1,0.05,0.11583954858360812,-10.651426962192097,0.5,697.54,0.11057090611638053
1,658,-10.420380682850615,1000,0,0.05,0.11358507998161076,-10.642136248205247,0.49,700.32,0.11058623843038559
1,659,-11.848052080233321,1000,0,0.05,0.11040006720168458,-10.63341018261023,0.48,705.12,0.11048627453605672
1,660,-12.361960162655167,932,1,0.05,0.10549743150733361,-10.612542587791218,0.48,709.77,0.1102771143025651
1,661,-14.658370981309444,1000,0,0.05,0.11654452971709543,-10.63067590547352,0.48,709.77,0.11026226971438673
1,662,-10.258573207515415,1000,0,0.05,0.11375022870337125,-10.625533888034843,0.48,709.77,0.11026791020803031
1,663,-4.916268343342,14,1,0.05,0.11250060071636524,-10.570333191254246,0.48,707.53,0.11016165287048273
1,664,-10.011215159987755,48,1,0.05,0.17044468694318007,-10.569422919307703,0.49,698.01,0.11073282785320583
1,665,-10.669461334629995,1000,0,0.05,0.10803353550682368,-10.571084276583672,0.49,698.01,0.11077797675800277
1,666,-10.487899191442404,115,1,0.05,0.08002969979349038,-10.554556150254637,0.5,689.16,0.110551133452286
1,667,-12.264405039568997,1000,0,0.05,0.11186840522882995,-10.590218350109204,0.49,698.95,0.11080968630673245
1,668,-11.110984485219097,730,1,0.05,0.12056865138954591,-10.537762807689276,0.5,696.25,0.11090562376865254
1,669,-14.530435138462558,25,1,0.05,0.08932070312555879,-10.576393208765596,0.51,686.5,0.1107186263242819
1,670,-1.3906557999999993,9,1,0.05,0.14775757170799705,-10.477359070299986,0.52,676.59,0.11110372630416243
1,671,-10.823667839783864,733,1,0.05,0.11435827285760558,-10.485149604964478,0.52,678.27,0.11112921254646313
1,672,-13.198656426530317,1000,0,0.05,0.11076453534833854,-10.51291330390104,0.52,678.27,0.11113519170984672
1,673,-9.152176834495677,31,1,0.05,0.10821522929848382,-10.501740675205141,0.52,676.04,0.11127617792435637
1,674,-10.00001775473102,416,1,0.05,0.113654229914713,-10.481625334148848,0.52,670.34,0.11133523206042892
1,675,-12.610854846103456,1000,0,0.05,0.10940747370556346,-10.507733541658318,0.51,671.76,0.11134714373011842
1,676,-12.741606067879081,214,1,0.05,0.1009417025184163,-10.513313343403768,0.51,664.37,0.11130111323017237
1,677,-12.629648027288079,1000,0,0.05,0.11111962647644395,-10.510449453178989,0.51,664.37,0.11137191229020875
1,678,-12.923390001535465,1000,0,0.05,0.11360391031112523,-10.554041312948181,0.5,674.11,0.11199018309963815
1,679,-12.894777667760074,66,1,0.05,0.11925284618028496,-10.582882688794287,0.5,667.56,0.11217230361746174
1,680,-10.51837995457097,1000,0,0.05,0.11150948007820989,-10.768066488339999,0.49,677.54,0.11236936708045646
1,681,-13.369689422696656,1000,0,0.05,0.10560531769844238,-10.80162179883923,0.48,683.02,0.11245444656490179
1,682,-10.000305043822571,1000,0,0.05,0.11997193950056681,-10.799066191350207,0.48,683.02,0.11251158604761999
1,683,-10.213252096480337,1000,0,0.05,0.10933126399829052,-10.765196598064342,0.47,687.06,0.11247848781395614
1,684,-11.294831604812064,1000,0,0.05,0.11004705872401246,-10.736034402682048,0.47,687.06,0.11259960663172038
1,685,-14.230075990333313,1000,0,0.05,0.1109253838648583,-10.777092833921277,0.47,687.06,0.11264928843411105
1,686,-11.018887114737442,125,1,0.05,0.10951539626484737,-10.76043851380785,0.47,684.21,0.11265480619287621
1,687,-13.365608715993412,471,1,0.05,0.10463306900837277,-10.77842658767658,0.47,684.66,0.1126080588511068
1,688,-9.916508841641411,53,1,0.05,0.13076796224626344,-10.775309008610659,0.48,675.19,0.11272273562217501
1,689,-12.693722017244209,188,1,0.05,0.11052633795136105,-10.802203771733302,0.48,672.89,0.11271584128341308
1,690,-13.995068733945281,29,1,0.05,0.10132539649453849,-10.794355459910753,0.49,663.18,0.11267655336416003
1,691,-9.499368899001352,36,1,0.05,0.1283701149999009,-10.784006699340837,0.5,653.54,0.11285498341076604
1,692,-12.420050038569501,1000,0,0.05,0.10800061543789342,-10.801772152555639,0.5,653.54,0.11289818575516433
1,693,-16.27986489697011,32,1,0.05,0.06440262803425867,-10.833847490343983,0.5,649.02,0.11242546127261271
1,694,-12.166052974733125,341,1,0.05,0.10725855960184981,-10.81511850403529,0.5,648.21,0.11229839687561462
1,695,-12.395392643873052,329,1,0.05,0.13039233554467788,-10.824469935242584,0.51,641.5,0.11246075547422173
1,696,-9.784494726713882,44,1,0.05,0.08330803655818189,-10.820012641789853,0.52,631.94,0.11220069753888795
1,697,-10.536241930070975,32,1,0.05,0.10427029964739631,-10.90285915889056,0.52,632.16,0.11148271176316969
1,698,-10.67899888965935,1000,0,0.05,0.11214165028129355,-10.906777113863606,0.52,632.16,0.11155084558463849
1,699,-11.255248737996235,1000,0,0.05,0.11597902667729068,-10.919207774915726,0.52,632.16,0.11146897877575661
1,700,-11.028728006255845,701,1,0.05,0.12772961059801438,-10.929016314360046,0.52,634.62,0.11165324282927262
1,701,-10.858133967235814,527,1,0.05,0.1150293432382546,-10.937348826899497,0.53,629.89,0.11159998263594353
1,702,-10.280935767840326,412,1,0.05,0.12053292498511864,-10.940141766053937,0.54,624.01,0.11172997490238654
1,703,-10.156743191789609,203,1,0.05,0.10060053269262426,-10.905523191741725,0.55,616.04,0.11156705516903072
1,704,-11.687815909481513,1000,0,0.05,0.11956284564179077,-10.922398135671042,0.55,616.04,0.11171853961933673
1,705,-11.826285226560486,1000,0,0.05,0.11267437520157546,-10.904653100820163,0.54,619.08,0.11168392709244145
1,706,-10.394904242415066,582,1,0.05,0.1091761949902536,-10.908300722378327,0.55,614.9,0.11171033910593291
1,707,-10.617231341575547,89,1,0.05,0.09889342736981264,-10.909275233153915,0.56,605.79,0.11158574261377942
1,708,-10.006696102123799,700,1,0.05,0.11393001201807887,-10.918762451569647,0.56,612.49,0.11144874336269255
1,709,-10.344272682484528,1000,0,0.05,0.12035855575476308,-10.917321747526062,0.56,612.49,0.11155183916788233
1,710,-11.75841919600122,435,1,0.05,0.12136704430483207,-10.902379207936123,0.56,614.04,0.11165793036667258
1,711,-10.00047638711239,600,1,0.05,0.11494541567677516,-10.885437799195026,0.56,616.72,0.11168134207790872
1,712,-10.013525600320573,1000,0,0.05,0.12282815158233279,-10.8832189327896,0.56,616.72,0.11173852974912422
1,713,-7.0118955040310205,16,1,0.05,0.11435757219442166,-10.77814294553878,0.57,606.88,0.11171312946869738
1,714,-12.984580339652837,256,1,0.05,0.13559086929683417,-10.80798796947705,0.57,601.83,0.11193079203345586
1,715,-10.112477468502423,624,1,0.05,0.10942998291158382,-10.764276361483274,0.58,598.07,0.11189778371285966
1,716,-10.113385472243714,32,1,0.05,0.14287931807120913,-10.757673551070612,0.59,588.39,0.11225059468681808
1,717,-12.133253251795853,609,1,0.05,0.10934371808369847,-10.749379495211931,0.59,588.9,0.11223478411607538
1,718,-10.100178115832797,1000,0,0.05,0.11782836580925504,-10.750324110385474,0.59,588.9,0.11229377442491219
1,719,-13.119795446677431,54,1,0.05,0.11525853872148285,-10.781486873909287,0.6,579.44,0.11237760813931943
1,720,-10.022173759601573,50,1,0.05,0.14928419087198563,-10.778517953113399,0.61,569.94,0.11270486003078851
1,721,-13.693560842835206,1000,0,0.05,0.12707513317553093,-10.814095546455958,0.6,576.58,0.11296432353922299
1,722,-10.000038503019896,1000,0,0.05,0.12603004146565217,-10.813282872955462,0.6,576.58,0.11312078328706283
1,723,-0.43406199999999995,8,1,0.05,0.13905994947708678,-10.683771464167135,0.6,571.47,0.11360240745540576
1,724,-10.000573047388917,1000,0,0.05,0.11669021400189376,-10.658280037590025,0.6,571.47,0.11368808268713705
1,725,-10.008024012564832,1000,0,0.05,0.11889617643793463,-10.655307656904945,0.6,571.47,0.11388024427435633
1,726,-13.641662545099463,1000,0,0.05,0.11851988599385367,-10.67552399047604,0.59,580.78,0.11418051144246627
1,727,-13.64115951095848,1000,0,0.05,0.12169256851950194,-10.711330408140476,0.59,580.78,0.11437072172107964
1,728,-10.292628889565231,1000,0,0.05,0.11833846286599874,-10.661698596929456,0.58,585.07,0.11439872896758888
1,729,-14.002745849379851,335,1,0.05,0.10592783437963617,-10.647926986675374,0.58,587.15,0.11459379466379514
1,730,-10.000028344149081,1000,0,0.05,0.11849109652781044,-10.643921592048269,0.58,587.15,0.11476467417666561
1,731,-12.411057672450621,1000,0,0.05,0.1189122300123272,-10.664365395803072,0.57,596.83,0.114989303194535
1,732,-10.043284668501633,1000,0,0.05,0.1242623642833496,-10.810598242488089,0.56,606.79,0.11460482519005014
1,733,-10.900864975054276,1000,0,0.05,0.10845871201452974,-10.785864405507985,0.55,612.11,0.11459690904937085
1,734,-9.98181382516565,47,1,0.05,0.1376912468435005,-10.771881932953653,0.55,611.74,0.11498793957151437
1,735,-14.170023614930976,979,1,0.05,0.11071709871278558,-10.813419896463126,0.55,614.61,0.11501850298857176
1,736,0.6288200000000002,7,1,0.05,0.18898570031992026,-10.70612573687329,0.56,604.68,0.11583400322595111
1,737,-10.495961183069234,157,1,0.05,0.12382581877146973,-10.709199668402235,0.57,596.25,0.11601923628392656
1,738,-10.480479842965769,547,1,0.05,0.12008491727079552,-10.845224466831892,0.57,601.67,0.11545133054921647
1,739,-13.966914302725373,434,1,0.05,0.10977135969719942,-10.883012142576057,0.57,599.4,0.11548020581823938
1,740,-11.395537819301351,1000,0,0.05,0.11260883712150098,-10.895537640875462,0.56,602.42,0.11548473787115364
1,741,-13.328584882828867,1000,0,0.05,0.11601413636773941,-10.888823081817826,0.56,602.42,0.11559517051808829
1,742,-11.375223468175811,954,1,0.05,0.11590763539495264,-10.89714259216957,0.57,601.96,0.11558845690875552
1,743,-10.15627999415358,1000,0,0.05,0.11586224116609083,-10.898667130365263,0.56,610.68,0.11575248345992337
1,744,-11.253250046906013,1000,0,0.05,0.12087414199978229,-10.907001514380152,0.56,610.68,0.11589723029084635
1,745,-9.864231677829745,46,1,0.05,0.13330161925810186,-10.904886038946884,0.56,610.19,0.11603637876672193
1,746,-6.251590220000001,10,1,0.05,0.09086906319716945,-10.858713665945862,0.57,600.29,0.11585809786672256
1,747,-10.102176331978853,317,1,0.05,0.12087107253507329,-10.834089673896145,0.57,600.63,0.11596909928630086
1,748,-12.229118956354382,134,1,0.05,0.12391019944529875,-10.852679308029993,0.57,594.74,0.11614342707566357
1,749,-10.008957261816137,942,1,0.05,0.1253570567083895,-10.826502769856011,0.57,600.38,0.11622525079440298
1,750,-16.347691703221095,43,1,0.05,0.14429921637624935,-10.869221983634562,0.58,590.81,0.11652008032069812
1,751,-14.826975212298933,124,1,0.05,0.11879319471840825,-10.916386293541347,0.59,582.05,0.1167494143206084
1,752,-21.92765948350958,1000,0,0.05,0.13055944364912284,-11.022751892625335,0.58,588.55,0.1169370391991274
1,753,-9.87342124575642,22,1,0.05,0.18053743725811894,-11.019388059307987,0.58,580.5,0.1176727476997979
1,754,-13.1032381418215,621,1,0.05,0.13547343029871195,-11.000484554803174,0.59,576.71,0.11783385190162317
1,755,-2.2515902199999993,10,1,0.05,0.17196938837878406,-10.922977759952158,0.6,566.81,0.11849928946486445
1,756,-11.208783286696903,410,1,0.05,0.1430073422689286,-10.93337980909197,0.6,570.56,0.11840987696257871
1,757,-15.197160562381951,45,1,0.05,0.13939481760349332,-11.10344941471579,0.6,570.95,0.11864542965277758
1,758,-11.01872977038303,253,1,0.05,0.1302500977295933,-11.109432905591113,0.61,563.48,0.1188120798302574
1,759,-10.115526219846297,715,1,0.05,0.13420357269990435,-11.092107646987243,0.62,560.63,0.11905011488523963
1,760,-10.000018293246724,1000,0,0.05,0.1300277720684244,-11.068488228293159,0.61,561.31,0.1192954182908505
1,761,-11.872003385973834,502,1,0.05,0.13127534661380122,-11.040624552339802,0.62,556.33,0.11944272645981757
1,762,-12.101798445133726,860,1,0.05,0.12136267672095252,-11.059056804715986,0.63,554.93,0.11951885093999337
1,763,-11.119455959917445,525,1,0.05,0.12001971319018465,-11.121088680881739,0.63,560.04,0.11959404206473158
1,764,-3.0264311979999996,11,1,0.05,0.06322328429880807,-11.05124084126186,0.63,559.67,0.11852182803828785
1,765,-10.055474310191757,417,1,0.05,0.1386155347402344,-11.04510097101748,0.64,553.84,0.11882764803062196
1,766,-13.495232125574608,450,1,0.05,0.15143810962042253,-11.075174300358805,0.64,557.19,0.11954173212889127
1,767,-10.040673376158212,444,1,0.05,0.12809840656490787,-11.052936983724694,0.65,551.63,0.11970403214225205
1,768,-3.3500620000000003,8,1,0.05,0.11177247270825319,-10.975327758872504,0.65,544.41,0.11961607035543914
1,769,-10.000003391288153,251,1,0.05,0.12875357272467053,-10.930023441400758,0.65,546.67,0.12001039905143024
1,770,-12.141023770308966,1000,0,0.05,0.12416707223292905,-11.03752712110385,0.64,556.58,0.11977449405667957
1,771,-14.898814408050367,254,1,0.05,0.12524436142327225,-11.078278586786514,0.64,551.79,0.11988335494233623
1,772,-11.323468353898996,1000,0,0.05,0.12921607479598607,-11.0595267060602,0.64,551.79,0.12006787033681272
1,773,-11.116429890513334,64,1,0.05,0.10717990959892632,-11.079169236620379,0.64,552.12,0.12005751713981713
1,774,-12.025613735444683,187,1,0.05,0.12861173907400703,-11.099425196427514,0.64,549.83,0.12020709223141007
1,775,-10.789571328180063,426,1,0.05,0.12000298887094157,-11.081212361248278,0.65,544.09,0.12031304738306385
1,776,-10.393908500062649,497,1,0.05,0.12017437556097509,-11.057735385570117,0.65,546.92,0.12050537411348944
1,777,-12.698346268973847,1000,0,0.05,0.12460446097757086,-11.058422367986974,0.65,546.92,0.12064022245850073
1,778,-11.028481190822689,496,1,0.05,0.12196779214595622,-11.039473279879848,0.66,541.88,0.120723861276849
1,779,-12.453104764908765,1000,0,0.05,0.11204340305138612,-11.035056550851337,0.65,551.22,0.12065176684556005
1,780,-10.004067883551311,665,1,0.05,0.12351012313119188,-11.02991343014114,0.66,547.87,0.12077177327608984
1,781,-13.316852059770765,1000,0,0.05,0.12900869103692822,-11.029385056511877,0.66,547.87,0.12100580700947473
1,782,-9.929979210203854,40,1,0.05,0.12905396774003747,-11.028681798175691,0.67,538.27,0.12109662729186942
1,783,-12.44589624726536,96,1,0.05,0.11947655613766983,-11.05100823968354,0.68,529.23,0.12119808021326324
1,784,-14.393067535907353,1000,0,0.05,0.12224551735504065,-11.081990598994496,0.68,529.23,0.1213200647995735
1,785,-13.186570621165513,1000,0,0.05,0.1213571990938508,-11.071555545302814,0.68,529.23,0.12142438295186343
1,786,-10.006384125003406,1000,0,0.05,0.12636781309329673,-11.061430515405474,0.67,537.98,0.1215929071201479
1,787,-10.027354631225302,1000,0,0.05,0.11991102643293561,-11.028047974557794,0.66,543.27,0.12174568669439355
1,788,-12.643250975156406,223,1,0.05,0.11736419227891999,-11.055315395892942,0.66,544.97,0.12161164899472011
1,789,-14.964113880259605,1000,0,0.05,0.12054965742898639,-11.078019314523099,0.65,553.09,0.12171188218949638
1,790,-13.978048898429028,46,1,0.05,0.10598293963424943,-11.077849116167936,0.65,553.26,0.12175845762089348
1,791,-12.364853144668999,1000,0,0.05,0.12419556862424361,-11.106503958624614,0.64,562.9,0.1217167121571369
1,792,-11.590448031830253,1000,0,0.05,0.10843710151186678,-11.09820793855722,0.64,562.9,0.12172107701787661
1,793,-12.672140728183173,1000,0,0.05,0.11314214248486679,-11.06213069686935,0.63,572.58,0.1222084721623827
1,794,-11.414118777186987,1000,0,0.05,0.11626160236925352,-11.054611354893888,0.62,579.17,0.12229850259005673
1,795,-13.911642047490306,681,1,0.05,0.12243544688168298,-11.06977384893006,0.62,582.69,0.12221893370342679
1,796,-16.29935167272401,1000,0,0.05,0.11721125731285428,-11.134922418390161,0.61,592.25,0.12255796591097352
1,797,-11.029876652070891,868,1,0.05,0.11144720279626534,-11.139858765610164,0.61,600.61,0.12262973494246224
1,798,-10.234095534539158,1000,0,0.05,0.11201714741752948,-11.13540973205896,0.61,600.61,0.12262848991382456
1,799,-10.947985270298044,856,1,0.05,0.11067827357763695,-11.132337097381978,0.62,599.17,0.12257548238282805
1,800,-10.08025178273354,1000,0,0.05,0.11965562809004769,-11.122852335146753,0.61,602.16,0.12249474255774837
1,801,-10.074075636347464,1000,0,0.05,0.10948993043303198,-11.115011751837871,0.6,606.89,0.12243934842969616
1,802,-10.898351183337278,1000,0,0.05,0.11542074654018507,-11.121185905992842,0.59,612.77,0.12238822664524682
1,803,-13.271551033936003,1000,0,0.05,0.11206350498652319,-11.152333984414305,0.58,620.74,0.1225028563681858
1,804,-10.073046930786248,1000,0,0.05,0.11410842224105727,-11.136186294627352,0.58,620.74,0.12244831213417848
1,805,-12.228660125995614,1000,0,0.05,0.11458714816457359,-11.140210043621705,0.58,620.74,0.12246743986380845
1,806,8.0,2,1,0.05,0.002072199364192784,-10.956261001197554,0.58,614.94,0.12139639990754786
1,807,-11.620085101177873,1000,0,0.05,0.11695468119715224,-10.966289538793577,0.57,624.05,0.12157701244582125
1,808,-14.44699929096736,1000,0,0.05,0.10435255629909806,-11.010692570682012,0.56,627.05,0.12148123788863144
1,809,-10.00000756164783,1000,0,0.05,0.10707391798042226,-11.007249919473646,0.56,627.05,0.12134839151088803
1,810,-10.42509262851679,1000,0,0.05,0.10792139744138694,-10.9939166537988,0.55,632.7,0.12121393504225358
1,811,-11.395731191785826,1000,0,0.05,0.10154037620156305,-11.007869201845535,0.54,636.7,0.12107988464750147
1,812,-10.0067620633868,1000,0,0.05,0.11248473550581548,-11.007801566476196,0.54,636.7,0.12097645048673628
1,813,-12.311870843678951,34,1,0.05,0.13919766794766902,-11.060801319872676,0.54,636.88,0.12122485144426877
1,814,-1.3906557999999993,9,1,0.05,0.07995041040703654,-10.94486207447615,0.54,634.41,0.12066844685537077
1,815,-10.486020506203651,149,1,0.05,0.11494199674179614,-10.94859750485316,0.54,629.66,0.12072356699367293
1,816,-10.700276817639661,1000,0,0.05,0.1085659174946195,-10.95446641830712,0.53,639.34,0.120380432987907
1,817,-13.484844344420958,1000,0,0.05,0.1118256792697357,-10.967982329233372,0.52,643.25,0.12040525259976738
1,818,-11.139753711420752,1000,0,0.05,0.11393530030871625,-10.978378085189252,0.52,643.25,0.12036632194476198
1,819,-15.486355045505245,1000,0,0.05,0.11097853428985399,-11.002043681177529,0.51,652.71,0.12032352190044569
1,820,-10.212737590929882,1000,0,0.05,0.11358824086847016,-11.003949319490811,0.5,662.21,0.11996656240041054
1,821,-10.222665538235088,1000,0,0.05,0.11648868753158603,-10.969240366444813,0.5,662.21,0.1198606979439711
1,822,-13.737050744859511,1000,0,0.05,0.11055592665779114,-11.006610488863208,0.5,662.21,0.11970595679589248
1,823,-6.998107294060016,19,1,0.05,0.13718061455170086,-11.072250941803807,0.5,662.32,0.11968716344663863
1,824,-11.398543627082892,1000,0,0.05,0.10509984867181629,-11.086230647600749,0.5,662.32,0.11957125979333785
1,825,-11.773342096787013,1000,0,0.05,0.10716933558700839,-11.103883828442969,0.5,662.32,0.1194539913848286
1,826,-12.917617829985298,424,1,0.05,0.10108361512168315,-11.09664338129183,0.51,656.56,0.11927962867610686
1,827,-10.037894995727257,464,1,0.05,0.10629161184831525,-11.060610736139518,0.52,651.2,0.119125619109395
1,828,-7.298296564654016,20,1,0.05,0.04489364359906176,-11.030667412890407,0.53,641.4,0.11839117091672563
1,829,-12.922426668921718,101,1,0.05,0.09750874543223659,-11.019864221085822,0.53,639.06,0.11830698002725164
1,830,-11.433065360651966,1000,0,0.05,0.1061287030412932,-11.03419459125085,0.53,639.06,0.11818335609238646
1,831,-11.741748924088656,370,1,0.05,0.10887329444915333,-11.027501503767228,0.54,632.76,0.11808296673675472
1,832,-10.979962419425071,36,1,0.05,0.1536374260346444,-11.036868281276464,0.55,623.12,0.11837671735426766
1,833,-15.558906932963291,1000,0,0.05,0.11153845244599506,-11.083448700855554,0.55,623.12,0.11840751475858231
1,834,-13.191476675832213,32,1,0.05,0.06760563084026217,-11.115545329362218,0.55,622.97,0.11770665859854995
1,835,-10.61178965382804,594,1,0.05,0.11050158386519598,-11.079962989751193,0.55,619.12,0.11770450345007405
1,836,-10.123103560864957,910,1,0.05,0.09804718426728089,-11.187482225359846,0.55,628.15,0.11679511828954765
1,837,-13.076498419655112,1000,0,0.05,0.10334348971993314,-11.213287597725703,0.54,636.58,0.1165902949990323
1,838,-12.461290147302961,1000,0,0.05,0.10373084114081575,-11.233095700769072,0.53,641.11,0.1164267542377325
1,839,-11.1407052724664,1000,0,0.05,0.09807751568307867,-11.204833610466483,0.52,646.77,0.1163098157975913
1,840,-14.12444538114606,1000,0,0.05,0.10593560203432571,-11.232122686084928,0.52,646.77,0.11624308344671955
1,841,-6.797249056305461,16,1,0.05,0.05802201469668944,-11.166809327819694,0.53,636.93,0.11566316223000904
1,842,-11.722428612278097,1000,0,0.05,0.10525895874522394,-11.170281379260716,0.52,637.39,0.11555667546351175
1,843,-16.874707074139263,1000,0,0.05,0.10790135014608677,-11.237465650060571,0.52,637.39,0.11547706655331172
1,844,-12.949743027077826,627,1,0.05,0.10701240997743293,-11.254430579862293,0.53,633.66,0.11533844923308824
1,845,-6.045986489266,14,1,0.05,0.14086035755462945,-11.216248127976655,0.53,633.34,0.11541403661605348
1,846,-9.323311878301475,28,1,0.05,0.08851886208451885,-11.24696534455967,0.53,633.52,0.11539053460492697
1,847,-12.021680952082587,364,1,0.05,0.10024232132551274,-11.266160390760708,0.53,633.99,0.11518424709283138
1,848,-0.43406199999999995,8,1,0.05,0.08264053475795663,-11.148209821197163,0.53,632.73,0.11477155044595795
1,849,-13.174754081549182,656,1,0.05,0.10183218277506967,-11.179867789394496,0.53,629.87,0.11453630170662477
1,850,-10.032134183046887,169,1,0.05,0.09681908702188496,-11.116712214192752,0.53,631.13,0.11406150041308112
1,851,-13.601089016858626,963,1,0.05,0.10387359056659265,-11.104453352238352,0.53,639.52,0.11391230437156297
1,852,-12.406179700627899,922,1,0.05,0.10910765140113717,-11.009238554409535,0.54,638.74,0.11369778644908311
1,853,-12.627915461660303,679,1,0.05,0.10140475156046286,-11.036783496568571,0.54,645.31,0.11290645959210656
1,854,-10.654858195632782,23,1,0.05,0.07853764995082241,-11.012299697106682,0.54,639.33,0.11233710178862764
1,855,-10.41698498955881,1000,0,0.05,0.11247066894167801,-11.093953644802273,0.53,649.23,0.11174211459425658
1,856,-10.48723614497361,541,1,0.05,0.10899216407486505,-11.08673817338504,0.53,650.54,0.11140196281231596
1,857,-10.354517608675932,1000,0,0.05,0.10206615376233821,-11.038311743847977,0.52,660.09,0.11102867617390441
1,858,-10.568715236571764,1000,0,0.05,0.10967194895393914,-11.033811598509867,0.51,667.56,0.11082289468614785
1,859,-12.293548333551708,1000,0,0.05,0.10482530070030043,-11.055591819646917,0.5,670.41,0.11052911196615181
1,860,-11.550794342892628,599,1,0.05,0.10724203689507783,-11.071099580143377,0.51,666.4,0.11030125461441838
1,861,-13.59255922738413,139,1,0.05,0.1062355449709207,-11.08830513855748,0.51,662.77,0.11005085659798956
1,862,-10.000443820116537,1000,0,0.05,0.1136474653778423,-11.06729159230731,0.5,664.17,0.10997370448455845
1,863,-10.003006674018486,1000,0,0.05,0.1111549770272104,-11.056127099448322,0.49,668.92,0.1098850571229287
1,864,-10.004948271637936,670,1,0.05,0.10341920168877496,-11.125912270184699,0.49,675.51,0.11028701629682837
1,865,-14.173592862984872,44,1,0.05,0.12324201471479186,-11.16709345571263,0.49,671.78,0.11013328109657394
1,866,-11.553204862982605,1000,0,0.05,0.10642134316221927,-11.147673183086711,0.48,677.28,0.10968311343199194
1,867,-10.448561281631092,1000,0,0.05,0.10109857775087584,-11.151752062141439,0.47,682.84,0.1094131151438516
1,868,-10.003387201159489,357,1,0.05,0.09855699957464495,-11.218285314153034,0.47,686.33,0.10928096041251552
1,869,-12.916019789330774,1000,0,0.05,0.10005937998599257,-11.247445478133459,0.46,693.82,0.10899401848512874
1,870,-10.405570284819273,1000,0,0.05,0.10642027971192147,-11.230090943278562,0.46,693.82,0.10881655055991865
1,871,-10.000000724687318,1000,0,0.05,0.09775248107610969,-11.181102806444933,0.45,701.28,0.10854163175644704
1,872,-11.751262756340445,1000,0,0.05,0.1063742201885907,-11.185380750469346,0.45,701.28,0.1083132132103731
1,873,-15.48882269084313,453,1,0.05,0.10351033011198488,-11.229104678472646,0.45,705.17,0.10827651741550369
1,874,-10.05766212511557,225,1,0.05,0.11357293534713486,-11.209425162369353,0.45,705.55,0.10812612937823494
1,875,-16.012925860550755,30,1,0.05,0.15594520604160303,-11.261658707693062,0.45,701.59,0.10848555154994158
1,876,-13.010131914161647,1000,0,0.05,0.09690802517996053,-11.287820941834049,0.44,706.62,0.10825288804613141
1,877,-10.008553327638403,396,1,0.05,0.09497485702814454,-11.260923012420694,0.45,700.58,0.10795659200663715
1,878,-9.704382341171307,41,1,0.05,0.10743846834733764,-11.247682023924183,0.45,696.03,0.10781129876865096
1,879,-10.061421728811638,1000,0,0.05,0.11016824792328407,-11.223765193563214,0.45,696.03,0.10779254721736996
1,880,-11.239660584357724,363,1,0.05,0.12234552418566168,-11.236121120571276,0.45,693.01,0.10778090122791464
1,881,-10.011712726246738,453,1,0.05,0.10417484943886035,-11.203069727236038,0.46,687.54,0.10753256281193398
1,882,-10.005196323610907,1000,0,0.05,0.10819826778722927,-11.203821898370109,0.45,697.14,0.10732400581240588
1,883,-13.54757570249773,1000,0,0.05,0.10402963986375835,-11.214838692922433,0.44,706.18,0.10716953664966677
1,884,-9.907232046268236,52,1,0.05,0.09858498457134164,-11.16998033802604,0.45,696.7,0.1069329313218298
1,885,-10.03502858706569,1000,0,0.05,0.10278102354009752,-11.138464917685042,0.45,696.7,0.10674716956629225
1,886,-14.651732040547227,1000,0,0.05,0.10100662455469137,-11.184918396840478,0.45,696.7,0.10649355768090621
1,887,-15.274758954374853,1000,0,0.05,0.10035614217023249,-11.237392440071973,0.45,696.7,0.10629800883827917
1,888,-12.564204024616302,26,1,0.05,0.13685951893477558,-11.236601970566575,0.45,694.73,0.10649296210483772
1,889,-10.071850894781546,1000,0,0.05,0.09678223869396606,-11.187679340711796,0.45,694.73,0.10625528791748749
1,890,-10.915454988657656,1000,0,0.05,0.11062377044177264,-11.157053401614082,0.44,704.27,0.10630169622556274
1,891,-10.200236805326517,1000,0,0.05,0.10626492892505485,-11.135407238220658,0.44,704.27,0.10612238982857086
1,892,-12.224077754336832,1000,0,0.05,0.1127923008496582,-11.141743535445723,0.44,704.27,0.10616594182194879
1,893,-9.93710289650466,44,1,0.05,0.09149176880733152,-11.114393157128937,0.45,694.71,0.10594943808517344
1,894,-12.362545696810985,1000,0,0.05,0.10169563518649374,-11.123877426325175,0.45,694.71,0.10580377841334584
1,895,-17.88844680154165,62,1,0.05,0.11865724755109348,-11.163645473865689,0.45,688.52,0.10576599642003993
1,896,-11.87757750369692,405,1,0.05,0.10060613666033016,-11.11942773217542,0.46,682.57,0.10559994521351468
1,897,-10.1476805023736,409,1,0.05,0.11912590763597092,-11.110605770678443,0.46,677.98,0.10567673226191174
1,898,-10.601178944552217,973,1,0.05,0.10537596819209538,-11.114276604778576,0.47,677.71,0.1056103204696574
1,899,-10.339255880456431,1000,0,0.05,0.11864142741828983,-11.108189310880158,0.46,679.15,0.10568995200806393
1,900,-10.066466369883916,1000,0,0.05,0.10079171298682922,-11.108051456751662,0.46,679.15,0.10550131285703175
1,901,-10.001064320972787,545,1,0.05,0.10851557693458076,-11.107321343597917,0.47,674.6,0.10549156932204724
1,902,-10.193867973008034,69,1,0.05,0.09150717092721818,-11.100276511494624,0.48,665.29,0.10525243356591758
1,903,-13.966313792951098,38,1,0.05,0.06560595302787413,-11.107224139084774,0.49,655.67,0.1047878580463311
1,904,-10.00883877182691,1000,0,0.05,0.10572643326729303,-11.106582057495181,0.49,655.67,0.10470403815659346
1,905,-9.41249178533685,30,1,0.05,0.09814057594242816,-11.078420374088594,0.5,645.97,0.10453957243437201
1,906,-10.231719020339202,28,1,0.05,0.08233182653098733,-11.260737564291984,0.5,646.23,0.10534216870603995
1,907,-4.35140927038,13,1,0.05,0.08456449655260748,-11.188050805984005,0.51,636.36,0.10501826685959449
1,908,-11.717973403885539,74,1,0.05,0.14855579489282006,-11.160760547113187,0.52,627.1,0.10546029924553171
1,909,-10.073940600552339,1000,0,0.05,0.10583832083090965,-11.16149987750223,0.52,627.1,0.10544794327403657
1,910,-12.580338017254373,1000,0,0.05,0.10163541960853036,-11.18305233138961,0.52,627.1,0.105385083495708
1,911,-11.203029875360697,1000,0,0.05,0.09827272433461622,-11.181125318225357,0.52,627.1,0.10535240697703854
1,912,-12.174188331700597,1000,0,0.05,0.10836010924199946,-11.202799580908495,0.52,627.1,0.10531116071440039
1,913,-10.028170236040637,1000,0,0.05,0.11454356528370409,-11.179962574832116,0.51,636.76,0.10506461968776075
1,914,-10.646765502779367,1000,0,0.05,0.11597288891195785,-11.272523671859906,0.5,646.67,0.10542484447280995
1,915,-10.843619479458493,1000,0,0.05,0.11120272023617872,-11.276099661592454,0.49,655.18,0.10538745170775377
1,916,-10.039444699014123,112,1,0.05,0.0894603183005529,-11.269491340406203,0.5,646.3,0.10519639571581309
1,917,-10.315309926632214,21,1,0.05,0.1068372561019801,-11.237795996228312,0.51,636.51,0.10514651148413552
1,918,-9.05797426055075,30,1,0.05,0.11326534715481103,-11.216978201719613,0.52,626.81,0.1051398119525965
1,919,-10.063296152957244,430,1,0.05,0.11367839644933769,-11.162747612794135,0.53,621.11,0.1051668105741913
1,920,-12.489581551092382,1000,0,0.05,0.10166797364148078,-11.185516052395759,0.53,621.11,0.10504760790192141
1,921,-10.00007005258085,548,1,0.05,0.10761662113190719,-11.183290097539215,0.54,616.59,0.10495888723792463
1,922,-10.007263972925687,1000,0,0.05,0.11296496806584765,-11.145992229819878,0.54,616.59,0.1049829776520052
1,923,-10.000305261445908,855,1,0.05,0.1069991788335777,-11.176014209493736,0.54,624.95,0.10468116329482396
1,924,-12.431212798518375,1000,0,0.05,0.10962628263062651,-11.18634090120809,0.54,624.95,0.10472642763441209
1,925,-10.322842904637032,1000,0,0.05,0.09528493460618484,-11.171835909286592,0.54,624.95,0.10460758362460386
1,926,-7.568466908188614,21,1,0.05,0.09621042397061717,-11.118344400068624,0.54,620.92,0.1045588517130932
1,927,-10.22309748577709,1000,0,0.05,0.10017778051792993,-11.120196424969125,0.53,626.28,0.10449771339978936
1,928,-10.0284158837551,1000,0,0.05,0.10759884939112817,-11.147497618160134,0.52,636.08,0.10512476545771002
1,929,-18.566781662768175,1000,0,0.05,0.10228793102240888,-11.203941168098597,0.51,645.07,0.1051725573136117
1,930,-10.059770533361752,454,1,0.05,0.12141035487226597,-11.190208219825696,0.52,639.61,0.10532537383192142
1,931,-16.675429740620533,304,1,0.05,0.0992447682664964,-11.239545027991012,0.52,638.95,0.10522908857009487
1,932,-10.009931016491308,1000,0,0.05,0.10792253305093619,-11.229844713961675,0.51,648.59,0.1047719396402578
1,933,-10.286596738025638,1000,0,0.05,0.10515316770001663,-11.177121612012296,0.51,648.59,0.10470808679279803
1,934,-10.343189576942951,24,1,0.05,0.04517973228697277,-11.148638741023408,0.51,648.51,0.10448382780726513
1,935,-3.0264311979999996,11,1,0.05,0.08144299525090239,-11.072785156465127,0.51,642.68,0.10419324192112221
1,936,-10.32026753230688,1000,0,0.05,0.1093821812535316,-11.074756796179544,0.5,643.58,0.1043065918909847
1,937,-10.631344185790047,1000,0,0.05,0.09755807072125026,-11.050305253840895,0.5,643.58,0.10424873770099788
1,938,-9.381936912347348,34,1,0.05,0.14515126631287037,-11.01951172149134,0.51,633.92,0.10466294195271841
1,939,-11.131662321712554,1000,0,0.05,0.11689407135463262,-11.019421291983802,0.51,633.92,0.10485110750943395
1,940,-11.991429999056727,663,1,0.05,0.10574854692345173,-10.99809113816291,0.52,630.55,0.10484923695832521
1,941,-10.13287039225057,55,1,0.05,0.12371683669361201,-11.031447351522361,0.52,630.94,0.10550618517829444
1,942,-10.209425991210267,1000,0,0.05,0.09757532161539711,-11.016317325311682,0.52,630.94,0.10542934880699617
1,943,-13.269493658960332,1000,0,0.05,0.10180233991843124,-10.980265191159893,0.52,630.94,0.10536835870471961
1,944,-12.627798028986023,1000,0,0.05,0.10535146553431696,-10.977045741178975,0.51,634.67,0.10535174926028844
1,945,-10.160562778828593,45,1,0.05,0.10219837909874817,-11.0181915040746,0.51,634.98,0.10496512947572963
1,946,-12.686805240818991,774,1,0.05,0.1079383536932093,-11.051826437699773,0.51,642.44,0.10515932439181652
1,947,-15.452759036532694,1000,0,0.05,0.11021318110259017,-11.086137218544275,0.5,648.8,0.10525903298958733
1,948,-2.611180000000001,7,1,0.05,0.20840144623070955,-11.107908398544275,0.5,648.79,0.10651664210431486
1,949,-12.116249871155107,1000,0,0.05,0.10751272800483275,-11.097323356440336,0.49,652.23,0.1065734475566125
1,950,-10.000815511413913,1000,0,0.05,0.1116143213516334,-11.097010169724006,0.48,660.54,0.10672139989990996
1,951,-10.815427378051174,1000,0,0.05,0.10481556143188209,-11.069153553335934,0.47,660.91,0.10673081960856287
1,952,-16.499227991046112,32,1,0.05,0.07203405462769297,-11.110084036240114,0.47,652.01,0.10636008364082843
1,953,-10.000974073181988,1000,0,0.05,0.1103044569328049,-11.083814622355332,0.46,655.22,0.10644908069455183
1,954,-14.543941396675864,1000,0,0.05,0.10137090901561896,-11.122705454365763,0.45,664.99,0.1066774132851998
1,955,-12.280862845975163,1000,0,0.05,0.10555928904855683,-11.141344232929926,0.45,664.99,0.1066082994862686
1,956,-10.354517531344424,1000,0,0.05,0.10827927989937598,-11.140017046793632,0.44,669.58,0.10660117064451372
1,957,-10.210545664763321,1000,0,0.05,0.10483608058441314,-11.138577327354506,0.44,669.58,0.10662886991273446
1,958,-11.480937946143573,1000,0,0.05,0.1070127447611012,-11.147699554450224,0.44,669.58,0.10660227787080608
1,959,-9.671535934634786,40,1,0.05,0.1287484368076548,-11.121479430461054,0.45,659.98,0.1068415092318796
1,960,-10.646378677196148,1000,0,0.05,0.10106522190323448,-11.11243527380409,0.44,663.99,0.10677974108196117
1,961,-14.020758151168604,1000,0,0.05,0.09898268117285625,-11.116717263041933,0.43,672.6,0.10670721244398053
1,962,-10.084466726500775,1000,0,0.05,0.10673508541171031,-11.117557492105778,0.43,672.6,0.10663808864431919
1,963,-12.452258740198078,1000,0,0.05,0.10347773386578774,-11.142050012767573,0.43,672.6,0.10656131621270497
1,964,-12.002607945777038,1000,0,0.05,0.09681122080783826,-11.162026609508963,0.42,675.9,0.10649523640389562
1,965,-10.021079666344484,1000,0,0.05,0.10531150255023386,-11.12050147754256,0.41,685.46,0.10631593128225003
1,966,-10.000615228754825,1000,0,0.05,0.10923566721798852,-11.104975581200284,0.41,685.46,0.10634407452280774
1,967,-10.441529148439107,1000,0,0.05,0.10325553037734062,-11.104905259868366,0.41,685.46,0.1063656440490724
1,968,-10.000127875507383,1000,0,0.05,0.10529393139877356,-11.104872666611843,0.4,691.89,0.10643301336731367
1,969,-10.770109880463052,1000,0,0.05,0.10680677115666913,-11.083413567523165,0.4,691.89,0.10650048727902042
1,970,-10.152755952593392,607,1,0.05,0.10684572882783738,-11.080885424200904,0.41,687.96,0.10650474177017959
1,971,-10.112253170986838,1000,0,0.05,0.09372806380013936,-11.0820079486639,0.41,687.96,0.10646449759741987
1,972,-10.123683574925568,1000,0,0.05,0.09766275349141507,-11.065732156849752,0.41,687.96,0.10637738293044813
1,973,-10.034979312445968,1000,0,0.05,0.10779236345883692,-11.01119372306578,0.4,693.43,0.10642020326391663
1,974,-10.21076663625055,1000,0,0.05,0.10213919252576306,-11.012724768177131,0.39,701.18,0.10630586583570292
1,975,-16.16028752800341,1000,0,0.05,0.11098718229235965,-11.014198384851657,0.38,710.88,0.1058562855982105
1,976,-13.523200353545572,1000,0,0.05,0.0936560003341292,-11.019329069245495,0.38,710.88,0.10582376534975219
1,977,-10.028447724015777,122,1,0.05,0.11477079155919769,-11.019528013209268,0.38,708.14,0.10602172469506271
1,978,-10.235107548198881,1000,0,0.05,0.10818636204788346,-11.024835265279544,0.37,717.73,0.10602920363206815
1,979,-10.020721765129409,1000,0,0.05,0.10095958031486953,-11.024428265642719,0.37,717.73,0.105937116955984
1,980,-10.551764630437411,1000,0,0.05,0.10301958172136802,-11.017549306103517,0.36,724.1,0.10574385753134105
1,981,-10.313987012488035,1000,0,0.05,0.10004345678302343,-11.020572048965933,0.35,729.57,0.10570254360478272
1,982,-14.762879583129974,633,1,0.05,0.10934737515795331,-11.068148881561122,0.36,725.9,0.10571403467848997
1,983,-15.083641578296325,17,1,0.05,0.06580093085615184,-11.083509540319108,0.37,716.07,0.1053317475884139
1,984,-5.424641509007799,15,1,0.05,0.11679473218197624,-11.038683634946503,0.37,715.7,0.10551384506452026
1,985,-12.67199010069448,1000,0,0.05,0.10511086377597531,-11.065053250082793,0.37,715.7,0.10553714346687902
1,986,-13.635312342647376,1000,0,0.05,0.09595369086293795,-11.054889053103796,0.37,715.7,0.10548661412996148
1,987,-12.108057821479692,1000,0,0.05,0.1013542021579051,-11.023222041774844,0.37,715.7,0.10549659472983819
1,988,-10.22523781690674,1000,0,0.05,0.10471215546515304,-10.999832379697748,0.36,725.44,0.10517512109514199
1,989,-10.547051168894612,1000,0,0.05,0.09765687372814864,-11.004584382438876,0.36,725.44,0.1051838674454838
1,990,-10.007219344324172,1000,0,0.05,0.10065523891645717,-10.99550202599554,0.36,725.44,0.10508418213023064
1,991,-13.167749965452897,1000,0,0.05,0.09882760529090592,-11.025177157596804,0.36,725.44,0.10500980889388915
1,992,-10.933995484905967,97,1,0.05,0.11530549736416265,-11.012276334902497,0.37,716.41,0.10503494085903421
1,993,-10.442367784739096,1000,0,0.05,0.10367021824029507,-11.017328983784843,0.36,725.97,0.10515672535336383
1,994,-10.209341943772063,1000,0,0.05,0.09908984097381472,-10.995796946254455,0.36,725.97,0.10513066741123706
1,995,-16.08010755732116,1000,0,0.05,0.10467304181469081,-10.977713553812247,0.35,735.35,0.104990825353873
1,996,-10.410320714755063,1000,0,0.05,0.10640822603862034,-10.96304098592283,0.34,741.3,0.10504884624765591
1,997,-10.679361153801235,1000,0,0.05,0.1009024453786551,-10.968357792437105,0.33,747.21,0.10486661162508275
1,998,-13.241915633451711,144,1,0.05,0.09531950131430575,-10.9947651593261,0.33,738.92,0.10476604695630488
1,999,-13.195550086528456,1000,0,0.05,0.10481129147851607,-11.023328101386824,0.33,738.92,0.10462774559690713
1,1000,-15.859241494390847,1000,0,0.05,0.09801825075983651,-11.081255852631891,0.33,738.92,0.10460001097463718
